order_id,status,placement_time,ready_time,pickup_time,delivery_time,click_to_door,ready_to_pickup,courier_id,bundle_size,routing_source
0,delivered,2025-07-03 08:00:52,2025-07-03 08:10:43.787669,2025-07-03 08:11:07.000000,2025-07-03 08:13:29.700,12.628333333333334,0.38687218333333334,5,1,osrm
1,delivered,2025-07-03 08:01:02,2025-07-03 08:10:21.169219,2025-07-03 08:10:58.600000,2025-07-03 08:14:39.600,13.626666666666667,0.6238463500000001,2,1,osrm
2,delivered,2025-07-03 08:01:14,2025-07-03 08:11:02.810062,2025-07-03 08:16:55.900000,2025-07-03 08:19:05.600,17.86,5.8848323,13,1,osrm
3,delivered,2025-07-03 08:01:20,2025-07-03 08:12:13.218465,2025-07-03 08:15:43.000000,2025-07-03 08:18:05.600,16.76,3.4963589166666664,12,1,osrm
4,delivered,2025-07-03 08:02:19,2025-07-03 08:19:13.539076,2025-07-03 08:29:09.100000,2025-07-03 08:33:59.900,31.68166666666667,9.9260154,26,3,osrm
5,delivered,2025-07-03 08:03:58,2025-07-03 08:18:37.905290,2025-07-03 08:19:40.200000,2025-07-03 08:23:06.200,19.136666666666667,1.0382451666666668,28,1,osrm
6,delivered,2025-07-03 08:03:03,2025-07-03 08:19:26.151032,2025-07-03 08:21:55.900000,2025-07-03 08:24:01.900,20.98166666666667,2.4958161333333333,29,1,osrm
7,delivered,2025-07-03 08:04:40,2025-07-03 08:18:40.243824,2025-07-03 08:33:43.600000,2025-07-03 08:38:39.400,33.99,15.055936266666667,20,2,osrm
8,delivered,2025-07-03 08:04:12,2025-07-03 08:18:53.801032,2025-07-03 08:45:36.469475,2025-07-03 08:45:26.000,41.233333333333334,26.711140716666666,6,3,osrm
9,delivered,2025-07-03 08:06:11,2025-07-03 08:22:05.668432,2025-07-03 08:25:29.500000,2025-07-03 08:28:02.700,21.861666666666668,3.3971928,39,1,osrm
10,delivered,2025-07-03 08:07:22,2025-07-03 08:16:39.432885,2025-07-03 08:42:21.437245,2025-07-03 08:40:29.800,33.13,25.700072666666664,19,3,osrm
11,delivered,2025-07-03 08:07:31,2025-07-03 08:13:58.290703,2025-07-03 08:15:58.600000,2025-07-03 08:18:19.900,10.815,2.00515495,11,1,osrm
12,delivered,2025-07-03 08:07:58,2025-07-03 08:19:13.631967,2025-07-03 08:20:22.300000,2025-07-03 08:23:18.500,15.341666666666667,1.1444672166666665,10,1,osrm
13,delivered,2025-07-03 08:08:33,2025-07-03 08:21:15.634952,2025-07-03 08:41:02.651553,2025-07-03 08:50:26.700,41.894999999999996,19.783610016666668,16,3,osrm
14,delivered,2025-07-03 08:10:44,2025-07-03 08:22:32.687908,2025-07-03 08:42:58.962465,2025-07-03 08:49:34.900,38.848333333333336,20.437909283333333,24,3,osrm
15,delivered,2025-07-03 08:10:17,2025-07-03 08:21:13.778559,2025-07-03 08:38:47.500000,2025-07-03 08:48:18.300,38.02166666666667,17.562024016666665,18,3,osrm
16,delivered,2025-07-03 08:10:41,2025-07-03 08:17:50.186011,2025-07-03 08:40:25.223226,2025-07-03 08:44:16.300,33.58833333333333,22.583953583333333,37,4,osrm
17,delivered,2025-07-03 08:10:23,2025-07-03 08:26:04.502339,2025-07-03 08:45:28.214402,2025-07-03 08:53:10.000,42.78333333333333,19.39520105,14,3,osrm
18,delivered,2025-07-03 08:11:06,2025-07-03 08:24:07.028495,2025-07-03 08:29:09.100000,2025-07-03 08:33:59.900,22.898333333333333,5.0345250833333335,26,3,osrm
19,delivered,2025-07-03 08:11:54,2025-07-03 08:20:54.003797,2025-07-03 08:42:47.682195,2025-07-03 08:46:16.800,34.38,21.894639966666666,39,4,osrm
20,delivered,2025-07-03 08:11:59,2025-07-03 08:24:41.264474,2025-07-03 08:43:25.769824,2025-07-03 08:47:15.100,35.26833333333333,18.741755833333333,34,4,osrm
21,delivered,2025-07-03 08:12:44,2025-07-03 08:24:13.142012,2025-07-03 08:49:30.894661,2025-07-03 08:55:59.900,43.265,25.295877483333335,30,4,osrm
22,delivered,2025-07-03 08:13:11,2025-07-03 08:24:42.610251,2025-07-03 08:38:47.500000,2025-07-03 08:49:04.700,35.894999999999996,14.081495816666667,22,3,osrm
23,delivered,2025-07-03 08:13:30,2025-07-03 08:26:40.738815,2025-07-03 08:29:09.100000,2025-07-03 08:33:59.900,20.498333333333335,2.472686416666667,26,3,osrm
24,delivered,2025-07-03 08:13:11,2025-07-03 08:27:57.197058,2025-07-03 08:46:48.019134,2025-07-03 08:57:17.000,44.1,18.847034599999997,38,4,osrm
25,delivered,2025-07-03 08:13:50,2025-07-03 08:24:43.816973,2025-07-03 08:46:51.976434,2025-07-03 08:49:54.200,36.07,22.135991016666665,9,4,osrm
26,delivered,2025-07-03 08:14:14,2025-07-03 08:31:39.186501,2025-07-03 08:33:43.600000,2025-07-03 08:38:39.400,24.423333333333336,2.073558316666667,20,2,osrm
27,delivered,2025-07-03 08:15:55,2025-07-03 08:29:11.115535,2025-07-03 08:36:06.500000,2025-07-03 08:40:06.100,24.185,6.923074416666666,21,4,osrm
28,delivered,2025-07-03 08:15:46,2025-07-03 08:29:02.567551,2025-07-03 08:40:25.223226,2025-07-03 08:44:16.300,28.505,11.377594583333332,37,4,osrm
29,delivered,2025-07-03 08:16:08,2025-07-03 08:23:23.092729,2025-07-03 08:36:06.500000,2025-07-03 08:40:06.100,23.96833333333333,12.723454516666667,21,4,osrm
30,delivered,2025-07-03 08:16:10,2025-07-03 08:34:12.241958,2025-07-03 08:42:58.962465,2025-07-03 08:49:34.900,33.415,8.778675116666667,24,3,osrm
31,delivered,2025-07-03 08:17:30,2025-07-03 08:32:47.273998,2025-07-03 08:42:21.437245,2025-07-03 08:40:29.800,22.996666666666666,9.569387449999999,19,3,osrm
32,delivered,2025-07-03 08:17:56,2025-07-03 08:24:06.064909,2025-07-03 08:40:12.299684,2025-07-03 08:44:00.500,26.075,16.103912916666665,32,3,osrm
33,delivered,2025-07-03 08:17:01,2025-07-03 08:25:59.242424,2025-07-03 08:41:02.651553,2025-07-03 08:50:26.700,33.428333333333335,15.056818816666667,16,3,osrm
34,delivered,2025-07-03 08:17:32,2025-07-03 08:31:14.253581,2025-07-03 08:46:48.019134,2025-07-03 08:57:17.000,39.75,15.562759216666667,38,4,osrm
35,delivered,2025-07-03 08:17:59,2025-07-03 08:29:45.849566,2025-07-03 08:44:03.300000,2025-07-03 08:54:30.700,36.52833333333333,14.290840566666667,17,2,osrm
36,delivered,2025-07-03 08:18:19,2025-07-03 08:26:25.149925,2025-07-03 08:54:27.682865,2025-07-03 08:53:02.200,34.72,28.042215666666667,28,4,osrm
37,delivered,2025-07-03 08:18:21,2025-07-03 08:32:37.818423,2025-07-03 08:49:23.800000,2025-07-03 08:56:36.300,38.255,16.766359616666666,27,2,osrm
38,delivered,2025-07-03 08:18:29,2025-07-03 08:32:30.312812,2025-07-03 08:51:46.001833,2025-07-03 08:56:50.700,38.361666666666665,19.26148368333333,26,4,osrm
39,delivered,2025-07-03 08:19:54,2025-07-03 08:30:30.329130,2025-07-03 08:46:51.976434,2025-07-03 08:49:54.200,30.003333333333334,16.3607884,9,4,osrm
40,delivered,2025-07-03 08:19:13,2025-07-03 08:33:15.677570,2025-07-03 08:38:47.500000,2025-07-03 08:49:04.700,29.861666666666668,5.530373833333333,22,3,osrm
41,delivered,2025-07-03 08:19:17,2025-07-03 08:34:22.148973,2025-07-03 08:54:20.400000,2025-07-03 09:03:33.500,44.275,19.97085045,12,3,osrm
42,delivered,2025-07-03 08:19:40,2025-07-03 08:30:50.742687,2025-07-03 08:51:46.001833,2025-07-03 08:56:50.700,37.17833333333333,20.920985766666668,26,4,osrm
43,delivered,2025-07-03 08:20:39,2025-07-03 08:35:33.440162,2025-07-03 08:38:47.500000,2025-07-03 08:48:18.300,27.654999999999998,3.2343306333333337,18,3,osrm
44,delivered,2025-07-03 08:20:29,2025-07-03 08:34:51.921388,2025-07-03 08:49:30.894661,2025-07-03 08:55:59.900,35.515,14.64955455,30,4,osrm
45,delivered,2025-07-03 08:21:10,2025-07-03 08:35:00.929404,2025-07-03 08:43:25.769824,2025-07-03 08:47:15.100,26.084999999999997,8.414007,34,4,osrm
46,delivered,2025-07-03 08:21:03,2025-07-03 08:27:27.932618,2025-07-03 08:51:51.526201,2025-07-03 08:56:29.300,35.43833333333334,24.393226383333335,15,3,osrm
47,delivered,2025-07-03 08:21:45,2025-07-03 08:35:12.914726,2025-07-03 08:43:25.769824,2025-07-03 08:47:15.100,25.501666666666665,8.214251633333333,34,4,osrm
48,delivered,2025-07-03 08:21:02,2025-07-03 08:29:38.327590,2025-07-03 08:51:51.526201,2025-07-03 08:56:29.300,35.455000000000005,22.219976850000002,15,3,osrm
49,delivered,2025-07-03 08:21:46,2025-07-03 08:26:46.000000,2025-07-03 08:45:36.469475,2025-07-03 08:45:26.000,23.666666666666668,18.841157916666667,6,3,osrm
50,delivered,2025-07-03 08:22:15,2025-07-03 08:34:49.346463,2025-07-03 08:38:47.500000,2025-07-03 08:48:18.300,26.055,3.969225616666667,18,3,osrm
51,delivered,2025-07-03 08:22:40,2025-07-03 08:31:55.979461,2025-07-03 08:45:28.214402,2025-07-03 08:53:10.000,30.5,13.537249016666667,14,3,osrm
52,delivered,2025-07-03 08:22:31,2025-07-03 08:35:06.129410,2025-07-03 08:38:47.500000,2025-07-03 08:49:04.700,26.561666666666667,3.689509833333333,22,3,osrm
53,delivered,2025-07-03 08:23:35,2025-07-03 08:35:34.567397,2025-07-03 08:46:48.019134,2025-07-03 08:57:17.000,33.7,11.224195616666666,38,4,osrm
54,delivered,2025-07-03 08:23:29,2025-07-03 08:33:41.915698,2025-07-03 08:51:05.466541,2025-07-03 08:53:44.500,30.258333333333333,17.39251405,31,2,osrm
55,delivered,2025-07-03 08:23:32,2025-07-03 08:33:35.644131,2025-07-03 08:42:47.682195,2025-07-03 08:46:16.800,22.746666666666666,9.2006344,39,4,osrm
56,delivered,2025-07-03 08:24:21,2025-07-03 08:39:01.099622,2025-07-03 08:54:20.400000,2025-07-03 09:03:33.500,39.208333333333336,15.321672966666666,12,3,osrm
57,delivered,2025-07-03 08:24:08,2025-07-03 08:35:43.396488,2025-07-03 08:36:06.500000,2025-07-03 08:40:06.100,15.968333333333334,0.3850585333333333,21,4,osrm
58,delivered,2025-07-03 08:24:52,2025-07-03 08:33:59.557046,2025-07-03 08:40:12.299684,2025-07-03 08:44:00.500,19.141666666666666,6.2123773,32,3,osrm
59,delivered,2025-07-03 08:24:04,2025-07-03 08:32:22.581694,2025-07-03 08:36:06.500000,2025-07-03 08:40:06.100,16.035,3.7319717666666667,21,4,osrm
60,delivered,2025-07-03 08:25:53,2025-07-03 08:42:23.574070,2025-07-03 09:00:06.300000,2025-07-03 09:04:57.900,39.08166666666667,17.712098833333336,4,1,osrm
61,delivered,2025-07-03 08:25:25,2025-07-03 08:37:06.448157,2025-07-03 08:40:25.223226,2025-07-03 08:44:16.300,18.855,3.312917816666667,37,4,osrm
62,delivered,2025-07-03 08:25:57,2025-07-03 08:31:39.894758,2025-07-03 08:48:31.000000,2025-07-03 08:54:59.500,29.041666666666668,16.851754033333332,13,3,osrm
63,delivered,2025-07-03 08:25:36,2025-07-03 08:40:12.299684,2025-07-03 08:40:12.299684,2025-07-03 08:44:00.500,18.408333333333335,0.0,32,3,osrm
64,delivered,2025-07-03 08:26:06,2025-07-03 08:37:30.647788,2025-07-03 08:57:37.454901,2025-07-03 09:01:47.300,35.68833333333334,20.113451883333333,10,4,osrm
65,delivered,2025-07-03 08:26:56,2025-07-03 08:36:02.333192,2025-07-03 09:13:25.207846,2025-07-03 09:12:54.300,45.97166666666667,37.381244233333334,21,4,osrm
66,delivered,2025-07-03 08:26:07,2025-07-03 08:42:28.432022,2025-07-03 08:48:31.000000,2025-07-03 08:54:59.500,28.875,6.042799633333333,13,3,osrm
67,delivered,2025-07-03 08:26:53,2025-07-03 08:39:36.185534,2025-07-03 08:44:03.300000,2025-07-03 08:54:30.700,27.628333333333334,4.451907766666666,17,2,osrm
68,delivered,2025-07-03 08:26:30,2025-07-03 08:40:15.901322,2025-07-03 09:02:47.794920,2025-07-03 09:03:09.900,36.665,22.53155996666667,25,4,osrm
69,delivered,2025-07-03 08:26:03,2025-07-03 08:36:18.705566,2025-07-03 08:46:51.976434,2025-07-03 08:49:54.200,23.853333333333335,10.554514466666665,9,4,osrm
70,delivered,2025-07-03 08:27:55,2025-07-03 08:35:35.253641,2025-07-03 08:49:30.894661,2025-07-03 08:55:59.900,28.081666666666667,13.927350333333333,30,4,osrm
71,delivered,2025-07-03 08:27:54,2025-07-03 08:36:45.545586,2025-07-03 08:57:37.454901,2025-07-03 09:01:47.300,33.888333333333335,20.86515525,10,4,osrm
72,delivered,2025-07-03 08:27:45,2025-07-03 08:40:29.839627,2025-07-03 08:59:46.000000,2025-07-03 09:02:14.600,34.49333333333333,19.269339549999998,16,1,osrm
73,delivered,2025-07-03 08:28:46,2025-07-03 08:42:21.437245,2025-07-03 08:42:21.437245,2025-07-03 08:40:29.800,11.729999999999999,0.0,19,3,osrm
74,delivered,2025-07-03 08:28:52,2025-07-03 08:41:10.143042,2025-07-03 08:42:47.682195,2025-07-03 08:46:16.800,17.413333333333334,1.62565255,39,4,osrm
75,delivered,2025-07-03 08:28:28,2025-07-03 08:44:14.134019,2025-07-03 08:49:23.800000,2025-07-03 08:56:36.300,28.138333333333332,5.161099683333333,27,2,osrm
76,delivered,2025-07-03 08:28:20,2025-07-03 08:40:25.223226,2025-07-03 08:40:25.223226,2025-07-03 08:44:16.300,15.938333333333333,0.0,37,4,osrm
77,delivered,2025-07-03 08:29:08,2025-07-03 08:41:29.522019,2025-07-03 09:01:48.025765,2025-07-03 09:06:06.000,36.96666666666667,20.308395766666667,40,4,osrm
78,delivered,2025-07-03 08:29:25,2025-07-03 08:40:37.244340,2025-07-03 09:01:48.025765,2025-07-03 09:06:06.000,36.68333333333333,21.179690416666666,40,4,osrm
79,delivered,2025-07-03 08:29:30,2025-07-03 08:43:25.769824,2025-07-03 08:43:25.769824,2025-07-03 08:47:15.100,17.751666666666665,0.0,34,4,osrm
80,delivered,2025-07-03 08:30:39,2025-07-03 08:45:36.469475,2025-07-03 08:45:36.469475,2025-07-03 08:45:26.000,14.783333333333333,0.0,6,3,osrm
81,delivered,2025-07-03 08:32:31,2025-07-03 08:51:51.526201,2025-07-03 08:51:51.526201,2025-07-03 08:56:29.300,23.971666666666668,0.0,15,3,osrm
82,delivered,2025-07-03 08:32:31,2025-07-03 08:44:36.867061,2025-07-03 09:01:05.297887,2025-07-03 09:12:13.000,39.7,16.4738471,33,3,osrm
83,delivered,2025-07-03 08:32:37,2025-07-03 08:46:20.003301,2025-07-03 09:06:55.133998,2025-07-03 09:10:33.100,37.934999999999995,20.58551161666667,14,4,osrm
84,delivered,2025-07-03 08:32:19,2025-07-03 08:49:30.894661,2025-07-03 08:49:30.894661,2025-07-03 08:55:59.900,23.68166666666667,0.0,30,4,osrm
85,delivered,2025-07-03 08:33:31,2025-07-03 08:42:58.962465,2025-07-03 08:42:58.962465,2025-07-03 08:49:34.900,16.065,0.0,24,3,osrm
86,delivered,2025-07-03 08:33:18,2025-07-03 08:42:47.682195,2025-07-03 08:42:47.682195,2025-07-03 08:46:16.800,12.979999999999999,0.0,39,4,osrm
87,delivered,2025-07-03 08:33:00,2025-07-03 08:45:38.485631,2025-07-03 09:08:40.542850,2025-07-03 09:09:35.400,36.59,23.034286983333335,39,3,osrm
88,delivered,2025-07-03 08:34:07,2025-07-03 08:41:02.651553,2025-07-03 08:41:02.651553,2025-07-03 08:50:26.700,16.328333333333333,0.0,16,3,osrm
89,delivered,2025-07-03 08:34:07,2025-07-03 08:46:51.976434,2025-07-03 08:46:51.976434,2025-07-03 08:49:54.200,15.786666666666667,0.0,9,4,osrm
90,delivered,2025-07-03 08:34:27,2025-07-03 08:46:03.678253,2025-07-03 08:48:31.000000,2025-07-03 08:54:59.500,20.541666666666668,2.45536245,13,3,osrm
91,delivered,2025-07-03 08:35:05,2025-07-03 08:45:56.998286,2025-07-03 09:13:25.207846,2025-07-03 09:12:54.300,37.82166666666667,27.470159333333335,21,4,osrm
92,delivered,2025-07-03 08:35:42,2025-07-03 08:42:57.929616,2025-07-03 09:01:05.297887,2025-07-03 09:12:13.000,36.516666666666666,18.12280451666667,33,3,osrm
93,delivered,2025-07-03 08:35:21,2025-07-03 08:46:48.019134,2025-07-03 08:46:48.019134,2025-07-03 08:57:17.000,21.933333333333334,0.0,38,4,osrm
94,delivered,2025-07-03 08:35:17,2025-07-03 08:45:28.214402,2025-07-03 08:45:28.214402,2025-07-03 08:53:10.000,17.883333333333333,0.0,14,3,osrm
95,delivered,2025-07-03 08:36:46,2025-07-03 08:52:16.787784,2025-07-03 09:19:05.500000,2025-07-03 09:24:17.700,47.52833333333333,26.811870266666666,22,2,osrm
96,delivered,2025-07-03 08:36:49,2025-07-03 08:45:56.875866,2025-07-03 09:15:28.084624,2025-07-03 09:17:45.300,40.93833333333334,29.520145966666668,30,4,osrm
97,delivered,2025-07-03 08:36:45,2025-07-03 08:47:56.797651,2025-07-03 09:02:47.794920,2025-07-03 09:03:09.900,26.415000000000003,14.849954483333333,25,4,osrm
98,delivered,2025-07-03 08:37:15,2025-07-03 08:51:30.825054,2025-07-03 09:13:25.207846,2025-07-03 09:12:54.300,35.655,21.90637986666667,21,4,osrm
99,delivered,2025-07-03 08:37:43,2025-07-03 08:48:27.132968,2025-07-03 08:54:27.682865,2025-07-03 08:53:02.200,15.32,6.00916495,28,4,osrm
100,delivered,2025-07-03 08:37:38,2025-07-03 08:49:46.051490,2025-07-03 08:54:27.682865,2025-07-03 08:53:02.200,15.403333333333334,4.69385625,28,4,osrm
101,delivered,2025-07-03 08:39:43,2025-07-03 08:47:57.543260,2025-07-03 09:02:47.794920,2025-07-03 09:03:09.900,23.448333333333334,14.837527666666666,25,4,osrm
102,delivered,2025-07-03 08:39:11,2025-07-03 08:54:27.682865,2025-07-03 08:54:27.682865,2025-07-03 08:53:02.200,13.853333333333333,0.0,28,4,osrm
103,delivered,2025-07-03 08:39:51,2025-07-03 08:53:31.375763,2025-07-03 08:59:12.700000,2025-07-03 09:05:51.800,26.013333333333332,5.688737283333333,2,3,osrm
104,delivered,2025-07-03 08:39:11,2025-07-03 08:51:35.821117,2025-07-03 08:51:46.001833,2025-07-03 08:56:50.700,17.66166666666667,0.1696786,26,4,osrm
105,delivered,2025-07-03 08:40:24,2025-07-03 08:50:02.978548,2025-07-03 09:07:46.662204,2025-07-03 09:09:06.600,28.709999999999997,17.72806093333333,23,4,osrm
106,delivered,2025-07-03 08:40:03,2025-07-03 08:53:58.599535,2025-07-03 09:12:46.800000,2025-07-03 09:19:46.800,39.730000000000004,18.803341083333333,26,3,osrm
107,delivered,2025-07-03 08:40:00,2025-07-03 08:51:46.001833,2025-07-03 08:51:46.001833,2025-07-03 08:56:50.700,16.845000000000002,0.0,26,4,osrm
108,delivered,2025-07-03 08:40:13,2025-07-03 08:48:19.500403,2025-07-03 09:12:41.507753,2025-07-03 09:19:20.700,39.12833333333333,24.366789166666667,5,4,osrm
109,delivered,2025-07-03 08:41:23,2025-07-03 08:54:02.951023,2025-07-03 08:59:12.700000,2025-07-03 09:05:51.800,24.48,5.16248295,2,3,osrm
110,delivered,2025-07-03 08:41:15,2025-07-03 08:57:10.230351,2025-07-03 09:08:42.500000,2025-07-03 09:13:57.600,32.71,11.537827483333333,19,2,osrm
111,delivered,2025-07-03 08:41:36,2025-07-03 08:52:45.834639,2025-07-03 08:57:37.454901,2025-07-03 09:01:47.300,20.188333333333333,4.8603377000000005,10,4,osrm
112,delivered,2025-07-03 08:41:03,2025-07-03 08:49:05.617493,2025-07-03 09:11:50.385263,2025-07-03 09:13:58.600,32.92666666666666,22.7461295,37,4,osrm
113,delivered,2025-07-03 08:42:25,2025-07-03 08:50:20.903984,2025-07-03 09:07:55.766690,2025-07-03 09:11:07.600,28.709999999999997,17.581045099999997,7,4,osrm
114,delivered,2025-07-03 08:42:46,2025-07-03 08:51:05.821013,2025-07-03 09:01:48.025765,2025-07-03 09:06:06.000,23.333333333333332,10.703412533333333,40,4,osrm
115,delivered,2025-07-03 08:42:37,2025-07-03 08:51:05.466541,2025-07-03 08:51:05.466541,2025-07-03 08:53:44.500,11.125,0.0,31,2,osrm
116,delivered,2025-07-03 08:42:22,2025-07-03 08:57:37.454901,2025-07-03 08:57:37.454901,2025-07-03 09:01:47.300,19.421666666666667,0.0,10,4,osrm
117,delivered,2025-07-03 08:42:03,2025-07-03 08:54:55.935319,2025-07-03 09:18:09.675542,2025-07-03 09:22:19.700,40.27833333333333,23.229003716666668,20,4,osrm
118,delivered,2025-07-03 08:43:38,2025-07-03 08:54:35.830336,2025-07-03 09:06:55.133998,2025-07-03 09:10:33.100,26.918333333333333,12.3217277,14,4,osrm
119,delivered,2025-07-03 08:43:45,2025-07-03 08:54:28.640261,2025-07-03 09:11:44.537585,2025-07-03 09:18:48.300,35.055,17.2649554,24,4,osrm
120,delivered,2025-07-03 08:43:01,2025-07-03 08:57:55.554862,2025-07-03 08:59:12.700000,2025-07-03 09:05:51.800,22.846666666666668,1.2857523,2,3,osrm
121,delivered,2025-07-03 08:43:08,2025-07-03 08:54:06.394834,2025-07-03 08:54:20.400000,2025-07-03 09:03:33.500,20.425,0.23341943333333331,12,3,osrm
122,delivered,2025-07-03 08:44:38,2025-07-03 08:52:55.967891,2025-07-03 09:22:55.994199,2025-07-03 09:17:58.600,33.343333333333334,30.000438466666665,18,4,osrm
123,delivered,2025-07-03 08:44:08,2025-07-03 08:54:08.385959,2025-07-03 09:19:05.500000,2025-07-03 09:24:17.700,40.16166666666666,24.951900683333335,22,2,osrm
124,delivered,2025-07-03 08:45:46,2025-07-03 08:55:11.002629,2025-07-03 09:15:28.084624,2025-07-03 09:17:45.300,31.988333333333333,20.284699916666668,30,4,osrm
125,delivered,2025-07-03 08:45:35,2025-07-03 08:55:30.706292,2025-07-03 09:11:44.537585,2025-07-03 09:18:48.300,33.221666666666664,16.23052155,24,4,osrm
126,delivered,2025-07-03 08:45:44,2025-07-03 08:56:55.419923,2025-07-03 09:13:33.696295,2025-07-03 09:20:53.000,35.15,16.637939533333334,10,4,osrm
127,delivered,2025-07-03 08:46:04,2025-07-03 09:01:48.025765,2025-07-03 09:01:48.025765,2025-07-03 09:06:06.000,20.033333333333335,0.0,40,4,osrm
128,delivered,2025-07-03 08:47:25,2025-07-03 09:01:05.297887,2025-07-03 09:01:05.297887,2025-07-03 09:12:13.000,24.8,0.0,33,3,osrm
129,delivered,2025-07-03 08:47:02,2025-07-03 08:56:27.259307,2025-07-03 09:16:33.159922,2025-07-03 09:27:26.200,40.40333333333333,20.098343583333335,16,3,osrm
130,delivered,2025-07-03 08:47:47,2025-07-03 08:59:34.950495,2025-07-03 09:11:50.385263,2025-07-03 09:13:58.600,26.19333333333333,12.257246133333332,37,4,osrm
131,delivered,2025-07-03 08:47:02,2025-07-03 08:59:33.221064,2025-07-03 09:18:09.675542,2025-07-03 09:22:19.700,35.294999999999995,18.607574633333336,20,4,osrm
132,delivered,2025-07-03 08:47:08,2025-07-03 08:57:39.653465,2025-07-03 09:07:55.766690,2025-07-03 09:11:07.600,23.993333333333332,10.26855375,7,4,osrm
133,delivered,2025-07-03 08:48:38,2025-07-03 08:58:14.712169,2025-07-03 09:20:39.034724,2025-07-03 09:22:43.000,34.083333333333336,22.405375916666667,36,4,osrm
134,delivered,2025-07-03 08:48:06,2025-07-03 08:56:19.048764,2025-07-03 09:11:44.537585,2025-07-03 09:18:48.300,30.705,15.424813683333333,24,4,osrm
135,delivered,2025-07-03 08:49:01,2025-07-03 09:01:46.218035,2025-07-03 09:19:09.000000,2025-07-03 09:30:09.800,41.14666666666667,17.379699416666664,29,3,osrm
136,delivered,2025-07-03 08:49:18,2025-07-03 08:57:39.196460,2025-07-03 09:14:31.200000,2025-07-03 09:21:13.400,31.923333333333336,16.866725666666667,6,3,osrm
137,delivered,2025-07-03 08:49:21,2025-07-03 09:04:11.384607,2025-07-03 09:12:46.800000,2025-07-03 09:19:46.800,30.43,8.59025655,26,3,osrm
138,delivered,2025-07-03 08:50:35,2025-07-03 08:59:56.288196,2025-07-03 09:23:52.543612,2025-07-03 09:19:59.400,29.40666666666667,23.937590266666668,11,3,osrm
139,delivered,2025-07-03 08:50:15,2025-07-03 09:04:24.809075,2025-07-03 09:20:50.700992,2025-07-03 09:27:06.600,36.86,16.43153195,28,4,osrm
140,delivered,2025-07-03 08:50:28,2025-07-03 09:02:31.633904,2025-07-03 09:18:47.900000,2025-07-03 09:23:13.400,32.75666666666667,16.271101599999998,38,1,osrm
141,delivered,2025-07-03 08:50:40,2025-07-03 09:02:47.794920,2025-07-03 09:02:47.794920,2025-07-03 09:03:09.900,12.498333333333333,0.0,25,4,osrm
142,delivered,2025-07-03 08:51:37,2025-07-03 09:06:56.058069,2025-07-03 09:20:39.034724,2025-07-03 09:22:43.000,31.1,13.716277583333333,36,4,osrm
143,delivered,2025-07-03 08:51:23,2025-07-03 09:02:04.726189,2025-07-03 09:12:41.507753,2025-07-03 09:19:20.700,27.961666666666666,10.613026066666666,5,4,osrm
144,delivered,2025-07-03 08:51:10,2025-07-03 09:01:18.585651,2025-07-03 09:24:08.648977,2025-07-03 09:28:26.500,37.275,22.834388766666667,27,3,osrm
145,delivered,2025-07-03 08:51:31,2025-07-03 09:03:44.576441,2025-07-03 09:23:01.046567,2025-07-03 09:33:20.200,41.82,19.2745021,8,4,osrm
146,delivered,2025-07-03 08:52:07,2025-07-03 09:07:01.514113,2025-07-03 09:18:09.675542,2025-07-03 09:22:19.700,30.211666666666666,11.136023816666667,20,4,osrm
147,delivered,2025-07-03 08:52:07,2025-07-03 08:59:45.495975,2025-07-03 09:12:41.507753,2025-07-03 09:19:20.700,27.228333333333335,12.933529633333334,5,4,osrm
148,delivered,2025-07-03 08:52:01,2025-07-03 09:08:00.245399,2025-07-03 09:08:40.542850,2025-07-03 09:09:35.400,17.573333333333334,0.6716241833333334,39,3,osrm
149,delivered,2025-07-03 08:52:29,2025-07-03 09:04:57.944101,2025-07-03 09:08:42.500000,2025-07-03 09:13:57.600,21.476666666666667,3.7425983166666668,19,2,osrm
150,delivered,2025-07-03 08:52:32,2025-07-03 09:04:04.467757,2025-07-03 09:18:57.100000,2025-07-03 09:25:41.600,33.16,14.87720405,39,4,osrm
151,delivered,2025-07-03 08:52:06,2025-07-03 09:07:59.380827,2025-07-03 09:22:55.994199,2025-07-03 09:17:58.600,25.876666666666665,14.9435562,18,4,osrm
152,delivered,2025-07-03 08:53:38,2025-07-03 09:02:52.286327,2025-07-03 09:29:18.195817,2025-07-03 09:32:06.500,38.475,26.431824833333334,23,4,osrm
153,delivered,2025-07-03 08:54:57,2025-07-03 09:10:40.162743,2025-07-03 09:22:55.994199,2025-07-03 09:17:58.600,23.026666666666664,12.2638576,18,4,osrm
154,delivered,2025-07-03 08:54:20,2025-07-03 09:01:15.669852,2025-07-03 09:12:46.800000,2025-07-03 09:19:46.800,25.446666666666665,11.5188358,26,3,osrm
155,delivered,2025-07-03 08:54:56,2025-07-03 09:07:55.766690,2025-07-03 09:07:55.766690,2025-07-03 09:11:07.600,16.193333333333335,0.0,7,4,osrm
156,delivered,2025-07-03 08:54:04,2025-07-03 09:09:27.711139,2025-07-03 09:16:33.159922,2025-07-03 09:27:26.200,33.37,7.0908130499999995,16,3,osrm
157,delivered,2025-07-03 08:54:39,2025-07-03 09:13:25.207846,2025-07-03 09:13:25.207846,2025-07-03 09:12:54.300,18.255,0.0,21,4,osrm
158,delivered,2025-07-03 08:55:37,2025-07-03 09:08:40.542850,2025-07-03 09:08:40.542850,2025-07-03 09:09:35.400,13.973333333333333,0.0,39,3,osrm
159,delivered,2025-07-03 08:55:46,2025-07-03 09:06:55.766408,2025-07-03 09:23:01.046567,2025-07-03 09:33:20.200,37.57,16.08800265,8,4,osrm
160,delivered,2025-07-03 08:56:55,2025-07-03 09:09:17.171750,2025-07-03 09:28:38.207859,2025-07-03 09:36:20.900,39.431666666666665,19.350601816666664,2,3,osrm
161,delivered,2025-07-03 08:56:07,2025-07-03 09:11:44.537585,2025-07-03 09:11:44.537585,2025-07-03 09:18:48.300,22.688333333333333,0.0,24,4,osrm
162,delivered,2025-07-03 08:56:38,2025-07-03 09:08:00.318979,2025-07-03 09:35:10.113334,2025-07-03 09:33:16.900,36.64833333333333,27.16323925,12,3,osrm
163,delivered,2025-07-03 08:56:30,2025-07-03 09:08:34.051532,2025-07-03 09:24:32.800000,2025-07-03 09:34:27.000,37.95,15.979141133333334,31,2,osrm
164,delivered,2025-07-03 08:57:55,2025-07-03 09:11:10.013637,2025-07-03 09:14:31.200000,2025-07-03 09:21:13.400,23.30666666666667,3.35310605,6,3,osrm
165,delivered,2025-07-03 08:57:57,2025-07-03 09:06:40.201258,2025-07-03 09:11:50.385263,2025-07-03 09:13:58.600,16.026666666666667,5.169733416666667,37,4,osrm
166,delivered,2025-07-03 08:57:25,2025-07-03 09:09:45.976811,2025-07-03 09:29:49.794504,2025-07-03 09:34:19.400,36.906666666666666,20.063628216666665,37,3,osrm
167,delivered,2025-07-03 08:58:53,2025-07-03 09:11:49.951712,2025-07-03 09:18:57.100000,2025-07-03 09:25:41.600,26.81,7.119138133333333,39,4,osrm
168,delivered,2025-07-03 08:58:28,2025-07-03 09:07:32.471151,2025-07-03 09:07:55.766690,2025-07-03 09:11:07.600,12.66,0.38825898333333336,7,4,osrm
169,delivered,2025-07-03 08:58:30,2025-07-03 09:09:15.520705,2025-07-03 09:29:18.195817,2025-07-03 09:32:06.500,33.608333333333334,20.044585199999997,23,4,osrm
170,delivered,2025-07-03 08:58:55,2025-07-03 09:13:24.387176,2025-07-03 09:20:39.034724,2025-07-03 09:22:43.000,23.8,7.2441258,36,4,osrm
171,delivered,2025-07-03 08:58:39,2025-07-03 09:10:57.421191,2025-07-03 09:19:09.000000,2025-07-03 09:30:09.800,31.513333333333332,8.19298015,29,3,osrm
172,delivered,2025-07-03 08:58:47,2025-07-03 09:07:46.662204,2025-07-03 09:07:46.662204,2025-07-03 09:09:06.600,10.326666666666666,0.0,23,4,osrm
173,delivered,2025-07-03 08:59:24,2025-07-03 09:07:08.025287,2025-07-03 09:29:56.596687,2025-07-03 09:36:20.600,36.943333333333335,22.809523333333335,13,2,osrm
174,delivered,2025-07-03 08:59:13,2025-07-03 09:10:29.070060,2025-07-03 09:13:33.696295,2025-07-03 09:20:53.000,21.666666666666668,3.0771039166666667,10,4,osrm
175,delivered,2025-07-03 08:59:41,2025-07-03 09:22:04.153866,2025-07-03 09:34:55.400000,2025-07-03 09:46:20.300,46.655,12.854102233333332,6,3,osrm
176,delivered,2025-07-03 08:59:39,2025-07-03 09:15:10.499509,2025-07-03 09:20:50.700992,2025-07-03 09:27:06.600,27.459999999999997,5.670024716666666,28,4,osrm
177,delivered,2025-07-03 08:59:30,2025-07-03 09:07:01.686237,2025-07-03 09:20:49.900000,2025-07-03 09:23:27.700,23.961666666666666,13.803562716666667,17,2,osrm
178,delivered,2025-07-03 08:59:19,2025-07-03 09:10:34.391507,2025-07-03 09:50:34.700000,2025-07-03 09:53:53.700,54.57833333333333,40.00514155,32,1,osrm
179,delivered,2025-07-03 08:59:02,2025-07-03 09:06:55.133998,2025-07-03 09:06:55.133998,2025-07-03 09:10:33.100,11.518333333333334,0.0,14,4,osrm
180,delivered,2025-07-03 09:00:05,2025-07-03 09:11:50.385263,2025-07-03 09:11:50.385263,2025-07-03 09:13:58.600,13.893333333333334,0.0,37,4,osrm
181,delivered,2025-07-03 09:00:26,2025-07-03 09:11:56.883953,2025-07-03 09:14:31.200000,2025-07-03 09:21:13.400,20.790000000000003,2.5719341166666667,6,3,osrm
182,delivered,2025-07-03 09:00:14,2025-07-03 09:11:24.364366,2025-07-03 09:18:57.100000,2025-07-03 09:25:41.600,25.459999999999997,7.5455939,39,4,osrm
183,delivered,2025-07-03 09:00:17,2025-07-03 09:12:41.507753,2025-07-03 09:12:41.507753,2025-07-03 09:19:20.700,19.061666666666667,0.0,5,4,osrm
184,delivered,2025-07-03 09:00:08,2025-07-03 09:20:50.700992,2025-07-03 09:20:50.700992,2025-07-03 09:27:06.600,26.976666666666667,0.0,28,4,osrm
185,delivered,2025-07-03 09:03:56,2025-07-03 09:18:08.001196,2025-07-03 09:38:05.078902,2025-07-03 09:43:17.000,39.35,19.9512951,36,4,osrm
186,delivered,2025-07-03 09:03:02,2025-07-03 09:11:39.596489,2025-07-03 09:15:28.084624,2025-07-03 09:17:45.300,14.721666666666666,3.8081355833333332,30,4,osrm
187,delivered,2025-07-03 09:03:46,2025-07-03 09:14:04.237857,2025-07-03 09:31:58.617632,2025-07-03 09:42:00.900,38.248333333333335,17.906329583333335,11,4,osrm
188,delivered,2025-07-03 09:03:35,2025-07-03 09:13:33.696295,2025-07-03 09:13:33.696295,2025-07-03 09:20:53.000,17.3,0.0,10,4,osrm
189,delivered,2025-07-03 09:04:13,2025-07-03 09:18:22.440132,2025-07-03 09:19:09.000000,2025-07-03 09:30:09.800,25.946666666666665,0.7759978000000001,29,3,osrm
190,delivered,2025-07-03 09:04:18,2025-07-03 09:16:33.159922,2025-07-03 09:16:33.159922,2025-07-03 09:27:26.200,23.136666666666667,0.0,16,3,osrm
191,delivered,2025-07-03 09:04:47,2025-07-03 09:22:55.994199,2025-07-03 09:22:55.994199,2025-07-03 09:17:58.600,13.193333333333333,0.0,18,4,osrm
192,delivered,2025-07-03 09:05:37,2025-07-03 09:15:28.084624,2025-07-03 09:15:28.084624,2025-07-03 09:17:45.300,12.138333333333332,0.0,30,4,osrm
193,delivered,2025-07-03 09:05:53,2025-07-03 09:17:41.492049,2025-07-03 09:40:26.460573,2025-07-03 09:42:45.300,36.87166666666667,22.749475399999998,39,4,osrm
194,delivered,2025-07-03 09:05:30,2025-07-03 09:20:12.036513,2025-07-03 09:29:49.794504,2025-07-03 09:34:19.400,28.823333333333334,9.629299849999999,37,3,osrm
195,delivered,2025-07-03 09:05:51,2025-07-03 09:18:09.675542,2025-07-03 09:18:09.675542,2025-07-03 09:22:19.700,16.478333333333335,0.0,20,4,osrm
196,delivered,2025-07-03 09:06:50,2025-07-03 09:14:07.427528,2025-07-03 09:20:50.700992,2025-07-03 09:27:06.600,20.276666666666664,6.7212244,28,4,osrm
197,delivered,2025-07-03 09:06:29,2025-07-03 09:16:48.854540,2025-07-03 09:24:08.648977,2025-07-03 09:28:26.500,21.958333333333332,7.329907283333333,27,3,osrm
198,delivered,2025-07-03 09:06:27,2025-07-03 09:13:23.382988,2025-07-03 09:13:33.696295,2025-07-03 09:20:53.000,14.433333333333334,0.17188845,10,4,osrm
199,delivered,2025-07-03 09:06:41,2025-07-03 09:18:51.701352,2025-07-03 09:29:18.195817,2025-07-03 09:32:06.500,25.425,10.441574416666667,23,4,osrm
200,delivered,2025-07-03 09:07:56,2025-07-03 09:25:07.718815,2025-07-03 09:31:58.617632,2025-07-03 09:42:00.900,34.08166666666667,6.848313616666667,11,4,osrm
201,delivered,2025-07-03 09:08:29,2025-07-03 09:22:02.617571,2025-07-03 09:23:01.046567,2025-07-03 09:33:20.200,24.853333333333335,0.9738165999999999,8,4,osrm
202,delivered,2025-07-03 09:08:04,2025-07-03 09:18:43.144739,2025-07-03 09:20:49.900000,2025-07-03 09:23:27.700,15.395000000000001,2.1125876833333335,17,2,osrm
203,delivered,2025-07-03 09:08:19,2025-07-03 09:21:29.204637,2025-07-03 09:38:05.078902,2025-07-03 09:43:17.000,34.96666666666667,16.59790441666667,36,4,osrm
204,delivered,2025-07-03 09:08:56,2025-07-03 09:20:42.787646,2025-07-03 09:28:38.207859,2025-07-03 09:36:20.900,27.415000000000003,7.923670216666666,2,3,osrm
205,delivered,2025-07-03 09:09:19,2025-07-03 09:22:20.452499,2025-07-03 09:46:22.131295,2025-07-03 09:52:56.800,43.63,24.02797993333333,29,4,osrm
206,delivered,2025-07-03 09:09:07,2025-07-03 09:23:52.543612,2025-07-03 09:23:52.543612,2025-07-03 09:19:59.400,10.873333333333333,0.0,11,3,osrm
207,delivered,2025-07-03 09:09:06,2025-07-03 09:16:03.257246,2025-07-03 09:34:55.400000,2025-07-03 09:46:20.300,37.23833333333334,18.8690459,6,3,osrm
208,delivered,2025-07-03 09:09:41,2025-07-03 09:22:07.108833,2025-07-03 09:23:52.543612,2025-07-03 09:19:59.400,10.306666666666667,1.7572463166666668,11,3,osrm
209,delivered,2025-07-03 09:10:39,2025-07-03 09:20:39.034724,2025-07-03 09:20:39.034724,2025-07-03 09:22:43.000,12.066666666666666,0.0,36,4,osrm
210,delivered,2025-07-03 09:10:56,2025-07-03 09:17:01.873299,2025-07-03 09:29:55.500000,2025-07-03 09:35:20.000,24.4,12.89377835,30,4,osrm
211,delivered,2025-07-03 09:11:19,2025-07-03 09:25:29.510535,2025-07-03 09:43:45.453774,2025-07-03 09:49:18.300,37.98833333333334,18.26572065,16,3,osrm
212,delivered,2025-07-03 09:11:07,2025-07-03 09:24:26.531801,2025-07-03 09:43:47.100000,2025-07-03 09:53:08.100,42.01833333333333,19.342803316666668,21,3,osrm
213,delivered,2025-07-03 09:11:16,2025-07-03 09:24:08.648977,2025-07-03 09:24:08.648977,2025-07-03 09:28:26.500,17.175,0.0,27,3,osrm
214,delivered,2025-07-03 09:11:56,2025-07-03 09:26:30.965406,2025-07-03 09:45:22.686048,2025-07-03 09:52:38.300,40.705000000000005,18.8620107,18,4,osrm
215,delivered,2025-07-03 09:12:24,2025-07-03 09:22:57.166605,2025-07-03 09:41:05.900000,2025-07-03 09:48:58.700,36.57833333333333,18.145556583333335,5,4,osrm
216,delivered,2025-07-03 09:12:37,2025-07-03 09:23:01.046567,2025-07-03 09:23:01.046567,2025-07-03 09:33:20.200,20.720000000000002,0.0,8,4,osrm
217,delivered,2025-07-03 09:12:58,2025-07-03 09:25:51.061561,2025-07-03 09:53:22.565005,2025-07-03 10:03:42.000,50.733333333333334,27.525057399999998,4,3,osrm
218,delivered,2025-07-03 09:13:10,2025-07-03 09:19:18.758899,2025-07-03 09:24:14.239941,2025-07-03 09:29:31.400,16.356666666666666,4.9246840333333335,3,3,osrm
219,delivered,2025-07-03 09:13:39,2025-07-03 09:24:14.239941,2025-07-03 09:24:14.239941,2025-07-03 09:29:31.400,15.873333333333333,0.0,3,3,osrm
220,delivered,2025-07-03 09:13:43,2025-07-03 09:29:19.147556,2025-07-03 09:50:03.900000,2025-07-03 09:53:42.500,39.99166666666667,20.745874066666666,19,1,osrm
221,delivered,2025-07-03 09:13:56,2025-07-03 09:28:12.857722,2025-07-03 09:44:11.219238,2025-07-03 09:56:37.300,42.68833333333334,15.972691933333333,30,4,osrm
222,delivered,2025-07-03 09:14:42,2025-07-03 09:29:59.973603,2025-07-03 09:46:22.131295,2025-07-03 09:52:56.800,38.24666666666667,16.369294866666667,29,4,osrm
223,delivered,2025-07-03 09:14:35,2025-07-03 09:25:53.286058,2025-07-03 09:29:55.500000,2025-07-03 09:35:20.000,20.75,4.036899033333333,30,4,osrm
224,delivered,2025-07-03 09:14:49,2025-07-03 09:23:27.115871,2025-07-03 09:29:55.500000,2025-07-03 09:35:20.000,20.516666666666666,6.473068816666666,30,4,osrm
225,delivered,2025-07-03 09:14:58,2025-07-03 09:31:29.522083,2025-07-03 09:40:26.460573,2025-07-03 09:42:45.300,27.788333333333334,8.948974833333333,39,4,osrm
226,delivered,2025-07-03 09:15:20,2025-07-03 09:26:24.868992,2025-07-03 09:29:43.219677,2025-07-03 09:30:38.400,15.306666666666667,3.30584475,7,4,osrm
227,delivered,2025-07-03 09:15:11,2025-07-03 09:26:23.904131,2025-07-03 09:50:18.200000,2025-07-03 09:52:55.800,37.74666666666667,23.90493115,14,1,osrm
228,delivered,2025-07-03 09:15:41,2025-07-03 09:30:05.648366,2025-07-03 09:48:32.411846,2025-07-03 09:58:26.000,42.75,18.446058,25,4,osrm
229,delivered,2025-07-03 09:15:14,2025-07-03 09:29:18.195817,2025-07-03 09:29:18.195817,2025-07-03 09:32:06.500,16.875,0.0,23,4,osrm
230,delivered,2025-07-03 09:15:23,2025-07-03 09:29:49.794504,2025-07-03 09:29:49.794504,2025-07-03 09:34:19.400,18.94,0.0,37,3,osrm
231,delivered,2025-07-03 09:16:57,2025-07-03 09:32:08.270019,2025-07-03 09:48:32.411846,2025-07-03 09:58:26.000,41.483333333333334,16.402363783333335,25,4,osrm
232,delivered,2025-07-03 09:16:58,2025-07-03 09:32:08.691268,2025-07-03 09:43:47.100000,2025-07-03 09:53:08.100,36.16833333333333,11.640145533333333,21,3,osrm
233,delivered,2025-07-03 09:16:04,2025-07-03 09:21:04.000000,2025-07-03 09:24:32.800000,2025-07-03 09:34:27.000,18.383333333333333,3.48,31,2,osrm
234,delivered,2025-07-03 09:16:22,2025-07-03 09:21:22.000000,2025-07-03 09:47:48.352956,2025-07-03 09:49:27.100,33.085,26.439215933333333,27,3,osrm
235,delivered,2025-07-03 09:16:46,2025-07-03 09:30:56.305000,2025-07-03 09:38:05.078902,2025-07-03 09:43:17.000,26.516666666666666,7.1462317,36,4,osrm
236,delivered,2025-07-03 09:17:35,2025-07-03 09:31:10.666860,2025-07-03 09:41:05.900000,2025-07-03 09:48:58.700,31.395,9.920552333333335,5,4,osrm
237,delivered,2025-07-03 09:17:16,2025-07-03 09:30:30.384940,2025-07-03 09:43:48.300000,2025-07-03 09:48:11.000,30.916666666666668,13.298584333333334,17,2,osrm
238,delivered,2025-07-03 09:18:43,2025-07-03 09:31:58.617632,2025-07-03 09:31:58.617632,2025-07-03 09:42:00.900,23.298333333333336,0.0,11,4,osrm
239,delivered,2025-07-03 09:18:32,2025-07-03 09:29:56.596687,2025-07-03 09:29:56.596687,2025-07-03 09:36:20.600,17.81,0.0,13,2,osrm
240,delivered,2025-07-03 09:18:33,2025-07-03 09:27:28.895877,2025-07-03 09:34:55.400000,2025-07-03 09:46:20.300,27.788333333333334,7.4417353833333335,6,3,osrm
241,delivered,2025-07-03 09:18:03,2025-07-03 09:31:43.347055,2025-07-03 09:43:45.453774,2025-07-03 09:49:18.300,31.255,12.035111983333334,16,3,osrm
242,delivered,2025-07-03 09:18:45,2025-07-03 09:38:55.434644,2025-07-03 09:52:29.581215,2025-07-03 09:56:55.800,38.18,13.569109516666666,33,4,osrm
243,delivered,2025-07-03 09:18:17,2025-07-03 09:28:38.207859,2025-07-03 09:28:38.207859,2025-07-03 09:36:20.900,18.065,0.0,2,3,osrm
244,delivered,2025-07-03 09:18:02,2025-07-03 09:29:40.021740,2025-07-03 09:29:55.500000,2025-07-03 09:35:20.000,17.3,0.257971,30,4,osrm
245,delivered,2025-07-03 09:18:56,2025-07-03 09:37:42.801444,2025-07-03 09:45:22.686048,2025-07-03 09:52:38.300,33.705,7.664743400000001,18,4,osrm
246,delivered,2025-07-03 09:19:36,2025-07-03 09:34:49.133441,2025-07-03 09:41:05.900000,2025-07-03 09:48:58.700,29.378333333333334,6.279442649999999,5,4,osrm
247,delivered,2025-07-03 09:19:51,2025-07-03 09:36:19.084756,2025-07-03 09:44:11.219238,2025-07-03 09:56:37.300,36.77166666666667,7.868908033333333,30,4,osrm
248,delivered,2025-07-03 09:19:13,2025-07-03 09:30:47.763158,2025-07-03 09:45:26.100000,2025-07-03 09:54:19.200,35.10333333333333,14.638947366666667,22,4,osrm
249,delivered,2025-07-03 09:19:32,2025-07-03 09:29:43.219677,2025-07-03 09:29:43.219677,2025-07-03 09:30:38.400,11.106666666666666,0.0,7,4,osrm
250,delivered,2025-07-03 09:19:08,2025-07-03 09:28:50.872910,2025-07-03 09:50:01.645034,2025-07-03 09:52:07.900,32.998333333333335,21.179535400000002,20,3,osrm
251,delivered,2025-07-03 09:19:23,2025-07-03 09:27:55.848860,2025-07-03 09:52:29.581215,2025-07-03 09:56:55.800,37.54666666666667,24.562205916666667,33,4,osrm
252,delivered,2025-07-03 09:20:21,2025-07-03 09:34:08.123768,2025-07-03 09:50:09.600000,2025-07-03 09:56:40.000,36.31666666666667,16.024603866666666,7,3,osrm
253,delivered,2025-07-03 09:20:55,2025-07-03 09:27:36.499627,2025-07-03 09:45:22.686048,2025-07-03 09:52:38.300,31.721666666666668,17.769773683333334,18,4,osrm
254,delivered,2025-07-03 09:20:09,2025-07-03 09:35:10.113334,2025-07-03 09:35:10.113334,2025-07-03 09:33:16.900,13.131666666666666,0.0,12,3,osrm
255,delivered,2025-07-03 09:20:33,2025-07-03 09:29:03.375294,2025-07-03 09:35:10.113334,2025-07-03 09:33:16.900,12.731666666666666,6.112300666666667,12,3,osrm
256,delivered,2025-07-03 09:21:52,2025-07-03 09:33:07.703638,2025-07-03 09:50:42.441246,2025-07-03 09:58:36.900,36.748333333333335,17.578960133333332,2,3,osrm
257,delivered,2025-07-03 09:21:02,2025-07-03 09:29:43.083756,2025-07-03 09:45:17.300000,2025-07-03 09:52:49.500,31.791666666666668,15.570270733333333,1,2,osrm
258,delivered,2025-07-03 09:21:31,2025-07-03 09:36:36.878766,2025-07-03 10:05:52.588891,2025-07-03 10:02:05.500,40.575,29.261835416666667,15,4,osrm
259,delivered,2025-07-03 09:21:48,2025-07-03 09:32:13.863610,2025-07-03 09:45:17.300000,2025-07-03 09:52:49.500,31.025,13.057273166666667,1,2,osrm
260,delivered,2025-07-03 09:21:54,2025-07-03 09:31:25.483360,2025-07-03 09:40:26.460573,2025-07-03 09:42:45.300,20.855,9.016286883333333,39,4,osrm
261,delivered,2025-07-03 09:22:50,2025-07-03 09:37:13.364195,2025-07-03 09:53:44.600000,2025-07-03 10:04:23.500,41.55833333333333,16.52059675,36,3,osrm
262,delivered,2025-07-03 09:22:15,2025-07-03 09:31:03.191933,2025-07-03 09:31:58.617632,2025-07-03 09:42:00.900,19.765,0.92376165,11,4,osrm
263,delivered,2025-07-03 09:23:21,2025-07-03 09:37:10.073652,2025-07-03 09:45:26.100000,2025-07-03 09:54:19.200,30.970000000000002,8.2671058,22,4,osrm
264,delivered,2025-07-03 09:23:54,2025-07-03 09:40:04.442648,2025-07-03 09:45:03.600000,2025-07-03 09:47:45.800,23.863333333333333,4.985955866666667,37,3,osrm
265,delivered,2025-07-03 09:23:09,2025-07-03 09:31:50.051716,2025-07-03 09:54:33.542838,2025-07-03 09:57:24.700,34.26166666666666,22.72485203333333,40,3,osrm
266,delivered,2025-07-03 09:23:05,2025-07-03 09:29:06.691193,2025-07-03 09:45:03.600000,2025-07-03 09:47:45.800,24.68,15.948480116666667,37,3,osrm
267,delivered,2025-07-03 09:24:46,2025-07-03 09:43:24.025571,2025-07-03 09:53:44.600000,2025-07-03 10:04:23.500,39.625,10.34290715,36,3,osrm
268,delivered,2025-07-03 09:24:14,2025-07-03 09:36:22.818202,2025-07-03 09:50:42.441246,2025-07-03 09:58:36.900,34.38166666666667,14.327050733333333,2,3,osrm
269,delivered,2025-07-03 09:24:37,2025-07-03 09:35:06.760998,2025-07-03 09:43:47.100000,2025-07-03 09:53:08.100,28.51833333333333,8.672316700000001,21,3,osrm
270,delivered,2025-07-03 09:24:46,2025-07-03 09:35:09.792117,2025-07-03 09:44:11.219238,2025-07-03 09:56:37.300,31.855,9.02378535,30,4,osrm
271,delivered,2025-07-03 09:25:11,2025-07-03 09:38:07.125510,2025-07-03 09:41:05.900000,2025-07-03 09:48:58.700,23.795,2.979574833333333,5,4,osrm
272,delivered,2025-07-03 09:25:19,2025-07-03 09:30:31.484755,2025-07-03 09:43:11.000000,2025-07-03 09:51:29.800,26.18,12.658587416666668,35,3,osrm
273,delivered,2025-07-03 09:25:48,2025-07-03 09:39:50.234319,2025-07-03 09:47:48.352956,2025-07-03 09:49:27.100,23.651666666666664,7.96864395,27,3,osrm
274,delivered,2025-07-03 09:26:12,2025-07-03 09:34:37.528322,2025-07-03 09:43:11.000000,2025-07-03 09:51:29.800,25.296666666666667,8.5578613,35,3,osrm
275,delivered,2025-07-03 09:26:27,2025-07-03 09:37:41.763909,2025-07-03 09:45:26.100000,2025-07-03 09:54:19.200,27.87,7.738934850000001,22,4,osrm
276,delivered,2025-07-03 09:26:42,2025-07-03 09:40:01.721040,2025-07-03 09:55:17.010674,2025-07-03 10:01:04.200,34.37,15.254827233333334,39,3,osrm
277,delivered,2025-07-03 09:26:00,2025-07-03 09:40:45.074827,2025-07-03 09:55:17.010674,2025-07-03 10:01:04.200,35.07,14.532264116666665,39,3,osrm
278,delivered,2025-07-03 09:27:15,2025-07-03 09:40:26.460573,2025-07-03 09:40:26.460573,2025-07-03 09:42:45.300,15.504999999999999,0.0,39,4,osrm
279,delivered,2025-07-03 09:27:37,2025-07-03 09:41:45.510868,2025-07-03 09:46:22.131295,2025-07-03 09:52:56.800,25.33,4.61034045,29,4,osrm
280,delivered,2025-07-03 09:27:17,2025-07-03 09:38:14.784596,2025-07-03 09:43:48.300000,2025-07-03 09:48:11.000,20.9,5.5585900666666666,17,2,osrm
281,delivered,2025-07-03 09:27:19,2025-07-03 09:38:05.078902,2025-07-03 09:38:05.078902,2025-07-03 09:43:17.000,15.966666666666667,0.0,36,4,osrm
282,delivered,2025-07-03 09:28:44,2025-07-03 09:40:01.473158,2025-07-03 09:50:09.600000,2025-07-03 09:56:40.000,27.933333333333334,10.135447366666666,7,3,osrm
283,delivered,2025-07-03 09:28:37,2025-07-03 09:44:47.659536,2025-07-03 09:45:26.100000,2025-07-03 09:54:19.200,25.703333333333333,0.6406744,22,4,osrm
284,delivered,2025-07-03 09:29:15,2025-07-03 09:37:38.860869,2025-07-03 10:05:52.588891,2025-07-03 10:02:05.500,32.84166666666667,28.22880036666667,15,4,osrm
285,delivered,2025-07-03 09:29:50,2025-07-03 09:38:27.890619,2025-07-03 09:53:22.565005,2025-07-03 10:03:42.000,33.86666666666667,14.911239766666666,4,3,osrm
286,delivered,2025-07-03 09:29:31,2025-07-03 09:43:02.109993,2025-07-03 09:43:11.000000,2025-07-03 09:51:29.800,21.98,0.14816678333333336,35,3,osrm
287,delivered,2025-07-03 09:30:58,2025-07-03 09:47:37.775592,2025-07-03 09:48:32.411846,2025-07-03 09:58:26.000,27.466666666666665,0.9106042333333334,25,4,osrm
288,delivered,2025-07-03 09:30:22,2025-07-03 09:46:22.131295,2025-07-03 09:46:22.131295,2025-07-03 09:52:56.800,22.58,0.0,29,4,osrm
289,delivered,2025-07-03 09:31:29,2025-07-03 09:45:22.686048,2025-07-03 09:45:22.686048,2025-07-03 09:52:38.300,21.154999999999998,0.0,18,4,osrm
290,delivered,2025-07-03 09:32:29,2025-07-03 09:43:45.453774,2025-07-03 09:43:45.453774,2025-07-03 09:49:18.300,16.821666666666665,0.0,16,3,osrm
291,delivered,2025-07-03 09:32:06,2025-07-03 09:42:15.957707,2025-07-03 09:45:03.600000,2025-07-03 09:47:45.800,15.663333333333332,2.7940382166666664,37,3,osrm
292,delivered,2025-07-03 09:33:57,2025-07-03 09:47:48.352956,2025-07-03 09:47:48.352956,2025-07-03 09:49:27.100,15.501666666666667,0.0,27,3,osrm
293,delivered,2025-07-03 09:33:09,2025-07-03 09:47:55.377870,2025-07-03 09:52:29.581215,2025-07-03 09:56:55.800,23.779999999999998,4.57005575,33,4,osrm
294,delivered,2025-07-03 09:33:30,2025-07-03 09:47:04.702584,2025-07-03 09:54:33.542838,2025-07-03 09:57:24.700,23.91166666666667,7.480670900000001,40,3,osrm
295,delivered,2025-07-03 09:33:13,2025-07-03 09:43:11.624803,2025-07-03 09:50:01.645034,2025-07-03 09:52:07.900,18.915000000000003,6.833670516666667,20,3,osrm
296,delivered,2025-07-03 09:34:59,2025-07-03 09:43:00.116217,2025-07-03 10:02:45.842569,2025-07-03 10:03:39.900,28.68166666666667,19.762105866666666,13,3,osrm
297,delivered,2025-07-03 09:34:48,2025-07-03 09:44:11.219238,2025-07-03 09:44:11.219238,2025-07-03 09:56:37.300,21.821666666666665,0.0,30,4,osrm
298,delivered,2025-07-03 09:34:39,2025-07-03 09:43:46.196399,2025-07-03 09:54:22.600000,2025-07-03 09:58:02.300,23.388333333333332,10.606726683333333,26,1,osrm
299,delivered,2025-07-03 09:35:22,2025-07-03 09:48:59.234655,2025-07-03 09:50:09.600000,2025-07-03 09:56:40.000,21.3,1.17275575,7,3,osrm
300,delivered,2025-07-03 09:36:02,2025-07-03 09:50:42.441246,2025-07-03 09:50:42.441246,2025-07-03 09:58:36.900,22.581666666666667,0.0,2,3,osrm
301,delivered,2025-07-03 09:37:46,2025-07-03 09:47:47.771930,2025-07-03 10:05:00.427557,2025-07-03 10:09:35.700,31.828333333333333,17.210927116666667,20,2,osrm
302,delivered,2025-07-03 09:37:16,2025-07-03 09:48:53.200187,2025-07-03 10:04:06.900000,2025-07-03 10:09:39.800,32.39666666666667,15.228330216666667,9,2,osrm
303,delivered,2025-07-03 09:37:50,2025-07-03 09:50:01.645034,2025-07-03 09:50:01.645034,2025-07-03 09:52:07.900,14.298333333333334,0.0,20,3,osrm
304,delivered,2025-07-03 09:38:41,2025-07-03 09:53:06.481022,2025-07-03 09:53:44.600000,2025-07-03 10:04:23.500,25.708333333333332,0.6353163,36,3,osrm
305,delivered,2025-07-03 09:38:17,2025-07-03 09:50:46.745612,2025-07-03 10:02:45.842569,2025-07-03 10:03:39.900,25.381666666666668,11.984949283333332,13,3,osrm
306,delivered,2025-07-03 09:39:50,2025-07-03 09:48:32.411846,2025-07-03 09:48:32.411846,2025-07-03 09:58:26.000,18.6,0.0,25,4,osrm
307,delivered,2025-07-03 09:40:49,2025-07-03 09:57:41.520393,2025-07-03 10:04:06.900000,2025-07-03 10:09:39.800,28.846666666666668,6.422993450000001,9,2,osrm
308,delivered,2025-07-03 09:40:03,2025-07-03 09:52:29.581215,2025-07-03 09:52:29.581215,2025-07-03 09:56:55.800,16.88,0.0,33,4,osrm
309,delivered,2025-07-03 09:40:28,2025-07-03 09:53:22.565005,2025-07-03 09:53:22.565005,2025-07-03 10:03:42.000,23.233333333333334,0.0,4,3,osrm
310,delivered,2025-07-03 09:41:34,2025-07-03 09:50:43.559149,2025-07-03 10:08:40.640688,2025-07-03 10:13:35.800,32.03,17.951358983333332,24,3,osrm
311,delivered,2025-07-03 09:41:22,2025-07-03 09:54:33.542838,2025-07-03 09:54:33.542838,2025-07-03 09:57:24.700,16.045,0.0,40,3,osrm
312,delivered,2025-07-03 09:42:32,2025-07-03 09:53:02.504547,2025-07-03 10:11:05.400000,2025-07-03 10:18:44.700,36.211666666666666,18.048257550000002,8,2,osrm
313,delivered,2025-07-03 09:42:33,2025-07-03 09:54:14.711949,2025-07-03 09:56:20.700000,2025-07-03 09:59:08.200,16.586666666666666,2.09980085,31,1,osrm
314,delivered,2025-07-03 09:43:44,2025-07-03 09:55:02.646607,2025-07-03 10:10:59.944008,2025-07-03 10:17:11.700,33.461666666666666,15.954956683333334,2,3,osrm
315,delivered,2025-07-03 09:43:38,2025-07-03 09:57:24.729199,2025-07-03 10:14:59.300000,2025-07-03 10:26:29.600,42.86,17.57618001666667,32,2,osrm
316,delivered,2025-07-03 09:43:36,2025-07-03 09:55:17.010674,2025-07-03 09:55:17.010674,2025-07-03 10:01:04.200,17.470000000000002,0.0,39,3,osrm
317,delivered,2025-07-03 09:44:37,2025-07-03 09:54:45.203200,2025-07-03 10:08:37.600000,2025-07-03 10:13:10.500,28.558333333333334,13.87328,25,2,osrm
318,delivered,2025-07-03 09:44:18,2025-07-03 09:56:35.546497,2025-07-03 10:04:21.868203,2025-07-03 10:08:56.400,24.64,7.772028433333333,18,4,osrm
319,delivered,2025-07-03 09:44:28,2025-07-03 10:01:29.343469,2025-07-03 10:04:46.200000,2025-07-03 10:10:10.900,25.715,3.280942183333333,10,2,osrm
320,delivered,2025-07-03 09:44:58,2025-07-03 09:56:50.613954,2025-07-03 10:05:52.588891,2025-07-03 10:02:05.500,17.125,9.032915616666665,15,4,osrm
321,delivered,2025-07-03 09:46:37,2025-07-03 09:56:26.703818,2025-07-03 10:04:21.868203,2025-07-03 10:08:56.400,22.323333333333334,7.919406416666666,18,4,osrm
322,delivered,2025-07-03 09:46:53,2025-07-03 09:54:58.267459,2025-07-03 09:56:03.200000,2025-07-03 10:00:04.000,13.183333333333334,1.0822090166666667,8,1,osrm
323,delivered,2025-07-03 09:46:06,2025-07-03 09:58:39.118803,2025-07-03 10:08:40.640688,2025-07-03 10:13:35.800,27.496666666666666,10.02536475,24,3,osrm
324,delivered,2025-07-03 09:47:21,2025-07-03 10:02:09.803497,2025-07-03 10:16:28.100000,2025-07-03 10:21:21.400,34.00666666666667,14.304941716666667,13,2,osrm
325,delivered,2025-07-03 09:47:19,2025-07-03 10:05:00.427557,2025-07-03 10:05:00.427557,2025-07-03 10:09:35.700,22.278333333333332,0.0,20,2,osrm
326,delivered,2025-07-03 09:47:55,2025-07-03 09:57:16.160248,2025-07-03 10:16:28.100000,2025-07-03 10:21:21.400,33.440000000000005,19.198995866666667,13,2,osrm
327,delivered,2025-07-03 09:48:23,2025-07-03 09:59:12.198979,2025-07-03 10:10:59.944008,2025-07-03 10:17:11.700,28.811666666666667,11.795750483333334,2,3,osrm
328,delivered,2025-07-03 09:48:58,2025-07-03 10:02:34.382462,2025-07-03 10:14:01.300000,2025-07-03 10:19:10.700,30.211666666666666,11.448625633333334,22,2,osrm
329,delivered,2025-07-03 09:48:29,2025-07-03 10:00:59.136970,2025-07-03 10:19:40.000000,2025-07-03 10:24:18.800,35.830000000000005,18.6810505,6,1,osrm
330,delivered,2025-07-03 09:48:03,2025-07-03 10:05:13.643903,2025-07-03 10:17:32.700000,2025-07-03 10:24:45.200,36.70333333333333,12.317601616666668,4,3,osrm
331,delivered,2025-07-03 09:48:54,2025-07-03 10:03:22.992785,2025-07-03 10:29:45.642554,2025-07-03 10:24:04.200,35.169999999999995,26.377496150000002,10,3,osrm
332,delivered,2025-07-03 09:48:41,2025-07-03 09:58:31.083335,2025-07-03 10:13:54.800000,2025-07-03 10:21:15.000,32.56666666666667,15.39527775,21,2,osrm
333,delivered,2025-07-03 09:49:45,2025-07-03 09:56:55.902121,2025-07-03 10:08:11.000000,2025-07-03 10:15:22.800,25.63,11.251631316666668,33,3,osrm
334,delivered,2025-07-03 09:49:30,2025-07-03 09:56:27.141304,2025-07-03 10:02:29.000000,2025-07-03 10:05:13.000,15.716666666666667,6.030978266666667,28,1,osrm
335,delivered,2025-07-03 09:49:08,2025-07-03 10:02:45.842569,2025-07-03 10:02:45.842569,2025-07-03 10:03:39.900,14.531666666666666,0.0,13,3,osrm
336,delivered,2025-07-03 09:49:51,2025-07-03 10:02:59.877411,2025-07-03 10:08:11.000000,2025-07-03 10:15:22.800,25.529999999999998,5.185376483333333,33,3,osrm
337,delivered,2025-07-03 09:49:36,2025-07-03 10:05:52.588891,2025-07-03 10:05:52.588891,2025-07-03 10:02:05.500,12.491666666666667,0.0,15,4,osrm
338,delivered,2025-07-03 09:50:20,2025-07-03 10:04:30.594090,2025-07-03 10:08:37.600000,2025-07-03 10:13:10.500,22.841666666666665,4.116765166666666,25,2,osrm
339,delivered,2025-07-03 09:50:15,2025-07-03 09:56:52.842016,2025-07-03 10:21:36.754092,2025-07-03 10:25:45.300,35.505,24.731867933333334,15,4,osrm
340,delivered,2025-07-03 09:51:53,2025-07-03 09:58:48.698977,2025-07-03 10:17:32.700000,2025-07-03 10:24:45.200,32.87,18.733350383333335,4,3,osrm
341,delivered,2025-07-03 09:52:15,2025-07-03 09:59:24.592256,2025-07-03 10:04:46.200000,2025-07-03 10:10:10.900,17.93166666666667,5.360129066666667,10,2,osrm
342,delivered,2025-07-03 09:53:53,2025-07-03 10:00:27.978862,2025-07-03 10:18:22.600000,2025-07-03 10:23:41.800,29.813333333333333,17.9103523,28,2,osrm
343,delivered,2025-07-03 09:53:01,2025-07-03 10:04:01.637794,2025-07-03 10:14:59.300000,2025-07-03 10:26:29.600,33.47666666666667,10.961036766666666,32,2,osrm
344,delivered,2025-07-03 09:54:27,2025-07-03 10:10:59.944008,2025-07-03 10:10:59.944008,2025-07-03 10:17:11.700,22.745,0.0,2,3,osrm
345,delivered,2025-07-03 09:54:58,2025-07-03 10:04:21.868203,2025-07-03 10:04:21.868203,2025-07-03 10:08:56.400,13.973333333333333,0.0,18,4,osrm
346,delivered,2025-07-03 09:55:51,2025-07-03 10:06:19.565093,2025-07-03 10:35:52.639126,2025-07-03 10:29:45.700,33.91166666666667,29.551233883333335,1,3,osrm
347,delivered,2025-07-03 09:55:36,2025-07-03 10:08:26.504699,2025-07-03 10:08:26.900000,2025-07-03 10:10:42.900,15.115,0.006588350000000001,40,1,osrm
348,delivered,2025-07-03 09:56:53,2025-07-03 10:08:16.461641,2025-07-03 10:11:05.400000,2025-07-03 10:18:44.700,21.861666666666668,2.8156393166666667,8,2,osrm
349,delivered,2025-07-03 09:56:26,2025-07-03 10:03:45.480939,2025-07-03 10:21:36.754092,2025-07-03 10:25:45.300,29.321666666666665,17.85455255,15,4,osrm
350,delivered,2025-07-03 09:57:58,2025-07-03 10:08:22.075231,2025-07-03 10:19:35.900000,2025-07-03 10:23:36.200,25.636666666666667,11.230412816666666,5,2,osrm
351,delivered,2025-07-03 09:57:50,2025-07-03 10:11:00.002320,2025-07-03 10:21:29.500000,2025-07-03 10:25:29.900,27.665000000000003,10.491627999999999,3,1,osrm
352,delivered,2025-07-03 09:57:26,2025-07-03 10:11:52.599240,2025-07-03 10:14:01.300000,2025-07-03 10:19:10.700,21.745,2.1450126666666667,22,2,osrm
353,delivered,2025-07-03 09:58:14,2025-07-03 10:08:40.640688,2025-07-03 10:08:40.640688,2025-07-03 10:13:35.800,15.363333333333333,0.0,24,3,osrm
354,delivered,2025-07-03 09:58:43,2025-07-03 10:13:18.085658,2025-07-03 10:17:32.700000,2025-07-03 10:24:45.200,26.03666666666667,4.243572366666666,4,3,osrm
355,delivered,2025-07-03 09:58:35,2025-07-03 10:10:58.729125,2025-07-03 10:15:42.500000,2025-07-03 10:19:43.900,21.148333333333333,4.729514583333333,35,1,osrm
356,delivered,2025-07-03 09:59:33,2025-07-03 10:08:39.148804,2025-07-03 10:13:54.800000,2025-07-03 10:21:15.000,21.7,5.260853266666667,21,2,osrm
357,delivered,2025-07-03 09:59:23,2025-07-03 10:11:34.838335,2025-07-03 10:14:53.000000,2025-07-03 10:17:01.200,17.636666666666667,3.3026944166666667,12,1,osrm
358,delivered,2025-07-03 09:59:05,2025-07-03 10:06:24.693912,2025-07-03 10:08:11.000000,2025-07-03 10:15:22.800,16.296666666666667,1.7717681333333333,33,3,osrm
359,delivered,2025-07-03 10:00:09,2025-07-03 10:08:59.149082,2025-07-03 10:30:53.683839,2025-07-03 10:34:48.100,34.651666666666664,21.908912616666665,11,2,osrm
360,delivered,2025-07-03 10:02:56,2025-07-03 10:21:07.794381,2025-07-03 10:28:25.100000,2025-07-03 10:31:02.100,28.101666666666667,7.288426983333333,18,1,osrm
361,delivered,2025-07-03 10:03:32,2025-07-03 10:13:32.032584,2025-07-03 10:21:36.754092,2025-07-03 10:25:45.300,22.221666666666668,8.0786918,15,4,osrm
362,delivered,2025-07-03 10:03:43,2025-07-03 10:13:27.049869,2025-07-03 10:18:22.600000,2025-07-03 10:23:41.800,19.98,4.925835516666667,28,2,osrm
363,delivered,2025-07-03 10:04:01,2025-07-03 10:17:38.641099,2025-07-03 10:29:05.200000,2025-07-03 10:34:27.300,30.438333333333333,11.44264835,19,1,osrm
364,delivered,2025-07-03 10:05:39,2025-07-03 10:17:59.239996,2025-07-03 10:19:35.900000,2025-07-03 10:23:36.200,17.953333333333333,1.6110000666666666,5,2,osrm
365,delivered,2025-07-03 10:05:00,2025-07-03 10:10:06.587216,2025-07-03 10:13:25.800000,2025-07-03 10:16:43.200,11.72,3.3202130666666667,23,1,osrm
366,delivered,2025-07-03 10:07:03,2025-07-03 10:18:34.377727,2025-07-03 10:20:13.700000,2025-07-03 10:22:51.800,15.813333333333333,1.6553712166666665,7,1,osrm
367,delivered,2025-07-03 10:08:59,2025-07-03 10:19:19.027710,2025-07-03 10:19:34.400000,2025-07-03 10:22:40.100,13.685,0.2562048333333333,17,1,osrm
368,delivered,2025-07-03 10:09:43,2025-07-03 10:25:49.791561,2025-07-03 10:30:56.600000,2025-07-03 10:34:18.000,24.583333333333332,5.113473983333334,20,1,osrm
369,delivered,2025-07-03 10:09:01,2025-07-03 10:21:36.754092,2025-07-03 10:21:36.754092,2025-07-03 10:25:45.300,16.738333333333333,0.0,15,4,osrm
370,delivered,2025-07-03 10:09:59,2025-07-03 10:20:01.501729,2025-07-03 10:20:01.501729,2025-07-03 10:23:38.400,13.656666666666666,0.0,27,1,osrm
371,delivered,2025-07-03 10:10:18,2025-07-03 10:22:43.624870,2025-07-03 10:24:29.900000,2025-07-03 10:28:47.600,18.493333333333332,1.7712521666666667,33,1,osrm
372,delivered,2025-07-03 10:11:22,2025-07-03 10:25:14.496131,2025-07-03 10:32:12.700000,2025-07-03 10:35:32.500,24.175,6.970064483333333,2,1,osrm
373,delivered,2025-07-03 10:11:28,2025-07-03 10:19:54.263710,2025-07-03 10:31:24.100000,2025-07-03 10:34:49.500,23.358333333333334,11.4972715,14,1,osrm
374,delivered,2025-07-03 10:11:55,2025-07-03 10:23:10.495151,2025-07-03 10:29:45.642554,2025-07-03 10:24:04.200,12.153333333333334,6.58579005,10,3,osrm
375,delivered,2025-07-03 10:12:14,2025-07-03 10:22:22.161682,2025-07-03 10:24:07.800000,2025-07-03 10:28:14.900,16.015,1.7606386333333333,39,1,osrm
376,delivered,2025-07-03 10:13:16,2025-07-03 10:29:35.208831,2025-07-03 10:29:35.208831,2025-07-03 10:31:22.400,18.10666666666667,0.0,35,1,osrm
377,delivered,2025-07-03 10:13:43,2025-07-03 10:28:42.467046,2025-07-03 10:28:59.100000,2025-07-03 10:31:52.800,18.163333333333334,0.2772159,40,1,osrm
378,delivered,2025-07-03 10:14:39,2025-07-03 10:22:49.132830,2025-07-03 10:26:26.500000,2025-07-03 10:30:36.800,15.963333333333333,3.6227861666666663,9,1,osrm
379,delivered,2025-07-03 10:14:54,2025-07-03 10:29:45.642554,2025-07-03 10:29:45.642554,2025-07-03 10:24:04.200,9.17,0.0,10,3,osrm
380,delivered,2025-07-03 10:15:56,2025-07-03 10:24:38.272202,2025-07-03 10:28:32.900000,2025-07-03 10:31:15.800,15.33,3.9104633000000004,12,1,osrm
381,delivered,2025-07-03 10:15:16,2025-07-03 10:28:13.960680,2025-07-03 10:30:01.200000,2025-07-03 10:32:33.800,17.296666666666667,1.787322,8,1,osrm
382,delivered,2025-07-03 10:16:20,2025-07-03 10:31:20.997153,2025-07-03 10:33:52.300000,2025-07-03 10:38:39.900,22.331666666666667,2.521714116666667,27,1,osrm
383,delivered,2025-07-03 10:17:30,2025-07-03 10:29:55.655563,2025-07-03 10:33:51.800000,2025-07-03 10:37:43.900,20.23166666666667,3.9357406166666666,21,1,osrm
384,delivered,2025-07-03 10:18:47,2025-07-03 10:23:47.000000,2025-07-03 10:28:10.100000,2025-07-03 10:33:12.000,14.416666666666666,4.385000000000001,30,1,osrm
385,delivered,2025-07-03 10:19:51,2025-07-03 10:34:08.675863,2025-07-03 10:38:23.400000,2025-07-03 10:45:11.500,25.341666666666665,4.245402283333333,33,1,osrm
386,delivered,2025-07-03 10:19:46,2025-07-03 10:32:47.238388,2025-07-03 10:35:52.639126,2025-07-03 10:29:45.700,9.995000000000001,3.0900122999999997,1,3,osrm
387,delivered,2025-07-03 10:20:50,2025-07-03 10:30:53.683839,2025-07-03 10:30:53.683839,2025-07-03 10:34:48.100,13.968333333333334,0.0,11,2,osrm
388,delivered,2025-07-03 10:20:03,2025-07-03 10:35:52.639126,2025-07-03 10:35:52.639126,2025-07-03 10:29:45.700,9.711666666666668,0.0,1,3,osrm
389,delivered,2025-07-03 10:21:20,2025-07-03 10:33:38.297770,2025-07-03 10:34:17.900000,2025-07-03 10:36:23.700,15.061666666666667,0.6600371666666667,4,1,osrm
390,delivered,2025-07-03 10:23:38,2025-07-03 10:41:15.712284,2025-07-03 10:43:54.700000,2025-07-03 10:47:40.500,24.041666666666668,2.6497952666666666,28,1,osrm
391,delivered,2025-07-03 10:25:40,2025-07-03 10:37:56.069697,2025-07-03 10:40:31.971894,2025-07-03 10:45:12.600,19.543333333333333,2.59836995,32,2,osrm
392,delivered,2025-07-03 10:26:56,2025-07-03 10:38:21.732544,2025-07-03 10:39:12.700000,2025-07-03 10:41:52.800,14.946666666666665,0.8494575999999999,34,1,osrm
393,delivered,2025-07-03 10:27:05,2025-07-03 10:37:35.568634,2025-07-03 10:43:25.100000,2025-07-03 10:47:50.400,20.756666666666668,5.8255227666666665,11,1,osrm
394,delivered,2025-07-03 10:27:01,2025-07-03 10:35:50.714399,2025-07-03 10:35:50.714399,2025-07-03 10:37:00.500,9.991666666666667,0.0,6,1,osrm
395,delivered,2025-07-03 10:28:06,2025-07-03 10:44:47.253866,2025-07-03 11:01:27.800000,2025-07-03 11:06:26.000,38.333333333333336,16.6757689,5,1,osrm
396,delivered,2025-07-03 10:29:47,2025-07-03 10:42:02.205362,2025-07-03 10:43:42.900000,2025-07-03 10:47:32.700,17.761666666666667,1.6782439666666666,15,1,osrm
397,delivered,2025-07-03 10:29:17,2025-07-03 10:41:14.361193,2025-07-03 10:45:08.300000,2025-07-03 10:47:27.900,18.18166666666667,3.8989801166666664,35,1,osrm
398,delivered,2025-07-03 10:30:34,2025-07-03 10:43:48.906636,2025-07-03 10:44:52.700000,2025-07-03 10:47:55.200,17.353333333333335,1.0632227333333333,36,1,osrm
399,delivered,2025-07-03 10:30:02,2025-07-03 10:35:53.098431,2025-07-03 10:38:13.900000,2025-07-03 10:42:50.400,12.806666666666667,2.3466928166666667,39,1,osrm
400,delivered,2025-07-03 10:31:32,2025-07-03 10:40:35.834274,2025-07-03 10:44:43.000000,2025-07-03 10:49:33.500,18.025,4.119428766666667,19,1,osrm
401,delivered,2025-07-03 10:31:25,2025-07-03 10:40:34.577283,2025-07-03 10:40:34.577283,2025-07-03 10:44:24.700,12.995000000000001,0.0,10,1,osrm
402,delivered,2025-07-03 10:32:59,2025-07-03 10:45:25.517369,2025-07-03 10:45:47.100000,2025-07-03 10:49:04.900,16.098333333333333,0.35971051666666665,30,1,osrm
403,delivered,2025-07-03 10:32:46,2025-07-03 10:40:31.971894,2025-07-03 10:40:31.971894,2025-07-03 10:45:12.600,12.443333333333333,0.0,32,2,osrm
404,delivered,2025-07-03 10:35:19,2025-07-03 10:51:38.254474,2025-07-03 10:54:22.900000,2025-07-03 10:57:29.500,22.175,2.7440921,2,1,osrm
405,delivered,2025-07-03 10:36:49,2025-07-03 10:47:42.837669,2025-07-03 10:55:10.800000,2025-07-03 10:58:33.700,21.745,7.46603885,24,1,osrm
406,delivered,2025-07-03 10:36:02,2025-07-03 10:57:02.946386,2025-07-03 10:59:29.800000,2025-07-03 11:01:31.200,25.486666666666668,2.4475602333333333,35,1,osrm
407,delivered,2025-07-03 10:37:33,2025-07-03 10:51:34.947349,2025-07-03 10:57:03.300000,2025-07-03 10:59:22.900,21.831666666666667,5.472544183333333,33,1,osrm
408,delivered,2025-07-03 10:37:30,2025-07-03 10:48:29.666520,2025-07-03 10:49:15.900000,2025-07-03 10:55:19.100,17.81833333333333,0.770558,9,1,osrm
409,delivered,2025-07-03 10:37:55,2025-07-03 10:49:44.915123,2025-07-03 10:50:42.500000,2025-07-03 10:51:34.400,13.656666666666666,0.95974795,22,1,osrm
410,delivered,2025-07-03 10:39:41,2025-07-03 10:51:56.490984,2025-07-03 10:55:32.000000,2025-07-03 10:56:55.900,17.248333333333335,3.5918169333333334,39,1,osrm
411,delivered,2025-07-03 10:39:39,2025-07-03 10:53:16.550800,2025-07-03 11:09:18.500000,2025-07-03 11:15:07.100,35.468333333333334,16.032486666666667,7,1,osrm
412,delivered,2025-07-03 10:39:00,2025-07-03 10:49:20.279128,2025-07-03 10:49:20.279128,2025-07-03 10:53:51.900,14.865,0.0,37,1,osrm
413,delivered,2025-07-03 10:40:01,2025-07-03 10:52:55.351381,2025-07-03 10:55:00.800000,2025-07-03 10:58:27.200,18.436666666666667,2.0908103166666665,29,1,osrm
414,delivered,2025-07-03 10:40:59,2025-07-03 10:57:05.201356,2025-07-03 11:00:15.000000,2025-07-03 11:02:34.100,21.584999999999997,3.1633107333333332,12,1,osrm
415,delivered,2025-07-03 10:42:02,2025-07-03 10:47:03.805784,2025-07-03 10:49:02.500000,2025-07-03 10:52:39.200,10.620000000000001,1.9782369333333334,16,1,osrm
416,delivered,2025-07-03 10:42:50,2025-07-03 10:58:54.742878,2025-07-03 10:58:54.742878,2025-07-03 11:01:51.900,19.03166666666667,0.0,19,1,osrm
417,delivered,2025-07-03 10:43:57,2025-07-03 10:55:02.452785,2025-07-03 10:58:21.100000,2025-07-03 11:03:06.700,19.16166666666667,3.3107869166666664,36,1,osrm
418,delivered,2025-07-03 10:44:50,2025-07-03 10:58:12.945185,2025-07-03 11:00:56.300000,2025-07-03 11:03:07.400,18.290000000000003,2.72258025,38,1,osrm
419,delivered,2025-07-03 10:45:30,2025-07-03 10:58:29.189972,2025-07-03 10:59:46.400000,2025-07-03 11:02:57.600,17.459999999999997,1.2868338,20,1,osrm
420,delivered,2025-07-03 10:47:44,2025-07-03 10:59:56.348226,2025-07-03 11:02:26.800000,2025-07-03 11:04:34.900,16.848333333333333,2.507529566666667,21,1,osrm
421,delivered,2025-07-03 10:47:43,2025-07-03 11:05:54.628590,2025-07-03 11:08:29.800000,2025-07-03 11:10:06.600,22.39333333333333,2.586190166666667,33,1,osrm
422,delivered,2025-07-03 10:49:26,2025-07-03 11:09:58.017609,2025-07-03 11:09:58.017609,2025-07-03 11:12:39.800,23.23,0.0,26,1,osrm
423,delivered,2025-07-03 10:50:08,2025-07-03 11:00:14.163783,2025-07-03 11:00:14.163783,2025-07-03 11:04:03.200,13.92,0.0,3,1,osrm
424,delivered,2025-07-03 10:53:32,2025-07-03 11:05:02.700687,2025-07-03 11:05:02.700687,2025-07-03 11:07:34.300,14.038333333333332,0.0,32,1,osrm
425,delivered,2025-07-03 10:55:36,2025-07-03 11:05:59.848570,2025-07-03 11:09:09.500000,2025-07-03 11:13:12.900,17.615000000000002,3.1608571666666667,29,1,osrm
426,delivered,2025-07-03 10:55:24,2025-07-03 11:07:36.923420,2025-07-03 11:10:27.700000,2025-07-03 11:12:13.700,16.828333333333333,2.8462763333333334,14,1,osrm
427,delivered,2025-07-03 10:59:18,2025-07-03 11:06:36.933748,2025-07-03 11:10:18.600000,2025-07-03 11:11:49.900,12.531666666666666,3.6944375333333332,10,1,osrm
428,delivered,2025-07-03 10:59:25,2025-07-03 11:16:48.289183,2025-07-03 11:18:13.400000,2025-07-03 11:21:54.000,22.483333333333334,1.4185136166666665,5,1,osrm
429,delivered,2025-07-03 11:01:16,2025-07-03 11:18:22.936515,2025-07-03 11:20:07.900000,2025-07-03 11:22:39.100,21.384999999999998,1.7493914166666669,32,1,osrm
430,delivered,2025-07-03 11:01:35,2025-07-03 11:13:04.035577,2025-07-03 11:14:24.500000,2025-07-03 11:19:27.900,17.881666666666668,1.3410737166666666,13,1,osrm
431,delivered,2025-07-03 11:01:20,2025-07-03 11:16:32.249647,2025-07-03 11:19:27.400000,2025-07-03 11:21:44.700,20.41166666666667,2.91917255,33,1,osrm
432,delivered,2025-07-03 11:01:16,2025-07-03 11:12:57.004400,2025-07-03 11:14:27.100000,2025-07-03 11:18:21.900,17.098333333333336,1.5015933333333333,40,1,osrm
433,delivered,2025-07-03 11:04:44,2025-07-03 11:17:27.724668,2025-07-03 11:21:22.200000,2025-07-03 11:24:40.300,19.938333333333333,3.9079222000000002,38,1,osrm
434,delivered,2025-07-03 11:10:26,2025-07-03 11:26:04.202921,2025-07-03 11:30:29.400000,2025-07-03 11:33:10.600,22.743333333333332,4.419951316666666,11,1,osrm
435,delivered,2025-07-03 11:10:59,2025-07-03 11:26:30.692952,2025-07-03 11:29:07.000000,2025-07-03 11:32:55.400,21.94,2.605117466666667,15,1,osrm
436,delivered,2025-07-03 11:11:14,2025-07-03 11:16:39.773289,2025-07-03 11:20:23.600000,2025-07-03 11:23:11.800,11.963333333333333,3.730445183333333,9,1,osrm
437,delivered,2025-07-03 11:11:23,2025-07-03 11:21:02.622085,2025-07-03 11:25:08.300000,2025-07-03 11:28:40.500,17.291666666666668,4.094631916666667,29,1,osrm
438,delivered,2025-07-03 11:11:16,2025-07-03 11:22:14.225425,2025-07-03 11:23:59.500000,2025-07-03 11:27:11.900,15.931666666666667,1.75457625,7,1,osrm
439,delivered,2025-07-03 11:17:24,2025-07-03 11:28:35.330719,2025-07-03 11:31:10.500000,2025-07-03 11:34:14.400,16.84,2.5861546833333335,13,1,osrm
440,delivered,2025-07-03 11:17:21,2025-07-03 11:25:52.154804,2025-07-03 11:29:35.300000,2025-07-03 11:32:07.300,14.771666666666667,3.7190866,3,1,osrm
441,delivered,2025-07-03 11:20:54,2025-07-03 11:36:25.169321,2025-07-03 11:41:29.300000,2025-07-03 11:44:55.300,24.021666666666665,5.06884465,19,1,osrm
442,delivered,2025-07-03 11:20:30,2025-07-03 11:33:48.122803,2025-07-03 11:34:08.200000,2025-07-03 11:37:03.500,16.558333333333334,0.33461995000000005,17,1,osrm
443,delivered,2025-07-03 11:20:37,2025-07-03 11:28:17.971390,2025-07-03 11:30:09.500000,2025-07-03 11:35:16.500,14.658333333333333,1.8588101666666668,34,1,osrm
444,delivered,2025-07-03 11:22:38,2025-07-03 11:33:39.937073,2025-07-03 11:35:05.000000,2025-07-03 11:38:52.800,16.246666666666666,1.41771545,30,1,osrm
445,delivered,2025-07-03 11:22:15,2025-07-03 11:32:00.016109,2025-07-03 11:35:32.000000,2025-07-03 11:40:26.000,18.183333333333334,3.53306485,5,1,osrm
446,delivered,2025-07-03 11:22:49,2025-07-03 11:37:30.530525,2025-07-03 11:40:55.600000,2025-07-03 11:44:22.100,21.551666666666666,3.4178245833333336,7,1,osrm
447,delivered,2025-07-03 11:26:19,2025-07-03 11:37:08.567655,2025-07-03 11:56:49.400000,2025-07-03 12:02:33.500,36.24166666666667,19.680539083333333,18,1,osrm
448,delivered,2025-07-03 11:29:53,2025-07-03 11:41:44.551692,2025-07-03 11:44:36.900000,2025-07-03 11:46:48.200,16.92,2.8724718,2,1,osrm
449,delivered,2025-07-03 11:31:28,2025-07-03 11:42:16.485614,2025-07-03 11:45:05.000000,2025-07-03 11:49:10.100,17.701666666666664,2.8085731,3,1,osrm
450,delivered,2025-07-03 11:32:54,2025-07-03 11:43:12.639915,2025-07-03 11:43:30.200000,2025-07-03 11:47:57.200,15.053333333333335,0.29266808333333333,11,1,osrm
451,delivered,2025-07-03 11:32:09,2025-07-03 11:42:10.897613,2025-07-03 11:46:40.100000,2025-07-03 11:50:20.700,18.195,4.48670645,22,1,osrm
452,delivered,2025-07-03 11:35:50,2025-07-03 11:47:56.661606,2025-07-03 11:48:15.800000,2025-07-03 11:50:53.000,15.05,0.3189732333333334,29,1,osrm
453,delivered,2025-07-03 11:36:44,2025-07-03 11:50:40.232753,2025-07-03 11:50:40.232753,2025-07-03 11:54:04.500,17.341666666666665,0.0,21,1,osrm
454,delivered,2025-07-03 11:36:26,2025-07-03 11:49:31.739492,2025-07-03 11:50:57.000000,2025-07-03 11:53:02.700,16.611666666666668,1.4210084666666667,36,1,osrm
455,delivered,2025-07-03 11:38:24,2025-07-03 11:48:16.132261,2025-07-03 11:54:41.400000,2025-07-03 11:58:43.700,20.328333333333333,6.421128983333333,4,1,osrm
456,delivered,2025-07-03 11:42:24,2025-07-03 11:50:27.262349,2025-07-03 11:50:34.300000,2025-07-03 11:53:44.400,11.34,0.11729418333333334,17,1,osrm
457,delivered,2025-07-03 11:42:00,2025-07-03 11:55:26.552561,2025-07-03 11:57:00.500000,2025-07-03 11:59:10.300,17.171666666666667,1.56579065,40,1,osrm
458,delivered,2025-07-03 11:43:48,2025-07-03 11:56:52.499823,2025-07-03 11:59:18.800000,2025-07-03 12:04:01.500,20.225,2.4383362833333333,16,1,osrm
459,delivered,2025-07-03 11:43:14,2025-07-03 11:52:51.038563,2025-07-03 11:59:41.400000,2025-07-03 12:04:08.000,20.9,6.839357283333333,1,1,osrm
460,delivered,2025-07-03 11:44:47,2025-07-03 11:55:22.344007,2025-07-03 11:55:54.400000,2025-07-03 11:57:28.300,12.688333333333333,0.53426655,31,1,osrm
461,delivered,2025-07-03 11:45:37,2025-07-03 11:51:59.184875,2025-07-03 11:55:20.800000,2025-07-03 11:57:26.400,11.823333333333332,3.3602520833333336,19,1,osrm
462,delivered,2025-07-03 11:46:53,2025-07-03 11:54:56.753730,2025-07-03 11:55:42.100000,2025-07-03 11:59:43.200,12.836666666666668,0.7557711666666667,34,1,osrm
463,delivered,2025-07-03 11:46:08,2025-07-03 12:02:17.674677,2025-07-03 12:05:51.600000,2025-07-03 12:08:06.900,21.98166666666667,3.56542205,8,1,osrm
464,delivered,2025-07-03 11:48:21,2025-07-03 12:01:30.942718,2025-07-03 12:04:08.000000,2025-07-03 12:08:26.900,20.098333333333336,2.6176213666666666,17,1,osrm
465,delivered,2025-07-03 11:50:02,2025-07-03 11:59:01.562465,2025-07-03 11:59:21.800000,2025-07-03 12:01:24.500,11.375,0.33729225,11,1,osrm
466,delivered,2025-07-03 11:51:14,2025-07-03 12:00:28.369663,2025-07-03 12:00:28.369663,2025-07-03 12:03:28.300,12.238333333333333,0.0,38,1,osrm
467,delivered,2025-07-03 11:53:28,2025-07-03 12:04:42.795993,2025-07-03 12:08:48.900000,2025-07-03 12:14:22.400,20.90666666666667,4.10173345,22,1,osrm
468,delivered,2025-07-03 11:53:26,2025-07-03 12:05:05.674904,2025-07-03 12:06:15.900000,2025-07-03 12:09:03.300,15.621666666666666,1.1704182666666665,21,1,osrm
469,delivered,2025-07-03 11:56:29,2025-07-03 12:13:18.940772,2025-07-03 12:15:32.800000,2025-07-03 12:19:54.300,23.421666666666667,2.2309871333333335,38,1,osrm
470,delivered,2025-07-03 12:00:01,2025-07-03 12:10:12.443226,2025-07-03 12:10:12.443226,2025-07-03 12:12:46.100,12.751666666666667,0.0,19,1,osrm
471,delivered,2025-07-03 12:01:09,2025-07-03 12:16:55.874633,2025-07-03 12:20:19.300000,2025-07-03 12:21:34.000,20.416666666666668,3.3904227833333334,25,1,osrm
472,delivered,2025-07-03 12:01:53,2025-07-03 12:12:53.562635,2025-07-03 12:13:08.900000,2025-07-03 12:18:09.100,16.268333333333334,0.25562275,35,1,osrm
473,delivered,2025-07-03 12:05:28,2025-07-03 12:14:11.415308,2025-07-03 12:14:11.415308,2025-07-03 12:16:45.500,11.291666666666666,0.0,16,1,osrm
474,delivered,2025-07-03 12:08:57,2025-07-03 12:22:33.752503,2025-07-03 12:25:31.000000,2025-07-03 12:29:35.000,20.633333333333333,2.95412495,22,1,osrm
475,delivered,2025-07-03 12:10:42,2025-07-03 12:24:33.366497,2025-07-03 12:29:52.100000,2025-07-03 12:34:13.000,23.516666666666666,5.3122250499999994,38,1,osrm
476,delivered,2025-07-03 12:11:12,2025-07-03 12:24:04.336324,2025-07-03 12:24:18.700000,2025-07-03 12:27:13.200,16.02,0.23939459999999999,19,1,osrm
477,delivered,2025-07-03 12:11:13,2025-07-03 12:26:41.939884,2025-07-03 12:30:01.500000,2025-07-03 12:34:44.000,23.516666666666666,3.326001933333333,16,1,osrm
478,delivered,2025-07-03 12:12:26,2025-07-03 12:23:32.582993,2025-07-03 12:23:53.500000,2025-07-03 12:27:16.300,14.838333333333333,0.34861678333333335,23,1,osrm
479,delivered,2025-07-03 12:13:33,2025-07-03 12:27:22.726105,2025-07-03 12:40:11.000000,2025-07-03 12:44:51.900,31.315,12.804564916666667,2,1,osrm
480,delivered,2025-07-03 12:16:19,2025-07-03 12:29:48.127766,2025-07-03 12:29:48.127766,2025-07-03 12:29:49.300,13.504999999999999,0.0,32,1,osrm
481,delivered,2025-07-03 12:18:58,2025-07-03 12:29:22.934756,2025-07-03 12:45:05.400000,2025-07-03 12:49:55.700,30.961666666666666,15.707754066666666,25,1,osrm
482,delivered,2025-07-03 12:19:49,2025-07-03 12:35:42.703748,2025-07-03 12:35:42.703748,2025-07-03 12:39:26.400,19.623333333333335,0.0,5,1,osrm
483,delivered,2025-07-03 12:20:09,2025-07-03 12:29:14.137881,2025-07-03 12:30:41.400000,2025-07-03 12:33:59.800,13.846666666666666,1.45436865,21,1,osrm
484,delivered,2025-07-03 12:21:34,2025-07-03 12:34:10.954103,2025-07-03 12:34:10.954103,2025-07-03 12:35:52.000,14.3,0.0,6,1,osrm
485,delivered,2025-07-03 12:24:14,2025-07-03 12:37:01.035055,2025-07-03 12:39:27.200000,2025-07-03 12:40:18.500,16.075,2.4360824166666664,20,1,osrm
486,delivered,2025-07-03 12:26:12,2025-07-03 12:38:27.109796,2025-07-03 12:39:36.200000,2025-07-03 12:40:35.500,14.391666666666667,1.1515034,22,1,osrm
487,delivered,2025-07-03 12:28:23,2025-07-03 12:38:32.371980,2025-07-03 12:41:54.200000,2025-07-03 12:45:20.700,16.961666666666666,3.3638003333333333,31,1,osrm
488,delivered,2025-07-03 12:29:23,2025-07-03 12:46:38.996993,2025-07-03 12:50:01.800000,2025-07-03 12:53:50.500,24.458333333333332,3.3800501166666668,9,1,osrm
489,delivered,2025-07-03 12:31:36,2025-07-03 12:46:11.011574,2025-07-03 12:50:05.400000,2025-07-03 12:53:40.900,22.081666666666667,3.9064737666666667,36,1,osrm
490,delivered,2025-07-03 12:33:16,2025-07-03 12:47:28.876241,2025-07-03 12:49:54.200000,2025-07-03 12:52:31.200,19.253333333333334,2.42206265,4,1,osrm
491,delivered,2025-07-03 12:35:16,2025-07-03 12:44:04.706750,2025-07-03 12:44:42.800000,2025-07-03 12:49:21.400,14.09,0.6348874999999999,18,1,osrm
492,delivered,2025-07-03 12:35:00,2025-07-03 12:45:32.412381,2025-07-03 12:45:32.412381,2025-07-03 12:47:24.000,12.4,0.0,7,1,osrm
493,delivered,2025-07-03 12:36:16,2025-07-03 12:53:09.588718,2025-07-03 12:56:09.100000,2025-07-03 13:00:21.900,24.098333333333336,2.9918546999999998,33,1,osrm
494,delivered,2025-07-03 12:37:21,2025-07-03 12:47:14.569095,2025-07-03 12:49:13.500000,2025-07-03 12:50:22.700,13.028333333333334,1.9821817499999999,11,1,osrm
495,delivered,2025-07-03 12:38:22,2025-07-03 12:52:44.963893,2025-07-03 12:54:24.900000,2025-07-03 12:55:53.900,17.53166666666667,1.6656017833333334,22,1,osrm
496,delivered,2025-07-03 12:38:40,2025-07-03 12:50:36.565183,2025-07-03 12:50:36.565183,2025-07-03 12:52:32.900,13.881666666666666,0.0,8,1,osrm
497,delivered,2025-07-03 12:45:15,2025-07-03 12:55:34.227427,2025-07-03 12:55:34.227427,2025-07-03 12:58:45.300,13.504999999999999,0.0,16,1,osrm
498,delivered,2025-07-03 12:47:47,2025-07-03 13:01:31.736396,2025-07-03 13:04:43.400000,2025-07-03 13:07:35.700,19.811666666666667,3.1943934,9,1,osrm
499,delivered,2025-07-03 12:48:59,2025-07-03 13:02:26.357276,2025-07-03 13:03:22.100000,2025-07-03 13:04:55.700,15.945,0.9290454,35,1,osrm
500,delivered,2025-07-03 12:48:31,2025-07-03 12:59:14.788468,2025-07-03 12:59:18.900000,2025-07-03 13:05:03.700,16.545,0.06852553333333335,10,1,osrm
501,delivered,2025-07-03 12:49:31,2025-07-03 13:09:22.583690,2025-07-03 13:09:23.900000,2025-07-03 13:13:17.600,23.776666666666664,0.021938500000000003,38,1,osrm
502,delivered,2025-07-03 12:49:10,2025-07-03 13:02:05.557665,2025-07-03 13:04:04.300000,2025-07-03 13:06:58.200,17.803333333333335,1.9790389166666666,36,1,osrm
503,delivered,2025-07-03 12:49:20,2025-07-03 12:59:13.928347,2025-07-03 13:01:24.800000,2025-07-03 13:04:51.000,15.516666666666667,2.181194216666667,15,1,osrm
504,delivered,2025-07-03 12:50:22,2025-07-03 13:05:57.155139,2025-07-03 13:09:27.700000,2025-07-03 13:13:01.400,22.65666666666667,3.509081016666667,40,1,osrm
505,delivered,2025-07-03 12:52:22,2025-07-03 13:06:11.571470,2025-07-03 13:09:48.600000,2025-07-03 13:12:55.900,20.565,3.6171421666666665,33,1,osrm
506,delivered,2025-07-03 12:53:36,2025-07-03 13:04:26.855691,2025-07-03 13:04:26.855691,2025-07-03 13:07:06.700,13.511666666666667,0.0,8,1,osrm
507,delivered,2025-07-03 12:53:34,2025-07-03 13:05:35.433944,2025-07-03 13:07:27.700000,2025-07-03 13:08:36.000,15.033333333333333,1.8711009333333335,32,1,osrm
508,delivered,2025-07-03 12:54:11,2025-07-03 13:09:49.880658,2025-07-03 13:09:49.880658,2025-07-03 13:13:40.600,19.493333333333332,0.0,22,1,osrm
509,delivered,2025-07-03 12:54:50,2025-07-03 13:12:44.625964,2025-07-03 13:14:12.100000,2025-07-03 13:17:41.600,22.86,1.4579005999999999,30,1,osrm
510,delivered,2025-07-03 12:57:11,2025-07-03 13:10:40.563118,2025-07-03 13:10:59.000000,2025-07-03 13:15:16.900,18.098333333333336,0.30728136666666667,14,1,osrm
511,delivered,2025-07-03 12:57:58,2025-07-03 13:13:41.444179,2025-07-03 13:15:05.100000,2025-07-03 13:19:00.500,21.041666666666668,1.3942636833333333,39,1,osrm
512,delivered,2025-07-03 12:58:52,2025-07-03 13:09:32.424747,2025-07-03 13:09:32.424747,2025-07-03 13:11:54.200,13.036666666666667,0.0,25,1,osrm
513,delivered,2025-07-03 12:59:02,2025-07-03 13:15:05.299923,2025-07-03 13:15:05.299923,2025-07-03 13:17:22.200,18.336666666666666,0.0,28,1,osrm
514,delivered,2025-07-03 13:01:07,2025-07-03 13:21:49.711565,2025-07-03 13:24:42.600000,2025-07-03 13:29:37.600,28.509999999999998,2.8814739166666663,22,1,osrm
515,delivered,2025-07-03 13:01:33,2025-07-03 13:14:57.671974,2025-07-03 13:14:57.671974,2025-07-03 13:18:03.200,16.503333333333334,0.0,4,1,osrm
516,delivered,2025-07-03 13:01:14,2025-07-03 13:13:00.436677,2025-07-03 13:30:43.500000,2025-07-03 13:36:37.500,35.391666666666666,17.717722050000003,9,1,osrm
517,delivered,2025-07-03 13:01:59,2025-07-03 13:14:57.698507,2025-07-03 13:21:52.200000,2025-07-03 13:25:42.100,23.71833333333333,6.908358216666667,36,1,osrm
518,delivered,2025-07-03 13:02:00,2025-07-03 13:18:06.073814,2025-07-03 13:19:30.200000,2025-07-03 13:21:44.600,19.743333333333332,1.4021031000000002,20,1,osrm
519,delivered,2025-07-03 13:04:14,2025-07-03 13:17:11.694703,2025-07-03 13:35:43.500000,2025-07-03 13:41:07.000,36.88333333333333,18.530088283333335,25,1,osrm
520,delivered,2025-07-03 13:04:14,2025-07-03 13:14:19.737372,2025-07-03 13:16:43.700000,2025-07-03 13:20:26.000,16.2,2.399377133333333,35,1,osrm
521,delivered,2025-07-03 13:08:49,2025-07-03 13:17:41.661190,2025-07-03 13:20:30.800000,2025-07-03 13:23:37.800,14.813333333333333,2.818980166666667,37,1,osrm
522,delivered,2025-07-03 13:09:23,2025-07-03 13:16:10.077711,2025-07-03 13:21:12.300000,2025-07-03 13:24:54.500,15.525,5.03703815,16,1,osrm
523,delivered,2025-07-03 13:10:47,2025-07-03 13:19:03.954178,2025-07-03 13:26:00.100000,2025-07-03 13:30:17.400,19.506666666666668,6.9357637,19,1,osrm
524,delivered,2025-07-03 13:11:11,2025-07-03 13:27:04.579201,2025-07-03 13:36:35.900000,2025-07-03 13:40:29.100,29.301666666666666,9.522013316666666,12,1,osrm
525,delivered,2025-07-03 13:11:03,2025-07-03 13:28:12.045253,2025-07-03 13:29:41.000000,2025-07-03 13:32:04.500,21.025,1.4825791166666666,39,1,osrm
526,delivered,2025-07-03 13:11:48,2025-07-03 13:23:48.646728,2025-07-03 13:40:13.600000,2025-07-03 13:46:35.200,34.78666666666666,16.415887866666665,18,1,osrm
527,delivered,2025-07-03 13:12:17,2025-07-03 13:24:32.350072,2025-07-03 13:25:11.000000,2025-07-03 13:25:49.900,13.548333333333334,0.6441654666666667,14,1,osrm
528,delivered,2025-07-03 13:13:46,2025-07-03 13:24:35.774716,2025-07-03 13:26:32.200000,2025-07-03 13:29:59.900,16.231666666666666,1.9404214000000002,23,1,osrm
529,delivered,2025-07-03 13:19:00,2025-07-03 13:42:02.806804,2025-07-03 13:45:06.500000,2025-07-03 13:47:42.700,28.711666666666666,3.0615532666666665,3,1,osrm
530,delivered,2025-07-03 13:20:05,2025-07-03 13:33:44.548112,2025-07-03 13:35:50.500000,2025-07-03 13:39:26.900,19.365000000000002,2.099198133333333,27,1,osrm
531,delivered,2025-07-03 13:22:12,2025-07-03 13:29:35.866529,2025-07-03 13:29:35.866529,2025-07-03 13:35:03.400,12.856666666666666,0.0,21,1,osrm
532,delivered,2025-07-03 13:22:53,2025-07-03 13:34:47.818669,2025-07-03 13:40:33.100000,2025-07-03 13:44:41.700,21.811666666666667,5.75468885,28,1,osrm
533,delivered,2025-07-03 13:23:39,2025-07-03 13:32:18.612091,2025-07-03 13:35:24.900000,2025-07-03 13:38:14.400,14.59,3.1047984833333335,40,1,osrm
534,delivered,2025-07-03 13:24:36,2025-07-03 13:38:30.434307,2025-07-03 13:39:22.900000,2025-07-03 13:42:26.300,17.83833333333333,0.8744282166666667,23,1,osrm
535,delivered,2025-07-03 13:25:07,2025-07-03 13:37:17.194487,2025-07-03 13:39:41.700000,2025-07-03 13:43:06.400,17.990000000000002,2.4084252166666666,22,1,osrm
536,delivered,2025-07-03 13:28:30,2025-07-03 13:42:20.502855,2025-07-03 13:44:22.700000,2025-07-03 13:48:03.600,19.56,2.0366190833333335,37,1,osrm
537,delivered,2025-07-03 13:28:43,2025-07-03 13:43:13.407463,2025-07-03 13:44:04.200000,2025-07-03 13:46:42.600,17.993333333333332,0.8465422833333334,39,1,osrm
538,delivered,2025-07-03 13:29:32,2025-07-03 13:42:48.350002,2025-07-03 13:46:15.000000,2025-07-03 13:48:22.500,18.841666666666665,3.4441666333333334,6,1,osrm
539,delivered,2025-07-03 13:30:44,2025-07-03 13:45:07.457550,2025-07-03 13:45:33.800000,2025-07-03 13:50:22.100,19.634999999999998,0.4390408333333333,4,1,osrm
540,delivered,2025-07-03 13:33:52,2025-07-03 13:40:44.430300,2025-07-03 13:44:39.800000,2025-07-03 13:50:24.500,16.541666666666668,3.9228283333333334,21,1,osrm
541,delivered,2025-07-03 13:35:48,2025-07-03 13:48:31.757678,2025-07-03 13:48:56.500000,2025-07-03 13:52:41.800,16.896666666666665,0.41237203333333333,5,1,osrm
542,delivered,2025-07-03 13:35:07,2025-07-03 13:43:09.280776,2025-07-03 13:44:47.700000,2025-07-03 13:46:27.500,11.341666666666667,1.6403204,2,1,osrm
543,delivered,2025-07-03 13:35:21,2025-07-03 13:49:09.176011,2025-07-03 13:49:09.176011,2025-07-03 13:50:54.400,15.556666666666667,0.0,32,1,osrm
544,delivered,2025-07-03 13:36:54,2025-07-03 13:49:26.974308,2025-07-03 13:49:26.974308,2025-07-03 13:50:14.500,13.341666666666667,0.0,34,1,osrm
545,delivered,2025-07-03 13:46:03,2025-07-03 14:00:30.481542,2025-07-03 14:00:30.481542,2025-07-03 14:00:56.300,14.888333333333332,0.0,34,1,osrm
546,delivered,2025-07-03 13:48:20,2025-07-03 13:59:09.130137,2025-07-03 13:59:59.900000,2025-07-03 14:02:43.600,14.393333333333334,0.8461643833333333,1,1,osrm
547,delivered,2025-07-03 13:49:38,2025-07-03 14:05:15.033100,2025-07-03 14:07:10.500000,2025-07-03 14:08:49.100,19.185,1.9244483333333333,3,1,osrm
548,delivered,2025-07-03 13:50:04,2025-07-03 14:01:36.170882,2025-07-03 14:04:48.400000,2025-07-03 14:08:06.800,18.046666666666667,3.2038186333333334,16,1,osrm
549,delivered,2025-07-03 13:50:01,2025-07-03 13:58:46.447994,2025-07-03 14:00:39.600000,2025-07-03 14:02:53.400,12.873333333333333,1.8858667666666666,4,1,osrm
550,delivered,2025-07-03 13:51:19,2025-07-03 14:02:14.739180,2025-07-03 14:06:51.500000,2025-07-03 14:10:32.700,19.228333333333335,4.6126803333333335,11,1,osrm
551,delivered,2025-07-03 13:52:55,2025-07-03 14:07:53.043461,2025-07-03 14:09:40.300000,2025-07-03 14:12:47.500,19.875,1.7876089833333333,35,1,osrm
552,delivered,2025-07-03 13:53:40,2025-07-03 14:03:47.737247,2025-07-03 14:04:59.900000,2025-07-03 14:07:52.900,14.215,1.20271255,32,1,osrm
553,delivered,2025-07-03 13:59:29,2025-07-03 14:07:07.634021,2025-07-03 14:09:21.100000,2025-07-03 14:12:01.000,12.533333333333333,2.2244329833333336,29,1,osrm
554,delivered,2025-07-03 13:59:40,2025-07-03 14:08:27.532651,2025-07-03 14:08:27.532651,2025-07-03 14:12:39.300,12.988333333333333,0.0,15,1,osrm
555,delivered,2025-07-03 14:04:32,2025-07-03 14:16:48.008858,2025-07-03 14:20:00.800000,2025-07-03 14:24:53.000,20.35,3.2131857,32,1,osrm
556,delivered,2025-07-03 14:05:58,2025-07-03 14:17:53.442694,2025-07-03 14:20:37.200000,2025-07-03 14:23:13.800,17.263333333333332,2.729288433333333,38,1,osrm
557,delivered,2025-07-03 14:06:47,2025-07-03 14:19:21.200795,2025-07-03 14:19:21.200795,2025-07-03 14:23:54.800,17.13,0.0,16,1,osrm
558,delivered,2025-07-03 14:07:38,2025-07-03 14:20:25.143424,2025-07-03 14:20:25.143424,2025-07-03 14:21:42.100,14.068333333333333,0.0,17,1,osrm
559,delivered,2025-07-03 14:07:50,2025-07-03 14:18:49.112483,2025-07-03 14:20:15.400000,2025-07-03 14:23:40.200,15.836666666666668,1.4381252833333333,12,1,osrm
560,delivered,2025-07-03 14:08:15,2025-07-03 14:23:31.489831,2025-07-03 14:25:02.100000,2025-07-03 14:29:26.100,21.185,1.5101694833333332,20,1,osrm
561,delivered,2025-07-03 14:09:09,2025-07-03 14:18:19.434867,2025-07-03 14:18:53.300000,2025-07-03 14:22:06.500,12.958333333333334,0.5644188833333333,9,1,osrm
562,delivered,2025-07-03 14:14:33,2025-07-03 14:24:35.343493,2025-07-03 14:24:35.343493,2025-07-03 14:26:37.000,12.066666666666666,0.0,37,1,osrm
563,delivered,2025-07-03 14:15:18,2025-07-03 14:20:45.649657,2025-07-03 14:20:45.649657,2025-07-03 14:20:57.300,5.655,0.0,11,1,osrm
564,delivered,2025-07-03 14:17:27,2025-07-03 14:34:12.378426,2025-07-03 14:34:12.378426,2025-07-03 14:38:06.300,20.654999999999998,0.0,24,1,osrm
565,delivered,2025-07-03 14:20:43,2025-07-03 14:33:25.029088,2025-07-03 14:33:29.500000,2025-07-03 14:35:04.100,14.351666666666667,0.0745152,29,1,osrm
566,delivered,2025-07-03 14:20:48,2025-07-03 14:31:04.048906,2025-07-03 14:34:39.900000,2025-07-03 14:38:17.100,17.485,3.597518233333333,28,1,osrm
567,delivered,2025-07-03 14:21:25,2025-07-03 14:31:11.238680,2025-07-03 14:36:29.400000,2025-07-03 14:38:45.900,17.348333333333336,5.302688666666667,16,1,osrm
568,delivered,2025-07-03 14:22:35,2025-07-03 14:36:33.932054,2025-07-03 14:39:25.900000,2025-07-03 14:42:15.700,19.678333333333335,2.8661324333333336,33,1,osrm
569,delivered,2025-07-03 14:23:59,2025-07-03 14:39:25.180001,2025-07-03 14:41:32.600000,2025-07-03 14:42:48.000,18.816666666666666,2.12366665,6,1,osrm
570,delivered,2025-07-03 14:25:18,2025-07-03 14:38:58.063404,2025-07-03 14:39:33.300000,2025-07-03 14:42:21.600,17.06,0.5872765999999999,37,1,osrm
571,delivered,2025-07-03 14:26:15,2025-07-03 14:35:02.232222,2025-07-03 14:35:42.600000,2025-07-03 14:40:32.100,14.285,0.6727963,14,1,osrm
572,delivered,2025-07-03 14:31:39,2025-07-03 14:48:36.696330,2025-07-03 15:00:05.000000,2025-07-03 15:05:00.600,33.36,11.471727833333334,40,1,osrm
573,delivered,2025-07-03 14:31:54,2025-07-03 14:37:34.018761,2025-07-03 14:40:45.800000,2025-07-03 14:43:03.400,11.156666666666666,3.196353983333333,39,1,osrm
574,delivered,2025-07-03 14:32:20,2025-07-03 14:45:36.485020,2025-07-03 14:46:45.400000,2025-07-03 14:49:17.100,16.951666666666668,1.148583,29,1,osrm
575,delivered,2025-07-03 14:33:38,2025-07-03 14:43:45.349157,2025-07-03 14:46:01.200000,2025-07-03 14:47:38.400,14.006666666666666,2.2641807166666665,20,1,osrm
576,delivered,2025-07-03 14:33:41,2025-07-03 14:43:05.093668,2025-07-03 14:43:36.200000,2025-07-03 14:46:02.600,12.360000000000001,0.5184388666666666,11,1,osrm
577,delivered,2025-07-03 14:34:59,2025-07-03 14:47:46.303879,2025-07-03 14:49:20.200000,2025-07-03 14:53:14.300,18.255,1.5649353499999998,14,1,osrm
578,delivered,2025-07-03 14:37:26,2025-07-03 14:52:22.076592,2025-07-03 14:54:46.400000,2025-07-03 14:56:50.000,19.4,2.4053901333333334,27,1,osrm
579,delivered,2025-07-03 14:41:23,2025-07-03 14:55:41.601245,2025-07-03 14:55:41.601245,2025-07-03 14:58:28.200,17.086666666666666,0.0,35,1,osrm
580,delivered,2025-07-03 14:44:36,2025-07-03 14:59:37.231399,2025-07-03 15:01:08.600000,2025-07-03 15:04:06.600,19.509999999999998,1.5228100166666667,30,1,osrm
581,delivered,2025-07-03 14:44:46,2025-07-03 14:54:52.685068,2025-07-03 15:00:31.400000,2025-07-03 15:04:57.400,20.19,5.645248866666666,28,1,osrm
582,delivered,2025-07-03 14:44:19,2025-07-03 15:01:28.695856,2025-07-03 15:05:25.900000,2025-07-03 15:08:40.600,24.36,3.9534024000000003,23,1,osrm
583,delivered,2025-07-03 14:44:04,2025-07-03 14:58:24.073152,2025-07-03 14:59:57.600000,2025-07-03 15:01:53.200,17.82,1.5587808,2,1,osrm
584,delivered,2025-07-03 14:45:12,2025-07-03 14:58:51.682916,2025-07-03 15:05:31.400000,2025-07-03 15:10:49.200,25.62,6.6619514,1,1,osrm
585,delivered,2025-07-03 14:46:32,2025-07-03 14:54:34.614285,2025-07-03 15:05:39.700000,2025-07-03 15:10:27.700,23.928333333333335,11.084761916666668,7,1,osrm
586,delivered,2025-07-03 14:46:59,2025-07-03 14:57:50.311606,2025-07-03 14:59:08.100000,2025-07-03 15:01:23.000,14.4,1.2964732333333333,17,1,osrm
587,delivered,2025-07-03 14:50:31,2025-07-03 15:08:15.508718,2025-07-03 15:08:16.900000,2025-07-03 15:11:37.000,21.1,0.023188033333333333,20,1,osrm
588,delivered,2025-07-03 14:51:36,2025-07-03 15:01:17.006133,2025-07-03 15:04:04.800000,2025-07-03 15:07:19.400,15.723333333333333,2.79656445,13,1,osrm
589,delivered,2025-07-03 14:51:37,2025-07-03 15:03:04.295164,2025-07-03 15:20:31.400000,2025-07-03 15:27:01.100,35.401666666666664,17.451747266666665,23,1,osrm
590,delivered,2025-07-03 14:52:30,2025-07-03 15:01:34.978040,2025-07-03 15:03:28.700000,2025-07-03 15:06:17.100,13.785,1.8953659999999999,14,1,osrm
591,delivered,2025-07-03 14:53:30,2025-07-03 15:08:23.673862,2025-07-03 15:09:23.500000,2025-07-03 15:14:09.100,20.651666666666664,0.9971023,6,1,osrm
592,delivered,2025-07-03 14:55:09,2025-07-03 15:11:28.060356,2025-07-03 15:14:57.600000,2025-07-03 15:17:11.000,22.033333333333335,3.4923274,28,1,osrm
593,delivered,2025-07-03 14:59:03,2025-07-03 15:12:49.048672,2025-07-03 15:14:57.600000,2025-07-03 15:17:01.400,17.973333333333336,2.1425221333333337,33,1,osrm
594,delivered,2025-07-03 14:59:56,2025-07-03 15:11:56.770057,2025-07-03 15:14:04.800000,2025-07-03 15:17:22.200,17.436666666666667,2.1338323833333335,21,1,osrm
595,delivered,2025-07-03 15:00:54,2025-07-03 15:09:10.111488,2025-07-03 15:11:26.000000,2025-07-03 15:14:15.100,13.351666666666667,2.264808533333333,10,1,osrm
596,delivered,2025-07-03 15:00:47,2025-07-03 15:08:38.467144,2025-07-03 15:10:27.500000,2025-07-03 15:15:29.400,14.706666666666667,1.8172142666666666,35,1,osrm
597,delivered,2025-07-03 15:02:34,2025-07-03 15:12:49.365499,2025-07-03 15:24:21.700000,2025-07-03 15:30:09.500,27.591666666666665,11.538908350000002,34,1,osrm
598,delivered,2025-07-03 15:03:54,2025-07-03 15:13:45.017743,2025-07-03 15:16:08.600000,2025-07-03 15:19:08.500,15.241666666666667,2.3930376166666667,40,1,osrm
599,delivered,2025-07-03 15:03:50,2025-07-03 15:21:05.551037,2025-07-03 15:24:23.500000,2025-07-03 15:28:50.800,25.013333333333332,3.2991493833333334,20,1,osrm
600,delivered,2025-07-03 15:03:33,2025-07-03 15:19:20.861676,2025-07-03 15:19:42.300000,2025-07-03 15:20:15.400,16.706666666666667,0.35730540000000005,7,1,osrm
601,delivered,2025-07-03 15:04:36,2025-07-03 15:15:36.479153,2025-07-03 15:16:15.500000,2025-07-03 15:19:05.300,14.488333333333333,0.65034745,2,1,osrm
602,delivered,2025-07-03 15:06:17,2025-07-03 15:19:38.007282,2025-07-03 15:21:12.300000,2025-07-03 15:24:35.200,18.303333333333335,1.5715453,26,1,osrm
603,delivered,2025-07-03 15:06:15,2025-07-03 15:18:45.639559,2025-07-03 15:20:31.600000,2025-07-03 15:23:59.800,17.746666666666666,1.76600735,8,1,osrm
604,delivered,2025-07-03 15:07:00,2025-07-03 15:21:32.221967,2025-07-03 15:25:01.100000,2025-07-03 15:27:31.900,20.53166666666667,3.48130055,10,1,osrm
605,delivered,2025-07-03 15:10:56,2025-07-03 15:16:31.210216,2025-07-03 15:18:59.300000,2025-07-03 15:21:33.500,10.625,2.468163066666667,22,1,osrm
606,delivered,2025-07-03 15:10:48,2025-07-03 15:27:14.741551,2025-07-03 15:28:27.300000,2025-07-03 15:32:48.200,22.003333333333334,1.2093074833333333,11,1,osrm
607,delivered,2025-07-03 15:12:14,2025-07-03 15:21:31.453184,2025-07-03 15:24:35.800000,2025-07-03 15:27:39.200,15.42,3.072446933333333,29,1,osrm
608,delivered,2025-07-03 15:12:26,2025-07-03 15:27:35.283554,2025-07-03 15:32:22.300000,2025-07-03 15:35:19.700,22.895,4.783607433333333,7,1,osrm
609,delivered,2025-07-03 15:13:23,2025-07-03 15:23:12.360292,2025-07-03 15:24:24.500000,2025-07-03 15:26:03.700,12.678333333333335,1.2023284666666667,35,1,osrm
610,delivered,2025-07-03 15:15:10,2025-07-03 15:29:09.544274,2025-07-03 15:30:01.200000,2025-07-03 15:30:46.200,15.603333333333333,0.8609287666666667,2,1,osrm
611,delivered,2025-07-03 15:19:26,2025-07-03 15:31:31.337643,2025-07-03 15:36:41.200000,2025-07-03 15:37:23.500,17.958333333333332,5.164372616666666,27,1,osrm
612,delivered,2025-07-03 15:19:04,2025-07-03 15:27:49.005118,2025-07-03 15:30:47.200000,2025-07-03 15:32:41.400,13.623333333333333,2.9699147,32,1,osrm
613,delivered,2025-07-03 15:20:34,2025-07-03 15:29:52.932384,2025-07-03 15:29:52.932384,2025-07-03 15:33:29.700,12.928333333333335,0.0,37,1,osrm
614,delivered,2025-07-03 15:22:03,2025-07-03 15:38:37.218144,2025-07-03 15:42:22.700000,2025-07-03 15:45:15.300,23.205,3.758030933333333,2,1,osrm
615,delivered,2025-07-03 15:23:32,2025-07-03 15:35:23.623498,2025-07-03 15:35:23.623498,2025-07-03 15:37:03.000,13.516666666666667,0.0,12,1,osrm
616,delivered,2025-07-03 15:23:35,2025-07-03 15:37:43.470034,2025-07-03 15:42:06.500000,2025-07-03 15:43:56.800,20.363333333333333,4.383832766666667,10,1,osrm
617,delivered,2025-07-03 15:24:42,2025-07-03 15:40:47.778255,2025-07-03 15:40:47.778255,2025-07-03 15:42:35.300,17.888333333333332,0.0,17,1,osrm
618,delivered,2025-07-03 15:24:20,2025-07-03 15:36:42.650147,2025-07-03 15:38:59.300000,2025-07-03 15:42:28.400,18.14,2.27749755,20,1,osrm
619,delivered,2025-07-03 15:24:25,2025-07-03 15:35:10.681262,2025-07-03 15:36:06.000000,2025-07-03 15:38:22.900,13.965,0.9219789666666667,30,1,osrm
620,delivered,2025-07-03 15:24:55,2025-07-03 15:37:06.440492,2025-07-03 15:38:39.200000,2025-07-03 15:41:43.200,16.803333333333335,1.5459918,13,1,osrm
621,delivered,2025-07-03 15:25:02,2025-07-03 15:36:29.014143,2025-07-03 15:41:14.600000,2025-07-03 15:44:08.100,19.101666666666667,4.759764283333333,9,1,osrm
622,delivered,2025-07-03 15:27:17,2025-07-03 15:42:00.224054,2025-07-03 15:43:49.100000,2025-07-03 15:47:48.900,20.53166666666667,1.8145991,37,1,osrm
623,delivered,2025-07-03 15:27:41,2025-07-03 15:39:32.700795,2025-07-03 15:39:56.800000,2025-07-03 15:42:32.900,14.865,0.4016534166666667,14,1,osrm
624,delivered,2025-07-03 15:27:24,2025-07-03 15:38:24.617976,2025-07-03 15:39:55.800000,2025-07-03 15:43:47.500,16.391666666666666,1.5197004,23,1,osrm
625,delivered,2025-07-03 15:28:09,2025-07-03 15:39:46.253514,2025-07-03 15:39:46.253514,2025-07-03 15:41:18.100,13.151666666666667,0.0,40,1,osrm
626,delivered,2025-07-03 15:30:59,2025-07-03 15:46:36.105033,2025-07-03 15:50:13.400000,2025-07-03 15:52:20.500,21.358333333333334,3.6215827833333334,27,1,osrm
627,delivered,2025-07-03 15:31:06,2025-07-03 15:40:45.284525,2025-07-03 15:40:45.284525,2025-07-03 15:42:29.600,11.393333333333334,0.0,4,1,osrm
628,delivered,2025-07-03 15:31:12,2025-07-03 15:41:08.161346,2025-07-03 15:44:22.100000,2025-07-03 15:46:51.100,15.651666666666667,3.2323109000000003,15,1,osrm
629,delivered,2025-07-03 15:33:35,2025-07-03 15:48:59.471590,2025-07-03 15:50:59.400000,2025-07-03 15:55:12.400,21.623333333333335,1.9988068333333333,19,1,osrm
630,delivered,2025-07-03 15:33:03,2025-07-03 15:44:13.571530,2025-07-03 15:45:26.900000,2025-07-03 15:49:16.100,16.218333333333334,1.2221411666666666,31,1,osrm
631,delivered,2025-07-03 15:33:58,2025-07-03 15:46:16.547377,2025-07-03 15:48:14.200000,2025-07-03 15:53:36.200,19.636666666666667,1.9608770500000001,12,1,osrm
632,delivered,2025-07-03 15:33:04,2025-07-03 15:46:35.514658,2025-07-03 15:48:52.500000,2025-07-03 15:50:58.100,17.901666666666664,2.2830890333333334,21,1,osrm
633,delivered,2025-07-03 15:35:09,2025-07-03 15:43:54.586646,2025-07-03 15:45:31.900000,2025-07-03 15:49:11.200,14.036666666666667,1.6218892333333335,26,1,osrm
634,delivered,2025-07-03 15:37:49,2025-07-03 15:48:26.860395,2025-07-03 15:52:51.000000,2025-07-03 15:54:45.400,16.94,4.40232675,29,1,osrm
635,delivered,2025-07-03 15:38:57,2025-07-03 15:46:33.013296,2025-07-03 15:49:59.300000,2025-07-03 15:53:24.700,14.461666666666668,3.4381117333333333,34,1,osrm
636,delivered,2025-07-03 15:40:31,2025-07-03 15:55:57.145031,2025-07-03 15:59:35.900000,2025-07-03 16:03:43.000,23.2,3.6459161499999997,5,1,osrm
637,delivered,2025-07-03 15:41:07,2025-07-03 15:46:47.953517,2025-07-03 15:56:53.500000,2025-07-03 15:59:33.600,18.44333333333333,10.092441383333332,10,1,osrm
638,delivered,2025-07-03 15:41:56,2025-07-03 15:51:37.523916,2025-07-03 15:54:22.000000,2025-07-03 15:58:39.100,16.718333333333334,2.7412680666666662,20,1,osrm
639,delivered,2025-07-03 15:41:52,2025-07-03 15:56:17.239633,2025-07-03 16:01:06.400000,2025-07-03 16:04:32.200,22.67,4.81933945,38,1,osrm
640,delivered,2025-07-03 15:43:17,2025-07-03 15:56:10.943132,2025-07-03 15:59:44.200000,2025-07-03 16:03:36.100,20.31833333333333,3.5542811333333333,31,1,osrm
641,delivered,2025-07-03 15:45:20,2025-07-03 15:57:23.130704,2025-07-03 16:00:00.000000,2025-07-03 16:05:25.500,20.091666666666665,2.6144882666666667,40,1,osrm
642,delivered,2025-07-03 15:47:22,2025-07-03 15:56:48.183714,2025-07-03 16:00:10.900000,2025-07-03 16:05:14.800,17.88,3.3786047666666668,35,1,osrm
643,delivered,2025-07-03 15:50:05,2025-07-03 16:03:33.394466,2025-07-03 16:04:13.600000,2025-07-03 16:06:11.400,16.106666666666666,0.6700922333333333,32,1,osrm
644,delivered,2025-07-03 15:50:57,2025-07-03 15:57:42.453043,2025-07-03 15:58:45.400000,2025-07-03 16:03:23.000,12.433333333333334,1.04911595,30,1,osrm
645,delivered,2025-07-03 15:50:48,2025-07-03 15:59:58.473694,2025-07-03 16:00:07.600000,2025-07-03 16:03:37.700,12.828333333333335,0.1521051,37,1,osrm
646,delivered,2025-07-03 15:52:14,2025-07-03 16:05:18.228057,2025-07-03 16:05:33.000000,2025-07-03 16:08:06.400,15.873333333333333,0.24619905,3,1,osrm
647,delivered,2025-07-03 15:52:38,2025-07-03 16:01:51.778038,2025-07-03 16:06:39.300000,2025-07-03 16:09:23.300,16.755,4.792032699999999,12,1,osrm
648,delivered,2025-07-03 15:52:04,2025-07-03 16:04:47.049911,2025-07-03 16:04:47.049911,2025-07-03 16:07:55.100,15.851666666666667,0.0,21,1,osrm
649,delivered,2025-07-03 15:53:40,2025-07-03 16:06:55.159475,2025-07-03 16:09:47.100000,2025-07-03 16:11:30.700,17.845000000000002,2.865675416666667,20,1,osrm
650,delivered,2025-07-03 15:54:03,2025-07-03 16:04:51.348241,2025-07-03 16:06:34.700000,2025-07-03 16:10:36.600,16.56,1.7225293166666666,29,1,osrm
651,delivered,2025-07-03 15:55:02,2025-07-03 16:09:21.384187,2025-07-03 16:13:39.600000,2025-07-03 16:17:30.900,22.48166666666667,4.303596883333333,38,2,osrm
652,delivered,2025-07-03 15:56:08,2025-07-03 16:06:46.268675,2025-07-03 16:29:40.075173,2025-07-03 16:31:52.000,35.733333333333334,22.896774966666666,31,4,osrm
653,delivered,2025-07-03 15:56:06,2025-07-03 16:10:05.276281,2025-07-03 16:14:10.400000,2025-07-03 16:17:39.200,21.553333333333335,4.085395316666666,7,3,osrm
654,delivered,2025-07-03 15:56:09,2025-07-03 16:11:04.786356,2025-07-03 16:14:58.800000,2025-07-03 16:19:22.900,23.23166666666667,3.9002274,19,1,osrm
655,delivered,2025-07-03 15:57:30,2025-07-03 16:16:26.643570,2025-07-03 16:24:02.000000,2025-07-03 16:29:03.100,31.551666666666666,7.589273833333333,26,2,osrm
656,delivered,2025-07-03 15:57:43,2025-07-03 16:08:10.795846,2025-07-03 16:10:46.300000,2025-07-03 16:14:29.500,16.775,2.5917359,26,1,osrm
657,delivered,2025-07-03 15:59:14,2025-07-03 16:08:08.393419,2025-07-03 16:31:21.817399,2025-07-03 16:29:39.900,30.43166666666667,23.223733,37,2,osrm
658,delivered,2025-07-03 15:59:41,2025-07-03 16:10:42.444491,2025-07-03 16:32:16.526636,2025-07-03 16:31:47.500,32.108333333333334,21.56803575,2,3,osrm
659,delivered,2025-07-03 15:59:24,2025-07-03 16:15:18.914238,2025-07-03 16:24:23.100000,2025-07-03 16:29:21.000,29.95,9.0697627,27,2,osrm
660,delivered,2025-07-03 16:00:25,2025-07-03 16:13:31.948152,2025-07-03 16:21:36.200000,2025-07-03 16:25:51.900,25.448333333333334,8.070864133333334,11,1,osrm
661,delivered,2025-07-03 16:00:46,2025-07-03 16:12:43.957190,2025-07-03 16:24:33.200000,2025-07-03 16:29:24.200,28.636666666666667,11.8207135,5,2,osrm
662,delivered,2025-07-03 16:01:20,2025-07-03 16:12:19.067742,2025-07-03 16:13:39.600000,2025-07-03 16:17:30.900,16.181666666666665,1.3422043,38,2,osrm
663,delivered,2025-07-03 16:02:32,2025-07-03 16:11:59.460218,2025-07-03 16:19:11.408800,2025-07-03 16:22:49.800,20.296666666666667,7.199143033333333,14,2,osrm
664,delivered,2025-07-03 16:03:55,2025-07-03 16:15:45.685739,2025-07-03 16:32:16.526636,2025-07-03 16:31:47.500,27.875,16.51401495,2,3,osrm
665,delivered,2025-07-03 16:04:01,2025-07-03 16:15:26.311934,2025-07-03 16:15:40.700000,2025-07-03 16:18:02.100,14.018333333333334,0.23980110000000002,1,1,osrm
666,delivered,2025-07-03 16:04:12,2025-07-03 16:11:46.209298,2025-07-03 16:14:10.400000,2025-07-03 16:17:39.200,13.453333333333335,2.4031783666666664,7,3,osrm
667,delivered,2025-07-03 16:05:33,2025-07-03 16:19:11.408800,2025-07-03 16:19:11.408800,2025-07-03 16:22:49.800,17.279999999999998,0.0,14,2,osrm
668,delivered,2025-07-03 16:06:29,2025-07-03 16:23:00.657541,2025-07-03 16:25:24.800000,2025-07-03 16:27:48.500,21.325,2.4023743166666667,8,1,osrm
669,delivered,2025-07-03 16:06:58,2025-07-03 16:19:09.687228,2025-07-03 16:36:22.113534,2025-07-03 16:42:18.600,35.343333333333334,17.2071051,30,3,osrm
670,delivered,2025-07-03 16:06:18,2025-07-03 16:21:43.599160,2025-07-03 16:47:52.409870,2025-07-03 16:47:53.800,41.59666666666667,26.146845166666665,39,3,osrm
671,delivered,2025-07-03 16:07:38,2025-07-03 16:20:10.094370,2025-07-03 16:20:10.094370,2025-07-03 16:25:49.100,18.185,0.0,21,1,osrm
672,delivered,2025-07-03 16:08:35,2025-07-03 16:24:32.316530,2025-07-03 16:39:06.283667,2025-07-03 16:47:49.000,39.233333333333334,14.56611895,19,3,osrm
673,delivered,2025-07-03 16:09:54,2025-07-03 16:20:13.464131,2025-07-03 16:20:13.464131,2025-07-03 16:22:17.400,12.389999999999999,0.0,16,1,osrm
674,delivered,2025-07-03 16:09:59,2025-07-03 16:22:31.735971,2025-07-03 16:37:53.200000,2025-07-03 16:46:00.600,36.026666666666664,15.357733816666666,1,4,osrm
675,delivered,2025-07-03 16:10:50,2025-07-03 16:24:01.995686,2025-07-03 16:25:44.400000,2025-07-03 16:27:59.500,17.158333333333335,1.7067385666666666,13,1,osrm
676,delivered,2025-07-03 16:10:57,2025-07-03 16:23:36.301529,2025-07-03 16:28:33.300000,2025-07-03 16:31:11.400,20.240000000000002,4.949974516666667,34,1,osrm
677,delivered,2025-07-03 16:11:38,2025-07-03 16:22:24.116858,2025-07-03 16:29:40.075173,2025-07-03 16:31:52.000,20.233333333333334,7.265971916666667,31,4,osrm
678,delivered,2025-07-03 16:11:26,2025-07-03 16:21:20.501439,2025-07-03 16:24:23.100000,2025-07-03 16:29:21.000,17.916666666666668,3.04330935,27,2,osrm
679,delivered,2025-07-03 16:11:33,2025-07-03 16:22:17.902859,2025-07-03 16:24:02.000000,2025-07-03 16:29:03.100,17.501666666666665,1.73495235,26,2,osrm
680,delivered,2025-07-03 16:11:57,2025-07-03 16:28:05.052698,2025-07-03 16:29:50.700000,2025-07-03 16:34:06.800,22.163333333333334,1.7607883666666666,32,2,osrm
681,delivered,2025-07-03 16:14:22,2025-07-03 16:32:16.526636,2025-07-03 16:32:16.526636,2025-07-03 16:31:47.500,17.425,0.0,2,3,osrm
682,delivered,2025-07-03 16:14:06,2025-07-03 16:23:22.605878,2025-07-03 16:28:07.200000,2025-07-03 16:30:56.300,16.83833333333333,4.743235366666667,25,1,osrm
683,delivered,2025-07-03 16:14:19,2025-07-03 16:23:44.444052,2025-07-03 16:38:48.600000,2025-07-03 16:47:02.900,32.73166666666667,15.0692658,12,2,osrm
684,delivered,2025-07-03 16:14:15,2025-07-03 16:29:40.075173,2025-07-03 16:29:40.075173,2025-07-03 16:31:52.000,17.616666666666667,0.0,31,4,osrm
685,delivered,2025-07-03 16:15:51,2025-07-03 16:32:04.760199,2025-07-03 16:50:26.510593,2025-07-03 16:49:09.800,33.31333333333333,18.362506566666664,23,4,osrm
686,delivered,2025-07-03 16:15:52,2025-07-03 16:35:35.280302,2025-07-03 16:56:35.836493,2025-07-03 16:59:14.000,43.36666666666667,21.00926985,13,3,osrm
687,delivered,2025-07-03 16:15:40,2025-07-03 16:29:10.074233,2025-07-03 16:45:36.200000,2025-07-03 16:53:49.400,38.156666666666666,16.43542945,2,3,osrm
688,delivered,2025-07-03 16:16:58,2025-07-03 16:22:34.620278,2025-07-03 16:24:33.200000,2025-07-03 16:29:24.200,12.436666666666667,1.9763287,5,2,osrm
689,delivered,2025-07-03 16:16:32,2025-07-03 16:26:26.204193,2025-07-03 16:28:24.700000,2025-07-03 16:30:47.900,14.264999999999999,1.9749301166666666,7,1,osrm
690,delivered,2025-07-03 16:17:59,2025-07-03 16:35:58.354393,2025-07-03 16:38:48.600000,2025-07-03 16:47:02.900,29.065,2.8374267833333335,12,2,osrm
691,delivered,2025-07-03 16:17:05,2025-07-03 16:29:54.552402,2025-07-03 16:51:27.121252,2025-07-03 16:51:59.000,34.9,21.54281416666667,20,3,osrm
692,delivered,2025-07-03 16:18:10,2025-07-03 16:26:26.493648,2025-07-03 16:29:50.700000,2025-07-03 16:34:06.800,15.946666666666665,3.4034392,32,2,osrm
693,delivered,2025-07-03 16:18:22,2025-07-03 16:31:56.624492,2025-07-03 16:36:22.113534,2025-07-03 16:42:18.600,23.94333333333333,4.424817366666667,30,3,osrm
694,delivered,2025-07-03 16:20:07,2025-07-03 16:31:21.817399,2025-07-03 16:31:21.817399,2025-07-03 16:29:39.900,9.548333333333334,0.0,37,2,osrm
695,delivered,2025-07-03 16:20:34,2025-07-03 16:31:43.459576,2025-07-03 16:31:43.459576,2025-07-03 16:34:45.600,14.193333333333333,0.0,20,3,osrm
696,delivered,2025-07-03 16:20:11,2025-07-03 16:31:33.672933,2025-07-03 16:47:52.409870,2025-07-03 16:47:53.800,27.71333333333333,16.312282283333335,39,3,osrm
697,delivered,2025-07-03 16:21:32,2025-07-03 16:29:05.096292,2025-07-03 16:51:09.557377,2025-07-03 16:57:55.100,36.385,22.074351416666666,33,3,osrm
698,delivered,2025-07-03 16:22:54,2025-07-03 16:35:46.549536,2025-07-03 16:48:47.770756,2025-07-03 16:55:15.600,32.36,13.020353666666667,37,2,osrm
699,delivered,2025-07-03 16:22:25,2025-07-03 16:31:49.111671,2025-07-03 16:35:44.408424,2025-07-03 16:41:00.600,18.59333333333333,3.92161255,28,4,osrm
700,delivered,2025-07-03 16:23:25,2025-07-03 16:35:49.925750,2025-07-03 16:39:06.283667,2025-07-03 16:47:49.000,24.4,3.2726319499999996,19,3,osrm
701,delivered,2025-07-03 16:23:18,2025-07-03 16:32:35.006060,2025-07-03 16:37:53.200000,2025-07-03 16:46:00.600,22.709999999999997,5.303232333333333,1,4,osrm
702,delivered,2025-07-03 16:23:25,2025-07-03 16:35:44.408424,2025-07-03 16:35:44.408424,2025-07-03 16:41:00.600,17.59333333333333,0.0,28,4,osrm
703,delivered,2025-07-03 16:23:47,2025-07-03 16:34:39.873496,2025-07-03 16:39:12.600000,2025-07-03 16:42:55.100,19.134999999999998,4.545441733333333,7,1,osrm
704,delivered,2025-07-03 16:23:53,2025-07-03 16:35:59.101659,2025-07-03 16:51:09.557377,2025-07-03 16:57:55.100,34.035,15.174261966666668,33,3,osrm
705,delivered,2025-07-03 16:24:49,2025-07-03 16:30:47.338714,2025-07-03 16:37:53.200000,2025-07-03 16:46:00.600,21.19333333333333,7.0976881,1,4,osrm
706,delivered,2025-07-03 16:25:26,2025-07-03 16:36:13.619914,2025-07-03 17:05:38.199988,2025-07-03 17:05:18.700,39.87833333333333,29.4096679,18,3,osrm
707,delivered,2025-07-03 16:25:06,2025-07-03 16:36:22.113534,2025-07-03 16:36:22.113534,2025-07-03 16:42:18.600,17.209999999999997,0.0,30,3,osrm
708,delivered,2025-07-03 16:26:42,2025-07-03 16:40:36.850662,2025-07-03 16:40:36.850662,2025-07-03 16:44:16.600,17.576666666666664,0.0,26,1,osrm
709,delivered,2025-07-03 16:26:44,2025-07-03 16:48:27.755399,2025-07-03 16:52:19.700000,2025-07-03 16:55:39.700,28.928333333333335,3.8657433500000002,8,2,osrm
710,delivered,2025-07-03 16:26:09,2025-07-03 16:39:01.680240,2025-07-03 17:10:32.056177,2025-07-03 17:09:10.400,43.02333333333333,31.506265616666667,17,3,osrm
711,delivered,2025-07-03 16:26:09,2025-07-03 16:38:39.690947,2025-07-03 17:03:17.701452,2025-07-03 17:08:13.500,42.075,24.633508416666665,4,4,osrm
712,delivered,2025-07-03 16:26:59,2025-07-03 16:41:27.127823,2025-07-03 17:05:20.995765,2025-07-03 17:09:20.700,42.361666666666665,23.897799033333335,24,3,osrm
713,delivered,2025-07-03 16:27:00,2025-07-03 16:32:00.000000,2025-07-03 16:51:28.412759,2025-07-03 16:59:29.500,32.49166666666667,19.473545983333334,29,3,osrm
714,delivered,2025-07-03 16:27:52,2025-07-03 16:45:59.537841,2025-07-03 16:59:19.300000,2025-07-03 17:02:54.400,35.04,13.329369316666666,6,1,osrm
715,delivered,2025-07-03 16:27:16,2025-07-03 16:39:58.126546,2025-07-03 16:45:36.200000,2025-07-03 16:53:49.400,26.55666666666667,5.634557566666667,2,3,osrm
716,delivered,2025-07-03 16:27:19,2025-07-03 16:36:11.558659,2025-07-03 17:00:44.400000,2025-07-03 17:06:28.800,39.163333333333334,24.547355683333333,3,2,osrm
717,delivered,2025-07-03 16:28:47,2025-07-03 16:42:10.896984,2025-07-03 17:05:38.199988,2025-07-03 17:05:18.700,36.52833333333333,23.45505006666667,18,3,osrm
718,delivered,2025-07-03 16:28:45,2025-07-03 16:42:05.105912,2025-07-03 16:44:33.800000,2025-07-03 16:48:26.400,19.69,2.4782348,21,1,osrm
719,delivered,2025-07-03 16:28:45,2025-07-03 16:42:17.658966,2025-07-03 16:52:19.700000,2025-07-03 16:55:39.700,26.91166666666667,10.034017233333334,8,2,osrm
720,delivered,2025-07-03 16:28:19,2025-07-03 16:44:35.296261,2025-07-03 16:45:36.200000,2025-07-03 16:53:49.400,25.506666666666668,1.0150623166666668,2,3,osrm
721,delivered,2025-07-03 16:28:25,2025-07-03 16:44:03.923710,2025-07-03 17:01:04.900000,2025-07-03 17:03:51.700,35.445,17.0162715,9,2,osrm
722,delivered,2025-07-03 16:28:07,2025-07-03 16:39:06.283667,2025-07-03 16:39:06.283667,2025-07-03 16:47:49.000,19.7,0.0,19,3,osrm
723,delivered,2025-07-03 16:30:51,2025-07-03 16:43:24.744349,2025-07-03 17:03:17.701452,2025-07-03 17:08:13.500,37.375,19.882618383333334,4,4,osrm
724,delivered,2025-07-03 16:30:50,2025-07-03 16:40:38.165695,2025-07-03 16:56:35.836493,2025-07-03 16:59:14.000,28.4,15.961179966666666,13,3,osrm
725,delivered,2025-07-03 16:30:10,2025-07-03 16:46:13.124434,2025-07-03 16:56:18.150176,2025-07-03 17:03:44.700,33.57833333333333,10.083762366666667,11,4,osrm
726,delivered,2025-07-03 16:31:41,2025-07-03 16:47:30.958552,2025-07-03 16:56:18.150176,2025-07-03 17:03:44.700,32.06166666666667,8.786527066666668,11,4,osrm
727,delivered,2025-07-03 16:31:52,2025-07-03 16:43:01.276391,2025-07-03 16:58:39.100000,2025-07-03 17:06:55.600,35.059999999999995,15.630393483333334,12,2,osrm
728,delivered,2025-07-03 16:31:55,2025-07-03 16:41:07.066215,2025-07-03 16:51:27.121252,2025-07-03 16:51:59.000,20.066666666666666,10.334250616666667,20,3,osrm
729,delivered,2025-07-03 16:32:49,2025-07-03 16:42:52.066309,2025-07-03 17:07:40.764010,2025-07-03 17:06:09.900,33.348333333333336,24.81162835,10,4,osrm
730,delivered,2025-07-03 16:32:39,2025-07-03 16:45:25.668712,2025-07-03 17:06:11.875914,2025-07-03 17:08:35.400,35.940000000000005,20.770120033333335,1,3,osrm
731,delivered,2025-07-03 16:32:45,2025-07-03 16:50:26.100300,2025-07-03 16:50:26.510593,2025-07-03 16:49:09.800,16.413333333333334,0.006838216666666667,23,4,osrm
732,delivered,2025-07-03 16:32:42,2025-07-03 16:49:21.121886,2025-07-03 17:05:35.600000,2025-07-03 17:12:08.900,39.44833333333334,16.2413019,27,2,osrm
733,delivered,2025-07-03 16:34:05,2025-07-03 16:46:40.397047,2025-07-03 16:51:28.412759,2025-07-03 16:59:29.500,25.408333333333335,4.800261866666667,29,3,osrm
734,delivered,2025-07-03 16:34:52,2025-07-03 16:40:50.451991,2025-07-03 16:56:18.150176,2025-07-03 17:03:44.700,28.878333333333334,15.461636416666666,11,4,osrm
735,delivered,2025-07-03 16:34:33,2025-07-03 16:46:39.859921,2025-07-03 17:14:14.944838,2025-07-03 17:14:17.300,39.73833333333334,27.584748616666666,30,3,osrm
736,delivered,2025-07-03 16:35:31,2025-07-03 16:48:08.956154,2025-07-03 17:04:09.700000,2025-07-03 17:09:02.200,33.52,16.012397433333334,2,2,osrm
737,delivered,2025-07-03 16:35:08,2025-07-03 16:47:52.409870,2025-07-03 16:47:52.409870,2025-07-03 16:47:53.800,12.763333333333332,0.0,39,3,osrm
738,delivered,2025-07-03 16:35:57,2025-07-03 16:50:26.510593,2025-07-03 16:50:26.510593,2025-07-03 16:49:09.800,13.213333333333333,0.0,23,4,osrm
739,delivered,2025-07-03 16:36:45,2025-07-03 16:49:24.365917,2025-07-03 16:50:38.800000,2025-07-03 16:52:13.500,15.475,1.24056805,27,1,osrm
740,delivered,2025-07-03 16:36:04,2025-07-03 16:51:28.412759,2025-07-03 16:51:28.412759,2025-07-03 16:59:29.500,23.425,0.0,29,3,osrm
741,delivered,2025-07-03 16:36:21,2025-07-03 16:50:33.707886,2025-07-03 17:10:32.056177,2025-07-03 17:09:10.400,32.82333333333334,19.972471516666666,17,3,osrm
742,delivered,2025-07-03 16:37:03,2025-07-03 16:51:27.121252,2025-07-03 16:51:27.121252,2025-07-03 16:51:59.000,14.933333333333334,0.0,20,3,osrm
743,delivered,2025-07-03 16:37:56,2025-07-03 16:49:41.862660,2025-07-03 17:03:47.900000,2025-07-03 17:10:03.000,32.11666666666667,14.100622333333332,7,2,osrm
744,delivered,2025-07-03 16:38:46,2025-07-03 16:49:34.418044,2025-07-03 17:07:40.764010,2025-07-03 17:06:09.900,27.398333333333333,18.1057661,10,4,osrm
745,delivered,2025-07-03 16:38:44,2025-07-03 16:50:13.404617,2025-07-03 16:59:03.600000,2025-07-03 17:04:36.700,25.878333333333334,8.836589716666667,23,2,osrm
746,delivered,2025-07-03 16:38:06,2025-07-03 16:48:47.770756,2025-07-03 16:48:47.770756,2025-07-03 16:55:15.600,17.16,0.0,37,2,osrm
747,delivered,2025-07-03 16:39:23,2025-07-03 16:52:09.978796,2025-07-03 17:01:04.900000,2025-07-03 17:03:51.700,24.478333333333335,8.915353399999999,9,2,osrm
748,delivered,2025-07-03 16:39:03,2025-07-03 16:49:43.755594,2025-07-03 17:04:53.900000,2025-07-03 17:10:52.600,31.826666666666664,15.169073433333333,8,3,osrm
749,delivered,2025-07-03 16:40:44,2025-07-03 16:51:09.557377,2025-07-03 16:51:09.557377,2025-07-03 16:57:55.100,17.185,0.0,33,3,osrm
750,delivered,2025-07-03 16:41:42,2025-07-03 17:00:48.632065,2025-07-03 17:14:22.700000,2025-07-03 17:18:11.900,36.498333333333335,13.567798916666668,15,2,osrm
751,delivered,2025-07-03 16:41:05,2025-07-03 16:53:27.819137,2025-07-03 17:10:27.700000,2025-07-03 17:14:18.300,33.221666666666664,16.998014383333334,33,1,osrm
752,delivered,2025-07-03 16:42:16,2025-07-03 16:52:10.353942,2025-07-03 17:15:16.033056,2025-07-03 17:19:38.100,37.36833333333333,23.0946519,25,4,osrm
753,delivered,2025-07-03 16:42:26,2025-07-03 16:56:35.836493,2025-07-03 16:56:35.836493,2025-07-03 16:59:14.000,16.8,0.0,13,3,osrm
754,delivered,2025-07-03 16:42:04,2025-07-03 16:56:18.150176,2025-07-03 16:56:18.150176,2025-07-03 17:03:44.700,21.678333333333335,0.0,11,4,osrm
755,delivered,2025-07-03 16:43:41,2025-07-03 16:54:43.304556,2025-07-03 17:15:11.659903,2025-07-03 17:21:05.400,37.406666666666666,20.472589116666665,5,3,osrm
756,delivered,2025-07-03 16:43:13,2025-07-03 16:53:51.084725,2025-07-03 17:03:55.844237,2025-07-03 17:09:16.800,26.063333333333333,10.0793252,26,3,osrm
757,delivered,2025-07-03 16:43:34,2025-07-03 16:55:07.775128,2025-07-03 17:03:55.400000,2025-07-03 17:10:03.500,26.491666666666667,8.793747866666667,37,2,osrm
758,delivered,2025-07-03 16:43:32,2025-07-03 16:53:30.034072,2025-07-03 17:07:40.764010,2025-07-03 17:06:09.900,22.631666666666668,14.1788323,10,4,osrm
759,delivered,2025-07-03 16:44:20,2025-07-03 16:55:16.672549,2025-07-03 17:05:20.995765,2025-07-03 17:09:20.700,25.011666666666667,10.0720536,24,3,osrm
760,delivered,2025-07-03 16:44:04,2025-07-03 16:49:04.000000,2025-07-03 17:00:44.400000,2025-07-03 17:06:28.800,22.413333333333334,11.673333333333334,3,2,osrm
761,delivered,2025-07-03 16:44:58,2025-07-03 16:55:40.648625,2025-07-03 17:17:41.787005,2025-07-03 17:22:52.900,37.915,22.018973000000003,21,2,osrm
762,delivered,2025-07-03 16:44:19,2025-07-03 16:52:30.736211,2025-07-03 16:59:03.600000,2025-07-03 17:04:36.700,20.295,6.547729816666666,23,2,osrm
763,delivered,2025-07-03 16:44:36,2025-07-03 16:51:08.301179,2025-07-03 17:16:53.393372,2025-07-03 17:13:29.400,28.89,25.75153655,13,3,osrm
764,delivered,2025-07-03 16:44:12,2025-07-03 16:56:26.980286,2025-07-03 17:20:44.472887,2025-07-03 17:24:11.200,39.986666666666665,24.291543349999998,38,3,osrm
765,delivered,2025-07-03 16:45:48,2025-07-03 17:02:24.057624,2025-07-03 17:04:09.700000,2025-07-03 17:09:02.200,23.236666666666668,1.7607062666666666,2,2,osrm
766,delivered,2025-07-03 16:45:41,2025-07-03 16:51:04.541156,2025-07-03 17:04:53.900000,2025-07-03 17:10:52.600,25.19333333333333,13.8226474,8,3,osrm
767,delivered,2025-07-03 16:45:19,2025-07-03 16:58:27.097343,2025-07-03 16:58:39.100000,2025-07-03 17:06:55.600,21.61,0.20004428333333332,12,2,osrm
768,delivered,2025-07-03 16:45:35,2025-07-03 16:50:38.857240,2025-07-03 17:09:02.000000,2025-07-03 17:15:04.000,29.483333333333334,18.385712666666667,28,3,osrm
769,delivered,2025-07-03 16:45:10,2025-07-03 17:03:55.844237,2025-07-03 17:03:55.844237,2025-07-03 17:09:16.800,24.113333333333333,0.0,26,3,osrm
770,delivered,2025-07-03 16:46:13,2025-07-03 16:53:16.198167,2025-07-03 17:03:55.844237,2025-07-03 17:09:16.800,23.063333333333333,10.660767833333333,26,3,osrm
771,delivered,2025-07-03 16:46:29,2025-07-03 16:59:34.521153,2025-07-03 17:03:47.900000,2025-07-03 17:10:03.000,23.566666666666666,4.222980783333333,7,2,osrm
772,delivered,2025-07-03 16:46:43,2025-07-03 16:57:14.374743,2025-07-03 17:00:36.600000,2025-07-03 17:03:43.400,17.006666666666668,3.37042095,38,1,osrm
773,delivered,2025-07-03 16:46:56,2025-07-03 17:01:19.412145,2025-07-03 17:03:17.701452,2025-07-03 17:08:13.500,21.291666666666668,1.9714884499999998,4,4,osrm
774,delivered,2025-07-03 16:46:17,2025-07-03 17:01:13.155726,2025-07-03 17:15:11.659903,2025-07-03 17:21:05.400,34.806666666666665,13.975069616666667,5,3,osrm
775,delivered,2025-07-03 16:47:15,2025-07-03 17:01:06.071253,2025-07-03 17:09:02.000000,2025-07-03 17:15:04.000,27.816666666666666,7.9321457833333335,28,3,osrm
776,delivered,2025-07-03 16:47:56,2025-07-03 16:56:13.831627,2025-07-03 17:06:11.875914,2025-07-03 17:08:35.400,20.65666666666667,9.967404783333334,1,3,osrm
777,delivered,2025-07-03 16:47:52,2025-07-03 17:03:18.826674,2025-07-03 17:04:53.900000,2025-07-03 17:10:52.600,23.009999999999998,1.5845554333333332,8,3,osrm
778,delivered,2025-07-03 16:47:31,2025-07-03 16:59:07.867377,2025-07-03 17:03:55.400000,2025-07-03 17:10:03.500,22.541666666666668,4.792210383333333,37,2,osrm
779,delivered,2025-07-03 16:48:36,2025-07-03 17:00:12.216668,2025-07-03 17:05:22.400000,2025-07-03 17:08:04.100,19.46833333333333,5.1697222,32,1,osrm
780,delivered,2025-07-03 16:48:37,2025-07-03 17:00:16.577237,2025-07-03 17:15:16.033056,2025-07-03 17:19:38.100,31.01833333333333,14.990930316666667,25,4,osrm
781,delivered,2025-07-03 16:49:34,2025-07-03 17:03:17.701452,2025-07-03 17:03:17.701452,2025-07-03 17:08:13.500,18.658333333333335,0.0,4,4,osrm
782,delivered,2025-07-03 16:50:59,2025-07-03 17:02:40.807943,2025-07-03 17:06:43.700000,2025-07-03 17:10:34.700,19.595000000000002,4.04820095,31,1,osrm
783,delivered,2025-07-03 16:50:00,2025-07-03 17:05:38.199988,2025-07-03 17:05:38.199988,2025-07-03 17:05:18.700,15.311666666666667,0.0,18,3,osrm
784,delivered,2025-07-03 16:51:42,2025-07-03 17:04:18.488364,2025-07-03 17:25:35.977227,2025-07-03 17:29:25.100,37.718333333333334,21.29148105,3,4,osrm
785,delivered,2025-07-03 16:52:39,2025-07-03 17:06:11.875914,2025-07-03 17:06:11.875914,2025-07-03 17:08:35.400,15.94,0.0,1,3,osrm
786,delivered,2025-07-03 16:53:54,2025-07-03 17:04:43.158834,2025-07-03 17:25:35.977227,2025-07-03 17:29:25.100,35.51833333333333,20.88030655,3,4,osrm
787,delivered,2025-07-03 16:53:53,2025-07-03 17:05:01.698641,2025-07-03 17:05:35.600000,2025-07-03 17:12:08.900,18.265,0.56502265,27,2,osrm
788,delivered,2025-07-03 16:53:50,2025-07-03 17:00:38.244831,2025-07-03 17:09:02.000000,2025-07-03 17:15:04.000,21.233333333333334,8.395919483333333,28,3,osrm
789,delivered,2025-07-03 16:54:37,2025-07-03 17:05:20.995765,2025-07-03 17:05:20.995765,2025-07-03 17:09:20.700,14.728333333333333,0.0,24,3,osrm
790,delivered,2025-07-03 16:54:49,2025-07-03 17:06:35.406172,2025-07-03 17:14:14.944838,2025-07-03 17:14:17.300,19.471666666666668,7.658977766666666,30,3,osrm
791,delivered,2025-07-03 16:55:41,2025-07-03 17:04:09.272845,2025-07-03 17:24:40.902617,2025-07-03 17:28:18.600,32.626666666666665,20.527162866666668,2,4,osrm
792,delivered,2025-07-03 16:55:11,2025-07-03 17:10:32.056177,2025-07-03 17:10:32.056177,2025-07-03 17:09:10.400,13.99,0.0,17,3,osrm
793,delivered,2025-07-03 16:55:04,2025-07-03 17:07:40.764010,2025-07-03 17:07:40.764010,2025-07-03 17:06:09.900,11.098333333333333,0.0,10,4,osrm
794,delivered,2025-07-03 16:55:39,2025-07-03 17:14:14.944838,2025-07-03 17:14:14.944838,2025-07-03 17:14:17.300,18.638333333333332,0.0,30,3,osrm
795,delivered,2025-07-03 16:56:22,2025-07-03 17:10:51.625965,2025-07-03 17:33:31.998270,2025-07-03 17:37:48.600,41.443333333333335,22.672871750000002,28,4,osrm
796,delivered,2025-07-03 16:56:59,2025-07-03 17:04:02.901730,2025-07-03 17:30:09.153326,2025-07-03 17:28:33.900,31.581666666666667,26.104193266666666,12,4,osrm
797,delivered,2025-07-03 16:57:38,2025-07-03 17:11:20.920990,2025-07-03 17:24:18.300000,2025-07-03 17:28:53.100,31.251666666666665,12.956316833333334,20,2,osrm
798,delivered,2025-07-03 16:58:29,2025-07-03 17:10:14.930177,2025-07-03 17:29:07.896078,2025-07-03 17:30:35.200,32.10333333333333,18.882765016666667,16,4,osrm
799,delivered,2025-07-03 16:58:21,2025-07-03 17:15:43.730158,2025-07-03 17:41:07.955942,2025-07-03 17:41:57.300,43.605000000000004,25.403763066666667,11,3,osrm
800,delivered,2025-07-03 16:59:40,2025-07-03 17:15:16.033056,2025-07-03 17:15:16.033056,2025-07-03 17:19:38.100,19.96833333333333,0.0,25,4,osrm
801,delivered,2025-07-03 16:59:53,2025-07-03 17:16:51.002816,2025-07-03 17:25:35.977227,2025-07-03 17:29:25.100,29.535,8.749573516666667,3,4,osrm
802,delivered,2025-07-03 16:59:31,2025-07-03 17:11:32.864605,2025-07-03 17:14:22.700000,2025-07-03 17:18:11.900,18.68166666666667,2.830589916666667,15,2,osrm
803,delivered,2025-07-03 17:00:41,2025-07-03 17:12:08.807376,2025-07-03 17:14:19.400000,2025-07-03 17:15:46.700,15.095,2.1765437333333333,9,1,osrm
804,delivered,2025-07-03 17:00:10,2025-07-03 17:15:11.659903,2025-07-03 17:15:11.659903,2025-07-03 17:21:05.400,20.923333333333336,0.0,5,3,osrm
805,delivered,2025-07-03 17:01:29,2025-07-03 17:12:38.441268,2025-07-03 17:24:40.902617,2025-07-03 17:28:18.600,26.826666666666664,12.041022483333334,2,4,osrm
806,delivered,2025-07-03 17:02:53,2025-07-03 17:16:53.393372,2025-07-03 17:16:53.393372,2025-07-03 17:13:29.400,10.606666666666666,0.0,13,3,osrm
807,delivered,2025-07-03 17:02:08,2025-07-03 17:14:47.937413,2025-07-03 17:31:16.786752,2025-07-03 17:41:20.300,39.205000000000005,16.480822316666668,7,4,osrm
808,delivered,2025-07-03 17:02:54,2025-07-03 17:12:27.332119,2025-07-03 17:38:38.633610,2025-07-03 17:40:54.000,38.0,26.18835818333333,25,4,osrm
809,delivered,2025-07-03 17:03:32,2025-07-03 17:11:13.452638,2025-07-03 17:15:16.033056,2025-07-03 17:19:38.100,16.101666666666667,4.043006966666667,25,4,osrm
810,delivered,2025-07-03 17:03:50,2025-07-03 17:17:49.963579,2025-07-03 17:20:44.472887,2025-07-03 17:24:11.200,20.353333333333335,2.908488466666667,38,3,osrm
811,delivered,2025-07-03 17:03:59,2025-07-03 17:17:06.162323,2025-07-03 17:33:15.877215,2025-07-03 17:39:28.300,35.48833333333334,16.161914866666667,29,4,osrm
812,delivered,2025-07-03 17:04:58,2025-07-03 17:17:46.368767,2025-07-03 17:24:40.902617,2025-07-03 17:28:18.600,23.34333333333333,6.908897499999999,2,4,osrm
813,delivered,2025-07-03 17:04:49,2025-07-03 17:19:17.582659,2025-07-03 17:34:34.900000,2025-07-03 17:43:32.100,38.718333333333334,15.28862235,13,3,osrm
814,delivered,2025-07-03 17:04:32,2025-07-03 17:15:33.984541,2025-07-03 17:39:16.008530,2025-07-03 17:41:30.200,36.97,23.700399816666668,40,4,osrm
815,delivered,2025-07-03 17:04:52,2025-07-03 17:19:41.077304,2025-07-03 17:24:18.300000,2025-07-03 17:28:53.100,24.01833333333333,4.620378266666666,20,2,osrm
816,delivered,2025-07-03 17:04:02,2025-07-03 17:13:30.168632,2025-07-03 17:16:53.393372,2025-07-03 17:13:29.400,9.456666666666667,3.387079,13,3,osrm
817,delivered,2025-07-03 17:04:26,2025-07-03 17:17:41.787005,2025-07-03 17:17:41.787005,2025-07-03 17:22:52.900,18.448333333333334,0.0,21,2,osrm
818,delivered,2025-07-03 17:05:32,2025-07-03 17:10:48.736158,2025-07-03 17:25:41.300000,2025-07-03 17:33:13.300,27.688333333333333,14.876064033333334,18,3,osrm
819,delivered,2025-07-03 17:05:24,2025-07-03 17:14:27.318356,2025-07-03 17:25:41.300000,2025-07-03 17:33:13.300,27.821666666666665,11.2330274,18,3,osrm
820,delivered,2025-07-03 17:05:45,2025-07-03 17:16:25.662883,2025-07-03 17:25:33.796649,2025-07-03 17:27:17.500,21.541666666666668,9.135562766666668,9,4,osrm
821,delivered,2025-07-03 17:05:49,2025-07-03 17:19:09.546277,2025-07-03 17:25:33.796649,2025-07-03 17:27:17.500,21.475,6.404172866666667,9,4,osrm
822,delivered,2025-07-03 17:05:44,2025-07-03 17:20:12.398923,2025-07-03 17:35:31.900000,2025-07-03 17:41:47.900,36.065000000000005,15.32501795,1,3,osrm
823,delivered,2025-07-03 17:06:24,2025-07-03 17:17:25.148100,2025-07-03 17:34:28.000000,2025-07-03 17:38:24.300,32.005,17.047531666666668,8,2,osrm
824,delivered,2025-07-03 17:06:11,2025-07-03 17:20:44.472887,2025-07-03 17:20:44.472887,2025-07-03 17:24:11.200,18.003333333333334,0.0,38,3,osrm
825,delivered,2025-07-03 17:06:15,2025-07-03 17:19:58.737709,2025-07-03 17:40:40.366054,2025-07-03 17:44:41.200,38.43666666666666,20.693805750000003,33,2,osrm
826,delivered,2025-07-03 17:07:24,2025-07-03 17:17:06.252888,2025-07-03 17:25:33.796649,2025-07-03 17:27:17.500,19.891666666666666,8.459062683333334,9,4,osrm
827,delivered,2025-07-03 17:07:07,2025-07-03 17:18:02.639680,2025-07-03 17:36:17.208130,2025-07-03 17:41:50.400,34.723333333333336,18.2428075,4,3,osrm
828,delivered,2025-07-03 17:07:42,2025-07-03 17:19:27.420148,2025-07-03 17:41:07.955942,2025-07-03 17:41:57.300,34.255,21.675596566666666,11,3,osrm
829,delivered,2025-07-03 17:08:06,2025-07-03 17:16:57.272482,2025-07-03 17:25:41.300000,2025-07-03 17:33:13.300,25.121666666666666,8.733791966666667,18,3,osrm
830,delivered,2025-07-03 17:08:56,2025-07-03 17:20:02.812058,2025-07-03 17:36:17.208130,2025-07-03 17:41:50.400,32.906666666666666,16.239934533333333,4,3,osrm
831,delivered,2025-07-03 17:08:26,2025-07-03 17:22:00.223623,2025-07-03 17:41:30.403768,2025-07-03 17:46:53.900,38.465,19.503002416666668,20,3,osrm
832,delivered,2025-07-03 17:09:56,2025-07-03 17:23:24.883891,2025-07-03 17:43:58.497515,2025-07-03 17:46:50.200,36.90333333333333,20.560227066666666,9,3,osrm
833,delivered,2025-07-03 17:09:31,2025-07-03 17:23:05.239876,2025-07-03 17:29:07.896078,2025-07-03 17:30:35.200,21.07,6.0442700333333335,16,4,osrm
834,delivered,2025-07-03 17:09:41,2025-07-03 17:17:31.094352,2025-07-03 17:40:15.615877,2025-07-03 17:41:21.600,31.676666666666666,22.742025416666667,22,4,osrm
835,delivered,2025-07-03 17:09:18,2025-07-03 17:17:41.530926,2025-07-03 17:39:16.008530,2025-07-03 17:41:30.200,32.20333333333333,21.574626733333332,40,4,osrm
836,delivered,2025-07-03 17:10:54,2025-07-03 17:26:55.156837,2025-07-03 17:49:26.007189,2025-07-03 17:51:11.000,40.28333333333333,22.514172533333333,16,3,osrm
837,delivered,2025-07-03 17:10:16,2025-07-03 17:27:18.919097,2025-07-03 17:40:15.615877,2025-07-03 17:41:21.600,31.09333333333333,12.944946333333332,22,4,osrm
838,delivered,2025-07-03 17:10:11,2025-07-03 17:22:15.075667,2025-07-03 17:49:26.007189,2025-07-03 17:51:11.000,41.0,27.182192033333333,16,3,osrm
839,delivered,2025-07-03 17:10:52,2025-07-03 17:17:06.757304,2025-07-03 17:43:37.518353,2025-07-03 17:45:17.700,34.42833333333333,26.51268415,27,3,osrm
840,delivered,2025-07-03 17:11:20,2025-07-03 17:24:00.519233,2025-07-03 17:40:28.500000,2025-07-03 17:50:16.400,38.940000000000005,16.466346116666667,37,4,osrm
841,delivered,2025-07-03 17:11:47,2025-07-03 17:22:00.956150,2025-07-03 17:34:24.560701,2025-07-03 17:39:48.400,28.023333333333333,12.393409183333334,19,2,osrm
842,delivered,2025-07-03 17:11:40,2025-07-03 17:23:56.144015,2025-07-03 17:31:16.786752,2025-07-03 17:41:20.300,29.671666666666667,7.3440456166666666,7,4,osrm
843,delivered,2025-07-03 17:11:59,2025-07-03 17:29:13.947034,2025-07-03 17:40:08.000000,2025-07-03 17:47:45.300,35.77166666666667,10.900882766666665,2,4,osrm
844,delivered,2025-07-03 17:11:37,2025-07-03 17:24:09.562739,2025-07-03 17:39:46.100000,2025-07-03 17:45:42.000,34.083333333333336,15.60895435,17,3,osrm
845,delivered,2025-07-03 17:12:12,2025-07-03 17:23:21.346345,2025-07-03 17:40:08.000000,2025-07-03 17:47:45.300,35.555,16.777560916666665,2,4,osrm
846,delivered,2025-07-03 17:12:00,2025-07-03 17:19:31.682066,2025-07-03 17:29:07.896078,2025-07-03 17:30:35.200,18.586666666666666,9.603566866666666,16,4,osrm
847,delivered,2025-07-03 17:12:25,2025-07-03 17:20:13.911426,2025-07-03 17:36:54.800000,2025-07-03 17:42:21.400,29.94,16.68147623333333,5,2,osrm
848,delivered,2025-07-03 17:12:50,2025-07-03 17:29:08.390286,2025-07-03 17:30:09.153326,2025-07-03 17:28:33.900,15.731666666666666,1.0127173333333332,12,4,osrm
849,delivered,2025-07-03 17:12:16,2025-07-03 17:28:36.717681,2025-07-03 17:39:16.008530,2025-07-03 17:41:30.200,29.236666666666668,10.654847483333333,40,4,osrm
850,delivered,2025-07-03 17:13:57,2025-07-03 17:29:07.896078,2025-07-03 17:29:07.896078,2025-07-03 17:30:35.200,16.636666666666667,0.0,16,4,osrm
851,delivered,2025-07-03 17:14:18,2025-07-03 17:30:09.153326,2025-07-03 17:30:09.153326,2025-07-03 17:28:33.900,14.264999999999999,0.0,12,4,osrm
852,delivered,2025-07-03 17:14:48,2025-07-03 17:21:39.417479,2025-07-03 17:35:31.900000,2025-07-03 17:41:47.900,26.998333333333335,13.874708683333333,1,3,osrm
853,delivered,2025-07-03 17:14:47,2025-07-03 17:24:40.902617,2025-07-03 17:24:40.902617,2025-07-03 17:28:18.600,13.526666666666667,0.0,2,4,osrm
854,delivered,2025-07-03 17:14:42,2025-07-03 17:25:33.796649,2025-07-03 17:25:33.796649,2025-07-03 17:27:17.500,12.591666666666667,0.0,9,4,osrm
855,delivered,2025-07-03 17:14:00,2025-07-03 17:31:38.253987,2025-07-03 17:34:34.900000,2025-07-03 17:43:32.100,29.535,2.944100216666667,13,3,osrm
856,delivered,2025-07-03 17:15:19,2025-07-03 17:29:04.422785,2025-07-03 17:34:28.000000,2025-07-03 17:38:24.300,23.08833333333333,5.392953583333334,8,2,osrm
857,delivered,2025-07-03 17:15:11,2025-07-03 17:25:35.977227,2025-07-03 17:25:35.977227,2025-07-03 17:29:25.100,14.235000000000001,0.0,3,4,osrm
858,delivered,2025-07-03 17:15:15,2025-07-03 17:29:27.958756,2025-07-03 17:31:16.786752,2025-07-03 17:41:20.300,26.08833333333333,1.8137999333333332,7,4,osrm
859,delivered,2025-07-03 17:15:13,2025-07-03 17:33:51.533756,2025-07-03 17:36:54.800000,2025-07-03 17:42:21.400,27.14,3.0544374,5,2,osrm
860,delivered,2025-07-03 17:15:18,2025-07-03 17:22:49.260729,2025-07-03 17:35:31.900000,2025-07-03 17:41:47.900,26.498333333333335,12.710654516666667,1,3,osrm
861,delivered,2025-07-03 17:15:10,2025-07-03 17:25:45.783644,2025-07-03 17:43:58.497515,2025-07-03 17:46:50.200,31.67,18.21189785,9,3,osrm
862,delivered,2025-07-03 17:15:40,2025-07-03 17:33:31.998270,2025-07-03 17:33:31.998270,2025-07-03 17:37:48.600,22.14333333333333,0.0,28,4,osrm
863,delivered,2025-07-03 17:16:12,2025-07-03 17:25:25.343689,2025-07-03 17:33:31.998270,2025-07-03 17:37:48.600,21.61,8.110909683333334,28,4,osrm
864,delivered,2025-07-03 17:17:00,2025-07-03 17:29:28.532092,2025-07-03 17:52:29.401362,2025-07-03 17:51:45.800,34.763333333333335,23.01448783333333,24,3,osrm
865,delivered,2025-07-03 17:17:26,2025-07-03 17:30:53.061888,2025-07-03 17:33:31.998270,2025-07-03 17:37:48.600,20.376666666666665,2.6489397,28,4,osrm
866,delivered,2025-07-03 17:17:46,2025-07-03 17:26:35.779764,2025-07-03 17:40:08.000000,2025-07-03 17:47:45.300,29.988333333333333,13.537003933333333,2,4,osrm
867,delivered,2025-07-03 17:17:15,2025-07-03 17:26:57.095170,2025-07-03 17:51:43.617125,2025-07-03 17:57:44.300,40.48833333333334,24.775365916666665,23,4,osrm
868,delivered,2025-07-03 17:19:59,2025-07-03 17:31:04.839462,2025-07-03 17:49:17.800000,2025-07-03 17:55:28.100,35.485,18.216008966666667,3,3,osrm
869,delivered,2025-07-03 17:19:54,2025-07-03 17:30:48.882621,2025-07-03 17:40:28.500000,2025-07-03 17:50:16.400,30.373333333333335,9.660289650000001,37,4,osrm
870,delivered,2025-07-03 17:19:25,2025-07-03 17:30:33.441409,2025-07-03 17:47:06.248426,2025-07-03 17:51:51.100,32.434999999999995,16.546783616666666,21,4,osrm
871,delivered,2025-07-03 17:19:43,2025-07-03 17:34:20.975518,2025-07-03 17:34:34.900000,2025-07-03 17:43:32.100,23.81833333333333,0.2320747,13,3,osrm
872,delivered,2025-07-03 17:19:58,2025-07-03 17:35:22.193588,2025-07-03 17:39:46.100000,2025-07-03 17:45:42.000,25.733333333333334,4.3984402,17,3,osrm
873,delivered,2025-07-03 17:19:53,2025-07-03 17:31:29.306932,2025-07-03 17:40:28.500000,2025-07-03 17:50:16.400,30.39,8.986551133333334,37,4,osrm
874,delivered,2025-07-03 17:20:52,2025-07-03 17:32:13.714332,2025-07-03 17:39:46.100000,2025-07-03 17:45:42.000,24.833333333333332,7.539761133333333,17,3,osrm
875,delivered,2025-07-03 17:20:57,2025-07-03 17:33:22.336399,2025-07-03 17:40:15.615877,2025-07-03 17:41:21.600,20.41,6.8879912999999995,22,4,osrm
876,delivered,2025-07-03 17:20:21,2025-07-03 17:31:16.786752,2025-07-03 17:31:16.786752,2025-07-03 17:41:20.300,20.988333333333333,0.0,7,4,osrm
877,delivered,2025-07-03 17:22:36,2025-07-03 17:33:43.066515,2025-07-03 17:40:08.000000,2025-07-03 17:47:45.300,25.154999999999998,6.415558083333334,2,4,osrm
878,delivered,2025-07-03 17:22:25,2025-07-03 17:38:38.633610,2025-07-03 17:38:38.633610,2025-07-03 17:40:54.000,18.483333333333334,0.0,25,4,osrm
879,delivered,2025-07-03 17:22:02,2025-07-03 17:37:37.460873,2025-07-03 17:47:06.248426,2025-07-03 17:51:51.100,29.81833333333333,9.47979255,21,4,osrm
880,delivered,2025-07-03 17:22:34,2025-07-03 17:34:24.560701,2025-07-03 17:34:24.560701,2025-07-03 17:39:48.400,17.240000000000002,0.0,19,2,osrm
881,delivered,2025-07-03 17:22:21,2025-07-03 17:32:53.539435,2025-07-03 17:51:43.617125,2025-07-03 17:57:44.300,35.388333333333335,18.83462816666667,23,4,osrm
882,delivered,2025-07-03 17:22:09,2025-07-03 17:38:23.668866,2025-07-03 17:54:19.300000,2025-07-03 18:03:31.500,41.375,15.927185566666667,25,2,osrm
883,delivered,2025-07-03 17:23:25,2025-07-03 17:32:07.629891,2025-07-03 17:47:06.248426,2025-07-03 17:51:51.100,28.435,14.976975583333333,21,4,osrm
884,delivered,2025-07-03 17:23:14,2025-07-03 17:33:15.877215,2025-07-03 17:38:38.633610,2025-07-03 17:40:54.000,17.666666666666668,5.37927325,25,4,osrm
885,delivered,2025-07-03 17:23:40,2025-07-03 17:36:40.273095,2025-07-03 17:49:17.300000,2025-07-03 17:55:44.500,32.075,12.617115083333335,38,3,osrm
886,delivered,2025-07-03 17:24:55,2025-07-03 17:36:17.208130,2025-07-03 17:36:17.208130,2025-07-03 17:41:50.400,16.923333333333332,0.0,4,3,osrm
887,delivered,2025-07-03 17:25:24,2025-07-03 17:37:06.276873,2025-07-03 17:40:55.500000,2025-07-03 17:44:10.200,18.77,3.8203854500000003,34,1,osrm
888,delivered,2025-07-03 17:25:16,2025-07-03 17:41:30.403768,2025-07-03 17:41:30.403768,2025-07-03 17:46:53.900,21.631666666666668,0.0,20,3,osrm
889,delivered,2025-07-03 17:25:51,2025-07-03 17:39:16.008530,2025-07-03 17:39:16.008530,2025-07-03 17:41:30.200,15.653333333333334,0.0,40,4,osrm
890,delivered,2025-07-03 17:25:36,2025-07-03 17:30:36.000000,2025-07-03 17:33:15.877215,2025-07-03 17:39:28.300,13.871666666666666,2.66462025,29,4,osrm
891,delivered,2025-07-03 17:26:37,2025-07-03 17:36:31.867865,2025-07-03 17:43:37.518353,2025-07-03 17:45:17.700,18.678333333333335,7.0941748,27,3,osrm
892,delivered,2025-07-03 17:26:20,2025-07-03 17:40:15.615877,2025-07-03 17:40:15.615877,2025-07-03 17:41:21.600,15.026666666666667,0.0,22,4,osrm
893,delivered,2025-07-03 17:26:06,2025-07-03 17:36:47.028166,2025-07-03 17:41:30.403768,2025-07-03 17:46:53.900,20.798333333333336,4.7229267,20,3,osrm
894,delivered,2025-07-03 17:27:06,2025-07-03 17:38:41.906337,2025-07-03 17:56:49.400000,2025-07-03 18:01:32.700,34.445,18.124894383333334,18,2,osrm
895,delivered,2025-07-03 17:27:04,2025-07-03 17:37:17.693810,2025-07-03 17:51:43.617125,2025-07-03 17:57:44.300,30.671666666666667,14.43205525,23,4,osrm
896,delivered,2025-07-03 17:27:37,2025-07-03 17:40:41.027331,2025-07-03 17:52:29.401362,2025-07-03 17:51:45.800,24.146666666666665,11.80623385,24,3,osrm
897,delivered,2025-07-03 17:27:04,2025-07-03 17:43:58.497515,2025-07-03 17:43:58.497515,2025-07-03 17:46:50.200,19.77,0.0,9,3,osrm
898,delivered,2025-07-03 17:27:54,2025-07-03 17:41:07.955942,2025-07-03 17:41:07.955942,2025-07-03 17:41:57.300,14.055,0.0,11,3,osrm
899,delivered,2025-07-03 17:29:03,2025-07-03 17:40:40.366054,2025-07-03 17:40:40.366054,2025-07-03 17:44:41.200,15.636666666666667,0.0,33,2,osrm
900,delivered,2025-07-03 17:29:55,2025-07-03 17:34:55.000000,2025-07-03 17:52:51.522697,2025-07-03 18:00:49.400,30.90666666666667,17.942044950000003,29,4,osrm
901,delivered,2025-07-03 17:29:56,2025-07-03 17:43:37.518353,2025-07-03 17:43:37.518353,2025-07-03 17:45:17.700,15.361666666666668,0.0,27,3,osrm
902,delivered,2025-07-03 17:30:34,2025-07-03 17:39:17.756214,2025-07-03 17:49:17.800000,2025-07-03 17:55:28.100,24.901666666666664,10.000729766666666,3,3,osrm
903,delivered,2025-07-03 17:30:00,2025-07-03 17:39:43.936655,2025-07-03 17:40:28.500000,2025-07-03 17:50:16.400,20.273333333333333,0.7427224166666666,37,4,osrm
904,delivered,2025-07-03 17:31:57,2025-07-03 17:46:17.290674,2025-07-03 17:49:17.800000,2025-07-03 17:55:28.100,23.51833333333333,3.0084887666666664,3,3,osrm
905,delivered,2025-07-03 17:31:59,2025-07-03 17:45:23.547174,2025-07-03 17:58:57.600000,2025-07-03 18:07:31.300,35.538333333333334,13.5675471,31,2,osrm
906,delivered,2025-07-03 17:31:41,2025-07-03 17:42:17.930751,2025-07-03 17:49:17.300000,2025-07-03 17:55:44.500,24.058333333333334,6.989487483333334,38,3,osrm
907,delivered,2025-07-03 17:31:26,2025-07-03 17:43:10.402179,2025-07-03 17:53:39.100000,2025-07-03 17:58:35.600,27.16,10.478297016666666,34,2,osrm
908,delivered,2025-07-03 17:31:21,2025-07-03 17:49:45.012014,2025-07-03 17:53:39.100000,2025-07-03 17:58:35.600,27.243333333333332,3.9014664333333333,34,2,osrm
909,delivered,2025-07-03 17:31:09,2025-07-03 17:36:09.000000,2025-07-03 17:57:56.863231,2025-07-03 18:03:24.100,32.251666666666665,21.79772051666667,13,2,osrm
910,delivered,2025-07-03 17:31:51,2025-07-03 17:41:31.539267,2025-07-03 17:54:12.600000,2025-07-03 17:57:31.100,25.668333333333333,12.68434555,17,1,osrm
911,delivered,2025-07-03 17:31:17,2025-07-03 17:43:12.344044,2025-07-03 17:49:17.300000,2025-07-03 17:55:44.500,24.458333333333332,6.082599266666667,38,3,osrm
912,delivered,2025-07-03 17:31:07,2025-07-03 17:38:26.893492,2025-07-03 18:05:01.252723,2025-07-03 18:01:13.200,30.103333333333335,26.57265385,40,2,osrm
913,delivered,2025-07-03 17:32:09,2025-07-03 17:46:40.017656,2025-07-03 17:52:51.522697,2025-07-03 18:00:49.400,28.673333333333336,6.191750683333334,29,4,osrm
914,delivered,2025-07-03 17:32:21,2025-07-03 17:46:42.642645,2025-07-03 18:01:11.700000,2025-07-03 18:06:43.200,34.37,14.48428925,2,2,osrm
915,delivered,2025-07-03 17:32:15,2025-07-03 17:47:06.248426,2025-07-03 17:47:06.248426,2025-07-03 17:51:51.100,19.601666666666667,0.0,21,4,osrm
916,delivered,2025-07-03 17:32:53,2025-07-03 17:45:50.041343,2025-07-03 17:54:29.100000,2025-07-03 17:57:54.000,25.016666666666666,8.650977616666667,5,1,osrm
917,delivered,2025-07-03 17:32:53,2025-07-03 17:44:48.147249,2025-07-03 17:52:54.000000,2025-07-03 17:55:21.400,22.473333333333336,8.09754585,26,1,osrm
918,delivered,2025-07-03 17:33:15,2025-07-03 17:44:52.511480,2025-07-03 18:01:11.700000,2025-07-03 18:06:43.200,33.47,16.319808666666667,2,2,osrm
919,delivered,2025-07-03 17:33:52,2025-07-03 17:45:24.004462,2025-07-03 17:56:54.600000,2025-07-03 18:00:07.100,26.251666666666665,11.509925633333333,32,2,osrm
920,delivered,2025-07-03 17:33:11,2025-07-03 17:51:23.218204,2025-07-03 18:09:08.100000,2025-07-03 18:15:43.400,42.54,17.74802993333333,11,2,osrm
921,delivered,2025-07-03 17:34:52,2025-07-03 17:52:27.385106,2025-07-03 17:56:54.600000,2025-07-03 18:00:07.100,25.251666666666665,4.453581566666667,32,2,osrm
922,delivered,2025-07-03 17:34:50,2025-07-03 17:47:02.021875,2025-07-03 17:56:49.400000,2025-07-03 18:01:32.700,26.711666666666666,9.789635416666666,18,2,osrm
923,delivered,2025-07-03 17:34:17,2025-07-03 17:48:09.979316,2025-07-03 17:54:19.300000,2025-07-03 18:03:31.500,29.241666666666667,6.155344733333334,25,2,osrm
924,delivered,2025-07-03 17:34:19,2025-07-03 17:45:43.236362,2025-07-03 17:52:51.522697,2025-07-03 18:00:49.400,26.506666666666668,7.138105583333333,29,4,osrm
925,delivered,2025-07-03 17:35:01,2025-07-03 17:49:26.007189,2025-07-03 17:49:26.007189,2025-07-03 17:51:11.000,16.166666666666668,0.0,16,3,osrm
926,delivered,2025-07-03 17:36:55,2025-07-03 17:51:35.988578,2025-07-03 17:53:32.800000,2025-07-03 18:00:49.400,23.90666666666667,1.9468570333333333,11,2,osrm
927,delivered,2025-07-03 17:36:25,2025-07-03 17:51:43.617125,2025-07-03 17:51:43.617125,2025-07-03 17:57:44.300,21.321666666666665,0.0,23,4,osrm
928,delivered,2025-07-03 17:36:44,2025-07-03 17:49:45.079144,2025-07-03 17:56:41.700000,2025-07-03 18:00:22.300,23.638333333333332,6.943680933333334,39,1,osrm
929,delivered,2025-07-03 17:37:29,2025-07-03 17:52:54.571651,2025-07-03 17:53:32.800000,2025-07-03 18:00:49.400,23.34,0.63713915,11,2,osrm
930,delivered,2025-07-03 17:38:49,2025-07-03 17:52:29.401362,2025-07-03 17:52:29.401362,2025-07-03 17:51:45.800,12.946666666666665,0.0,24,3,osrm
931,delivered,2025-07-03 17:38:31,2025-07-03 17:50:34.861140,2025-07-03 17:53:33.700000,2025-07-03 17:59:55.000,21.4,2.980647666666667,35,1,osrm
932,delivered,2025-07-03 17:39:20,2025-07-03 17:52:51.522697,2025-07-03 17:52:51.522697,2025-07-03 18:00:49.400,21.490000000000002,0.0,29,4,osrm
933,delivered,2025-07-03 17:39:25,2025-07-03 17:57:56.863231,2025-07-03 17:57:56.863231,2025-07-03 18:03:24.100,23.985,0.0,13,2,osrm
934,delivered,2025-07-03 17:39:09,2025-07-03 17:48:01.191926,2025-07-03 18:10:12.544208,2025-07-03 18:09:33.000,30.4,22.1892047,7,3,osrm
935,delivered,2025-07-03 17:40:15,2025-07-03 17:51:33.789788,2025-07-03 17:58:57.600000,2025-07-03 18:07:31.300,27.271666666666665,7.396836866666666,31,2,osrm
936,delivered,2025-07-03 17:41:28,2025-07-03 17:53:43.140773,2025-07-03 18:04:31.600000,2025-07-03 18:10:33.300,29.08833333333333,10.807653783333334,24,2,osrm
937,delivered,2025-07-03 17:41:02,2025-07-03 17:55:15.340063,2025-07-03 18:08:53.900000,2025-07-03 18:14:05.100,33.05166666666666,13.642665616666667,33,2,osrm
938,delivered,2025-07-03 17:43:53,2025-07-03 17:58:31.110946,2025-07-03 17:58:53.900000,2025-07-03 18:01:44.300,17.855,0.37981756666666666,10,1,osrm
939,delivered,2025-07-03 17:43:03,2025-07-03 17:55:14.603973,2025-07-03 18:13:30.622208,2025-07-03 18:14:27.300,31.404999999999998,18.266970583333332,5,2,osrm
940,delivered,2025-07-03 17:44:30,2025-07-03 17:56:11.317669,2025-07-03 18:12:01.400000,2025-07-03 18:13:51.700,29.361666666666668,15.834705516666666,27,2,osrm
941,delivered,2025-07-03 17:45:59,2025-07-03 17:55:20.679219,2025-07-03 18:11:05.600000,2025-07-03 18:16:26.300,30.455,15.748679683333334,14,2,osrm
942,delivered,2025-07-03 17:46:16,2025-07-03 17:52:25.485382,2025-07-03 18:09:08.100000,2025-07-03 18:15:43.400,29.456666666666667,16.71024363333333,11,2,osrm
943,delivered,2025-07-03 17:47:24,2025-07-03 17:55:58.587262,2025-07-03 18:08:20.000000,2025-07-03 18:11:16.500,23.875,12.356878966666667,8,2,osrm
944,delivered,2025-07-03 17:47:42,2025-07-03 17:56:54.786543,2025-07-03 18:09:00.100000,2025-07-03 18:12:01.500,24.325,12.088557616666666,4,1,osrm
945,delivered,2025-07-03 17:47:19,2025-07-03 17:58:38.358012,2025-07-03 17:59:49.900000,2025-07-03 18:02:03.500,14.741666666666667,1.1923664666666667,15,1,osrm
946,delivered,2025-07-03 17:48:40,2025-07-03 18:04:55.048332,2025-07-03 18:09:01.900000,2025-07-03 18:13:32.100,24.868333333333332,4.1141944666666665,35,1,osrm
947,delivered,2025-07-03 17:50:22,2025-07-03 18:05:01.252723,2025-07-03 18:05:01.252723,2025-07-03 18:01:13.200,10.853333333333333,0.0,40,2,osrm
948,delivered,2025-07-03 17:51:46,2025-07-03 17:59:39.013295,2025-07-03 18:08:20.000000,2025-07-03 18:11:16.500,19.508333333333333,8.68311175,8,2,osrm
949,delivered,2025-07-03 17:51:17,2025-07-03 18:06:28.057043,2025-07-03 18:10:12.544208,2025-07-03 18:09:33.000,18.266666666666666,3.74145275,7,3,osrm
950,delivered,2025-07-03 17:52:45,2025-07-03 18:06:46.044621,2025-07-03 18:11:05.600000,2025-07-03 18:16:26.300,23.688333333333333,4.325922983333333,14,2,osrm
951,delivered,2025-07-03 17:53:52,2025-07-03 18:09:44.454432,2025-07-03 18:24:48.800000,2025-07-03 18:28:05.000,34.21666666666667,15.072426133333332,35,1,osrm
952,delivered,2025-07-03 17:53:26,2025-07-03 18:10:27.760292,2025-07-03 18:12:01.400000,2025-07-03 18:13:51.700,20.428333333333335,1.5606617999999999,27,2,osrm
953,delivered,2025-07-03 17:54:51,2025-07-03 18:09:52.292054,2025-07-03 18:25:15.900000,2025-07-03 18:29:06.200,34.25333333333333,15.393465766666667,28,1,osrm
954,delivered,2025-07-03 17:54:25,2025-07-03 18:03:11.913982,2025-07-03 18:04:31.600000,2025-07-03 18:10:33.300,16.138333333333332,1.3281003,24,2,osrm
955,delivered,2025-07-03 17:55:05,2025-07-03 18:10:12.544208,2025-07-03 18:10:12.544208,2025-07-03 18:09:33.000,14.466666666666667,0.0,7,3,osrm
956,delivered,2025-07-03 17:55:45,2025-07-03 18:11:13.927528,2025-07-03 18:19:54.600000,2025-07-03 18:24:23.500,28.641666666666666,8.677874533333332,2,2,osrm
957,delivered,2025-07-03 17:55:29,2025-07-03 18:04:10.465537,2025-07-03 18:10:56.700000,2025-07-03 18:12:47.400,17.30666666666667,6.770574383333334,28,1,osrm
958,delivered,2025-07-03 17:57:34,2025-07-03 18:08:45.234759,2025-07-03 18:08:53.900000,2025-07-03 18:14:05.100,16.518333333333334,0.14442068333333333,33,2,osrm
959,delivered,2025-07-03 17:57:01,2025-07-03 18:12:26.108069,2025-07-03 18:14:11.800000,2025-07-03 18:16:43.900,19.715,1.7615321833333333,18,1,osrm
960,delivered,2025-07-03 17:58:57,2025-07-03 18:11:17.342494,2025-07-03 18:25:17.300000,2025-07-03 18:27:07.600,28.176666666666666,13.999291766666666,1,1,osrm
961,delivered,2025-07-03 17:58:18,2025-07-03 18:08:37.057435,2025-07-03 18:08:37.057435,2025-07-03 18:13:18.000,15.0,0.0,36,1,osrm
962,delivered,2025-07-03 18:00:55,2025-07-03 18:14:14.999550,2025-07-03 18:16:03.700000,2025-07-03 18:18:23.100,17.46833333333333,1.8116741666666667,21,1,osrm
963,delivered,2025-07-03 18:00:56,2025-07-03 18:09:25.857909,2025-07-03 18:11:56.300000,2025-07-03 18:15:19.600,14.393333333333334,2.5073681833333334,17,1,osrm
964,delivered,2025-07-03 18:00:41,2025-07-03 18:07:37.291381,2025-07-03 18:25:40.400000,2025-07-03 18:28:17.000,27.6,18.051810316666668,26,1,osrm
965,delivered,2025-07-03 18:00:17,2025-07-03 18:15:18.887070,2025-07-03 18:20:12.890645,2025-07-03 18:23:31.200,23.236666666666668,4.900059583333333,23,2,osrm
966,delivered,2025-07-03 18:00:54,2025-07-03 18:13:43.965611,2025-07-03 18:13:43.965611,2025-07-03 18:19:05.100,18.185,0.0,25,2,osrm
967,delivered,2025-07-03 18:01:25,2025-07-03 18:17:25.187126,2025-07-03 18:19:40.100000,2025-07-03 18:22:52.500,21.458333333333332,2.2485478999999997,34,1,osrm
968,delivered,2025-07-03 18:02:26,2025-07-03 18:13:30.622208,2025-07-03 18:13:30.622208,2025-07-03 18:14:27.300,12.021666666666667,0.0,5,2,osrm
969,delivered,2025-07-03 18:03:21,2025-07-03 18:11:06.780532,2025-07-03 18:14:51.000000,2025-07-03 18:19:14.100,15.885,3.7369911333333334,38,1,osrm
970,delivered,2025-07-03 18:04:37,2025-07-03 18:11:22.394120,2025-07-03 18:13:43.965611,2025-07-03 18:19:05.100,14.468333333333334,2.35952485,25,2,osrm
971,delivered,2025-07-03 18:04:34,2025-07-03 18:21:25.340850,2025-07-03 18:24:41.500000,2025-07-03 18:27:04.800,22.513333333333332,3.269319166666667,8,1,osrm
972,delivered,2025-07-03 18:05:45,2025-07-03 18:10:45.000000,2025-07-03 18:24:54.700000,2025-07-03 18:28:50.300,23.08833333333333,14.161666666666667,10,1,osrm
973,delivered,2025-07-03 18:06:08,2025-07-03 18:20:59.168724,2025-07-03 18:26:06.300000,2025-07-03 18:28:54.100,22.76833333333333,5.118854600000001,3,1,osrm
974,delivered,2025-07-03 18:07:35,2025-07-03 18:19:47.137526,2025-07-03 18:26:21.400000,2025-07-03 18:30:46.800,23.196666666666665,6.571041233333333,27,1,osrm
975,delivered,2025-07-03 18:07:24,2025-07-03 18:20:19.081948,2025-07-03 18:29:51.100000,2025-07-03 18:35:06.400,27.706666666666667,9.5336342,12,1,osrm
976,delivered,2025-07-03 18:07:03,2025-07-03 18:15:59.781284,2025-07-03 18:20:36.200000,2025-07-03 18:24:10.700,17.128333333333334,4.606978600000001,6,1,osrm
977,delivered,2025-07-03 18:08:28,2025-07-03 18:20:12.890645,2025-07-03 18:20:12.890645,2025-07-03 18:23:31.200,15.053333333333335,0.0,23,2,osrm
978,delivered,2025-07-03 18:08:39,2025-07-03 18:17:19.825404,2025-07-03 18:18:02.900000,2025-07-03 18:20:44.600,12.093333333333334,0.7179099333333333,32,1,osrm
979,delivered,2025-07-03 18:08:39,2025-07-03 18:19:42.916771,2025-07-03 18:19:54.600000,2025-07-03 18:24:23.500,15.741666666666667,0.19472048333333333,2,2,osrm
980,delivered,2025-07-03 18:09:34,2025-07-03 18:21:42.627220,2025-07-03 18:24:26.900000,2025-07-03 18:25:55.500,16.358333333333334,2.7378796666666667,11,1,osrm
981,delivered,2025-07-03 18:11:02,2025-07-03 18:25:16.538661,2025-07-03 18:25:16.538661,2025-07-03 18:28:13.900,17.198333333333334,0.0,17,1,osrm
982,delivered,2025-07-03 18:12:38,2025-07-03 18:26:23.318499,2025-07-03 18:30:19.400000,2025-07-03 18:31:26.400,18.80666666666667,3.9346916833333334,24,1,osrm
983,delivered,2025-07-03 18:13:06,2025-07-03 18:22:49.854261,2025-07-03 18:24:39.800000,2025-07-03 18:28:32.100,15.435,1.8324289833333334,13,1,osrm
984,delivered,2025-07-03 18:14:04,2025-07-03 18:27:04.026567,2025-07-03 18:29:18.000000,2025-07-03 18:32:03.700,17.995,2.23289055,7,1,osrm
985,delivered,2025-07-03 18:15:18,2025-07-03 18:22:52.309913,2025-07-03 18:39:24.400000,2025-07-03 18:44:55.200,29.62,16.534834783333334,1,1,osrm
986,delivered,2025-07-03 18:17:03,2025-07-03 18:33:48.400058,2025-07-03 18:40:02.700000,2025-07-03 18:43:08.800,26.096666666666668,6.238332366666667,38,1,osrm
987,delivered,2025-07-03 18:18:42,2025-07-03 18:29:32.317903,2025-07-03 18:29:32.317903,2025-07-03 18:32:00.800,13.313333333333333,0.0,19,1,osrm
988,delivered,2025-07-03 18:19:09,2025-07-03 18:28:15.000161,2025-07-03 18:28:31.100000,2025-07-03 18:33:04.100,13.918333333333333,0.26833065,39,1,osrm
989,delivered,2025-07-03 18:19:10,2025-07-03 18:33:09.434786,2025-07-03 18:40:05.600000,2025-07-03 18:44:26.600,25.276666666666664,6.9360869,18,1,osrm
990,delivered,2025-07-03 18:20:27,2025-07-03 18:33:58.990700,2025-07-03 18:39:54.700000,2025-07-03 18:42:37.300,22.171666666666667,5.928488333333333,26,1,osrm
991,delivered,2025-07-03 18:21:49,2025-07-03 18:32:18.111608,2025-07-03 18:40:30.600000,2025-07-03 18:45:03.500,23.241666666666667,8.208139866666667,17,1,osrm
992,delivered,2025-07-03 18:21:21,2025-07-03 18:33:33.200947,2025-07-03 18:34:32.800000,2025-07-03 18:37:13.200,15.870000000000001,0.99331755,5,1,osrm
993,delivered,2025-07-03 18:22:39,2025-07-03 18:34:36.704344,2025-07-03 18:39:52.100000,2025-07-03 18:43:32.000,20.883333333333333,5.256594266666666,28,1,osrm
994,delivered,2025-07-03 18:24:35,2025-07-03 18:39:54.904847,2025-07-03 18:39:54.904847,2025-07-03 18:40:01.700,15.445,0.0,8,1,osrm
995,delivered,2025-07-03 18:24:59,2025-07-03 18:42:47.159105,2025-07-03 18:44:16.300000,2025-07-03 18:46:54.500,21.925,1.4856815833333334,19,1,osrm
996,delivered,2025-07-03 18:25:58,2025-07-03 18:39:50.982866,2025-07-03 18:40:27.100000,2025-07-03 18:43:34.600,17.61,0.6019522333333334,25,1,osrm
997,delivered,2025-07-03 18:26:02,2025-07-03 18:34:38.330575,2025-07-03 18:35:50.600000,2025-07-03 18:38:57.100,12.918333333333333,1.2044904166666666,23,1,osrm
998,delivered,2025-07-03 18:26:29,2025-07-03 18:39:08.873892,2025-07-03 18:39:17.600000,2025-07-03 18:42:34.300,16.08833333333333,0.14543513333333333,32,1,osrm
999,delivered,2025-07-03 18:27:38,2025-07-03 18:32:38.000000,2025-07-03 18:36:15.300000,2025-07-03 18:40:01.900,12.398333333333333,3.621666666666667,22,1,osrm
1000,delivered,2025-07-03 18:28:57,2025-07-03 18:41:01.612705,2025-07-03 18:45:14.300000,2025-07-03 18:49:24.400,20.456666666666667,4.211454916666667,7,1,osrm
1001,delivered,2025-07-03 18:29:11,2025-07-03 18:43:22.759998,2025-07-03 18:43:56.900000,2025-07-03 18:46:23.200,17.203333333333333,0.5690000333333334,15,1,osrm
1002,delivered,2025-07-03 18:29:05,2025-07-03 18:47:27.914580,2025-07-03 18:50:01.600000,2025-07-03 18:52:07.600,23.043333333333333,2.5614236666666668,5,1,osrm
1003,delivered,2025-07-03 18:29:22,2025-07-03 18:48:59.647862,2025-07-03 18:49:46.700000,2025-07-03 18:52:18.200,22.936666666666667,0.7842023,29,1,osrm
1004,delivered,2025-07-03 18:29:28,2025-07-03 18:38:24.820079,2025-07-03 18:38:59.800000,2025-07-03 18:43:20.500,13.875,0.5829986833333333,31,1,osrm
1005,delivered,2025-07-03 18:31:37,2025-07-03 18:45:37.079177,2025-07-03 18:45:37.079177,2025-07-03 18:49:38.000,18.016666666666666,0.0,40,1,osrm
1006,delivered,2025-07-03 18:32:18,2025-07-03 18:49:20.707450,2025-07-03 18:52:36.100000,2025-07-03 18:55:30.000,23.2,3.2565425,4,1,osrm
1007,delivered,2025-07-03 18:32:55,2025-07-03 18:49:59.090887,2025-07-03 18:49:59.090887,2025-07-03 18:53:53.900,20.98166666666667,0.0,22,1,osrm
1008,delivered,2025-07-03 18:33:29,2025-07-03 18:45:22.501609,2025-07-03 18:45:22.501609,2025-07-03 18:49:40.300,16.188333333333333,0.0,16,1,osrm
1009,delivered,2025-07-03 18:36:59,2025-07-03 18:46:55.942268,2025-07-03 18:49:16.400000,2025-07-03 18:51:17.800,14.313333333333333,2.3409622,9,1,osrm
1010,delivered,2025-07-03 18:36:40,2025-07-03 18:45:00.280517,2025-07-03 18:45:56.000000,2025-07-03 18:48:58.300,12.305,0.9286580499999999,12,1,osrm
1011,delivered,2025-07-03 18:36:38,2025-07-03 18:45:16.642254,2025-07-03 18:45:21.700000,2025-07-03 18:50:08.800,13.513333333333332,0.08429576666666666,6,1,osrm
1012,delivered,2025-07-03 18:39:50,2025-07-03 18:56:24.145884,2025-07-03 18:59:40.400000,2025-07-03 19:02:25.900,22.598333333333336,3.2709019333333336,16,1,osrm
1013,delivered,2025-07-03 18:39:02,2025-07-03 18:52:59.002979,2025-07-03 18:53:56.900000,2025-07-03 18:56:43.300,17.688333333333333,0.9649503500000001,28,1,osrm
1014,delivered,2025-07-03 18:39:03,2025-07-03 18:48:58.397583,2025-07-03 18:48:58.397583,2025-07-03 18:51:32.600,12.493333333333334,0.0,35,1,osrm
1015,delivered,2025-07-03 18:43:50,2025-07-03 18:54:21.432147,2025-07-03 18:55:05.600000,2025-07-03 18:58:47.900,14.965,0.7361308833333333,38,1,osrm
1016,delivered,2025-07-03 18:44:37,2025-07-03 19:01:17.009107,2025-07-03 19:06:40.800000,2025-07-03 19:10:23.000,25.766666666666666,5.396514883333333,4,1,osrm
1017,delivered,2025-07-03 18:48:54,2025-07-03 19:04:03.636901,2025-07-03 19:04:42.800000,2025-07-03 19:06:57.800,18.063333333333333,0.6527183166666667,9,1,osrm
1018,delivered,2025-07-03 18:50:38,2025-07-03 19:00:00.479519,2025-07-03 19:00:37.400000,2025-07-03 19:02:22.500,11.741666666666667,0.61534135,6,1,osrm
1019,delivered,2025-07-03 18:52:14,2025-07-03 19:04:32.287172,2025-07-03 19:06:10.000000,2025-07-03 19:09:33.000,17.316666666666666,1.6285471333333335,37,1,osrm
1020,delivered,2025-07-03 18:53:11,2025-07-03 19:02:47.518663,2025-07-03 19:04:18.100000,2025-07-03 19:07:01.800,13.846666666666666,1.5096889500000001,33,1,osrm
1021,delivered,2025-07-03 18:54:34,2025-07-03 19:07:31.498118,2025-07-03 19:12:02.600000,2025-07-03 19:14:38.300,20.071666666666665,4.5183647,25,1,osrm
1022,delivered,2025-07-03 18:58:20,2025-07-03 19:13:05.959825,2025-07-03 19:15:47.500000,2025-07-03 19:20:22.500,22.041666666666668,2.69233625,40,1,osrm
