order_id,status,placement_time,ready_time,pickup_time,delivery_time,click_to_door,ready_to_pickup,courier_id,bundle_size,routing_source
0,delivered,2025-07-03 08:00:59,2025-07-03 08:06:04.793462,2025-07-03 08:25:53.897729,2025-07-03 08:32:30.100,31.51833333333333,19.81840445,20,4,osrm
1,delivered,2025-07-03 08:00:14,2025-07-03 08:13:38.675750,2025-07-03 08:38:46.999983,2025-07-03 08:36:03.800,35.830000000000005,25.138737216666666,13,4,osrm
2,delivered,2025-07-03 08:00:15,2025-07-03 08:13:29.868723,2025-07-03 08:15:39.100000,2025-07-03 08:18:54.300,18.654999999999998,2.1538546166666666,18,1,osrm
3,delivered,2025-07-03 08:00:58,2025-07-03 08:10:35.806086,2025-07-03 08:34:36.052157,2025-07-03 08:37:33.000,36.583333333333336,24.004101183333333,4,4,osrm
4,delivered,2025-07-03 08:00:09,2025-07-03 08:14:03.027232,2025-07-03 08:34:54.149308,2025-07-03 08:37:10.100,37.01833333333333,20.852034600000003,18,4,osrm
5,delivered,2025-07-03 08:01:02,2025-07-03 08:14:39.070698,2025-07-03 08:15:53.700000,2025-07-03 08:19:47.100,18.751666666666665,1.2438217,16,1,osrm
6,delivered,2025-07-03 08:01:47,2025-07-03 08:15:03.142374,2025-07-03 08:32:10.379023,2025-07-03 08:36:25.900,34.64833333333333,17.120610816666666,12,4,osrm
7,delivered,2025-07-03 08:01:53,2025-07-03 08:14:50.301678,2025-07-03 08:34:54.149308,2025-07-03 08:37:10.100,35.285,20.064127166666665,18,4,osrm
8,delivered,2025-07-03 08:02:05,2025-07-03 08:16:58.073655,2025-07-03 08:19:29.100000,2025-07-03 08:20:50.900,18.765,2.51710575,5,1,osrm
9,delivered,2025-07-03 08:03:57,2025-07-03 08:14:27.679399,2025-07-03 08:36:19.824585,2025-07-03 08:44:28.200,40.519999999999996,21.869086433333333,17,4,osrm
10,delivered,2025-07-03 08:04:10,2025-07-03 08:21:21.295143,2025-07-03 09:11:57.815481,2025-07-03 09:16:25.000,72.25,50.608672299999995,17,4,osrm
11,delivered,2025-07-03 08:04:44,2025-07-03 08:16:46.159424,2025-07-03 08:38:53.277045,2025-07-03 08:41:09.400,36.42333333333333,22.118627016666668,7,4,osrm
12,delivered,2025-07-03 08:05:05,2025-07-03 08:22:04.257777,2025-07-03 08:44:54.445172,2025-07-03 08:45:58.100,40.885,22.836456583333334,6,3,osrm
13,delivered,2025-07-03 08:05:08,2025-07-03 08:19:18.460993,2025-07-03 08:47:13.658212,2025-07-03 08:51:08.800,46.013333333333335,27.91995365,16,4,osrm
14,delivered,2025-07-03 08:06:14,2025-07-03 08:18:15.801963,2025-07-03 09:14:35.802018,2025-07-03 09:16:52.300,70.63833333333334,56.33333425,15,3,osrm
15,delivered,2025-07-03 08:07:14,2025-07-03 08:25:46.952563,2025-07-03 08:35:04.909836,2025-07-03 08:39:48.400,32.57333333333334,9.299287883333333,5,3,osrm
16,delivered,2025-07-03 08:07:21,2025-07-03 08:17:56.570328,2025-07-03 08:45:28.130959,2025-07-03 08:49:19.400,41.973333333333336,27.526010516666666,14,4,osrm
17,delivered,2025-07-03 08:08:15,2025-07-03 08:16:12.801108,2025-07-03 08:17:42.500000,2025-07-03 08:21:03.100,12.801666666666668,1.4949815333333334,7,1,osrm
18,delivered,2025-07-03 08:08:51,2025-07-03 08:22:26.155734,2025-07-03 08:45:03.103560,2025-07-03 08:52:44.900,43.89833333333333,22.6157971,10,4,osrm
19,delivered,2025-07-03 08:09:23,2025-07-03 08:20:18.006299,2025-07-03 08:31:50.861940,2025-07-03 08:38:14.600,28.86,11.547594016666666,11,4,osrm
20,delivered,2025-07-03 08:09:56,2025-07-03 08:21:05.366719,2025-07-03 08:54:06.444502,2025-07-03 08:57:36.200,47.669999999999995,33.01796305,11,4,osrm
21,delivered,2025-07-03 08:09:42,2025-07-03 08:20:06.562753,2025-07-03 08:51:59.314724,2025-07-03 08:59:01.200,49.32,31.879199516666667,5,4,osrm
22,delivered,2025-07-03 08:09:33,2025-07-03 08:24:21.822675,2025-07-03 08:54:06.444502,2025-07-03 08:57:36.200,48.05333333333333,29.743697116666667,11,4,osrm
23,delivered,2025-07-03 08:09:50,2025-07-03 08:23:29.903607,2025-07-03 08:49:38.393900,2025-07-03 08:55:24.200,45.57,26.141504883333333,19,4,osrm
24,delivered,2025-07-03 08:10:33,2025-07-03 08:22:32.396167,2025-07-03 10:50:28.000000,2025-07-03 11:03:56.800,173.39666666666665,147.92673054999997,6,3,osrm
25,delivered,2025-07-03 08:10:36,2025-07-03 08:16:39.069383,2025-07-03 08:38:42.321270,2025-07-03 08:43:22.600,32.776666666666664,22.054198116666665,3,4,osrm
26,delivered,2025-07-03 08:10:28,2025-07-03 08:25:53.897729,2025-07-03 08:25:53.897729,2025-07-03 08:32:30.100,22.035,0.0,20,4,osrm
27,delivered,2025-07-03 08:10:43,2025-07-03 08:23:32.738841,2025-07-03 08:25:53.897729,2025-07-03 08:32:30.100,21.785,2.352648133333333,20,4,osrm
28,delivered,2025-07-03 08:10:24,2025-07-03 08:17:42.002256,2025-07-03 08:34:36.052157,2025-07-03 08:37:33.000,27.15,16.900831683333333,4,4,osrm
29,delivered,2025-07-03 08:11:21,2025-07-03 08:21:24.128843,2025-07-03 08:46:16.292267,2025-07-03 08:47:32.800,36.19666666666667,24.8693904,9,4,osrm
30,delivered,2025-07-03 08:11:46,2025-07-03 08:21:13.217166,2025-07-03 10:57:53.555967,2025-07-03 10:57:59.100,166.21833333333333,156.67231335,4,4,osrm
31,delivered,2025-07-03 08:11:11,2025-07-03 08:24:33.020922,2025-07-03 08:42:08.436621,2025-07-03 08:45:29.300,34.305,17.59026165,15,4,osrm
32,delivered,2025-07-03 08:12:27,2025-07-03 08:20:54.833984,2025-07-03 08:38:46.999983,2025-07-03 08:36:03.800,23.613333333333333,17.86943331666667,13,4,osrm
33,delivered,2025-07-03 08:12:27,2025-07-03 08:25:21.481946,2025-07-03 08:25:53.897729,2025-07-03 08:32:30.100,20.051666666666666,0.54026305,20,4,osrm
34,delivered,2025-07-03 08:13:41,2025-07-03 08:25:53.277719,2025-07-03 08:38:46.999983,2025-07-03 08:36:03.800,22.38,12.895371066666666,13,4,osrm
35,delivered,2025-07-03 08:13:54,2025-07-03 08:20:39.562449,2025-07-03 08:55:42.557682,2025-07-03 09:04:52.500,50.975,35.04992055,7,4,osrm
36,delivered,2025-07-03 08:13:32,2025-07-03 08:22:24.659031,2025-07-03 08:35:04.909836,2025-07-03 08:39:48.400,26.273333333333333,12.67084675,5,3,osrm
37,delivered,2025-07-03 08:13:46,2025-07-03 08:27:37.091288,2025-07-03 08:47:54.559760,2025-07-03 08:47:56.900,34.181666666666665,20.291141200000002,2,4,osrm
38,delivered,2025-07-03 08:13:06,2025-07-03 08:26:23.486960,2025-07-03 08:51:59.314724,2025-07-03 08:59:01.200,45.919999999999995,25.597129399999996,5,4,osrm
39,delivered,2025-07-03 08:14:33,2025-07-03 08:28:29.311426,2025-07-03 08:42:08.436621,2025-07-03 08:45:29.300,30.938333333333333,13.652086583333332,15,4,osrm
40,delivered,2025-07-03 08:14:19,2025-07-03 08:25:21.762586,2025-07-03 08:47:32.605683,2025-07-03 08:48:52.500,34.55833333333333,22.18071828333333,1,3,osrm
41,delivered,2025-07-03 08:14:19,2025-07-03 08:29:01.439454,2025-07-03 08:38:42.321270,2025-07-03 08:43:22.600,29.06,9.6813636,3,4,osrm
42,delivered,2025-07-03 08:14:59,2025-07-03 08:23:26.999070,2025-07-03 08:50:21.920668,2025-07-03 08:57:06.600,42.126666666666665,26.915359966666664,13,4,osrm
43,delivered,2025-07-03 08:14:15,2025-07-03 08:24:06.207052,2025-07-03 10:50:28.000000,2025-07-03 11:03:56.800,169.69666666666666,146.3632158,6,3,osrm
44,delivered,2025-07-03 08:14:13,2025-07-03 08:30:33.574419,2025-07-03 08:38:53.277045,2025-07-03 08:41:09.400,26.94,8.3283771,7,4,osrm
45,delivered,2025-07-03 08:14:41,2025-07-03 08:26:23.603379,2025-07-03 09:14:00.652690,2025-07-03 09:14:20.000,59.65,47.61748851666667,8,3,osrm
46,delivered,2025-07-03 08:15:20,2025-07-03 08:24:56.260550,2025-07-03 08:36:19.824585,2025-07-03 08:44:28.200,29.136666666666667,11.392733916666666,17,4,osrm
47,delivered,2025-07-03 08:16:06,2025-07-03 08:24:15.420710,2025-07-03 08:47:54.559760,2025-07-03 08:47:56.900,31.848333333333336,23.6523175,2,4,osrm
48,delivered,2025-07-03 08:16:48,2025-07-03 08:29:10.751561,2025-07-03 08:51:22.355956,2025-07-03 09:02:03.100,45.251666666666665,22.193406583333335,18,4,osrm
49,delivered,2025-07-03 08:16:46,2025-07-03 08:31:50.861940,2025-07-03 08:32:10.379023,2025-07-03 08:36:25.900,19.665000000000003,0.32528471666666664,12,4,osrm
50,delivered,2025-07-03 08:17:48,2025-07-03 08:24:10.958575,2025-07-03 08:32:10.379023,2025-07-03 08:36:25.900,18.631666666666668,7.9903408,12,4,osrm
51,delivered,2025-07-03 08:17:41,2025-07-03 08:30:40.005647,2025-07-03 08:34:54.149308,2025-07-03 08:37:10.100,19.485,4.235727683333334,18,4,osrm
52,delivered,2025-07-03 08:17:49,2025-07-03 08:31:10.369799,2025-07-03 08:45:28.130959,2025-07-03 08:49:19.400,31.506666666666668,14.296019333333334,14,4,osrm
53,delivered,2025-07-03 08:18:18,2025-07-03 08:32:46.864940,2025-07-03 08:46:16.292267,2025-07-03 08:47:32.800,29.246666666666666,13.49045545,9,4,osrm
54,delivered,2025-07-03 08:19:32,2025-07-03 08:31:55.078473,2025-07-03 08:38:42.321270,2025-07-03 08:43:22.600,23.84333333333333,6.78737995,3,4,osrm
55,delivered,2025-07-03 08:19:24,2025-07-03 08:32:49.004999,2025-07-03 08:45:28.130959,2025-07-03 08:49:19.400,29.923333333333336,12.652099333333332,14,4,osrm
56,delivered,2025-07-03 08:19:13,2025-07-03 08:32:45.702586,2025-07-03 08:34:36.052157,2025-07-03 08:37:33.000,18.333333333333332,1.8391595166666665,4,4,osrm
57,delivered,2025-07-03 08:19:01,2025-07-03 08:34:43.243890,2025-07-03 08:36:19.824585,2025-07-03 08:44:28.200,25.453333333333333,1.6096782500000002,17,4,osrm
58,delivered,2025-07-03 08:19:59,2025-07-03 08:34:36.052157,2025-07-03 08:34:36.052157,2025-07-03 08:37:33.000,17.566666666666666,0.0,4,4,osrm
59,delivered,2025-07-03 08:20:58,2025-07-03 08:32:36.266272,2025-07-03 08:54:06.444502,2025-07-03 08:57:36.200,36.63666666666666,21.5029705,11,4,osrm
60,delivered,2025-07-03 08:20:24,2025-07-03 08:29:55.647516,2025-07-03 09:06:35.098509,2025-07-03 09:08:07.300,47.72166666666667,36.65751655,1,4,osrm
61,delivered,2025-07-03 08:20:39,2025-07-03 08:26:48.520549,2025-07-03 10:44:19.800000,2025-07-03 10:57:54.400,157.25666666666666,137.52132418333335,10,4,osrm
62,delivered,2025-07-03 08:20:49,2025-07-03 08:35:04.909836,2025-07-03 08:35:04.909836,2025-07-03 08:39:48.400,18.990000000000002,0.0,5,3,osrm
63,delivered,2025-07-03 08:20:52,2025-07-03 08:27:17.421264,2025-07-03 08:44:54.445172,2025-07-03 08:45:58.100,25.101666666666667,17.61706513333333,6,3,osrm
64,delivered,2025-07-03 08:21:16,2025-07-03 08:32:10.379023,2025-07-03 08:32:10.379023,2025-07-03 08:36:25.900,15.165,0.0,12,4,osrm
65,delivered,2025-07-03 08:21:42,2025-07-03 08:35:55.601670,2025-07-03 08:59:30.270018,2025-07-03 08:59:47.600,38.093333333333334,23.5778058,17,3,osrm
66,delivered,2025-07-03 08:21:18,2025-07-03 08:32:11.943633,2025-07-03 08:51:59.314724,2025-07-03 08:59:01.200,37.72,19.789518183333332,5,4,osrm
67,delivered,2025-07-03 08:22:24,2025-07-03 08:32:17.170129,2025-07-03 08:45:03.103560,2025-07-03 08:52:44.900,30.348333333333336,12.765557183333334,10,4,osrm
68,delivered,2025-07-03 08:23:22,2025-07-03 08:35:17.951211,2025-07-03 08:38:53.277045,2025-07-03 08:41:09.400,17.790000000000003,3.5887638999999996,7,4,osrm
69,delivered,2025-07-03 08:23:06,2025-07-03 08:35:52.570124,2025-07-03 08:50:21.920668,2025-07-03 08:57:06.600,34.01,14.489175733333333,13,4,osrm
70,delivered,2025-07-03 08:23:26,2025-07-03 08:34:54.149308,2025-07-03 08:34:54.149308,2025-07-03 08:37:10.100,13.735000000000001,0.0,18,4,osrm
71,delivered,2025-07-03 08:23:28,2025-07-03 08:34:06.887640,2025-07-03 08:59:30.270018,2025-07-03 08:59:47.600,36.32666666666667,25.3897063,17,3,osrm
72,delivered,2025-07-03 08:24:42,2025-07-03 08:42:08.436621,2025-07-03 08:42:08.436621,2025-07-03 08:45:29.300,20.788333333333334,0.0,15,4,osrm
73,delivered,2025-07-03 08:24:41,2025-07-03 08:38:46.999983,2025-07-03 08:38:46.999983,2025-07-03 08:36:03.800,11.379999999999999,0.0,13,4,osrm
74,delivered,2025-07-03 08:25:41,2025-07-03 08:33:06.963367,2025-07-03 08:54:20.702453,2025-07-03 08:57:16.400,31.59,21.228984766666667,8,4,osrm
75,delivered,2025-07-03 08:26:38,2025-07-03 08:37:12.086900,2025-07-03 08:51:22.355956,2025-07-03 09:02:03.100,35.41833333333333,14.171150933333333,18,4,osrm
76,delivered,2025-07-03 08:26:11,2025-07-03 08:32:25.456204,2025-07-03 08:49:38.393900,2025-07-03 08:55:24.200,29.220000000000002,17.215628266666666,19,4,osrm
77,delivered,2025-07-03 08:26:18,2025-07-03 08:39:39.443935,2025-07-03 09:16:10.383509,2025-07-03 09:21:19.800,55.03,36.51565956666666,13,3,osrm
78,delivered,2025-07-03 08:26:22,2025-07-03 08:36:19.824585,2025-07-03 08:36:19.824585,2025-07-03 08:44:28.200,18.103333333333335,0.0,17,4,osrm
79,delivered,2025-07-03 08:27:49,2025-07-03 08:38:42.321270,2025-07-03 08:38:42.321270,2025-07-03 08:43:22.600,15.56,0.0,3,4,osrm
80,delivered,2025-07-03 08:27:44,2025-07-03 08:38:53.277045,2025-07-03 08:38:53.277045,2025-07-03 08:41:09.400,13.423333333333334,0.0,7,4,osrm
81,delivered,2025-07-03 08:27:13,2025-07-03 08:38:58.447712,2025-07-03 09:02:30.683612,2025-07-03 08:58:50.900,31.631666666666668,23.537264999999998,3,3,osrm
82,delivered,2025-07-03 08:28:59,2025-07-03 08:45:30.959125,2025-07-03 08:49:38.393900,2025-07-03 08:55:24.200,26.42,4.123912916666667,19,4,osrm
83,delivered,2025-07-03 08:28:17,2025-07-03 08:43:31.272817,2025-07-03 08:45:03.103560,2025-07-03 08:52:44.900,24.465,1.5305123833333334,10,4,osrm
84,delivered,2025-07-03 08:28:08,2025-07-03 08:38:53.269830,2025-07-03 08:55:42.557682,2025-07-03 09:04:52.500,36.74166666666667,16.8214642,7,4,osrm
85,delivered,2025-07-03 08:29:22,2025-07-03 08:35:34.966241,2025-07-03 09:23:58.537841,2025-07-03 09:30:29.200,61.12,48.392860000000006,10,3,osrm
86,delivered,2025-07-03 08:29:38,2025-07-03 08:47:13.658212,2025-07-03 08:47:13.658212,2025-07-03 08:51:08.800,21.513333333333332,0.0,16,4,osrm
87,delivered,2025-07-03 08:29:36,2025-07-03 08:41:29.616386,2025-07-03 08:42:08.436621,2025-07-03 08:45:29.300,15.888333333333332,0.6470039166666666,15,4,osrm
88,delivered,2025-07-03 08:29:00,2025-07-03 08:42:33.801597,2025-07-03 08:47:13.658212,2025-07-03 08:51:08.800,22.146666666666665,4.664276916666666,16,4,osrm
89,delivered,2025-07-03 08:30:24,2025-07-03 08:42:16.272922,2025-07-03 09:28:13.283723,2025-07-03 09:35:32.400,65.14,45.950180016666664,3,4,osrm
90,delivered,2025-07-03 08:30:09,2025-07-03 08:42:50.653621,2025-07-03 08:47:32.605683,2025-07-03 08:48:52.500,18.725,4.699201033333334,1,3,osrm
91,delivered,2025-07-03 08:31:44,2025-07-03 08:48:33.596089,2025-07-03 08:54:20.702453,2025-07-03 08:57:16.400,25.540000000000003,5.785106066666667,8,4,osrm
92,delivered,2025-07-03 08:31:33,2025-07-03 08:47:25.083160,2025-07-03 08:55:42.557682,2025-07-03 09:04:52.500,33.325,8.291242033333333,7,4,osrm
93,delivered,2025-07-03 08:31:43,2025-07-03 08:41:24.737118,2025-07-03 08:47:13.658212,2025-07-03 08:51:08.800,19.43,5.815351566666666,16,4,osrm
94,delivered,2025-07-03 08:31:36,2025-07-03 08:45:38.163010,2025-07-03 08:47:54.559760,2025-07-03 08:47:56.900,16.348333333333333,2.2732791666666667,2,4,osrm
95,delivered,2025-07-03 08:32:25,2025-07-03 08:45:03.103560,2025-07-03 08:45:03.103560,2025-07-03 08:52:44.900,20.331666666666667,0.0,10,4,osrm
96,delivered,2025-07-03 08:32:23,2025-07-03 08:46:16.292267,2025-07-03 08:46:16.292267,2025-07-03 08:47:32.800,15.163333333333332,0.0,9,4,osrm
97,delivered,2025-07-03 08:32:06,2025-07-03 08:41:20.724182,2025-07-03 09:01:51.938243,2025-07-03 09:08:49.200,36.72,20.52023435,2,4,osrm
98,delivered,2025-07-03 08:32:22,2025-07-03 08:38:38.221376,2025-07-03 08:54:20.702453,2025-07-03 08:57:16.400,24.90666666666667,15.70801795,8,4,osrm
99,delivered,2025-07-03 08:33:49,2025-07-03 08:47:54.559760,2025-07-03 08:47:54.559760,2025-07-03 08:47:56.900,14.131666666666666,0.0,2,4,osrm
100,delivered,2025-07-03 08:34:27,2025-07-03 08:44:54.445172,2025-07-03 08:44:54.445172,2025-07-03 08:45:58.100,11.518333333333334,0.0,6,3,osrm
101,delivered,2025-07-03 08:34:58,2025-07-03 08:45:28.130959,2025-07-03 08:45:28.130959,2025-07-03 08:49:19.400,14.356666666666666,0.0,14,4,osrm
102,delivered,2025-07-03 08:35:36,2025-07-03 08:48:33.354411,2025-07-03 09:14:48.428396,2025-07-03 09:18:02.700,42.445,26.251233083333332,20,3,osrm
103,delivered,2025-07-03 08:35:48,2025-07-03 08:45:15.090966,2025-07-03 09:06:39.525833,2025-07-03 09:12:45.900,36.965,21.407247783333332,16,4,osrm
104,delivered,2025-07-03 08:35:38,2025-07-03 08:43:54.194892,2025-07-03 09:11:57.815481,2025-07-03 09:16:25.000,40.78333333333333,28.06034315,17,4,osrm
105,delivered,2025-07-03 08:35:29,2025-07-03 08:47:43.824074,2025-07-03 09:23:45.165088,2025-07-03 09:32:34.000,57.083333333333336,36.022350233333334,6,4,osrm
106,delivered,2025-07-03 08:36:28,2025-07-03 08:48:31.025843,2025-07-03 09:11:53.248921,2025-07-03 09:15:03.600,38.593333333333334,23.370384633333334,19,3,osrm
107,delivered,2025-07-03 08:36:28,2025-07-03 08:50:19.303520,2025-07-03 09:09:31.041181,2025-07-03 09:19:40.800,43.21333333333334,19.19562768333333,5,4,osrm
108,delivered,2025-07-03 08:36:31,2025-07-03 08:46:45.734891,2025-07-03 09:02:30.683612,2025-07-03 08:58:50.900,22.331666666666667,15.74914535,3,3,osrm
109,delivered,2025-07-03 08:37:56,2025-07-03 08:50:08.960916,2025-07-03 09:11:57.815481,2025-07-03 09:16:25.000,38.483333333333334,21.814242750000002,17,4,osrm
110,delivered,2025-07-03 08:37:39,2025-07-03 08:47:32.605683,2025-07-03 08:47:32.605683,2025-07-03 08:48:52.500,11.225,0.0,1,3,osrm
111,delivered,2025-07-03 08:37:48,2025-07-03 08:51:06.844519,2025-07-03 09:10:17.544620,2025-07-03 09:18:07.100,40.318333333333335,19.178335016666665,9,4,osrm
112,delivered,2025-07-03 08:37:22,2025-07-03 08:50:36.093678,2025-07-03 09:41:51.321748,2025-07-03 09:48:25.200,71.05333333333333,51.25380116666667,20,4,osrm
113,delivered,2025-07-03 08:37:45,2025-07-03 08:53:17.457514,2025-07-03 09:14:35.802018,2025-07-03 09:16:52.300,39.12166666666667,21.30574173333333,15,3,osrm
114,delivered,2025-07-03 08:37:15,2025-07-03 08:50:21.920668,2025-07-03 08:50:21.920668,2025-07-03 08:57:06.600,19.86,0.0,13,4,osrm
115,delivered,2025-07-03 08:38:08,2025-07-03 08:49:38.393900,2025-07-03 08:49:38.393900,2025-07-03 08:55:24.200,17.27,0.0,19,4,osrm
116,delivered,2025-07-03 08:38:04,2025-07-03 08:53:45.380659,2025-07-03 09:10:17.544620,2025-07-03 09:18:07.100,40.05166666666666,16.536066016666666,9,4,osrm
117,delivered,2025-07-03 08:39:24,2025-07-03 08:49:54.701130,2025-07-03 09:34:40.824657,2025-07-03 09:41:33.000,62.15,44.768725450000005,14,4,osrm
118,delivered,2025-07-03 08:39:14,2025-07-03 08:51:01.289233,2025-07-03 09:14:40.294482,2025-07-03 09:12:41.600,33.46,23.650087483333333,6,3,osrm
119,delivered,2025-07-03 08:39:26,2025-07-03 08:49:18.786989,2025-07-03 08:51:22.355956,2025-07-03 09:02:03.100,22.618333333333332,2.0594827833333333,18,4,osrm
120,delivered,2025-07-03 08:39:38,2025-07-03 08:52:07.120916,2025-07-03 09:23:58.537841,2025-07-03 09:30:29.200,50.85333333333333,31.85694875,10,3,osrm
121,delivered,2025-07-03 08:40:21,2025-07-03 08:47:41.511812,2025-07-03 09:11:53.248921,2025-07-03 09:15:03.600,34.71,24.19561848333333,19,3,osrm
122,delivered,2025-07-03 08:40:40,2025-07-03 08:49:58.345557,2025-07-03 08:50:21.920668,2025-07-03 08:57:06.600,16.443333333333335,0.39291851666666666,13,4,osrm
123,delivered,2025-07-03 08:41:17,2025-07-03 08:51:59.314724,2025-07-03 08:51:59.314724,2025-07-03 08:59:01.200,17.736666666666668,0.0,5,4,osrm
124,delivered,2025-07-03 08:41:42,2025-07-03 08:55:42.557682,2025-07-03 08:55:42.557682,2025-07-03 09:04:52.500,23.175,0.0,7,4,osrm
125,delivered,2025-07-03 08:41:28,2025-07-03 08:54:54.337817,2025-07-03 09:34:19.799085,2025-07-03 09:41:00.800,59.54666666666667,39.424354466666664,15,4,osrm
126,delivered,2025-07-03 08:41:41,2025-07-03 08:51:22.355956,2025-07-03 08:51:22.355956,2025-07-03 09:02:03.100,20.368333333333332,0.0,18,4,osrm
127,delivered,2025-07-03 08:41:21,2025-07-03 08:52:19.864264,2025-07-03 09:15:52.437514,2025-07-03 09:14:45.100,33.401666666666664,23.5428875,3,4,osrm
128,delivered,2025-07-03 08:42:51,2025-07-03 08:53:45.012587,2025-07-03 09:16:32.775725,2025-07-03 09:16:03.300,33.205,22.7960523,11,4,osrm
129,delivered,2025-07-03 08:42:52,2025-07-03 08:56:21.425019,2025-07-03 09:14:38.167719,2025-07-03 09:20:07.800,37.263333333333335,18.279045,7,4,osrm
130,delivered,2025-07-03 08:42:01,2025-07-03 08:53:43.092895,2025-07-03 09:01:51.938243,2025-07-03 09:08:49.200,26.803333333333335,8.147422466666667,2,4,osrm
131,delivered,2025-07-03 08:43:56,2025-07-03 08:54:06.444502,2025-07-03 08:54:06.444502,2025-07-03 08:57:36.200,13.67,0.0,11,4,osrm
132,delivered,2025-07-03 08:43:25,2025-07-03 08:54:16.400537,2025-07-03 09:15:52.437514,2025-07-03 09:14:45.100,31.334999999999997,21.600616283333334,3,4,osrm
133,delivered,2025-07-03 08:43:13,2025-07-03 09:06:39.525833,2025-07-03 09:06:39.525833,2025-07-03 09:12:45.900,29.548333333333336,0.0,16,4,osrm
134,delivered,2025-07-03 08:44:26,2025-07-03 08:54:20.702453,2025-07-03 08:54:20.702453,2025-07-03 08:57:16.400,12.84,0.0,8,4,osrm
135,delivered,2025-07-03 08:44:39,2025-07-03 08:57:55.025520,2025-07-03 09:31:22.179093,2025-07-03 09:38:26.400,53.79,33.452559550000004,5,4,osrm
136,delivered,2025-07-03 08:44:37,2025-07-03 08:55:09.187759,2025-07-03 09:14:38.167719,2025-07-03 09:20:07.800,35.513333333333335,19.482999333333332,7,4,osrm
137,delivered,2025-07-03 08:44:38,2025-07-03 08:59:30.270018,2025-07-03 08:59:30.270018,2025-07-03 08:59:47.600,15.16,0.0,17,3,osrm
138,delivered,2025-07-03 08:45:14,2025-07-03 08:58:20.266676,2025-07-03 09:22:57.751748,2025-07-03 09:26:41.100,41.45166666666667,24.6247512,1,4,osrm
139,delivered,2025-07-03 08:45:14,2025-07-03 08:56:25.303616,2025-07-03 09:19:08.749689,2025-07-03 09:23:51.500,38.625,22.724101216666668,12,4,osrm
140,delivered,2025-07-03 08:45:49,2025-07-03 09:01:13.880552,2025-07-03 09:16:13.992719,2025-07-03 09:23:51.600,38.04333333333333,15.00186945,18,4,osrm
141,delivered,2025-07-03 08:45:37,2025-07-03 08:55:22.091129,2025-07-03 09:31:26.296451,2025-07-03 09:39:43.700,54.111666666666665,36.0700887,17,4,osrm
142,delivered,2025-07-03 08:45:25,2025-07-03 08:56:36.459713,2025-07-03 09:06:39.525833,2025-07-03 09:12:45.900,27.348333333333336,10.051101999999998,16,4,osrm
143,delivered,2025-07-03 08:46:03,2025-07-03 09:03:38.430392,2025-07-03 09:06:35.098509,2025-07-03 09:08:07.300,22.071666666666665,2.9444686166666667,1,4,osrm
144,delivered,2025-07-03 08:46:48,2025-07-03 08:55:55.279188,2025-07-03 09:21:45.066933,2025-07-03 09:27:31.900,40.73166666666667,25.829795750000002,2,4,osrm
145,delivered,2025-07-03 08:47:56,2025-07-03 09:01:51.938243,2025-07-03 09:01:51.938243,2025-07-03 09:08:49.200,20.886666666666667,0.0,2,4,osrm
146,delivered,2025-07-03 08:47:52,2025-07-03 08:56:30.682952,2025-07-03 09:16:13.992719,2025-07-03 09:23:51.600,35.99333333333333,19.721829449999998,18,4,osrm
147,delivered,2025-07-03 08:48:11,2025-07-03 09:02:30.683612,2025-07-03 09:02:30.683612,2025-07-03 08:58:50.900,10.665,0.0,3,3,osrm
148,delivered,2025-07-03 08:48:19,2025-07-03 09:01:08.458830,2025-07-03 09:15:52.437514,2025-07-03 09:14:45.100,26.435,14.732978066666668,3,4,osrm
149,delivered,2025-07-03 08:49:00,2025-07-03 08:59:15.123827,2025-07-03 09:06:35.098509,2025-07-03 09:08:07.300,19.121666666666666,7.332911366666666,1,4,osrm
150,delivered,2025-07-03 08:50:38,2025-07-03 09:00:58.035803,2025-07-03 09:09:31.041181,2025-07-03 09:19:40.800,29.046666666666667,8.550089633333332,5,4,osrm
151,delivered,2025-07-03 08:50:51,2025-07-03 08:59:09.696500,2025-07-03 09:22:57.751748,2025-07-03 09:26:41.100,35.835,23.800920799999997,1,4,osrm
152,delivered,2025-07-03 08:50:17,2025-07-03 08:59:53.073039,2025-07-03 09:23:45.165088,2025-07-03 09:32:34.000,42.28333333333333,23.86820081666667,6,4,osrm
153,delivered,2025-07-03 08:51:43,2025-07-03 09:06:38.716092,2025-07-03 09:14:48.428396,2025-07-03 09:18:02.700,26.328333333333333,8.161871733333333,20,3,osrm
154,delivered,2025-07-03 08:51:26,2025-07-03 09:01:48.429303,2025-07-03 09:19:08.749689,2025-07-03 09:23:51.500,32.425,17.3386731,12,4,osrm
155,delivered,2025-07-03 08:51:30,2025-07-03 09:04:27.703735,2025-07-03 09:22:57.751748,2025-07-03 09:26:41.100,35.184999999999995,18.50080021666667,1,4,osrm
156,delivered,2025-07-03 08:51:30,2025-07-03 09:01:34.228337,2025-07-03 10:44:19.800000,2025-07-03 10:57:54.400,126.40666666666667,102.75952771666667,10,4,osrm
157,delivered,2025-07-03 08:51:07,2025-07-03 09:00:17.894425,2025-07-03 09:09:31.041181,2025-07-03 09:19:40.800,28.563333333333333,9.219112599999999,5,4,osrm
158,delivered,2025-07-03 08:52:01,2025-07-03 09:01:21.011165,2025-07-03 09:14:40.294482,2025-07-03 09:12:41.600,20.676666666666666,13.321388616666667,6,3,osrm
159,delivered,2025-07-03 08:52:06,2025-07-03 09:06:35.098509,2025-07-03 09:06:35.098509,2025-07-03 09:08:07.300,16.021666666666665,0.0,1,4,osrm
160,delivered,2025-07-03 08:52:01,2025-07-03 09:06:35.440011,2025-07-03 09:33:47.507587,2025-07-03 09:29:46.600,37.76,27.201126266666666,8,4,osrm
161,delivered,2025-07-03 08:52:49,2025-07-03 09:01:44.858659,2025-07-03 09:01:51.938243,2025-07-03 09:08:49.200,16.003333333333334,0.11799306666666666,2,4,osrm
162,delivered,2025-07-03 08:53:18,2025-07-03 09:05:30.591982,2025-07-03 10:50:28.000000,2025-07-03 11:03:56.800,130.64666666666668,104.9568003,6,3,osrm
163,delivered,2025-07-03 08:54:45,2025-07-03 09:01:39.813915,2025-07-03 09:28:13.283723,2025-07-03 09:35:32.400,40.79,26.557830133333333,3,4,osrm
164,delivered,2025-07-03 08:54:20,2025-07-03 09:09:41.430976,2025-07-03 09:33:47.507587,2025-07-03 09:29:46.600,35.443333333333335,24.101276849999998,8,4,osrm
165,delivered,2025-07-03 08:54:45,2025-07-03 09:09:09.138618,2025-07-03 09:16:10.383509,2025-07-03 09:21:19.800,26.58,7.020748183333334,13,3,osrm
166,delivered,2025-07-03 08:54:23,2025-07-03 09:05:04.354123,2025-07-03 09:10:17.544620,2025-07-03 09:18:07.100,23.735,5.219841616666667,9,4,osrm
167,delivered,2025-07-03 08:54:19,2025-07-03 09:11:57.815481,2025-07-03 09:11:57.815481,2025-07-03 09:16:25.000,22.1,0.0,17,4,osrm
168,delivered,2025-07-03 08:54:16,2025-07-03 09:02:27.046032,2025-07-03 09:41:51.321748,2025-07-03 09:48:25.200,54.15333333333333,39.40459526666667,20,4,osrm
169,delivered,2025-07-03 08:55:35,2025-07-03 09:05:32.901394,2025-07-03 09:16:13.992719,2025-07-03 09:23:51.600,28.276666666666664,10.684855416666666,18,4,osrm
170,delivered,2025-07-03 08:55:56,2025-07-03 09:09:31.041181,2025-07-03 09:09:31.041181,2025-07-03 09:19:40.800,23.746666666666666,0.0,5,4,osrm
171,delivered,2025-07-03 08:56:20,2025-07-03 09:01:20.000000,2025-07-03 09:40:12.888997,2025-07-03 09:47:44.700,51.41166666666666,38.88148328333333,1,4,osrm
172,delivered,2025-07-03 08:56:57,2025-07-03 09:07:59.920325,2025-07-03 09:19:08.749689,2025-07-03 09:23:51.500,26.908333333333335,11.147156066666668,12,4,osrm
173,delivered,2025-07-03 08:56:36,2025-07-03 09:05:13.357001,2025-07-03 09:16:32.775725,2025-07-03 09:16:03.300,19.455,11.3236454,11,4,osrm
174,delivered,2025-07-03 08:56:52,2025-07-03 09:10:17.544620,2025-07-03 09:10:17.544620,2025-07-03 09:18:07.100,21.251666666666665,0.0,9,4,osrm
175,delivered,2025-07-03 08:57:30,2025-07-03 09:08:20.111309,2025-07-03 09:16:32.775725,2025-07-03 09:16:03.300,18.555,8.2110736,11,4,osrm
176,delivered,2025-07-03 08:57:42,2025-07-03 09:08:15.720707,2025-07-03 09:42:39.221749,2025-07-03 09:48:08.400,50.440000000000005,34.391684033333334,4,4,osrm
177,delivered,2025-07-03 08:57:37,2025-07-03 09:06:14.067429,2025-07-03 09:31:36.226585,2025-07-03 09:36:54.000,39.28333333333333,25.369319266666665,11,3,osrm
178,delivered,2025-07-03 08:58:46,2025-07-03 09:03:46.000000,2025-07-03 09:31:22.179093,2025-07-03 09:38:26.400,39.67333333333333,27.60298488333333,5,4,osrm
179,delivered,2025-07-03 08:58:57,2025-07-03 09:12:24.666682,2025-07-03 09:14:00.652690,2025-07-03 09:14:20.000,15.383333333333333,1.5997668,8,3,osrm
180,delivered,2025-07-03 08:58:51,2025-07-03 09:16:32.775725,2025-07-03 09:16:32.775725,2025-07-03 09:16:03.300,17.205,0.0,11,4,osrm
181,delivered,2025-07-03 08:58:46,2025-07-03 09:03:46.000000,2025-07-03 09:06:39.525833,2025-07-03 09:12:45.900,13.998333333333333,2.892097216666667,16,4,osrm
182,delivered,2025-07-03 09:00:13,2025-07-03 09:12:51.130320,2025-07-03 09:12:51.130320,2025-07-03 09:17:49.600,17.61,0.0,4,4,osrm
183,delivered,2025-07-03 09:00:30,2025-07-03 09:13:46.345573,2025-07-03 10:05:41.296250,2025-07-03 10:05:34.500,65.075,51.91584461666666,7,4,osrm
184,delivered,2025-07-03 09:01:57,2025-07-03 09:13:25.152219,2025-07-03 09:48:25.319189,2025-07-03 09:51:57.000,50.0,35.002782833333335,19,4,osrm
185,delivered,2025-07-03 09:01:38,2025-07-03 09:14:48.428396,2025-07-03 09:14:48.428396,2025-07-03 09:18:02.700,16.41166666666667,0.0,20,3,osrm
186,delivered,2025-07-03 09:02:38,2025-07-03 09:14:00.652690,2025-07-03 09:14:00.652690,2025-07-03 09:14:20.000,11.7,0.0,8,3,osrm
187,delivered,2025-07-03 09:02:48,2025-07-03 09:15:52.437514,2025-07-03 09:15:52.437514,2025-07-03 09:14:45.100,11.951666666666666,0.0,3,4,osrm
188,delivered,2025-07-03 09:03:19,2025-07-03 09:14:35.802018,2025-07-03 09:14:35.802018,2025-07-03 09:16:52.300,13.555,0.0,15,3,osrm
189,delivered,2025-07-03 09:03:33,2025-07-03 09:18:12.487792,2025-07-03 09:34:57.418216,2025-07-03 09:44:22.700,40.82833333333333,16.7488404,18,3,osrm
190,delivered,2025-07-03 09:03:12,2025-07-03 09:14:40.294482,2025-07-03 09:14:40.294482,2025-07-03 09:12:41.600,9.493333333333334,0.0,6,3,osrm
191,delivered,2025-07-03 09:03:06,2025-07-03 09:19:33.950351,2025-07-03 09:21:45.066933,2025-07-03 09:27:31.900,24.43166666666667,2.1852763666666664,2,4,osrm
192,delivered,2025-07-03 09:04:41,2025-07-03 09:18:18.419080,2025-07-03 09:48:25.319189,2025-07-03 09:51:57.000,47.266666666666666,30.115001816666666,19,4,osrm
193,delivered,2025-07-03 09:04:18,2025-07-03 09:11:53.248921,2025-07-03 09:11:53.248921,2025-07-03 09:15:03.600,10.76,0.0,19,3,osrm
194,delivered,2025-07-03 09:04:11,2025-07-03 09:16:10.383509,2025-07-03 09:16:10.383509,2025-07-03 09:21:19.800,17.146666666666665,0.0,13,3,osrm
195,delivered,2025-07-03 09:04:49,2025-07-03 09:15:01.521912,2025-07-03 09:36:43.253311,2025-07-03 09:35:29.700,30.678333333333335,21.695523316666666,9,4,osrm
196,delivered,2025-07-03 09:05:28,2025-07-03 09:14:38.167719,2025-07-03 09:14:38.167719,2025-07-03 09:20:07.800,14.663333333333332,0.0,7,4,osrm
197,delivered,2025-07-03 09:05:32,2025-07-03 09:11:19.446493,2025-07-03 10:01:54.381698,2025-07-03 10:04:57.000,59.416666666666664,50.58225341666667,16,4,osrm
198,delivered,2025-07-03 09:05:26,2025-07-03 09:18:31.057532,2025-07-03 09:58:24.373726,2025-07-03 10:08:59.700,63.56166666666666,39.888603233333335,14,4,osrm
199,delivered,2025-07-03 09:05:13,2025-07-03 09:16:10.846293,2025-07-03 09:34:40.824657,2025-07-03 09:41:33.000,36.333333333333336,18.4996394,14,4,osrm
200,delivered,2025-07-03 09:05:15,2025-07-03 09:20:10.995250,2025-07-03 09:53:04.129512,2025-07-03 09:56:16.300,51.02166666666667,32.885571033333335,17,4,osrm
201,delivered,2025-07-03 09:05:56,2025-07-03 09:16:13.992719,2025-07-03 09:16:13.992719,2025-07-03 09:23:51.600,17.926666666666666,0.0,18,4,osrm
202,delivered,2025-07-03 09:06:25,2025-07-03 09:12:03.467415,2025-07-03 09:58:24.373726,2025-07-03 10:08:59.700,62.57833333333333,46.34843851666667,14,4,osrm
203,delivered,2025-07-03 09:06:16,2025-07-03 09:12:52.405267,2025-07-03 09:36:43.253311,2025-07-03 09:35:29.700,29.228333333333335,23.847467400000003,9,4,osrm
204,delivered,2025-07-03 09:06:45,2025-07-03 09:19:08.749689,2025-07-03 09:19:08.749689,2025-07-03 09:23:51.500,17.108333333333334,0.0,12,4,osrm
205,delivered,2025-07-03 09:06:49,2025-07-03 09:16:39.464172,2025-07-03 09:42:39.221749,2025-07-03 09:48:08.400,41.32333333333334,25.995959616666667,4,4,osrm
206,delivered,2025-07-03 09:06:28,2025-07-03 09:13:12.711289,2025-07-03 10:36:08.600000,2025-07-03 10:42:51.000,96.38333333333334,82.93147851666666,16,4,osrm
207,delivered,2025-07-03 09:06:22,2025-07-03 09:19:05.305367,2025-07-03 09:48:25.319189,2025-07-03 09:51:57.000,45.583333333333336,29.3335637,19,4,osrm
208,delivered,2025-07-03 09:06:43,2025-07-03 09:14:25.466817,2025-07-03 09:14:38.167719,2025-07-03 09:20:07.800,13.413333333333332,0.2116817,7,4,osrm
209,delivered,2025-07-03 09:07:56,2025-07-03 09:18:40.968561,2025-07-03 09:47:01.972671,2025-07-03 09:48:57.200,41.019999999999996,28.350068500000003,13,4,osrm
210,delivered,2025-07-03 09:08:46,2025-07-03 09:23:36.028508,2025-07-03 10:05:41.296250,2025-07-03 10:05:34.500,56.80833333333333,42.0877957,7,4,osrm
211,delivered,2025-07-03 09:08:59,2025-07-03 09:21:27.801819,2025-07-03 09:46:43.579041,2025-07-03 09:53:56.000,44.95,25.2629537,10,4,osrm
212,delivered,2025-07-03 09:09:43,2025-07-03 09:23:58.537841,2025-07-03 09:23:58.537841,2025-07-03 09:30:29.200,20.77,0.0,10,3,osrm
213,delivered,2025-07-03 09:09:39,2025-07-03 09:22:57.751748,2025-07-03 09:22:57.751748,2025-07-03 09:26:41.100,17.035,0.0,1,4,osrm
214,delivered,2025-07-03 09:09:18,2025-07-03 09:23:23.250116,2025-07-03 09:23:45.165088,2025-07-03 09:32:34.000,23.266666666666666,0.3652495333333333,6,4,osrm
215,delivered,2025-07-03 09:10:46,2025-07-03 09:24:49.445440,2025-07-03 09:31:22.179093,2025-07-03 09:38:26.400,27.673333333333336,6.545560883333334,5,4,osrm
216,delivered,2025-07-03 09:11:04,2025-07-03 09:21:51.407920,2025-07-03 09:34:19.799085,2025-07-03 09:41:00.800,29.946666666666665,12.473186083333333,15,4,osrm
217,delivered,2025-07-03 09:11:50,2025-07-03 09:21:06.205030,2025-07-03 09:21:45.066933,2025-07-03 09:27:31.900,15.698333333333332,0.6476983833333333,2,4,osrm
218,delivered,2025-07-03 09:11:00,2025-07-03 09:24:47.127635,2025-07-03 09:42:01.539098,2025-07-03 09:48:26.000,37.43333333333333,17.24019105,8,4,osrm
219,delivered,2025-07-03 09:11:30,2025-07-03 09:24:29.808372,2025-07-03 10:39:55.500000,2025-07-03 10:52:43.900,101.23166666666665,75.42819379999999,3,4,osrm
220,delivered,2025-07-03 09:12:14,2025-07-03 09:23:45.165088,2025-07-03 09:23:45.165088,2025-07-03 09:32:34.000,20.333333333333332,0.0,6,4,osrm
221,delivered,2025-07-03 09:12:44,2025-07-03 09:28:13.283723,2025-07-03 09:28:13.283723,2025-07-03 09:35:32.400,22.80666666666667,0.0,3,4,osrm
222,delivered,2025-07-03 09:12:20,2025-07-03 09:31:25.999255,2025-07-03 09:56:20.655754,2025-07-03 09:58:25.900,46.098333333333336,24.910941649999998,6,3,osrm
223,delivered,2025-07-03 09:13:07,2025-07-03 09:22:11.073101,2025-07-03 09:31:26.296451,2025-07-03 09:39:43.700,26.611666666666668,9.2537225,17,4,osrm
224,delivered,2025-07-03 09:13:35,2025-07-03 09:22:17.433881,2025-07-03 10:04:12.949968,2025-07-03 10:11:31.600,57.943333333333335,41.925268116666665,20,4,osrm
225,delivered,2025-07-03 09:13:31,2025-07-03 09:32:38.773174,2025-07-03 10:03:25.756103,2025-07-03 10:04:13.700,50.711666666666666,30.783048816666668,4,4,osrm
226,delivered,2025-07-03 09:14:27,2025-07-03 09:21:45.066933,2025-07-03 09:21:45.066933,2025-07-03 09:27:31.900,13.081666666666667,0.0,2,4,osrm
227,delivered,2025-07-03 09:14:39,2025-07-03 09:25:00.947278,2025-07-03 09:31:36.226585,2025-07-03 09:36:54.000,22.25,6.58798845,11,3,osrm
228,delivered,2025-07-03 09:14:53,2025-07-03 09:29:30.846182,2025-07-03 09:29:30.846182,2025-07-03 09:32:17.500,17.408333333333335,0.0,16,4,osrm
229,delivered,2025-07-03 09:15:58,2025-07-03 09:21:48.624354,2025-07-03 10:34:42.600000,2025-07-03 10:36:59.700,81.02833333333334,72.8995941,2,1,osrm
230,delivered,2025-07-03 09:15:25,2025-07-03 09:27:25.650987,2025-07-03 09:34:57.418216,2025-07-03 09:44:22.700,28.961666666666666,7.529453816666666,18,3,osrm
231,delivered,2025-07-03 09:15:33,2025-07-03 09:26:52.069551,2025-07-03 09:33:47.507587,2025-07-03 09:29:46.600,14.226666666666667,6.923967266666667,8,4,osrm
232,delivered,2025-07-03 09:15:12,2025-07-03 09:32:13.443902,2025-07-03 10:18:59.200000,2025-07-03 10:28:56.000,73.73333333333333,46.76260163333333,9,4,osrm
233,delivered,2025-07-03 09:16:00,2025-07-03 09:28:18.608990,2025-07-03 09:28:18.608990,2025-07-03 09:36:07.200,20.12,0.0,7,4,osrm
234,delivered,2025-07-03 09:16:18,2025-07-03 09:21:18.000000,2025-07-03 09:28:13.283723,2025-07-03 09:35:32.400,19.240000000000002,6.9213953833333335,3,4,osrm
235,delivered,2025-07-03 09:16:11,2025-07-03 09:26:14.190057,2025-07-03 10:18:59.200000,2025-07-03 10:28:56.000,72.75,52.750165716666665,9,4,osrm
236,delivered,2025-07-03 09:16:04,2025-07-03 09:26:12.912539,2025-07-03 09:31:26.296451,2025-07-03 09:39:43.700,23.66166666666667,5.2230652,17,4,osrm
237,delivered,2025-07-03 09:17:45,2025-07-03 09:30:34.135023,2025-07-03 10:01:54.381698,2025-07-03 10:04:57.000,47.2,31.337444583333333,16,4,osrm
238,delivered,2025-07-03 09:17:06,2025-07-03 09:23:44.582016,2025-07-03 09:41:51.321748,2025-07-03 09:48:25.200,31.32,18.112328866666665,20,4,osrm
239,delivered,2025-07-03 09:17:35,2025-07-03 09:31:22.179093,2025-07-03 09:31:22.179093,2025-07-03 09:38:26.400,20.85666666666667,0.0,5,4,osrm
240,delivered,2025-07-03 09:18:37,2025-07-03 09:30:49.421622,2025-07-03 09:40:12.888997,2025-07-03 09:47:44.700,29.128333333333334,9.391122916666665,1,4,osrm
241,delivered,2025-07-03 09:18:35,2025-07-03 09:32:17.002439,2025-07-03 09:34:19.799085,2025-07-03 09:41:00.800,22.43,2.0466107666666664,15,4,osrm
242,delivered,2025-07-03 09:18:31,2025-07-03 09:31:21.368003,2025-07-03 10:40:36.500000,2025-07-03 10:51:38.100,93.11833333333334,69.25219995,9,4,osrm
243,delivered,2025-07-03 09:18:15,2025-07-03 09:31:26.296451,2025-07-03 09:31:26.296451,2025-07-03 09:39:43.700,21.478333333333335,0.0,17,4,osrm
244,delivered,2025-07-03 09:18:48,2025-07-03 09:33:47.507587,2025-07-03 09:33:47.507587,2025-07-03 09:29:46.600,10.976666666666667,0.0,8,4,osrm
245,delivered,2025-07-03 09:18:01,2025-07-03 09:29:21.005936,2025-07-03 10:44:19.800000,2025-07-03 10:57:54.400,99.89,74.97990106666666,10,4,osrm
246,delivered,2025-07-03 09:18:56,2025-07-03 09:31:34.496093,2025-07-03 09:55:22.362596,2025-07-03 09:59:20.900,40.415,23.79777505,15,3,osrm
247,delivered,2025-07-03 09:19:36,2025-07-03 09:26:33.144745,2025-07-03 09:34:40.824657,2025-07-03 09:41:33.000,21.95,8.127998533333333,14,4,osrm
248,delivered,2025-07-03 09:19:55,2025-07-03 09:31:45.628276,2025-07-03 09:47:01.972671,2025-07-03 09:48:57.200,29.03666666666667,15.272406583333332,13,4,osrm
249,delivered,2025-07-03 09:19:21,2025-07-03 09:34:42.360683,2025-07-03 09:57:12.123565,2025-07-03 10:02:25.200,43.07,22.496048033333334,2,4,osrm
250,delivered,2025-07-03 09:19:05,2025-07-03 09:34:19.799085,2025-07-03 09:34:19.799085,2025-07-03 09:41:00.800,21.93,0.0,15,4,osrm
251,delivered,2025-07-03 09:20:47,2025-07-03 09:31:58.902325,2025-07-03 10:11:04.869442,2025-07-03 10:16:36.500,55.825,39.09945195,8,3,osrm
252,delivered,2025-07-03 09:21:16,2025-07-03 09:36:18.317710,2025-07-03 10:09:53.382386,2025-07-03 10:18:56.500,57.675,33.58441126666666,6,4,osrm
253,delivered,2025-07-03 09:21:41,2025-07-03 09:34:15.510851,2025-07-03 10:01:54.381698,2025-07-03 10:04:57.000,43.266666666666666,27.647847449999997,16,4,osrm
254,delivered,2025-07-03 09:22:47,2025-07-03 09:27:47.000000,2025-07-03 09:36:43.253311,2025-07-03 09:35:29.700,12.711666666666668,8.937555183333334,9,4,osrm
255,delivered,2025-07-03 09:22:25,2025-07-03 09:34:45.553044,2025-07-03 09:42:01.539098,2025-07-03 09:48:26.000,26.016666666666666,7.266434233333333,8,4,osrm
256,delivered,2025-07-03 09:23:59,2025-07-03 09:30:11.142108,2025-07-03 09:42:01.539098,2025-07-03 09:48:26.000,24.45,11.839949833333332,8,4,osrm
257,delivered,2025-07-03 09:23:46,2025-07-03 09:36:26.184010,2025-07-03 10:09:53.382386,2025-07-03 10:18:56.500,55.175,33.453306266666665,6,4,osrm
258,delivered,2025-07-03 09:24:19,2025-07-03 09:34:40.824657,2025-07-03 09:34:40.824657,2025-07-03 09:41:33.000,17.233333333333334,0.0,14,4,osrm
259,delivered,2025-07-03 09:24:02,2025-07-03 09:31:36.226585,2025-07-03 09:31:36.226585,2025-07-03 09:36:54.000,12.866666666666667,0.0,11,3,osrm
260,delivered,2025-07-03 09:24:02,2025-07-03 09:41:51.321748,2025-07-03 09:41:51.321748,2025-07-03 09:48:25.200,24.386666666666667,0.0,20,4,osrm
261,delivered,2025-07-03 09:24:32,2025-07-03 09:36:43.253311,2025-07-03 09:36:43.253311,2025-07-03 09:35:29.700,10.961666666666668,0.0,9,4,osrm
262,delivered,2025-07-03 09:25:10,2025-07-03 09:35:06.329627,2025-07-03 09:55:25.172056,2025-07-03 10:03:14.700,38.07833333333333,20.314040483333333,11,4,osrm
263,delivered,2025-07-03 09:25:05,2025-07-03 09:32:25.763041,2025-07-03 09:58:04.024156,2025-07-03 10:03:27.300,38.37166666666667,25.63768525,18,4,osrm
264,delivered,2025-07-03 09:25:07,2025-07-03 09:39:21.496600,2025-07-03 09:40:12.888997,2025-07-03 09:47:44.700,22.628333333333334,0.85653995,1,4,osrm
265,delivered,2025-07-03 09:25:23,2025-07-03 09:40:01.204540,2025-07-03 10:18:59.200000,2025-07-03 10:28:56.000,63.55,38.966591,9,4,osrm
266,delivered,2025-07-03 09:25:12,2025-07-03 09:34:22.529421,2025-07-03 09:52:02.744248,2025-07-03 09:57:31.100,32.318333333333335,17.670247116666665,5,3,osrm
267,delivered,2025-07-03 09:25:35,2025-07-03 09:37:18.539129,2025-07-03 09:46:43.579041,2025-07-03 09:53:56.000,28.35,9.417331866666666,10,4,osrm
268,delivered,2025-07-03 09:25:02,2025-07-03 09:34:57.418216,2025-07-03 09:34:57.418216,2025-07-03 09:44:22.700,19.345000000000002,0.0,18,3,osrm
269,delivered,2025-07-03 09:25:09,2025-07-03 09:40:26.653582,2025-07-03 10:43:02.700000,2025-07-03 10:45:45.900,80.615,62.60077363333333,15,1,osrm
270,delivered,2025-07-03 09:25:15,2025-07-03 09:38:00.137750,2025-07-03 10:06:42.182661,2025-07-03 10:12:25.900,47.181666666666665,28.700748516666668,10,4,osrm
271,delivered,2025-07-03 09:26:17,2025-07-03 09:38:37.229104,2025-07-03 10:04:12.949968,2025-07-03 10:11:31.600,45.24333333333333,25.59534773333333,20,4,osrm
272,delivered,2025-07-03 09:26:23,2025-07-03 09:42:01.539098,2025-07-03 09:42:01.539098,2025-07-03 09:48:26.000,22.05,0.0,8,4,osrm
273,delivered,2025-07-03 09:26:06,2025-07-03 09:43:17.050191,2025-07-03 10:18:45.979881,2025-07-03 10:20:08.100,54.035,35.4821615,5,4,osrm
274,delivered,2025-07-03 09:27:47,2025-07-03 09:42:39.221749,2025-07-03 09:42:39.221749,2025-07-03 09:48:08.400,20.35666666666667,0.0,4,4,osrm
275,delivered,2025-07-03 09:28:23,2025-07-03 09:44:04.608132,2025-07-03 09:57:12.123565,2025-07-03 10:02:25.200,34.03666666666667,13.125257216666666,2,4,osrm
276,delivered,2025-07-03 09:28:03,2025-07-03 09:38:40.551414,2025-07-03 09:52:02.744248,2025-07-03 09:57:31.100,29.46833333333333,13.369880566666666,5,3,osrm
277,delivered,2025-07-03 09:28:59,2025-07-03 09:42:22.309113,2025-07-03 09:55:25.172056,2025-07-03 10:03:14.700,34.26166666666666,13.047715716666666,11,4,osrm
278,delivered,2025-07-03 09:28:48,2025-07-03 09:40:09.404241,2025-07-03 09:42:39.221749,2025-07-03 09:48:08.400,19.34,2.496958466666667,4,4,osrm
279,delivered,2025-07-03 09:29:42,2025-07-03 09:47:01.972671,2025-07-03 09:47:01.972671,2025-07-03 09:48:57.200,19.253333333333334,0.0,13,4,osrm
280,delivered,2025-07-03 09:29:04,2025-07-03 09:35:50.080152,2025-07-03 09:53:04.129512,2025-07-03 09:56:16.300,27.205,17.234156,17,4,osrm
281,delivered,2025-07-03 09:29:40,2025-07-03 09:40:46.797204,2025-07-03 10:18:45.979881,2025-07-03 10:20:08.100,50.468333333333334,37.98637795,5,4,osrm
282,delivered,2025-07-03 09:29:37,2025-07-03 09:41:01.576048,2025-07-03 10:04:01.026807,2025-07-03 10:06:38.300,37.02166666666667,22.990845983333333,9,3,osrm
283,delivered,2025-07-03 09:30:21,2025-07-03 09:48:21.987664,2025-07-03 10:17:15.035711,2025-07-03 10:21:49.200,51.47,28.884134116666665,18,4,osrm
284,delivered,2025-07-03 09:30:23,2025-07-03 09:42:13.900994,2025-07-03 10:18:43.386546,2025-07-03 10:28:05.500,57.708333333333336,36.49142586666667,7,4,osrm
285,delivered,2025-07-03 09:31:22,2025-07-03 09:45:45.068429,2025-07-03 10:40:36.500000,2025-07-03 10:51:38.100,80.26833333333335,54.857192850000004,9,4,osrm
286,delivered,2025-07-03 09:31:31,2025-07-03 09:43:12.185047,2025-07-03 09:46:43.579041,2025-07-03 09:53:56.000,22.416666666666668,3.5232332333333334,10,4,osrm
287,delivered,2025-07-03 09:31:37,2025-07-03 09:44:21.193613,2025-07-03 10:01:35.325671,2025-07-03 10:10:15.300,38.638333333333335,17.235534299999998,13,4,osrm
288,delivered,2025-07-03 09:32:11,2025-07-03 09:40:12.888997,2025-07-03 09:40:12.888997,2025-07-03 09:47:44.700,15.561666666666667,0.0,1,4,osrm
289,delivered,2025-07-03 09:32:27,2025-07-03 09:46:43.579041,2025-07-03 09:46:43.579041,2025-07-03 09:53:56.000,21.483333333333334,0.0,10,4,osrm
290,delivered,2025-07-03 09:32:40,2025-07-03 09:47:31.038432,2025-07-03 10:17:15.035711,2025-07-03 10:21:49.200,49.15333333333333,29.733287983333334,18,4,osrm
291,delivered,2025-07-03 09:32:46,2025-07-03 09:44:30.084236,2025-07-03 10:18:45.979881,2025-07-03 10:20:08.100,47.36833333333333,34.264927416666666,5,4,osrm
292,delivered,2025-07-03 09:32:47,2025-07-03 09:42:11.556589,2025-07-03 10:01:35.325671,2025-07-03 10:10:15.300,37.47166666666667,19.39615136666667,13,4,osrm
293,delivered,2025-07-03 09:33:49,2025-07-03 09:47:59.196764,2025-07-03 09:53:04.129512,2025-07-03 09:56:16.300,22.455,5.082212466666666,17,4,osrm
294,delivered,2025-07-03 09:35:43,2025-07-03 09:46:59.322833,2025-07-03 09:58:24.373726,2025-07-03 10:08:59.700,33.278333333333336,11.417514883333332,14,4,osrm
295,delivered,2025-07-03 09:35:17,2025-07-03 09:47:43.349537,2025-07-03 09:56:20.655754,2025-07-03 09:58:25.900,23.148333333333333,8.621770283333332,6,3,osrm
296,delivered,2025-07-03 09:36:07,2025-07-03 09:51:39.394000,2025-07-03 10:04:01.026807,2025-07-03 10:06:38.300,30.521666666666665,12.360546783333332,9,3,osrm
297,delivered,2025-07-03 09:36:31,2025-07-03 09:49:49.758767,2025-07-03 10:06:42.182661,2025-07-03 10:12:25.900,35.915,16.873731566666667,10,4,osrm
298,delivered,2025-07-03 09:36:38,2025-07-03 09:46:15.917747,2025-07-03 10:13:59.263340,2025-07-03 10:19:26.200,42.80333333333333,27.72242655,3,4,osrm
299,delivered,2025-07-03 09:36:57,2025-07-03 09:55:22.362596,2025-07-03 09:55:22.362596,2025-07-03 09:59:20.900,22.398333333333333,0.0,15,3,osrm
300,delivered,2025-07-03 09:36:45,2025-07-03 09:43:16.022827,2025-07-03 10:13:59.263340,2025-07-03 10:19:26.200,42.68666666666666,30.720675216666667,3,4,osrm
301,delivered,2025-07-03 09:37:47,2025-07-03 09:50:15.476191,2025-07-03 10:44:19.800000,2025-07-03 10:57:54.400,80.12333333333332,54.07206348333333,10,4,osrm
302,delivered,2025-07-03 09:37:44,2025-07-03 09:53:04.129512,2025-07-03 09:53:04.129512,2025-07-03 09:56:16.300,18.538333333333334,0.0,17,4,osrm
303,delivered,2025-07-03 09:37:52,2025-07-03 09:43:30.083407,2025-07-03 10:11:04.869442,2025-07-03 10:16:36.500,38.74166666666667,27.57976725,8,3,osrm
304,delivered,2025-07-03 09:37:47,2025-07-03 09:52:38.037091,2025-07-03 10:17:39.835156,2025-07-03 10:24:59.200,47.20333333333333,25.02996775,11,3,osrm
305,delivered,2025-07-03 09:37:48,2025-07-03 09:52:16.039274,2025-07-03 10:13:31.127119,2025-07-03 10:20:31.600,42.72666666666667,21.251464083333335,16,3,osrm
306,delivered,2025-07-03 09:37:29,2025-07-03 09:43:55.240980,2025-07-03 09:47:01.972671,2025-07-03 09:48:57.200,11.47,3.1121948500000003,13,4,osrm
307,delivered,2025-07-03 09:38:12,2025-07-03 09:49:21.313756,2025-07-03 10:29:19.000000,2025-07-03 10:33:45.300,55.555,39.9614374,8,1,osrm
308,delivered,2025-07-03 09:38:42,2025-07-03 09:48:25.319189,2025-07-03 09:48:25.319189,2025-07-03 09:51:57.000,13.25,0.0,19,4,osrm
309,delivered,2025-07-03 09:38:46,2025-07-03 09:48:02.679943,2025-07-03 10:03:25.756103,2025-07-03 10:04:13.700,25.461666666666666,15.384602666666666,4,4,osrm
310,delivered,2025-07-03 09:40:14,2025-07-03 09:52:02.744248,2025-07-03 09:52:02.744248,2025-07-03 09:57:31.100,17.285,0.0,5,3,osrm
311,delivered,2025-07-03 09:40:51,2025-07-03 09:52:40.814254,2025-07-03 09:55:25.172056,2025-07-03 10:03:14.700,22.395,2.7392966999999997,11,4,osrm
312,delivered,2025-07-03 09:41:39,2025-07-03 09:57:49.017321,2025-07-03 10:17:39.835156,2025-07-03 10:24:59.200,43.336666666666666,19.846963916666667,11,3,osrm
313,delivered,2025-07-03 09:41:11,2025-07-03 09:49:52.040441,2025-07-03 10:06:50.544577,2025-07-03 10:14:19.600,33.14333333333333,16.975068933333333,19,4,osrm
314,delivered,2025-07-03 09:42:57,2025-07-03 09:57:12.123565,2025-07-03 09:57:12.123565,2025-07-03 10:02:25.200,19.470000000000002,0.0,2,4,osrm
315,delivered,2025-07-03 09:42:31,2025-07-03 09:56:20.655754,2025-07-03 09:56:20.655754,2025-07-03 09:58:25.900,15.915,0.0,6,3,osrm
316,delivered,2025-07-03 09:42:07,2025-07-03 09:51:49.345766,2025-07-03 10:25:44.800000,2025-07-03 10:35:54.200,53.78666666666666,33.924237233333336,12,3,osrm
317,delivered,2025-07-03 09:42:16,2025-07-03 09:53:25.409908,2025-07-03 10:03:25.756103,2025-07-03 10:04:13.700,21.961666666666666,10.005769916666667,4,4,osrm
318,delivered,2025-07-03 09:42:47,2025-07-03 09:53:39.306665,2025-07-03 09:57:12.123565,2025-07-03 10:02:25.200,19.636666666666667,3.5469483333333334,2,4,osrm
319,delivered,2025-07-03 09:43:25,2025-07-03 09:58:46.192986,2025-07-03 10:18:43.386546,2025-07-03 10:28:05.500,44.675,19.953225999999997,7,4,osrm
320,delivered,2025-07-03 09:43:02,2025-07-03 09:55:25.172056,2025-07-03 09:55:25.172056,2025-07-03 10:03:14.700,20.211666666666666,0.0,11,4,osrm
321,delivered,2025-07-03 09:43:34,2025-07-03 09:55:19.845019,2025-07-03 10:06:50.544577,2025-07-03 10:14:19.600,30.759999999999998,11.5116593,19,4,osrm
322,delivered,2025-07-03 09:43:26,2025-07-03 09:58:01.435927,2025-07-03 09:58:04.024156,2025-07-03 10:03:27.300,20.021666666666665,0.04313715,18,4,osrm
323,delivered,2025-07-03 09:44:46,2025-07-03 09:58:24.608501,2025-07-03 10:57:53.555967,2025-07-03 10:57:59.100,73.21833333333333,59.48245776666667,4,4,osrm
324,delivered,2025-07-03 09:45:34,2025-07-03 10:00:17.566539,2025-07-03 10:01:35.325671,2025-07-03 10:10:15.300,24.688333333333333,1.2959855333333332,13,4,osrm
325,delivered,2025-07-03 09:45:27,2025-07-03 09:55:37.181872,2025-07-03 10:17:51.553182,2025-07-03 10:20:42.600,35.26,22.239521833333335,4,4,osrm
326,delivered,2025-07-03 09:45:17,2025-07-03 09:58:04.024156,2025-07-03 09:58:04.024156,2025-07-03 10:03:27.300,18.171666666666667,0.0,18,4,osrm
327,delivered,2025-07-03 09:45:06,2025-07-03 09:54:19.366748,2025-07-03 10:06:50.544577,2025-07-03 10:14:19.600,29.226666666666667,12.519630483333334,19,4,osrm
328,delivered,2025-07-03 09:45:49,2025-07-03 10:05:41.296250,2025-07-03 10:05:41.296250,2025-07-03 10:05:34.500,19.758333333333333,0.0,7,4,osrm
329,delivered,2025-07-03 09:46:33,2025-07-03 10:02:17.135305,2025-07-03 10:02:17.135305,2025-07-03 10:09:52.100,23.31833333333333,0.0,1,4,osrm
330,delivered,2025-07-03 09:46:45,2025-07-03 10:03:57.088583,2025-07-03 10:27:35.600000,2025-07-03 10:31:48.100,45.05166666666666,23.641856949999998,17,1,osrm
331,delivered,2025-07-03 09:46:32,2025-07-03 09:53:25.023279,2025-07-03 09:58:04.024156,2025-07-03 10:03:27.300,16.921666666666667,4.650014616666667,18,4,osrm
332,delivered,2025-07-03 09:46:06,2025-07-03 09:54:52.537429,2025-07-03 09:55:22.362596,2025-07-03 09:59:20.900,13.248333333333333,0.4970861166666667,15,3,osrm
333,delivered,2025-07-03 09:47:06,2025-07-03 10:01:35.325671,2025-07-03 10:01:35.325671,2025-07-03 10:10:15.300,23.154999999999998,0.0,13,4,osrm
334,delivered,2025-07-03 09:47:15,2025-07-03 10:01:54.381698,2025-07-03 10:01:54.381698,2025-07-03 10:04:57.000,17.7,0.0,16,4,osrm
335,delivered,2025-07-03 09:48:25,2025-07-03 09:58:24.373726,2025-07-03 09:58:24.373726,2025-07-03 10:08:59.700,20.578333333333333,0.0,14,4,osrm
336,delivered,2025-07-03 09:48:17,2025-07-03 09:59:13.559938,2025-07-03 10:17:51.553182,2025-07-03 10:20:42.600,32.42666666666666,18.633220733333335,4,4,osrm
337,delivered,2025-07-03 09:48:57,2025-07-03 09:57:24.887842,2025-07-03 10:09:53.382386,2025-07-03 10:18:56.500,29.991666666666667,12.474909066666667,6,4,osrm
338,delivered,2025-07-03 09:49:54,2025-07-03 10:04:01.026807,2025-07-03 10:04:01.026807,2025-07-03 10:06:38.300,16.738333333333333,0.0,9,3,osrm
339,delivered,2025-07-03 09:49:19,2025-07-03 10:04:18.534932,2025-07-03 10:17:51.553182,2025-07-03 10:20:42.600,31.39333333333333,13.550304166666667,4,4,osrm
340,delivered,2025-07-03 09:49:35,2025-07-03 10:02:29.443085,2025-07-03 10:04:12.949968,2025-07-03 10:11:31.600,21.94333333333333,1.7251147166666667,20,4,osrm
341,delivered,2025-07-03 09:49:59,2025-07-03 10:02:51.043745,2025-07-03 10:06:42.182661,2025-07-03 10:12:25.900,22.448333333333334,3.8523152666666665,10,4,osrm
342,delivered,2025-07-03 09:50:13,2025-07-03 09:55:13.000000,2025-07-03 10:13:59.263340,2025-07-03 10:19:26.200,29.220000000000002,18.771055666666665,3,4,osrm
343,delivered,2025-07-03 09:51:54,2025-07-03 10:04:12.949968,2025-07-03 10:04:12.949968,2025-07-03 10:11:31.600,19.626666666666665,0.0,20,4,osrm
344,delivered,2025-07-03 09:51:30,2025-07-03 09:56:30.000000,2025-07-03 10:17:48.860971,2025-07-03 10:23:57.000,32.45,21.314349516666667,2,4,osrm
345,delivered,2025-07-03 09:51:05,2025-07-03 10:06:09.562205,2025-07-03 10:13:31.127119,2025-07-03 10:20:31.600,29.44333333333333,7.359415233333333,16,3,osrm
346,delivered,2025-07-03 09:51:37,2025-07-03 10:03:25.756103,2025-07-03 10:03:25.756103,2025-07-03 10:04:13.700,12.611666666666668,0.0,4,4,osrm
347,delivered,2025-07-03 09:51:47,2025-07-03 10:03:35.197468,2025-07-03 10:17:15.035711,2025-07-03 10:21:49.200,30.03666666666667,13.663970716666666,18,4,osrm
348,delivered,2025-07-03 09:54:56,2025-07-03 10:02:28.611507,2025-07-03 10:19:41.400000,2025-07-03 10:24:26.300,29.505,17.21314155,1,3,osrm
349,delivered,2025-07-03 09:54:18,2025-07-03 10:05:48.204259,2025-07-03 10:19:41.400000,2025-07-03 10:24:26.300,30.138333333333332,13.886595683333333,1,3,osrm
350,delivered,2025-07-03 09:55:33,2025-07-03 10:09:53.382386,2025-07-03 10:09:53.382386,2025-07-03 10:18:56.500,23.391666666666666,0.0,6,4,osrm
351,delivered,2025-07-03 09:56:32,2025-07-03 10:06:42.182661,2025-07-03 10:06:42.182661,2025-07-03 10:12:25.900,15.898333333333333,0.0,10,4,osrm
352,delivered,2025-07-03 09:56:56,2025-07-03 10:05:57.774352,2025-07-03 10:26:22.500000,2025-07-03 10:35:50.500,38.90833333333333,20.412094133333333,20,4,osrm
353,delivered,2025-07-03 09:56:20,2025-07-03 10:10:37.349801,2025-07-03 10:27:06.200000,2025-07-03 10:32:44.200,36.40333333333333,16.48083665,10,4,osrm
354,delivered,2025-07-03 09:57:32,2025-07-03 10:05:27.384959,2025-07-03 10:17:48.860971,2025-07-03 10:23:57.000,26.416666666666668,12.357933533333332,2,4,osrm
355,delivered,2025-07-03 09:57:14,2025-07-03 10:06:50.544577,2025-07-03 10:06:50.544577,2025-07-03 10:14:19.600,17.09333333333333,0.0,19,4,osrm
356,delivered,2025-07-03 09:58:46,2025-07-03 10:14:00.019309,2025-07-03 10:30:08.200000,2025-07-03 10:33:42.400,34.940000000000005,16.13634485,15,2,osrm
357,delivered,2025-07-03 09:58:26,2025-07-03 10:10:36.663631,2025-07-03 10:17:48.860971,2025-07-03 10:23:57.000,25.516666666666666,7.203289,2,4,osrm
358,delivered,2025-07-03 09:58:02,2025-07-03 10:06:25.100072,2025-07-03 10:30:29.051699,2025-07-03 10:38:29.600,40.46,24.06586045,13,3,osrm
359,delivered,2025-07-03 09:58:50,2025-07-03 10:08:37.479733,2025-07-03 10:18:59.200000,2025-07-03 10:28:56.000,30.1,10.36200445,9,4,osrm
360,delivered,2025-07-03 09:59:14,2025-07-03 10:12:54.741784,2025-07-03 10:18:43.386546,2025-07-03 10:28:05.500,28.858333333333334,5.810746033333333,7,4,osrm
361,delivered,2025-07-03 09:59:29,2025-07-03 10:11:04.869442,2025-07-03 10:11:04.869442,2025-07-03 10:16:36.500,17.125,0.0,8,3,osrm
362,delivered,2025-07-03 09:59:15,2025-07-03 10:09:35.226249,2025-07-03 10:32:22.399894,2025-07-03 10:38:02.000,38.78333333333333,22.78622741666667,19,3,osrm
363,delivered,2025-07-03 09:59:01,2025-07-03 10:08:51.742393,2025-07-03 10:33:45.400000,2025-07-03 10:37:01.500,38.00833333333333,24.894293450000003,11,1,osrm
364,delivered,2025-07-03 09:59:13,2025-07-03 10:10:32.332024,2025-07-03 10:19:41.400000,2025-07-03 10:24:26.300,25.221666666666668,9.151132933333335,1,3,osrm
365,delivered,2025-07-03 09:59:25,2025-07-03 10:12:21.492042,2025-07-03 10:40:36.500000,2025-07-03 10:51:38.100,52.218333333333334,28.250132633333333,9,4,osrm
366,delivered,2025-07-03 09:59:14,2025-07-03 10:06:00.292161,2025-07-03 10:37:41.937204,2025-07-03 10:36:06.500,36.875,31.69408405,6,2,osrm
367,delivered,2025-07-03 10:00:43,2025-07-03 10:17:51.553182,2025-07-03 10:17:51.553182,2025-07-03 10:20:42.600,19.993333333333332,0.0,4,4,osrm
368,delivered,2025-07-03 10:00:26,2025-07-03 10:15:35.734143,2025-07-03 10:25:44.800000,2025-07-03 10:35:54.200,35.47,10.151097616666668,12,3,osrm
369,delivered,2025-07-03 10:00:28,2025-07-03 10:13:31.127119,2025-07-03 10:13:31.127119,2025-07-03 10:20:31.600,20.06,0.0,16,3,osrm
370,delivered,2025-07-03 10:00:16,2025-07-03 10:14:12.914533,2025-07-03 10:27:06.200000,2025-07-03 10:32:44.200,32.47,12.888091116666667,10,4,osrm
371,delivered,2025-07-03 10:01:27,2025-07-03 10:07:44.196141,2025-07-03 10:27:06.200000,2025-07-03 10:32:44.200,31.28666666666667,19.366730983333333,10,4,osrm
372,delivered,2025-07-03 10:02:23,2025-07-03 10:14:03.304183,2025-07-03 10:26:22.500000,2025-07-03 10:35:50.500,33.458333333333336,12.319930283333333,20,4,osrm
373,delivered,2025-07-03 10:02:26,2025-07-03 10:15:55.625663,2025-07-03 10:35:33.600000,2025-07-03 10:46:22.100,43.934999999999995,19.63290561666667,14,2,osrm
374,delivered,2025-07-03 10:02:13,2025-07-03 10:13:59.263340,2025-07-03 10:13:59.263340,2025-07-03 10:19:26.200,17.220000000000002,0.0,3,4,osrm
375,delivered,2025-07-03 10:02:41,2025-07-03 10:17:52.922396,2025-07-03 10:35:08.726969,2025-07-03 10:41:13.800,38.54666666666667,17.26340955,18,4,osrm
376,delivered,2025-07-03 10:02:46,2025-07-03 10:14:12.244193,2025-07-03 10:57:53.555967,2025-07-03 10:57:59.100,55.218333333333334,43.688529566666666,4,4,osrm
377,delivered,2025-07-03 10:04:40,2025-07-03 10:18:43.386546,2025-07-03 10:18:43.386546,2025-07-03 10:28:05.500,23.425,0.0,7,4,osrm
378,delivered,2025-07-03 10:04:28,2025-07-03 10:17:39.835156,2025-07-03 10:17:39.835156,2025-07-03 10:24:59.200,20.52,0.0,11,3,osrm
379,delivered,2025-07-03 10:04:53,2025-07-03 10:19:03.372136,2025-07-03 10:35:08.726969,2025-07-03 10:41:13.800,36.34666666666667,16.089247216666667,18,4,osrm
380,delivered,2025-07-03 10:04:30,2025-07-03 10:18:45.979881,2025-07-03 10:18:45.979881,2025-07-03 10:20:08.100,15.635,0.0,5,4,osrm
381,delivered,2025-07-03 10:05:01,2025-07-03 10:17:25.126950,2025-07-03 10:32:22.399894,2025-07-03 10:38:02.000,33.016666666666666,14.954549066666667,19,3,osrm
382,delivered,2025-07-03 10:06:13,2025-07-03 10:17:15.035711,2025-07-03 10:17:15.035711,2025-07-03 10:21:49.200,15.603333333333333,0.0,18,4,osrm
383,delivered,2025-07-03 10:06:41,2025-07-03 10:18:17.054477,2025-07-03 10:25:44.800000,2025-07-03 10:35:54.200,29.220000000000002,7.462425383333334,12,3,osrm
384,delivered,2025-07-03 10:07:16,2025-07-03 10:23:50.035733,2025-07-03 10:26:22.500000,2025-07-03 10:35:50.500,28.575,2.5410711166666666,20,4,osrm
385,delivered,2025-07-03 10:09:15,2025-07-03 10:17:48.860971,2025-07-03 10:17:48.860971,2025-07-03 10:23:57.000,14.7,0.0,2,4,osrm
386,delivered,2025-07-03 10:09:24,2025-07-03 10:18:20.577802,2025-07-03 10:36:08.600000,2025-07-03 10:42:51.000,33.45,17.800369966666665,16,4,osrm
387,delivered,2025-07-03 10:10:12,2025-07-03 10:18:16.990261,2025-07-03 10:30:08.200000,2025-07-03 10:33:42.400,23.506666666666668,11.853495650000001,15,2,osrm
388,delivered,2025-07-03 10:11:56,2025-07-03 10:22:30.670390,2025-07-03 10:27:06.200000,2025-07-03 10:32:44.200,20.803333333333335,4.592160166666667,10,4,osrm
389,delivered,2025-07-03 10:11:29,2025-07-03 10:25:08.596823,2025-07-03 10:40:36.500000,2025-07-03 10:51:38.100,40.151666666666664,15.46505295,9,4,osrm
390,delivered,2025-07-03 10:13:54,2025-07-03 10:23:11.820053,2025-07-03 10:26:22.500000,2025-07-03 10:35:50.500,21.941666666666666,3.177999116666667,20,4,osrm
391,delivered,2025-07-03 10:16:59,2025-07-03 10:32:22.399894,2025-07-03 10:32:22.399894,2025-07-03 10:38:02.000,21.05,0.0,19,3,osrm
392,delivered,2025-07-03 10:16:29,2025-07-03 10:30:29.051699,2025-07-03 10:30:29.051699,2025-07-03 10:38:29.600,22.009999999999998,0.0,13,3,osrm
393,delivered,2025-07-03 10:16:52,2025-07-03 10:34:05.176774,2025-07-03 10:48:26.900000,2025-07-03 10:51:04.100,34.20166666666667,14.362053766666666,13,1,osrm
394,delivered,2025-07-03 10:18:27,2025-07-03 10:29:20.639308,2025-07-03 10:39:55.500000,2025-07-03 10:52:43.900,34.281666666666666,10.581011533333333,3,4,osrm
395,delivered,2025-07-03 10:19:35,2025-07-03 10:32:48.516018,2025-07-03 10:43:55.300000,2025-07-03 10:49:26.300,29.855,11.113066366666667,1,2,osrm
396,delivered,2025-07-03 10:20:24,2025-07-03 10:32:39.095300,2025-07-03 10:35:33.600000,2025-07-03 10:46:22.100,25.96833333333333,2.908411666666667,14,2,osrm
397,delivered,2025-07-03 10:20:08,2025-07-03 10:35:00.433447,2025-07-03 10:52:30.300000,2025-07-03 10:54:18.000,34.166666666666664,17.497775883333336,7,1,osrm
398,delivered,2025-07-03 10:20:25,2025-07-03 10:26:47.280833,2025-07-03 10:45:25.800000,2025-07-03 10:50:45.600,30.34333333333333,18.641986116666665,17,2,osrm
399,delivered,2025-07-03 10:21:50,2025-07-03 10:32:42.072300,2025-07-03 10:51:50.100000,2025-07-03 10:59:20.400,37.50666666666667,19.133795000000003,20,2,osrm
400,delivered,2025-07-03 10:22:41,2025-07-03 10:32:44.980849,2025-07-03 10:51:45.100000,2025-07-03 10:58:06.000,35.416666666666664,19.00198585,19,2,osrm
401,delivered,2025-07-03 10:22:57,2025-07-03 10:35:04.116092,2025-07-03 10:39:55.500000,2025-07-03 10:52:43.900,29.78166666666667,4.856398466666667,3,4,osrm
402,delivered,2025-07-03 10:22:50,2025-07-03 10:36:58.692575,2025-07-03 10:56:22.088930,2025-07-03 11:09:19.400,46.49,19.38993925,8,3,osrm
403,delivered,2025-07-03 10:23:31,2025-07-03 10:33:29.961015,2025-07-03 10:51:50.100000,2025-07-03 10:59:20.400,35.82333333333334,18.33564975,20,2,osrm
404,delivered,2025-07-03 10:23:50,2025-07-03 10:34:02.006250,2025-07-03 10:51:45.100000,2025-07-03 10:58:06.000,34.266666666666666,17.718229166666667,19,2,osrm
405,delivered,2025-07-03 10:23:36,2025-07-03 10:35:50.158106,2025-07-03 10:43:55.300000,2025-07-03 10:49:26.300,25.83833333333333,8.085698233333334,1,2,osrm
406,delivered,2025-07-03 10:24:23,2025-07-03 10:37:41.937204,2025-07-03 10:37:41.937204,2025-07-03 10:36:06.500,11.725,0.0,6,2,osrm
407,delivered,2025-07-03 10:25:36,2025-07-03 10:35:08.427271,2025-07-03 10:35:08.726969,2025-07-03 10:41:13.800,15.629999999999999,0.004994966666666667,18,4,osrm
408,delivered,2025-07-03 10:25:33,2025-07-03 10:45:10.185073,2025-07-03 10:45:25.800000,2025-07-03 10:50:45.600,25.209999999999997,0.26024878333333334,17,2,osrm
409,delivered,2025-07-03 10:27:14,2025-07-03 10:35:08.726969,2025-07-03 10:35:08.726969,2025-07-03 10:41:13.800,13.996666666666666,0.0,18,4,osrm
410,delivered,2025-07-03 10:29:18,2025-07-03 10:41:40.501921,2025-07-03 10:56:22.088930,2025-07-03 11:09:19.400,40.02333333333333,14.693116816666667,8,3,osrm
411,delivered,2025-07-03 10:30:47,2025-07-03 10:39:11.632635,2025-07-03 10:39:55.500000,2025-07-03 10:52:43.900,21.948333333333334,0.73112275,3,4,osrm
412,delivered,2025-07-03 10:31:43,2025-07-03 10:39:19.358586,2025-07-03 10:48:24.800000,2025-07-03 10:53:03.800,21.346666666666668,9.090690233333333,2,2,osrm
413,delivered,2025-07-03 10:32:35,2025-07-03 10:47:14.677641,2025-07-03 10:59:19.400000,2025-07-03 11:04:50.000,32.25,12.078705983333332,12,2,osrm
414,delivered,2025-07-03 10:33:04,2025-07-03 10:44:48.642403,2025-07-03 11:01:15.455740,2025-07-03 11:04:55.500,31.858333333333334,16.44688895,14,2,osrm
415,delivered,2025-07-03 10:33:16,2025-07-03 10:42:59.850478,2025-07-03 10:48:24.800000,2025-07-03 10:53:03.800,19.796666666666667,5.415825366666667,2,2,osrm
416,delivered,2025-07-03 10:38:25,2025-07-03 10:50:48.537245,2025-07-03 10:59:19.400000,2025-07-03 11:04:50.000,26.416666666666668,8.51437925,12,2,osrm
417,delivered,2025-07-03 10:38:31,2025-07-03 10:57:53.555967,2025-07-03 10:57:53.555967,2025-07-03 10:57:59.100,19.46833333333333,0.0,4,4,osrm
418,delivered,2025-07-03 10:39:43,2025-07-03 10:54:02.406959,2025-07-03 10:54:55.900000,2025-07-03 10:59:22.800,19.663333333333334,0.8915506833333333,18,1,osrm
419,delivered,2025-07-03 10:41:00,2025-07-03 10:56:22.088930,2025-07-03 10:56:22.088930,2025-07-03 11:09:19.400,28.323333333333334,0.0,8,3,osrm
420,delivered,2025-07-03 10:44:25,2025-07-03 11:01:15.455740,2025-07-03 11:01:15.455740,2025-07-03 11:04:55.500,20.508333333333333,0.0,14,2,osrm
421,delivered,2025-07-03 10:47:56,2025-07-03 11:04:19.337332,2025-07-03 11:04:19.337332,2025-07-03 11:07:25.600,19.493333333333332,0.0,2,1,osrm
422,delivered,2025-07-03 10:51:33,2025-07-03 11:01:09.048375,2025-07-03 11:18:05.000000,2025-07-03 11:23:46.300,32.221666666666664,16.932527083333333,18,1,osrm
423,delivered,2025-07-03 10:55:14,2025-07-03 11:08:22.791192,2025-07-03 11:08:22.791192,2025-07-03 11:09:43.300,14.488333333333333,0.0,19,1,osrm
424,delivered,2025-07-03 10:58:52,2025-07-03 11:05:58.338986,2025-07-03 11:08:10.400000,2025-07-03 11:11:11.000,12.316666666666666,2.2010169,4,1,osrm
425,delivered,2025-07-03 10:58:43,2025-07-03 11:11:44.335530,2025-07-03 11:14:53.800000,2025-07-03 11:18:50.000,20.116666666666667,3.157741166666667,17,1,osrm
426,delivered,2025-07-03 10:59:52,2025-07-03 11:11:20.069784,2025-07-03 11:14:08.400000,2025-07-03 11:15:49.700,15.961666666666668,2.8055036,5,1,osrm
427,delivered,2025-07-03 11:00:59,2025-07-03 11:11:59.160869,2025-07-03 11:15:25.000000,2025-07-03 11:18:55.700,17.945,3.4306521833333337,14,1,osrm
428,delivered,2025-07-03 11:02:59,2025-07-03 11:16:37.420077,2025-07-03 11:17:43.800000,2025-07-03 11:21:24.900,18.43166666666667,1.10633205,11,1,osrm
429,delivered,2025-07-03 11:02:24,2025-07-03 11:11:15.825338,2025-07-03 11:19:32.200000,2025-07-03 11:22:00.300,19.605,8.272911033333333,16,1,osrm
430,delivered,2025-07-03 11:02:13,2025-07-03 11:12:35.553333,2025-07-03 11:13:51.500000,2025-07-03 11:16:05.800,13.879999999999999,1.2657777833333335,13,1,osrm
431,delivered,2025-07-03 11:03:41,2025-07-03 11:16:08.273973,2025-07-03 11:19:17.100000,2025-07-03 11:23:23.700,19.711666666666666,3.1471004500000004,6,1,osrm
432,delivered,2025-07-03 11:08:36,2025-07-03 11:19:53.279944,2025-07-03 11:19:53.279944,2025-07-03 11:21:50.200,13.236666666666668,0.0,2,1,osrm
433,delivered,2025-07-03 11:13:55,2025-07-03 11:22:24.731723,2025-07-03 11:23:46.100000,2025-07-03 11:27:14.400,13.323333333333332,1.3561379500000001,3,1,osrm
434,delivered,2025-07-03 11:14:22,2025-07-03 11:22:18.988002,2025-07-03 11:25:08.600000,2025-07-03 11:27:38.600,13.276666666666667,2.826866633333333,9,1,osrm
435,delivered,2025-07-03 11:16:20,2025-07-03 11:26:57.070705,2025-07-03 11:29:51.300000,2025-07-03 11:34:18.500,17.975,2.9038215833333334,5,1,osrm
436,delivered,2025-07-03 11:18:17,2025-07-03 11:29:22.475034,2025-07-03 11:29:22.475034,2025-07-03 11:32:07.800,13.846666666666666,0.0,14,1,osrm
437,delivered,2025-07-03 11:19:33,2025-07-03 11:32:33.589821,2025-07-03 11:33:23.500000,2025-07-03 11:36:21.400,16.806666666666665,0.8318363166666667,2,1,osrm
438,delivered,2025-07-03 11:20:32,2025-07-03 11:28:33.962452,2025-07-03 11:29:11.400000,2025-07-03 11:31:59.000,11.45,0.6239591333333333,13,1,osrm
439,delivered,2025-07-03 11:23:54,2025-07-03 11:37:23.927911,2025-07-03 11:39:12.700000,2025-07-03 11:42:51.600,18.959999999999997,1.81286815,16,1,osrm
440,delivered,2025-07-03 11:25:06,2025-07-03 11:30:06.000000,2025-07-03 11:30:06.000000,2025-07-03 11:31:59.200,6.886666666666667,0.0,1,1,osrm
441,delivered,2025-07-03 11:26:29,2025-07-03 11:36:28.055212,2025-07-03 11:40:08.600000,2025-07-03 11:41:49.200,15.336666666666668,3.675746466666667,6,1,osrm
442,delivered,2025-07-03 11:27:25,2025-07-03 11:36:26.916759,2025-07-03 11:38:04.100000,2025-07-03 11:41:16.900,13.865,1.6197206833333333,9,1,osrm
443,delivered,2025-07-03 11:29:38,2025-07-03 11:37:54.867516,2025-07-03 11:40:06.000000,2025-07-03 11:43:17.700,13.661666666666667,2.1855414,12,1,osrm
444,delivered,2025-07-03 11:32:10,2025-07-03 11:47:46.348268,2025-07-03 11:53:44.100000,2025-07-03 11:58:03.000,25.883333333333333,5.962528866666667,3,1,osrm
445,delivered,2025-07-03 11:34:23,2025-07-03 11:40:20.464135,2025-07-03 11:48:58.600000,2025-07-03 11:54:52.900,20.498333333333335,8.635597749999999,10,2,osrm
446,delivered,2025-07-03 11:34:31,2025-07-03 11:48:30.529844,2025-07-03 11:48:58.600000,2025-07-03 11:54:52.900,20.365000000000002,0.46783593333333334,10,2,osrm
447,delivered,2025-07-03 11:35:16,2025-07-03 11:49:17.795176,2025-07-03 11:51:12.700000,2025-07-03 11:54:09.000,18.883333333333333,1.9150804000000001,2,1,osrm
448,delivered,2025-07-03 11:35:02,2025-07-03 11:45:10.704376,2025-07-03 11:51:09.300000,2025-07-03 11:53:22.900,18.348333333333336,5.976593733333333,5,1,osrm
449,delivered,2025-07-03 11:36:50,2025-07-03 11:46:18.719772,2025-07-03 11:49:31.200000,2025-07-03 11:52:14.900,15.415,3.2080038,19,1,osrm
450,delivered,2025-07-03 11:36:10,2025-07-03 11:50:44.420272,2025-07-03 12:03:57.500000,2025-07-03 12:07:22.200,31.203333333333333,13.217995466666668,16,1,osrm
451,delivered,2025-07-03 11:37:12,2025-07-03 11:51:28.015846,2025-07-03 11:55:04.500000,2025-07-03 11:58:31.800,21.33,3.608069233333333,9,1,osrm
452,delivered,2025-07-03 11:38:54,2025-07-03 11:54:27.354252,2025-07-03 11:54:27.354252,2025-07-03 11:56:35.600,17.69333333333333,0.0,15,1,osrm
453,delivered,2025-07-03 11:38:21,2025-07-03 11:53:08.390022,2025-07-03 11:53:15.600000,2025-07-03 11:57:43.800,19.38,0.12016629999999999,13,2,osrm
454,delivered,2025-07-03 11:39:07,2025-07-03 11:53:14.000352,2025-07-03 11:53:14.000352,2025-07-03 11:54:59.600,15.876666666666667,0.0,8,1,osrm
455,delivered,2025-07-03 11:39:27,2025-07-03 11:44:27.000000,2025-07-03 11:44:53.800000,2025-07-03 11:47:21.600,7.91,0.44666666666666666,18,1,osrm
456,delivered,2025-07-03 11:40:40,2025-07-03 11:56:16.842304,2025-07-03 12:03:45.500000,2025-07-03 12:06:50.300,26.171666666666667,7.477628266666667,5,1,osrm
457,delivered,2025-07-03 11:41:05,2025-07-03 11:50:10.932702,2025-07-03 11:58:51.700000,2025-07-03 12:03:50.200,22.753333333333334,8.679454966666666,17,2,osrm
458,delivered,2025-07-03 11:43:02,2025-07-03 11:54:51.034028,2025-07-03 12:04:57.900000,2025-07-03 12:08:32.500,25.508333333333333,10.114432866666668,11,1,osrm
459,delivered,2025-07-03 11:43:33,2025-07-03 11:52:19.173984,2025-07-03 11:53:15.600000,2025-07-03 11:57:43.800,14.18,0.9404336,13,2,osrm
460,delivered,2025-07-03 11:44:31,2025-07-03 11:57:00.144076,2025-07-03 11:59:56.400000,2025-07-03 12:03:21.600,18.84333333333333,2.937598733333333,14,1,osrm
461,delivered,2025-07-03 11:44:01,2025-07-03 11:57:43.308631,2025-07-03 11:58:51.700000,2025-07-03 12:03:50.200,19.82,1.13985615,17,2,osrm
462,delivered,2025-07-03 11:45:09,2025-07-03 11:56:10.353491,2025-07-03 12:03:44.100000,2025-07-03 12:07:57.700,22.811666666666667,7.5624418166666665,8,1,osrm
463,delivered,2025-07-03 11:46:11,2025-07-03 12:02:51.666330,2025-07-03 12:03:33.500000,2025-07-03 12:06:11.200,20.003333333333334,0.6972278333333333,12,1,osrm
464,delivered,2025-07-03 11:47:09,2025-07-03 12:02:54.142683,2025-07-03 12:03:52.200000,2025-07-03 12:07:47.300,20.638333333333332,0.96762195,6,1,osrm
465,delivered,2025-07-03 11:51:15,2025-07-03 12:04:05.504522,2025-07-03 12:06:43.900000,2025-07-03 12:09:08.000,17.883333333333333,2.6399246333333335,7,1,osrm
466,delivered,2025-07-03 11:53:09,2025-07-03 12:02:22.797824,2025-07-03 12:05:25.500000,2025-07-03 12:07:17.200,14.136666666666667,3.0450362666666666,10,1,osrm
467,delivered,2025-07-03 11:56:23,2025-07-03 12:12:47.230665,2025-07-03 12:14:51.600000,2025-07-03 12:16:33.900,20.18166666666667,2.07282225,17,1,osrm
468,delivered,2025-07-03 11:57:39,2025-07-03 12:09:07.056120,2025-07-03 12:09:07.056120,2025-07-03 12:11:29.300,13.838333333333333,0.0,20,1,osrm
469,delivered,2025-07-03 11:58:54,2025-07-03 12:09:33.173383,2025-07-03 12:09:57.900000,2025-07-03 12:13:26.100,14.535,0.4121102833333333,4,1,osrm
470,delivered,2025-07-03 12:00:36,2025-07-03 12:13:15.874729,2025-07-03 12:15:35.900000,2025-07-03 12:18:14.900,17.648333333333333,2.3337545166666667,1,1,osrm
471,delivered,2025-07-03 12:02:47,2025-07-03 12:08:02.204324,2025-07-03 12:08:02.204324,2025-07-03 12:11:20.700,8.561666666666667,0.0,9,1,osrm
472,delivered,2025-07-03 12:03:18,2025-07-03 12:16:21.579811,2025-07-03 12:17:30.100000,2025-07-03 12:21:21.600,18.06,1.14200315,16,1,osrm
473,delivered,2025-07-03 12:05:38,2025-07-03 12:19:04.016755,2025-07-03 12:19:04.016755,2025-07-03 12:20:52.500,15.241666666666667,0.0,6,1,osrm
474,delivered,2025-07-03 12:08:26,2025-07-03 12:19:40.233009,2025-07-03 12:20:15.000000,2025-07-03 12:22:54.300,14.471666666666666,0.5794498499999999,13,1,osrm
475,delivered,2025-07-03 12:10:43,2025-07-03 12:21:32.199828,2025-07-03 12:23:56.700000,2025-07-03 12:28:25.200,17.703333333333333,2.4083362,9,1,osrm
476,delivered,2025-07-03 12:13:46,2025-07-03 12:26:14.248642,2025-07-03 12:28:52.100000,2025-07-03 12:30:59.900,17.23166666666667,2.6308559666666667,15,1,osrm
477,delivered,2025-07-03 12:18:05,2025-07-03 12:30:50.758433,2025-07-03 12:34:42.000000,2025-07-03 12:39:16.500,21.191666666666666,3.8540261166666667,6,1,osrm
478,delivered,2025-07-03 12:19:59,2025-07-03 12:34:33.951414,2025-07-03 12:34:55.500000,2025-07-03 12:36:59.200,17.003333333333334,0.3591431,7,1,osrm
479,delivered,2025-07-03 12:21:22,2025-07-03 12:32:22.284492,2025-07-03 12:33:46.300000,2025-07-03 12:37:00.600,15.643333333333334,1.4002584666666666,8,1,osrm
480,delivered,2025-07-03 12:22:15,2025-07-03 12:30:40.894696,2025-07-03 12:50:44.260392,2025-07-03 12:56:19.600,34.07666666666667,20.056094933333334,8,3,osrm
481,delivered,2025-07-03 12:23:39,2025-07-03 12:37:26.241776,2025-07-03 12:54:17.600000,2025-07-03 12:59:00.300,35.355000000000004,16.8559704,16,2,osrm
482,delivered,2025-07-03 12:23:18,2025-07-03 12:40:17.929855,2025-07-03 12:49:33.200000,2025-07-03 12:54:44.600,31.44333333333333,9.254502416666666,7,2,osrm
483,delivered,2025-07-03 12:25:59,2025-07-03 12:40:09.376098,2025-07-03 12:43:48.800000,2025-07-03 12:45:23.000,19.4,3.657065033333333,5,1,osrm
484,delivered,2025-07-03 12:26:02,2025-07-03 12:37:12.549277,2025-07-03 12:39:10.800000,2025-07-03 12:41:58.700,15.945,1.9708453833333333,2,1,osrm
485,delivered,2025-07-03 12:26:05,2025-07-03 12:34:41.700011,2025-07-03 12:39:02.000000,2025-07-03 12:44:59.800,18.913333333333334,4.3383331499999995,9,1,osrm
486,delivered,2025-07-03 12:28:33,2025-07-03 12:39:29.891655,2025-07-03 12:53:10.400000,2025-07-03 12:57:32.800,28.996666666666666,13.675139083333333,11,1,osrm
487,delivered,2025-07-03 12:29:44,2025-07-03 12:43:10.276358,2025-07-03 12:50:44.260392,2025-07-03 12:56:19.600,26.59333333333333,7.566400566666667,8,3,osrm
488,delivered,2025-07-03 12:32:31,2025-07-03 12:43:44.277932,2025-07-03 12:50:46.700000,2025-07-03 12:55:00.600,22.493333333333332,7.0403678,12,1,osrm
489,delivered,2025-07-03 12:32:21,2025-07-03 12:44:31.004334,2025-07-03 13:00:59.900000,2025-07-03 13:05:08.600,32.79333333333333,16.481594433333335,13,1,osrm
490,delivered,2025-07-03 12:33:26,2025-07-03 12:46:38.969739,2025-07-03 12:48:12.100000,2025-07-03 12:51:54.100,18.46833333333333,1.5521710166666667,18,1,osrm
491,delivered,2025-07-03 12:33:13,2025-07-03 12:45:14.372713,2025-07-03 12:52:52.400000,2025-07-03 12:57:23.100,24.168333333333333,7.633788116666667,17,2,osrm
492,delivered,2025-07-03 12:33:01,2025-07-03 12:48:10.367749,2025-07-03 12:49:33.200000,2025-07-03 12:54:44.600,21.726666666666667,1.3805375166666667,7,2,osrm
493,delivered,2025-07-03 12:33:45,2025-07-03 12:44:28.624522,2025-07-03 12:45:30.000000,2025-07-03 12:47:26.700,13.695,1.0229246333333333,13,1,osrm
494,delivered,2025-07-03 12:35:56,2025-07-03 12:50:11.048364,2025-07-03 12:54:17.300000,2025-07-03 12:55:51.100,19.918333333333333,4.104193933333333,20,1,osrm
495,delivered,2025-07-03 12:35:03,2025-07-03 12:47:52.337879,2025-07-03 12:53:58.100000,2025-07-03 12:58:50.700,23.795,6.096035349999999,9,2,osrm
496,delivered,2025-07-03 12:36:29,2025-07-03 12:49:24.963422,2025-07-03 12:52:51.600000,2025-07-03 12:54:45.500,18.275,3.4439429666666665,2,1,osrm
497,delivered,2025-07-03 12:37:10,2025-07-03 12:47:52.803931,2025-07-03 12:52:52.400000,2025-07-03 12:57:23.100,20.21833333333333,4.993267816666667,17,2,osrm
498,delivered,2025-07-03 12:37:27,2025-07-03 12:47:09.206962,2025-07-03 12:53:58.100000,2025-07-03 12:58:50.700,21.395,6.814883966666667,9,2,osrm
499,delivered,2025-07-03 12:39:33,2025-07-03 12:44:33.000000,2025-07-03 12:48:48.200000,2025-07-03 12:51:59.700,12.445,4.253333333333333,6,1,osrm
500,delivered,2025-07-03 12:42:49,2025-07-03 12:55:41.173827,2025-07-03 13:10:15.300000,2025-07-03 13:12:58.300,30.154999999999998,14.56876955,17,1,osrm
501,delivered,2025-07-03 12:42:17,2025-07-03 12:59:41.813403,2025-07-03 12:59:41.813403,2025-07-03 12:59:55.900,17.648333333333333,0.0,5,1,osrm
502,delivered,2025-07-03 12:42:44,2025-07-03 12:52:24.869562,2025-07-03 13:01:26.600000,2025-07-03 13:03:51.700,21.128333333333334,9.028840633333335,14,1,osrm
503,delivered,2025-07-03 12:42:18,2025-07-03 12:53:30.448345,2025-07-03 12:54:17.600000,2025-07-03 12:59:00.300,16.705,0.7858609166666667,16,2,osrm
504,delivered,2025-07-03 12:42:41,2025-07-03 12:50:44.260392,2025-07-03 12:50:44.260392,2025-07-03 12:56:19.600,13.643333333333334,0.0,8,3,osrm
505,delivered,2025-07-03 12:48:33,2025-07-03 13:01:43.830642,2025-07-03 13:08:59.800000,2025-07-03 13:12:07.200,23.57,7.266155966666667,20,1,osrm
506,delivered,2025-07-03 12:50:56,2025-07-03 13:07:38.447535,2025-07-03 13:07:46.400000,2025-07-03 13:10:41.600,19.759999999999998,0.13254108333333334,9,1,osrm
507,delivered,2025-07-03 12:50:27,2025-07-03 13:04:37.817135,2025-07-03 13:05:29.200000,2025-07-03 13:07:24.800,16.96333333333333,0.8563810833333334,7,1,osrm
508,delivered,2025-07-03 12:51:42,2025-07-03 13:05:23.413540,2025-07-03 13:08:41.800000,2025-07-03 13:12:08.800,20.446666666666665,3.306441,11,1,osrm
509,delivered,2025-07-03 12:51:14,2025-07-03 13:08:20.793635,2025-07-03 13:09:10.800000,2025-07-03 13:12:13.400,20.990000000000002,0.8334394166666667,8,1,osrm
510,delivered,2025-07-03 12:54:09,2025-07-03 13:06:21.013861,2025-07-03 13:10:33.700000,2025-07-03 13:14:22.100,20.21833333333333,4.21143565,4,1,osrm
511,delivered,2025-07-03 13:00:00,2025-07-03 13:12:15.276837,2025-07-03 13:13:04.300000,2025-07-03 13:17:14.200,17.236666666666668,0.8170527166666666,13,1,osrm
512,delivered,2025-07-03 13:05:30,2025-07-03 13:21:51.207003,2025-07-03 13:24:43.800000,2025-07-03 13:27:37.800,22.13,2.87654995,9,1,osrm
513,delivered,2025-07-03 13:05:02,2025-07-03 13:17:29.292061,2025-07-03 13:33:46.300000,2025-07-03 13:38:17.300,33.255,16.28346565,3,2,osrm
514,delivered,2025-07-03 13:06:17,2025-07-03 13:22:07.651509,2025-07-03 13:33:13.900000,2025-07-03 13:37:00.400,30.723333333333336,11.104141516666665,17,2,osrm
515,delivered,2025-07-03 13:06:57,2025-07-03 13:24:34.253255,2025-07-03 13:29:03.400000,2025-07-03 13:34:10.400,27.223333333333336,4.485779083333333,16,2,osrm
516,delivered,2025-07-03 13:09:05,2025-07-03 13:21:57.849235,2025-07-03 13:32:09.900000,2025-07-03 13:35:46.700,26.695,10.200846083333333,6,2,osrm
517,delivered,2025-07-03 13:09:41,2025-07-03 13:19:46.397506,2025-07-03 13:19:46.397506,2025-07-03 13:23:13.000,13.533333333333333,0.0,6,1,osrm
518,delivered,2025-07-03 13:10:53,2025-07-03 13:21:31.148588,2025-07-03 13:25:50.200000,2025-07-03 13:29:18.700,18.428333333333335,4.3175235333333335,1,1,osrm
519,delivered,2025-07-03 13:11:28,2025-07-03 13:23:49.749971,2025-07-03 13:23:51.200000,2025-07-03 13:26:43.800,15.263333333333332,0.024167150000000002,4,1,osrm
520,delivered,2025-07-03 13:11:29,2025-07-03 13:26:47.623457,2025-07-03 13:29:03.400000,2025-07-03 13:34:10.400,22.69,2.2629423833333333,16,2,osrm
521,delivered,2025-07-03 13:11:25,2025-07-03 13:19:12.330759,2025-07-03 13:19:12.330759,2025-07-03 13:23:08.100,11.718333333333334,0.0,2,1,osrm
522,delivered,2025-07-03 13:12:47,2025-07-03 13:26:21.095181,2025-07-03 13:29:22.000000,2025-07-03 13:33:42.500,20.925,3.015080316666667,19,1,osrm
523,delivered,2025-07-03 13:12:24,2025-07-03 13:31:10.113739,2025-07-03 13:37:25.100000,2025-07-03 13:40:37.100,28.21833333333333,6.249771016666667,12,1,osrm
524,delivered,2025-07-03 13:12:26,2025-07-03 13:23:03.277740,2025-07-03 13:25:10.000000,2025-07-03 13:28:50.800,16.413333333333334,2.1120376666666667,11,1,osrm
525,delivered,2025-07-03 13:13:18,2025-07-03 13:25:54.206232,2025-07-03 13:28:49.200000,2025-07-03 13:33:25.400,20.123333333333335,2.9165628,15,2,osrm
526,delivered,2025-07-03 13:13:17,2025-07-03 13:18:25.026008,2025-07-03 13:28:49.200000,2025-07-03 13:33:25.400,20.14,10.402899866666667,15,2,osrm
527,delivered,2025-07-03 13:14:07,2025-07-03 13:24:43.897339,2025-07-03 13:28:33.600000,2025-07-03 13:30:56.600,16.826666666666668,3.8283776833333336,13,1,osrm
528,delivered,2025-07-03 13:14:08,2025-07-03 13:24:20.733890,2025-07-03 13:24:20.733890,2025-07-03 13:27:38.200,13.503333333333334,0.0,5,1,osrm
529,delivered,2025-07-03 13:16:43,2025-07-03 13:30:13.834430,2025-07-03 13:32:09.900000,2025-07-03 13:35:46.700,19.061666666666667,1.9344261666666667,6,2,osrm
530,delivered,2025-07-03 13:19:31,2025-07-03 13:29:23.010568,2025-07-03 13:33:46.300000,2025-07-03 13:38:17.300,18.771666666666665,4.388157199999999,3,2,osrm
531,delivered,2025-07-03 13:20:00,2025-07-03 13:32:31.440738,2025-07-03 13:33:13.900000,2025-07-03 13:37:00.400,17.006666666666668,0.7076543666666667,17,2,osrm
532,delivered,2025-07-03 13:20:59,2025-07-03 13:33:15.436804,2025-07-03 13:34:07.600000,2025-07-03 13:37:44.900,16.765,0.8693866,8,2,osrm
533,delivered,2025-07-03 13:21:40,2025-07-03 13:33:03.766376,2025-07-03 13:34:07.600000,2025-07-03 13:37:44.900,16.081666666666667,1.0638937333333334,8,2,osrm
534,delivered,2025-07-03 13:24:00,2025-07-03 13:37:16.694015,2025-07-03 13:38:24.900000,2025-07-03 13:41:50.200,17.836666666666666,1.1367664166666667,2,1,osrm
535,delivered,2025-07-03 13:27:04,2025-07-03 13:36:27.112397,2025-07-03 13:40:58.000000,2025-07-03 13:43:15.700,16.195,4.514793383333333,4,1,osrm
536,delivered,2025-07-03 13:27:47,2025-07-03 13:44:34.684909,2025-07-03 13:44:34.684909,2025-07-03 13:45:08.100,17.351666666666667,0.0,18,1,osrm
537,delivered,2025-07-03 13:29:53,2025-07-03 13:36:25.567070,2025-07-03 13:38:48.400000,2025-07-03 13:41:56.500,12.058333333333334,2.3805488333333336,5,1,osrm
538,delivered,2025-07-03 13:31:08,2025-07-03 13:44:17.424602,2025-07-03 13:44:17.424602,2025-07-03 13:45:31.400,14.389999999999999,0.0,20,1,osrm
539,delivered,2025-07-03 13:34:46,2025-07-03 13:47:08.735110,2025-07-03 13:48:22.000000,2025-07-03 13:51:52.400,17.10666666666667,1.2210815,11,1,osrm
540,delivered,2025-07-03 13:38:04,2025-07-03 13:59:20.995809,2025-07-03 13:59:20.995809,2025-07-03 14:01:55.400,23.85666666666667,0.0,16,1,osrm
541,delivered,2025-07-03 13:40:58,2025-07-03 13:53:47.197023,2025-07-03 13:54:20.400000,2025-07-03 13:56:35.000,15.616666666666667,0.5533829499999999,18,1,osrm
542,delivered,2025-07-03 13:43:07,2025-07-03 13:58:46.807705,2025-07-03 13:58:53.400000,2025-07-03 14:00:55.300,17.805,0.10987158333333333,6,1,osrm
543,delivered,2025-07-03 13:43:14,2025-07-03 13:49:35.631243,2025-07-03 13:50:41.300000,2025-07-03 13:53:46.900,10.548333333333334,1.0944792833333332,3,1,osrm
544,delivered,2025-07-03 13:47:49,2025-07-03 13:58:37.914717,2025-07-03 13:59:48.900000,2025-07-03 14:02:42.300,14.888333333333332,1.1830880499999998,5,1,osrm
545,delivered,2025-07-03 13:48:18,2025-07-03 14:01:20.770425,2025-07-03 14:03:01.800000,2025-07-03 14:06:18.100,18.001666666666665,1.6838262499999999,4,1,osrm
546,delivered,2025-07-03 13:48:57,2025-07-03 14:01:24.095040,2025-07-03 14:05:45.900000,2025-07-03 14:07:32.200,18.586666666666666,4.363416,2,1,osrm
547,delivered,2025-07-03 13:49:01,2025-07-03 14:02:42.336650,2025-07-03 14:04:55.000000,2025-07-03 14:08:01.500,19.008333333333333,2.2110558333333334,19,1,osrm
548,delivered,2025-07-03 13:50:31,2025-07-03 14:04:18.127819,2025-07-03 14:04:18.127819,2025-07-03 14:06:46.900,16.265,0.0,13,1,osrm
549,delivered,2025-07-03 13:53:16,2025-07-03 14:03:03.401383,2025-07-03 14:04:17.700000,2025-07-03 14:06:45.100,13.485000000000001,1.2383102833333333,12,1,osrm
550,delivered,2025-07-03 13:56:12,2025-07-03 14:09:26.958808,2025-07-03 14:09:26.958808,2025-07-03 14:11:09.100,14.951666666666666,0.0,7,1,osrm
551,delivered,2025-07-03 13:57:11,2025-07-03 14:11:37.980121,2025-07-03 14:15:47.500000,2025-07-03 14:18:56.800,21.763333333333332,4.15866465,5,1,osrm
552,delivered,2025-07-03 13:57:42,2025-07-03 14:13:12.016408,2025-07-03 14:14:47.300000,2025-07-03 14:16:35.600,18.89333333333333,1.5880598666666665,1,1,osrm
553,delivered,2025-07-03 14:00:42,2025-07-03 14:14:49.745547,2025-07-03 14:18:29.100000,2025-07-03 14:20:16.400,19.573333333333334,3.6559075500000002,14,1,osrm
554,delivered,2025-07-03 14:00:08,2025-07-03 14:16:03.415861,2025-07-03 14:23:46.200000,2025-07-03 14:29:18.800,29.18,7.713068983333333,7,1,osrm
555,delivered,2025-07-03 14:00:01,2025-07-03 14:15:53.105805,2025-07-03 14:19:08.500000,2025-07-03 14:24:32.000,24.516666666666666,3.2565699166666664,12,1,osrm
556,delivered,2025-07-03 14:02:37,2025-07-03 14:11:44.720423,2025-07-03 14:13:37.200000,2025-07-03 14:16:04.000,13.45,1.8746596166666667,6,1,osrm
557,delivered,2025-07-03 14:02:56,2025-07-03 14:21:51.919739,2025-07-03 14:23:59.800000,2025-07-03 14:26:31.000,23.583333333333332,2.1313376833333333,9,1,osrm
558,delivered,2025-07-03 14:02:46,2025-07-03 14:16:33.548130,2025-07-03 14:18:11.200000,2025-07-03 14:20:08.000,17.366666666666667,1.6275311666666668,8,1,osrm
559,delivered,2025-07-03 14:05:44,2025-07-03 14:16:36.560639,2025-07-03 14:18:11.500000,2025-07-03 14:21:04.400,15.34,1.5823226833333335,2,1,osrm
560,delivered,2025-07-03 14:06:04,2025-07-03 14:14:13.395630,2025-07-03 14:32:02.600000,2025-07-03 14:38:01.000,31.95,17.82007283333333,11,1,osrm
561,delivered,2025-07-03 14:06:57,2025-07-03 14:19:53.319137,2025-07-03 14:19:53.319137,2025-07-03 14:23:52.700,16.928333333333335,0.0,17,1,osrm
562,delivered,2025-07-03 14:10:14,2025-07-03 14:19:27.308004,2025-07-03 14:20:39.000000,2025-07-03 14:23:14.300,13.004999999999999,1.1948666000000001,18,1,osrm
563,delivered,2025-07-03 14:13:42,2025-07-03 14:23:46.541274,2025-07-03 14:25:07.800000,2025-07-03 14:26:30.600,12.81,1.3543121,16,1,osrm
564,delivered,2025-07-03 14:16:16,2025-07-03 14:25:12.696167,2025-07-03 14:28:11.200000,2025-07-03 14:30:20.600,14.076666666666666,2.975063883333333,4,1,osrm
565,delivered,2025-07-03 14:16:55,2025-07-03 14:29:29.811923,2025-07-03 14:29:29.811923,2025-07-03 14:32:07.900,15.215,0.0,6,1,osrm
566,delivered,2025-07-03 14:18:22,2025-07-03 14:35:25.058739,2025-07-03 14:55:55.726060,2025-07-03 14:59:11.500,40.825,20.511122016666665,13,2,osrm
567,delivered,2025-07-03 14:20:15,2025-07-03 14:29:46.893216,2025-07-03 14:29:46.893216,2025-07-03 14:33:32.700,13.295,0.0,1,1,osrm
568,delivered,2025-07-03 14:20:36,2025-07-03 14:36:44.471510,2025-07-03 14:42:06.200000,2025-07-03 14:45:03.500,24.458333333333332,5.362141500000001,8,1,osrm
569,delivered,2025-07-03 14:24:29,2025-07-03 14:40:59.138157,2025-07-03 14:42:36.300000,2025-07-03 14:45:25.900,20.948333333333334,1.6193640500000002,2,1,osrm
570,delivered,2025-07-03 14:24:23,2025-07-03 14:35:34.596936,2025-07-03 14:43:59.000000,2025-07-03 14:49:32.500,25.158333333333335,8.406717733333332,6,1,osrm
571,delivered,2025-07-03 14:26:31,2025-07-03 14:40:14.771911,2025-07-03 14:43:32.000000,2025-07-03 14:45:58.100,19.451666666666664,3.2871348166666667,5,1,osrm
572,delivered,2025-07-03 14:26:59,2025-07-03 14:44:44.179034,2025-07-03 14:54:50.000000,2025-07-03 15:01:33.300,34.57166666666667,10.0970161,8,2,osrm
573,delivered,2025-07-03 14:28:13,2025-07-03 14:38:35.456772,2025-07-03 14:54:50.000000,2025-07-03 15:01:33.300,33.33833333333333,16.242387133333335,8,2,osrm
574,delivered,2025-07-03 14:28:07,2025-07-03 14:36:58.297895,2025-07-03 14:44:50.000000,2025-07-03 14:47:55.100,19.801666666666666,7.86170175,17,1,osrm
575,delivered,2025-07-03 14:29:39,2025-07-03 14:37:10.450315,2025-07-03 14:38:43.400000,2025-07-03 14:44:07.500,14.475,1.5491614166666667,13,1,osrm
576,delivered,2025-07-03 14:30:53,2025-07-03 14:46:12.189616,2025-07-03 14:48:07.000000,2025-07-03 14:50:46.300,19.888333333333332,1.9135064,3,1,osrm
577,delivered,2025-07-03 14:30:38,2025-07-03 14:45:02.832599,2025-07-03 14:45:02.832599,2025-07-03 14:50:00.000,19.366666666666667,0.0,20,2,osrm
578,delivered,2025-07-03 14:32:40,2025-07-03 14:45:17.188774,2025-07-03 14:54:44.400000,2025-07-03 14:57:12.800,24.546666666666667,9.453520433333333,12,1,osrm
579,delivered,2025-07-03 14:34:02,2025-07-03 14:43:19.813313,2025-07-03 14:45:02.832599,2025-07-03 14:50:00.000,15.966666666666667,1.7169880999999998,20,2,osrm
580,delivered,2025-07-03 14:34:22,2025-07-03 14:45:23.715216,2025-07-03 14:48:04.800000,2025-07-03 14:51:24.200,17.03666666666667,2.6847464000000003,16,1,osrm
581,delivered,2025-07-03 14:34:24,2025-07-03 14:42:34.775379,2025-07-03 14:48:45.800000,2025-07-03 14:52:41.500,18.291666666666668,6.183743683333334,9,2,osrm
582,delivered,2025-07-03 14:34:00,2025-07-03 14:43:40.159179,2025-07-03 14:43:40.159179,2025-07-03 14:47:28.900,13.481666666666666,0.0,14,1,osrm
583,delivered,2025-07-03 14:35:43,2025-07-03 14:46:28.494837,2025-07-03 14:54:52.000000,2025-07-03 14:59:20.800,23.63,8.391752716666666,19,2,osrm
584,delivered,2025-07-03 14:37:58,2025-07-03 14:46:21.191588,2025-07-03 14:48:45.800000,2025-07-03 14:52:41.500,14.725,2.4101402,9,2,osrm
585,delivered,2025-07-03 14:38:30,2025-07-03 14:51:10.578005,2025-07-03 14:53:46.700000,2025-07-03 14:57:21.100,18.851666666666667,2.60203325,4,1,osrm
586,delivered,2025-07-03 14:39:00,2025-07-03 14:52:32.618991,2025-07-03 14:54:52.000000,2025-07-03 14:59:20.800,20.346666666666668,2.3230168166666667,19,2,osrm
587,delivered,2025-07-03 14:39:58,2025-07-03 14:55:55.726060,2025-07-03 14:55:55.726060,2025-07-03 14:59:11.500,19.225,0.0,13,2,osrm
588,delivered,2025-07-03 14:42:31,2025-07-03 14:55:30.222465,2025-07-03 14:59:50.500000,2025-07-03 15:03:46.100,21.251666666666665,4.3379589166666666,6,1,osrm
589,delivered,2025-07-03 14:45:27,2025-07-03 15:05:57.167367,2025-07-03 15:09:55.000000,2025-07-03 15:13:06.400,27.65666666666667,3.9638772166666665,19,1,osrm
590,delivered,2025-07-03 14:50:02,2025-07-03 14:58:34.926897,2025-07-03 14:58:43.400000,2025-07-03 15:02:00.400,11.973333333333333,0.14121838333333334,7,1,osrm
591,delivered,2025-07-03 14:51:08,2025-07-03 15:05:34.743929,2025-07-03 15:09:18.300000,2025-07-03 15:12:22.500,21.241666666666667,3.725934516666667,16,1,osrm
592,delivered,2025-07-03 14:55:31,2025-07-03 15:07:01.840846,2025-07-03 15:08:57.800000,2025-07-03 15:11:39.200,16.136666666666667,1.9326525666666667,17,1,osrm
593,delivered,2025-07-03 14:56:50,2025-07-03 15:08:24.410900,2025-07-03 15:09:23.600000,2025-07-03 15:13:46.000,16.933333333333334,0.9864850000000001,4,1,osrm
594,delivered,2025-07-03 15:00:17,2025-07-03 15:09:48.744113,2025-07-03 15:10:34.800000,2025-07-03 15:14:05.600,13.81,0.7675981166666667,13,1,osrm
595,delivered,2025-07-03 15:00:35,2025-07-03 15:09:22.340332,2025-07-03 15:09:22.340332,2025-07-03 15:13:19.900,12.748333333333333,0.0,12,1,osrm
596,delivered,2025-07-03 15:01:41,2025-07-03 15:12:03.197927,2025-07-03 15:13:39.400000,2025-07-03 15:16:19.400,14.639999999999999,1.6033678833333334,7,1,osrm
597,delivered,2025-07-03 15:02:04,2025-07-03 15:14:03.779427,2025-07-03 15:17:09.400000,2025-07-03 15:19:03.000,16.983333333333334,3.0936762166666667,5,1,osrm
598,delivered,2025-07-03 15:03:24,2025-07-03 15:11:25.027905,2025-07-03 15:12:36.300000,2025-07-03 15:15:13.800,11.83,1.18786825,8,1,osrm
599,delivered,2025-07-03 15:05:47,2025-07-03 15:17:20.065508,2025-07-03 15:20:39.000000,2025-07-03 15:21:57.900,16.181666666666665,3.3155748666666667,20,1,osrm
600,delivered,2025-07-03 15:05:42,2025-07-03 15:21:33.623445,2025-07-03 15:24:18.000000,2025-07-03 15:25:59.500,20.291666666666668,2.73960925,18,1,osrm
601,delivered,2025-07-03 15:06:32,2025-07-03 15:15:44.936301,2025-07-03 15:24:06.500000,2025-07-03 15:28:00.100,21.46833333333333,8.359394983333333,12,1,osrm
602,delivered,2025-07-03 15:08:07,2025-07-03 15:21:34.892336,2025-07-03 15:24:18.800000,2025-07-03 15:28:31.100,20.401666666666664,2.7317944,13,1,osrm
603,delivered,2025-07-03 15:10:10,2025-07-03 15:18:40.730736,2025-07-03 15:20:36.400000,2025-07-03 15:22:58.800,12.813333333333333,1.9278210666666666,11,1,osrm
604,delivered,2025-07-03 15:11:37,2025-07-03 15:20:41.395152,2025-07-03 15:25:34.700000,2025-07-03 15:27:47.400,16.173333333333332,4.888414133333333,14,1,osrm
605,delivered,2025-07-03 15:12:42,2025-07-03 15:21:51.575932,2025-07-03 15:24:53.700000,2025-07-03 15:29:22.600,16.676666666666666,3.035401133333333,4,1,osrm
606,delivered,2025-07-03 15:13:28,2025-07-03 15:28:51.887495,2025-07-03 15:43:26.900000,2025-07-03 15:50:34.700,37.111666666666665,14.58354175,16,2,osrm
607,delivered,2025-07-03 15:15:29,2025-07-03 15:26:44.968383,2025-07-03 15:39:15.500000,2025-07-03 15:42:32.900,27.065,12.508860283333332,14,1,osrm
608,delivered,2025-07-03 15:16:36,2025-07-03 15:27:10.866434,2025-07-03 15:30:08.300000,2025-07-03 15:32:28.100,15.868333333333334,2.9572261,2,1,osrm
609,delivered,2025-07-03 15:17:15,2025-07-03 15:31:27.961948,2025-07-03 15:34:55.500000,2025-07-03 15:37:59.900,20.748333333333335,3.4589675333333334,17,1,osrm
610,delivered,2025-07-03 15:19:35,2025-07-03 15:27:22.202155,2025-07-03 15:30:01.400000,2025-07-03 15:32:23.400,12.806666666666667,2.6532974166666667,15,1,osrm
611,delivered,2025-07-03 15:19:40,2025-07-03 15:31:26.788565,2025-07-03 15:35:36.000000,2025-07-03 15:38:14.100,18.56833333333333,4.153523916666667,3,1,osrm
612,delivered,2025-07-03 15:20:05,2025-07-03 15:30:10.948567,2025-07-03 15:40:26.200000,2025-07-03 15:44:55.300,24.83833333333333,10.25419055,18,1,osrm
613,delivered,2025-07-03 15:25:05,2025-07-03 15:35:35.503076,2025-07-03 15:40:53.200000,2025-07-03 15:43:35.000,18.5,5.294948733333333,5,1,osrm
614,delivered,2025-07-03 15:27:33,2025-07-03 15:39:34.478535,2025-07-03 15:39:56.400000,2025-07-03 15:42:35.800,15.046666666666665,0.36535775000000004,9,1,osrm
615,delivered,2025-07-03 15:27:06,2025-07-03 15:34:43.678952,2025-07-03 15:34:43.678952,2025-07-03 15:35:23.200,8.286666666666667,0.0,20,1,osrm
616,delivered,2025-07-03 15:27:03,2025-07-03 15:41:04.691695,2025-07-03 15:43:26.900000,2025-07-03 15:50:34.700,23.528333333333332,2.370138416666667,16,2,osrm
617,delivered,2025-07-03 15:30:03,2025-07-03 15:39:13.336649,2025-07-03 15:49:37.500000,2025-07-03 15:53:34.500,23.525,10.402722516666667,3,1,osrm
618,delivered,2025-07-03 15:31:37,2025-07-03 15:46:13.405329,2025-07-03 15:47:39.300000,2025-07-03 15:51:16.300,19.654999999999998,1.43157785,20,1,osrm
619,delivered,2025-07-03 15:32:17,2025-07-03 15:41:50.428732,2025-07-03 15:44:37.000000,2025-07-03 15:49:26.600,17.16,2.7761878,19,1,osrm
620,delivered,2025-07-03 15:33:19,2025-07-03 15:45:43.997037,2025-07-03 15:53:26.900000,2025-07-03 15:58:00.300,24.688333333333333,7.715049383333334,5,1,osrm
621,delivered,2025-07-03 15:35:57,2025-07-03 15:50:41.897494,2025-07-03 16:10:02.693006,2025-07-03 16:22:34.400,46.623333333333335,19.346591866666664,17,4,osrm
622,delivered,2025-07-03 15:38:19,2025-07-03 15:50:22.597758,2025-07-03 15:52:46.100000,2025-07-03 15:58:09.100,19.834999999999997,2.3917040333333333,9,1,osrm
623,delivered,2025-07-03 15:42:31,2025-07-03 15:50:47.768937,2025-07-03 15:54:35.200000,2025-07-03 15:57:08.200,14.620000000000001,3.7905177166666664,14,1,osrm
624,delivered,2025-07-03 15:43:02,2025-07-03 15:55:29.732141,2025-07-03 16:00:17.400000,2025-07-03 16:02:16.200,19.236666666666668,4.794464316666667,15,1,osrm
625,delivered,2025-07-03 15:44:42,2025-07-03 15:54:17.738273,2025-07-03 16:10:02.693006,2025-07-03 16:22:34.400,37.873333333333335,15.749245550000001,17,4,osrm
626,delivered,2025-07-03 15:46:07,2025-07-03 15:57:03.899733,2025-07-03 15:59:00.300000,2025-07-03 16:02:10.600,16.06,1.94000445,8,1,osrm
627,delivered,2025-07-03 15:47:57,2025-07-03 16:01:32.527111,2025-07-03 16:35:05.118788,2025-07-03 16:32:44.100,44.785,33.54319461666667,12,2,osrm
628,delivered,2025-07-03 15:47:55,2025-07-03 15:56:25.762184,2025-07-03 16:14:11.500000,2025-07-03 16:24:59.600,37.07666666666667,17.762296933333335,10,3,osrm
629,delivered,2025-07-03 15:47:04,2025-07-03 16:04:20.561305,2025-07-03 16:14:00.300000,2025-07-03 16:19:31.300,32.455,9.662311583333333,18,2,osrm
630,delivered,2025-07-03 15:47:58,2025-07-03 16:02:39.946948,2025-07-03 16:14:33.566424,2025-07-03 16:18:04.500,30.108333333333334,11.893657933333333,15,4,osrm
631,delivered,2025-07-03 15:49:05,2025-07-03 16:00:48.706476,2025-07-03 16:14:11.500000,2025-07-03 16:24:59.600,35.91,13.379892066666667,10,3,osrm
632,delivered,2025-07-03 15:50:10,2025-07-03 16:13:18.505190,2025-07-03 16:28:50.200000,2025-07-03 16:35:25.900,45.265,15.528246833333332,15,2,osrm
633,delivered,2025-07-03 15:51:19,2025-07-03 16:03:18.445367,2025-07-03 16:21:56.990900,2025-07-03 16:32:50.700,41.52833333333333,18.64242555,9,4,osrm
634,delivered,2025-07-03 15:52:32,2025-07-03 16:05:24.439847,2025-07-03 16:08:34.300000,2025-07-03 16:11:20.600,18.81,3.1643358833333335,19,1,osrm
635,delivered,2025-07-03 15:52:41,2025-07-03 16:04:29.385924,2025-07-03 16:14:29.614760,2025-07-03 16:19:56.400,27.256666666666668,10.003813933333333,3,3,osrm
636,delivered,2025-07-03 15:53:31,2025-07-03 16:06:49.389142,2025-07-03 16:27:33.700000,2025-07-03 16:32:20.700,38.82833333333333,20.738514300000002,11,2,osrm
637,delivered,2025-07-03 15:54:09,2025-07-03 16:09:03.798170,2025-07-03 16:32:02.636707,2025-07-03 16:33:18.800,39.163333333333334,22.980642283333335,4,4,osrm
638,delivered,2025-07-03 15:55:19,2025-07-03 16:11:04.739620,2025-07-03 16:14:00.300000,2025-07-03 16:19:31.300,24.205,2.9260063333333335,18,2,osrm
639,delivered,2025-07-03 15:55:32,2025-07-03 16:11:25.972296,2025-07-03 16:27:33.700000,2025-07-03 16:32:20.700,36.81166666666666,16.128795066666665,11,2,osrm
640,delivered,2025-07-03 15:55:32,2025-07-03 16:08:35.525403,2025-07-03 16:14:36.200000,2025-07-03 16:16:50.000,21.3,6.011243283333333,20,1,osrm
641,delivered,2025-07-03 15:55:21,2025-07-03 16:09:21.924614,2025-07-03 16:10:02.693006,2025-07-03 16:22:34.400,27.223333333333336,0.6794732,17,4,osrm
642,delivered,2025-07-03 15:56:05,2025-07-03 16:09:38.960263,2025-07-03 16:16:14.600000,2025-07-03 16:19:29.000,23.4,6.593995616666667,7,1,osrm
643,delivered,2025-07-03 15:58:56,2025-07-03 16:09:04.592665,2025-07-03 16:31:35.800414,2025-07-03 16:34:39.600,35.72666666666667,22.52012915,8,4,osrm
644,delivered,2025-07-03 15:58:41,2025-07-03 16:14:38.965457,2025-07-03 16:29:49.400000,2025-07-03 16:34:43.400,36.04,15.173909049999999,7,2,osrm
645,delivered,2025-07-03 15:58:03,2025-07-03 16:11:00.772430,2025-07-03 16:11:00.772430,2025-07-03 16:21:59.700,23.945,0.0,5,4,osrm
646,delivered,2025-07-03 15:59:26,2025-07-03 16:09:14.790918,2025-07-03 16:32:02.636707,2025-07-03 16:33:18.800,33.88,22.797429816666668,4,4,osrm
647,delivered,2025-07-03 15:59:03,2025-07-03 16:10:02.693006,2025-07-03 16:10:02.693006,2025-07-03 16:22:34.400,23.523333333333333,0.0,17,4,osrm
648,delivered,2025-07-03 15:59:24,2025-07-03 16:09:52.946794,2025-07-03 16:14:33.566424,2025-07-03 16:18:04.500,18.675,4.6769938333333325,15,4,osrm
649,delivered,2025-07-03 15:59:01,2025-07-03 16:08:34.925038,2025-07-03 16:28:50.200000,2025-07-03 16:35:25.900,36.415,20.2545827,15,2,osrm
650,delivered,2025-07-03 16:00:05,2025-07-03 16:07:39.626284,2025-07-03 16:21:56.990900,2025-07-03 16:32:50.700,32.76166666666667,14.289410266666666,9,4,osrm
651,delivered,2025-07-03 16:00:51,2025-07-03 16:07:07.835531,2025-07-03 16:28:53.360564,2025-07-03 16:33:19.700,32.47833333333333,21.75875055,2,4,osrm
652,delivered,2025-07-03 16:01:50,2025-07-03 16:14:21.563325,2025-07-03 16:21:56.990900,2025-07-03 16:32:50.700,31.011666666666667,7.590459583333333,9,4,osrm
653,delivered,2025-07-03 16:02:41,2025-07-03 16:14:33.566424,2025-07-03 16:14:33.566424,2025-07-03 16:18:04.500,15.391666666666667,0.0,15,4,osrm
654,delivered,2025-07-03 16:02:52,2025-07-03 16:09:26.800677,2025-07-03 16:35:03.700000,2025-07-03 16:38:20.700,35.47833333333333,25.61498871666667,14,1,osrm
655,delivered,2025-07-03 16:03:31,2025-07-03 16:14:06.323449,2025-07-03 16:14:33.566424,2025-07-03 16:18:04.500,14.558333333333334,0.45404958333333334,15,4,osrm
656,delivered,2025-07-03 16:03:28,2025-07-03 16:12:38.233026,2025-07-03 16:13:00.000000,2025-07-03 16:15:44.300,12.271666666666667,0.3627829,13,1,osrm
657,delivered,2025-07-03 16:03:47,2025-07-03 16:13:29.977722,2025-07-03 16:14:11.500000,2025-07-03 16:24:59.600,21.209999999999997,0.6920379666666666,10,3,osrm
658,delivered,2025-07-03 16:04:34,2025-07-03 16:14:50.471032,2025-07-03 16:29:24.500000,2025-07-03 16:34:17.100,29.71833333333333,14.567149466666667,3,2,osrm
659,delivered,2025-07-03 16:05:43,2025-07-03 16:19:13.271896,2025-07-03 16:33:30.400000,2025-07-03 16:40:36.400,34.89,14.285468400000001,17,2,osrm
660,delivered,2025-07-03 16:07:24,2025-07-03 16:22:50.265460,2025-07-03 16:34:20.900000,2025-07-03 16:39:07.400,31.723333333333336,11.510575666666666,19,2,osrm
661,delivered,2025-07-03 16:07:10,2025-07-03 16:21:56.990900,2025-07-03 16:21:56.990900,2025-07-03 16:32:50.700,25.678333333333335,0.0,9,4,osrm
662,delivered,2025-07-03 16:07:22,2025-07-03 16:14:29.614760,2025-07-03 16:14:29.614760,2025-07-03 16:19:56.400,12.573333333333332,0.0,3,3,osrm
663,delivered,2025-07-03 16:08:53,2025-07-03 16:21:34.163485,2025-07-03 16:28:53.360564,2025-07-03 16:33:19.700,24.445,7.319951316666666,2,4,osrm
664,delivered,2025-07-03 16:09:33,2025-07-03 16:18:25.334814,2025-07-03 16:31:35.800414,2025-07-03 16:34:39.600,25.11,13.174426666666667,8,4,osrm
665,delivered,2025-07-03 16:11:29,2025-07-03 16:20:07.909718,2025-07-03 16:28:53.360564,2025-07-03 16:33:19.700,21.845000000000002,8.7575141,2,4,osrm
666,delivered,2025-07-03 16:11:19,2025-07-03 16:25:27.933949,2025-07-03 16:29:49.400000,2025-07-03 16:34:43.400,23.40666666666667,4.357767516666667,7,2,osrm
667,delivered,2025-07-03 16:12:24,2025-07-03 16:26:24.841907,2025-07-03 17:08:54.040844,2025-07-03 17:10:08.400,57.74,42.48664895,9,4,osrm
668,delivered,2025-07-03 16:12:46,2025-07-03 16:23:07.055363,2025-07-03 16:58:39.562641,2025-07-03 16:59:44.800,46.980000000000004,35.54178796666667,8,3,osrm
669,delivered,2025-07-03 16:13:56,2025-07-03 16:26:10.754125,2025-07-03 16:29:07.400000,2025-07-03 16:32:20.800,18.413333333333334,2.9440979166666663,16,1,osrm
670,delivered,2025-07-03 16:14:59,2025-07-03 16:33:39.798345,2025-07-03 16:53:05.633315,2025-07-03 16:50:36.900,35.63166666666667,19.430582833333336,9,4,osrm
671,delivered,2025-07-03 16:14:26,2025-07-03 16:27:23.274392,2025-07-03 16:28:39.200000,2025-07-03 16:30:08.900,15.715,1.2654268,1,1,osrm
672,delivered,2025-07-03 16:14:20,2025-07-03 16:23:35.190772,2025-07-03 16:31:33.500000,2025-07-03 16:33:35.100,19.251666666666665,7.971820466666667,20,1,osrm
673,delivered,2025-07-03 16:14:07,2025-07-03 16:22:26.526283,2025-07-03 16:32:02.636707,2025-07-03 16:33:18.800,19.196666666666665,9.601840399999999,4,4,osrm
674,delivered,2025-07-03 16:14:36,2025-07-03 16:26:19.355303,2025-07-03 16:29:24.500000,2025-07-03 16:34:17.100,19.685,3.08574495,3,2,osrm
675,delivered,2025-07-03 16:14:28,2025-07-03 16:26:42.571996,2025-07-03 16:33:30.400000,2025-07-03 16:40:36.400,26.14,6.797133400000001,17,2,osrm
676,delivered,2025-07-03 16:15:33,2025-07-03 16:25:59.936462,2025-07-03 16:29:02.300000,2025-07-03 16:32:52.700,17.328333333333333,3.0393923000000003,18,2,osrm
677,delivered,2025-07-03 16:16:45,2025-07-03 16:31:06.402511,2025-07-03 16:31:35.800414,2025-07-03 16:34:39.600,17.91,0.48996505,8,4,osrm
678,delivered,2025-07-03 16:17:00,2025-07-03 16:30:52.218154,2025-07-03 16:34:20.900000,2025-07-03 16:39:07.400,22.123333333333335,3.478030766666667,19,2,osrm
679,delivered,2025-07-03 16:17:52,2025-07-03 16:28:53.360564,2025-07-03 16:28:53.360564,2025-07-03 16:33:19.700,15.461666666666668,0.0,2,4,osrm
680,delivered,2025-07-03 16:17:43,2025-07-03 16:31:23.847618,2025-07-03 17:14:19.452602,2025-07-03 17:20:22.000,62.65,42.92674973333333,17,3,osrm
681,delivered,2025-07-03 16:17:42,2025-07-03 16:28:35.993279,2025-07-03 16:29:02.300000,2025-07-03 16:32:52.700,15.178333333333335,0.43844535,18,2,osrm
682,delivered,2025-07-03 16:18:24,2025-07-03 16:34:26.168065,2025-07-03 16:58:39.562641,2025-07-03 16:59:44.800,41.34666666666667,24.22324293333333,8,3,osrm
683,delivered,2025-07-03 16:18:00,2025-07-03 16:31:35.800414,2025-07-03 16:31:35.800414,2025-07-03 16:34:39.600,16.66,0.0,8,4,osrm
684,delivered,2025-07-03 16:19:50,2025-07-03 16:32:02.636707,2025-07-03 16:32:02.636707,2025-07-03 16:33:18.800,13.479999999999999,0.0,4,4,osrm
685,delivered,2025-07-03 16:19:35,2025-07-03 16:25:42.183452,2025-07-03 16:53:05.633315,2025-07-03 16:50:36.900,31.03166666666667,27.39083105,9,4,osrm
686,delivered,2025-07-03 16:19:28,2025-07-03 16:34:14.344190,2025-07-03 18:43:30.400000,2025-07-03 18:50:17.600,150.82666666666668,129.26759683333333,2,3,osrm
687,delivered,2025-07-03 16:20:25,2025-07-03 16:32:33.262125,2025-07-03 16:58:42.906565,2025-07-03 17:07:29.400,47.07333333333334,26.160740666666666,2,4,osrm
688,delivered,2025-07-03 16:20:05,2025-07-03 16:35:05.118788,2025-07-03 16:35:05.118788,2025-07-03 16:32:44.100,12.651666666666667,0.0,12,2,osrm
689,delivered,2025-07-03 16:20:18,2025-07-03 16:32:28.327716,2025-07-03 16:54:04.942687,2025-07-03 16:55:19.800,35.03,21.610249516666666,1,4,osrm
690,delivered,2025-07-03 16:21:34,2025-07-03 16:37:18.720739,2025-07-03 16:48:15.968229,2025-07-03 16:55:00.100,33.434999999999995,10.954124833333333,19,3,osrm
691,delivered,2025-07-03 16:25:37,2025-07-03 16:38:13.468241,2025-07-03 17:27:10.526213,2025-07-03 17:37:53.000,72.26666666666667,48.9509662,10,4,osrm
692,delivered,2025-07-03 16:25:11,2025-07-03 16:37:44.721024,2025-07-03 16:49:38.286531,2025-07-03 16:55:05.200,29.903333333333332,11.89275845,10,3,osrm
693,delivered,2025-07-03 16:26:33,2025-07-03 16:33:35.342311,2025-07-03 17:00:56.869966,2025-07-03 17:02:27.800,35.913333333333334,27.358794250000003,17,3,osrm
694,delivered,2025-07-03 16:26:28,2025-07-03 16:39:18.975694,2025-07-03 17:08:42.433840,2025-07-03 17:12:08.900,45.681666666666665,29.3909691,10,4,osrm
695,delivered,2025-07-03 16:26:55,2025-07-03 16:41:52.484064,2025-07-03 17:06:31.498017,2025-07-03 17:07:31.400,40.60666666666667,24.65023255,6,4,osrm
696,delivered,2025-07-03 16:27:36,2025-07-03 16:42:16.855370,2025-07-03 17:12:11.339155,2025-07-03 17:14:53.600,47.29333333333333,29.90806308333333,15,4,osrm
697,delivered,2025-07-03 16:27:44,2025-07-03 16:44:11.632249,2025-07-03 17:08:54.040844,2025-07-03 17:10:08.400,42.406666666666666,24.706809916666668,9,4,osrm
698,delivered,2025-07-03 16:28:27,2025-07-03 16:37:44.864082,2025-07-03 17:22:01.209491,2025-07-03 17:33:18.900,64.865,44.272423483333334,7,4,osrm
699,delivered,2025-07-03 16:28:35,2025-07-03 16:39:30.027685,2025-07-03 17:14:19.452602,2025-07-03 17:20:22.000,51.78333333333333,34.82374861666666,17,3,osrm
700,delivered,2025-07-03 16:28:22,2025-07-03 16:41:29.991749,2025-07-03 17:08:42.433840,2025-07-03 17:12:08.900,43.781666666666666,27.207368183333333,10,4,osrm
701,delivered,2025-07-03 16:28:42,2025-07-03 16:40:00.635829,2025-07-03 17:10:13.444755,2025-07-03 17:17:35.700,48.894999999999996,30.2134821,18,4,osrm
702,delivered,2025-07-03 16:29:59,2025-07-03 16:39:29.642340,2025-07-03 16:45:27.901928,2025-07-03 16:48:22.900,18.398333333333333,5.970993133333334,20,4,osrm
703,delivered,2025-07-03 16:29:32,2025-07-03 16:37:11.722629,2025-07-03 16:54:04.942687,2025-07-03 16:55:19.800,25.796666666666667,16.887000966666665,1,4,osrm
704,delivered,2025-07-03 16:29:07,2025-07-03 16:38:28.963141,2025-07-03 17:22:01.209491,2025-07-03 17:33:18.900,64.19833333333334,43.537439166666665,7,4,osrm
705,delivered,2025-07-03 16:31:52,2025-07-03 16:46:42.390851,2025-07-03 17:13:02.247371,2025-07-03 17:22:04.300,50.205000000000005,26.330942,14,4,osrm
706,delivered,2025-07-03 16:31:29,2025-07-03 16:47:19.652185,2025-07-03 16:49:38.286531,2025-07-03 16:55:05.200,23.603333333333335,2.3105724333333333,10,3,osrm
707,delivered,2025-07-03 16:31:01,2025-07-03 16:42:02.193406,2025-07-03 16:53:05.633315,2025-07-03 16:50:36.900,19.598333333333336,11.057331816666666,9,4,osrm
708,delivered,2025-07-03 16:31:07,2025-07-03 16:44:38.764789,2025-07-03 17:03:55.768299,2025-07-03 17:05:28.500,34.358333333333334,19.283391833333333,13,4,osrm
709,delivered,2025-07-03 16:32:59,2025-07-03 16:38:58.962370,2025-07-03 18:28:39.000000,2025-07-03 18:36:41.700,123.71166666666666,109.66729383333333,7,4,osrm
710,delivered,2025-07-03 16:32:02,2025-07-03 16:45:26.314032,2025-07-03 17:12:11.339155,2025-07-03 17:14:53.600,42.86,26.750418716666665,15,4,osrm
711,delivered,2025-07-03 16:32:13,2025-07-03 16:45:57.769218,2025-07-03 17:15:45.587642,2025-07-03 17:22:37.500,50.40833333333333,29.796973733333335,3,4,osrm
712,delivered,2025-07-03 16:32:43,2025-07-03 16:42:31.790827,2025-07-03 16:48:15.968229,2025-07-03 16:55:00.100,22.285,5.736290033333333,19,3,osrm
713,delivered,2025-07-03 16:32:01,2025-07-03 16:46:06.673962,2025-07-03 17:03:55.768299,2025-07-03 17:05:28.500,33.458333333333336,17.81823895,13,4,osrm
714,delivered,2025-07-03 16:33:24,2025-07-03 16:48:15.968229,2025-07-03 16:48:15.968229,2025-07-03 16:55:00.100,21.601666666666667,0.0,19,3,osrm
715,delivered,2025-07-03 16:33:31,2025-07-03 16:50:37.109969,2025-07-03 17:00:56.869966,2025-07-03 17:02:27.800,28.946666666666665,10.329333283333334,17,3,osrm
716,delivered,2025-07-03 16:33:50,2025-07-03 16:47:23.005162,2025-07-03 17:23:12.695123,2025-07-03 17:29:19.900,55.498333333333335,35.828166016666664,2,4,osrm
717,delivered,2025-07-03 16:34:15,2025-07-03 16:44:18.580835,2025-07-03 17:08:15.112359,2025-07-03 17:14:44.200,40.486666666666665,23.942192066666667,12,4,osrm
718,delivered,2025-07-03 16:34:07,2025-07-03 16:50:10.817806,2025-07-03 17:13:02.247371,2025-07-03 17:22:04.300,47.955000000000005,22.857159416666665,14,4,osrm
719,delivered,2025-07-03 16:34:32,2025-07-03 16:52:33.638153,2025-07-03 17:11:51.800754,2025-07-03 17:19:00.700,44.47833333333333,19.302710016666666,20,4,osrm
720,delivered,2025-07-03 16:34:33,2025-07-03 16:39:33.000000,2025-07-03 17:01:46.434343,2025-07-03 17:05:21.200,30.803333333333335,22.223905716666664,7,4,osrm
721,delivered,2025-07-03 16:35:59,2025-07-03 16:51:21.276564,2025-07-03 17:11:43.319421,2025-07-03 17:17:25.500,41.44166666666667,20.367380949999998,8,4,osrm
722,delivered,2025-07-03 16:35:49,2025-07-03 16:45:58.121352,2025-07-03 17:15:31.883292,2025-07-03 17:17:41.400,41.873333333333335,29.562699000000002,1,4,osrm
723,delivered,2025-07-03 16:35:22,2025-07-03 16:48:53.657485,2025-07-03 17:08:42.433840,2025-07-03 17:12:08.900,36.781666666666666,19.81293925,10,4,osrm
724,delivered,2025-07-03 16:35:03,2025-07-03 16:51:11.484608,2025-07-03 17:10:13.444755,2025-07-03 17:17:35.700,42.544999999999995,19.032669116666668,18,4,osrm
725,delivered,2025-07-03 16:35:54,2025-07-03 16:47:30.149909,2025-07-03 16:54:04.942687,2025-07-03 16:55:19.800,19.43,6.579879633333333,1,4,osrm
726,delivered,2025-07-03 16:35:08,2025-07-03 16:44:50.301885,2025-07-03 16:45:27.901928,2025-07-03 16:48:22.900,13.248333333333333,0.6266673833333333,20,4,osrm
727,delivered,2025-07-03 16:35:49,2025-07-03 16:46:35.350400,2025-07-03 17:01:46.434343,2025-07-03 17:05:21.200,29.53666666666667,15.184732383333333,7,4,osrm
728,delivered,2025-07-03 16:35:52,2025-07-03 16:48:28.249693,2025-07-03 17:27:10.526213,2025-07-03 17:37:53.000,62.016666666666666,38.704608666666665,10,4,osrm
729,delivered,2025-07-03 16:36:29,2025-07-03 16:51:27.526485,2025-07-03 17:23:12.695123,2025-07-03 17:29:19.900,52.848333333333336,31.752810633333336,2,4,osrm
730,delivered,2025-07-03 16:36:43,2025-07-03 16:51:22.129842,2025-07-03 17:39:05.085862,2025-07-03 17:45:00.900,68.29833333333333,47.715933666666665,5,4,osrm
731,delivered,2025-07-03 16:36:18,2025-07-03 16:49:38.230645,2025-07-03 17:18:48.304466,2025-07-03 17:24:33.700,48.26166666666666,29.167897016666664,16,4,osrm
732,delivered,2025-07-03 16:36:53,2025-07-03 16:52:26.479302,2025-07-03 16:58:42.906565,2025-07-03 17:07:29.400,30.60666666666667,6.273787716666666,2,4,osrm
733,delivered,2025-07-03 16:36:26,2025-07-03 16:43:32.910614,2025-07-03 17:40:33.231626,2025-07-03 17:46:12.500,69.775,57.005350199999995,13,3,osrm
734,delivered,2025-07-03 16:36:50,2025-07-03 16:45:27.901928,2025-07-03 16:45:27.901928,2025-07-03 16:48:22.900,11.548333333333334,0.0,20,4,osrm
735,delivered,2025-07-03 16:36:41,2025-07-03 16:47:25.146004,2025-07-03 16:58:42.906565,2025-07-03 17:07:29.400,30.80666666666667,11.29600935,2,4,osrm
736,delivered,2025-07-03 16:37:09,2025-07-03 16:49:07.807877,2025-07-03 17:11:42.016744,2025-07-03 17:18:31.600,41.376666666666665,22.570147783333333,4,4,osrm
737,delivered,2025-07-03 16:37:36,2025-07-03 16:52:16.415483,2025-07-03 17:06:31.498017,2025-07-03 17:07:31.400,29.923333333333336,14.251375566666667,6,4,osrm
738,delivered,2025-07-03 16:37:57,2025-07-03 16:48:10.010321,2025-07-03 17:13:02.247371,2025-07-03 17:22:04.300,44.12166666666667,24.870617499999998,14,4,osrm
739,delivered,2025-07-03 16:37:40,2025-07-03 16:54:18.149269,2025-07-03 17:26:29.405327,2025-07-03 17:29:04.600,51.41,32.187600966666665,13,4,osrm
740,delivered,2025-07-03 16:37:15,2025-07-03 16:50:45.175887,2025-07-03 17:23:26.187879,2025-07-03 17:24:49.000,47.56666666666667,32.6835332,5,4,osrm
741,delivered,2025-07-03 16:38:51,2025-07-03 16:44:59.824270,2025-07-03 17:26:28.500000,2025-07-03 17:38:12.300,59.355000000000004,41.47792883333333,15,4,osrm
742,delivered,2025-07-03 16:38:40,2025-07-03 16:50:54.135676,2025-07-03 17:03:55.768299,2025-07-03 17:05:28.500,26.808333333333334,13.027210383333333,13,4,osrm
743,delivered,2025-07-03 16:39:06,2025-07-03 16:50:32.989581,2025-07-03 18:29:47.900000,2025-07-03 18:42:12.100,123.10166666666667,99.24850698333333,14,4,osrm
744,delivered,2025-07-03 16:39:45,2025-07-03 16:53:05.633315,2025-07-03 16:53:05.633315,2025-07-03 16:50:36.900,10.865,0.0,9,4,osrm
745,delivered,2025-07-03 16:39:36,2025-07-03 16:49:38.286531,2025-07-03 16:49:38.286531,2025-07-03 16:55:05.200,15.486666666666668,0.0,10,3,osrm
746,delivered,2025-07-03 16:40:04,2025-07-03 16:56:26.367425,2025-07-03 17:01:46.434343,2025-07-03 17:05:21.200,25.28666666666667,5.334448633333333,7,4,osrm
747,delivered,2025-07-03 16:40:05,2025-07-03 16:51:33.514810,2025-07-03 17:34:51.500000,2025-07-03 17:48:01.300,67.93833333333333,43.29975316666666,14,4,osrm
748,delivered,2025-07-03 16:41:06,2025-07-03 16:51:11.408838,2025-07-03 17:10:13.444755,2025-07-03 17:17:35.700,36.495,19.03393195,18,4,osrm
749,delivered,2025-07-03 16:41:21,2025-07-03 16:54:31.619943,2025-07-03 17:24:43.677403,2025-07-03 17:26:23.800,45.04666666666667,30.200957666666667,6,4,osrm
750,delivered,2025-07-03 16:42:12,2025-07-03 16:50:56.299221,2025-07-03 17:17:04.723768,2025-07-03 17:25:26.600,43.24333333333333,26.140409116666667,19,4,osrm
751,delivered,2025-07-03 16:42:34,2025-07-03 16:57:01.250481,2025-07-03 17:23:26.187879,2025-07-03 17:24:49.000,42.25,26.4156233,5,4,osrm
752,delivered,2025-07-03 16:42:44,2025-07-03 16:55:49.530013,2025-07-03 17:11:51.800754,2025-07-03 17:19:00.700,36.27833333333333,16.037845683333334,20,4,osrm
753,delivered,2025-07-03 16:43:42,2025-07-03 16:58:31.257758,2025-07-03 17:11:43.319421,2025-07-03 17:17:25.500,33.725,13.201027716666665,8,4,osrm
754,delivered,2025-07-03 16:43:55,2025-07-03 16:59:20.196510,2025-07-03 17:18:48.304466,2025-07-03 17:24:33.700,40.644999999999996,19.468465933333334,16,4,osrm
755,delivered,2025-07-03 16:44:10,2025-07-03 16:58:42.906565,2025-07-03 16:58:42.906565,2025-07-03 17:07:29.400,23.323333333333334,0.0,2,4,osrm
756,delivered,2025-07-03 16:44:44,2025-07-03 16:54:04.942687,2025-07-03 16:54:04.942687,2025-07-03 16:55:19.800,10.596666666666666,0.0,1,4,osrm
757,delivered,2025-07-03 16:44:31,2025-07-03 16:57:16.906319,2025-07-03 18:43:28.700000,2025-07-03 18:49:39.800,125.14666666666668,106.19656135,18,2,osrm
758,delivered,2025-07-03 16:44:05,2025-07-03 17:00:56.869966,2025-07-03 17:00:56.869966,2025-07-03 17:02:27.800,18.38,0.0,17,3,osrm
759,delivered,2025-07-03 16:44:00,2025-07-03 17:02:37.527040,2025-07-03 18:45:21.100000,2025-07-03 18:54:02.700,130.045,102.72621600000001,1,2,osrm
760,delivered,2025-07-03 16:44:24,2025-07-03 17:03:31.773627,2025-07-03 17:15:45.587642,2025-07-03 17:22:37.500,38.225,12.230233583333334,3,4,osrm
761,delivered,2025-07-03 16:45:54,2025-07-03 16:56:48.230409,2025-07-03 17:11:43.319421,2025-07-03 17:17:25.500,31.525,14.918150200000001,8,4,osrm
762,delivered,2025-07-03 16:45:32,2025-07-03 17:00:48.063349,2025-07-03 17:26:29.405327,2025-07-03 17:29:04.600,43.54333333333333,25.689032966666666,13,4,osrm
763,delivered,2025-07-03 16:45:51,2025-07-03 16:59:40.499211,2025-07-03 17:35:07.201274,2025-07-03 17:38:50.600,52.99333333333333,35.445034383333336,18,4,osrm
764,delivered,2025-07-03 16:46:19,2025-07-03 17:04:56.862015,2025-07-03 18:43:28.700000,2025-07-03 18:49:39.800,123.34666666666666,98.53063308333334,18,2,osrm
765,delivered,2025-07-03 16:46:47,2025-07-03 16:58:59.719514,2025-07-03 16:58:59.719514,2025-07-03 17:00:17.200,13.503333333333334,0.0,16,4,osrm
766,delivered,2025-07-03 16:46:27,2025-07-03 16:51:56.962325,2025-07-03 18:25:17.000000,2025-07-03 18:31:21.200,104.90333333333334,93.33396124999999,2,4,osrm
767,delivered,2025-07-03 16:47:58,2025-07-03 17:03:55.768299,2025-07-03 17:03:55.768299,2025-07-03 17:05:28.500,17.508333333333333,0.0,13,4,osrm
768,delivered,2025-07-03 16:47:28,2025-07-03 17:03:03.215100,2025-07-03 17:15:31.883292,2025-07-03 17:17:41.400,30.223333333333336,12.4778032,1,4,osrm
769,delivered,2025-07-03 16:47:38,2025-07-03 16:52:59.521930,2025-07-03 17:22:01.209491,2025-07-03 17:33:18.900,45.681666666666665,29.028126016666665,7,4,osrm
770,delivered,2025-07-03 16:48:55,2025-07-03 16:59:36.125359,2025-07-03 17:25:59.984073,2025-07-03 17:27:34.700,38.66166666666666,26.397645233333332,9,4,osrm
771,delivered,2025-07-03 16:48:42,2025-07-03 17:04:06.841670,2025-07-03 17:38:51.463624,2025-07-03 17:44:46.000,56.06666666666667,34.74369923333334,17,4,osrm
772,delivered,2025-07-03 16:49:41,2025-07-03 17:04:09.716683,2025-07-03 17:39:05.085862,2025-07-03 17:45:00.900,55.33166666666667,34.922819649999994,5,4,osrm
773,delivered,2025-07-03 16:49:34,2025-07-03 16:58:39.562641,2025-07-03 16:58:39.562641,2025-07-03 16:59:44.800,10.18,0.0,8,3,osrm
774,delivered,2025-07-03 16:49:01,2025-07-03 17:01:46.434343,2025-07-03 17:01:46.434343,2025-07-03 17:05:21.200,16.336666666666666,0.0,7,4,osrm
775,delivered,2025-07-03 16:49:09,2025-07-03 17:00:42.609657,2025-07-03 17:15:31.883292,2025-07-03 17:17:41.400,28.540000000000003,14.82122725,1,4,osrm
776,delivered,2025-07-03 16:49:35,2025-07-03 16:57:59.257591,2025-07-03 17:39:05.085862,2025-07-03 17:45:00.900,55.431666666666665,41.097137849999996,5,4,osrm
777,delivered,2025-07-03 16:50:41,2025-07-03 17:01:49.888442,2025-07-03 17:15:45.587642,2025-07-03 17:22:37.500,31.941666666666666,13.928320000000001,3,4,osrm
778,delivered,2025-07-03 16:50:00,2025-07-03 17:04:54.282040,2025-07-03 17:17:04.723768,2025-07-03 17:25:26.600,35.443333333333335,12.1740288,19,4,osrm
779,delivered,2025-07-03 16:51:15,2025-07-03 17:00:13.560156,2025-07-03 17:47:10.159096,2025-07-03 17:51:03.200,59.80333333333333,46.94331566666666,3,3,osrm
780,delivered,2025-07-03 16:51:59,2025-07-03 17:04:14.191449,2025-07-03 17:06:31.498017,2025-07-03 17:07:31.400,15.54,2.2884428,6,4,osrm
781,delivered,2025-07-03 16:51:36,2025-07-03 16:58:43.866450,2025-07-03 17:40:33.231626,2025-07-03 17:46:12.500,54.608333333333334,41.82275293333333,13,3,osrm
782,delivered,2025-07-03 16:52:18,2025-07-03 17:03:19.770078,2025-07-03 17:38:49.797230,2025-07-03 17:37:18.100,45.001666666666665,35.50045253333334,8,4,osrm
783,delivered,2025-07-03 16:52:27,2025-07-03 17:05:44.900569,2025-07-03 17:34:51.500000,2025-07-03 17:48:01.300,55.57166666666667,29.109990516666667,14,4,osrm
784,delivered,2025-07-03 16:52:26,2025-07-03 17:04:57.595044,2025-07-03 17:08:15.112359,2025-07-03 17:14:44.200,22.303333333333335,3.29195525,12,4,osrm
785,delivered,2025-07-03 16:53:09,2025-07-03 17:02:59.902599,2025-07-03 18:42:45.900000,2025-07-03 18:50:26.200,117.28666666666666,99.76662334999999,6,3,osrm
786,delivered,2025-07-03 16:54:36,2025-07-03 17:04:09.875564,2025-07-03 18:27:48.970459,2025-07-03 18:30:13.300,95.62166666666667,83.65158158333334,4,4,osrm
787,delivered,2025-07-03 16:54:20,2025-07-03 17:06:31.498017,2025-07-03 17:06:31.498017,2025-07-03 17:07:31.400,13.19,0.0,6,4,osrm
788,delivered,2025-07-03 16:54:18,2025-07-03 17:04:00.269382,2025-07-03 18:27:48.970459,2025-07-03 18:30:13.300,95.92166666666667,83.81168461666667,4,4,osrm
789,delivered,2025-07-03 16:55:27,2025-07-03 17:09:08.898002,2025-07-03 17:17:04.723768,2025-07-03 17:25:26.600,29.993333333333332,7.930429433333333,19,4,osrm
790,delivered,2025-07-03 16:55:10,2025-07-03 17:10:16.991580,2025-07-03 17:10:16.991580,2025-07-03 17:15:58.000,20.8,0.0,11,4,osrm
791,delivered,2025-07-03 16:55:30,2025-07-03 17:08:15.112359,2025-07-03 17:08:15.112359,2025-07-03 17:14:44.200,19.236666666666668,0.0,12,4,osrm
792,delivered,2025-07-03 16:56:07,2025-07-03 17:12:16.824076,2025-07-03 17:52:28.336787,2025-07-03 17:56:40.100,60.55166666666666,40.19187851666666,15,3,osrm
793,delivered,2025-07-03 16:57:55,2025-07-03 17:07:53.597895,2025-07-03 17:08:15.112359,2025-07-03 17:14:44.200,16.82,0.3585744,12,4,osrm
794,delivered,2025-07-03 16:57:55,2025-07-03 17:07:19.463363,2025-07-03 17:27:10.526213,2025-07-03 17:37:53.000,39.96666666666667,19.8510475,10,4,osrm
795,delivered,2025-07-03 16:57:12,2025-07-03 17:05:23.287330,2025-07-03 17:11:42.016744,2025-07-03 17:18:31.600,21.326666666666664,6.312156900000001,4,4,osrm
796,delivered,2025-07-03 16:57:58,2025-07-03 17:04:26.842764,2025-07-03 17:26:29.405327,2025-07-03 17:29:04.600,31.11,22.04270938333333,13,4,osrm
797,delivered,2025-07-03 16:57:34,2025-07-03 17:08:42.433840,2025-07-03 17:08:42.433840,2025-07-03 17:12:08.900,14.581666666666667,0.0,10,4,osrm
798,delivered,2025-07-03 16:58:22,2025-07-03 17:15:36.138271,2025-07-03 17:24:43.677403,2025-07-03 17:26:23.800,28.029999999999998,9.1256522,6,4,osrm
799,delivered,2025-07-03 16:59:31,2025-07-03 17:11:51.800754,2025-07-03 17:11:51.800754,2025-07-03 17:19:00.700,19.495,0.0,20,4,osrm
800,delivered,2025-07-03 16:59:16,2025-07-03 17:10:13.444755,2025-07-03 17:10:13.444755,2025-07-03 17:17:35.700,18.328333333333333,0.0,18,4,osrm
801,delivered,2025-07-03 16:59:07,2025-07-03 17:08:54.040844,2025-07-03 17:08:54.040844,2025-07-03 17:10:08.400,11.023333333333333,0.0,9,4,osrm
802,delivered,2025-07-03 16:59:26,2025-07-03 17:13:32.384330,2025-07-03 17:32:45.339260,2025-07-03 17:34:59.200,35.55333333333333,19.2159155,1,3,osrm
803,delivered,2025-07-03 17:00:47,2025-07-03 17:11:43.319421,2025-07-03 17:11:43.319421,2025-07-03 17:17:25.500,16.641666666666666,0.0,8,4,osrm
804,delivered,2025-07-03 17:00:44,2025-07-03 17:10:31.300439,2025-07-03 18:42:45.900000,2025-07-03 18:50:26.200,109.70333333333333,92.24332601666667,6,3,osrm
805,delivered,2025-07-03 17:00:58,2025-07-03 17:11:11.937646,2025-07-03 17:25:59.984073,2025-07-03 17:27:34.700,26.611666666666668,14.800773783333334,9,4,osrm
806,delivered,2025-07-03 17:00:03,2025-07-03 17:10:31.944898,2025-07-03 17:11:51.800754,2025-07-03 17:19:00.700,18.961666666666666,1.3309309333333335,20,4,osrm
807,delivered,2025-07-03 17:00:29,2025-07-03 17:08:58.851965,2025-07-03 17:11:42.016744,2025-07-03 17:18:31.600,18.043333333333333,2.7194129833333336,4,4,osrm
808,delivered,2025-07-03 17:00:23,2025-07-03 17:17:09.424119,2025-07-03 17:41:40.146692,2025-07-03 17:49:54.100,49.51833333333333,24.512042883333333,4,4,osrm
809,delivered,2025-07-03 17:00:29,2025-07-03 17:11:42.016744,2025-07-03 17:11:42.016744,2025-07-03 17:18:31.600,18.043333333333333,0.0,4,4,osrm
810,delivered,2025-07-03 17:00:44,2025-07-03 17:13:02.247371,2025-07-03 17:13:02.247371,2025-07-03 17:22:04.300,21.33833333333333,0.0,14,4,osrm
811,delivered,2025-07-03 17:01:07,2025-07-03 17:16:11.489463,2025-07-03 17:18:48.304466,2025-07-03 17:24:33.700,23.445,2.6135833833333333,16,4,osrm
812,delivered,2025-07-03 17:01:56,2025-07-03 17:14:19.452602,2025-07-03 17:14:19.452602,2025-07-03 17:20:22.000,18.433333333333334,0.0,17,3,osrm
813,delivered,2025-07-03 17:01:44,2025-07-03 17:12:11.339155,2025-07-03 17:12:11.339155,2025-07-03 17:14:53.600,13.16,0.0,15,4,osrm
814,delivered,2025-07-03 17:02:43,2025-07-03 17:13:13.558739,2025-07-03 17:41:40.146692,2025-07-03 17:49:54.100,47.184999999999995,28.443132549999998,4,4,osrm
815,delivered,2025-07-03 17:03:46,2025-07-03 17:17:23.727605,2025-07-03 17:41:40.146692,2025-07-03 17:49:54.100,46.135,24.27365145,4,4,osrm
816,delivered,2025-07-03 17:03:52,2025-07-03 17:17:54.439252,2025-07-03 18:28:39.000000,2025-07-03 18:36:41.700,92.82833333333333,70.74267913333333,7,4,osrm
817,delivered,2025-07-03 17:03:34,2025-07-03 17:17:04.723768,2025-07-03 17:17:04.723768,2025-07-03 17:25:26.600,21.876666666666665,0.0,19,4,osrm
818,delivered,2025-07-03 17:04:10,2025-07-03 17:15:31.883292,2025-07-03 17:15:31.883292,2025-07-03 17:17:41.400,13.523333333333333,0.0,1,4,osrm
819,delivered,2025-07-03 17:04:23,2025-07-03 17:19:37.288687,2025-07-03 17:26:28.500000,2025-07-03 17:38:12.300,33.821666666666665,6.853521883333333,15,4,osrm
820,delivered,2025-07-03 17:05:00,2025-07-03 17:15:45.587642,2025-07-03 17:15:45.587642,2025-07-03 17:22:37.500,17.625,0.0,3,4,osrm
821,delivered,2025-07-03 17:05:47,2025-07-03 17:22:01.209491,2025-07-03 17:22:01.209491,2025-07-03 17:33:18.900,27.53166666666667,0.0,7,4,osrm
822,delivered,2025-07-03 17:05:34,2025-07-03 17:20:50.175203,2025-07-03 18:43:30.400000,2025-07-03 18:50:17.600,104.72666666666667,82.67041328333333,2,3,osrm
823,delivered,2025-07-03 17:06:10,2025-07-03 17:13:49.680509,2025-07-03 18:13:08.621435,2025-07-03 18:15:07.300,68.955,59.315682100000004,16,2,osrm
824,delivered,2025-07-03 17:06:16,2025-07-03 17:18:48.304466,2025-07-03 17:18:48.304466,2025-07-03 17:24:33.700,18.295,0.0,16,4,osrm
825,delivered,2025-07-03 17:07:42,2025-07-03 17:23:28.240831,2025-07-03 17:32:45.339260,2025-07-03 17:34:59.200,27.28666666666667,9.284973816666668,1,3,osrm
826,delivered,2025-07-03 17:07:34,2025-07-03 17:23:12.695123,2025-07-03 17:23:12.695123,2025-07-03 17:29:19.900,21.765,0.0,2,4,osrm
827,delivered,2025-07-03 17:08:38,2025-07-03 17:18:44.614834,2025-07-03 17:25:59.984073,2025-07-03 17:27:34.700,18.945,7.256153983333333,9,4,osrm
828,delivered,2025-07-03 17:08:18,2025-07-03 17:20:56.562606,2025-07-03 18:28:17.100000,2025-07-03 18:34:40.100,86.36833333333334,67.3422899,15,2,osrm
829,delivered,2025-07-03 17:08:00,2025-07-03 17:21:15.150569,2025-07-03 17:26:28.500000,2025-07-03 17:38:12.300,30.205,5.222490516666666,15,4,osrm
830,delivered,2025-07-03 17:09:12,2025-07-03 17:20:10.153704,2025-07-03 17:24:43.677403,2025-07-03 17:26:23.800,17.196666666666665,4.5587283166666674,6,4,osrm
831,delivered,2025-07-03 17:09:54,2025-07-03 17:23:26.187879,2025-07-03 17:23:26.187879,2025-07-03 17:24:49.000,14.916666666666666,0.0,5,4,osrm
832,delivered,2025-07-03 17:09:00,2025-07-03 17:22:02.839000,2025-07-03 18:09:16.181989,2025-07-03 18:16:27.200,67.45333333333333,47.222383150000006,7,4,osrm
833,delivered,2025-07-03 17:09:05,2025-07-03 17:25:59.984073,2025-07-03 17:25:59.984073,2025-07-03 17:27:34.700,18.495,0.0,9,4,osrm
834,delivered,2025-07-03 17:09:48,2025-07-03 17:24:23.775653,2025-07-03 17:35:07.201274,2025-07-03 17:38:50.600,29.043333333333333,10.72376035,18,4,osrm
835,delivered,2025-07-03 17:10:36,2025-07-03 17:21:36.420393,2025-07-03 17:46:42.390249,2025-07-03 17:54:11.900,43.598333333333336,25.0994976,12,4,osrm
836,delivered,2025-07-03 17:10:15,2025-07-03 17:26:47.747165,2025-07-03 17:57:55.217789,2025-07-03 18:01:09.700,50.91166666666666,31.124510400000002,6,3,osrm
837,delivered,2025-07-03 17:10:13,2025-07-03 17:29:33.971678,2025-07-03 17:42:25.880295,2025-07-03 17:51:57.600,41.74333333333333,12.865143616666668,19,4,osrm
838,delivered,2025-07-03 17:11:11,2025-07-03 17:25:26.962786,2025-07-03 17:52:09.344128,2025-07-03 17:57:45.800,46.580000000000005,26.7063557,16,4,osrm
839,delivered,2025-07-03 17:11:36,2025-07-03 17:26:29.405327,2025-07-03 17:26:29.405327,2025-07-03 17:29:04.600,17.476666666666667,0.0,13,4,osrm
840,delivered,2025-07-03 17:11:49,2025-07-03 17:24:43.677403,2025-07-03 17:24:43.677403,2025-07-03 17:26:23.800,14.58,0.0,6,4,osrm
841,delivered,2025-07-03 17:11:45,2025-07-03 17:24:07.053052,2025-07-03 18:08:21.625382,2025-07-03 18:19:49.600,68.07666666666667,44.242872166666665,12,4,osrm
842,delivered,2025-07-03 17:12:17,2025-07-03 17:25:39.778055,2025-07-03 17:42:25.880295,2025-07-03 17:51:57.600,39.67666666666666,16.768370666666666,19,4,osrm
843,delivered,2025-07-03 17:12:04,2025-07-03 17:21:55.880619,2025-07-03 17:23:12.695123,2025-07-03 17:29:19.900,17.265,1.2802417333333334,2,4,osrm
844,delivered,2025-07-03 17:12:42,2025-07-03 17:26:16.181551,2025-07-03 17:26:28.500000,2025-07-03 17:38:12.300,25.505,0.20530748333333332,15,4,osrm
845,delivered,2025-07-03 17:13:43,2025-07-03 17:22:05.158394,2025-07-03 17:23:26.187879,2025-07-03 17:24:49.000,11.1,1.3504914166666666,5,4,osrm
846,delivered,2025-07-03 17:13:31,2025-07-03 17:24:57.491771,2025-07-03 17:42:25.880295,2025-07-03 17:51:57.600,38.443333333333335,17.473142066666664,19,4,osrm
847,delivered,2025-07-03 17:13:08,2025-07-03 17:29:24.208428,2025-07-03 17:47:10.159096,2025-07-03 17:51:03.200,37.919999999999995,17.765844466666668,3,3,osrm
848,delivered,2025-07-03 17:14:16,2025-07-03 17:31:46.906118,2025-07-03 17:53:13.543516,2025-07-03 18:01:19.200,47.05333333333333,21.443956633333336,2,4,osrm
849,delivered,2025-07-03 17:14:38,2025-07-03 17:26:05.413841,2025-07-03 18:16:13.200000,2025-07-03 18:21:43.700,67.095,50.12976931666667,11,3,osrm
850,delivered,2025-07-03 17:15:11,2025-07-03 17:28:09.642911,2025-07-03 18:09:16.181989,2025-07-03 18:16:27.200,61.269999999999996,41.10898463333333,7,4,osrm
851,delivered,2025-07-03 17:15:13,2025-07-03 17:23:48.306184,2025-07-03 17:44:25.026976,2025-07-03 17:43:36.400,28.39,20.6120132,11,4,osrm
852,delivered,2025-07-03 17:15:54,2025-07-03 17:27:10.526213,2025-07-03 17:27:10.526213,2025-07-03 17:37:53.000,21.983333333333334,0.0,10,4,osrm
853,delivered,2025-07-03 17:15:37,2025-07-03 17:27:53.047631,2025-07-03 18:08:21.625382,2025-07-03 18:19:49.600,64.21,40.47629585,12,4,osrm
854,delivered,2025-07-03 17:16:21,2025-07-03 17:29:43.302914,2025-07-03 17:46:42.390249,2025-07-03 17:54:11.900,37.848333333333336,16.984788916666666,12,4,osrm
855,delivered,2025-07-03 17:17:53,2025-07-03 17:29:41.505909,2025-07-03 17:48:52.929603,2025-07-03 17:50:14.500,32.358333333333334,19.1903949,7,4,osrm
856,delivered,2025-07-03 17:18:29,2025-07-03 17:32:34.899282,2025-07-03 17:58:31.747570,2025-07-03 18:03:34.900,45.098333333333336,25.947471466666666,4,2,osrm
857,delivered,2025-07-03 17:18:00,2025-07-03 17:28:56.293129,2025-07-03 17:57:55.217789,2025-07-03 18:01:09.700,43.16166666666666,28.982077666666665,6,3,osrm
858,delivered,2025-07-03 17:18:26,2025-07-03 17:27:22.259910,2025-07-03 17:38:51.463624,2025-07-03 17:44:46.000,26.333333333333332,11.486728566666667,17,4,osrm
859,delivered,2025-07-03 17:19:14,2025-07-03 17:31:46.114469,2025-07-03 17:57:59.295011,2025-07-03 18:02:19.200,43.086666666666666,26.2196757,17,4,osrm
860,delivered,2025-07-03 17:19:54,2025-07-03 17:33:57.879623,2025-07-03 17:35:07.201274,2025-07-03 17:38:50.600,18.94333333333333,1.15536085,18,4,osrm
861,delivered,2025-07-03 17:19:48,2025-07-03 17:30:40.747236,2025-07-03 17:57:59.295011,2025-07-03 18:02:19.200,42.519999999999996,27.309129583333334,17,4,osrm
862,delivered,2025-07-03 17:19:52,2025-07-03 17:32:50.151655,2025-07-03 17:38:51.463624,2025-07-03 17:44:46.000,24.9,6.021866149999999,17,4,osrm
863,delivered,2025-07-03 17:19:36,2025-07-03 17:34:46.433174,2025-07-03 18:17:50.407715,2025-07-03 18:20:08.100,60.535,43.06624235,17,3,osrm
864,delivered,2025-07-03 17:20:41,2025-07-03 17:30:21.515653,2025-07-03 17:44:25.026976,2025-07-03 17:43:36.400,22.923333333333336,14.058522049999999,11,4,osrm
865,delivered,2025-07-03 17:20:58,2025-07-03 17:31:46.683845,2025-07-03 17:38:49.797230,2025-07-03 17:37:18.100,16.335,7.05188975,8,4,osrm
866,delivered,2025-07-03 17:21:52,2025-07-03 17:34:45.841066,2025-07-03 17:34:51.500000,2025-07-03 17:48:01.300,26.154999999999998,0.09431556666666667,14,4,osrm
867,delivered,2025-07-03 17:21:26,2025-07-03 17:27:09.345245,2025-07-03 17:53:13.543516,2025-07-03 18:01:19.200,39.88666666666666,26.069971183333333,2,4,osrm
868,delivered,2025-07-03 17:21:36,2025-07-03 17:34:35.020035,2025-07-03 17:52:09.344128,2025-07-03 17:57:45.800,36.163333333333334,17.572068216666665,16,4,osrm
869,delivered,2025-07-03 17:21:53,2025-07-03 17:33:15.458315,2025-07-03 17:38:49.797230,2025-07-03 17:37:18.100,15.418333333333333,5.57231525,8,4,osrm
870,delivered,2025-07-03 17:22:31,2025-07-03 17:33:21.156891,2025-07-03 17:34:51.500000,2025-07-03 17:48:01.300,25.505,1.5057184833333332,14,4,osrm
871,delivered,2025-07-03 17:22:16,2025-07-03 17:38:49.797230,2025-07-03 17:38:49.797230,2025-07-03 17:37:18.100,15.035,0.0,8,4,osrm
872,delivered,2025-07-03 17:22:32,2025-07-03 17:32:45.339260,2025-07-03 17:32:45.339260,2025-07-03 17:34:59.200,12.453333333333335,0.0,1,3,osrm
873,delivered,2025-07-03 17:23:17,2025-07-03 17:37:16.055754,2025-07-03 18:17:50.407715,2025-07-03 18:20:08.100,56.85166666666667,40.57253268333333,17,3,osrm
874,delivered,2025-07-03 17:23:37,2025-07-03 17:33:30.382267,2025-07-03 17:52:09.344128,2025-07-03 17:57:45.800,34.14666666666667,18.64936435,16,4,osrm
875,delivered,2025-07-03 17:23:29,2025-07-03 17:38:47.760426,2025-07-03 18:03:44.959887,2025-07-03 18:12:36.500,49.125,24.95332435,10,4,osrm
876,delivered,2025-07-03 17:24:27,2025-07-03 17:35:07.201274,2025-07-03 17:35:07.201274,2025-07-03 17:38:50.600,14.393333333333334,0.0,18,4,osrm
877,delivered,2025-07-03 17:24:35,2025-07-03 17:40:53.905010,2025-07-03 18:08:21.625382,2025-07-03 18:19:49.600,55.24333333333333,27.4620062,12,4,osrm
878,delivered,2025-07-03 17:24:49,2025-07-03 17:36:41.593672,2025-07-03 18:02:00.894389,2025-07-03 18:07:05.000,42.266666666666666,25.321678616666667,18,4,osrm
879,delivered,2025-07-03 17:24:10,2025-07-03 17:33:29.481218,2025-07-03 18:05:07.904320,2025-07-03 18:13:07.600,48.96,31.640385033333335,20,4,osrm
880,delivered,2025-07-03 17:25:57,2025-07-03 17:38:51.463624,2025-07-03 17:38:51.463624,2025-07-03 17:44:46.000,18.816666666666666,0.0,17,4,osrm
881,delivered,2025-07-03 17:25:12,2025-07-03 17:36:27.226381,2025-07-03 18:10:50.244279,2025-07-03 18:13:06.300,47.905,34.38363163333334,3,4,osrm
882,delivered,2025-07-03 17:25:15,2025-07-03 17:39:22.783924,2025-07-03 18:03:44.959887,2025-07-03 18:12:36.500,47.358333333333334,24.36959938333333,10,4,osrm
883,delivered,2025-07-03 17:26:51,2025-07-03 17:43:39.337339,2025-07-03 18:10:50.244279,2025-07-03 18:13:06.300,46.255,27.181782333333334,3,4,osrm
884,delivered,2025-07-03 17:26:53,2025-07-03 17:44:58.248431,2025-07-03 17:48:52.929603,2025-07-03 17:50:14.500,23.358333333333334,3.911352866666667,7,4,osrm
885,delivered,2025-07-03 17:26:13,2025-07-03 17:39:05.085862,2025-07-03 17:39:05.085862,2025-07-03 17:45:00.900,18.798333333333336,0.0,5,4,osrm
886,delivered,2025-07-03 17:28:23,2025-07-03 17:42:25.880295,2025-07-03 17:42:25.880295,2025-07-03 17:51:57.600,23.576666666666664,0.0,19,4,osrm
887,delivered,2025-07-03 17:28:37,2025-07-03 17:44:07.312906,2025-07-03 17:53:13.543516,2025-07-03 18:01:19.200,32.70333333333333,9.1038435,2,4,osrm
888,delivered,2025-07-03 17:29:30,2025-07-03 17:40:36.741352,2025-07-03 18:05:07.904320,2025-07-03 18:13:07.600,43.626666666666665,24.519382800000002,20,4,osrm
889,delivered,2025-07-03 17:29:41,2025-07-03 17:45:32.575050,2025-07-03 17:48:52.929603,2025-07-03 17:50:14.500,20.558333333333334,3.3392425500000003,7,4,osrm
890,delivered,2025-07-03 17:29:57,2025-07-03 17:38:58.494061,2025-07-03 17:55:39.358380,2025-07-03 18:02:02.900,32.098333333333336,16.681071983333332,5,4,osrm
891,delivered,2025-07-03 17:29:52,2025-07-03 17:47:10.159096,2025-07-03 17:47:10.159096,2025-07-03 17:51:03.200,21.186666666666667,0.0,3,3,osrm
892,delivered,2025-07-03 17:29:25,2025-07-03 17:41:54.186754,2025-07-03 18:02:00.894389,2025-07-03 18:07:05.000,37.666666666666664,20.111793916666667,18,4,osrm
893,delivered,2025-07-03 17:30:35,2025-07-03 17:41:46.739419,2025-07-03 17:46:42.390249,2025-07-03 17:54:11.900,23.615000000000002,4.927513833333333,12,4,osrm
894,delivered,2025-07-03 17:30:51,2025-07-03 17:40:33.231626,2025-07-03 17:40:33.231626,2025-07-03 17:46:12.500,15.358333333333333,0.0,13,3,osrm
895,delivered,2025-07-03 17:31:10,2025-07-03 17:41:55.446228,2025-07-03 17:44:25.026976,2025-07-03 17:43:36.400,12.44,2.493012466666667,11,4,osrm
896,delivered,2025-07-03 17:31:52,2025-07-03 17:38:27.449638,2025-07-03 17:59:36.837644,2025-07-03 18:01:52.800,30.013333333333332,21.156466766666664,1,4,osrm
897,delivered,2025-07-03 17:31:26,2025-07-03 17:40:47.712324,2025-07-03 18:09:56.800000,2025-07-03 18:18:12.300,46.77166666666667,29.15146126666667,14,3,osrm
898,delivered,2025-07-03 17:32:48,2025-07-03 17:43:47.834914,2025-07-03 18:03:44.959887,2025-07-03 18:12:36.500,39.80833333333333,19.952082883333333,10,4,osrm
899,delivered,2025-07-03 17:32:41,2025-07-03 17:45:04.738020,2025-07-03 17:55:39.358380,2025-07-03 18:02:02.900,29.365000000000002,10.577006,5,4,osrm
900,delivered,2025-07-03 17:33:33,2025-07-03 17:41:40.146692,2025-07-03 17:41:40.146692,2025-07-03 17:49:54.100,16.351666666666667,0.0,4,4,osrm
901,delivered,2025-07-03 17:33:41,2025-07-03 17:44:25.026976,2025-07-03 17:44:25.026976,2025-07-03 17:43:36.400,9.923333333333334,0.0,11,4,osrm
902,delivered,2025-07-03 17:35:30,2025-07-03 17:52:22.331087,2025-07-03 17:52:28.336787,2025-07-03 17:56:40.100,21.168333333333333,0.100095,15,3,osrm
903,delivered,2025-07-03 17:35:11,2025-07-03 17:49:25.912148,2025-07-03 18:14:56.456778,2025-07-03 18:15:47.900,40.615,25.509077166666668,19,4,osrm
904,delivered,2025-07-03 17:36:01,2025-07-03 17:46:59.701976,2025-07-03 17:55:39.358380,2025-07-03 18:02:02.900,26.03166666666667,8.660940066666665,5,4,osrm
905,delivered,2025-07-03 17:36:27,2025-07-03 17:46:42.390249,2025-07-03 17:46:42.390249,2025-07-03 17:54:11.900,17.748333333333335,0.0,12,4,osrm
906,delivered,2025-07-03 17:36:37,2025-07-03 17:49:07.432273,2025-07-03 17:59:36.837644,2025-07-03 18:01:52.800,25.263333333333332,10.490089516666666,1,4,osrm
907,delivered,2025-07-03 17:37:48,2025-07-03 17:51:57.887135,2025-07-03 18:14:56.456778,2025-07-03 18:15:47.900,37.998333333333335,22.976160716666666,19,4,osrm
908,delivered,2025-07-03 17:37:56,2025-07-03 17:55:59.287322,2025-07-03 18:09:16.181989,2025-07-03 18:16:27.200,38.519999999999996,13.281577783333335,7,4,osrm
909,delivered,2025-07-03 17:37:10,2025-07-03 17:53:33.190778,2025-07-03 17:53:33.190778,2025-07-03 17:56:30.800,19.346666666666668,0.0,8,4,osrm
910,delivered,2025-07-03 17:38:28,2025-07-03 17:48:52.929603,2025-07-03 17:48:52.929603,2025-07-03 17:50:14.500,11.775,0.0,7,4,osrm
911,delivered,2025-07-03 17:38:31,2025-07-03 17:49:49.262501,2025-07-03 18:08:23.300000,2025-07-03 18:14:03.100,35.535,18.56729165,9,2,osrm
912,delivered,2025-07-03 17:39:21,2025-07-03 17:57:59.295011,2025-07-03 17:57:59.295011,2025-07-03 18:02:19.200,22.970000000000002,0.0,17,4,osrm
913,delivered,2025-07-03 17:39:46,2025-07-03 17:53:12.884994,2025-07-03 18:02:00.894389,2025-07-03 18:07:05.000,27.316666666666666,8.800156583333335,18,4,osrm
914,delivered,2025-07-03 17:39:13,2025-07-03 17:52:04.974641,2025-07-03 18:29:47.900000,2025-07-03 18:42:12.100,62.985,37.71542265,14,4,osrm
915,delivered,2025-07-03 17:39:48,2025-07-03 17:46:33.846191,2025-07-03 18:15:24.479467,2025-07-03 18:22:48.300,43.005,28.843887933333335,1,4,osrm
916,delivered,2025-07-03 17:39:10,2025-07-03 17:48:10.826156,2025-07-03 18:42:45.900000,2025-07-03 18:50:26.200,71.27,54.584564066666665,6,3,osrm
917,delivered,2025-07-03 17:40:57,2025-07-03 17:52:09.344128,2025-07-03 17:52:09.344128,2025-07-03 17:57:45.800,16.813333333333333,0.0,16,4,osrm
918,delivered,2025-07-03 17:40:05,2025-07-03 17:48:49.315611,2025-07-03 18:25:17.000000,2025-07-03 18:31:21.200,51.269999999999996,36.461406483333334,2,4,osrm
919,delivered,2025-07-03 17:40:13,2025-07-03 17:53:14.968076,2025-07-03 18:05:07.904320,2025-07-03 18:13:07.600,32.91,11.882270733333334,20,4,osrm
920,delivered,2025-07-03 17:40:34,2025-07-03 17:50:48.982197,2025-07-03 18:14:29.100000,2025-07-03 18:25:43.500,45.15833333333333,23.66863005,5,3,osrm
921,delivered,2025-07-03 17:40:34,2025-07-03 17:52:19.403634,2025-07-03 18:29:47.900000,2025-07-03 18:42:12.100,61.635,37.47493943333333,14,4,osrm
922,delivered,2025-07-03 17:40:04,2025-07-03 17:52:28.336787,2025-07-03 17:52:28.336787,2025-07-03 17:56:40.100,16.601666666666667,0.0,15,3,osrm
923,delivered,2025-07-03 17:41:59,2025-07-03 17:53:13.543516,2025-07-03 17:53:13.543516,2025-07-03 18:01:19.200,19.336666666666666,0.0,2,4,osrm
924,delivered,2025-07-03 17:41:16,2025-07-03 17:51:17.907655,2025-07-03 18:14:56.456778,2025-07-03 18:15:47.900,34.531666666666666,23.642485383333334,19,4,osrm
925,delivered,2025-07-03 17:41:32,2025-07-03 17:51:14.924623,2025-07-03 18:09:14.500000,2025-07-03 18:17:50.900,36.315000000000005,17.992922949999997,8,3,osrm
926,delivered,2025-07-03 17:42:18,2025-07-03 17:55:39.358380,2025-07-03 17:55:39.358380,2025-07-03 18:02:02.900,19.748333333333335,0.0,5,4,osrm
927,delivered,2025-07-03 17:42:09,2025-07-03 17:57:56.353948,2025-07-03 18:28:39.000000,2025-07-03 18:36:41.700,54.544999999999995,30.710767533333335,7,4,osrm
928,delivered,2025-07-03 17:42:22,2025-07-03 17:53:10.086219,2025-07-03 18:09:56.800000,2025-07-03 18:18:12.300,35.83833333333334,16.778563016666666,14,3,osrm
929,delivered,2025-07-03 17:43:04,2025-07-03 17:57:34.032966,2025-07-03 18:09:56.800000,2025-07-03 18:18:12.300,35.138333333333335,12.379450566666666,14,3,osrm
930,delivered,2025-07-03 17:43:29,2025-07-03 17:57:55.217789,2025-07-03 17:57:55.217789,2025-07-03 18:01:09.700,17.678333333333335,0.0,6,3,osrm
931,delivered,2025-07-03 17:43:29,2025-07-03 17:58:31.747570,2025-07-03 17:58:31.747570,2025-07-03 18:03:34.900,20.098333333333336,0.0,4,2,osrm
932,delivered,2025-07-03 17:44:31,2025-07-03 17:55:46.339698,2025-07-03 18:20:02.826886,2025-07-03 18:23:59.200,39.47,24.27478646666667,6,3,osrm
933,delivered,2025-07-03 17:45:53,2025-07-03 17:59:36.837644,2025-07-03 17:59:36.837644,2025-07-03 18:01:52.800,15.996666666666666,0.0,1,4,osrm
934,delivered,2025-07-03 17:45:12,2025-07-03 17:59:10.533953,2025-07-03 18:15:24.479467,2025-07-03 18:22:48.300,37.605000000000004,16.232425233333334,1,4,osrm
935,delivered,2025-07-03 17:45:32,2025-07-03 18:03:09.997617,2025-07-03 18:16:13.200000,2025-07-03 18:21:43.700,36.195,13.053373050000001,11,3,osrm
936,delivered,2025-07-03 17:46:25,2025-07-03 17:58:04.475318,2025-07-03 18:14:29.100000,2025-07-03 18:25:43.500,39.30833333333333,16.41041136666667,5,3,osrm
937,delivered,2025-07-03 17:46:03,2025-07-03 18:01:36.488068,2025-07-03 18:09:14.500000,2025-07-03 18:17:50.900,31.798333333333336,7.6335322,8,3,osrm
938,delivered,2025-07-03 17:46:45,2025-07-03 18:03:36.199947,2025-07-03 18:22:31.500000,2025-07-03 18:32:32.700,45.794999999999995,18.92166755,18,2,osrm
939,delivered,2025-07-03 17:46:08,2025-07-03 17:57:56.285238,2025-07-03 18:43:30.400000,2025-07-03 18:50:17.600,64.16,45.56857936666667,2,3,osrm
940,delivered,2025-07-03 17:46:01,2025-07-03 17:55:31.420289,2025-07-03 18:15:24.479467,2025-07-03 18:22:48.300,36.788333333333334,19.884319633333334,1,4,osrm
941,delivered,2025-07-03 17:47:42,2025-07-03 17:58:56.717570,2025-07-03 18:00:20.296432,2025-07-03 18:04:36.200,16.903333333333332,1.3929810333333335,11,4,osrm
942,delivered,2025-07-03 17:47:01,2025-07-03 18:01:17.663195,2025-07-03 18:09:14.500000,2025-07-03 18:17:50.900,30.831666666666667,7.947280083333334,8,3,osrm
943,delivered,2025-07-03 17:47:27,2025-07-03 17:58:50.577434,2025-07-03 18:25:17.000000,2025-07-03 18:31:21.200,43.90333333333333,26.440376099999998,2,4,osrm
944,delivered,2025-07-03 17:49:55,2025-07-03 17:59:00.702539,2025-07-03 18:20:02.826886,2025-07-03 18:23:59.200,34.07,21.03540578333333,6,3,osrm
945,delivered,2025-07-03 17:49:31,2025-07-03 18:00:20.296432,2025-07-03 18:00:20.296432,2025-07-03 18:04:36.200,15.086666666666668,0.0,11,4,osrm
946,delivered,2025-07-03 17:49:26,2025-07-03 17:57:06.179756,2025-07-03 17:59:36.837644,2025-07-03 18:01:52.800,12.446666666666665,2.5109648000000004,1,4,osrm
947,delivered,2025-07-03 17:50:00,2025-07-03 18:05:07.904320,2025-07-03 18:05:07.904320,2025-07-03 18:13:07.600,23.126666666666665,0.0,20,4,osrm
948,delivered,2025-07-03 17:51:18,2025-07-03 18:01:49.654903,2025-07-03 18:14:29.100000,2025-07-03 18:25:43.500,34.425,12.657418283333334,5,3,osrm
949,delivered,2025-07-03 17:52:20,2025-07-03 18:02:00.894389,2025-07-03 18:02:00.894389,2025-07-03 18:07:05.000,14.75,0.0,18,4,osrm
950,delivered,2025-07-03 17:52:38,2025-07-03 18:03:44.959887,2025-07-03 18:03:44.959887,2025-07-03 18:12:36.500,19.975,0.0,10,4,osrm
951,delivered,2025-07-03 17:53:24,2025-07-03 18:06:45.841976,2025-07-03 18:08:23.300000,2025-07-03 18:14:03.100,20.651666666666664,1.6243003999999999,9,2,osrm
952,delivered,2025-07-03 17:53:05,2025-07-03 18:08:30.632820,2025-07-03 18:23:53.400000,2025-07-03 18:32:26.400,39.35666666666667,15.379453000000002,16,3,osrm
953,delivered,2025-07-03 17:54:26,2025-07-03 18:13:08.621435,2025-07-03 18:13:08.621435,2025-07-03 18:15:07.300,20.688333333333333,0.0,16,2,osrm
954,delivered,2025-07-03 17:54:02,2025-07-03 18:07:42.210128,2025-07-03 18:23:53.400000,2025-07-03 18:32:26.400,38.406666666666666,16.186497866666667,16,3,osrm
955,delivered,2025-07-03 17:56:30,2025-07-03 18:04:36.463123,2025-07-03 18:27:48.970459,2025-07-03 18:30:13.300,33.721666666666664,23.208455599999997,4,4,osrm
956,delivered,2025-07-03 17:57:58,2025-07-03 18:06:53.137374,2025-07-03 18:10:50.244279,2025-07-03 18:13:06.300,15.138333333333332,3.9517817500000003,3,4,osrm
957,delivered,2025-07-03 17:57:53,2025-07-03 18:08:21.625382,2025-07-03 18:08:21.625382,2025-07-03 18:19:49.600,21.94333333333333,0.0,12,4,osrm
958,delivered,2025-07-03 17:57:14,2025-07-03 18:10:38.794386,2025-07-03 18:25:17.000000,2025-07-03 18:31:21.200,34.12,14.636760233333332,2,4,osrm
959,delivered,2025-07-03 17:58:03,2025-07-03 18:09:16.181989,2025-07-03 18:09:16.181989,2025-07-03 18:16:27.200,18.403333333333332,0.0,7,4,osrm
960,delivered,2025-07-03 17:59:44,2025-07-03 18:14:56.456778,2025-07-03 18:14:56.456778,2025-07-03 18:15:47.900,16.065,0.0,19,4,osrm
961,delivered,2025-07-03 18:00:09,2025-07-03 18:10:50.244279,2025-07-03 18:10:50.244279,2025-07-03 18:13:06.300,12.955,0.0,3,4,osrm
962,delivered,2025-07-03 18:00:00,2025-07-03 18:05:00.000000,2025-07-03 18:48:57.419076,2025-07-03 18:43:02.900,43.04833333333333,43.956984600000006,17,2,osrm
963,delivered,2025-07-03 18:02:56,2025-07-03 18:12:26.605957,2025-07-03 18:45:21.100000,2025-07-03 18:54:02.700,51.111666666666665,32.90823405,1,2,osrm
964,delivered,2025-07-03 18:02:46,2025-07-03 18:16:48.930069,2025-07-03 18:37:23.859872,2025-07-03 18:32:32.000,29.766666666666666,20.582163383333334,9,4,osrm
965,delivered,2025-07-03 18:03:42,2025-07-03 18:20:02.826886,2025-07-03 18:20:02.826886,2025-07-03 18:23:59.200,20.28666666666667,0.0,6,3,osrm
966,delivered,2025-07-03 18:03:08,2025-07-03 18:13:50.312835,2025-07-03 18:29:40.400000,2025-07-03 18:36:27.700,33.32833333333333,15.834786083333334,19,2,osrm
967,delivered,2025-07-03 18:03:53,2025-07-03 18:19:38.665248,2025-07-03 18:29:40.400000,2025-07-03 18:36:27.700,32.57833333333333,10.028912533333333,19,2,osrm
968,delivered,2025-07-03 18:04:21,2025-07-03 18:16:09.373829,2025-07-03 18:29:47.900000,2025-07-03 18:42:12.100,37.85166666666667,13.642102849999999,14,4,osrm
969,delivered,2025-07-03 18:05:37,2025-07-03 18:12:32.731829,2025-07-03 18:16:13.200000,2025-07-03 18:21:43.700,16.111666666666668,3.674469516666667,11,3,osrm
970,delivered,2025-07-03 18:05:12,2025-07-03 18:17:11.743115,2025-07-03 18:22:31.500000,2025-07-03 18:32:32.700,27.345000000000002,5.329281416666666,18,2,osrm
971,delivered,2025-07-03 18:05:23,2025-07-03 18:15:24.479467,2025-07-03 18:15:24.479467,2025-07-03 18:22:48.300,17.421666666666667,0.0,1,4,osrm
972,delivered,2025-07-03 18:06:41,2025-07-03 18:17:55.783906,2025-07-03 18:37:54.642101,2025-07-03 18:43:46.700,37.095,19.980969916666666,20,4,osrm
973,delivered,2025-07-03 18:06:09,2025-07-03 18:17:50.407715,2025-07-03 18:17:50.407715,2025-07-03 18:20:08.100,13.985000000000001,0.0,17,3,osrm
974,delivered,2025-07-03 18:07:17,2025-07-03 18:15:46.657781,2025-07-03 18:37:23.200000,2025-07-03 18:48:04.600,40.79333333333333,21.609036983333333,11,3,osrm
975,delivered,2025-07-03 18:07:48,2025-07-03 18:24:34.296960,2025-07-03 18:40:12.480152,2025-07-03 18:43:47.600,35.99333333333333,15.636386533333333,5,3,osrm
976,delivered,2025-07-03 18:09:02,2025-07-03 18:20:43.640302,2025-07-03 18:23:53.400000,2025-07-03 18:32:26.400,23.40666666666667,3.1626616333333333,16,3,osrm
977,delivered,2025-07-03 18:09:28,2025-07-03 18:18:08.909449,2025-07-03 18:39:15.213558,2025-07-03 18:40:59.100,31.51833333333333,21.105068483333334,3,3,osrm
978,delivered,2025-07-03 18:10:32,2025-07-03 18:23:08.822642,2025-07-03 18:41:49.294714,2025-07-03 18:47:49.000,37.28333333333333,18.674534533333333,12,3,osrm
979,delivered,2025-07-03 18:11:10,2025-07-03 18:27:22.776106,2025-07-03 18:37:23.859872,2025-07-03 18:32:32.000,21.366666666666667,10.018062766666667,9,4,osrm
980,delivered,2025-07-03 18:11:58,2025-07-03 18:22:20.928711,2025-07-03 18:39:15.213558,2025-07-03 18:40:59.100,29.01833333333333,16.90474745,3,3,osrm
981,delivered,2025-07-03 18:11:32,2025-07-03 18:26:12.596732,2025-07-03 18:40:12.480152,2025-07-03 18:43:47.600,32.26,13.998057,5,3,osrm
982,delivered,2025-07-03 18:11:20,2025-07-03 18:26:10.649774,2025-07-03 18:45:04.600000,2025-07-03 18:51:50.900,40.515,18.89917043333333,10,3,osrm
983,delivered,2025-07-03 18:12:38,2025-07-03 18:23:56.423065,2025-07-03 18:28:17.100000,2025-07-03 18:34:40.100,22.035,4.344615583333334,15,2,osrm
984,delivered,2025-07-03 18:14:28,2025-07-03 18:25:33.358814,2025-07-03 18:41:49.294714,2025-07-03 18:47:49.000,33.35,16.265598333333333,12,3,osrm
985,delivered,2025-07-03 18:14:21,2025-07-03 18:29:49.358202,2025-07-03 18:37:54.642101,2025-07-03 18:43:46.700,29.428333333333335,8.088064983333334,20,4,osrm
986,delivered,2025-07-03 18:14:11,2025-07-03 18:27:48.970459,2025-07-03 18:27:48.970459,2025-07-03 18:30:13.300,16.038333333333334,0.0,4,4,osrm
987,delivered,2025-07-03 18:15:45,2025-07-03 18:30:03.252034,2025-07-03 18:51:04.075687,2025-07-03 18:50:03.900,34.315000000000005,21.01372755,9,4,osrm
988,delivered,2025-07-03 18:16:58,2025-07-03 18:25:46.757604,2025-07-03 18:37:23.200000,2025-07-03 18:48:04.600,31.11,11.607373266666666,11,3,osrm
989,delivered,2025-07-03 18:17:37,2025-07-03 18:32:02.518457,2025-07-03 18:45:04.600000,2025-07-03 18:51:50.900,34.23166666666667,13.034692383333333,10,3,osrm
990,delivered,2025-07-03 18:18:55,2025-07-03 18:37:23.859872,2025-07-03 18:37:23.859872,2025-07-03 18:32:32.000,13.616666666666667,0.0,9,4,osrm
991,delivered,2025-07-03 18:18:32,2025-07-03 18:29:51.846900,2025-07-03 18:37:23.200000,2025-07-03 18:48:04.600,29.543333333333333,7.522551666666667,11,3,osrm
992,delivered,2025-07-03 18:18:37,2025-07-03 18:29:09.082667,2025-07-03 18:45:04.600000,2025-07-03 18:51:50.900,33.23166666666667,15.925288883333334,10,3,osrm
993,delivered,2025-07-03 18:20:12,2025-07-03 18:26:56.285904,2025-07-03 18:46:13.900000,2025-07-03 18:52:14.800,32.04666666666667,19.293568266666668,16,2,osrm
994,delivered,2025-07-03 18:21:07,2025-07-03 18:34:47.521177,2025-07-03 18:52:49.400000,2025-07-03 18:55:35.400,34.473333333333336,18.031313716666666,17,1,osrm
995,delivered,2025-07-03 18:22:05,2025-07-03 18:30:59.922888,2025-07-03 18:51:06.735030,2025-07-03 18:58:20.500,36.25833333333333,20.1135357,13,2,osrm
996,delivered,2025-07-03 18:24:48,2025-07-03 18:39:15.213558,2025-07-03 18:39:15.213558,2025-07-03 18:40:59.100,16.185,0.0,3,3,osrm
997,delivered,2025-07-03 18:24:45,2025-07-03 18:37:27.867322,2025-07-03 18:44:23.180387,2025-07-03 18:48:49.100,24.06833333333333,6.921884416666667,15,4,osrm
998,delivered,2025-07-03 18:24:38,2025-07-03 18:33:56.006635,2025-07-03 18:46:13.900000,2025-07-03 18:52:14.800,27.613333333333333,12.29822275,16,2,osrm
999,delivered,2025-07-03 18:24:53,2025-07-03 18:37:54.642101,2025-07-03 18:37:54.642101,2025-07-03 18:43:46.700,18.895,0.0,20,4,osrm
1000,delivered,2025-07-03 18:24:03,2025-07-03 18:35:09.316596,2025-07-03 18:53:43.000000,2025-07-03 19:00:04.900,36.031666666666666,18.561390066666668,4,2,osrm
1001,delivered,2025-07-03 18:26:05,2025-07-03 18:36:28.379116,2025-07-03 18:44:23.180387,2025-07-03 18:48:49.100,22.735,7.913354516666667,15,4,osrm
1002,delivered,2025-07-03 18:26:53,2025-07-03 18:40:12.480152,2025-07-03 18:40:12.480152,2025-07-03 18:43:47.600,16.91,0.0,5,3,osrm
1003,delivered,2025-07-03 18:26:59,2025-07-03 18:39:12.876905,2025-07-03 18:44:23.180387,2025-07-03 18:48:49.100,21.834999999999997,5.1717246999999995,15,4,osrm
1004,delivered,2025-07-03 18:27:58,2025-07-03 18:41:49.294714,2025-07-03 18:41:49.294714,2025-07-03 18:47:49.000,19.85,0.0,12,3,osrm
1005,delivered,2025-07-03 18:27:06,2025-07-03 18:41:28.400121,2025-07-03 18:48:47.000000,2025-07-03 18:51:07.100,24.01833333333333,7.309997983333333,7,1,osrm
1006,delivered,2025-07-03 18:28:27,2025-07-03 18:35:02.315913,2025-07-03 18:37:54.642101,2025-07-03 18:43:46.700,15.328333333333335,2.8721031333333333,20,4,osrm
1007,delivered,2025-07-03 18:33:38,2025-07-03 18:47:58.785158,2025-07-03 19:11:10.484669,2025-07-03 19:10:48.000,37.166666666666664,23.19499185,2,3,osrm
1008,delivered,2025-07-03 18:33:39,2025-07-03 18:44:23.180387,2025-07-03 18:44:23.180387,2025-07-03 18:48:49.100,15.168333333333333,0.0,15,4,osrm
1009,delivered,2025-07-03 18:35:00,2025-07-03 18:48:57.419076,2025-07-03 18:48:57.419076,2025-07-03 18:43:02.900,8.048333333333334,0.0,17,2,osrm
1010,delivered,2025-07-03 18:35:10,2025-07-03 18:49:51.876329,2025-07-03 18:53:59.800000,2025-07-03 18:57:11.700,22.028333333333332,4.132061183333334,3,1,osrm
1011,delivered,2025-07-03 18:35:12,2025-07-03 18:45:09.155016,2025-07-03 19:04:05.884830,2025-07-03 19:08:35.400,33.39,18.945496900000002,6,2,osrm
1012,delivered,2025-07-03 18:35:54,2025-07-03 18:53:39.946237,2025-07-03 18:59:34.100000,2025-07-03 19:03:47.900,27.898333333333333,5.902562716666667,9,2,osrm
1013,delivered,2025-07-03 18:35:31,2025-07-03 18:43:49.576416,2025-07-03 18:51:04.075687,2025-07-03 18:50:03.900,14.548333333333334,7.241654516666667,9,4,osrm
1014,delivered,2025-07-03 18:36:35,2025-07-03 18:51:04.075687,2025-07-03 18:51:04.075687,2025-07-03 18:50:03.900,13.481666666666666,0.0,9,4,osrm
1015,delivered,2025-07-03 18:36:35,2025-07-03 18:47:17.411514,2025-07-03 19:13:18.127734,2025-07-03 19:10:36.900,34.031666666666666,26.011937,14,3,osrm
1016,delivered,2025-07-03 18:37:29,2025-07-03 18:53:04.475707,2025-07-03 19:08:45.400000,2025-07-03 19:11:53.100,34.401666666666664,15.68207155,11,1,osrm
1017,delivered,2025-07-03 18:38:12,2025-07-03 18:47:20.757036,2025-07-03 18:51:04.075687,2025-07-03 18:50:03.900,11.865,3.7219775166666667,9,4,osrm
1018,delivered,2025-07-03 18:38:35,2025-07-03 18:51:06.735030,2025-07-03 18:51:06.735030,2025-07-03 18:58:20.500,19.758333333333333,0.0,13,2,osrm
1019,delivered,2025-07-03 18:40:46,2025-07-03 18:53:01.295192,2025-07-03 19:04:53.900000,2025-07-03 19:07:24.600,26.64333333333333,11.876746800000001,20,1,osrm
1020,delivered,2025-07-03 18:40:10,2025-07-03 18:53:11.235665,2025-07-03 19:09:20.700000,2025-07-03 19:13:08.200,32.97,16.157738916666666,18,1,osrm
1021,delivered,2025-07-03 18:41:07,2025-07-03 18:51:46.158693,2025-07-03 18:53:43.000000,2025-07-03 19:00:04.900,18.965,1.9473551166666667,4,2,osrm
1022,delivered,2025-07-03 18:43:24,2025-07-03 18:52:57.713941,2025-07-03 19:09:23.300000,2025-07-03 19:13:12.100,29.801666666666666,16.426434316666665,8,1,osrm
1023,delivered,2025-07-03 18:43:43,2025-07-03 18:53:25.953294,2025-07-03 19:11:10.484669,2025-07-03 19:10:48.000,27.083333333333332,17.742189583333335,2,3,osrm
1024,delivered,2025-07-03 18:46:43,2025-07-03 18:56:13.089807,2025-07-03 19:08:54.300000,2025-07-03 19:10:49.000,24.1,12.68683655,3,1,osrm
1025,delivered,2025-07-03 18:46:49,2025-07-03 18:56:56.734171,2025-07-03 19:10:27.600000,2025-07-03 19:14:58.200,28.153333333333332,13.514430483333333,17,1,osrm
1026,delivered,2025-07-03 18:46:15,2025-07-03 18:58:47.863978,2025-07-03 19:10:16.400000,2025-07-03 19:13:19.600,27.076666666666664,11.475600366666667,12,1,osrm
1027,delivered,2025-07-03 18:47:38,2025-07-03 18:56:39.318789,2025-07-03 19:10:24.000000,2025-07-03 19:14:22.400,26.740000000000002,13.744686849999999,4,1,osrm
1028,delivered,2025-07-03 18:49:34,2025-07-03 18:55:35.662631,2025-07-03 18:59:42.300000,2025-07-03 19:00:45.600,11.193333333333333,4.110622816666667,15,1,osrm
1029,delivered,2025-07-03 18:49:39,2025-07-03 18:55:50.625888,2025-07-03 18:59:34.100000,2025-07-03 19:03:47.900,14.148333333333333,3.724568533333333,9,2,osrm
1030,delivered,2025-07-03 18:51:40,2025-07-03 19:03:00.949003,2025-07-03 19:03:09.300000,2025-07-03 19:08:56.400,17.273333333333333,0.13918328333333332,1,2,osrm
1031,delivered,2025-07-03 18:52:54,2025-07-03 19:05:56.479824,2025-07-03 19:13:18.127734,2025-07-03 19:10:36.900,17.715,7.3607985000000005,14,3,osrm
1032,delivered,2025-07-03 18:52:42,2025-07-03 19:00:30.844797,2025-07-03 19:03:09.300000,2025-07-03 19:08:56.400,16.24,2.64092005,1,2,osrm
1033,delivered,2025-07-03 18:54:34,2025-07-03 19:04:05.884830,2025-07-03 19:04:05.884830,2025-07-03 19:08:35.400,14.023333333333333,0.0,6,2,osrm
1034,delivered,2025-07-03 18:54:09,2025-07-03 19:03:29.577194,2025-07-03 19:05:41.400000,2025-07-03 19:09:30.500,15.358333333333333,2.197046766666667,16,1,osrm
1035,delivered,2025-07-03 18:55:54,2025-07-03 19:11:10.484669,2025-07-03 19:11:10.484669,2025-07-03 19:10:48.000,14.9,0.0,2,3,osrm
1036,delivered,2025-07-03 18:58:50,2025-07-03 19:08:51.277961,2025-07-03 19:09:51.500000,2025-07-03 19:12:46.800,13.946666666666665,1.00370065,13,1,osrm
1037,delivered,2025-07-03 18:58:29,2025-07-03 19:13:18.127734,2025-07-03 19:13:18.127734,2025-07-03 19:10:36.900,12.131666666666666,0.0,14,3,osrm
