order_id,status,placement_time,ready_time,pickup_time,delivery_time,click_to_door,ready_to_pickup,courier_id,bundle_size,routing_source
0,delivered,2025-07-03 08:00:52,2025-07-03 08:10:43.787669,2025-07-03 08:11:07.000000,2025-07-03 08:13:29.700,12.628333333333334,0.38687218333333334,5,1,osrm
1,delivered,2025-07-03 08:01:02,2025-07-03 08:10:21.169219,2025-07-03 08:10:58.600000,2025-07-03 08:14:39.600,13.626666666666667,0.6238463500000001,2,1,osrm
2,delivered,2025-07-03 08:01:14,2025-07-03 08:11:02.810062,2025-07-03 08:16:55.900000,2025-07-03 08:19:05.600,17.86,5.8848323,13,1,osrm
3,delivered,2025-07-03 08:01:20,2025-07-03 08:12:13.218465,2025-07-03 08:15:43.000000,2025-07-03 08:18:05.600,16.76,3.4963589166666664,12,1,osrm
4,delivered,2025-07-03 08:02:19,2025-07-03 08:19:13.539076,2025-07-03 08:29:10.200000,2025-07-03 08:33:34.600,31.259999999999998,9.944348733333333,31,2,osrm
5,delivered,2025-07-03 08:03:58,2025-07-03 08:18:37.905290,2025-07-03 08:19:40.200000,2025-07-03 08:23:06.200,19.136666666666667,1.0382451666666668,28,1,osrm
6,delivered,2025-07-03 08:03:03,2025-07-03 08:19:26.151032,2025-07-03 08:21:55.900000,2025-07-03 08:24:01.900,20.98166666666667,2.4958161333333333,30,1,osrm
7,delivered,2025-07-03 08:04:40,2025-07-03 08:18:40.243824,2025-07-03 08:20:33.000000,2025-07-03 08:25:07.800,20.46333333333333,1.8792696,26,1,osrm
8,delivered,2025-07-03 08:04:12,2025-07-03 08:18:53.801032,2025-07-03 08:19:09.100000,2025-07-03 08:23:07.400,18.923333333333336,0.2549828,4,1,osrm
9,delivered,2025-07-03 08:06:11,2025-07-03 08:22:05.668432,2025-07-03 08:25:29.500000,2025-07-03 08:28:02.700,21.861666666666668,3.3971928,44,1,osrm
10,delivered,2025-07-03 08:07:22,2025-07-03 08:16:39.432885,2025-07-03 08:42:21.437245,2025-07-03 08:40:29.800,33.13,25.700072666666664,19,3,osrm
11,delivered,2025-07-03 08:07:31,2025-07-03 08:13:58.290703,2025-07-03 08:15:58.600000,2025-07-03 08:18:19.900,10.815,2.00515495,11,1,osrm
12,delivered,2025-07-03 08:07:58,2025-07-03 08:19:13.631967,2025-07-03 08:20:22.300000,2025-07-03 08:23:18.500,15.341666666666667,1.1444672166666665,10,1,osrm
13,delivered,2025-07-03 08:08:33,2025-07-03 08:21:15.634952,2025-07-03 08:41:02.651553,2025-07-03 08:49:04.500,40.525,19.783610016666668,55,3,osrm
14,delivered,2025-07-03 08:10:44,2025-07-03 08:22:32.687908,2025-07-03 08:42:58.962465,2025-07-03 08:48:45.000,38.016666666666666,20.437909283333333,18,3,osrm
15,delivered,2025-07-03 08:10:17,2025-07-03 08:21:13.778559,2025-07-03 08:38:08.500000,2025-07-03 08:47:39.300,37.37166666666667,16.912024016666667,3,3,osrm
16,delivered,2025-07-03 08:10:41,2025-07-03 08:17:50.186011,2025-07-03 08:21:01.200000,2025-07-03 08:22:48.900,12.131666666666666,3.1835664833333337,29,1,osrm
17,delivered,2025-07-03 08:10:23,2025-07-03 08:26:04.502339,2025-07-03 08:45:28.214402,2025-07-03 08:52:34.000,42.18333333333333,19.39520105,15,3,osrm
18,delivered,2025-07-03 08:11:06,2025-07-03 08:24:07.028495,2025-07-03 08:26:49.400000,2025-07-03 08:29:37.000,18.516666666666666,2.7061917500000003,23,1,osrm
19,delivered,2025-07-03 08:11:54,2025-07-03 08:20:54.003797,2025-07-03 08:39:01.099622,2025-07-03 08:45:46.300,33.87166666666666,18.11826375,44,3,osrm
20,delivered,2025-07-03 08:11:59,2025-07-03 08:24:41.264474,2025-07-03 08:44:14.134019,2025-07-03 08:44:04.900,32.098333333333336,19.54782575,52,3,osrm
21,delivered,2025-07-03 08:12:44,2025-07-03 08:24:13.142012,2025-07-03 08:49:30.894661,2025-07-03 08:49:09.800,36.43,25.295877483333335,16,2,osrm
22,delivered,2025-07-03 08:13:11,2025-07-03 08:24:42.610251,2025-07-03 08:38:44.000000,2025-07-03 08:49:01.200,35.836666666666666,14.023162483333333,54,3,osrm
23,delivered,2025-07-03 08:13:30,2025-07-03 08:26:40.738815,2025-07-03 08:29:10.200000,2025-07-03 08:33:34.600,20.076666666666664,2.49101975,31,2,osrm
24,delivered,2025-07-03 08:13:11,2025-07-03 08:27:57.197058,2025-07-03 08:44:25.500000,2025-07-03 08:53:21.400,40.17333333333333,16.4717157,48,3,osrm
25,delivered,2025-07-03 08:13:50,2025-07-03 08:24:43.816973,2025-07-03 08:31:10.600000,2025-07-03 08:34:50.000,21.0,6.446383783333333,13,2,osrm
26,delivered,2025-07-03 08:14:14,2025-07-03 08:31:39.186501,2025-07-03 08:33:43.600000,2025-07-03 08:36:43.200,22.486666666666668,2.073558316666667,7,1,osrm
27,delivered,2025-07-03 08:15:55,2025-07-03 08:29:11.115535,2025-07-03 08:38:36.800000,2025-07-03 08:45:29.400,29.573333333333334,9.428074416666668,36,3,osrm
28,delivered,2025-07-03 08:15:46,2025-07-03 08:29:02.567551,2025-07-03 08:44:10.200000,2025-07-03 08:49:07.300,33.355,15.127207483333333,26,3,osrm
29,delivered,2025-07-03 08:16:08,2025-07-03 08:23:23.092729,2025-07-03 08:24:06.064909,2025-07-03 08:27:35.400,11.456666666666667,0.716203,17,3,osrm
30,delivered,2025-07-03 08:16:10,2025-07-03 08:34:12.241958,2025-07-03 08:42:58.962465,2025-07-03 08:48:45.000,32.583333333333336,8.778675116666667,18,3,osrm
31,delivered,2025-07-03 08:17:30,2025-07-03 08:32:47.273998,2025-07-03 08:42:21.437245,2025-07-03 08:40:29.800,22.996666666666666,9.569387449999999,19,3,osrm
32,delivered,2025-07-03 08:17:56,2025-07-03 08:24:06.064909,2025-07-03 08:24:06.064909,2025-07-03 08:27:35.400,9.656666666666666,0.0,17,3,osrm
33,delivered,2025-07-03 08:17:01,2025-07-03 08:25:59.242424,2025-07-03 08:41:02.651553,2025-07-03 08:49:04.500,32.05833333333333,15.056818816666667,55,3,osrm
34,delivered,2025-07-03 08:17:32,2025-07-03 08:31:14.253581,2025-07-03 08:44:25.500000,2025-07-03 08:53:21.400,35.82333333333334,13.187440316666665,48,3,osrm
35,delivered,2025-07-03 08:17:59,2025-07-03 08:29:45.849566,2025-07-03 08:46:51.976434,2025-07-03 08:57:11.900,39.215,17.102114466666666,14,2,osrm
36,delivered,2025-07-03 08:18:19,2025-07-03 08:26:25.149925,2025-07-03 08:48:27.132968,2025-07-03 08:46:43.400,28.40666666666667,22.033050716666665,1,4,osrm
37,delivered,2025-07-03 08:18:21,2025-07-03 08:32:37.818423,2025-07-03 08:39:19.500000,2025-07-03 08:43:54.200,25.553333333333335,6.69469295,38,3,osrm
38,delivered,2025-07-03 08:18:29,2025-07-03 08:32:30.312812,2025-07-03 08:51:35.821117,2025-07-03 08:52:54.200,34.419999999999995,19.091805083333334,31,4,osrm
39,delivered,2025-07-03 08:19:54,2025-07-03 08:30:30.329130,2025-07-03 08:31:10.600000,2025-07-03 08:34:50.000,14.933333333333334,0.6711811666666667,13,2,osrm
40,delivered,2025-07-03 08:19:13,2025-07-03 08:33:15.677570,2025-07-03 08:38:44.000000,2025-07-03 08:49:01.200,29.803333333333335,5.4720405,54,3,osrm
41,delivered,2025-07-03 08:19:17,2025-07-03 08:34:22.148973,2025-07-03 08:43:06.100000,2025-07-03 08:47:51.600,28.576666666666664,8.732517116666665,39,2,osrm
42,delivered,2025-07-03 08:19:40,2025-07-03 08:30:50.742687,2025-07-03 08:51:35.821117,2025-07-03 08:52:54.200,33.236666666666665,20.751307166666667,31,4,osrm
43,delivered,2025-07-03 08:20:39,2025-07-03 08:35:33.440162,2025-07-03 08:38:08.500000,2025-07-03 08:47:39.300,27.005,2.5843306333333333,3,3,osrm
44,delivered,2025-07-03 08:20:29,2025-07-03 08:34:51.921388,2025-07-03 08:44:13.300000,2025-07-03 08:50:42.300,30.221666666666668,9.3563102,45,2,osrm
45,delivered,2025-07-03 08:21:10,2025-07-03 08:35:00.929404,2025-07-03 08:57:37.454901,2025-07-03 08:53:58.300,32.805,22.608758283333334,19,3,osrm
46,delivered,2025-07-03 08:21:03,2025-07-03 08:27:27.932618,2025-07-03 08:51:51.526201,2025-07-03 08:56:29.300,35.43833333333334,24.393226383333335,51,3,osrm
47,delivered,2025-07-03 08:21:45,2025-07-03 08:35:12.914726,2025-07-03 08:44:14.134019,2025-07-03 08:44:04.900,22.331666666666667,9.02032155,52,3,osrm
48,delivered,2025-07-03 08:21:02,2025-07-03 08:29:38.327590,2025-07-03 08:51:51.526201,2025-07-03 08:56:29.300,35.455000000000005,22.219976850000002,51,3,osrm
49,delivered,2025-07-03 08:21:46,2025-07-03 08:26:46.000000,2025-07-03 08:46:20.003301,2025-07-03 08:51:05.600,29.326666666666664,19.566721683333334,47,2,osrm
50,delivered,2025-07-03 08:22:15,2025-07-03 08:34:49.346463,2025-07-03 08:38:08.500000,2025-07-03 08:47:39.300,25.404999999999998,3.3192256166666665,3,3,osrm
51,delivered,2025-07-03 08:22:40,2025-07-03 08:31:55.979461,2025-07-03 08:45:28.214402,2025-07-03 08:52:34.000,29.9,13.537249016666667,15,3,osrm
52,delivered,2025-07-03 08:22:31,2025-07-03 08:35:06.129410,2025-07-03 08:38:44.000000,2025-07-03 08:49:01.200,26.503333333333334,3.6311765,54,3,osrm
53,delivered,2025-07-03 08:23:35,2025-07-03 08:35:34.567397,2025-07-03 08:44:25.500000,2025-07-03 08:53:21.400,29.773333333333333,8.848876716666666,48,3,osrm
54,delivered,2025-07-03 08:23:29,2025-07-03 08:33:41.915698,2025-07-03 08:36:07.800000,2025-07-03 08:40:20.700,16.861666666666668,2.4314050333333332,4,1,osrm
55,delivered,2025-07-03 08:23:32,2025-07-03 08:33:35.644131,2025-07-03 08:54:06.394834,2025-07-03 08:55:44.300,32.205,20.512511716666666,24,3,osrm
56,delivered,2025-07-03 08:24:21,2025-07-03 08:39:01.099622,2025-07-03 08:39:01.099622,2025-07-03 08:45:46.300,21.421666666666667,0.0,44,3,osrm
57,delivered,2025-07-03 08:24:08,2025-07-03 08:35:43.396488,2025-07-03 08:39:01.099622,2025-07-03 08:45:46.300,21.638333333333332,3.2950522333333336,44,3,osrm
58,delivered,2025-07-03 08:24:52,2025-07-03 08:33:59.557046,2025-07-03 08:38:36.800000,2025-07-03 08:45:29.400,20.623333333333335,4.6207158999999995,36,3,osrm
59,delivered,2025-07-03 08:24:04,2025-07-03 08:32:22.581694,2025-07-03 08:48:27.132968,2025-07-03 08:46:43.400,22.65666666666667,16.075854566666667,1,4,osrm
60,delivered,2025-07-03 08:25:53,2025-07-03 08:42:23.574070,2025-07-03 08:52:01.900000,2025-07-03 08:55:48.900,29.93166666666667,9.6387655,12,1,osrm
61,delivered,2025-07-03 08:25:25,2025-07-03 08:37:06.448157,2025-07-03 08:44:10.200000,2025-07-03 08:49:07.300,23.705,7.062530716666667,26,3,osrm
62,delivered,2025-07-03 08:25:57,2025-07-03 08:31:39.894758,2025-07-03 08:48:31.000000,2025-07-03 08:54:59.500,29.041666666666668,16.851754033333332,17,3,osrm
63,delivered,2025-07-03 08:25:36,2025-07-03 08:40:12.299684,2025-07-03 08:54:27.682865,2025-07-03 08:58:55.400,33.32333333333334,14.256386350000001,41,2,osrm
64,delivered,2025-07-03 08:26:06,2025-07-03 08:37:30.647788,2025-07-03 08:39:19.500000,2025-07-03 08:43:54.200,17.803333333333335,1.8142035333333333,38,3,osrm
65,delivered,2025-07-03 08:26:56,2025-07-03 08:36:02.333192,2025-07-03 08:53:32.300000,2025-07-03 08:59:20.800,32.413333333333334,17.499446799999998,33,2,osrm
66,delivered,2025-07-03 08:26:07,2025-07-03 08:42:28.432022,2025-07-03 08:48:31.000000,2025-07-03 08:54:59.500,28.875,6.042799633333333,17,3,osrm
67,delivered,2025-07-03 08:26:53,2025-07-03 08:39:36.185534,2025-07-03 08:59:33.221064,2025-07-03 09:03:07.200,36.236666666666665,19.95059216666667,13,3,osrm
68,delivered,2025-07-03 08:26:30,2025-07-03 08:40:15.901322,2025-07-03 09:02:47.794920,2025-07-03 09:04:33.900,38.065000000000005,22.53155996666667,20,3,osrm
69,delivered,2025-07-03 08:26:03,2025-07-03 08:36:18.705566,2025-07-03 08:54:55.935319,2025-07-03 09:01:11.100,35.135,18.620495883333334,38,4,osrm
70,delivered,2025-07-03 08:27:55,2025-07-03 08:35:35.253641,2025-07-03 08:44:13.300000,2025-07-03 08:50:42.300,22.788333333333334,8.634105983333335,45,2,osrm
71,delivered,2025-07-03 08:27:54,2025-07-03 08:36:45.545586,2025-07-03 08:39:19.500000,2025-07-03 08:43:54.200,16.003333333333334,2.5659069000000003,38,3,osrm
72,delivered,2025-07-03 08:27:45,2025-07-03 08:40:29.839627,2025-07-03 08:54:46.500000,2025-07-03 08:57:15.100,29.501666666666665,14.277672883333334,49,1,osrm
73,delivered,2025-07-03 08:28:46,2025-07-03 08:42:21.437245,2025-07-03 08:42:21.437245,2025-07-03 08:40:29.800,11.729999999999999,0.0,19,3,osrm
74,delivered,2025-07-03 08:28:52,2025-07-03 08:41:10.143042,2025-07-03 08:54:06.394834,2025-07-03 08:55:44.300,26.871666666666666,12.937529866666667,24,3,osrm
75,delivered,2025-07-03 08:28:28,2025-07-03 08:44:14.134019,2025-07-03 08:44:14.134019,2025-07-03 08:44:04.900,15.615,0.0,52,3,osrm
76,delivered,2025-07-03 08:28:20,2025-07-03 08:40:25.223226,2025-07-03 09:04:11.384607,2025-07-03 08:57:16.300,28.938333333333333,23.76935635,2,2,osrm
77,delivered,2025-07-03 08:29:08,2025-07-03 08:41:29.522019,2025-07-03 09:08:00.245399,2025-07-03 09:05:11.200,36.05333333333333,26.51205633333333,21,3,osrm
78,delivered,2025-07-03 08:29:25,2025-07-03 08:40:37.244340,2025-07-03 08:55:21.300000,2025-07-03 09:02:40.500,33.25833333333333,14.734261,36,3,osrm
79,delivered,2025-07-03 08:29:30,2025-07-03 08:43:25.769824,2025-07-03 09:04:24.809075,2025-07-03 09:03:11.500,33.69166666666667,20.983987516666666,18,2,osrm
80,delivered,2025-07-03 08:30:39,2025-07-03 08:45:36.469475,2025-07-03 08:48:33.000000,2025-07-03 08:55:03.700,24.41166666666667,2.9421754166666667,11,1,osrm
81,delivered,2025-07-03 08:32:31,2025-07-03 08:51:51.526201,2025-07-03 08:51:51.526201,2025-07-03 08:56:29.300,23.971666666666668,0.0,51,3,osrm
82,delivered,2025-07-03 08:32:31,2025-07-03 08:44:36.867061,2025-07-03 09:01:05.297887,2025-07-03 09:11:47.800,39.28,16.4738471,25,3,osrm
83,delivered,2025-07-03 08:32:37,2025-07-03 08:46:20.003301,2025-07-03 08:46:20.003301,2025-07-03 08:51:05.600,18.476666666666667,0.0,47,2,osrm
84,delivered,2025-07-03 08:32:19,2025-07-03 08:49:30.894661,2025-07-03 08:49:30.894661,2025-07-03 08:49:09.800,16.846666666666668,0.0,16,2,osrm
85,delivered,2025-07-03 08:33:31,2025-07-03 08:42:58.962465,2025-07-03 08:42:58.962465,2025-07-03 08:48:45.000,15.233333333333333,0.0,18,3,osrm
86,delivered,2025-07-03 08:33:18,2025-07-03 08:42:47.682195,2025-07-03 08:43:06.100000,2025-07-03 08:47:51.600,14.56,0.3069634166666667,39,2,osrm
87,delivered,2025-07-03 08:33:00,2025-07-03 08:45:38.485631,2025-07-03 08:55:21.300000,2025-07-03 09:02:40.500,29.675,9.713572816666668,36,3,osrm
88,delivered,2025-07-03 08:34:07,2025-07-03 08:41:02.651553,2025-07-03 08:41:02.651553,2025-07-03 08:49:04.500,14.958333333333334,0.0,55,3,osrm
89,delivered,2025-07-03 08:34:07,2025-07-03 08:46:51.976434,2025-07-03 08:46:51.976434,2025-07-03 08:57:11.900,23.081666666666667,0.0,14,2,osrm
90,delivered,2025-07-03 08:34:27,2025-07-03 08:46:03.678253,2025-07-03 08:48:31.000000,2025-07-03 08:54:59.500,20.541666666666668,2.45536245,17,3,osrm
91,delivered,2025-07-03 08:35:05,2025-07-03 08:45:56.998286,2025-07-03 09:08:34.051532,2025-07-03 09:09:36.800,34.53,22.6175541,48,3,osrm
92,delivered,2025-07-03 08:35:42,2025-07-03 08:42:57.929616,2025-07-03 09:01:05.297887,2025-07-03 09:11:47.800,36.09666666666667,18.12280451666667,25,3,osrm
93,delivered,2025-07-03 08:35:21,2025-07-03 08:46:48.019134,2025-07-03 09:04:57.944101,2025-07-03 09:10:59.900,35.64833333333333,18.165416116666666,52,3,osrm
94,delivered,2025-07-03 08:35:17,2025-07-03 08:45:28.214402,2025-07-03 08:45:28.214402,2025-07-03 08:52:34.000,17.283333333333335,0.0,15,3,osrm
95,delivered,2025-07-03 08:36:46,2025-07-03 08:52:16.787784,2025-07-03 09:00:02.600000,2025-07-03 09:05:14.800,28.48,7.763536933333333,53,2,osrm
96,delivered,2025-07-03 08:36:49,2025-07-03 08:45:56.875866,2025-07-03 08:57:52.900000,2025-07-03 09:03:42.700,26.895,11.933735566666666,16,3,osrm
97,delivered,2025-07-03 08:36:45,2025-07-03 08:47:56.797651,2025-07-03 09:02:47.794920,2025-07-03 09:04:33.900,27.815,14.849954483333333,20,3,osrm
98,delivered,2025-07-03 08:37:15,2025-07-03 08:51:30.825054,2025-07-03 09:08:34.051532,2025-07-03 09:09:36.800,32.36333333333333,17.053774633333333,48,3,osrm
99,delivered,2025-07-03 08:37:43,2025-07-03 08:48:27.132968,2025-07-03 08:48:27.132968,2025-07-03 08:46:43.400,9.006666666666666,0.0,1,4,osrm
100,delivered,2025-07-03 08:37:38,2025-07-03 08:49:46.051490,2025-07-03 09:11:10.013637,2025-07-03 09:12:52.800,35.24666666666667,21.399369116666666,8,3,osrm
101,delivered,2025-07-03 08:39:43,2025-07-03 08:47:57.543260,2025-07-03 08:53:32.300000,2025-07-03 08:59:20.800,19.63,5.579279,33,2,osrm
102,delivered,2025-07-03 08:39:11,2025-07-03 08:54:27.682865,2025-07-03 08:54:27.682865,2025-07-03 08:58:55.400,19.740000000000002,0.0,41,2,osrm
103,delivered,2025-07-03 08:39:51,2025-07-03 08:53:31.375763,2025-07-03 09:09:06.300000,2025-07-03 09:15:45.400,35.906666666666666,15.582070616666666,55,3,osrm
104,delivered,2025-07-03 08:39:11,2025-07-03 08:51:35.821117,2025-07-03 08:51:35.821117,2025-07-03 08:52:54.200,13.72,0.0,31,4,osrm
105,delivered,2025-07-03 08:40:24,2025-07-03 08:50:02.978548,2025-07-03 08:51:08.100000,2025-07-03 08:53:09.700,12.761666666666667,1.0853575333333334,57,2,osrm
106,delivered,2025-07-03 08:40:03,2025-07-03 08:53:58.599535,2025-07-03 09:12:41.507753,2025-07-03 09:16:40.300,36.62166666666667,18.715136966666666,33,2,osrm
107,delivered,2025-07-03 08:40:00,2025-07-03 08:51:46.001833,2025-07-03 08:51:46.001833,2025-07-03 08:53:46.500,13.775,0.0,22,3,osrm
108,delivered,2025-07-03 08:40:13,2025-07-03 08:48:19.500403,2025-07-03 09:03:47.300000,2025-07-03 09:11:18.100,31.084999999999997,15.463326616666667,11,4,osrm
109,delivered,2025-07-03 08:41:23,2025-07-03 08:54:02.951023,2025-07-03 09:09:06.300000,2025-07-03 09:15:45.400,34.373333333333335,15.055816283333334,55,3,osrm
110,delivered,2025-07-03 08:41:15,2025-07-03 08:57:10.230351,2025-07-03 09:04:57.944101,2025-07-03 09:10:59.900,29.748333333333335,7.795229166666667,52,3,osrm
111,delivered,2025-07-03 08:41:36,2025-07-03 08:52:45.834639,2025-07-03 08:57:37.454901,2025-07-03 08:53:58.300,12.371666666666666,4.8603377000000005,19,3,osrm
112,delivered,2025-07-03 08:41:03,2025-07-03 08:49:05.617493,2025-07-03 08:49:42.900000,2025-07-03 08:51:36.200,10.553333333333335,0.6213751166666667,35,1,osrm
113,delivered,2025-07-03 08:42:25,2025-07-03 08:50:20.903984,2025-07-03 08:51:08.100000,2025-07-03 08:53:09.700,10.745000000000001,0.7866002666666667,57,2,osrm
114,delivered,2025-07-03 08:42:46,2025-07-03 08:51:05.821013,2025-07-03 08:55:21.300000,2025-07-03 09:02:40.500,19.908333333333335,4.257983116666667,36,3,osrm
115,delivered,2025-07-03 08:42:37,2025-07-03 08:51:05.466541,2025-07-03 08:54:19.800000,2025-07-03 08:57:57.400,15.34,3.2388909833333335,29,1,osrm
116,delivered,2025-07-03 08:42:22,2025-07-03 08:57:37.454901,2025-07-03 08:57:37.454901,2025-07-03 08:53:58.300,11.604999999999999,0.0,19,3,osrm
117,delivered,2025-07-03 08:42:03,2025-07-03 08:54:55.935319,2025-07-03 08:54:55.935319,2025-07-03 09:01:11.100,19.134999999999998,0.0,38,4,osrm
118,delivered,2025-07-03 08:43:38,2025-07-03 08:54:35.830336,2025-07-03 08:57:52.900000,2025-07-03 09:03:42.700,20.078333333333333,3.2844944,16,3,osrm
119,delivered,2025-07-03 08:43:45,2025-07-03 08:54:28.640261,2025-07-03 08:54:55.935319,2025-07-03 09:01:11.100,17.435,0.45491763333333335,38,4,osrm
120,delivered,2025-07-03 08:43:01,2025-07-03 08:57:55.554862,2025-07-03 09:09:06.300000,2025-07-03 09:15:45.400,32.74,11.179085633333333,55,3,osrm
121,delivered,2025-07-03 08:43:08,2025-07-03 08:54:06.394834,2025-07-03 08:54:06.394834,2025-07-03 08:55:44.300,12.604999999999999,0.0,24,3,osrm
122,delivered,2025-07-03 08:44:38,2025-07-03 08:52:55.967891,2025-07-03 08:54:49.900000,2025-07-03 08:58:51.300,14.221666666666666,1.8988684833333334,10,1,osrm
123,delivered,2025-07-03 08:44:08,2025-07-03 08:54:08.385959,2025-07-03 09:00:02.600000,2025-07-03 09:05:14.800,21.113333333333333,5.90356735,53,2,osrm
124,delivered,2025-07-03 08:45:46,2025-07-03 08:55:11.002629,2025-07-03 08:57:52.900000,2025-07-03 09:03:42.700,17.945,2.6982895166666667,16,3,osrm
125,delivered,2025-07-03 08:45:35,2025-07-03 08:55:30.706292,2025-07-03 08:59:33.221064,2025-07-03 09:03:07.200,17.53666666666667,4.041912866666666,13,3,osrm
126,delivered,2025-07-03 08:45:44,2025-07-03 08:56:55.419923,2025-07-03 09:13:35.100000,2025-07-03 09:18:57.700,33.22833333333333,16.661334616666668,36,3,osrm
127,delivered,2025-07-03 08:46:04,2025-07-03 09:01:48.025765,2025-07-03 09:08:00.245399,2025-07-03 09:05:11.200,19.12,6.203660566666667,21,3,osrm
128,delivered,2025-07-03 08:47:25,2025-07-03 09:01:05.297887,2025-07-03 09:01:05.297887,2025-07-03 09:11:47.800,24.38,0.0,25,3,osrm
129,delivered,2025-07-03 08:47:02,2025-07-03 08:56:27.259307,2025-07-03 09:16:33.159922,2025-07-03 09:27:40.000,40.63333333333333,20.098343583333335,42,3,osrm
130,delivered,2025-07-03 08:47:47,2025-07-03 08:59:34.950495,2025-07-03 08:59:34.950495,2025-07-03 09:00:51.300,13.071666666666665,0.0,45,1,osrm
131,delivered,2025-07-03 08:47:02,2025-07-03 08:59:33.221064,2025-07-03 08:59:33.221064,2025-07-03 09:03:07.200,16.086666666666666,0.0,13,3,osrm
132,delivered,2025-07-03 08:47:08,2025-07-03 08:57:39.653465,2025-07-03 09:11:22.000000,2025-07-03 09:15:07.400,27.990000000000002,13.705775583333333,41,2,osrm
133,delivered,2025-07-03 08:48:38,2025-07-03 08:58:14.712169,2025-07-03 09:14:53.900000,2025-07-03 09:21:19.800,32.696666666666665,16.653130516666668,30,2,osrm
134,delivered,2025-07-03 08:48:06,2025-07-03 08:56:19.048764,2025-07-03 08:56:19.048764,2025-07-03 09:03:33.200,15.453333333333335,0.0,28,2,osrm
135,delivered,2025-07-03 08:49:01,2025-07-03 09:01:46.218035,2025-07-03 09:18:34.500000,2025-07-03 09:29:52.500,40.858333333333334,16.80469941666667,48,3,osrm
136,delivered,2025-07-03 08:49:18,2025-07-03 08:57:39.196460,2025-07-03 09:16:48.854540,2025-07-03 09:20:31.400,31.223333333333336,19.160968,38,4,osrm
137,delivered,2025-07-03 08:49:21,2025-07-03 09:04:11.384607,2025-07-03 09:04:11.384607,2025-07-03 08:57:16.300,7.921666666666667,0.0,2,2,osrm
138,delivered,2025-07-03 08:50:35,2025-07-03 08:59:56.288196,2025-07-03 08:59:56.288196,2025-07-03 09:02:32.200,11.953333333333335,0.0,46,1,osrm
139,delivered,2025-07-03 08:50:15,2025-07-03 09:04:24.809075,2025-07-03 09:04:24.809075,2025-07-03 09:03:11.500,12.941666666666666,0.0,18,2,osrm
140,delivered,2025-07-03 08:50:28,2025-07-03 09:02:31.633904,2025-07-03 09:08:47.900000,2025-07-03 09:13:13.400,22.756666666666668,6.2711016,23,1,osrm
141,delivered,2025-07-03 08:50:40,2025-07-03 09:02:47.794920,2025-07-03 09:02:47.794920,2025-07-03 09:04:33.900,13.898333333333333,0.0,20,3,osrm
142,delivered,2025-07-03 08:51:37,2025-07-03 09:06:56.058069,2025-07-03 09:30:47.763158,2025-07-03 09:30:57.000,39.333333333333336,23.861751483333332,56,4,osrm
143,delivered,2025-07-03 08:51:23,2025-07-03 09:02:04.726189,2025-07-03 09:03:47.300000,2025-07-03 09:11:18.100,19.918333333333333,1.7095635166666667,11,4,osrm
144,delivered,2025-07-03 08:51:10,2025-07-03 09:01:18.585651,2025-07-03 09:29:18.195817,2025-07-03 09:27:56.100,36.76833333333333,27.993502766666666,46,2,osrm
145,delivered,2025-07-03 08:51:31,2025-07-03 09:03:44.576441,2025-07-03 09:22:02.617571,2025-07-03 09:34:18.300,42.788333333333334,18.3006855,54,4,osrm
146,delivered,2025-07-03 08:52:07,2025-07-03 09:07:01.514113,2025-07-03 09:28:50.872910,2025-07-03 09:32:46.500,40.65833333333333,21.822646616666667,9,2,osrm
147,delivered,2025-07-03 08:52:07,2025-07-03 08:59:45.495975,2025-07-03 09:03:47.300000,2025-07-03 09:11:18.100,19.185,4.030067083333333,11,4,osrm
148,delivered,2025-07-03 08:52:01,2025-07-03 09:08:00.245399,2025-07-03 09:08:00.245399,2025-07-03 09:05:11.200,13.17,0.0,21,3,osrm
149,delivered,2025-07-03 08:52:29,2025-07-03 09:04:57.944101,2025-07-03 09:04:57.944101,2025-07-03 09:10:59.900,18.515,0.0,52,3,osrm
150,delivered,2025-07-03 08:52:32,2025-07-03 09:04:04.467757,2025-07-03 09:11:10.013637,2025-07-03 09:12:52.800,20.346666666666668,7.092431333333334,8,3,osrm
151,delivered,2025-07-03 08:52:06,2025-07-03 09:07:59.380827,2025-07-03 09:22:02.617571,2025-07-03 09:34:18.300,42.205000000000005,14.053945733333334,54,4,osrm
152,delivered,2025-07-03 08:53:38,2025-07-03 09:02:52.286327,2025-07-03 09:13:57.100000,2025-07-03 09:20:00.100,26.368333333333332,11.080227883333333,21,3,osrm
153,delivered,2025-07-03 08:54:57,2025-07-03 09:10:40.162743,2025-07-03 09:23:01.046567,2025-07-03 09:33:59.600,39.04333333333333,12.348063733333333,43,4,osrm
154,delivered,2025-07-03 08:54:20,2025-07-03 09:01:15.669852,2025-07-03 09:03:47.300000,2025-07-03 09:11:18.100,16.968333333333334,2.527169133333333,11,4,osrm
155,delivered,2025-07-03 08:54:56,2025-07-03 09:07:55.766690,2025-07-03 09:11:21.100000,2025-07-03 09:14:53.500,19.958333333333332,3.4222218333333334,7,2,osrm
156,delivered,2025-07-03 08:54:04,2025-07-03 09:09:27.711139,2025-07-03 09:16:33.159922,2025-07-03 09:27:40.000,33.6,7.0908130499999995,42,3,osrm
157,delivered,2025-07-03 08:54:39,2025-07-03 09:13:25.207846,2025-07-03 09:43:24.025571,2025-07-03 09:42:33.600,47.91,29.980295416666667,5,4,osrm
158,delivered,2025-07-03 08:55:37,2025-07-03 09:08:40.542850,2025-07-03 09:25:31.900000,2025-07-03 09:31:41.400,36.07333333333334,16.8559525,19,2,osrm
159,delivered,2025-07-03 08:55:46,2025-07-03 09:06:55.766408,2025-07-03 09:22:02.617571,2025-07-03 09:34:18.300,38.538333333333334,15.11418605,54,4,osrm
160,delivered,2025-07-03 08:56:55,2025-07-03 09:09:17.171750,2025-07-03 09:28:38.207859,2025-07-03 09:30:39.200,33.736666666666665,19.350601816666664,17,2,osrm
161,delivered,2025-07-03 08:56:07,2025-07-03 09:11:44.537585,2025-07-03 09:19:56.500000,2025-07-03 09:25:31.500,29.408333333333335,8.199373583333333,14,2,osrm
162,delivered,2025-07-03 08:56:38,2025-07-03 09:08:00.318979,2025-07-03 09:08:10.100000,2025-07-03 09:10:59.200,14.353333333333333,0.16301701666666665,9,1,osrm
163,delivered,2025-07-03 08:56:30,2025-07-03 09:08:34.051532,2025-07-03 09:08:34.051532,2025-07-03 09:09:36.800,13.113333333333333,0.0,48,3,osrm
164,delivered,2025-07-03 08:57:55,2025-07-03 09:11:10.013637,2025-07-03 09:11:10.013637,2025-07-03 09:12:52.800,14.963333333333333,0.0,8,3,osrm
165,delivered,2025-07-03 08:57:57,2025-07-03 09:06:40.201258,2025-07-03 09:31:58.617632,2025-07-03 09:34:00.400,36.056666666666665,25.306939566666664,7,3,osrm
166,delivered,2025-07-03 08:57:25,2025-07-03 09:09:45.976811,2025-07-03 09:29:49.794504,2025-07-03 09:33:59.500,36.575,20.063628216666665,53,3,osrm
167,delivered,2025-07-03 08:58:53,2025-07-03 09:11:49.951712,2025-07-03 09:13:57.100000,2025-07-03 09:20:00.100,21.118333333333332,2.1191381333333332,21,3,osrm
168,delivered,2025-07-03 08:58:28,2025-07-03 09:07:32.471151,2025-07-03 09:11:21.100000,2025-07-03 09:14:53.500,16.425,3.810480816666667,7,2,osrm
169,delivered,2025-07-03 08:58:30,2025-07-03 09:09:15.520705,2025-07-03 09:13:57.100000,2025-07-03 09:20:00.100,21.501666666666665,4.69298825,21,3,osrm
170,delivered,2025-07-03 08:58:55,2025-07-03 09:13:24.387176,2025-07-03 09:30:47.763158,2025-07-03 09:30:57.000,32.03333333333333,17.3895997,56,4,osrm
171,delivered,2025-07-03 08:58:39,2025-07-03 09:10:57.421191,2025-07-03 09:18:34.500000,2025-07-03 09:29:52.500,31.225,7.617980149999999,48,3,osrm
172,delivered,2025-07-03 08:58:47,2025-07-03 09:07:46.662204,2025-07-03 09:11:22.000000,2025-07-03 09:15:07.400,16.34,3.5889632666666667,41,2,osrm
173,delivered,2025-07-03 08:59:24,2025-07-03 09:07:08.025287,2025-07-03 09:29:56.596687,2025-07-03 09:33:33.100,34.151666666666664,22.809523333333335,55,2,osrm
174,delivered,2025-07-03 08:59:13,2025-07-03 09:10:29.070060,2025-07-03 09:14:53.900000,2025-07-03 09:21:19.800,22.113333333333333,4.413832333333334,30,2,osrm
175,delivered,2025-07-03 08:59:41,2025-07-03 09:22:04.153866,2025-07-03 09:35:53.400000,2025-07-03 09:47:18.300,47.62166666666667,13.8207689,24,3,osrm
176,delivered,2025-07-03 08:59:39,2025-07-03 09:15:10.499509,2025-07-03 09:20:50.700992,2025-07-03 09:24:05.900,24.448333333333334,5.670024716666666,3,4,osrm
177,delivered,2025-07-03 08:59:30,2025-07-03 09:07:01.686237,2025-07-03 09:08:46.300000,2025-07-03 09:10:14.000,10.733333333333333,1.7435627166666667,3,1,osrm
178,delivered,2025-07-03 08:59:19,2025-07-03 09:10:34.391507,2025-07-03 09:12:28.600000,2025-07-03 09:15:47.600,16.476666666666667,1.9034748833333335,50,1,osrm
179,delivered,2025-07-03 08:59:02,2025-07-03 09:06:55.133998,2025-07-03 09:31:43.347055,2025-07-03 09:32:10.100,33.135,24.803550949999998,37,2,osrm
180,delivered,2025-07-03 09:00:05,2025-07-03 09:11:50.385263,2025-07-03 09:30:00.600000,2025-07-03 09:39:27.400,39.373333333333335,18.170245616666666,10,4,osrm
181,delivered,2025-07-03 09:00:26,2025-07-03 09:11:56.883953,2025-07-03 09:16:48.854540,2025-07-03 09:20:31.400,20.09,4.86617645,38,4,osrm
182,delivered,2025-07-03 09:00:14,2025-07-03 09:11:24.364366,2025-07-03 09:25:36.100000,2025-07-03 09:30:16.900,30.048333333333336,14.1955939,34,2,osrm
183,delivered,2025-07-03 09:00:17,2025-07-03 09:12:41.507753,2025-07-03 09:12:41.507753,2025-07-03 09:16:40.300,16.388333333333332,0.0,33,2,osrm
184,delivered,2025-07-03 09:00:08,2025-07-03 09:20:50.700992,2025-07-03 09:20:50.700992,2025-07-03 09:24:05.900,23.965,0.0,3,4,osrm
185,delivered,2025-07-03 09:03:56,2025-07-03 09:18:08.001196,2025-07-03 09:38:05.078902,2025-07-03 09:43:09.600,39.22666666666667,19.9512951,14,4,osrm
186,delivered,2025-07-03 09:03:02,2025-07-03 09:11:39.596489,2025-07-03 09:38:55.434644,2025-07-03 09:37:34.000,34.53333333333333,27.26396925,1,3,osrm
187,delivered,2025-07-03 09:03:46,2025-07-03 09:14:04.237857,2025-07-03 09:31:03.191933,2025-07-03 09:41:43.400,37.95666666666667,16.982567933333332,36,4,osrm
188,delivered,2025-07-03 09:03:35,2025-07-03 09:13:33.696295,2025-07-03 09:13:35.100000,2025-07-03 09:18:57.700,15.378333333333334,0.023395083333333334,36,3,osrm
189,delivered,2025-07-03 09:04:13,2025-07-03 09:18:22.440132,2025-07-03 09:18:34.500000,2025-07-03 09:29:52.500,25.658333333333335,0.2009978,48,3,osrm
190,delivered,2025-07-03 09:04:18,2025-07-03 09:16:33.159922,2025-07-03 09:16:33.159922,2025-07-03 09:27:40.000,23.366666666666667,0.0,42,3,osrm
191,delivered,2025-07-03 09:04:47,2025-07-03 09:22:55.994199,2025-07-03 09:23:01.046567,2025-07-03 09:33:59.600,29.209999999999997,0.08420613333333334,43,4,osrm
192,delivered,2025-07-03 09:05:37,2025-07-03 09:15:28.084624,2025-07-03 09:25:29.510535,2025-07-03 09:30:27.300,24.83833333333333,10.023765183333333,50,2,osrm
193,delivered,2025-07-03 09:05:53,2025-07-03 09:17:41.492049,2025-07-03 09:31:29.522083,2025-07-03 09:29:55.200,24.03666666666667,13.800500566666667,28,4,osrm
194,delivered,2025-07-03 09:05:30,2025-07-03 09:20:12.036513,2025-07-03 09:29:49.794504,2025-07-03 09:33:59.500,28.491666666666667,9.629299849999999,53,3,osrm
195,delivered,2025-07-03 09:05:51,2025-07-03 09:18:09.675542,2025-07-03 09:19:56.500000,2025-07-03 09:25:31.500,19.675,1.7804076333333334,14,2,osrm
196,delivered,2025-07-03 09:06:50,2025-07-03 09:14:07.427528,2025-07-03 09:40:04.442648,2025-07-03 09:37:53.100,31.051666666666666,25.950252,45,4,osrm
197,delivered,2025-07-03 09:06:29,2025-07-03 09:16:48.854540,2025-07-03 09:16:48.854540,2025-07-03 09:20:31.400,14.04,0.0,38,4,osrm
198,delivered,2025-07-03 09:06:27,2025-07-03 09:13:23.382988,2025-07-03 09:13:35.100000,2025-07-03 09:18:57.700,12.511666666666667,0.19528353333333334,36,3,osrm
199,delivered,2025-07-03 09:06:41,2025-07-03 09:18:51.701352,2025-07-03 09:40:01.473158,2025-07-03 09:40:52.700,34.195,21.16286343333333,30,3,osrm
200,delivered,2025-07-03 09:07:56,2025-07-03 09:25:07.718815,2025-07-03 09:31:58.617632,2025-07-03 09:34:00.400,26.073333333333334,6.848313616666667,7,3,osrm
201,delivered,2025-07-03 09:08:29,2025-07-03 09:22:02.617571,2025-07-03 09:22:02.617571,2025-07-03 09:34:18.300,25.821666666666665,0.0,54,4,osrm
202,delivered,2025-07-03 09:08:04,2025-07-03 09:18:43.144739,2025-07-03 09:22:43.500000,2025-07-03 09:23:47.700,15.728333333333333,4.005921016666667,4,1,osrm
203,delivered,2025-07-03 09:08:19,2025-07-03 09:21:29.204637,2025-07-03 09:38:05.078902,2025-07-03 09:43:09.600,34.843333333333334,16.59790441666667,14,4,osrm
204,delivered,2025-07-03 09:08:56,2025-07-03 09:20:42.787646,2025-07-03 09:25:31.900000,2025-07-03 09:31:41.400,22.756666666666668,4.8185392333333334,19,2,osrm
205,delivered,2025-07-03 09:09:19,2025-07-03 09:22:20.452499,2025-07-03 09:39:00.800000,2025-07-03 09:43:27.300,34.138333333333335,16.67245835,50,3,osrm
206,delivered,2025-07-03 09:09:07,2025-07-03 09:23:52.543612,2025-07-03 09:33:40.500000,2025-07-03 09:38:57.800,29.846666666666668,9.799273133333333,32,3,osrm
207,delivered,2025-07-03 09:09:06,2025-07-03 09:16:03.257246,2025-07-03 09:35:53.400000,2025-07-03 09:47:18.300,38.205000000000005,19.835712566666665,24,3,osrm
208,delivered,2025-07-03 09:09:41,2025-07-03 09:22:07.108833,2025-07-03 09:33:40.500000,2025-07-03 09:38:57.800,29.279999999999998,11.55651945,32,3,osrm
209,delivered,2025-07-03 09:10:39,2025-07-03 09:20:39.034724,2025-07-03 09:30:47.763158,2025-07-03 09:30:57.000,20.3,10.1454739,56,4,osrm
210,delivered,2025-07-03 09:10:56,2025-07-03 09:17:01.873299,2025-07-03 09:30:00.600000,2025-07-03 09:39:27.400,28.523333333333333,12.97877835,10,4,osrm
211,delivered,2025-07-03 09:11:19,2025-07-03 09:25:29.510535,2025-07-03 09:25:29.510535,2025-07-03 09:30:27.300,19.138333333333332,0.0,50,2,osrm
212,delivered,2025-07-03 09:11:07,2025-07-03 09:24:26.531801,2025-07-03 09:41:53.000000,2025-07-03 09:47:31.700,36.41166666666666,17.441136649999997,23,4,osrm
213,delivered,2025-07-03 09:11:16,2025-07-03 09:24:08.648977,2025-07-03 09:25:36.100000,2025-07-03 09:30:16.900,19.015,1.45751705,34,2,osrm
214,delivered,2025-07-03 09:11:56,2025-07-03 09:26:30.965406,2025-07-03 09:41:53.000000,2025-07-03 09:46:47.100,34.85166666666667,15.367243233333333,12,4,osrm
215,delivered,2025-07-03 09:12:24,2025-07-03 09:22:57.166605,2025-07-03 09:41:54.200000,2025-07-03 09:48:30.400,36.10666666666667,18.95055658333333,38,3,osrm
216,delivered,2025-07-03 09:12:37,2025-07-03 09:23:01.046567,2025-07-03 09:23:01.046567,2025-07-03 09:33:59.600,21.376666666666665,0.0,43,4,osrm
217,delivered,2025-07-03 09:12:58,2025-07-03 09:25:51.061561,2025-07-03 09:41:20.800000,2025-07-03 09:48:21.800,35.39666666666667,15.49564065,34,2,osrm
218,delivered,2025-07-03 09:13:10,2025-07-03 09:19:18.758899,2025-07-03 09:20:50.700992,2025-07-03 09:24:05.900,10.931666666666667,1.5323682166666666,3,4,osrm
219,delivered,2025-07-03 09:13:39,2025-07-03 09:24:14.239941,2025-07-03 09:40:04.442648,2025-07-03 09:37:53.100,24.235,15.836711783333334,45,4,osrm
220,delivered,2025-07-03 09:13:43,2025-07-03 09:29:19.147556,2025-07-03 09:42:54.300000,2025-07-03 09:45:31.200,31.803333333333335,13.585874066666666,22,1,osrm
221,delivered,2025-07-03 09:13:56,2025-07-03 09:28:12.857722,2025-07-03 09:38:40.500000,2025-07-03 09:45:01.300,31.08833333333333,10.460704633333334,6,4,osrm
222,delivered,2025-07-03 09:14:42,2025-07-03 09:29:59.973603,2025-07-03 09:39:00.800000,2025-07-03 09:43:27.300,28.755,9.013773283333334,50,3,osrm
223,delivered,2025-07-03 09:14:35,2025-07-03 09:25:53.286058,2025-07-03 09:31:03.191933,2025-07-03 09:41:43.400,27.14,5.165097916666666,36,4,osrm
224,delivered,2025-07-03 09:14:49,2025-07-03 09:23:27.115871,2025-07-03 09:31:03.191933,2025-07-03 09:41:43.400,26.90666666666667,7.601267699999999,36,4,osrm
225,delivered,2025-07-03 09:14:58,2025-07-03 09:31:29.522083,2025-07-03 09:31:29.522083,2025-07-03 09:29:55.200,14.953333333333335,0.0,28,4,osrm
226,delivered,2025-07-03 09:15:20,2025-07-03 09:26:24.868992,2025-07-03 09:43:57.700000,2025-07-03 09:50:14.200,34.90333333333333,17.54718346666667,49,4,osrm
227,delivered,2025-07-03 09:15:11,2025-07-03 09:26:23.904131,2025-07-03 09:37:53.400000,2025-07-03 09:40:31.000,25.333333333333332,11.491597816666665,3,1,osrm
228,delivered,2025-07-03 09:15:41,2025-07-03 09:30:05.648366,2025-07-03 09:32:08.270019,2025-07-03 09:33:48.000,18.116666666666667,2.0436942166666667,47,3,osrm
229,delivered,2025-07-03 09:15:14,2025-07-03 09:29:18.195817,2025-07-03 09:29:18.195817,2025-07-03 09:27:56.100,12.701666666666666,0.0,46,2,osrm
230,delivered,2025-07-03 09:15:23,2025-07-03 09:29:49.794504,2025-07-03 09:29:49.794504,2025-07-03 09:33:59.500,18.608333333333334,0.0,53,3,osrm
231,delivered,2025-07-03 09:16:57,2025-07-03 09:32:08.270019,2025-07-03 09:32:08.270019,2025-07-03 09:33:48.000,16.85,0.0,47,3,osrm
232,delivered,2025-07-03 09:16:58,2025-07-03 09:32:08.691268,2025-07-03 09:41:53.000000,2025-07-03 09:46:47.100,29.81833333333333,9.738478866666666,12,4,osrm
233,delivered,2025-07-03 09:16:04,2025-07-03 09:21:04.000000,2025-07-03 09:43:24.025571,2025-07-03 09:42:33.600,26.493333333333332,22.333759516666664,5,4,osrm
234,delivered,2025-07-03 09:16:22,2025-07-03 09:21:22.000000,2025-07-03 09:47:48.352956,2025-07-03 09:49:01.600,32.66,26.439215933333333,27,3,osrm
235,delivered,2025-07-03 09:16:46,2025-07-03 09:30:56.305000,2025-07-03 09:38:05.078902,2025-07-03 09:43:09.600,26.39333333333333,7.1462317,14,4,osrm
236,delivered,2025-07-03 09:17:35,2025-07-03 09:31:10.666860,2025-07-03 09:41:53.000000,2025-07-03 09:46:47.100,29.201666666666664,10.705552333333333,12,4,osrm
237,delivered,2025-07-03 09:17:16,2025-07-03 09:30:30.384940,2025-07-03 09:40:20.300000,2025-07-03 09:44:10.400,26.90666666666667,9.831917666666667,26,2,osrm
238,delivered,2025-07-03 09:18:43,2025-07-03 09:31:58.617632,2025-07-03 09:31:58.617632,2025-07-03 09:34:00.400,15.29,0.0,7,3,osrm
239,delivered,2025-07-03 09:18:32,2025-07-03 09:29:56.596687,2025-07-03 09:29:56.596687,2025-07-03 09:33:33.100,15.018333333333334,0.0,55,2,osrm
240,delivered,2025-07-03 09:18:33,2025-07-03 09:27:28.895877,2025-07-03 09:35:53.400000,2025-07-03 09:47:18.300,28.755,8.40840205,24,3,osrm
241,delivered,2025-07-03 09:18:03,2025-07-03 09:31:43.347055,2025-07-03 09:31:43.347055,2025-07-03 09:32:10.100,14.118333333333334,0.0,37,2,osrm
242,delivered,2025-07-03 09:18:45,2025-07-03 09:38:55.434644,2025-07-03 09:38:55.434644,2025-07-03 09:37:34.000,18.816666666666666,0.0,1,3,osrm
243,delivered,2025-07-03 09:18:17,2025-07-03 09:28:38.207859,2025-07-03 09:28:38.207859,2025-07-03 09:30:39.200,12.370000000000001,0.0,17,2,osrm
244,delivered,2025-07-03 09:18:02,2025-07-03 09:29:40.021740,2025-07-03 09:30:00.600000,2025-07-03 09:39:27.400,21.423333333333336,0.342971,10,4,osrm
245,delivered,2025-07-03 09:18:56,2025-07-03 09:37:42.801444,2025-07-03 09:41:53.000000,2025-07-03 09:47:31.700,28.595000000000002,4.169975933333333,23,4,osrm
246,delivered,2025-07-03 09:19:36,2025-07-03 09:34:49.133441,2025-07-03 09:41:54.200000,2025-07-03 09:48:30.400,28.90666666666667,7.08444265,38,3,osrm
247,delivered,2025-07-03 09:19:51,2025-07-03 09:36:19.084756,2025-07-03 09:38:40.500000,2025-07-03 09:45:01.300,25.171666666666667,2.3569207333333333,6,4,osrm
248,delivered,2025-07-03 09:19:13,2025-07-03 09:30:47.763158,2025-07-03 09:30:47.763158,2025-07-03 09:30:57.000,11.733333333333333,0.0,56,4,osrm
249,delivered,2025-07-03 09:19:32,2025-07-03 09:29:43.219677,2025-07-03 09:44:57.900000,2025-07-03 09:51:03.000,31.516666666666666,15.24467205,44,3,osrm
250,delivered,2025-07-03 09:19:08,2025-07-03 09:28:50.872910,2025-07-03 09:28:50.872910,2025-07-03 09:32:46.500,13.641666666666667,0.0,9,2,osrm
251,delivered,2025-07-03 09:19:23,2025-07-03 09:27:55.848860,2025-07-03 09:38:55.434644,2025-07-03 09:37:34.000,18.183333333333334,10.9930964,1,3,osrm
252,delivered,2025-07-03 09:20:21,2025-07-03 09:34:08.123768,2025-07-03 09:48:59.234655,2025-07-03 09:54:05.700,33.745,14.851848116666668,3,2,osrm
253,delivered,2025-07-03 09:20:55,2025-07-03 09:27:36.499627,2025-07-03 09:45:22.686048,2025-07-03 09:48:51.300,27.938333333333333,17.769773683333334,47,2,osrm
254,delivered,2025-07-03 09:20:09,2025-07-03 09:35:10.113334,2025-07-03 09:45:32.400000,2025-07-03 09:53:15.800,33.11333333333333,10.371444433333332,8,3,osrm
255,delivered,2025-07-03 09:20:33,2025-07-03 09:29:03.375294,2025-07-03 09:45:32.400000,2025-07-03 09:53:15.800,32.71333333333333,16.4837451,8,3,osrm
256,delivered,2025-07-03 09:21:52,2025-07-03 09:33:07.703638,2025-07-03 09:50:42.441246,2025-07-03 09:58:48.700,36.945,17.578960133333332,11,3,osrm
257,delivered,2025-07-03 09:21:02,2025-07-03 09:29:43.083756,2025-07-03 09:45:17.300000,2025-07-03 09:52:49.500,31.791666666666668,15.570270733333333,4,2,osrm
258,delivered,2025-07-03 09:21:31,2025-07-03 09:36:36.878766,2025-07-03 09:40:01.473158,2025-07-03 09:40:52.700,19.361666666666668,3.4099065333333334,30,3,osrm
259,delivered,2025-07-03 09:21:48,2025-07-03 09:32:13.863610,2025-07-03 09:45:17.300000,2025-07-03 09:52:49.500,31.025,13.057273166666667,4,2,osrm
260,delivered,2025-07-03 09:21:54,2025-07-03 09:31:25.483360,2025-07-03 09:50:20.000000,2025-07-03 09:55:09.100,33.251666666666665,18.908610666666668,51,2,osrm
261,delivered,2025-07-03 09:22:50,2025-07-03 09:37:13.364195,2025-07-03 09:43:24.025571,2025-07-03 09:42:33.600,19.726666666666667,6.1776896,5,4,osrm
262,delivered,2025-07-03 09:22:15,2025-07-03 09:31:03.191933,2025-07-03 09:31:03.191933,2025-07-03 09:41:43.400,19.473333333333336,0.0,36,4,osrm
263,delivered,2025-07-03 09:23:21,2025-07-03 09:37:10.073652,2025-07-03 09:48:32.411846,2025-07-03 09:55:02.000,31.683333333333334,11.372303233333334,10,3,osrm
264,delivered,2025-07-03 09:23:54,2025-07-03 09:40:04.442648,2025-07-03 09:40:04.442648,2025-07-03 09:37:53.100,13.985000000000001,0.0,45,4,osrm
265,delivered,2025-07-03 09:23:09,2025-07-03 09:31:50.051716,2025-07-03 09:51:05.400000,2025-07-03 09:57:04.200,33.92,19.25580473333333,25,2,osrm
266,delivered,2025-07-03 09:23:05,2025-07-03 09:29:06.691193,2025-07-03 09:40:04.442648,2025-07-03 09:37:53.100,14.801666666666668,10.96252425,45,4,osrm
267,delivered,2025-07-03 09:24:46,2025-07-03 09:43:24.025571,2025-07-03 09:43:24.025571,2025-07-03 09:42:33.600,17.793333333333333,0.0,5,4,osrm
268,delivered,2025-07-03 09:24:14,2025-07-03 09:36:22.818202,2025-07-03 09:50:42.441246,2025-07-03 09:58:48.700,34.57833333333333,14.327050733333333,11,3,osrm
269,delivered,2025-07-03 09:24:37,2025-07-03 09:35:06.760998,2025-07-03 09:41:53.000000,2025-07-03 09:47:31.700,22.91166666666667,6.770650033333334,23,4,osrm
270,delivered,2025-07-03 09:24:46,2025-07-03 09:35:09.792117,2025-07-03 09:38:40.500000,2025-07-03 09:45:01.300,20.255,3.5117980500000003,6,4,osrm
271,delivered,2025-07-03 09:25:11,2025-07-03 09:38:07.125510,2025-07-03 09:41:54.200000,2025-07-03 09:48:30.400,23.323333333333334,3.784574833333333,38,3,osrm
272,delivered,2025-07-03 09:25:19,2025-07-03 09:30:31.484755,2025-07-03 09:44:57.900000,2025-07-03 09:51:03.000,25.733333333333334,14.440254083333334,44,3,osrm
273,delivered,2025-07-03 09:25:48,2025-07-03 09:39:50.234319,2025-07-03 09:47:48.352956,2025-07-03 09:49:01.600,23.226666666666667,7.96864395,27,3,osrm
274,delivered,2025-07-03 09:26:12,2025-07-03 09:34:37.528322,2025-07-03 09:45:32.400000,2025-07-03 09:53:15.800,27.063333333333333,10.914527966666666,8,3,osrm
275,delivered,2025-07-03 09:26:27,2025-07-03 09:37:41.763909,2025-07-03 10:03:22.992785,2025-07-03 10:04:03.700,37.611666666666665,25.687147933333332,19,4,osrm
276,delivered,2025-07-03 09:26:42,2025-07-03 09:40:01.721040,2025-07-03 09:44:53.400000,2025-07-03 09:50:37.200,23.92,4.861316,18,3,osrm
277,delivered,2025-07-03 09:26:00,2025-07-03 09:40:45.074827,2025-07-03 09:44:53.400000,2025-07-03 09:50:37.200,24.62,4.138752883333334,18,3,osrm
278,delivered,2025-07-03 09:27:15,2025-07-03 09:40:26.460573,2025-07-03 10:02:09.803497,2025-07-03 10:01:18.700,34.06166666666667,21.72238206666667,41,3,osrm
279,delivered,2025-07-03 09:27:37,2025-07-03 09:41:45.510868,2025-07-03 09:58:46.200000,2025-07-03 10:02:40.500,35.05833333333333,17.01148553333333,45,2,osrm
280,delivered,2025-07-03 09:27:17,2025-07-03 09:38:14.784596,2025-07-03 09:40:20.300000,2025-07-03 09:44:10.400,16.89,2.0919234,26,2,osrm
281,delivered,2025-07-03 09:27:19,2025-07-03 09:38:05.078902,2025-07-03 09:38:05.078902,2025-07-03 09:43:09.600,15.843333333333334,0.0,14,4,osrm
282,delivered,2025-07-03 09:28:44,2025-07-03 09:40:01.473158,2025-07-03 09:40:01.473158,2025-07-03 09:40:52.700,12.145000000000001,0.0,30,3,osrm
283,delivered,2025-07-03 09:28:37,2025-07-03 09:44:47.659536,2025-07-03 09:48:32.411846,2025-07-03 09:55:02.000,26.416666666666668,3.745871833333333,10,3,osrm
284,delivered,2025-07-03 09:29:15,2025-07-03 09:37:38.860869,2025-07-03 10:05:52.588891,2025-07-03 10:01:12.400,31.956666666666667,28.22880036666667,46,3,osrm
285,delivered,2025-07-03 09:29:50,2025-07-03 09:38:27.890619,2025-07-03 09:41:20.800000,2025-07-03 09:48:21.800,18.529999999999998,2.8818230166666665,34,2,osrm
286,delivered,2025-07-03 09:29:31,2025-07-03 09:43:02.109993,2025-07-03 09:44:57.900000,2025-07-03 09:51:03.000,21.533333333333335,1.92983345,44,3,osrm
287,delivered,2025-07-03 09:30:58,2025-07-03 09:47:37.775592,2025-07-03 10:03:22.992785,2025-07-03 10:04:03.700,33.095,15.753619883333332,19,4,osrm
288,delivered,2025-07-03 09:30:22,2025-07-03 09:46:22.131295,2025-07-03 09:58:46.200000,2025-07-03 10:02:40.500,32.30833333333333,12.401145083333335,45,2,osrm
289,delivered,2025-07-03 09:31:29,2025-07-03 09:45:22.686048,2025-07-03 09:45:22.686048,2025-07-03 09:48:51.300,17.371666666666666,0.0,47,2,osrm
290,delivered,2025-07-03 09:32:29,2025-07-03 09:43:45.453774,2025-07-03 10:05:13.643903,2025-07-03 10:06:42.800,34.230000000000004,21.469835483333334,23,2,osrm
291,delivered,2025-07-03 09:32:06,2025-07-03 09:42:15.957707,2025-07-03 09:44:53.400000,2025-07-03 09:50:37.200,18.52,2.624038216666667,18,3,osrm
292,delivered,2025-07-03 09:33:57,2025-07-03 09:47:48.352956,2025-07-03 09:47:48.352956,2025-07-03 09:49:01.600,15.076666666666666,0.0,27,3,osrm
293,delivered,2025-07-03 09:33:09,2025-07-03 09:47:55.377870,2025-07-03 09:59:14.600000,2025-07-03 10:04:55.300,31.771666666666665,11.320368833333333,24,4,osrm
294,delivered,2025-07-03 09:33:30,2025-07-03 09:47:04.702584,2025-07-03 10:00:19.100000,2025-07-03 10:05:13.700,31.728333333333335,13.239956933333334,18,2,osrm
295,delivered,2025-07-03 09:33:13,2025-07-03 09:43:11.624803,2025-07-03 09:51:05.400000,2025-07-03 09:57:04.200,23.853333333333335,7.896253283333333,25,2,osrm
296,delivered,2025-07-03 09:34:59,2025-07-03 09:43:00.116217,2025-07-03 09:59:15.300000,2025-07-03 10:02:00.100,27.01833333333333,16.253063049999998,33,3,osrm
297,delivered,2025-07-03 09:34:48,2025-07-03 09:44:11.219238,2025-07-03 09:44:25.900000,2025-07-03 09:47:43.000,12.916666666666666,0.24467936666666665,39,1,osrm
298,delivered,2025-07-03 09:34:39,2025-07-03 09:43:46.196399,2025-07-03 09:45:13.800000,2025-07-03 09:49:19.800,14.68,1.4600600166666666,37,1,osrm
299,delivered,2025-07-03 09:35:22,2025-07-03 09:48:59.234655,2025-07-03 09:48:59.234655,2025-07-03 09:54:05.700,18.728333333333335,0.0,3,2,osrm
300,delivered,2025-07-03 09:36:02,2025-07-03 09:50:42.441246,2025-07-03 09:50:42.441246,2025-07-03 09:58:48.700,22.778333333333332,0.0,11,3,osrm
301,delivered,2025-07-03 09:37:46,2025-07-03 09:47:47.771930,2025-07-03 09:49:21.500000,2025-07-03 09:52:38.300,14.871666666666666,1.5621345,42,1,osrm
302,delivered,2025-07-03 09:37:16,2025-07-03 09:48:53.200187,2025-07-03 10:00:05.400000,2025-07-03 10:05:38.300,28.371666666666666,11.203330216666666,57,2,osrm
303,delivered,2025-07-03 09:37:50,2025-07-03 09:50:01.645034,2025-07-03 09:50:20.000000,2025-07-03 09:55:09.100,17.31833333333333,0.3059161,51,2,osrm
304,delivered,2025-07-03 09:38:41,2025-07-03 09:53:06.481022,2025-07-03 10:11:00.002320,2025-07-03 10:17:07.200,38.43666666666666,17.892021633333332,47,2,osrm
305,delivered,2025-07-03 09:38:17,2025-07-03 09:50:46.745612,2025-07-03 09:59:15.300000,2025-07-03 10:02:00.100,23.71833333333333,8.475906466666666,33,3,osrm
306,delivered,2025-07-03 09:39:50,2025-07-03 09:48:32.411846,2025-07-03 09:48:32.411846,2025-07-03 09:55:02.000,15.2,0.0,10,3,osrm
307,delivered,2025-07-03 09:40:49,2025-07-03 09:57:41.520393,2025-07-03 10:00:05.400000,2025-07-03 10:05:38.300,24.821666666666665,2.39799345,57,2,osrm
308,delivered,2025-07-03 09:40:03,2025-07-03 09:52:29.581215,2025-07-03 09:59:14.600000,2025-07-03 10:04:55.300,24.871666666666666,6.750313083333333,24,4,osrm
309,delivered,2025-07-03 09:40:28,2025-07-03 09:53:22.565005,2025-07-03 10:10:16.700000,2025-07-03 10:20:26.600,39.97666666666667,16.902249916666666,37,2,osrm
310,delivered,2025-07-03 09:41:34,2025-07-03 09:50:43.559149,2025-07-03 09:50:43.559149,2025-07-03 09:53:35.300,12.021666666666667,0.0,17,1,osrm
311,delivered,2025-07-03 09:41:22,2025-07-03 09:54:33.542838,2025-07-03 10:00:19.100000,2025-07-03 10:05:13.700,23.861666666666668,5.759286033333334,18,2,osrm
312,delivered,2025-07-03 09:42:32,2025-07-03 09:53:02.504547,2025-07-03 10:10:59.944008,2025-07-03 10:16:42.900,34.181666666666665,17.95732435,11,2,osrm
313,delivered,2025-07-03 09:42:33,2025-07-03 09:54:14.711949,2025-07-03 09:54:38.700000,2025-07-03 09:57:26.200,14.886666666666667,0.39980085,22,1,osrm
314,delivered,2025-07-03 09:43:44,2025-07-03 09:55:02.646607,2025-07-03 10:13:18.085658,2025-07-03 10:18:03.000,34.31666666666667,18.257317516666667,52,3,osrm
315,delivered,2025-07-03 09:43:38,2025-07-03 09:57:24.729199,2025-07-03 10:14:12.000000,2025-07-03 10:17:47.400,34.156666666666666,16.787846683333335,33,1,osrm
316,delivered,2025-07-03 09:43:36,2025-07-03 09:55:17.010674,2025-07-03 09:55:17.010674,2025-07-03 09:56:15.400,12.656666666666666,0.0,26,1,osrm
317,delivered,2025-07-03 09:44:37,2025-07-03 09:54:45.203200,2025-07-03 10:04:30.594090,2025-07-03 10:08:41.200,24.07,9.756514833333334,5,3,osrm
318,delivered,2025-07-03 09:44:18,2025-07-03 09:56:35.546497,2025-07-03 10:04:21.868203,2025-07-03 10:07:30.000,23.2,7.772028433333333,50,2,osrm
319,delivered,2025-07-03 09:44:28,2025-07-03 10:01:29.343469,2025-07-03 10:03:44.300000,2025-07-03 10:08:32.900,24.081666666666667,2.2492755166666667,4,2,osrm
320,delivered,2025-07-03 09:44:58,2025-07-03 09:56:50.613954,2025-07-03 10:05:52.588891,2025-07-03 10:01:12.400,16.24,9.032915616666665,46,3,osrm
321,delivered,2025-07-03 09:46:37,2025-07-03 09:56:26.703818,2025-07-03 10:03:46.200000,2025-07-03 10:07:12.400,20.59,7.324936366666666,14,3,osrm
322,delivered,2025-07-03 09:46:53,2025-07-03 09:54:58.267459,2025-07-03 10:10:16.700000,2025-07-03 10:20:26.600,33.559999999999995,15.307209016666667,37,2,osrm
323,delivered,2025-07-03 09:46:06,2025-07-03 09:58:39.118803,2025-07-03 09:59:15.400000,2025-07-03 10:04:03.800,17.96333333333333,0.6046866166666667,27,1,osrm
324,delivered,2025-07-03 09:47:21,2025-07-03 10:02:09.803497,2025-07-03 10:02:09.803497,2025-07-03 10:01:18.700,13.961666666666668,0.0,41,3,osrm
325,delivered,2025-07-03 09:47:19,2025-07-03 10:05:00.427557,2025-07-03 10:05:00.427557,2025-07-03 10:07:35.300,20.271666666666665,0.0,17,1,osrm
326,delivered,2025-07-03 09:47:55,2025-07-03 09:57:16.160248,2025-07-03 10:02:09.803497,2025-07-03 10:01:18.700,13.395000000000001,4.8940541500000005,41,3,osrm
327,delivered,2025-07-03 09:48:23,2025-07-03 09:59:12.198979,2025-07-03 09:59:14.600000,2025-07-03 10:04:55.300,16.538333333333334,0.04001701666666667,24,4,osrm
328,delivered,2025-07-03 09:48:58,2025-07-03 10:02:34.382462,2025-07-03 10:03:46.200000,2025-07-03 10:07:12.400,18.240000000000002,1.1969589666666667,14,3,osrm
329,delivered,2025-07-03 09:48:29,2025-07-03 10:00:59.136970,2025-07-03 10:16:07.000000,2025-07-03 10:20:45.800,32.28,15.131050499999999,34,1,osrm
330,delivered,2025-07-03 09:48:03,2025-07-03 10:05:13.643903,2025-07-03 10:05:13.643903,2025-07-03 10:06:42.800,18.663333333333334,0.0,23,2,osrm
331,delivered,2025-07-03 09:48:54,2025-07-03 10:03:22.992785,2025-07-03 10:03:22.992785,2025-07-03 10:04:03.700,15.161666666666667,0.0,19,4,osrm
332,delivered,2025-07-03 09:48:41,2025-07-03 09:58:31.083335,2025-07-03 10:01:44.300000,2025-07-03 10:04:22.200,15.686666666666667,3.22027775,13,1,osrm
333,delivered,2025-07-03 09:49:45,2025-07-03 09:56:55.902121,2025-07-03 10:08:41.400000,2025-07-03 10:14:21.900,24.615000000000002,11.758297983333334,35,2,osrm
334,delivered,2025-07-03 09:49:30,2025-07-03 09:56:27.141304,2025-07-03 10:01:02.300000,2025-07-03 10:03:46.300,14.271666666666667,4.585978266666667,48,1,osrm
335,delivered,2025-07-03 09:49:08,2025-07-03 10:02:45.842569,2025-07-03 10:02:45.842569,2025-07-03 10:03:08.800,14.013333333333332,0.0,31,4,osrm
336,delivered,2025-07-03 09:49:51,2025-07-03 10:02:59.877411,2025-07-03 10:04:06.600000,2025-07-03 10:07:18.600,17.459999999999997,1.11204315,10,1,osrm
337,delivered,2025-07-03 09:49:36,2025-07-03 10:05:52.588891,2025-07-03 10:05:52.588891,2025-07-03 10:01:12.400,11.606666666666666,0.0,46,3,osrm
338,delivered,2025-07-03 09:50:20,2025-07-03 10:04:30.594090,2025-07-03 10:04:30.594090,2025-07-03 10:08:41.200,18.353333333333335,0.0,5,3,osrm
339,delivered,2025-07-03 09:50:15,2025-07-03 09:56:52.842016,2025-07-03 10:15:29.300000,2025-07-03 10:19:28.900,29.23166666666667,18.607633066666665,36,1,osrm
340,delivered,2025-07-03 09:51:53,2025-07-03 09:58:48.698977,2025-07-03 10:12:55.400000,2025-07-03 10:18:58.100,27.084999999999997,14.111683716666667,9,1,osrm
341,delivered,2025-07-03 09:52:15,2025-07-03 09:59:24.592256,2025-07-03 10:03:44.300000,2025-07-03 10:08:32.900,16.298333333333332,4.3284624,4,2,osrm
342,delivered,2025-07-03 09:53:53,2025-07-03 10:00:27.978862,2025-07-03 10:06:28.100000,2025-07-03 10:09:27.000,15.566666666666666,6.002018966666666,15,1,osrm
343,delivered,2025-07-03 09:53:01,2025-07-03 10:04:01.637794,2025-07-03 10:14:56.600000,2025-07-03 10:18:49.300,25.805,10.916036766666668,27,1,osrm
344,delivered,2025-07-03 09:54:27,2025-07-03 10:10:59.944008,2025-07-03 10:10:59.944008,2025-07-03 10:16:42.900,22.265,0.0,11,2,osrm
345,delivered,2025-07-03 09:54:58,2025-07-03 10:04:21.868203,2025-07-03 10:04:21.868203,2025-07-03 10:07:30.000,12.533333333333333,0.0,50,2,osrm
346,delivered,2025-07-03 09:55:51,2025-07-03 10:06:19.565093,2025-07-03 10:13:25.100000,2025-07-03 10:18:25.300,22.571666666666665,7.09224845,54,1,osrm
347,delivered,2025-07-03 09:55:36,2025-07-03 10:08:26.504699,2025-07-03 10:11:00.200000,2025-07-03 10:12:14.500,16.641666666666666,2.56158835,25,1,osrm
348,delivered,2025-07-03 09:56:53,2025-07-03 10:08:16.461641,2025-07-03 10:13:18.085658,2025-07-03 10:18:03.000,21.166666666666668,5.02706695,52,3,osrm
349,delivered,2025-07-03 09:56:26,2025-07-03 10:03:45.480939,2025-07-03 10:16:07.000000,2025-07-03 10:20:30.000,24.066666666666666,12.358651016666666,40,1,osrm
350,delivered,2025-07-03 09:57:58,2025-07-03 10:08:22.075231,2025-07-03 10:13:55.300000,2025-07-03 10:16:19.300,18.355,5.553746149999999,7,1,osrm
351,delivered,2025-07-03 09:57:50,2025-07-03 10:11:00.002320,2025-07-03 10:11:00.002320,2025-07-03 10:17:07.200,19.28666666666667,0.0,47,2,osrm
352,delivered,2025-07-03 09:57:26,2025-07-03 10:11:52.599240,2025-07-03 10:13:32.900000,2025-07-03 10:15:57.100,18.51833333333333,1.6716793333333333,21,1,osrm
353,delivered,2025-07-03 09:58:14,2025-07-03 10:08:40.640688,2025-07-03 10:10:58.000000,2025-07-03 10:13:57.100,15.718333333333334,2.2893218666666666,42,1,osrm
354,delivered,2025-07-03 09:58:43,2025-07-03 10:13:18.085658,2025-07-03 10:13:18.085658,2025-07-03 10:18:03.000,19.333333333333332,0.0,52,3,osrm
355,delivered,2025-07-03 09:58:35,2025-07-03 10:10:58.729125,2025-07-03 10:14:29.700000,2025-07-03 10:18:31.100,19.935,3.5161812500000003,24,1,osrm
356,delivered,2025-07-03 09:59:33,2025-07-03 10:08:39.148804,2025-07-03 10:11:08.400000,2025-07-03 10:13:05.500,13.541666666666666,2.487519933333333,22,1,osrm
357,delivered,2025-07-03 09:59:23,2025-07-03 10:11:34.838335,2025-07-03 10:13:55.300000,2025-07-03 10:16:03.500,16.675,2.3410277500000003,31,1,osrm
358,delivered,2025-07-03 09:59:05,2025-07-03 10:06:24.693912,2025-07-03 10:08:41.400000,2025-07-03 10:14:21.900,15.281666666666666,2.2784348,35,2,osrm
359,delivered,2025-07-03 10:00:09,2025-07-03 10:08:59.149082,2025-07-03 10:19:48.700000,2025-07-03 10:25:50.900,25.698333333333334,10.825848633333333,50,1,osrm
360,delivered,2025-07-03 10:02:56,2025-07-03 10:21:07.794381,2025-07-03 10:25:14.496131,2025-07-03 10:28:41.900,25.765,4.111695833333333,32,3,osrm
361,delivered,2025-07-03 10:03:32,2025-07-03 10:13:32.032584,2025-07-03 10:23:44.000000,2025-07-03 10:29:49.100,26.285,10.199456933333332,41,1,osrm
362,delivered,2025-07-03 10:03:43,2025-07-03 10:13:27.049869,2025-07-03 10:15:49.800000,2025-07-03 10:19:13.000,15.5,2.37916885,46,1,osrm
363,delivered,2025-07-03 10:04:01,2025-07-03 10:17:38.641099,2025-07-03 10:19:48.200000,2025-07-03 10:25:10.300,21.154999999999998,2.1593150166666666,4,1,osrm
364,delivered,2025-07-03 10:05:39,2025-07-03 10:17:59.239996,2025-07-03 10:20:07.800000,2025-07-03 10:22:06.600,16.46,2.1426667333333334,14,1,osrm
365,delivered,2025-07-03 10:05:00,2025-07-03 10:10:06.587216,2025-07-03 10:13:25.800000,2025-07-03 10:16:43.200,11.72,3.3202130666666667,8,1,osrm
366,delivered,2025-07-03 10:07:03,2025-07-03 10:18:34.377727,2025-07-03 10:18:50.400000,2025-07-03 10:21:28.500,14.425,0.2670378833333333,15,1,osrm
367,delivered,2025-07-03 10:08:59,2025-07-03 10:19:19.027710,2025-07-03 10:19:22.700000,2025-07-03 10:22:36.200,13.620000000000001,0.06120483333333334,39,1,osrm
368,delivered,2025-07-03 10:09:43,2025-07-03 10:25:49.791561,2025-07-03 10:26:14.300000,2025-07-03 10:29:35.700,19.878333333333334,0.40847398333333335,43,1,osrm
369,delivered,2025-07-03 10:09:01,2025-07-03 10:21:36.754092,2025-07-03 10:24:05.200000,2025-07-03 10:30:34.200,21.553333333333335,2.4740984666666668,55,2,osrm
370,delivered,2025-07-03 10:09:59,2025-07-03 10:20:01.501729,2025-07-03 10:20:05.800000,2025-07-03 10:24:15.700,14.278333333333334,0.07163784999999999,29,1,osrm
371,delivered,2025-07-03 10:10:18,2025-07-03 10:22:43.624870,2025-07-03 10:25:23.200000,2025-07-03 10:29:40.900,19.381666666666668,2.6595855,35,1,osrm
372,delivered,2025-07-03 10:11:22,2025-07-03 10:25:14.496131,2025-07-03 10:25:14.496131,2025-07-03 10:28:41.900,17.331666666666667,0.0,32,3,osrm
373,delivered,2025-07-03 10:11:28,2025-07-03 10:19:54.263710,2025-07-03 10:19:54.263710,2025-07-03 10:21:50.500,10.375,0.0,26,1,osrm
374,delivered,2025-07-03 10:11:55,2025-07-03 10:23:10.495151,2025-07-03 10:28:10.100000,2025-07-03 10:31:23.800,19.48,4.99341415,23,1,osrm
375,delivered,2025-07-03 10:12:14,2025-07-03 10:22:22.161682,2025-07-03 10:25:16.700000,2025-07-03 10:29:23.800,17.163333333333334,2.908971966666667,1,1,osrm
376,delivered,2025-07-03 10:13:16,2025-07-03 10:29:35.208831,2025-07-03 10:29:35.208831,2025-07-03 10:31:22.400,18.10666666666667,0.0,24,1,osrm
377,delivered,2025-07-03 10:13:43,2025-07-03 10:28:42.467046,2025-07-03 10:28:42.467046,2025-07-03 10:31:31.000,17.8,0.0,38,1,osrm
378,delivered,2025-07-03 10:14:39,2025-07-03 10:22:49.132830,2025-07-03 10:23:39.700000,2025-07-03 10:28:05.000,13.433333333333334,0.8427861666666666,22,1,osrm
379,delivered,2025-07-03 10:14:54,2025-07-03 10:29:45.642554,2025-07-03 10:29:45.642554,2025-07-03 10:32:31.600,17.626666666666665,0.0,3,1,osrm
380,delivered,2025-07-03 10:15:56,2025-07-03 10:24:38.272202,2025-07-03 10:28:32.900000,2025-07-03 10:31:15.800,15.33,3.9104633000000004,31,1,osrm
381,delivered,2025-07-03 10:15:16,2025-07-03 10:28:13.960680,2025-07-03 10:29:20.100000,2025-07-03 10:32:03.400,16.79,1.102322,47,1,osrm
382,delivered,2025-07-03 10:16:20,2025-07-03 10:31:20.997153,2025-07-03 10:33:52.300000,2025-07-03 10:38:39.900,22.331666666666667,2.521714116666667,29,1,osrm
383,delivered,2025-07-03 10:17:30,2025-07-03 10:29:55.655563,2025-07-03 10:29:55.655563,2025-07-03 10:32:23.200,14.886666666666667,0.0,33,1,osrm
384,delivered,2025-07-03 10:18:47,2025-07-03 10:23:47.000000,2025-07-03 10:24:05.200000,2025-07-03 10:30:34.200,11.786666666666667,0.30333333333333334,55,2,osrm
385,delivered,2025-07-03 10:19:51,2025-07-03 10:34:08.675863,2025-07-03 10:38:23.400000,2025-07-03 10:45:11.500,25.341666666666665,4.245402283333333,35,1,osrm
386,delivered,2025-07-03 10:19:46,2025-07-03 10:32:47.238388,2025-07-03 10:33:25.100000,2025-07-03 10:39:02.100,19.26833333333333,0.6310268666666666,50,1,osrm
387,delivered,2025-07-03 10:20:50,2025-07-03 10:30:53.683839,2025-07-03 10:34:28.900000,2025-07-03 10:38:10.800,17.346666666666668,3.586936016666667,15,1,osrm
388,delivered,2025-07-03 10:20:03,2025-07-03 10:35:52.639126,2025-07-03 10:50:59.700000,2025-07-03 10:55:51.800,35.81333333333334,15.117681233333334,29,1,osrm
389,delivered,2025-07-03 10:21:20,2025-07-03 10:33:38.297770,2025-07-03 10:34:12.700000,2025-07-03 10:36:18.500,14.975,0.5733705,18,1,osrm
390,delivered,2025-07-03 10:23:38,2025-07-03 10:41:15.712284,2025-07-03 10:43:54.700000,2025-07-03 10:47:40.500,24.041666666666668,2.6497952666666666,57,1,osrm
391,delivered,2025-07-03 10:25:40,2025-07-03 10:37:56.069697,2025-07-03 10:41:42.600000,2025-07-03 10:45:32.800,19.88,3.77550505,41,1,osrm
392,delivered,2025-07-03 10:26:56,2025-07-03 10:38:21.732544,2025-07-03 10:39:12.700000,2025-07-03 10:41:52.800,14.946666666666665,0.8494575999999999,30,1,osrm
393,delivered,2025-07-03 10:27:05,2025-07-03 10:37:35.568634,2025-07-03 10:56:27.800000,2025-07-03 11:00:36.600,33.526666666666664,18.870522766666667,53,1,osrm
394,delivered,2025-07-03 10:27:01,2025-07-03 10:35:50.714399,2025-07-03 10:35:50.714399,2025-07-03 10:36:47.200,9.770000000000001,0.0,20,1,osrm
395,delivered,2025-07-03 10:28:06,2025-07-03 10:44:47.253866,2025-07-03 11:01:18.300000,2025-07-03 11:06:33.000,38.45,16.517435566666666,55,1,osrm
396,delivered,2025-07-03 10:29:47,2025-07-03 10:42:02.205362,2025-07-03 10:43:42.900000,2025-07-03 10:47:32.700,17.761666666666667,1.6782439666666666,49,1,osrm
397,delivered,2025-07-03 10:29:17,2025-07-03 10:41:14.361193,2025-07-03 10:43:42.000000,2025-07-03 10:46:01.600,16.743333333333332,2.4606467833333334,3,1,osrm
398,delivered,2025-07-03 10:30:34,2025-07-03 10:43:48.906636,2025-07-03 10:44:52.700000,2025-07-03 10:47:55.200,17.353333333333335,1.0632227333333333,36,1,osrm
399,delivered,2025-07-03 10:30:02,2025-07-03 10:35:53.098431,2025-07-03 10:38:13.900000,2025-07-03 10:42:50.400,12.806666666666667,2.3466928166666667,1,1,osrm
400,delivered,2025-07-03 10:31:32,2025-07-03 10:40:35.834274,2025-07-03 10:45:56.600000,2025-07-03 10:50:47.100,19.251666666666665,5.346095433333333,24,1,osrm
401,delivered,2025-07-03 10:31:25,2025-07-03 10:40:34.577283,2025-07-03 10:40:34.577283,2025-07-03 10:43:59.200,12.57,0.0,48,1,osrm
402,delivered,2025-07-03 10:32:59,2025-07-03 10:45:25.517369,2025-07-03 10:46:25.600000,2025-07-03 10:49:43.400,16.74,1.0013771833333334,52,1,osrm
403,delivered,2025-07-03 10:32:46,2025-07-03 10:40:31.971894,2025-07-03 10:57:42.300000,2025-07-03 11:02:30.800,29.746666666666666,17.1721351,41,1,osrm
404,delivered,2025-07-03 10:35:19,2025-07-03 10:51:38.254474,2025-07-03 10:54:22.900000,2025-07-03 10:57:29.500,22.175,2.7440921,13,1,osrm
405,delivered,2025-07-03 10:36:49,2025-07-03 10:47:42.837669,2025-07-03 10:48:18.600000,2025-07-03 10:51:41.500,14.875,0.59603885,27,1,osrm
406,delivered,2025-07-03 10:36:02,2025-07-03 10:57:02.946386,2025-07-03 10:59:29.800000,2025-07-03 11:01:31.200,25.486666666666668,2.4475602333333333,3,1,osrm
407,delivered,2025-07-03 10:37:33,2025-07-03 10:51:34.947349,2025-07-03 10:57:16.000000,2025-07-03 10:59:35.600,22.043333333333333,5.68421085,16,1,osrm
408,delivered,2025-07-03 10:37:30,2025-07-03 10:48:29.666520,2025-07-03 10:49:15.900000,2025-07-03 10:55:19.100,17.81833333333333,0.770558,22,1,osrm
409,delivered,2025-07-03 10:37:55,2025-07-03 10:49:44.915123,2025-07-03 10:52:23.600000,2025-07-03 10:53:15.500,15.341666666666667,2.64474795,28,1,osrm
410,delivered,2025-07-03 10:39:41,2025-07-03 10:51:56.490984,2025-07-03 10:55:32.000000,2025-07-03 10:56:55.900,17.248333333333335,3.5918169333333334,1,1,osrm
411,delivered,2025-07-03 10:39:39,2025-07-03 10:53:16.550800,2025-07-03 11:04:18.500000,2025-07-03 11:10:07.100,30.46833333333333,11.032486666666667,6,1,osrm
412,delivered,2025-07-03 10:39:00,2025-07-03 10:49:20.279128,2025-07-03 10:51:11.600000,2025-07-03 10:55:19.200,16.32,1.8553478666666665,44,1,osrm
413,delivered,2025-07-03 10:40:01,2025-07-03 10:52:55.351381,2025-07-03 10:55:00.800000,2025-07-03 10:58:27.200,18.436666666666667,2.0908103166666665,32,1,osrm
414,delivered,2025-07-03 10:40:59,2025-07-03 10:57:05.201356,2025-07-03 11:00:15.000000,2025-07-03 11:02:34.100,21.584999999999997,3.1633107333333332,25,1,osrm
415,delivered,2025-07-03 10:42:02,2025-07-03 10:47:03.805784,2025-07-03 10:49:02.500000,2025-07-03 10:52:39.200,10.620000000000001,1.9782369333333334,33,1,osrm
416,delivered,2025-07-03 10:42:50,2025-07-03 10:58:54.742878,2025-07-03 10:58:54.742878,2025-07-03 11:01:51.900,19.03166666666667,0.0,24,1,osrm
417,delivered,2025-07-03 10:43:57,2025-07-03 10:55:02.452785,2025-07-03 10:55:10.700000,2025-07-03 10:59:34.500,15.625,0.13745358333333335,56,1,osrm
418,delivered,2025-07-03 10:44:50,2025-07-03 10:58:12.945185,2025-07-03 11:01:58.300000,2025-07-03 11:04:09.400,19.323333333333334,3.7559135833333332,49,1,osrm
419,delivered,2025-07-03 10:45:30,2025-07-03 10:58:29.189972,2025-07-03 10:59:52.800000,2025-07-03 11:03:04.000,17.566666666666666,1.3935004666666666,43,1,osrm
420,delivered,2025-07-03 10:47:44,2025-07-03 10:59:56.348226,2025-07-03 11:05:15.000000,2025-07-03 11:07:23.100,19.651666666666664,5.3108629,30,1,osrm
421,delivered,2025-07-03 10:47:43,2025-07-03 11:05:54.628590,2025-07-03 11:08:29.800000,2025-07-03 11:10:06.600,22.39333333333333,2.586190166666667,16,1,osrm
422,delivered,2025-07-03 10:49:26,2025-07-03 11:09:58.017609,2025-07-03 11:09:58.017609,2025-07-03 11:12:42.400,23.273333333333333,0.0,10,1,osrm
423,delivered,2025-07-03 10:50:08,2025-07-03 11:00:14.163783,2025-07-03 11:00:14.163783,2025-07-03 11:04:03.200,13.92,0.0,46,1,osrm
424,delivered,2025-07-03 10:53:32,2025-07-03 11:05:02.700687,2025-07-03 11:05:02.700687,2025-07-03 11:07:34.300,14.038333333333332,0.0,14,1,osrm
425,delivered,2025-07-03 10:55:36,2025-07-03 11:05:59.848570,2025-07-03 11:09:09.500000,2025-07-03 11:13:12.900,17.615000000000002,3.1608571666666667,32,1,osrm
426,delivered,2025-07-03 10:55:24,2025-07-03 11:07:36.923420,2025-07-03 11:10:27.700000,2025-07-03 11:12:13.700,16.828333333333333,2.8462763333333334,4,1,osrm
427,delivered,2025-07-03 10:59:18,2025-07-03 11:06:36.933748,2025-07-03 11:10:18.600000,2025-07-03 11:11:49.900,12.531666666666666,3.6944375333333332,48,1,osrm
428,delivered,2025-07-03 10:59:25,2025-07-03 11:16:48.289183,2025-07-03 11:18:13.400000,2025-07-03 11:21:54.000,22.483333333333334,1.4185136166666665,55,1,osrm
429,delivered,2025-07-03 11:01:16,2025-07-03 11:18:22.936515,2025-07-03 11:19:58.100000,2025-07-03 11:22:32.700,21.278333333333332,1.5860580833333333,41,1,osrm
430,delivered,2025-07-03 11:01:35,2025-07-03 11:13:04.035577,2025-07-03 11:14:24.500000,2025-07-03 11:19:27.900,17.881666666666668,1.3410737166666666,36,1,osrm
431,delivered,2025-07-03 11:01:20,2025-07-03 11:16:32.249647,2025-07-03 11:19:27.400000,2025-07-03 11:21:44.700,20.41166666666667,2.91917255,16,1,osrm
432,delivered,2025-07-03 11:01:16,2025-07-03 11:12:57.004400,2025-07-03 11:14:27.100000,2025-07-03 11:18:21.900,17.098333333333336,1.5015933333333333,28,1,osrm
433,delivered,2025-07-03 11:04:44,2025-07-03 11:17:27.724668,2025-07-03 11:19:24.500000,2025-07-03 11:22:42.600,17.976666666666667,1.9462555333333333,6,1,osrm
434,delivered,2025-07-03 11:10:26,2025-07-03 11:26:04.202921,2025-07-03 11:30:29.400000,2025-07-03 11:33:10.600,22.743333333333332,4.419951316666666,54,1,osrm
435,delivered,2025-07-03 11:10:59,2025-07-03 11:26:30.692952,2025-07-03 11:29:00.700000,2025-07-03 11:32:49.100,21.834999999999997,2.5001174666666666,30,1,osrm
436,delivered,2025-07-03 11:11:14,2025-07-03 11:16:39.773289,2025-07-03 11:19:37.600000,2025-07-03 11:22:25.800,11.196666666666665,2.9637785166666664,50,1,osrm
437,delivered,2025-07-03 11:11:23,2025-07-03 11:21:02.622085,2025-07-03 11:25:08.300000,2025-07-03 11:28:40.500,17.291666666666668,4.094631916666667,32,1,osrm
438,delivered,2025-07-03 11:11:16,2025-07-03 11:22:14.225425,2025-07-03 11:25:04.600000,2025-07-03 11:28:17.000,17.016666666666666,2.83957625,1,1,osrm
439,delivered,2025-07-03 11:17:24,2025-07-03 11:28:35.330719,2025-07-03 11:30:54.000000,2025-07-03 11:33:57.900,16.565,2.3111546833333336,35,1,osrm
440,delivered,2025-07-03 11:17:21,2025-07-03 11:25:52.154804,2025-07-03 11:29:35.300000,2025-07-03 11:32:07.300,14.771666666666667,3.7190866,38,1,osrm
441,delivered,2025-07-03 11:20:54,2025-07-03 11:36:25.169321,2025-07-03 11:41:01.500000,2025-07-03 11:44:27.500,23.558333333333334,4.605511316666666,32,1,osrm
442,delivered,2025-07-03 11:20:30,2025-07-03 11:33:48.122803,2025-07-03 11:34:08.200000,2025-07-03 11:37:03.500,16.558333333333334,0.33461995000000005,3,1,osrm
443,delivered,2025-07-03 11:20:37,2025-07-03 11:28:17.971390,2025-07-03 11:30:09.500000,2025-07-03 11:35:16.500,14.658333333333333,1.8588101666666668,14,1,osrm
444,delivered,2025-07-03 11:22:38,2025-07-03 11:33:39.937073,2025-07-03 11:35:05.000000,2025-07-03 11:38:52.800,16.246666666666666,1.41771545,56,1,osrm
445,delivered,2025-07-03 11:22:15,2025-07-03 11:32:00.016109,2025-07-03 11:35:32.000000,2025-07-03 11:40:26.000,18.183333333333334,3.53306485,55,1,osrm
446,delivered,2025-07-03 11:22:49,2025-07-03 11:37:30.530525,2025-07-03 11:40:55.600000,2025-07-03 11:44:22.100,21.551666666666666,3.4178245833333336,1,1,osrm
447,delivered,2025-07-03 11:26:19,2025-07-03 11:37:08.567655,2025-07-03 11:56:20.700000,2025-07-03 12:02:22.400,36.056666666666665,19.20220575,43,1,osrm
448,delivered,2025-07-03 11:29:53,2025-07-03 11:41:44.551692,2025-07-03 11:44:36.900000,2025-07-03 11:46:48.200,16.92,2.8724718,11,1,osrm
449,delivered,2025-07-03 11:31:28,2025-07-03 11:42:16.485614,2025-07-03 11:45:05.000000,2025-07-03 11:49:10.100,17.701666666666664,2.8085731,38,1,osrm
450,delivered,2025-07-03 11:32:54,2025-07-03 11:43:12.639915,2025-07-03 11:43:30.200000,2025-07-03 11:47:57.200,15.053333333333335,0.29266808333333333,54,1,osrm
451,delivered,2025-07-03 11:32:09,2025-07-03 11:42:10.897613,2025-07-03 11:46:46.100000,2025-07-03 11:50:10.200,18.02,4.586706449999999,12,1,osrm
452,delivered,2025-07-03 11:35:50,2025-07-03 11:47:56.661606,2025-07-03 11:48:15.800000,2025-07-03 11:50:53.000,15.05,0.3189732333333334,47,1,osrm
453,delivered,2025-07-03 11:36:44,2025-07-03 11:50:40.232753,2025-07-03 11:50:40.232753,2025-07-03 11:54:04.500,17.341666666666665,0.0,46,1,osrm
454,delivered,2025-07-03 11:36:26,2025-07-03 11:49:31.739492,2025-07-03 11:50:57.000000,2025-07-03 11:53:02.700,16.611666666666668,1.4210084666666667,27,1,osrm
455,delivered,2025-07-03 11:38:24,2025-07-03 11:48:16.132261,2025-07-03 11:54:41.400000,2025-07-03 11:58:43.700,20.328333333333333,6.421128983333333,15,1,osrm
456,delivered,2025-07-03 11:42:24,2025-07-03 11:50:27.262349,2025-07-03 11:50:34.300000,2025-07-03 11:53:44.400,11.34,0.11729418333333334,3,1,osrm
457,delivered,2025-07-03 11:42:00,2025-07-03 11:55:26.552561,2025-07-03 11:56:51.500000,2025-07-03 11:59:01.300,17.021666666666665,1.4157906500000002,29,1,osrm
458,delivered,2025-07-03 11:43:48,2025-07-03 11:56:52.499823,2025-07-03 11:59:18.800000,2025-07-03 12:04:01.500,20.225,2.4383362833333333,33,1,osrm
459,delivered,2025-07-03 11:43:14,2025-07-03 11:52:51.038563,2025-07-03 11:59:41.400000,2025-07-03 12:04:08.000,20.9,6.839357283333333,41,1,osrm
460,delivered,2025-07-03 11:44:47,2025-07-03 11:55:22.344007,2025-07-03 11:55:54.400000,2025-07-03 11:57:28.300,12.688333333333333,0.53426655,23,1,osrm
461,delivered,2025-07-03 11:45:37,2025-07-03 11:51:59.184875,2025-07-03 11:55:20.800000,2025-07-03 11:57:26.400,11.823333333333332,3.3602520833333336,32,1,osrm
462,delivered,2025-07-03 11:46:53,2025-07-03 11:54:56.753730,2025-07-03 11:55:42.100000,2025-07-03 11:59:43.200,12.836666666666668,0.7557711666666667,20,1,osrm
463,delivered,2025-07-03 11:46:08,2025-07-03 12:02:17.674677,2025-07-03 12:05:51.600000,2025-07-03 12:08:06.900,21.98166666666667,3.56542205,5,1,osrm
464,delivered,2025-07-03 11:48:21,2025-07-03 12:01:30.942718,2025-07-03 12:04:08.000000,2025-07-03 12:08:26.900,20.098333333333336,2.6176213666666666,3,1,osrm
465,delivered,2025-07-03 11:50:02,2025-07-03 11:59:01.562465,2025-07-03 11:59:21.800000,2025-07-03 12:01:24.500,11.375,0.33729225,54,1,osrm
466,delivered,2025-07-03 11:51:14,2025-07-03 12:00:28.369663,2025-07-03 12:00:28.369663,2025-07-03 12:03:28.300,12.238333333333333,0.0,48,1,osrm
467,delivered,2025-07-03 11:53:28,2025-07-03 12:04:42.795993,2025-07-03 12:05:10.000000,2025-07-03 12:10:43.500,17.258333333333333,0.4534001166666667,35,1,osrm
468,delivered,2025-07-03 11:53:26,2025-07-03 12:05:05.674904,2025-07-03 12:06:15.900000,2025-07-03 12:09:03.300,15.621666666666666,1.1704182666666665,46,1,osrm
469,delivered,2025-07-03 11:56:29,2025-07-03 12:13:18.940772,2025-07-03 12:15:32.800000,2025-07-03 12:19:54.300,23.421666666666667,2.2309871333333335,48,1,osrm
470,delivered,2025-07-03 12:00:01,2025-07-03 12:10:12.443226,2025-07-03 12:10:12.443226,2025-07-03 12:12:46.100,12.751666666666667,0.0,32,1,osrm
471,delivered,2025-07-03 12:01:09,2025-07-03 12:16:55.874633,2025-07-03 12:20:19.300000,2025-07-03 12:21:34.000,20.416666666666668,3.3904227833333334,14,1,osrm
472,delivered,2025-07-03 12:01:53,2025-07-03 12:12:53.562635,2025-07-03 12:15:20.400000,2025-07-03 12:19:51.800,17.98,2.4472894166666666,27,1,osrm
473,delivered,2025-07-03 12:05:28,2025-07-03 12:14:11.415308,2025-07-03 12:14:11.415308,2025-07-03 12:16:45.500,11.291666666666666,0.0,33,1,osrm
474,delivered,2025-07-03 12:08:57,2025-07-03 12:22:33.752503,2025-07-03 12:25:34.800000,2025-07-03 12:29:38.800,20.696666666666665,3.017458283333333,10,1,osrm
475,delivered,2025-07-03 12:10:42,2025-07-03 12:24:33.366497,2025-07-03 12:31:49.400000,2025-07-03 12:35:49.400,25.123333333333335,7.2672250499999995,40,1,osrm
476,delivered,2025-07-03 12:11:12,2025-07-03 12:24:04.336324,2025-07-03 12:24:07.000000,2025-07-03 12:27:01.500,15.825,0.0443946,28,1,osrm
477,delivered,2025-07-03 12:11:13,2025-07-03 12:26:41.939884,2025-07-03 12:29:10.700000,2025-07-03 12:33:53.200,22.67,2.479335266666667,48,1,osrm
478,delivered,2025-07-03 12:12:26,2025-07-03 12:23:32.582993,2025-07-03 12:23:53.500000,2025-07-03 12:27:16.300,14.838333333333333,0.34861678333333335,22,1,osrm
479,delivered,2025-07-03 12:13:33,2025-07-03 12:27:22.726105,2025-07-03 12:40:11.000000,2025-07-03 12:44:51.900,31.315,12.804564916666667,11,1,osrm
480,delivered,2025-07-03 12:16:19,2025-07-03 12:29:48.127766,2025-07-03 12:29:48.127766,2025-07-03 12:29:49.300,13.504999999999999,0.0,42,1,osrm
481,delivered,2025-07-03 12:18:58,2025-07-03 12:29:22.934756,2025-07-03 12:30:24.000000,2025-07-03 12:35:14.300,16.271666666666665,1.0177540666666667,33,1,osrm
482,delivered,2025-07-03 12:19:49,2025-07-03 12:35:42.703748,2025-07-03 12:35:42.703748,2025-07-03 12:39:26.400,19.623333333333335,0.0,13,1,osrm
483,delivered,2025-07-03 12:20:09,2025-07-03 12:29:14.137881,2025-07-03 12:30:41.400000,2025-07-03 12:33:59.800,13.846666666666666,1.45436865,12,1,osrm
484,delivered,2025-07-03 12:21:34,2025-07-03 12:34:10.954103,2025-07-03 12:34:10.954103,2025-07-03 12:35:52.000,14.3,0.0,24,1,osrm
485,delivered,2025-07-03 12:24:14,2025-07-03 12:37:01.035055,2025-07-03 12:39:36.200000,2025-07-03 12:40:27.500,16.225,2.5860824166666663,10,1,osrm
486,delivered,2025-07-03 12:26:12,2025-07-03 12:38:27.109796,2025-07-03 12:40:56.900000,2025-07-03 12:41:56.200,15.736666666666668,2.4965034,14,1,osrm
487,delivered,2025-07-03 12:28:23,2025-07-03 12:38:32.371980,2025-07-03 12:41:54.200000,2025-07-03 12:45:20.700,16.961666666666666,3.3638003333333333,37,1,osrm
488,delivered,2025-07-03 12:29:23,2025-07-03 12:46:38.996993,2025-07-03 12:50:01.800000,2025-07-03 12:53:50.500,24.458333333333332,3.3800501166666668,19,1,osrm
489,delivered,2025-07-03 12:31:36,2025-07-03 12:46:11.011574,2025-07-03 12:50:05.400000,2025-07-03 12:53:40.900,22.081666666666667,3.9064737666666667,2,1,osrm
490,delivered,2025-07-03 12:33:16,2025-07-03 12:47:28.876241,2025-07-03 12:49:36.400000,2025-07-03 12:52:13.400,18.956666666666667,2.125395983333333,22,1,osrm
491,delivered,2025-07-03 12:35:16,2025-07-03 12:44:04.706750,2025-07-03 12:44:42.800000,2025-07-03 12:49:21.400,14.09,0.6348874999999999,9,1,osrm
492,delivered,2025-07-03 12:35:00,2025-07-03 12:45:32.412381,2025-07-03 12:45:32.412381,2025-07-03 12:47:24.000,12.4,0.0,33,1,osrm
493,delivered,2025-07-03 12:36:16,2025-07-03 12:53:09.588718,2025-07-03 12:55:38.400000,2025-07-03 12:59:51.200,23.586666666666666,2.4801880333333335,27,1,osrm
494,delivered,2025-07-03 12:37:21,2025-07-03 12:47:14.569095,2025-07-03 12:49:13.500000,2025-07-03 12:50:22.700,13.028333333333334,1.9821817499999999,43,1,osrm
495,delivered,2025-07-03 12:38:22,2025-07-03 12:52:44.963893,2025-07-03 12:54:05.800000,2025-07-03 12:55:34.800,17.21333333333333,1.34726845,35,1,osrm
496,delivered,2025-07-03 12:38:40,2025-07-03 12:50:36.565183,2025-07-03 12:50:36.565183,2025-07-03 12:52:32.900,13.881666666666666,0.0,5,1,osrm
497,delivered,2025-07-03 12:45:15,2025-07-03 12:55:34.227427,2025-07-03 12:55:34.227427,2025-07-03 12:58:45.300,13.504999999999999,0.0,48,1,osrm
498,delivered,2025-07-03 12:47:47,2025-07-03 13:01:31.736396,2025-07-03 13:04:43.400000,2025-07-03 13:07:35.700,19.811666666666667,3.1943934,19,1,osrm
499,delivered,2025-07-03 12:48:59,2025-07-03 13:02:26.357276,2025-07-03 13:03:22.100000,2025-07-03 13:04:55.700,15.945,0.9290454,38,1,osrm
500,delivered,2025-07-03 12:48:31,2025-07-03 12:59:14.788468,2025-07-03 12:59:18.900000,2025-07-03 13:05:03.700,16.545,0.06852553333333335,17,1,osrm
501,delivered,2025-07-03 12:49:31,2025-07-03 13:09:22.583690,2025-07-03 13:09:23.900000,2025-07-03 13:13:17.600,23.776666666666664,0.021938500000000003,9,1,osrm
502,delivered,2025-07-03 12:49:10,2025-07-03 13:02:05.557665,2025-07-03 13:04:04.300000,2025-07-03 13:06:58.200,17.803333333333335,1.9790389166666666,2,1,osrm
503,delivered,2025-07-03 12:49:20,2025-07-03 12:59:13.928347,2025-07-03 13:01:13.800000,2025-07-03 13:04:49.800,15.496666666666666,1.9978608833333333,26,1,osrm
504,delivered,2025-07-03 12:50:22,2025-07-03 13:05:57.155139,2025-07-03 13:09:27.700000,2025-07-03 13:13:01.400,22.65666666666667,3.509081016666667,14,1,osrm
505,delivered,2025-07-03 12:52:22,2025-07-03 13:06:11.571470,2025-07-03 13:09:48.600000,2025-07-03 13:12:55.900,20.565,3.6171421666666665,27,1,osrm
506,delivered,2025-07-03 12:53:36,2025-07-03 13:04:26.855691,2025-07-03 13:04:26.855691,2025-07-03 13:07:06.700,13.511666666666667,0.0,5,1,osrm
507,delivered,2025-07-03 12:53:34,2025-07-03 13:05:35.433944,2025-07-03 13:05:35.433944,2025-07-03 13:05:11.000,11.616666666666667,0.0,7,1,osrm
508,delivered,2025-07-03 12:54:11,2025-07-03 13:09:49.880658,2025-07-03 13:11:12.300000,2025-07-03 13:15:17.400,21.10666666666667,1.3736557,1,1,osrm
509,delivered,2025-07-03 12:54:50,2025-07-03 13:12:44.625964,2025-07-03 13:14:03.900000,2025-07-03 13:17:33.400,22.723333333333336,1.3212339333333332,7,1,osrm
510,delivered,2025-07-03 12:57:11,2025-07-03 13:10:40.563118,2025-07-03 13:10:59.000000,2025-07-03 13:15:16.900,18.098333333333336,0.30728136666666667,24,1,osrm
511,delivered,2025-07-03 12:57:58,2025-07-03 13:13:41.444179,2025-07-03 13:15:05.100000,2025-07-03 13:19:00.500,21.041666666666668,1.3942636833333333,35,1,osrm
512,delivered,2025-07-03 12:58:52,2025-07-03 13:09:32.424747,2025-07-03 13:09:32.424747,2025-07-03 13:11:54.200,13.036666666666667,0.0,20,1,osrm
513,delivered,2025-07-03 12:59:02,2025-07-03 13:15:05.299923,2025-07-03 13:15:05.299923,2025-07-03 13:17:22.200,18.336666666666666,0.0,10,1,osrm
514,delivered,2025-07-03 13:01:07,2025-07-03 13:21:49.711565,2025-07-03 13:24:42.600000,2025-07-03 13:29:37.600,28.509999999999998,2.8814739166666663,1,1,osrm
515,delivered,2025-07-03 13:01:33,2025-07-03 13:14:57.671974,2025-07-03 13:14:57.671974,2025-07-03 13:17:41.400,16.14,0.0,11,1,osrm
516,delivered,2025-07-03 13:01:14,2025-07-03 13:13:00.436677,2025-07-03 13:30:43.500000,2025-07-03 13:36:37.500,35.391666666666666,17.717722050000003,23,1,osrm
517,delivered,2025-07-03 13:01:59,2025-07-03 13:14:57.698507,2025-07-03 13:21:52.200000,2025-07-03 13:25:42.100,23.71833333333333,6.908358216666667,2,1,osrm
518,delivered,2025-07-03 13:02:00,2025-07-03 13:18:06.073814,2025-07-03 13:19:30.200000,2025-07-03 13:21:44.600,19.743333333333332,1.4021031000000002,49,1,osrm
519,delivered,2025-07-03 13:04:14,2025-07-03 13:17:11.694703,2025-07-03 13:35:43.500000,2025-07-03 13:41:07.000,36.88333333333333,18.530088283333335,20,1,osrm
520,delivered,2025-07-03 13:04:14,2025-07-03 13:14:19.737372,2025-07-03 13:16:43.700000,2025-07-03 13:20:26.000,16.2,2.399377133333333,38,1,osrm
521,delivered,2025-07-03 13:08:49,2025-07-03 13:17:41.661190,2025-07-03 13:20:30.800000,2025-07-03 13:23:37.800,14.813333333333333,2.818980166666667,13,1,osrm
522,delivered,2025-07-03 13:09:23,2025-07-03 13:16:10.077711,2025-07-03 13:21:15.000000,2025-07-03 13:24:57.200,15.57,5.08203815,46,1,osrm
523,delivered,2025-07-03 13:10:47,2025-07-03 13:19:03.954178,2025-07-03 13:20:35.100000,2025-07-03 13:24:52.400,14.09,1.5190970333333333,31,1,osrm
524,delivered,2025-07-03 13:11:11,2025-07-03 13:27:04.579201,2025-07-03 13:36:35.900000,2025-07-03 13:40:29.100,29.301666666666666,9.522013316666666,47,1,osrm
525,delivered,2025-07-03 13:11:03,2025-07-03 13:28:12.045253,2025-07-03 13:29:41.000000,2025-07-03 13:32:04.500,21.025,1.4825791166666666,28,1,osrm
526,delivered,2025-07-03 13:11:48,2025-07-03 13:23:48.646728,2025-07-03 13:40:13.600000,2025-07-03 13:46:35.200,34.78666666666666,16.415887866666665,51,1,osrm
527,delivered,2025-07-03 13:12:17,2025-07-03 13:24:32.350072,2025-07-03 13:25:11.000000,2025-07-03 13:25:49.900,13.548333333333334,0.6441654666666667,24,1,osrm
528,delivered,2025-07-03 13:13:46,2025-07-03 13:24:35.774716,2025-07-03 13:26:32.200000,2025-07-03 13:29:59.900,16.231666666666666,1.9404214000000002,55,1,osrm
529,delivered,2025-07-03 13:19:00,2025-07-03 13:42:02.806804,2025-07-03 13:45:06.500000,2025-07-03 13:47:42.700,28.711666666666666,3.0615532666666665,13,1,osrm
530,delivered,2025-07-03 13:20:05,2025-07-03 13:33:44.548112,2025-07-03 13:35:06.500000,2025-07-03 13:38:59.400,18.90666666666667,1.3658648,31,1,osrm
531,delivered,2025-07-03 13:22:12,2025-07-03 13:29:35.866529,2025-07-03 13:29:35.866529,2025-07-03 13:35:03.400,12.856666666666666,0.0,16,1,osrm
532,delivered,2025-07-03 13:22:53,2025-07-03 13:34:47.818669,2025-07-03 13:40:33.100000,2025-07-03 13:44:41.700,21.811666666666667,5.75468885,10,1,osrm
533,delivered,2025-07-03 13:23:39,2025-07-03 13:32:18.612091,2025-07-03 13:35:24.900000,2025-07-03 13:38:14.400,14.59,3.1047984833333335,14,1,osrm
534,delivered,2025-07-03 13:24:36,2025-07-03 13:38:30.434307,2025-07-03 13:39:22.900000,2025-07-03 13:42:26.300,17.83833333333333,0.8744282166666667,55,1,osrm
535,delivered,2025-07-03 13:25:07,2025-07-03 13:37:17.194487,2025-07-03 13:39:41.700000,2025-07-03 13:43:06.400,17.990000000000002,2.4084252166666666,1,1,osrm
536,delivered,2025-07-03 13:28:30,2025-07-03 13:42:20.502855,2025-07-03 13:44:22.700000,2025-07-03 13:48:03.600,19.56,2.0366190833333335,21,1,osrm
537,delivered,2025-07-03 13:28:43,2025-07-03 13:43:13.407463,2025-07-03 13:44:04.200000,2025-07-03 13:46:42.600,17.993333333333332,0.8465422833333334,28,1,osrm
538,delivered,2025-07-03 13:29:32,2025-07-03 13:42:48.350002,2025-07-03 13:46:15.000000,2025-07-03 13:48:22.500,18.841666666666665,3.4441666333333334,57,1,osrm
539,delivered,2025-07-03 13:30:44,2025-07-03 13:45:07.457550,2025-07-03 13:45:33.800000,2025-07-03 13:50:22.100,19.634999999999998,0.4390408333333333,11,1,osrm
540,delivered,2025-07-03 13:33:52,2025-07-03 13:40:44.430300,2025-07-03 13:44:39.800000,2025-07-03 13:50:24.500,16.541666666666668,3.9228283333333334,16,1,osrm
541,delivered,2025-07-03 13:35:48,2025-07-03 13:48:31.757678,2025-07-03 13:48:56.500000,2025-07-03 13:52:41.800,16.896666666666665,0.41237203333333333,25,1,osrm
542,delivered,2025-07-03 13:35:07,2025-07-03 13:43:09.280776,2025-07-03 13:44:47.700000,2025-07-03 13:46:27.500,11.341666666666667,1.6403204,7,1,osrm
543,delivered,2025-07-03 13:35:21,2025-07-03 13:49:09.176011,2025-07-03 13:49:09.176011,2025-07-03 13:50:54.400,15.556666666666667,0.0,32,1,osrm
544,delivered,2025-07-03 13:36:54,2025-07-03 13:49:26.974308,2025-07-03 13:49:26.974308,2025-07-03 13:50:14.500,13.341666666666667,0.0,50,1,osrm
545,delivered,2025-07-03 13:46:03,2025-07-03 14:00:30.481542,2025-07-03 14:00:30.481542,2025-07-03 14:00:56.300,14.888333333333332,0.0,50,1,osrm
546,delivered,2025-07-03 13:48:20,2025-07-03 13:59:09.130137,2025-07-03 13:59:59.900000,2025-07-03 14:02:43.600,14.393333333333334,0.8461643833333333,9,1,osrm
547,delivered,2025-07-03 13:49:38,2025-07-03 14:05:15.033100,2025-07-03 14:07:10.500000,2025-07-03 14:08:49.100,19.185,1.9244483333333333,17,1,osrm
548,delivered,2025-07-03 13:50:04,2025-07-03 14:01:36.170882,2025-07-03 14:03:14.000000,2025-07-03 14:06:32.400,16.473333333333333,1.6304853,54,1,osrm
549,delivered,2025-07-03 13:50:01,2025-07-03 13:58:46.447994,2025-07-03 14:00:39.600000,2025-07-03 14:02:53.400,12.873333333333333,1.8858667666666666,11,1,osrm
550,delivered,2025-07-03 13:51:19,2025-07-03 14:02:14.739180,2025-07-03 14:06:46.200000,2025-07-03 14:10:27.400,19.14,4.524347000000001,15,1,osrm
551,delivered,2025-07-03 13:52:55,2025-07-03 14:07:53.043461,2025-07-03 14:09:40.300000,2025-07-03 14:12:47.500,19.875,1.7876089833333333,56,1,osrm
552,delivered,2025-07-03 13:53:40,2025-07-03 14:03:47.737247,2025-07-03 14:04:59.900000,2025-07-03 14:07:52.900,14.215,1.20271255,32,1,osrm
553,delivered,2025-07-03 13:59:29,2025-07-03 14:07:07.634021,2025-07-03 14:08:45.400000,2025-07-03 14:11:25.300,11.938333333333333,1.6294329833333334,43,1,osrm
554,delivered,2025-07-03 13:59:40,2025-07-03 14:08:27.532651,2025-07-03 14:08:27.532651,2025-07-03 14:12:39.300,12.988333333333333,0.0,13,1,osrm
555,delivered,2025-07-03 14:04:32,2025-07-03 14:16:48.008858,2025-07-03 14:19:16.000000,2025-07-03 14:24:08.200,19.603333333333335,2.4665190333333333,38,1,osrm
556,delivered,2025-07-03 14:05:58,2025-07-03 14:17:53.442694,2025-07-03 14:20:30.800000,2025-07-03 14:23:07.400,17.15666666666667,2.6226217666666667,23,1,osrm
557,delivered,2025-07-03 14:06:47,2025-07-03 14:19:21.200795,2025-07-03 14:19:21.200795,2025-07-03 14:23:54.800,17.13,0.0,54,1,osrm
558,delivered,2025-07-03 14:07:38,2025-07-03 14:20:25.143424,2025-07-03 14:20:25.143424,2025-07-03 14:20:56.000,13.3,0.0,49,1,osrm
559,delivered,2025-07-03 14:07:50,2025-07-03 14:18:49.112483,2025-07-03 14:20:15.400000,2025-07-03 14:23:40.200,15.836666666666668,1.4381252833333333,26,1,osrm
560,delivered,2025-07-03 14:08:15,2025-07-03 14:23:31.489831,2025-07-03 14:25:02.100000,2025-07-03 14:29:26.100,21.185,1.5101694833333332,37,1,osrm
561,delivered,2025-07-03 14:09:09,2025-07-03 14:18:19.434867,2025-07-03 14:18:53.300000,2025-07-03 14:22:06.500,12.958333333333334,0.5644188833333333,10,1,osrm
562,delivered,2025-07-03 14:14:33,2025-07-03 14:24:35.343493,2025-07-03 14:24:35.343493,2025-07-03 14:26:37.000,12.066666666666666,0.0,44,1,osrm
563,delivered,2025-07-03 14:15:18,2025-07-03 14:20:45.649657,2025-07-03 14:20:45.649657,2025-07-03 14:20:57.300,5.655,0.0,15,1,osrm
564,delivered,2025-07-03 14:17:27,2025-07-03 14:34:12.378426,2025-07-03 14:34:12.378426,2025-07-03 14:38:06.300,20.654999999999998,0.0,30,1,osrm
565,delivered,2025-07-03 14:20:43,2025-07-03 14:33:25.029088,2025-07-03 14:33:29.500000,2025-07-03 14:35:04.100,14.351666666666667,0.0745152,43,1,osrm
566,delivered,2025-07-03 14:20:48,2025-07-03 14:31:04.048906,2025-07-03 14:34:39.900000,2025-07-03 14:38:17.100,17.485,3.597518233333333,39,1,osrm
567,delivered,2025-07-03 14:21:25,2025-07-03 14:31:11.238680,2025-07-03 14:36:29.400000,2025-07-03 14:38:45.900,17.348333333333336,5.302688666666667,54,1,osrm
568,delivered,2025-07-03 14:22:35,2025-07-03 14:36:33.932054,2025-07-03 14:39:25.800000,2025-07-03 14:42:15.600,19.676666666666666,2.8644657666666666,46,1,osrm
569,delivered,2025-07-03 14:23:59,2025-07-03 14:39:25.180001,2025-07-03 14:41:32.600000,2025-07-03 14:42:48.000,18.816666666666666,2.12366665,48,1,osrm
570,delivered,2025-07-03 14:25:18,2025-07-03 14:38:58.063404,2025-07-03 14:39:33.300000,2025-07-03 14:42:21.600,17.06,0.5872765999999999,44,1,osrm
571,delivered,2025-07-03 14:26:15,2025-07-03 14:35:02.232222,2025-07-03 14:35:42.600000,2025-07-03 14:40:32.100,14.285,0.6727963,24,1,osrm
572,delivered,2025-07-03 14:31:39,2025-07-03 14:48:36.696330,2025-07-03 15:00:05.000000,2025-07-03 15:05:00.600,33.36,11.471727833333334,25,1,osrm
573,delivered,2025-07-03 14:31:54,2025-07-03 14:37:34.018761,2025-07-03 14:40:45.800000,2025-07-03 14:43:03.400,11.156666666666666,3.196353983333333,8,1,osrm
574,delivered,2025-07-03 14:32:20,2025-07-03 14:45:36.485020,2025-07-03 14:46:45.400000,2025-07-03 14:49:17.100,16.951666666666668,1.148583,43,1,osrm
575,delivered,2025-07-03 14:33:38,2025-07-03 14:43:45.349157,2025-07-03 14:45:45.800000,2025-07-03 14:47:23.000,13.75,2.00751405,40,1,osrm
576,delivered,2025-07-03 14:33:41,2025-07-03 14:43:05.093668,2025-07-03 14:43:36.200000,2025-07-03 14:46:02.600,12.360000000000001,0.5184388666666666,45,1,osrm
577,delivered,2025-07-03 14:34:59,2025-07-03 14:47:46.303879,2025-07-03 14:49:20.200000,2025-07-03 14:53:14.300,18.255,1.5649353499999998,24,1,osrm
578,delivered,2025-07-03 14:37:26,2025-07-03 14:52:22.076592,2025-07-03 14:54:46.400000,2025-07-03 14:56:50.000,19.4,2.4053901333333334,31,1,osrm
579,delivered,2025-07-03 14:41:23,2025-07-03 14:55:41.601245,2025-07-03 14:55:41.601245,2025-07-03 14:57:30.900,16.131666666666668,0.0,37,1,osrm
580,delivered,2025-07-03 14:44:36,2025-07-03 14:59:37.231399,2025-07-03 15:01:08.600000,2025-07-03 15:04:06.600,19.509999999999998,1.5228100166666667,29,1,osrm
581,delivered,2025-07-03 14:44:46,2025-07-03 14:54:52.685068,2025-07-03 15:00:31.400000,2025-07-03 15:04:57.400,20.19,5.645248866666666,14,1,osrm
582,delivered,2025-07-03 14:44:19,2025-07-03 15:01:28.695856,2025-07-03 15:05:25.900000,2025-07-03 15:08:40.600,24.36,3.9534024000000003,16,1,osrm
583,delivered,2025-07-03 14:44:04,2025-07-03 14:58:24.073152,2025-07-03 14:59:57.600000,2025-07-03 15:01:53.200,17.82,1.5587808,7,1,osrm
584,delivered,2025-07-03 14:45:12,2025-07-03 14:58:51.682916,2025-07-03 15:05:31.400000,2025-07-03 15:10:49.200,25.62,6.6619514,36,1,osrm
585,delivered,2025-07-03 14:46:32,2025-07-03 14:54:34.614285,2025-07-03 15:05:39.700000,2025-07-03 15:10:27.700,23.928333333333335,11.084761916666668,17,1,osrm
586,delivered,2025-07-03 14:46:59,2025-07-03 14:57:50.311606,2025-07-03 14:59:08.100000,2025-07-03 15:01:23.000,14.4,1.2964732333333333,49,1,osrm
587,delivered,2025-07-03 14:50:31,2025-07-03 15:08:15.508718,2025-07-03 15:08:16.900000,2025-07-03 15:11:37.000,21.1,0.023188033333333333,8,1,osrm
588,delivered,2025-07-03 14:51:36,2025-07-03 15:01:17.006133,2025-07-03 15:04:04.800000,2025-07-03 15:07:19.400,15.723333333333333,2.79656445,33,1,osrm
589,delivered,2025-07-03 14:51:37,2025-07-03 15:03:04.295164,2025-07-03 15:20:31.400000,2025-07-03 15:27:01.100,35.401666666666664,17.451747266666665,16,1,osrm
590,delivered,2025-07-03 14:52:30,2025-07-03 15:01:34.978040,2025-07-03 15:03:28.700000,2025-07-03 15:06:17.100,13.785,1.8953659999999999,24,1,osrm
591,delivered,2025-07-03 14:53:30,2025-07-03 15:08:23.673862,2025-07-03 15:09:23.500000,2025-07-03 15:14:09.100,20.651666666666664,0.9971023,19,1,osrm
592,delivered,2025-07-03 14:55:09,2025-07-03 15:11:28.060356,2025-07-03 15:14:57.600000,2025-07-03 15:17:11.000,22.033333333333335,3.4923274,14,1,osrm
593,delivered,2025-07-03 14:59:03,2025-07-03 15:12:49.048672,2025-07-03 15:14:57.600000,2025-07-03 15:17:01.400,17.973333333333336,2.1425221333333337,46,1,osrm
594,delivered,2025-07-03 14:59:56,2025-07-03 15:11:56.770057,2025-07-03 15:14:04.800000,2025-07-03 15:17:22.200,17.436666666666667,2.1338323833333335,52,1,osrm
595,delivered,2025-07-03 15:00:54,2025-07-03 15:09:10.111488,2025-07-03 15:11:26.000000,2025-07-03 15:14:15.100,13.351666666666667,2.264808533333333,40,1,osrm
596,delivered,2025-07-03 15:00:47,2025-07-03 15:08:38.467144,2025-07-03 15:10:27.500000,2025-07-03 15:15:29.400,14.706666666666667,1.8172142666666666,37,1,osrm
597,delivered,2025-07-03 15:02:34,2025-07-03 15:12:49.365499,2025-07-03 15:24:21.700000,2025-07-03 15:30:09.500,27.591666666666665,11.538908350000002,27,1,osrm
598,delivered,2025-07-03 15:03:54,2025-07-03 15:13:45.017743,2025-07-03 15:16:08.600000,2025-07-03 15:19:08.500,15.241666666666667,2.3930376166666667,25,1,osrm
599,delivered,2025-07-03 15:03:50,2025-07-03 15:21:05.551037,2025-07-03 15:24:23.500000,2025-07-03 15:28:50.800,25.013333333333332,3.2991493833333334,8,1,osrm
600,delivered,2025-07-03 15:03:33,2025-07-03 15:19:20.861676,2025-07-03 15:19:42.300000,2025-07-03 15:20:15.400,16.706666666666667,0.35730540000000005,17,1,osrm
601,delivered,2025-07-03 15:04:36,2025-07-03 15:15:36.479153,2025-07-03 15:16:15.500000,2025-07-03 15:19:05.300,14.488333333333333,0.65034745,7,1,osrm
602,delivered,2025-07-03 15:06:17,2025-07-03 15:19:38.007282,2025-07-03 15:21:12.300000,2025-07-03 15:24:35.200,18.303333333333335,1.5715453,56,1,osrm
603,delivered,2025-07-03 15:06:15,2025-07-03 15:18:45.639559,2025-07-03 15:21:23.800000,2025-07-03 15:24:52.000,18.616666666666667,2.63600735,4,1,osrm
604,delivered,2025-07-03 15:07:00,2025-07-03 15:21:32.221967,2025-07-03 15:25:01.100000,2025-07-03 15:27:31.900,20.53166666666667,3.48130055,40,1,osrm
605,delivered,2025-07-03 15:10:56,2025-07-03 15:16:31.210216,2025-07-03 15:18:59.300000,2025-07-03 15:21:33.500,10.625,2.468163066666667,45,1,osrm
606,delivered,2025-07-03 15:10:48,2025-07-03 15:27:14.741551,2025-07-03 15:28:27.300000,2025-07-03 15:32:48.200,22.003333333333334,1.2093074833333333,15,1,osrm
607,delivered,2025-07-03 15:12:14,2025-07-03 15:21:31.453184,2025-07-03 15:24:35.800000,2025-07-03 15:27:39.200,15.42,3.072446933333333,55,1,osrm
608,delivered,2025-07-03 15:12:26,2025-07-03 15:27:35.283554,2025-07-03 15:32:22.300000,2025-07-03 15:35:19.700,22.895,4.783607433333333,17,1,osrm
609,delivered,2025-07-03 15:13:23,2025-07-03 15:23:12.360292,2025-07-03 15:24:24.500000,2025-07-03 15:26:03.700,12.678333333333335,1.2023284666666667,37,1,osrm
610,delivered,2025-07-03 15:15:10,2025-07-03 15:29:09.544274,2025-07-03 15:29:28.200000,2025-07-03 15:30:13.200,15.053333333333335,0.3109287666666667,38,1,osrm
611,delivered,2025-07-03 15:19:26,2025-07-03 15:31:31.337643,2025-07-03 15:36:52.200000,2025-07-03 15:37:34.500,18.141666666666666,5.34770595,50,1,osrm
612,delivered,2025-07-03 15:19:04,2025-07-03 15:27:49.005118,2025-07-03 15:30:01.200000,2025-07-03 15:31:55.400,12.856666666666666,2.2032480333333333,7,1,osrm
613,delivered,2025-07-03 15:20:34,2025-07-03 15:29:52.932384,2025-07-03 15:29:52.932384,2025-07-03 15:33:29.700,12.928333333333335,0.0,10,1,osrm
614,delivered,2025-07-03 15:22:03,2025-07-03 15:38:37.218144,2025-07-03 15:42:22.700000,2025-07-03 15:45:15.300,23.205,3.758030933333333,38,1,osrm
615,delivered,2025-07-03 15:23:32,2025-07-03 15:35:23.623498,2025-07-03 15:35:23.623498,2025-07-03 15:36:57.400,13.423333333333334,0.0,31,1,osrm
616,delivered,2025-07-03 15:23:35,2025-07-03 15:37:43.470034,2025-07-03 15:42:06.500000,2025-07-03 15:43:56.800,20.363333333333333,4.383832766666667,40,1,osrm
617,delivered,2025-07-03 15:24:42,2025-07-03 15:40:47.778255,2025-07-03 15:40:47.778255,2025-07-03 15:42:23.900,17.698333333333334,0.0,13,1,osrm
618,delivered,2025-07-03 15:24:20,2025-07-03 15:36:42.650147,2025-07-03 15:38:59.300000,2025-07-03 15:42:28.400,18.14,2.27749755,8,1,osrm
619,delivered,2025-07-03 15:24:25,2025-07-03 15:35:10.681262,2025-07-03 15:35:38.900000,2025-07-03 15:37:55.800,13.513333333333332,0.47031229999999996,56,1,osrm
620,delivered,2025-07-03 15:24:55,2025-07-03 15:37:06.440492,2025-07-03 15:38:39.200000,2025-07-03 15:41:43.200,16.803333333333335,1.5459918,22,1,osrm
621,delivered,2025-07-03 15:25:02,2025-07-03 15:36:29.014143,2025-07-03 15:41:14.600000,2025-07-03 15:44:08.100,19.101666666666667,4.759764283333333,1,1,osrm
622,delivered,2025-07-03 15:27:17,2025-07-03 15:42:00.224054,2025-07-03 15:43:49.100000,2025-07-03 15:47:48.900,20.53166666666667,1.8145991,10,1,osrm
623,delivered,2025-07-03 15:27:41,2025-07-03 15:39:32.700795,2025-07-03 15:39:32.700795,2025-07-03 15:42:00.800,14.33,0.0,46,1,osrm
624,delivered,2025-07-03 15:27:24,2025-07-03 15:38:24.617976,2025-07-03 15:39:55.800000,2025-07-03 15:43:47.500,16.391666666666666,1.5197004,16,1,osrm
625,delivered,2025-07-03 15:28:09,2025-07-03 15:39:46.253514,2025-07-03 15:39:46.253514,2025-07-03 15:41:18.100,13.151666666666667,0.0,25,1,osrm
626,delivered,2025-07-03 15:30:59,2025-07-03 15:46:36.105033,2025-07-03 15:48:29.100000,2025-07-03 15:50:36.200,19.62,1.88324945,27,1,osrm
627,delivered,2025-07-03 15:31:06,2025-07-03 15:40:45.284525,2025-07-03 15:40:45.284525,2025-07-03 15:43:24.900,12.315,0.0,44,1,osrm
628,delivered,2025-07-03 15:31:12,2025-07-03 15:41:08.161346,2025-07-03 15:44:22.100000,2025-07-03 15:46:51.100,15.651666666666667,3.2323109000000003,14,1,osrm
629,delivered,2025-07-03 15:33:35,2025-07-03 15:48:59.471590,2025-07-03 15:50:59.400000,2025-07-03 15:55:12.400,21.623333333333335,1.9988068333333333,42,1,osrm
630,delivered,2025-07-03 15:33:03,2025-07-03 15:44:13.571530,2025-07-03 15:45:26.900000,2025-07-03 15:49:16.100,16.218333333333334,1.2221411666666666,6,1,osrm
631,delivered,2025-07-03 15:33:58,2025-07-03 15:46:16.547377,2025-07-03 15:48:14.200000,2025-07-03 15:53:36.200,19.636666666666667,1.9608770500000001,31,1,osrm
632,delivered,2025-07-03 15:33:04,2025-07-03 15:46:35.514658,2025-07-03 15:48:56.500000,2025-07-03 15:51:02.100,17.96833333333333,2.3497557000000002,57,1,osrm
633,delivered,2025-07-03 15:35:09,2025-07-03 15:43:54.586646,2025-07-03 15:45:31.900000,2025-07-03 15:49:11.200,14.036666666666667,1.6218892333333335,3,1,osrm
634,delivered,2025-07-03 15:37:49,2025-07-03 15:48:26.860395,2025-07-03 15:51:59.900000,2025-07-03 15:53:54.300,16.08833333333333,3.5506600833333333,43,1,osrm
635,delivered,2025-07-03 15:38:57,2025-07-03 15:46:33.013296,2025-07-03 15:49:59.300000,2025-07-03 15:53:24.700,14.461666666666668,3.4381117333333333,5,1,osrm
636,delivered,2025-07-03 15:40:31,2025-07-03 15:55:57.145031,2025-07-03 15:59:35.900000,2025-07-03 16:03:43.000,23.2,3.6459161499999997,53,1,osrm
637,delivered,2025-07-03 15:41:07,2025-07-03 15:46:47.953517,2025-07-03 15:53:02.500000,2025-07-03 15:55:42.600,14.593333333333334,6.242441383333333,15,1,osrm
638,delivered,2025-07-03 15:41:56,2025-07-03 15:51:37.523916,2025-07-03 15:54:22.000000,2025-07-03 15:58:39.100,16.718333333333334,2.7412680666666662,8,1,osrm
639,delivered,2025-07-03 15:41:52,2025-07-03 15:56:17.239633,2025-07-03 16:01:06.400000,2025-07-03 16:04:32.200,22.67,4.81933945,48,1,osrm
640,delivered,2025-07-03 15:43:17,2025-07-03 15:56:10.943132,2025-07-03 15:59:44.200000,2025-07-03 16:03:36.100,20.31833333333333,3.5542811333333333,6,1,osrm
641,delivered,2025-07-03 15:45:20,2025-07-03 15:57:23.130704,2025-07-03 16:00:01.800000,2025-07-03 16:04:51.200,19.52,2.644488266666667,38,1,osrm
642,delivered,2025-07-03 15:47:22,2025-07-03 15:56:48.183714,2025-07-03 16:00:10.900000,2025-07-03 16:05:14.800,17.88,3.3786047666666668,37,1,osrm
643,delivered,2025-07-03 15:50:05,2025-07-03 16:03:33.394466,2025-07-03 16:04:13.600000,2025-07-03 16:06:11.400,16.106666666666666,0.6700922333333333,40,1,osrm
644,delivered,2025-07-03 15:50:57,2025-07-03 15:57:42.453043,2025-07-03 15:58:45.400000,2025-07-03 16:03:23.000,12.433333333333334,1.04911595,20,1,osrm
645,delivered,2025-07-03 15:50:48,2025-07-03 15:59:58.473694,2025-07-03 16:00:00.800000,2025-07-03 16:03:30.900,12.715,0.038771766666666665,35,1,osrm
646,delivered,2025-07-03 15:52:14,2025-07-03 16:05:18.228057,2025-07-03 16:05:33.000000,2025-07-03 16:08:06.400,15.873333333333333,0.24619905,9,1,osrm
647,delivered,2025-07-03 15:52:38,2025-07-03 16:01:51.778038,2025-07-03 16:06:39.300000,2025-07-03 16:09:23.300,16.755,4.792032699999999,31,1,osrm
648,delivered,2025-07-03 15:52:04,2025-07-03 16:04:47.049911,2025-07-03 16:04:47.049911,2025-07-03 16:07:55.100,15.851666666666667,0.0,57,1,osrm
649,delivered,2025-07-03 15:53:40,2025-07-03 16:06:55.159475,2025-07-03 16:09:47.100000,2025-07-03 16:11:30.700,17.845000000000002,2.865675416666667,8,1,osrm
650,delivered,2025-07-03 15:54:03,2025-07-03 16:04:51.348241,2025-07-03 16:06:34.700000,2025-07-03 16:10:36.600,16.56,1.7225293166666666,43,1,osrm
651,delivered,2025-07-03 15:55:02,2025-07-03 16:09:21.384187,2025-07-03 16:09:23.600000,2025-07-03 16:11:49.100,16.785,0.03693021666666666,10,1,osrm
652,delivered,2025-07-03 15:56:08,2025-07-03 16:06:46.268675,2025-07-03 16:09:57.500000,2025-07-03 16:14:11.300,18.055,3.18718875,47,1,osrm
653,delivered,2025-07-03 15:56:06,2025-07-03 16:10:05.276281,2025-07-03 16:10:05.276281,2025-07-03 16:12:39.200,16.553333333333335,0.0,26,1,osrm
654,delivered,2025-07-03 15:56:09,2025-07-03 16:11:04.786356,2025-07-03 16:14:58.800000,2025-07-03 16:19:22.900,23.23166666666667,3.9002274,42,1,osrm
655,delivered,2025-07-03 15:57:30,2025-07-03 16:16:26.643570,2025-07-03 16:18:52.500000,2025-07-03 16:21:55.600,24.426666666666666,2.4309404999999997,50,1,osrm
656,delivered,2025-07-03 15:57:43,2025-07-03 16:08:10.795846,2025-07-03 16:10:46.300000,2025-07-03 16:14:29.500,16.775,2.5917359,25,1,osrm
657,delivered,2025-07-03 15:59:14,2025-07-03 16:08:08.393419,2025-07-03 16:12:12.800000,2025-07-03 16:15:33.600,16.326666666666668,4.073443016666666,13,1,osrm
658,delivered,2025-07-03 15:59:41,2025-07-03 16:10:42.444491,2025-07-03 16:10:42.444491,2025-07-03 16:15:48.300,16.121666666666666,0.0,27,1,osrm
659,delivered,2025-07-03 15:59:24,2025-07-03 16:15:18.914238,2025-07-03 16:15:18.914238,2025-07-03 16:18:00.200,18.603333333333335,0.0,7,1,osrm
660,delivered,2025-07-03 16:00:25,2025-07-03 16:13:31.948152,2025-07-03 16:14:55.000000,2025-07-03 16:19:10.700,18.761666666666667,1.3841974666666668,35,1,osrm
661,delivered,2025-07-03 16:00:46,2025-07-03 16:12:43.957190,2025-07-03 16:14:41.600000,2025-07-03 16:17:55.600,17.16,1.9607135,46,1,osrm
662,delivered,2025-07-03 16:01:20,2025-07-03 16:12:19.067742,2025-07-03 16:13:39.600000,2025-07-03 16:16:32.400,15.206666666666667,1.3422043,48,1,osrm
663,delivered,2025-07-03 16:02:32,2025-07-03 16:11:59.460218,2025-07-03 16:13:11.600000,2025-07-03 16:16:37.800,14.096666666666666,1.2023297,37,1,osrm
664,delivered,2025-07-03 16:03:55,2025-07-03 16:15:45.685739,2025-07-03 16:15:45.685739,2025-07-03 16:17:55.800,14.013333333333332,0.0,38,1,osrm
665,delivered,2025-07-03 16:04:01,2025-07-03 16:15:26.311934,2025-07-03 16:15:40.700000,2025-07-03 16:18:02.100,14.018333333333334,0.23980110000000002,14,1,osrm
666,delivered,2025-07-03 16:04:12,2025-07-03 16:11:46.209298,2025-07-03 16:14:14.300000,2025-07-03 16:17:01.700,12.828333333333335,2.4681783666666663,4,1,osrm
667,delivered,2025-07-03 16:05:33,2025-07-03 16:19:11.408800,2025-07-03 16:19:29.300000,2025-07-03 16:22:28.600,16.926666666666666,0.2981866666666667,19,1,osrm
668,delivered,2025-07-03 16:06:29,2025-07-03 16:23:00.657541,2025-07-03 16:24:02.300000,2025-07-03 16:27:27.700,20.978333333333335,1.0273743166666667,26,1,osrm
669,delivered,2025-07-03 16:06:58,2025-07-03 16:19:09.687228,2025-07-03 16:21:18.500000,2025-07-03 16:23:36.400,16.64,2.1468795333333333,17,1,osrm
670,delivered,2025-07-03 16:06:18,2025-07-03 16:21:43.599160,2025-07-03 16:24:02.900000,2025-07-03 16:24:19.200,18.02,2.3216806666666665,30,1,osrm
671,delivered,2025-07-03 16:07:38,2025-07-03 16:20:10.094370,2025-07-03 16:20:10.094370,2025-07-03 16:25:49.100,18.185,0.0,57,1,osrm
672,delivered,2025-07-03 16:08:35,2025-07-03 16:24:32.316530,2025-07-03 16:34:33.200000,2025-07-03 16:40:18.200,31.720000000000002,10.0147245,55,1,osrm
673,delivered,2025-07-03 16:09:54,2025-07-03 16:20:13.464131,2025-07-03 16:20:13.464131,2025-07-03 16:22:17.400,12.389999999999999,0.0,55,1,osrm
674,delivered,2025-07-03 16:09:59,2025-07-03 16:22:31.735971,2025-07-03 16:24:33.200000,2025-07-03 16:27:21.000,17.366666666666667,2.0244004833333333,3,1,osrm
675,delivered,2025-07-03 16:10:50,2025-07-03 16:24:01.995686,2025-07-03 16:25:16.200000,2025-07-03 16:27:31.300,16.688333333333333,1.2367385666666666,47,1,osrm
676,delivered,2025-07-03 16:10:57,2025-07-03 16:23:36.301529,2025-07-03 16:25:40.600000,2025-07-03 16:28:18.700,17.361666666666668,2.0716411833333335,13,1,osrm
677,delivered,2025-07-03 16:11:38,2025-07-03 16:22:24.116858,2025-07-03 16:24:19.100000,2025-07-03 16:28:30.900,16.881666666666668,1.9163857,25,1,osrm
678,delivered,2025-07-03 16:11:26,2025-07-03 16:21:20.501439,2025-07-03 16:24:23.100000,2025-07-03 16:27:30.200,16.07,3.04330935,27,1,osrm
679,delivered,2025-07-03 16:11:33,2025-07-03 16:22:17.902859,2025-07-03 16:24:50.700000,2025-07-03 16:27:35.500,16.041666666666668,2.546619016666667,10,1,osrm
680,delivered,2025-07-03 16:11:57,2025-07-03 16:28:05.052698,2025-07-03 16:28:39.100000,2025-07-03 16:32:44.500,20.791666666666668,0.5674550333333334,54,2,osrm
681,delivered,2025-07-03 16:14:22,2025-07-03 16:32:16.526636,2025-07-03 16:32:55.400000,2025-07-03 16:37:08.800,22.779999999999998,0.6478894000000001,57,1,osrm
682,delivered,2025-07-03 16:14:06,2025-07-03 16:23:22.605878,2025-07-03 16:24:23.000000,2025-07-03 16:27:38.400,13.54,1.0065687,1,1,osrm
683,delivered,2025-07-03 16:14:19,2025-07-03 16:23:44.444052,2025-07-03 16:24:12.600000,2025-07-03 16:26:50.200,12.520000000000001,0.46926579999999996,56,1,osrm
684,delivered,2025-07-03 16:14:15,2025-07-03 16:29:40.075173,2025-07-03 16:38:15.700000,2025-07-03 16:44:26.000,30.183333333333334,8.593747116666666,14,2,osrm
685,delivered,2025-07-03 16:15:51,2025-07-03 16:32:04.760199,2025-07-03 16:33:33.300000,2025-07-03 16:35:27.900,19.615000000000002,1.47566335,22,2,osrm
686,delivered,2025-07-03 16:15:52,2025-07-03 16:35:35.280302,2025-07-03 16:56:35.836493,2025-07-03 16:59:14.000,43.36666666666667,21.00926985,45,3,osrm
687,delivered,2025-07-03 16:15:40,2025-07-03 16:29:10.074233,2025-07-03 16:44:35.296261,2025-07-03 16:49:31.000,33.85,15.420367133333334,22,2,osrm
688,delivered,2025-07-03 16:16:58,2025-07-03 16:22:34.620278,2025-07-03 16:24:55.700000,2025-07-03 16:28:49.800,11.863333333333333,2.3513287000000003,6,1,osrm
689,delivered,2025-07-03 16:16:32,2025-07-03 16:26:26.204193,2025-07-03 16:29:29.300000,2025-07-03 16:31:52.500,15.341666666666667,3.0515967833333333,4,1,osrm
690,delivered,2025-07-03 16:17:59,2025-07-03 16:35:58.354393,2025-07-03 16:39:58.126546,2025-07-03 16:44:03.600,26.076666666666664,3.99620255,39,2,osrm
691,delivered,2025-07-03 16:17:05,2025-07-03 16:29:54.552402,2025-07-03 16:33:33.300000,2025-07-03 16:35:27.900,18.381666666666668,3.6457933000000002,22,2,osrm
692,delivered,2025-07-03 16:18:10,2025-07-03 16:26:26.493648,2025-07-03 16:28:39.100000,2025-07-03 16:32:44.500,14.575,2.2101058666666664,54,2,osrm
693,delivered,2025-07-03 16:18:22,2025-07-03 16:31:56.624492,2025-07-03 16:35:37.500000,2025-07-03 16:40:22.800,22.013333333333332,3.681258466666667,20,2,osrm
694,delivered,2025-07-03 16:20:07,2025-07-03 16:31:21.817399,2025-07-03 16:35:44.408424,2025-07-03 16:40:05.900,19.98166666666667,4.376517083333334,29,2,osrm
695,delivered,2025-07-03 16:20:34,2025-07-03 16:31:43.459576,2025-07-03 16:33:40.500000,2025-07-03 16:40:07.100,19.551666666666666,1.9506737333333333,2,2,osrm
696,delivered,2025-07-03 16:20:11,2025-07-03 16:31:33.672933,2025-07-03 16:34:49.700000,2025-07-03 16:36:57.700,16.778333333333332,3.267117783333333,17,1,osrm
697,delivered,2025-07-03 16:21:32,2025-07-03 16:29:05.096292,2025-07-03 16:33:40.500000,2025-07-03 16:40:07.100,18.584999999999997,4.5900618,2,2,osrm
698,delivered,2025-07-03 16:22:54,2025-07-03 16:35:46.549536,2025-07-03 16:38:46.800000,2025-07-03 16:45:15.300,22.355,3.0041743999999997,49,2,osrm
699,delivered,2025-07-03 16:22:25,2025-07-03 16:31:49.111671,2025-07-03 16:35:37.500000,2025-07-03 16:40:22.800,17.96333333333333,3.80647215,20,2,osrm
700,delivered,2025-07-03 16:23:25,2025-07-03 16:35:49.925750,2025-07-03 16:40:36.200000,2025-07-03 16:44:47.400,21.373333333333335,4.7712375,24,2,osrm
701,delivered,2025-07-03 16:23:18,2025-07-03 16:32:35.006060,2025-07-03 16:32:53.200000,2025-07-03 16:37:22.700,14.078333333333335,0.3032323333333334,44,2,osrm
702,delivered,2025-07-03 16:23:25,2025-07-03 16:35:44.408424,2025-07-03 16:35:44.408424,2025-07-03 16:40:05.900,16.681666666666665,0.0,29,2,osrm
703,delivered,2025-07-03 16:23:47,2025-07-03 16:34:39.873496,2025-07-03 16:34:39.873496,2025-07-03 16:37:55.100,14.135,0.0,32,1,osrm
704,delivered,2025-07-03 16:23:53,2025-07-03 16:35:59.101659,2025-07-03 16:38:15.700000,2025-07-03 16:44:26.000,20.55,2.2766390166666666,14,2,osrm
705,delivered,2025-07-03 16:24:49,2025-07-03 16:30:47.338714,2025-07-03 16:32:53.200000,2025-07-03 16:37:22.700,12.561666666666667,2.0976881,44,2,osrm
706,delivered,2025-07-03 16:25:26,2025-07-03 16:36:13.619914,2025-07-03 17:05:38.199988,2025-07-03 17:01:46.700,36.345,29.4096679,49,3,osrm
707,delivered,2025-07-03 16:25:06,2025-07-03 16:36:22.113534,2025-07-03 16:50:39.800000,2025-07-03 16:54:13.000,29.116666666666667,14.294774433333334,55,2,osrm
708,delivered,2025-07-03 16:26:42,2025-07-03 16:40:36.850662,2025-07-03 16:40:36.850662,2025-07-03 16:44:28.300,17.771666666666665,0.0,16,1,osrm
709,delivered,2025-07-03 16:26:44,2025-07-03 16:48:27.755399,2025-07-03 16:51:06.300000,2025-07-03 16:54:26.300,27.705,2.6424100166666666,20,2,osrm
710,delivered,2025-07-03 16:26:09,2025-07-03 16:39:01.680240,2025-07-03 16:56:13.831627,2025-07-03 17:01:56.400,35.79,17.20252311666667,41,3,osrm
711,delivered,2025-07-03 16:26:09,2025-07-03 16:38:39.690947,2025-07-03 17:03:17.701452,2025-07-03 17:01:58.700,35.82833333333333,24.633508416666665,33,2,osrm
712,delivered,2025-07-03 16:26:59,2025-07-03 16:41:27.127823,2025-07-03 16:59:22.200000,2025-07-03 17:03:02.500,36.05833333333333,17.917869616666668,6,2,osrm
713,delivered,2025-07-03 16:27:00,2025-07-03 16:32:00.000000,2025-07-03 16:51:44.800000,2025-07-03 16:59:48.200,32.803333333333335,19.746666666666666,29,3,osrm
714,delivered,2025-07-03 16:27:52,2025-07-03 16:45:59.537841,2025-07-03 16:59:19.300000,2025-07-03 17:02:54.400,35.04,13.329369316666666,46,1,osrm
715,delivered,2025-07-03 16:27:16,2025-07-03 16:39:58.126546,2025-07-03 16:39:58.126546,2025-07-03 16:44:03.600,16.793333333333333,0.0,39,2,osrm
716,delivered,2025-07-03 16:27:19,2025-07-03 16:36:11.558659,2025-07-03 16:38:46.800000,2025-07-03 16:45:15.300,17.938333333333333,2.5873556833333335,49,2,osrm
717,delivered,2025-07-03 16:28:47,2025-07-03 16:42:10.896984,2025-07-03 17:05:38.199988,2025-07-03 17:01:46.700,32.995,23.45505006666667,49,3,osrm
718,delivered,2025-07-03 16:28:45,2025-07-03 16:42:05.105912,2025-07-03 16:46:27.900000,2025-07-03 16:49:44.400,20.990000000000002,4.3799014666666665,54,1,osrm
719,delivered,2025-07-03 16:28:45,2025-07-03 16:42:17.658966,2025-07-03 16:51:06.300000,2025-07-03 16:54:26.300,25.688333333333333,8.810683899999999,20,2,osrm
720,delivered,2025-07-03 16:28:19,2025-07-03 16:44:35.296261,2025-07-03 16:44:35.296261,2025-07-03 16:49:31.000,21.2,0.0,22,2,osrm
721,delivered,2025-07-03 16:28:25,2025-07-03 16:44:03.923710,2025-07-03 16:54:22.000000,2025-07-03 16:57:08.800,28.73,10.3012715,43,2,osrm
722,delivered,2025-07-03 16:28:07,2025-07-03 16:39:06.283667,2025-07-03 16:40:36.200000,2025-07-03 16:44:47.400,16.673333333333332,1.49860555,24,2,osrm
723,delivered,2025-07-03 16:30:51,2025-07-03 16:43:24.744349,2025-07-03 17:00:36.500000,2025-07-03 17:03:40.900,32.83166666666667,17.195927516666664,37,1,osrm
724,delivered,2025-07-03 16:30:50,2025-07-03 16:40:38.165695,2025-07-03 16:56:35.836493,2025-07-03 16:59:14.000,28.4,15.961179966666666,45,3,osrm
725,delivered,2025-07-03 16:30:10,2025-07-03 16:46:13.124434,2025-07-03 16:59:22.200000,2025-07-03 17:03:02.500,32.875,13.151259433333333,6,2,osrm
726,delivered,2025-07-03 16:31:41,2025-07-03 16:47:30.958552,2025-07-03 16:56:18.150176,2025-07-03 16:59:04.800,27.396666666666665,8.786527066666668,42,4,osrm
727,delivered,2025-07-03 16:31:52,2025-07-03 16:43:01.276391,2025-07-03 16:45:54.900000,2025-07-03 16:50:15.400,18.39,2.8937268166666663,50,1,osrm
728,delivered,2025-07-03 16:31:55,2025-07-03 16:41:07.066215,2025-07-03 16:50:26.510593,2025-07-03 16:52:44.800,20.83,9.324072966666668,53,4,osrm
729,delivered,2025-07-03 16:32:49,2025-07-03 16:42:52.066309,2025-07-03 16:55:11.100000,2025-07-03 16:59:47.400,26.973333333333336,12.317228183333333,4,3,osrm
730,delivered,2025-07-03 16:32:39,2025-07-03 16:45:25.668712,2025-07-03 16:56:13.831627,2025-07-03 17:01:56.400,29.290000000000003,10.80271525,41,3,osrm
731,delivered,2025-07-03 16:32:45,2025-07-03 16:50:26.100300,2025-07-03 16:50:26.510593,2025-07-03 16:52:44.800,19.996666666666666,0.006838216666666667,53,4,osrm
732,delivered,2025-07-03 16:32:42,2025-07-03 16:49:21.121886,2025-07-03 16:50:39.800000,2025-07-03 16:54:13.000,21.516666666666666,1.3113019,55,2,osrm
733,delivered,2025-07-03 16:34:05,2025-07-03 16:46:40.397047,2025-07-03 16:51:44.800000,2025-07-03 16:59:48.200,25.720000000000002,5.073382550000001,29,3,osrm
734,delivered,2025-07-03 16:34:52,2025-07-03 16:40:50.451991,2025-07-03 16:56:18.150176,2025-07-03 16:59:04.800,24.21333333333333,15.461636416666666,42,4,osrm
735,delivered,2025-07-03 16:34:33,2025-07-03 16:46:39.859921,2025-07-03 17:14:14.944838,2025-07-03 17:12:25.200,37.87,27.584748616666666,56,3,osrm
736,delivered,2025-07-03 16:35:31,2025-07-03 16:48:08.956154,2025-07-03 17:07:40.764010,2025-07-03 17:14:53.700,39.37833333333333,19.530130933333332,32,3,osrm
737,delivered,2025-07-03 16:35:08,2025-07-03 16:47:52.409870,2025-07-03 16:48:39.000000,2025-07-03 16:51:24.400,16.273333333333333,0.7765021666666667,32,1,osrm
738,delivered,2025-07-03 16:35:57,2025-07-03 16:50:26.510593,2025-07-03 16:50:26.510593,2025-07-03 16:52:44.800,16.796666666666667,0.0,53,4,osrm
739,delivered,2025-07-03 16:36:45,2025-07-03 16:49:24.365917,2025-07-03 16:54:39.900000,2025-07-03 16:56:30.200,19.753333333333334,5.258901383333334,35,1,osrm
740,delivered,2025-07-03 16:36:04,2025-07-03 16:51:28.412759,2025-07-03 16:51:44.800000,2025-07-03 16:59:48.200,23.736666666666668,0.27312068333333334,29,3,osrm
741,delivered,2025-07-03 16:36:21,2025-07-03 16:50:33.707886,2025-07-03 16:54:18.200000,2025-07-03 17:02:39.100,26.301666666666666,3.741535233333333,14,2,osrm
742,delivered,2025-07-03 16:37:03,2025-07-03 16:51:27.121252,2025-07-03 16:57:25.800000,2025-07-03 17:00:11.700,23.145,5.977979133333333,39,1,osrm
743,delivered,2025-07-03 16:37:56,2025-07-03 16:49:41.862660,2025-07-03 17:10:51.625965,2025-07-03 17:12:53.100,34.95166666666667,21.16272175,24,3,osrm
744,delivered,2025-07-03 16:38:46,2025-07-03 16:49:34.418044,2025-07-03 16:55:11.100000,2025-07-03 16:59:47.400,21.023333333333333,5.6113659333333334,4,3,osrm
745,delivered,2025-07-03 16:38:44,2025-07-03 16:50:13.404617,2025-07-03 16:53:31.600000,2025-07-03 16:59:04.700,20.345000000000002,3.3032563833333333,27,2,osrm
746,delivered,2025-07-03 16:38:06,2025-07-03 16:48:47.770756,2025-07-03 16:49:04.000000,2025-07-03 16:54:19.100,16.218333333333334,0.27048740000000004,25,2,osrm
747,delivered,2025-07-03 16:39:23,2025-07-03 16:52:09.978796,2025-07-03 16:54:22.000000,2025-07-03 16:57:08.800,17.763333333333332,2.2003534,43,2,osrm
748,delivered,2025-07-03 16:39:03,2025-07-03 16:49:43.755594,2025-07-03 16:59:12.000000,2025-07-03 17:05:23.400,26.34,9.4707401,17,1,osrm
749,delivered,2025-07-03 16:40:44,2025-07-03 16:51:09.557377,2025-07-03 17:15:11.659903,2025-07-03 17:18:46.100,38.035,24.0350421,7,2,osrm
750,delivered,2025-07-03 16:41:42,2025-07-03 17:00:48.632065,2025-07-03 17:00:48.632065,2025-07-03 17:02:37.500,20.925,0.0,44,1,osrm
751,delivered,2025-07-03 16:41:05,2025-07-03 16:53:27.819137,2025-07-03 16:54:24.200000,2025-07-03 16:58:42.900,17.631666666666668,0.93968105,11,1,osrm
752,delivered,2025-07-03 16:42:16,2025-07-03 16:52:10.353942,2025-07-03 17:10:45.100000,2025-07-03 17:12:56.500,30.675,18.579100966666665,5,1,osrm
753,delivered,2025-07-03 16:42:26,2025-07-03 16:56:35.836493,2025-07-03 16:56:35.836493,2025-07-03 16:59:14.000,16.8,0.0,45,3,osrm
754,delivered,2025-07-03 16:42:04,2025-07-03 16:56:18.150176,2025-07-03 16:56:18.150176,2025-07-03 16:59:04.800,17.013333333333332,0.0,42,4,osrm
755,delivered,2025-07-03 16:43:41,2025-07-03 16:54:43.304556,2025-07-03 17:08:15.700000,2025-07-03 17:16:56.800,33.263333333333335,13.539924066666666,45,2,osrm
756,delivered,2025-07-03 16:43:13,2025-07-03 16:53:51.084725,2025-07-03 17:03:55.844237,2025-07-03 17:07:47.200,24.57,10.0793252,15,2,osrm
757,delivered,2025-07-03 16:43:34,2025-07-03 16:55:07.775128,2025-07-03 16:59:07.867377,2025-07-03 17:04:56.900,21.381666666666668,4.001537483333333,9,2,osrm
758,delivered,2025-07-03 16:43:32,2025-07-03 16:53:30.034072,2025-07-03 16:55:11.100000,2025-07-03 16:59:47.400,16.256666666666668,1.6844321333333334,4,3,osrm
759,delivered,2025-07-03 16:44:20,2025-07-03 16:55:16.672549,2025-07-03 17:09:07.800000,2025-07-03 17:15:02.000,30.7,13.852124183333332,35,2,osrm
760,delivered,2025-07-03 16:44:04,2025-07-03 16:49:04.000000,2025-07-03 16:49:04.000000,2025-07-03 16:54:19.100,10.251666666666667,0.0,25,2,osrm
761,delivered,2025-07-03 16:44:58,2025-07-03 16:55:40.648625,2025-07-03 17:00:32.800000,2025-07-03 17:04:28.400,19.506666666666668,4.869189583333333,31,1,osrm
762,delivered,2025-07-03 16:44:19,2025-07-03 16:52:30.736211,2025-07-03 16:53:31.600000,2025-07-03 16:59:04.700,14.761666666666667,1.0143964833333332,27,2,osrm
763,delivered,2025-07-03 16:44:36,2025-07-03 16:51:08.301179,2025-07-03 16:58:47.900000,2025-07-03 17:04:24.100,19.801666666666666,7.65998035,34,1,osrm
764,delivered,2025-07-03 16:44:12,2025-07-03 16:56:26.980286,2025-07-03 17:04:02.901730,2025-07-03 17:10:02.200,25.836666666666666,7.598690733333333,10,4,osrm
765,delivered,2025-07-03 16:45:48,2025-07-03 17:02:24.057624,2025-07-03 17:07:40.764010,2025-07-03 17:14:53.700,29.095000000000002,5.278439766666667,32,3,osrm
766,delivered,2025-07-03 16:45:41,2025-07-03 16:51:04.541156,2025-07-03 17:04:02.901730,2025-07-03 17:10:02.200,24.353333333333335,12.972676233333335,10,4,osrm
767,delivered,2025-07-03 16:45:19,2025-07-03 16:58:27.097343,2025-07-03 17:09:07.800000,2025-07-03 17:15:02.000,29.716666666666665,10.678377616666667,35,2,osrm
768,delivered,2025-07-03 16:45:35,2025-07-03 16:50:38.857240,2025-07-03 16:58:03.800000,2025-07-03 17:00:15.600,14.676666666666668,7.415712666666667,54,1,osrm
769,delivered,2025-07-03 16:45:10,2025-07-03 17:03:55.844237,2025-07-03 17:03:55.844237,2025-07-03 17:07:47.200,22.62,0.0,15,2,osrm
770,delivered,2025-07-03 16:46:13,2025-07-03 16:53:16.198167,2025-07-03 16:59:08.500000,2025-07-03 17:01:26.100,15.218333333333334,5.871697216666666,52,1,osrm
771,delivered,2025-07-03 16:46:29,2025-07-03 16:59:34.521153,2025-07-03 17:10:51.625965,2025-07-03 17:12:53.100,26.401666666666664,11.285080200000001,24,3,osrm
772,delivered,2025-07-03 16:46:43,2025-07-03 16:57:14.374743,2025-07-03 16:59:07.700000,2025-07-03 17:02:14.500,15.525,1.8887542833333333,38,1,osrm
773,delivered,2025-07-03 16:46:56,2025-07-03 17:01:19.412145,2025-07-03 17:05:52.600000,2025-07-03 17:10:12.400,23.273333333333333,4.5531309166666665,26,2,osrm
774,delivered,2025-07-03 16:46:17,2025-07-03 17:01:13.155726,2025-07-03 17:08:15.700000,2025-07-03 17:16:56.800,30.663333333333334,7.042404566666666,45,2,osrm
775,delivered,2025-07-03 16:47:15,2025-07-03 17:01:06.071253,2025-07-03 17:06:03.400000,2025-07-03 17:10:18.200,23.053333333333335,4.955479116666667,19,2,osrm
776,delivered,2025-07-03 16:47:56,2025-07-03 16:56:13.831627,2025-07-03 16:56:13.831627,2025-07-03 17:01:56.400,14.006666666666666,0.0,41,3,osrm
777,delivered,2025-07-03 16:47:52,2025-07-03 17:03:18.826674,2025-07-03 17:30:09.153326,2025-07-03 17:31:40.500,43.80833333333333,26.83877753333333,42,4,osrm
778,delivered,2025-07-03 16:47:31,2025-07-03 16:59:07.867377,2025-07-03 16:59:07.867377,2025-07-03 17:04:56.900,17.43166666666667,0.0,9,2,osrm
779,delivered,2025-07-03 16:48:36,2025-07-03 17:00:12.216668,2025-07-03 17:04:36.400000,2025-07-03 17:07:18.100,18.701666666666664,4.403055533333333,16,1,osrm
780,delivered,2025-07-03 16:48:37,2025-07-03 17:00:16.577237,2025-07-03 17:17:41.787005,2025-07-03 17:20:07.900,31.515,17.4201628,41,2,osrm
781,delivered,2025-07-03 16:49:34,2025-07-03 17:03:17.701452,2025-07-03 17:03:17.701452,2025-07-03 17:01:58.700,12.411666666666667,0.0,33,2,osrm
782,delivered,2025-07-03 16:50:59,2025-07-03 17:02:40.807943,2025-07-03 17:03:56.200000,2025-07-03 17:07:47.200,16.803333333333335,1.2565342833333333,13,1,osrm
783,delivered,2025-07-03 16:50:00,2025-07-03 17:05:38.199988,2025-07-03 17:05:38.199988,2025-07-03 17:01:46.700,11.778333333333334,0.0,49,3,osrm
784,delivered,2025-07-03 16:51:42,2025-07-03 17:04:18.488364,2025-07-03 17:10:52.600000,2025-07-03 17:13:12.200,21.503333333333334,6.568527266666666,22,1,osrm
785,delivered,2025-07-03 16:52:39,2025-07-03 17:06:11.875914,2025-07-03 17:09:00.400000,2025-07-03 17:12:28.100,19.81833333333333,2.808734766666667,23,1,osrm
786,delivered,2025-07-03 16:53:54,2025-07-03 17:04:43.158834,2025-07-03 17:05:52.600000,2025-07-03 17:10:12.400,16.306666666666665,1.1573527666666665,26,2,osrm
787,delivered,2025-07-03 16:53:53,2025-07-03 17:05:01.698641,2025-07-03 17:13:44.700000,2025-07-03 17:18:15.300,24.371666666666666,8.716689316666667,47,1,osrm
788,delivered,2025-07-03 16:53:50,2025-07-03 17:00:38.244831,2025-07-03 17:06:03.400000,2025-07-03 17:10:18.200,16.470000000000002,5.419252816666667,19,2,osrm
789,delivered,2025-07-03 16:54:37,2025-07-03 17:05:20.995765,2025-07-03 17:09:46.500000,2025-07-03 17:11:51.200,17.236666666666668,4.4250705833333335,39,1,osrm
790,delivered,2025-07-03 16:54:49,2025-07-03 17:06:35.406172,2025-07-03 17:14:14.944838,2025-07-03 17:12:25.200,17.603333333333335,7.658977766666666,56,3,osrm
791,delivered,2025-07-03 16:55:41,2025-07-03 17:04:09.272845,2025-07-03 17:25:35.977227,2025-07-03 17:25:24.100,29.71833333333333,21.445073033333333,4,3,osrm
792,delivered,2025-07-03 16:55:11,2025-07-03 17:10:32.056177,2025-07-03 17:10:32.056177,2025-07-03 17:11:49.400,16.64,0.0,57,3,osrm
793,delivered,2025-07-03 16:55:04,2025-07-03 17:07:40.764010,2025-07-03 17:07:40.764010,2025-07-03 17:14:53.700,19.828333333333333,0.0,32,3,osrm
794,delivered,2025-07-03 16:55:39,2025-07-03 17:14:14.944838,2025-07-03 17:14:14.944838,2025-07-03 17:12:25.200,16.77,0.0,56,3,osrm
795,delivered,2025-07-03 16:56:22,2025-07-03 17:10:51.625965,2025-07-03 17:10:51.625965,2025-07-03 17:12:53.100,16.518333333333334,0.0,24,3,osrm
796,delivered,2025-07-03 16:56:59,2025-07-03 17:04:02.901730,2025-07-03 17:04:02.901730,2025-07-03 17:10:02.200,13.053333333333335,0.0,10,4,osrm
797,delivered,2025-07-03 16:57:38,2025-07-03 17:11:20.920990,2025-07-03 17:23:25.400000,2025-07-03 17:28:00.200,30.37,12.074650166666666,24,2,osrm
798,delivered,2025-07-03 16:58:29,2025-07-03 17:10:14.930177,2025-07-03 17:10:32.056177,2025-07-03 17:11:49.400,13.34,0.28543333333333337,57,3,osrm
799,delivered,2025-07-03 16:58:21,2025-07-03 17:15:43.730158,2025-07-03 17:28:53.200000,2025-07-03 17:35:22.400,37.02333333333333,13.1578307,36,2,osrm
800,delivered,2025-07-03 16:59:40,2025-07-03 17:15:16.033056,2025-07-03 17:15:45.100000,2025-07-03 17:20:14.300,20.571666666666665,0.48444906666666665,18,2,osrm
801,delivered,2025-07-03 16:59:53,2025-07-03 17:16:51.002816,2025-07-03 17:25:35.977227,2025-07-03 17:25:24.100,25.51833333333333,8.749573516666667,4,3,osrm
802,delivered,2025-07-03 16:59:31,2025-07-03 17:11:32.864605,2025-07-03 17:14:22.700000,2025-07-03 17:16:52.300,17.355,2.830589916666667,53,1,osrm
803,delivered,2025-07-03 17:00:41,2025-07-03 17:12:08.807376,2025-07-03 17:14:47.500000,2025-07-03 17:16:14.800,15.563333333333333,2.6448770666666666,52,1,osrm
804,delivered,2025-07-03 17:00:10,2025-07-03 17:15:11.659903,2025-07-03 17:15:11.659903,2025-07-03 17:18:46.100,18.601666666666667,0.0,7,2,osrm
805,delivered,2025-07-03 17:01:29,2025-07-03 17:12:38.441268,2025-07-03 17:32:07.629891,2025-07-03 17:35:22.300,33.888333333333335,19.48647705,54,3,osrm
806,delivered,2025-07-03 17:02:53,2025-07-03 17:16:53.393372,2025-07-03 17:36:40.100000,2025-07-03 17:43:33.600,40.67666666666666,19.778443799999998,9,3,osrm
807,delivered,2025-07-03 17:02:08,2025-07-03 17:14:47.937413,2025-07-03 17:33:31.998270,2025-07-03 17:36:44.400,34.60666666666667,18.734347616666664,53,3,osrm
808,delivered,2025-07-03 17:02:54,2025-07-03 17:12:27.332119,2025-07-03 17:38:38.633610,2025-07-03 17:37:20.600,34.443333333333335,26.18835818333333,29,2,osrm
809,delivered,2025-07-03 17:03:32,2025-07-03 17:11:13.452638,2025-07-03 17:15:45.100000,2025-07-03 17:20:14.300,16.705,4.527456033333333,18,2,osrm
810,delivered,2025-07-03 17:03:50,2025-07-03 17:17:49.963579,2025-07-03 17:41:30.403768,2025-07-03 17:46:10.900,42.348333333333336,23.674003149999997,39,3,osrm
811,delivered,2025-07-03 17:03:59,2025-07-03 17:17:06.162323,2025-07-03 17:34:25.700000,2025-07-03 17:41:54.700,37.92833333333333,17.32562795,5,3,osrm
812,delivered,2025-07-03 17:04:58,2025-07-03 17:17:46.368767,2025-07-03 17:32:07.629891,2025-07-03 17:35:22.300,30.404999999999998,14.354352066666667,54,3,osrm
813,delivered,2025-07-03 17:04:49,2025-07-03 17:19:17.582659,2025-07-03 17:30:09.153326,2025-07-03 17:31:40.500,26.858333333333334,10.859511116666665,42,4,osrm
814,delivered,2025-07-03 17:04:32,2025-07-03 17:15:33.984541,2025-07-03 17:31:20.700000,2025-07-03 17:34:55.400,30.39,15.778590983333334,40,2,osrm
815,delivered,2025-07-03 17:04:52,2025-07-03 17:19:41.077304,2025-07-03 17:23:25.400000,2025-07-03 17:28:00.200,23.136666666666667,3.7387116000000002,24,2,osrm
816,delivered,2025-07-03 17:04:02,2025-07-03 17:13:30.168632,2025-07-03 17:13:30.700000,2025-07-03 17:18:58.900,14.948333333333332,0.008856133333333332,40,1,osrm
817,delivered,2025-07-03 17:04:26,2025-07-03 17:17:41.787005,2025-07-03 17:17:41.787005,2025-07-03 17:20:07.900,15.698333333333332,0.0,41,2,osrm
818,delivered,2025-07-03 17:05:32,2025-07-03 17:10:48.736158,2025-07-03 17:20:52.400000,2025-07-03 17:23:30.200,17.970000000000002,10.061064033333334,43,2,osrm
819,delivered,2025-07-03 17:05:24,2025-07-03 17:14:27.318356,2025-07-03 17:15:11.100000,2025-07-03 17:19:03.500,13.658333333333333,0.7296940666666667,37,1,osrm
820,delivered,2025-07-03 17:05:45,2025-07-03 17:16:25.662883,2025-07-03 17:39:17.756214,2025-07-03 17:39:52.500,34.125,22.868222183333334,6,3,osrm
821,delivered,2025-07-03 17:05:49,2025-07-03 17:19:09.546277,2025-07-03 17:24:27.200000,2025-07-03 17:27:31.300,21.705,5.294228716666667,38,2,osrm
822,delivered,2025-07-03 17:05:44,2025-07-03 17:20:12.398923,2025-07-03 17:24:45.400000,2025-07-03 17:30:17.100,24.551666666666666,4.55001795,20,3,osrm
823,delivered,2025-07-03 17:06:24,2025-07-03 17:17:25.148100,2025-07-03 17:30:31.900000,2025-07-03 17:34:28.200,28.07,13.112531666666666,46,2,osrm
824,delivered,2025-07-03 17:06:11,2025-07-03 17:20:44.472887,2025-07-03 17:34:34.900000,2025-07-03 17:43:05.000,36.9,13.840451883333333,31,2,osrm
825,delivered,2025-07-03 17:06:15,2025-07-03 17:19:58.737709,2025-07-03 17:40:40.366054,2025-07-03 17:44:03.000,37.8,20.693805750000003,55,2,osrm
826,delivered,2025-07-03 17:07:24,2025-07-03 17:17:06.252888,2025-07-03 17:25:49.500000,2025-07-03 17:29:31.200,22.12,8.7207852,32,3,osrm
827,delivered,2025-07-03 17:07:07,2025-07-03 17:18:02.639680,2025-07-03 17:23:48.200000,2025-07-03 17:29:38.600,22.526666666666664,5.759338666666666,14,2,osrm
828,delivered,2025-07-03 17:07:42,2025-07-03 17:19:27.420148,2025-07-03 17:28:53.200000,2025-07-03 17:35:22.400,27.673333333333336,9.4296642,36,2,osrm
829,delivered,2025-07-03 17:08:06,2025-07-03 17:16:57.272482,2025-07-03 17:20:52.400000,2025-07-03 17:23:30.200,15.403333333333334,3.918791966666667,43,2,osrm
830,delivered,2025-07-03 17:08:56,2025-07-03 17:20:02.812058,2025-07-03 17:23:48.200000,2025-07-03 17:29:38.600,20.709999999999997,3.7564657,14,2,osrm
831,delivered,2025-07-03 17:08:26,2025-07-03 17:22:00.223623,2025-07-03 17:30:09.153326,2025-07-03 17:31:40.500,23.241666666666667,8.148828383333333,42,4,osrm
832,delivered,2025-07-03 17:09:56,2025-07-03 17:23:24.883891,2025-07-03 17:43:58.497515,2025-07-03 17:45:48.800,35.88,20.560227066666666,22,3,osrm
833,delivered,2025-07-03 17:09:31,2025-07-03 17:23:05.239876,2025-07-03 17:24:27.200000,2025-07-03 17:27:31.300,18.005,1.3660020666666666,38,2,osrm
834,delivered,2025-07-03 17:09:41,2025-07-03 17:17:31.094352,2025-07-03 17:40:15.615877,2025-07-03 17:39:33.400,29.873333333333335,22.742025416666667,3,3,osrm
835,delivered,2025-07-03 17:09:18,2025-07-03 17:17:41.530926,2025-07-03 17:39:16.008530,2025-07-03 17:40:30.300,31.205,21.574626733333332,8,2,osrm
836,delivered,2025-07-03 17:10:54,2025-07-03 17:26:55.156837,2025-07-03 17:39:43.936655,2025-07-03 17:47:14.900,36.348333333333336,12.812996966666667,16,3,osrm
837,delivered,2025-07-03 17:10:16,2025-07-03 17:27:18.919097,2025-07-03 17:29:49.200000,2025-07-03 17:34:00.300,23.738333333333333,2.5046817166666666,48,2,osrm
838,delivered,2025-07-03 17:10:11,2025-07-03 17:22:15.075667,2025-07-03 17:49:26.007189,2025-07-03 17:49:23.900,39.215,27.182192033333333,38,2,osrm
839,delivered,2025-07-03 17:10:52,2025-07-03 17:17:06.757304,2025-07-03 17:21:16.000000,2025-07-03 17:23:31.100,12.651666666666667,4.154044933333333,26,1,osrm
840,delivered,2025-07-03 17:11:20,2025-07-03 17:24:00.519233,2025-07-03 17:40:51.300000,2025-07-03 17:48:17.800,36.96333333333334,16.846346116666666,50,2,osrm
841,delivered,2025-07-03 17:11:47,2025-07-03 17:22:00.956150,2025-07-03 17:24:58.000000,2025-07-03 17:28:32.400,16.756666666666668,2.950730833333333,22,1,osrm
842,delivered,2025-07-03 17:11:40,2025-07-03 17:23:56.144015,2025-07-03 17:45:50.041343,2025-07-03 17:46:54.300,35.23833333333334,21.8982888,45,3,osrm
843,delivered,2025-07-03 17:11:59,2025-07-03 17:29:13.947034,2025-07-03 17:45:08.000000,2025-07-03 17:49:58.200,37.986666666666665,15.900882766666665,54,3,osrm
844,delivered,2025-07-03 17:11:37,2025-07-03 17:24:09.562739,2025-07-03 17:35:22.193588,2025-07-03 17:40:29.000,28.866666666666667,11.21051415,23,3,osrm
845,delivered,2025-07-03 17:12:12,2025-07-03 17:23:21.346345,2025-07-03 17:39:43.936655,2025-07-03 17:47:14.900,35.04833333333333,16.376505166666668,16,3,osrm
846,delivered,2025-07-03 17:12:00,2025-07-03 17:19:31.682066,2025-07-03 17:25:49.500000,2025-07-03 17:29:31.200,17.52,6.296965566666667,32,3,osrm
847,delivered,2025-07-03 17:12:25,2025-07-03 17:20:13.911426,2025-07-03 17:36:00.900000,2025-07-03 17:41:27.500,29.041666666666668,15.7831429,12,2,osrm
848,delivered,2025-07-03 17:12:50,2025-07-03 17:29:08.390286,2025-07-03 17:51:35.988578,2025-07-03 17:54:23.600,41.559999999999995,22.45997153333333,17,2,osrm
849,delivered,2025-07-03 17:12:16,2025-07-03 17:28:36.717681,2025-07-03 17:31:20.700000,2025-07-03 17:34:55.400,22.65666666666667,2.7330386499999997,40,2,osrm
850,delivered,2025-07-03 17:13:57,2025-07-03 17:29:07.896078,2025-07-03 17:36:40.273095,2025-07-03 17:38:02.100,24.084999999999997,7.53961695,1,4,osrm
851,delivered,2025-07-03 17:14:18,2025-07-03 17:30:09.153326,2025-07-03 17:30:09.153326,2025-07-03 17:31:40.500,17.375,0.0,42,4,osrm
852,delivered,2025-07-03 17:14:48,2025-07-03 17:21:39.417479,2025-07-03 17:24:45.400000,2025-07-03 17:30:17.100,15.485000000000001,3.099708683333333,20,3,osrm
853,delivered,2025-07-03 17:14:47,2025-07-03 17:24:40.902617,2025-07-03 17:39:59.000000,2025-07-03 17:45:50.200,31.053333333333335,15.30162305,37,2,osrm
854,delivered,2025-07-03 17:14:42,2025-07-03 17:25:33.796649,2025-07-03 17:25:49.500000,2025-07-03 17:29:31.200,14.82,0.2617225166666667,32,3,osrm
855,delivered,2025-07-03 17:14:00,2025-07-03 17:31:38.253987,2025-07-03 17:52:54.571651,2025-07-03 17:54:27.700,40.461666666666666,21.271961066666666,11,2,osrm
856,delivered,2025-07-03 17:15:19,2025-07-03 17:29:04.422785,2025-07-03 17:30:31.900000,2025-07-03 17:34:28.200,19.153333333333332,1.4579535833333332,46,2,osrm
857,delivered,2025-07-03 17:15:11,2025-07-03 17:25:35.977227,2025-07-03 17:25:35.977227,2025-07-03 17:25:24.100,10.218333333333334,0.0,4,3,osrm
858,delivered,2025-07-03 17:15:15,2025-07-03 17:29:27.958756,2025-07-03 17:33:31.998270,2025-07-03 17:36:44.400,21.490000000000002,4.067325233333333,53,3,osrm
859,delivered,2025-07-03 17:15:13,2025-07-03 17:33:51.533756,2025-07-03 17:36:00.900000,2025-07-03 17:41:27.500,26.241666666666667,2.1561040666666664,12,2,osrm
860,delivered,2025-07-03 17:15:18,2025-07-03 17:22:49.260729,2025-07-03 17:24:45.400000,2025-07-03 17:30:17.100,14.985000000000001,1.9356545166666665,20,3,osrm
861,delivered,2025-07-03 17:15:10,2025-07-03 17:25:45.783644,2025-07-03 17:43:58.497515,2025-07-03 17:45:48.800,30.646666666666665,18.21189785,22,3,osrm
862,delivered,2025-07-03 17:15:40,2025-07-03 17:33:31.998270,2025-07-03 17:33:31.998270,2025-07-03 17:36:44.400,21.073333333333334,0.0,53,3,osrm
863,delivered,2025-07-03 17:16:12,2025-07-03 17:25:25.343689,2025-07-03 17:36:40.100000,2025-07-03 17:43:33.600,27.36,11.245938516666666,9,3,osrm
864,delivered,2025-07-03 17:17:00,2025-07-03 17:29:28.532092,2025-07-03 17:29:49.200000,2025-07-03 17:34:00.300,17.005,0.34446513333333334,48,2,osrm
865,delivered,2025-07-03 17:17:26,2025-07-03 17:30:53.061888,2025-07-03 17:36:40.100000,2025-07-03 17:43:33.600,26.126666666666665,5.783968533333334,9,3,osrm
866,delivered,2025-07-03 17:17:46,2025-07-03 17:26:35.779764,2025-07-03 17:45:08.000000,2025-07-03 17:49:58.200,32.20333333333333,18.537003933333335,54,3,osrm
867,delivered,2025-07-03 17:17:15,2025-07-03 17:26:57.095170,2025-07-03 17:40:52.200000,2025-07-03 17:44:54.100,27.651666666666664,13.918413833333334,20,2,osrm
868,delivered,2025-07-03 17:19:59,2025-07-03 17:31:04.839462,2025-07-03 17:39:17.756214,2025-07-03 17:39:52.500,19.891666666666666,8.2152792,6,3,osrm
869,delivered,2025-07-03 17:19:54,2025-07-03 17:30:48.882621,2025-07-03 17:45:08.000000,2025-07-03 17:49:58.200,30.07,14.318622983333334,54,3,osrm
870,delivered,2025-07-03 17:19:25,2025-07-03 17:30:33.441409,2025-07-03 17:47:06.248426,2025-07-03 17:48:43.600,29.31,16.546783616666666,4,2,osrm
871,delivered,2025-07-03 17:19:43,2025-07-03 17:34:20.975518,2025-07-03 17:34:34.900000,2025-07-03 17:43:05.000,23.366666666666667,0.2320747,31,2,osrm
872,delivered,2025-07-03 17:19:58,2025-07-03 17:35:22.193588,2025-07-03 17:35:22.193588,2025-07-03 17:40:29.000,20.516666666666666,0.0,23,3,osrm
873,delivered,2025-07-03 17:19:53,2025-07-03 17:31:29.306932,2025-07-03 17:40:51.300000,2025-07-03 17:48:17.800,28.413333333333334,9.366551133333333,50,2,osrm
874,delivered,2025-07-03 17:20:52,2025-07-03 17:32:13.714332,2025-07-03 17:35:22.193588,2025-07-03 17:40:29.000,19.616666666666667,3.141320933333333,23,3,osrm
875,delivered,2025-07-03 17:20:57,2025-07-03 17:33:22.336399,2025-07-03 17:40:41.027331,2025-07-03 17:44:11.300,23.238333333333333,7.311515533333333,28,2,osrm
876,delivered,2025-07-03 17:20:21,2025-07-03 17:31:16.786752,2025-07-03 17:45:50.041343,2025-07-03 17:46:54.300,26.555,14.554243183333334,45,3,osrm
877,delivered,2025-07-03 17:22:36,2025-07-03 17:33:43.066515,2025-07-03 17:45:12.000000,2025-07-03 17:49:55.900,27.331666666666667,11.48222475,57,1,osrm
878,delivered,2025-07-03 17:22:25,2025-07-03 17:38:38.633610,2025-07-03 17:38:38.633610,2025-07-03 17:37:20.600,14.926666666666668,0.0,29,2,osrm
879,delivered,2025-07-03 17:22:02,2025-07-03 17:37:37.460873,2025-07-03 17:56:54.786543,2025-07-03 17:57:33.200,35.519999999999996,19.288761166666667,18,2,osrm
880,delivered,2025-07-03 17:22:34,2025-07-03 17:34:24.560701,2025-07-03 17:35:56.500000,2025-07-03 17:39:02.200,16.470000000000002,1.53232165,26,1,osrm
881,delivered,2025-07-03 17:22:21,2025-07-03 17:32:53.539435,2025-07-03 17:40:52.200000,2025-07-03 17:44:54.100,22.551666666666666,7.977676083333334,20,2,osrm
882,delivered,2025-07-03 17:22:09,2025-07-03 17:38:23.668866,2025-07-03 17:54:07.200000,2025-07-03 18:03:19.400,41.17333333333333,15.725518899999999,31,2,osrm
883,delivered,2025-07-03 17:23:25,2025-07-03 17:32:07.629891,2025-07-03 17:32:07.629891,2025-07-03 17:35:22.300,11.955,0.0,54,3,osrm
884,delivered,2025-07-03 17:23:14,2025-07-03 17:33:15.877215,2025-07-03 17:34:25.700000,2025-07-03 17:41:54.700,18.678333333333335,1.1637130833333333,5,3,osrm
885,delivered,2025-07-03 17:23:40,2025-07-03 17:36:40.273095,2025-07-03 17:36:40.273095,2025-07-03 17:38:02.100,14.368333333333334,0.0,1,4,osrm
886,delivered,2025-07-03 17:24:55,2025-07-03 17:36:17.208130,2025-07-03 17:39:15.800000,2025-07-03 17:42:02.400,17.123333333333335,2.9765311666666667,19,1,osrm
887,delivered,2025-07-03 17:25:24,2025-07-03 17:37:06.276873,2025-07-03 17:38:54.300000,2025-07-03 17:42:09.000,16.75,1.80038545,35,1,osrm
888,delivered,2025-07-03 17:25:16,2025-07-03 17:41:30.403768,2025-07-03 17:41:30.403768,2025-07-03 17:46:10.900,20.915000000000003,0.0,39,3,osrm
889,delivered,2025-07-03 17:25:51,2025-07-03 17:39:16.008530,2025-07-03 17:39:16.008530,2025-07-03 17:40:30.300,14.655,0.0,8,2,osrm
890,delivered,2025-07-03 17:25:36,2025-07-03 17:30:36.000000,2025-07-03 17:34:25.700000,2025-07-03 17:41:54.700,16.311666666666667,3.828333333333333,5,3,osrm
891,delivered,2025-07-03 17:26:37,2025-07-03 17:36:31.867865,2025-07-03 17:45:41.900000,2025-07-03 17:49:52.000,23.25,9.16720225,34,2,osrm
892,delivered,2025-07-03 17:26:20,2025-07-03 17:40:15.615877,2025-07-03 17:40:15.615877,2025-07-03 17:39:33.400,13.223333333333333,0.0,3,3,osrm
893,delivered,2025-07-03 17:26:06,2025-07-03 17:36:47.028166,2025-07-03 17:41:30.403768,2025-07-03 17:46:10.900,20.081666666666667,4.7229267,39,3,osrm
894,delivered,2025-07-03 17:27:06,2025-07-03 17:38:41.906337,2025-07-03 17:55:07.500000,2025-07-03 18:01:15.100,34.151666666666664,16.42656105,14,2,osrm
895,delivered,2025-07-03 17:27:04,2025-07-03 17:37:17.693810,2025-07-03 17:39:59.000000,2025-07-03 17:45:50.200,18.77,2.6884365,37,2,osrm
896,delivered,2025-07-03 17:27:37,2025-07-03 17:40:41.027331,2025-07-03 17:40:41.027331,2025-07-03 17:44:11.300,16.571666666666665,0.0,28,2,osrm
897,delivered,2025-07-03 17:27:04,2025-07-03 17:43:58.497515,2025-07-03 17:43:58.497515,2025-07-03 17:45:48.800,18.746666666666666,0.0,22,3,osrm
898,delivered,2025-07-03 17:27:54,2025-07-03 17:41:07.955942,2025-07-03 17:50:38.000000,2025-07-03 17:55:06.300,27.205,9.5007343,29,1,osrm
899,delivered,2025-07-03 17:29:03,2025-07-03 17:40:40.366054,2025-07-03 17:40:40.366054,2025-07-03 17:44:03.000,15.0,0.0,55,2,osrm
900,delivered,2025-07-03 17:29:55,2025-07-03 17:34:55.000000,2025-07-03 17:52:51.522697,2025-07-03 17:58:49.800,28.913333333333334,17.942044950000003,53,2,osrm
901,delivered,2025-07-03 17:29:56,2025-07-03 17:43:37.518353,2025-07-03 17:45:41.900000,2025-07-03 17:49:52.000,19.933333333333334,2.07302745,34,2,osrm
902,delivered,2025-07-03 17:30:34,2025-07-03 17:39:17.756214,2025-07-03 17:39:17.756214,2025-07-03 17:39:52.500,9.308333333333334,0.0,6,3,osrm
903,delivered,2025-07-03 17:30:00,2025-07-03 17:39:43.936655,2025-07-03 17:39:43.936655,2025-07-03 17:47:14.900,17.248333333333335,0.0,16,3,osrm
904,delivered,2025-07-03 17:31:57,2025-07-03 17:46:17.290674,2025-07-03 17:49:25.800000,2025-07-03 17:53:13.600,21.276666666666664,3.1418220999999997,26,2,osrm
905,delivered,2025-07-03 17:31:59,2025-07-03 17:45:23.547174,2025-07-03 17:59:36.300000,2025-07-03 18:02:03.700,30.078333333333333,14.2125471,41,1,osrm
906,delivered,2025-07-03 17:31:41,2025-07-03 17:42:17.930751,2025-07-03 17:49:25.800000,2025-07-03 17:53:13.600,21.543333333333333,7.13115415,26,2,osrm
907,delivered,2025-07-03 17:31:26,2025-07-03 17:43:10.402179,2025-07-03 17:49:45.012014,2025-07-03 17:54:32.400,23.10666666666667,6.576830583333333,1,2,osrm
908,delivered,2025-07-03 17:31:21,2025-07-03 17:49:45.012014,2025-07-03 17:49:45.012014,2025-07-03 17:54:32.400,23.19,0.0,1,2,osrm
909,delivered,2025-07-03 17:31:09,2025-07-03 17:36:09.000000,2025-07-03 17:57:56.863231,2025-07-03 18:02:54.300,31.755,21.79772051666667,2,2,osrm
910,delivered,2025-07-03 17:31:51,2025-07-03 17:41:31.539267,2025-07-03 17:49:12.600000,2025-07-03 17:52:31.100,20.668333333333333,7.684345550000001,23,1,osrm
911,delivered,2025-07-03 17:31:17,2025-07-03 17:43:12.344044,2025-07-03 17:49:51.000000,2025-07-03 17:53:28.000,22.183333333333334,6.644265933333333,27,1,osrm
912,delivered,2025-07-03 17:31:07,2025-07-03 17:38:26.893492,2025-07-03 17:51:46.200000,2025-07-03 17:53:37.000,22.5,13.321775133333334,33,1,osrm
913,delivered,2025-07-03 17:32:09,2025-07-03 17:46:40.017656,2025-07-03 17:55:07.500000,2025-07-03 18:01:15.100,29.101666666666667,8.458039066666666,14,2,osrm
914,delivered,2025-07-03 17:32:21,2025-07-03 17:46:42.642645,2025-07-03 17:56:59.800000,2025-07-03 18:00:24.200,28.053333333333335,10.285955916666667,5,1,osrm
915,delivered,2025-07-03 17:32:15,2025-07-03 17:47:06.248426,2025-07-03 17:47:06.248426,2025-07-03 17:48:43.600,16.476666666666667,0.0,4,2,osrm
916,delivered,2025-07-03 17:32:53,2025-07-03 17:45:50.041343,2025-07-03 17:45:50.041343,2025-07-03 17:46:54.300,14.021666666666667,0.0,45,3,osrm
917,delivered,2025-07-03 17:32:53,2025-07-03 17:44:48.147249,2025-07-03 17:50:54.800000,2025-07-03 17:53:22.200,20.486666666666668,6.110879183333334,8,1,osrm
918,delivered,2025-07-03 17:33:15,2025-07-03 17:44:52.511480,2025-07-03 18:01:13.900000,2025-07-03 18:04:01.600,30.776666666666664,16.356475333333332,16,1,osrm
919,delivered,2025-07-03 17:33:52,2025-07-03 17:45:24.004462,2025-07-03 17:54:48.300000,2025-07-03 17:58:00.800,24.146666666666665,9.404925633333333,13,2,osrm
920,delivered,2025-07-03 17:33:11,2025-07-03 17:51:23.218204,2025-07-03 18:00:00.500000,2025-07-03 18:02:57.400,29.773333333333333,8.621363266666666,15,1,osrm
921,delivered,2025-07-03 17:34:52,2025-07-03 17:52:27.385106,2025-07-03 17:54:48.300000,2025-07-03 17:58:00.800,23.146666666666665,2.3485815666666667,13,2,osrm
922,delivered,2025-07-03 17:34:50,2025-07-03 17:47:02.021875,2025-07-03 17:49:29.400000,2025-07-03 17:55:09.200,20.32,2.4563020833333336,32,3,osrm
923,delivered,2025-07-03 17:34:17,2025-07-03 17:48:09.979316,2025-07-03 17:54:07.200000,2025-07-03 18:03:19.400,29.040000000000003,5.953678066666667,31,2,osrm
924,delivered,2025-07-03 17:34:19,2025-07-03 17:45:43.236362,2025-07-03 17:49:29.400000,2025-07-03 17:55:09.200,20.836666666666666,3.7693939666666667,32,3,osrm
925,delivered,2025-07-03 17:35:01,2025-07-03 17:49:26.007189,2025-07-03 17:49:26.007189,2025-07-03 17:49:23.900,14.381666666666666,0.0,38,2,osrm
926,delivered,2025-07-03 17:36:55,2025-07-03 17:51:35.988578,2025-07-03 17:51:35.988578,2025-07-03 17:54:23.600,17.476666666666667,0.0,17,2,osrm
927,delivered,2025-07-03 17:36:25,2025-07-03 17:51:43.617125,2025-07-03 17:56:11.600000,2025-07-03 17:58:40.900,22.265,4.4663812499999995,36,1,osrm
928,delivered,2025-07-03 17:36:44,2025-07-03 17:49:45.079144,2025-07-03 17:50:20.100000,2025-07-03 17:53:56.300,17.205,0.5836809333333334,47,1,osrm
929,delivered,2025-07-03 17:37:29,2025-07-03 17:52:54.571651,2025-07-03 17:52:54.571651,2025-07-03 17:54:27.700,16.978333333333335,0.0,11,2,osrm
930,delivered,2025-07-03 17:38:49,2025-07-03 17:52:29.401362,2025-07-03 17:59:43.000000,2025-07-03 18:02:56.400,24.123333333333335,7.226643966666667,51,1,osrm
931,delivered,2025-07-03 17:38:31,2025-07-03 17:50:34.861140,2025-07-03 17:53:32.800000,2025-07-03 17:59:54.100,21.384999999999998,2.965647666666667,40,1,osrm
932,delivered,2025-07-03 17:39:20,2025-07-03 17:52:51.522697,2025-07-03 17:52:51.522697,2025-07-03 17:58:49.800,19.496666666666666,0.0,53,2,osrm
933,delivered,2025-07-03 17:39:25,2025-07-03 17:57:56.863231,2025-07-03 17:57:56.863231,2025-07-03 18:02:54.300,23.488333333333333,0.0,2,2,osrm
934,delivered,2025-07-03 17:39:09,2025-07-03 17:48:01.191926,2025-07-03 17:55:15.340063,2025-07-03 17:58:52.500,19.725,7.235802283333333,25,2,osrm
935,delivered,2025-07-03 17:40:15,2025-07-03 17:51:33.789788,2025-07-03 17:58:58.700000,2025-07-03 18:01:08.600,20.89333333333333,7.4151702,45,1,osrm
936,delivered,2025-07-03 17:41:28,2025-07-03 17:53:43.140773,2025-07-03 17:54:58.400000,2025-07-03 17:57:18.900,15.848333333333333,1.25432045,19,1,osrm
937,delivered,2025-07-03 17:41:02,2025-07-03 17:55:15.340063,2025-07-03 17:55:15.340063,2025-07-03 17:58:52.500,17.841666666666665,0.0,25,2,osrm
938,delivered,2025-07-03 17:43:53,2025-07-03 17:58:31.110946,2025-07-03 17:59:47.400000,2025-07-03 18:02:48.500,18.925,1.2714842333333332,38,1,osrm
939,delivered,2025-07-03 17:43:03,2025-07-03 17:55:14.603973,2025-07-03 18:00:02.700000,2025-07-03 18:02:12.800,19.163333333333334,4.80160045,39,1,osrm
940,delivered,2025-07-03 17:44:30,2025-07-03 17:56:11.317669,2025-07-03 18:00:41.900000,2025-07-03 18:02:32.200,18.03666666666667,4.509705516666667,57,1,osrm
941,delivered,2025-07-03 17:45:59,2025-07-03 17:55:20.679219,2025-07-03 17:56:39.500000,2025-07-03 17:59:36.500,13.625,1.3136796833333333,30,1,osrm
942,delivered,2025-07-03 17:46:16,2025-07-03 17:52:25.485382,2025-07-03 17:59:48.000000,2025-07-03 18:01:42.200,15.436666666666667,7.375243633333333,24,1,osrm
943,delivered,2025-07-03 17:47:24,2025-07-03 17:55:58.587262,2025-07-03 17:58:20.000000,2025-07-03 18:00:42.000,13.3,2.3568789666666663,3,1,osrm
944,delivered,2025-07-03 17:47:42,2025-07-03 17:56:54.786543,2025-07-03 17:56:54.786543,2025-07-03 17:57:33.200,9.853333333333333,0.0,18,2,osrm
945,delivered,2025-07-03 17:47:19,2025-07-03 17:58:38.358012,2025-07-03 17:58:51.200000,2025-07-03 18:00:49.200,13.503333333333334,0.21403313333333335,7,1,osrm
946,delivered,2025-07-03 17:48:40,2025-07-03 18:04:55.048332,2025-07-03 18:04:55.048332,2025-07-03 18:08:01.400,19.35666666666667,0.0,9,1,osrm
947,delivered,2025-07-03 17:50:22,2025-07-03 18:05:01.252723,2025-07-03 18:06:36.800000,2025-07-03 18:07:21.800,16.996666666666666,1.5924546166666667,56,1,osrm
948,delivered,2025-07-03 17:51:46,2025-07-03 17:59:39.013295,2025-07-03 17:59:47.600000,2025-07-03 18:02:20.600,10.576666666666666,0.14311175,50,1,osrm
949,delivered,2025-07-03 17:51:17,2025-07-03 18:06:28.057043,2025-07-03 18:08:53.900000,2025-07-03 18:12:04.800,20.796666666666667,2.43071595,54,1,osrm
950,delivered,2025-07-03 17:52:45,2025-07-03 18:06:46.044621,2025-07-03 18:09:16.100000,2025-07-03 18:11:35.700,18.845000000000002,2.500922983333333,18,1,osrm
951,delivered,2025-07-03 17:53:52,2025-07-03 18:09:44.454432,2025-07-03 18:09:44.454432,2025-07-03 18:13:27.400,19.59,0.0,36,1,osrm
952,delivered,2025-07-03 17:53:26,2025-07-03 18:10:27.760292,2025-07-03 18:11:04.300000,2025-07-03 18:12:11.400,18.756666666666668,0.6089951333333333,22,1,osrm
953,delivered,2025-07-03 17:54:51,2025-07-03 18:09:52.292054,2025-07-03 18:10:56.000000,2025-07-03 18:15:18.900,20.465,1.0617991,13,1,osrm
954,delivered,2025-07-03 17:54:25,2025-07-03 18:03:11.913982,2025-07-03 18:04:31.600000,2025-07-03 18:08:17.100,13.868333333333334,1.3281003,52,1,osrm
955,delivered,2025-07-03 17:55:05,2025-07-03 18:10:12.544208,2025-07-03 18:10:32.600000,2025-07-03 18:14:36.300,19.521666666666665,0.3342632,3,1,osrm
956,delivered,2025-07-03 17:55:45,2025-07-03 18:11:13.927528,2025-07-03 18:14:26.900000,2025-07-03 18:18:45.300,23.005,3.2162078666666667,15,1,osrm
957,delivered,2025-07-03 17:55:29,2025-07-03 18:04:10.465537,2025-07-03 18:05:43.800000,2025-07-03 18:07:34.500,12.091666666666667,1.5555743833333333,20,1,osrm
958,delivered,2025-07-03 17:57:34,2025-07-03 18:08:45.234759,2025-07-03 18:09:49.600000,2025-07-03 18:14:16.500,16.708333333333332,1.0727540166666667,53,1,osrm
959,delivered,2025-07-03 17:57:01,2025-07-03 18:12:26.108069,2025-07-03 18:13:37.700000,2025-07-03 18:16:09.800,19.146666666666665,1.1931988500000001,14,1,osrm
960,delivered,2025-07-03 17:58:57,2025-07-03 18:11:17.342494,2025-07-03 18:14:17.600000,2025-07-03 18:16:07.900,17.18166666666667,3.004291766666667,10,1,osrm
961,delivered,2025-07-03 17:58:18,2025-07-03 18:08:37.057435,2025-07-03 18:13:27.600000,2025-07-03 18:18:14.200,19.936666666666667,4.842376083333334,45,1,osrm
962,delivered,2025-07-03 18:00:55,2025-07-03 18:14:14.999550,2025-07-03 18:14:16.100000,2025-07-03 18:16:35.500,15.675,0.01834083333333333,16,1,osrm
963,delivered,2025-07-03 18:00:56,2025-07-03 18:09:25.857909,2025-07-03 18:11:26.500000,2025-07-03 18:14:49.800,13.896666666666667,2.0107015166666664,25,1,osrm
964,delivered,2025-07-03 18:00:41,2025-07-03 18:07:37.291381,2025-07-03 18:09:35.100000,2025-07-03 18:12:11.700,11.511666666666667,1.9634769833333332,49,1,osrm
965,delivered,2025-07-03 18:00:17,2025-07-03 18:15:18.887070,2025-07-03 18:15:18.887070,2025-07-03 18:17:08.300,16.855,0.0,33,1,osrm
966,delivered,2025-07-03 18:00:54,2025-07-03 18:13:43.965611,2025-07-03 18:15:27.800000,2025-07-03 18:19:35.400,18.69,1.7305731500000001,57,1,osrm
967,delivered,2025-07-03 18:01:25,2025-07-03 18:17:25.187126,2025-07-03 18:19:29.000000,2025-07-03 18:22:38.000,21.216666666666665,2.0635479,30,1,osrm
968,delivered,2025-07-03 18:02:26,2025-07-03 18:13:30.622208,2025-07-03 18:14:08.200000,2025-07-03 18:17:02.200,14.603333333333333,0.6262965333333333,42,1,osrm
969,delivered,2025-07-03 18:03:21,2025-07-03 18:11:06.780532,2025-07-03 18:14:05.300000,2025-07-03 18:18:28.400,15.123333333333333,2.9753244666666663,37,1,osrm
970,delivered,2025-07-03 18:04:37,2025-07-03 18:11:22.394120,2025-07-03 18:13:33.700000,2025-07-03 18:19:05.100,14.468333333333334,2.1884313333333334,31,1,osrm
971,delivered,2025-07-03 18:04:34,2025-07-03 18:21:25.340850,2025-07-03 18:24:59.600000,2025-07-03 18:27:22.900,22.815,3.5709858333333333,17,1,osrm
972,delivered,2025-07-03 18:05:45,2025-07-03 18:10:45.000000,2025-07-03 18:10:45.000000,2025-07-03 18:12:55.700,7.178333333333333,0.0,19,1,osrm
973,delivered,2025-07-03 18:06:08,2025-07-03 18:20:59.168724,2025-07-03 18:26:44.800000,2025-07-03 18:29:32.600,23.41,5.760521266666667,38,1,osrm
974,delivered,2025-07-03 18:07:35,2025-07-03 18:19:47.137526,2025-07-03 18:19:47.137526,2025-07-03 18:22:56.800,15.363333333333333,0.0,9,1,osrm
975,delivered,2025-07-03 18:07:24,2025-07-03 18:20:19.081948,2025-07-03 18:29:24.400000,2025-07-03 18:34:39.700,27.261666666666667,9.0886342,10,1,osrm
976,delivered,2025-07-03 18:07:03,2025-07-03 18:15:59.781284,2025-07-03 18:19:09.000000,2025-07-03 18:22:43.500,15.675,3.1536452666666666,44,1,osrm
977,delivered,2025-07-03 18:08:28,2025-07-03 18:20:12.890645,2025-07-03 18:20:12.890645,2025-07-03 18:22:18.500,13.841666666666667,0.0,41,1,osrm
978,delivered,2025-07-03 18:08:39,2025-07-03 18:17:19.825404,2025-07-03 18:21:08.800000,2025-07-03 18:23:50.500,15.191666666666666,3.8162432666666666,47,1,osrm
979,delivered,2025-07-03 18:08:39,2025-07-03 18:19:42.916771,2025-07-03 18:20:46.700000,2025-07-03 18:25:01.600,16.37666666666667,1.0630538166666665,1,1,osrm
980,delivered,2025-07-03 18:09:34,2025-07-03 18:21:42.627220,2025-07-03 18:24:54.700000,2025-07-03 18:26:23.300,16.821666666666665,3.201213,49,1,osrm
981,delivered,2025-07-03 18:11:02,2025-07-03 18:25:16.538661,2025-07-03 18:25:16.538661,2025-07-03 18:28:13.900,17.198333333333334,0.0,25,1,osrm
982,delivered,2025-07-03 18:12:38,2025-07-03 18:26:23.318499,2025-07-03 18:28:55.800000,2025-07-03 18:30:02.800,17.413333333333334,2.5413583500000003,42,1,osrm
983,delivered,2025-07-03 18:13:06,2025-07-03 18:22:49.854261,2025-07-03 18:24:39.800000,2025-07-03 18:28:32.100,15.435,1.8324289833333334,51,1,osrm
984,delivered,2025-07-03 18:14:04,2025-07-03 18:27:04.026567,2025-07-03 18:29:06.200000,2025-07-03 18:31:51.900,17.798333333333336,2.0362238833333333,57,1,osrm
985,delivered,2025-07-03 18:15:18,2025-07-03 18:22:52.309913,2025-07-03 18:29:51.100000,2025-07-03 18:35:21.900,20.065,6.979834783333334,29,1,osrm
986,delivered,2025-07-03 18:17:03,2025-07-03 18:33:48.400058,2025-07-03 18:34:53.800000,2025-07-03 18:37:59.900,20.948333333333334,1.0899990333333334,44,1,osrm
987,delivered,2025-07-03 18:18:42,2025-07-03 18:29:32.317903,2025-07-03 18:29:32.317903,2025-07-03 18:31:22.300,12.671666666666665,0.0,6,1,osrm
988,delivered,2025-07-03 18:19:09,2025-07-03 18:28:15.000161,2025-07-03 18:28:31.100000,2025-07-03 18:33:04.100,13.918333333333333,0.26833065,55,1,osrm
989,delivered,2025-07-03 18:19:10,2025-07-03 18:33:09.434786,2025-07-03 18:35:05.600000,2025-07-03 18:39:26.600,20.276666666666664,1.9360869,48,1,osrm
990,delivered,2025-07-03 18:20:27,2025-07-03 18:33:58.990700,2025-07-03 18:34:16.300000,2025-07-03 18:36:58.900,16.531666666666666,0.28848833333333335,3,1,osrm
991,delivered,2025-07-03 18:21:49,2025-07-03 18:32:18.111608,2025-07-03 18:35:44.800000,2025-07-03 18:40:17.700,18.478333333333335,3.4448065333333333,1,1,osrm
992,delivered,2025-07-03 18:21:21,2025-07-03 18:33:33.200947,2025-07-03 18:34:10.100000,2025-07-03 18:36:50.500,15.491666666666667,0.6149842166666667,11,1,osrm
993,delivered,2025-07-03 18:22:39,2025-07-03 18:34:36.704344,2025-07-03 18:34:36.704344,2025-07-03 18:38:18.800,15.663333333333332,0.0,35,1,osrm
994,delivered,2025-07-03 18:24:35,2025-07-03 18:39:54.904847,2025-07-03 18:39:54.904847,2025-07-03 18:39:03.200,14.47,0.0,42,1,osrm
995,delivered,2025-07-03 18:24:59,2025-07-03 18:42:47.159105,2025-07-03 18:44:16.300000,2025-07-03 18:46:54.500,21.925,1.4856815833333334,6,1,osrm
996,delivered,2025-07-03 18:25:58,2025-07-03 18:39:50.982866,2025-07-03 18:39:51.100000,2025-07-03 18:42:58.600,17.01,0.0019522333333333334,25,1,osrm
997,delivered,2025-07-03 18:26:02,2025-07-03 18:34:38.330575,2025-07-03 18:35:14.200000,2025-07-03 18:38:20.700,12.311666666666667,0.59782375,4,1,osrm
998,delivered,2025-07-03 18:26:29,2025-07-03 18:39:08.873892,2025-07-03 18:39:17.600000,2025-07-03 18:42:34.300,16.08833333333333,0.14543513333333333,26,1,osrm
999,delivered,2025-07-03 18:27:38,2025-07-03 18:32:38.000000,2025-07-03 18:35:18.600000,2025-07-03 18:39:05.200,11.453333333333335,2.6766666666666667,45,1,osrm
1000,delivered,2025-07-03 18:28:57,2025-07-03 18:41:01.612705,2025-07-03 18:44:50.400000,2025-07-03 18:49:00.500,20.058333333333334,3.8131215833333334,51,1,osrm
1001,delivered,2025-07-03 18:29:11,2025-07-03 18:43:22.759998,2025-07-03 18:44:49.100000,2025-07-03 18:47:15.400,18.073333333333334,1.4390000333333333,24,1,osrm
1002,delivered,2025-07-03 18:29:05,2025-07-03 18:47:27.914580,2025-07-03 18:50:01.600000,2025-07-03 18:52:07.600,23.043333333333333,2.5614236666666668,11,1,osrm
1003,delivered,2025-07-03 18:29:22,2025-07-03 18:48:59.647862,2025-07-03 18:49:22.800000,2025-07-03 18:51:54.300,22.538333333333334,0.3858689666666667,14,1,osrm
1004,delivered,2025-07-03 18:29:28,2025-07-03 18:38:24.820079,2025-07-03 18:38:59.800000,2025-07-03 18:43:20.500,13.875,0.5829986833333333,13,1,osrm
1005,delivered,2025-07-03 18:31:37,2025-07-03 18:45:37.079177,2025-07-03 18:48:59.800000,2025-07-03 18:53:10.700,21.561666666666667,3.378680383333333,35,1,osrm
1006,delivered,2025-07-03 18:32:18,2025-07-03 18:49:20.707450,2025-07-03 18:51:22.000000,2025-07-03 18:54:15.900,21.965,2.0215425000000002,1,1,osrm
1007,delivered,2025-07-03 18:32:55,2025-07-03 18:49:59.090887,2025-07-03 18:49:59.090887,2025-07-03 18:54:43.600,21.81,0.0,21,1,osrm
1008,delivered,2025-07-03 18:33:29,2025-07-03 18:45:22.501609,2025-07-03 18:45:22.501609,2025-07-03 18:49:40.300,16.188333333333333,0.0,29,1,osrm
1009,delivered,2025-07-03 18:36:59,2025-07-03 18:46:55.942268,2025-07-03 18:49:16.400000,2025-07-03 18:51:17.800,14.313333333333333,2.3409622,34,1,osrm
1010,delivered,2025-07-03 18:36:40,2025-07-03 18:45:00.280517,2025-07-03 18:45:56.000000,2025-07-03 18:48:58.300,12.305,0.9286580499999999,10,1,osrm
1011,delivered,2025-07-03 18:36:38,2025-07-03 18:45:16.642254,2025-07-03 18:49:13.200000,2025-07-03 18:54:00.300,17.371666666666666,3.9426291,45,1,osrm
1012,delivered,2025-07-03 18:39:50,2025-07-03 18:56:24.145884,2025-07-03 18:59:40.400000,2025-07-03 19:02:25.900,22.598333333333336,3.2709019333333336,29,1,osrm
1013,delivered,2025-07-03 18:39:02,2025-07-03 18:52:59.002979,2025-07-03 18:56:01.300000,2025-07-03 18:58:47.700,19.761666666666667,3.0382836833333333,16,1,osrm
1014,delivered,2025-07-03 18:39:03,2025-07-03 18:48:58.397583,2025-07-03 18:48:58.397583,2025-07-03 18:51:32.600,12.493333333333334,0.0,49,1,osrm
1015,delivered,2025-07-03 18:43:50,2025-07-03 18:54:21.432147,2025-07-03 18:56:18.800000,2025-07-03 19:00:01.100,16.185,1.9561308833333333,57,1,osrm
1016,delivered,2025-07-03 18:44:37,2025-07-03 19:01:17.009107,2025-07-03 19:06:40.800000,2025-07-03 19:10:23.000,25.766666666666666,5.396514883333333,1,1,osrm
1017,delivered,2025-07-03 18:48:54,2025-07-03 19:04:03.636901,2025-07-03 19:04:42.700000,2025-07-03 19:06:47.000,17.883333333333333,0.65105165,45,1,osrm
1018,delivered,2025-07-03 18:50:38,2025-07-03 19:00:00.479519,2025-07-03 19:00:46.600000,2025-07-03 19:02:31.700,11.895000000000001,0.7686746833333333,46,1,osrm
1019,delivered,2025-07-03 18:52:14,2025-07-03 19:04:32.287172,2025-07-03 19:06:10.000000,2025-07-03 19:09:33.000,17.316666666666666,1.6285471333333335,27,1,osrm
1020,delivered,2025-07-03 18:53:11,2025-07-03 19:02:47.518663,2025-07-03 19:04:18.100000,2025-07-03 19:07:01.800,13.846666666666666,1.5096889500000001,30,1,osrm
1021,delivered,2025-07-03 18:54:34,2025-07-03 19:07:31.498118,2025-07-03 19:11:08.600000,2025-07-03 19:13:44.300,19.171666666666667,3.6183647,35,1,osrm
1022,delivered,2025-07-03 18:58:20,2025-07-03 19:13:05.959825,2025-07-03 19:15:47.500000,2025-07-03 19:20:22.500,22.041666666666668,2.69233625,13,1,osrm
