order_id,status,placement_time,ready_time,pickup_time,delivery_time,click_to_door,ready_to_pickup,courier_id,bundle_size,routing_source
0,delivered,2025-07-03 08:00:27,2025-07-03 08:07:49.633562,2025-07-03 08:36:05.539804,2025-07-03 08:39:46.000,39.31666666666667,28.265104033333333,20,4,osrm
1,delivered,2025-07-03 08:00:54,2025-07-03 08:14:41.583669,2025-07-03 08:15:28.400000,2025-07-03 08:19:27.700,18.561666666666667,0.7802721833333333,15,1,osrm
2,delivered,2025-07-03 08:00:46,2025-07-03 08:07:17.760955,2025-07-03 08:20:31.300000,2025-07-03 08:22:55.300,22.154999999999998,13.22565075,28,1,osrm
3,delivered,2025-07-03 08:00:27,2025-07-03 08:10:52.315366,2025-07-03 08:25:28.400000,2025-07-03 08:28:35.800,28.146666666666665,14.601410566666667,39,1,osrm
4,delivered,2025-07-03 08:01:25,2025-07-03 08:15:14.175270,2025-07-03 08:38:22.534039,2025-07-03 08:45:54.300,44.48833333333334,23.139312816666667,11,4,osrm
5,delivered,2025-07-03 08:01:30,2025-07-03 08:10:18.697662,2025-07-03 08:18:08.600000,2025-07-03 08:21:12.200,19.703333333333333,7.831705633333333,5,1,osrm
6,delivered,2025-07-03 08:01:19,2025-07-03 08:09:42.566510,2025-07-03 08:26:22.100000,2025-07-03 08:31:15.200,29.936666666666667,16.6588915,19,1,osrm
7,delivered,2025-07-03 08:04:48,2025-07-03 08:16:28.246782,2025-07-03 08:38:22.534039,2025-07-03 08:45:54.300,41.105000000000004,21.904787616666667,11,4,osrm
8,delivered,2025-07-03 08:04:39,2025-07-03 08:14:13.373907,2025-07-03 08:21:15.100000,2025-07-03 08:25:05.300,20.438333333333333,7.028768216666666,30,1,osrm
9,delivered,2025-07-03 08:04:33,2025-07-03 08:19:00.385977,2025-07-03 08:20:08.300000,2025-07-03 08:22:58.400,18.423333333333336,1.1319003833333334,9,2,osrm
10,delivered,2025-07-03 08:06:16,2025-07-03 08:21:17.942606,2025-07-03 08:57:16.944155,2025-07-03 09:02:55.600,56.66,35.98335915,30,4,osrm
11,delivered,2025-07-03 08:07:45,2025-07-03 08:20:17.014333,2025-07-03 08:53:08.779236,2025-07-03 08:59:13.100,51.468333333333334,32.86274838333333,24,3,osrm
12,delivered,2025-07-03 08:07:20,2025-07-03 08:22:21.076862,2025-07-03 08:53:14.697992,2025-07-03 08:56:40.000,49.333333333333336,30.8936855,15,4,osrm
13,delivered,2025-07-03 08:08:20,2025-07-03 08:17:37.364654,2025-07-03 08:20:08.300000,2025-07-03 08:22:58.400,14.639999999999999,2.5155891,9,2,osrm
14,delivered,2025-07-03 08:09:37,2025-07-03 08:24:25.829502,2025-07-03 08:38:24.500000,2025-07-03 08:42:28.300,32.855,13.977841633333332,31,1,osrm
15,delivered,2025-07-03 08:11:49,2025-07-03 08:20:15.742823,2025-07-03 08:30:23.500000,2025-07-03 08:33:46.900,21.965,10.129286283333332,17,1,osrm
16,delivered,2025-07-03 08:11:25,2025-07-03 08:18:28.005964,2025-07-03 08:42:58.000000,2025-07-03 08:50:22.000,38.95,24.4999006,3,3,osrm
17,delivered,2025-07-03 08:11:36,2025-07-03 08:22:07.852258,2025-07-03 08:29:07.700000,2025-07-03 08:31:56.600,20.34333333333333,6.997462366666666,26,1,osrm
18,delivered,2025-07-03 08:12:36,2025-07-03 08:25:15.811293,2025-07-03 08:36:05.539804,2025-07-03 08:39:46.000,27.166666666666668,10.828808516666667,20,4,osrm
19,delivered,2025-07-03 08:13:06,2025-07-03 08:23:17.070108,2025-07-03 08:38:22.534039,2025-07-03 08:45:54.300,32.805,15.091065516666667,11,4,osrm
20,delivered,2025-07-03 08:13:34,2025-07-03 08:29:37.099283,2025-07-03 08:42:58.000000,2025-07-03 08:50:22.000,36.8,13.348345283333334,3,3,osrm
21,delivered,2025-07-03 08:14:16,2025-07-03 08:28:18.978334,2025-07-03 08:44:22.700000,2025-07-03 08:56:04.500,41.80833333333333,16.062027766666667,28,4,osrm
22,delivered,2025-07-03 08:14:52,2025-07-03 08:26:42.850875,2025-07-03 08:55:48.856598,2025-07-03 09:01:52.200,47.00333333333333,29.100095383333333,13,4,osrm
23,delivered,2025-07-03 08:15:34,2025-07-03 08:28:01.578136,2025-07-03 08:53:23.195085,2025-07-03 09:00:48.400,45.24,25.360282483333332,32,4,osrm
24,delivered,2025-07-03 08:17:22,2025-07-03 08:31:59.464930,2025-07-03 08:34:45.700000,2025-07-03 08:37:21.900,19.998333333333335,2.7705845,9,1,osrm
25,delivered,2025-07-03 08:18:18,2025-07-03 08:36:08.934440,2025-07-03 08:44:23.200000,2025-07-03 08:48:22.700,30.078333333333333,8.237759333333333,7,2,osrm
26,delivered,2025-07-03 08:18:14,2025-07-03 08:30:49.669477,2025-07-03 11:10:35.600000,2025-07-03 11:16:11.900,177.965,159.7655087166667,3,3,osrm
27,delivered,2025-07-03 08:18:39,2025-07-03 08:30:25.643032,2025-07-03 08:30:25.643032,2025-07-03 08:35:14.600,16.593333333333334,0.0,27,2,osrm
28,delivered,2025-07-03 08:19:12,2025-07-03 08:29:44.784455,2025-07-03 08:53:14.697992,2025-07-03 08:56:40.000,37.46666666666667,23.49855895,15,4,osrm
29,delivered,2025-07-03 08:19:47,2025-07-03 08:27:43.049567,2025-07-03 08:58:55.199732,2025-07-03 09:11:32.600,51.76,31.20250275,34,4,osrm
30,delivered,2025-07-03 08:19:22,2025-07-03 08:29:04.447562,2025-07-03 08:44:23.200000,2025-07-03 08:48:22.700,29.011666666666667,15.312540633333333,7,2,osrm
31,delivered,2025-07-03 08:20:20,2025-07-03 08:27:32.389666,2025-07-03 08:55:53.668000,2025-07-03 08:59:46.800,39.44666666666667,28.3546389,31,4,osrm
32,delivered,2025-07-03 08:21:06,2025-07-03 08:33:19.260410,2025-07-03 08:55:45.476930,2025-07-03 08:58:28.100,37.36833333333333,22.436942,36,4,osrm
33,delivered,2025-07-03 08:21:28,2025-07-03 08:35:12.213442,2025-07-03 08:54:43.146663,2025-07-03 08:58:49.600,37.36,19.515553683333334,37,4,osrm
34,delivered,2025-07-03 08:21:16,2025-07-03 08:36:05.539804,2025-07-03 08:39:10.785687,2025-07-03 08:45:14.300,23.971666666666668,3.087431383333333,18,4,osrm
35,delivered,2025-07-03 08:21:36,2025-07-03 08:30:27.486625,2025-07-03 09:14:01.615124,2025-07-03 09:20:07.500,58.525,43.56880831666667,9,4,osrm
36,delivered,2025-07-03 08:21:43,2025-07-03 08:33:37.230425,2025-07-03 11:19:53.300000,2025-07-03 11:24:31.800,182.81333333333333,166.26782624999998,6,2,osrm
37,delivered,2025-07-03 08:21:58,2025-07-03 08:39:10.785687,2025-07-03 08:39:10.785687,2025-07-03 08:45:14.300,23.271666666666665,0.0,18,4,osrm
38,delivered,2025-07-03 08:21:13,2025-07-03 08:28:01.350560,2025-07-03 08:30:25.643032,2025-07-03 08:35:14.600,14.026666666666667,2.4048745333333335,27,2,osrm
39,delivered,2025-07-03 08:22:22,2025-07-03 08:33:43.008266,2025-07-03 09:08:13.067486,2025-07-03 09:11:34.000,49.2,34.500987,23,4,osrm
40,delivered,2025-07-03 08:22:21,2025-07-03 08:33:22.815181,2025-07-03 08:53:23.195085,2025-07-03 09:00:48.400,38.45666666666667,20.006331733333333,32,4,osrm
41,delivered,2025-07-03 08:23:01,2025-07-03 08:32:30.808723,2025-07-03 09:17:20.875213,2025-07-03 09:26:49.200,63.80333333333333,44.834441500000004,25,4,osrm
42,delivered,2025-07-03 08:23:59,2025-07-03 08:34:27.680906,2025-07-03 08:57:27.465570,2025-07-03 09:08:15.700,44.27833333333333,22.996411066666667,2,4,osrm
43,delivered,2025-07-03 08:23:43,2025-07-03 08:39:41.969157,2025-07-03 08:42:58.000000,2025-07-03 08:50:22.000,26.65,3.2671807166666667,3,3,osrm
44,delivered,2025-07-03 08:24:15,2025-07-03 08:36:20.760723,2025-07-03 08:56:09.860110,2025-07-03 09:04:24.500,40.15833333333333,19.818323116666665,12,4,osrm
45,delivered,2025-07-03 08:24:33,2025-07-03 08:32:53.741863,2025-07-03 08:55:45.476930,2025-07-03 08:58:28.100,33.91833333333333,22.862251116666666,36,4,osrm
46,delivered,2025-07-03 08:25:06,2025-07-03 08:36:53.949015,2025-07-03 08:48:48.348663,2025-07-03 08:52:20.300,27.238333333333333,11.9066608,17,4,osrm
47,delivered,2025-07-03 08:25:38,2025-07-03 08:35:30.168549,2025-07-03 08:39:10.785687,2025-07-03 08:45:14.300,19.605,3.6769523000000004,18,4,osrm
48,delivered,2025-07-03 08:26:12,2025-07-03 08:38:22.534039,2025-07-03 08:38:22.534039,2025-07-03 08:45:54.300,19.705,0.0,11,4,osrm
49,delivered,2025-07-03 08:26:02,2025-07-03 08:36:53.337460,2025-07-03 09:26:40.848631,2025-07-03 09:33:46.700,67.74499999999999,49.791852850000005,5,4,osrm
50,delivered,2025-07-03 08:27:19,2025-07-03 08:38:12.895893,2025-07-03 08:59:35.838061,2025-07-03 09:07:44.300,40.42166666666667,21.382369466666667,27,4,osrm
51,delivered,2025-07-03 08:27:23,2025-07-03 08:36:21.371372,2025-07-03 09:01:28.570799,2025-07-03 09:04:53.600,37.51,25.11999045,35,4,osrm
52,delivered,2025-07-03 08:28:17,2025-07-03 08:37:02.235961,2025-07-03 10:53:25.100000,2025-07-03 11:01:45.400,153.47333333333333,136.38106731666667,20,4,osrm
53,delivered,2025-07-03 08:28:24,2025-07-03 08:41:17.753474,2025-07-03 09:45:12.619909,2025-07-03 09:47:27.700,79.06166666666667,63.91444058333333,5,2,osrm
54,delivered,2025-07-03 08:29:24,2025-07-03 08:39:13.257095,2025-07-03 09:17:39.997383,2025-07-03 09:24:39.200,55.25333333333333,38.44567146666667,35,4,osrm
55,delivered,2025-07-03 08:29:26,2025-07-03 08:39:29.312037,2025-07-03 09:01:28.570799,2025-07-03 08:58:27.100,29.01833333333333,21.98764603333333,22,4,osrm
56,delivered,2025-07-03 08:29:53,2025-07-03 08:42:08.269076,2025-07-03 08:55:53.668000,2025-07-03 08:59:46.800,29.896666666666665,13.756648733333332,31,4,osrm
57,delivered,2025-07-03 08:29:45,2025-07-03 08:43:23.810793,2025-07-03 08:54:43.146663,2025-07-03 08:58:49.600,29.076666666666664,11.3222645,37,4,osrm
58,delivered,2025-07-03 08:31:37,2025-07-03 08:44:54.136611,2025-07-03 09:08:13.067486,2025-07-03 09:11:34.000,39.95,23.315514583333332,23,4,osrm
59,delivered,2025-07-03 08:32:30,2025-07-03 08:39:33.027969,2025-07-03 08:57:27.465570,2025-07-03 09:08:15.700,35.76166666666666,17.90729335,2,4,osrm
60,delivered,2025-07-03 08:32:16,2025-07-03 08:48:02.120703,2025-07-03 08:55:48.856598,2025-07-03 09:01:52.200,29.603333333333335,7.778931583333334,13,4,osrm
61,delivered,2025-07-03 08:32:58,2025-07-03 08:43:49.056690,2025-07-03 09:00:51.342858,2025-07-03 09:06:10.000,33.2,17.0381028,7,3,osrm
62,delivered,2025-07-03 08:33:49,2025-07-03 08:46:33.388135,2025-07-03 09:15:49.224337,2025-07-03 09:26:35.300,52.77166666666667,29.2639367,38,4,osrm
63,delivered,2025-07-03 08:33:39,2025-07-03 08:49:18.847445,2025-07-03 09:18:25.256022,2025-07-03 09:20:31.600,46.876666666666665,29.106809616666666,15,4,osrm
64,delivered,2025-07-03 08:33:43,2025-07-03 08:44:09.265429,2025-07-03 08:57:27.465570,2025-07-03 09:08:15.700,34.544999999999995,13.303335683333334,2,4,osrm
65,delivered,2025-07-03 08:33:25,2025-07-03 08:43:56.401286,2025-07-03 09:18:15.369732,2025-07-03 09:22:07.400,48.70666666666667,34.31614076666666,32,4,osrm
66,delivered,2025-07-03 08:33:45,2025-07-03 08:42:54.244205,2025-07-03 09:08:28.500000,2025-07-03 09:16:12.000,42.45,25.570929916666667,21,4,osrm
67,delivered,2025-07-03 08:34:47,2025-07-03 08:48:48.348663,2025-07-03 08:48:48.348663,2025-07-03 08:52:20.300,17.555,0.0,17,4,osrm
68,delivered,2025-07-03 08:34:14,2025-07-03 08:44:23.534303,2025-07-03 09:24:58.854389,2025-07-03 09:32:15.800,58.03,40.5886681,3,4,osrm
69,delivered,2025-07-03 08:34:50,2025-07-03 08:46:33.067540,2025-07-03 08:55:45.476930,2025-07-03 08:58:28.100,23.634999999999998,9.206823166666668,36,4,osrm
70,delivered,2025-07-03 08:34:03,2025-07-03 08:45:09.369252,2025-07-03 09:06:57.897066,2025-07-03 09:13:28.900,39.431666666666665,21.8087969,33,4,osrm
71,delivered,2025-07-03 08:34:38,2025-07-03 08:52:08.437127,2025-07-03 09:25:42.224190,2025-07-03 09:32:56.000,58.3,33.56311771666667,34,4,osrm
72,delivered,2025-07-03 08:35:16,2025-07-03 08:43:37.490428,2025-07-03 09:00:51.342858,2025-07-03 09:06:10.000,30.9,17.23087383333333,7,3,osrm
73,delivered,2025-07-03 08:38:12,2025-07-03 08:49:40.208598,2025-07-03 08:54:25.048156,2025-07-03 09:00:45.800,22.563333333333333,4.747325966666667,5,4,osrm
74,delivered,2025-07-03 08:38:25,2025-07-03 08:48:30.387331,2025-07-03 08:53:08.779236,2025-07-03 08:59:13.100,20.801666666666666,4.6398650833333335,24,3,osrm
75,delivered,2025-07-03 08:39:25,2025-07-03 08:47:01.604951,2025-07-03 09:26:56.932885,2025-07-03 09:34:51.000,55.43333333333333,39.92213223333333,33,4,osrm
76,delivered,2025-07-03 08:39:17,2025-07-03 08:53:14.697992,2025-07-03 08:54:43.146663,2025-07-03 08:58:49.600,19.543333333333333,1.4741445166666667,37,4,osrm
77,delivered,2025-07-03 08:39:05,2025-07-03 08:53:10.643327,2025-07-03 11:20:34.300000,2025-07-03 11:25:22.900,166.29833333333332,147.39427788333333,24,2,osrm
78,delivered,2025-07-03 08:39:59,2025-07-03 08:55:46.917040,2025-07-03 09:17:20.875213,2025-07-03 09:26:49.200,46.836666666666666,21.56596955,25,4,osrm
79,delivered,2025-07-03 08:40:50,2025-07-03 08:53:05.930712,2025-07-03 08:58:55.199732,2025-07-03 09:11:32.600,30.709999999999997,5.821150333333334,34,4,osrm
80,delivered,2025-07-03 08:40:56,2025-07-03 08:54:30.686754,2025-07-03 09:06:57.897066,2025-07-03 09:13:28.900,32.54833333333333,12.4535052,33,4,osrm
81,delivered,2025-07-03 08:40:18,2025-07-03 08:50:22.559007,2025-07-03 11:20:34.300000,2025-07-03 11:25:22.900,165.08166666666665,150.19568321666665,24,2,osrm
82,delivered,2025-07-03 08:41:32,2025-07-03 08:53:23.195085,2025-07-03 09:17:31.876496,2025-07-03 09:22:12.500,40.675,24.144690183333335,14,4,osrm
83,delivered,2025-07-03 08:41:55,2025-07-03 08:53:08.779236,2025-07-03 08:53:08.779236,2025-07-03 08:59:13.100,17.301666666666666,0.0,24,3,osrm
84,delivered,2025-07-03 08:41:57,2025-07-03 08:54:25.048156,2025-07-03 08:56:09.860110,2025-07-03 09:04:24.500,22.458333333333332,1.7468659,12,4,osrm
85,delivered,2025-07-03 08:41:43,2025-07-03 08:49:37.522215,2025-07-03 09:30:35.232578,2025-07-03 09:38:50.100,57.11833333333333,40.961839383333334,2,4,osrm
86,delivered,2025-07-03 08:41:11,2025-07-03 08:56:59.450409,2025-07-03 09:37:30.487162,2025-07-03 09:40:39.500,59.475,40.517279216666665,32,3,osrm
87,delivered,2025-07-03 08:41:00,2025-07-03 08:47:15.923452,2025-07-03 08:56:09.860110,2025-07-03 09:04:24.500,23.408333333333335,8.8989443,12,4,osrm
88,delivered,2025-07-03 08:41:36,2025-07-03 08:52:00.054439,2025-07-03 08:55:48.856598,2025-07-03 09:01:52.200,20.27,3.8133693166666665,13,4,osrm
89,delivered,2025-07-03 08:42:24,2025-07-03 08:55:53.668000,2025-07-03 08:55:53.668000,2025-07-03 08:59:46.800,17.38,0.0,31,4,osrm
90,delivered,2025-07-03 08:42:00,2025-07-03 08:56:09.860110,2025-07-03 08:56:09.860110,2025-07-03 09:04:24.500,22.408333333333335,0.0,12,4,osrm
91,delivered,2025-07-03 08:42:03,2025-07-03 08:52:23.421369,2025-07-03 09:18:15.369732,2025-07-03 09:22:07.400,40.07333333333334,25.86580605,32,4,osrm
92,delivered,2025-07-03 08:42:23,2025-07-03 08:55:48.677290,2025-07-03 09:29:30.141464,2025-07-03 09:39:01.000,56.63333333333333,33.69106956666666,29,4,osrm
93,delivered,2025-07-03 08:43:17,2025-07-03 08:54:18.012460,2025-07-03 08:57:16.944155,2025-07-03 09:02:55.600,19.64333333333333,2.9821949166666664,30,4,osrm
94,delivered,2025-07-03 08:43:25,2025-07-03 09:01:28.570799,2025-07-03 09:01:28.570799,2025-07-03 09:04:53.600,21.476666666666667,0.0,35,4,osrm
95,delivered,2025-07-03 08:43:55,2025-07-03 08:55:48.856598,2025-07-03 08:55:48.856598,2025-07-03 09:01:52.200,17.953333333333333,0.0,13,4,osrm
96,delivered,2025-07-03 08:43:36,2025-07-03 08:54:29.800068,2025-07-03 09:38:06.403858,2025-07-03 09:47:04.800,63.480000000000004,43.61006316666667,39,4,osrm
97,delivered,2025-07-03 08:43:56,2025-07-03 08:50:51.357617,2025-07-03 09:41:05.828122,2025-07-03 09:40:35.600,56.66,50.24117508333333,30,2,osrm
98,delivered,2025-07-03 08:43:20,2025-07-03 08:56:30.587718,2025-07-03 09:22:49.530175,2025-07-03 09:27:57.200,44.62,26.315707616666668,24,4,osrm
99,delivered,2025-07-03 08:43:05,2025-07-03 08:51:57.401418,2025-07-03 09:09:27.815711,2025-07-03 09:17:27.900,34.38166666666667,17.506904883333334,4,4,osrm
100,delivered,2025-07-03 08:44:59,2025-07-03 08:55:47.188730,2025-07-03 11:06:01.900000,2025-07-03 11:13:41.900,148.715,130.24518783333332,12,4,osrm
101,delivered,2025-07-03 08:44:00,2025-07-03 08:50:27.509256,2025-07-03 09:22:53.622906,2025-07-03 09:28:01.200,44.019999999999996,32.4352275,7,4,osrm
102,delivered,2025-07-03 08:44:39,2025-07-03 08:58:55.199732,2025-07-03 09:16:41.986861,2025-07-03 09:20:37.500,35.975,17.779785483333335,1,4,osrm
103,delivered,2025-07-03 08:44:52,2025-07-03 08:57:44.036440,2025-07-03 09:36:32.500242,2025-07-03 09:46:45.100,61.885,38.807730033333335,10,4,osrm
104,delivered,2025-07-03 08:45:27,2025-07-03 08:59:42.430675,2025-07-03 09:18:25.256022,2025-07-03 09:20:31.600,35.07666666666667,18.713755783333333,15,4,osrm
105,delivered,2025-07-03 08:45:45,2025-07-03 08:55:09.174211,2025-07-03 11:03:46.300000,2025-07-03 11:09:38.700,143.895,128.61876315,17,3,osrm
106,delivered,2025-07-03 08:45:24,2025-07-03 09:03:08.367070,2025-07-03 09:06:57.897066,2025-07-03 09:13:28.900,28.081666666666667,3.8254999333333335,33,4,osrm
107,delivered,2025-07-03 08:45:48,2025-07-03 09:00:36.056159,2025-07-03 09:39:46.317466,2025-07-03 09:48:04.600,62.276666666666664,39.17102178333334,7,4,osrm
108,delivered,2025-07-03 08:45:00,2025-07-03 09:00:14.010533,2025-07-03 09:17:39.997383,2025-07-03 09:24:39.200,39.65333333333333,17.433114166666666,35,4,osrm
109,delivered,2025-07-03 08:45:47,2025-07-03 08:55:41.341905,2025-07-03 09:22:49.530175,2025-07-03 09:27:57.200,42.169999999999995,27.13647116666667,24,4,osrm
110,delivered,2025-07-03 08:45:31,2025-07-03 08:54:18.900870,2025-07-03 09:17:31.876496,2025-07-03 09:22:12.500,36.69166666666667,23.216260433333332,14,4,osrm
111,delivered,2025-07-03 08:45:34,2025-07-03 08:54:43.146663,2025-07-03 08:54:43.146663,2025-07-03 08:58:49.600,13.26,0.0,37,4,osrm
112,delivered,2025-07-03 08:45:56,2025-07-03 08:57:27.465570,2025-07-03 08:57:27.465570,2025-07-03 09:08:15.700,22.328333333333333,0.0,2,4,osrm
113,delivered,2025-07-03 08:46:53,2025-07-03 08:59:12.817820,2025-07-03 11:12:48.200000,2025-07-03 11:20:26.500,153.55833333333334,133.589703,35,3,osrm
114,delivered,2025-07-03 08:46:33,2025-07-03 08:55:45.476930,2025-07-03 08:55:45.476930,2025-07-03 08:58:28.100,11.918333333333333,0.0,36,4,osrm
115,delivered,2025-07-03 08:47:08,2025-07-03 08:57:43.109729,2025-07-03 09:37:24.941247,2025-07-03 09:36:01.100,48.885,39.697191966666665,31,4,osrm
116,delivered,2025-07-03 08:47:00,2025-07-03 08:56:51.410871,2025-07-03 10:58:06.587612,2025-07-03 11:05:37.700,138.62833333333336,121.25294568333334,31,4,osrm
117,delivered,2025-07-03 08:47:35,2025-07-03 09:03:59.718969,2025-07-03 09:17:39.997383,2025-07-03 09:24:39.200,37.07,13.6713069,35,4,osrm
118,delivered,2025-07-03 08:48:04,2025-07-03 08:57:16.944155,2025-07-03 09:17:31.876496,2025-07-03 09:22:12.500,34.141666666666666,20.24887235,14,4,osrm
119,delivered,2025-07-03 08:48:16,2025-07-03 08:59:35.838061,2025-07-03 08:59:35.838061,2025-07-03 09:07:44.300,19.471666666666668,0.0,27,4,osrm
120,delivered,2025-07-03 08:49:38,2025-07-03 08:58:03.337164,2025-07-03 09:15:49.224337,2025-07-03 09:26:35.300,36.955000000000005,17.764786216666668,38,4,osrm
121,delivered,2025-07-03 08:49:19,2025-07-03 09:00:44.966750,2025-07-03 09:08:28.500000,2025-07-03 09:16:12.000,26.883333333333333,7.725554166666667,21,4,osrm
122,delivered,2025-07-03 08:50:47,2025-07-03 09:04:03.684921,2025-07-03 09:15:49.224337,2025-07-03 09:26:35.300,35.805,11.758990266666666,38,4,osrm
123,delivered,2025-07-03 08:50:42,2025-07-03 08:59:26.840499,2025-07-03 09:37:24.941247,2025-07-03 09:36:01.100,45.318333333333335,37.968345799999994,31,4,osrm
124,delivered,2025-07-03 08:50:06,2025-07-03 08:57:06.046705,2025-07-03 09:17:29.500923,2025-07-03 09:23:10.100,33.068333333333335,20.390903633333334,12,4,osrm
125,delivered,2025-07-03 08:50:03,2025-07-03 09:01:38.439358,2025-07-03 09:43:57.972370,2025-07-03 09:56:49.700,66.77833333333334,42.325550199999995,6,4,osrm
126,delivered,2025-07-03 08:51:41,2025-07-03 09:04:02.538556,2025-07-03 09:30:35.232578,2025-07-03 09:38:50.100,47.151666666666664,26.544900366666663,2,4,osrm
127,delivered,2025-07-03 08:51:35,2025-07-03 09:05:59.806275,2025-07-03 09:16:41.986861,2025-07-03 09:20:37.500,29.041666666666668,10.703009766666666,1,4,osrm
128,delivered,2025-07-03 08:52:44,2025-07-03 09:05:09.429979,2025-07-03 09:42:47.863622,2025-07-03 09:46:52.700,54.144999999999996,37.64056071666666,20,3,osrm
129,delivered,2025-07-03 08:53:56,2025-07-03 09:08:13.067486,2025-07-03 09:08:13.067486,2025-07-03 09:11:34.000,17.633333333333333,0.0,23,4,osrm
130,delivered,2025-07-03 08:54:16,2025-07-03 09:09:27.815711,2025-07-03 09:31:04.352873,2025-07-03 09:37:02.600,42.776666666666664,21.6089527,11,4,osrm
131,delivered,2025-07-03 08:54:19,2025-07-03 09:03:25.415437,2025-07-03 09:22:53.622906,2025-07-03 09:28:01.200,33.70333333333333,19.470124483333333,7,4,osrm
132,delivered,2025-07-03 08:54:45,2025-07-03 09:07:03.213185,2025-07-03 10:39:05.700000,2025-07-03 10:44:40.200,109.92,92.04144691666667,13,4,osrm
133,delivered,2025-07-03 08:55:06,2025-07-03 09:00:51.342858,2025-07-03 09:00:51.342858,2025-07-03 09:06:10.000,11.066666666666666,0.0,7,3,osrm
134,delivered,2025-07-03 08:56:51,2025-07-03 09:05:11.321719,2025-07-03 09:31:41.191087,2025-07-03 09:39:13.300,42.37166666666667,26.497822799999998,21,4,osrm
135,delivered,2025-07-03 08:56:23,2025-07-03 09:07:14.630733,2025-07-03 09:33:42.562341,2025-07-03 09:36:11.800,39.81333333333334,26.465526800000003,9,4,osrm
136,delivered,2025-07-03 08:56:57,2025-07-03 09:10:42.459260,2025-07-03 09:59:25.885288,2025-07-03 10:08:33.100,71.60166666666667,48.72376713333333,20,4,osrm
137,delivered,2025-07-03 08:57:44,2025-07-03 09:08:57.306555,2025-07-03 09:37:30.487162,2025-07-03 09:40:39.500,42.925,28.553010116666666,32,3,osrm
138,delivered,2025-07-03 08:57:40,2025-07-03 09:08:39.665302,2025-07-03 09:55:38.307992,2025-07-03 10:06:52.000,69.2,46.97737816666667,15,4,osrm
139,delivered,2025-07-03 08:58:25,2025-07-03 09:06:42.789434,2025-07-03 09:30:39.118631,2025-07-03 09:36:46.100,38.35166666666667,23.93881995,17,4,osrm
140,delivered,2025-07-03 08:58:11,2025-07-03 09:06:57.897066,2025-07-03 09:06:57.897066,2025-07-03 09:13:28.900,15.298333333333334,0.0,33,4,osrm
141,delivered,2025-07-03 08:58:02,2025-07-03 09:08:57.606537,2025-07-03 09:08:57.606537,2025-07-03 09:15:25.100,17.384999999999998,0.0,16,3,osrm
142,delivered,2025-07-03 08:59:47,2025-07-03 09:11:27.543160,2025-07-03 11:00:56.100000,2025-07-03 11:04:52.800,125.09666666666666,109.47594733333334,38,2,osrm
143,delivered,2025-07-03 09:00:23,2025-07-03 09:18:25.256022,2025-07-03 09:26:40.848631,2025-07-03 09:33:46.700,33.395,8.259876816666667,5,4,osrm
144,delivered,2025-07-03 09:00:42,2025-07-03 09:07:17.487337,2025-07-03 09:55:38.307992,2025-07-03 10:06:52.000,66.16666666666667,48.34701091666667,15,4,osrm
145,delivered,2025-07-03 09:00:25,2025-07-03 09:14:01.615124,2025-07-03 09:14:01.615124,2025-07-03 09:20:07.500,19.708333333333332,0.0,9,4,osrm
146,delivered,2025-07-03 09:01:40,2025-07-03 09:13:52.230036,2025-07-03 09:17:20.875213,2025-07-03 09:26:49.200,25.153333333333332,3.4774196166666664,25,4,osrm
147,delivered,2025-07-03 09:01:59,2025-07-03 09:18:15.369732,2025-07-03 09:18:15.369732,2025-07-03 09:22:07.400,20.14,0.0,32,4,osrm
148,delivered,2025-07-03 09:02:17,2025-07-03 09:17:31.876496,2025-07-03 09:17:31.876496,2025-07-03 09:22:12.500,19.925,0.0,14,4,osrm
149,delivered,2025-07-03 09:02:19,2025-07-03 09:16:04.974989,2025-07-03 09:22:53.622906,2025-07-03 09:28:01.200,25.703333333333333,6.810798616666667,7,4,osrm
150,delivered,2025-07-03 09:02:58,2025-07-03 09:13:02.333892,2025-07-03 09:13:02.333892,2025-07-03 09:15:18.000,12.333333333333334,0.0,28,3,osrm
151,delivered,2025-07-03 09:03:38,2025-07-03 09:18:03.575786,2025-07-03 09:18:25.256022,2025-07-03 09:20:31.600,16.893333333333334,0.36133726666666666,15,4,osrm
152,delivered,2025-07-03 09:03:45,2025-07-03 09:17:29.500923,2025-07-03 09:17:29.500923,2025-07-03 09:23:10.100,19.418333333333333,0.0,12,4,osrm
153,delivered,2025-07-03 09:03:28,2025-07-03 09:20:29.526089,2025-07-03 09:42:47.863622,2025-07-03 09:46:52.700,43.41166666666666,22.30562555,20,3,osrm
154,delivered,2025-07-03 09:04:11,2025-07-03 09:22:53.622906,2025-07-03 09:22:53.622906,2025-07-03 09:28:01.200,23.836666666666666,0.0,7,4,osrm
155,delivered,2025-07-03 09:04:47,2025-07-03 09:17:20.875213,2025-07-03 09:17:20.875213,2025-07-03 09:26:49.200,22.03666666666667,0.0,25,4,osrm
156,delivered,2025-07-03 09:04:11,2025-07-03 09:18:43.650149,2025-07-03 09:37:53.889204,2025-07-03 09:40:31.000,36.333333333333336,19.170650916666666,13,4,osrm
157,delivered,2025-07-03 09:04:44,2025-07-03 09:16:26.838421,2025-07-03 09:24:58.854389,2025-07-03 09:34:03.300,29.321666666666665,8.533599466666667,28,4,osrm
158,delivered,2025-07-03 09:04:38,2025-07-03 09:17:12.926727,2025-07-03 10:06:39.306751,2025-07-03 10:04:37.400,59.99,49.439667066666665,24,4,osrm
159,delivered,2025-07-03 09:05:57,2025-07-03 09:24:31.416266,2025-07-03 10:10:16.099978,2025-07-03 10:15:31.700,69.57833333333333,45.74472853333334,23,4,osrm
160,delivered,2025-07-03 09:05:46,2025-07-03 09:16:16.199518,2025-07-03 09:25:42.224190,2025-07-03 09:32:56.000,27.166666666666668,9.433744533333334,34,4,osrm
161,delivered,2025-07-03 09:05:45,2025-07-03 09:16:49.882506,2025-07-03 09:59:31.100000,2025-07-03 10:07:02.300,61.288333333333334,42.686958233333335,10,4,osrm
162,delivered,2025-07-03 09:06:09,2025-07-03 09:18:10.451138,2025-07-03 09:40:29.734617,2025-07-03 09:49:44.100,43.585,22.321391316666666,19,4,osrm
163,delivered,2025-07-03 09:06:21,2025-07-03 09:22:25.829091,2025-07-03 09:39:40.132388,2025-07-03 09:48:02.700,41.695,17.238388283333332,26,3,osrm
164,delivered,2025-07-03 09:06:02,2025-07-03 09:13:11.104774,2025-07-03 09:40:05.337615,2025-07-03 09:44:57.200,38.919999999999995,26.903880683333334,1,4,osrm
165,delivered,2025-07-03 09:07:30,2025-07-03 09:16:25.265856,2025-07-03 09:18:15.369732,2025-07-03 09:22:07.400,14.623333333333333,1.8350646,32,4,osrm
166,delivered,2025-07-03 09:07:54,2025-07-03 09:23:16.240875,2025-07-03 09:58:54.656705,2025-07-03 09:59:49.200,51.919999999999995,35.64026383333333,30,4,osrm
167,delivered,2025-07-03 09:07:05,2025-07-03 09:13:58.151668,2025-07-03 09:37:53.889204,2025-07-03 09:40:31.000,33.43333333333333,23.928958933333334,13,4,osrm
168,delivered,2025-07-03 09:07:07,2025-07-03 09:16:41.986861,2025-07-03 09:31:41.191087,2025-07-03 09:39:13.300,32.105,14.9867371,21,4,osrm
169,delivered,2025-07-03 09:07:48,2025-07-03 09:17:39.997383,2025-07-03 09:17:39.997383,2025-07-03 09:24:39.200,16.853333333333335,0.0,35,4,osrm
170,delivered,2025-07-03 09:07:03,2025-07-03 09:23:29.108349,2025-07-03 09:52:22.417404,2025-07-03 09:51:12.700,44.16166666666666,28.888484249999998,23,4,osrm
171,delivered,2025-07-03 09:07:24,2025-07-03 09:17:49.600408,2025-07-03 09:39:46.317466,2025-07-03 09:48:04.600,40.67666666666666,21.9452843,7,4,osrm
172,delivered,2025-07-03 09:08:19,2025-07-03 09:17:52.210876,2025-07-03 09:17:52.210876,2025-07-03 09:18:58.000,10.65,0.0,20,4,osrm
173,delivered,2025-07-03 09:08:58,2025-07-03 09:17:15.799940,2025-07-03 09:37:53.889204,2025-07-03 09:40:31.000,31.55,20.634821066666667,13,4,osrm
174,delivered,2025-07-03 09:08:52,2025-07-03 09:16:31.254434,2025-07-03 09:42:05.745664,2025-07-03 09:47:06.000,38.233333333333334,25.574853833333336,27,4,osrm
175,delivered,2025-07-03 09:08:12,2025-07-03 09:15:49.224337,2025-07-03 09:36:32.500242,2025-07-03 09:46:45.100,38.55166666666666,20.721265083333332,10,4,osrm
176,delivered,2025-07-03 09:09:19,2025-07-03 09:21:28.204082,2025-07-03 09:43:52.725505,2025-07-03 09:46:46.700,37.461666666666666,22.408690383333333,24,4,osrm
177,delivered,2025-07-03 09:09:41,2025-07-03 09:20:57.769847,2025-07-03 09:40:29.734617,2025-07-03 09:49:44.100,40.05166666666666,19.532746166666666,19,4,osrm
178,delivered,2025-07-03 09:09:37,2025-07-03 09:23:02.378095,2025-07-03 09:53:41.609885,2025-07-03 09:57:46.800,48.163333333333334,30.653863166666667,21,4,osrm
179,delivered,2025-07-03 09:09:26,2025-07-03 09:19:00.774364,2025-07-03 09:45:16.069043,2025-07-03 09:42:19.900,32.89833333333333,26.254911316666668,15,4,osrm
180,delivered,2025-07-03 09:09:10,2025-07-03 09:24:58.854389,2025-07-03 09:36:32.500242,2025-07-03 09:46:45.100,37.585,11.560764216666666,10,4,osrm
181,delivered,2025-07-03 09:09:56,2025-07-03 09:18:53.409033,2025-07-03 09:19:22.600000,2025-07-03 09:25:06.700,15.178333333333335,0.48651611666666666,6,4,osrm
182,delivered,2025-07-03 09:10:07,2025-07-03 09:26:56.932885,2025-07-03 09:26:56.932885,2025-07-03 09:34:51.000,24.733333333333334,0.0,33,4,osrm
183,delivered,2025-07-03 09:10:48,2025-07-03 09:21:28.472444,2025-07-03 09:22:49.530175,2025-07-03 09:27:57.200,17.153333333333332,1.3509621833333334,24,4,osrm
184,delivered,2025-07-03 09:11:47,2025-07-03 09:23:40.589486,2025-07-03 09:49:10.627678,2025-07-03 09:54:55.300,43.138333333333335,25.50063653333333,33,4,osrm
185,delivered,2025-07-03 09:12:34,2025-07-03 09:18:31.617167,2025-07-03 09:45:16.069043,2025-07-03 09:46:15.300,33.68833333333333,26.740864600000002,38,4,osrm
186,delivered,2025-07-03 09:12:24,2025-07-03 09:29:30.141464,2025-07-03 09:29:30.141464,2025-07-03 09:39:01.000,26.616666666666667,0.0,29,4,osrm
187,delivered,2025-07-03 09:13:45,2025-07-03 09:20:53.096237,2025-07-03 11:00:56.100000,2025-07-03 11:04:52.800,111.13000000000001,100.05006271666666,38,2,osrm
188,delivered,2025-07-03 09:13:04,2025-07-03 09:24:08.521240,2025-07-03 10:01:07.457460,2025-07-03 10:05:10.700,52.111666666666665,36.98227033333333,36,4,osrm
189,delivered,2025-07-03 09:13:34,2025-07-03 09:22:09.673918,2025-07-03 09:25:42.224190,2025-07-03 09:32:56.000,19.366666666666667,3.5425045333333336,34,4,osrm
190,delivered,2025-07-03 09:13:08,2025-07-03 09:22:49.530175,2025-07-03 09:22:49.530175,2025-07-03 09:27:57.200,14.82,0.0,24,4,osrm
191,delivered,2025-07-03 09:13:48,2025-07-03 09:28:43.647099,2025-07-03 09:52:22.417404,2025-07-03 09:57:33.900,43.765,23.64617175,17,4,osrm
192,delivered,2025-07-03 09:13:43,2025-07-03 09:28:19.351140,2025-07-03 10:19:10.700000,2025-07-03 10:26:51.600,73.14333333333335,50.855814333333335,31,4,osrm
193,delivered,2025-07-03 09:13:35,2025-07-03 09:26:31.026492,2025-07-03 09:37:24.941247,2025-07-03 09:36:01.100,22.435,10.898579250000001,31,4,osrm
194,delivered,2025-07-03 09:14:18,2025-07-03 09:25:42.224190,2025-07-03 09:25:42.224190,2025-07-03 09:32:56.000,18.633333333333333,0.0,34,4,osrm
195,delivered,2025-07-03 09:14:30,2025-07-03 09:26:40.848631,2025-07-03 09:40:05.337615,2025-07-03 09:44:57.200,30.453333333333333,13.408149733333333,1,4,osrm
196,delivered,2025-07-03 09:14:25,2025-07-03 09:20:46.367443,2025-07-03 10:10:29.375867,2025-07-03 10:23:36.500,69.19166666666666,49.71680706666667,29,4,osrm
197,delivered,2025-07-03 09:15:38,2025-07-03 09:28:25.715558,2025-07-03 10:07:22.887734,2025-07-03 10:16:21.500,60.725,38.9528696,22,4,osrm
198,delivered,2025-07-03 09:16:53,2025-07-03 09:28:35.549190,2025-07-03 10:19:47.200000,2025-07-03 10:29:21.400,72.47333333333333,51.19418016666667,3,4,osrm
199,delivered,2025-07-03 09:17:56,2025-07-03 09:29:32.913221,2025-07-03 09:43:52.725505,2025-07-03 09:46:46.700,28.845000000000002,14.330204733333334,24,4,osrm
200,delivered,2025-07-03 09:17:34,2025-07-03 09:31:04.352873,2025-07-03 09:31:04.352873,2025-07-03 09:37:02.600,19.476666666666667,0.0,11,4,osrm
201,delivered,2025-07-03 09:18:24,2025-07-03 09:31:14.463695,2025-07-03 09:34:54.383665,2025-07-03 09:42:18.800,23.913333333333334,3.6653328333333333,36,4,osrm
202,delivered,2025-07-03 09:18:37,2025-07-03 09:27:03.383321,2025-07-03 09:29:30.141464,2025-07-03 09:39:01.000,20.4,2.44596905,29,4,osrm
203,delivered,2025-07-03 09:18:45,2025-07-03 09:28:19.149169,2025-07-03 10:20:54.374057,2025-07-03 10:29:38.800,70.89666666666668,52.58708146666667,25,4,osrm
204,delivered,2025-07-03 09:19:59,2025-07-03 09:30:39.118631,2025-07-03 09:30:39.118631,2025-07-03 09:36:46.100,16.785,0.0,17,4,osrm
205,delivered,2025-07-03 09:19:49,2025-07-03 09:28:15.339970,2025-07-03 10:38:31.700000,2025-07-03 10:42:18.100,82.485,70.27266716666666,20,1,osrm
206,delivered,2025-07-03 09:20:48,2025-07-03 09:30:35.232578,2025-07-03 09:30:35.232578,2025-07-03 09:38:50.100,18.035,0.0,2,4,osrm
207,delivered,2025-07-03 09:20:48,2025-07-03 09:33:33.804746,2025-07-03 10:19:47.200000,2025-07-03 10:29:21.400,68.55666666666666,46.223254233333336,3,4,osrm
208,delivered,2025-07-03 09:20:34,2025-07-03 09:31:18.731326,2025-07-03 09:56:43.630430,2025-07-03 09:58:21.800,37.79666666666667,25.414985066666667,29,4,osrm
209,delivered,2025-07-03 09:20:44,2025-07-03 09:34:54.383665,2025-07-03 09:39:46.317466,2025-07-03 09:48:04.600,27.34333333333333,4.86556335,7,4,osrm
210,delivered,2025-07-03 09:20:14,2025-07-03 09:33:28.591359,2025-07-03 10:07:22.887734,2025-07-03 10:16:21.500,56.125,33.90493958333333,22,4,osrm
211,delivered,2025-07-03 09:21:41,2025-07-03 09:31:41.191087,2025-07-03 09:42:05.745664,2025-07-03 09:47:06.000,25.416666666666668,10.40924295,27,4,osrm
212,delivered,2025-07-03 09:21:41,2025-07-03 09:39:45.807890,2025-07-03 10:53:25.100000,2025-07-03 11:01:45.400,100.07333333333332,73.6548685,20,4,osrm
213,delivered,2025-07-03 09:23:29,2025-07-03 09:35:41.738115,2025-07-03 10:58:06.587612,2025-07-03 11:05:37.700,102.145,82.41415828333334,31,4,osrm
214,delivered,2025-07-03 09:23:39,2025-07-03 09:29:33.461430,2025-07-03 10:34:03.200000,2025-07-03 10:41:08.300,77.48833333333333,64.49564283333333,11,2,osrm
215,delivered,2025-07-03 09:23:57,2025-07-03 09:39:42.816578,2025-07-03 10:19:47.200000,2025-07-03 10:29:21.400,65.40666666666667,40.073057033333335,3,4,osrm
216,delivered,2025-07-03 09:23:12,2025-07-03 09:30:38.113695,2025-07-03 09:55:25.917747,2025-07-03 10:00:34.500,37.375,24.7967342,13,4,osrm
217,delivered,2025-07-03 09:24:18,2025-07-03 09:43:57.972370,2025-07-03 09:43:57.972370,2025-07-03 09:56:49.700,32.528333333333336,0.0,6,4,osrm
218,delivered,2025-07-03 09:24:44,2025-07-03 09:37:24.941247,2025-07-03 09:37:24.941247,2025-07-03 09:36:01.100,11.285,0.0,31,4,osrm
219,delivered,2025-07-03 09:24:49,2025-07-03 09:33:08.883506,2025-07-03 09:45:16.069043,2025-07-03 09:46:15.300,21.438333333333333,12.11975895,38,4,osrm
220,delivered,2025-07-03 09:25:57,2025-07-03 09:36:58.298713,2025-07-03 09:50:20.777596,2025-07-03 09:54:54.600,28.959999999999997,13.37464805,22,4,osrm
221,delivered,2025-07-03 09:25:31,2025-07-03 09:41:43.012290,2025-07-03 09:53:41.609885,2025-07-03 09:57:46.800,32.263333333333335,11.976626583333333,21,4,osrm
222,delivered,2025-07-03 09:25:04,2025-07-03 09:33:42.562341,2025-07-03 09:50:20.777596,2025-07-03 09:54:45.500,29.691666666666666,16.636920916666664,16,4,osrm
223,delivered,2025-07-03 09:25:39,2025-07-03 09:37:30.487162,2025-07-03 09:37:30.487162,2025-07-03 09:40:39.500,15.008333333333333,0.0,32,3,osrm
224,delivered,2025-07-03 09:25:44,2025-07-03 09:42:54.100360,2025-07-03 10:22:12.889561,2025-07-03 10:23:54.100,58.16833333333333,39.31315335,11,4,osrm
225,delivered,2025-07-03 09:26:56,2025-07-03 09:38:40.929464,2025-07-03 09:55:25.917747,2025-07-03 10:00:34.500,33.641666666666666,16.749804716666667,13,4,osrm
226,delivered,2025-07-03 09:26:09,2025-07-03 09:37:53.889204,2025-07-03 09:37:53.889204,2025-07-03 09:40:31.000,14.366666666666667,0.0,13,4,osrm
227,delivered,2025-07-03 09:26:17,2025-07-03 09:36:32.500242,2025-07-03 09:43:57.972370,2025-07-03 09:56:49.700,30.545,7.424535466666667,6,4,osrm
228,delivered,2025-07-03 09:26:54,2025-07-03 09:35:38.904914,2025-07-03 10:14:46.200000,2025-07-03 10:22:27.900,55.565000000000005,39.121584766666665,35,4,osrm
229,delivered,2025-07-03 09:27:06,2025-07-03 09:35:14.154793,2025-07-03 09:40:05.337615,2025-07-03 09:44:57.200,17.853333333333335,4.8530470333333335,1,4,osrm
230,delivered,2025-07-03 09:27:43,2025-07-03 09:39:40.132388,2025-07-03 09:39:40.132388,2025-07-03 09:48:02.700,20.328333333333333,0.0,26,3,osrm
231,delivered,2025-07-03 09:27:28,2025-07-03 09:41:05.828122,2025-07-03 09:41:05.828122,2025-07-03 09:40:35.600,13.126666666666667,0.0,30,2,osrm
232,delivered,2025-07-03 09:27:08,2025-07-03 09:41:34.956429,2025-07-03 09:41:34.956429,2025-07-03 09:42:44.900,15.615,0.0,12,4,osrm
233,delivered,2025-07-03 09:28:28,2025-07-03 09:38:06.403858,2025-07-03 09:38:06.403858,2025-07-03 09:47:04.800,18.613333333333333,0.0,39,4,osrm
234,delivered,2025-07-03 09:28:21,2025-07-03 09:38:40.131683,2025-07-03 10:08:42.500000,2025-07-03 10:14:35.900,46.248333333333335,30.03947195,4,4,osrm
235,delivered,2025-07-03 09:28:18,2025-07-03 09:40:29.734617,2025-07-03 09:49:10.627678,2025-07-03 09:54:55.300,26.621666666666666,8.681551016666667,33,4,osrm
236,delivered,2025-07-03 09:28:13,2025-07-03 09:37:30.360123,2025-07-03 11:19:53.300000,2025-07-03 11:24:31.800,116.31333333333333,102.38233128333333,6,2,osrm
237,delivered,2025-07-03 09:28:13,2025-07-03 09:35:10.362513,2025-07-03 09:58:44.200000,2025-07-03 10:06:00.000,37.78333333333333,23.563958116666665,19,4,osrm
238,delivered,2025-07-03 09:28:17,2025-07-03 09:41:58.714855,2025-07-03 09:43:57.972370,2025-07-03 09:56:49.700,28.545,1.98762525,6,4,osrm
239,delivered,2025-07-03 09:28:53,2025-07-03 09:39:36.642949,2025-07-03 10:20:54.374057,2025-07-03 10:29:38.800,60.763333333333335,41.295518466666664,25,4,osrm
240,delivered,2025-07-03 09:29:02,2025-07-03 09:41:31.966510,2025-07-03 10:20:54.374057,2025-07-03 10:29:38.800,60.61333333333334,39.373459116666666,25,4,osrm
241,delivered,2025-07-03 09:29:52,2025-07-03 09:44:12.183500,2025-07-03 09:59:25.885288,2025-07-03 10:08:33.100,38.684999999999995,15.228363133333334,20,4,osrm
242,delivered,2025-07-03 09:29:23,2025-07-03 09:42:55.457849,2025-07-03 09:58:44.200000,2025-07-03 10:06:00.000,36.61666666666667,15.812369183333335,19,4,osrm
243,delivered,2025-07-03 09:30:16,2025-07-03 09:43:52.725505,2025-07-03 09:49:10.627678,2025-07-03 09:54:55.300,24.654999999999998,5.29836955,33,4,osrm
244,delivered,2025-07-03 09:30:22,2025-07-03 09:45:16.069043,2025-07-03 09:45:16.069043,2025-07-03 09:46:15.300,15.888333333333332,0.0,38,4,osrm
245,delivered,2025-07-03 09:30:18,2025-07-03 09:40:05.337615,2025-07-03 09:57:45.416669,2025-07-03 09:58:02.200,27.736666666666668,17.667984233333335,31,4,osrm
246,delivered,2025-07-03 09:31:09,2025-07-03 09:47:53.723060,2025-07-03 10:08:42.500000,2025-07-03 10:14:35.900,43.44833333333334,20.812949,4,4,osrm
247,delivered,2025-07-03 09:31:22,2025-07-03 09:39:46.317466,2025-07-03 10:01:39.210582,2025-07-03 10:07:49.800,36.46333333333334,21.881551933333334,37,4,osrm
248,delivered,2025-07-03 09:32:59,2025-07-03 09:42:05.745664,2025-07-03 09:50:20.777596,2025-07-03 09:54:54.600,21.926666666666666,8.2505322,22,4,osrm
249,delivered,2025-07-03 09:32:31,2025-07-03 09:40:32.820001,2025-07-03 09:55:38.307992,2025-07-03 10:06:52.000,34.35,15.091466516666665,15,4,osrm
250,delivered,2025-07-03 09:32:25,2025-07-03 09:50:55.136024,2025-07-03 10:39:31.700000,2025-07-03 10:45:51.700,73.445,48.609399599999996,15,2,osrm
251,delivered,2025-07-03 09:32:31,2025-07-03 09:44:46.839760,2025-07-03 10:22:42.037921,2025-07-03 10:32:19.300,59.805,37.919969349999995,26,4,osrm
252,delivered,2025-07-03 09:32:06,2025-07-03 09:46:06.763444,2025-07-03 09:58:54.656705,2025-07-03 09:59:49.200,27.720000000000002,12.798221016666668,30,4,osrm
253,delivered,2025-07-03 09:32:29,2025-07-03 09:49:41.887992,2025-07-03 10:32:40.500000,2025-07-03 10:42:35.100,70.10166666666667,42.9768668,36,4,osrm
254,delivered,2025-07-03 09:33:39,2025-07-03 09:45:12.619909,2025-07-03 09:45:12.619909,2025-07-03 09:47:27.700,13.811666666666667,0.0,5,2,osrm
255,delivered,2025-07-03 09:33:48,2025-07-03 09:45:01.876203,2025-07-03 10:08:42.500000,2025-07-03 10:14:35.900,40.79833333333333,23.677063283333332,4,4,osrm
256,delivered,2025-07-03 09:33:18,2025-07-03 09:39:00.692211,2025-07-03 09:59:54.400000,2025-07-03 10:08:42.700,35.41166666666666,20.895129816666667,38,4,osrm
257,delivered,2025-07-03 09:34:11,2025-07-03 09:42:47.863622,2025-07-03 09:42:47.863622,2025-07-03 09:46:52.700,12.695,0.0,20,3,osrm
258,delivered,2025-07-03 09:34:30,2025-07-03 09:50:46.750342,2025-07-03 09:55:25.917747,2025-07-03 10:00:34.500,26.075,4.652790083333333,13,4,osrm
259,delivered,2025-07-03 09:34:24,2025-07-03 09:45:32.165050,2025-07-03 11:12:48.200000,2025-07-03 11:20:26.500,106.04166666666667,87.26724916666667,35,3,osrm
260,delivered,2025-07-03 09:34:37,2025-07-03 09:48:23.231586,2025-07-03 09:50:20.777596,2025-07-03 09:46:29.000,11.866666666666667,1.9591001666666665,25,4,osrm
261,delivered,2025-07-03 09:35:12,2025-07-03 09:50:20.777596,2025-07-03 09:58:54.656705,2025-07-03 09:59:49.200,24.62,8.564651816666666,30,4,osrm
262,delivered,2025-07-03 09:35:13,2025-07-03 09:52:22.417404,2025-07-03 10:06:39.306751,2025-07-03 10:04:37.400,29.40666666666667,14.281489116666668,24,4,osrm
263,delivered,2025-07-03 09:35:19,2025-07-03 09:43:10.847524,2025-07-03 10:10:16.099978,2025-07-03 10:20:24.600,45.093333333333334,27.0875409,17,4,osrm
264,delivered,2025-07-03 09:37:40,2025-07-03 09:44:35.116818,2025-07-03 09:45:16.069043,2025-07-03 09:49:59.800,12.33,0.6825370833333333,28,4,osrm
265,delivered,2025-07-03 09:37:55,2025-07-03 09:53:18.514514,2025-07-03 09:59:54.400000,2025-07-03 10:08:42.700,30.795,6.598091433333334,38,4,osrm
266,delivered,2025-07-03 09:37:43,2025-07-03 09:55:22.985888,2025-07-03 10:19:10.700000,2025-07-03 10:26:51.600,49.14333333333333,23.795235199999997,31,4,osrm
267,delivered,2025-07-03 09:37:33,2025-07-03 09:56:43.630430,2025-07-03 09:56:43.630430,2025-07-03 09:58:21.800,20.813333333333333,0.0,29,4,osrm
268,delivered,2025-07-03 09:37:04,2025-07-03 09:49:10.627678,2025-07-03 09:59:31.100000,2025-07-03 10:07:02.300,29.971666666666668,10.341205366666665,10,4,osrm
269,delivered,2025-07-03 09:38:28,2025-07-03 09:48:16.643959,2025-07-03 10:22:42.037921,2025-07-03 10:32:19.300,53.855000000000004,34.4232327,26,4,osrm
270,delivered,2025-07-03 09:39:53,2025-07-03 09:50:35.592112,2025-07-03 10:19:10.700000,2025-07-03 10:26:51.600,46.97666666666667,28.585131466666667,31,4,osrm
271,delivered,2025-07-03 09:39:12,2025-07-03 09:53:20.894562,2025-07-03 09:58:44.200000,2025-07-03 10:06:00.000,26.8,5.388423966666666,19,4,osrm
272,delivered,2025-07-03 09:41:15,2025-07-03 09:50:18.368293,2025-07-03 10:06:39.306751,2025-07-03 10:11:35.700,30.345000000000002,16.3489743,33,3,osrm
273,delivered,2025-07-03 09:42:55,2025-07-03 09:53:42.908769,2025-07-03 10:32:40.500000,2025-07-03 10:42:35.100,59.66833333333333,38.959853849999995,36,4,osrm
274,delivered,2025-07-03 09:42:24,2025-07-03 09:57:45.416669,2025-07-03 10:11:04.956609,2025-07-03 10:14:32.400,32.14,13.325665666666668,14,4,osrm
275,delivered,2025-07-03 09:42:55,2025-07-03 09:55:36.466111,2025-07-03 10:14:46.800000,2025-07-03 10:23:38.900,40.73166666666667,19.172231483333334,36,3,osrm
276,delivered,2025-07-03 09:42:34,2025-07-03 09:57:02.196330,2025-07-03 09:59:25.885288,2025-07-03 10:08:33.100,25.985,2.394815966666667,20,4,osrm
277,delivered,2025-07-03 09:43:12,2025-07-03 09:57:24.616452,2025-07-03 10:05:33.862463,2025-07-03 10:14:40.900,31.48166666666667,8.154100183333334,27,4,osrm
278,delivered,2025-07-03 09:43:14,2025-07-03 09:59:14.549035,2025-07-03 10:29:09.771087,2025-07-03 10:32:23.500,49.15833333333333,29.920367533333334,33,4,osrm
279,delivered,2025-07-03 09:43:28,2025-07-03 09:53:41.609885,2025-07-03 09:56:43.630430,2025-07-03 09:58:21.800,14.896666666666667,3.03367575,29,4,osrm
280,delivered,2025-07-03 09:43:38,2025-07-03 09:53:38.848278,2025-07-03 09:59:31.100000,2025-07-03 10:07:02.300,23.404999999999998,5.870862033333333,10,4,osrm
281,delivered,2025-07-03 09:44:24,2025-07-03 09:58:54.656705,2025-07-03 09:58:54.656705,2025-07-03 09:59:49.200,15.42,0.0,30,4,osrm
282,delivered,2025-07-03 09:44:02,2025-07-03 09:51:21.503467,2025-07-03 10:31:21.200000,2025-07-03 10:38:01.300,53.98833333333334,39.994942216666665,8,4,osrm
283,delivered,2025-07-03 09:44:45,2025-07-03 09:55:25.917747,2025-07-03 10:09:09.069053,2025-07-03 10:08:17.800,23.546666666666667,13.719188433333333,9,4,osrm
284,delivered,2025-07-03 09:44:54,2025-07-03 09:54:16.048045,2025-07-03 10:19:10.700000,2025-07-03 10:26:51.600,41.96,24.91086591666667,31,4,osrm
285,delivered,2025-07-03 09:45:44,2025-07-03 09:59:32.442754,2025-07-03 10:34:54.200000,2025-07-03 10:41:11.000,55.45,35.362620766666666,35,3,osrm
286,delivered,2025-07-03 09:46:34,2025-07-03 10:00:05.906886,2025-07-03 10:19:54.200000,2025-07-03 10:26:10.700,39.611666666666665,19.804885233333334,9,4,osrm
287,delivered,2025-07-03 09:47:12,2025-07-03 09:58:20.699527,2025-07-03 09:59:54.400000,2025-07-03 10:08:42.700,21.511666666666667,1.56167455,38,4,osrm
288,delivered,2025-07-03 09:47:58,2025-07-03 09:59:32.528957,2025-07-03 10:08:42.500000,2025-07-03 10:14:35.900,26.631666666666668,9.16618405,4,4,osrm
289,delivered,2025-07-03 09:47:27,2025-07-03 09:55:38.307992,2025-07-03 10:19:39.381583,2025-07-03 10:22:33.500,35.108333333333334,24.017893183333335,2,3,osrm
290,delivered,2025-07-03 09:47:30,2025-07-03 09:59:10.810488,2025-07-03 10:19:54.200000,2025-07-03 10:26:10.700,38.67833333333333,20.723158533333333,9,4,osrm
291,delivered,2025-07-03 09:47:28,2025-07-03 09:58:19.096267,2025-07-03 10:10:29.375867,2025-07-03 10:23:36.500,36.141666666666666,12.171326666666666,29,4,osrm
292,delivered,2025-07-03 09:48:43,2025-07-03 10:01:39.210582,2025-07-03 10:14:46.800000,2025-07-03 10:23:38.900,34.931666666666665,13.1264903,36,3,osrm
293,delivered,2025-07-03 09:49:38,2025-07-03 10:01:07.457460,2025-07-03 10:10:16.099978,2025-07-03 10:15:31.700,25.895,9.144041966666666,23,4,osrm
294,delivered,2025-07-03 09:50:22,2025-07-03 10:01:11.289452,2025-07-03 10:07:22.887734,2025-07-03 10:16:21.500,25.991666666666667,6.1933047,22,4,osrm
295,delivered,2025-07-03 09:50:47,2025-07-03 09:59:25.885288,2025-07-03 09:59:25.885288,2025-07-03 10:08:33.100,17.76833333333333,0.0,20,4,osrm
296,delivered,2025-07-03 09:52:07,2025-07-03 10:07:46.145174,2025-07-03 10:39:27.100000,2025-07-03 10:46:00.600,53.89333333333333,31.68258043333333,9,3,osrm
297,delivered,2025-07-03 09:52:56,2025-07-03 10:06:06.946164,2025-07-03 11:10:35.600000,2025-07-03 11:16:11.900,83.265,64.47756393333333,3,3,osrm
298,delivered,2025-07-03 09:52:03,2025-07-03 10:04:04.905991,2025-07-03 10:14:46.200000,2025-07-03 10:22:27.900,30.415000000000003,10.688233483333333,35,4,osrm
299,delivered,2025-07-03 09:52:22,2025-07-03 10:01:46.921422,2025-07-03 10:19:54.200000,2025-07-03 10:26:10.700,33.81166666666667,18.121309633333333,9,4,osrm
300,delivered,2025-07-03 09:52:05,2025-07-03 10:00:20.760277,2025-07-03 11:10:35.600000,2025-07-03 11:16:11.900,84.115,70.24732871666667,3,3,osrm
301,delivered,2025-07-03 09:53:04,2025-07-03 10:09:09.069053,2025-07-03 10:14:46.200000,2025-07-03 10:22:27.900,29.398333333333333,5.6188491166666665,35,4,osrm
302,delivered,2025-07-03 09:53:02,2025-07-03 10:04:38.095363,2025-07-03 10:36:07.600000,2025-07-03 10:43:40.500,50.641666666666666,31.49174395,2,3,osrm
303,delivered,2025-07-03 09:53:21,2025-07-03 10:05:38.025937,2025-07-03 10:19:36.464389,2025-07-03 10:29:02.800,35.69666666666667,13.973974199999999,19,4,osrm
304,delivered,2025-07-03 09:54:53,2025-07-03 10:06:02.014571,2025-07-03 10:06:39.306751,2025-07-03 10:11:35.700,16.711666666666666,0.6215363333333334,33,3,osrm
305,delivered,2025-07-03 09:54:06,2025-07-03 10:05:33.862463,2025-07-03 10:10:16.099978,2025-07-03 10:15:31.700,21.428333333333335,4.703958583333333,23,4,osrm
306,delivered,2025-07-03 09:55:25,2025-07-03 10:06:39.306751,2025-07-03 10:06:39.306751,2025-07-03 10:11:35.700,16.178333333333335,0.0,33,3,osrm
307,delivered,2025-07-03 09:55:05,2025-07-03 10:12:06.950574,2025-07-03 11:03:46.300000,2025-07-03 11:09:38.700,74.56166666666667,51.65582376666667,17,3,osrm
308,delivered,2025-07-03 09:56:52,2025-07-03 10:05:20.252406,2025-07-03 10:22:42.037921,2025-07-03 10:32:19.300,35.455000000000005,17.36309191666667,26,4,osrm
309,delivered,2025-07-03 09:56:30,2025-07-03 10:08:22.263652,2025-07-03 10:17:25.459509,2025-07-03 10:15:24.500,18.908333333333335,9.053264283333334,39,4,osrm
310,delivered,2025-07-03 09:56:53,2025-07-03 10:09:54.041199,2025-07-03 10:46:46.500000,2025-07-03 11:01:40.100,64.785,36.87431335,39,4,osrm
311,delivered,2025-07-03 09:56:15,2025-07-03 10:01:15.000000,2025-07-03 10:39:27.100000,2025-07-03 10:46:00.600,49.76,38.20166666666667,9,3,osrm
312,delivered,2025-07-03 09:56:03,2025-07-03 10:07:22.887734,2025-07-03 10:07:22.887734,2025-07-03 10:16:21.500,20.308333333333334,0.0,22,4,osrm
313,delivered,2025-07-03 09:56:25,2025-07-03 10:10:16.099978,2025-07-03 10:10:16.099978,2025-07-03 10:15:31.700,19.111666666666668,0.0,23,4,osrm
314,delivered,2025-07-03 09:56:38,2025-07-03 10:05:01.105659,2025-07-03 10:31:21.200000,2025-07-03 10:38:01.300,41.388333333333335,26.334905683333332,8,4,osrm
315,delivered,2025-07-03 09:57:11,2025-07-03 10:08:01.890176,2025-07-03 10:44:12.500000,2025-07-03 10:51:06.700,53.92833333333333,36.1768304,26,4,osrm
316,delivered,2025-07-03 09:57:11,2025-07-03 10:13:12.941041,2025-07-03 10:14:46.800000,2025-07-03 10:23:38.900,26.465,1.5643159833333333,36,3,osrm
317,delivered,2025-07-03 09:58:28,2025-07-03 10:12:36.729251,2025-07-03 10:44:12.500000,2025-07-03 10:51:06.700,52.644999999999996,31.59617915,26,4,osrm
318,delivered,2025-07-03 09:58:06,2025-07-03 10:12:43.573764,2025-07-03 10:22:12.889561,2025-07-03 10:23:54.100,25.801666666666666,9.488596616666666,11,4,osrm
319,delivered,2025-07-03 09:59:51,2025-07-03 10:11:04.956609,2025-07-03 10:14:46.200000,2025-07-03 10:22:27.900,22.615000000000002,3.68738985,35,4,osrm
320,delivered,2025-07-03 10:00:54,2025-07-03 10:09:16.842341,2025-07-03 10:31:09.852146,2025-07-03 10:38:52.000,37.96666666666667,21.88349675,30,3,osrm
321,delivered,2025-07-03 10:00:08,2025-07-03 10:13:51.320662,2025-07-03 10:19:54.200000,2025-07-03 10:26:10.700,26.045,6.047988966666667,9,4,osrm
322,delivered,2025-07-03 10:01:27,2025-07-03 10:10:29.375867,2025-07-03 10:31:09.852146,2025-07-03 10:35:31.800,34.08,20.67460465,12,3,osrm
323,delivered,2025-07-03 10:02:08,2025-07-03 10:13:50.945576,2025-07-03 10:31:21.200000,2025-07-03 10:38:01.300,35.888333333333335,17.5042404,8,4,osrm
324,delivered,2025-07-03 10:02:23,2025-07-03 10:15:51.548024,2025-07-03 10:29:09.771087,2025-07-03 10:32:23.500,30.008333333333333,13.303717716666666,33,4,osrm
325,delivered,2025-07-03 10:03:18,2025-07-03 10:14:03.136951,2025-07-03 10:39:05.700000,2025-07-03 10:44:40.200,41.37,25.042717483333334,13,4,osrm
326,delivered,2025-07-03 10:03:32,2025-07-03 10:16:09.864609,2025-07-03 10:44:12.500000,2025-07-03 10:51:06.700,47.57833333333333,28.043923183333334,26,4,osrm
327,delivered,2025-07-03 10:04:53,2025-07-03 10:17:25.459509,2025-07-03 10:17:25.459509,2025-07-03 10:21:24.800,16.529999999999998,0.0,5,4,osrm
328,delivered,2025-07-03 10:04:57,2025-07-03 10:16:55.881950,2025-07-03 10:22:12.889561,2025-07-03 10:23:54.100,18.951666666666664,5.283460183333333,11,4,osrm
329,delivered,2025-07-03 10:04:33,2025-07-03 10:15:37.230812,2025-07-03 10:43:31.900000,2025-07-03 10:48:11.700,43.644999999999996,27.911153133333336,22,3,osrm
330,delivered,2025-07-03 10:05:49,2025-07-03 10:17:16.231237,2025-07-03 10:19:39.381583,2025-07-03 10:22:33.500,16.741666666666667,2.3858391,2,3,osrm
331,delivered,2025-07-03 10:05:24,2025-07-03 10:16:41.985556,2025-07-03 10:19:47.200000,2025-07-03 10:29:21.400,23.956666666666667,3.0869074,3,4,osrm
332,delivered,2025-07-03 10:06:37,2025-07-03 10:22:12.889561,2025-07-03 10:22:12.889561,2025-07-03 10:23:54.100,17.285,0.0,11,4,osrm
333,delivered,2025-07-03 10:06:59,2025-07-03 10:20:54.374057,2025-07-03 10:20:54.374057,2025-07-03 10:29:38.800,22.663333333333334,0.0,25,4,osrm
334,delivered,2025-07-03 10:06:28,2025-07-03 10:19:39.381583,2025-07-03 10:19:39.381583,2025-07-03 10:22:33.500,16.091666666666665,0.0,2,3,osrm
335,delivered,2025-07-03 10:06:24,2025-07-03 10:14:20.852834,2025-07-03 10:29:09.771087,2025-07-03 10:32:23.500,25.991666666666667,14.815304216666668,33,4,osrm
336,delivered,2025-07-03 10:07:35,2025-07-03 10:19:36.464389,2025-07-03 10:34:54.200000,2025-07-03 10:41:11.000,33.6,15.295593516666665,35,3,osrm
337,delivered,2025-07-03 10:08:44,2025-07-03 10:18:59.633087,2025-07-03 10:53:25.100000,2025-07-03 11:01:45.400,53.02333333333333,34.42444855,20,4,osrm
338,delivered,2025-07-03 10:09:19,2025-07-03 10:19:58.328726,2025-07-03 11:00:26.175314,2025-07-03 11:02:21.400,53.04,40.464109799999996,7,3,osrm
339,delivered,2025-07-03 10:09:00,2025-07-03 10:16:47.894829,2025-07-03 10:31:21.200000,2025-07-03 10:38:01.300,29.021666666666665,14.555086183333334,8,4,osrm
340,delivered,2025-07-03 10:10:42,2025-07-03 10:24:32.151280,2025-07-03 10:39:05.700000,2025-07-03 10:44:40.200,33.97,14.559145333333333,13,4,osrm
341,delivered,2025-07-03 10:10:00,2025-07-03 10:22:42.037921,2025-07-03 10:22:42.037921,2025-07-03 10:32:19.300,22.321666666666665,0.0,26,4,osrm
342,delivered,2025-07-03 10:11:40,2025-07-03 10:21:23.809389,2025-07-03 10:36:07.600000,2025-07-03 10:43:40.500,32.00833333333333,14.729843516666667,2,3,osrm
343,delivered,2025-07-03 10:13:48,2025-07-03 10:25:04.978452,2025-07-03 10:32:40.500000,2025-07-03 10:42:35.100,28.785,7.5920258,36,4,osrm
344,delivered,2025-07-03 10:13:40,2025-07-03 10:27:32.897759,2025-07-03 11:03:46.300000,2025-07-03 11:09:38.700,55.97833333333333,36.22337068333333,17,3,osrm
345,delivered,2025-07-03 10:14:26,2025-07-03 10:25:38.369013,2025-07-03 10:46:46.500000,2025-07-03 11:01:40.100,47.235,21.13551645,39,4,osrm
346,delivered,2025-07-03 10:16:38,2025-07-03 10:27:06.980574,2025-07-03 10:47:42.539015,2025-07-03 10:56:19.000,39.68333333333333,20.592640683333332,29,4,osrm
347,delivered,2025-07-03 10:16:12,2025-07-03 10:26:13.235865,2025-07-03 10:59:54.155072,2025-07-03 11:03:15.600,47.059999999999995,33.68198678333333,21,3,osrm
348,delivered,2025-07-03 10:17:08,2025-07-03 10:29:09.771087,2025-07-03 10:41:55.500000,2025-07-03 10:51:47.700,34.66166666666666,12.762148550000001,19,4,osrm
349,delivered,2025-07-03 10:17:58,2025-07-03 10:29:10.643474,2025-07-03 10:56:05.426957,2025-07-03 11:00:30.900,42.54833333333333,26.91305805,11,4,osrm
350,delivered,2025-07-03 10:19:59,2025-07-03 10:35:16.550629,2025-07-03 10:58:06.587612,2025-07-03 11:05:37.700,45.644999999999996,22.833949716666666,31,4,osrm
351,delivered,2025-07-03 10:19:24,2025-07-03 10:29:28.478712,2025-07-03 10:34:54.200000,2025-07-03 10:41:11.000,21.783333333333335,5.428688133333334,35,3,osrm
352,delivered,2025-07-03 10:19:41,2025-07-03 10:28:53.217174,2025-07-03 10:56:05.426957,2025-07-03 11:00:30.900,40.83166666666667,27.203496383333334,11,4,osrm
353,delivered,2025-07-03 10:20:43,2025-07-03 10:31:02.663463,2025-07-03 10:32:40.500000,2025-07-03 10:42:35.100,21.868333333333332,1.63060895,36,4,osrm
354,delivered,2025-07-03 10:20:06,2025-07-03 10:37:36.556171,2025-07-03 10:39:31.700000,2025-07-03 10:45:51.700,25.761666666666667,1.9190638166666667,15,2,osrm
355,delivered,2025-07-03 10:20:53,2025-07-03 10:32:03.304929,2025-07-03 11:04:54.700000,2025-07-03 11:13:19.900,52.44833333333334,32.856584516666665,13,2,osrm
356,delivered,2025-07-03 10:20:11,2025-07-03 10:31:09.852146,2025-07-03 10:47:42.539015,2025-07-03 10:56:19.000,36.13333333333333,16.54478115,29,4,osrm
357,delivered,2025-07-03 10:20:22,2025-07-03 10:25:22.000000,2025-07-03 10:46:46.500000,2025-07-03 11:01:40.100,41.30166666666666,21.408333333333335,39,4,osrm
358,delivered,2025-07-03 10:21:41,2025-07-03 10:29:34.661634,2025-07-03 10:51:04.332019,2025-07-03 10:56:50.000,35.15,21.494506416666663,37,3,osrm
359,delivered,2025-07-03 10:22:09,2025-07-03 10:36:22.376452,2025-07-03 10:53:25.100000,2025-07-03 11:01:45.400,39.60666666666667,17.045392466666666,20,4,osrm
360,delivered,2025-07-03 10:22:32,2025-07-03 10:34:52.381026,2025-07-03 10:46:46.500000,2025-07-03 11:01:40.100,39.135,11.9019829,39,4,osrm
361,delivered,2025-07-03 10:23:57,2025-07-03 10:36:05.228603,2025-07-03 11:06:01.900000,2025-07-03 11:13:41.900,49.748333333333335,29.944523283333336,12,4,osrm
362,delivered,2025-07-03 10:23:30,2025-07-03 10:33:35.554684,2025-07-03 10:39:27.100000,2025-07-03 10:46:00.600,22.509999999999998,5.859088600000001,9,3,osrm
363,delivered,2025-07-03 10:27:05,2025-07-03 10:32:05.000000,2025-07-03 10:34:03.200000,2025-07-03 10:41:08.300,14.055,1.97,11,2,osrm
364,delivered,2025-07-03 10:28:36,2025-07-03 10:36:03.541101,2025-07-03 10:44:12.500000,2025-07-03 10:51:06.700,22.511666666666667,8.149314983333333,26,4,osrm
365,delivered,2025-07-03 10:28:29,2025-07-03 10:35:17.320258,2025-07-03 10:43:31.900000,2025-07-03 10:48:11.700,19.711666666666666,8.2429957,22,3,osrm
366,delivered,2025-07-03 10:29:56,2025-07-03 10:43:58.312305,2025-07-03 11:06:01.900000,2025-07-03 11:13:41.900,43.765,22.059794916666664,12,4,osrm
367,delivered,2025-07-03 10:29:34,2025-07-03 10:43:55.229456,2025-07-03 10:59:54.155072,2025-07-03 11:03:15.600,33.693333333333335,15.9820936,21,3,osrm
368,delivered,2025-07-03 10:30:41,2025-07-03 10:38:50.590998,2025-07-03 11:19:21.400000,2025-07-03 11:25:33.000,54.86666666666667,40.51348336666667,37,2,osrm
369,delivered,2025-07-03 10:31:09,2025-07-03 10:41:29.443774,2025-07-03 11:12:48.200000,2025-07-03 11:20:26.500,49.291666666666664,31.312603766666665,35,3,osrm
370,delivered,2025-07-03 10:31:38,2025-07-03 10:47:42.539015,2025-07-03 11:04:54.700000,2025-07-03 11:13:19.900,41.69833333333334,17.202683083333334,13,2,osrm
371,delivered,2025-07-03 10:33:35,2025-07-03 10:47:20.103009,2025-07-03 11:08:38.300000,2025-07-03 11:13:03.700,39.47833333333333,21.303283183333335,29,2,osrm
372,delivered,2025-07-03 10:33:43,2025-07-03 10:43:15.903413,2025-07-03 11:08:38.300000,2025-07-03 11:13:03.700,39.345,25.37327645,29,2,osrm
373,delivered,2025-07-03 10:35:51,2025-07-03 10:49:11.444576,2025-07-03 11:24:21.600000,2025-07-03 11:29:09.900,53.315000000000005,35.16925706666667,5,2,osrm
374,delivered,2025-07-03 10:36:40,2025-07-03 10:45:44.284620,2025-07-03 10:59:47.400000,2025-07-03 11:04:47.000,28.116666666666667,14.051922999999999,23,2,osrm
375,delivered,2025-07-03 10:36:28,2025-07-03 10:46:37.406017,2025-07-03 11:00:26.175314,2025-07-03 11:02:21.400,25.89,13.812821616666668,7,3,osrm
376,delivered,2025-07-03 10:37:55,2025-07-03 10:50:11.439621,2025-07-03 11:23:15.300000,2025-07-03 11:27:00.200,49.086666666666666,33.06433965,12,2,osrm
377,delivered,2025-07-03 10:37:15,2025-07-03 10:51:04.332019,2025-07-03 10:59:47.400000,2025-07-03 11:04:47.000,27.533333333333335,8.717799683333334,23,2,osrm
378,delivered,2025-07-03 10:39:40,2025-07-03 10:47:40.238273,2025-07-03 11:06:01.900000,2025-07-03 11:13:41.900,34.031666666666666,18.36102878333333,12,4,osrm
379,delivered,2025-07-03 10:40:30,2025-07-03 10:56:02.721816,2025-07-03 10:59:58.500000,2025-07-03 11:01:37.400,21.123333333333335,3.9296364,25,1,osrm
380,delivered,2025-07-03 10:42:33,2025-07-03 10:56:05.426957,2025-07-03 11:01:41.800000,2025-07-03 11:05:17.800,22.746666666666666,5.606217383333333,16,2,osrm
381,delivered,2025-07-03 10:44:07,2025-07-03 10:57:18.918737,2025-07-03 11:24:39.900000,2025-07-03 11:27:04.700,42.961666666666666,27.349687716666665,28,1,osrm
382,delivered,2025-07-03 10:45:32,2025-07-03 10:52:04.940980,2025-07-03 11:01:41.800000,2025-07-03 11:05:17.800,19.763333333333332,9.614317,16,2,osrm
383,delivered,2025-07-03 10:46:32,2025-07-03 10:59:05.087452,2025-07-03 10:59:05.087452,2025-07-03 11:03:23.700,16.861666666666668,0.0,28,2,osrm
384,delivered,2025-07-03 10:48:07,2025-07-03 11:00:26.175314,2025-07-03 11:00:26.175314,2025-07-03 11:02:21.400,14.24,0.0,7,3,osrm
385,delivered,2025-07-03 10:48:31,2025-07-03 10:59:54.155072,2025-07-03 10:59:54.155072,2025-07-03 11:03:15.600,14.743333333333334,0.0,21,3,osrm
386,delivered,2025-07-03 10:50:28,2025-07-03 11:05:56.495370,2025-07-03 11:24:17.700000,2025-07-03 11:28:37.100,38.151666666666664,18.3534105,18,1,osrm
387,delivered,2025-07-03 10:50:51,2025-07-03 11:00:57.761858,2025-07-03 11:12:38.000000,2025-07-03 11:14:19.900,23.48166666666667,11.6706357,11,1,osrm
388,delivered,2025-07-03 10:50:25,2025-07-03 11:04:12.755820,2025-07-03 11:23:44.200000,2025-07-03 11:26:32.000,36.11666666666667,19.524069666666666,14,1,osrm
389,delivered,2025-07-03 10:50:27,2025-07-03 10:58:06.587612,2025-07-03 11:14:29.600000,2025-07-03 11:16:41.700,26.245,16.3835398,30,1,osrm
390,delivered,2025-07-03 10:53:27,2025-07-03 10:58:27.000000,2025-07-03 11:27:59.200000,2025-07-03 11:32:57.300,39.505,29.53666666666667,30,1,osrm
391,delivered,2025-07-03 10:55:15,2025-07-03 11:08:20.481691,2025-07-03 11:23:15.300000,2025-07-03 11:27:00.200,31.753333333333334,14.913638483333333,12,2,osrm
392,delivered,2025-07-03 10:56:38,2025-07-03 11:06:09.603535,2025-07-03 11:19:21.400000,2025-07-03 11:25:33.000,28.916666666666668,13.19660775,37,2,osrm
393,delivered,2025-07-03 10:59:22,2025-07-03 11:09:40.832523,2025-07-03 11:14:43.400000,2025-07-03 11:17:33.700,18.195,5.042791283333333,39,1,osrm
394,delivered,2025-07-03 11:01:22,2025-07-03 11:13:47.842316,2025-07-03 11:30:48.900000,2025-07-03 11:34:46.700,33.41166666666667,17.017628066666667,35,1,osrm
395,delivered,2025-07-03 11:06:49,2025-07-03 11:18:57.996144,2025-07-03 11:30:10.800000,2025-07-03 11:32:58.600,26.16,11.2133976,25,1,osrm
396,delivered,2025-07-03 11:06:05,2025-07-03 11:17:52.751024,2025-07-03 11:28:29.300000,2025-07-03 11:31:35.200,25.503333333333334,10.6091496,8,1,osrm
397,delivered,2025-07-03 11:07:56,2025-07-03 11:21:11.090489,2025-07-03 11:34:24.300000,2025-07-03 11:37:09.000,29.216666666666665,13.220158516666666,31,1,osrm
398,delivered,2025-07-03 11:07:22,2025-07-03 11:19:03.565938,2025-07-03 11:24:21.600000,2025-07-03 11:29:09.900,21.798333333333336,5.3005677,5,2,osrm
399,delivered,2025-07-03 11:08:37,2025-07-03 11:18:54.523603,2025-07-03 11:38:45.700000,2025-07-03 11:40:52.100,32.251666666666665,19.85293995,14,1,osrm
400,delivered,2025-07-03 11:08:47,2025-07-03 11:16:44.045201,2025-07-03 11:35:25.400000,2025-07-03 11:38:04.200,29.28666666666667,18.689246649999998,4,1,osrm
401,delivered,2025-07-03 11:11:35,2025-07-03 11:23:14.787484,2025-07-03 11:36:21.800000,2025-07-03 11:39:13.700,27.645,13.116875266666666,9,1,osrm
402,delivered,2025-07-03 11:11:22,2025-07-03 11:25:03.884806,2025-07-03 11:34:31.800000,2025-07-03 11:35:15.900,23.898333333333333,9.465253233333334,36,1,osrm
403,delivered,2025-07-03 11:11:49,2025-07-03 11:24:19.334476,2025-07-03 11:39:21.500000,2025-07-03 11:41:58.100,30.151666666666664,15.036092066666667,33,1,osrm
404,delivered,2025-07-03 11:13:03,2025-07-03 11:28:50.414802,2025-07-03 11:39:22.400000,2025-07-03 11:42:16.100,29.21833333333333,10.533086633333333,22,1,osrm
405,delivered,2025-07-03 11:20:36,2025-07-03 11:27:59.583543,2025-07-03 11:39:01.900000,2025-07-03 11:41:47.000,21.183333333333334,11.038607616666667,38,1,osrm
406,delivered,2025-07-03 11:26:07,2025-07-03 11:38:31.353448,2025-07-03 11:43:05.000000,2025-07-03 11:45:14.700,19.128333333333334,4.560775866666666,7,1,osrm
407,delivered,2025-07-03 11:32:17,2025-07-03 11:41:07.358357,2025-07-03 11:56:07.500000,2025-07-03 11:59:12.900,26.93166666666667,15.002360716666667,34,1,osrm
408,delivered,2025-07-03 11:36:59,2025-07-03 11:52:22.068228,2025-07-03 12:01:07.100000,2025-07-03 12:05:01.500,28.041666666666668,8.750529533333333,21,1,osrm
409,delivered,2025-07-03 11:36:37,2025-07-03 11:49:40.978075,2025-07-03 11:58:44.400000,2025-07-03 12:02:13.100,25.601666666666667,9.057032083333333,29,1,osrm
410,delivered,2025-07-03 11:40:34,2025-07-03 11:51:55.791889,2025-07-03 11:56:27.400000,2025-07-03 12:00:06.200,19.53666666666667,4.52680185,14,1,osrm
411,delivered,2025-07-03 11:41:14,2025-07-03 11:51:46.532283,2025-07-03 11:54:58.200000,2025-07-03 11:57:43.700,16.495,3.19446195,7,1,osrm
412,delivered,2025-07-03 11:42:51,2025-07-03 11:57:45.367535,2025-07-03 12:13:51.600000,2025-07-03 12:17:33.900,34.715,16.103874416666667,32,1,osrm
413,delivered,2025-07-03 11:42:22,2025-07-03 11:56:01.077312,2025-07-03 12:01:05.400000,2025-07-03 12:04:57.200,22.586666666666666,5.0720448000000005,9,1,osrm
414,delivered,2025-07-03 11:42:24,2025-07-03 11:56:47.466846,2025-07-03 11:58:29.800000,2025-07-03 12:01:27.500,19.058333333333334,1.7055525666666667,19,1,osrm
415,delivered,2025-07-03 11:43:39,2025-07-03 11:56:01.330948,2025-07-03 12:01:05.400000,2025-07-03 12:04:55.700,21.278333333333332,5.067817533333334,3,1,osrm
416,delivered,2025-07-03 11:44:31,2025-07-03 11:54:09.265820,2025-07-03 11:59:44.500000,2025-07-03 12:03:29.100,18.96833333333333,5.587236333333333,31,1,osrm
417,delivered,2025-07-03 11:45:14,2025-07-03 11:53:56.264342,2025-07-03 11:59:59.300000,2025-07-03 12:04:26.600,19.209999999999997,6.0505943,30,1,osrm
418,delivered,2025-07-03 11:45:43,2025-07-03 11:58:52.974012,2025-07-03 12:07:54.500000,2025-07-03 12:10:42.400,24.990000000000002,9.025433133333333,14,1,osrm
419,delivered,2025-07-03 11:46:44,2025-07-03 11:56:36.129564,2025-07-03 12:08:30.800000,2025-07-03 12:13:26.400,26.706666666666667,11.911173933333334,7,1,osrm
420,delivered,2025-07-03 11:46:37,2025-07-03 11:57:47.031635,2025-07-03 11:59:59.300000,2025-07-03 12:04:27.700,17.845000000000002,2.20447275,11,1,osrm
421,delivered,2025-07-03 11:49:30,2025-07-03 12:00:30.720205,2025-07-03 12:23:00.400000,2025-07-03 12:28:08.400,38.64,22.49466325,12,1,osrm
422,delivered,2025-07-03 11:50:50,2025-07-03 12:04:54.666690,2025-07-03 12:19:25.200000,2025-07-03 12:22:04.900,31.248333333333335,14.508888500000001,22,1,osrm
423,delivered,2025-07-03 11:52:21,2025-07-03 12:03:45.467310,2025-07-03 12:21:48.800000,2025-07-03 12:25:07.500,32.775,18.055544833333332,23,1,osrm
424,delivered,2025-07-03 11:54:29,2025-07-03 12:11:16.328143,2025-07-03 12:17:02.100000,2025-07-03 12:20:12.000,25.716666666666665,5.762864283333333,31,1,osrm
425,delivered,2025-07-03 11:55:33,2025-07-03 12:12:08.109246,2025-07-03 12:44:12.500000,2025-07-03 12:51:31.500,55.975,32.073179233333335,11,3,osrm
426,delivered,2025-07-03 11:56:36,2025-07-03 12:12:54.077911,2025-07-03 12:23:11.400000,2025-07-03 12:26:04.500,29.475,10.288701483333334,39,1,osrm
427,delivered,2025-07-03 11:56:19,2025-07-03 12:08:20.729341,2025-07-03 12:20:21.100000,2025-07-03 12:23:44.800,27.43,12.006177650000001,28,1,osrm
428,delivered,2025-07-03 11:57:08,2025-07-03 12:07:00.229814,2025-07-03 12:19:32.100000,2025-07-03 12:21:02.000,23.9,12.531169766666666,34,1,osrm
429,delivered,2025-07-03 12:00:13,2025-07-03 12:14:22.184588,2025-07-03 12:19:27.700000,2025-07-03 12:23:16.200,23.053333333333335,5.0919235333333335,36,1,osrm
430,delivered,2025-07-03 12:00:23,2025-07-03 12:07:37.386474,2025-07-03 12:26:00.251892,2025-07-03 12:30:48.700,30.428333333333335,18.3810903,7,2,osrm
431,delivered,2025-07-03 12:01:54,2025-07-03 12:10:14.845172,2025-07-03 12:20:02.500000,2025-07-03 12:23:39.200,21.753333333333334,9.794247133333332,20,1,osrm
432,delivered,2025-07-03 12:02:33,2025-07-03 12:18:36.313440,2025-07-03 12:28:51.000000,2025-07-03 12:32:14.700,29.695,10.244776,8,1,osrm
433,delivered,2025-07-03 12:02:46,2025-07-03 12:13:40.989806,2025-07-03 12:19:53.600000,2025-07-03 12:20:58.800,18.21333333333333,6.2101698999999995,1,1,osrm
434,delivered,2025-07-03 12:06:26,2025-07-03 12:18:40.731352,2025-07-03 12:20:15.400000,2025-07-03 12:23:14.600,16.81,1.5778108000000002,30,1,osrm
435,delivered,2025-07-03 12:13:46,2025-07-03 12:27:00.736337,2025-07-03 12:48:43.991387,2025-07-03 12:55:12.700,41.445,21.7209175,5,3,osrm
436,delivered,2025-07-03 12:17:53,2025-07-03 12:30:02.457405,2025-07-03 12:43:21.300000,2025-07-03 12:52:37.100,34.735,13.31404325,23,2,osrm
437,delivered,2025-07-03 12:17:19,2025-07-03 12:26:00.251892,2025-07-03 12:35:11.500000,2025-07-03 12:39:30.800,22.196666666666665,9.187468466666667,1,1,osrm
438,delivered,2025-07-03 12:18:26,2025-07-03 12:35:18.025244,2025-07-03 12:43:21.300000,2025-07-03 12:52:37.100,34.184999999999995,8.054579266666668,23,2,osrm
439,delivered,2025-07-03 12:18:44,2025-07-03 12:31:06.346720,2025-07-03 12:33:00.400000,2025-07-03 12:35:58.200,17.236666666666668,1.900888,28,1,osrm
440,delivered,2025-07-03 12:18:01,2025-07-03 12:30:54.368572,2025-07-03 12:44:47.900000,2025-07-03 12:47:44.100,29.71833333333333,13.892190466666667,34,1,osrm
441,delivered,2025-07-03 12:19:39,2025-07-03 12:34:09.273721,2025-07-03 12:44:46.600000,2025-07-03 12:49:14.200,29.586666666666666,10.62210465,14,2,osrm
442,delivered,2025-07-03 12:20:23,2025-07-03 12:34:48.662523,2025-07-03 12:46:14.400000,2025-07-03 12:50:13.100,29.834999999999997,11.428957950000001,35,1,osrm
443,delivered,2025-07-03 12:21:43,2025-07-03 12:38:55.930233,2025-07-03 12:55:48.900000,2025-07-03 13:00:40.600,38.96,16.88282945,39,2,osrm
444,delivered,2025-07-03 12:21:35,2025-07-03 12:34:30.045664,2025-07-03 12:34:30.045664,2025-07-03 12:36:49.000,15.233333333333333,0.0,38,1,osrm
445,delivered,2025-07-03 12:21:25,2025-07-03 12:33:10.923497,2025-07-03 12:36:37.000000,2025-07-03 12:39:44.100,18.31833333333333,3.4346083833333334,15,1,osrm
446,delivered,2025-07-03 12:23:39,2025-07-03 12:37:07.738150,2025-07-03 12:55:48.900000,2025-07-03 13:00:40.600,37.026666666666664,18.686030833333334,39,2,osrm
447,delivered,2025-07-03 12:24:24,2025-07-03 12:35:29.049142,2025-07-03 13:00:18.900000,2025-07-03 13:07:53.300,43.48833333333334,24.830847633333335,21,4,osrm
448,delivered,2025-07-03 12:24:52,2025-07-03 12:36:04.058127,2025-07-03 12:48:31.300000,2025-07-03 12:51:04.000,26.2,12.454031216666667,27,1,osrm
449,delivered,2025-07-03 12:25:11,2025-07-03 12:35:46.270757,2025-07-03 12:44:12.500000,2025-07-03 12:51:31.500,26.341666666666665,8.43715405,11,3,osrm
450,delivered,2025-07-03 12:26:32,2025-07-03 12:41:50.095860,2025-07-03 13:02:33.929323,2025-07-03 13:05:23.900,38.865,20.730557716666667,25,4,osrm
451,delivered,2025-07-03 12:26:55,2025-07-03 12:41:19.802580,2025-07-03 13:00:11.100000,2025-07-03 13:04:31.600,37.61,18.854957000000002,14,1,osrm
452,delivered,2025-07-03 12:27:38,2025-07-03 12:41:06.087828,2025-07-03 13:00:42.300000,2025-07-03 13:09:17.800,41.663333333333334,19.6035362,34,2,osrm
453,delivered,2025-07-03 12:27:18,2025-07-03 12:36:10.511985,2025-07-03 12:59:08.800000,2025-07-03 13:04:11.300,36.888333333333335,22.971466916666667,29,2,osrm
454,delivered,2025-07-03 12:27:19,2025-07-03 12:39:41.107595,2025-07-03 12:58:31.300000,2025-07-03 13:01:23.500,34.075,18.836540083333333,1,1,osrm
455,delivered,2025-07-03 12:28:19,2025-07-03 12:39:23.691756,2025-07-03 12:50:20.700000,2025-07-03 12:53:26.500,25.125,10.9501374,12,1,osrm
456,delivered,2025-07-03 12:31:49,2025-07-03 12:42:11.405120,2025-07-03 12:54:46.600000,2025-07-03 12:58:28.100,26.651666666666664,12.586581333333333,16,3,osrm
457,delivered,2025-07-03 12:34:34,2025-07-03 12:48:43.991387,2025-07-03 13:00:42.300000,2025-07-03 13:09:17.800,34.730000000000004,11.971810216666666,34,2,osrm
458,delivered,2025-07-03 12:39:25,2025-07-03 12:52:19.584611,2025-07-03 13:04:08.800000,2025-07-03 13:07:37.400,28.206666666666667,11.820256483333333,5,1,osrm
459,delivered,2025-07-03 12:40:08,2025-07-03 12:54:26.701635,2025-07-03 13:09:18.100000,2025-07-03 13:11:42.700,31.578333333333333,14.856639416666667,8,1,osrm
460,delivered,2025-07-03 12:40:40,2025-07-03 12:46:57.185118,2025-07-03 13:02:33.929323,2025-07-03 13:05:23.900,24.73166666666667,15.612403416666666,25,4,osrm
461,delivered,2025-07-03 12:41:57,2025-07-03 12:53:29.987554,2025-07-03 13:03:27.400000,2025-07-03 13:05:49.800,23.88,9.9568741,6,1,osrm
462,delivered,2025-07-03 12:41:06,2025-07-03 12:51:21.839941,2025-07-03 13:03:54.000000,2025-07-03 13:07:02.100,25.935,12.536000983333334,23,1,osrm
463,delivered,2025-07-03 12:44:44,2025-07-03 12:58:15.031237,2025-07-03 13:29:32.100000,2025-07-03 13:35:47.800,51.06333333333334,31.284479383333334,37,1,osrm
464,delivered,2025-07-03 12:48:18,2025-07-03 13:02:33.929323,2025-07-03 13:08:02.200000,2025-07-03 13:10:52.500,22.575,5.4711779499999995,20,1,osrm
465,delivered,2025-07-03 12:52:28,2025-07-03 13:02:29.392672,2025-07-03 13:14:02.200000,2025-07-03 13:18:00.400,25.540000000000003,11.5467888,11,1,osrm
466,delivered,2025-07-03 12:52:32,2025-07-03 13:10:25.794685,2025-07-03 13:18:44.400000,2025-07-03 13:22:19.900,29.798333333333336,8.310088583333334,2,1,osrm
467,delivered,2025-07-03 12:52:45,2025-07-03 13:07:02.595091,2025-07-03 13:18:34.000000,2025-07-03 13:21:48.700,29.061666666666667,11.52341515,10,1,osrm
468,delivered,2025-07-03 12:52:23,2025-07-03 13:01:28.307268,2025-07-03 13:14:52.200000,2025-07-03 13:18:59.400,26.60666666666667,13.3982122,27,1,osrm
469,delivered,2025-07-03 12:54:00,2025-07-03 13:06:05.093018,2025-07-03 13:14:12.200000,2025-07-03 13:18:25.400,24.423333333333336,8.118449700000001,28,1,osrm
470,delivered,2025-07-03 12:55:01,2025-07-03 13:06:11.718619,2025-07-03 13:20:09.600000,2025-07-03 13:23:13.200,28.203333333333333,13.964689683333335,6,1,osrm
471,delivered,2025-07-03 12:56:38,2025-07-03 13:11:58.693792,2025-07-03 13:25:01.000000,2025-07-03 13:27:32.800,30.913333333333334,13.0384368,19,1,osrm
472,delivered,2025-07-03 12:57:35,2025-07-03 13:09:47.389492,2025-07-03 13:13:58.800000,2025-07-03 13:17:16.600,19.69333333333333,4.190175133333333,22,1,osrm
473,delivered,2025-07-03 12:57:12,2025-07-03 13:07:12.810496,2025-07-03 13:19:12.100000,2025-07-03 13:21:46.400,24.573333333333334,11.9881584,33,1,osrm
474,delivered,2025-07-03 13:00:58,2025-07-03 13:09:22.946205,2025-07-03 13:17:55.300000,2025-07-03 13:18:21.700,17.395,8.539229916666667,26,1,osrm
475,delivered,2025-07-03 13:01:01,2025-07-03 13:09:06.305439,2025-07-03 13:19:52.200000,2025-07-03 13:24:26.800,23.43,10.76490935,3,1,osrm
476,delivered,2025-07-03 13:05:14,2025-07-03 13:20:21.434692,2025-07-03 13:34:09.500000,2025-07-03 13:39:01.000,33.78333333333333,13.801088466666666,7,1,osrm
477,delivered,2025-07-03 13:05:54,2025-07-03 13:23:53.297100,2025-07-03 13:34:32.200000,2025-07-03 13:36:46.100,30.868333333333332,10.648381666666667,2,1,osrm
478,delivered,2025-07-03 13:10:30,2025-07-03 13:23:59.456077,2025-07-03 13:33:28.200000,2025-07-03 13:35:59.600,25.493333333333332,9.479065383333333,17,1,osrm
479,delivered,2025-07-03 13:11:38,2025-07-03 13:20:17.985709,2025-07-03 13:29:15.800000,2025-07-03 13:31:02.900,19.415000000000003,8.963571516666667,27,1,osrm
480,delivered,2025-07-03 13:15:48,2025-07-03 13:26:54.581376,2025-07-03 13:33:52.100000,2025-07-03 13:38:13.800,22.43,6.958643733333333,21,1,osrm
481,delivered,2025-07-03 13:15:05,2025-07-03 13:29:31.645903,2025-07-03 13:33:25.200000,2025-07-03 13:36:19.200,21.236666666666668,3.8925682833333335,13,1,osrm
482,delivered,2025-07-03 13:15:55,2025-07-03 13:31:21.311085,2025-07-03 13:32:39.900000,2025-07-03 13:35:17.800,19.38,1.30981525,10,1,osrm
483,delivered,2025-07-03 13:18:13,2025-07-03 13:27:53.034054,2025-07-03 13:38:58.000000,2025-07-03 13:42:59.900,24.78166666666667,11.082765766666666,15,1,osrm
484,delivered,2025-07-03 13:18:13,2025-07-03 13:31:11.553476,2025-07-03 13:43:04.300000,2025-07-03 13:46:09.400,27.94,11.879108733333334,3,1,osrm
485,delivered,2025-07-03 13:23:23,2025-07-03 13:34:53.015255,2025-07-03 14:01:15.100000,2025-07-03 14:06:35.800,43.21333333333334,26.368079083333335,3,2,osrm
486,delivered,2025-07-03 13:23:13,2025-07-03 13:34:58.371661,2025-07-03 13:43:28.200000,2025-07-03 13:46:25.100,23.201666666666664,8.497138983333334,27,1,osrm
487,delivered,2025-07-03 13:24:19,2025-07-03 13:34:47.156133,2025-07-03 13:43:07.600000,2025-07-03 13:45:41.600,21.376666666666665,8.340731116666667,24,1,osrm
488,delivered,2025-07-03 13:27:12,2025-07-03 13:39:48.165659,2025-07-03 14:00:37.700000,2025-07-03 14:05:51.400,38.656666666666666,20.82557235,21,2,osrm
489,delivered,2025-07-03 13:27:34,2025-07-03 13:41:44.532051,2025-07-03 14:13:36.600000,2025-07-03 14:18:35.500,51.025,31.86779915,23,1,osrm
490,delivered,2025-07-03 13:28:28,2025-07-03 13:36:35.479524,2025-07-03 13:54:04.700000,2025-07-03 13:58:16.000,29.8,17.487007933333334,9,1,osrm
491,delivered,2025-07-03 13:30:12,2025-07-03 13:37:30.440845,2025-07-03 13:57:23.100000,2025-07-03 14:01:32.100,31.334999999999997,19.877652583333333,10,1,osrm
492,delivered,2025-07-03 13:33:31,2025-07-03 13:46:44.483420,2025-07-03 13:58:04.300000,2025-07-03 14:01:06.300,27.58833333333333,11.330276333333334,23,1,osrm
493,delivered,2025-07-03 13:33:31,2025-07-03 13:51:36.074343,2025-07-03 14:03:38.600000,2025-07-03 14:07:44.900,34.23166666666667,12.042094283333334,39,1,osrm
494,delivered,2025-07-03 13:33:30,2025-07-03 13:39:27.922787,2025-07-03 13:49:45.800000,2025-07-03 13:52:38.500,19.141666666666666,10.297953549999999,19,1,osrm
495,delivered,2025-07-03 13:34:36,2025-07-03 13:53:41.333470,2025-07-03 13:54:41.700000,2025-07-03 13:59:11.500,24.591666666666665,1.0061088333333332,36,1,osrm
496,delivered,2025-07-03 13:37:50,2025-07-03 13:48:42.604494,2025-07-03 13:53:27.500000,2025-07-03 13:57:31.800,19.696666666666665,4.7482584333333335,15,1,osrm
497,delivered,2025-07-03 13:40:02,2025-07-03 13:49:55.481827,2025-07-03 13:49:55.481827,2025-07-03 13:54:13.900,14.198333333333332,0.0,17,1,osrm
498,delivered,2025-07-03 13:42:32,2025-07-03 13:54:14.825529,2025-07-03 14:00:31.500000,2025-07-03 14:03:06.600,20.576666666666664,6.27790785,34,1,osrm
499,delivered,2025-07-03 13:44:37,2025-07-03 13:55:56.689244,2025-07-03 14:14:51.400000,2025-07-03 14:20:31.800,35.913333333333334,18.911845933333332,19,1,osrm
500,delivered,2025-07-03 13:45:52,2025-07-03 13:56:48.694793,2025-07-03 14:02:56.400000,2025-07-03 14:05:26.700,19.578333333333333,6.128420116666666,19,1,osrm
501,delivered,2025-07-03 13:46:30,2025-07-03 13:59:54.374792,2025-07-03 14:09:27.100000,2025-07-03 14:11:03.600,24.56,9.545420133333332,35,1,osrm
502,delivered,2025-07-03 13:46:20,2025-07-03 13:58:23.232544,2025-07-03 14:18:45.000000,2025-07-03 14:21:44.200,35.40333333333333,20.362790933333333,13,1,osrm
503,delivered,2025-07-03 13:47:37,2025-07-03 13:59:50.845253,2025-07-03 14:15:37.700000,2025-07-03 14:18:11.300,30.571666666666665,15.780912449999999,1,1,osrm
504,delivered,2025-07-03 13:48:26,2025-07-03 14:03:36.409910,2025-07-03 14:30:10.900000,2025-07-03 14:35:08.300,46.705000000000005,26.574834833333334,34,1,osrm
505,delivered,2025-07-03 13:48:14,2025-07-03 13:55:01.380480,2025-07-03 14:24:37.700000,2025-07-03 14:29:55.700,41.695,29.605325333333333,22,1,osrm
506,delivered,2025-07-03 13:50:40,2025-07-03 14:01:23.925324,2025-07-03 14:13:31.200000,2025-07-03 14:17:08.700,26.478333333333335,12.1212446,33,1,osrm
507,delivered,2025-07-03 13:56:21,2025-07-03 14:07:26.911900,2025-07-03 14:19:02.400000,2025-07-03 14:21:03.200,24.703333333333333,11.591468333333333,24,1,osrm
508,delivered,2025-07-03 13:56:27,2025-07-03 14:07:03.661029,2025-07-03 14:39:05.100000,2025-07-03 14:42:15.100,45.80166666666666,32.02398285,1,1,osrm
509,delivered,2025-07-03 13:59:53,2025-07-03 14:13:52.351268,2025-07-03 14:24:03.400000,2025-07-03 14:26:11.100,26.301666666666666,10.184145533333332,20,1,osrm
510,delivered,2025-07-03 13:59:53,2025-07-03 14:14:16.337535,2025-07-03 14:29:56.600000,2025-07-03 14:33:04.500,33.19166666666667,15.671041083333334,6,1,osrm
511,delivered,2025-07-03 14:02:34,2025-07-03 14:11:50.522757,2025-07-03 14:23:12.200000,2025-07-03 14:25:58.700,23.41166666666667,11.361287383333332,11,1,osrm
512,delivered,2025-07-03 14:07:09,2025-07-03 14:15:07.478067,2025-07-03 14:31:23.500000,2025-07-03 14:33:53.800,26.746666666666666,16.267032216666667,36,1,osrm
513,delivered,2025-07-03 14:07:10,2025-07-03 14:19:53.783048,2025-07-03 14:30:10.200000,2025-07-03 14:31:34.600,24.41,10.273615866666667,28,1,osrm
514,delivered,2025-07-03 14:10:27,2025-07-03 14:19:04.785376,2025-07-03 14:27:28.000000,2025-07-03 14:30:08.500,19.691666666666666,8.3869104,1,1,osrm
515,delivered,2025-07-03 14:13:58,2025-07-03 14:25:45.696665,2025-07-03 14:40:44.400000,2025-07-03 14:43:08.900,29.18166666666667,14.978388916666667,23,1,osrm
516,delivered,2025-07-03 14:18:29,2025-07-03 14:30:33.480254,2025-07-03 14:44:28.400000,2025-07-03 14:47:31.600,29.043333333333333,13.915329100000001,19,1,osrm
517,delivered,2025-07-03 14:21:00,2025-07-03 14:35:08.590944,2025-07-03 14:44:00.100000,2025-07-03 14:48:08.200,27.136666666666667,8.858484266666666,3,1,osrm
518,delivered,2025-07-03 14:22:39,2025-07-03 14:38:20.435433,2025-07-03 14:49:02.400000,2025-07-03 14:52:08.200,29.486666666666668,10.69940945,30,1,osrm
519,delivered,2025-07-03 14:24:46,2025-07-03 14:35:05.188239,2025-07-03 14:43:53.300000,2025-07-03 14:46:44.500,21.975,8.801862683333333,36,1,osrm
520,delivered,2025-07-03 14:25:41,2025-07-03 14:41:24.918923,2025-07-03 14:55:13.300000,2025-07-03 14:58:53.100,33.20166666666667,13.806351283333333,8,1,osrm
521,delivered,2025-07-03 14:26:52,2025-07-03 14:39:30.335002,2025-07-03 15:08:49.753214,2025-07-03 15:12:50.000,45.96666666666667,29.323636866666668,7,2,osrm
522,delivered,2025-07-03 14:26:55,2025-07-03 14:36:33.081794,2025-07-03 14:54:41.900000,2025-07-03 14:59:27.200,32.53666666666667,18.146970099999997,37,1,osrm
523,delivered,2025-07-03 14:26:53,2025-07-03 14:39:18.944962,2025-07-03 15:00:22.900000,2025-07-03 15:05:24.400,38.52333333333333,21.065917300000002,19,1,osrm
524,delivered,2025-07-03 14:31:21,2025-07-03 14:44:08.212982,2025-07-03 14:54:07.700000,2025-07-03 14:57:50.900,26.498333333333335,9.9914503,20,1,osrm
525,delivered,2025-07-03 14:32:37,2025-07-03 14:39:19.738887,2025-07-03 14:49:31.500000,2025-07-03 14:52:29.000,19.866666666666667,10.19601855,39,1,osrm
526,delivered,2025-07-03 14:34:50,2025-07-03 14:46:06.610737,2025-07-03 14:54:07.800000,2025-07-03 14:55:07.700,20.295,8.01982105,23,1,osrm
527,delivered,2025-07-03 14:37:21,2025-07-03 14:49:56.659954,2025-07-03 14:54:10.600000,2025-07-03 14:55:22.500,18.025,4.2323341,10,1,osrm
528,delivered,2025-07-03 14:38:43,2025-07-03 14:56:02.074013,2025-07-03 15:09:13.300000,2025-07-03 15:15:16.600,36.559999999999995,13.187099783333334,27,2,osrm
529,delivered,2025-07-03 14:38:22,2025-07-03 14:51:22.899346,2025-07-03 15:05:57.700000,2025-07-03 15:10:25.600,32.059999999999995,14.5800109,5,1,osrm
530,delivered,2025-07-03 14:40:11,2025-07-03 14:54:38.854172,2025-07-03 15:09:36.020585,2025-07-03 15:15:26.600,35.26,14.95277355,33,2,osrm
531,delivered,2025-07-03 14:43:20,2025-07-03 14:58:18.729696,2025-07-03 15:10:29.000000,2025-07-03 15:14:20.500,31.008333333333333,12.171171733333333,22,1,osrm
532,delivered,2025-07-03 14:43:40,2025-07-03 14:50:48.693288,2025-07-03 15:04:56.700000,2025-07-03 15:09:01.900,25.365000000000002,14.1334452,1,1,osrm
533,delivered,2025-07-03 14:46:19,2025-07-03 14:58:39.732743,2025-07-03 15:09:13.300000,2025-07-03 15:15:16.600,28.959999999999997,10.559454283333334,27,2,osrm
534,delivered,2025-07-03 14:47:20,2025-07-03 14:54:51.782663,2025-07-03 14:57:55.400000,2025-07-03 15:02:06.700,14.778333333333334,3.06028895,13,1,osrm
535,delivered,2025-07-03 14:48:40,2025-07-03 15:00:38.391444,2025-07-03 15:14:09.900000,2025-07-03 15:17:31.400,28.85666666666667,13.5251426,35,1,osrm
536,delivered,2025-07-03 14:49:52,2025-07-03 15:00:15.421688,2025-07-03 15:14:25.700000,2025-07-03 15:17:57.100,28.084999999999997,14.1713052,28,1,osrm
537,delivered,2025-07-03 14:51:17,2025-07-03 15:08:49.753214,2025-07-03 15:19:29.500000,2025-07-03 15:22:52.900,31.598333333333336,10.662446433333335,5,1,osrm
538,delivered,2025-07-03 14:52:00,2025-07-03 15:01:14.171889,2025-07-03 15:20:21.904329,2025-07-03 15:27:06.900,35.115,19.128874,14,2,osrm
539,delivered,2025-07-03 14:52:58,2025-07-03 15:05:30.111892,2025-07-03 15:28:54.700000,2025-07-03 15:31:36.000,38.63333333333333,23.4098018,6,1,osrm
540,delivered,2025-07-03 14:52:30,2025-07-03 15:09:21.672319,2025-07-03 15:12:55.400000,2025-07-03 15:14:47.800,22.296666666666667,3.5621280166666667,3,1,osrm
541,delivered,2025-07-03 14:54:13,2025-07-03 15:04:09.390543,2025-07-03 15:08:58.300000,2025-07-03 15:14:19.100,20.101666666666667,4.815157616666666,20,4,osrm
542,delivered,2025-07-03 14:54:50,2025-07-03 15:03:08.609122,2025-07-03 15:37:44.951258,2025-07-03 15:38:03.300,43.22166666666667,34.60570226666667,35,2,osrm
543,delivered,2025-07-03 14:55:46,2025-07-03 15:09:36.020585,2025-07-03 15:09:36.020585,2025-07-03 15:15:26.600,19.676666666666666,0.0,33,2,osrm
544,delivered,2025-07-03 14:56:52,2025-07-03 15:06:16.040725,2025-07-03 15:17:37.600000,2025-07-03 15:21:01.300,24.154999999999998,11.359321249999999,1,1,osrm
545,delivered,2025-07-03 14:57:05,2025-07-03 15:08:52.484286,2025-07-03 15:16:28.900000,2025-07-03 15:19:44.400,22.65666666666667,7.606928566666666,18,1,osrm
546,delivered,2025-07-03 14:58:35,2025-07-03 15:17:32.077401,2025-07-03 15:28:46.600000,2025-07-03 15:31:47.100,33.20166666666667,11.242043316666667,32,2,osrm
547,delivered,2025-07-03 15:00:02,2025-07-03 15:05:02.000000,2025-07-03 15:08:02.100000,2025-07-03 15:10:56.200,10.903333333333334,3.0016666666666665,8,1,osrm
548,delivered,2025-07-03 15:00:17,2025-07-03 15:10:46.409989,2025-07-03 15:24:30.400000,2025-07-03 15:28:54.100,28.618333333333332,13.73316685,7,1,osrm
549,delivered,2025-07-03 15:05:57,2025-07-03 15:14:47.033993,2025-07-03 15:24:52.800000,2025-07-03 15:28:07.100,22.168333333333333,10.096100116666666,8,1,osrm
550,delivered,2025-07-03 15:06:19,2025-07-03 15:18:43.462890,2025-07-03 15:28:46.600000,2025-07-03 15:31:47.100,25.46833333333333,10.052285166666667,32,2,osrm
551,delivered,2025-07-03 15:07:35,2025-07-03 15:20:21.904329,2025-07-03 15:38:43.308014,2025-07-03 15:42:23.900,34.815000000000005,18.356728083333334,11,2,osrm
552,delivered,2025-07-03 15:07:38,2025-07-03 15:18:18.983297,2025-07-03 15:35:32.400000,2025-07-03 15:40:48.000,33.166666666666664,17.223611716666667,10,2,osrm
553,delivered,2025-07-03 15:08:08,2025-07-03 15:21:33.772458,2025-07-03 15:33:19.200000,2025-07-03 15:38:48.200,30.67,11.7571257,1,3,osrm
554,delivered,2025-07-03 15:10:18,2025-07-03 15:30:23.219658,2025-07-03 15:54:39.000000,2025-07-03 15:59:37.700,49.32833333333333,24.2630057,32,1,osrm
555,delivered,2025-07-03 15:12:45,2025-07-03 15:25:59.006909,2025-07-03 15:33:19.200000,2025-07-03 15:38:48.200,26.053333333333335,7.336551516666666,1,3,osrm
556,delivered,2025-07-03 15:17:06,2025-07-03 15:29:29.208636,2025-07-03 15:39:38.500000,2025-07-03 15:44:52.200,27.77,10.154856066666667,8,2,osrm
557,delivered,2025-07-03 15:18:13,2025-07-03 15:30:26.659971,2025-07-03 15:49:06.400000,2025-07-03 15:53:28.500,35.25833333333333,18.662333816666667,16,1,osrm
558,delivered,2025-07-03 15:19:57,2025-07-03 15:36:02.906863,2025-07-03 15:48:03.800000,2025-07-03 15:50:50.200,30.886666666666667,12.014885616666668,12,1,osrm
559,delivered,2025-07-03 15:19:48,2025-07-03 15:32:14.598709,2025-07-03 15:33:46.100000,2025-07-03 15:36:30.200,16.703333333333333,1.5250215166666665,26,1,osrm
560,delivered,2025-07-03 15:21:26,2025-07-03 15:35:32.904503,2025-07-03 15:58:19.800000,2025-07-03 16:01:02.600,39.61,22.781591616666667,35,1,osrm
561,delivered,2025-07-03 15:21:31,2025-07-03 15:37:44.951258,2025-07-03 15:37:44.951258,2025-07-03 15:38:03.300,16.538333333333334,0.0,35,2,osrm
562,delivered,2025-07-03 15:23:51,2025-07-03 15:40:29.660050,2025-07-03 16:03:50.900000,2025-07-03 16:08:28.100,44.61833333333333,23.353999166666664,27,2,osrm
563,delivered,2025-07-03 15:23:02,2025-07-03 15:35:20.822501,2025-07-03 15:44:58.000000,2025-07-03 15:47:34.400,24.540000000000003,9.619624983333333,17,1,osrm
564,delivered,2025-07-03 15:25:36,2025-07-03 15:38:43.308014,2025-07-03 15:38:43.308014,2025-07-03 15:43:01.900,17.43166666666667,0.0,23,1,osrm
565,delivered,2025-07-03 15:26:06,2025-07-03 15:43:05.203052,2025-07-03 15:43:46.600000,2025-07-03 15:48:21.600,22.259999999999998,0.6899491333333334,29,2,osrm
566,delivered,2025-07-03 15:28:46,2025-07-03 15:38:01.464773,2025-07-03 15:51:57.500000,2025-07-03 15:55:07.800,26.363333333333333,13.933920449999999,1,1,osrm
567,delivered,2025-07-03 15:28:44,2025-07-03 15:36:40.467178,2025-07-03 15:55:19.500000,2025-07-03 16:00:15.400,31.523333333333333,18.650547033333332,22,1,osrm
568,delivered,2025-07-03 15:29:15,2025-07-03 15:36:37.212296,2025-07-03 15:55:59.000000,2025-07-03 15:59:56.800,30.696666666666665,19.3631284,5,3,osrm
569,delivered,2025-07-03 15:30:07,2025-07-03 15:49:13.855207,2025-07-03 16:09:12.374997,2025-07-03 16:12:39.100,42.535,19.975329833333333,19,2,osrm
570,delivered,2025-07-03 15:31:55,2025-07-03 15:48:13.228344,2025-07-03 16:03:48.352508,2025-07-03 16:09:27.000,37.53333333333333,15.585402733333332,12,2,osrm
571,delivered,2025-07-03 15:31:59,2025-07-03 15:38:40.494054,2025-07-03 15:39:38.500000,2025-07-03 15:44:52.200,12.886666666666667,0.9667657666666667,8,2,osrm
572,delivered,2025-07-03 15:33:23,2025-07-03 15:45:27.661526,2025-07-03 15:53:51.000000,2025-07-03 15:58:47.400,25.40666666666667,8.388974566666667,14,2,osrm
573,delivered,2025-07-03 15:34:03,2025-07-03 15:49:49.205143,2025-07-03 16:10:41.175841,2025-07-03 16:14:46.200,40.72,20.8661783,32,2,osrm
574,delivered,2025-07-03 15:35:23,2025-07-03 15:47:34.475469,2025-07-03 16:16:02.029305,2025-07-03 16:15:39.700,40.27833333333333,28.4592306,10,3,osrm
575,delivered,2025-07-03 15:35:07,2025-07-03 15:46:20.769314,2025-07-03 16:07:39.800000,2025-07-03 16:12:40.900,37.565000000000005,21.3171781,15,3,osrm
576,delivered,2025-07-03 15:38:47,2025-07-03 15:53:34.560002,2025-07-03 16:03:50.900000,2025-07-03 16:08:28.100,29.685,10.272333300000001,27,2,osrm
577,delivered,2025-07-03 15:40:15,2025-07-03 15:56:22.562753,2025-07-03 16:00:56.600000,2025-07-03 16:04:25.700,24.178333333333335,4.567287449999999,13,1,osrm
578,delivered,2025-07-03 15:40:55,2025-07-03 15:58:50.409448,2025-07-03 16:18:10.600000,2025-07-03 16:22:23.600,41.47666666666667,19.336509200000002,2,2,osrm
579,delivered,2025-07-03 15:43:14,2025-07-03 15:48:22.531548,2025-07-03 15:55:59.000000,2025-07-03 15:59:56.800,16.71333333333333,7.607807533333333,5,3,osrm
580,delivered,2025-07-03 15:43:14,2025-07-03 15:52:36.199629,2025-07-03 16:03:52.600000,2025-07-03 16:07:46.300,24.538333333333334,11.273339516666665,36,1,osrm
581,delivered,2025-07-03 15:43:41,2025-07-03 15:56:17.828980,2025-07-03 16:21:27.614519,2025-07-03 16:17:09.100,33.468333333333334,25.163092316666667,38,3,osrm
582,delivered,2025-07-03 15:44:40,2025-07-03 15:54:17.390567,2025-07-03 16:35:06.247852,2025-07-03 16:34:12.100,49.535,40.81428808333333,25,4,osrm
583,delivered,2025-07-03 15:44:30,2025-07-03 15:57:35.136303,2025-07-03 16:38:21.774316,2025-07-03 16:46:05.600,61.593333333333334,40.77730021666666,26,4,osrm
584,delivered,2025-07-03 15:48:50,2025-07-03 15:58:42.371799,2025-07-03 15:59:49.600000,2025-07-03 16:04:15.700,15.428333333333335,1.1204700166666666,21,2,osrm
585,delivered,2025-07-03 15:48:06,2025-07-03 16:00:40.746072,2025-07-03 16:37:52.957734,2025-07-03 16:49:57.200,61.85333333333333,37.2035277,15,4,osrm
586,delivered,2025-07-03 15:50:50,2025-07-03 16:02:05.835642,2025-07-03 16:21:27.614519,2025-07-03 16:17:09.100,26.31833333333333,19.362981283333333,38,3,osrm
587,delivered,2025-07-03 15:51:40,2025-07-03 15:58:04.451854,2025-07-03 16:16:02.029305,2025-07-03 16:15:39.700,23.995,17.959624183333336,10,3,osrm
588,delivered,2025-07-03 15:52:26,2025-07-03 16:02:37.352413,2025-07-03 16:11:19.500000,2025-07-03 16:14:04.500,21.641666666666666,8.702459783333333,5,1,osrm
589,delivered,2025-07-03 15:52:17,2025-07-03 16:04:13.407543,2025-07-03 16:28:43.500000,2025-07-03 16:34:07.200,41.836666666666666,24.50154095,28,4,osrm
590,delivered,2025-07-03 15:52:51,2025-07-03 16:09:12.374997,2025-07-03 16:19:48.459693,2025-07-03 16:23:30.900,30.665000000000003,10.6014116,36,2,osrm
591,delivered,2025-07-03 15:52:54,2025-07-03 16:07:33.884925,2025-07-03 16:27:20.783033,2025-07-03 16:31:53.000,38.983333333333334,19.781635133333335,11,4,osrm
592,delivered,2025-07-03 15:53:25,2025-07-03 16:05:52.400838,2025-07-03 16:40:02.622402,2025-07-03 16:46:55.000,53.5,34.1703594,16,4,osrm
593,delivered,2025-07-03 15:53:11,2025-07-03 16:06:35.246138,2025-07-03 16:41:30.230258,2025-07-03 16:46:45.200,53.57,34.916402,21,4,osrm
594,delivered,2025-07-03 15:54:10,2025-07-03 16:08:55.878604,2025-07-03 16:08:55.878604,2025-07-03 16:11:42.700,17.545,0.0,9,1,osrm
595,delivered,2025-07-03 15:54:01,2025-07-03 16:09:36.354892,2025-07-03 16:29:24.232459,2025-07-03 16:38:54.100,44.885,19.79795945,35,4,osrm
596,delivered,2025-07-03 15:54:38,2025-07-03 16:07:36.328535,2025-07-03 16:38:21.774316,2025-07-03 16:46:05.600,51.46,30.75742968333333,26,4,osrm
597,delivered,2025-07-03 15:55:07,2025-07-03 16:03:48.352508,2025-07-03 16:03:48.352508,2025-07-03 16:09:27.000,14.333333333333334,0.0,12,2,osrm
598,delivered,2025-07-03 15:59:44,2025-07-03 16:08:19.236516,2025-07-03 16:40:02.622402,2025-07-03 16:46:55.000,47.18333333333333,31.7230981,16,4,osrm
599,delivered,2025-07-03 16:00:23,2025-07-03 16:10:41.175841,2025-07-03 16:10:41.175841,2025-07-03 16:14:46.200,14.386666666666667,0.0,32,2,osrm
600,delivered,2025-07-03 16:00:19,2025-07-03 16:09:45.781243,2025-07-03 16:45:40.058334,2025-07-03 16:49:49.100,49.501666666666665,35.90461818333333,12,4,osrm
601,delivered,2025-07-03 16:00:44,2025-07-03 16:11:06.252859,2025-07-03 16:29:24.232459,2025-07-03 16:38:54.100,38.16833333333333,18.29966,35,4,osrm
602,delivered,2025-07-03 16:01:19,2025-07-03 16:13:01.511071,2025-07-03 16:39:22.900000,2025-07-03 16:49:38.900,48.33166666666667,26.356482149999998,10,4,osrm
603,delivered,2025-07-03 16:01:26,2025-07-03 16:13:22.474311,2025-07-03 16:23:48.900000,2025-07-03 16:38:06.500,36.675,10.44042815,13,4,osrm
604,delivered,2025-07-03 16:02:24,2025-07-03 16:13:12.089641,2025-07-03 16:55:29.679594,2025-07-03 16:51:00.900,48.615,42.29316588333334,9,4,osrm
605,delivered,2025-07-03 16:02:03,2025-07-03 16:18:04.931164,2025-07-03 16:18:10.600000,2025-07-03 16:22:23.600,20.34333333333333,0.0944806,2,2,osrm
606,delivered,2025-07-03 16:03:45,2025-07-03 16:19:16.462308,2025-07-03 16:27:20.783033,2025-07-03 16:31:53.000,28.133333333333333,8.072012083333332,11,4,osrm
607,delivered,2025-07-03 16:03:36,2025-07-03 16:13:44.102889,2025-07-03 16:19:55.300000,2025-07-03 16:23:08.300,19.538333333333334,6.186618516666667,18,1,osrm
608,delivered,2025-07-03 16:03:29,2025-07-03 16:16:02.029305,2025-07-03 16:16:02.029305,2025-07-03 16:15:39.700,12.178333333333335,0.0,10,3,osrm
609,delivered,2025-07-03 16:03:14,2025-07-03 16:17:47.528768,2025-07-03 16:28:43.500000,2025-07-03 16:34:07.200,30.886666666666667,10.932853866666667,28,4,osrm
610,delivered,2025-07-03 16:04:39,2025-07-03 16:17:25.428487,2025-07-03 16:59:55.656370,2025-07-03 17:07:08.000,62.483333333333334,42.50379805,25,4,osrm
611,delivered,2025-07-03 16:05:51,2025-07-03 16:21:27.614519,2025-07-03 16:24:02.200000,2025-07-03 16:25:34.600,19.726666666666667,2.5764246833333333,5,1,osrm
612,delivered,2025-07-03 16:05:58,2025-07-03 16:19:35.989658,2025-07-03 16:41:30.230258,2025-07-03 16:46:45.200,40.78666666666666,21.904010000000003,21,4,osrm
613,delivered,2025-07-03 16:06:16,2025-07-03 16:20:31.197922,2025-07-03 16:20:31.197922,2025-07-03 16:20:26.700,14.178333333333335,0.0,35,4,osrm
614,delivered,2025-07-03 16:06:11,2025-07-03 16:19:48.459693,2025-07-03 16:19:48.459693,2025-07-03 16:23:30.900,17.331666666666667,0.0,36,2,osrm
615,delivered,2025-07-03 16:06:45,2025-07-03 16:20:16.953212,2025-07-03 16:29:24.232459,2025-07-03 16:38:54.100,32.151666666666664,9.121320783333335,35,4,osrm
616,delivered,2025-07-03 16:06:23,2025-07-03 16:18:24.684782,2025-07-03 16:41:30.230258,2025-07-03 16:46:45.200,40.37,23.0924246,21,4,osrm
617,delivered,2025-07-03 16:07:32,2025-07-03 16:19:11.126800,2025-07-03 16:39:25.100000,2025-07-03 16:45:52.500,38.34166666666667,20.232886666666666,38,3,osrm
618,delivered,2025-07-03 16:08:13,2025-07-03 16:16:03.389828,2025-07-03 16:35:06.247852,2025-07-03 16:34:12.100,25.985,19.04763373333333,25,4,osrm
619,delivered,2025-07-03 16:08:09,2025-07-03 16:23:35.585129,2025-07-03 16:27:20.783033,2025-07-03 16:31:53.000,23.733333333333334,3.7532984,11,4,osrm
620,delivered,2025-07-03 16:09:42,2025-07-03 16:21:11.674333,2025-07-03 16:38:21.774316,2025-07-03 16:46:05.600,36.39333333333333,17.16833305,26,4,osrm
621,delivered,2025-07-03 16:09:04,2025-07-03 16:19:41.647413,2025-07-03 16:57:30.688139,2025-07-03 17:00:13.100,51.151666666666664,37.81734543333334,24,4,osrm
622,delivered,2025-07-03 16:10:09,2025-07-03 16:22:49.012214,2025-07-03 16:57:30.688139,2025-07-03 17:00:13.100,50.068333333333335,34.69459875,24,4,osrm
623,delivered,2025-07-03 16:10:18,2025-07-03 16:20:03.028273,2025-07-03 16:37:52.957734,2025-07-03 16:49:57.200,39.65333333333333,17.83215768333333,15,4,osrm
624,delivered,2025-07-03 16:11:40,2025-07-03 16:26:13.553928,2025-07-03 16:54:17.334533,2025-07-03 17:02:35.500,50.925,28.06301008333333,17,4,osrm
625,delivered,2025-07-03 16:13:27,2025-07-03 16:21:24.676622,2025-07-03 16:35:06.247852,2025-07-03 16:34:12.100,20.751666666666665,13.692853833333334,25,4,osrm
626,delivered,2025-07-03 16:13:24,2025-07-03 16:18:24.000000,2025-07-03 16:20:55.000000,2025-07-03 16:24:24.400,11.006666666666666,2.5166666666666666,37,1,osrm
627,delivered,2025-07-03 16:13:05,2025-07-03 16:24:22.358374,2025-07-03 17:05:48.802127,2025-07-03 17:13:21.500,60.275,41.44072921666667,39,4,osrm
628,delivered,2025-07-03 16:14:16,2025-07-03 16:24:36.323421,2025-07-03 16:39:25.100000,2025-07-03 16:45:52.500,31.608333333333334,14.812942983333333,38,3,osrm
629,delivered,2025-07-03 16:15:49,2025-07-03 16:30:01.177383,2025-07-03 17:10:50.805943,2025-07-03 17:16:16.000,60.45,40.82714266666667,21,4,osrm
630,delivered,2025-07-03 16:15:13,2025-07-03 16:22:58.424998,2025-07-03 16:57:28.082836,2025-07-03 17:06:12.100,50.985,34.4942973,18,4,osrm
631,delivered,2025-07-03 16:15:23,2025-07-03 16:28:17.308238,2025-07-03 16:44:56.447167,2025-07-03 16:54:16.200,38.88666666666666,16.652315483333332,8,4,osrm
632,delivered,2025-07-03 16:15:04,2025-07-03 16:22:15.161321,2025-07-03 16:43:38.293858,2025-07-03 16:52:34.500,37.50833333333333,21.385542283333333,33,3,osrm
633,delivered,2025-07-03 16:15:53,2025-07-03 16:27:20.783033,2025-07-03 16:34:18.648137,2025-07-03 16:41:01.600,25.14333333333333,6.9644184,32,4,osrm
634,delivered,2025-07-03 16:16:22,2025-07-03 16:35:06.247852,2025-07-03 16:40:11.928369,2025-07-03 16:47:41.200,31.32,5.094675283333333,31,4,osrm
635,delivered,2025-07-03 16:17:33,2025-07-03 16:29:24.232459,2025-07-03 16:29:24.232459,2025-07-03 16:38:54.100,21.351666666666667,0.0,35,4,osrm
636,delivered,2025-07-03 16:17:13,2025-07-03 16:28:15.651008,2025-07-03 17:01:32.062539,2025-07-03 17:12:50.300,55.62166666666667,33.273525516666666,36,4,osrm
637,delivered,2025-07-03 16:19:25,2025-07-03 16:27:36.977325,2025-07-03 16:51:59.045880,2025-07-03 16:56:17.200,36.87,24.36780925,7,4,osrm
638,delivered,2025-07-03 16:19:00,2025-07-03 16:25:21.391334,2025-07-03 16:40:11.928369,2025-07-03 16:47:41.200,28.686666666666667,14.842283916666666,31,4,osrm
639,delivered,2025-07-03 16:20:06,2025-07-03 16:33:53.732247,2025-07-03 16:57:28.082836,2025-07-03 17:06:12.100,46.10166666666667,23.572509816666663,18,4,osrm
640,delivered,2025-07-03 16:20:39,2025-07-03 16:34:18.648137,2025-07-03 16:51:42.176160,2025-07-03 16:56:42.700,36.06166666666666,17.392133716666667,14,4,osrm
641,delivered,2025-07-03 16:20:06,2025-07-03 16:29:31.960276,2025-07-03 16:43:38.293858,2025-07-03 16:52:34.500,32.475,14.105559699999999,33,3,osrm
642,delivered,2025-07-03 16:22:29,2025-07-03 16:28:17.731286,2025-07-03 16:40:11.928369,2025-07-03 16:47:41.200,25.203333333333333,11.903284716666667,31,4,osrm
643,delivered,2025-07-03 16:22:16,2025-07-03 16:32:21.549174,2025-07-03 16:55:29.679594,2025-07-03 16:51:00.900,28.748333333333335,23.135507,9,4,osrm
644,delivered,2025-07-03 16:22:27,2025-07-03 16:34:19.497618,2025-07-03 17:26:21.278225,2025-07-03 17:34:44.200,72.28666666666666,52.029676783333336,8,4,osrm
645,delivered,2025-07-03 16:22:51,2025-07-03 16:28:58.545997,2025-07-03 16:37:52.957734,2025-07-03 16:49:57.200,27.103333333333335,8.906862283333334,15,4,osrm
646,delivered,2025-07-03 16:23:04,2025-07-03 16:35:38.907563,2025-07-03 17:11:49.498287,2025-07-03 17:17:20.900,54.281666666666666,36.17651206666667,4,4,osrm
647,delivered,2025-07-03 16:23:47,2025-07-03 16:33:52.709914,2025-07-03 16:59:55.656370,2025-07-03 17:07:08.000,43.35,26.0491076,25,4,osrm
648,delivered,2025-07-03 16:23:35,2025-07-03 16:38:36.174460,2025-07-03 17:06:48.034436,2025-07-03 17:11:39.300,48.07166666666667,28.197666266666666,16,4,osrm
649,delivered,2025-07-03 16:23:46,2025-07-03 16:35:43.828447,2025-07-03 17:11:49.498287,2025-07-03 17:17:20.900,53.58166666666667,36.09449733333334,4,4,osrm
650,delivered,2025-07-03 16:23:38,2025-07-03 16:37:38.126169,2025-07-03 16:45:40.058334,2025-07-03 16:49:49.100,26.185,8.03220275,12,4,osrm
651,delivered,2025-07-03 16:24:08,2025-07-03 16:35:11.643301,2025-07-03 16:39:22.900000,2025-07-03 16:49:38.900,25.515,4.18761165,10,4,osrm
652,delivered,2025-07-03 16:24:25,2025-07-03 16:34:01.989864,2025-07-03 16:39:25.100000,2025-07-03 16:45:52.500,21.458333333333332,5.3851689333333335,38,3,osrm
653,delivered,2025-07-03 16:24:29,2025-07-03 16:35:21.477888,2025-07-03 16:57:30.688139,2025-07-03 17:00:13.100,35.735,22.153504183333332,24,4,osrm
654,delivered,2025-07-03 16:25:39,2025-07-03 16:38:35.350818,2025-07-03 17:07:09.849794,2025-07-03 17:06:53.900,41.248333333333335,28.574982933333335,10,4,osrm
655,delivered,2025-07-03 16:25:52,2025-07-03 16:35:54.105906,2025-07-03 16:39:22.900000,2025-07-03 16:49:38.900,23.78166666666667,3.479901566666667,10,4,osrm
656,delivered,2025-07-03 16:26:24,2025-07-03 16:41:54.149213,2025-07-03 16:51:59.045880,2025-07-03 16:56:17.200,29.886666666666667,10.081611116666666,7,4,osrm
657,delivered,2025-07-03 16:26:10,2025-07-03 16:36:53.392213,2025-07-03 17:02:32.489634,2025-07-03 17:04:53.400,38.723333333333336,25.651623683333334,22,2,osrm
658,delivered,2025-07-03 16:26:51,2025-07-03 16:37:52.957734,2025-07-03 16:37:52.957734,2025-07-03 16:49:57.200,23.103333333333335,0.0,15,4,osrm
659,delivered,2025-07-03 16:27:21,2025-07-03 16:34:07.890259,2025-07-03 16:56:25.346267,2025-07-03 16:56:00.200,28.653333333333332,22.29093346666667,13,4,osrm
660,delivered,2025-07-03 16:27:04,2025-07-03 16:38:08.477721,2025-07-03 17:09:45.299394,2025-07-03 17:17:30.500,50.44166666666667,31.613694549999998,7,4,osrm
661,delivered,2025-07-03 16:27:13,2025-07-03 16:40:02.622402,2025-07-03 16:40:02.622402,2025-07-03 16:46:55.000,19.7,0.0,16,4,osrm
662,delivered,2025-07-03 16:27:00,2025-07-03 16:38:21.774316,2025-07-03 16:38:21.774316,2025-07-03 16:46:05.600,19.09333333333333,0.0,26,4,osrm
663,delivered,2025-07-03 16:28:30,2025-07-03 16:40:32.188937,2025-07-03 16:44:56.447167,2025-07-03 16:54:16.200,25.77,4.4043038333333335,8,4,osrm
664,delivered,2025-07-03 16:28:37,2025-07-03 16:44:37.264657,2025-07-03 17:25:20.342206,2025-07-03 17:31:05.900,62.48166666666667,40.71795915,34,4,osrm
665,delivered,2025-07-03 16:28:06,2025-07-03 16:38:38.606729,2025-07-03 16:39:22.900000,2025-07-03 16:49:38.900,21.548333333333336,0.7382211833333333,10,4,osrm
666,delivered,2025-07-03 16:28:30,2025-07-03 16:41:35.547715,2025-07-03 16:50:08.240229,2025-07-03 16:52:51.600,24.36,8.544875233333332,39,4,osrm
667,delivered,2025-07-03 16:29:30,2025-07-03 16:39:08.867945,2025-07-03 18:44:57.400000,2025-07-03 18:53:18.200,143.80333333333334,125.80886758333332,13,4,osrm
668,delivered,2025-07-03 16:29:09,2025-07-03 16:40:11.928369,2025-07-03 16:55:29.679594,2025-07-03 16:51:00.900,21.865000000000002,15.29585375,9,4,osrm
669,delivered,2025-07-03 16:29:23,2025-07-03 16:37:39.539049,2025-07-03 17:13:53.152771,2025-07-03 17:23:43.800,54.34666666666667,36.22689536666667,37,4,osrm
670,delivered,2025-07-03 16:29:15,2025-07-03 16:45:41.791586,2025-07-03 17:14:14.336472,2025-07-03 17:19:57.700,50.711666666666666,28.542414766666663,12,4,osrm
671,delivered,2025-07-03 16:31:26,2025-07-03 16:46:00.097259,2025-07-03 18:56:23.700000,2025-07-03 19:03:52.500,152.44166666666666,130.39337901666667,38,3,osrm
672,delivered,2025-07-03 16:31:16,2025-07-03 16:44:17.784112,2025-07-03 17:11:27.651716,2025-07-03 17:18:11.400,46.92333333333333,27.164460066666667,35,4,osrm
673,delivered,2025-07-03 16:31:00,2025-07-03 16:43:29.810582,2025-07-03 17:25:20.342206,2025-07-03 17:31:05.900,60.098333333333336,41.84219373333334,34,4,osrm
674,delivered,2025-07-03 16:31:59,2025-07-03 16:41:30.230258,2025-07-03 16:56:25.346267,2025-07-03 16:56:00.200,24.02,14.91860015,13,4,osrm
675,delivered,2025-07-03 16:32:33,2025-07-03 16:40:19.596649,2025-07-03 16:45:40.058334,2025-07-03 16:49:49.100,17.26833333333333,5.341028083333333,12,4,osrm
676,delivered,2025-07-03 16:32:53,2025-07-03 16:50:01.657723,2025-07-03 17:14:59.890065,2025-07-03 17:23:03.900,50.181666666666665,24.970539033333335,11,4,osrm
677,delivered,2025-07-03 16:32:35,2025-07-03 16:44:36.596886,2025-07-03 17:14:14.336472,2025-07-03 17:19:57.700,47.37833333333333,29.6289931,12,4,osrm
678,delivered,2025-07-03 16:33:20,2025-07-03 16:45:35.464539,2025-07-03 19:01:15.300000,2025-07-03 19:07:39.400,154.32333333333332,135.66392435,21,4,osrm
679,delivered,2025-07-03 16:33:47,2025-07-03 16:41:11.232231,2025-07-03 17:05:58.203208,2025-07-03 17:10:43.200,36.93666666666666,24.782849616666667,8,4,osrm
680,delivered,2025-07-03 16:34:24,2025-07-03 16:47:38.551419,2025-07-03 17:21:27.405271,2025-07-03 17:26:23.600,51.99333333333333,33.81423086666667,18,4,osrm
681,delivered,2025-07-03 16:34:41,2025-07-03 16:52:01.307601,2025-07-03 17:11:27.651716,2025-07-03 17:18:11.400,43.50666666666667,19.439068583333334,35,4,osrm
682,delivered,2025-07-03 16:34:17,2025-07-03 16:45:40.735864,2025-07-03 19:20:48.200000,2025-07-03 19:29:26.200,175.15333333333334,155.12440226666666,10,2,osrm
683,delivered,2025-07-03 16:34:42,2025-07-03 16:45:40.058334,2025-07-03 16:45:40.058334,2025-07-03 16:49:49.100,15.118333333333334,0.0,12,4,osrm
684,delivered,2025-07-03 16:35:52,2025-07-03 16:45:25.967597,2025-07-03 17:21:53.606556,2025-07-03 17:25:47.300,49.92166666666667,36.46064931666667,15,4,osrm
685,delivered,2025-07-03 16:35:14,2025-07-03 16:47:09.427707,2025-07-03 18:50:27.400000,2025-07-03 18:58:24.900,143.18166666666667,123.29953821666666,28,4,osrm
686,delivered,2025-07-03 16:35:50,2025-07-03 16:44:56.447167,2025-07-03 16:44:56.447167,2025-07-03 16:54:16.200,18.436666666666667,0.0,8,4,osrm
687,delivered,2025-07-03 16:35:16,2025-07-03 16:43:38.293858,2025-07-03 17:06:33.815038,2025-07-03 17:10:53.400,35.623333333333335,22.925352999999998,26,3,osrm
688,delivered,2025-07-03 16:35:31,2025-07-03 16:51:59.045880,2025-07-03 16:54:17.334533,2025-07-03 17:02:35.500,27.075,2.3048108833333334,17,4,osrm
689,delivered,2025-07-03 16:35:58,2025-07-03 16:49:22.884773,2025-07-03 17:33:06.427464,2025-07-03 17:38:55.700,62.961666666666666,43.72571151666667,12,4,osrm
690,delivered,2025-07-03 16:36:09,2025-07-03 16:46:46.901554,2025-07-03 16:56:25.346267,2025-07-03 16:56:00.200,19.853333333333335,9.640745216666666,13,4,osrm
691,delivered,2025-07-03 16:36:57,2025-07-03 16:46:08.946650,2025-07-03 17:14:32.347205,2025-07-03 17:21:04.500,44.125,28.39000925,23,4,osrm
692,delivered,2025-07-03 16:36:38,2025-07-03 16:50:13.574224,2025-07-03 17:25:56.115559,2025-07-03 17:34:40.100,58.035,35.70902225,28,4,osrm
693,delivered,2025-07-03 16:37:28,2025-07-03 16:52:38.812434,2025-07-03 17:35:19.897756,2025-07-03 17:42:00.600,64.54333333333334,42.684755366666664,27,4,osrm
694,delivered,2025-07-03 16:37:24,2025-07-03 16:52:35.599162,2025-07-03 19:20:08.700000,2025-07-03 19:24:59.600,167.59333333333333,147.55168063333335,35,2,osrm
695,delivered,2025-07-03 16:37:34,2025-07-03 16:50:08.240229,2025-07-03 16:54:17.334533,2025-07-03 17:02:35.500,25.025,4.151571733333333,17,4,osrm
696,delivered,2025-07-03 16:37:54,2025-07-03 16:51:25.025014,2025-07-03 17:34:09.659949,2025-07-03 17:33:03.900,55.165,42.74391558333333,26,4,osrm
697,delivered,2025-07-03 16:38:27,2025-07-03 16:53:52.419857,2025-07-03 17:13:53.152771,2025-07-03 17:23:43.800,45.28,20.012215233333333,37,4,osrm
698,delivered,2025-07-03 16:38:38,2025-07-03 16:46:49.436546,2025-07-03 17:08:56.851823,2025-07-03 17:13:46.700,35.144999999999996,22.12358795,30,4,osrm
699,delivered,2025-07-03 16:38:33,2025-07-03 16:54:45.385496,2025-07-03 18:59:11.900000,2025-07-03 19:10:08.100,151.585,124.4419084,37,4,osrm
700,delivered,2025-07-03 16:38:08,2025-07-03 16:49:11.217196,2025-07-03 17:34:09.659949,2025-07-03 17:33:03.900,54.931666666666665,44.97404588333333,26,4,osrm
701,delivered,2025-07-03 16:38:45,2025-07-03 16:53:58.643794,2025-07-03 17:15:55.485749,2025-07-03 17:23:48.800,45.06333333333334,21.94736591666667,17,4,osrm
702,delivered,2025-07-03 16:38:38,2025-07-03 16:53:47.329723,2025-07-03 17:08:56.851823,2025-07-03 17:13:46.700,35.144999999999996,15.158701666666667,30,4,osrm
703,delivered,2025-07-03 16:38:15,2025-07-03 16:55:29.679594,2025-07-03 17:07:09.849794,2025-07-03 17:06:53.900,28.648333333333333,11.669503333333333,10,4,osrm
704,delivered,2025-07-03 16:40:34,2025-07-03 16:54:25.676914,2025-07-03 17:01:32.062539,2025-07-03 17:12:50.300,32.27166666666667,7.106427083333333,36,4,osrm
705,delivered,2025-07-03 16:40:36,2025-07-03 16:50:39.016305,2025-07-03 17:06:48.034436,2025-07-03 17:11:39.300,31.055,16.150302183333334,16,4,osrm
706,delivered,2025-07-03 16:40:29,2025-07-03 16:49:06.320038,2025-07-03 17:14:59.890065,2025-07-03 17:23:03.900,42.58166666666667,25.892833783333334,11,4,osrm
707,delivered,2025-07-03 16:41:03,2025-07-03 16:58:14.862269,2025-07-03 17:05:58.203208,2025-07-03 17:10:43.200,29.67,7.722348983333333,8,4,osrm
708,delivered,2025-07-03 16:41:44,2025-07-03 16:57:30.688139,2025-07-03 16:57:30.688139,2025-07-03 17:00:13.100,18.485,0.0,24,4,osrm
709,delivered,2025-07-03 16:41:19,2025-07-03 16:51:26.581056,2025-07-03 17:21:53.606556,2025-07-03 17:25:47.300,44.47166666666667,30.450425,15,4,osrm
710,delivered,2025-07-03 16:41:36,2025-07-03 16:49:22.903242,2025-07-03 17:57:05.433008,2025-07-03 17:58:36.600,77.01,67.70882943333334,15,2,osrm
711,delivered,2025-07-03 16:41:47,2025-07-03 16:56:41.299620,2025-07-03 17:23:25.779754,2025-07-03 17:28:05.000,46.3,26.741335566666667,3,4,osrm
712,delivered,2025-07-03 16:42:50,2025-07-03 16:56:25.346267,2025-07-03 16:56:25.346267,2025-07-03 16:56:00.200,13.17,0.0,13,4,osrm
713,delivered,2025-07-03 16:42:28,2025-07-03 16:59:29.874975,2025-07-03 19:19:29.300000,2025-07-03 19:25:31.500,163.05833333333334,139.99041708333334,14,2,osrm
714,delivered,2025-07-03 16:42:50,2025-07-03 16:52:34.815555,2025-07-03 17:34:24.098847,2025-07-03 17:42:45.900,59.931666666666665,41.8213882,23,4,osrm
715,delivered,2025-07-03 16:42:11,2025-07-03 16:54:37.205323,2025-07-03 17:10:45.874155,2025-07-03 17:18:02.300,35.855000000000004,16.144480533333333,24,4,osrm
716,delivered,2025-07-03 16:42:47,2025-07-03 16:58:52.206501,2025-07-03 17:14:14.336472,2025-07-03 17:19:57.700,37.17833333333333,15.368832849999999,12,4,osrm
717,delivered,2025-07-03 16:43:44,2025-07-03 16:51:42.176160,2025-07-03 16:55:29.679594,2025-07-03 17:03:40.500,19.941666666666666,3.7917239,37,4,osrm
718,delivered,2025-07-03 16:44:45,2025-07-03 16:51:44.608130,2025-07-03 18:50:27.400000,2025-07-03 18:58:24.900,133.665,118.71319783333334,28,4,osrm
719,delivered,2025-07-03 16:44:39,2025-07-03 16:59:04.586439,2025-07-03 18:50:43.400000,2025-07-03 18:59:19.300,134.67166666666668,111.64689268333333,39,4,osrm
720,delivered,2025-07-03 16:45:43,2025-07-03 16:54:17.334533,2025-07-03 17:16:32.471113,2025-07-03 17:17:52.100,32.151666666666664,22.252276333333334,6,4,osrm
721,delivered,2025-07-03 16:45:46,2025-07-03 17:02:08.810108,2025-07-03 18:50:43.400000,2025-07-03 18:59:19.300,133.555,108.5764982,39,4,osrm
722,delivered,2025-07-03 16:45:46,2025-07-03 16:51:21.942612,2025-07-03 17:13:38.455654,2025-07-03 17:17:40.800,31.913333333333334,22.275217366666666,27,4,osrm
723,delivered,2025-07-03 16:46:54,2025-07-03 16:55:29.655691,2025-07-03 17:25:58.093793,2025-07-03 17:27:17.900,40.39833333333333,30.473968366666668,1,4,osrm
724,delivered,2025-07-03 16:46:29,2025-07-03 17:03:12.338526,2025-07-03 17:36:48.880395,2025-07-03 17:42:56.000,56.45,33.60903115,30,4,osrm
725,delivered,2025-07-03 16:46:04,2025-07-03 16:54:47.795300,2025-07-03 17:26:21.278225,2025-07-03 17:34:44.200,48.669999999999995,31.55804875,8,4,osrm
726,delivered,2025-07-03 16:46:21,2025-07-03 16:59:44.713504,2025-07-03 17:05:48.802127,2025-07-03 17:13:21.500,27.008333333333333,6.0681437166666665,39,4,osrm
727,delivered,2025-07-03 16:46:29,2025-07-03 16:59:55.656370,2025-07-03 16:59:55.656370,2025-07-03 17:07:08.000,20.65,0.0,25,4,osrm
728,delivered,2025-07-03 16:47:13,2025-07-03 17:01:32.062539,2025-07-03 17:01:32.062539,2025-07-03 17:12:50.300,25.621666666666666,0.0,36,4,osrm
729,delivered,2025-07-03 16:47:32,2025-07-03 16:57:34.304807,2025-07-03 17:13:38.455654,2025-07-03 17:17:40.800,30.146666666666665,16.069180783333334,27,4,osrm
730,delivered,2025-07-03 16:47:20,2025-07-03 16:59:01.671939,2025-07-03 17:01:32.062539,2025-07-03 17:12:50.300,25.505,2.50651,36,4,osrm
731,delivered,2025-07-03 16:47:16,2025-07-03 16:57:28.082836,2025-07-03 16:57:28.082836,2025-07-03 17:06:12.100,18.935,0.0,18,4,osrm
732,delivered,2025-07-03 16:47:22,2025-07-03 17:01:35.956507,2025-07-03 19:01:15.300000,2025-07-03 19:07:39.400,140.29,119.65572488333333,21,4,osrm
733,delivered,2025-07-03 16:47:54,2025-07-03 17:00:25.678358,2025-07-03 17:40:23.029872,2025-07-03 17:49:40.300,61.77166666666667,39.95585856666666,1,4,osrm
734,delivered,2025-07-03 16:48:08,2025-07-03 17:01:33.482165,2025-07-03 17:34:33.504064,2025-07-03 17:39:24.400,51.27333333333333,33.000364983333334,20,4,osrm
735,delivered,2025-07-03 16:48:39,2025-07-03 17:05:40.983864,2025-07-03 17:13:53.152771,2025-07-03 17:23:43.800,35.080000000000005,8.202815116666667,37,4,osrm
736,delivered,2025-07-03 16:50:01,2025-07-03 17:05:17.517694,2025-07-03 17:06:48.034436,2025-07-03 17:11:39.300,21.638333333333332,1.5086123666666666,16,4,osrm
737,delivered,2025-07-03 16:50:37,2025-07-03 17:02:41.554597,2025-07-03 17:26:24.342696,2025-07-03 17:31:43.500,41.108333333333334,23.713134983333337,9,4,osrm
738,delivered,2025-07-03 16:50:12,2025-07-03 17:05:30.872154,2025-07-03 17:14:59.890065,2025-07-03 17:23:03.900,32.865,9.48363185,11,4,osrm
739,delivered,2025-07-03 16:50:32,2025-07-03 17:03:58.540443,2025-07-03 17:03:58.540443,2025-07-03 17:12:07.500,21.591666666666665,0.0,2,4,osrm
740,delivered,2025-07-03 16:50:15,2025-07-03 17:00:57.102457,2025-07-03 17:19:22.465475,2025-07-03 17:25:47.000,35.53333333333333,18.422716966666666,10,4,osrm
741,delivered,2025-07-03 16:50:01,2025-07-03 17:07:09.849794,2025-07-03 17:07:09.849794,2025-07-03 17:06:53.900,16.881666666666668,0.0,10,4,osrm
742,delivered,2025-07-03 16:51:34,2025-07-03 17:02:32.489634,2025-07-03 17:02:32.489634,2025-07-03 17:04:53.400,13.323333333333332,0.0,22,2,osrm
743,delivered,2025-07-03 16:51:00,2025-07-03 17:06:52.834221,2025-07-03 17:15:50.506877,2025-07-03 17:23:21.400,32.35666666666667,8.961210933333332,19,4,osrm
744,delivered,2025-07-03 16:51:55,2025-07-03 17:06:33.815038,2025-07-03 17:06:33.815038,2025-07-03 17:10:53.400,18.973333333333336,0.0,26,3,osrm
745,delivered,2025-07-03 16:52:07,2025-07-03 17:02:40.976135,2025-07-03 17:08:56.851823,2025-07-03 17:13:46.700,21.66166666666667,6.2645948,30,4,osrm
746,delivered,2025-07-03 16:52:07,2025-07-03 17:05:22.669083,2025-07-03 19:09:34.600000,2025-07-03 19:10:41.800,138.57999999999998,124.19884861666667,16,1,osrm
747,delivered,2025-07-03 16:52:31,2025-07-03 17:02:22.839104,2025-07-03 17:05:58.203208,2025-07-03 17:10:43.200,18.203333333333333,3.5894017333333332,8,4,osrm
748,delivered,2025-07-03 16:52:29,2025-07-03 17:10:50.805943,2025-07-03 17:13:38.455654,2025-07-03 17:17:40.800,25.196666666666665,2.79416185,27,4,osrm
749,delivered,2025-07-03 16:52:04,2025-07-03 17:06:10.386383,2025-07-03 18:50:43.400000,2025-07-03 18:59:19.300,127.25500000000001,104.55022695,39,4,osrm
750,delivered,2025-07-03 16:53:16,2025-07-03 17:05:56.216939,2025-07-03 19:08:28.500000,2025-07-03 19:13:55.000,140.65,122.53805101666667,22,3,osrm
751,delivered,2025-07-03 16:53:01,2025-07-03 17:06:48.034436,2025-07-03 17:06:48.034436,2025-07-03 17:11:39.300,18.638333333333332,0.0,16,4,osrm
752,delivered,2025-07-03 16:53:11,2025-07-03 17:05:48.802127,2025-07-03 17:19:22.465475,2025-07-03 17:25:47.000,32.6,13.5610558,10,4,osrm
753,delivered,2025-07-03 16:54:54,2025-07-03 17:11:12.556758,2025-07-03 17:11:12.556758,2025-07-03 17:15:52.400,20.973333333333336,0.0,13,4,osrm
754,delivered,2025-07-03 16:54:07,2025-07-03 17:04:12.112231,2025-07-03 17:07:09.849794,2025-07-03 17:06:53.900,12.781666666666666,2.9622927166666666,10,4,osrm
755,delivered,2025-07-03 16:55:57,2025-07-03 17:06:53.287307,2025-07-03 17:15:55.485749,2025-07-03 17:23:48.800,27.863333333333333,9.0366407,17,4,osrm
756,delivered,2025-07-03 16:55:06,2025-07-03 17:09:18.993389,2025-07-03 17:42:45.780948,2025-07-03 17:52:54.700,57.81166666666666,33.44645931666667,18,4,osrm
757,delivered,2025-07-03 16:55:29,2025-07-03 17:05:56.727005,2025-07-03 17:53:41.600000,2025-07-03 18:00:54.400,65.42333333333333,47.74788325,2,4,osrm
758,delivered,2025-07-03 16:55:13,2025-07-03 17:05:58.203208,2025-07-03 17:05:58.203208,2025-07-03 17:10:43.200,15.503333333333334,0.0,8,4,osrm
759,delivered,2025-07-03 16:56:18,2025-07-03 17:08:56.851823,2025-07-03 17:08:56.851823,2025-07-03 17:13:46.700,17.478333333333335,0.0,30,4,osrm
760,delivered,2025-07-03 16:56:15,2025-07-03 17:01:40.596039,2025-07-03 17:24:24.552035,2025-07-03 17:31:54.500,35.65833333333333,22.732599933333333,22,4,osrm
761,delivered,2025-07-03 16:56:41,2025-07-03 17:07:37.174504,2025-07-03 17:25:58.093793,2025-07-03 17:33:03.700,36.37833333333333,18.348654816666667,2,4,osrm
762,delivered,2025-07-03 16:56:28,2025-07-03 17:05:03.962514,2025-07-03 17:05:03.962514,2025-07-03 17:10:39.100,14.185,0.0,32,3,osrm
763,delivered,2025-07-03 16:56:35,2025-07-03 17:08:42.100294,2025-07-03 17:15:55.485749,2025-07-03 17:23:48.800,27.23,7.223090916666666,17,4,osrm
764,delivered,2025-07-03 16:57:00,2025-07-03 17:05:07.178172,2025-07-03 17:34:15.650683,2025-07-03 17:39:05.100,42.085,29.141208516666666,17,4,osrm
765,delivered,2025-07-03 16:57:50,2025-07-03 17:06:07.339251,2025-07-03 17:26:13.884741,2025-07-03 17:29:50.100,32.001666666666665,20.109091499999998,33,4,osrm
766,delivered,2025-07-03 16:57:35,2025-07-03 17:10:43.853649,2025-07-03 17:11:49.498287,2025-07-03 17:17:20.900,19.765,1.0940773,4,4,osrm
767,delivered,2025-07-03 16:58:34,2025-07-03 17:12:46.409114,2025-07-03 17:37:09.109684,2025-07-03 17:43:32.800,44.980000000000004,24.37834283333333,19,4,osrm
768,delivered,2025-07-03 16:58:14,2025-07-03 17:10:45.874155,2025-07-03 17:10:45.874155,2025-07-03 17:18:02.300,19.805,0.0,24,4,osrm
769,delivered,2025-07-03 16:59:29,2025-07-03 17:11:27.651716,2025-07-03 17:11:27.651716,2025-07-03 17:18:11.400,18.706666666666667,0.0,35,4,osrm
770,delivered,2025-07-03 16:59:22,2025-07-03 17:11:07.448762,2025-07-03 17:15:50.506877,2025-07-03 17:23:21.400,23.990000000000002,4.71763525,19,4,osrm
771,delivered,2025-07-03 16:59:19,2025-07-03 17:06:51.392247,2025-07-03 17:37:09.690242,2025-07-03 17:44:41.300,45.37166666666667,30.304966583333332,37,4,osrm
772,delivered,2025-07-03 16:59:58,2025-07-03 17:10:41.307635,2025-07-03 18:44:57.400000,2025-07-03 18:53:18.200,113.33666666666666,94.26820608333334,13,4,osrm
773,delivered,2025-07-03 16:59:11,2025-07-03 17:07:49.410918,2025-07-03 17:26:24.342696,2025-07-03 17:31:43.500,32.541666666666664,18.5821963,9,4,osrm
774,delivered,2025-07-03 17:00:18,2025-07-03 17:15:14.790561,2025-07-03 17:25:51.636753,2025-07-03 17:33:01.200,32.72,10.614103199999999,16,4,osrm
775,delivered,2025-07-03 17:00:33,2025-07-03 17:09:45.299394,2025-07-03 17:26:21.278225,2025-07-03 17:34:44.200,34.18666666666666,16.599647183333335,8,4,osrm
776,delivered,2025-07-03 17:00:38,2025-07-03 17:15:55.485749,2025-07-03 17:25:56.115559,2025-07-03 17:34:40.100,34.035,10.010496833333333,28,4,osrm
777,delivered,2025-07-03 17:00:20,2025-07-03 17:10:21.189088,2025-07-03 17:11:27.651716,2025-07-03 17:18:11.400,17.85666666666667,1.1077104666666666,35,4,osrm
778,delivered,2025-07-03 17:00:47,2025-07-03 17:11:57.944558,2025-07-03 17:42:00.302639,2025-07-03 17:50:55.600,50.14333333333333,30.039301350000002,5,4,osrm
779,delivered,2025-07-03 17:00:05,2025-07-03 17:11:49.498287,2025-07-03 17:11:49.498287,2025-07-03 17:17:20.900,17.265,0.0,4,4,osrm
780,delivered,2025-07-03 17:00:12,2025-07-03 17:13:38.455654,2025-07-03 17:13:38.455654,2025-07-03 17:17:40.800,17.48,0.0,27,4,osrm
781,delivered,2025-07-03 17:00:21,2025-07-03 17:06:37.047978,2025-07-03 17:27:21.737059,2025-07-03 17:31:19.100,30.96833333333333,20.744818016666667,39,4,osrm
782,delivered,2025-07-03 17:01:19,2025-07-03 17:17:01.923202,2025-07-03 17:59:21.339636,2025-07-03 18:10:40.900,69.365,42.323607233333334,26,4,osrm
783,delivered,2025-07-03 17:01:06,2025-07-03 17:15:33.353235,2025-07-03 17:53:41.600000,2025-07-03 18:00:54.400,59.806666666666665,38.13744608333333,2,4,osrm
784,delivered,2025-07-03 17:01:02,2025-07-03 17:06:12.752467,2025-07-03 17:09:45.299394,2025-07-03 17:17:30.500,16.475,3.5424487833333336,7,4,osrm
785,delivered,2025-07-03 17:01:50,2025-07-03 17:17:58.961436,2025-07-03 17:53:54.941790,2025-07-03 17:59:24.500,57.575,35.9330059,39,3,osrm
786,delivered,2025-07-03 17:02:22,2025-07-03 17:09:59.698366,2025-07-03 17:23:25.779754,2025-07-03 17:28:05.000,25.716666666666665,13.4346898,3,4,osrm
787,delivered,2025-07-03 17:02:18,2025-07-03 17:14:59.890065,2025-07-03 17:14:59.890065,2025-07-03 17:23:03.900,20.765,0.0,11,4,osrm
788,delivered,2025-07-03 17:02:37,2025-07-03 17:17:42.651843,2025-07-03 17:42:29.438632,2025-07-03 17:47:37.700,45.01166666666666,24.779779816666668,32,4,osrm
789,delivered,2025-07-03 17:03:01,2025-07-03 17:14:32.347205,2025-07-03 17:21:53.606556,2025-07-03 17:25:47.300,22.771666666666665,7.354322516666667,15,4,osrm
790,delivered,2025-07-03 17:03:53,2025-07-03 17:15:50.506877,2025-07-03 17:15:50.506877,2025-07-03 17:23:21.400,19.473333333333336,0.0,19,4,osrm
791,delivered,2025-07-03 17:03:43,2025-07-03 17:21:22.696209,2025-07-03 18:50:27.400000,2025-07-03 18:58:24.900,114.69833333333332,89.07839651666667,28,4,osrm
792,delivered,2025-07-03 17:04:23,2025-07-03 17:16:32.471113,2025-07-03 17:26:13.884741,2025-07-03 17:29:50.100,25.451666666666664,9.690227133333334,33,4,osrm
793,delivered,2025-07-03 17:04:26,2025-07-03 17:14:14.336472,2025-07-03 17:14:14.336472,2025-07-03 17:19:57.700,15.528333333333334,0.0,12,4,osrm
794,delivered,2025-07-03 17:05:36,2025-07-03 17:13:53.152771,2025-07-03 17:13:53.152771,2025-07-03 17:23:43.800,18.13,0.0,37,4,osrm
795,delivered,2025-07-03 17:05:45,2025-07-03 17:18:01.144261,2025-07-03 17:33:06.427464,2025-07-03 17:38:55.700,33.178333333333335,15.088053383333333,12,4,osrm
796,delivered,2025-07-03 17:06:26,2025-07-03 17:17:09.149469,2025-07-03 17:36:33.102445,2025-07-03 17:40:53.400,34.45666666666667,19.399216266666667,11,4,osrm
797,delivered,2025-07-03 17:06:09,2025-07-03 17:15:20.043172,2025-07-03 17:43:03.231687,2025-07-03 17:53:38.600,47.49333333333333,27.719808583333336,3,4,osrm
798,delivered,2025-07-03 17:06:09,2025-07-03 17:12:53.983784,2025-07-03 17:34:33.504064,2025-07-03 17:39:24.400,33.25666666666667,21.658671333333334,20,4,osrm
799,delivered,2025-07-03 17:06:32,2025-07-03 17:19:22.465475,2025-07-03 17:36:48.880395,2025-07-03 17:42:56.000,36.4,17.440248666666665,30,4,osrm
800,delivered,2025-07-03 17:06:00,2025-07-03 17:21:53.606556,2025-07-03 17:21:53.606556,2025-07-03 17:25:47.300,19.788333333333334,0.0,15,4,osrm
801,delivered,2025-07-03 17:07:12,2025-07-03 17:19:14.327394,2025-07-03 17:33:06.427464,2025-07-03 17:38:55.700,31.728333333333335,13.8683345,12,4,osrm
802,delivered,2025-07-03 17:07:38,2025-07-03 17:23:37.556971,2025-07-03 17:56:19.682585,2025-07-03 17:59:39.100,52.01833333333333,32.70209356666667,24,4,osrm
803,delivered,2025-07-03 17:07:59,2025-07-03 17:17:09.248925,2025-07-03 17:48:01.616857,2025-07-03 17:49:47.600,41.809999999999995,30.872798866666667,28,3,osrm
804,delivered,2025-07-03 17:07:50,2025-07-03 17:20:11.054614,2025-07-03 17:25:56.115559,2025-07-03 17:34:40.100,26.834999999999997,5.75101575,28,4,osrm
805,delivered,2025-07-03 17:08:24,2025-07-03 17:20:16.453327,2025-07-03 17:24:24.552035,2025-07-03 17:31:54.500,23.508333333333333,4.1349784666666665,22,4,osrm
806,delivered,2025-07-03 17:08:06,2025-07-03 17:21:27.405271,2025-07-03 17:25:20.342206,2025-07-03 17:31:05.900,22.998333333333335,3.8822822500000003,34,4,osrm
807,delivered,2025-07-03 17:09:32,2025-07-03 17:22:52.186399,2025-07-03 17:24:24.552035,2025-07-03 17:31:54.500,22.375,1.5394272666666666,22,4,osrm
808,delivered,2025-07-03 17:09:32,2025-07-03 17:23:25.779754,2025-07-03 17:23:25.779754,2025-07-03 17:28:05.000,18.55,0.0,3,4,osrm
809,delivered,2025-07-03 17:10:03,2025-07-03 17:18:46.505079,2025-07-03 17:42:45.780948,2025-07-03 17:52:54.700,42.861666666666665,23.98793115,18,4,osrm
810,delivered,2025-07-03 17:10:25,2025-07-03 17:20:56.438994,2025-07-03 17:23:25.779754,2025-07-03 17:28:05.000,17.666666666666668,2.4890126666666665,3,4,osrm
811,delivered,2025-07-03 17:10:49,2025-07-03 17:21:14.944138,2025-07-03 17:37:09.109684,2025-07-03 17:43:32.800,32.73,15.902759099999999,19,4,osrm
812,delivered,2025-07-03 17:10:49,2025-07-03 17:24:32.824785,2025-07-03 17:49:49.161366,2025-07-03 17:58:43.800,47.913333333333334,25.272276350000002,10,4,osrm
813,delivered,2025-07-03 17:11:40,2025-07-03 17:24:48.009926,2025-07-03 17:34:24.098847,2025-07-03 17:42:45.900,31.098333333333336,9.601482016666667,23,4,osrm
814,delivered,2025-07-03 17:11:33,2025-07-03 17:27:34.156529,2025-07-03 18:16:35.245896,2025-07-03 18:24:52.800,73.33,49.01815611666667,19,4,osrm
815,delivered,2025-07-03 17:11:56,2025-07-03 17:23:41.684857,2025-07-03 17:36:48.880395,2025-07-03 17:42:56.000,31.0,13.119925633333335,30,4,osrm
816,delivered,2025-07-03 17:11:34,2025-07-03 17:26:13.884741,2025-07-03 17:34:15.650683,2025-07-03 17:39:05.100,27.51833333333333,8.029432366666667,17,4,osrm
817,delivered,2025-07-03 17:11:46,2025-07-03 17:28:33.367321,2025-07-03 17:36:33.102445,2025-07-03 17:40:53.400,29.123333333333335,7.9955853999999995,11,4,osrm
818,delivered,2025-07-03 17:11:28,2025-07-03 17:24:44.919909,2025-07-03 17:27:21.737059,2025-07-03 17:31:19.100,19.851666666666667,2.6136191666666666,39,4,osrm
819,delivered,2025-07-03 17:12:36,2025-07-03 17:26:45.360272,2025-07-03 17:54:03.300000,2025-07-03 18:02:58.800,50.38,27.298995466666668,38,4,osrm
820,delivered,2025-07-03 17:12:53,2025-07-03 17:23:21.737886,2025-07-03 17:37:09.690242,2025-07-03 17:44:41.300,31.805,13.799205933333333,37,4,osrm
821,delivered,2025-07-03 17:12:24,2025-07-03 17:19:42.357468,2025-07-03 17:27:21.737059,2025-07-03 17:31:19.100,18.918333333333333,7.656326516666667,39,4,osrm
822,delivered,2025-07-03 17:12:35,2025-07-03 17:25:56.115559,2025-07-03 17:25:56.115559,2025-07-03 17:34:40.100,22.084999999999997,0.0,28,4,osrm
823,delivered,2025-07-03 17:12:28,2025-07-03 17:25:58.093793,2025-07-03 17:34:24.098847,2025-07-03 17:42:45.900,30.298333333333336,8.433417566666666,23,4,osrm
824,delivered,2025-07-03 17:13:47,2025-07-03 17:24:24.552035,2025-07-03 17:24:24.552035,2025-07-03 17:31:54.500,18.125,0.0,22,4,osrm
825,delivered,2025-07-03 17:13:39,2025-07-03 17:25:22.910084,2025-07-03 17:40:23.029872,2025-07-03 17:49:40.300,36.02166666666667,15.001996466666666,1,4,osrm
826,delivered,2025-07-03 17:13:41,2025-07-03 17:27:21.737059,2025-07-03 17:27:21.737059,2025-07-03 17:31:19.100,17.634999999999998,0.0,39,4,osrm
827,delivered,2025-07-03 17:14:11,2025-07-03 17:25:42.512393,2025-07-03 17:48:01.616857,2025-07-03 17:49:47.600,35.61,22.318407733333334,28,3,osrm
828,delivered,2025-07-03 17:14:16,2025-07-03 17:25:53.334533,2025-07-03 17:34:33.504064,2025-07-03 17:39:24.400,25.14,8.669492183333334,20,4,osrm
829,delivered,2025-07-03 17:14:04,2025-07-03 17:26:24.342696,2025-07-03 17:26:24.342696,2025-07-03 17:31:43.500,17.658333333333335,0.0,9,4,osrm
830,delivered,2025-07-03 17:15:27,2025-07-03 17:24:40.414643,2025-07-03 17:42:45.780948,2025-07-03 17:52:54.700,37.461666666666666,18.089438416666667,18,4,osrm
831,delivered,2025-07-03 17:15:22,2025-07-03 17:24:15.988253,2025-07-03 17:36:33.102445,2025-07-03 17:40:53.400,25.523333333333333,12.285236533333334,11,4,osrm
832,delivered,2025-07-03 17:16:20,2025-07-03 17:26:21.278225,2025-07-03 17:26:21.278225,2025-07-03 17:34:44.200,18.403333333333332,0.0,8,4,osrm
833,delivered,2025-07-03 17:16:33,2025-07-03 17:23:48.116066,2025-07-03 19:01:15.300000,2025-07-03 19:07:39.400,111.10666666666665,97.45306556666667,21,4,osrm
834,delivered,2025-07-03 17:16:06,2025-07-03 17:27:44.579320,2025-07-03 18:22:08.800000,2025-07-03 18:28:57.900,72.865,54.403678,30,4,osrm
835,delivered,2025-07-03 17:16:33,2025-07-03 17:30:15.592114,2025-07-03 17:35:19.897756,2025-07-03 17:42:00.600,25.459999999999997,5.0717607,27,4,osrm
836,delivered,2025-07-03 17:17:39,2025-07-03 17:32:53.966709,2025-07-03 17:59:21.339636,2025-07-03 18:10:40.900,53.031666666666666,26.45621545,26,4,osrm
837,delivered,2025-07-03 17:17:55,2025-07-03 17:25:51.636753,2025-07-03 17:40:25.330492,2025-07-03 17:44:41.500,26.775,14.561562316666668,38,4,osrm
838,delivered,2025-07-03 17:17:43,2025-07-03 17:31:50.554587,2025-07-03 18:11:42.667339,2025-07-03 18:11:34.800,53.86333333333334,39.868545866666665,5,4,osrm
839,delivered,2025-07-03 17:17:07,2025-07-03 17:27:03.671454,2025-07-03 18:22:36.843301,2025-07-03 18:26:59.900,69.88166666666666,55.55286411666667,25,4,osrm
840,delivered,2025-07-03 17:17:53,2025-07-03 17:33:06.427464,2025-07-03 17:33:06.427464,2025-07-03 17:38:55.700,21.045,0.0,12,4,osrm
841,delivered,2025-07-03 17:17:04,2025-07-03 17:27:42.258219,2025-07-03 17:34:15.650683,2025-07-03 17:39:05.100,22.01833333333333,6.556541066666667,17,4,osrm
842,delivered,2025-07-03 17:18:23,2025-07-03 17:32:27.136528,2025-07-03 17:35:19.897756,2025-07-03 17:42:00.600,23.626666666666665,2.8793537999999996,27,4,osrm
843,delivered,2025-07-03 17:19:31,2025-07-03 17:30:00.321329,2025-07-03 18:06:06.565752,2025-07-03 18:12:47.400,53.27333333333333,36.10407371666667,3,3,osrm
844,delivered,2025-07-03 17:19:56,2025-07-03 17:34:09.659949,2025-07-03 17:34:09.659949,2025-07-03 17:33:03.900,13.131666666666666,0.0,26,4,osrm
845,delivered,2025-07-03 17:19:20,2025-07-03 17:32:44.278998,2025-07-03 18:13:40.573516,2025-07-03 18:11:11.800,51.86333333333334,40.938241966666666,31,4,osrm
846,delivered,2025-07-03 17:19:52,2025-07-03 17:25:20.342206,2025-07-03 17:25:20.342206,2025-07-03 17:31:05.900,11.231666666666666,0.0,34,4,osrm
847,delivered,2025-07-03 17:20:27,2025-07-03 17:36:38.007723,2025-07-03 18:22:36.843301,2025-07-03 18:26:59.900,66.54833333333333,45.98059296666667,25,4,osrm
848,delivered,2025-07-03 17:20:42,2025-07-03 17:34:09.141177,2025-07-03 18:13:40.573516,2025-07-03 18:11:11.800,50.49666666666667,39.52387231666667,31,4,osrm
849,delivered,2025-07-03 17:21:30,2025-07-03 17:31:38.854774,2025-07-03 18:06:06.565752,2025-07-03 18:12:47.400,51.29,34.46184963333334,3,3,osrm
850,delivered,2025-07-03 17:21:48,2025-07-03 17:36:48.880395,2025-07-03 17:36:48.880395,2025-07-03 17:42:56.000,21.133333333333333,0.0,30,4,osrm
851,delivered,2025-07-03 17:21:57,2025-07-03 17:28:15.856999,2025-07-03 17:46:59.727093,2025-07-03 17:56:00.700,34.06166666666667,18.731168233333335,4,4,osrm
852,delivered,2025-07-03 17:22:12,2025-07-03 17:34:15.650683,2025-07-03 17:34:15.650683,2025-07-03 17:38:18.900,16.115,0.0,29,4,osrm
853,delivered,2025-07-03 17:22:03,2025-07-03 17:35:19.897756,2025-07-03 17:35:19.897756,2025-07-03 17:42:00.600,19.959999999999997,0.0,27,4,osrm
854,delivered,2025-07-03 17:22:28,2025-07-03 17:34:24.098847,2025-07-03 17:34:24.098847,2025-07-03 17:42:45.900,20.298333333333336,0.0,23,4,osrm
855,delivered,2025-07-03 17:22:38,2025-07-03 17:32:29.052750,2025-07-03 18:09:08.991568,2025-07-03 18:17:16.500,54.641666666666666,36.66564696666667,21,3,osrm
856,delivered,2025-07-03 17:22:44,2025-07-03 17:37:17.215223,2025-07-03 18:14:13.077725,2025-07-03 18:20:22.100,57.635,36.9310417,17,3,osrm
857,delivered,2025-07-03 17:23:16,2025-07-03 17:35:43.347411,2025-07-03 17:37:09.690242,2025-07-03 17:44:41.300,21.421666666666667,1.4390471833333334,37,4,osrm
858,delivered,2025-07-03 17:23:33,2025-07-03 17:32:54.868927,2025-07-03 17:53:49.000000,2025-07-03 18:02:51.000,39.3,20.90218455,6,4,osrm
859,delivered,2025-07-03 17:23:01,2025-07-03 17:35:51.331069,2025-07-03 17:43:03.231687,2025-07-03 17:53:38.600,30.626666666666665,7.198343633333334,3,4,osrm
860,delivered,2025-07-03 17:23:21,2025-07-03 17:34:33.504064,2025-07-03 17:34:33.504064,2025-07-03 17:39:24.400,16.056666666666665,0.0,20,4,osrm
861,delivered,2025-07-03 17:23:30,2025-07-03 17:36:56.113268,2025-07-03 18:24:06.200000,2025-07-03 18:33:38.800,70.14666666666668,47.1681122,16,4,osrm
862,delivered,2025-07-03 17:24:54,2025-07-03 17:41:15.378269,2025-07-03 18:19:54.100000,2025-07-03 18:24:12.800,59.31333333333334,38.64536218333333,11,4,osrm
863,delivered,2025-07-03 17:24:39,2025-07-03 17:34:38.514471,2025-07-03 17:58:51.879877,2025-07-03 18:08:11.000,43.53333333333333,24.222756766666667,28,4,osrm
864,delivered,2025-07-03 17:24:23,2025-07-03 17:35:08.986806,2025-07-03 19:08:28.500000,2025-07-03 19:13:55.000,109.53333333333333,93.32521990000001,22,3,osrm
865,delivered,2025-07-03 17:26:02,2025-07-03 17:36:33.102445,2025-07-03 17:40:25.330492,2025-07-03 17:44:41.500,18.658333333333335,3.87046745,38,4,osrm
866,delivered,2025-07-03 17:26:58,2025-07-03 17:37:09.109684,2025-07-03 17:37:09.109684,2025-07-03 17:43:32.800,16.58,0.0,19,4,osrm
867,delivered,2025-07-03 17:26:37,2025-07-03 17:42:00.302639,2025-07-03 17:53:41.600000,2025-07-03 18:00:54.400,34.29,11.68828935,2,4,osrm
868,delivered,2025-07-03 17:27:32,2025-07-03 17:37:30.750304,2025-07-03 18:15:43.225511,2025-07-03 18:22:06.400,54.57333333333334,38.20792011666666,23,4,osrm
869,delivered,2025-07-03 17:27:46,2025-07-03 17:33:44.760397,2025-07-03 17:53:49.000000,2025-07-03 18:02:51.000,35.083333333333336,20.07066005,6,4,osrm
870,delivered,2025-07-03 17:27:26,2025-07-03 17:43:03.231687,2025-07-03 17:43:03.231687,2025-07-03 17:53:38.600,26.209999999999997,0.0,3,4,osrm
871,delivered,2025-07-03 17:28:45,2025-07-03 17:38:09.531928,2025-07-03 18:22:36.843301,2025-07-03 18:26:59.900,58.248333333333335,44.45518955,25,4,osrm
872,delivered,2025-07-03 17:28:26,2025-07-03 17:37:09.690242,2025-07-03 17:40:25.330492,2025-07-03 17:44:41.500,16.258333333333333,3.2606708333333336,38,4,osrm
873,delivered,2025-07-03 17:29:19,2025-07-03 17:40:01.623387,2025-07-03 18:00:44.295518,2025-07-03 18:08:47.800,39.480000000000004,20.711202183333334,13,4,osrm
874,delivered,2025-07-03 17:29:51,2025-07-03 17:42:45.780948,2025-07-03 18:02:42.881310,2025-07-03 18:09:38.300,39.788333333333334,19.9516727,33,4,osrm
875,delivered,2025-07-03 17:30:26,2025-07-03 17:38:29.846568,2025-07-03 17:58:51.879877,2025-07-03 18:08:11.000,37.75,20.367221816666664,28,4,osrm
876,delivered,2025-07-03 17:30:44,2025-07-03 17:38:25.932410,2025-07-03 17:43:03.231687,2025-07-03 17:53:38.600,22.91,4.6216546166666665,3,4,osrm
877,delivered,2025-07-03 17:30:43,2025-07-03 17:40:25.330492,2025-07-03 17:40:25.330492,2025-07-03 17:44:41.500,13.975,0.0,38,4,osrm
878,delivered,2025-07-03 17:30:43,2025-07-03 17:42:35.396075,2025-07-03 18:00:44.295518,2025-07-03 18:08:47.800,38.080000000000005,18.14832405,13,4,osrm
879,delivered,2025-07-03 17:30:12,2025-07-03 17:41:21.472366,2025-07-03 18:10:12.059188,2025-07-03 18:13:10.700,42.97833333333333,28.8431137,10,4,osrm
880,delivered,2025-07-03 17:30:00,2025-07-03 17:39:19.569352,2025-07-03 19:18:27.100000,2025-07-03 19:23:43.300,113.72166666666666,99.1255108,29,3,osrm
881,delivered,2025-07-03 17:31:20,2025-07-03 17:42:29.438632,2025-07-03 17:42:29.438632,2025-07-03 17:47:37.700,16.295,0.0,32,4,osrm
882,delivered,2025-07-03 17:31:53,2025-07-03 17:42:27.086903,2025-07-03 17:56:19.682585,2025-07-03 17:59:39.100,27.76833333333333,13.8765947,24,4,osrm
883,delivered,2025-07-03 17:31:47,2025-07-03 17:42:33.209845,2025-07-03 18:59:11.900000,2025-07-03 19:10:08.100,98.35166666666667,76.64483591666666,37,4,osrm
884,delivered,2025-07-03 17:31:56,2025-07-03 17:43:17.546295,2025-07-03 19:08:28.500000,2025-07-03 19:13:55.000,101.98333333333333,85.18256175,22,3,osrm
885,delivered,2025-07-03 17:31:37,2025-07-03 17:40:23.029872,2025-07-03 17:54:03.300000,2025-07-03 18:02:58.800,31.363333333333333,13.6711688,38,4,osrm
886,delivered,2025-07-03 17:32:06,2025-07-03 17:44:11.256167,2025-07-03 18:16:35.245896,2025-07-03 18:24:52.800,52.78,32.39982881666666,19,4,osrm
887,delivered,2025-07-03 17:32:57,2025-07-03 17:50:50.361627,2025-07-03 18:13:40.573516,2025-07-03 18:11:11.800,38.24666666666667,22.836864816666665,31,4,osrm
888,delivered,2025-07-03 17:33:45,2025-07-03 17:49:49.161366,2025-07-03 17:53:49.000000,2025-07-03 18:02:51.000,29.1,3.997310566666667,6,4,osrm
889,delivered,2025-07-03 17:33:05,2025-07-03 17:46:50.619122,2025-07-03 18:10:41.595004,2025-07-03 18:15:21.900,42.281666666666666,23.849598033333333,4,4,osrm
890,delivered,2025-07-03 17:33:31,2025-07-03 17:41:47.692036,2025-07-03 17:54:27.517175,2025-07-03 17:59:21.600,25.84333333333333,12.663752316666667,17,4,osrm
891,delivered,2025-07-03 17:33:24,2025-07-03 17:46:59.727093,2025-07-03 18:00:44.295518,2025-07-03 18:08:47.800,35.39666666666667,13.742807083333334,13,4,osrm
892,delivered,2025-07-03 17:34:30,2025-07-03 17:52:28.207905,2025-07-03 18:14:13.077725,2025-07-03 18:20:22.100,45.86833333333333,21.747830333333333,17,3,osrm
893,delivered,2025-07-03 17:35:29,2025-07-03 17:46:21.980851,2025-07-03 18:24:06.200000,2025-07-03 18:33:38.800,58.163333333333334,37.73698581666667,16,4,osrm
894,delivered,2025-07-03 17:36:41,2025-07-03 17:47:27.203276,2025-07-03 17:53:41.600000,2025-07-03 18:00:54.400,24.223333333333336,6.2399454,2,4,osrm
895,delivered,2025-07-03 17:37:33,2025-07-03 17:53:54.941790,2025-07-03 17:53:54.941790,2025-07-03 17:59:24.500,21.858333333333334,0.0,39,3,osrm
896,delivered,2025-07-03 17:37:27,2025-07-03 17:45:34.870336,2025-07-03 18:10:41.595004,2025-07-03 18:15:21.900,37.915,25.1120778,4,4,osrm
897,delivered,2025-07-03 17:37:05,2025-07-03 17:48:16.941473,2025-07-03 18:14:44.416590,2025-07-03 18:21:29.900,44.415,26.457918616666667,6,4,osrm
898,delivered,2025-07-03 17:37:33,2025-07-03 17:54:27.517175,2025-07-03 17:56:19.682585,2025-07-03 17:59:39.100,22.101666666666667,1.8694235,24,4,osrm
899,delivered,2025-07-03 17:37:11,2025-07-03 17:56:19.682585,2025-07-03 17:56:19.682585,2025-07-03 17:59:39.100,22.46833333333333,0.0,24,4,osrm
900,delivered,2025-07-03 17:37:09,2025-07-03 17:48:01.616857,2025-07-03 17:48:01.616857,2025-07-03 17:49:47.600,12.643333333333334,0.0,28,3,osrm
901,delivered,2025-07-03 17:38:42,2025-07-03 17:44:04.511591,2025-07-03 17:59:21.339636,2025-07-03 18:10:40.900,31.98166666666667,15.280467416666665,26,4,osrm
902,delivered,2025-07-03 17:38:15,2025-07-03 17:54:00.974212,2025-07-03 18:22:08.800000,2025-07-03 18:28:57.900,50.715,28.1304298,30,4,osrm
903,delivered,2025-07-03 17:40:47,2025-07-03 17:52:12.804540,2025-07-03 18:11:42.667339,2025-07-03 18:11:34.800,30.796666666666667,19.497713316666665,5,4,osrm
904,delivered,2025-07-03 17:40:01,2025-07-03 17:50:03.330148,2025-07-03 17:53:54.941790,2025-07-03 17:59:24.500,19.391666666666666,3.8601940333333333,39,3,osrm
905,delivered,2025-07-03 17:40:05,2025-07-03 17:51:25.705850,2025-07-03 19:18:41.500000,2025-07-03 19:24:25.900,104.34833333333333,87.26323583333333,13,2,osrm
906,delivered,2025-07-03 17:40:57,2025-07-03 17:50:29.534856,2025-07-03 18:21:10.600000,2025-07-03 18:27:35.500,46.641666666666666,30.684419066666667,15,4,osrm
907,delivered,2025-07-03 17:40:27,2025-07-03 17:58:51.879877,2025-07-03 17:58:51.879877,2025-07-03 18:08:11.000,27.733333333333334,0.0,28,4,osrm
908,delivered,2025-07-03 17:40:30,2025-07-03 17:50:17.442587,2025-07-03 18:14:44.416590,2025-07-03 18:21:29.900,40.998333333333335,24.449566716666666,6,4,osrm
909,delivered,2025-07-03 17:40:43,2025-07-03 17:51:36.335550,2025-07-03 18:14:12.401846,2025-07-03 18:17:16.100,36.55166666666666,22.601104933333332,35,4,osrm
910,delivered,2025-07-03 17:40:55,2025-07-03 17:55:27.940477,2025-07-03 18:15:43.225511,2025-07-03 18:22:06.400,41.190000000000005,20.254750566666665,23,4,osrm
911,delivered,2025-07-03 17:40:00,2025-07-03 17:53:17.634204,2025-07-03 17:58:51.879877,2025-07-03 18:08:11.000,28.183333333333334,5.570761216666667,28,4,osrm
912,delivered,2025-07-03 17:42:01,2025-07-03 17:53:21.539071,2025-07-03 18:02:42.881310,2025-07-03 18:09:38.300,27.621666666666666,9.355703983333333,33,4,osrm
913,delivered,2025-07-03 17:43:23,2025-07-03 17:50:51.633133,2025-07-03 18:02:42.881310,2025-07-03 18:09:38.300,26.255,11.854136283333334,33,4,osrm
914,delivered,2025-07-03 17:43:35,2025-07-03 17:57:05.433008,2025-07-03 17:57:05.433008,2025-07-03 17:58:36.600,15.026666666666667,0.0,15,2,osrm
915,delivered,2025-07-03 17:45:44,2025-07-03 17:58:51.810658,2025-07-03 19:18:41.500000,2025-07-03 19:24:25.900,98.69833333333332,79.8281557,13,2,osrm
916,delivered,2025-07-03 17:46:52,2025-07-03 18:00:44.295518,2025-07-03 18:00:44.295518,2025-07-03 18:08:47.800,21.93,0.0,13,4,osrm
917,delivered,2025-07-03 17:46:05,2025-07-03 18:00:08.252467,2025-07-03 18:14:44.416590,2025-07-03 18:21:29.900,35.415,14.602735383333334,6,4,osrm
918,delivered,2025-07-03 17:47:20,2025-07-03 18:00:38.364023,2025-07-03 19:20:08.700000,2025-07-03 19:24:59.600,97.66000000000001,79.50559961666666,35,2,osrm
919,delivered,2025-07-03 17:47:02,2025-07-03 18:06:06.565752,2025-07-03 18:06:06.565752,2025-07-03 18:12:47.400,25.756666666666668,0.0,3,3,osrm
920,delivered,2025-07-03 17:47:44,2025-07-03 17:57:30.182984,2025-07-03 18:44:57.400000,2025-07-03 18:53:18.200,65.57,47.453616933333336,13,4,osrm
921,delivered,2025-07-03 17:48:32,2025-07-03 18:00:25.839523,2025-07-03 18:29:25.500000,2025-07-03 18:36:11.300,47.655,28.99434128333333,17,4,osrm
922,delivered,2025-07-03 17:49:25,2025-07-03 17:58:03.979167,2025-07-03 18:29:25.500000,2025-07-03 18:36:11.300,46.77166666666667,31.35868055,17,4,osrm
923,delivered,2025-07-03 17:49:31,2025-07-03 18:01:08.954834,2025-07-03 18:43:24.484812,2025-07-03 18:42:41.700,53.17833333333333,42.25883296666667,20,2,osrm
924,delivered,2025-07-03 17:49:04,2025-07-03 18:04:22.480196,2025-07-03 18:10:41.595004,2025-07-03 18:15:21.900,26.298333333333336,6.318580133333333,4,4,osrm
925,delivered,2025-07-03 17:50:01,2025-07-03 17:59:21.339636,2025-07-03 18:09:08.991568,2025-07-03 18:17:16.500,27.258333333333333,9.794198866666667,21,3,osrm
926,delivered,2025-07-03 17:50:05,2025-07-03 18:02:42.881310,2025-07-03 18:02:42.881310,2025-07-03 18:09:38.300,19.555,0.0,33,4,osrm
927,delivered,2025-07-03 17:51:09,2025-07-03 17:59:50.758496,2025-07-03 18:16:35.245896,2025-07-03 18:24:52.800,33.73,16.741456666666668,19,4,osrm
928,delivered,2025-07-03 17:52:40,2025-07-03 18:07:11.486439,2025-07-03 18:22:08.800000,2025-07-03 18:28:57.900,36.29833333333333,14.955226016666668,30,4,osrm
929,delivered,2025-07-03 17:52:46,2025-07-03 18:03:46.579807,2025-07-03 18:10:12.059188,2025-07-03 18:13:10.700,20.41166666666667,6.42465635,10,4,osrm
930,delivered,2025-07-03 17:53:07,2025-07-03 18:03:13.631119,2025-07-03 18:33:47.700000,2025-07-03 18:36:58.200,43.85333333333333,30.56781468333333,11,2,osrm
931,delivered,2025-07-03 17:53:39,2025-07-03 18:03:04.929074,2025-07-03 18:29:30.700000,2025-07-03 18:33:55.300,40.27166666666667,26.429515433333332,29,2,osrm
932,delivered,2025-07-03 17:54:44,2025-07-03 18:04:39.455975,2025-07-03 18:44:57.400000,2025-07-03 18:53:18.200,58.57,40.29906708333333,13,4,osrm
933,delivered,2025-07-03 17:54:10,2025-07-03 18:07:48.735272,2025-07-03 18:15:43.225511,2025-07-03 18:22:06.400,27.94,7.90817065,23,4,osrm
934,delivered,2025-07-03 17:55:54,2025-07-03 18:07:49.400175,2025-07-03 18:33:26.000000,2025-07-03 18:39:25.600,43.526666666666664,25.609997083333333,2,4,osrm
935,delivered,2025-07-03 17:56:42,2025-07-03 18:09:08.991568,2025-07-03 18:09:08.991568,2025-07-03 18:17:16.500,20.575,0.0,21,3,osrm
936,delivered,2025-07-03 17:56:53,2025-07-03 18:10:18.718629,2025-07-03 18:23:21.000000,2025-07-03 18:30:27.100,33.568333333333335,13.03802285,26,4,osrm
937,delivered,2025-07-03 17:56:52,2025-07-03 18:10:12.059188,2025-07-03 18:19:54.100000,2025-07-03 18:24:12.800,27.346666666666668,9.700680199999999,11,4,osrm
938,delivered,2025-07-03 17:57:53,2025-07-03 18:14:13.077725,2025-07-03 18:14:13.077725,2025-07-03 18:20:22.100,22.485,0.0,17,3,osrm
939,delivered,2025-07-03 17:58:08,2025-07-03 18:10:06.669078,2025-07-03 18:24:06.200000,2025-07-03 18:33:38.800,35.513333333333335,13.992182033333334,16,4,osrm
940,delivered,2025-07-03 17:58:06,2025-07-03 18:14:32.283047,2025-07-03 18:34:46.500000,2025-07-03 18:39:04.300,40.97166666666667,20.23694921666667,18,2,osrm
941,delivered,2025-07-03 17:59:58,2025-07-03 18:13:40.573516,2025-07-03 18:13:40.573516,2025-07-03 18:11:11.800,11.229999999999999,0.0,31,4,osrm
942,delivered,2025-07-03 17:59:42,2025-07-03 18:11:42.667339,2025-07-03 18:11:42.667339,2025-07-03 18:11:34.800,11.879999999999999,0.0,5,4,osrm
943,delivered,2025-07-03 18:00:07,2025-07-03 18:15:45.420525,2025-07-03 18:23:21.000000,2025-07-03 18:30:27.100,30.334999999999997,7.59299125,26,4,osrm
944,delivered,2025-07-03 18:00:07,2025-07-03 18:14:12.401846,2025-07-03 18:21:10.600000,2025-07-03 18:27:35.500,27.475,6.969969233333333,15,4,osrm
945,delivered,2025-07-03 18:00:24,2025-07-03 18:09:34.891455,2025-07-03 18:18:32.300000,2025-07-03 18:30:04.500,29.675,8.956809083333333,20,4,osrm
946,delivered,2025-07-03 18:00:51,2025-07-03 18:08:52.548872,2025-07-03 18:45:43.700000,2025-07-03 18:48:25.300,47.57166666666667,36.8525188,22,1,osrm
947,delivered,2025-07-03 18:00:55,2025-07-03 18:10:41.595004,2025-07-03 18:10:41.595004,2025-07-03 18:15:21.900,14.448333333333332,0.0,4,4,osrm
948,delivered,2025-07-03 18:01:29,2025-07-03 18:08:53.556336,2025-07-03 18:40:31.000000,2025-07-03 18:47:16.800,45.79666666666667,31.624061066666666,25,3,osrm
949,delivered,2025-07-03 18:01:31,2025-07-03 18:15:43.945219,2025-07-03 18:33:26.000000,2025-07-03 18:39:25.600,37.91,17.700913016666668,2,4,osrm
950,delivered,2025-07-03 18:02:57,2025-07-03 18:15:43.225511,2025-07-03 18:15:43.225511,2025-07-03 18:22:06.400,19.15666666666667,0.0,23,4,osrm
951,delivered,2025-07-03 18:02:22,2025-07-03 18:09:55.931916,2025-07-03 18:34:46.500000,2025-07-03 18:39:04.300,36.705000000000005,24.8428014,18,2,osrm
952,delivered,2025-07-03 18:02:40,2025-07-03 18:15:11.621615,2025-07-03 18:42:49.600000,2025-07-03 18:51:31.900,48.865,27.632973083333333,26,4,osrm
953,delivered,2025-07-03 18:02:16,2025-07-03 18:10:50.582060,2025-07-03 18:38:56.700000,2025-07-03 18:46:46.600,44.51,28.10196566666667,15,4,osrm
954,delivered,2025-07-03 18:03:51,2025-07-03 18:14:16.513676,2025-07-03 18:38:19.327711,2025-07-03 18:34:51.500,31.008333333333333,24.046900583333336,22,2,osrm
955,delivered,2025-07-03 18:04:22,2025-07-03 18:16:10.287124,2025-07-03 18:29:28.900000,2025-07-03 18:34:55.600,30.56,13.3102146,24,4,osrm
956,delivered,2025-07-03 18:04:38,2025-07-03 18:14:44.416590,2025-07-03 18:23:21.000000,2025-07-03 18:30:27.100,25.81833333333333,8.6097235,26,4,osrm
957,delivered,2025-07-03 18:04:00,2025-07-03 18:18:22.418656,2025-07-03 18:40:31.000000,2025-07-03 18:47:16.800,43.28,22.1430224,25,3,osrm
958,delivered,2025-07-03 18:05:50,2025-07-03 18:22:12.510193,2025-07-03 18:29:30.700000,2025-07-03 18:33:55.300,28.08833333333333,7.30316345,29,2,osrm
959,delivered,2025-07-03 18:06:08,2025-07-03 18:17:49.153431,2025-07-03 18:40:46.258388,2025-07-03 18:48:37.300,42.48833333333334,22.951749283333335,19,4,osrm
960,delivered,2025-07-03 18:06:28,2025-07-03 18:22:36.843301,2025-07-03 18:22:36.843301,2025-07-03 18:26:59.900,20.53166666666667,0.0,25,4,osrm
961,delivered,2025-07-03 18:07:33,2025-07-03 18:18:03.862408,2025-07-03 18:55:54.800000,2025-07-03 19:03:31.500,55.975,37.84895986666667,7,3,osrm
962,delivered,2025-07-03 18:08:15,2025-07-03 18:16:35.245896,2025-07-03 18:22:08.800000,2025-07-03 18:28:57.900,20.715,5.559235066666667,30,4,osrm
963,delivered,2025-07-03 18:08:43,2025-07-03 18:22:40.140648,2025-07-03 19:19:29.300000,2025-07-03 19:25:31.500,76.80833333333334,56.819322533333334,14,2,osrm
964,delivered,2025-07-03 18:09:59,2025-07-03 18:20:06.144272,2025-07-03 19:16:31.800000,2025-07-03 19:24:11.000,74.2,56.427595466666666,34,4,osrm
965,delivered,2025-07-03 18:09:13,2025-07-03 18:24:57.521413,2025-07-03 18:33:26.000000,2025-07-03 18:39:25.600,30.209999999999997,8.474643116666666,2,4,osrm
966,delivered,2025-07-03 18:10:28,2025-07-03 18:29:32.359707,2025-07-03 18:38:56.700000,2025-07-03 18:46:46.600,36.309999999999995,9.40567155,15,4,osrm
967,delivered,2025-07-03 18:10:20,2025-07-03 18:17:14.933360,2025-07-03 18:46:57.616321,2025-07-03 18:55:09.300,44.82166666666667,29.711382683333333,4,4,osrm
968,delivered,2025-07-03 18:10:11,2025-07-03 18:23:43.538594,2025-07-03 18:42:49.600000,2025-07-03 18:51:31.900,41.348333333333336,19.101023433333335,26,4,osrm
969,delivered,2025-07-03 18:11:04,2025-07-03 18:23:36.128772,2025-07-03 18:54:49.416733,2025-07-03 18:58:49.600,47.76,31.221466016666668,12,3,osrm
970,delivered,2025-07-03 18:11:53,2025-07-03 18:25:36.668854,2025-07-03 19:01:15.300000,2025-07-03 19:07:39.400,55.77333333333333,35.643852433333336,21,4,osrm
971,delivered,2025-07-03 18:14:48,2025-07-03 18:27:27.086133,2025-07-03 18:40:31.000000,2025-07-03 18:47:16.800,32.48,13.065231116666666,25,3,osrm
972,delivered,2025-07-03 18:14:53,2025-07-03 18:29:43.654335,2025-07-03 18:50:27.400000,2025-07-03 18:58:24.900,43.531666666666666,20.729094416666666,28,4,osrm
973,delivered,2025-07-03 18:15:55,2025-07-03 18:27:13.356360,2025-07-03 18:54:49.416733,2025-07-03 18:58:49.600,42.91,27.60100621666667,12,3,osrm
974,delivered,2025-07-03 18:15:41,2025-07-03 18:25:13.644888,2025-07-03 18:53:22.100000,2025-07-03 19:01:12.000,45.516666666666666,28.140918533333334,31,4,osrm
975,delivered,2025-07-03 18:16:59,2025-07-03 18:26:56.439215,2025-07-03 18:56:23.700000,2025-07-03 19:03:52.500,46.891666666666666,29.454346416666667,38,3,osrm
976,delivered,2025-07-03 18:17:28,2025-07-03 18:28:11.733203,2025-07-03 18:55:54.800000,2025-07-03 19:03:31.500,46.05833333333333,27.71777995,7,3,osrm
977,delivered,2025-07-03 18:17:10,2025-07-03 18:32:08.539474,2025-07-03 19:16:31.800000,2025-07-03 19:24:11.000,67.01666666666667,44.387675433333335,34,4,osrm
978,delivered,2025-07-03 18:18:43,2025-07-03 18:35:41.057690,2025-07-03 18:42:49.600000,2025-07-03 18:51:31.900,32.815000000000005,7.142371833333333,26,4,osrm
979,delivered,2025-07-03 18:19:01,2025-07-03 18:25:11.626122,2025-07-03 18:33:47.700000,2025-07-03 18:36:58.200,17.953333333333333,8.6012313,11,2,osrm
980,delivered,2025-07-03 18:21:58,2025-07-03 18:27:51.766381,2025-07-03 18:56:23.700000,2025-07-03 19:03:52.500,41.90833333333333,28.53222698333333,38,3,osrm
981,delivered,2025-07-03 18:22:46,2025-07-03 18:34:23.258839,2025-07-03 18:50:43.400000,2025-07-03 18:59:19.300,36.555,16.335686016666667,39,4,osrm
982,delivered,2025-07-03 18:23:16,2025-07-03 18:33:25.654571,2025-07-03 18:53:22.100000,2025-07-03 19:01:12.000,37.93333333333333,19.940757150000003,31,4,osrm
983,delivered,2025-07-03 18:24:57,2025-07-03 18:38:19.327711,2025-07-03 18:38:19.327711,2025-07-03 18:34:51.500,9.908333333333333,0.0,22,2,osrm
984,delivered,2025-07-03 18:24:24,2025-07-03 18:30:39.118359,2025-07-03 18:33:26.000000,2025-07-03 18:39:25.600,15.026666666666667,2.7813606833333333,2,4,osrm
985,delivered,2025-07-03 18:26:15,2025-07-03 18:38:18.984805,2025-07-03 18:42:49.600000,2025-07-03 18:51:31.900,25.28166666666667,4.510253250000001,26,4,osrm
986,delivered,2025-07-03 18:26:33,2025-07-03 18:38:23.774826,2025-07-03 19:08:20.500000,2025-07-03 19:15:23.600,48.843333333333334,29.945419566666665,39,2,osrm
987,delivered,2025-07-03 18:26:00,2025-07-03 18:35:51.621062,2025-07-03 18:38:56.700000,2025-07-03 18:46:46.600,20.776666666666664,3.0846489666666668,15,4,osrm
988,delivered,2025-07-03 18:27:40,2025-07-03 18:39:23.454849,2025-07-03 18:59:05.900000,2025-07-03 19:07:55.900,40.265,19.707419183333332,15,4,osrm
989,delivered,2025-07-03 18:27:49,2025-07-03 18:40:46.258388,2025-07-03 18:55:54.800000,2025-07-03 19:03:31.500,35.708333333333336,15.1423602,7,3,osrm
990,delivered,2025-07-03 18:28:28,2025-07-03 18:46:57.616321,2025-07-03 18:53:22.100000,2025-07-03 19:01:12.000,32.733333333333334,6.408061316666666,31,4,osrm
991,delivered,2025-07-03 18:29:46,2025-07-03 18:46:48.459932,2025-07-03 18:53:22.100000,2025-07-03 19:01:12.000,31.433333333333334,6.5606678,31,4,osrm
992,delivered,2025-07-03 18:29:26,2025-07-03 18:40:34.129150,2025-07-03 18:59:05.900000,2025-07-03 19:07:55.900,38.498333333333335,18.52951416666667,15,4,osrm
993,delivered,2025-07-03 18:32:14,2025-07-03 18:52:27.453726,2025-07-03 18:52:27.453726,2025-07-03 18:56:50.500,24.608333333333334,0.0,2,4,osrm
994,delivered,2025-07-03 18:32:49,2025-07-03 18:49:43.927096,2025-07-03 19:21:38.000000,2025-07-03 19:28:11.800,55.38,31.90121506666667,30,2,osrm
995,delivered,2025-07-03 18:33:54,2025-07-03 18:38:54.000000,2025-07-03 18:38:56.700000,2025-07-03 18:46:46.600,12.876666666666667,0.045000000000000005,15,4,osrm
996,delivered,2025-07-03 18:33:33,2025-07-03 18:43:24.484812,2025-07-03 18:43:24.484812,2025-07-03 18:42:41.700,9.145000000000001,0.0,20,2,osrm
997,delivered,2025-07-03 18:36:31,2025-07-03 18:49:52.826808,2025-07-03 19:19:49.800000,2025-07-03 19:28:01.400,51.50666666666667,29.9495532,5,2,osrm
998,delivered,2025-07-03 18:36:09,2025-07-03 18:48:33.538258,2025-07-03 19:14:43.700000,2025-07-03 19:17:11.600,41.04333333333333,26.169362366666668,17,1,osrm
999,delivered,2025-07-03 18:42:12,2025-07-03 18:54:49.416733,2025-07-03 19:02:43.700000,2025-07-03 19:07:32.500,25.341666666666665,7.904721116666667,29,1,osrm
1000,delivered,2025-07-03 18:44:15,2025-07-03 18:53:01.528760,2025-07-03 19:13:46.200000,2025-07-03 19:16:28.300,32.221666666666664,20.744520666666666,31,1,osrm
1001,delivered,2025-07-03 18:45:36,2025-07-03 18:58:27.497576,2025-07-03 19:19:49.800000,2025-07-03 19:28:01.400,42.42333333333333,21.371707066666666,5,2,osrm
1002,delivered,2025-07-03 18:46:10,2025-07-03 19:04:31.070930,2025-07-03 19:20:27.400000,2025-07-03 19:22:12.800,36.04666666666667,15.938817833333333,21,1,osrm
1003,delivered,2025-07-03 18:49:11,2025-07-03 19:05:44.538219,2025-07-03 19:21:38.000000,2025-07-03 19:28:11.800,39.013333333333335,15.891029683333333,30,2,osrm
1004,delivered,2025-07-03 18:49:40,2025-07-03 18:58:46.631687,2025-07-03 19:20:48.200000,2025-07-03 19:29:26.200,39.769999999999996,22.02613855,10,2,osrm
1005,delivered,2025-07-03 18:50:22,2025-07-03 19:02:43.583722,2025-07-03 19:33:45.900000,2025-07-03 19:36:06.600,45.74333333333333,31.038604633333332,9,1,osrm
1006,delivered,2025-07-03 18:50:32,2025-07-03 19:05:30.784800,2025-07-03 19:08:20.500000,2025-07-03 19:15:23.600,24.86,2.828586666666667,39,2,osrm
1007,delivered,2025-07-03 18:50:55,2025-07-03 19:04:00.040265,2025-07-03 19:08:41.900000,2025-07-03 19:09:54.800,18.996666666666666,4.69766225,35,1,osrm
1008,delivered,2025-07-03 18:52:18,2025-07-03 19:05:51.047014,2025-07-03 19:34:20.300000,2025-07-03 19:37:58.600,45.67666666666666,28.487549766666667,21,1,osrm
1009,delivered,2025-07-03 18:54:10,2025-07-03 19:05:39.634913,2025-07-03 19:29:52.800000,2025-07-03 19:31:49.400,37.656666666666666,24.219418116666667,11,1,osrm
1010,delivered,2025-07-03 18:56:54,2025-07-03 19:11:32.748284,2025-07-03 19:29:14.600000,2025-07-03 19:32:05.600,35.193333333333335,17.6975286,31,1,osrm
1011,delivered,2025-07-03 18:59:11,2025-07-03 19:12:28.616745,2025-07-03 19:33:45.900000,2025-07-03 19:38:02.600,38.86,21.288054250000002,13,1,osrm
