order_id,status,placement_time,ready_time,pickup_time,delivery_time,click_to_door,ready_to_pickup,courier_id,bundle_size,routing_source
0,delivered,2025-07-03 08:00:53,2025-07-03 08:06:18.558993,2025-07-03 08:18:22.200000,2025-07-03 08:22:02.300,21.154999999999998,12.060683449999999,11,1,osrm
1,delivered,2025-07-03 08:00:06,2025-07-03 08:09:31.329870,2025-07-03 08:15:29.900000,2025-07-03 08:18:15.900,18.165000000000003,5.976168833333333,13,1,osrm
2,delivered,2025-07-03 08:00:00,2025-07-03 08:11:38.853454,2025-07-03 08:33:23.300000,2025-07-03 08:41:26.200,41.43666666666666,21.740775766666665,6,3,osrm
3,delivered,2025-07-03 08:01:32,2025-07-03 08:13:55.832900,2025-07-03 08:14:54.300000,2025-07-03 08:16:46.500,15.241666666666667,0.9744516666666667,14,1,osrm
4,delivered,2025-07-03 08:01:02,2025-07-03 08:10:43.120359,2025-07-03 08:33:50.094822,2025-07-03 08:36:32.300,35.505,23.11624105,19,3,osrm
5,delivered,2025-07-03 08:01:27,2025-07-03 08:14:14.007210,2025-07-03 08:16:00.600000,2025-07-03 08:17:50.700,16.395,1.7765464999999998,16,1,osrm
6,delivered,2025-07-03 08:01:58,2025-07-03 08:22:34.699739,2025-07-03 08:33:23.300000,2025-07-03 08:41:26.200,39.47,10.810004350000002,6,3,osrm
7,delivered,2025-07-03 08:02:24,2025-07-03 08:10:52.930450,2025-07-03 08:18:34.800000,2025-07-03 08:21:30.200,19.103333333333335,7.697825833333334,2,1,osrm
8,delivered,2025-07-03 08:02:52,2025-07-03 08:18:04.891707,2025-07-03 08:45:55.181313,2025-07-03 08:42:10.000,39.3,27.8381601,29,3,osrm
9,delivered,2025-07-03 08:03:41,2025-07-03 08:15:39.231937,2025-07-03 08:33:50.094822,2025-07-03 08:36:32.300,32.855,18.181048083333334,19,3,osrm
10,delivered,2025-07-03 08:03:46,2025-07-03 08:16:14.036691,2025-07-03 08:35:51.500000,2025-07-03 08:40:32.000,36.766666666666666,19.624388483333334,23,3,osrm
11,delivered,2025-07-03 08:05:36,2025-07-03 08:16:22.825841,2025-07-03 08:18:49.200000,2025-07-03 08:21:30.400,15.906666666666666,2.4395693166666663,29,1,osrm
12,delivered,2025-07-03 08:05:53,2025-07-03 08:16:20.273814,2025-07-03 08:45:45.394304,2025-07-03 08:52:20.100,46.45166666666667,29.418674833333334,28,4,osrm
13,delivered,2025-07-03 08:05:27,2025-07-03 08:16:51.957186,2025-07-03 08:48:07.872067,2025-07-03 08:50:14.500,44.791666666666664,31.265248016666664,2,4,osrm
14,delivered,2025-07-03 08:05:40,2025-07-03 08:21:42.261380,2025-07-03 11:20:20.800000,2025-07-03 11:28:13.800,202.56333333333333,178.6423103333333,18,4,osrm
15,delivered,2025-07-03 08:07:53,2025-07-03 08:20:14.552320,2025-07-03 08:38:11.600000,2025-07-03 08:48:40.900,40.79833333333333,17.950794666666663,20,4,osrm
16,delivered,2025-07-03 08:07:33,2025-07-03 08:18:40.953198,2025-07-03 08:43:38.795072,2025-07-03 08:44:04.500,36.525,24.964031233333333,27,3,osrm
17,delivered,2025-07-03 08:08:12,2025-07-03 08:14:47.881907,2025-07-03 08:18:08.000000,2025-07-03 08:21:07.900,12.931666666666667,3.3353015499999996,12,1,osrm
18,delivered,2025-07-03 08:09:57,2025-07-03 08:16:30.879509,2025-07-03 08:37:16.053315,2025-07-03 08:43:32.200,33.586666666666666,20.752896766666666,10,4,osrm
19,delivered,2025-07-03 08:09:50,2025-07-03 08:16:57.991133,2025-07-03 08:20:30.800000,2025-07-03 08:23:43.500,13.891666666666667,3.54681445,7,1,osrm
20,delivered,2025-07-03 08:10:35,2025-07-03 08:24:45.681602,2025-07-03 08:58:53.457537,2025-07-03 08:59:28.300,48.888333333333335,34.129598916666666,6,3,osrm
21,delivered,2025-07-03 08:10:21,2025-07-03 08:21:35.876455,2025-07-03 08:24:02.000000,2025-07-03 08:26:48.600,16.46,2.4353924166666667,24,1,osrm
22,delivered,2025-07-03 08:10:34,2025-07-03 08:23:12.008782,2025-07-03 08:51:45.667265,2025-07-03 09:00:44.300,50.17166666666667,28.560974716666667,12,4,osrm
23,delivered,2025-07-03 08:10:40,2025-07-03 08:25:01.397038,2025-07-03 08:38:11.600000,2025-07-03 08:48:40.900,38.015,13.170049366666666,20,4,osrm
24,delivered,2025-07-03 08:12:11,2025-07-03 08:23:14.996603,2025-07-03 08:33:23.300000,2025-07-03 08:41:26.200,29.253333333333334,10.13838995,6,3,osrm
25,delivered,2025-07-03 08:12:01,2025-07-03 08:23:44.009039,2025-07-03 08:45:33.076382,2025-07-03 08:51:14.900,39.23166666666667,21.81778905,7,3,osrm
26,delivered,2025-07-03 08:13:50,2025-07-03 08:30:15.874373,2025-07-03 08:37:16.053315,2025-07-03 08:43:32.200,29.703333333333333,7.002982366666667,10,4,osrm
27,delivered,2025-07-03 08:13:08,2025-07-03 08:25:30.644622,2025-07-03 08:38:11.600000,2025-07-03 08:48:40.900,35.54833333333333,12.682589633333333,20,4,osrm
28,delivered,2025-07-03 08:13:58,2025-07-03 08:29:05.008222,2025-07-03 08:58:33.008335,2025-07-03 09:03:20.100,49.36833333333333,29.46666855,5,4,osrm
29,delivered,2025-07-03 08:14:52,2025-07-03 08:21:28.201087,2025-07-03 08:35:51.500000,2025-07-03 08:40:32.000,25.666666666666668,14.388315216666665,23,3,osrm
30,delivered,2025-07-03 08:14:32,2025-07-03 08:24:07.265511,2025-07-03 12:13:16.900000,2025-07-03 12:20:07.300,245.5883333333333,229.16057481666667,3,4,osrm
31,delivered,2025-07-03 08:15:11,2025-07-03 08:21:40.713774,2025-07-03 08:23:32.900000,2025-07-03 08:26:43.500,11.541666666666666,1.8697704333333334,20,1,osrm
32,delivered,2025-07-03 08:16:10,2025-07-03 08:29:05.311408,2025-07-03 08:35:51.500000,2025-07-03 08:40:32.000,24.366666666666667,6.769809866666667,23,3,osrm
33,delivered,2025-07-03 08:16:33,2025-07-03 08:27:49.581120,2025-07-03 08:56:23.933343,2025-07-03 09:02:08.500,45.59166666666667,28.57253705,18,3,osrm
34,delivered,2025-07-03 08:16:32,2025-07-03 08:26:37.379407,2025-07-03 08:45:33.076382,2025-07-03 08:51:14.900,34.715,18.928282916666667,7,3,osrm
35,delivered,2025-07-03 08:16:41,2025-07-03 08:28:44.918749,2025-07-03 08:58:53.457537,2025-07-03 08:59:28.300,42.788333333333334,30.142313133333335,6,3,osrm
36,delivered,2025-07-03 08:17:01,2025-07-03 08:29:55.080777,2025-07-03 09:00:52.723208,2025-07-03 09:02:45.100,45.735,30.960707183333334,27,4,osrm
37,delivered,2025-07-03 08:17:13,2025-07-03 08:35:05.453389,2025-07-03 09:08:59.107781,2025-07-03 09:16:58.600,59.76,33.894239866666666,21,4,osrm
38,delivered,2025-07-03 08:18:16,2025-07-03 08:30:10.049796,2025-07-03 09:01:55.101161,2025-07-03 09:04:23.200,46.12,31.750856083333336,16,4,osrm
39,delivered,2025-07-03 08:19:03,2025-07-03 08:31:48.769631,2025-07-03 12:15:42.800000,2025-07-03 12:22:46.000,243.71666666666667,223.90050615,13,3,osrm
40,delivered,2025-07-03 08:19:37,2025-07-03 08:31:00.669903,2025-07-03 09:08:00.282083,2025-07-03 09:14:48.400,55.190000000000005,36.99353633333333,3,4,osrm
41,delivered,2025-07-03 08:19:44,2025-07-03 08:30:38.609878,2025-07-03 08:37:16.053315,2025-07-03 08:43:32.200,23.803333333333335,6.624057283333333,10,4,osrm
42,delivered,2025-07-03 08:19:42,2025-07-03 08:30:09.751219,2025-07-03 08:53:47.915377,2025-07-03 08:55:38.900,35.94833333333334,23.6360693,22,4,osrm
43,delivered,2025-07-03 08:20:41,2025-07-03 08:27:45.604061,2025-07-03 08:54:11.431557,2025-07-03 09:01:21.400,40.67333333333333,26.43045826666667,13,4,osrm
44,delivered,2025-07-03 08:21:23,2025-07-03 08:35:19.549550,2025-07-03 08:56:23.933343,2025-07-03 08:59:55.900,38.54833333333333,21.073063216666664,15,4,osrm
45,delivered,2025-07-03 08:21:22,2025-07-03 08:38:14.991532,2025-07-03 08:48:07.872067,2025-07-03 08:50:14.500,28.875,9.88134225,2,4,osrm
46,delivered,2025-07-03 08:22:18,2025-07-03 08:35:35.129367,2025-07-03 09:10:00.997036,2025-07-03 09:19:37.300,57.32166666666667,34.43112781666667,14,4,osrm
47,delivered,2025-07-03 08:22:03,2025-07-03 08:35:52.488946,2025-07-03 09:07:17.471328,2025-07-03 09:10:41.100,48.635,31.416373033333333,29,4,osrm
48,delivered,2025-07-03 08:22:15,2025-07-03 08:33:50.094822,2025-07-03 08:33:50.094822,2025-07-03 08:36:32.300,14.288333333333332,0.0,19,3,osrm
49,delivered,2025-07-03 08:23:47,2025-07-03 08:37:16.053315,2025-07-03 08:37:16.053315,2025-07-03 08:43:32.200,19.753333333333334,0.0,10,4,osrm
50,delivered,2025-07-03 08:23:41,2025-07-03 08:33:23.354677,2025-07-03 09:18:34.945966,2025-07-03 09:25:52.000,62.18333333333333,45.19318815,25,4,osrm
51,delivered,2025-07-03 08:24:32,2025-07-03 08:36:41.156773,2025-07-03 08:45:45.394304,2025-07-03 08:52:20.100,27.801666666666666,9.070625516666666,28,4,osrm
52,delivered,2025-07-03 08:24:10,2025-07-03 08:37:09.181355,2025-07-03 08:58:33.008335,2025-07-03 09:03:20.100,39.16833333333333,21.397116333333333,5,4,osrm
53,delivered,2025-07-03 08:24:58,2025-07-03 08:37:35.370792,2025-07-03 08:51:27.640638,2025-07-03 08:56:45.700,31.795,13.8711641,25,4,osrm
54,delivered,2025-07-03 08:24:40,2025-07-03 08:36:19.932559,2025-07-03 09:16:49.478585,2025-07-03 09:25:01.000,60.35,40.492433766666664,2,4,osrm
55,delivered,2025-07-03 08:26:38,2025-07-03 08:42:36.219698,2025-07-03 12:31:24.000000,2025-07-03 12:39:35.200,252.95333333333335,228.79633836666665,5,4,osrm
56,delivered,2025-07-03 08:26:34,2025-07-03 08:39:20.551923,2025-07-03 08:48:07.872067,2025-07-03 08:50:14.500,23.675,8.788669066666667,2,4,osrm
57,delivered,2025-07-03 08:26:42,2025-07-03 08:42:14.565488,2025-07-03 09:07:10.379048,2025-07-03 09:09:17.200,42.586666666666666,24.930226,28,3,osrm
58,delivered,2025-07-03 08:27:55,2025-07-03 08:40:12.672181,2025-07-03 12:33:38.800000,2025-07-03 12:40:45.000,252.83333333333334,233.43546365,1,2,osrm
59,delivered,2025-07-03 08:27:26,2025-07-03 08:43:38.795072,2025-07-03 08:48:45.800000,2025-07-03 08:53:32.400,26.10666666666667,5.1167488,8,3,osrm
60,delivered,2025-07-03 08:27:08,2025-07-03 08:46:29.452300,2025-07-03 08:51:45.667265,2025-07-03 09:00:44.300,33.605,5.270249416666667,12,4,osrm
61,delivered,2025-07-03 08:27:01,2025-07-03 08:38:54.064591,2025-07-03 08:53:47.915377,2025-07-03 08:55:38.900,28.631666666666668,14.8975131,22,4,osrm
62,delivered,2025-07-03 08:28:49,2025-07-03 08:41:03.136208,2025-07-03 09:27:29.022442,2025-07-03 09:35:07.100,66.30166666666666,46.431437233333334,7,4,osrm
63,delivered,2025-07-03 08:28:03,2025-07-03 08:45:55.181313,2025-07-03 08:54:11.431557,2025-07-03 09:01:21.400,33.306666666666665,8.2708374,13,4,osrm
64,delivered,2025-07-03 08:28:46,2025-07-03 08:37:01.299200,2025-07-03 08:38:11.600000,2025-07-03 08:48:40.900,19.915000000000003,1.1716799999999998,20,4,osrm
65,delivered,2025-07-03 08:29:29,2025-07-03 08:38:20.481925,2025-07-03 09:17:21.826327,2025-07-03 09:22:10.200,52.68666666666666,39.022406700000005,17,4,osrm
66,delivered,2025-07-03 08:30:15,2025-07-03 08:40:14.616206,2025-07-03 09:09:14.952526,2025-07-03 09:15:20.500,45.09166666666667,29.00560533333333,26,4,osrm
67,delivered,2025-07-03 08:30:47,2025-07-03 08:45:50.289225,2025-07-03 09:29:17.850193,2025-07-03 09:29:51.600,59.07666666666667,43.459349466666666,3,4,osrm
68,delivered,2025-07-03 08:30:18,2025-07-03 08:40:07.623758,2025-07-03 08:51:45.667265,2025-07-03 09:00:44.300,30.438333333333333,11.63405845,12,4,osrm
69,delivered,2025-07-03 08:31:20,2025-07-03 08:43:18.243392,2025-07-03 08:45:45.394304,2025-07-03 08:52:20.100,21.001666666666665,2.4525152,28,4,osrm
70,delivered,2025-07-03 08:31:18,2025-07-03 08:41:42.289884,2025-07-03 08:48:45.800000,2025-07-03 08:53:32.400,22.240000000000002,7.058501933333333,8,3,osrm
71,delivered,2025-07-03 08:31:41,2025-07-03 08:48:07.872067,2025-07-03 08:48:07.872067,2025-07-03 08:50:14.500,18.558333333333334,0.0,2,4,osrm
72,delivered,2025-07-03 08:31:49,2025-07-03 08:48:56.448160,2025-07-03 09:01:55.101161,2025-07-03 09:04:23.200,32.57,12.977550016666667,16,4,osrm
73,delivered,2025-07-03 08:31:46,2025-07-03 08:42:52.762903,2025-07-03 09:01:55.101161,2025-07-03 09:04:23.200,32.62,19.038970966666668,16,4,osrm
74,delivered,2025-07-03 08:32:51,2025-07-03 08:45:47.982808,2025-07-03 09:10:40.539082,2025-07-03 09:20:08.200,47.28666666666666,24.8759379,15,4,osrm
75,delivered,2025-07-03 08:32:24,2025-07-03 08:42:58.450840,2025-07-03 09:10:00.997036,2025-07-03 09:19:37.300,47.22166666666667,27.0424366,14,4,osrm
76,delivered,2025-07-03 08:32:32,2025-07-03 08:45:57.664070,2025-07-03 09:21:00.954898,2025-07-03 09:21:17.800,48.763333333333335,35.05484713333333,4,4,osrm
77,delivered,2025-07-03 08:34:08,2025-07-03 08:45:33.076382,2025-07-03 08:45:33.076382,2025-07-03 08:51:14.900,17.115000000000002,0.0,7,3,osrm
78,delivered,2025-07-03 08:34:14,2025-07-03 08:45:45.394304,2025-07-03 08:45:45.394304,2025-07-03 08:52:20.100,18.101666666666667,0.0,28,4,osrm
79,delivered,2025-07-03 08:35:32,2025-07-03 08:44:29.310139,2025-07-03 10:54:06.200000,2025-07-03 11:05:23.000,149.85,129.61483101666667,10,4,osrm
80,delivered,2025-07-03 08:35:19,2025-07-03 08:43:48.436204,2025-07-03 08:54:11.431557,2025-07-03 09:01:21.400,26.040000000000003,10.383255883333334,13,4,osrm
81,delivered,2025-07-03 08:35:54,2025-07-03 08:46:28.597301,2025-07-03 08:51:27.640638,2025-07-03 08:56:45.700,20.861666666666668,4.984055616666667,25,4,osrm
82,delivered,2025-07-03 08:37:40,2025-07-03 08:52:12.650928,2025-07-03 09:26:25.762164,2025-07-03 09:31:39.100,53.985,34.218520600000005,5,4,osrm
83,delivered,2025-07-03 08:37:36,2025-07-03 08:51:15.322116,2025-07-03 09:00:52.723208,2025-07-03 09:02:45.100,25.151666666666664,9.623351533333333,27,4,osrm
84,delivered,2025-07-03 08:38:01,2025-07-03 08:48:32.906169,2025-07-03 08:48:45.800000,2025-07-03 08:53:32.400,15.523333333333333,0.21489718333333335,8,3,osrm
85,delivered,2025-07-03 08:38:37,2025-07-03 08:53:12.726985,2025-07-03 09:08:59.107781,2025-07-03 09:16:58.600,38.36,15.773013266666668,21,4,osrm
86,delivered,2025-07-03 08:39:53,2025-07-03 08:52:36.609335,2025-07-03 08:56:23.933343,2025-07-03 08:59:55.900,20.048333333333336,3.7887334666666663,15,4,osrm
87,delivered,2025-07-03 08:39:21,2025-07-03 08:56:23.933343,2025-07-03 08:56:23.933343,2025-07-03 09:02:08.500,22.791666666666668,0.0,18,3,osrm
88,delivered,2025-07-03 08:39:08,2025-07-03 08:52:18.369819,2025-07-03 08:56:23.933343,2025-07-03 09:02:08.500,23.008333333333333,4.0927254,18,3,osrm
89,delivered,2025-07-03 08:40:53,2025-07-03 08:51:27.640638,2025-07-03 08:51:27.640638,2025-07-03 08:56:45.700,15.878333333333334,0.0,25,4,osrm
90,delivered,2025-07-03 08:40:30,2025-07-03 08:52:04.532123,2025-07-03 09:35:27.945768,2025-07-03 09:43:16.000,62.766666666666666,43.39022741666667,18,4,osrm
91,delivered,2025-07-03 08:41:38,2025-07-03 08:52:31.727162,2025-07-03 09:21:00.954898,2025-07-03 09:21:17.800,39.663333333333334,28.487128933333334,4,4,osrm
92,delivered,2025-07-03 08:41:20,2025-07-03 08:51:33.517585,2025-07-03 09:08:00.282083,2025-07-03 09:14:48.400,33.473333333333336,16.446074966666668,3,4,osrm
93,delivered,2025-07-03 08:41:23,2025-07-03 08:58:33.008335,2025-07-03 08:58:33.008335,2025-07-03 09:03:20.100,21.951666666666664,0.0,5,4,osrm
94,delivered,2025-07-03 08:42:16,2025-07-03 08:51:45.667265,2025-07-03 08:51:45.667265,2025-07-03 09:00:44.300,18.471666666666668,0.0,12,4,osrm
95,delivered,2025-07-03 08:42:55,2025-07-03 08:54:20.522671,2025-07-03 12:16:43.500000,2025-07-03 12:23:25.600,220.51000000000002,202.38295548333332,17,4,osrm
96,delivered,2025-07-03 08:42:17,2025-07-03 08:53:47.915377,2025-07-03 09:07:17.471328,2025-07-03 09:10:41.100,28.401666666666664,13.492599183333335,29,4,osrm
97,delivered,2025-07-03 08:43:19,2025-07-03 08:54:11.431557,2025-07-03 09:11:52.869826,2025-07-03 09:19:29.000,36.166666666666664,17.690637816666666,6,4,osrm
98,delivered,2025-07-03 08:43:10,2025-07-03 08:54:35.520667,2025-07-03 11:27:37.700000,2025-07-03 11:35:31.600,172.36,153.03632221666666,10,4,osrm
99,delivered,2025-07-03 08:44:32,2025-07-03 09:01:46.027980,2025-07-03 09:01:46.027980,2025-07-03 09:09:56.000,25.4,0.0,20,4,osrm
100,delivered,2025-07-03 08:45:03,2025-07-03 08:51:42.795502,2025-07-03 12:31:54.500000,2025-07-03 12:46:24.500,241.35833333333332,220.19507496666665,14,4,osrm
101,delivered,2025-07-03 08:45:17,2025-07-03 08:58:53.457537,2025-07-03 08:58:53.457537,2025-07-03 08:59:28.300,14.188333333333333,0.0,6,3,osrm
102,delivered,2025-07-03 08:45:39,2025-07-03 09:02:57.920712,2025-07-03 11:20:20.800000,2025-07-03 11:28:13.800,162.57999999999998,137.38132146666666,18,4,osrm
103,delivered,2025-07-03 08:46:57,2025-07-03 08:59:07.194840,2025-07-03 09:14:38.600000,2025-07-03 09:27:40.500,40.725,15.523419333333333,13,4,osrm
104,delivered,2025-07-03 08:46:05,2025-07-03 08:54:49.737440,2025-07-03 09:16:21.402169,2025-07-03 09:27:25.300,41.33833333333334,21.527745483333334,12,4,osrm
105,delivered,2025-07-03 08:46:13,2025-07-03 08:58:53.039865,2025-07-03 12:23:42.600000,2025-07-03 12:30:41.500,224.475,204.82600225,16,4,osrm
106,delivered,2025-07-03 08:46:18,2025-07-03 08:58:11.160281,2025-07-03 12:04:42.600000,2025-07-03 12:17:49.800,211.53,186.52399531666666,22,3,osrm
107,delivered,2025-07-03 08:47:01,2025-07-03 08:58:46.994008,2025-07-03 09:29:34.238939,2025-07-03 09:32:54.900,45.89833333333333,30.787415516666666,23,4,osrm
108,delivered,2025-07-03 08:47:26,2025-07-03 09:01:09.011063,2025-07-03 09:22:03.912501,2025-07-03 09:27:29.400,40.056666666666665,20.91502396666667,20,4,osrm
109,delivered,2025-07-03 08:47:37,2025-07-03 08:56:08.391377,2025-07-03 08:58:33.008335,2025-07-03 09:03:20.100,15.718333333333334,2.4102826333333334,5,4,osrm
110,delivered,2025-07-03 08:48:57,2025-07-03 09:06:34.212966,2025-07-03 09:22:43.110820,2025-07-03 09:25:25.500,36.475,16.148297566666667,28,4,osrm
111,delivered,2025-07-03 08:48:54,2025-07-03 09:02:50.348138,2025-07-03 09:28:05.489701,2025-07-03 09:36:16.900,47.38166666666667,25.25235938333333,10,4,osrm
112,delivered,2025-07-03 08:48:46,2025-07-03 09:04:57.342649,2025-07-03 12:23:42.600000,2025-07-03 12:30:41.500,221.925,198.75428918333333,16,4,osrm
113,delivered,2025-07-03 08:48:02,2025-07-03 09:00:52.723208,2025-07-03 09:07:10.379048,2025-07-03 09:09:17.200,21.253333333333334,6.294264,28,3,osrm
114,delivered,2025-07-03 08:48:23,2025-07-03 09:00:34.355978,2025-07-03 09:10:40.539082,2025-07-03 09:20:08.200,31.753333333333334,10.103051733333333,15,4,osrm
115,delivered,2025-07-03 08:49:21,2025-07-03 09:01:36.944835,2025-07-03 09:52:10.345576,2025-07-03 09:54:33.900,65.215,50.55667901666666,8,4,osrm
116,delivered,2025-07-03 08:49:22,2025-07-03 09:02:44.826754,2025-07-03 09:50:17.181008,2025-07-03 09:49:50.100,60.468333333333334,47.539237566666664,23,4,osrm
117,delivered,2025-07-03 08:49:42,2025-07-03 09:03:11.494224,2025-07-03 09:16:49.478585,2025-07-03 09:25:01.000,35.31666666666667,13.633072683333333,2,4,osrm
118,delivered,2025-07-03 08:50:37,2025-07-03 09:06:30.365366,2025-07-03 09:14:38.600000,2025-07-03 09:27:40.500,37.05833333333333,8.1372439,13,4,osrm
119,delivered,2025-07-03 08:50:06,2025-07-03 09:02:04.351425,2025-07-03 09:30:03.729991,2025-07-03 09:37:01.100,46.91833333333333,27.98964276666667,6,4,osrm
120,delivered,2025-07-03 08:50:50,2025-07-03 09:02:46.976048,2025-07-03 09:25:36.553590,2025-07-03 09:34:53.100,44.05166666666666,22.826292366666667,29,4,osrm
121,delivered,2025-07-03 08:50:27,2025-07-03 08:57:32.814826,2025-07-03 09:22:43.110820,2025-07-03 09:25:25.500,34.975,25.1715999,28,4,osrm
122,delivered,2025-07-03 08:50:08,2025-07-03 09:01:55.101161,2025-07-03 09:01:55.101161,2025-07-03 09:04:23.200,14.253333333333334,0.0,16,4,osrm
123,delivered,2025-07-03 08:50:10,2025-07-03 09:02:58.041973,2025-07-03 12:16:43.500000,2025-07-03 12:23:25.600,213.26000000000002,193.75763378333335,17,4,osrm
124,delivered,2025-07-03 08:51:45,2025-07-03 09:02:39.226798,2025-07-03 09:33:05.786638,2025-07-03 09:42:24.400,50.656666666666666,30.442663999999997,27,4,osrm
125,delivered,2025-07-03 08:51:38,2025-07-03 09:02:17.700318,2025-07-03 09:11:52.869826,2025-07-03 09:19:29.000,27.85,9.586158466666665,6,4,osrm
126,delivered,2025-07-03 08:51:47,2025-07-03 09:03:18.889520,2025-07-03 10:53:58.200000,2025-07-03 11:02:10.300,130.38833333333335,110.65517466666667,12,4,osrm
127,delivered,2025-07-03 08:51:44,2025-07-03 08:56:44.000000,2025-07-03 09:42:29.286399,2025-07-03 09:48:29.400,56.75666666666667,45.754773316666665,3,3,osrm
128,delivered,2025-07-03 08:51:18,2025-07-03 09:08:00.282083,2025-07-03 09:18:34.945966,2025-07-03 09:25:52.000,34.56666666666667,10.577731383333335,25,4,osrm
129,delivered,2025-07-03 08:51:16,2025-07-03 09:07:10.379048,2025-07-03 09:07:10.379048,2025-07-03 09:09:17.200,18.02,0.0,28,3,osrm
130,delivered,2025-07-03 08:51:17,2025-07-03 09:03:23.203609,2025-07-03 09:20:29.983946,2025-07-03 09:26:01.400,34.74,17.113005616666666,19,4,osrm
131,delivered,2025-07-03 08:52:38,2025-07-03 09:01:11.550954,2025-07-03 09:21:01.819536,2025-07-03 09:26:02.500,33.40833333333333,19.837809699999998,24,4,osrm
132,delivered,2025-07-03 08:52:41,2025-07-03 09:07:09.769072,2025-07-03 09:20:29.983946,2025-07-03 09:26:01.400,33.34,13.336914566666668,19,4,osrm
133,delivered,2025-07-03 08:52:19,2025-07-03 09:06:44.772080,2025-07-03 09:34:25.789151,2025-07-03 09:37:21.700,45.044999999999995,27.68361785,16,4,osrm
134,delivered,2025-07-03 08:53:02,2025-07-03 09:05:02.240933,2025-07-03 12:14:32.700000,2025-07-03 12:22:35.900,209.565,189.50765111666666,19,4,osrm
135,delivered,2025-07-03 08:54:35,2025-07-03 09:01:16.122246,2025-07-03 09:17:21.826327,2025-07-03 09:22:10.200,27.586666666666666,16.095068016666666,17,4,osrm
136,delivered,2025-07-03 08:54:42,2025-07-03 09:07:17.471328,2025-07-03 09:17:21.826327,2025-07-03 09:22:10.200,27.470000000000002,10.072583316666668,17,4,osrm
137,delivered,2025-07-03 08:55:46,2025-07-03 09:04:02.198949,2025-07-03 09:10:00.997036,2025-07-03 09:19:37.300,23.855,5.979968116666667,14,4,osrm
138,delivered,2025-07-03 08:55:07,2025-07-03 09:07:14.329594,2025-07-03 09:34:14.800000,2025-07-03 09:43:18.700,48.195,27.0078401,15,4,osrm
139,delivered,2025-07-03 08:55:38,2025-07-03 09:10:40.539082,2025-07-03 09:10:40.539082,2025-07-03 09:20:08.200,24.503333333333334,0.0,15,4,osrm
140,delivered,2025-07-03 08:56:07,2025-07-03 09:07:04.916804,2025-07-03 09:24:39.281478,2025-07-03 09:29:53.500,33.775,17.572744566666664,11,4,osrm
141,delivered,2025-07-03 08:56:47,2025-07-03 09:16:28.394168,2025-07-03 09:19:17.041316,2025-07-03 09:23:16.300,26.488333333333333,2.8107857999999997,18,4,osrm
142,delivered,2025-07-03 08:56:15,2025-07-03 09:11:41.398433,2025-07-03 09:22:03.912501,2025-07-03 09:27:29.400,31.240000000000002,10.375234466666665,20,4,osrm
143,delivered,2025-07-03 08:57:46,2025-07-03 09:10:00.997036,2025-07-03 09:10:00.997036,2025-07-03 09:19:37.300,21.855,0.0,14,4,osrm
144,delivered,2025-07-03 08:57:53,2025-07-03 09:09:17.329531,2025-07-03 09:16:21.402169,2025-07-03 09:27:25.300,29.538333333333334,7.0678773,12,4,osrm
145,delivered,2025-07-03 08:58:52,2025-07-03 09:08:59.107781,2025-07-03 09:27:29.022442,2025-07-03 09:35:07.100,36.251666666666665,18.498577683333334,7,4,osrm
146,delivered,2025-07-03 08:59:40,2025-07-03 09:14:45.384872,2025-07-03 09:22:03.912501,2025-07-03 09:27:29.400,27.823333333333334,7.308793816666666,20,4,osrm
147,delivered,2025-07-03 08:59:01,2025-07-03 09:09:14.952526,2025-07-03 09:21:00.954898,2025-07-03 09:21:17.800,22.279999999999998,11.7667062,4,4,osrm
148,delivered,2025-07-03 08:59:22,2025-07-03 09:12:13.781045,2025-07-03 11:55:49.900000,2025-07-03 12:06:02.200,186.67000000000002,163.60198258333332,15,4,osrm
149,delivered,2025-07-03 09:00:20,2025-07-03 09:15:08.495313,2025-07-03 10:01:54.861626,2025-07-03 10:05:03.400,64.72333333333333,46.772771883333334,5,4,osrm
150,delivered,2025-07-03 09:00:11,2025-07-03 09:17:56.874531,2025-07-03 09:30:03.729991,2025-07-03 09:37:01.100,36.835,12.114257666666667,6,4,osrm
151,delivered,2025-07-03 09:00:00,2025-07-03 09:13:11.535948,2025-07-03 11:19:43.193940,2025-07-03 11:31:35.500,151.59166666666667,126.52763320000001,8,4,osrm
152,delivered,2025-07-03 09:01:31,2025-07-03 09:16:36.170899,2025-07-03 09:39:36.797229,2025-07-03 09:52:15.800,50.74666666666667,23.010438833333335,12,4,osrm
153,delivered,2025-07-03 09:02:39,2025-07-03 09:21:38.051778,2025-07-03 09:42:29.286399,2025-07-03 09:48:29.400,45.84,20.85391035,3,3,osrm
154,delivered,2025-07-03 09:02:36,2025-07-03 09:11:52.869826,2025-07-03 09:11:52.869826,2025-07-03 09:19:29.000,16.883333333333333,0.0,6,4,osrm
155,delivered,2025-07-03 09:03:09,2025-07-03 09:13:27.893662,2025-07-03 09:22:43.110820,2025-07-03 09:25:25.500,22.275,9.2536193,28,4,osrm
156,delivered,2025-07-03 09:04:35,2025-07-03 09:21:32.143582,2025-07-03 10:00:03.800000,2025-07-03 10:11:26.300,66.855,38.52760696666667,24,4,osrm
157,delivered,2025-07-03 09:04:46,2025-07-03 09:17:21.826327,2025-07-03 09:17:21.826327,2025-07-03 09:22:10.200,17.403333333333332,0.0,17,4,osrm
158,delivered,2025-07-03 09:04:10,2025-07-03 09:16:05.026701,2025-07-03 09:55:47.614359,2025-07-03 10:05:21.700,61.195,39.7097943,22,4,osrm
159,delivered,2025-07-03 09:04:19,2025-07-03 09:16:56.079928,2025-07-03 09:21:01.819536,2025-07-03 09:26:02.500,21.725,4.095660133333333,24,4,osrm
160,delivered,2025-07-03 09:04:21,2025-07-03 09:14:31.106347,2025-07-03 09:34:14.800000,2025-07-03 09:43:18.700,38.961666666666666,19.72822755,15,4,osrm
161,delivered,2025-07-03 09:04:23,2025-07-03 09:12:21.565504,2025-07-03 09:52:52.726121,2025-07-03 09:59:15.700,54.87833333333333,40.51934361666667,28,3,osrm
162,delivered,2025-07-03 09:05:42,2025-07-03 09:17:50.776357,2025-07-03 09:21:01.819536,2025-07-03 09:26:02.500,20.341666666666665,3.1840529833333333,24,4,osrm
163,delivered,2025-07-03 09:05:23,2025-07-03 09:23:28.961544,2025-07-03 11:31:25.735783,2025-07-03 11:35:21.000,149.96666666666667,127.94623731666667,11,3,osrm
164,delivered,2025-07-03 09:05:40,2025-07-03 09:16:31.601499,2025-07-03 09:38:15.955371,2025-07-03 09:42:31.900,36.865,21.7392312,17,4,osrm
165,delivered,2025-07-03 09:06:01,2025-07-03 09:19:26.509049,2025-07-03 09:39:55.356224,2025-07-03 09:51:46.100,45.751666666666665,20.48078625,1,4,osrm
166,delivered,2025-07-03 09:06:19,2025-07-03 09:17:36.379900,2025-07-03 09:35:28.473761,2025-07-03 09:42:17.900,35.98166666666667,17.868231016666666,4,4,osrm
167,delivered,2025-07-03 09:06:59,2025-07-03 09:16:21.402169,2025-07-03 09:25:36.553590,2025-07-03 09:34:53.100,27.901666666666664,9.252523683333333,29,4,osrm
168,delivered,2025-07-03 09:06:17,2025-07-03 09:24:03.359925,2025-07-03 09:29:17.850193,2025-07-03 09:29:51.600,23.576666666666664,5.241504466666667,3,4,osrm
169,delivered,2025-07-03 09:07:09,2025-07-03 09:18:39.084837,2025-07-03 09:29:34.238939,2025-07-03 09:32:54.900,25.765,10.919235033333333,23,4,osrm
170,delivered,2025-07-03 09:07:25,2025-07-03 09:21:49.074114,2025-07-03 12:31:24.000000,2025-07-03 12:39:35.200,212.17000000000002,189.58209810000002,5,4,osrm
171,delivered,2025-07-03 09:07:37,2025-07-03 09:22:18.795291,2025-07-03 12:33:50.800000,2025-07-03 12:35:34.500,207.95833333333334,191.53341181666667,15,1,osrm
172,delivered,2025-07-03 09:07:32,2025-07-03 09:18:22.536825,2025-07-03 09:28:05.489701,2025-07-03 09:36:16.900,28.748333333333335,9.715881266666665,10,4,osrm
173,delivered,2025-07-03 09:07:59,2025-07-03 09:19:17.041316,2025-07-03 09:26:25.762164,2025-07-03 09:31:39.100,23.668333333333333,7.145347466666666,5,4,osrm
174,delivered,2025-07-03 09:07:39,2025-07-03 09:20:23.757909,2025-07-03 09:38:28.789343,2025-07-03 09:49:23.200,41.736666666666665,18.083857233333333,20,3,osrm
175,delivered,2025-07-03 09:07:53,2025-07-03 09:21:39.161568,2025-07-03 09:55:12.500000,2025-07-03 10:02:40.500,54.791666666666664,33.55564053333333,25,4,osrm
176,delivered,2025-07-03 09:08:01,2025-07-03 09:19:02.452399,2025-07-03 09:26:25.762164,2025-07-03 09:31:39.100,23.634999999999998,7.388496083333334,5,4,osrm
177,delivered,2025-07-03 09:08:20,2025-07-03 09:21:00.954898,2025-07-03 09:21:00.954898,2025-07-03 09:21:17.800,12.963333333333333,0.0,4,4,osrm
178,delivered,2025-07-03 09:08:29,2025-07-03 09:28:05.489701,2025-07-03 09:28:05.489701,2025-07-03 09:36:16.900,27.798333333333336,0.0,10,4,osrm
179,delivered,2025-07-03 09:09:05,2025-07-03 09:26:54.466739,2025-07-03 09:42:20.977423,2025-07-03 09:44:53.700,35.81166666666666,15.441844733333333,26,4,osrm
180,delivered,2025-07-03 09:09:44,2025-07-03 09:22:03.912501,2025-07-03 09:22:03.912501,2025-07-03 09:27:29.400,17.756666666666668,0.0,20,4,osrm
181,delivered,2025-07-03 09:09:12,2025-07-03 09:16:08.153185,2025-07-03 11:52:41.800000,2025-07-03 12:05:06.500,175.90833333333333,156.56078025,7,4,osrm
182,delivered,2025-07-03 09:09:32,2025-07-03 09:20:29.983946,2025-07-03 09:30:03.729991,2025-07-03 09:37:01.100,27.485,9.562434083333333,6,4,osrm
183,delivered,2025-07-03 09:09:41,2025-07-03 09:21:33.522188,2025-07-03 10:14:04.782092,2025-07-03 10:19:01.200,69.33666666666666,52.5209984,21,4,osrm
184,delivered,2025-07-03 09:09:32,2025-07-03 09:21:56.017238,2025-07-03 12:04:42.600000,2025-07-03 12:17:49.800,188.29666666666665,162.77637936666667,22,3,osrm
185,delivered,2025-07-03 09:09:00,2025-07-03 09:16:49.478585,2025-07-03 09:35:27.945768,2025-07-03 09:43:16.000,34.266666666666666,18.641119716666665,18,4,osrm
186,delivered,2025-07-03 09:09:34,2025-07-03 09:21:01.819536,2025-07-03 09:21:01.819536,2025-07-03 09:26:02.500,16.475,0.0,24,4,osrm
187,delivered,2025-07-03 09:10:00,2025-07-03 09:18:34.945966,2025-07-03 09:18:34.945966,2025-07-03 09:25:52.000,15.866666666666667,0.0,25,4,osrm
188,delivered,2025-07-03 09:10:19,2025-07-03 09:26:40.244488,2025-07-03 10:03:15.445404,2025-07-03 10:08:58.500,58.65833333333333,36.58668193333333,2,4,osrm
189,delivered,2025-07-03 09:11:35,2025-07-03 09:25:50.503825,2025-07-03 09:55:55.600000,2025-07-03 10:06:03.300,54.47166666666667,30.08493625,15,4,osrm
190,delivered,2025-07-03 09:11:43,2025-07-03 09:19:52.125451,2025-07-03 09:20:29.983946,2025-07-03 09:26:01.400,14.306666666666667,0.6309749166666666,19,4,osrm
191,delivered,2025-07-03 09:11:08,2025-07-03 09:27:24.694633,2025-07-03 09:35:27.945768,2025-07-03 09:43:16.000,32.13333333333333,8.054185583333332,18,4,osrm
192,delivered,2025-07-03 09:12:43,2025-07-03 09:22:12.931469,2025-07-03 09:44:56.252256,2025-07-03 09:45:11.900,32.48166666666667,22.72201311666667,2,4,osrm
193,delivered,2025-07-03 09:12:51,2025-07-03 09:23:19.729162,2025-07-03 09:38:28.789343,2025-07-03 09:49:23.200,36.53666666666666,15.151003016666666,20,3,osrm
194,delivered,2025-07-03 09:13:35,2025-07-03 09:24:39.281478,2025-07-03 09:24:39.281478,2025-07-03 09:29:53.500,16.308333333333334,0.0,11,4,osrm
195,delivered,2025-07-03 09:13:25,2025-07-03 09:26:32.447614,2025-07-03 09:35:28.473761,2025-07-03 09:42:17.900,28.881666666666668,8.933769116666667,4,4,osrm
196,delivered,2025-07-03 09:13:40,2025-07-03 09:29:32.457964,2025-07-03 09:33:05.786638,2025-07-03 09:42:24.400,28.740000000000002,3.5554779,27,4,osrm
197,delivered,2025-07-03 09:14:09,2025-07-03 09:25:36.553590,2025-07-03 09:25:36.553590,2025-07-03 09:34:53.100,20.735,0.0,29,4,osrm
198,delivered,2025-07-03 09:14:43,2025-07-03 09:22:43.110820,2025-07-03 09:22:43.110820,2025-07-03 09:25:25.500,10.708333333333334,0.0,28,4,osrm
199,delivered,2025-07-03 09:14:48,2025-07-03 09:26:25.762164,2025-07-03 09:26:25.762164,2025-07-03 09:31:39.100,16.851666666666667,0.0,5,4,osrm
200,delivered,2025-07-03 09:15:46,2025-07-03 09:24:40.620561,2025-07-03 09:29:34.238939,2025-07-03 09:32:54.900,17.148333333333333,4.893639633333334,23,4,osrm
201,delivered,2025-07-03 09:15:11,2025-07-03 09:28:38.747820,2025-07-03 10:15:44.100489,2025-07-03 10:24:12.600,69.02666666666667,47.08921115,25,4,osrm
202,delivered,2025-07-03 09:15:19,2025-07-03 09:26:08.736715,2025-07-03 09:29:17.850193,2025-07-03 09:29:51.600,14.543333333333333,3.1518913,3,4,osrm
203,delivered,2025-07-03 09:16:42,2025-07-03 09:34:06.931934,2025-07-03 10:00:03.800000,2025-07-03 10:11:26.300,54.73833333333334,25.9478011,24,4,osrm
204,delivered,2025-07-03 09:16:32,2025-07-03 09:28:22.642024,2025-07-03 11:20:20.800000,2025-07-03 11:28:13.800,131.69666666666666,111.96929960000001,18,4,osrm
205,delivered,2025-07-03 09:16:12,2025-07-03 09:26:53.746731,2025-07-03 09:34:25.789151,2025-07-03 09:37:21.700,21.16166666666667,7.5340403333333335,16,4,osrm
206,delivered,2025-07-03 09:17:26,2025-07-03 09:29:17.850193,2025-07-03 09:29:17.850193,2025-07-03 09:29:51.600,12.426666666666668,0.0,3,4,osrm
207,delivered,2025-07-03 09:17:54,2025-07-03 09:34:25.789151,2025-07-03 09:34:25.789151,2025-07-03 09:37:21.700,19.461666666666666,0.0,16,4,osrm
208,delivered,2025-07-03 09:17:11,2025-07-03 09:27:32.652981,2025-07-03 12:13:16.900000,2025-07-03 12:20:07.300,182.93833333333333,165.73745031666667,3,4,osrm
209,delivered,2025-07-03 09:17:01,2025-07-03 09:26:45.718340,2025-07-03 10:03:02.214732,2025-07-03 10:05:41.300,48.67166666666667,36.274939866666664,13,4,osrm
210,delivered,2025-07-03 09:17:22,2025-07-03 09:25:01.346824,2025-07-03 09:33:05.786638,2025-07-03 09:42:24.400,25.040000000000003,8.073996900000001,27,4,osrm
211,delivered,2025-07-03 09:18:10,2025-07-03 09:27:29.022442,2025-07-03 09:27:29.022442,2025-07-03 09:35:07.100,16.951666666666668,0.0,7,4,osrm
212,delivered,2025-07-03 09:18:00,2025-07-03 09:32:05.937681,2025-07-03 10:00:03.800000,2025-07-03 10:11:26.300,53.43833333333334,27.964371983333333,24,4,osrm
213,delivered,2025-07-03 09:18:10,2025-07-03 09:28:51.603439,2025-07-03 12:15:42.800000,2025-07-03 12:22:46.000,184.6,166.85327601666668,13,3,osrm
214,delivered,2025-07-03 09:18:33,2025-07-03 09:27:50.864443,2025-07-03 09:48:41.231501,2025-07-03 09:58:26.200,39.88666666666666,20.839450966666668,7,3,osrm
215,delivered,2025-07-03 09:19:12,2025-07-03 09:29:34.238939,2025-07-03 09:29:34.238939,2025-07-03 09:32:54.900,13.715,0.0,23,4,osrm
216,delivered,2025-07-03 09:19:24,2025-07-03 09:28:47.123130,2025-07-03 09:48:41.231501,2025-07-03 09:58:26.200,39.03666666666666,19.901806183333335,7,3,osrm
217,delivered,2025-07-03 09:19:43,2025-07-03 09:27:02.251706,2025-07-03 10:19:51.100000,2025-07-03 10:27:50.600,68.12666666666667,52.81413823333333,20,4,osrm
218,delivered,2025-07-03 09:19:41,2025-07-03 09:31:21.010934,2025-07-03 10:09:39.899072,2025-07-03 10:11:17.300,51.605000000000004,38.3148023,4,4,osrm
219,delivered,2025-07-03 09:20:57,2025-07-03 09:34:04.063853,2025-07-03 09:44:56.252256,2025-07-03 09:45:11.900,24.248333333333335,10.869806716666666,2,4,osrm
220,delivered,2025-07-03 09:20:31,2025-07-03 09:25:31.000000,2025-07-03 09:35:28.473761,2025-07-03 09:42:17.900,21.78166666666667,9.957896016666666,4,4,osrm
221,delivered,2025-07-03 09:20:22,2025-07-03 09:33:05.786638,2025-07-03 09:33:05.786638,2025-07-03 09:42:24.400,22.040000000000003,0.0,27,4,osrm
222,delivered,2025-07-03 09:20:35,2025-07-03 09:29:46.192841,2025-07-03 09:29:46.192841,2025-07-03 09:36:52.800,16.296666666666667,0.0,9,4,osrm
223,delivered,2025-07-03 09:20:43,2025-07-03 09:33:49.147867,2025-07-03 10:01:54.861626,2025-07-03 10:05:03.400,44.34,28.095229316666668,5,4,osrm
224,delivered,2025-07-03 09:20:55,2025-07-03 09:34:20.287828,2025-07-03 09:55:55.600000,2025-07-03 10:06:03.300,45.138333333333335,21.5885362,15,4,osrm
225,delivered,2025-07-03 09:20:48,2025-07-03 09:28:00.639151,2025-07-03 09:29:46.192841,2025-07-03 09:36:52.800,16.08,1.7592281666666667,9,4,osrm
226,delivered,2025-07-03 09:21:09,2025-07-03 09:30:03.729991,2025-07-03 09:30:03.729991,2025-07-03 09:37:01.100,15.868333333333334,0.0,6,4,osrm
227,delivered,2025-07-03 09:21:21,2025-07-03 09:33:22.582980,2025-07-03 10:19:51.100000,2025-07-03 10:27:50.600,66.49333333333333,46.47528366666666,20,4,osrm
228,delivered,2025-07-03 09:22:17,2025-07-03 09:33:24.450053,2025-07-03 10:03:02.214732,2025-07-03 10:07:09.600,44.876666666666665,29.629411316666665,6,4,osrm
229,delivered,2025-07-03 09:22:15,2025-07-03 09:34:47.966641,2025-07-03 12:23:42.600000,2025-07-03 12:30:41.500,188.44166666666666,168.91055598333332,16,4,osrm
230,delivered,2025-07-03 09:22:16,2025-07-03 09:33:44.866993,2025-07-03 11:21:01.400000,2025-07-03 11:28:35.700,126.32833333333333,107.27555011666666,20,4,osrm
231,delivered,2025-07-03 09:22:29,2025-07-03 09:36:19.042379,2025-07-03 10:00:31.882684,2025-07-03 10:04:31.900,42.04833333333333,24.214005083333333,17,4,osrm
232,delivered,2025-07-03 09:22:48,2025-07-03 09:39:55.356224,2025-07-03 10:03:15.445404,2025-07-03 10:08:58.500,46.175,23.334819666666665,2,4,osrm
233,delivered,2025-07-03 09:23:31,2025-07-03 09:35:19.993735,2025-07-03 09:55:12.500000,2025-07-03 10:02:40.500,39.15833333333333,19.875104416666666,25,4,osrm
234,delivered,2025-07-03 09:23:15,2025-07-03 09:35:28.473761,2025-07-03 09:35:28.473761,2025-07-03 09:42:17.900,19.048333333333336,0.0,4,4,osrm
235,delivered,2025-07-03 09:23:28,2025-07-03 09:33:48.044541,2025-07-03 10:00:17.800000,2025-07-03 10:05:56.800,42.480000000000004,26.495924316666667,14,4,osrm
236,delivered,2025-07-03 09:24:58,2025-07-03 09:40:38.502496,2025-07-03 10:18:50.100000,2025-07-03 10:26:21.100,61.385,38.19329173333333,13,4,osrm
237,delivered,2025-07-03 09:24:23,2025-07-03 09:33:16.483140,2025-07-03 10:18:50.100000,2025-07-03 10:26:21.100,61.968333333333334,45.560281,13,4,osrm
238,delivered,2025-07-03 09:24:30,2025-07-03 09:38:34.544727,2025-07-03 10:03:15.445404,2025-07-03 10:08:58.500,44.475,24.68167795,2,4,osrm
239,delivered,2025-07-03 09:24:21,2025-07-03 09:33:57.955024,2025-07-03 10:19:51.100000,2025-07-03 10:27:50.600,63.49333333333333,45.885749600000004,20,4,osrm
240,delivered,2025-07-03 09:24:22,2025-07-03 09:36:51.075580,2025-07-03 10:10:27.970478,2025-07-03 10:13:26.100,49.068333333333335,33.61491496666667,8,4,osrm
241,delivered,2025-07-03 09:24:08,2025-07-03 09:38:28.789343,2025-07-03 09:38:28.789343,2025-07-03 09:49:23.200,25.253333333333334,0.0,20,3,osrm
242,delivered,2025-07-03 09:24:49,2025-07-03 09:37:06.423263,2025-07-03 09:38:15.955371,2025-07-03 09:42:31.900,17.715,1.1588684666666667,17,4,osrm
243,delivered,2025-07-03 09:25:51,2025-07-03 09:33:41.948770,2025-07-03 09:39:36.797229,2025-07-03 09:52:15.800,26.413333333333334,5.914140983333334,12,4,osrm
244,delivered,2025-07-03 09:25:40,2025-07-03 09:33:45.256313,2025-07-03 12:13:16.900000,2025-07-03 12:20:07.300,174.45499999999998,159.52739478333334,3,4,osrm
245,delivered,2025-07-03 09:26:03,2025-07-03 09:39:03.735752,2025-07-03 12:16:43.500000,2025-07-03 12:23:25.600,177.37666666666667,157.66273746666667,17,4,osrm
246,delivered,2025-07-03 09:26:06,2025-07-03 09:39:49.440496,2025-07-03 09:39:49.440496,2025-07-03 09:44:53.600,18.793333333333333,0.0,25,4,osrm
247,delivered,2025-07-03 09:27:17,2025-07-03 09:35:27.945768,2025-07-03 09:35:27.945768,2025-07-03 09:43:16.000,15.983333333333333,0.0,18,4,osrm
248,delivered,2025-07-03 09:27:43,2025-07-03 09:41:56.536839,2025-07-03 10:28:48.600000,2025-07-03 10:38:55.600,71.21000000000001,46.86771935,7,4,osrm
249,delivered,2025-07-03 09:27:17,2025-07-03 09:36:34.788904,2025-07-03 09:55:55.600000,2025-07-03 10:06:03.300,38.77166666666667,19.346851599999997,15,4,osrm
250,delivered,2025-07-03 09:27:34,2025-07-03 09:43:03.294960,2025-07-03 10:53:58.200000,2025-07-03 11:02:10.300,94.605,70.915084,12,4,osrm
251,delivered,2025-07-03 09:28:03,2025-07-03 09:38:43.387074,2025-07-03 09:52:10.345576,2025-07-03 09:54:33.900,26.515,13.449308366666665,8,4,osrm
252,delivered,2025-07-03 09:28:52,2025-07-03 09:38:15.245859,2025-07-03 09:52:52.726121,2025-07-03 09:59:15.700,30.395,14.624671033333334,28,3,osrm
253,delivered,2025-07-03 09:28:23,2025-07-03 09:42:41.859406,2025-07-03 10:23:01.282533,2025-07-03 10:28:52.100,60.485,40.323718783333334,6,3,osrm
254,delivered,2025-07-03 09:28:25,2025-07-03 09:42:29.286399,2025-07-03 09:42:29.286399,2025-07-03 09:48:29.400,20.073333333333334,0.0,3,3,osrm
255,delivered,2025-07-03 09:28:34,2025-07-03 09:34:54.089052,2025-07-03 11:27:37.700000,2025-07-03 11:35:31.600,126.96000000000001,112.72684913333333,10,4,osrm
256,delivered,2025-07-03 09:29:43,2025-07-03 09:38:15.955371,2025-07-03 09:57:15.118860,2025-07-03 09:57:02.600,27.326666666666664,18.98605815,21,4,osrm
257,delivered,2025-07-03 09:30:24,2025-07-03 09:48:40.188706,2025-07-03 10:23:01.282533,2025-07-03 10:28:52.100,58.468333333333334,34.35156378333333,6,3,osrm
258,delivered,2025-07-03 09:30:24,2025-07-03 09:39:36.797229,2025-07-03 09:39:36.797229,2025-07-03 09:52:15.800,21.863333333333333,0.0,12,4,osrm
259,delivered,2025-07-03 09:30:29,2025-07-03 09:42:20.977423,2025-07-03 09:52:10.345576,2025-07-03 09:54:33.900,24.081666666666667,9.82280255,8,4,osrm
260,delivered,2025-07-03 09:30:47,2025-07-03 09:42:43.339388,2025-07-03 10:53:58.200000,2025-07-03 11:02:10.300,91.38833333333334,71.24767686666668,12,4,osrm
261,delivered,2025-07-03 09:31:14,2025-07-03 09:47:56.310445,2025-07-03 12:31:24.000000,2025-07-03 12:39:35.200,188.35333333333335,163.46149258333335,5,4,osrm
262,delivered,2025-07-03 09:31:31,2025-07-03 09:41:48.792729,2025-07-03 09:55:12.500000,2025-07-03 10:02:40.500,31.158333333333335,13.395121183333334,25,4,osrm
263,delivered,2025-07-03 09:31:49,2025-07-03 09:44:43.323749,2025-07-03 10:10:27.970478,2025-07-03 10:16:49.200,45.00333333333333,25.74411215,28,3,osrm
264,delivered,2025-07-03 09:32:21,2025-07-03 09:44:56.252256,2025-07-03 10:00:31.882684,2025-07-03 10:04:31.900,32.181666666666665,15.593840466666668,17,4,osrm
265,delivered,2025-07-03 09:32:05,2025-07-03 09:44:11.791804,2025-07-03 09:55:12.500000,2025-07-03 10:02:40.500,30.591666666666665,11.011803266666668,25,4,osrm
266,delivered,2025-07-03 09:33:57,2025-07-03 09:45:05.264999,2025-07-03 11:19:43.193940,2025-07-03 11:31:35.500,117.64166666666667,94.63214901666667,8,4,osrm
267,delivered,2025-07-03 09:34:00,2025-07-03 09:43:36.009735,2025-07-03 09:55:47.614359,2025-07-03 10:05:21.700,31.361666666666668,12.1934104,22,4,osrm
268,delivered,2025-07-03 09:34:23,2025-07-03 09:47:53.141084,2025-07-03 10:16:04.555590,2025-07-03 10:28:02.000,53.65,28.190241766666666,26,4,osrm
269,delivered,2025-07-03 09:34:35,2025-07-03 09:51:11.063212,2025-07-03 12:14:32.700000,2025-07-03 12:22:35.900,168.015,143.36061313333332,19,4,osrm
270,delivered,2025-07-03 09:35:18,2025-07-03 09:48:44.406522,2025-07-03 11:19:43.193940,2025-07-03 11:31:35.500,116.29166666666667,90.9797903,8,4,osrm
271,delivered,2025-07-03 09:35:43,2025-07-03 09:50:13.913165,2025-07-03 10:00:34.400000,2025-07-03 10:14:39.000,38.93333333333333,10.34144725,11,4,osrm
272,delivered,2025-07-03 09:36:49,2025-07-03 09:50:17.181008,2025-07-03 09:55:47.614359,2025-07-03 10:05:21.700,28.545,5.507222516666667,22,4,osrm
273,delivered,2025-07-03 09:36:14,2025-07-03 09:52:10.345576,2025-07-03 09:52:10.345576,2025-07-03 09:54:33.900,18.331666666666667,0.0,8,4,osrm
274,delivered,2025-07-03 09:37:44,2025-07-03 09:52:53.078282,2025-07-03 11:27:37.700000,2025-07-03 11:35:31.600,117.79333333333334,94.7436953,10,4,osrm
275,delivered,2025-07-03 09:37:18,2025-07-03 09:48:46.514499,2025-07-03 12:31:54.500000,2025-07-03 12:46:24.500,189.10833333333332,163.13309168333333,14,4,osrm
276,delivered,2025-07-03 09:38:36,2025-07-03 09:50:25.710966,2025-07-03 10:10:27.970478,2025-07-03 10:13:26.100,34.835,20.037658533333335,8,4,osrm
277,delivered,2025-07-03 09:38:52,2025-07-03 09:48:57.217904,2025-07-03 11:55:49.900000,2025-07-03 12:06:02.200,147.17000000000002,126.87803493333332,15,4,osrm
278,delivered,2025-07-03 09:38:57,2025-07-03 09:52:52.726121,2025-07-03 09:52:52.726121,2025-07-03 09:59:15.700,20.311666666666667,0.0,28,3,osrm
279,delivered,2025-07-03 09:38:53,2025-07-03 09:45:37.902498,2025-07-03 09:55:55.600000,2025-07-03 10:06:03.300,27.171666666666667,10.294958366666666,15,4,osrm
280,delivered,2025-07-03 09:38:55,2025-07-03 09:47:44.267921,2025-07-03 10:12:01.210502,2025-07-03 10:17:25.700,38.51166666666666,24.28237635,7,3,osrm
281,delivered,2025-07-03 09:38:41,2025-07-03 09:55:12.356979,2025-07-03 10:28:48.600000,2025-07-03 10:38:55.600,60.24333333333333,33.60405035,7,4,osrm
282,delivered,2025-07-03 09:39:15,2025-07-03 09:53:10.330349,2025-07-03 10:10:27.970478,2025-07-03 10:13:26.100,34.184999999999995,17.294002149999997,8,4,osrm
283,delivered,2025-07-03 09:41:32,2025-07-03 09:58:08.593037,2025-07-03 10:54:06.200000,2025-07-03 11:05:23.000,83.85,55.96011605,10,4,osrm
284,delivered,2025-07-03 09:41:24,2025-07-03 09:48:41.231501,2025-07-03 09:48:41.231501,2025-07-03 09:58:26.200,17.03666666666667,0.0,7,3,osrm
285,delivered,2025-07-03 09:42:28,2025-07-03 09:51:39.684718,2025-07-03 12:16:21.600000,2025-07-03 12:23:01.500,160.55833333333334,144.69858803333332,24,2,osrm
286,delivered,2025-07-03 09:42:11,2025-07-03 09:47:53.112114,2025-07-03 10:03:02.214732,2025-07-03 10:07:09.600,24.976666666666667,15.1517103,6,4,osrm
287,delivered,2025-07-03 09:42:51,2025-07-03 09:55:38.324943,2025-07-03 10:00:03.800000,2025-07-03 10:11:26.300,28.58833333333333,4.424584283333333,24,4,osrm
288,delivered,2025-07-03 09:43:12,2025-07-03 09:57:28.636392,2025-07-03 10:22:51.400000,2025-07-03 10:28:54.100,45.70166666666667,25.379393466666667,18,3,osrm
289,delivered,2025-07-03 09:44:01,2025-07-03 09:49:33.302280,2025-07-03 10:42:30.800000,2025-07-03 10:45:53.900,61.88166666666667,52.95829533333333,21,2,osrm
290,delivered,2025-07-03 09:44:19,2025-07-03 09:57:15.118860,2025-07-03 10:14:04.782092,2025-07-03 10:11:57.900,27.648333333333333,16.827720533333334,1,4,osrm
291,delivered,2025-07-03 09:44:08,2025-07-03 09:57:58.574037,2025-07-03 10:10:27.970478,2025-07-03 10:16:49.200,32.68666666666667,12.489940683333334,28,3,osrm
292,delivered,2025-07-03 09:45:40,2025-07-03 10:01:35.296923,2025-07-03 10:42:30.800000,2025-07-03 10:45:53.900,60.23166666666667,40.92505128333333,21,2,osrm
293,delivered,2025-07-03 09:46:25,2025-07-03 09:55:47.614359,2025-07-03 10:12:01.210502,2025-07-03 10:17:25.700,31.011666666666667,16.226602383333333,7,3,osrm
294,delivered,2025-07-03 09:46:00,2025-07-03 09:56:31.017194,2025-07-03 10:09:39.899072,2025-07-03 10:11:17.300,25.288333333333334,13.148031300000001,4,4,osrm
295,delivered,2025-07-03 09:46:22,2025-07-03 10:01:54.861626,2025-07-03 10:14:04.782092,2025-07-03 10:19:01.200,32.653333333333336,12.165341100000001,21,4,osrm
296,delivered,2025-07-03 09:46:36,2025-07-03 10:03:02.214732,2025-07-03 10:15:44.100489,2025-07-03 10:24:12.600,37.61,12.69809595,25,4,osrm
297,delivered,2025-07-03 09:47:19,2025-07-03 09:57:15.714168,2025-07-03 12:13:16.900000,2025-07-03 12:20:07.300,152.80499999999998,136.01976386666666,3,4,osrm
298,delivered,2025-07-03 09:47:02,2025-07-03 10:00:31.882684,2025-07-03 10:00:34.400000,2025-07-03 10:14:39.000,27.616666666666667,0.04195526666666667,11,4,osrm
299,delivered,2025-07-03 09:49:39,2025-07-03 10:00:37.299758,2025-07-03 10:34:52.900000,2025-07-03 10:41:00.600,51.36,34.26000403333333,12,4,osrm
300,delivered,2025-07-03 09:50:52,2025-07-03 10:08:00.257517,2025-07-03 10:39:07.700000,2025-07-03 10:49:44.500,58.875,31.124041383333335,13,3,osrm
301,delivered,2025-07-03 09:50:44,2025-07-03 10:02:59.405452,2025-07-03 10:14:04.782092,2025-07-03 10:19:01.200,28.28666666666667,11.089610666666665,21,4,osrm
302,delivered,2025-07-03 09:51:48,2025-07-03 10:09:39.899072,2025-07-03 10:09:39.899072,2025-07-03 10:11:17.300,19.488333333333333,0.0,4,4,osrm
303,delivered,2025-07-03 09:51:37,2025-07-03 10:03:48.915144,2025-07-03 10:16:04.555590,2025-07-03 10:28:02.000,36.416666666666664,12.2606741,26,4,osrm
304,delivered,2025-07-03 09:52:46,2025-07-03 10:02:15.746005,2025-07-03 11:52:41.800000,2025-07-03 12:05:06.500,132.34166666666667,110.43423325,7,4,osrm
305,delivered,2025-07-03 09:52:04,2025-07-03 10:04:44.170329,2025-07-03 10:38:17.969990,2025-07-03 10:44:17.600,52.22666666666667,33.563327683333334,10,4,osrm
306,delivered,2025-07-03 09:53:59,2025-07-03 10:03:15.445404,2025-07-03 10:03:15.445404,2025-07-03 10:08:58.500,14.991666666666667,0.0,2,4,osrm
307,delivered,2025-07-03 09:56:19,2025-07-03 10:05:47.961619,2025-07-03 12:15:42.800000,2025-07-03 12:22:46.000,146.45,129.91397301666666,13,3,osrm
308,delivered,2025-07-03 09:56:57,2025-07-03 10:07:12.006254,2025-07-03 10:18:50.100000,2025-07-03 10:26:21.100,29.401666666666664,11.634895766666666,13,4,osrm
309,delivered,2025-07-03 09:56:59,2025-07-03 10:08:11.209806,2025-07-03 10:34:52.900000,2025-07-03 10:41:00.600,44.026666666666664,26.694836566666666,12,4,osrm
310,delivered,2025-07-03 09:56:20,2025-07-03 10:13:53.218582,2025-07-03 11:55:49.900000,2025-07-03 12:06:02.200,129.70333333333332,101.9446903,15,4,osrm
311,delivered,2025-07-03 09:57:13,2025-07-03 10:14:26.786109,2025-07-03 10:22:51.400000,2025-07-03 10:28:54.100,31.685,8.410231516666666,18,3,osrm
312,delivered,2025-07-03 09:57:28,2025-07-03 10:06:33.150611,2025-07-03 10:47:33.400000,2025-07-03 11:00:57.500,63.49166666666667,41.00415648333333,17,4,osrm
313,delivered,2025-07-03 09:57:43,2025-07-03 10:12:07.062717,2025-07-03 12:31:54.500000,2025-07-03 12:46:24.500,168.69166666666666,139.79062138333333,14,4,osrm
314,delivered,2025-07-03 09:57:12,2025-07-03 10:05:31.641707,2025-07-03 10:18:50.100000,2025-07-03 10:26:21.100,29.151666666666664,13.307638216666668,13,4,osrm
315,delivered,2025-07-03 09:58:54,2025-07-03 10:14:04.782092,2025-07-03 10:14:04.782092,2025-07-03 10:19:01.200,20.12,0.0,21,4,osrm
316,delivered,2025-07-03 09:58:13,2025-07-03 10:11:55.424307,2025-07-03 10:38:17.969990,2025-07-03 10:44:17.600,46.07666666666667,26.375761383333334,10,4,osrm
317,delivered,2025-07-03 09:58:23,2025-07-03 10:10:27.970478,2025-07-03 10:10:27.970478,2025-07-03 10:16:49.200,18.436666666666667,0.0,28,3,osrm
318,delivered,2025-07-03 10:00:58,2025-07-03 10:07:29.975746,2025-07-03 10:16:04.555590,2025-07-03 10:28:02.000,27.066666666666666,8.576330733333332,26,4,osrm
319,delivered,2025-07-03 10:00:08,2025-07-03 10:12:01.210502,2025-07-03 10:12:01.210502,2025-07-03 10:17:25.700,17.295,0.0,7,3,osrm
320,delivered,2025-07-03 10:00:48,2025-07-03 10:16:04.555590,2025-07-03 10:16:04.555590,2025-07-03 10:28:02.000,27.233333333333334,0.0,26,4,osrm
321,delivered,2025-07-03 10:00:02,2025-07-03 10:12:24.528659,2025-07-03 10:47:33.400000,2025-07-03 11:00:57.500,60.925,35.14785568333333,17,4,osrm
322,delivered,2025-07-03 10:00:22,2025-07-03 10:12:30.145030,2025-07-03 10:34:52.900000,2025-07-03 10:41:00.600,40.64333333333333,22.3792495,12,4,osrm
323,delivered,2025-07-03 10:01:04,2025-07-03 10:13:38.487357,2025-07-03 10:39:07.700000,2025-07-03 10:49:44.500,48.675,25.486877383333333,13,3,osrm
324,delivered,2025-07-03 10:01:01,2025-07-03 10:10:32.548679,2025-07-03 10:23:18.500000,2025-07-03 10:31:07.300,30.105,12.76585535,29,4,osrm
325,delivered,2025-07-03 10:04:11,2025-07-03 10:15:17.578926,2025-07-03 10:48:15.100000,2025-07-03 10:50:11.500,46.00833333333333,32.95868456666667,24,1,osrm
326,delivered,2025-07-03 10:04:01,2025-07-03 10:11:24.499611,2025-07-03 11:52:41.800000,2025-07-03 12:05:06.500,121.09166666666667,101.28833981666666,7,4,osrm
327,delivered,2025-07-03 10:05:47,2025-07-03 10:13:54.068885,2025-07-03 10:28:48.600000,2025-07-03 10:38:55.600,33.14333333333333,14.908851916666666,7,4,osrm
328,delivered,2025-07-03 10:05:20,2025-07-03 10:15:44.100489,2025-07-03 10:19:51.100000,2025-07-03 10:27:50.600,22.509999999999998,4.116658516666667,20,4,osrm
329,delivered,2025-07-03 10:05:16,2025-07-03 10:16:50.797043,2025-07-03 10:42:40.200000,2025-07-03 10:46:22.100,41.10166666666667,25.823382616666667,22,1,osrm
330,delivered,2025-07-03 10:06:55,2025-07-03 10:18:50.066034,2025-07-03 10:57:28.000000,2025-07-03 11:06:18.200,59.38666666666666,38.63223276666667,8,4,osrm
331,delivered,2025-07-03 10:06:15,2025-07-03 10:20:56.151266,2025-07-03 10:38:17.969990,2025-07-03 10:44:17.600,38.04333333333333,17.3636454,10,4,osrm
332,delivered,2025-07-03 10:07:21,2025-07-03 10:22:46.379403,2025-07-03 10:47:33.400000,2025-07-03 11:00:57.500,53.608333333333334,24.783676616666664,17,4,osrm
333,delivered,2025-07-03 10:09:41,2025-07-03 10:19:53.659986,2025-07-03 10:22:51.400000,2025-07-03 10:28:54.100,19.21833333333333,2.9623335666666666,18,3,osrm
334,delivered,2025-07-03 10:09:32,2025-07-03 10:24:11.839833,2025-07-03 10:28:48.600000,2025-07-03 10:38:55.600,29.39333333333333,4.61266945,7,4,osrm
335,delivered,2025-07-03 10:10:37,2025-07-03 10:22:20.073201,2025-07-03 10:40:48.452106,2025-07-03 10:45:18.600,34.693333333333335,18.47298175,20,2,osrm
336,delivered,2025-07-03 10:11:41,2025-07-03 10:29:19.628270,2025-07-03 10:34:52.900000,2025-07-03 10:41:00.600,29.326666666666664,5.554528833333333,12,4,osrm
337,delivered,2025-07-03 10:12:45,2025-07-03 10:27:22.470756,2025-07-03 10:57:28.000000,2025-07-03 11:06:18.200,53.55333333333333,30.09215406666667,8,4,osrm
338,delivered,2025-07-03 10:13:57,2025-07-03 10:23:01.282533,2025-07-03 10:23:01.282533,2025-07-03 10:28:52.100,14.918333333333333,0.0,6,3,osrm
339,delivered,2025-07-03 10:14:31,2025-07-03 10:29:15.874936,2025-07-03 10:54:06.200000,2025-07-03 11:05:23.000,50.86666666666667,24.838751066666667,10,4,osrm
340,delivered,2025-07-03 10:14:37,2025-07-03 10:25:34.749355,2025-07-03 10:39:07.700000,2025-07-03 10:49:44.500,35.125,13.549177416666668,13,3,osrm
341,delivered,2025-07-03 10:16:56,2025-07-03 10:28:45.509370,2025-07-03 10:47:33.400000,2025-07-03 11:00:57.500,44.025,18.79817716666667,17,4,osrm
342,delivered,2025-07-03 10:17:44,2025-07-03 10:25:58.021966,2025-07-03 11:00:53.000000,2025-07-03 11:09:22.000,51.63333333333333,34.91630056666667,18,4,osrm
343,delivered,2025-07-03 10:17:27,2025-07-03 10:25:01.086116,2025-07-03 12:14:32.700000,2025-07-03 12:22:35.900,125.14833333333333,109.52689806666667,19,4,osrm
344,delivered,2025-07-03 10:19:53,2025-07-03 10:33:10.242304,2025-07-03 11:00:53.000000,2025-07-03 11:09:22.000,49.483333333333334,27.712628266666666,18,4,osrm
345,delivered,2025-07-03 10:21:34,2025-07-03 10:34:38.659112,2025-07-03 10:57:28.000000,2025-07-03 11:06:18.200,44.736666666666665,22.822348133333332,8,4,osrm
346,delivered,2025-07-03 10:22:11,2025-07-03 10:32:45.689825,2025-07-03 11:09:17.468978,2025-07-03 11:17:52.700,55.695,36.52965255,26,3,osrm
347,delivered,2025-07-03 10:22:08,2025-07-03 10:36:49.162052,2025-07-03 11:10:50.559601,2025-07-03 11:14:45.600,52.626666666666665,34.023292483333336,24,4,osrm
348,delivered,2025-07-03 10:22:52,2025-07-03 10:33:10.925247,2025-07-03 11:10:50.559601,2025-07-03 11:14:45.600,51.89333333333333,37.660572566666666,24,4,osrm
349,delivered,2025-07-03 10:24:56,2025-07-03 10:40:08.071779,2025-07-03 11:00:53.000000,2025-07-03 11:09:22.000,44.43333333333333,20.748803683333332,18,4,osrm
350,delivered,2025-07-03 10:24:33,2025-07-03 10:38:17.969990,2025-07-03 10:38:17.969990,2025-07-03 10:44:17.600,19.743333333333332,0.0,10,4,osrm
351,delivered,2025-07-03 10:25:32,2025-07-03 10:38:24.331798,2025-07-03 10:57:29.100000,2025-07-03 11:06:29.200,40.95333333333333,19.079470033333333,15,4,osrm
352,delivered,2025-07-03 10:26:29,2025-07-03 10:39:53.233879,2025-07-03 11:14:27.800000,2025-07-03 11:26:49.900,60.348333333333336,34.57610201666667,7,4,osrm
353,delivered,2025-07-03 10:27:48,2025-07-03 10:40:48.452106,2025-07-03 10:40:48.452106,2025-07-03 10:45:18.600,17.509999999999998,0.0,20,2,osrm
354,delivered,2025-07-03 10:28:27,2025-07-03 10:40:23.889012,2025-07-03 11:09:17.468978,2025-07-03 11:17:52.700,49.42833333333333,28.892999433333333,26,3,osrm
355,delivered,2025-07-03 10:28:16,2025-07-03 10:37:53.434402,2025-07-03 12:14:32.700000,2025-07-03 12:22:35.900,114.33166666666666,96.65442663333333,19,4,osrm
356,delivered,2025-07-03 10:29:57,2025-07-03 10:47:38.490172,2025-07-03 11:10:17.200000,2025-07-03 11:15:27.000,45.5,22.6451638,5,2,osrm
357,delivered,2025-07-03 10:30:05,2025-07-03 10:47:05.684801,2025-07-03 11:21:55.931123,2025-07-03 11:28:05.700,58.01166666666666,34.8374387,4,3,osrm
358,delivered,2025-07-03 10:30:32,2025-07-03 10:36:14.702251,2025-07-03 11:06:15.065063,2025-07-03 11:08:25.300,37.888333333333335,30.00604686666667,14,2,osrm
359,delivered,2025-07-03 10:31:45,2025-07-03 10:47:14.453277,2025-07-03 11:52:41.800000,2025-07-03 12:05:06.500,93.35833333333333,65.45577871666667,7,4,osrm
360,delivered,2025-07-03 10:31:07,2025-07-03 10:43:03.396774,2025-07-03 11:21:01.400000,2025-07-03 11:28:35.700,57.47833333333333,37.96672043333333,20,4,osrm
361,delivered,2025-07-03 10:32:50,2025-07-03 10:43:37.349009,2025-07-03 10:57:46.200000,2025-07-03 11:03:07.400,30.290000000000003,14.147516516666666,13,2,osrm
362,delivered,2025-07-03 10:32:59,2025-07-03 10:47:43.858096,2025-07-03 11:10:50.559601,2025-07-03 11:14:45.600,41.776666666666664,23.11169175,24,4,osrm
363,delivered,2025-07-03 10:34:19,2025-07-03 10:47:48.035097,2025-07-03 10:53:58.200000,2025-07-03 11:02:10.300,27.855,6.16941505,12,4,osrm
364,delivered,2025-07-03 10:34:31,2025-07-03 10:53:28.875011,2025-07-03 12:31:54.500000,2025-07-03 12:46:24.500,131.89166666666668,98.42708315,14,4,osrm
365,delivered,2025-07-03 10:35:18,2025-07-03 10:53:28.641467,2025-07-03 10:54:06.200000,2025-07-03 11:05:23.000,30.083333333333332,0.6259755499999999,10,4,osrm
366,delivered,2025-07-03 10:36:03,2025-07-03 10:51:37.902255,2025-07-03 10:56:28.600000,2025-07-03 11:04:19.100,28.26833333333333,4.844962416666666,28,4,osrm
367,delivered,2025-07-03 10:36:24,2025-07-03 10:48:47.169670,2025-07-03 11:14:27.800000,2025-07-03 11:26:49.900,50.431666666666665,25.677172166666665,7,4,osrm
368,delivered,2025-07-03 10:37:26,2025-07-03 10:55:08.153727,2025-07-03 11:28:07.201514,2025-07-03 11:34:05.300,56.655,32.98412978333333,27,4,osrm
369,delivered,2025-07-03 10:37:21,2025-07-03 10:48:54.646682,2025-07-03 11:20:23.700000,2025-07-03 11:26:45.800,49.413333333333334,31.484221966666667,3,2,osrm
370,delivered,2025-07-03 10:37:40,2025-07-03 10:49:06.897501,2025-07-03 11:20:23.700000,2025-07-03 11:26:45.800,49.09666666666667,31.280041649999998,3,2,osrm
371,delivered,2025-07-03 10:38:00,2025-07-03 10:46:33.868393,2025-07-03 10:57:46.200000,2025-07-03 11:03:07.400,25.123333333333335,11.205526783333333,13,2,osrm
372,delivered,2025-07-03 10:40:39,2025-07-03 10:51:28.258627,2025-07-03 11:00:53.000000,2025-07-03 11:09:22.000,28.716666666666665,9.412356216666666,18,4,osrm
373,delivered,2025-07-03 10:41:02,2025-07-03 10:56:03.589958,2025-07-03 11:10:17.200000,2025-07-03 11:15:27.000,34.416666666666664,14.226834033333335,5,2,osrm
374,delivered,2025-07-03 10:44:35,2025-07-03 10:57:52.131551,2025-07-03 11:14:27.800000,2025-07-03 11:26:49.900,42.248333333333335,16.59447415,7,4,osrm
375,delivered,2025-07-03 10:46:32,2025-07-03 11:01:09.175563,2025-07-03 11:28:07.201514,2025-07-03 11:34:05.300,47.555,26.967099183333335,27,4,osrm
376,delivered,2025-07-03 10:48:02,2025-07-03 10:57:45.545119,2025-07-03 11:14:27.800000,2025-07-03 11:26:49.900,38.79833333333333,16.704248016666664,7,4,osrm
377,delivered,2025-07-03 10:51:22,2025-07-03 11:07:18.362824,2025-07-03 11:21:55.931123,2025-07-03 11:28:05.700,36.72833333333333,14.626138316666667,4,3,osrm
378,delivered,2025-07-03 10:54:58,2025-07-03 11:06:15.065063,2025-07-03 11:06:15.065063,2025-07-03 11:08:25.300,13.455,0.0,14,2,osrm
379,delivered,2025-07-03 10:55:05,2025-07-03 11:09:17.468978,2025-07-03 11:33:46.305436,2025-07-03 11:36:22.900,41.29833333333333,24.48060763333333,1,3,osrm
380,delivered,2025-07-03 10:56:31,2025-07-03 11:08:58.332571,2025-07-03 11:38:25.500000,2025-07-03 11:41:56.500,45.425,29.452790483333334,18,1,osrm
381,delivered,2025-07-03 10:57:14,2025-07-03 11:07:00.339745,2025-07-03 11:21:01.400000,2025-07-03 11:28:35.700,31.361666666666668,14.017670916666667,20,4,osrm
382,delivered,2025-07-03 10:57:54,2025-07-03 11:10:50.559601,2025-07-03 11:10:50.559601,2025-07-03 11:14:45.600,16.86,0.0,24,4,osrm
383,delivered,2025-07-03 10:58:31,2025-07-03 11:15:52.147585,2025-07-03 12:04:42.600000,2025-07-03 12:17:49.800,79.31333333333333,48.840873583333334,22,3,osrm
384,delivered,2025-07-03 11:01:25,2025-07-03 11:13:46.360187,2025-07-03 11:20:20.800000,2025-07-03 11:28:13.800,26.813333333333333,6.573996883333334,18,4,osrm
385,delivered,2025-07-03 11:02:33,2025-07-03 11:12:56.066138,2025-07-03 11:12:56.066138,2025-07-03 11:21:28.900,18.93166666666667,0.0,19,4,osrm
386,delivered,2025-07-03 11:03:50,2025-07-03 11:21:03.287948,2025-07-03 11:55:24.700000,2025-07-03 12:02:34.200,58.736666666666665,34.356867533333336,14,4,osrm
387,delivered,2025-07-03 11:03:45,2025-07-03 11:13:05.482500,2025-07-03 11:39:01.000000,2025-07-03 11:42:12.800,38.46333333333334,25.925291666666666,15,1,osrm
388,delivered,2025-07-03 11:04:50,2025-07-03 11:15:30.293772,2025-07-03 11:54:22.119736,2025-07-03 11:54:14.700,49.41166666666666,38.86376606666667,6,3,osrm
389,delivered,2025-07-03 11:06:03,2025-07-03 11:17:48.601263,2025-07-03 11:47:22.508359,2025-07-03 11:53:16.300,47.22166666666667,29.565118266666666,8,3,osrm
390,delivered,2025-07-03 11:06:04,2025-07-03 11:17:41.211070,2025-07-03 11:31:25.735783,2025-07-03 11:35:21.000,29.283333333333335,13.74207855,11,3,osrm
391,delivered,2025-07-03 11:06:07,2025-07-03 11:20:14.570676,2025-07-03 11:50:12.100000,2025-07-03 11:52:14.800,46.13,29.958822066666666,9,1,osrm
392,delivered,2025-07-03 11:08:37,2025-07-03 11:23:37.959780,2025-07-03 11:54:22.119736,2025-07-03 11:54:14.700,45.62833333333333,30.735999266666667,6,3,osrm
393,delivered,2025-07-03 11:08:34,2025-07-03 11:22:29.848560,2025-07-03 11:27:37.700000,2025-07-03 11:35:31.600,26.959999999999997,5.130857333333334,10,4,osrm
394,delivered,2025-07-03 11:08:25,2025-07-03 11:17:29.222612,2025-07-03 11:54:39.397154,2025-07-03 12:00:00.700,51.595,37.1695757,23,3,osrm
395,delivered,2025-07-03 11:08:49,2025-07-03 11:19:43.193940,2025-07-03 11:19:43.193940,2025-07-03 11:31:35.500,22.775,0.0,8,4,osrm
396,delivered,2025-07-03 11:10:34,2025-07-03 11:21:55.931123,2025-07-03 11:21:55.931123,2025-07-03 11:28:05.700,17.528333333333332,0.0,4,3,osrm
397,delivered,2025-07-03 11:10:58,2025-07-03 11:22:53.937938,2025-07-03 11:45:20.400000,2025-07-03 11:53:09.000,42.18333333333333,22.441034366666667,16,3,osrm
398,delivered,2025-07-03 11:11:31,2025-07-03 11:26:21.719237,2025-07-03 11:48:03.300000,2025-07-03 11:55:40.900,44.165,21.693012716666665,11,4,osrm
399,delivered,2025-07-03 11:11:40,2025-07-03 11:20:16.893595,2025-07-03 12:00:04.400000,2025-07-03 12:02:07.600,50.46,39.791773416666665,26,1,osrm
400,delivered,2025-07-03 11:11:44,2025-07-03 11:19:10.779837,2025-07-03 11:37:11.600000,2025-07-03 11:41:08.600,29.41,18.013669383333333,12,3,osrm
401,delivered,2025-07-03 11:14:35,2025-07-03 11:30:34.842776,2025-07-03 11:55:24.700000,2025-07-03 12:02:34.200,47.986666666666665,24.830953733333335,14,4,osrm
402,delivered,2025-07-03 11:14:52,2025-07-03 11:28:07.201514,2025-07-03 11:37:11.600000,2025-07-03 11:41:08.600,26.276666666666664,9.0733081,12,3,osrm
403,delivered,2025-07-03 11:18:58,2025-07-03 11:33:46.305436,2025-07-03 11:45:20.400000,2025-07-03 11:53:09.000,34.18333333333333,11.568242733333333,16,3,osrm
404,delivered,2025-07-03 11:18:24,2025-07-03 11:35:23.568709,2025-07-03 11:55:24.700000,2025-07-03 12:02:34.200,44.169999999999995,20.01885485,14,4,osrm
405,delivered,2025-07-03 11:20:13,2025-07-03 11:31:25.735783,2025-07-03 11:31:25.735783,2025-07-03 11:35:21.000,15.133333333333333,0.0,11,3,osrm
406,delivered,2025-07-03 11:21:05,2025-07-03 11:33:33.274176,2025-07-03 11:37:11.600000,2025-07-03 11:41:08.600,20.06,3.6387637333333336,12,3,osrm
407,delivered,2025-07-03 11:22:55,2025-07-03 11:33:43.748269,2025-07-03 12:05:22.600000,2025-07-03 12:08:12.700,45.294999999999995,31.64752885,6,1,osrm
408,delivered,2025-07-03 11:23:16,2025-07-03 11:36:35.815830,2025-07-03 11:47:22.508359,2025-07-03 11:53:16.300,30.005,10.778208816666668,8,3,osrm
409,delivered,2025-07-03 11:23:55,2025-07-03 11:33:42.957865,2025-07-03 11:48:03.300000,2025-07-03 11:55:40.900,31.765,14.339035583333333,11,4,osrm
410,delivered,2025-07-03 11:23:58,2025-07-03 11:38:28.539686,2025-07-03 11:54:39.397154,2025-07-03 12:00:00.700,36.044999999999995,16.1809578,23,3,osrm
411,delivered,2025-07-03 11:24:51,2025-07-03 11:39:09.129494,2025-07-03 12:00:25.200000,2025-07-03 12:04:41.000,39.833333333333336,21.267841766666667,20,1,osrm
412,delivered,2025-07-03 11:25:19,2025-07-03 11:38:33.938978,2025-07-03 12:09:47.600000,2025-07-03 12:12:28.500,47.15833333333333,31.2276837,18,1,osrm
413,delivered,2025-07-03 11:26:48,2025-07-03 11:38:19.949288,2025-07-03 12:08:03.200000,2025-07-03 12:11:56.400,45.14,29.7208452,29,1,osrm
414,delivered,2025-07-03 11:27:37,2025-07-03 11:33:22.547229,2025-07-03 11:55:49.900000,2025-07-03 12:06:02.200,38.419999999999995,22.455879516666666,15,4,osrm
415,delivered,2025-07-03 11:35:44,2025-07-03 11:48:35.337951,2025-07-03 12:13:03.800000,2025-07-03 12:16:46.300,41.038333333333334,24.47436748333333,14,2,osrm
416,delivered,2025-07-03 11:35:40,2025-07-03 11:43:58.015117,2025-07-03 11:58:59.600000,2025-07-03 12:04:54.100,29.235,15.026414716666666,19,2,osrm
417,delivered,2025-07-03 11:35:13,2025-07-03 11:47:22.508359,2025-07-03 11:47:22.508359,2025-07-03 11:53:16.300,18.055,0.0,8,3,osrm
418,delivered,2025-07-03 11:37:36,2025-07-03 11:54:06.880732,2025-07-03 12:13:03.800000,2025-07-03 12:16:46.300,39.17166666666667,18.948654466666667,14,2,osrm
419,delivered,2025-07-03 11:38:06,2025-07-03 11:47:47.830094,2025-07-03 11:58:59.600000,2025-07-03 12:04:54.100,26.801666666666666,11.1961651,19,2,osrm
420,delivered,2025-07-03 11:38:33,2025-07-03 11:54:22.119736,2025-07-03 11:54:22.119736,2025-07-03 11:54:14.700,15.695,0.0,6,3,osrm
421,delivered,2025-07-03 11:43:45,2025-07-03 11:54:39.397154,2025-07-03 12:17:33.483860,2025-07-03 12:14:50.700,31.095000000000002,22.9014451,28,2,osrm
422,delivered,2025-07-03 11:46:50,2025-07-03 11:56:08.670588,2025-07-03 12:23:38.800000,2025-07-03 12:27:51.000,41.016666666666666,27.502156866666667,25,2,osrm
423,delivered,2025-07-03 11:47:18,2025-07-03 11:56:23.412708,2025-07-03 12:34:30.437123,2025-07-03 12:37:03.300,49.755,38.11707358333333,22,2,osrm
424,delivered,2025-07-03 11:52:43,2025-07-03 12:05:06.801989,2025-07-03 12:33:20.500000,2025-07-03 12:37:43.900,45.015,28.22830018333333,18,1,osrm
425,delivered,2025-07-03 11:58:09,2025-07-03 12:10:10.759989,2025-07-03 12:42:24.800000,2025-07-03 12:50:51.800,52.71333333333334,32.234000183333336,17,2,osrm
426,delivered,2025-07-03 12:00:32,2025-07-03 12:14:42.945268,2025-07-03 12:23:38.800000,2025-07-03 12:27:51.000,27.316666666666666,8.9309122,25,2,osrm
427,delivered,2025-07-03 12:01:48,2025-07-03 12:15:47.006673,2025-07-03 12:52:39.922971,2025-07-03 12:50:56.100,49.135,36.8819383,28,4,osrm
428,delivered,2025-07-03 12:04:20,2025-07-03 12:17:33.483860,2025-07-03 12:17:33.483860,2025-07-03 12:14:50.700,10.511666666666667,0.0,28,2,osrm
429,delivered,2025-07-03 12:05:42,2025-07-03 12:11:14.345808,2025-07-03 12:43:16.600000,2025-07-03 12:50:18.000,44.6,32.037569866666665,8,3,osrm
430,delivered,2025-07-03 12:05:28,2025-07-03 12:10:28.000000,2025-07-03 12:34:27.900000,2025-07-03 12:37:44.000,32.266666666666666,23.998333333333335,24,1,osrm
431,delivered,2025-07-03 12:06:24,2025-07-03 12:18:01.324269,2025-07-03 12:50:45.277652,2025-07-03 12:53:53.900,47.498333333333335,32.73255638333333,18,2,osrm
432,delivered,2025-07-03 12:09:09,2025-07-03 12:24:58.018270,2025-07-03 12:43:16.600000,2025-07-03 12:50:18.000,41.15,18.3096955,8,3,osrm
433,delivered,2025-07-03 12:10:03,2025-07-03 12:20:13.613335,2025-07-03 12:53:38.300000,2025-07-03 12:59:01.100,48.968333333333334,33.41144441666667,1,2,osrm
434,delivered,2025-07-03 12:11:12,2025-07-03 12:25:38.856842,2025-07-03 12:55:57.064722,2025-07-03 13:00:15.200,49.05333333333333,30.303464666666667,21,4,osrm
435,delivered,2025-07-03 12:11:12,2025-07-03 12:20:40.854531,2025-07-03 12:31:24.000000,2025-07-03 12:39:35.200,28.386666666666667,10.71909115,5,4,osrm
436,delivered,2025-07-03 12:11:03,2025-07-03 12:26:21.715525,2025-07-03 13:01:25.869586,2025-07-03 13:06:28.700,55.42833333333333,35.06923435,5,2,osrm
437,delivered,2025-07-03 12:12:58,2025-07-03 12:25:55.146424,2025-07-03 12:33:38.800000,2025-07-03 12:40:45.000,27.783333333333335,7.7275596,1,2,osrm
438,delivered,2025-07-03 12:12:56,2025-07-03 12:24:06.497698,2025-07-03 12:42:24.800000,2025-07-03 12:50:51.800,37.93,18.30503836666667,17,2,osrm
439,delivered,2025-07-03 12:14:30,2025-07-03 12:21:55.642783,2025-07-03 12:43:21.200000,2025-07-03 12:46:47.000,32.28333333333333,21.425953616666668,6,1,osrm
440,delivered,2025-07-03 12:16:15,2025-07-03 12:28:39.024551,2025-07-03 13:07:55.200000,2025-07-03 13:18:37.000,62.36666666666667,39.269590816666664,10,2,osrm
441,delivered,2025-07-03 12:20:02,2025-07-03 12:34:30.437123,2025-07-03 12:34:30.437123,2025-07-03 12:37:03.300,17.021666666666665,0.0,22,2,osrm
442,delivered,2025-07-03 12:20:09,2025-07-03 12:30:13.783977,2025-07-03 12:33:24.000000,2025-07-03 12:36:15.700,16.111666666666668,3.17026705,13,1,osrm
443,delivered,2025-07-03 12:23:28,2025-07-03 12:28:28.000000,2025-07-03 12:43:16.600000,2025-07-03 12:50:18.000,26.833333333333332,14.81,8,3,osrm
444,delivered,2025-07-03 12:25:05,2025-07-03 12:37:01.968824,2025-07-03 12:53:38.300000,2025-07-03 12:59:01.100,33.934999999999995,16.6055196,1,2,osrm
445,delivered,2025-07-03 12:26:59,2025-07-03 12:40:27.669489,2025-07-03 13:00:34.000000,2025-07-03 13:08:44.700,41.76166666666666,20.105508516666664,23,2,osrm
446,delivered,2025-07-03 12:28:06,2025-07-03 12:39:41.112539,2025-07-03 12:55:57.064722,2025-07-03 13:00:15.200,32.153333333333336,16.265869716666668,21,4,osrm
447,delivered,2025-07-03 12:29:24,2025-07-03 12:37:01.485364,2025-07-03 12:56:05.300000,2025-07-03 13:05:51.800,36.46333333333334,19.063577266666666,2,3,osrm
448,delivered,2025-07-03 12:30:45,2025-07-03 12:43:14.773175,2025-07-03 12:52:39.922971,2025-07-03 12:50:56.100,20.185,9.419163266666667,28,4,osrm
449,delivered,2025-07-03 12:32:40,2025-07-03 12:51:08.881785,2025-07-03 13:12:27.087854,2025-07-03 13:15:44.400,43.07333333333334,21.303434483333334,17,2,osrm
450,delivered,2025-07-03 12:36:45,2025-07-03 12:50:45.277652,2025-07-03 12:55:57.064722,2025-07-03 13:00:15.200,23.503333333333334,5.196451166666667,21,4,osrm
451,delivered,2025-07-03 12:36:01,2025-07-03 12:50:45.991683,2025-07-03 13:13:37.600000,2025-07-03 13:20:41.200,44.669999999999995,22.860138616666667,14,2,osrm
452,delivered,2025-07-03 12:36:08,2025-07-03 12:52:39.922971,2025-07-03 12:59:18.200000,2025-07-03 13:02:06.500,25.975,6.637950483333333,11,2,osrm
453,delivered,2025-07-03 12:39:53,2025-07-03 12:51:13.144467,2025-07-03 12:59:18.200000,2025-07-03 13:02:06.500,22.225,8.084258883333334,11,2,osrm
454,delivered,2025-07-03 12:39:10,2025-07-03 12:50:26.313563,2025-07-03 13:10:01.500000,2025-07-03 13:21:08.600,41.97666666666667,19.586440616666668,1,3,osrm
455,delivered,2025-07-03 12:40:19,2025-07-03 12:54:07.555539,2025-07-03 13:07:55.200000,2025-07-03 13:18:37.000,38.3,13.794074349999999,10,2,osrm
456,delivered,2025-07-03 12:40:30,2025-07-03 12:55:57.064722,2025-07-03 13:06:16.500000,2025-07-03 13:07:58.900,27.48166666666667,10.3239213,15,1,osrm
457,delivered,2025-07-03 12:43:34,2025-07-03 12:54:10.088400,2025-07-03 13:02:39.700000,2025-07-03 13:05:32.900,21.98166666666667,8.493526666666666,9,1,osrm
458,delivered,2025-07-03 12:43:57,2025-07-03 12:55:28.243328,2025-07-03 13:12:44.600000,2025-07-03 13:16:46.300,32.821666666666665,17.272611199999997,13,1,osrm
459,delivered,2025-07-03 12:46:00,2025-07-03 12:53:42.014741,2025-07-03 13:23:37.400000,2025-07-03 13:27:35.000,41.583333333333336,29.92308765,18,2,osrm
460,delivered,2025-07-03 12:47:45,2025-07-03 13:01:25.869586,2025-07-03 13:07:52.400000,2025-07-03 13:10:49.600,23.076666666666664,6.442173566666667,29,1,osrm
461,delivered,2025-07-03 12:53:43,2025-07-03 13:07:25.641472,2025-07-03 13:23:37.400000,2025-07-03 13:27:35.000,33.86666666666667,16.195975466666667,18,2,osrm
462,delivered,2025-07-03 12:53:55,2025-07-03 13:10:55.888284,2025-07-03 13:21:08.100000,2025-07-03 13:23:57.500,30.041666666666668,10.2035286,27,1,osrm
463,delivered,2025-07-03 12:55:56,2025-07-03 13:07:54.601613,2025-07-03 13:23:52.500000,2025-07-03 13:27:14.600,31.31,15.964973116666666,28,1,osrm
464,delivered,2025-07-03 13:00:12,2025-07-03 13:12:27.087854,2025-07-03 13:18:24.900000,2025-07-03 13:21:44.600,21.543333333333333,5.963535766666666,26,1,osrm
465,delivered,2025-07-03 13:00:43,2025-07-03 13:09:12.896753,2025-07-03 13:29:40.600000,2025-07-03 13:33:36.000,32.88333333333333,20.46172078333333,13,1,osrm
466,delivered,2025-07-03 13:01:57,2025-07-03 13:20:48.080859,2025-07-03 13:40:04.500000,2025-07-03 13:43:56.100,41.985,19.273652350000003,20,1,osrm
467,delivered,2025-07-03 13:02:50,2025-07-03 13:16:14.842489,2025-07-03 13:49:21.193852,2025-07-03 13:54:58.400,52.14,33.10585605,26,2,osrm
468,delivered,2025-07-03 13:03:21,2025-07-03 13:18:05.027229,2025-07-03 13:24:03.400000,2025-07-03 13:27:52.400,24.523333333333333,5.972879516666667,23,1,osrm
469,delivered,2025-07-03 13:05:42,2025-07-03 13:14:56.217547,2025-07-03 13:27:25.900000,2025-07-03 13:32:26.200,26.736666666666668,12.49470755,25,2,osrm
470,delivered,2025-07-03 13:13:07,2025-07-03 13:24:30.457407,2025-07-03 13:53:16.400000,2025-07-03 14:00:44.300,47.62166666666667,28.765709883333333,12,2,osrm
471,delivered,2025-07-03 13:15:41,2025-07-03 13:30:10.825628,2025-07-03 14:03:20.100000,2025-07-03 14:13:47.400,58.10666666666667,33.15457286666667,21,2,osrm
472,delivered,2025-07-03 13:15:05,2025-07-03 13:24:00.160686,2025-07-03 13:40:22.400000,2025-07-03 13:43:19.000,28.233333333333334,16.370655233333334,12,1,osrm
473,delivered,2025-07-03 13:17:30,2025-07-03 13:29:01.116467,2025-07-03 13:34:28.100000,2025-07-03 13:39:39.900,22.165000000000003,5.44972555,7,1,osrm
474,delivered,2025-07-03 13:18:00,2025-07-03 13:26:56.122426,2025-07-03 13:43:16.400000,2025-07-03 13:56:06.100,38.10166666666667,16.337959566666665,8,3,osrm
475,delivered,2025-07-03 13:19:52,2025-07-03 13:39:50.199682,2025-07-03 13:55:21.800000,2025-07-03 13:57:11.000,37.31666666666667,15.526671966666667,10,1,osrm
476,delivered,2025-07-03 13:20:34,2025-07-03 13:37:34.703038,2025-07-03 14:13:31.800000,2025-07-03 14:23:20.800,62.78,35.95161603333334,6,2,osrm
477,delivered,2025-07-03 13:20:38,2025-07-03 13:34:23.554582,2025-07-03 13:48:21.100000,2025-07-03 13:51:29.200,30.853333333333335,13.959090300000002,29,1,osrm
478,delivered,2025-07-03 13:21:00,2025-07-03 13:35:17.956469,2025-07-03 13:44:45.500000,2025-07-03 13:46:49.500,25.825,9.45905885,4,1,osrm
479,delivered,2025-07-03 13:21:53,2025-07-03 13:35:28.499963,2025-07-03 13:47:30.100000,2025-07-03 13:51:49.300,29.938333333333333,12.026667283333333,28,2,osrm
480,delivered,2025-07-03 13:25:28,2025-07-03 13:34:23.286419,2025-07-03 13:44:08.800000,2025-07-03 13:47:35.600,22.126666666666665,9.758559683333335,14,1,osrm
481,delivered,2025-07-03 13:25:22,2025-07-03 13:36:20.281094,2025-07-03 13:47:30.100000,2025-07-03 13:51:49.300,26.455,11.163648433333332,28,2,osrm
482,delivered,2025-07-03 13:26:24,2025-07-03 13:39:35.201314,2025-07-03 14:00:43.310980,2025-07-03 13:58:42.400,32.306666666666665,21.1351611,20,2,osrm
483,delivered,2025-07-03 13:26:52,2025-07-03 13:36:16.711549,2025-07-03 14:03:20.100000,2025-07-03 14:13:47.400,46.92333333333333,27.056474183333332,21,2,osrm
484,delivered,2025-07-03 13:28:48,2025-07-03 13:39:49.233760,2025-07-03 13:53:16.400000,2025-07-03 14:00:44.300,31.938333333333333,13.452770666666668,12,2,osrm
485,delivered,2025-07-03 13:29:34,2025-07-03 13:41:11.898598,2025-07-03 14:12:56.800000,2025-07-03 14:20:14.000,50.666666666666664,31.7483567,18,3,osrm
486,delivered,2025-07-03 13:30:49,2025-07-03 13:41:46.473437,2025-07-03 14:12:56.800000,2025-07-03 14:20:14.000,49.416666666666664,31.172109383333336,18,3,osrm
487,delivered,2025-07-03 13:30:18,2025-07-03 13:42:32.815387,2025-07-03 14:08:31.700000,2025-07-03 14:13:27.200,43.15333333333333,25.981410216666667,20,1,osrm
488,delivered,2025-07-03 13:34:06,2025-07-03 13:45:19.288568,2025-07-03 13:58:34.500000,2025-07-03 14:00:11.300,26.08833333333333,13.253523866666665,16,1,osrm
489,delivered,2025-07-03 13:34:24,2025-07-03 13:49:21.193852,2025-07-03 13:49:21.193852,2025-07-03 13:54:58.400,20.573333333333334,0.0,26,2,osrm
490,delivered,2025-07-03 13:37:45,2025-07-03 13:47:00.987370,2025-07-03 14:01:51.400000,2025-07-03 14:04:26.200,26.686666666666667,14.840210500000001,6,1,osrm
491,delivered,2025-07-03 13:39:15,2025-07-03 13:50:14.959547,2025-07-03 14:29:34.800000,2025-07-03 14:41:18.000,62.05,39.330674216666665,27,3,osrm
492,delivered,2025-07-03 13:40:31,2025-07-03 13:53:10.939014,2025-07-03 14:29:34.800000,2025-07-03 14:41:18.000,60.78333333333333,36.3976831,27,3,osrm
493,delivered,2025-07-03 13:40:32,2025-07-03 13:49:49.684902,2025-07-03 14:13:31.800000,2025-07-03 14:23:20.800,42.81333333333334,23.7019183,6,2,osrm
494,delivered,2025-07-03 13:45:55,2025-07-03 13:54:57.111476,2025-07-03 14:28:11.237557,2025-07-03 14:31:55.000,46.0,33.23543468333334,4,3,osrm
495,delivered,2025-07-03 13:46:19,2025-07-03 13:58:42.809646,2025-07-03 14:01:21.100000,2025-07-03 14:04:16.300,17.955,2.638172566666667,23,1,osrm
496,delivered,2025-07-03 13:46:20,2025-07-03 14:00:43.310980,2025-07-03 14:00:43.310980,2025-07-03 13:58:42.400,12.373333333333333,0.0,20,2,osrm
497,delivered,2025-07-03 13:46:52,2025-07-03 13:58:36.127604,2025-07-03 14:28:11.237557,2025-07-03 14:31:55.000,45.05,29.58516588333333,4,3,osrm
498,delivered,2025-07-03 13:46:53,2025-07-03 13:52:55.382152,2025-07-03 14:31:33.300000,2025-07-03 14:34:53.600,48.01,38.631964133333334,24,1,osrm
499,delivered,2025-07-03 13:48:59,2025-07-03 13:55:53.587237,2025-07-03 13:59:51.200000,2025-07-03 14:02:52.600,13.893333333333334,3.9602127166666667,3,1,osrm
500,delivered,2025-07-03 13:49:42,2025-07-03 13:58:55.381772,2025-07-03 14:07:30.100000,2025-07-03 14:10:30.000,20.8,8.578637133333332,1,1,osrm
501,delivered,2025-07-03 13:50:52,2025-07-03 14:02:54.851805,2025-07-03 14:26:55.400000,2025-07-03 14:30:02.200,39.169999999999995,24.009136583333333,25,2,osrm
502,delivered,2025-07-03 13:50:10,2025-07-03 14:06:58.853866,2025-07-03 14:33:21.200000,2025-07-03 14:38:00.900,47.848333333333336,26.372435566666663,12,2,osrm
503,delivered,2025-07-03 13:53:59,2025-07-03 14:01:43.863509,2025-07-03 14:12:56.800000,2025-07-03 14:20:14.000,26.25,11.215608183333334,18,3,osrm
504,delivered,2025-07-03 13:54:32,2025-07-03 14:04:56.701425,2025-07-03 14:28:21.200000,2025-07-03 14:36:16.200,41.736666666666665,23.408309583333335,9,3,osrm
505,delivered,2025-07-03 13:55:24,2025-07-03 14:09:18.929633,2025-07-03 14:18:43.200000,2025-07-03 14:21:42.600,26.31,9.404506116666665,14,1,osrm
506,delivered,2025-07-03 13:55:49,2025-07-03 14:03:33.243703,2025-07-03 14:26:55.400000,2025-07-03 14:30:02.200,34.22,23.369271616666666,25,2,osrm
507,delivered,2025-07-03 13:55:25,2025-07-03 14:08:33.437681,2025-07-03 14:33:21.200000,2025-07-03 14:38:00.900,42.598333333333336,24.79603865,12,2,osrm
508,delivered,2025-07-03 13:57:43,2025-07-03 14:09:52.503761,2025-07-03 14:30:13.400000,2025-07-03 14:37:37.200,39.90333333333333,20.34827065,16,2,osrm
509,delivered,2025-07-03 13:58:27,2025-07-03 14:13:35.218385,2025-07-03 14:13:58.900000,2025-07-03 14:16:06.300,17.654999999999998,0.3946935833333333,26,1,osrm
510,delivered,2025-07-03 14:01:28,2025-07-03 14:17:28.172891,2025-07-03 14:34:23.100000,2025-07-03 14:37:29.800,36.03,16.915451816666668,29,1,osrm
511,delivered,2025-07-03 14:02:21,2025-07-03 14:11:17.510161,2025-07-03 14:30:13.400000,2025-07-03 14:37:37.200,35.269999999999996,18.931497316666665,16,2,osrm
512,delivered,2025-07-03 14:03:15,2025-07-03 14:14:36.171131,2025-07-03 14:29:34.800000,2025-07-03 14:41:18.000,38.05,14.977147816666667,27,3,osrm
513,delivered,2025-07-03 14:04:46,2025-07-03 14:15:39.795711,2025-07-03 14:43:58.100000,2025-07-03 14:48:05.900,43.33166666666667,28.305071483333332,1,1,osrm
514,delivered,2025-07-03 14:07:43,2025-07-03 14:17:06.977906,2025-07-03 14:46:44.600000,2025-07-03 14:54:23.700,46.67833333333333,29.6270349,11,3,osrm
515,delivered,2025-07-03 14:08:20,2025-07-03 14:15:20.029848,2025-07-03 14:54:27.700000,2025-07-03 14:57:36.300,49.27166666666667,39.12783586666667,7,1,osrm
516,delivered,2025-07-03 14:11:49,2025-07-03 14:21:44.164563,2025-07-03 14:33:37.000000,2025-07-03 14:38:04.300,26.255,11.880590616666666,8,2,osrm
517,delivered,2025-07-03 14:12:53,2025-07-03 14:22:15.990119,2025-07-03 14:33:37.000000,2025-07-03 14:38:04.300,25.188333333333333,11.350164683333333,8,2,osrm
518,delivered,2025-07-03 14:12:45,2025-07-03 14:28:11.237557,2025-07-03 14:33:55.400000,2025-07-03 14:37:59.300,25.238333333333333,5.7360407166666665,6,1,osrm
519,delivered,2025-07-03 14:13:30,2025-07-03 14:28:13.527145,2025-07-03 14:59:11.955442,2025-07-03 14:52:04.700,38.57833333333333,30.973804949999998,13,4,osrm
520,delivered,2025-07-03 14:13:48,2025-07-03 14:24:19.263607,2025-07-03 14:48:35.200000,2025-07-03 14:52:36.100,38.80166666666666,24.265606549999998,16,2,osrm
521,delivered,2025-07-03 14:16:10,2025-07-03 14:22:00.735112,2025-07-03 14:59:11.955442,2025-07-03 14:52:04.700,35.91166666666666,37.187005500000005,13,4,osrm
522,delivered,2025-07-03 14:16:22,2025-07-03 14:33:07.080405,2025-07-03 14:43:55.200000,2025-07-03 14:47:37.800,31.263333333333332,10.80199325,4,1,osrm
523,delivered,2025-07-03 14:17:23,2025-07-03 14:32:38.302418,2025-07-03 14:39:18.500000,2025-07-03 14:41:35.800,24.21333333333333,6.669959700000001,26,1,osrm
524,delivered,2025-07-03 14:22:31,2025-07-03 14:32:53.065665,2025-07-03 14:36:39.500000,2025-07-03 14:38:38.200,16.12,3.7739055833333333,10,1,osrm
525,delivered,2025-07-03 14:23:15,2025-07-03 14:34:56.992593,2025-07-03 14:46:44.600000,2025-07-03 14:54:23.700,31.145,11.793456783333333,11,3,osrm
526,delivered,2025-07-03 14:27:09,2025-07-03 14:39:57.796655,2025-07-03 14:49:00.900000,2025-07-03 14:52:11.000,25.033333333333335,9.051722416666667,17,1,osrm
527,delivered,2025-07-03 14:29:16,2025-07-03 14:35:55.054637,2025-07-03 14:49:25.600000,2025-07-03 14:53:54.300,24.638333333333332,13.509089383333333,29,1,osrm
528,delivered,2025-07-03 14:30:31,2025-07-03 14:40:11.748727,2025-07-03 14:59:11.955442,2025-07-03 14:52:04.700,21.561666666666667,19.003445250000002,13,4,osrm
529,delivered,2025-07-03 14:30:03,2025-07-03 14:43:17.883896,2025-07-03 14:48:35.200000,2025-07-03 14:52:36.100,22.551666666666666,5.2886017333333335,16,2,osrm
530,delivered,2025-07-03 14:30:08,2025-07-03 14:39:23.994022,2025-07-03 14:45:13.400000,2025-07-03 14:48:04.400,17.94,5.823432966666667,25,1,osrm
531,delivered,2025-07-03 14:31:46,2025-07-03 14:46:24.417687,2025-07-03 15:07:47.500000,2025-07-03 15:11:04.600,39.309999999999995,21.384705216666667,25,2,osrm
532,delivered,2025-07-03 14:31:03,2025-07-03 14:43:30.037748,2025-07-03 15:10:35.900000,2025-07-03 15:14:50.400,43.79,27.0977042,20,2,osrm
533,delivered,2025-07-03 14:34:10,2025-07-03 14:48:09.362281,2025-07-03 14:49:00.134746,2025-07-03 14:54:29.600,20.326666666666664,0.8462077499999999,10,2,osrm
534,delivered,2025-07-03 14:36:40,2025-07-03 14:52:35.454201,2025-07-03 15:11:02.200000,2025-07-03 15:16:21.300,39.68833333333334,18.445763316666667,17,2,osrm
535,delivered,2025-07-03 14:37:30,2025-07-03 14:49:00.134746,2025-07-03 14:49:00.134746,2025-07-03 14:54:29.600,16.993333333333332,0.0,10,2,osrm
536,delivered,2025-07-03 14:38:56,2025-07-03 14:48:26.342909,2025-07-03 14:59:01.300000,2025-07-03 15:02:17.000,23.35,10.582618183333333,24,1,osrm
537,delivered,2025-07-03 14:39:59,2025-07-03 14:59:11.955442,2025-07-03 15:01:26.400000,2025-07-03 15:04:05.900,24.115000000000002,2.2407426333333333,2,1,osrm
538,delivered,2025-07-03 14:42:23,2025-07-03 14:54:12.579867,2025-07-03 15:10:45.400000,2025-07-03 15:13:55.700,31.545,16.547002216666666,16,1,osrm
539,delivered,2025-07-03 14:42:31,2025-07-03 14:58:35.658208,2025-07-03 15:07:47.500000,2025-07-03 15:11:04.600,28.56,9.197363200000002,25,2,osrm
540,delivered,2025-07-03 14:42:51,2025-07-03 14:54:10.020448,2025-07-03 15:08:01.000000,2025-07-03 15:13:27.900,30.615000000000002,13.8496592,21,2,osrm
541,delivered,2025-07-03 14:42:13,2025-07-03 14:51:08.627595,2025-07-03 15:03:33.100000,2025-07-03 15:05:44.800,23.529999999999998,12.407873416666666,10,1,osrm
542,delivered,2025-07-03 14:44:32,2025-07-03 14:54:27.156233,2025-07-03 15:24:03.200000,2025-07-03 15:29:46.100,45.235,29.60072945,6,2,osrm
543,delivered,2025-07-03 14:45:06,2025-07-03 14:55:39.809488,2025-07-03 15:09:02.700000,2025-07-03 15:12:52.600,27.776666666666664,13.381508533333333,7,1,osrm
544,delivered,2025-07-03 14:46:44,2025-07-03 15:00:36.481683,2025-07-03 15:15:21.500000,2025-07-03 15:18:21.400,31.623333333333335,14.750305283333335,4,1,osrm
545,delivered,2025-07-03 14:46:03,2025-07-03 15:00:10.771584,2025-07-03 15:26:03.700000,2025-07-03 15:29:43.900,43.681666666666665,25.882140266666667,9,1,osrm
546,delivered,2025-07-03 14:48:03,2025-07-03 14:57:36.133112,2025-07-03 15:08:01.000000,2025-07-03 15:13:27.900,25.415000000000003,10.414448133333334,21,2,osrm
547,delivered,2025-07-03 14:49:16,2025-07-03 15:01:11.234357,2025-07-03 15:14:02.600000,2025-07-03 15:15:48.500,26.541666666666668,12.85609405,1,1,osrm
548,delivered,2025-07-03 14:51:49,2025-07-03 14:57:14.835626,2025-07-03 15:11:02.200000,2025-07-03 15:16:21.300,24.538333333333334,13.789406233333333,17,2,osrm
549,delivered,2025-07-03 14:54:45,2025-07-03 15:07:01.752754,2025-07-03 15:10:35.900000,2025-07-03 15:14:50.400,20.09,3.5691207666666664,20,2,osrm
550,delivered,2025-07-03 15:02:56,2025-07-03 15:14:58.540329,2025-07-03 15:45:50.200000,2025-07-03 15:56:13.500,53.291666666666664,30.860994516666665,15,3,osrm
551,delivered,2025-07-03 15:03:36,2025-07-03 15:12:46.483699,2025-07-03 15:24:03.300000,2025-07-03 15:27:17.600,23.69333333333333,11.280271683333332,24,1,osrm
552,delivered,2025-07-03 15:05:13,2025-07-03 15:17:22.690722,2025-07-03 15:56:51.527668,2025-07-03 15:59:02.900,53.83166666666667,39.480615766666666,5,3,osrm
553,delivered,2025-07-03 15:05:03,2025-07-03 15:18:13.308571,2025-07-03 15:29:10.200000,2025-07-03 15:32:30.600,27.459999999999997,10.948190483333333,10,1,osrm
554,delivered,2025-07-03 15:09:27,2025-07-03 15:22:03.087832,2025-07-03 15:24:03.200000,2025-07-03 15:29:46.100,20.31833333333333,2.0018694666666668,6,2,osrm
555,delivered,2025-07-03 15:10:56,2025-07-03 15:22:21.416041,2025-07-03 15:33:02.600000,2025-07-03 15:35:59.400,25.05666666666667,10.686399316666666,5,1,osrm
556,delivered,2025-07-03 15:10:45,2025-07-03 15:22:25.526455,2025-07-03 15:44:27.100000,2025-07-03 15:52:41.100,41.934999999999995,22.02622575,7,4,osrm
557,delivered,2025-07-03 15:11:15,2025-07-03 15:25:23.260788,2025-07-03 15:47:38.600000,2025-07-03 15:58:23.900,47.14833333333333,22.255653533333334,13,3,osrm
558,delivered,2025-07-03 15:13:25,2025-07-03 15:27:43.940071,2025-07-03 15:45:50.200000,2025-07-03 15:56:13.500,42.80833333333333,18.10433215,15,3,osrm
559,delivered,2025-07-03 15:14:13,2025-07-03 15:28:39.225643,2025-07-03 15:43:33.600000,2025-07-03 15:51:06.800,36.89666666666667,14.906239283333333,10,4,osrm
560,delivered,2025-07-03 15:14:06,2025-07-03 15:27:14.406999,2025-07-03 15:39:27.100000,2025-07-03 15:44:47.500,30.691666666666666,12.211550016666667,12,2,osrm
561,delivered,2025-07-03 15:15:22,2025-07-03 15:23:17.383450,2025-07-03 15:39:44.700000,2025-07-03 15:46:10.700,30.811666666666667,16.455275833333335,24,2,osrm
562,delivered,2025-07-03 15:18:53,2025-07-03 15:30:36.160134,2025-07-03 15:35:54.700000,2025-07-03 15:39:04.700,20.195,5.308997766666667,11,1,osrm
563,delivered,2025-07-03 15:18:47,2025-07-03 15:30:37.887264,2025-07-03 16:00:33.700000,2025-07-03 16:10:58.400,52.190000000000005,29.93021226666667,2,4,osrm
564,delivered,2025-07-03 15:18:04,2025-07-03 15:31:52.934352,2025-07-03 15:47:40.000000,2025-07-03 15:54:28.300,36.405,15.784427466666667,26,2,osrm
565,delivered,2025-07-03 15:18:04,2025-07-03 15:25:23.268840,2025-07-03 15:53:59.000000,2025-07-03 15:59:15.700,41.195,28.595519333333336,20,3,osrm
566,delivered,2025-07-03 15:20:22,2025-07-03 15:32:06.083405,2025-07-03 15:47:40.000000,2025-07-03 15:54:28.300,34.105,15.565276583333334,26,2,osrm
567,delivered,2025-07-03 15:21:18,2025-07-03 15:35:23.098295,2025-07-03 15:53:59.000000,2025-07-03 15:59:15.700,37.961666666666666,18.59836175,20,3,osrm
568,delivered,2025-07-03 15:21:23,2025-07-03 15:35:12.245762,2025-07-03 15:47:38.600000,2025-07-03 15:58:23.900,37.015,12.4392373,13,3,osrm
569,delivered,2025-07-03 15:21:03,2025-07-03 15:33:03.422075,2025-07-03 15:43:33.600000,2025-07-03 15:51:06.800,30.063333333333333,10.502965416666665,10,4,osrm
570,delivered,2025-07-03 15:23:06,2025-07-03 15:35:45.213058,2025-07-03 15:39:43.600000,2025-07-03 15:47:13.300,24.121666666666666,3.9731157,17,2,osrm
571,delivered,2025-07-03 15:23:25,2025-07-03 15:38:18.559184,2025-07-03 16:12:52.600000,2025-07-03 16:20:03.000,56.63333333333333,34.56734693333333,20,3,osrm
572,delivered,2025-07-03 15:24:42,2025-07-03 15:34:48.574910,2025-07-03 16:04:19.200000,2025-07-03 16:12:07.300,47.42166666666667,29.510418166666668,26,4,osrm
573,delivered,2025-07-03 15:26:44,2025-07-03 15:38:19.024423,2025-07-03 15:47:38.600000,2025-07-03 15:58:23.900,31.665000000000003,9.326259616666666,13,3,osrm
574,delivered,2025-07-03 15:27:01,2025-07-03 15:40:52.236505,2025-07-03 16:12:11.600000,2025-07-03 16:20:20.200,53.32,31.32272491666667,29,4,osrm
575,delivered,2025-07-03 15:27:32,2025-07-03 15:42:28.853970,2025-07-03 16:27:49.019098,2025-07-03 16:37:25.800,69.89666666666668,45.33608546666667,5,4,osrm
576,delivered,2025-07-03 15:27:52,2025-07-03 15:40:44.488636,2025-07-03 16:09:22.400000,2025-07-03 16:20:46.800,52.913333333333334,28.631856066666668,8,3,osrm
577,delivered,2025-07-03 15:28:27,2025-07-03 15:35:21.016181,2025-07-03 16:03:23.800000,2025-07-03 16:13:11.200,44.736666666666665,28.046396983333334,14,3,osrm
578,delivered,2025-07-03 15:29:04,2025-07-03 15:42:07.213948,2025-07-03 16:00:33.700000,2025-07-03 16:10:58.400,41.906666666666666,18.4414342,2,4,osrm
579,delivered,2025-07-03 15:30:55,2025-07-03 15:38:28.228735,2025-07-03 16:27:49.019098,2025-07-03 16:37:25.800,66.51333333333334,49.34650605,5,4,osrm
580,delivered,2025-07-03 15:30:04,2025-07-03 15:45:36.026915,2025-07-03 16:03:23.800000,2025-07-03 16:13:11.200,43.12,17.796218083333333,14,3,osrm
581,delivered,2025-07-03 15:30:50,2025-07-03 15:48:55.653352,2025-07-03 16:07:37.000000,2025-07-03 16:14:39.700,43.82833333333333,18.689110799999998,15,3,osrm
582,delivered,2025-07-03 15:30:05,2025-07-03 15:43:44.820607,2025-07-03 16:12:11.600000,2025-07-03 16:20:20.200,50.25333333333333,28.446323216666666,29,4,osrm
583,delivered,2025-07-03 15:31:31,2025-07-03 15:41:14.506107,2025-07-03 15:45:50.200000,2025-07-03 15:56:13.500,24.708333333333332,4.5948982166666665,15,3,osrm
584,delivered,2025-07-03 15:31:25,2025-07-03 15:42:37.999401,2025-07-03 16:36:46.702087,2025-07-03 16:44:02.400,72.62333333333332,54.145044766666665,9,4,osrm
585,delivered,2025-07-03 15:32:49,2025-07-03 15:42:46.516500,2025-07-03 15:53:59.000000,2025-07-03 15:59:15.700,26.445,11.208058333333334,20,3,osrm
586,delivered,2025-07-03 15:33:16,2025-07-03 15:42:56.890358,2025-07-03 15:47:32.400000,2025-07-03 15:50:34.900,17.315,4.591827366666666,14,1,osrm
587,delivered,2025-07-03 15:33:01,2025-07-03 15:45:50.506008,2025-07-03 16:04:19.200000,2025-07-03 16:12:07.300,39.105000000000004,18.4782332,26,4,osrm
588,delivered,2025-07-03 15:33:17,2025-07-03 15:40:15.038176,2025-07-03 16:04:49.627386,2025-07-03 16:01:06.200,27.82,24.576486833333334,24,3,osrm
589,delivered,2025-07-03 15:34:03,2025-07-03 15:46:43.987815,2025-07-03 16:04:49.627386,2025-07-03 16:01:06.200,27.053333333333335,18.09399285,24,3,osrm
590,delivered,2025-07-03 15:37:33,2025-07-03 15:46:09.911521,2025-07-03 16:04:19.200000,2025-07-03 16:12:07.300,34.57166666666667,18.154807983333335,26,4,osrm
591,delivered,2025-07-03 15:38:20,2025-07-03 15:50:07.446078,2025-07-03 16:03:23.800000,2025-07-03 16:13:11.200,34.85333333333333,13.272565366666667,14,3,osrm
592,delivered,2025-07-03 15:39:52,2025-07-03 15:56:22.325434,2025-07-03 16:25:28.321348,2025-07-03 16:33:45.600,53.89333333333333,29.0999319,1,2,osrm
593,delivered,2025-07-03 15:40:10,2025-07-03 15:56:51.527668,2025-07-03 15:56:51.527668,2025-07-03 15:59:02.900,18.881666666666668,0.0,5,3,osrm
594,delivered,2025-07-03 15:40:48,2025-07-03 15:51:10.702825,2025-07-03 15:56:51.527668,2025-07-03 15:59:02.900,18.248333333333335,5.6804140499999995,5,3,osrm
595,delivered,2025-07-03 15:40:26,2025-07-03 15:56:00.026559,2025-07-03 16:25:00.000000,2025-07-03 16:32:31.800,52.09666666666667,28.99955735,4,4,osrm
596,delivered,2025-07-03 15:40:05,2025-07-03 15:54:11.819178,2025-07-03 16:00:33.700000,2025-07-03 16:10:58.400,30.89,6.364680366666667,2,4,osrm
597,delivered,2025-07-03 15:40:51,2025-07-03 16:00:20.930385,2025-07-03 16:43:26.373797,2025-07-03 16:56:22.600,75.52666666666667,43.09072353333333,10,4,osrm
598,delivered,2025-07-03 15:40:53,2025-07-03 15:53:18.741711,2025-07-03 16:12:11.600000,2025-07-03 16:20:20.200,39.45333333333333,18.880971483333333,29,4,osrm
599,delivered,2025-07-03 15:42:56,2025-07-03 15:54:07.596162,2025-07-03 16:12:52.600000,2025-07-03 16:20:03.000,37.11666666666667,18.75006396666667,20,3,osrm
600,delivered,2025-07-03 15:42:18,2025-07-03 15:57:50.145418,2025-07-03 16:07:37.000000,2025-07-03 16:14:39.700,32.361666666666665,9.7809097,15,3,osrm
601,delivered,2025-07-03 15:44:51,2025-07-03 15:52:41.748311,2025-07-03 16:25:21.713178,2025-07-03 16:36:32.100,51.684999999999995,32.66608111666667,2,4,osrm
602,delivered,2025-07-03 15:45:46,2025-07-03 15:55:37.899494,2025-07-03 16:09:22.400000,2025-07-03 16:20:46.800,35.013333333333335,13.7416751,8,3,osrm
603,delivered,2025-07-03 15:48:14,2025-07-03 15:58:32.474023,2025-07-03 16:18:37.088702,2025-07-03 16:27:34.700,39.345,20.076911316666667,3,4,osrm
604,delivered,2025-07-03 15:50:40,2025-07-03 16:04:10.324827,2025-07-03 16:09:22.400000,2025-07-03 16:20:46.800,30.113333333333333,5.201252883333334,8,3,osrm
605,delivered,2025-07-03 15:50:22,2025-07-03 15:58:58.641483,2025-07-03 16:12:52.600000,2025-07-03 16:20:03.000,29.683333333333334,13.899308616666668,20,3,osrm
606,delivered,2025-07-03 15:50:49,2025-07-03 15:59:19.072176,2025-07-03 16:17:48.013861,2025-07-03 16:26:11.100,35.36833333333333,18.482361416666667,22,3,osrm
607,delivered,2025-07-03 15:50:33,2025-07-03 16:03:59.749204,2025-07-03 16:57:08.941947,2025-07-03 16:58:10.600,67.62666666666667,53.15321238333333,2,4,osrm
608,delivered,2025-07-03 15:51:34,2025-07-03 16:00:23.004415,2025-07-03 16:47:14.471130,2025-07-03 16:56:34.800,65.01333333333334,46.857778583333335,1,4,osrm
609,delivered,2025-07-03 15:51:48,2025-07-03 16:04:49.627386,2025-07-03 16:04:49.627386,2025-07-03 16:01:06.200,9.303333333333335,0.0,24,3,osrm
610,delivered,2025-07-03 15:51:25,2025-07-03 16:09:14.000176,2025-07-03 16:24:46.350796,2025-07-03 16:32:33.800,41.14666666666667,15.539177,23,4,osrm
611,delivered,2025-07-03 15:51:53,2025-07-03 16:03:57.911202,2025-07-03 16:24:46.350796,2025-07-03 16:32:33.800,40.68,20.807326566666667,23,4,osrm
612,delivered,2025-07-03 15:52:01,2025-07-03 16:06:48.452060,2025-07-03 16:29:02.993062,2025-07-03 16:34:35.700,42.57833333333333,22.24235003333333,26,4,osrm
613,delivered,2025-07-03 15:52:10,2025-07-03 16:01:42.560773,2025-07-03 16:29:02.993062,2025-07-03 16:34:35.700,42.42833333333333,27.34053815,26,4,osrm
614,delivered,2025-07-03 15:53:51,2025-07-03 16:05:37.052125,2025-07-03 16:35:42.367379,2025-07-03 16:41:41.400,47.84,30.088587566666668,20,4,osrm
615,delivered,2025-07-03 15:54:00,2025-07-03 16:07:54.541356,2025-07-03 16:41:13.049465,2025-07-03 16:47:28.200,53.47,33.308468483333336,24,4,osrm
616,delivered,2025-07-03 15:55:41,2025-07-03 16:03:51.562285,2025-07-03 16:28:31.497381,2025-07-03 16:32:28.100,36.785,24.66558493333333,10,4,osrm
617,delivered,2025-07-03 15:55:09,2025-07-03 16:06:46.857323,2025-07-03 16:39:44.022551,2025-07-03 16:43:22.700,48.22833333333333,32.9527538,29,4,osrm
618,delivered,2025-07-03 15:56:37,2025-07-03 16:10:48.766169,2025-07-03 16:12:11.600000,2025-07-03 16:20:20.200,23.720000000000002,1.3805638500000001,29,4,osrm
619,delivered,2025-07-03 15:57:32,2025-07-03 16:03:26.230331,2025-07-03 16:43:26.373797,2025-07-03 16:56:22.600,58.843333333333334,40.0023911,10,4,osrm
620,delivered,2025-07-03 15:57:37,2025-07-03 16:02:37.000000,2025-07-03 16:07:37.000000,2025-07-03 16:14:39.700,17.045,5.0,15,3,osrm
621,delivered,2025-07-03 15:59:53,2025-07-03 16:13:57.486918,2025-07-03 16:28:31.497381,2025-07-03 16:32:28.100,32.585,14.566841049999999,10,4,osrm
622,delivered,2025-07-03 16:01:38,2025-07-03 16:16:34.670916,2025-07-03 19:54:36.100000,2025-07-03 20:01:38.600,240.01000000000002,218.02381806666665,28,3,osrm
623,delivered,2025-07-03 16:01:26,2025-07-03 16:10:50.303701,2025-07-03 16:41:01.108681,2025-07-03 16:48:42.500,47.275,30.180083,22,4,osrm
624,delivered,2025-07-03 16:01:08,2025-07-03 16:16:29.793797,2025-07-03 16:25:05.867954,2025-07-03 16:33:43.700,32.595,8.60123595,14,4,osrm
625,delivered,2025-07-03 16:03:09,2025-07-03 16:14:02.786994,2025-07-03 16:39:26.722263,2025-07-03 16:46:48.200,43.65333333333333,25.39892115,3,4,osrm
626,delivered,2025-07-03 16:05:27,2025-07-03 16:14:17.000695,2025-07-03 16:25:00.000000,2025-07-03 16:32:31.800,27.08,10.716655083333334,4,4,osrm
627,delivered,2025-07-03 16:05:46,2025-07-03 16:12:07.144764,2025-07-03 16:25:00.000000,2025-07-03 16:32:31.800,26.763333333333332,12.8809206,4,4,osrm
628,delivered,2025-07-03 16:05:05,2025-07-03 16:16:04.587374,2025-07-03 16:25:21.713178,2025-07-03 16:36:32.100,31.451666666666664,9.285430066666667,2,4,osrm
629,delivered,2025-07-03 16:05:11,2025-07-03 16:13:32.602360,2025-07-03 16:53:47.056862,2025-07-03 16:58:17.200,53.10333333333333,40.240908366666666,4,3,osrm
630,delivered,2025-07-03 16:05:07,2025-07-03 16:14:10.130741,2025-07-03 16:41:13.049465,2025-07-03 16:47:28.200,42.35333333333333,27.0486454,24,4,osrm
631,delivered,2025-07-03 16:06:48,2025-07-03 16:15:29.866353,2025-07-03 16:47:14.471130,2025-07-03 16:56:34.800,49.78,31.74341295,1,4,osrm
632,delivered,2025-07-03 16:06:11,2025-07-03 16:17:48.013861,2025-07-03 16:17:48.013861,2025-07-03 16:26:11.100,20.001666666666665,0.0,22,3,osrm
633,delivered,2025-07-03 16:06:31,2025-07-03 16:16:41.606160,2025-07-03 16:27:49.019098,2025-07-03 16:37:25.800,30.913333333333334,11.123548966666668,5,4,osrm
634,delivered,2025-07-03 16:06:58,2025-07-03 16:16:28.355978,2025-07-03 16:56:33.513911,2025-07-03 17:01:06.100,54.135,40.08596555,8,4,osrm
635,delivered,2025-07-03 16:06:42,2025-07-03 16:22:51.182142,2025-07-03 16:45:23.891673,2025-07-03 16:49:14.600,42.54333333333333,22.54515885,21,4,osrm
636,delivered,2025-07-03 16:06:45,2025-07-03 16:16:03.887035,2025-07-03 16:17:48.013861,2025-07-03 16:26:11.100,19.435,1.7354470999999998,22,3,osrm
637,delivered,2025-07-03 16:07:26,2025-07-03 16:21:43.803947,2025-07-03 19:56:23.300000,2025-07-03 20:02:19.400,234.89,214.65826755,15,2,osrm
638,delivered,2025-07-03 16:07:30,2025-07-03 16:12:51.749350,2025-07-03 16:58:50.794001,2025-07-03 17:03:35.600,56.093333333333334,45.984077516666666,28,4,osrm
639,delivered,2025-07-03 16:07:08,2025-07-03 16:28:53.509689,2025-07-03 19:56:20.300000,2025-07-03 19:59:15.300,232.12166666666664,207.44650518333336,5,1,osrm
640,delivered,2025-07-03 16:07:37,2025-07-03 16:19:02.767249,2025-07-03 16:19:02.767249,2025-07-03 16:20:17.800,12.68,0.0,11,3,osrm
641,delivered,2025-07-03 16:07:43,2025-07-03 16:18:37.088702,2025-07-03 16:24:46.350796,2025-07-03 16:32:33.800,24.846666666666668,6.154368233333333,23,4,osrm
642,delivered,2025-07-03 16:08:09,2025-07-03 16:18:21.616383,2025-07-03 16:49:48.272013,2025-07-03 16:52:48.000,44.65,31.4442605,18,4,osrm
643,delivered,2025-07-03 16:09:52,2025-07-03 16:21:48.788550,2025-07-03 16:29:02.993062,2025-07-03 16:34:35.700,24.728333333333335,7.236741866666667,26,4,osrm
644,delivered,2025-07-03 16:09:53,2025-07-03 16:23:58.444543,2025-07-03 17:11:07.375528,2025-07-03 17:20:45.200,70.86999999999999,47.14884975,26,4,osrm
645,delivered,2025-07-03 16:09:55,2025-07-03 16:20:13.328485,2025-07-03 16:41:13.049465,2025-07-03 16:47:28.200,37.55333333333333,20.995349666666666,24,4,osrm
646,delivered,2025-07-03 16:09:35,2025-07-03 16:23:54.354632,2025-07-03 16:57:25.280809,2025-07-03 16:58:16.700,48.695,33.51543628333334,9,4,osrm
647,delivered,2025-07-03 16:10:46,2025-07-03 16:22:18.049239,2025-07-03 19:05:27.700000,2025-07-03 19:11:42.100,180.935,163.16084601666668,1,4,osrm
648,delivered,2025-07-03 16:11:16,2025-07-03 16:21:41.349598,2025-07-03 17:11:07.375528,2025-07-03 17:20:45.200,69.48666666666666,49.4337655,26,4,osrm
649,delivered,2025-07-03 16:11:08,2025-07-03 16:25:28.321348,2025-07-03 16:25:28.321348,2025-07-03 16:33:45.600,22.626666666666665,0.0,1,2,osrm
650,delivered,2025-07-03 16:11:45,2025-07-03 16:22:58.433695,2025-07-03 17:12:29.275977,2025-07-03 17:19:45.200,68.00333333333333,49.514038033333335,1,4,osrm
651,delivered,2025-07-03 16:12:09,2025-07-03 16:25:21.713178,2025-07-03 16:25:21.713178,2025-07-03 16:36:32.100,24.384999999999998,0.0,2,4,osrm
652,delivered,2025-07-03 16:12:54,2025-07-03 16:30:25.568725,2025-07-03 17:13:44.400000,2025-07-03 17:23:01.400,70.12333333333332,43.31385458333333,29,4,osrm
653,delivered,2025-07-03 16:12:36,2025-07-03 16:25:05.867954,2025-07-03 16:39:44.022551,2025-07-03 16:43:22.700,30.778333333333332,14.63590995,29,4,osrm
654,delivered,2025-07-03 16:12:15,2025-07-03 16:24:30.851181,2025-07-03 16:45:23.891673,2025-07-03 16:49:14.600,36.99333333333333,20.8840082,21,4,osrm
655,delivered,2025-07-03 16:13:07,2025-07-03 16:25:02.808682,2025-07-03 16:25:21.713178,2025-07-03 16:36:32.100,23.418333333333333,0.31507493333333336,2,4,osrm
656,delivered,2025-07-03 16:13:00,2025-07-03 16:28:54.763164,2025-07-03 16:41:01.108681,2025-07-03 16:48:42.500,35.708333333333336,12.105758616666666,22,4,osrm
657,delivered,2025-07-03 16:14:33,2025-07-03 16:26:31.294027,2025-07-03 16:43:26.373797,2025-07-03 16:56:22.600,41.82666666666667,16.91799616666667,10,4,osrm
658,delivered,2025-07-03 16:14:57,2025-07-03 16:29:02.993062,2025-07-03 16:29:02.993062,2025-07-03 16:34:35.700,19.645,0.0,26,4,osrm
659,delivered,2025-07-03 16:14:19,2025-07-03 16:24:45.333180,2025-07-03 16:28:31.497381,2025-07-03 16:32:28.100,18.151666666666664,3.7694033499999997,10,4,osrm
660,delivered,2025-07-03 16:15:06,2025-07-03 16:26:38.369157,2025-07-03 16:33:51.256059,2025-07-03 16:41:46.800,26.68,7.2147817000000005,13,4,osrm
661,delivered,2025-07-03 16:16:12,2025-07-03 16:26:07.238060,2025-07-03 16:54:43.380507,2025-07-03 17:02:34.200,46.37,28.602374116666667,7,4,osrm
662,delivered,2025-07-03 16:16:57,2025-07-03 16:28:31.497381,2025-07-03 16:28:31.497381,2025-07-03 16:32:28.100,15.518333333333334,0.0,10,4,osrm
663,delivered,2025-07-03 16:16:10,2025-07-03 16:24:46.350796,2025-07-03 16:42:45.270007,2025-07-03 16:44:51.900,28.698333333333334,17.98198685,28,3,osrm
664,delivered,2025-07-03 16:19:31,2025-07-03 16:27:49.019098,2025-07-03 16:27:49.019098,2025-07-03 16:37:25.800,17.913333333333334,0.0,5,4,osrm
665,delivered,2025-07-03 16:19:14,2025-07-03 16:30:19.284370,2025-07-03 19:33:14.100000,2025-07-03 19:41:00.400,201.77333333333334,182.91359383333332,24,4,osrm
666,delivered,2025-07-03 16:20:32,2025-07-03 16:35:16.586551,2025-07-03 16:45:23.891673,2025-07-03 16:49:14.600,28.709999999999997,10.121752033333333,21,4,osrm
667,delivered,2025-07-03 16:20:41,2025-07-03 16:35:42.367379,2025-07-03 16:57:08.941947,2025-07-03 16:58:10.600,37.49333333333333,21.442909466666666,2,4,osrm
668,delivered,2025-07-03 16:20:15,2025-07-03 16:29:22.429265,2025-07-03 17:03:58.234336,2025-07-03 17:14:00.100,53.751666666666665,34.59675118333334,24,4,osrm
669,delivered,2025-07-03 16:20:09,2025-07-03 16:32:40.805019,2025-07-03 16:49:49.188564,2025-07-03 16:55:06.200,34.95333333333333,17.13972575,26,4,osrm
670,delivered,2025-07-03 16:20:00,2025-07-03 16:25:00.000000,2025-07-03 16:39:26.722263,2025-07-03 16:46:48.200,26.803333333333335,14.44537105,3,4,osrm
671,delivered,2025-07-03 16:20:18,2025-07-03 16:32:07.752958,2025-07-03 19:19:19.500000,2025-07-03 19:26:09.300,185.855,167.19578403333335,29,4,osrm
672,delivered,2025-07-03 16:21:24,2025-07-03 16:27:36.533609,2025-07-03 17:07:18.261166,2025-07-03 17:13:49.500,52.425,39.695459283333335,16,4,osrm
673,delivered,2025-07-03 16:21:39,2025-07-03 16:34:29.930571,2025-07-03 17:13:05.700000,2025-07-03 17:20:36.800,58.96333333333334,38.596157149999996,11,4,osrm
674,delivered,2025-07-03 16:21:29,2025-07-03 16:33:30.732307,2025-07-03 16:44:54.526548,2025-07-03 16:48:19.100,26.834999999999997,11.396570683333334,23,3,osrm
675,delivered,2025-07-03 16:21:08,2025-07-03 16:33:16.083795,2025-07-03 19:54:35.000000,2025-07-03 20:02:58.400,221.84,201.31527008333333,18,3,osrm
676,delivered,2025-07-03 16:21:37,2025-07-03 16:32:20.960814,2025-07-03 20:05:35.100000,2025-07-03 20:09:05.200,227.47,213.2356531,12,1,osrm
677,delivered,2025-07-03 16:22:04,2025-07-03 16:29:25.556724,2025-07-03 17:13:05.700000,2025-07-03 17:20:36.800,58.54666666666667,43.669054599999996,11,4,osrm
678,delivered,2025-07-03 16:23:00,2025-07-03 16:31:15.506495,2025-07-03 16:59:44.063592,2025-07-03 17:13:55.300,50.92166666666667,28.47595161666667,22,4,osrm
679,delivered,2025-07-03 16:23:06,2025-07-03 16:36:06.503710,2025-07-03 19:05:27.700000,2025-07-03 19:11:42.100,168.60166666666666,149.3532715,1,4,osrm
680,delivered,2025-07-03 16:24:47,2025-07-03 16:35:57.840890,2025-07-03 17:04:44.838353,2025-07-03 17:08:14.700,43.461666666666666,28.78329105,5,4,osrm
681,delivered,2025-07-03 16:24:45,2025-07-03 16:39:26.722263,2025-07-03 16:39:26.722263,2025-07-03 16:46:48.200,22.053333333333335,0.0,3,4,osrm
682,delivered,2025-07-03 16:24:25,2025-07-03 16:36:46.702087,2025-07-03 16:36:46.702087,2025-07-03 16:44:02.400,19.623333333333335,0.0,9,4,osrm
683,delivered,2025-07-03 16:24:07,2025-07-03 16:33:51.256059,2025-07-03 16:33:51.256059,2025-07-03 16:41:46.800,17.663333333333334,0.0,13,4,osrm
684,delivered,2025-07-03 16:24:23,2025-07-03 16:35:07.991344,2025-07-03 16:39:44.022551,2025-07-03 16:43:22.700,18.995,4.600520116666667,29,4,osrm
685,delivered,2025-07-03 16:24:21,2025-07-03 16:41:24.439090,2025-07-03 16:58:43.752189,2025-07-03 17:06:38.700,42.294999999999995,17.321884983333334,19,4,osrm
686,delivered,2025-07-03 16:25:54,2025-07-03 16:42:28.518386,2025-07-03 16:42:45.270007,2025-07-03 16:44:51.900,18.965,0.27919368333333333,28,3,osrm
687,delivered,2025-07-03 16:25:06,2025-07-03 16:41:13.049465,2025-07-03 16:41:13.049465,2025-07-03 16:47:28.200,22.37,0.0,24,4,osrm
688,delivered,2025-07-03 16:25:36,2025-07-03 16:32:52.909393,2025-07-03 16:57:08.941947,2025-07-03 16:58:10.600,32.57666666666667,24.267209233333332,2,4,osrm
689,delivered,2025-07-03 16:27:38,2025-07-03 16:39:44.022551,2025-07-03 16:39:44.022551,2025-07-03 16:43:22.700,15.745000000000001,0.0,29,4,osrm
690,delivered,2025-07-03 16:27:51,2025-07-03 16:34:42.627776,2025-07-03 19:30:43.100000,2025-07-03 19:41:18.900,193.465,176.00787039999997,5,4,osrm
691,delivered,2025-07-03 16:27:52,2025-07-03 16:35:12.841134,2025-07-03 16:53:47.056862,2025-07-03 16:58:17.200,30.42,18.570262133333333,4,3,osrm
692,delivered,2025-07-03 16:27:32,2025-07-03 16:40:31.577450,2025-07-03 19:23:22.800000,2025-07-03 19:31:05.100,183.55166666666668,162.85370916666668,25,3,osrm
693,delivered,2025-07-03 16:27:33,2025-07-03 16:39:43.133966,2025-07-03 16:57:25.280809,2025-07-03 16:58:16.700,30.728333333333335,17.702447383333332,9,4,osrm
694,delivered,2025-07-03 16:28:35,2025-07-03 16:42:45.270007,2025-07-03 16:42:45.270007,2025-07-03 16:44:51.900,16.281666666666666,0.0,28,3,osrm
695,delivered,2025-07-03 16:28:27,2025-07-03 16:41:01.108681,2025-07-03 16:41:01.108681,2025-07-03 16:48:42.500,20.258333333333333,0.0,22,4,osrm
696,delivered,2025-07-03 16:29:10,2025-07-03 16:38:40.528453,2025-07-03 16:39:26.722263,2025-07-03 16:46:48.200,17.636666666666667,0.7698968333333334,3,4,osrm
697,delivered,2025-07-03 16:29:32,2025-07-03 16:45:23.891673,2025-07-03 16:57:25.280809,2025-07-03 16:58:16.700,28.745,12.023152266666667,9,4,osrm
698,delivered,2025-07-03 16:30:53,2025-07-03 16:43:09.469146,2025-07-03 16:44:54.526548,2025-07-03 16:48:19.100,17.435,1.7509567,23,3,osrm
699,delivered,2025-07-03 16:30:35,2025-07-03 16:43:26.373797,2025-07-03 17:03:57.348999,2025-07-03 17:07:47.200,37.20333333333333,20.516253366666668,23,4,osrm
700,delivered,2025-07-03 16:30:36,2025-07-03 16:38:46.611993,2025-07-03 17:12:37.462941,2025-07-03 17:20:31.400,49.92333333333333,33.847515800000004,9,4,osrm
701,delivered,2025-07-03 16:31:59,2025-07-03 16:48:03.778092,2025-07-03 17:12:37.462941,2025-07-03 17:20:31.400,48.54,24.56141415,9,4,osrm
702,delivered,2025-07-03 16:31:31,2025-07-03 16:42:47.506832,2025-07-03 16:56:33.513911,2025-07-03 17:01:06.100,29.584999999999997,13.76678465,8,4,osrm
703,delivered,2025-07-03 16:31:07,2025-07-03 16:44:00.996846,2025-07-03 17:15:08.174356,2025-07-03 17:21:05.000,49.96666666666667,31.119625166666665,8,3,osrm
704,delivered,2025-07-03 16:31:26,2025-07-03 16:43:18.611546,2025-07-03 16:43:18.611546,2025-07-03 16:48:11.700,16.761666666666667,0.0,17,4,osrm
705,delivered,2025-07-03 16:32:32,2025-07-03 16:48:22.699868,2025-07-03 19:43:11.600000,2025-07-03 19:55:53.800,203.36333333333332,174.8150022,11,3,osrm
706,delivered,2025-07-03 16:32:38,2025-07-03 16:47:52.205895,2025-07-03 16:59:44.063592,2025-07-03 17:13:55.300,41.288333333333334,11.86429495,22,4,osrm
707,delivered,2025-07-03 16:32:26,2025-07-03 16:46:22.670301,2025-07-03 17:13:21.097682,2025-07-03 17:18:41.600,46.26,26.973789683333333,2,4,osrm
708,delivered,2025-07-03 16:32:25,2025-07-03 16:40:23.645850,2025-07-03 17:09:21.729667,2025-07-03 17:13:37.700,41.211666666666666,28.968063616666665,12,4,osrm
709,delivered,2025-07-03 16:32:27,2025-07-03 16:44:54.526548,2025-07-03 16:44:54.526548,2025-07-03 16:48:19.100,15.868333333333334,0.0,23,3,osrm
710,delivered,2025-07-03 16:33:50,2025-07-03 16:46:10.911575,2025-07-03 16:54:43.380507,2025-07-03 17:02:34.200,28.736666666666668,8.541148866666667,7,4,osrm
711,delivered,2025-07-03 16:34:54,2025-07-03 16:49:48.272013,2025-07-03 16:49:48.272013,2025-07-03 16:52:48.000,17.9,0.0,18,4,osrm
712,delivered,2025-07-03 16:34:08,2025-07-03 16:43:38.039719,2025-07-03 17:13:44.400000,2025-07-03 17:23:01.400,48.89,30.10600468333333,29,4,osrm
713,delivered,2025-07-03 16:35:47,2025-07-03 16:48:34.077952,2025-07-03 16:58:43.752189,2025-07-03 17:06:38.700,30.861666666666668,10.161237283333332,19,4,osrm
714,delivered,2025-07-03 16:35:08,2025-07-03 16:45:41.358743,2025-07-03 17:13:44.400000,2025-07-03 17:23:01.400,47.89,28.050687616666668,29,4,osrm
715,delivered,2025-07-03 16:36:22,2025-07-03 16:50:21.629045,2025-07-03 17:41:27.552595,2025-07-03 17:42:56.500,66.575,51.09872583333333,16,4,osrm
716,delivered,2025-07-03 16:36:16,2025-07-03 16:43:55.295513,2025-07-03 19:27:27.000000,2025-07-03 19:40:34.200,184.30333333333334,163.52840811666667,26,3,osrm
717,delivered,2025-07-03 16:36:08,2025-07-03 16:47:14.471130,2025-07-03 16:47:14.471130,2025-07-03 16:56:34.800,20.446666666666665,0.0,1,4,osrm
718,delivered,2025-07-03 16:37:33,2025-07-03 16:50:05.119316,2025-07-03 17:36:55.722770,2025-07-03 17:36:48.300,59.255,46.8433909,21,4,osrm
719,delivered,2025-07-03 16:37:09,2025-07-03 16:49:49.188564,2025-07-03 16:58:50.794001,2025-07-03 17:03:35.600,26.44333333333333,9.026757283333334,28,4,osrm
720,delivered,2025-07-03 16:37:17,2025-07-03 16:45:17.651657,2025-07-03 17:03:57.348999,2025-07-03 17:07:47.200,30.503333333333334,18.661622366666666,23,4,osrm
721,delivered,2025-07-03 16:37:06,2025-07-03 16:49:49.148104,2025-07-03 16:49:49.148104,2025-07-03 16:53:50.700,16.745,0.0,27,4,osrm
722,delivered,2025-07-03 16:38:20,2025-07-03 16:53:52.236021,2025-07-03 16:54:43.380507,2025-07-03 17:02:34.200,24.236666666666668,0.8524081,7,4,osrm
723,delivered,2025-07-03 16:39:23,2025-07-03 16:47:55.272386,2025-07-03 17:30:02.288585,2025-07-03 17:27:52.600,48.49333333333333,42.11693665,5,4,osrm
724,delivered,2025-07-03 16:40:06,2025-07-03 16:48:43.461356,2025-07-03 17:23:09.282290,2025-07-03 17:32:29.100,52.385,34.4303489,18,3,osrm
725,delivered,2025-07-03 16:40:23,2025-07-03 16:50:40.207851,2025-07-03 17:12:29.275977,2025-07-03 17:19:45.200,39.37,21.817802099999998,1,4,osrm
726,delivered,2025-07-03 16:40:41,2025-07-03 16:53:04.974268,2025-07-03 17:12:37.462941,2025-07-03 17:20:31.400,39.84,19.541477883333336,9,4,osrm
727,delivered,2025-07-03 16:40:48,2025-07-03 16:57:08.941947,2025-07-03 16:57:08.941947,2025-07-03 16:58:10.600,17.376666666666665,0.0,2,4,osrm
728,delivered,2025-07-03 16:41:46,2025-07-03 16:56:59.213728,2025-07-03 17:04:44.838353,2025-07-03 17:15:19.800,33.56333333333333,7.760410416666667,20,4,osrm
729,delivered,2025-07-03 16:41:12,2025-07-03 16:58:23.093521,2025-07-03 16:59:44.063592,2025-07-03 17:13:55.300,32.721666666666664,1.3495011833333335,22,4,osrm
730,delivered,2025-07-03 16:41:43,2025-07-03 16:51:02.327913,2025-07-03 17:10:36.287471,2025-07-03 17:19:19.800,37.61333333333334,19.565992633333334,4,4,osrm
731,delivered,2025-07-03 16:41:45,2025-07-03 16:50:17.444312,2025-07-03 17:24:51.488227,2025-07-03 17:28:33.500,46.80833333333333,34.567398583333336,6,4,osrm
732,delivered,2025-07-03 16:42:46,2025-07-03 16:59:54.599353,2025-07-03 17:17:22.910516,2025-07-03 17:27:07.300,44.355000000000004,17.471852716666668,13,4,osrm
733,delivered,2025-07-03 16:43:39,2025-07-03 16:54:43.380507,2025-07-03 16:54:43.380507,2025-07-03 17:02:34.200,18.92,0.0,7,4,osrm
734,delivered,2025-07-03 16:43:37,2025-07-03 16:54:53.930414,2025-07-03 17:15:08.174356,2025-07-03 17:21:05.000,37.46666666666667,20.237399033333336,8,3,osrm
735,delivered,2025-07-03 16:43:03,2025-07-03 16:55:53.708327,2025-07-03 17:24:30.034736,2025-07-03 17:33:43.500,50.675,28.60544015,22,4,osrm
736,delivered,2025-07-03 16:43:02,2025-07-03 16:49:11.061200,2025-07-03 17:12:29.275977,2025-07-03 17:19:45.200,36.72,23.303579616666664,1,4,osrm
737,delivered,2025-07-03 16:44:46,2025-07-03 16:57:10.725174,2025-07-03 17:03:57.348999,2025-07-03 17:07:47.200,23.02,6.77706375,23,4,osrm
738,delivered,2025-07-03 16:44:24,2025-07-03 16:57:21.274722,2025-07-03 16:58:31.829027,2025-07-03 17:09:11.700,24.795,1.1759050833333333,25,4,osrm
739,delivered,2025-07-03 16:44:18,2025-07-03 16:57:01.048155,2025-07-03 17:13:21.097682,2025-07-03 17:18:41.600,34.39333333333333,16.334158783333333,2,4,osrm
740,delivered,2025-07-03 16:44:56,2025-07-03 16:58:50.794001,2025-07-03 17:10:36.287471,2025-07-03 17:19:19.800,34.39666666666667,11.7582245,4,4,osrm
741,delivered,2025-07-03 16:45:29,2025-07-03 16:58:31.829027,2025-07-03 17:07:18.261166,2025-07-03 17:13:49.500,28.341666666666665,8.773868983333333,16,4,osrm
742,delivered,2025-07-03 16:45:32,2025-07-03 16:57:25.280809,2025-07-03 17:09:21.729667,2025-07-03 17:13:37.700,28.095000000000002,11.9408143,12,4,osrm
743,delivered,2025-07-03 16:45:12,2025-07-03 16:54:47.430430,2025-07-03 17:07:18.261166,2025-07-03 17:13:49.500,28.625,12.5138456,16,4,osrm
744,delivered,2025-07-03 16:46:18,2025-07-03 16:56:33.513911,2025-07-03 16:56:33.513911,2025-07-03 17:01:06.100,14.801666666666668,0.0,8,4,osrm
745,delivered,2025-07-03 16:46:10,2025-07-03 17:00:39.225796,2025-07-03 17:13:21.097682,2025-07-03 17:18:41.600,32.526666666666664,12.697864766666667,2,4,osrm
746,delivered,2025-07-03 16:46:02,2025-07-03 16:53:49.920987,2025-07-03 18:48:51.800000,2025-07-03 18:56:33.600,130.52666666666667,115.03131688333333,18,4,osrm
747,delivered,2025-07-03 16:46:59,2025-07-03 16:58:43.752189,2025-07-03 16:58:43.752189,2025-07-03 17:06:38.700,19.66166666666667,0.0,19,4,osrm
748,delivered,2025-07-03 16:46:53,2025-07-03 16:58:45.123862,2025-07-03 17:04:44.838353,2025-07-03 17:08:14.700,21.361666666666668,5.995241516666667,5,4,osrm
749,delivered,2025-07-03 16:46:02,2025-07-03 16:53:47.056862,2025-07-03 16:53:47.056862,2025-07-03 16:58:17.200,12.253333333333334,0.0,4,3,osrm
750,delivered,2025-07-03 16:47:01,2025-07-03 16:58:14.765259,2025-07-03 17:03:58.234336,2025-07-03 17:14:00.100,26.985,5.724484616666667,24,4,osrm
751,delivered,2025-07-03 16:47:57,2025-07-03 17:02:54.469880,2025-07-03 17:23:09.282290,2025-07-03 17:24:44.100,36.785,20.2468735,7,4,osrm
752,delivered,2025-07-03 16:48:34,2025-07-03 16:59:44.063592,2025-07-03 16:59:44.063592,2025-07-03 17:13:55.300,25.355,0.0,22,4,osrm
753,delivered,2025-07-03 16:48:13,2025-07-03 16:59:32.350820,2025-07-03 17:23:09.282290,2025-07-03 17:32:29.100,44.26833333333333,23.6155245,18,3,osrm
754,delivered,2025-07-03 16:49:54,2025-07-03 16:54:54.000000,2025-07-03 16:56:33.513911,2025-07-03 17:01:06.100,11.201666666666666,1.6585651833333332,8,4,osrm
755,delivered,2025-07-03 16:49:08,2025-07-03 17:03:43.625254,2025-07-03 17:11:07.375528,2025-07-03 17:20:45.200,31.62,7.3958379,26,4,osrm
756,delivered,2025-07-03 16:50:15,2025-07-03 17:01:37.321614,2025-07-03 17:08:43.611056,2025-07-03 17:09:31.300,19.271666666666665,7.104824033333333,17,3,osrm
757,delivered,2025-07-03 16:50:32,2025-07-03 17:03:57.348999,2025-07-03 17:03:57.348999,2025-07-03 17:07:47.200,17.253333333333334,0.0,23,4,osrm
758,delivered,2025-07-03 16:52:30,2025-07-03 16:57:30.000000,2025-07-03 17:04:44.838353,2025-07-03 17:08:14.700,15.745000000000001,7.2473058833333335,5,4,osrm
759,delivered,2025-07-03 16:53:55,2025-07-03 17:03:58.234336,2025-07-03 17:24:51.488227,2025-07-03 17:28:33.500,34.641666666666666,20.88756485,6,4,osrm
760,delivered,2025-07-03 16:53:37,2025-07-03 17:02:39.073945,2025-07-03 17:17:22.910516,2025-07-03 17:27:07.300,33.505,14.730609516666668,13,4,osrm
761,delivered,2025-07-03 16:53:58,2025-07-03 17:05:07.049810,2025-07-03 17:36:48.625927,2025-07-03 17:43:40.300,49.705000000000005,31.692935283333334,25,3,osrm
762,delivered,2025-07-03 16:53:53,2025-07-03 17:08:43.611056,2025-07-03 17:08:43.611056,2025-07-03 17:09:31.300,15.638333333333332,0.0,17,3,osrm
763,delivered,2025-07-03 16:54:23,2025-07-03 17:04:44.838353,2025-07-03 17:04:44.838353,2025-07-03 17:15:19.800,20.946666666666665,0.0,20,4,osrm
764,delivered,2025-07-03 16:54:17,2025-07-03 17:11:40.595962,2025-07-03 17:36:48.625927,2025-07-03 17:43:40.300,49.388333333333335,25.13383275,25,3,osrm
765,delivered,2025-07-03 16:56:07,2025-07-03 17:07:00.272859,2025-07-03 17:45:15.470352,2025-07-03 17:52:20.800,56.230000000000004,38.25329155,14,4,osrm
766,delivered,2025-07-03 16:56:20,2025-07-03 17:08:30.731671,2025-07-03 17:29:34.256138,2025-07-03 17:35:00.100,38.66833333333333,21.058741116666667,24,4,osrm
767,delivered,2025-07-03 16:56:02,2025-07-03 17:13:00.619710,2025-07-03 17:13:44.400000,2025-07-03 17:23:01.400,26.990000000000002,0.7296715,29,4,osrm
768,delivered,2025-07-03 16:56:39,2025-07-03 17:10:36.287471,2025-07-03 17:22:07.612988,2025-07-03 17:28:02.700,31.395,11.52209195,23,4,osrm
769,delivered,2025-07-03 16:56:42,2025-07-03 17:07:18.261166,2025-07-03 17:24:51.488227,2025-07-03 17:28:33.500,31.858333333333334,17.55378435,6,4,osrm
770,delivered,2025-07-03 16:57:24,2025-07-03 17:09:06.366245,2025-07-03 17:40:54.282908,2025-07-03 17:46:59.100,49.585,31.798611049999998,9,4,osrm
771,delivered,2025-07-03 16:57:21,2025-07-03 17:05:47.142302,2025-07-03 19:54:35.000000,2025-07-03 20:02:58.400,185.62333333333333,168.79762829999999,18,3,osrm
772,delivered,2025-07-03 16:58:03,2025-07-03 17:05:53.043820,2025-07-03 19:19:19.500000,2025-07-03 19:26:09.300,148.105,133.44093633333333,29,4,osrm
773,delivered,2025-07-03 16:58:21,2025-07-03 17:11:07.375528,2025-07-03 17:11:07.375528,2025-07-03 17:20:45.200,22.403333333333332,0.0,26,4,osrm
774,delivered,2025-07-03 16:58:58,2025-07-03 17:11:46.599928,2025-07-03 17:33:47.875404,2025-07-03 17:40:28.500,41.50833333333333,22.021257933333334,17,4,osrm
775,delivered,2025-07-03 16:58:30,2025-07-03 17:09:21.729667,2025-07-03 17:17:22.910516,2025-07-03 17:27:07.300,28.621666666666666,8.019680816666668,13,4,osrm
776,delivered,2025-07-03 16:59:23,2025-07-03 17:11:22.970913,2025-07-03 18:49:21.100000,2025-07-03 18:58:16.200,118.88666666666667,97.96881811666667,22,4,osrm
777,delivered,2025-07-03 16:59:24,2025-07-03 17:12:52.896521,2025-07-03 17:59:31.990899,2025-07-03 18:02:05.600,62.693333333333335,46.65157296666666,29,4,osrm
778,delivered,2025-07-03 16:59:58,2025-07-03 17:09:03.222579,2025-07-03 17:53:57.493035,2025-07-03 18:02:03.100,62.085,44.9045076,17,4,osrm
779,delivered,2025-07-03 17:00:43,2025-07-03 17:09:48.174416,2025-07-03 17:13:05.700000,2025-07-03 17:20:36.800,19.896666666666665,3.292093066666667,11,4,osrm
780,delivered,2025-07-03 17:00:42,2025-07-03 17:12:59.706370,2025-07-03 19:33:14.100000,2025-07-03 19:41:00.400,160.30666666666667,140.23989383333335,24,4,osrm
781,delivered,2025-07-03 17:01:49,2025-07-03 17:12:37.462941,2025-07-03 17:30:02.288585,2025-07-03 17:27:52.600,26.06,17.413760733333334,5,4,osrm
782,delivered,2025-07-03 17:01:47,2025-07-03 17:15:08.686523,2025-07-03 17:52:09.107853,2025-07-03 17:59:39.700,57.87833333333333,37.007022166666665,11,4,osrm
783,delivered,2025-07-03 17:01:51,2025-07-03 17:15:20.276781,2025-07-03 18:49:21.100000,2025-07-03 18:58:16.200,116.42,94.01372031666666,22,4,osrm
784,delivered,2025-07-03 17:03:15,2025-07-03 17:13:54.249218,2025-07-03 17:22:07.612988,2025-07-03 17:28:02.700,24.795,8.2227295,23,4,osrm
785,delivered,2025-07-03 17:03:48,2025-07-03 17:12:53.100542,2025-07-03 19:35:52.900000,2025-07-03 19:43:16.800,159.48,142.9966576333333,28,2,osrm
786,delivered,2025-07-03 17:03:14,2025-07-03 17:13:22.160935,2025-07-03 17:23:09.282290,2025-07-03 17:24:44.100,21.501666666666665,9.785355916666667,7,4,osrm
787,delivered,2025-07-03 17:03:05,2025-07-03 17:13:21.097682,2025-07-03 17:13:21.097682,2025-07-03 17:18:41.600,15.610000000000001,0.0,2,4,osrm
788,delivered,2025-07-03 17:03:21,2025-07-03 17:17:22.910516,2025-07-03 17:41:27.552595,2025-07-03 17:42:56.500,39.59166666666667,24.077367983333332,16,4,osrm
789,delivered,2025-07-03 17:03:44,2025-07-03 17:10:46.261763,2025-07-03 17:13:05.700000,2025-07-03 17:20:36.800,16.88,2.3239706166666663,11,4,osrm
790,delivered,2025-07-03 17:04:10,2025-07-03 17:15:51.980518,2025-07-03 17:39:07.331961,2025-07-03 17:43:55.300,39.755,23.255857383333332,5,4,osrm
791,delivered,2025-07-03 17:04:18,2025-07-03 17:12:29.275977,2025-07-03 17:12:29.275977,2025-07-03 17:19:45.200,15.453333333333335,0.0,1,4,osrm
792,delivered,2025-07-03 17:05:47,2025-07-03 17:15:08.174356,2025-07-03 17:15:08.174356,2025-07-03 17:21:05.000,15.3,0.0,8,3,osrm
793,delivered,2025-07-03 17:05:09,2025-07-03 17:17:46.719048,2025-07-03 17:30:02.288585,2025-07-03 17:27:52.600,22.726666666666667,12.259492283333334,5,4,osrm
794,delivered,2025-07-03 17:06:19,2025-07-03 17:21:16.583801,2025-07-03 20:05:14.600000,2025-07-03 20:08:00.900,181.69833333333332,163.96693665,16,1,osrm
795,delivered,2025-07-03 17:08:59,2025-07-03 17:21:08.162412,2025-07-03 18:10:17.900000,2025-07-03 18:15:16.500,66.29166666666667,49.162293133333336,24,4,osrm
796,delivered,2025-07-03 17:08:22,2025-07-03 17:19:44.222705,2025-07-03 17:29:34.256138,2025-07-03 17:35:00.100,26.634999999999998,9.83389055,24,4,osrm
797,delivered,2025-07-03 17:08:36,2025-07-03 17:23:09.282290,2025-07-03 17:23:09.282290,2025-07-03 17:32:29.100,23.884999999999998,0.0,18,3,osrm
798,delivered,2025-07-03 17:08:45,2025-07-03 17:18:48.428694,2025-07-03 18:19:41.410002,2025-07-03 18:23:40.400,74.92333333333333,60.8830218,20,3,osrm
799,delivered,2025-07-03 17:09:48,2025-07-03 17:19:52.815613,2025-07-03 17:48:41.795042,2025-07-03 17:56:57.200,47.15333333333333,28.816323816666667,6,4,osrm
800,delivered,2025-07-03 17:09:55,2025-07-03 17:24:30.034736,2025-07-03 17:36:55.722770,2025-07-03 17:36:48.300,26.888333333333332,12.4281339,21,4,osrm
801,delivered,2025-07-03 17:10:53,2025-07-03 17:19:58.837008,2025-07-03 17:46:07.353218,2025-07-03 17:55:15.500,44.375,26.141936833333332,18,4,osrm
802,delivered,2025-07-03 17:11:12,2025-07-03 17:24:34.677280,2025-07-03 17:33:47.875404,2025-07-03 17:40:28.500,29.275,9.219968733333333,17,4,osrm
803,delivered,2025-07-03 17:11:12,2025-07-03 17:22:07.612988,2025-07-03 17:22:07.612988,2025-07-03 17:28:02.700,16.845000000000002,0.0,23,4,osrm
804,delivered,2025-07-03 17:11:07,2025-07-03 17:16:35.561265,2025-07-03 18:05:38.999281,2025-07-03 18:13:14.400,62.123333333333335,49.057300266666665,16,3,osrm
805,delivered,2025-07-03 17:12:39,2025-07-03 17:22:39.354821,2025-07-03 17:48:41.795042,2025-07-03 17:56:57.200,44.30333333333333,26.040670350000003,6,4,osrm
806,delivered,2025-07-03 17:12:23,2025-07-03 17:17:23.000000,2025-07-03 17:29:34.256138,2025-07-03 17:35:00.100,22.618333333333332,12.1876023,24,4,osrm
807,delivered,2025-07-03 17:13:37,2025-07-03 17:31:26.494480,2025-07-03 17:48:41.795042,2025-07-03 17:56:57.200,43.336666666666666,17.255009366666666,6,4,osrm
808,delivered,2025-07-03 17:13:33,2025-07-03 17:24:51.488227,2025-07-03 17:38:50.013509,2025-07-03 17:45:18.000,31.75,13.975421366666666,19,4,osrm
809,delivered,2025-07-03 17:13:55,2025-07-03 17:25:49.578763,2025-07-03 17:45:15.470352,2025-07-03 17:52:20.800,38.43,19.431526483333336,14,4,osrm
810,delivered,2025-07-03 17:13:28,2025-07-03 17:21:41.367530,2025-07-03 18:48:51.800000,2025-07-03 18:56:33.600,103.09333333333333,87.1738745,18,4,osrm
811,delivered,2025-07-03 17:13:10,2025-07-03 17:26:25.683809,2025-07-03 17:39:07.331961,2025-07-03 17:43:55.300,30.755,12.694135866666667,5,4,osrm
812,delivered,2025-07-03 17:13:37,2025-07-03 17:27:12.228110,2025-07-03 17:40:54.282908,2025-07-03 17:46:59.100,33.36833333333333,13.7009133,9,4,osrm
813,delivered,2025-07-03 17:13:26,2025-07-03 17:28:17.165935,2025-07-03 19:55:26.900000,2025-07-03 20:00:35.300,167.155,147.16223441666668,26,2,osrm
814,delivered,2025-07-03 17:14:50,2025-07-03 17:22:28.943859,2025-07-03 19:32:30.100000,2025-07-03 19:39:10.500,144.34166666666667,130.01926901666667,2,3,osrm
815,delivered,2025-07-03 17:14:19,2025-07-03 17:25:04.888388,2025-07-03 17:53:57.493035,2025-07-03 18:02:03.100,47.735,28.876744116666668,17,4,osrm
816,delivered,2025-07-03 17:14:04,2025-07-03 17:30:02.288585,2025-07-03 17:30:02.288585,2025-07-03 17:27:52.600,13.81,0.0,5,4,osrm
817,delivered,2025-07-03 17:14:25,2025-07-03 17:24:06.975806,2025-07-03 17:36:55.722770,2025-07-03 17:36:48.300,22.388333333333332,12.8124494,21,4,osrm
818,delivered,2025-07-03 17:15:11,2025-07-03 17:27:39.626883,2025-07-03 18:10:17.900000,2025-07-03 18:15:16.500,60.09166666666667,42.63788528333334,24,4,osrm
819,delivered,2025-07-03 17:15:28,2025-07-03 17:25:43.039260,2025-07-03 17:39:07.331961,2025-07-03 17:43:55.300,28.455,13.404878349999999,5,4,osrm
820,delivered,2025-07-03 17:15:27,2025-07-03 17:25:42.925777,2025-07-03 17:40:54.282908,2025-07-03 17:46:59.100,31.535,15.189285516666667,9,4,osrm
821,delivered,2025-07-03 17:16:19,2025-07-03 17:32:02.225694,2025-07-03 18:15:59.885370,2025-07-03 18:17:22.800,61.06333333333334,43.96099460000001,18,4,osrm
822,delivered,2025-07-03 17:17:59,2025-07-03 17:29:34.256138,2025-07-03 17:29:34.256138,2025-07-03 17:35:00.100,17.018333333333334,0.0,24,4,osrm
823,delivered,2025-07-03 17:17:41,2025-07-03 17:28:31.631867,2025-07-03 17:53:29.560142,2025-07-03 17:59:06.500,41.425,24.96547125,24,4,osrm
824,delivered,2025-07-03 17:17:20,2025-07-03 17:23:23.986046,2025-07-03 20:04:50.000000,2025-07-03 20:07:22.500,170.04166666666666,161.4335659,25,1,osrm
825,delivered,2025-07-03 17:18:37,2025-07-03 17:30:13.879552,2025-07-03 18:48:51.800000,2025-07-03 18:56:33.600,97.94333333333334,78.63200746666666,18,4,osrm
826,delivered,2025-07-03 17:18:30,2025-07-03 17:33:47.875404,2025-07-03 17:33:47.875404,2025-07-03 17:40:28.500,21.975,0.0,17,4,osrm
827,delivered,2025-07-03 17:18:54,2025-07-03 17:31:11.995927,2025-07-03 17:33:47.875404,2025-07-03 17:40:28.500,21.575,2.5979912833333336,17,4,osrm
828,delivered,2025-07-03 17:18:33,2025-07-03 17:26:35.413372,2025-07-03 17:59:14.303809,2025-07-03 18:04:57.600,46.41,32.64817395,5,4,osrm
829,delivered,2025-07-03 17:19:47,2025-07-03 17:30:43.613445,2025-07-03 19:54:15.800000,2025-07-03 20:01:14.700,161.46166666666667,143.53644258333333,9,3,osrm
830,delivered,2025-07-03 17:19:39,2025-07-03 17:33:30.465916,2025-07-03 17:33:30.465916,2025-07-03 17:39:24.900,19.765,0.0,15,4,osrm
831,delivered,2025-07-03 17:21:30,2025-07-03 17:36:48.625927,2025-07-03 17:36:48.625927,2025-07-03 17:43:40.300,22.171666666666667,0.0,25,3,osrm
832,delivered,2025-07-03 17:21:32,2025-07-03 17:26:32.000000,2025-07-03 17:47:13.249124,2025-07-03 17:52:07.800,30.596666666666668,20.6874854,4,4,osrm
833,delivered,2025-07-03 17:21:28,2025-07-03 17:41:16.477209,2025-07-03 19:27:27.000000,2025-07-03 19:40:34.200,139.10333333333335,106.17537985,26,3,osrm
834,delivered,2025-07-03 17:22:39,2025-07-03 17:36:30.111344,2025-07-03 17:36:30.111344,2025-07-03 17:38:55.500,16.275,0.0,11,4,osrm
835,delivered,2025-07-03 17:22:10,2025-07-03 17:36:55.722770,2025-07-03 17:36:55.722770,2025-07-03 17:36:48.300,14.638333333333332,0.0,21,4,osrm
836,delivered,2025-07-03 17:23:43,2025-07-03 17:33:49.563248,2025-07-03 17:53:57.493035,2025-07-03 17:56:24.100,32.684999999999995,20.132163116666668,20,4,osrm
837,delivered,2025-07-03 17:23:14,2025-07-03 17:35:23.826955,2025-07-03 17:47:13.249124,2025-07-03 17:52:07.800,28.896666666666665,11.823702816666668,4,4,osrm
838,delivered,2025-07-03 17:23:59,2025-07-03 17:35:05.266529,2025-07-03 18:08:32.718941,2025-07-03 18:13:17.000,49.3,33.457540200000004,3,4,osrm
839,delivered,2025-07-03 17:23:26,2025-07-03 17:37:26.500758,2025-07-03 17:48:51.607149,2025-07-03 17:55:51.200,32.42,11.41843985,22,4,osrm
840,delivered,2025-07-03 17:24:12,2025-07-03 17:38:50.013509,2025-07-03 17:38:50.013509,2025-07-03 17:45:18.000,21.1,0.0,19,4,osrm
841,delivered,2025-07-03 17:24:12,2025-07-03 17:33:17.908224,2025-07-03 18:19:41.410002,2025-07-03 18:23:40.400,59.473333333333336,46.3916963,20,3,osrm
842,delivered,2025-07-03 17:25:17,2025-07-03 17:38:30.069310,2025-07-03 19:54:15.800000,2025-07-03 20:01:14.700,155.96166666666667,135.76217816666667,9,3,osrm
843,delivered,2025-07-03 17:25:05,2025-07-03 17:32:17.973739,2025-07-03 19:54:36.100000,2025-07-03 20:01:38.600,156.56,142.30210434999998,28,3,osrm
844,delivered,2025-07-03 17:26:49,2025-07-03 17:36:01.131540,2025-07-03 18:05:38.999281,2025-07-03 18:06:19.800,39.513333333333335,29.631129016666666,28,4,osrm
845,delivered,2025-07-03 17:26:15,2025-07-03 17:35:36.385127,2025-07-03 20:00:29.500000,2025-07-03 20:02:31.400,156.27333333333334,144.88524788333334,29,1,osrm
846,delivered,2025-07-03 17:26:11,2025-07-03 17:41:27.552595,2025-07-03 17:45:50.077773,2025-07-03 17:52:55.900,26.748333333333335,4.375419633333333,12,4,osrm
847,delivered,2025-07-03 17:26:20,2025-07-03 17:37:33.639098,2025-07-03 17:52:09.107853,2025-07-03 17:59:39.700,33.32833333333333,14.591145916666667,11,4,osrm
848,delivered,2025-07-03 17:27:59,2025-07-03 17:42:38.670455,2025-07-03 19:55:26.900000,2025-07-03 20:00:35.300,152.605,132.80382575000002,26,2,osrm
849,delivered,2025-07-03 17:27:20,2025-07-03 17:42:14.856649,2025-07-03 17:59:14.303809,2025-07-03 18:04:57.600,37.626666666666665,16.990786,5,4,osrm
850,delivered,2025-07-03 17:27:08,2025-07-03 17:39:47.326063,2025-07-03 17:53:29.560142,2025-07-03 17:59:06.500,31.975,13.703901316666666,24,4,osrm
851,delivered,2025-07-03 17:28:05,2025-07-03 17:44:28.500087,2025-07-03 17:47:13.249124,2025-07-03 17:52:07.800,24.046666666666667,2.745817283333333,4,4,osrm
852,delivered,2025-07-03 17:28:37,2025-07-03 17:39:07.331961,2025-07-03 17:39:07.331961,2025-07-03 17:43:55.300,15.305,0.0,5,4,osrm
853,delivered,2025-07-03 17:29:31,2025-07-03 17:43:54.987774,2025-07-03 18:34:15.200000,2025-07-03 18:43:56.400,74.42333333333333,50.33687043333334,20,4,osrm
854,delivered,2025-07-03 17:29:52,2025-07-03 17:40:54.282908,2025-07-03 17:40:54.282908,2025-07-03 17:46:59.100,17.118333333333332,0.0,9,4,osrm
855,delivered,2025-07-03 17:29:12,2025-07-03 17:37:32.520099,2025-07-03 18:31:48.681374,2025-07-03 18:38:53.200,69.68666666666667,54.26935458333333,12,4,osrm
856,delivered,2025-07-03 17:30:00,2025-07-03 17:42:04.242676,2025-07-03 17:52:09.107853,2025-07-03 17:59:39.700,29.66166666666667,10.081086283333333,11,4,osrm
857,delivered,2025-07-03 17:30:14,2025-07-03 17:35:14.000000,2025-07-03 18:14:29.200000,2025-07-03 18:23:12.900,52.98166666666667,39.25333333333333,14,4,osrm
858,delivered,2025-07-03 17:30:35,2025-07-03 17:35:35.000000,2025-07-03 18:31:48.681374,2025-07-03 18:38:53.200,68.30333333333333,56.2280229,12,4,osrm
859,delivered,2025-07-03 17:30:29,2025-07-03 17:43:28.795315,2025-07-03 19:33:14.100000,2025-07-03 19:41:00.400,130.52333333333334,109.75507808333333,24,4,osrm
860,delivered,2025-07-03 17:31:18,2025-07-03 17:45:15.470352,2025-07-03 18:05:41.749356,2025-07-03 18:07:23.800,36.09666666666667,20.4379834,15,4,osrm
861,delivered,2025-07-03 17:31:09,2025-07-03 17:39:36.855600,2025-07-03 18:05:16.341664,2025-07-03 18:06:15.700,35.111666666666665,25.658101066666667,4,2,osrm
862,delivered,2025-07-03 17:31:16,2025-07-03 17:46:07.353218,2025-07-03 17:46:07.353218,2025-07-03 17:55:15.500,23.991666666666667,0.0,18,4,osrm
863,delivered,2025-07-03 17:31:56,2025-07-03 17:39:52.227474,2025-07-03 18:13:55.822046,2025-07-03 18:19:50.200,47.90333333333333,34.05990953333333,10,2,osrm
864,delivered,2025-07-03 17:32:32,2025-07-03 17:45:50.077773,2025-07-03 17:53:57.493035,2025-07-03 18:02:03.100,29.51833333333333,8.1235877,17,4,osrm
865,delivered,2025-07-03 17:33:44,2025-07-03 17:51:29.878797,2025-07-03 18:12:08.700000,2025-07-03 18:21:32.400,47.806666666666665,20.64702005,27,4,osrm
866,delivered,2025-07-03 17:33:56,2025-07-03 17:44:57.260114,2025-07-03 19:54:15.800000,2025-07-03 20:01:14.700,147.31166666666667,129.3089981,9,3,osrm
867,delivered,2025-07-03 17:33:26,2025-07-03 17:43:18.520767,2025-07-03 18:18:09.500000,2025-07-03 18:26:38.700,53.211666666666666,34.84965388333333,8,4,osrm
868,delivered,2025-07-03 17:33:33,2025-07-03 17:41:03.485840,2025-07-03 17:59:31.990899,2025-07-03 18:02:05.600,28.543333333333333,18.475084316666667,29,4,osrm
869,delivered,2025-07-03 17:34:17,2025-07-03 17:44:34.265379,2025-07-03 18:05:41.749356,2025-07-03 18:07:23.800,33.11333333333333,21.124732950000002,15,4,osrm
870,delivered,2025-07-03 17:35:03,2025-07-03 17:48:41.795042,2025-07-03 17:48:41.795042,2025-07-03 17:56:57.200,21.903333333333332,0.0,6,4,osrm
871,delivered,2025-07-03 17:35:28,2025-07-03 17:50:27.132629,2025-07-03 18:31:48.681374,2025-07-03 18:38:53.200,63.419999999999995,41.35914575,12,4,osrm
872,delivered,2025-07-03 17:35:20,2025-07-03 17:49:11.077110,2025-07-03 18:07:42.304552,2025-07-03 18:13:25.400,38.09,18.52045736666667,21,4,osrm
873,delivered,2025-07-03 17:35:46,2025-07-03 17:47:13.249124,2025-07-03 17:47:13.249124,2025-07-03 17:52:07.800,16.363333333333333,0.0,4,4,osrm
874,delivered,2025-07-03 17:37:19,2025-07-03 17:50:25.034078,2025-07-03 18:34:15.200000,2025-07-03 18:43:56.400,66.62333333333333,43.8360987,20,4,osrm
875,delivered,2025-07-03 17:37:59,2025-07-03 17:45:06.088938,2025-07-03 17:57:41.840726,2025-07-03 18:02:43.000,24.733333333333334,12.595863133333333,26,4,osrm
876,delivered,2025-07-03 17:37:32,2025-07-03 17:50:08.556000,2025-07-03 19:15:59.600000,2025-07-03 19:21:54.600,104.37666666666668,85.85073333333334,19,3,osrm
877,delivered,2025-07-03 17:37:44,2025-07-03 17:46:54.718908,2025-07-03 18:34:15.200000,2025-07-03 18:43:56.400,66.20666666666666,47.34135153333333,20,4,osrm
878,delivered,2025-07-03 17:38:12,2025-07-03 17:55:37.487066,2025-07-03 17:59:14.303809,2025-07-03 18:04:57.600,26.759999999999998,3.6136123833333333,5,4,osrm
879,delivered,2025-07-03 17:38:01,2025-07-03 17:50:02.714239,2025-07-03 17:57:41.840726,2025-07-03 18:02:43.000,24.7,7.652108116666667,26,4,osrm
880,delivered,2025-07-03 17:38:39,2025-07-03 17:51:23.849224,2025-07-03 18:18:09.500000,2025-07-03 18:26:38.700,47.995,26.760846266666665,8,4,osrm
881,delivered,2025-07-03 17:38:28,2025-07-03 17:48:51.607149,2025-07-03 17:58:56.143295,2025-07-03 18:03:05.000,24.616666666666667,10.075602433333334,25,4,osrm
882,delivered,2025-07-03 17:39:05,2025-07-03 17:53:57.138522,2025-07-03 19:15:59.600000,2025-07-03 19:21:54.600,102.82666666666667,82.04102463333334,19,3,osrm
883,delivered,2025-07-03 17:39:46,2025-07-03 17:52:09.107853,2025-07-03 17:52:09.107853,2025-07-03 17:59:39.700,19.895,0.0,11,4,osrm
884,delivered,2025-07-03 17:40:49,2025-07-03 17:50:50.575996,2025-07-03 18:15:59.885370,2025-07-03 18:17:22.800,36.56333333333334,25.155156233333333,18,4,osrm
885,delivered,2025-07-03 17:41:52,2025-07-03 17:53:43.202174,2025-07-03 19:19:19.500000,2025-07-03 19:26:09.300,104.28833333333334,85.60496376666667,29,4,osrm
886,delivered,2025-07-03 17:42:46,2025-07-03 17:59:31.990899,2025-07-03 17:59:31.990899,2025-07-03 18:02:05.600,19.326666666666664,0.0,29,4,osrm
887,delivered,2025-07-03 17:43:36,2025-07-03 17:58:56.143295,2025-07-03 18:10:17.900000,2025-07-03 18:15:16.500,31.675,11.362611750000001,24,4,osrm
888,delivered,2025-07-03 17:43:20,2025-07-03 17:56:58.732973,2025-07-03 18:26:16.283648,2025-07-03 18:26:00.000,42.666666666666664,29.29251125,4,4,osrm
889,delivered,2025-07-03 17:43:27,2025-07-03 17:57:17.339854,2025-07-03 18:15:47.600000,2025-07-03 18:27:11.800,43.74666666666667,18.504335766666667,5,4,osrm
890,delivered,2025-07-03 17:43:27,2025-07-03 17:54:13.832972,2025-07-03 19:33:14.100000,2025-07-03 19:41:00.400,117.55666666666666,99.00445046666667,24,4,osrm
891,delivered,2025-07-03 17:44:47,2025-07-03 17:56:13.389937,2025-07-03 17:58:48.559996,2025-07-03 18:02:45.300,17.971666666666668,2.58616765,27,4,osrm
892,delivered,2025-07-03 17:44:08,2025-07-03 17:53:29.560142,2025-07-03 17:53:29.560142,2025-07-03 17:59:06.500,14.975,0.0,24,4,osrm
893,delivered,2025-07-03 17:44:42,2025-07-03 17:58:02.006745,2025-07-03 18:15:47.600000,2025-07-03 18:27:11.800,42.49666666666667,17.759887583333335,5,4,osrm
894,delivered,2025-07-03 17:44:30,2025-07-03 17:53:57.493035,2025-07-03 17:53:57.493035,2025-07-03 18:02:03.100,17.551666666666666,0.0,17,4,osrm
895,delivered,2025-07-03 17:45:14,2025-07-03 17:54:24.216863,2025-07-03 18:15:47.600000,2025-07-03 18:27:11.800,41.96333333333334,21.38971895,5,4,osrm
896,delivered,2025-07-03 17:45:20,2025-07-03 17:58:00.616952,2025-07-03 18:29:41.900000,2025-07-03 18:40:04.500,54.74166666666667,31.6880508,15,4,osrm
897,delivered,2025-07-03 17:46:07,2025-07-03 17:59:14.303809,2025-07-03 17:59:14.303809,2025-07-03 18:04:57.600,18.84333333333333,0.0,5,4,osrm
898,delivered,2025-07-03 17:46:48,2025-07-03 17:58:48.559996,2025-07-03 17:59:31.990899,2025-07-03 18:02:05.600,15.293333333333333,0.7238483833333333,29,4,osrm
899,delivered,2025-07-03 17:46:31,2025-07-03 17:53:33.406342,2025-07-03 18:17:37.155753,2025-07-03 18:23:28.900,36.965,24.062490183333335,19,3,osrm
900,delivered,2025-07-03 17:47:56,2025-07-03 17:56:51.171248,2025-07-03 18:10:10.500000,2025-07-03 18:15:01.200,27.086666666666666,13.322145866666666,2,4,osrm
901,delivered,2025-07-03 17:47:28,2025-07-03 18:02:56.024363,2025-07-03 19:23:22.800000,2025-07-03 19:31:05.100,103.61833333333334,80.44626061666666,25,3,osrm
902,delivered,2025-07-03 17:47:04,2025-07-03 17:59:34.060814,2025-07-03 18:29:41.900000,2025-07-03 18:40:04.500,53.00833333333333,30.1306531,15,4,osrm
903,delivered,2025-07-03 17:47:25,2025-07-03 17:57:41.840726,2025-07-03 18:08:32.718941,2025-07-03 18:13:17.000,25.866666666666667,10.84797025,3,4,osrm
904,delivered,2025-07-03 17:47:45,2025-07-03 17:56:18.022701,2025-07-03 18:15:59.885370,2025-07-03 18:17:22.800,29.63,19.69771115,18,4,osrm
905,delivered,2025-07-03 17:48:50,2025-07-03 17:56:26.987549,2025-07-03 18:15:47.600000,2025-07-03 18:27:11.800,38.36333333333334,19.34354085,5,4,osrm
906,delivered,2025-07-03 17:50:24,2025-07-03 18:05:41.749356,2025-07-03 18:17:37.155753,2025-07-03 18:23:28.900,33.08166666666667,11.923439949999999,19,3,osrm
907,delivered,2025-07-03 17:51:43,2025-07-03 18:05:38.999281,2025-07-03 18:15:10.500000,2025-07-03 18:18:59.400,27.273333333333333,9.525011983333334,7,3,osrm
908,delivered,2025-07-03 17:51:40,2025-07-03 18:02:51.121440,2025-07-03 18:26:16.283648,2025-07-03 18:26:00.000,34.333333333333336,23.419370133333334,4,4,osrm
909,delivered,2025-07-03 17:51:30,2025-07-03 18:04:18.170065,2025-07-03 18:40:10.347423,2025-07-03 18:46:41.900,55.19833333333334,35.86962263333333,8,4,osrm
910,delivered,2025-07-03 17:52:37,2025-07-03 18:08:32.718941,2025-07-03 18:08:32.718941,2025-07-03 18:13:17.000,20.666666666666668,0.0,3,4,osrm
911,delivered,2025-07-03 17:52:16,2025-07-03 18:03:03.235941,2025-07-03 18:26:16.283648,2025-07-03 18:26:00.000,33.733333333333334,23.21746178333333,4,4,osrm
912,delivered,2025-07-03 17:53:54,2025-07-03 18:05:47.532304,2025-07-03 19:32:30.100000,2025-07-03 19:39:10.500,105.275,86.7094616,2,3,osrm
913,delivered,2025-07-03 17:53:27,2025-07-03 18:04:55.557782,2025-07-03 18:29:57.684761,2025-07-03 18:37:11.700,43.745,25.035449649999997,18,3,osrm
914,delivered,2025-07-03 17:53:08,2025-07-03 18:00:28.770721,2025-07-03 19:54:36.100000,2025-07-03 20:01:38.600,128.51000000000002,114.12215465,28,3,osrm
915,delivered,2025-07-03 17:53:38,2025-07-03 18:05:16.341664,2025-07-03 18:05:16.341664,2025-07-03 18:06:15.700,12.628333333333334,0.0,4,2,osrm
916,delivered,2025-07-03 17:53:07,2025-07-03 18:07:39.062556,2025-07-03 18:42:06.385755,2025-07-03 18:45:47.100,52.66833333333333,34.45538665,9,4,osrm
917,delivered,2025-07-03 17:54:42,2025-07-03 18:07:42.304552,2025-07-03 18:14:22.400000,2025-07-03 18:24:04.200,29.37,6.668257466666666,17,4,osrm
918,delivered,2025-07-03 17:54:33,2025-07-03 17:59:47.036830,2025-07-03 19:54:35.000000,2025-07-03 20:02:58.400,128.42333333333332,114.79938616666666,18,3,osrm
919,delivered,2025-07-03 17:54:08,2025-07-03 18:07:52.178988,2025-07-03 18:29:41.900000,2025-07-03 18:40:04.500,45.94166666666667,21.828683533333333,15,4,osrm
920,delivered,2025-07-03 17:55:26,2025-07-03 18:05:36.812228,2025-07-03 18:40:10.347423,2025-07-03 18:46:41.900,51.265,34.55891991666667,8,4,osrm
921,delivered,2025-07-03 17:56:59,2025-07-03 18:05:56.754811,2025-07-03 18:33:13.800000,2025-07-03 18:39:40.100,42.684999999999995,27.284086483333333,27,3,osrm
922,delivered,2025-07-03 17:56:29,2025-07-03 18:11:19.514551,2025-07-03 18:11:19.514551,2025-07-03 18:17:19.100,20.834999999999997,0.0,23,2,osrm
923,delivered,2025-07-03 17:57:34,2025-07-03 18:14:08.426593,2025-07-03 18:29:41.900000,2025-07-03 18:40:04.500,42.50833333333333,15.557890116666666,15,4,osrm
924,delivered,2025-07-03 17:57:24,2025-07-03 18:10:19.165518,2025-07-03 18:39:59.900000,2025-07-03 18:47:15.800,49.86333333333334,29.678908033333336,4,3,osrm
925,delivered,2025-07-03 17:57:12,2025-07-03 18:09:40.319246,2025-07-03 19:05:27.700000,2025-07-03 19:11:42.100,74.50166666666668,55.78967923333333,1,4,osrm
926,delivered,2025-07-03 17:59:06,2025-07-03 18:10:39.759124,2025-07-03 18:58:45.400000,2025-07-03 19:08:09.700,69.06166666666667,48.0940146,29,3,osrm
927,delivered,2025-07-03 17:59:14,2025-07-03 18:13:55.822046,2025-07-03 18:13:55.822046,2025-07-03 18:19:50.200,20.603333333333335,0.0,10,2,osrm
928,delivered,2025-07-03 18:01:37,2025-07-03 18:11:25.083528,2025-07-03 18:49:21.100000,2025-07-03 18:58:16.200,56.65333333333333,37.93360786666666,22,4,osrm
929,delivered,2025-07-03 18:02:38,2025-07-03 18:15:49.377636,2025-07-03 18:53:05.700000,2025-07-03 19:00:41.800,58.06333333333334,37.272039400000004,15,4,osrm
930,delivered,2025-07-03 18:02:55,2025-07-03 18:15:41.162944,2025-07-03 18:18:09.500000,2025-07-03 18:26:38.700,23.728333333333335,2.4722842666666667,8,4,osrm
931,delivered,2025-07-03 18:03:26,2025-07-03 18:08:26.000000,2025-07-03 18:10:17.900000,2025-07-03 18:15:16.500,11.841666666666667,1.865,24,4,osrm
932,delivered,2025-07-03 18:03:29,2025-07-03 18:15:03.557636,2025-07-03 18:42:06.385755,2025-07-03 18:45:47.100,42.30166666666666,27.047135316666665,9,4,osrm
933,delivered,2025-07-03 18:04:11,2025-07-03 18:13:20.115654,2025-07-03 19:30:43.100000,2025-07-03 19:41:18.900,97.13166666666666,77.38307243333334,5,4,osrm
934,delivered,2025-07-03 18:04:12,2025-07-03 18:15:59.885370,2025-07-03 18:15:59.885370,2025-07-03 18:17:22.800,13.18,0.0,18,4,osrm
935,delivered,2025-07-03 18:05:20,2025-07-03 18:17:37.155753,2025-07-03 18:17:37.155753,2025-07-03 18:23:28.900,18.148333333333333,0.0,19,3,osrm
936,delivered,2025-07-03 18:05:01,2025-07-03 18:14:21.534024,2025-07-03 18:33:05.700000,2025-07-03 18:37:44.200,32.72,18.7360996,25,4,osrm
937,delivered,2025-07-03 18:06:18,2025-07-03 18:13:50.177067,2025-07-03 18:39:59.900000,2025-07-03 18:47:15.800,40.96333333333334,26.162048883333334,4,3,osrm
938,delivered,2025-07-03 18:08:31,2025-07-03 18:23:20.309682,2025-07-03 18:33:05.700000,2025-07-03 18:37:44.200,29.220000000000002,9.756505299999999,25,4,osrm
939,delivered,2025-07-03 18:11:43,2025-07-03 18:24:24.377331,2025-07-03 19:05:48.500000,2025-07-03 19:16:29.200,64.77,41.402044483333334,16,3,osrm
940,delivered,2025-07-03 18:11:35,2025-07-03 18:19:41.410002,2025-07-03 18:19:41.410002,2025-07-03 18:23:40.400,12.09,0.0,20,3,osrm
941,delivered,2025-07-03 18:11:35,2025-07-03 18:21:12.559102,2025-07-03 19:01:18.700000,2025-07-03 19:08:12.600,56.626666666666665,40.1023483,9,3,osrm
942,delivered,2025-07-03 18:11:44,2025-07-03 18:25:14.293946,2025-07-03 19:03:42.800000,2025-07-03 19:15:39.900,63.931666666666665,38.4751009,5,4,osrm
943,delivered,2025-07-03 18:13:43,2025-07-03 18:23:29.581162,2025-07-03 18:33:13.800000,2025-07-03 18:39:40.100,25.951666666666664,9.736980633333333,27,3,osrm
944,delivered,2025-07-03 18:13:10,2025-07-03 18:25:49.374120,2025-07-03 19:30:43.100000,2025-07-03 19:41:18.900,88.14833333333333,64.89543133333333,5,4,osrm
945,delivered,2025-07-03 18:14:50,2025-07-03 18:30:02.929915,2025-07-03 19:05:48.500000,2025-07-03 19:16:29.200,61.65333333333333,35.759501416666666,16,3,osrm
946,delivered,2025-07-03 18:14:57,2025-07-03 18:33:20.614126,2025-07-03 19:19:19.500000,2025-07-03 19:26:09.300,71.205,45.98143123333333,29,4,osrm
947,delivered,2025-07-03 18:14:17,2025-07-03 18:26:16.283648,2025-07-03 18:29:57.684761,2025-07-03 18:37:11.700,22.91166666666667,3.69001855,18,3,osrm
948,delivered,2025-07-03 18:14:45,2025-07-03 18:21:57.981762,2025-07-03 18:34:15.200000,2025-07-03 18:43:56.400,29.19,12.286970633333334,20,4,osrm
949,delivered,2025-07-03 18:15:35,2025-07-03 18:21:55.618282,2025-07-03 19:43:11.600000,2025-07-03 19:55:53.800,100.31333333333333,81.26636196666666,11,3,osrm
950,delivered,2025-07-03 18:16:44,2025-07-03 18:30:22.696411,2025-07-03 18:40:10.347423,2025-07-03 18:46:41.900,29.965,9.794183533333333,8,4,osrm
951,delivered,2025-07-03 18:16:03,2025-07-03 18:30:39.762806,2025-07-03 19:03:42.800000,2025-07-03 19:15:39.900,59.615,33.0506199,5,4,osrm
952,delivered,2025-07-03 18:16:30,2025-07-03 18:29:12.263944,2025-07-03 19:30:43.100000,2025-07-03 19:41:18.900,84.815,61.513934266666666,5,4,osrm
953,delivered,2025-07-03 18:17:52,2025-07-03 18:25:48.863565,2025-07-03 19:32:30.100000,2025-07-03 19:39:10.500,81.30833333333334,66.68727391666667,2,3,osrm
954,delivered,2025-07-03 18:17:38,2025-07-03 18:29:57.684761,2025-07-03 18:29:57.684761,2025-07-03 18:37:11.700,19.561666666666667,0.0,18,3,osrm
955,delivered,2025-07-03 18:18:29,2025-07-03 18:31:46.915326,2025-07-03 19:05:48.500000,2025-07-03 19:16:29.200,58.00333333333333,34.026411233333334,16,3,osrm
956,delivered,2025-07-03 18:18:48,2025-07-03 18:28:50.136827,2025-07-03 19:03:42.800000,2025-07-03 19:15:39.900,56.865,34.87771955,5,4,osrm
957,delivered,2025-07-03 18:19:13,2025-07-03 18:30:07.861107,2025-07-03 18:33:13.800000,2025-07-03 18:39:40.100,20.451666666666664,3.09898155,27,3,osrm
958,delivered,2025-07-03 18:19:40,2025-07-03 18:33:33.418036,2025-07-03 18:48:58.600000,2025-07-03 18:52:44.600,33.07666666666667,15.4196994,6,1,osrm
959,delivered,2025-07-03 18:20:54,2025-07-03 18:34:11.340511,2025-07-03 19:43:11.600000,2025-07-03 19:55:53.800,94.99666666666667,69.00432481666667,11,3,osrm
960,delivered,2025-07-03 18:20:59,2025-07-03 18:36:17.587631,2025-07-03 19:23:22.800000,2025-07-03 19:31:05.100,70.10166666666667,47.08687281666666,25,3,osrm
961,delivered,2025-07-03 18:21:06,2025-07-03 18:31:48.681374,2025-07-03 18:31:48.681374,2025-07-03 18:38:53.200,17.78666666666667,0.0,12,4,osrm
962,delivered,2025-07-03 18:21:00,2025-07-03 18:35:43.402362,2025-07-03 18:49:21.100000,2025-07-03 18:58:16.200,37.269999999999996,13.628293966666666,22,4,osrm
963,delivered,2025-07-03 18:24:44,2025-07-03 18:40:10.347423,2025-07-03 18:40:10.347423,2025-07-03 18:46:41.900,21.965,0.0,8,4,osrm
964,delivered,2025-07-03 18:24:09,2025-07-03 18:35:35.119518,2025-07-03 18:39:59.900000,2025-07-03 18:47:15.800,23.113333333333333,4.413008033333333,4,3,osrm
965,delivered,2025-07-03 18:26:12,2025-07-03 18:38:36.356709,2025-07-03 18:53:05.700000,2025-07-03 19:00:41.800,34.49666666666667,14.48905485,15,4,osrm
966,delivered,2025-07-03 18:27:24,2025-07-03 18:34:06.908603,2025-07-03 18:58:45.400000,2025-07-03 19:08:09.700,40.76166666666666,24.641523283333335,29,3,osrm
967,delivered,2025-07-03 18:27:28,2025-07-03 18:45:11.290425,2025-07-03 19:08:03.300000,2025-07-03 19:10:55.200,43.45333333333333,22.86682625,7,1,osrm
968,delivered,2025-07-03 18:28:15,2025-07-03 18:42:06.385755,2025-07-03 18:58:45.400000,2025-07-03 19:08:09.700,39.91166666666666,16.650237416666666,29,3,osrm
969,delivered,2025-07-03 18:31:54,2025-07-03 18:41:27.941863,2025-07-03 19:35:52.900000,2025-07-03 19:43:16.800,71.38000000000001,54.41596895,28,2,osrm
970,delivered,2025-07-03 18:31:10,2025-07-03 18:42:36.494371,2025-07-03 18:48:51.800000,2025-07-03 18:56:33.600,25.39333333333333,6.255093816666667,18,4,osrm
971,delivered,2025-07-03 18:32:31,2025-07-03 18:46:30.538334,2025-07-03 19:03:42.800000,2025-07-03 19:15:39.900,43.14833333333333,17.204361100000003,5,4,osrm
972,delivered,2025-07-03 18:37:03,2025-07-03 18:45:12.975099,2025-07-03 19:06:28.565131,2025-07-03 19:08:19.400,31.273333333333333,21.259833866666668,4,3,osrm
973,delivered,2025-07-03 18:37:39,2025-07-03 18:44:26.254463,2025-07-03 19:06:28.565131,2025-07-03 19:08:19.400,30.673333333333336,22.038511133333333,4,3,osrm
974,delivered,2025-07-03 18:37:20,2025-07-03 18:48:11.999825,2025-07-03 19:01:18.700000,2025-07-03 19:08:12.600,30.876666666666665,13.111669583333333,9,3,osrm
975,delivered,2025-07-03 18:39:55,2025-07-03 18:49:43.438651,2025-07-03 19:15:59.600000,2025-07-03 19:21:54.600,41.99333333333333,26.269355816666668,19,3,osrm
976,delivered,2025-07-03 18:40:30,2025-07-03 18:49:55.368566,2025-07-03 19:01:18.700000,2025-07-03 19:08:12.600,27.709999999999997,11.388857233333333,9,3,osrm
977,delivered,2025-07-03 18:41:24,2025-07-03 18:50:55.389712,2025-07-03 19:05:27.700000,2025-07-03 19:11:42.100,30.301666666666666,14.5385048,1,4,osrm
978,delivered,2025-07-03 18:41:00,2025-07-03 18:54:03.906308,2025-07-03 19:19:24.500000,2025-07-03 19:26:28.300,45.47166666666667,25.3432282,9,2,osrm
979,delivered,2025-07-03 18:41:17,2025-07-03 18:56:57.604338,2025-07-03 19:19:24.500000,2025-07-03 19:26:28.300,45.18833333333334,22.44826103333333,9,2,osrm
980,delivered,2025-07-03 18:41:17,2025-07-03 18:49:06.535423,2025-07-03 19:03:42.800000,2025-07-03 19:14:32.600,33.26,14.604409616666667,13,4,osrm
981,delivered,2025-07-03 18:43:55,2025-07-03 18:54:01.264081,2025-07-03 19:27:27.000000,2025-07-03 19:40:34.200,56.65333333333333,33.428931983333335,26,3,osrm
982,delivered,2025-07-03 18:50:28,2025-07-03 19:00:28.659808,2025-07-03 19:25:57.900000,2025-07-03 19:30:19.200,39.85333333333333,25.487336533333334,22,1,osrm
983,delivered,2025-07-03 18:51:21,2025-07-03 19:03:17.993567,2025-07-03 19:34:54.600000,2025-07-03 19:37:41.300,46.33833333333334,31.610107216666666,23,1,osrm
984,delivered,2025-07-03 18:53:46,2025-07-03 19:06:28.565131,2025-07-03 19:06:28.565131,2025-07-03 19:08:19.400,14.556666666666667,0.0,4,3,osrm
985,delivered,2025-07-03 18:56:52,2025-07-03 19:09:02.016015,2025-07-03 19:44:46.500000,2025-07-03 19:48:59.800,52.13,35.74139975,14,1,osrm
986,delivered,2025-07-03 18:58:14,2025-07-03 19:09:51.515662,2025-07-03 19:09:51.515662,2025-07-03 19:13:10.500,14.941666666666666,0.0,6,2,osrm
987,delivered,2025-07-03 18:59:39,2025-07-03 19:20:12.533515,2025-07-03 19:44:29.100000,2025-07-03 19:46:42.600,47.059999999999995,24.276108083333334,1,1,osrm
