order_id,status,placement_time,ready_time,pickup_time,delivery_time,click_to_door,ready_to_pickup,courier_id,bundle_size,routing_source
0,delivered,2025-07-03 08:00:52,2025-07-03 08:10:43.787669,2025-07-03 08:10:43.787669,2025-07-03 08:08:29.700,7.628333333333333,0.0,1,1,osrm
1,delivered,2025-07-03 08:01:02,2025-07-03 08:10:21.169219,2025-07-03 08:10:58.600000,2025-07-03 08:14:39.600,13.626666666666667,0.6238463500000001,5,1,osrm
2,delivered,2025-07-03 08:01:14,2025-07-03 08:11:02.810062,2025-07-03 08:11:55.900000,2025-07-03 08:14:05.600,12.860000000000001,0.8848322999999999,8,1,osrm
3,delivered,2025-07-03 08:01:20,2025-07-03 08:12:13.218465,2025-07-03 08:12:13.218465,2025-07-03 08:13:05.600,11.76,0.0,6,1,osrm
4,delivered,2025-07-03 08:02:19,2025-07-03 08:19:13.539076,2025-07-03 08:19:13.539076,2025-07-03 08:17:35.800,15.28,0.0,3,1,osrm
5,delivered,2025-07-03 08:03:58,2025-07-03 08:18:37.905290,2025-07-03 08:18:37.905290,2025-07-03 08:13:06.200,9.136666666666667,0.0,7,1,osrm
6,delivered,2025-07-03 08:03:03,2025-07-03 08:19:26.151032,2025-07-03 08:19:26.151032,2025-07-03 08:14:01.900,10.981666666666666,0.0,9,1,osrm
7,delivered,2025-07-03 08:04:40,2025-07-03 08:18:40.243824,2025-07-03 08:18:40.243824,2025-07-03 08:15:07.800,10.463333333333333,0.0,2,1,osrm
8,delivered,2025-07-03 08:04:12,2025-07-03 08:18:53.801032,2025-07-03 08:18:53.801032,2025-07-03 08:17:53.100,13.685,0.0,4,1,osrm
9,delivered,2025-07-03 08:06:11,2025-07-03 08:22:05.668432,2025-07-03 08:22:05.668432,2025-07-03 08:18:02.700,11.861666666666668,0.0,11,1,osrm
10,delivered,2025-07-03 08:07:22,2025-07-03 08:16:39.432885,2025-07-03 08:18:54.800000,2025-07-03 08:25:32.600,18.176666666666666,2.2561185833333335,12,1,osrm
11,delivered,2025-07-03 08:07:31,2025-07-03 08:13:58.290703,2025-07-03 08:15:58.600000,2025-07-03 08:18:19.900,10.815,2.00515495,13,1,osrm
12,delivered,2025-07-03 08:07:58,2025-07-03 08:19:13.631967,2025-07-03 08:19:13.631967,2025-07-03 08:18:43.900,10.764999999999999,0.0,14,1,osrm
13,delivered,2025-07-03 08:08:33,2025-07-03 08:21:15.634952,2025-07-03 08:21:15.634952,2025-07-03 08:20:24.500,11.858333333333333,0.0,10,1,osrm
14,delivered,2025-07-03 08:10:44,2025-07-03 08:22:32.687908,2025-07-03 08:22:32.687908,2025-07-03 08:23:16.500,12.541666666666666,0.0,18,1,osrm
15,delivered,2025-07-03 08:10:17,2025-07-03 08:21:13.778559,2025-07-03 08:21:13.778559,2025-07-03 08:21:44.200,11.453333333333335,0.0,17,1,osrm
16,delivered,2025-07-03 08:10:41,2025-07-03 08:17:50.186011,2025-07-03 08:17:50.186011,2025-07-03 08:17:48.900,7.131666666666666,0.0,15,1,osrm
17,delivered,2025-07-03 08:10:23,2025-07-03 08:26:04.502339,2025-07-03 08:26:04.502339,2025-07-03 08:19:55.600,9.543333333333333,0.0,16,1,osrm
18,delivered,2025-07-03 08:11:06,2025-07-03 08:24:07.028495,2025-07-03 08:24:07.028495,2025-07-03 08:25:59.000,14.883333333333333,0.0,20,1,osrm
19,delivered,2025-07-03 08:11:54,2025-07-03 08:20:54.003797,2025-07-03 08:22:17.900000,2025-07-03 08:25:18.700,13.411666666666667,1.39827005,22,1,osrm
20,delivered,2025-07-03 08:11:59,2025-07-03 08:24:41.264474,2025-07-03 08:24:41.264474,2025-07-03 08:22:08.700,10.161666666666667,0.0,24,1,osrm
21,delivered,2025-07-03 08:12:44,2025-07-03 08:24:13.142012,2025-07-03 08:24:13.142012,2025-07-03 08:25:05.400,12.356666666666666,0.0,27,1,osrm
22,delivered,2025-07-03 08:13:11,2025-07-03 08:24:42.610251,2025-07-03 08:24:42.610251,2025-07-03 08:26:48.200,13.620000000000001,0.0,1,1,osrm
23,delivered,2025-07-03 08:13:30,2025-07-03 08:26:40.738815,2025-07-03 08:26:40.738815,2025-07-03 08:27:23.900,13.898333333333333,0.0,21,1,osrm
24,delivered,2025-07-03 08:13:11,2025-07-03 08:27:57.197058,2025-07-03 08:27:57.197058,2025-07-03 08:23:29.700,10.311666666666667,0.0,25,1,osrm
25,delivered,2025-07-03 08:13:50,2025-07-03 08:24:43.816973,2025-07-03 08:24:43.816973,2025-07-03 08:25:36.700,11.778333333333334,0.0,23,1,osrm
26,delivered,2025-07-03 08:14:14,2025-07-03 08:31:39.186501,2025-07-03 08:31:39.186501,2025-07-03 08:23:32.600,9.31,0.0,19,1,osrm
27,delivered,2025-07-03 08:15:55,2025-07-03 08:29:11.115535,2025-07-03 08:29:11.115535,2025-07-03 08:29:41.800,13.78,0.0,28,1,osrm
28,delivered,2025-07-03 08:15:46,2025-07-03 08:29:02.567551,2025-07-03 08:29:02.567551,2025-07-03 08:25:00.000,9.233333333333333,0.0,26,1,osrm
29,delivered,2025-07-03 08:16:08,2025-07-03 08:23:23.092729,2025-07-03 08:27:17.900000,2025-07-03 08:29:01.000,12.883333333333333,3.9134545166666665,29,1,osrm
30,delivered,2025-07-03 08:16:10,2025-07-03 08:34:12.241958,2025-07-03 12:04:08.000000,2025-07-03 12:09:01.300,232.855,209.9293007,27,1,osrm
31,delivered,2025-07-03 08:17:30,2025-07-03 08:32:47.273998,2025-07-03 08:32:47.273998,2025-07-03 08:30:24.300,12.905,0.0,2,1,osrm
32,delivered,2025-07-03 08:17:56,2025-07-03 08:24:06.064909,2025-07-03 08:27:17.900000,2025-07-03 08:29:29.100,11.551666666666668,3.197251516666667,30,1,osrm
33,delivered,2025-07-03 08:17:01,2025-07-03 08:25:59.242424,2025-07-03 08:25:59.242424,2025-07-03 08:28:27.200,11.436666666666667,0.0,7,1,osrm
34,delivered,2025-07-03 08:17:32,2025-07-03 08:31:14.253581,2025-07-03 10:15:52.200000,2025-07-03 10:19:39.100,122.11833333333334,104.63244031666666,12,1,osrm
35,delivered,2025-07-03 08:17:59,2025-07-03 08:29:45.849566,2025-07-03 08:29:45.849566,2025-07-03 08:28:22.800,10.396666666666667,0.0,6,1,osrm
36,delivered,2025-07-03 08:18:19,2025-07-03 08:26:25.149925,2025-07-03 08:27:47.600000,2025-07-03 08:31:24.900,13.098333333333333,1.3741679166666667,9,1,osrm
37,delivered,2025-07-03 08:18:21,2025-07-03 08:32:37.818423,2025-07-03 09:09:46.300000,2025-07-03 09:14:04.100,55.718333333333334,37.14135961666667,22,1,osrm
38,delivered,2025-07-03 08:18:29,2025-07-03 08:32:30.312812,2025-07-03 11:11:08.300000,2025-07-03 11:15:21.100,176.86833333333334,158.63311979999997,1,1,osrm
39,delivered,2025-07-03 08:19:54,2025-07-03 08:30:30.329130,2025-07-03 08:30:30.329130,2025-07-03 08:31:54.400,12.006666666666666,0.0,5,1,osrm
40,delivered,2025-07-03 08:19:13,2025-07-03 08:33:15.677570,2025-07-03 12:04:49.900000,2025-07-03 12:10:17.600,231.07666666666668,211.57037383333332,6,1,osrm
41,delivered,2025-07-03 08:19:17,2025-07-03 08:34:22.148973,2025-07-03 08:34:22.148973,2025-07-03 08:31:45.700,12.478333333333333,0.0,8,1,osrm
42,delivered,2025-07-03 08:19:40,2025-07-03 08:30:50.742687,2025-07-03 11:11:04.600000,2025-07-03 11:12:35.400,172.92333333333332,160.23095521666667,5,1,osrm
43,delivered,2025-07-03 08:20:39,2025-07-03 08:35:33.440162,2025-07-03 12:05:48.800000,2025-07-03 12:10:43.500,230.075,210.25599730000002,11,1,osrm
44,delivered,2025-07-03 08:20:29,2025-07-03 08:34:51.921388,2025-07-03 11:35:57.300000,2025-07-03 11:37:55.100,197.435,181.08964353333334,27,1,osrm
45,delivered,2025-07-03 08:21:10,2025-07-03 08:35:00.929404,2025-07-03 09:14:58.000000,2025-07-03 09:16:39.900,55.498333333333335,39.951176600000004,28,1,osrm
46,delivered,2025-07-03 08:21:03,2025-07-03 08:27:27.932618,2025-07-03 08:31:24.100000,2025-07-03 08:35:10.900,14.131666666666666,3.9361230333333332,10,1,osrm
47,delivered,2025-07-03 08:21:45,2025-07-03 08:35:12.914726,2025-07-03 09:15:47.500000,2025-07-03 09:16:33.200,54.80333333333333,40.576421233333335,21,1,osrm
48,delivered,2025-07-03 08:21:02,2025-07-03 08:29:38.327590,2025-07-03 08:30:43.600000,2025-07-03 08:34:45.500,13.725,1.0878735,14,1,osrm
49,delivered,2025-07-03 08:21:46,2025-07-03 08:26:46.000000,2025-07-03 08:36:53.900000,2025-07-03 08:43:53.300,22.121666666666666,10.131666666666666,25,1,osrm
50,delivered,2025-07-03 08:22:15,2025-07-03 08:34:49.346463,2025-07-03 12:06:46.600000,2025-07-03 12:10:22.500,228.125,211.95422561666666,24,1,osrm
51,delivered,2025-07-03 08:22:40,2025-07-03 08:31:55.979461,2025-07-03 10:56:42.700000,2025-07-03 11:00:59.100,158.31833333333333,144.77867565,28,1,osrm
52,delivered,2025-07-03 08:22:31,2025-07-03 08:35:06.129410,2025-07-03 12:07:18.900000,2025-07-03 12:13:01.800,230.51333333333332,212.21284316666666,21,1,osrm
53,delivered,2025-07-03 08:23:35,2025-07-03 08:35:34.567397,2025-07-03 10:18:33.300000,2025-07-03 10:22:11.400,118.60666666666665,102.97887671666668,5,1,osrm
54,delivered,2025-07-03 08:23:29,2025-07-03 08:33:41.915698,2025-07-03 10:25:29.200000,2025-07-03 10:29:42.100,126.21833333333333,111.7880717,28,1,osrm
55,delivered,2025-07-03 08:23:32,2025-07-03 08:33:35.644131,2025-07-03 08:33:35.644131,2025-07-03 08:32:14.600,8.71,0.0,11,1,osrm
56,delivered,2025-07-03 08:24:21,2025-07-03 08:39:01.099622,2025-07-03 08:39:01.099622,2025-07-03 08:37:32.200,13.186666666666667,0.0,15,1,osrm
57,delivered,2025-07-03 08:24:08,2025-07-03 08:35:43.396488,2025-07-03 08:35:43.396488,2025-07-03 08:35:16.300,11.138333333333332,0.0,4,1,osrm
58,delivered,2025-07-03 08:24:52,2025-07-03 08:33:59.557046,2025-07-03 08:34:16.900000,2025-07-03 08:36:48.000,11.933333333333334,0.2890492333333333,13,1,osrm
59,delivered,2025-07-03 08:24:04,2025-07-03 08:32:22.581694,2025-07-03 08:32:33.300000,2025-07-03 08:34:44.100,10.668333333333333,0.17863843333333335,3,1,osrm
60,delivered,2025-07-03 08:25:53,2025-07-03 08:42:23.574070,2025-07-03 08:42:23.574070,2025-07-03 08:39:37.200,13.736666666666668,0.0,22,1,osrm
61,delivered,2025-07-03 08:25:25,2025-07-03 08:37:06.448157,2025-07-03 10:37:09.800000,2025-07-03 10:38:57.300,133.53833333333333,120.05586405000001,15,1,osrm
62,delivered,2025-07-03 08:25:57,2025-07-03 08:31:39.894758,2025-07-03 08:34:10.200000,2025-07-03 08:37:58.200,12.020000000000001,2.5050873666666664,19,1,osrm
63,delivered,2025-07-03 08:25:36,2025-07-03 08:40:12.299684,2025-07-03 08:40:12.299684,2025-07-03 08:38:21.100,12.751666666666667,0.0,16,1,osrm
64,delivered,2025-07-03 08:26:06,2025-07-03 08:37:30.647788,2025-07-03 09:16:22.800000,2025-07-03 09:19:36.100,53.501666666666665,38.869203533333334,7,1,osrm
65,delivered,2025-07-03 08:26:56,2025-07-03 08:36:02.333192,2025-07-03 08:36:49.700000,2025-07-03 08:41:41.400,14.756666666666666,0.7894468,24,1,osrm
66,delivered,2025-07-03 08:26:07,2025-07-03 08:42:28.432022,2025-07-03 08:42:28.432022,2025-07-03 08:39:13.200,13.103333333333333,0.0,26,1,osrm
67,delivered,2025-07-03 08:26:53,2025-07-03 08:39:36.185534,2025-07-03 08:43:52.300000,2025-07-03 08:47:57.100,21.06833333333333,4.268574433333333,7,1,osrm
68,delivered,2025-07-03 08:26:30,2025-07-03 08:40:15.901322,2025-07-03 08:40:15.901322,2025-07-03 08:40:26.800,13.946666666666665,0.0,27,1,osrm
69,delivered,2025-07-03 08:26:03,2025-07-03 08:36:18.705566,2025-07-03 08:42:54.900000,2025-07-03 08:46:46.200,20.720000000000002,6.603240566666667,30,1,osrm
70,delivered,2025-07-03 08:27:55,2025-07-03 08:35:35.253641,2025-07-03 11:38:34.800000,2025-07-03 11:42:01.200,194.10333333333335,182.99243931666666,26,1,osrm
71,delivered,2025-07-03 08:27:54,2025-07-03 08:36:45.545586,2025-07-03 09:19:56.500000,2025-07-03 09:21:40.200,53.769999999999996,43.18257356666666,8,1,osrm
72,delivered,2025-07-03 08:27:45,2025-07-03 08:40:29.839627,2025-07-03 08:40:29.839627,2025-07-03 08:38:24.900,10.665,0.0,18,1,osrm
73,delivered,2025-07-03 08:28:46,2025-07-03 08:42:21.437245,2025-07-03 08:42:21.437245,2025-07-03 08:44:35.700,15.828333333333335,0.0,23,1,osrm
74,delivered,2025-07-03 08:28:52,2025-07-03 08:41:10.143042,2025-07-03 08:41:10.143042,2025-07-03 08:39:39.000,10.783333333333333,0.0,17,1,osrm
75,delivered,2025-07-03 08:28:28,2025-07-03 08:44:14.134019,2025-07-03 09:21:59.900000,2025-07-03 09:24:31.300,56.055,37.76276635,20,1,osrm
76,delivered,2025-07-03 08:28:20,2025-07-03 08:40:25.223226,2025-07-03 10:37:57.300000,2025-07-03 10:39:46.700,131.445,117.5346129,13,1,osrm
77,delivered,2025-07-03 08:29:08,2025-07-03 08:41:29.522019,2025-07-03 09:59:52.400000,2025-07-03 10:02:34.500,93.44166666666666,78.38129968333332,27,1,osrm
78,delivered,2025-07-03 08:29:25,2025-07-03 08:40:37.244340,2025-07-03 10:00:32.400000,2025-07-03 10:03:42.700,94.295,79.919261,21,1,osrm
79,delivered,2025-07-03 08:29:30,2025-07-03 08:43:25.769824,2025-07-03 09:35:03.600000,2025-07-03 09:37:21.400,67.85666666666667,51.63050293333333,9,1,osrm
80,delivered,2025-07-03 08:30:39,2025-07-03 08:45:36.469475,2025-07-03 08:45:36.469475,2025-07-03 08:47:22.900,16.731666666666666,0.0,12,1,osrm
81,delivered,2025-07-03 08:32:31,2025-07-03 08:51:51.526201,2025-07-03 08:51:51.526201,2025-07-03 08:42:25.900,9.915,0.0,2,1,osrm
82,delivered,2025-07-03 08:32:31,2025-07-03 08:44:36.867061,2025-07-03 11:54:02.500000,2025-07-03 11:58:26.800,205.92999999999998,189.42721565,12,1,osrm
83,delivered,2025-07-03 08:32:37,2025-07-03 08:46:20.003301,2025-07-03 08:46:20.003301,2025-07-03 08:47:27.700,14.845,0.0,20,1,osrm
84,delivered,2025-07-03 08:32:19,2025-07-03 08:49:30.894661,2025-07-03 11:39:12.000000,2025-07-03 11:41:19.000,189.0,169.68508898333332,30,1,osrm
85,delivered,2025-07-03 08:33:31,2025-07-03 08:42:58.962465,2025-07-03 12:10:11.700000,2025-07-03 12:14:35.600,221.07666666666668,207.21229225,22,1,osrm
86,delivered,2025-07-03 08:33:18,2025-07-03 08:42:47.682195,2025-07-03 08:42:47.682195,2025-07-03 08:44:46.500,11.475,0.0,1,1,osrm
87,delivered,2025-07-03 08:33:00,2025-07-03 08:45:38.485631,2025-07-03 10:03:50.600000,2025-07-03 10:06:55.700,93.92833333333333,78.20190615,9,1,osrm
88,delivered,2025-07-03 08:34:07,2025-07-03 08:41:02.651553,2025-07-03 08:41:59.000000,2025-07-03 08:45:38.100,11.518333333333334,0.9391407833333333,6,1,osrm
89,delivered,2025-07-03 08:34:07,2025-07-03 08:46:51.976434,2025-07-03 08:46:51.976434,2025-07-03 08:48:47.300,14.671666666666665,0.0,21,1,osrm
90,delivered,2025-07-03 08:34:27,2025-07-03 08:46:03.678253,2025-07-03 08:46:03.678253,2025-07-03 08:46:19.300,11.871666666666666,0.0,28,1,osrm
91,delivered,2025-07-03 08:35:05,2025-07-03 08:45:56.998286,2025-07-03 08:45:56.998286,2025-07-03 08:47:02.500,11.958333333333334,0.0,29,1,osrm
92,delivered,2025-07-03 08:35:42,2025-07-03 08:42:57.929616,2025-07-03 11:53:51.600000,2025-07-03 11:58:22.500,202.675,190.89450639999998,25,1,osrm
93,delivered,2025-07-03 08:35:21,2025-07-03 08:46:48.019134,2025-07-03 10:19:44.700000,2025-07-03 10:23:27.300,108.105,92.9446811,11,1,osrm
94,delivered,2025-07-03 08:35:17,2025-07-03 08:45:28.214402,2025-07-03 10:58:14.200000,2025-07-03 11:01:42.600,146.42666666666668,132.76642663333334,21,1,osrm
95,delivered,2025-07-03 08:36:46,2025-07-03 08:52:16.787784,2025-07-03 08:52:16.787784,2025-07-03 08:47:22.100,10.601666666666667,0.0,11,1,osrm
96,delivered,2025-07-03 08:36:49,2025-07-03 08:45:56.875866,2025-07-03 08:52:12.600000,2025-07-03 08:56:49.400,20.006666666666668,6.2620689,22,1,osrm
97,delivered,2025-07-03 08:36:45,2025-07-03 08:47:56.797651,2025-07-03 08:47:56.797651,2025-07-03 08:51:13.200,14.47,0.0,4,1,osrm
98,delivered,2025-07-03 08:37:15,2025-07-03 08:51:30.825054,2025-07-03 08:51:30.825054,2025-07-03 08:50:29.700,13.245000000000001,0.0,3,1,osrm
99,delivered,2025-07-03 08:37:43,2025-07-03 08:48:27.132968,2025-07-03 08:49:18.700000,2025-07-03 08:51:20.400,13.623333333333333,0.8594505333333333,14,1,osrm
100,delivered,2025-07-03 08:37:38,2025-07-03 08:49:46.051490,2025-07-03 08:49:46.051490,2025-07-03 08:51:48.500,14.175,0.0,8,1,osrm
101,delivered,2025-07-03 08:39:43,2025-07-03 08:47:57.543260,2025-07-03 08:48:43.800000,2025-07-03 08:52:26.100,12.718333333333334,0.7709456666666666,9,1,osrm
102,delivered,2025-07-03 08:39:11,2025-07-03 08:54:27.682865,2025-07-03 08:54:27.682865,2025-07-03 08:54:19.500,15.141666666666667,0.0,26,1,osrm
103,delivered,2025-07-03 08:39:51,2025-07-03 08:53:31.375763,2025-07-03 08:53:31.375763,2025-07-03 08:48:46.500,8.925,0.0,10,1,osrm
104,delivered,2025-07-03 08:39:11,2025-07-03 08:51:35.821117,2025-07-03 11:11:47.100000,2025-07-03 11:13:58.200,154.7866666666667,140.18798138333335,11,1,osrm
105,delivered,2025-07-03 08:40:24,2025-07-03 08:50:02.978548,2025-07-03 08:50:02.978548,2025-07-03 08:51:06.400,10.706666666666667,0.0,5,1,osrm
106,delivered,2025-07-03 08:40:03,2025-07-03 08:53:58.599535,2025-07-03 10:38:06.400000,2025-07-03 10:40:39.900,120.615,104.13000775,14,1,osrm
107,delivered,2025-07-03 08:40:00,2025-07-03 08:51:46.001833,2025-07-03 11:13:20.900000,2025-07-03 11:16:17.900,156.29833333333332,141.58163611666666,12,1,osrm
108,delivered,2025-07-03 08:40:13,2025-07-03 08:48:19.500403,2025-07-03 10:38:50.200000,2025-07-03 10:41:53.800,121.68,110.51165995,11,1,osrm
109,delivered,2025-07-03 08:41:23,2025-07-03 08:54:02.951023,2025-07-03 08:54:02.951023,2025-07-03 08:53:00.000,11.616666666666667,0.0,17,1,osrm
110,delivered,2025-07-03 08:41:15,2025-07-03 08:57:10.230351,2025-07-03 10:19:49.200000,2025-07-03 10:23:33.300,102.305,82.64949415,14,1,osrm
111,delivered,2025-07-03 08:41:36,2025-07-03 08:52:45.834639,2025-07-03 09:36:23.400000,2025-07-03 09:36:55.800,55.330000000000005,43.62608935,10,1,osrm
112,delivered,2025-07-03 08:41:03,2025-07-03 08:49:05.617493,2025-07-03 11:13:59.700000,2025-07-03 11:15:53.000,154.83333333333334,144.90137511666666,24,1,osrm
113,delivered,2025-07-03 08:42:25,2025-07-03 08:50:20.903984,2025-07-03 08:50:55.700000,2025-07-03 08:51:15.900,8.848333333333333,0.5799336,13,1,osrm
114,delivered,2025-07-03 08:42:46,2025-07-03 08:51:05.821013,2025-07-03 10:04:52.200000,2025-07-03 10:06:59.300,84.22166666666666,73.77298311666667,10,1,osrm
115,delivered,2025-07-03 08:42:37,2025-07-03 08:51:05.466541,2025-07-03 10:27:29.100000,2025-07-03 10:31:42.800,109.09666666666666,96.39389098333332,30,1,osrm
116,delivered,2025-07-03 08:42:22,2025-07-03 08:57:37.454901,2025-07-03 09:39:21.000000,2025-07-03 09:41:18.200,58.93666666666666,41.72575165,3,1,osrm
117,delivered,2025-07-03 08:42:03,2025-07-03 08:54:55.935319,2025-07-03 08:57:30.300000,2025-07-03 09:02:29.700,20.445,2.572744683333333,1,1,osrm
118,delivered,2025-07-03 08:43:38,2025-07-03 08:54:35.830336,2025-07-03 08:54:35.830336,2025-07-03 08:57:22.600,13.743333333333334,0.0,18,1,osrm
119,delivered,2025-07-03 08:43:45,2025-07-03 08:54:28.640261,2025-07-03 09:02:06.700000,2025-07-03 09:04:57.400,21.206666666666667,7.634328983333333,28,1,osrm
120,delivered,2025-07-03 08:43:01,2025-07-03 08:57:55.554862,2025-07-03 08:57:55.554862,2025-07-03 08:54:05.500,11.075,0.0,15,1,osrm
121,delivered,2025-07-03 08:43:08,2025-07-03 08:54:06.394834,2025-07-03 08:54:06.394834,2025-07-03 08:58:02.800,14.913333333333332,0.0,27,1,osrm
122,delivered,2025-07-03 08:44:38,2025-07-03 08:52:55.967891,2025-07-03 11:00:44.300000,2025-07-03 11:04:45.700,140.12833333333336,127.80553515,22,1,osrm
123,delivered,2025-07-03 08:44:08,2025-07-03 08:54:08.385959,2025-07-03 08:54:08.385959,2025-07-03 08:56:37.400,12.49,0.0,16,1,osrm
124,delivered,2025-07-03 08:45:46,2025-07-03 08:55:11.002629,2025-07-03 08:55:11.002629,2025-07-03 08:58:19.000,12.55,0.0,19,1,osrm
125,delivered,2025-07-03 08:45:35,2025-07-03 08:55:30.706292,2025-07-03 09:03:22.800000,2025-07-03 09:07:39.600,22.076666666666664,7.868228466666666,11,1,osrm
126,delivered,2025-07-03 08:45:44,2025-07-03 08:56:55.419923,2025-07-03 12:10:41.100000,2025-07-03 12:15:30.700,209.77833333333334,193.7613346166667,14,1,osrm
127,delivered,2025-07-03 08:46:04,2025-07-03 09:01:48.025765,2025-07-03 10:06:33.500000,2025-07-03 10:09:36.300,83.53833333333334,64.75790391666666,7,1,osrm
128,delivered,2025-07-03 08:47:25,2025-07-03 09:01:05.297887,2025-07-03 11:53:59.200000,2025-07-03 11:56:46.800,189.36333333333332,172.89836855000001,29,1,osrm
129,delivered,2025-07-03 08:47:02,2025-07-03 08:56:27.259307,2025-07-03 10:15:13.000000,2025-07-03 10:17:52.600,90.84333333333333,78.76234488333333,18,1,osrm
130,delivered,2025-07-03 08:47:47,2025-07-03 08:59:34.950495,2025-07-03 11:14:46.400000,2025-07-03 11:16:03.500,148.275,135.19082508333332,17,1,osrm
131,delivered,2025-07-03 08:47:02,2025-07-03 08:59:33.221064,2025-07-03 09:03:02.500000,2025-07-03 09:06:34.300,19.538333333333334,3.4879822666666667,3,1,osrm
132,delivered,2025-07-03 08:47:08,2025-07-03 08:57:39.653465,2025-07-03 08:57:39.653465,2025-07-03 08:57:09.700,10.028333333333334,0.0,6,1,osrm
133,delivered,2025-07-03 08:48:38,2025-07-03 08:58:14.712169,2025-07-03 12:10:48.800000,2025-07-03 12:15:02.700,206.4116666666667,192.56813051666668,29,1,osrm
134,delivered,2025-07-03 08:48:06,2025-07-03 08:56:19.048764,2025-07-03 09:03:33.200000,2025-07-03 09:08:02.900,19.948333333333334,7.235853933333333,10,1,osrm
135,delivered,2025-07-03 08:49:01,2025-07-03 09:01:46.218035,2025-07-03 09:01:46.218035,2025-07-03 08:59:38.000,10.616666666666667,0.0,23,1,osrm
136,delivered,2025-07-03 08:49:18,2025-07-03 08:57:39.196460,2025-07-03 08:57:39.196460,2025-07-03 08:56:58.100,7.668333333333334,0.0,25,1,osrm
137,delivered,2025-07-03 08:49:21,2025-07-03 09:04:11.384607,2025-07-03 10:39:07.900000,2025-07-03 10:41:11.000,111.83333333333333,94.94192321666667,5,1,osrm
138,delivered,2025-07-03 08:50:35,2025-07-03 08:59:56.288196,2025-07-03 11:40:08.900000,2025-07-03 11:43:36.700,173.02833333333334,160.21019673333333,11,1,osrm
139,delivered,2025-07-03 08:50:15,2025-07-03 09:04:24.809075,2025-07-03 09:45:08.600000,2025-07-03 09:47:45.400,57.50666666666667,40.729848749999995,25,1,osrm
140,delivered,2025-07-03 08:50:28,2025-07-03 09:02:31.633904,2025-07-03 09:02:31.633904,2025-07-03 09:00:20.900,9.881666666666666,0.0,24,1,osrm
141,delivered,2025-07-03 08:50:40,2025-07-03 09:02:47.794920,2025-07-03 09:02:47.794920,2025-07-03 09:00:32.000,9.866666666666667,0.0,2,1,osrm
142,delivered,2025-07-03 08:51:37,2025-07-03 09:06:56.058069,2025-07-03 12:10:47.300000,2025-07-03 12:15:01.900,203.415,183.85403218333335,20,1,osrm
143,delivered,2025-07-03 08:51:23,2025-07-03 09:02:04.726189,2025-07-03 10:39:58.900000,2025-07-03 10:41:45.400,110.37333333333332,97.90289684999999,21,1,osrm
144,delivered,2025-07-03 08:51:10,2025-07-03 09:01:18.585651,2025-07-03 09:01:18.585651,2025-07-03 09:04:00.900,12.848333333333333,0.0,12,1,osrm
145,delivered,2025-07-03 08:51:31,2025-07-03 09:03:44.576441,2025-07-03 11:01:02.200000,2025-07-03 11:04:26.000,132.91666666666666,117.29372598333333,17,1,osrm
146,delivered,2025-07-03 08:52:07,2025-07-03 09:07:01.514113,2025-07-03 09:07:01.514113,2025-07-03 09:08:41.000,16.566666666666666,0.0,29,1,osrm
147,delivered,2025-07-03 08:52:07,2025-07-03 08:59:45.495975,2025-07-03 10:43:43.400000,2025-07-03 10:45:01.500,112.90833333333333,103.96506708333332,28,1,osrm
148,delivered,2025-07-03 08:52:01,2025-07-03 09:08:00.245399,2025-07-03 10:06:46.300000,2025-07-03 10:09:59.500,77.975,58.76757668333333,29,1,osrm
149,delivered,2025-07-03 08:52:29,2025-07-03 09:04:57.944101,2025-07-03 10:20:56.900000,2025-07-03 10:23:51.800,91.38000000000001,75.98259831666665,13,1,osrm
150,delivered,2025-07-03 08:52:32,2025-07-03 09:04:04.467757,2025-07-03 09:04:04.467757,2025-07-03 09:02:29.800,9.963333333333333,0.0,21,1,osrm
151,delivered,2025-07-03 08:52:06,2025-07-03 09:07:59.380827,2025-07-03 11:01:58.200000,2025-07-03 11:04:58.500,132.875,113.98031955,26,1,osrm
152,delivered,2025-07-03 08:53:38,2025-07-03 09:02:52.286327,2025-07-03 09:02:52.286327,2025-07-03 09:04:10.400,10.54,0.0,30,1,osrm
153,delivered,2025-07-03 08:54:57,2025-07-03 09:10:40.162743,2025-07-03 11:02:47.600000,2025-07-03 11:06:20.600,131.39333333333335,112.12395428333333,30,1,osrm
154,delivered,2025-07-03 08:54:20,2025-07-03 09:01:15.669852,2025-07-03 10:48:13.400000,2025-07-03 10:49:40.900,115.34833333333333,106.96216913333333,19,1,osrm
155,delivered,2025-07-03 08:54:56,2025-07-03 09:07:55.766690,2025-07-03 09:07:55.766690,2025-07-03 09:01:40.400,6.739999999999999,0.0,7,1,osrm
156,delivered,2025-07-03 08:54:04,2025-07-03 09:09:27.711139,2025-07-03 10:16:04.900000,2025-07-03 10:20:31.200,86.45333333333333,66.61981435,6,1,osrm
157,delivered,2025-07-03 08:54:39,2025-07-03 09:13:25.207846,2025-07-03 09:13:25.207846,2025-07-03 09:07:55.200,13.270000000000001,0.0,20,1,osrm
158,delivered,2025-07-03 08:55:37,2025-07-03 09:08:40.542850,2025-07-03 10:07:40.900000,2025-07-03 10:09:29.600,73.87666666666668,59.0059525,1,1,osrm
159,delivered,2025-07-03 08:55:46,2025-07-03 09:06:55.766408,2025-07-03 11:02:56.400000,2025-07-03 11:06:08.100,130.36833333333334,116.01055986666667,19,1,osrm
160,delivered,2025-07-03 08:56:55,2025-07-03 09:09:17.171750,2025-07-03 10:10:02.300000,2025-07-03 10:13:04.400,76.15666666666667,60.7521375,17,1,osrm
161,delivered,2025-07-03 08:56:07,2025-07-03 09:11:44.537585,2025-07-03 09:13:20.200000,2025-07-03 09:17:17.400,21.173333333333336,1.5943735833333332,25,1,osrm
162,delivered,2025-07-03 08:56:38,2025-07-03 09:08:00.318979,2025-07-03 11:55:31.000000,2025-07-03 11:58:19.400,181.69,167.51135035000001,22,1,osrm
163,delivered,2025-07-03 08:56:30,2025-07-03 09:08:34.051532,2025-07-03 09:08:34.051532,2025-07-03 09:10:57.900,14.465,0.0,5,1,osrm
164,delivered,2025-07-03 08:57:55,2025-07-03 09:11:10.013637,2025-07-03 09:11:10.013637,2025-07-03 09:08:52.300,10.955,0.0,15,1,osrm
165,delivered,2025-07-03 08:57:57,2025-07-03 09:06:40.201258,2025-07-03 11:15:08.300000,2025-07-03 11:21:06.000,143.15,128.46831236666668,16,1,osrm
166,delivered,2025-07-03 08:57:25,2025-07-03 09:09:45.976811,2025-07-03 09:09:45.976811,2025-07-03 09:10:02.000,12.616666666666667,0.0,8,1,osrm
167,delivered,2025-07-03 08:58:53,2025-07-03 09:11:49.951712,2025-07-03 09:11:49.951712,2025-07-03 09:12:04.200,13.186666666666667,0.0,26,1,osrm
168,delivered,2025-07-03 08:58:28,2025-07-03 09:07:32.471151,2025-07-03 09:07:32.471151,2025-07-03 09:08:26.400,9.973333333333333,0.0,4,1,osrm
169,delivered,2025-07-03 08:58:30,2025-07-03 09:09:15.520705,2025-07-03 09:09:15.520705,2025-07-03 09:10:16.900,11.781666666666666,0.0,14,1,osrm
170,delivered,2025-07-03 08:58:55,2025-07-03 09:13:24.387176,2025-07-03 12:11:26.700000,2025-07-03 12:15:00.500,196.09166666666667,178.03854706666667,3,1,osrm
171,delivered,2025-07-03 08:58:39,2025-07-03 09:10:57.421191,2025-07-03 09:10:57.421191,2025-07-03 09:07:56.500,9.291666666666666,0.0,9,1,osrm
172,delivered,2025-07-03 08:58:47,2025-07-03 09:07:46.662204,2025-07-03 09:07:46.662204,2025-07-03 09:09:19.400,10.54,0.0,17,1,osrm
173,delivered,2025-07-03 08:59:24,2025-07-03 09:07:08.025287,2025-07-03 10:28:44.300000,2025-07-03 10:31:46.400,92.37333333333332,81.60457855,16,1,osrm
174,delivered,2025-07-03 08:59:13,2025-07-03 09:10:29.070060,2025-07-03 12:11:59.500000,2025-07-03 12:17:26.200,198.22,181.50716566666668,13,1,osrm
175,delivered,2025-07-03 08:59:41,2025-07-03 09:22:04.153866,2025-07-03 11:33:56.200000,2025-07-03 11:36:36.200,156.92000000000002,131.86743556666667,19,1,osrm
176,delivered,2025-07-03 08:59:39,2025-07-03 09:15:10.499509,2025-07-03 09:44:39.600000,2025-07-03 09:45:51.700,46.211666666666666,29.48500818333333,23,1,osrm
177,delivered,2025-07-03 08:59:30,2025-07-03 09:07:01.686237,2025-07-03 09:07:01.686237,2025-07-03 09:05:16.600,5.776666666666667,0.0,13,1,osrm
178,delivered,2025-07-03 08:59:19,2025-07-03 09:10:34.391507,2025-07-03 11:35:17.000000,2025-07-03 11:38:36.000,159.28333333333333,144.71014155,22,1,osrm
179,delivered,2025-07-03 08:59:02,2025-07-03 09:06:55.133998,2025-07-03 09:12:23.700000,2025-07-03 09:17:49.400,18.790000000000003,5.476100033333334,23,1,osrm
180,delivered,2025-07-03 09:00:05,2025-07-03 09:11:50.385263,2025-07-03 11:19:53.300000,2025-07-03 11:24:48.400,144.72333333333333,128.04857895,21,1,osrm
181,delivered,2025-07-03 09:00:26,2025-07-03 09:11:56.883953,2025-07-03 09:12:04.900000,2025-07-03 09:15:04.400,14.639999999999999,0.13360078333333333,2,1,osrm
182,delivered,2025-07-03 09:00:14,2025-07-03 09:11:24.364366,2025-07-03 09:11:24.364366,2025-07-03 09:13:39.900,13.431666666666667,0.0,16,1,osrm
183,delivered,2025-07-03 09:00:17,2025-07-03 09:12:41.507753,2025-07-03 10:48:16.300000,2025-07-03 10:51:58.600,111.69333333333334,95.57987078333333,3,1,osrm
184,delivered,2025-07-03 09:00:08,2025-07-03 09:20:50.700992,2025-07-03 09:46:06.100000,2025-07-03 09:47:12.600,47.07666666666667,25.256650133333334,6,1,osrm
185,delivered,2025-07-03 09:03:56,2025-07-03 09:18:08.001196,2025-07-03 10:29:48.300000,2025-07-03 10:32:54.700,88.97833333333332,71.67164673333333,3,1,osrm
186,delivered,2025-07-03 09:03:02,2025-07-03 09:11:39.596489,2025-07-03 09:13:01.400000,2025-07-03 09:18:33.400,15.523333333333333,1.36339185,18,1,osrm
187,delivered,2025-07-03 09:03:46,2025-07-03 09:14:04.237857,2025-07-03 11:19:52.600000,2025-07-03 11:24:36.400,140.84,125.80603571666667,26,1,osrm
188,delivered,2025-07-03 09:03:35,2025-07-03 09:13:33.696295,2025-07-03 12:12:51.700000,2025-07-03 12:16:36.600,193.02666666666667,179.30006175,12,1,osrm
189,delivered,2025-07-03 09:04:13,2025-07-03 09:18:22.440132,2025-07-03 09:18:22.440132,2025-07-03 09:12:03.000,7.833333333333333,0.0,19,1,osrm
190,delivered,2025-07-03 09:04:18,2025-07-03 09:16:33.159922,2025-07-03 10:16:15.300000,2025-07-03 10:19:17.500,74.99166666666666,59.70233463333333,19,1,osrm
191,delivered,2025-07-03 09:04:47,2025-07-03 09:22:55.994199,2025-07-03 11:04:33.300000,2025-07-03 11:08:29.800,123.71333333333334,101.62176335000001,9,1,osrm
192,delivered,2025-07-03 09:05:37,2025-07-03 09:15:28.084624,2025-07-03 09:15:28.084624,2025-07-03 09:18:04.300,12.455,0.0,24,1,osrm
193,delivered,2025-07-03 09:05:53,2025-07-03 09:17:41.492049,2025-07-03 09:18:00.400000,2025-07-03 09:21:31.000,15.633333333333333,0.3151325166666667,12,1,osrm
194,delivered,2025-07-03 09:05:30,2025-07-03 09:20:12.036513,2025-07-03 09:20:12.036513,2025-07-03 09:14:09.700,8.661666666666667,0.0,27,1,osrm
195,delivered,2025-07-03 09:05:51,2025-07-03 09:18:09.675542,2025-07-03 09:18:09.675542,2025-07-03 09:17:17.500,11.441666666666666,0.0,6,1,osrm
196,delivered,2025-07-03 09:06:50,2025-07-03 09:14:07.427528,2025-07-03 09:47:24.700000,2025-07-03 09:50:25.600,43.593333333333334,33.28787453333334,13,1,osrm
197,delivered,2025-07-03 09:06:29,2025-07-03 09:16:48.854540,2025-07-03 09:16:48.854540,2025-07-03 09:17:13.100,10.735000000000001,0.0,1,1,osrm
198,delivered,2025-07-03 09:06:27,2025-07-03 09:13:23.382988,2025-07-03 12:12:50.100000,2025-07-03 12:17:59.400,191.54,179.4452835333333,25,1,osrm
199,delivered,2025-07-03 09:06:41,2025-07-03 09:18:51.701352,2025-07-03 09:18:51.701352,2025-07-03 09:18:14.300,11.555,0.0,13,1,osrm
200,delivered,2025-07-03 09:07:56,2025-07-03 09:25:07.718815,2025-07-03 11:20:50.400000,2025-07-03 11:24:22.200,136.43666666666667,115.71135308333334,22,1,osrm
201,delivered,2025-07-03 09:08:29,2025-07-03 09:22:02.617571,2025-07-03 11:04:40.800000,2025-07-03 11:06:51.600,118.37666666666668,102.63637381666668,18,1,osrm
202,delivered,2025-07-03 09:08:04,2025-07-03 09:18:43.144739,2025-07-03 09:18:43.144739,2025-07-03 09:14:50.500,6.775,0.0,30,1,osrm
203,delivered,2025-07-03 09:08:19,2025-07-03 09:21:29.204637,2025-07-03 10:30:53.800000,2025-07-03 10:34:03.000,85.73333333333333,69.40992271666667,19,1,osrm
204,delivered,2025-07-03 09:08:56,2025-07-03 09:20:42.787646,2025-07-03 10:11:50.300000,2025-07-03 10:15:25.000,66.48333333333333,51.1252059,20,1,osrm
205,delivered,2025-07-03 09:09:19,2025-07-03 09:22:20.452499,2025-07-03 10:48:40.800000,2025-07-03 10:51:26.700,102.12833333333333,86.33912501666667,18,1,osrm
206,delivered,2025-07-03 09:09:07,2025-07-03 09:23:52.543612,2025-07-03 11:41:11.600000,2025-07-03 11:45:21.600,156.24333333333334,137.3176064666667,7,1,osrm
207,delivered,2025-07-03 09:09:06,2025-07-03 09:16:03.257246,2025-07-03 11:33:39.700000,2025-07-03 11:36:50.900,147.74833333333333,137.60737923333332,8,1,osrm
208,delivered,2025-07-03 09:09:41,2025-07-03 09:22:07.108833,2025-07-03 11:43:36.600000,2025-07-03 11:44:54.500,155.225,141.49151945,14,1,osrm
209,delivered,2025-07-03 09:10:39,2025-07-03 09:20:39.034724,2025-07-03 12:12:06.200000,2025-07-03 12:15:02.100,184.38500000000002,171.4527546,5,1,osrm
210,delivered,2025-07-03 09:10:56,2025-07-03 09:17:01.873299,2025-07-03 11:21:08.900000,2025-07-03 11:24:28.200,133.53666666666666,124.11711168333333,28,1,osrm
211,delivered,2025-07-03 09:11:19,2025-07-03 09:25:29.510535,2025-07-03 09:25:29.510535,2025-07-03 09:26:13.500,14.908333333333333,0.0,17,1,osrm
212,delivered,2025-07-03 09:11:07,2025-07-03 09:24:26.531801,2025-07-03 09:24:26.531801,2025-07-03 09:21:54.400,10.79,0.0,11,1,osrm
213,delivered,2025-07-03 09:11:16,2025-07-03 09:24:08.648977,2025-07-03 09:24:08.648977,2025-07-03 09:24:09.700,12.895000000000001,0.0,29,1,osrm
214,delivered,2025-07-03 09:11:56,2025-07-03 09:26:30.965406,2025-07-03 09:26:30.965406,2025-07-03 09:22:48.500,10.875,0.0,10,1,osrm
215,delivered,2025-07-03 09:12:24,2025-07-03 09:22:57.166605,2025-07-03 09:22:57.166605,2025-07-03 09:23:16.200,10.870000000000001,0.0,15,1,osrm
216,delivered,2025-07-03 09:12:37,2025-07-03 09:23:01.046567,2025-07-03 11:05:59.300000,2025-07-03 11:09:42.400,117.08999999999999,102.97089055,13,1,osrm
217,delivered,2025-07-03 09:12:58,2025-07-03 09:25:51.061561,2025-07-03 09:25:51.061561,2025-07-03 09:23:47.900,10.831666666666667,0.0,3,1,osrm
218,delivered,2025-07-03 09:13:10,2025-07-03 09:19:18.758899,2025-07-03 09:49:00.500000,2025-07-03 09:52:31.000,39.35,29.69568501666667,11,1,osrm
219,delivered,2025-07-03 09:13:39,2025-07-03 09:24:14.239941,2025-07-03 09:50:02.000000,2025-07-03 09:52:52.000,39.21666666666667,25.796000983333332,8,1,osrm
220,delivered,2025-07-03 09:13:43,2025-07-03 09:29:19.147556,2025-07-03 10:22:01.400000,2025-07-03 10:24:38.300,70.92166666666667,52.7042074,10,1,osrm
221,delivered,2025-07-03 09:13:56,2025-07-03 09:28:12.857722,2025-07-03 11:44:25.900000,2025-07-03 11:47:13.200,153.2866666666667,136.2173713,9,1,osrm
222,delivered,2025-07-03 09:14:42,2025-07-03 09:29:59.973603,2025-07-03 10:48:47.500000,2025-07-03 10:50:07.200,95.42,78.79210661666666,30,1,osrm
223,delivered,2025-07-03 09:14:35,2025-07-03 09:25:53.286058,2025-07-03 11:20:54.400000,2025-07-03 11:24:13.700,129.645,115.0185657,13,1,osrm
224,delivered,2025-07-03 09:14:49,2025-07-03 09:23:27.115871,2025-07-03 11:20:27.200000,2025-07-03 11:23:01.800,128.21333333333334,117.00140215,19,1,osrm
225,delivered,2025-07-03 09:14:58,2025-07-03 09:31:29.522083,2025-07-03 09:31:29.522083,2025-07-03 09:24:08.200,9.17,0.0,14,1,osrm
226,delivered,2025-07-03 09:15:20,2025-07-03 09:26:24.868992,2025-07-03 11:55:49.500000,2025-07-03 11:59:36.300,164.27166666666665,149.4105168,13,1,osrm
227,delivered,2025-07-03 09:15:11,2025-07-03 09:26:23.904131,2025-07-03 10:17:00.700000,2025-07-03 10:19:38.300,64.455,50.61326448333333,26,1,osrm
228,delivered,2025-07-03 09:15:41,2025-07-03 09:30:05.648366,2025-07-03 12:13:11.500000,2025-07-03 12:17:38.900,181.965,163.09752723333335,26,1,osrm
229,delivered,2025-07-03 09:15:14,2025-07-03 09:29:18.195817,2025-07-03 09:29:18.195817,2025-07-03 09:25:08.700,9.911666666666667,0.0,4,1,osrm
230,delivered,2025-07-03 09:15:23,2025-07-03 09:29:49.794504,2025-07-03 09:29:49.794504,2025-07-03 09:24:32.000,9.15,0.0,9,1,osrm
231,delivered,2025-07-03 09:16:57,2025-07-03 09:32:08.270019,2025-07-03 12:17:02.800000,2025-07-03 12:21:35.100,184.63500000000002,164.90883301666665,10,1,osrm
232,delivered,2025-07-03 09:16:58,2025-07-03 09:32:08.691268,2025-07-03 09:32:08.691268,2025-07-03 09:26:31.200,9.553333333333335,0.0,19,1,osrm
233,delivered,2025-07-03 09:16:04,2025-07-03 09:21:04.000000,2025-07-03 09:24:10.000000,2025-07-03 09:27:52.100,11.801666666666668,3.1,22,1,osrm
234,delivered,2025-07-03 09:16:22,2025-07-03 09:21:22.000000,2025-07-03 11:06:07.100000,2025-07-03 11:08:28.400,112.10666666666665,104.75166666666668,15,1,osrm
235,delivered,2025-07-03 09:16:46,2025-07-03 09:30:56.305000,2025-07-03 10:31:35.300000,2025-07-03 10:35:11.800,78.43,60.64991666666666,18,1,osrm
236,delivered,2025-07-03 09:17:35,2025-07-03 09:31:10.666860,2025-07-03 09:31:10.666860,2025-07-03 09:27:08.700,9.561666666666667,0.0,2,1,osrm
237,delivered,2025-07-03 09:17:16,2025-07-03 09:30:30.384940,2025-07-03 09:30:30.384940,2025-07-03 09:27:48.100,10.535,0.0,26,1,osrm
238,delivered,2025-07-03 09:18:43,2025-07-03 09:31:58.617632,2025-07-03 11:22:28.800000,2025-07-03 11:25:40.600,126.96000000000001,110.50303946666666,25,1,osrm
239,delivered,2025-07-03 09:18:32,2025-07-03 09:29:56.596687,2025-07-03 10:32:27.200000,2025-07-03 10:38:29.800,79.96333333333334,62.510055216666665,24,1,osrm
240,delivered,2025-07-03 09:18:33,2025-07-03 09:27:28.895877,2025-07-03 11:33:37.600000,2025-07-03 11:35:36.300,137.05499999999998,126.14506871666667,15,1,osrm
241,delivered,2025-07-03 09:18:03,2025-07-03 09:31:43.347055,2025-07-03 09:31:43.347055,2025-07-03 09:34:42.500,16.658333333333335,0.0,27,1,osrm
242,delivered,2025-07-03 09:18:45,2025-07-03 09:38:55.434644,2025-07-03 09:38:55.434644,2025-07-03 09:38:35.900,19.848333333333336,0.0,28,1,osrm
243,delivered,2025-07-03 09:18:17,2025-07-03 09:28:38.207859,2025-07-03 10:14:43.100000,2025-07-03 10:17:47.900,59.515,46.08153568333333,2,1,osrm
244,delivered,2025-07-03 09:18:02,2025-07-03 09:29:40.021740,2025-07-03 11:20:32.000000,2025-07-03 11:22:11.600,124.16000000000001,110.86630433333333,8,1,osrm
245,delivered,2025-07-03 09:18:56,2025-07-03 09:37:42.801444,2025-07-03 09:37:42.801444,2025-07-03 09:28:52.700,9.945,0.0,16,1,osrm
246,delivered,2025-07-03 09:19:36,2025-07-03 09:34:49.133441,2025-07-03 09:34:49.133441,2025-07-03 09:28:59.700,9.395000000000001,0.0,30,1,osrm
247,delivered,2025-07-03 09:19:51,2025-07-03 09:36:19.084756,2025-07-03 11:44:53.200000,2025-07-03 11:47:39.100,147.80166666666668,128.56858739999998,4,1,osrm
248,delivered,2025-07-03 09:19:13,2025-07-03 09:30:47.763158,2025-07-03 12:19:12.900000,2025-07-03 12:22:37.300,183.405,168.41894736666666,4,1,osrm
249,delivered,2025-07-03 09:19:32,2025-07-03 09:29:43.219677,2025-07-03 11:53:14.100000,2025-07-03 11:55:31.400,155.98999999999998,143.51467205,11,1,osrm
250,delivered,2025-07-03 09:19:08,2025-07-03 09:28:50.872910,2025-07-03 09:34:49.800000,2025-07-03 09:39:39.000,20.516666666666666,5.982118166666667,8,1,osrm
251,delivered,2025-07-03 09:19:23,2025-07-03 09:27:55.848860,2025-07-03 09:35:20.800000,2025-07-03 09:41:58.900,22.598333333333336,7.4158523333333335,18,1,osrm
252,delivered,2025-07-03 09:20:21,2025-07-03 09:34:08.123768,2025-07-03 09:34:08.123768,2025-07-03 09:31:23.100,11.035,0.0,5,1,osrm
253,delivered,2025-07-03 09:20:55,2025-07-03 09:27:36.499627,2025-07-03 09:31:28.700000,2025-07-03 09:33:55.400,13.006666666666666,3.870006216666667,6,1,osrm
254,delivered,2025-07-03 09:20:09,2025-07-03 09:35:10.113334,2025-07-03 11:53:33.700000,2025-07-03 11:57:13.700,157.07833333333335,138.3931111,7,1,osrm
255,delivered,2025-07-03 09:20:33,2025-07-03 09:29:03.375294,2025-07-03 11:55:35.700000,2025-07-03 11:58:31.600,157.97666666666666,146.5387451,14,1,osrm
256,delivered,2025-07-03 09:21:52,2025-07-03 09:33:07.703638,2025-07-03 09:33:07.703638,2025-07-03 09:31:40.800,9.813333333333333,0.0,23,1,osrm
257,delivered,2025-07-03 09:21:02,2025-07-03 09:29:43.083756,2025-07-03 10:14:38.200000,2025-07-03 10:17:37.500,56.59166666666667,44.91860406666667,16,1,osrm
258,delivered,2025-07-03 09:21:31,2025-07-03 09:36:36.878766,2025-07-03 09:36:36.878766,2025-07-03 09:33:35.500,12.075,0.0,24,1,osrm
259,delivered,2025-07-03 09:21:48,2025-07-03 09:32:13.863610,2025-07-03 10:15:31.900000,2025-07-03 10:17:37.000,55.81666666666667,43.3006065,25,1,osrm
260,delivered,2025-07-03 09:21:54,2025-07-03 09:31:25.483360,2025-07-03 09:36:46.300000,2025-07-03 09:39:40.000,17.766666666666666,5.346944,15,1,osrm
261,delivered,2025-07-03 09:22:50,2025-07-03 09:37:13.364195,2025-07-03 09:37:13.364195,2025-07-03 09:32:13.600,9.393333333333334,0.0,7,1,osrm
262,delivered,2025-07-03 09:22:15,2025-07-03 09:31:03.191933,2025-07-03 11:22:30.000000,2025-07-03 11:26:21.600,124.11,111.44680111666666,14,1,osrm
263,delivered,2025-07-03 09:23:21,2025-07-03 09:37:10.073652,2025-07-03 12:19:48.800000,2025-07-03 12:24:22.600,181.02666666666667,162.64543913333333,17,1,osrm
264,delivered,2025-07-03 09:23:54,2025-07-03 09:40:04.442648,2025-07-03 09:50:58.400000,2025-07-03 09:52:27.400,28.55666666666667,10.8992892,15,1,osrm
265,delivered,2025-07-03 09:23:09,2025-07-03 09:31:50.051716,2025-07-03 09:38:00.500000,2025-07-03 09:42:30.100,19.351666666666667,6.174138066666667,20,1,osrm
266,delivered,2025-07-03 09:23:05,2025-07-03 09:29:06.691193,2025-07-03 09:50:54.000000,2025-07-03 09:51:17.800,28.21333333333333,21.788480116666666,12,1,osrm
267,delivered,2025-07-03 09:24:46,2025-07-03 09:43:24.025571,2025-07-03 09:43:24.025571,2025-07-03 09:34:58.400,10.206666666666667,0.0,13,1,osrm
268,delivered,2025-07-03 09:24:14,2025-07-03 09:36:22.818202,2025-07-03 09:36:22.818202,2025-07-03 09:34:05.700,9.861666666666668,0.0,25,1,osrm
269,delivered,2025-07-03 09:24:37,2025-07-03 09:35:06.760998,2025-07-03 09:35:06.760998,2025-07-03 09:35:33.900,10.948333333333332,0.0,21,1,osrm
270,delivered,2025-07-03 09:24:46,2025-07-03 09:35:09.792117,2025-07-03 11:46:54.300000,2025-07-03 11:49:58.700,145.21166666666667,131.74179805,2,1,osrm
271,delivered,2025-07-03 09:25:11,2025-07-03 09:38:07.125510,2025-07-03 09:38:07.125510,2025-07-03 09:34:31.300,9.338333333333333,0.0,1,1,osrm
272,delivered,2025-07-03 09:25:19,2025-07-03 09:30:31.484755,2025-07-03 11:56:35.400000,2025-07-03 12:01:23.100,156.06833333333333,146.06525408333334,30,1,osrm
273,delivered,2025-07-03 09:25:48,2025-07-03 09:39:50.234319,2025-07-03 11:06:09.500000,2025-07-03 11:07:09.200,101.35333333333332,86.32109468333333,14,1,osrm
274,delivered,2025-07-03 09:26:12,2025-07-03 09:34:37.528322,2025-07-03 11:57:24.400000,2025-07-03 12:01:02.200,154.83666666666667,142.7811946333333,10,1,osrm
275,delivered,2025-07-03 09:26:27,2025-07-03 09:37:41.763909,2025-07-03 12:21:16.700000,2025-07-03 12:26:49.800,180.38,163.58226818333333,2,1,osrm
276,delivered,2025-07-03 09:26:42,2025-07-03 09:40:01.721040,2025-07-03 09:59:27.000000,2025-07-03 10:01:09.600,34.46,19.421316,19,1,osrm
277,delivered,2025-07-03 09:26:00,2025-07-03 09:40:45.074827,2025-07-03 09:50:34.900000,2025-07-03 09:52:30.600,26.509999999999998,9.830419549999998,14,1,osrm
278,delivered,2025-07-03 09:27:15,2025-07-03 09:40:26.460573,2025-07-03 09:40:26.460573,2025-07-03 09:40:22.600,13.126666666666667,0.0,11,1,osrm
279,delivered,2025-07-03 09:27:37,2025-07-03 09:41:45.510868,2025-07-03 10:49:00.000000,2025-07-03 10:51:44.900,84.13166666666666,67.24148553333333,4,1,osrm
280,delivered,2025-07-03 09:27:17,2025-07-03 09:38:14.784596,2025-07-03 09:38:14.784596,2025-07-03 09:38:45.700,11.478333333333333,0.0,4,1,osrm
281,delivered,2025-07-03 09:27:19,2025-07-03 09:38:05.078902,2025-07-03 10:33:03.600000,2025-07-03 10:36:45.800,69.44666666666667,54.97535163333334,25,1,osrm
282,delivered,2025-07-03 09:28:44,2025-07-03 09:40:01.473158,2025-07-03 09:40:01.473158,2025-07-03 09:38:35.700,9.861666666666668,0.0,14,1,osrm
283,delivered,2025-07-03 09:28:37,2025-07-03 09:44:47.659536,2025-07-03 12:23:12.700000,2025-07-03 12:27:56.500,179.325,158.41734106666667,9,1,osrm
284,delivered,2025-07-03 09:29:15,2025-07-03 09:37:38.860869,2025-07-03 09:37:38.860869,2025-07-03 09:39:55.000,10.666666666666666,0.0,12,1,osrm
285,delivered,2025-07-03 09:29:50,2025-07-03 09:38:27.890619,2025-07-03 09:38:27.890619,2025-07-03 09:37:47.600,7.96,0.0,29,1,osrm
286,delivered,2025-07-03 09:29:31,2025-07-03 09:43:02.109993,2025-07-03 11:57:45.100000,2025-07-03 12:00:20.700,150.82833333333335,134.71650011666668,20,1,osrm
287,delivered,2025-07-03 09:30:58,2025-07-03 09:47:37.775592,2025-07-03 12:23:19.800000,2025-07-03 12:26:51.600,175.89333333333335,155.7004068,18,1,osrm
288,delivered,2025-07-03 09:30:22,2025-07-03 09:46:22.131295,2025-07-03 10:51:46.400000,2025-07-03 10:55:12.200,84.83666666666666,65.40447841666666,7,1,osrm
289,delivered,2025-07-03 09:31:29,2025-07-03 09:45:22.686048,2025-07-03 09:45:22.686048,2025-07-03 09:44:22.900,12.898333333333333,0.0,17,1,osrm
290,delivered,2025-07-03 09:32:29,2025-07-03 09:43:45.453774,2025-07-03 09:43:45.453774,2025-07-03 09:48:11.200,15.703333333333335,0.0,22,1,osrm
291,delivered,2025-07-03 09:32:06,2025-07-03 09:42:15.957707,2025-07-03 09:59:52.800000,2025-07-03 10:00:35.700,28.495,17.614038216666664,22,1,osrm
292,delivered,2025-07-03 09:33:57,2025-07-03 09:47:48.352956,2025-07-03 11:06:40.300000,2025-07-03 11:07:41.100,93.735,78.86578406666666,27,1,osrm
293,delivered,2025-07-03 09:33:09,2025-07-03 09:47:55.377870,2025-07-03 09:47:55.377870,2025-07-03 09:46:33.200,13.403333333333334,0.0,16,1,osrm
294,delivered,2025-07-03 09:33:30,2025-07-03 09:47:04.702584,2025-07-03 09:47:04.702584,2025-07-03 09:47:28.200,13.97,0.0,19,1,osrm
295,delivered,2025-07-03 09:33:13,2025-07-03 09:43:11.624803,2025-07-03 09:43:11.624803,2025-07-03 09:47:39.700,14.445,0.0,2,1,osrm
296,delivered,2025-07-03 09:34:59,2025-07-03 09:43:00.116217,2025-07-03 11:23:44.500000,2025-07-03 11:25:12.200,110.22,100.73972971666667,15,1,osrm
297,delivered,2025-07-03 09:34:48,2025-07-03 09:44:11.219238,2025-07-03 11:47:35.200000,2025-07-03 11:50:52.300,136.07166666666666,123.39967936666667,17,1,osrm
298,delivered,2025-07-03 09:34:39,2025-07-03 09:43:46.196399,2025-07-03 09:43:46.196399,2025-07-03 09:43:37.400,8.973333333333333,0.0,30,1,osrm
299,delivered,2025-07-03 09:35:22,2025-07-03 09:48:59.234655,2025-07-03 09:48:59.234655,2025-07-03 09:43:32.600,8.176666666666668,0.0,26,1,osrm
300,delivered,2025-07-03 09:36:02,2025-07-03 09:50:42.441246,2025-07-03 09:50:42.441246,2025-07-03 09:48:56.200,12.903333333333334,0.0,24,1,osrm
301,delivered,2025-07-03 09:37:46,2025-07-03 09:47:47.771930,2025-07-03 09:47:47.771930,2025-07-03 09:49:26.800,11.68,0.0,27,1,osrm
302,delivered,2025-07-03 09:37:16,2025-07-03 09:48:53.200187,2025-07-03 11:23:55.800000,2025-07-03 11:25:25.200,108.15333333333334,95.04333021666666,29,1,osrm
303,delivered,2025-07-03 09:37:50,2025-07-03 09:50:01.645034,2025-07-03 09:50:01.645034,2025-07-03 09:50:55.000,13.083333333333334,0.0,7,1,osrm
304,delivered,2025-07-03 09:38:41,2025-07-03 09:53:06.481022,2025-07-03 09:53:06.481022,2025-07-03 09:51:14.200,12.553333333333335,0.0,1,1,osrm
305,delivered,2025-07-03 09:38:17,2025-07-03 09:50:46.745612,2025-07-03 11:25:32.100000,2025-07-03 11:28:16.900,109.99833333333332,94.75590646666666,30,1,osrm
306,delivered,2025-07-03 09:39:50,2025-07-03 09:48:32.411846,2025-07-03 12:23:06.500000,2025-07-03 12:26:46.200,166.93666666666667,154.5681359,8,1,osrm
307,delivered,2025-07-03 09:40:49,2025-07-03 09:57:41.520393,2025-07-03 11:25:00.800000,2025-07-03 11:29:30.700,108.695,87.32132678333333,9,1,osrm
308,delivered,2025-07-03 09:40:03,2025-07-03 09:52:29.581215,2025-07-03 09:52:29.581215,2025-07-03 09:50:05.300,10.038333333333332,0.0,21,1,osrm
309,delivered,2025-07-03 09:40:28,2025-07-03 09:53:22.565005,2025-07-03 09:53:22.565005,2025-07-03 09:49:40.400,9.206666666666667,0.0,5,1,osrm
310,delivered,2025-07-03 09:41:34,2025-07-03 09:50:43.559149,2025-07-03 09:50:43.559149,2025-07-03 09:51:39.500,10.091666666666667,0.0,29,1,osrm
311,delivered,2025-07-03 09:41:22,2025-07-03 09:54:33.542838,2025-07-03 09:54:33.542838,2025-07-03 09:56:19.500,14.958333333333334,0.0,28,1,osrm
312,delivered,2025-07-03 09:42:32,2025-07-03 09:53:02.504547,2025-07-03 09:53:02.504547,2025-07-03 09:55:02.200,12.503333333333334,0.0,9,1,osrm
313,delivered,2025-07-03 09:42:33,2025-07-03 09:54:14.711949,2025-07-03 10:16:08.200000,2025-07-03 10:18:55.700,36.37833333333333,21.89146751666667,3,1,osrm
314,delivered,2025-07-03 09:43:44,2025-07-03 09:55:02.646607,2025-07-03 09:55:02.646607,2025-07-03 09:55:42.900,11.981666666666666,0.0,10,1,osrm
315,delivered,2025-07-03 09:43:38,2025-07-03 09:57:24.729199,2025-07-03 11:46:51.000000,2025-07-03 11:50:26.400,126.80666666666666,109.43784668333333,1,1,osrm
316,delivered,2025-07-03 09:43:36,2025-07-03 09:55:17.010674,2025-07-03 09:59:41.500000,2025-07-03 10:00:55.500,17.325,4.4081554333333335,2,1,osrm
317,delivered,2025-07-03 09:44:37,2025-07-03 09:54:45.203200,2025-07-03 11:08:22.200000,2025-07-03 11:09:56.800,85.33,73.61661333333333,25,1,osrm
318,delivered,2025-07-03 09:44:18,2025-07-03 09:56:35.546497,2025-07-03 10:52:37.500000,2025-07-03 10:54:23.800,70.09666666666666,56.03255838333334,14,1,osrm
319,delivered,2025-07-03 09:44:28,2025-07-03 10:01:29.343469,2025-07-03 10:33:43.100000,2025-07-03 10:37:55.700,53.461666666666666,32.22927551666667,27,1,osrm
320,delivered,2025-07-03 09:44:58,2025-07-03 09:56:50.613954,2025-07-03 09:56:50.613954,2025-07-03 09:53:18.400,8.34,0.0,4,1,osrm
321,delivered,2025-07-03 09:46:37,2025-07-03 09:56:26.703818,2025-07-03 10:51:59.500000,2025-07-03 10:53:42.200,67.08666666666666,55.546603033333334,13,1,osrm
322,delivered,2025-07-03 09:46:53,2025-07-03 09:54:58.267459,2025-07-03 09:56:57.100000,2025-07-03 10:00:57.900,14.081666666666667,1.9805423500000001,26,1,osrm
323,delivered,2025-07-03 09:46:06,2025-07-03 09:58:39.118803,2025-07-03 09:58:39.118803,2025-07-03 09:58:23.500,12.291666666666666,0.0,30,1,osrm
324,delivered,2025-07-03 09:47:21,2025-07-03 10:02:09.803497,2025-07-03 10:02:09.803497,2025-07-03 10:04:46.900,17.43166666666667,0.0,6,1,osrm
325,delivered,2025-07-03 09:47:19,2025-07-03 10:05:00.427557,2025-07-03 10:05:00.427557,2025-07-03 09:57:26.400,10.123333333333333,0.0,20,1,osrm
326,delivered,2025-07-03 09:47:55,2025-07-03 09:57:16.160248,2025-07-03 10:01:13.000000,2025-07-03 10:03:34.100,15.651666666666667,3.9473292,25,1,osrm
327,delivered,2025-07-03 09:48:23,2025-07-03 09:59:12.198979,2025-07-03 10:00:37.700000,2025-07-03 10:04:47.100,16.401666666666667,1.4250170166666665,18,1,osrm
328,delivered,2025-07-03 09:48:58,2025-07-03 10:02:34.382462,2025-07-03 10:51:52.700000,2025-07-03 10:53:41.300,64.72166666666666,49.3052923,15,1,osrm
329,delivered,2025-07-03 09:48:29,2025-07-03 10:00:59.136970,2025-07-03 12:23:59.700000,2025-07-03 12:28:38.500,160.15833333333333,143.00938383333332,27,1,osrm
330,delivered,2025-07-03 09:48:03,2025-07-03 10:05:13.643903,2025-07-03 10:05:13.643903,2025-07-03 10:02:09.200,14.103333333333333,0.0,3,1,osrm
331,delivered,2025-07-03 09:48:54,2025-07-03 10:03:22.992785,2025-07-03 12:24:17.400000,2025-07-03 12:27:55.700,159.02833333333334,140.90678691666665,16,1,osrm
332,delivered,2025-07-03 09:48:41,2025-07-03 09:58:31.083335,2025-07-03 11:08:44.000000,2025-07-03 11:11:14.400,82.55666666666666,70.21527775,20,1,osrm
333,delivered,2025-07-03 09:49:45,2025-07-03 09:56:55.902121,2025-07-03 12:02:19.000000,2025-07-03 12:07:01.000,137.26666666666668,125.38496465,9,1,osrm
334,delivered,2025-07-03 09:49:30,2025-07-03 09:56:27.141304,2025-07-03 09:56:27.141304,2025-07-03 09:58:15.300,8.754999999999999,0.0,23,1,osrm
335,delivered,2025-07-03 09:49:08,2025-07-03 10:02:45.842569,2025-07-03 11:25:50.000000,2025-07-03 11:27:38.400,98.50666666666666,83.06929051666665,7,1,osrm
336,delivered,2025-07-03 09:49:51,2025-07-03 10:02:59.877411,2025-07-03 12:03:55.800000,2025-07-03 12:07:07.800,137.28,120.93204315,2,1,osrm
337,delivered,2025-07-03 09:49:36,2025-07-03 10:05:52.588891,2025-07-03 10:05:52.588891,2025-07-03 09:57:06.700,7.511666666666667,0.0,17,1,osrm
338,delivered,2025-07-03 09:50:20,2025-07-03 10:04:30.594090,2025-07-03 11:09:13.400000,2025-07-03 11:12:17.400,81.95666666666666,64.71343183333333,3,1,osrm
339,delivered,2025-07-03 09:50:15,2025-07-03 09:56:52.842016,2025-07-03 12:24:23.100000,2025-07-03 12:28:22.700,158.12833333333336,147.50429973333334,6,1,osrm
340,delivered,2025-07-03 09:51:53,2025-07-03 09:58:48.698977,2025-07-03 09:59:23.100000,2025-07-03 10:05:43.400,13.84,0.5733503833333333,24,1,osrm
341,delivered,2025-07-03 09:52:15,2025-07-03 09:59:24.592256,2025-07-03 10:34:14.000000,2025-07-03 10:37:21.900,45.115,34.823462400000004,12,1,osrm
342,delivered,2025-07-03 09:53:53,2025-07-03 10:00:27.978862,2025-07-03 10:01:15.700000,2025-07-03 10:04:14.600,10.360000000000001,0.7953523,16,1,osrm
343,delivered,2025-07-03 09:53:01,2025-07-03 10:04:01.637794,2025-07-03 11:47:53.900000,2025-07-03 11:52:14.700,119.22833333333332,103.87103676666668,6,1,osrm
344,delivered,2025-07-03 09:54:27,2025-07-03 10:10:59.944008,2025-07-03 10:10:59.944008,2025-07-03 10:06:12.400,11.756666666666666,0.0,13,1,osrm
345,delivered,2025-07-03 09:54:58,2025-07-03 10:04:21.868203,2025-07-03 10:52:51.800000,2025-07-03 10:55:09.900,60.19833333333334,48.498863283333336,8,1,osrm
346,delivered,2025-07-03 09:55:51,2025-07-03 10:06:19.565093,2025-07-03 10:06:19.565093,2025-07-03 10:04:53.200,9.036666666666667,0.0,5,1,osrm
347,delivered,2025-07-03 09:55:36,2025-07-03 10:08:26.504699,2025-07-03 10:22:43.900000,2025-07-03 10:23:58.200,28.37,14.289921683333334,15,1,osrm
348,delivered,2025-07-03 09:56:53,2025-07-03 10:08:16.461641,2025-07-03 10:08:16.461641,2025-07-03 10:10:04.300,13.188333333333333,0.0,8,1,osrm
349,delivered,2025-07-03 09:56:26,2025-07-03 10:03:45.480939,2025-07-03 12:25:01.500000,2025-07-03 12:29:24.500,152.975,141.26698435,19,1,osrm
350,delivered,2025-07-03 09:57:58,2025-07-03 10:08:22.075231,2025-07-03 10:08:22.075231,2025-07-03 10:07:38.300,9.671666666666665,0.0,15,1,osrm
351,delivered,2025-07-03 09:57:50,2025-07-03 10:11:00.002320,2025-07-03 10:11:00.002320,2025-07-03 10:09:22.200,11.536666666666667,0.0,14,1,osrm
352,delivered,2025-07-03 09:57:26,2025-07-03 10:11:52.599240,2025-07-03 10:53:00.200000,2025-07-03 10:55:13.700,57.794999999999995,41.12667933333333,25,1,osrm
353,delivered,2025-07-03 09:58:14,2025-07-03 10:08:40.640688,2025-07-03 10:08:40.640688,2025-07-03 10:07:19.200,9.086666666666668,0.0,11,1,osrm
354,delivered,2025-07-03 09:58:43,2025-07-03 10:13:18.085658,2025-07-03 10:13:18.085658,2025-07-03 10:11:20.500,12.625,0.0,4,1,osrm
355,delivered,2025-07-03 09:58:35,2025-07-03 10:10:58.729125,2025-07-03 11:34:10.000000,2025-07-03 11:38:11.400,99.60666666666665,83.18784791666667,13,1,osrm
356,delivered,2025-07-03 09:59:33,2025-07-03 10:08:39.148804,2025-07-03 11:09:16.200000,2025-07-03 11:11:13.300,71.67166666666667,60.617519933333334,4,1,osrm
357,delivered,2025-07-03 09:59:23,2025-07-03 10:11:34.838335,2025-07-03 10:11:34.838335,2025-07-03 10:05:48.600,6.426666666666667,0.0,12,1,osrm
358,delivered,2025-07-03 09:59:05,2025-07-03 10:06:24.693912,2025-07-03 12:03:39.100000,2025-07-03 12:07:08.800,128.06333333333333,117.24010146666666,8,1,osrm
359,delivered,2025-07-03 10:00:09,2025-07-03 10:08:59.149082,2025-07-03 12:26:52.100000,2025-07-03 12:32:54.300,152.755,137.8825153,28,1,osrm
360,delivered,2025-07-03 10:02:56,2025-07-03 10:21:07.794381,2025-07-03 10:21:07.794381,2025-07-03 10:11:55.900,8.998333333333333,0.0,28,1,osrm
361,delivered,2025-07-03 10:03:32,2025-07-03 10:13:32.032584,2025-07-03 12:28:15.600000,2025-07-03 12:34:06.500,150.575,134.7261236,7,1,osrm
362,delivered,2025-07-03 10:03:43,2025-07-03 10:13:27.049869,2025-07-03 10:13:27.049869,2025-07-03 10:15:04.600,11.360000000000001,0.0,22,1,osrm
363,delivered,2025-07-03 10:04:01,2025-07-03 10:17:38.641099,2025-07-03 12:27:49.600000,2025-07-03 12:33:11.700,149.17833333333334,130.18264835,5,1,osrm
364,delivered,2025-07-03 10:05:39,2025-07-03 10:17:59.239996,2025-07-03 10:17:59.239996,2025-07-03 10:12:36.600,6.96,0.0,30,1,osrm
365,delivered,2025-07-03 10:05:00,2025-07-03 10:10:06.587216,2025-07-03 10:10:35.200000,2025-07-03 10:13:57.700,8.961666666666668,0.47687973333333333,23,1,osrm
366,delivered,2025-07-03 10:07:03,2025-07-03 10:18:34.377727,2025-07-03 10:18:34.377727,2025-07-03 10:19:13.800,12.18,0.0,27,1,osrm
367,delivered,2025-07-03 10:08:59,2025-07-03 10:19:19.027710,2025-07-03 10:19:19.027710,2025-07-03 10:17:40.100,8.685,0.0,24,1,osrm
368,delivered,2025-07-03 10:09:43,2025-07-03 10:25:49.791561,2025-07-03 11:26:33.300000,2025-07-03 11:29:54.700,80.195,60.72514065,3,1,osrm
369,delivered,2025-07-03 10:09:01,2025-07-03 10:21:36.754092,2025-07-03 12:29:17.700000,2025-07-03 12:32:18.600,143.29333333333335,127.68243179999999,20,1,osrm
370,delivered,2025-07-03 10:09:59,2025-07-03 10:20:01.501729,2025-07-03 10:36:06.400000,2025-07-03 10:40:16.300,30.288333333333334,16.08163785,6,1,osrm
371,delivered,2025-07-03 10:10:18,2025-07-03 10:22:43.624870,2025-07-03 10:22:43.624870,2025-07-03 10:20:53.100,10.585,0.0,21,1,osrm
372,delivered,2025-07-03 10:11:22,2025-07-03 10:25:14.496131,2025-07-03 10:25:14.496131,2025-07-03 10:22:33.400,11.19,0.0,29,1,osrm
373,delivered,2025-07-03 10:11:28,2025-07-03 10:19:54.263710,2025-07-03 10:21:17.900000,2025-07-03 10:24:43.300,13.254999999999999,1.3939381666666668,8,1,osrm
374,delivered,2025-07-03 10:11:55,2025-07-03 10:23:10.495151,2025-07-03 12:28:50.300000,2025-07-03 12:32:18.200,140.38666666666668,125.66341415000001,3,1,osrm
375,delivered,2025-07-03 10:12:14,2025-07-03 10:22:22.161682,2025-07-03 10:22:22.161682,2025-07-03 10:25:02.200,12.803333333333335,0.0,7,1,osrm
376,delivered,2025-07-03 10:13:16,2025-07-03 10:29:35.208831,2025-07-03 10:29:35.208831,2025-07-03 10:23:53.100,10.618333333333334,0.0,9,1,osrm
377,delivered,2025-07-03 10:13:43,2025-07-03 10:28:42.467046,2025-07-03 11:34:25.700000,2025-07-03 11:37:19.400,83.60666666666665,65.72054923333333,28,1,osrm
378,delivered,2025-07-03 10:14:39,2025-07-03 10:22:49.132830,2025-07-03 10:22:49.132830,2025-07-03 10:24:25.100,9.768333333333334,0.0,1,1,osrm
379,delivered,2025-07-03 10:14:54,2025-07-03 10:29:45.642554,2025-07-03 12:28:57.500000,2025-07-03 12:32:23.900,137.49833333333333,119.1976241,29,1,osrm
380,delivered,2025-07-03 10:15:56,2025-07-03 10:24:38.272202,2025-07-03 10:53:22.300000,2025-07-03 10:55:54.500,39.975,28.733796633333334,12,1,osrm
381,delivered,2025-07-03 10:15:16,2025-07-03 10:28:13.960680,2025-07-03 10:53:39.700000,2025-07-03 10:56:12.300,40.93833333333334,25.428988666666665,6,1,osrm
382,delivered,2025-07-03 10:16:20,2025-07-03 10:31:20.997153,2025-07-03 10:31:20.997153,2025-07-03 10:32:00.000,15.666666666666666,0.0,20,1,osrm
383,delivered,2025-07-03 10:17:30,2025-07-03 10:29:55.655563,2025-07-03 10:29:55.655563,2025-07-03 10:29:14.000,11.733333333333333,0.0,17,1,osrm
384,delivered,2025-07-03 10:18:47,2025-07-03 10:23:47.000000,2025-07-03 12:33:51.300000,2025-07-03 12:39:07.400,140.34,130.07166666666666,1,1,osrm
385,delivered,2025-07-03 10:19:51,2025-07-03 10:34:08.675863,2025-07-03 10:34:08.675863,2025-07-03 10:33:22.800,13.53,0.0,23,1,osrm
386,delivered,2025-07-03 10:19:46,2025-07-03 10:32:47.238388,2025-07-03 10:32:47.238388,2025-07-03 10:32:33.500,12.791666666666666,0.0,22,1,osrm
387,delivered,2025-07-03 10:20:50,2025-07-03 10:30:53.683839,2025-07-03 12:34:53.600000,2025-07-03 12:38:35.500,137.75833333333333,123.99860268333333,26,1,osrm
388,delivered,2025-07-03 10:20:03,2025-07-03 10:35:52.639126,2025-07-03 10:35:52.639126,2025-07-03 10:30:58.900,10.931666666666667,0.0,4,1,osrm
389,delivered,2025-07-03 10:21:20,2025-07-03 10:33:38.297770,2025-07-03 10:33:38.297770,2025-07-03 10:31:50.100,10.501666666666667,0.0,2,1,osrm
390,delivered,2025-07-03 10:23:38,2025-07-03 10:41:15.712284,2025-07-03 11:10:32.000000,2025-07-03 11:14:17.800,50.663333333333334,29.271461933333335,10,1,osrm
391,delivered,2025-07-03 10:25:40,2025-07-03 10:37:56.069697,2025-07-03 10:37:56.069697,2025-07-03 10:31:54.100,6.235,0.0,26,1,osrm
392,delivered,2025-07-03 10:26:56,2025-07-03 10:38:21.732544,2025-07-03 10:38:21.732544,2025-07-03 10:39:26.700,12.511666666666667,0.0,8,1,osrm
393,delivered,2025-07-03 10:27:05,2025-07-03 10:37:35.568634,2025-07-03 10:37:35.568634,2025-07-03 10:40:43.900,13.648333333333333,0.0,9,1,osrm
394,delivered,2025-07-03 10:27:01,2025-07-03 10:35:50.714399,2025-07-03 11:34:42.900000,2025-07-03 11:36:59.400,69.97333333333333,58.86976001666667,29,1,osrm
395,delivered,2025-07-03 10:28:06,2025-07-03 10:44:47.253866,2025-07-03 10:44:47.253866,2025-07-03 10:43:24.000,15.3,0.0,1,1,osrm
396,delivered,2025-07-03 10:29:47,2025-07-03 10:42:02.205362,2025-07-03 12:34:55.500000,2025-07-03 12:38:45.300,128.97166666666666,112.88824396666668,25,1,osrm
397,delivered,2025-07-03 10:29:17,2025-07-03 10:41:14.361193,2025-07-03 10:41:14.361193,2025-07-03 10:37:51.900,8.581666666666667,0.0,29,1,osrm
398,delivered,2025-07-03 10:30:34,2025-07-03 10:43:48.906636,2025-07-03 10:43:48.906636,2025-07-03 10:37:41.200,7.12,0.0,10,1,osrm
399,delivered,2025-07-03 10:30:02,2025-07-03 10:35:53.098431,2025-07-03 10:35:53.098431,2025-07-03 10:37:50.400,7.806666666666667,0.0,7,1,osrm
400,delivered,2025-07-03 10:31:32,2025-07-03 10:40:35.834274,2025-07-03 11:28:02.800000,2025-07-03 11:32:53.300,61.355000000000004,47.449428766666664,6,1,osrm
401,delivered,2025-07-03 10:31:25,2025-07-03 10:40:34.577283,2025-07-03 12:05:14.200000,2025-07-03 12:09:51.000,98.43333333333334,84.66037861666668,17,1,osrm
402,delivered,2025-07-03 10:32:59,2025-07-03 10:45:25.517369,2025-07-03 10:55:23.600000,2025-07-03 10:58:41.400,25.706666666666667,9.968043849999999,24,1,osrm
403,delivered,2025-07-03 10:32:46,2025-07-03 10:40:31.971894,2025-07-03 10:43:36.700000,2025-07-03 10:48:25.200,15.653333333333334,3.0788017666666665,17,1,osrm
404,delivered,2025-07-03 10:35:19,2025-07-03 10:51:38.254474,2025-07-03 11:36:07.000000,2025-07-03 11:39:13.600,63.91,44.4790921,25,1,osrm
405,delivered,2025-07-03 10:36:49,2025-07-03 10:47:42.837669,2025-07-03 11:09:04.500000,2025-07-03 11:12:27.400,35.64,21.36103885,7,1,osrm
406,delivered,2025-07-03 10:36:02,2025-07-03 10:57:02.946386,2025-07-03 10:57:02.946386,2025-07-03 10:48:12.800,12.18,0.0,23,1,osrm
407,delivered,2025-07-03 10:37:33,2025-07-03 10:51:34.947349,2025-07-03 11:27:40.900000,2025-07-03 11:30:00.500,52.458333333333336,36.09921085,11,1,osrm
408,delivered,2025-07-03 10:37:30,2025-07-03 10:48:29.666520,2025-07-03 10:48:29.666520,2025-07-03 10:50:31.500,13.025,0.0,22,1,osrm
409,delivered,2025-07-03 10:37:55,2025-07-03 10:49:44.915123,2025-07-03 10:49:44.915123,2025-07-03 10:47:14.900,9.331666666666667,0.0,26,1,osrm
410,delivered,2025-07-03 10:39:41,2025-07-03 10:51:56.490984,2025-07-03 11:10:23.300000,2025-07-03 11:11:47.200,32.10333333333333,18.44681693333333,2,1,osrm
411,delivered,2025-07-03 10:39:39,2025-07-03 10:53:16.550800,2025-07-03 10:53:16.550800,2025-07-03 10:51:48.300,12.155,0.0,20,1,osrm
412,delivered,2025-07-03 10:39:00,2025-07-03 10:49:20.279128,2025-07-03 10:49:20.279128,2025-07-03 10:51:57.100,12.951666666666666,0.0,2,1,osrm
413,delivered,2025-07-03 10:40:01,2025-07-03 10:52:55.351381,2025-07-03 10:52:55.351381,2025-07-03 10:49:35.200,9.57,0.0,16,1,osrm
414,delivered,2025-07-03 10:40:59,2025-07-03 10:57:05.201356,2025-07-03 10:57:05.201356,2025-07-03 10:51:48.900,10.831666666666667,0.0,29,1,osrm
415,delivered,2025-07-03 10:42:02,2025-07-03 10:47:03.805784,2025-07-03 10:48:46.900000,2025-07-03 10:51:51.000,9.816666666666666,1.7182369333333334,27,1,osrm
416,delivered,2025-07-03 10:42:50,2025-07-03 10:58:54.742878,2025-07-03 12:35:40.500000,2025-07-03 12:39:36.100,116.76833333333335,96.7626187,13,1,osrm
417,delivered,2025-07-03 10:43:57,2025-07-03 10:55:02.452785,2025-07-03 10:55:02.452785,2025-07-03 10:53:06.700,9.161666666666667,0.0,10,1,osrm
418,delivered,2025-07-03 10:44:50,2025-07-03 10:58:12.945185,2025-07-03 11:29:02.100000,2025-07-03 11:31:13.200,46.38666666666666,30.819246916666668,2,1,osrm
419,delivered,2025-07-03 10:45:30,2025-07-03 10:58:29.189972,2025-07-03 10:58:29.189972,2025-07-03 10:53:04.000,7.566666666666666,0.0,9,1,osrm
420,delivered,2025-07-03 10:47:44,2025-07-03 10:59:56.348226,2025-07-03 10:59:56.348226,2025-07-03 10:58:29.200,10.753333333333334,0.0,11,1,osrm
421,delivered,2025-07-03 10:47:43,2025-07-03 11:05:54.628590,2025-07-03 11:37:12.700000,2025-07-03 11:38:49.500,51.108333333333334,31.301190166666668,21,1,osrm
422,delivered,2025-07-03 10:49:26,2025-07-03 11:09:58.017609,2025-07-03 11:09:58.017609,2025-07-03 10:58:25.900,8.998333333333333,0.0,1,1,osrm
423,delivered,2025-07-03 10:50:08,2025-07-03 11:00:14.163783,2025-07-03 11:00:14.163783,2025-07-03 10:59:02.100,8.901666666666667,0.0,5,1,osrm
424,delivered,2025-07-03 10:53:32,2025-07-03 11:05:02.700687,2025-07-03 11:05:02.700687,2025-07-03 11:03:19.900,9.798333333333334,0.0,23,1,osrm
425,delivered,2025-07-03 10:55:36,2025-07-03 11:05:59.848570,2025-07-03 11:05:59.848570,2025-07-03 11:03:12.900,7.614999999999999,0.0,16,1,osrm
426,delivered,2025-07-03 10:55:24,2025-07-03 11:07:36.923420,2025-07-03 11:10:59.200000,2025-07-03 11:12:45.200,17.353333333333335,3.3712763333333333,6,1,osrm
427,delivered,2025-07-03 10:59:18,2025-07-03 11:06:36.933748,2025-07-03 11:06:36.933748,2025-07-03 11:07:18.200,8.003333333333334,0.0,29,1,osrm
428,delivered,2025-07-03 10:59:25,2025-07-03 11:16:48.289183,2025-07-03 11:16:48.289183,2025-07-03 11:08:13.800,8.813333333333333,0.0,8,1,osrm
429,delivered,2025-07-03 11:01:16,2025-07-03 11:18:22.936515,2025-07-03 11:48:25.000000,2025-07-03 11:50:59.600,49.72666666666667,30.034391416666665,24,1,osrm
430,delivered,2025-07-03 11:01:35,2025-07-03 11:13:04.035577,2025-07-03 12:36:44.600000,2025-07-03 12:41:48.000,100.21666666666667,83.67607371666666,14,1,osrm
431,delivered,2025-07-03 11:01:20,2025-07-03 11:16:32.249647,2025-07-03 11:28:41.500000,2025-07-03 11:30:58.800,29.646666666666665,12.15417255,1,1,osrm
432,delivered,2025-07-03 11:01:16,2025-07-03 11:12:57.004400,2025-07-03 12:36:07.600000,2025-07-03 12:40:16.600,99.01,83.17659333333333,11,1,osrm
433,delivered,2025-07-03 11:04:44,2025-07-03 11:17:27.724668,2025-07-03 12:38:42.900000,2025-07-03 12:42:01.000,97.28333333333333,81.2529222,10,1,osrm
434,delivered,2025-07-03 11:10:26,2025-07-03 11:26:04.202921,2025-07-03 11:26:04.202921,2025-07-03 11:18:38.700,8.211666666666666,0.0,23,1,osrm
435,delivered,2025-07-03 11:10:59,2025-07-03 11:26:30.692952,2025-07-03 12:05:48.300000,2025-07-03 12:09:36.700,58.62833333333333,39.293450799999995,18,1,osrm
436,delivered,2025-07-03 11:11:14,2025-07-03 11:16:39.773289,2025-07-03 11:18:52.400000,2025-07-03 11:22:13.200,10.986666666666668,2.2104451833333334,18,1,osrm
437,delivered,2025-07-03 11:11:23,2025-07-03 11:21:02.622085,2025-07-03 11:32:08.000000,2025-07-03 11:35:40.200,24.28666666666667,11.089631916666667,24,1,osrm
438,delivered,2025-07-03 11:11:16,2025-07-03 11:22:14.225425,2025-07-03 11:22:14.225425,2025-07-03 11:23:00.400,11.74,0.0,27,1,osrm
439,delivered,2025-07-03 11:17:24,2025-07-03 11:28:35.330719,2025-07-03 11:28:35.330719,2025-07-03 11:26:55.700,9.528333333333334,0.0,20,1,osrm
440,delivered,2025-07-03 11:17:21,2025-07-03 11:25:52.154804,2025-07-03 11:28:00.500000,2025-07-03 11:30:32.500,13.191666666666666,2.1390865999999997,5,1,osrm
441,delivered,2025-07-03 11:20:54,2025-07-03 11:36:25.169321,2025-07-03 12:38:13.200000,2025-07-03 12:41:39.200,80.75333333333333,61.800511316666665,24,1,osrm
442,delivered,2025-07-03 11:20:30,2025-07-03 11:33:48.122803,2025-07-03 11:33:48.122803,2025-07-03 11:28:20.100,7.835,0.0,10,1,osrm
443,delivered,2025-07-03 11:20:37,2025-07-03 11:28:17.971390,2025-07-03 11:28:17.971390,2025-07-03 11:31:38.300,11.021666666666667,0.0,4,1,osrm
444,delivered,2025-07-03 11:22:38,2025-07-03 11:33:39.937073,2025-07-03 11:33:39.937073,2025-07-03 11:32:56.000,10.3,0.0,23,1,osrm
445,delivered,2025-07-03 11:22:15,2025-07-03 11:32:00.016109,2025-07-03 11:33:11.700000,2025-07-03 11:38:05.700,15.845,1.1947315166666668,12,1,osrm
446,delivered,2025-07-03 11:22:49,2025-07-03 11:37:30.530525,2025-07-03 11:37:30.530525,2025-07-03 11:35:12.300,12.388333333333332,0.0,17,1,osrm
447,delivered,2025-07-03 11:26:19,2025-07-03 11:37:08.567655,2025-07-03 11:37:08.567655,2025-07-03 11:38:42.500,12.391666666666667,0.0,16,1,osrm
448,delivered,2025-07-03 11:29:53,2025-07-03 11:41:44.551692,2025-07-03 11:41:44.551692,2025-07-03 11:37:49.400,7.9399999999999995,0.0,18,1,osrm
449,delivered,2025-07-03 11:31:28,2025-07-03 11:42:16.485614,2025-07-03 11:42:16.485614,2025-07-03 11:44:12.700,12.745000000000001,0.0,3,1,osrm
450,delivered,2025-07-03 11:32:54,2025-07-03 11:43:12.639915,2025-07-03 11:43:12.639915,2025-07-03 11:44:10.800,11.28,0.0,5,1,osrm
451,delivered,2025-07-03 11:32:09,2025-07-03 11:42:10.897613,2025-07-03 11:42:10.897613,2025-07-03 11:45:31.600,13.376666666666667,0.0,10,1,osrm
452,delivered,2025-07-03 11:35:50,2025-07-03 11:47:56.661606,2025-07-03 11:47:56.661606,2025-07-03 11:43:29.800,7.663333333333333,0.0,20,1,osrm
453,delivered,2025-07-03 11:36:44,2025-07-03 11:50:40.232753,2025-07-03 11:53:38.300000,2025-07-03 11:58:09.600,21.426666666666666,2.9677874500000003,28,1,osrm
454,delivered,2025-07-03 11:36:26,2025-07-03 11:49:31.739492,2025-07-03 11:49:31.739492,2025-07-03 11:46:37.000,10.183333333333334,0.0,15,1,osrm
455,delivered,2025-07-03 11:38:24,2025-07-03 11:48:16.132261,2025-07-03 11:48:16.132261,2025-07-03 11:51:49.700,13.428333333333335,0.0,23,1,osrm
456,delivered,2025-07-03 11:42:24,2025-07-03 11:50:27.262349,2025-07-03 11:51:27.700000,2025-07-03 11:54:37.800,12.229999999999999,1.0072941833333333,27,1,osrm
457,delivered,2025-07-03 11:42:00,2025-07-03 11:55:26.552561,2025-07-03 11:55:26.552561,2025-07-03 11:56:26.300,14.438333333333333,0.0,19,1,osrm
458,delivered,2025-07-03 11:43:48,2025-07-03 11:56:52.499823,2025-07-03 11:56:52.499823,2025-07-03 11:55:28.800,11.68,0.0,8,1,osrm
459,delivered,2025-07-03 11:43:14,2025-07-03 11:52:51.038563,2025-07-03 11:52:51.038563,2025-07-03 11:54:01.600,10.793333333333333,0.0,21,1,osrm
460,delivered,2025-07-03 11:44:47,2025-07-03 11:55:22.344007,2025-07-03 11:55:22.344007,2025-07-03 11:53:10.100,8.385,0.0,18,1,osrm
461,delivered,2025-07-03 11:45:37,2025-07-03 11:51:59.184875,2025-07-03 11:51:59.184875,2025-07-03 11:51:29.800,5.88,0.0,16,1,osrm
462,delivered,2025-07-03 11:46:53,2025-07-03 11:54:56.753730,2025-07-03 11:54:56.753730,2025-07-03 11:57:46.400,10.889999999999999,0.0,5,1,osrm
463,delivered,2025-07-03 11:46:08,2025-07-03 12:02:17.674677,2025-07-03 12:02:17.674677,2025-07-03 11:56:49.700,10.695,0.0,26,1,osrm
464,delivered,2025-07-03 11:48:21,2025-07-03 12:01:30.942718,2025-07-03 12:43:48.700000,2025-07-03 12:48:07.600,59.776666666666664,42.2959547,21,1,osrm
465,delivered,2025-07-03 11:50:02,2025-07-03 11:59:01.562465,2025-07-03 11:59:01.562465,2025-07-03 11:56:39.100,6.618333333333334,0.0,3,1,osrm
466,delivered,2025-07-03 11:51:14,2025-07-03 12:00:28.369663,2025-07-03 12:00:28.369663,2025-07-03 12:03:16.800,12.046666666666665,0.0,4,1,osrm
467,delivered,2025-07-03 11:53:28,2025-07-03 12:04:42.795993,2025-07-03 12:04:42.795993,2025-07-03 12:06:34.700,13.111666666666668,0.0,15,1,osrm
468,delivered,2025-07-03 11:53:26,2025-07-03 12:05:05.674904,2025-07-03 12:05:05.674904,2025-07-03 12:01:18.500,7.875,0.0,1,1,osrm
469,delivered,2025-07-03 11:56:29,2025-07-03 12:13:18.940772,2025-07-03 12:13:18.940772,2025-07-03 12:11:22.800,14.896666666666667,0.0,23,1,osrm
470,delivered,2025-07-03 12:00:01,2025-07-03 12:10:12.443226,2025-07-03 12:10:12.443226,2025-07-03 12:07:46.100,7.751666666666667,0.0,16,1,osrm
471,delivered,2025-07-03 12:01:09,2025-07-03 12:16:55.874633,2025-07-03 12:16:55.874633,2025-07-03 12:11:50.700,10.695,0.0,28,1,osrm
472,delivered,2025-07-03 12:01:53,2025-07-03 12:12:53.562635,2025-07-03 12:12:53.562635,2025-07-03 12:15:17.300,13.405,0.0,7,1,osrm
473,delivered,2025-07-03 12:05:28,2025-07-03 12:14:11.415308,2025-07-03 12:14:11.415308,2025-07-03 12:14:55.700,9.461666666666668,0.0,19,1,osrm
474,delivered,2025-07-03 12:08:57,2025-07-03 12:22:33.752503,2025-07-03 12:22:33.752503,2025-07-03 12:19:38.800,10.696666666666665,0.0,1,1,osrm
475,delivered,2025-07-03 12:10:42,2025-07-03 12:24:33.366497,2025-07-03 12:24:33.366497,2025-07-03 12:19:09.900,8.465,0.0,30,1,osrm
476,delivered,2025-07-03 12:11:12,2025-07-03 12:24:04.336324,2025-07-03 12:24:04.336324,2025-07-03 12:22:06.600,10.91,0.0,11,1,osrm
477,delivered,2025-07-03 12:11:13,2025-07-03 12:26:41.939884,2025-07-03 12:43:21.100000,2025-07-03 12:48:03.600,36.843333333333334,16.652668600000002,18,1,osrm
478,delivered,2025-07-03 12:12:26,2025-07-03 12:23:32.582993,2025-07-03 12:23:32.582993,2025-07-03 12:22:27.500,10.025,0.0,24,1,osrm
479,delivered,2025-07-03 12:13:33,2025-07-03 12:27:22.726105,2025-07-03 12:27:22.726105,2025-07-03 12:23:10.700,9.628333333333334,0.0,15,1,osrm
480,delivered,2025-07-03 12:16:19,2025-07-03 12:29:48.127766,2025-07-03 12:29:48.127766,2025-07-03 12:25:11.500,8.875,0.0,14,1,osrm
481,delivered,2025-07-03 12:18:58,2025-07-03 12:29:22.934756,2025-07-03 12:29:22.934756,2025-07-03 12:29:23.500,10.425,0.0,23,1,osrm
482,delivered,2025-07-03 12:19:49,2025-07-03 12:35:42.703748,2025-07-03 12:35:42.703748,2025-07-03 12:29:03.000,9.233333333333333,0.0,22,1,osrm
483,delivered,2025-07-03 12:20:09,2025-07-03 12:29:14.137881,2025-07-03 12:29:14.137881,2025-07-03 12:26:24.500,6.258333333333334,0.0,21,1,osrm
484,delivered,2025-07-03 12:21:34,2025-07-03 12:34:10.954103,2025-07-03 12:34:10.954103,2025-07-03 12:32:28.100,10.901666666666667,0.0,30,1,osrm
485,delivered,2025-07-03 12:24:14,2025-07-03 12:37:01.035055,2025-07-03 12:37:01.035055,2025-07-03 12:30:22.800,6.1466666666666665,0.0,12,1,osrm
486,delivered,2025-07-03 12:26:12,2025-07-03 12:38:27.109796,2025-07-03 12:38:27.109796,2025-07-03 12:35:17.700,9.095,0.0,4,1,osrm
487,delivered,2025-07-03 12:28:23,2025-07-03 12:38:32.371980,2025-07-03 12:38:32.371980,2025-07-03 12:39:00.400,10.623333333333333,0.0,17,1,osrm
488,delivered,2025-07-03 12:29:23,2025-07-03 12:46:38.996993,2025-07-03 12:46:38.996993,2025-07-03 12:41:21.000,11.966666666666667,0.0,15,1,osrm
489,delivered,2025-07-03 12:31:36,2025-07-03 12:46:11.011574,2025-07-03 12:46:11.011574,2025-07-03 12:45:36.400,14.006666666666666,0.0,12,1,osrm
490,delivered,2025-07-03 12:33:16,2025-07-03 12:47:28.876241,2025-07-03 12:47:28.876241,2025-07-03 12:42:56.100,9.668333333333333,0.0,27,1,osrm
491,delivered,2025-07-03 12:35:16,2025-07-03 12:44:04.706750,2025-07-03 12:44:04.706750,2025-07-03 12:47:18.700,12.045,0.0,22,1,osrm
492,delivered,2025-07-03 12:35:00,2025-07-03 12:45:32.412381,2025-07-03 12:45:32.412381,2025-07-03 12:42:24.000,7.4,0.0,23,1,osrm
493,delivered,2025-07-03 12:36:16,2025-07-03 12:53:09.588718,2025-07-03 12:53:09.588718,2025-07-03 12:51:20.600,15.076666666666666,0.0,6,1,osrm
494,delivered,2025-07-03 12:37:21,2025-07-03 12:47:14.569095,2025-07-03 12:47:27.000000,2025-07-03 12:48:36.200,11.253333333333334,0.20718175,20,1,osrm
495,delivered,2025-07-03 12:38:22,2025-07-03 12:52:44.963893,2025-07-03 12:52:44.963893,2025-07-03 12:46:02.000,7.666666666666667,0.0,3,1,osrm
496,delivered,2025-07-03 12:38:40,2025-07-03 12:50:36.565183,2025-07-03 12:50:36.565183,2025-07-03 12:48:20.900,9.681666666666667,0.0,30,1,osrm
497,delivered,2025-07-03 12:45:15,2025-07-03 12:55:34.227427,2025-07-03 12:55:34.227427,2025-07-03 12:53:50.600,8.593333333333334,0.0,17,1,osrm
498,delivered,2025-07-03 12:47:47,2025-07-03 13:01:31.736396,2025-07-03 13:01:31.736396,2025-07-03 12:57:35.700,9.811666666666667,0.0,15,1,osrm
499,delivered,2025-07-03 12:48:59,2025-07-03 13:02:26.357276,2025-07-03 13:02:26.357276,2025-07-03 12:55:57.100,6.968333333333334,0.0,14,1,osrm
500,delivered,2025-07-03 12:48:31,2025-07-03 12:59:14.788468,2025-07-03 12:59:14.788468,2025-07-03 13:00:25.900,11.915,0.0,27,1,osrm
501,delivered,2025-07-03 12:49:31,2025-07-03 13:09:22.583690,2025-07-03 13:09:22.583690,2025-07-03 13:02:00.600,12.493333333333334,0.0,23,1,osrm
502,delivered,2025-07-03 12:49:10,2025-07-03 13:02:05.557665,2025-07-03 13:02:05.557665,2025-07-03 12:56:58.200,7.803333333333333,0.0,12,1,osrm
503,delivered,2025-07-03 12:49:20,2025-07-03 12:59:13.928347,2025-07-03 12:59:13.928347,2025-07-03 13:01:39.900,12.331666666666667,0.0,25,1,osrm
504,delivered,2025-07-03 12:50:22,2025-07-03 13:05:57.155139,2025-07-03 13:05:57.155139,2025-07-03 12:57:09.300,6.788333333333333,0.0,1,1,osrm
505,delivered,2025-07-03 12:52:22,2025-07-03 13:06:11.571470,2025-07-03 13:06:11.571470,2025-07-03 13:05:59.900,13.631666666666666,0.0,24,1,osrm
506,delivered,2025-07-03 12:53:36,2025-07-03 13:04:26.855691,2025-07-03 13:04:26.855691,2025-07-03 13:02:13.700,8.628333333333334,0.0,9,1,osrm
507,delivered,2025-07-03 12:53:34,2025-07-03 13:05:35.433944,2025-07-03 13:05:35.433944,2025-07-03 13:01:44.600,8.176666666666668,0.0,21,1,osrm
508,delivered,2025-07-03 12:54:11,2025-07-03 13:09:49.880658,2025-07-03 13:09:49.880658,2025-07-03 13:02:46.700,8.595,0.0,28,1,osrm
509,delivered,2025-07-03 12:54:50,2025-07-03 13:12:44.625964,2025-07-03 13:12:44.625964,2025-07-03 13:01:58.300,7.138333333333334,0.0,4,1,osrm
510,delivered,2025-07-03 12:57:11,2025-07-03 13:10:40.563118,2025-07-03 13:10:40.563118,2025-07-03 13:12:02.800,14.863333333333333,0.0,20,1,osrm
511,delivered,2025-07-03 12:57:58,2025-07-03 13:13:41.444179,2025-07-03 13:13:41.444179,2025-07-03 13:11:32.200,13.57,0.0,10,1,osrm
512,delivered,2025-07-03 12:58:52,2025-07-03 13:09:32.424747,2025-07-03 13:09:32.424747,2025-07-03 13:07:11.500,8.325,0.0,6,1,osrm
513,delivered,2025-07-03 12:59:02,2025-07-03 13:15:05.299923,2025-07-03 13:15:05.299923,2025-07-03 13:08:18.600,9.276666666666667,0.0,18,1,osrm
514,delivered,2025-07-03 13:01:07,2025-07-03 13:21:49.711565,2025-07-03 13:21:49.711565,2025-07-03 13:17:56.000,16.816666666666666,0.0,15,1,osrm
515,delivered,2025-07-03 13:01:33,2025-07-03 13:14:57.671974,2025-07-03 13:14:57.671974,2025-07-03 13:13:11.000,11.633333333333333,0.0,26,1,osrm
516,delivered,2025-07-03 13:01:14,2025-07-03 13:13:00.436677,2025-07-03 13:13:00.436677,2025-07-03 13:17:15.200,16.02,0.0,12,1,osrm
517,delivered,2025-07-03 13:01:59,2025-07-03 13:14:57.698507,2025-07-03 13:14:57.698507,2025-07-03 13:16:04.600,14.093333333333334,0.0,14,1,osrm
518,delivered,2025-07-03 13:02:00,2025-07-03 13:18:06.073814,2025-07-03 13:18:06.073814,2025-07-03 13:11:22.100,9.368333333333334,0.0,3,1,osrm
519,delivered,2025-07-03 13:04:14,2025-07-03 13:17:11.694703,2025-07-03 13:17:11.694703,2025-07-03 13:17:21.000,13.116666666666667,0.0,1,1,osrm
520,delivered,2025-07-03 13:04:14,2025-07-03 13:14:19.737372,2025-07-03 13:14:19.737372,2025-07-03 13:17:46.700,13.545,0.0,29,1,osrm
521,delivered,2025-07-03 13:08:49,2025-07-03 13:17:41.661190,2025-07-03 13:17:41.661190,2025-07-03 13:18:08.800,9.33,0.0,22,1,osrm
522,delivered,2025-07-03 13:09:23,2025-07-03 13:16:10.077711,2025-07-03 13:16:10.077711,2025-07-03 13:18:22.400,8.99,0.0,5,1,osrm
523,delivered,2025-07-03 13:10:47,2025-07-03 13:19:03.954178,2025-07-03 13:19:03.954178,2025-07-03 13:18:11.000,7.4,0.0,9,1,osrm
524,delivered,2025-07-03 13:11:11,2025-07-03 13:27:04.579201,2025-07-03 13:27:04.579201,2025-07-03 13:25:00.800,13.83,0.0,28,1,osrm
525,delivered,2025-07-03 13:11:03,2025-07-03 13:28:12.045253,2025-07-03 13:28:12.045253,2025-07-03 13:21:55.400,10.873333333333333,0.0,8,1,osrm
526,delivered,2025-07-03 13:11:48,2025-07-03 13:23:48.646728,2025-07-03 13:23:48.646728,2025-07-03 13:29:19.100,17.51833333333333,0.0,25,1,osrm
527,delivered,2025-07-03 13:12:17,2025-07-03 13:24:32.350072,2025-07-03 13:24:32.350072,2025-07-03 13:21:47.700,9.511666666666667,0.0,4,1,osrm
528,delivered,2025-07-03 13:13:46,2025-07-03 13:24:35.774716,2025-07-03 13:24:35.774716,2025-07-03 13:25:28.600,11.71,0.0,24,1,osrm
529,delivered,2025-07-03 13:19:00,2025-07-03 13:42:02.806804,2025-07-03 13:42:02.806804,2025-07-03 13:32:06.900,13.115,0.0,9,1,osrm
530,delivered,2025-07-03 13:20:05,2025-07-03 13:33:44.548112,2025-07-03 13:33:44.548112,2025-07-03 13:28:45.100,8.668333333333333,0.0,18,1,osrm
531,delivered,2025-07-03 13:22:12,2025-07-03 13:29:35.866529,2025-07-03 13:30:36.600000,2025-07-03 13:35:04.500,12.875,1.0122245166666668,26,1,osrm
532,delivered,2025-07-03 13:22:53,2025-07-03 13:34:47.818669,2025-07-03 13:34:47.818669,2025-07-03 13:35:34.200,12.686666666666667,0.0,22,1,osrm
533,delivered,2025-07-03 13:23:39,2025-07-03 13:32:18.612091,2025-07-03 13:32:18.612091,2025-07-03 13:33:44.200,10.086666666666668,0.0,15,1,osrm
534,delivered,2025-07-03 13:24:36,2025-07-03 13:38:30.434307,2025-07-03 13:38:30.434307,2025-07-03 13:34:14.300,9.638333333333332,0.0,14,1,osrm
535,delivered,2025-07-03 13:25:07,2025-07-03 13:37:17.194487,2025-07-03 13:37:17.194487,2025-07-03 13:31:17.100,6.168333333333334,0.0,1,1,osrm
536,delivered,2025-07-03 13:28:30,2025-07-03 13:42:20.502855,2025-07-03 13:42:20.502855,2025-07-03 13:38:25.400,9.923333333333334,0.0,17,1,osrm
537,delivered,2025-07-03 13:28:43,2025-07-03 13:43:13.407463,2025-07-03 13:43:13.407463,2025-07-03 13:40:18.100,11.585,0.0,3,1,osrm
538,delivered,2025-07-03 13:29:32,2025-07-03 13:42:48.350002,2025-07-03 13:42:48.350002,2025-07-03 13:37:57.700,8.428333333333333,0.0,2,1,osrm
539,delivered,2025-07-03 13:30:44,2025-07-03 13:45:07.457550,2025-07-03 13:45:07.457550,2025-07-03 13:40:31.800,9.796666666666665,0.0,8,1,osrm
540,delivered,2025-07-03 13:33:52,2025-07-03 13:40:44.430300,2025-07-03 13:40:44.430300,2025-07-03 13:46:17.800,12.43,0.0,18,1,osrm
541,delivered,2025-07-03 13:35:48,2025-07-03 13:48:31.757678,2025-07-03 13:48:31.757678,2025-07-03 13:43:13.100,7.418333333333334,0.0,24,1,osrm
542,delivered,2025-07-03 13:35:07,2025-07-03 13:43:09.280776,2025-07-03 13:43:09.280776,2025-07-03 13:40:01.900,4.915,0.0,27,1,osrm
543,delivered,2025-07-03 13:35:21,2025-07-03 13:49:09.176011,2025-07-03 13:49:09.176011,2025-07-03 13:42:53.600,7.543333333333334,0.0,25,1,osrm
544,delivered,2025-07-03 13:36:54,2025-07-03 13:49:26.974308,2025-07-03 13:49:26.974308,2025-07-03 13:44:55.200,8.02,0.0,4,1,osrm
545,delivered,2025-07-03 13:46:03,2025-07-03 14:00:30.481542,2025-07-03 14:00:30.481542,2025-07-03 13:55:56.300,9.888333333333332,0.0,4,1,osrm
546,delivered,2025-07-03 13:48:20,2025-07-03 13:59:09.130137,2025-07-03 13:59:09.130137,2025-07-03 13:57:43.600,9.393333333333334,0.0,25,1,osrm
547,delivered,2025-07-03 13:49:38,2025-07-03 14:05:15.033100,2025-07-03 14:05:15.033100,2025-07-03 13:57:59.200,8.353333333333333,0.0,8,1,osrm
548,delivered,2025-07-03 13:50:04,2025-07-03 14:01:36.170882,2025-07-03 14:01:36.170882,2025-07-03 13:56:24.200,6.336666666666667,0.0,21,1,osrm
549,delivered,2025-07-03 13:50:01,2025-07-03 13:58:46.447994,2025-07-03 13:58:46.447994,2025-07-03 13:57:37.600,7.61,0.0,20,1,osrm
550,delivered,2025-07-03 13:51:19,2025-07-03 14:02:14.739180,2025-07-03 14:02:14.739180,2025-07-03 14:05:20.900,14.031666666666666,0.0,9,1,osrm
551,delivered,2025-07-03 13:52:55,2025-07-03 14:07:53.043461,2025-07-03 14:07:53.043461,2025-07-03 14:02:52.500,9.958333333333334,0.0,18,1,osrm
552,delivered,2025-07-03 13:53:40,2025-07-03 14:03:47.737247,2025-07-03 14:03:47.737247,2025-07-03 14:03:38.800,9.979999999999999,0.0,3,1,osrm
553,delivered,2025-07-03 13:59:29,2025-07-03 14:07:07.634021,2025-07-03 14:07:07.634021,2025-07-03 14:06:35.100,7.1016666666666675,0.0,16,1,osrm
554,delivered,2025-07-03 13:59:40,2025-07-03 14:08:27.532651,2025-07-03 14:08:27.532651,2025-07-03 14:08:29.000,8.816666666666666,0.0,15,1,osrm
555,delivered,2025-07-03 14:04:32,2025-07-03 14:16:48.008858,2025-07-03 14:16:48.008858,2025-07-03 14:13:51.800,9.33,0.0,30,1,osrm
556,delivered,2025-07-03 14:05:58,2025-07-03 14:17:53.442694,2025-07-03 14:17:53.442694,2025-07-03 14:18:13.800,12.263333333333332,0.0,23,1,osrm
557,delivered,2025-07-03 14:06:47,2025-07-03 14:19:21.200795,2025-07-03 14:19:21.200795,2025-07-03 14:18:54.800,12.129999999999999,0.0,21,1,osrm
558,delivered,2025-07-03 14:07:38,2025-07-03 14:20:25.143424,2025-07-03 14:20:25.143424,2025-07-03 14:16:40.200,9.036666666666667,0.0,2,1,osrm
559,delivered,2025-07-03 14:07:50,2025-07-03 14:18:49.112483,2025-07-03 14:18:49.112483,2025-07-03 14:17:31.800,9.696666666666665,0.0,24,1,osrm
560,delivered,2025-07-03 14:08:15,2025-07-03 14:23:31.489831,2025-07-03 14:23:31.489831,2025-07-03 14:17:45.400,9.506666666666666,0.0,9,1,osrm
561,delivered,2025-07-03 14:09:09,2025-07-03 14:18:19.434867,2025-07-03 14:18:19.434867,2025-07-03 14:16:24.500,7.258333333333334,0.0,26,1,osrm
562,delivered,2025-07-03 14:14:33,2025-07-03 14:24:35.343493,2025-07-03 14:24:35.343493,2025-07-03 14:21:37.000,7.066666666666666,0.0,17,1,osrm
563,delivered,2025-07-03 14:15:18,2025-07-03 14:20:45.649657,2025-07-03 14:20:45.649657,2025-07-03 14:22:38.000,7.333333333333333,0.0,18,1,osrm
564,delivered,2025-07-03 14:17:27,2025-07-03 14:34:12.378426,2025-07-03 14:34:12.378426,2025-07-03 14:28:06.300,10.655,0.0,27,1,osrm
565,delivered,2025-07-03 14:20:43,2025-07-03 14:33:25.029088,2025-07-03 14:33:25.029088,2025-07-03 14:25:33.400,4.84,0.0,6,1,osrm
566,delivered,2025-07-03 14:20:48,2025-07-03 14:31:04.048906,2025-07-03 14:31:04.048906,2025-07-03 14:29:19.800,8.53,0.0,30,1,osrm
567,delivered,2025-07-03 14:21:25,2025-07-03 14:31:11.238680,2025-07-03 14:31:29.400000,2025-07-03 14:33:45.900,12.348333333333333,0.30268866666666666,21,1,osrm
568,delivered,2025-07-03 14:22:35,2025-07-03 14:36:33.932054,2025-07-03 14:36:33.932054,2025-07-03 14:31:48.200,9.22,0.0,25,1,osrm
569,delivered,2025-07-03 14:23:59,2025-07-03 14:39:25.180001,2025-07-03 14:39:25.180001,2025-07-03 14:33:41.700,9.711666666666668,0.0,26,1,osrm
570,delivered,2025-07-03 14:25:18,2025-07-03 14:38:58.063404,2025-07-03 14:38:58.063404,2025-07-03 14:34:55.200,9.620000000000001,0.0,9,1,osrm
571,delivered,2025-07-03 14:26:15,2025-07-03 14:35:02.232222,2025-07-03 14:35:02.232222,2025-07-03 14:39:29.400,13.24,0.0,6,1,osrm
572,delivered,2025-07-03 14:31:39,2025-07-03 14:48:36.696330,2025-07-03 14:48:36.696330,2025-07-03 14:45:09.200,13.503333333333334,0.0,16,1,osrm
573,delivered,2025-07-03 14:31:54,2025-07-03 14:37:34.018761,2025-07-03 14:39:33.100000,2025-07-03 14:41:50.700,9.945,1.9846873166666665,17,1,osrm
574,delivered,2025-07-03 14:32:20,2025-07-03 14:45:36.485020,2025-07-03 14:45:36.485020,2025-07-03 14:44:22.200,12.036666666666667,0.0,27,1,osrm
575,delivered,2025-07-03 14:33:38,2025-07-03 14:43:45.349157,2025-07-03 14:43:45.349157,2025-07-03 14:42:35.500,8.958333333333334,0.0,10,1,osrm
576,delivered,2025-07-03 14:33:41,2025-07-03 14:43:05.093668,2025-07-03 14:43:05.093668,2025-07-03 14:42:20.300,8.655,0.0,19,1,osrm
577,delivered,2025-07-03 14:34:59,2025-07-03 14:47:46.303879,2025-07-03 14:47:46.303879,2025-07-03 14:43:37.800,8.646666666666667,0.0,2,1,osrm
578,delivered,2025-07-03 14:37:26,2025-07-03 14:52:22.076592,2025-07-03 14:52:22.076592,2025-07-03 14:47:33.100,10.118333333333334,0.0,28,1,osrm
579,delivered,2025-07-03 14:41:23,2025-07-03 14:55:41.601245,2025-07-03 14:55:41.601245,2025-07-03 14:53:28.200,12.086666666666668,0.0,30,1,osrm
580,delivered,2025-07-03 14:44:36,2025-07-03 14:59:37.231399,2025-07-03 14:59:37.231399,2025-07-03 14:52:18.200,7.703333333333333,0.0,6,1,osrm
581,delivered,2025-07-03 14:44:46,2025-07-03 14:54:52.685068,2025-07-03 14:54:52.685068,2025-07-03 14:56:20.000,11.566666666666666,0.0,23,1,osrm
582,delivered,2025-07-03 14:44:19,2025-07-03 15:01:28.695856,2025-07-03 15:01:28.695856,2025-07-03 14:53:36.500,9.291666666666666,0.0,13,1,osrm
583,delivered,2025-07-03 14:44:04,2025-07-03 14:58:24.073152,2025-07-03 14:58:24.073152,2025-07-03 14:51:23.100,7.318333333333333,0.0,25,1,osrm
584,delivered,2025-07-03 14:45:12,2025-07-03 14:58:51.682916,2025-07-03 14:58:51.682916,2025-07-03 14:57:44.900,12.548333333333334,0.0,8,1,osrm
585,delivered,2025-07-03 14:46:32,2025-07-03 14:54:34.614285,2025-07-03 14:57:10.200000,2025-07-03 15:01:58.200,15.436666666666667,2.5930952499999997,10,1,osrm
586,delivered,2025-07-03 14:46:59,2025-07-03 14:57:50.311606,2025-07-03 14:57:50.311606,2025-07-03 14:56:46.200,9.786666666666667,0.0,16,1,osrm
587,delivered,2025-07-03 14:50:31,2025-07-03 15:08:15.508718,2025-07-03 15:08:15.508718,2025-07-03 14:59:23.000,8.866666666666667,0.0,2,1,osrm
588,delivered,2025-07-03 14:51:36,2025-07-03 15:01:17.006133,2025-07-03 15:02:06.400000,2025-07-03 15:05:21.000,13.75,0.8232311166666667,17,1,osrm
589,delivered,2025-07-03 14:51:37,2025-07-03 15:03:04.295164,2025-07-03 15:03:04.295164,2025-07-03 15:07:50.100,16.218333333333334,0.0,27,1,osrm
590,delivered,2025-07-03 14:52:30,2025-07-03 15:01:34.978040,2025-07-03 15:01:34.978040,2025-07-03 15:04:16.500,11.775,0.0,18,1,osrm
591,delivered,2025-07-03 14:53:30,2025-07-03 15:08:23.673862,2025-07-03 15:08:23.673862,2025-07-03 15:07:42.200,14.203333333333335,0.0,20,1,osrm
592,delivered,2025-07-03 14:55:09,2025-07-03 15:11:28.060356,2025-07-03 15:11:28.060356,2025-07-03 15:02:26.100,7.285,0.0,28,1,osrm
593,delivered,2025-07-03 14:59:03,2025-07-03 15:12:49.048672,2025-07-03 15:12:49.048672,2025-07-03 15:09:26.200,10.386666666666667,0.0,22,1,osrm
594,delivered,2025-07-03 14:59:56,2025-07-03 15:11:56.770057,2025-07-03 15:11:56.770057,2025-07-03 15:09:32.900,9.615,0.0,25,1,osrm
595,delivered,2025-07-03 15:00:54,2025-07-03 15:09:10.111488,2025-07-03 15:12:14.800000,2025-07-03 15:15:03.900,14.165,3.078141866666667,16,1,osrm
596,delivered,2025-07-03 15:00:47,2025-07-03 15:08:38.467144,2025-07-03 15:08:38.467144,2025-07-03 15:10:29.400,9.706666666666667,0.0,30,1,osrm
597,delivered,2025-07-03 15:02:34,2025-07-03 15:12:49.365499,2025-07-03 15:12:49.365499,2025-07-03 15:16:36.300,14.038333333333332,0.0,2,1,osrm
598,delivered,2025-07-03 15:03:54,2025-07-03 15:13:45.017743,2025-07-03 15:13:45.017743,2025-07-03 15:14:08.500,10.241666666666667,0.0,12,1,osrm
599,delivered,2025-07-03 15:03:50,2025-07-03 15:21:05.551037,2025-07-03 15:21:05.551037,2025-07-03 15:17:05.300,13.254999999999999,0.0,14,1,osrm
600,delivered,2025-07-03 15:03:33,2025-07-03 15:19:20.861676,2025-07-03 15:19:20.861676,2025-07-03 15:09:36.000,6.05,0.0,23,1,osrm
601,delivered,2025-07-03 15:04:36,2025-07-03 15:15:36.479153,2025-07-03 15:15:36.479153,2025-07-03 15:15:39.400,11.056666666666667,0.0,13,1,osrm
602,delivered,2025-07-03 15:06:17,2025-07-03 15:19:38.007282,2025-07-03 15:19:38.007282,2025-07-03 15:20:08.000,13.85,0.0,28,1,osrm
603,delivered,2025-07-03 15:06:15,2025-07-03 15:18:45.639559,2025-07-03 15:18:45.639559,2025-07-03 15:20:00.600,13.76,0.0,10,1,osrm
604,delivered,2025-07-03 15:07:00,2025-07-03 15:21:32.221967,2025-07-03 15:21:32.221967,2025-07-03 15:16:31.100,9.518333333333334,0.0,18,1,osrm
605,delivered,2025-07-03 15:10:56,2025-07-03 15:16:31.210216,2025-07-03 15:18:44.100000,2025-07-03 15:21:18.300,10.371666666666666,2.214829733333333,20,1,osrm
606,delivered,2025-07-03 15:10:48,2025-07-03 15:27:14.741551,2025-07-03 15:27:14.741551,2025-07-03 15:21:12.300,10.405,0.0,4,1,osrm
607,delivered,2025-07-03 15:12:14,2025-07-03 15:21:31.453184,2025-07-03 15:21:31.453184,2025-07-03 15:22:39.200,10.42,0.0,23,1,osrm
608,delivered,2025-07-03 15:12:26,2025-07-03 15:27:35.283554,2025-07-03 15:27:35.283554,2025-07-03 15:23:29.000,11.05,0.0,30,1,osrm
609,delivered,2025-07-03 15:13:23,2025-07-03 15:23:12.360292,2025-07-03 15:23:12.360292,2025-07-03 15:21:04.700,7.694999999999999,0.0,27,1,osrm
610,delivered,2025-07-03 15:15:10,2025-07-03 15:29:09.544274,2025-07-03 15:29:09.544274,2025-07-03 15:21:22.000,6.2,0.0,8,1,osrm
611,delivered,2025-07-03 15:19:26,2025-07-03 15:31:31.337643,2025-07-03 15:31:31.337643,2025-07-03 15:28:13.400,8.79,0.0,13,1,osrm
612,delivered,2025-07-03 15:19:04,2025-07-03 15:27:49.005118,2025-07-03 15:27:49.005118,2025-07-03 15:28:43.800,9.663333333333332,0.0,7,1,osrm
613,delivered,2025-07-03 15:20:34,2025-07-03 15:29:52.932384,2025-07-03 15:29:52.932384,2025-07-03 15:28:29.700,7.928333333333333,0.0,9,1,osrm
614,delivered,2025-07-03 15:22:03,2025-07-03 15:38:37.218144,2025-07-03 15:38:37.218144,2025-07-03 15:34:07.800,12.08,0.0,14,1,osrm
615,delivered,2025-07-03 15:23:32,2025-07-03 15:35:23.623498,2025-07-03 15:35:23.623498,2025-07-03 15:31:57.400,8.423333333333334,0.0,12,1,osrm
616,delivered,2025-07-03 15:23:35,2025-07-03 15:37:43.470034,2025-07-03 15:37:43.470034,2025-07-03 15:33:56.800,10.363333333333333,0.0,18,1,osrm
617,delivered,2025-07-03 15:24:42,2025-07-03 15:40:47.778255,2025-07-03 15:40:47.778255,2025-07-03 15:32:39.300,7.955,0.0,3,1,osrm
618,delivered,2025-07-03 15:24:20,2025-07-03 15:36:42.650147,2025-07-03 15:36:42.650147,2025-07-03 15:35:07.600,10.793333333333333,0.0,17,1,osrm
619,delivered,2025-07-03 15:24:25,2025-07-03 15:35:10.681262,2025-07-03 15:35:10.681262,2025-07-03 15:33:36.900,9.198333333333332,0.0,11,1,osrm
620,delivered,2025-07-03 15:24:55,2025-07-03 15:37:06.440492,2025-07-03 15:37:06.440492,2025-07-03 15:33:40.800,8.763333333333332,0.0,28,1,osrm
621,delivered,2025-07-03 15:25:02,2025-07-03 15:36:29.014143,2025-07-03 15:36:29.014143,2025-07-03 15:35:17.100,10.251666666666667,0.0,15,1,osrm
622,delivered,2025-07-03 15:27:17,2025-07-03 15:42:00.224054,2025-07-03 15:42:00.224054,2025-07-03 15:38:31.400,11.24,0.0,10,1,osrm
623,delivered,2025-07-03 15:27:41,2025-07-03 15:39:32.700795,2025-07-03 15:39:32.700795,2025-07-03 15:37:32.900,9.865,0.0,2,1,osrm
624,delivered,2025-07-03 15:27:24,2025-07-03 15:38:24.617976,2025-07-03 15:38:24.617976,2025-07-03 15:39:49.000,12.416666666666666,0.0,25,1,osrm
625,delivered,2025-07-03 15:28:09,2025-07-03 15:39:46.253514,2025-07-03 15:39:46.253514,2025-07-03 15:37:46.000,9.616666666666667,0.0,27,1,osrm
626,delivered,2025-07-03 15:30:59,2025-07-03 15:46:36.105033,2025-07-03 15:46:36.105033,2025-07-03 15:40:37.000,9.633333333333333,0.0,6,1,osrm
627,delivered,2025-07-03 15:31:06,2025-07-03 15:40:45.284525,2025-07-03 15:42:05.800000,2025-07-03 15:45:15.100,14.151666666666667,1.3419245833333333,16,1,osrm
628,delivered,2025-07-03 15:31:12,2025-07-03 15:41:08.161346,2025-07-03 15:41:18.300000,2025-07-03 15:42:42.700,11.511666666666667,0.1689775666666667,7,1,osrm
629,delivered,2025-07-03 15:33:35,2025-07-03 15:48:59.471590,2025-07-03 15:48:59.471590,2025-07-03 15:47:36.800,14.03,0.0,8,1,osrm
630,delivered,2025-07-03 15:33:03,2025-07-03 15:44:13.571530,2025-07-03 15:44:13.571530,2025-07-03 15:45:06.100,12.051666666666668,0.0,29,1,osrm
631,delivered,2025-07-03 15:33:58,2025-07-03 15:46:16.547377,2025-07-03 15:46:16.547377,2025-07-03 15:44:11.300,10.221666666666666,0.0,9,1,osrm
632,delivered,2025-07-03 15:33:04,2025-07-03 15:46:35.514658,2025-07-03 15:46:35.514658,2025-07-03 15:41:02.100,7.968333333333334,0.0,26,1,osrm
633,delivered,2025-07-03 15:35:09,2025-07-03 15:43:54.586646,2025-07-03 15:43:54.586646,2025-07-03 15:42:06.600,6.96,0.0,23,1,osrm
634,delivered,2025-07-03 15:37:49,2025-07-03 15:48:26.860395,2025-07-03 15:48:26.860395,2025-07-03 15:49:53.000,12.066666666666666,0.0,22,1,osrm
635,delivered,2025-07-03 15:38:57,2025-07-03 15:46:33.013296,2025-07-03 15:46:33.013296,2025-07-03 15:47:04.600,8.126666666666667,0.0,14,1,osrm
636,delivered,2025-07-03 15:40:31,2025-07-03 15:55:57.145031,2025-07-03 15:55:57.145031,2025-07-03 15:49:46.300,9.254999999999999,0.0,4,1,osrm
637,delivered,2025-07-03 15:41:07,2025-07-03 15:46:47.953517,2025-07-03 15:52:16.800000,2025-07-03 15:54:56.900,13.831666666666667,5.480774716666667,10,1,osrm
638,delivered,2025-07-03 15:41:56,2025-07-03 15:51:37.523916,2025-07-03 15:51:37.523916,2025-07-03 15:52:39.600,10.726666666666667,0.0,12,1,osrm
639,delivered,2025-07-03 15:41:52,2025-07-03 15:56:17.239633,2025-07-03 15:56:17.239633,2025-07-03 15:55:21.600,13.493333333333334,0.0,27,1,osrm
640,delivered,2025-07-03 15:43:17,2025-07-03 15:56:10.943132,2025-07-03 15:56:10.943132,2025-07-03 15:53:13.900,9.948333333333332,0.0,17,1,osrm
641,delivered,2025-07-03 15:45:20,2025-07-03 15:57:23.130704,2025-07-03 15:57:23.130704,2025-07-03 15:55:48.300,10.471666666666666,0.0,18,1,osrm
642,delivered,2025-07-03 15:47:22,2025-07-03 15:56:48.183714,2025-07-03 15:56:48.183714,2025-07-03 16:00:10.600,12.81,0.0,29,1,osrm
643,delivered,2025-07-03 15:50:05,2025-07-03 16:03:33.394466,2025-07-03 16:03:33.394466,2025-07-03 15:56:03.200,5.97,0.0,6,1,osrm
644,delivered,2025-07-03 15:50:57,2025-07-03 15:57:42.453043,2025-07-03 15:59:18.700000,2025-07-03 16:04:13.900,13.281666666666666,1.60411595,8,1,osrm
645,delivered,2025-07-03 15:50:48,2025-07-03 15:59:58.473694,2025-07-03 15:59:58.473694,2025-07-03 15:58:24.500,7.608333333333333,0.0,16,1,osrm
646,delivered,2025-07-03 15:52:14,2025-07-03 16:05:18.228057,2025-07-03 16:05:18.228057,2025-07-03 16:03:10.800,10.946666666666665,0.0,22,1,osrm
647,delivered,2025-07-03 15:52:38,2025-07-03 16:01:51.778038,2025-07-03 16:01:51.778038,2025-07-03 16:04:23.300,11.754999999999999,0.0,9,1,osrm
648,delivered,2025-07-03 15:52:04,2025-07-03 16:04:47.049911,2025-07-03 16:04:47.049911,2025-07-03 16:02:55.100,10.851666666666667,0.0,26,1,osrm
649,delivered,2025-07-03 15:53:40,2025-07-03 16:06:55.159475,2025-07-03 16:06:55.159475,2025-07-03 16:03:15.300,9.588333333333333,0.0,23,1,osrm
650,delivered,2025-07-03 15:54:03,2025-07-03 16:04:51.348241,2025-07-03 16:04:51.348241,2025-07-03 16:06:53.600,12.843333333333334,0.0,13,1,osrm
651,delivered,2025-07-03 15:55:02,2025-07-03 16:09:21.384187,2025-07-03 16:09:21.384187,2025-07-03 16:02:14.500,7.208333333333333,0.0,15,1,osrm
652,delivered,2025-07-03 15:56:08,2025-07-03 16:06:46.268675,2025-07-03 16:06:46.268675,2025-07-03 16:09:49.900,13.698333333333332,0.0,2,1,osrm
653,delivered,2025-07-03 15:56:06,2025-07-03 16:10:05.276281,2025-07-03 16:10:05.276281,2025-07-03 16:07:57.900,11.865,0.0,11,1,osrm
654,delivered,2025-07-03 15:56:09,2025-07-03 16:11:04.786356,2025-07-03 16:11:04.786356,2025-07-03 16:10:30.500,14.358333333333333,0.0,12,1,osrm
655,delivered,2025-07-03 15:57:30,2025-07-03 16:16:26.643570,2025-07-03 16:16:26.643570,2025-07-03 16:07:42.000,10.2,0.0,3,1,osrm
656,delivered,2025-07-03 15:57:43,2025-07-03 16:08:10.795846,2025-07-03 16:08:10.795846,2025-07-03 16:09:14.200,11.520000000000001,0.0,27,1,osrm
657,delivered,2025-07-03 15:59:14,2025-07-03 16:08:08.393419,2025-07-03 16:08:08.393419,2025-07-03 16:11:11.500,11.958333333333334,0.0,17,1,osrm
658,delivered,2025-07-03 15:59:41,2025-07-03 16:10:42.444491,2025-07-03 16:10:42.444491,2025-07-03 16:11:40.600,11.993333333333334,0.0,30,1,osrm
659,delivered,2025-07-03 15:59:24,2025-07-03 16:15:18.914238,2025-07-03 16:15:18.914238,2025-07-03 16:09:23.600,9.993333333333334,0.0,10,1,osrm
660,delivered,2025-07-03 16:00:25,2025-07-03 16:13:31.948152,2025-07-03 16:13:31.948152,2025-07-03 16:11:04.900,10.665,0.0,7,1,osrm
661,delivered,2025-07-03 16:00:46,2025-07-03 16:12:43.957190,2025-07-03 16:12:43.957190,2025-07-03 16:08:57.000,8.183333333333334,0.0,18,1,osrm
662,delivered,2025-07-03 16:01:20,2025-07-03 16:12:19.067742,2025-07-03 16:13:07.600000,2025-07-03 16:16:03.800,14.729999999999999,0.8088709666666667,20,1,osrm
663,delivered,2025-07-03 16:02:32,2025-07-03 16:11:59.460218,2025-07-03 16:11:59.460218,2025-07-03 16:11:37.800,9.096666666666666,0.0,29,1,osrm
664,delivered,2025-07-03 16:03:55,2025-07-03 16:15:45.685739,2025-07-03 16:15:45.685739,2025-07-03 16:15:56.200,12.020000000000001,0.0,25,1,osrm
665,delivered,2025-07-03 16:04:01,2025-07-03 16:15:26.311934,2025-07-03 16:15:26.311934,2025-07-03 16:15:22.000,11.35,0.0,5,1,osrm
666,delivered,2025-07-03 16:04:12,2025-07-03 16:11:46.209298,2025-07-03 16:11:46.209298,2025-07-03 16:12:08.700,7.944999999999999,0.0,16,1,osrm
667,delivered,2025-07-03 16:05:33,2025-07-03 16:19:11.408800,2025-07-03 16:19:11.408800,2025-07-03 16:14:50.500,9.291666666666666,0.0,19,1,osrm
668,delivered,2025-07-03 16:06:29,2025-07-03 16:23:00.657541,2025-07-03 16:23:00.657541,2025-07-03 16:19:24.200,12.92,0.0,9,1,osrm
669,delivered,2025-07-03 16:06:58,2025-07-03 16:19:09.687228,2025-07-03 16:19:09.687228,2025-07-03 16:18:52.500,11.908333333333333,0.0,8,1,osrm
670,delivered,2025-07-03 16:06:18,2025-07-03 16:21:43.599160,2025-07-03 16:21:43.599160,2025-07-03 16:15:26.700,9.145000000000001,0.0,26,1,osrm
671,delivered,2025-07-03 16:07:38,2025-07-03 16:20:10.094370,2025-07-03 16:20:10.094370,2025-07-03 16:23:14.400,15.606666666666666,0.0,1,1,osrm
672,delivered,2025-07-03 16:08:35,2025-07-03 16:24:32.316530,2025-07-03 16:24:32.316530,2025-07-03 16:21:05.200,12.503333333333334,0.0,22,1,osrm
673,delivered,2025-07-03 16:09:54,2025-07-03 16:20:13.464131,2025-07-03 16:20:13.464131,2025-07-03 16:18:03.500,8.158333333333333,0.0,21,1,osrm
674,delivered,2025-07-03 16:09:59,2025-07-03 16:22:31.735971,2025-07-03 16:22:31.735971,2025-07-03 16:19:24.200,9.42,0.0,15,1,osrm
675,delivered,2025-07-03 16:10:50,2025-07-03 16:24:01.995686,2025-07-03 16:24:01.995686,2025-07-03 16:19:19.400,8.49,0.0,23,1,osrm
676,delivered,2025-07-03 16:10:57,2025-07-03 16:23:36.301529,2025-07-03 16:23:36.301529,2025-07-03 16:25:36.300,14.655,0.0,3,1,osrm
677,delivered,2025-07-03 16:11:38,2025-07-03 16:22:24.116858,2025-07-03 16:22:24.116858,2025-07-03 16:25:15.700,13.628333333333334,0.0,10,1,osrm
678,delivered,2025-07-03 16:11:26,2025-07-03 16:21:20.501439,2025-07-03 16:22:36.000000,2025-07-03 16:25:43.100,14.285,1.25830935,24,1,osrm
679,delivered,2025-07-03 16:11:33,2025-07-03 16:22:17.902859,2025-07-03 16:22:17.902859,2025-07-03 16:21:55.200,10.370000000000001,0.0,13,1,osrm
680,delivered,2025-07-03 16:11:57,2025-07-03 16:28:05.052698,2025-07-03 16:28:05.052698,2025-07-03 16:20:55.100,8.968333333333334,0.0,2,1,osrm
681,delivered,2025-07-03 16:14:22,2025-07-03 16:32:16.526636,2025-07-03 16:32:16.526636,2025-07-03 16:24:42.400,10.34,0.0,27,1,osrm
682,delivered,2025-07-03 16:14:06,2025-07-03 16:23:22.605878,2025-07-03 16:23:22.605878,2025-07-03 16:22:35.500,8.491666666666667,0.0,18,1,osrm
683,delivered,2025-07-03 16:14:19,2025-07-03 16:23:44.444052,2025-07-03 16:23:44.444052,2025-07-03 16:22:45.000,8.433333333333334,0.0,28,1,osrm
684,delivered,2025-07-03 16:14:15,2025-07-03 16:29:40.075173,2025-07-03 16:29:40.075173,2025-07-03 16:25:49.400,11.573333333333332,0.0,6,1,osrm
685,delivered,2025-07-03 16:15:51,2025-07-03 16:32:04.760199,2025-07-03 16:32:04.760199,2025-07-03 16:25:23.700,9.545,0.0,12,1,osrm
686,delivered,2025-07-03 16:15:52,2025-07-03 16:35:35.280302,2025-07-03 16:35:35.280302,2025-07-03 16:24:16.200,8.403333333333332,0.0,11,1,osrm
687,delivered,2025-07-03 16:15:40,2025-07-03 16:29:10.074233,2025-07-03 16:29:10.074233,2025-07-03 16:24:56.900,9.281666666666666,0.0,14,1,osrm
688,delivered,2025-07-03 16:16:58,2025-07-03 16:22:34.620278,2025-07-03 16:25:48.000000,2025-07-03 16:29:42.100,12.735000000000001,3.2229953666666664,26,1,osrm
689,delivered,2025-07-03 16:16:32,2025-07-03 16:26:26.204193,2025-07-03 16:26:26.204193,2025-07-03 16:26:52.500,10.341666666666667,0.0,16,1,osrm
690,delivered,2025-07-03 16:17:59,2025-07-03 16:35:58.354393,2025-07-03 16:35:58.354393,2025-07-03 16:26:41.900,8.715,0.0,19,1,osrm
691,delivered,2025-07-03 16:17:05,2025-07-03 16:29:54.552402,2025-07-03 16:29:54.552402,2025-07-03 16:25:46.900,8.698333333333332,0.0,7,1,osrm
692,delivered,2025-07-03 16:18:10,2025-07-03 16:26:26.493648,2025-07-03 16:26:37.700000,2025-07-03 16:28:36.300,10.438333333333333,0.18677253333333335,17,1,osrm
693,delivered,2025-07-03 16:18:22,2025-07-03 16:31:56.624492,2025-07-03 16:31:56.624492,2025-07-03 16:31:09.700,12.795,0.0,30,1,osrm
694,delivered,2025-07-03 16:20:07,2025-07-03 16:31:21.817399,2025-07-03 16:31:21.817399,2025-07-03 16:31:02.000,10.916666666666666,0.0,5,1,osrm
695,delivered,2025-07-03 16:20:34,2025-07-03 16:31:43.459576,2025-07-03 16:31:43.459576,2025-07-03 16:32:22.700,11.811666666666667,0.0,4,1,osrm
696,delivered,2025-07-03 16:20:11,2025-07-03 16:31:33.672933,2025-07-03 16:31:33.672933,2025-07-03 16:28:07.200,7.9366666666666665,0.0,29,1,osrm
697,delivered,2025-07-03 16:21:32,2025-07-03 16:29:05.096292,2025-07-03 19:09:28.600000,2025-07-03 19:14:08.400,172.60666666666665,160.39172846666668,2,1,osrm
698,delivered,2025-07-03 16:22:54,2025-07-03 16:35:46.549536,2025-07-03 16:35:46.549536,2025-07-03 16:38:00.300,15.104999999999999,0.0,1,1,osrm
699,delivered,2025-07-03 16:22:25,2025-07-03 16:31:49.111671,2025-07-03 16:31:49.111671,2025-07-03 16:35:11.400,12.773333333333333,0.0,25,1,osrm
700,delivered,2025-07-03 16:23:25,2025-07-03 16:35:49.925750,2025-07-03 16:35:49.925750,2025-07-03 16:34:56.200,11.520000000000001,0.0,9,1,osrm
701,delivered,2025-07-03 16:23:18,2025-07-03 16:32:35.006060,2025-07-03 16:32:35.006060,2025-07-03 16:34:02.700,10.745000000000001,0.0,21,1,osrm
702,delivered,2025-07-03 16:23:25,2025-07-03 16:35:44.408424,2025-07-03 16:35:44.408424,2025-07-03 16:34:53.200,11.47,0.0,15,1,osrm
703,delivered,2025-07-03 16:23:47,2025-07-03 16:34:39.873496,2025-07-03 16:34:39.873496,2025-07-03 16:32:00.800,8.23,0.0,20,1,osrm
704,delivered,2025-07-03 16:23:53,2025-07-03 16:35:59.101659,2025-07-03 19:10:13.200000,2025-07-03 19:12:55.100,169.035,154.23497235000002,15,1,osrm
705,delivered,2025-07-03 16:24:49,2025-07-03 16:30:47.338714,2025-07-03 16:32:10.900000,2025-07-03 16:34:59.500,10.175,1.3926881,23,1,osrm
706,delivered,2025-07-03 16:25:26,2025-07-03 16:36:13.619914,2025-07-03 16:36:55.300000,2025-07-03 16:39:53.000,14.45,0.6946681,22,1,osrm
707,delivered,2025-07-03 16:25:06,2025-07-03 16:36:22.113534,2025-07-03 16:36:22.113534,2025-07-03 16:35:05.300,9.988333333333333,0.0,8,1,osrm
708,delivered,2025-07-03 16:26:42,2025-07-03 16:40:36.850662,2025-07-03 19:05:35.100000,2025-07-03 19:09:56.700,163.245,144.97082229999998,24,1,osrm
709,delivered,2025-07-03 16:26:44,2025-07-03 16:48:27.755399,2025-07-03 16:48:27.755399,2025-07-03 16:37:59.800,11.263333333333332,0.0,14,1,osrm
710,delivered,2025-07-03 16:26:09,2025-07-03 16:39:01.680240,2025-07-03 16:39:01.680240,2025-07-03 16:37:17.700,11.145000000000001,0.0,28,1,osrm
711,delivered,2025-07-03 16:26:09,2025-07-03 16:38:39.690947,2025-07-03 18:27:12.600000,2025-07-03 18:29:59.400,123.83999999999999,108.54848421666667,28,1,osrm
712,delivered,2025-07-03 16:26:59,2025-07-03 16:41:27.127823,2025-07-03 16:41:27.127823,2025-07-03 16:41:38.700,14.661666666666667,0.0,3,1,osrm
713,delivered,2025-07-03 16:27:00,2025-07-03 16:32:00.000000,2025-07-03 18:27:18.500000,2025-07-03 18:30:55.400,123.92333333333333,115.30833333333334,22,1,osrm
714,delivered,2025-07-03 16:27:52,2025-07-03 16:45:59.537841,2025-07-03 16:45:59.537841,2025-07-03 16:38:09.400,10.29,0.0,13,1,osrm
715,delivered,2025-07-03 16:27:16,2025-07-03 16:39:58.126546,2025-07-03 16:39:58.126546,2025-07-03 16:36:17.900,9.031666666666666,0.0,7,1,osrm
716,delivered,2025-07-03 16:27:19,2025-07-03 16:36:11.558659,2025-07-03 16:36:46.800000,2025-07-03 16:40:17.000,12.966666666666667,0.5873556833333333,18,1,osrm
717,delivered,2025-07-03 16:28:47,2025-07-03 16:42:10.896984,2025-07-03 16:42:10.896984,2025-07-03 16:40:20.900,11.565,0.0,12,1,osrm
718,delivered,2025-07-03 16:28:45,2025-07-03 16:42:05.105912,2025-07-03 16:42:05.105912,2025-07-03 16:40:54.600,12.16,0.0,24,1,osrm
719,delivered,2025-07-03 16:28:45,2025-07-03 16:42:17.658966,2025-07-03 16:42:17.658966,2025-07-03 16:37:12.900,8.465,0.0,2,1,osrm
720,delivered,2025-07-03 16:28:19,2025-07-03 16:44:35.296261,2025-07-03 16:44:35.296261,2025-07-03 16:38:12.300,9.888333333333332,0.0,27,1,osrm
721,delivered,2025-07-03 16:28:25,2025-07-03 16:44:03.923710,2025-07-03 16:44:03.923710,2025-07-03 16:37:50.600,9.426666666666668,0.0,6,1,osrm
722,delivered,2025-07-03 16:28:07,2025-07-03 16:39:06.283667,2025-07-03 16:39:06.283667,2025-07-03 16:37:04.200,8.953333333333335,0.0,11,1,osrm
723,delivered,2025-07-03 16:30:51,2025-07-03 16:43:24.744349,2025-07-03 18:29:55.700000,2025-07-03 18:33:00.100,122.15166666666667,106.51592751666666,1,1,osrm
724,delivered,2025-07-03 16:30:50,2025-07-03 16:40:38.165695,2025-07-03 16:40:38.165695,2025-07-03 16:40:11.600,9.360000000000001,0.0,10,1,osrm
725,delivered,2025-07-03 16:30:10,2025-07-03 16:46:13.124434,2025-07-03 16:46:13.124434,2025-07-03 16:47:10.500,17.008333333333333,0.0,9,1,osrm
726,delivered,2025-07-03 16:31:41,2025-07-03 16:47:30.958552,2025-07-03 17:04:42.000000,2025-07-03 17:06:56.200,35.25333333333333,17.18402413333333,11,1,osrm
727,delivered,2025-07-03 16:31:52,2025-07-03 16:43:01.276391,2025-07-03 17:05:01.100000,2025-07-03 17:09:32.300,37.67166666666667,21.99706015,7,1,osrm
728,delivered,2025-07-03 16:31:55,2025-07-03 16:41:07.066215,2025-07-03 18:19:48.000000,2025-07-03 18:21:38.100,109.71833333333333,98.68222975,24,1,osrm
729,delivered,2025-07-03 16:32:49,2025-07-03 16:42:52.066309,2025-07-03 16:42:52.066309,2025-07-03 16:44:57.500,12.141666666666667,0.0,26,1,osrm
730,delivered,2025-07-03 16:32:39,2025-07-03 16:45:25.668712,2025-07-03 16:45:25.668712,2025-07-03 16:47:08.500,14.491666666666667,0.0,29,1,osrm
731,delivered,2025-07-03 16:32:45,2025-07-03 16:50:26.100300,2025-07-03 18:21:14.900000,2025-07-03 18:22:39.100,109.90166666666667,90.81332833333333,10,1,osrm
732,delivered,2025-07-03 16:32:42,2025-07-03 16:49:21.121886,2025-07-03 16:49:21.121886,2025-07-03 16:46:20.700,13.645000000000001,0.0,16,1,osrm
733,delivered,2025-07-03 16:34:05,2025-07-03 16:46:40.397047,2025-07-03 18:30:51.100000,2025-07-03 18:33:03.700,118.97833333333332,104.17838255,27,1,osrm
734,delivered,2025-07-03 16:34:52,2025-07-03 16:40:50.451991,2025-07-03 17:04:55.400000,2025-07-03 17:07:17.200,32.42,24.082466816666667,1,1,osrm
735,delivered,2025-07-03 16:34:33,2025-07-03 16:46:39.859921,2025-07-03 16:46:39.859921,2025-07-03 16:45:27.500,10.908333333333333,0.0,19,1,osrm
736,delivered,2025-07-03 16:35:31,2025-07-03 16:48:08.956154,2025-07-03 16:48:08.956154,2025-07-03 16:45:35.600,10.076666666666666,0.0,17,1,osrm
737,delivered,2025-07-03 16:35:08,2025-07-03 16:47:52.409870,2025-07-03 16:47:52.409870,2025-07-03 16:46:24.400,11.273333333333333,0.0,20,1,osrm
738,delivered,2025-07-03 16:35:57,2025-07-03 16:50:26.510593,2025-07-03 18:20:45.400000,2025-07-03 18:22:10.100,106.21833333333333,90.31482344999999,9,1,osrm
739,delivered,2025-07-03 16:36:45,2025-07-03 16:49:24.365917,2025-07-03 16:49:24.365917,2025-07-03 16:46:27.200,9.703333333333335,0.0,15,1,osrm
740,delivered,2025-07-03 16:36:04,2025-07-03 16:51:28.412759,2025-07-03 18:31:18.000000,2025-07-03 18:37:13.700,121.16166666666666,99.82645401666667,17,1,osrm
741,delivered,2025-07-03 16:36:21,2025-07-03 16:50:33.707886,2025-07-03 16:50:33.707886,2025-07-03 16:47:38.200,11.286666666666667,0.0,21,1,osrm
742,delivered,2025-07-03 16:37:03,2025-07-03 16:51:27.121252,2025-07-03 18:21:07.300000,2025-07-03 18:23:53.200,106.83666666666666,89.6696458,20,1,osrm
743,delivered,2025-07-03 16:37:56,2025-07-03 16:49:41.862660,2025-07-03 16:49:41.862660,2025-07-03 16:49:05.600,11.16,0.0,25,1,osrm
744,delivered,2025-07-03 16:38:46,2025-07-03 16:49:34.418044,2025-07-03 16:49:34.418044,2025-07-03 16:46:57.500,8.191666666666666,0.0,4,1,osrm
745,delivered,2025-07-03 16:38:44,2025-07-03 16:50:13.404617,2025-07-03 16:50:13.404617,2025-07-03 16:49:32.000,10.8,0.0,30,1,osrm
746,delivered,2025-07-03 16:38:06,2025-07-03 16:48:47.770756,2025-07-03 16:48:47.770756,2025-07-03 16:51:32.100,13.435,0.0,23,1,osrm
747,delivered,2025-07-03 16:39:23,2025-07-03 16:52:09.978796,2025-07-03 16:52:09.978796,2025-07-03 16:47:22.400,7.989999999999999,0.0,5,1,osrm
748,delivered,2025-07-03 16:39:03,2025-07-03 16:49:43.755594,2025-07-03 16:49:43.755594,2025-07-03 16:55:11.100,16.135,0.0,8,1,osrm
749,delivered,2025-07-03 16:40:44,2025-07-03 16:51:09.557377,2025-07-03 19:10:31.900000,2025-07-03 19:16:11.900,155.465,139.37237705,10,1,osrm
750,delivered,2025-07-03 16:41:42,2025-07-03 17:00:48.632065,2025-07-03 18:54:56.000000,2025-07-03 18:58:28.100,136.76833333333335,114.12279891666667,15,1,osrm
751,delivered,2025-07-03 16:41:05,2025-07-03 16:53:27.819137,2025-07-03 18:59:17.200000,2025-07-03 19:03:07.800,142.04666666666665,125.82301438333334,23,1,osrm
752,delivered,2025-07-03 16:42:16,2025-07-03 16:52:10.353942,2025-07-03 16:52:10.353942,2025-07-03 16:51:18.300,9.038333333333332,0.0,1,1,osrm
753,delivered,2025-07-03 16:42:26,2025-07-03 16:56:35.836493,2025-07-03 16:56:35.836493,2025-07-03 16:52:41.200,10.253333333333334,0.0,18,1,osrm
754,delivered,2025-07-03 16:42:04,2025-07-03 16:56:18.150176,2025-07-03 17:06:04.100000,2025-07-03 17:07:17.400,25.223333333333336,9.7658304,2,1,osrm
755,delivered,2025-07-03 16:43:41,2025-07-03 16:54:43.304556,2025-07-03 19:11:24.400000,2025-07-03 19:16:53.500,153.20833333333334,136.68492406666667,14,1,osrm
756,delivered,2025-07-03 16:43:13,2025-07-03 16:53:51.084725,2025-07-03 16:53:51.084725,2025-07-03 16:56:26.300,13.221666666666666,0.0,10,1,osrm
757,delivered,2025-07-03 16:43:34,2025-07-03 16:55:07.775128,2025-07-03 19:06:45.800000,2025-07-03 19:10:06.800,146.54666666666665,131.63374786666665,12,1,osrm
758,delivered,2025-07-03 16:43:32,2025-07-03 16:53:30.034072,2025-07-03 16:53:30.034072,2025-07-03 16:54:09.400,10.623333333333333,0.0,27,1,osrm
759,delivered,2025-07-03 16:44:20,2025-07-03 16:55:16.672549,2025-07-03 17:05:53.200000,2025-07-03 17:10:16.800,25.946666666666665,10.60879085,23,1,osrm
760,delivered,2025-07-03 16:44:04,2025-07-03 16:49:04.000000,2025-07-03 16:51:53.300000,2025-07-03 16:55:09.800,11.096666666666666,2.8216666666666668,6,1,osrm
761,delivered,2025-07-03 16:44:58,2025-07-03 16:55:40.648625,2025-07-03 16:55:40.648625,2025-07-03 16:54:31.800,9.563333333333333,0.0,22,1,osrm
762,delivered,2025-07-03 16:44:19,2025-07-03 16:52:30.736211,2025-07-03 16:52:30.736211,2025-07-03 16:53:04.400,8.756666666666666,0.0,12,1,osrm
763,delivered,2025-07-03 16:44:36,2025-07-03 16:51:08.301179,2025-07-03 16:51:08.301179,2025-07-03 16:55:22.000,10.766666666666667,0.0,7,1,osrm
764,delivered,2025-07-03 16:44:12,2025-07-03 16:56:26.980286,2025-07-03 16:56:26.980286,2025-07-03 16:53:42.200,9.503333333333334,0.0,14,1,osrm
765,delivered,2025-07-03 16:45:48,2025-07-03 17:02:24.057624,2025-07-03 17:02:24.057624,2025-07-03 16:54:03.100,8.251666666666667,0.0,11,1,osrm
766,delivered,2025-07-03 16:45:41,2025-07-03 16:51:04.541156,2025-07-03 16:51:10.400000,2025-07-03 16:54:22.700,8.695,0.09764740000000001,28,1,osrm
767,delivered,2025-07-03 16:45:19,2025-07-03 16:58:27.097343,2025-07-03 17:05:48.700000,2025-07-03 17:09:38.300,24.321666666666665,7.360044283333334,6,1,osrm
768,delivered,2025-07-03 16:45:35,2025-07-03 16:50:38.857240,2025-07-03 16:50:38.857240,2025-07-03 16:52:12.400,6.623333333333333,0.0,2,1,osrm
769,delivered,2025-07-03 16:45:10,2025-07-03 17:03:55.844237,2025-07-03 17:03:55.844237,2025-07-03 16:57:26.500,12.275,0.0,13,1,osrm
770,delivered,2025-07-03 16:46:13,2025-07-03 16:53:16.198167,2025-07-03 17:02:43.500000,2025-07-03 17:05:01.100,18.801666666666666,9.45503055,21,1,osrm
771,delivered,2025-07-03 16:46:29,2025-07-03 16:59:34.521153,2025-07-03 16:59:34.521153,2025-07-03 16:59:41.400,13.206666666666667,0.0,26,1,osrm
772,delivered,2025-07-03 16:46:43,2025-07-03 16:57:14.374743,2025-07-03 18:58:21.200000,2025-07-03 19:01:28.000,134.75,121.11375428333334,30,1,osrm
773,delivered,2025-07-03 16:46:56,2025-07-03 17:01:19.412145,2025-07-03 18:33:17.700000,2025-07-03 18:35:54.000,108.96666666666667,91.97146425,12,1,osrm
774,delivered,2025-07-03 16:46:17,2025-07-03 17:01:13.155726,2025-07-03 19:11:38.400000,2025-07-03 19:16:32.300,150.255,130.4207379,8,1,osrm
775,delivered,2025-07-03 16:47:15,2025-07-03 17:01:06.071253,2025-07-03 17:01:06.071253,2025-07-03 16:56:24.900,9.165,0.0,24,1,osrm
776,delivered,2025-07-03 16:47:56,2025-07-03 16:56:13.831627,2025-07-03 16:56:19.000000,2025-07-03 16:58:20.100,10.401666666666667,0.08613955,19,1,osrm
777,delivered,2025-07-03 16:47:52,2025-07-03 17:03:18.826674,2025-07-03 17:03:18.826674,2025-07-03 17:02:25.300,14.555,0.0,3,1,osrm
778,delivered,2025-07-03 16:47:31,2025-07-03 16:59:07.867377,2025-07-03 19:08:18.300000,2025-07-03 19:12:13.500,144.70833333333334,129.17387705,1,1,osrm
779,delivered,2025-07-03 16:48:36,2025-07-03 17:00:12.216668,2025-07-03 17:00:12.216668,2025-07-03 16:58:22.000,9.766666666666667,0.0,17,1,osrm
780,delivered,2025-07-03 16:48:37,2025-07-03 17:00:16.577237,2025-07-03 17:00:16.577237,2025-07-03 17:03:12.400,14.59,0.0,25,1,osrm
781,delivered,2025-07-03 16:49:34,2025-07-03 17:03:17.701452,2025-07-03 18:34:21.400000,2025-07-03 18:36:24.300,106.83833333333334,91.06164246666667,19,1,osrm
782,delivered,2025-07-03 16:50:59,2025-07-03 17:02:40.807943,2025-07-03 18:21:36.300000,2025-07-03 18:25:27.300,94.47166666666666,78.92486761666667,15,1,osrm
783,delivered,2025-07-03 16:50:00,2025-07-03 17:05:38.199988,2025-07-03 17:05:38.199988,2025-07-03 17:03:50.200,13.836666666666668,0.0,5,1,osrm
784,delivered,2025-07-03 16:51:42,2025-07-03 17:04:18.488364,2025-07-03 18:33:06.100000,2025-07-03 18:35:25.700,103.72833333333332,88.79352726666666,3,1,osrm
785,delivered,2025-07-03 16:52:39,2025-07-03 17:06:11.875914,2025-07-03 17:06:11.875914,2025-07-03 17:03:22.400,10.723333333333333,0.0,15,1,osrm
786,delivered,2025-07-03 16:53:54,2025-07-03 17:04:43.158834,2025-07-03 18:33:07.600000,2025-07-03 18:34:53.900,100.99833333333332,88.40735276666666,13,1,osrm
787,delivered,2025-07-03 16:53:53,2025-07-03 17:05:01.698641,2025-07-03 17:05:01.698641,2025-07-03 17:04:51.500,10.975,0.0,30,1,osrm
788,delivered,2025-07-03 16:53:50,2025-07-03 17:00:38.244831,2025-07-03 17:00:38.244831,2025-07-03 17:01:26.700,7.611666666666666,0.0,4,1,osrm
789,delivered,2025-07-03 16:54:37,2025-07-03 17:05:20.995765,2025-07-03 18:06:39.700000,2025-07-03 18:08:33.700,73.945,61.31173725,9,1,osrm
790,delivered,2025-07-03 16:54:49,2025-07-03 17:06:35.406172,2025-07-03 17:06:35.406172,2025-07-03 17:06:33.800,11.746666666666666,0.0,9,1,osrm
791,delivered,2025-07-03 16:55:41,2025-07-03 17:04:09.272845,2025-07-03 18:35:07.600000,2025-07-03 18:38:15.100,102.56833333333334,90.97211925,5,1,osrm
792,delivered,2025-07-03 16:55:11,2025-07-03 17:10:32.056177,2025-07-03 17:10:32.056177,2025-07-03 17:01:31.000,6.333333333333333,0.0,16,1,osrm
793,delivered,2025-07-03 16:55:04,2025-07-03 17:07:40.764010,2025-07-03 17:07:40.764010,2025-07-03 17:01:36.000,6.533333333333333,0.0,20,1,osrm
794,delivered,2025-07-03 16:55:39,2025-07-03 17:14:14.944838,2025-07-03 17:14:14.944838,2025-07-03 17:07:27.500,11.808333333333334,0.0,29,1,osrm
795,delivered,2025-07-03 16:56:22,2025-07-03 17:10:51.625965,2025-07-03 17:10:51.625965,2025-07-03 17:08:58.300,12.604999999999999,0.0,22,1,osrm
796,delivered,2025-07-03 16:56:59,2025-07-03 17:04:02.901730,2025-07-03 17:05:28.900000,2025-07-03 17:11:02.700,14.061666666666667,1.4333045,27,1,osrm
797,delivered,2025-07-03 16:57:38,2025-07-03 17:11:20.920990,2025-07-03 17:11:20.920990,2025-07-03 17:09:19.800,11.696666666666665,0.0,8,1,osrm
798,delivered,2025-07-03 16:58:29,2025-07-03 17:10:14.930177,2025-07-03 17:10:14.930177,2025-07-03 17:05:25.600,6.943333333333333,0.0,12,1,osrm
799,delivered,2025-07-03 16:58:21,2025-07-03 17:15:43.730158,2025-07-03 17:15:43.730158,2025-07-03 17:10:03.200,11.703333333333335,0.0,14,1,osrm
800,delivered,2025-07-03 16:59:40,2025-07-03 17:15:16.033056,2025-07-03 17:15:16.033056,2025-07-03 17:07:42.200,8.036666666666667,0.0,18,1,osrm
801,delivered,2025-07-03 16:59:53,2025-07-03 17:16:51.002816,2025-07-03 18:37:16.700000,2025-07-03 18:40:55.400,101.03999999999999,80.42828639999999,25,1,osrm
802,delivered,2025-07-03 16:59:31,2025-07-03 17:11:32.864605,2025-07-03 18:55:53.400000,2025-07-03 18:58:23.000,118.86666666666666,104.34225658333334,10,1,osrm
803,delivered,2025-07-03 17:00:41,2025-07-03 17:12:08.807376,2025-07-03 17:12:08.807376,2025-07-03 17:05:22.400,4.6899999999999995,0.0,28,1,osrm
804,delivered,2025-07-03 17:00:10,2025-07-03 17:15:11.659903,2025-07-03 19:13:28.300000,2025-07-03 19:18:38.700,138.47833333333335,118.27733495000001,29,1,osrm
805,delivered,2025-07-03 17:01:29,2025-07-03 17:12:38.441268,2025-07-03 18:37:52.900000,2025-07-03 18:40:53.100,99.40166666666667,85.24097886666667,10,1,osrm
806,delivered,2025-07-03 17:02:53,2025-07-03 17:16:53.393372,2025-07-03 17:16:53.393372,2025-07-03 17:13:00.900,10.131666666666666,0.0,13,1,osrm
807,delivered,2025-07-03 17:02:08,2025-07-03 17:14:47.937413,2025-07-03 17:14:47.937413,2025-07-03 17:13:00.400,10.873333333333333,0.0,17,1,osrm
808,delivered,2025-07-03 17:02:54,2025-07-03 17:12:27.332119,2025-07-03 17:15:03.100000,2025-07-03 17:18:18.500,15.408333333333333,2.59613135,12,1,osrm
809,delivered,2025-07-03 17:03:32,2025-07-03 17:11:13.452638,2025-07-03 17:34:46.500000,2025-07-03 17:38:05.200,34.55333333333333,23.550789366666667,11,1,osrm
810,delivered,2025-07-03 17:03:50,2025-07-03 17:17:49.963579,2025-07-03 17:17:49.963579,2025-07-03 17:21:21.700,17.528333333333332,0.0,15,1,osrm
811,delivered,2025-07-03 17:03:59,2025-07-03 17:17:06.162323,2025-07-03 17:23:13.700000,2025-07-03 17:27:31.500,23.541666666666668,6.125627949999999,18,1,osrm
812,delivered,2025-07-03 17:04:58,2025-07-03 17:17:46.368767,2025-07-03 18:37:51.600000,2025-07-03 18:39:53.800,94.93,80.08718721666668,24,1,osrm
813,delivered,2025-07-03 17:04:49,2025-07-03 17:19:17.582659,2025-07-03 17:19:17.582659,2025-07-03 17:18:40.200,13.853333333333333,0.0,20,1,osrm
814,delivered,2025-07-03 17:04:32,2025-07-03 17:15:33.984541,2025-07-03 17:15:33.984541,2025-07-03 17:17:57.000,13.416666666666666,0.0,28,1,osrm
815,delivered,2025-07-03 17:04:52,2025-07-03 17:19:41.077304,2025-07-03 17:19:41.077304,2025-07-03 17:11:37.000,6.75,0.0,24,1,osrm
816,delivered,2025-07-03 17:04:02,2025-07-03 17:13:30.168632,2025-07-03 17:13:30.168632,2025-07-03 17:16:03.000,12.016666666666667,0.0,19,1,osrm
817,delivered,2025-07-03 17:04:26,2025-07-03 17:17:41.787005,2025-07-03 17:34:49.300000,2025-07-03 17:37:46.300,33.33833333333333,17.125216583333334,10,1,osrm
818,delivered,2025-07-03 17:05:32,2025-07-03 17:10:48.736158,2025-07-03 17:15:52.400000,2025-07-03 17:17:00.900,11.481666666666666,5.061064033333333,25,1,osrm
819,delivered,2025-07-03 17:05:24,2025-07-03 17:14:27.318356,2025-07-03 17:14:27.318356,2025-07-03 17:16:26.800,11.046666666666665,0.0,26,1,osrm
820,delivered,2025-07-03 17:05:45,2025-07-03 17:16:25.662883,2025-07-03 17:20:11.000000,2025-07-03 17:21:01.100,15.268333333333334,3.7556186166666667,22,1,osrm
821,delivered,2025-07-03 17:05:49,2025-07-03 17:19:09.546277,2025-07-03 17:24:27.200000,2025-07-03 17:25:14.100,19.418333333333333,5.294228716666667,10,1,osrm
822,delivered,2025-07-03 17:05:44,2025-07-03 17:20:12.398923,2025-07-03 17:20:12.398923,2025-07-03 17:12:34.700,6.845,0.0,10,1,osrm
823,delivered,2025-07-03 17:06:24,2025-07-03 17:17:25.148100,2025-07-03 17:17:25.148100,2025-07-03 17:16:58.600,10.576666666666666,0.0,30,1,osrm
824,delivered,2025-07-03 17:06:11,2025-07-03 17:20:44.472887,2025-07-03 17:20:44.472887,2025-07-03 17:22:20.400,16.156666666666666,0.0,5,1,osrm
825,delivered,2025-07-03 17:06:15,2025-07-03 17:19:58.737709,2025-07-03 18:59:56.000000,2025-07-03 19:03:54.800,117.66333333333334,99.95437151666667,13,1,osrm
826,delivered,2025-07-03 17:07:24,2025-07-03 17:17:06.252888,2025-07-03 17:29:44.200000,2025-07-03 17:31:17.200,23.886666666666667,12.632451866666665,30,1,osrm
827,delivered,2025-07-03 17:07:07,2025-07-03 17:18:02.639680,2025-07-03 19:10:40.600000,2025-07-03 19:13:29.700,126.37833333333333,112.632672,25,1,osrm
828,delivered,2025-07-03 17:07:42,2025-07-03 17:19:27.420148,2025-07-03 17:19:27.420148,2025-07-03 17:20:21.700,12.661666666666667,0.0,16,1,osrm
829,delivered,2025-07-03 17:08:06,2025-07-03 17:16:57.272482,2025-07-03 17:16:57.272482,2025-07-03 17:18:19.500,10.225,0.0,3,1,osrm
830,delivered,2025-07-03 17:08:56,2025-07-03 17:20:02.812058,2025-07-03 19:12:03.600000,2025-07-03 19:15:10.300,126.23833333333333,112.01313236666667,6,1,osrm
831,delivered,2025-07-03 17:08:26,2025-07-03 17:22:00.223623,2025-07-03 17:22:00.223623,2025-07-03 17:22:06.800,13.68,0.0,21,1,osrm
832,delivered,2025-07-03 17:09:56,2025-07-03 17:23:24.883891,2025-07-03 19:00:14.500000,2025-07-03 19:02:54.100,112.96833333333333,96.82693515,27,1,osrm
833,delivered,2025-07-03 17:09:31,2025-07-03 17:23:05.239876,2025-07-03 17:29:58.800000,2025-07-03 17:31:44.000,22.216666666666665,6.892668733333333,4,1,osrm
834,delivered,2025-07-03 17:09:41,2025-07-03 17:17:31.094352,2025-07-03 18:06:43.500000,2025-07-03 18:09:18.800,59.63,49.2067608,8,1,osrm
835,delivered,2025-07-03 17:09:18,2025-07-03 17:17:41.530926,2025-07-03 17:17:41.530926,2025-07-03 17:18:38.200,9.336666666666668,0.0,4,1,osrm
836,delivered,2025-07-03 17:10:54,2025-07-03 17:26:55.156837,2025-07-03 19:15:11.200000,2025-07-03 19:19:40.700,128.77833333333334,108.26738605,21,1,osrm
837,delivered,2025-07-03 17:10:16,2025-07-03 17:27:18.919097,2025-07-03 18:06:25.700000,2025-07-03 18:07:56.100,57.66833333333333,39.113015049999994,30,1,osrm
838,delivered,2025-07-03 17:10:11,2025-07-03 17:22:15.075667,2025-07-03 19:14:23.500000,2025-07-03 19:19:29.900,129.315,112.14040555,30,1,osrm
839,delivered,2025-07-03 17:10:52,2025-07-03 17:17:06.757304,2025-07-03 18:22:14.500000,2025-07-03 18:24:29.600,73.62666666666668,65.12904493333333,6,1,osrm
840,delivered,2025-07-03 17:11:20,2025-07-03 17:24:00.519233,2025-07-03 19:15:11.100000,2025-07-03 19:20:14.000,128.9,111.17634611666668,23,1,osrm
841,delivered,2025-07-03 17:11:47,2025-07-03 17:22:00.956150,2025-07-03 17:52:06.300000,2025-07-03 17:55:40.700,43.894999999999996,30.089064166666667,8,1,osrm
842,delivered,2025-07-03 17:11:40,2025-07-03 17:23:56.144015,2025-07-03 17:23:56.144015,2025-07-03 17:24:40.200,13.003333333333334,0.0,11,1,osrm
843,delivered,2025-07-03 17:11:59,2025-07-03 17:29:13.947034,2025-07-03 19:15:35.300000,2025-07-03 19:20:03.200,128.07,106.35588276666667,22,1,osrm
844,delivered,2025-07-03 17:11:37,2025-07-03 17:24:09.562739,2025-07-03 18:01:57.700000,2025-07-03 18:04:37.200,53.00333333333333,37.80228768333333,13,1,osrm
845,delivered,2025-07-03 17:12:12,2025-07-03 17:23:21.346345,2025-07-03 19:15:52.600000,2025-07-03 19:19:39.400,127.45666666666666,112.52089425000001,27,1,osrm
846,delivered,2025-07-03 17:12:00,2025-07-03 17:19:31.682066,2025-07-03 17:32:45.400000,2025-07-03 17:33:29.300,21.488333333333333,13.228632233333334,20,1,osrm
847,delivered,2025-07-03 17:12:25,2025-07-03 17:20:13.911426,2025-07-03 18:04:00.600000,2025-07-03 18:08:00.000,55.583333333333336,43.7781429,2,1,osrm
848,delivered,2025-07-03 17:12:50,2025-07-03 17:29:08.390286,2025-07-03 17:29:08.390286,2025-07-03 17:28:43.800,15.896666666666667,0.0,6,1,osrm
849,delivered,2025-07-03 17:12:16,2025-07-03 17:28:36.717681,2025-07-03 17:28:36.717681,2025-07-03 17:25:11.500,12.925,0.0,9,1,osrm
850,delivered,2025-07-03 17:13:57,2025-07-03 17:29:07.896078,2025-07-03 17:34:27.200000,2025-07-03 17:35:54.200,21.953333333333333,5.321732033333333,5,1,osrm
851,delivered,2025-07-03 17:14:18,2025-07-03 17:30:09.153326,2025-07-03 17:30:09.153326,2025-07-03 17:27:56.600,13.643333333333334,0.0,29,1,osrm
852,delivered,2025-07-03 17:14:48,2025-07-03 17:21:39.417479,2025-07-03 17:21:39.417479,2025-07-03 17:23:14.400,8.44,0.0,8,1,osrm
853,delivered,2025-07-03 17:14:47,2025-07-03 17:24:40.902617,2025-07-03 18:40:20.800000,2025-07-03 18:42:20.200,87.55333333333333,75.66495638333335,15,1,osrm
854,delivered,2025-07-03 17:14:42,2025-07-03 17:25:33.796649,2025-07-03 17:35:56.400000,2025-07-03 17:37:07.400,22.423333333333336,10.376722516666666,2,1,osrm
855,delivered,2025-07-03 17:14:00,2025-07-03 17:31:38.253987,2025-07-03 17:31:38.253987,2025-07-03 17:26:09.800,12.163333333333332,0.0,23,1,osrm
856,delivered,2025-07-03 17:15:19,2025-07-03 17:29:04.422785,2025-07-03 17:29:04.422785,2025-07-03 17:22:36.100,7.285,0.0,14,1,osrm
857,delivered,2025-07-03 17:15:11,2025-07-03 17:25:35.977227,2025-07-03 18:39:17.200000,2025-07-03 18:41:11.400,86.00666666666666,73.68704621666667,7,1,osrm
858,delivered,2025-07-03 17:15:15,2025-07-03 17:29:27.958756,2025-07-03 17:29:27.958756,2025-07-03 17:25:19.900,10.081666666666667,0.0,2,1,osrm
859,delivered,2025-07-03 17:15:13,2025-07-03 17:33:51.533756,2025-07-03 18:04:41.400000,2025-07-03 18:08:46.200,53.55333333333333,30.83110406666667,14,1,osrm
860,delivered,2025-07-03 17:15:18,2025-07-03 17:22:49.260729,2025-07-03 17:22:49.260729,2025-07-03 17:24:03.000,8.75,0.0,7,1,osrm
861,delivered,2025-07-03 17:15:10,2025-07-03 17:25:45.783644,2025-07-03 19:02:10.700000,2025-07-03 19:03:39.800,108.49666666666667,96.4152726,28,1,osrm
862,delivered,2025-07-03 17:15:40,2025-07-03 17:33:31.998270,2025-07-03 17:33:31.998270,2025-07-03 17:26:31.200,10.853333333333333,0.0,1,1,osrm
863,delivered,2025-07-03 17:16:12,2025-07-03 17:25:25.343689,2025-07-03 17:26:48.400000,2025-07-03 17:31:42.900,15.514999999999999,1.38427185,24,1,osrm
864,delivered,2025-07-03 17:17:00,2025-07-03 17:29:28.532092,2025-07-03 18:06:49.700000,2025-07-03 18:08:21.800,51.36333333333334,37.35279846666666,20,1,osrm
865,delivered,2025-07-03 17:17:26,2025-07-03 17:30:53.061888,2025-07-03 17:30:53.061888,2025-07-03 17:32:14.500,14.808333333333334,0.0,17,1,osrm
866,delivered,2025-07-03 17:17:46,2025-07-03 17:26:35.779764,2025-07-03 19:18:16.700000,2025-07-03 19:21:30.700,123.74499999999999,111.68200393333333,13,1,osrm
867,delivered,2025-07-03 17:17:15,2025-07-03 17:26:57.095170,2025-07-03 18:44:13.900000,2025-07-03 18:46:36.300,89.355,77.2800805,21,1,osrm
868,delivered,2025-07-03 17:19:59,2025-07-03 17:31:04.839462,2025-07-03 17:35:29.300000,2025-07-03 17:36:43.700,16.745,4.407675633333333,7,1,osrm
869,delivered,2025-07-03 17:19:54,2025-07-03 17:30:48.882621,2025-07-03 19:18:47.400000,2025-07-03 19:22:21.300,122.455,107.97528965,4,1,osrm
870,delivered,2025-07-03 17:19:25,2025-07-03 17:30:33.441409,2025-07-03 18:47:50.700000,2025-07-03 18:50:20.500,90.925,77.28764318333333,13,1,osrm
871,delivered,2025-07-03 17:19:43,2025-07-03 17:34:20.975518,2025-07-03 17:34:20.975518,2025-07-03 17:35:03.600,15.343333333333334,0.0,27,1,osrm
872,delivered,2025-07-03 17:19:58,2025-07-03 17:35:22.193588,2025-07-03 18:01:38.400000,2025-07-03 18:04:53.500,44.925,26.270106866666666,24,1,osrm
873,delivered,2025-07-03 17:19:53,2025-07-03 17:31:29.306932,2025-07-03 19:17:56.600000,2025-07-03 19:23:25.300,123.53833333333334,106.45488446666667,18,1,osrm
874,delivered,2025-07-03 17:20:52,2025-07-03 17:32:13.714332,2025-07-03 18:02:34.200000,2025-07-03 18:05:27.400,44.59,30.3414278,26,1,osrm
875,delivered,2025-07-03 17:20:57,2025-07-03 17:33:22.336399,2025-07-03 18:07:39.600000,2025-07-03 18:09:39.600,48.71,34.28772668333333,15,1,osrm
876,delivered,2025-07-03 17:20:21,2025-07-03 17:31:16.786752,2025-07-03 17:31:16.786752,2025-07-03 17:32:07.500,11.775,0.0,13,1,osrm
877,delivered,2025-07-03 17:22:36,2025-07-03 17:33:43.066515,2025-07-03 19:18:09.600000,2025-07-03 19:22:53.500,120.29166666666667,104.44222475,28,1,osrm
878,delivered,2025-07-03 17:22:25,2025-07-03 17:38:38.633610,2025-07-03 17:38:38.633610,2025-07-03 17:36:34.300,14.155,0.0,16,1,osrm
879,delivered,2025-07-03 17:22:02,2025-07-03 17:37:37.460873,2025-07-03 18:48:33.000000,2025-07-03 18:50:11.900,88.16499999999999,70.92565211666667,23,1,osrm
880,delivered,2025-07-03 17:22:34,2025-07-03 17:34:24.560701,2025-07-03 17:51:04.100000,2025-07-03 17:54:09.800,31.596666666666668,16.65898831666667,2,1,osrm
881,delivered,2025-07-03 17:22:21,2025-07-03 17:32:53.539435,2025-07-03 18:46:52.100000,2025-07-03 18:49:53.200,87.53666666666666,73.97600941666666,3,1,osrm
882,delivered,2025-07-03 17:22:09,2025-07-03 17:38:23.668866,2025-07-03 17:38:23.668866,2025-07-03 17:34:16.800,12.129999999999999,0.0,28,1,osrm
883,delivered,2025-07-03 17:23:25,2025-07-03 17:32:07.629891,2025-07-03 18:47:36.900000,2025-07-03 18:49:19.200,85.90333333333334,75.48783515,27,1,osrm
884,delivered,2025-07-03 17:23:14,2025-07-03 17:33:15.877215,2025-07-03 17:33:15.877215,2025-07-03 17:35:49.500,12.591666666666667,0.0,3,1,osrm
885,delivered,2025-07-03 17:23:40,2025-07-03 17:36:40.273095,2025-07-03 17:36:40.273095,2025-07-03 17:38:46.200,15.103333333333333,0.0,21,1,osrm
886,delivered,2025-07-03 17:24:55,2025-07-03 17:36:17.208130,2025-07-03 19:12:30.300000,2025-07-03 19:15:16.900,110.365,96.21819783333333,20,1,osrm
887,delivered,2025-07-03 17:25:24,2025-07-03 17:37:06.276873,2025-07-03 17:37:06.276873,2025-07-03 17:33:50.800,8.446666666666667,0.0,12,1,osrm
888,delivered,2025-07-03 17:25:16,2025-07-03 17:41:30.403768,2025-07-03 17:41:30.403768,2025-07-03 17:34:09.400,8.889999999999999,0.0,26,1,osrm
889,delivered,2025-07-03 17:25:51,2025-07-03 17:39:16.008530,2025-07-03 17:39:16.008530,2025-07-03 17:34:10.000,8.316666666666666,0.0,19,1,osrm
890,delivered,2025-07-03 17:25:36,2025-07-03 17:30:36.000000,2025-07-03 17:32:28.200000,2025-07-03 17:36:29.900,10.898333333333333,1.87,25,1,osrm
891,delivered,2025-07-03 17:26:37,2025-07-03 17:36:31.867865,2025-07-03 18:23:14.900000,2025-07-03 18:26:25.100,59.80166666666666,46.71720225,21,1,osrm
892,delivered,2025-07-03 17:26:20,2025-07-03 17:40:15.615877,2025-07-03 18:08:20.000000,2025-07-03 18:10:03.400,43.723333333333336,28.07306871666667,6,1,osrm
893,delivered,2025-07-03 17:26:06,2025-07-03 17:36:47.028166,2025-07-03 17:37:36.200000,2025-07-03 17:41:51.900,15.764999999999999,0.8195305666666666,22,1,osrm
894,delivered,2025-07-03 17:27:06,2025-07-03 17:38:41.906337,2025-07-03 17:38:41.906337,2025-07-03 17:39:13.600,12.126666666666667,0.0,15,1,osrm
895,delivered,2025-07-03 17:27:04,2025-07-03 17:37:17.693810,2025-07-03 18:48:21.300000,2025-07-03 18:52:36.600,85.54333333333334,71.06010316666668,1,1,osrm
896,delivered,2025-07-03 17:27:37,2025-07-03 17:40:41.027331,2025-07-03 18:09:09.000000,2025-07-03 18:11:35.900,43.98166666666667,28.46621115,23,1,osrm
897,delivered,2025-07-03 17:27:04,2025-07-03 17:43:58.497515,2025-07-03 19:02:15.000000,2025-07-03 19:05:25.100,98.35166666666667,78.27504141666667,21,1,osrm
898,delivered,2025-07-03 17:27:54,2025-07-03 17:41:07.955942,2025-07-03 17:41:07.955942,2025-07-03 17:38:21.500,10.458333333333334,0.0,9,1,osrm
899,delivered,2025-07-03 17:29:03,2025-07-03 17:40:40.366054,2025-07-03 19:02:49.200000,2025-07-03 19:05:22.300,96.32166666666667,82.14723243333333,3,1,osrm
900,delivered,2025-07-03 17:29:55,2025-07-03 17:34:55.000000,2025-07-03 17:36:05.900000,2025-07-03 17:39:21.100,9.435,1.1816666666666669,14,1,osrm
901,delivered,2025-07-03 17:29:56,2025-07-03 17:43:37.518353,2025-07-03 18:22:59.100000,2025-07-03 18:23:54.500,53.975,39.35969411666667,30,1,osrm
902,delivered,2025-07-03 17:30:34,2025-07-03 17:39:17.756214,2025-07-03 17:39:17.756214,2025-07-03 17:39:14.400,8.673333333333334,0.0,8,1,osrm
903,delivered,2025-07-03 17:30:00,2025-07-03 17:39:43.936655,2025-07-03 19:19:12.900000,2025-07-03 19:24:18.000,114.3,99.48272241666668,3,1,osrm
904,delivered,2025-07-03 17:31:57,2025-07-03 17:46:17.290674,2025-07-03 17:50:35.000000,2025-07-03 17:53:07.600,21.176666666666666,4.295155433333333,15,1,osrm
905,delivered,2025-07-03 17:31:59,2025-07-03 17:45:23.547174,2025-07-03 17:58:47.500000,2025-07-03 18:01:14.900,29.265,13.399213766666666,18,1,osrm
906,delivered,2025-07-03 17:31:41,2025-07-03 17:42:17.930751,2025-07-03 17:50:35.400000,2025-07-03 17:52:21.500,20.675,8.29115415,11,1,osrm
907,delivered,2025-07-03 17:31:26,2025-07-03 17:43:10.402179,2025-07-03 17:43:10.402179,2025-07-03 17:45:12.200,13.770000000000001,0.0,29,1,osrm
908,delivered,2025-07-03 17:31:21,2025-07-03 17:49:45.012014,2025-07-03 17:49:45.012014,2025-07-03 17:45:15.600,13.91,0.0,23,1,osrm
909,delivered,2025-07-03 17:31:09,2025-07-03 17:36:09.000000,2025-07-03 17:46:59.600000,2025-07-03 17:50:20.000,19.183333333333334,10.843333333333334,27,1,osrm
910,delivered,2025-07-03 17:31:51,2025-07-03 17:41:31.539267,2025-07-03 17:41:44.100000,2025-07-03 17:45:35.200,13.736666666666668,0.20934555000000002,1,1,osrm
911,delivered,2025-07-03 17:31:17,2025-07-03 17:43:12.344044,2025-07-03 17:49:10.500000,2025-07-03 17:52:47.500,21.508333333333333,5.969265933333333,10,1,osrm
912,delivered,2025-07-03 17:31:07,2025-07-03 17:38:26.893492,2025-07-03 17:44:49.100000,2025-07-03 17:46:39.900,15.548333333333334,6.370108466666666,17,1,osrm
913,delivered,2025-07-03 17:32:09,2025-07-03 17:46:40.017656,2025-07-03 17:48:08.500000,2025-07-03 17:50:48.300,18.654999999999998,1.4747057333333333,13,1,osrm
914,delivered,2025-07-03 17:32:21,2025-07-03 17:46:42.642645,2025-07-03 17:46:42.642645,2025-07-03 17:48:38.400,16.29,0.0,24,1,osrm
915,delivered,2025-07-03 17:32:15,2025-07-03 17:47:06.248426,2025-07-03 18:47:57.500000,2025-07-03 18:50:57.000,78.7,60.8541929,26,1,osrm
916,delivered,2025-07-03 17:32:53,2025-07-03 17:45:50.041343,2025-07-03 17:45:50.041343,2025-07-03 17:48:08.700,15.261666666666667,0.0,18,1,osrm
917,delivered,2025-07-03 17:32:53,2025-07-03 17:44:48.147249,2025-07-03 17:44:48.147249,2025-07-03 17:45:51.100,12.968333333333334,0.0,6,1,osrm
918,delivered,2025-07-03 17:33:15,2025-07-03 17:44:52.511480,2025-07-03 17:46:43.300000,2025-07-03 17:49:31.000,16.266666666666666,1.8464753333333335,4,1,osrm
919,delivered,2025-07-03 17:33:52,2025-07-03 17:45:24.004462,2025-07-03 17:45:24.004462,2025-07-03 17:48:13.800,14.363333333333333,0.0,26,1,osrm
920,delivered,2025-07-03 17:33:11,2025-07-03 17:51:23.218204,2025-07-03 17:57:21.800000,2025-07-03 18:00:18.700,27.128333333333334,5.976363266666667,6,1,osrm
921,delivered,2025-07-03 17:34:52,2025-07-03 17:52:27.385106,2025-07-03 17:52:27.385106,2025-07-03 17:48:07.900,13.264999999999999,0.0,19,1,osrm
922,delivered,2025-07-03 17:34:50,2025-07-03 17:47:02.021875,2025-07-03 17:48:24.400000,2025-07-03 17:52:03.400,17.223333333333336,1.3729687499999998,30,1,osrm
923,delivered,2025-07-03 17:34:17,2025-07-03 17:48:09.979316,2025-07-03 17:48:09.979316,2025-07-03 17:49:50.400,15.556666666666667,0.0,3,1,osrm
924,delivered,2025-07-03 17:34:19,2025-07-03 17:45:43.236362,2025-07-03 17:47:41.100000,2025-07-03 17:51:07.100,16.801666666666666,1.9643939666666665,20,1,osrm
925,delivered,2025-07-03 17:35:01,2025-07-03 17:49:26.007189,2025-07-03 19:18:32.800000,2025-07-03 19:23:47.500,108.775,89.11321351666668,24,1,osrm
926,delivered,2025-07-03 17:36:55,2025-07-03 17:51:35.988578,2025-07-03 17:51:35.988578,2025-07-03 17:55:21.100,18.435,0.0,21,1,osrm
927,delivered,2025-07-03 17:36:25,2025-07-03 17:51:43.617125,2025-07-03 18:51:00.000000,2025-07-03 18:53:29.300,77.07166666666667,59.27304791666666,16,1,osrm
928,delivered,2025-07-03 17:36:44,2025-07-03 17:49:45.079144,2025-07-03 17:50:52.500000,2025-07-03 17:54:33.100,17.81833333333333,1.1236809333333333,14,1,osrm
929,delivered,2025-07-03 17:37:29,2025-07-03 17:52:54.571651,2025-07-03 17:52:54.571651,2025-07-03 17:57:16.000,19.783333333333335,0.0,5,1,osrm
930,delivered,2025-07-03 17:38:49,2025-07-03 17:52:29.401362,2025-07-03 18:16:01.200000,2025-07-03 18:19:03.900,40.248333333333335,23.5299773,19,1,osrm
931,delivered,2025-07-03 17:38:31,2025-07-03 17:50:34.861140,2025-07-03 17:52:04.100000,2025-07-03 17:58:25.400,19.90666666666667,1.4873143333333334,7,1,osrm
932,delivered,2025-07-03 17:39:20,2025-07-03 17:52:51.522697,2025-07-03 17:52:51.522697,2025-07-03 17:56:12.400,16.87333333333333,0.0,28,1,osrm
933,delivered,2025-07-03 17:39:25,2025-07-03 17:57:56.863231,2025-07-03 17:57:56.863231,2025-07-03 17:54:56.600,15.526666666666667,0.0,25,1,osrm
934,delivered,2025-07-03 17:39:09,2025-07-03 17:48:01.191926,2025-07-03 17:48:01.191926,2025-07-03 17:48:50.600,9.693333333333333,0.0,12,1,osrm
935,delivered,2025-07-03 17:40:15,2025-07-03 17:51:33.789788,2025-07-03 17:59:28.100000,2025-07-03 18:01:38.000,21.383333333333333,7.9051702,4,1,osrm
936,delivered,2025-07-03 17:41:28,2025-07-03 17:53:43.140773,2025-07-03 19:03:34.700000,2025-07-03 19:05:55.200,84.45333333333333,69.85932045,9,1,osrm
937,delivered,2025-07-03 17:41:02,2025-07-03 17:55:15.340063,2025-07-03 17:55:15.340063,2025-07-03 17:54:46.300,13.738333333333333,0.0,9,1,osrm
938,delivered,2025-07-03 17:43:53,2025-07-03 17:58:31.110946,2025-07-03 18:15:08.100000,2025-07-03 18:17:58.500,34.09166666666667,16.616484233333335,18,1,osrm
939,delivered,2025-07-03 17:43:03,2025-07-03 17:55:14.603973,2025-07-03 17:55:14.603973,2025-07-03 17:50:47.400,7.739999999999999,0.0,16,1,osrm
940,delivered,2025-07-03 17:44:30,2025-07-03 17:56:11.317669,2025-07-03 18:23:11.600000,2025-07-03 18:25:01.900,40.531666666666666,27.004705516666668,14,1,osrm
941,delivered,2025-07-03 17:45:59,2025-07-03 17:55:20.679219,2025-07-03 17:56:05.300000,2025-07-03 17:59:02.300,13.055,0.7436796833333333,22,1,osrm
942,delivered,2025-07-03 17:46:16,2025-07-03 17:52:25.485382,2025-07-03 17:59:52.600000,2025-07-03 18:01:46.800,15.513333333333332,7.4519103,27,1,osrm
943,delivered,2025-07-03 17:47:24,2025-07-03 17:55:58.587262,2025-07-03 18:15:59.800000,2025-07-03 18:18:11.100,30.785,20.0202123,3,1,osrm
944,delivered,2025-07-03 17:47:42,2025-07-03 17:56:54.786543,2025-07-03 18:51:40.600000,2025-07-03 18:54:42.000,67.0,54.76355761666667,9,1,osrm
945,delivered,2025-07-03 17:47:19,2025-07-03 17:58:38.358012,2025-07-03 17:58:38.358012,2025-07-03 17:57:48.900,10.498333333333333,0.0,23,1,osrm
946,delivered,2025-07-03 17:48:40,2025-07-03 18:04:55.048332,2025-07-03 18:04:55.048332,2025-07-03 17:57:37.200,8.953333333333335,0.0,29,1,osrm
947,delivered,2025-07-03 17:50:22,2025-07-03 18:05:01.252723,2025-07-03 18:05:01.252723,2025-07-03 17:57:41.300,7.321666666666667,0.0,1,1,osrm
948,delivered,2025-07-03 17:51:46,2025-07-03 17:59:39.013295,2025-07-03 18:16:33.300000,2025-07-03 18:19:06.300,27.33833333333333,16.904778416666666,16,1,osrm
949,delivered,2025-07-03 17:51:17,2025-07-03 18:06:28.057043,2025-07-03 18:06:28.057043,2025-07-03 18:02:52.500,11.591666666666667,0.0,3,1,osrm
950,delivered,2025-07-03 17:52:45,2025-07-03 18:06:46.044621,2025-07-03 18:06:46.044621,2025-07-03 18:03:17.700,10.545,0.0,12,1,osrm
951,delivered,2025-07-03 17:53:52,2025-07-03 18:09:44.454432,2025-07-03 18:09:44.454432,2025-07-03 18:03:14.400,9.373333333333333,0.0,19,1,osrm
952,delivered,2025-07-03 17:53:26,2025-07-03 18:10:27.760292,2025-07-03 18:23:18.700000,2025-07-03 18:24:25.800,30.996666666666666,12.848995133333334,11,1,osrm
953,delivered,2025-07-03 17:54:51,2025-07-03 18:09:52.292054,2025-07-03 18:09:52.292054,2025-07-03 18:04:10.000,9.316666666666666,0.0,17,1,osrm
954,delivered,2025-07-03 17:54:25,2025-07-03 18:03:11.913982,2025-07-03 19:05:05.400000,2025-07-03 19:08:50.900,74.43166666666666,61.891433633333335,26,1,osrm
955,delivered,2025-07-03 17:55:05,2025-07-03 18:10:12.544208,2025-07-03 18:10:12.544208,2025-07-03 18:05:20.200,10.253333333333334,0.0,16,1,osrm
956,delivered,2025-07-03 17:55:45,2025-07-03 18:11:13.927528,2025-07-03 18:53:04.100000,2025-07-03 18:57:22.500,61.625,41.83620786666667,14,1,osrm
957,delivered,2025-07-03 17:55:29,2025-07-03 18:04:10.465537,2025-07-03 18:23:28.900000,2025-07-03 18:25:19.600,29.84333333333333,19.307241050000002,7,1,osrm
958,delivered,2025-07-03 17:57:34,2025-07-03 18:08:45.234759,2025-07-03 18:08:45.234759,2025-07-03 18:10:46.600,13.21,0.0,10,1,osrm
959,delivered,2025-07-03 17:57:01,2025-07-03 18:12:26.108069,2025-07-03 18:12:26.108069,2025-07-03 18:06:56.400,9.923333333333334,0.0,25,1,osrm
960,delivered,2025-07-03 17:58:57,2025-07-03 18:11:17.342494,2025-07-03 18:11:17.342494,2025-07-03 18:07:21.000,8.4,0.0,21,1,osrm
961,delivered,2025-07-03 17:58:18,2025-07-03 18:08:37.057435,2025-07-03 19:19:42.200000,2025-07-03 19:24:28.800,86.18,71.08570941666667,12,1,osrm
962,delivered,2025-07-03 18:00:55,2025-07-03 18:14:14.999550,2025-07-03 19:11:12.400000,2025-07-03 19:13:31.800,72.61333333333333,56.956674166666666,7,1,osrm
963,delivered,2025-07-03 18:00:56,2025-07-03 18:09:25.857909,2025-07-03 18:13:11.000000,2025-07-03 18:16:34.300,15.638333333333332,3.752368183333333,1,1,osrm
964,delivered,2025-07-03 18:00:41,2025-07-03 18:07:37.291381,2025-07-03 18:07:37.291381,2025-07-03 18:08:06.000,7.416666666666667,0.0,11,1,osrm
965,delivered,2025-07-03 18:00:17,2025-07-03 18:15:18.887070,2025-07-03 18:17:51.900000,2025-07-03 18:20:08.100,19.851666666666667,2.5502155,12,1,osrm
966,delivered,2025-07-03 18:00:54,2025-07-03 18:13:43.965611,2025-07-03 18:13:43.965611,2025-07-03 18:13:22.600,12.476666666666667,0.0,28,1,osrm
967,delivered,2025-07-03 18:01:25,2025-07-03 18:17:25.187126,2025-07-03 19:05:33.000000,2025-07-03 19:08:45.400,67.34,48.13021456666667,5,1,osrm
968,delivered,2025-07-03 18:02:26,2025-07-03 18:13:30.622208,2025-07-03 18:13:30.622208,2025-07-03 18:12:22.200,9.936666666666667,0.0,7,1,osrm
969,delivered,2025-07-03 18:03:21,2025-07-03 18:11:06.780532,2025-07-03 18:11:58.500000,2025-07-03 18:16:21.600,13.01,0.8619911333333333,5,1,osrm
970,delivered,2025-07-03 18:04:37,2025-07-03 18:11:22.394120,2025-07-03 18:11:22.394120,2025-07-03 18:14:28.600,9.860000000000001,0.0,29,1,osrm
971,delivered,2025-07-03 18:04:34,2025-07-03 18:21:25.340850,2025-07-03 18:21:25.340850,2025-07-03 18:15:50.800,11.28,0.0,22,1,osrm
972,delivered,2025-07-03 18:05:45,2025-07-03 18:10:45.000000,2025-07-03 18:52:11.300000,2025-07-03 18:56:06.900,50.365,41.43833333333334,19,1,osrm
973,delivered,2025-07-03 18:06:08,2025-07-03 18:20:59.168724,2025-07-03 18:20:59.168724,2025-07-03 18:16:54.000,10.766666666666667,0.0,26,1,osrm
974,delivered,2025-07-03 18:07:35,2025-07-03 18:19:47.137526,2025-07-03 19:21:44.700000,2025-07-03 19:26:10.100,78.58500000000001,61.95937456666666,17,1,osrm
975,delivered,2025-07-03 18:07:24,2025-07-03 18:20:19.081948,2025-07-03 18:20:19.081948,2025-07-03 18:19:05.400,11.69,0.0,4,1,osrm
976,delivered,2025-07-03 18:07:03,2025-07-03 18:15:59.781284,2025-07-03 18:15:59.781284,2025-07-03 18:18:38.300,11.588333333333333,0.0,27,1,osrm
977,delivered,2025-07-03 18:08:28,2025-07-03 18:20:12.890645,2025-07-03 18:20:12.890645,2025-07-03 18:20:08.000,11.666666666666666,0.0,13,1,osrm
978,delivered,2025-07-03 18:08:39,2025-07-03 18:17:19.825404,2025-07-03 18:17:19.825404,2025-07-03 18:18:43.900,10.081666666666667,0.0,17,1,osrm
979,delivered,2025-07-03 18:08:39,2025-07-03 18:19:42.916771,2025-07-03 18:53:34.600000,2025-07-03 18:57:49.500,49.175,33.86138715,8,1,osrm
980,delivered,2025-07-03 18:09:34,2025-07-03 18:21:42.627220,2025-07-03 18:52:16.200000,2025-07-03 18:53:44.800,44.18,30.559546333333333,24,1,osrm
981,delivered,2025-07-03 18:11:02,2025-07-03 18:25:16.538661,2025-07-03 18:53:48.000000,2025-07-03 18:57:06.200,46.07,28.52435565,2,1,osrm
982,delivered,2025-07-03 18:12:38,2025-07-03 18:26:23.318499,2025-07-03 18:26:23.318499,2025-07-03 18:21:42.900,9.081666666666667,0.0,25,1,osrm
983,delivered,2025-07-03 18:13:06,2025-07-03 18:22:49.854261,2025-07-03 19:12:45.700000,2025-07-03 19:17:10.000,64.06666666666666,49.930762316666666,19,1,osrm
984,delivered,2025-07-03 18:14:04,2025-07-03 18:27:04.026567,2025-07-03 18:27:04.026567,2025-07-03 18:22:57.200,8.886666666666667,0.0,8,1,osrm
985,delivered,2025-07-03 18:15:18,2025-07-03 18:22:52.309913,2025-07-03 18:22:52.309913,2025-07-03 18:24:59.900,9.698333333333332,0.0,2,1,osrm
986,delivered,2025-07-03 18:17:03,2025-07-03 18:33:48.400058,2025-07-03 18:33:48.400058,2025-07-03 18:30:38.700,13.595,0.0,29,1,osrm
987,delivered,2025-07-03 18:18:42,2025-07-03 18:29:32.317903,2025-07-03 18:56:55.300000,2025-07-03 18:59:26.500,40.74166666666667,27.383034950000003,25,1,osrm
988,delivered,2025-07-03 18:19:09,2025-07-03 18:28:15.000161,2025-07-03 19:06:20.500000,2025-07-03 19:10:53.500,51.74166666666667,38.09166398333333,16,1,osrm
989,delivered,2025-07-03 18:19:10,2025-07-03 18:33:09.434786,2025-07-03 18:33:09.434786,2025-07-03 18:30:56.800,11.78,0.0,23,1,osrm
990,delivered,2025-07-03 18:20:27,2025-07-03 18:33:58.990700,2025-07-03 18:53:48.600000,2025-07-03 18:56:31.200,36.07,19.826821666666667,20,1,osrm
991,delivered,2025-07-03 18:21:49,2025-07-03 18:32:18.111608,2025-07-03 18:32:18.111608,2025-07-03 18:35:53.700,14.078333333333335,0.0,16,1,osrm
992,delivered,2025-07-03 18:21:21,2025-07-03 18:33:33.200947,2025-07-03 18:33:33.200947,2025-07-03 18:32:02.100,10.685,0.0,18,1,osrm
993,delivered,2025-07-03 18:22:39,2025-07-03 18:34:36.704344,2025-07-03 18:34:36.704344,2025-07-03 18:33:18.800,10.663333333333332,0.0,4,1,osrm
994,delivered,2025-07-03 18:24:35,2025-07-03 18:39:54.904847,2025-07-03 18:39:54.904847,2025-07-03 18:31:18.000,6.716666666666667,0.0,26,1,osrm
995,delivered,2025-07-03 18:24:59,2025-07-03 18:42:47.159105,2025-07-03 18:53:00.500000,2025-07-03 18:55:38.700,30.66166666666667,10.222348250000001,12,1,osrm
996,delivered,2025-07-03 18:25:58,2025-07-03 18:39:50.982866,2025-07-03 18:39:50.982866,2025-07-03 18:39:23.200,13.42,0.0,9,1,osrm
997,delivered,2025-07-03 18:26:02,2025-07-03 18:34:38.330575,2025-07-03 18:38:13.800000,2025-07-03 18:41:20.300,15.305,3.5911570833333335,30,1,osrm
998,delivered,2025-07-03 18:26:29,2025-07-03 18:39:08.873892,2025-07-03 18:39:08.873892,2025-07-03 18:40:03.600,13.576666666666666,0.0,2,1,osrm
999,delivered,2025-07-03 18:27:38,2025-07-03 18:32:38.000000,2025-07-03 18:39:17.900000,2025-07-03 18:43:04.500,15.441666666666666,6.665,6,1,osrm
1000,delivered,2025-07-03 18:28:57,2025-07-03 18:41:01.612705,2025-07-03 18:41:01.612705,2025-07-03 18:39:24.400,10.456666666666667,0.0,8,1,osrm
1001,delivered,2025-07-03 18:29:11,2025-07-03 18:43:22.759998,2025-07-03 18:43:22.759998,2025-07-03 18:39:32.200,10.353333333333333,0.0,14,1,osrm
1002,delivered,2025-07-03 18:29:05,2025-07-03 18:47:27.914580,2025-07-03 18:55:46.600000,2025-07-03 18:57:52.600,28.793333333333333,8.311423666666666,29,1,osrm
1003,delivered,2025-07-03 18:29:22,2025-07-03 18:48:59.647862,2025-07-03 18:48:59.647862,2025-07-03 18:37:47.500,8.425,0.0,20,1,osrm
1004,delivered,2025-07-03 18:29:28,2025-07-03 18:38:24.820079,2025-07-03 18:38:24.820079,2025-07-03 18:41:27.600,11.993333333333334,0.0,11,1,osrm
1005,delivered,2025-07-03 18:31:37,2025-07-03 18:45:37.079177,2025-07-03 18:45:37.079177,2025-07-03 18:44:32.600,12.926666666666668,0.0,29,1,osrm
1006,delivered,2025-07-03 18:32:18,2025-07-03 18:49:20.707450,2025-07-03 18:49:20.707450,2025-07-03 18:46:35.100,14.285,0.0,28,1,osrm
1007,delivered,2025-07-03 18:32:55,2025-07-03 18:49:59.090887,2025-07-03 19:23:51.700000,2025-07-03 19:28:54.900,55.998333333333335,33.87681855,26,1,osrm
1008,delivered,2025-07-03 18:33:29,2025-07-03 18:45:22.501609,2025-07-03 19:12:34.900000,2025-07-03 19:18:22.600,44.89333333333333,27.20663985,11,1,osrm
1009,delivered,2025-07-03 18:36:59,2025-07-03 18:46:55.942268,2025-07-03 18:58:17.600000,2025-07-03 19:00:19.000,23.333333333333332,11.3609622,6,1,osrm
1010,delivered,2025-07-03 18:36:40,2025-07-03 18:45:00.280517,2025-07-03 18:45:00.280517,2025-07-03 18:47:24.000,10.733333333333333,0.0,18,1,osrm
1011,delivered,2025-07-03 18:36:38,2025-07-03 18:45:16.642254,2025-07-03 18:45:16.642254,2025-07-03 18:48:46.900,12.148333333333333,0.0,4,1,osrm
1012,delivered,2025-07-03 18:39:50,2025-07-03 18:56:24.145884,2025-07-03 19:25:08.800000,2025-07-03 19:27:54.300,48.07166666666667,28.744235266666667,5,1,osrm
1013,delivered,2025-07-03 18:39:02,2025-07-03 18:52:59.002979,2025-07-03 18:52:59.002979,2025-07-03 18:46:45.300,7.721666666666667,0.0,22,1,osrm
1014,delivered,2025-07-03 18:39:03,2025-07-03 18:48:58.397583,2025-07-03 19:06:15.200000,2025-07-03 19:08:55.300,29.871666666666666,17.280040283333335,17,1,osrm
1015,delivered,2025-07-03 18:43:50,2025-07-03 18:54:21.432147,2025-07-03 18:54:21.432147,2025-07-03 18:55:20.400,11.506666666666666,0.0,5,1,osrm
1016,delivered,2025-07-03 18:44:37,2025-07-03 19:01:17.009107,2025-07-03 19:01:17.009107,2025-07-03 18:53:45.700,9.145000000000001,0.0,17,1,osrm
1017,delivered,2025-07-03 18:48:54,2025-07-03 19:04:03.636901,2025-07-03 19:04:03.636901,2025-07-03 18:57:20.100,8.435,0.0,11,1,osrm
1018,delivered,2025-07-03 18:50:38,2025-07-03 19:00:00.479519,2025-07-03 19:00:00.479519,2025-07-03 18:58:54.300,8.271666666666667,0.0,7,1,osrm
1019,delivered,2025-07-03 18:52:14,2025-07-03 19:04:32.287172,2025-07-03 19:04:32.287172,2025-07-03 19:04:31.600,12.293333333333333,0.0,18,1,osrm
1020,delivered,2025-07-03 18:53:11,2025-07-03 19:02:47.518663,2025-07-03 19:02:47.518663,2025-07-03 19:02:01.800,8.846666666666666,0.0,22,1,osrm
1021,delivered,2025-07-03 18:54:34,2025-07-03 19:07:31.498118,2025-07-03 19:07:31.498118,2025-07-03 19:03:35.100,9.018333333333334,0.0,4,1,osrm
1022,delivered,2025-07-03 18:58:20,2025-07-03 19:13:05.959825,2025-07-03 19:24:29.700000,2025-07-03 19:29:04.700,30.745,11.395669583333333,9,1,osrm
