order_id,status,placement_time,ready_time,pickup_time,delivery_time,click_to_door,ready_to_pickup,courier_id,bundle_size,routing_source
0,delivered,2025-07-03 08:00:27,2025-07-03 08:07:49.633562,2025-07-03 08:39:10.785687,2025-07-03 08:42:10.100,41.718333333333334,31.35253541666667,2,4,osrm
1,delivered,2025-07-03 08:00:54,2025-07-03 08:14:41.583669,2025-07-03 08:15:28.400000,2025-07-03 08:19:27.700,18.561666666666667,0.7802721833333333,15,1,osrm
2,delivered,2025-07-03 08:00:46,2025-07-03 08:07:17.760955,2025-07-03 08:21:21.500000,2025-07-03 08:23:45.500,22.991666666666667,14.062317416666668,4,1,osrm
3,delivered,2025-07-03 08:00:27,2025-07-03 08:10:52.315366,2025-07-03 08:27:07.000000,2025-07-03 08:30:14.400,29.790000000000003,16.2447439,21,1,osrm
4,delivered,2025-07-03 08:01:25,2025-07-03 08:15:14.175270,2025-07-03 08:47:01.604951,2025-07-03 08:55:49.500,54.40833333333333,31.790494683333336,27,3,osrm
5,delivered,2025-07-03 08:01:30,2025-07-03 08:10:18.697662,2025-07-03 08:18:08.600000,2025-07-03 08:21:12.200,19.703333333333333,7.831705633333333,5,1,osrm
6,delivered,2025-07-03 08:01:19,2025-07-03 08:09:42.566510,2025-07-03 08:25:44.700000,2025-07-03 08:30:37.800,29.313333333333333,16.035558166666668,23,1,osrm
7,delivered,2025-07-03 08:04:48,2025-07-03 08:16:28.246782,2025-07-03 08:52:08.437127,2025-07-03 08:56:59.200,52.18666666666666,35.669839083333336,3,3,osrm
8,delivered,2025-07-03 08:04:39,2025-07-03 08:14:13.373907,2025-07-03 08:16:15.100000,2025-07-03 08:20:05.300,15.438333333333333,2.0287682166666667,17,1,osrm
9,delivered,2025-07-03 08:04:33,2025-07-03 08:19:00.385977,2025-07-03 08:20:08.300000,2025-07-03 08:22:58.400,18.423333333333336,1.1319003833333334,9,2,osrm
10,delivered,2025-07-03 08:06:16,2025-07-03 08:21:17.942606,2025-07-03 11:23:53.800000,2025-07-03 11:37:03.700,210.79500000000002,182.59762323333334,29,4,osrm
11,delivered,2025-07-03 08:07:45,2025-07-03 08:20:17.014333,2025-07-03 08:48:30.387331,2025-07-03 08:56:23.400,48.64,28.2228833,14,2,osrm
12,delivered,2025-07-03 08:07:20,2025-07-03 08:22:21.076862,2025-07-03 08:53:14.697992,2025-07-03 08:53:02.500,45.708333333333336,30.8936855,19,4,osrm
13,delivered,2025-07-03 08:08:20,2025-07-03 08:17:37.364654,2025-07-03 08:20:08.300000,2025-07-03 08:22:58.400,14.639999999999999,2.5155891,9,2,osrm
14,delivered,2025-07-03 08:09:37,2025-07-03 08:24:25.829502,2025-07-03 09:08:39.665302,2025-07-03 09:12:21.200,62.736666666666665,44.23059666666666,1,4,osrm
15,delivered,2025-07-03 08:11:49,2025-07-03 08:20:15.742823,2025-07-03 08:30:23.500000,2025-07-03 08:33:46.900,21.965,10.129286283333332,12,1,osrm
16,delivered,2025-07-03 08:11:25,2025-07-03 08:18:28.005964,2025-07-03 08:39:41.969157,2025-07-03 08:45:22.000,33.95,21.232719883333335,26,3,osrm
17,delivered,2025-07-03 08:11:36,2025-07-03 08:22:07.852258,2025-07-03 08:29:35.900000,2025-07-03 08:32:55.500,21.325,7.467462366666667,7,1,osrm
18,delivered,2025-07-03 08:12:36,2025-07-03 08:25:15.811293,2025-07-03 08:39:10.785687,2025-07-03 08:42:10.100,29.56833333333333,13.916239899999999,2,4,osrm
19,delivered,2025-07-03 08:13:06,2025-07-03 08:23:17.070108,2025-07-03 08:52:08.437127,2025-07-03 08:56:59.200,43.88666666666666,28.856116983333333,3,3,osrm
20,delivered,2025-07-03 08:13:34,2025-07-03 08:29:37.099283,2025-07-03 08:39:41.969157,2025-07-03 08:45:22.000,31.8,10.081164566666667,26,3,osrm
21,delivered,2025-07-03 08:14:16,2025-07-03 08:28:18.978334,2025-07-03 11:29:25.800000,2025-07-03 11:40:00.100,205.735,181.11369443333334,17,4,osrm
22,delivered,2025-07-03 08:14:52,2025-07-03 08:26:42.850875,2025-07-03 08:55:48.856598,2025-07-03 08:56:03.000,41.18333333333333,29.100095383333333,24,4,osrm
23,delivered,2025-07-03 08:15:34,2025-07-03 08:28:01.578136,2025-07-03 09:09:27.815711,2025-07-03 09:16:16.300,60.705000000000005,41.43729291666667,18,4,osrm
24,delivered,2025-07-03 08:17:22,2025-07-03 08:31:59.464930,2025-07-03 09:20:53.096237,2025-07-03 09:24:15.900,66.89833333333334,48.89385511666667,11,3,osrm
25,delivered,2025-07-03 08:18:18,2025-07-03 08:36:08.934440,2025-07-03 09:18:43.650149,2025-07-03 09:19:12.300,60.905,42.57859515,27,4,osrm
26,delivered,2025-07-03 08:18:14,2025-07-03 08:30:49.669477,2025-07-03 10:50:30.300000,2025-07-03 10:57:50.700,159.61166666666668,139.67717538333332,18,4,osrm
27,delivered,2025-07-03 08:18:39,2025-07-03 08:30:25.643032,2025-07-03 08:30:25.643032,2025-07-03 08:35:14.600,16.593333333333334,0.0,27,2,osrm
28,delivered,2025-07-03 08:19:12,2025-07-03 08:29:44.784455,2025-07-03 08:54:43.146663,2025-07-03 09:02:40.900,43.48166666666667,24.972703466666665,6,4,osrm
29,delivered,2025-07-03 08:19:47,2025-07-03 08:27:43.049567,2025-07-03 08:53:05.930712,2025-07-03 08:58:24.900,38.63166666666667,25.38135241666667,28,4,osrm
30,delivered,2025-07-03 08:19:22,2025-07-03 08:29:04.447562,2025-07-03 09:18:43.650149,2025-07-03 09:19:12.300,59.83833333333334,49.65337645,27,4,osrm
31,delivered,2025-07-03 08:20:20,2025-07-03 08:27:32.389666,2025-07-03 08:55:53.668000,2025-07-03 09:00:33.500,40.225,28.3546389,9,4,osrm
32,delivered,2025-07-03 08:21:06,2025-07-03 08:33:19.260410,2025-07-03 08:53:05.930712,2025-07-03 08:58:24.900,37.315000000000005,19.777838366666668,28,4,osrm
33,delivered,2025-07-03 08:21:28,2025-07-03 08:35:12.213442,2025-07-03 08:57:16.944155,2025-07-03 09:07:11.800,45.730000000000004,22.078845216666664,8,4,osrm
34,delivered,2025-07-03 08:21:16,2025-07-03 08:36:05.539804,2025-07-03 08:39:10.785687,2025-07-03 08:42:10.100,20.901666666666664,3.087431383333333,2,4,osrm
35,delivered,2025-07-03 08:21:36,2025-07-03 08:30:27.486625,2025-07-03 09:26:40.848631,2025-07-03 09:34:19.500,72.725,56.2227001,10,4,osrm
36,delivered,2025-07-03 08:21:43,2025-07-03 08:33:37.230425,2025-07-03 11:58:45.000000,2025-07-03 12:10:57.300,229.23833333333332,205.12949291666666,26,4,osrm
37,delivered,2025-07-03 08:21:58,2025-07-03 08:39:10.785687,2025-07-03 08:39:10.785687,2025-07-03 08:42:10.100,20.201666666666664,0.0,2,4,osrm
38,delivered,2025-07-03 08:21:13,2025-07-03 08:28:01.350560,2025-07-03 08:30:25.643032,2025-07-03 08:35:14.600,14.026666666666667,2.4048745333333335,27,2,osrm
39,delivered,2025-07-03 08:22:22,2025-07-03 08:33:43.008266,2025-07-03 08:54:25.048156,2025-07-03 09:00:45.800,38.39666666666667,20.700664833333335,17,4,osrm
40,delivered,2025-07-03 08:22:21,2025-07-03 08:33:22.815181,2025-07-03 08:54:43.146663,2025-07-03 09:02:40.900,40.33166666666667,21.338858033333334,6,4,osrm
41,delivered,2025-07-03 08:23:01,2025-07-03 08:32:30.808723,2025-07-03 10:58:06.587612,2025-07-03 11:01:56.500,158.925,145.59631481666665,23,4,osrm
42,delivered,2025-07-03 08:23:59,2025-07-03 08:34:27.680906,2025-07-03 09:17:12.926727,2025-07-03 09:23:20.100,59.35166666666667,42.75409701666667,12,4,osrm
43,delivered,2025-07-03 08:23:43,2025-07-03 08:39:41.969157,2025-07-03 08:39:41.969157,2025-07-03 08:45:22.000,21.65,0.0,26,3,osrm
44,delivered,2025-07-03 08:24:15,2025-07-03 08:36:20.760723,2025-07-03 08:54:25.048156,2025-07-03 09:00:45.800,36.513333333333335,18.071457216666666,17,4,osrm
45,delivered,2025-07-03 08:24:33,2025-07-03 08:32:53.741863,2025-07-03 08:55:45.476930,2025-07-03 08:58:54.800,34.36333333333334,22.862251116666666,25,4,osrm
46,delivered,2025-07-03 08:25:06,2025-07-03 08:36:53.949015,2025-07-03 08:48:48.348663,2025-07-03 08:52:20.300,27.238333333333333,11.9066608,12,4,osrm
47,delivered,2025-07-03 08:25:38,2025-07-03 08:35:30.168549,2025-07-03 09:16:26.838421,2025-07-03 09:22:41.900,57.065000000000005,40.944497866666666,25,4,osrm
48,delivered,2025-07-03 08:26:12,2025-07-03 08:38:22.534039,2025-07-03 08:47:01.604951,2025-07-03 08:55:49.500,29.625,8.651181866666667,27,3,osrm
49,delivered,2025-07-03 08:26:02,2025-07-03 08:36:53.337460,2025-07-03 09:30:38.113695,2025-07-03 09:38:44.900,72.71499999999999,53.74627058333333,21,4,osrm
50,delivered,2025-07-03 08:27:19,2025-07-03 08:38:12.895893,2025-07-03 08:55:53.668000,2025-07-03 09:00:33.500,33.24166666666667,17.679535116666667,9,4,osrm
51,delivered,2025-07-03 08:27:23,2025-07-03 08:36:21.371372,2025-07-03 09:09:27.815711,2025-07-03 09:15:48.800,48.43,33.10740565,24,4,osrm
52,delivered,2025-07-03 08:28:17,2025-07-03 08:37:02.235961,2025-07-03 11:05:25.500000,2025-07-03 11:14:12.500,165.925,148.38773398333333,13,4,osrm
53,delivered,2025-07-03 08:28:24,2025-07-03 08:41:17.753474,2025-07-03 11:35:10.800000,2025-07-03 11:42:29.100,194.085,173.88410876666666,27,3,osrm
54,delivered,2025-07-03 08:29:24,2025-07-03 08:39:13.257095,2025-07-03 09:17:39.997383,2025-07-03 09:21:18.000,51.9,38.44567146666667,23,4,osrm
55,delivered,2025-07-03 08:29:26,2025-07-03 08:39:29.312037,2025-07-03 09:09:27.815711,2025-07-03 09:08:01.200,38.586666666666666,29.975061233333335,15,4,osrm
56,delivered,2025-07-03 08:29:53,2025-07-03 08:42:08.269076,2025-07-03 08:55:53.668000,2025-07-03 09:00:33.500,30.675,13.756648733333332,9,4,osrm
57,delivered,2025-07-03 08:29:45,2025-07-03 08:43:23.810793,2025-07-03 09:01:28.570799,2025-07-03 09:01:30.900,31.765,18.079333433333332,2,4,osrm
58,delivered,2025-07-03 08:31:37,2025-07-03 08:44:54.136611,2025-07-03 10:49:44.000000,2025-07-03 10:59:51.100,148.235,124.83105648333334,2,4,osrm
59,delivered,2025-07-03 08:32:30,2025-07-03 08:39:33.027969,2025-07-03 09:17:12.926727,2025-07-03 09:23:20.100,50.835,37.6649793,12,4,osrm
60,delivered,2025-07-03 08:32:16,2025-07-03 08:48:02.120703,2025-07-03 08:55:48.856598,2025-07-03 08:56:03.000,23.783333333333335,7.778931583333334,24,4,osrm
61,delivered,2025-07-03 08:32:58,2025-07-03 08:43:49.056690,2025-07-03 09:31:18.731326,2025-07-03 09:37:03.000,64.08333333333333,47.49457726666667,17,4,osrm
62,delivered,2025-07-03 08:33:49,2025-07-03 08:46:33.388135,2025-07-03 09:04:03.684921,2025-07-03 09:13:30.600,39.693333333333335,17.504946433333334,29,4,osrm
63,delivered,2025-07-03 08:33:39,2025-07-03 08:49:18.847445,2025-07-03 09:26:40.848631,2025-07-03 09:34:19.500,60.675,37.366686433333335,10,4,osrm
64,delivered,2025-07-03 08:33:43,2025-07-03 08:44:09.265429,2025-07-03 09:17:12.926727,2025-07-03 09:23:20.100,49.61833333333333,33.06102163333333,12,4,osrm
65,delivered,2025-07-03 08:33:25,2025-07-03 08:43:56.401286,2025-07-03 09:18:15.369732,2025-07-03 09:20:55.000,47.5,34.31614076666666,22,4,osrm
66,delivered,2025-07-03 08:33:45,2025-07-03 08:42:54.244205,2025-07-03 09:40:05.337615,2025-07-03 09:43:42.800,69.96333333333334,57.18489016666667,1,4,osrm
67,delivered,2025-07-03 08:34:47,2025-07-03 08:48:48.348663,2025-07-03 08:48:48.348663,2025-07-03 08:52:20.300,17.555,0.0,12,4,osrm
68,delivered,2025-07-03 08:34:14,2025-07-03 08:44:23.534303,2025-07-03 09:04:03.684921,2025-07-03 09:13:30.600,39.276666666666664,19.669176966666665,29,4,osrm
69,delivered,2025-07-03 08:34:50,2025-07-03 08:46:33.067540,2025-07-03 08:53:05.930712,2025-07-03 08:58:24.900,23.581666666666667,6.547719533333334,28,4,osrm
70,delivered,2025-07-03 08:34:03,2025-07-03 08:45:09.369252,2025-07-03 09:13:02.333892,2025-07-03 09:15:59.600,41.943333333333335,27.882744,21,3,osrm
71,delivered,2025-07-03 08:34:38,2025-07-03 08:52:08.437127,2025-07-03 08:52:08.437127,2025-07-03 08:56:59.200,22.353333333333335,0.0,3,3,osrm
72,delivered,2025-07-03 08:35:16,2025-07-03 08:43:37.490428,2025-07-03 09:41:43.012290,2025-07-03 09:43:21.900,68.09833333333333,58.092031033333335,6,4,osrm
73,delivered,2025-07-03 08:38:12,2025-07-03 08:49:40.208598,2025-07-03 08:54:25.048156,2025-07-03 09:00:45.800,22.563333333333333,4.747325966666667,17,4,osrm
74,delivered,2025-07-03 08:38:25,2025-07-03 08:48:30.387331,2025-07-03 08:48:30.387331,2025-07-03 08:56:23.400,17.973333333333336,0.0,14,2,osrm
75,delivered,2025-07-03 08:39:25,2025-07-03 08:47:01.604951,2025-07-03 08:47:01.604951,2025-07-03 08:55:49.500,16.408333333333335,0.0,27,3,osrm
76,delivered,2025-07-03 08:39:17,2025-07-03 08:53:14.697992,2025-07-03 08:53:14.697992,2025-07-03 08:53:02.500,13.758333333333333,0.0,19,4,osrm
77,delivered,2025-07-03 08:39:05,2025-07-03 08:53:10.643327,2025-07-03 11:58:45.000000,2025-07-03 12:10:57.300,211.87166666666664,185.57261121666667,26,4,osrm
78,delivered,2025-07-03 08:39:59,2025-07-03 08:55:46.917040,2025-07-03 10:49:44.000000,2025-07-03 10:59:51.100,139.86833333333334,113.95138266666666,2,4,osrm
79,delivered,2025-07-03 08:40:50,2025-07-03 08:53:05.930712,2025-07-03 08:53:05.930712,2025-07-03 08:58:24.900,17.581666666666667,0.0,28,4,osrm
80,delivered,2025-07-03 08:40:56,2025-07-03 08:54:30.686754,2025-07-03 09:06:57.897066,2025-07-03 09:13:28.900,32.54833333333333,12.4535052,20,4,osrm
81,delivered,2025-07-03 08:40:18,2025-07-03 08:50:22.559007,2025-07-03 11:58:45.000000,2025-07-03 12:10:57.300,210.655,188.37401655,26,4,osrm
82,delivered,2025-07-03 08:41:32,2025-07-03 08:53:23.195085,2025-07-03 08:54:43.146663,2025-07-03 09:02:40.900,21.148333333333333,1.3325263,6,4,osrm
83,delivered,2025-07-03 08:41:55,2025-07-03 08:53:08.779236,2025-07-03 09:31:14.463695,2025-07-03 09:37:01.000,55.1,38.09474098333333,18,4,osrm
84,delivered,2025-07-03 08:41:57,2025-07-03 08:54:25.048156,2025-07-03 08:54:25.048156,2025-07-03 09:00:45.800,18.813333333333333,0.0,17,4,osrm
85,delivered,2025-07-03 08:41:43,2025-07-03 08:49:37.522215,2025-07-03 09:37:24.941247,2025-07-03 09:37:00.900,55.29833333333333,47.7903172,27,4,osrm
86,delivered,2025-07-03 08:41:11,2025-07-03 08:56:59.450409,2025-07-03 09:08:57.306555,2025-07-03 09:14:05.300,32.905,11.9642691,10,2,osrm
87,delivered,2025-07-03 08:41:00,2025-07-03 08:47:15.923452,2025-07-03 11:44:37.200000,2025-07-03 11:52:29.300,191.48833333333332,177.35460913333333,16,4,osrm
88,delivered,2025-07-03 08:41:36,2025-07-03 08:52:00.054439,2025-07-03 08:55:48.856598,2025-07-03 08:56:03.000,14.45,3.8133693166666665,24,4,osrm
89,delivered,2025-07-03 08:42:24,2025-07-03 08:55:53.668000,2025-07-03 08:55:53.668000,2025-07-03 09:00:33.500,18.158333333333335,0.0,9,4,osrm
90,delivered,2025-07-03 08:42:00,2025-07-03 08:56:09.860110,2025-07-03 11:10:45.900000,2025-07-03 11:21:11.000,159.18333333333334,134.60066483333333,20,4,osrm
91,delivered,2025-07-03 08:42:03,2025-07-03 08:52:23.421369,2025-07-03 09:18:15.369732,2025-07-03 09:20:55.000,38.86666666666667,25.86580605,22,4,osrm
92,delivered,2025-07-03 08:42:23,2025-07-03 08:55:48.677290,2025-07-03 09:35:10.362513,2025-07-03 09:42:24.600,60.026666666666664,39.36142038333333,23,4,osrm
93,delivered,2025-07-03 08:43:17,2025-07-03 08:54:18.012460,2025-07-03 09:09:27.815711,2025-07-03 09:15:48.800,32.53,15.163387516666667,24,4,osrm
94,delivered,2025-07-03 08:43:25,2025-07-03 09:01:28.570799,2025-07-03 09:09:27.815711,2025-07-03 09:08:01.200,24.603333333333335,7.9874152,15,4,osrm
95,delivered,2025-07-03 08:43:55,2025-07-03 08:55:48.856598,2025-07-03 08:55:48.856598,2025-07-03 08:56:03.000,12.133333333333333,0.0,24,4,osrm
96,delivered,2025-07-03 08:43:36,2025-07-03 08:54:29.800068,2025-07-03 08:56:30.587718,2025-07-03 09:05:45.900,22.165000000000003,2.0131275,7,4,osrm
97,delivered,2025-07-03 08:43:56,2025-07-03 08:50:51.357617,2025-07-03 11:54:14.500000,2025-07-03 11:55:40.700,191.745,183.38570638333334,10,2,osrm
98,delivered,2025-07-03 08:43:20,2025-07-03 08:56:30.587718,2025-07-03 08:56:30.587718,2025-07-03 09:05:45.900,22.43166666666667,0.0,7,4,osrm
99,delivered,2025-07-03 08:43:05,2025-07-03 08:51:57.401418,2025-07-03 08:57:16.944155,2025-07-03 09:07:11.800,24.113333333333333,5.325712283333333,8,4,osrm
100,delivered,2025-07-03 08:44:59,2025-07-03 08:55:47.188730,2025-07-03 11:04:50.100000,2025-07-03 11:11:41.700,146.71166666666667,129.04852116666666,7,3,osrm
101,delivered,2025-07-03 08:44:00,2025-07-03 08:50:27.509256,2025-07-03 09:22:53.622906,2025-07-03 09:29:36.700,45.611666666666665,32.4352275,13,4,osrm
102,delivered,2025-07-03 08:44:39,2025-07-03 08:58:55.199732,2025-07-03 09:31:41.191087,2025-07-03 09:37:01.300,52.37166666666667,32.766522583333334,28,4,osrm
103,delivered,2025-07-03 08:44:52,2025-07-03 08:57:44.036440,2025-07-03 09:24:58.854389,2025-07-03 09:34:51.500,49.99166666666667,27.246965816666666,20,4,osrm
104,delivered,2025-07-03 08:45:27,2025-07-03 08:59:42.430675,2025-07-03 09:14:01.615124,2025-07-03 09:19:30.700,34.06166666666667,14.319740816666666,28,4,osrm
105,delivered,2025-07-03 08:45:45,2025-07-03 08:55:09.174211,2025-07-03 11:23:55.100000,2025-07-03 11:29:47.500,164.04166666666666,148.76542981666668,1,3,osrm
106,delivered,2025-07-03 08:45:24,2025-07-03 09:03:08.367070,2025-07-03 09:06:57.897066,2025-07-03 09:13:28.900,28.081666666666667,3.8254999333333335,20,4,osrm
107,delivered,2025-07-03 08:45:48,2025-07-03 09:00:36.056159,2025-07-03 09:39:46.317466,2025-07-03 09:50:37.600,64.82666666666667,39.17102178333334,13,4,osrm
108,delivered,2025-07-03 08:45:00,2025-07-03 09:00:14.010533,2025-07-03 09:17:39.997383,2025-07-03 09:21:18.000,36.3,17.433114166666666,23,4,osrm
109,delivered,2025-07-03 08:45:47,2025-07-03 08:55:41.341905,2025-07-03 09:08:39.665302,2025-07-03 09:12:21.200,26.57,12.972056616666666,1,4,osrm
110,delivered,2025-07-03 08:45:31,2025-07-03 08:54:18.900870,2025-07-03 09:09:27.815711,2025-07-03 09:15:48.800,30.296666666666667,15.148580683333334,24,4,osrm
111,delivered,2025-07-03 08:45:34,2025-07-03 08:54:43.146663,2025-07-03 09:09:27.815711,2025-07-03 09:16:16.300,30.705,14.744484133333334,18,4,osrm
112,delivered,2025-07-03 08:45:56,2025-07-03 08:57:27.465570,2025-07-03 08:57:27.465570,2025-07-03 09:08:15.800,22.33,0.0,4,4,osrm
113,delivered,2025-07-03 08:46:53,2025-07-03 08:59:12.817820,2025-07-03 11:23:55.100000,2025-07-03 11:31:33.400,164.67333333333332,144.704703,8,3,osrm
114,delivered,2025-07-03 08:46:33,2025-07-03 08:55:45.476930,2025-07-03 08:55:45.476930,2025-07-03 08:58:54.800,12.363333333333333,0.0,25,4,osrm
115,delivered,2025-07-03 08:47:08,2025-07-03 08:57:43.109729,2025-07-03 09:26:56.932885,2025-07-03 09:32:53.600,45.76,29.23038593333333,3,4,osrm
116,delivered,2025-07-03 08:47:00,2025-07-03 08:56:51.410871,2025-07-03 11:05:25.500000,2025-07-03 11:14:12.500,147.20833333333334,128.56815215,13,4,osrm
117,delivered,2025-07-03 08:47:35,2025-07-03 09:03:59.718969,2025-07-03 09:17:39.997383,2025-07-03 09:21:18.000,33.71666666666667,13.6713069,23,4,osrm
118,delivered,2025-07-03 08:48:04,2025-07-03 08:57:16.944155,2025-07-03 08:57:16.944155,2025-07-03 09:07:11.800,19.13,0.0,8,4,osrm
119,delivered,2025-07-03 08:48:16,2025-07-03 08:59:35.838061,2025-07-03 09:33:08.883506,2025-07-03 09:41:08.100,52.86833333333333,33.55075741666666,24,4,osrm
120,delivered,2025-07-03 08:49:38,2025-07-03 08:58:03.337164,2025-07-03 09:04:03.684921,2025-07-03 09:13:30.600,23.876666666666665,6.00579595,29,4,osrm
121,delivered,2025-07-03 08:49:19,2025-07-03 09:00:44.966750,2025-07-03 09:53:20.894562,2025-07-03 09:58:23.700,69.07833333333333,52.59879686666667,12,4,osrm
122,delivered,2025-07-03 08:50:47,2025-07-03 09:04:03.684921,2025-07-03 09:04:03.684921,2025-07-03 09:13:30.600,22.726666666666667,0.0,29,4,osrm
123,delivered,2025-07-03 08:50:42,2025-07-03 08:59:26.840499,2025-07-03 09:25:42.224190,2025-07-03 09:31:42.000,41.0,26.25639485,26,4,osrm
124,delivered,2025-07-03 08:50:06,2025-07-03 08:57:06.046705,2025-07-03 09:17:29.500923,2025-07-03 09:23:52.700,33.778333333333336,20.390903633333334,2,4,osrm
125,delivered,2025-07-03 08:50:03,2025-07-03 09:01:38.439358,2025-07-03 09:16:26.838421,2025-07-03 09:22:41.900,32.64833333333333,14.80665105,25,4,osrm
126,delivered,2025-07-03 08:51:41,2025-07-03 09:04:02.538556,2025-07-03 11:04:22.000000,2025-07-03 11:15:26.200,143.75333333333336,120.3243574,3,4,osrm
127,delivered,2025-07-03 08:51:35,2025-07-03 09:05:59.806275,2025-07-03 09:30:39.118631,2025-07-03 09:35:44.900,44.165,24.65520593333333,9,4,osrm
128,delivered,2025-07-03 08:52:44,2025-07-03 09:05:09.429979,2025-07-03 11:55:20.500000,2025-07-03 12:01:27.900,188.73166666666665,170.18450034999998,14,3,osrm
129,delivered,2025-07-03 08:53:56,2025-07-03 09:08:13.067486,2025-07-03 11:05:25.500000,2025-07-03 11:14:12.500,140.275,117.20720856666667,13,4,osrm
130,delivered,2025-07-03 08:54:16,2025-07-03 09:09:27.815711,2025-07-03 09:09:27.815711,2025-07-03 09:15:48.800,21.546666666666667,0.0,24,4,osrm
131,delivered,2025-07-03 08:54:19,2025-07-03 09:03:25.415437,2025-07-03 09:38:40.131683,2025-07-03 09:42:33.200,48.236666666666665,35.245270766666664,15,3,osrm
132,delivered,2025-07-03 08:54:45,2025-07-03 09:07:03.213185,2025-07-03 09:18:43.650149,2025-07-03 09:19:12.300,24.455,11.6739494,27,4,osrm
133,delivered,2025-07-03 08:55:06,2025-07-03 09:00:51.342858,2025-07-03 09:41:43.012290,2025-07-03 09:43:21.900,48.265,40.8611572,6,4,osrm
134,delivered,2025-07-03 08:56:51,2025-07-03 09:05:11.321719,2025-07-03 09:30:39.118631,2025-07-03 09:35:44.900,38.89833333333333,25.463281866666666,9,4,osrm
135,delivered,2025-07-03 08:56:23,2025-07-03 09:07:14.630733,2025-07-03 09:33:42.562341,2025-07-03 09:36:34.900,40.19833333333334,26.465526800000003,14,4,osrm
136,delivered,2025-07-03 08:56:57,2025-07-03 09:10:42.459260,2025-07-03 11:49:40.978075,2025-07-03 11:56:41.400,179.73999999999998,158.97531358333333,21,3,osrm
137,delivered,2025-07-03 08:57:44,2025-07-03 09:08:57.306555,2025-07-03 09:08:57.306555,2025-07-03 09:14:05.300,16.355,0.0,10,2,osrm
138,delivered,2025-07-03 08:57:40,2025-07-03 09:08:39.665302,2025-07-03 09:08:39.665302,2025-07-03 09:12:21.200,14.686666666666667,0.0,1,4,osrm
139,delivered,2025-07-03 08:58:25,2025-07-03 09:06:42.789434,2025-07-03 09:31:41.191087,2025-07-03 09:37:01.300,38.605000000000004,24.97336088333333,28,4,osrm
140,delivered,2025-07-03 08:58:11,2025-07-03 09:06:57.897066,2025-07-03 09:13:02.333892,2025-07-03 09:15:59.600,17.81,6.0739471,21,3,osrm
141,delivered,2025-07-03 08:58:02,2025-07-03 09:08:57.606537,2025-07-03 09:08:57.606537,2025-07-03 09:15:25.100,17.384999999999998,0.0,3,3,osrm
142,delivered,2025-07-03 08:59:47,2025-07-03 09:11:27.543160,2025-07-03 09:20:53.096237,2025-07-03 09:24:15.900,24.48166666666667,9.425884616666668,11,3,osrm
143,delivered,2025-07-03 09:00:23,2025-07-03 09:18:25.256022,2025-07-03 09:42:55.457849,2025-07-03 09:43:56.100,43.55166666666666,24.503363783333334,22,4,osrm
144,delivered,2025-07-03 09:00:42,2025-07-03 09:07:17.487337,2025-07-03 09:38:06.403858,2025-07-03 09:45:20.300,44.638333333333335,30.81527535,2,4,osrm
145,delivered,2025-07-03 09:00:25,2025-07-03 09:14:01.615124,2025-07-03 09:26:40.848631,2025-07-03 09:34:19.500,33.90833333333333,12.653891783333334,10,4,osrm
146,delivered,2025-07-03 09:01:40,2025-07-03 09:13:52.230036,2025-07-03 10:58:06.587612,2025-07-03 11:01:56.500,120.275,104.23929293333335,23,4,osrm
147,delivered,2025-07-03 09:01:59,2025-07-03 09:18:15.369732,2025-07-03 09:18:15.369732,2025-07-03 09:20:55.000,18.933333333333334,0.0,22,4,osrm
148,delivered,2025-07-03 09:02:17,2025-07-03 09:17:31.876496,2025-07-03 09:49:10.627678,2025-07-03 09:59:14.500,56.958333333333336,31.64585303333333,26,4,osrm
149,delivered,2025-07-03 09:02:19,2025-07-03 09:16:04.974989,2025-07-03 09:22:53.622906,2025-07-03 09:29:36.700,27.295,6.810798616666667,13,4,osrm
150,delivered,2025-07-03 09:02:58,2025-07-03 09:13:02.333892,2025-07-03 09:13:02.333892,2025-07-03 09:15:59.600,13.026666666666667,0.0,21,3,osrm
151,delivered,2025-07-03 09:03:38,2025-07-03 09:18:03.575786,2025-07-03 09:55:25.917747,2025-07-03 10:02:20.700,58.711666666666666,37.37236601666667,24,4,osrm
152,delivered,2025-07-03 09:03:45,2025-07-03 09:17:29.500923,2025-07-03 09:30:39.118631,2025-07-03 09:35:44.900,31.998333333333335,13.160295133333333,9,4,osrm
153,delivered,2025-07-03 09:03:28,2025-07-03 09:20:29.526089,2025-07-03 11:55:20.500000,2025-07-03 12:01:27.900,177.99833333333333,154.8495651833333,14,3,osrm
154,delivered,2025-07-03 09:04:11,2025-07-03 09:22:53.622906,2025-07-03 09:38:40.131683,2025-07-03 09:42:33.200,38.37,15.775146283333333,15,3,osrm
155,delivered,2025-07-03 09:04:47,2025-07-03 09:17:20.875213,2025-07-03 09:57:02.196330,2025-07-03 10:01:49.900,57.04833333333333,39.688685283333335,11,4,osrm
156,delivered,2025-07-03 09:04:11,2025-07-03 09:18:43.650149,2025-07-03 09:18:43.650149,2025-07-03 09:19:12.300,15.021666666666667,0.0,27,4,osrm
157,delivered,2025-07-03 09:04:44,2025-07-03 09:16:26.838421,2025-07-03 09:24:58.854389,2025-07-03 09:34:51.500,30.125,8.533599466666667,20,4,osrm
158,delivered,2025-07-03 09:04:38,2025-07-03 09:17:12.926727,2025-07-03 09:17:12.926727,2025-07-03 09:23:20.100,18.701666666666664,0.0,12,4,osrm
159,delivered,2025-07-03 09:05:57,2025-07-03 09:24:31.416266,2025-07-03 11:09:54.700000,2025-07-03 11:17:43.600,131.77666666666667,105.38806223333333,14,4,osrm
160,delivered,2025-07-03 09:05:46,2025-07-03 09:16:16.199518,2025-07-03 09:37:24.941247,2025-07-03 09:37:00.900,31.248333333333335,21.145695483333334,27,4,osrm
161,delivered,2025-07-03 09:05:45,2025-07-03 09:16:49.882506,2025-07-03 09:57:24.616452,2025-07-03 10:02:58.800,57.230000000000004,40.578899099999994,28,4,osrm
162,delivered,2025-07-03 09:06:09,2025-07-03 09:18:10.451138,2025-07-03 11:09:54.700000,2025-07-03 11:17:43.600,131.57666666666668,111.73748103333334,14,4,osrm
163,delivered,2025-07-03 09:06:21,2025-07-03 09:22:25.829091,2025-07-03 10:06:02.014571,2025-07-03 10:16:15.100,69.90166666666667,43.60309133333333,2,4,osrm
164,delivered,2025-07-03 09:06:02,2025-07-03 09:13:11.104774,2025-07-03 09:35:10.362513,2025-07-03 09:42:24.600,36.376666666666665,21.98762898333333,23,4,osrm
165,delivered,2025-07-03 09:07:30,2025-07-03 09:16:25.265856,2025-07-03 09:18:15.369732,2025-07-03 09:20:55.000,13.416666666666666,1.8350646,22,4,osrm
166,delivered,2025-07-03 09:07:54,2025-07-03 09:23:16.240875,2025-07-03 09:33:08.883506,2025-07-03 09:41:08.100,33.235,9.877377183333333,24,4,osrm
167,delivered,2025-07-03 09:07:05,2025-07-03 09:13:58.151668,2025-07-03 09:37:53.889204,2025-07-03 09:39:32.000,32.45,23.928958933333334,12,3,osrm
168,delivered,2025-07-03 09:07:07,2025-07-03 09:16:41.986861,2025-07-03 09:33:42.562341,2025-07-03 09:36:34.900,29.465,17.009591333333333,14,4,osrm
169,delivered,2025-07-03 09:07:48,2025-07-03 09:17:39.997383,2025-07-03 09:17:39.997383,2025-07-03 09:21:18.000,13.5,0.0,23,4,osrm
170,delivered,2025-07-03 09:07:03,2025-07-03 09:23:29.108349,2025-07-03 10:09:42.600000,2025-07-03 10:16:52.400,69.82333333333332,46.22486085,26,4,osrm
171,delivered,2025-07-03 09:07:24,2025-07-03 09:17:49.600408,2025-07-03 09:39:46.317466,2025-07-03 09:50:37.600,43.22666666666667,21.9452843,13,4,osrm
172,delivered,2025-07-03 09:08:19,2025-07-03 09:17:52.210876,2025-07-03 09:17:52.210876,2025-07-03 09:20:03.200,11.736666666666668,0.0,17,4,osrm
173,delivered,2025-07-03 09:08:58,2025-07-03 09:17:15.799940,2025-07-03 09:37:53.889204,2025-07-03 09:39:32.000,30.566666666666666,20.634821066666667,12,3,osrm
174,delivered,2025-07-03 09:08:52,2025-07-03 09:16:31.254434,2025-07-03 09:33:08.883506,2025-07-03 09:41:08.100,32.26833333333333,16.6271512,24,4,osrm
175,delivered,2025-07-03 09:08:12,2025-07-03 09:15:49.224337,2025-07-03 09:43:57.972370,2025-07-03 09:50:13.500,42.025,28.14580055,16,4,osrm
176,delivered,2025-07-03 09:09:19,2025-07-03 09:21:28.204082,2025-07-03 11:23:53.800000,2025-07-03 11:31:47.800,142.48,122.42659863333333,16,4,osrm
177,delivered,2025-07-03 09:09:41,2025-07-03 09:20:57.769847,2025-07-03 11:05:00.400000,2025-07-03 11:13:54.200,124.22,104.04383588333333,5,4,osrm
178,delivered,2025-07-03 09:09:37,2025-07-03 09:23:02.378095,2025-07-03 09:23:02.378095,2025-07-03 09:30:13.400,20.60666666666667,0.0,16,4,osrm
179,delivered,2025-07-03 09:09:26,2025-07-03 09:19:00.774364,2025-07-03 09:31:41.191087,2025-07-03 09:37:01.300,27.58833333333333,12.673612050000001,28,4,osrm
180,delivered,2025-07-03 09:09:10,2025-07-03 09:24:58.854389,2025-07-03 09:43:57.972370,2025-07-03 09:50:13.500,41.05833333333333,18.985299683333334,16,4,osrm
181,delivered,2025-07-03 09:09:56,2025-07-03 09:18:53.409033,2025-07-03 09:18:53.409033,2025-07-03 09:24:07.400,14.19,0.0,15,4,osrm
182,delivered,2025-07-03 09:10:07,2025-07-03 09:26:56.932885,2025-07-03 09:26:56.932885,2025-07-03 09:32:53.600,22.776666666666664,0.0,3,4,osrm
183,delivered,2025-07-03 09:10:48,2025-07-03 09:21:28.472444,2025-07-03 09:38:06.403858,2025-07-03 09:45:20.300,34.538333333333334,16.632190233333333,2,4,osrm
184,delivered,2025-07-03 09:11:47,2025-07-03 09:23:40.589486,2025-07-03 10:10:16.099978,2025-07-03 10:14:01.500,62.24166666666667,46.59184153333333,3,4,osrm
185,delivered,2025-07-03 09:12:34,2025-07-03 09:18:31.617167,2025-07-03 09:36:58.298713,2025-07-03 09:39:38.600,27.076666666666664,18.444692433333334,25,4,osrm
186,delivered,2025-07-03 09:12:24,2025-07-03 09:29:30.141464,2025-07-03 09:53:18.514514,2025-07-03 09:56:33.200,44.15333333333333,23.8062175,8,4,osrm
187,delivered,2025-07-03 09:13:45,2025-07-03 09:20:53.096237,2025-07-03 09:20:53.096237,2025-07-03 09:24:15.900,10.514999999999999,0.0,11,3,osrm
188,delivered,2025-07-03 09:13:04,2025-07-03 09:24:08.521240,2025-07-03 10:10:16.099978,2025-07-03 10:14:01.500,60.958333333333336,46.1263123,3,4,osrm
189,delivered,2025-07-03 09:13:34,2025-07-03 09:22:09.673918,2025-07-03 11:44:44.800000,2025-07-03 11:51:56.100,158.36833333333334,142.5854347,24,4,osrm
190,delivered,2025-07-03 09:13:08,2025-07-03 09:22:49.530175,2025-07-03 09:38:06.403858,2025-07-03 09:45:20.300,32.205,15.281228050000001,2,4,osrm
191,delivered,2025-07-03 09:13:48,2025-07-03 09:28:43.647099,2025-07-03 10:09:42.600000,2025-07-03 10:16:52.400,63.07333333333334,40.98254835,26,4,osrm
192,delivered,2025-07-03 09:13:43,2025-07-03 09:28:19.351140,2025-07-03 11:10:45.900000,2025-07-03 11:21:11.000,127.46666666666667,102.442481,20,4,osrm
193,delivered,2025-07-03 09:13:35,2025-07-03 09:26:31.026492,2025-07-03 11:28:38.300000,2025-07-03 11:38:03.900,144.48166666666665,122.12122513333334,19,4,osrm
194,delivered,2025-07-03 09:14:18,2025-07-03 09:25:42.224190,2025-07-03 09:37:24.941247,2025-07-03 09:37:00.900,22.715,11.711950949999999,27,4,osrm
195,delivered,2025-07-03 09:14:30,2025-07-03 09:26:40.848631,2025-07-03 09:40:05.337615,2025-07-03 09:43:42.800,29.21333333333333,13.408149733333333,1,4,osrm
196,delivered,2025-07-03 09:14:25,2025-07-03 09:20:46.367443,2025-07-03 09:49:10.627678,2025-07-03 09:59:14.500,44.825,28.40433725,26,4,osrm
197,delivered,2025-07-03 09:15:38,2025-07-03 09:28:25.715558,2025-07-03 10:07:22.887734,2025-07-03 10:14:39.800,59.03,38.9528696,13,4,osrm
198,delivered,2025-07-03 09:16:53,2025-07-03 09:28:35.549190,2025-07-03 10:16:41.985556,2025-07-03 10:19:43.800,62.84666666666667,48.10727276666667,25,4,osrm
199,delivered,2025-07-03 09:17:56,2025-07-03 09:29:32.913221,2025-07-03 11:23:53.800000,2025-07-03 11:31:47.800,133.86333333333334,114.34811298333334,16,4,osrm
200,delivered,2025-07-03 09:17:34,2025-07-03 09:31:04.352873,2025-07-03 11:23:53.800000,2025-07-03 11:37:03.700,139.495,112.82411878333333,29,4,osrm
201,delivered,2025-07-03 09:18:24,2025-07-03 09:31:14.463695,2025-07-03 09:39:46.317466,2025-07-03 09:50:37.600,32.22666666666667,8.530896183333333,13,4,osrm
202,delivered,2025-07-03 09:18:37,2025-07-03 09:27:03.383321,2025-07-03 09:35:10.362513,2025-07-03 09:42:24.600,23.793333333333333,8.116319866666666,23,4,osrm
203,delivered,2025-07-03 09:18:45,2025-07-03 09:28:19.149169,2025-07-03 10:23:57.800000,2025-07-03 10:33:01.400,74.27333333333333,55.644180516666665,19,4,osrm
204,delivered,2025-07-03 09:19:59,2025-07-03 09:30:39.118631,2025-07-03 09:30:39.118631,2025-07-03 09:35:44.900,15.764999999999999,0.0,9,4,osrm
205,delivered,2025-07-03 09:19:49,2025-07-03 09:28:15.339970,2025-07-03 11:59:14.100000,2025-07-03 12:03:00.500,163.19166666666666,150.97933383333333,13,1,osrm
206,delivered,2025-07-03 09:20:48,2025-07-03 09:30:35.232578,2025-07-03 11:28:38.300000,2025-07-03 11:38:03.900,137.265,118.0511237,19,4,osrm
207,delivered,2025-07-03 09:20:48,2025-07-03 09:33:33.804746,2025-07-03 10:16:41.985556,2025-07-03 10:19:43.800,58.93,43.13634683333333,25,4,osrm
208,delivered,2025-07-03 09:20:34,2025-07-03 09:31:18.731326,2025-07-03 09:41:43.012290,2025-07-03 09:43:21.900,22.798333333333336,10.404682733333335,6,4,osrm
209,delivered,2025-07-03 09:20:44,2025-07-03 09:34:54.383665,2025-07-03 10:24:06.600000,2025-07-03 10:33:07.500,72.39166666666667,49.203605583333335,13,4,osrm
210,delivered,2025-07-03 09:20:14,2025-07-03 09:33:28.591359,2025-07-03 10:07:22.887734,2025-07-03 10:14:39.800,54.43,33.90493958333333,13,4,osrm
211,delivered,2025-07-03 09:21:41,2025-07-03 09:31:41.191087,2025-07-03 09:45:16.069043,2025-07-03 09:48:18.800,26.63,13.581299266666667,20,4,osrm
212,delivered,2025-07-03 09:21:41,2025-07-03 09:39:45.807890,2025-07-03 11:30:35.600000,2025-07-03 11:40:39.700,138.97833333333335,110.8298685,14,4,osrm
213,delivered,2025-07-03 09:23:29,2025-07-03 09:35:41.738115,2025-07-03 11:49:40.978075,2025-07-03 11:57:50.400,154.35666666666665,133.98733266666667,29,3,osrm
214,delivered,2025-07-03 09:23:39,2025-07-03 09:29:33.461430,2025-07-03 09:53:09.500000,2025-07-03 10:03:49.600,40.17666666666666,23.600642833333332,1,4,osrm
215,delivered,2025-07-03 09:23:57,2025-07-03 09:39:42.816578,2025-07-03 10:16:41.985556,2025-07-03 10:19:43.800,55.78,36.98614963333333,25,4,osrm
216,delivered,2025-07-03 09:23:12,2025-07-03 09:30:38.113695,2025-07-03 09:38:40.929464,2025-07-03 09:46:40.800,23.48,8.046929483333333,29,4,osrm
217,delivered,2025-07-03 09:24:18,2025-07-03 09:43:57.972370,2025-07-03 09:43:57.972370,2025-07-03 09:50:13.500,25.925,0.0,16,4,osrm
218,delivered,2025-07-03 09:24:44,2025-07-03 09:37:24.941247,2025-07-03 09:37:24.941247,2025-07-03 09:37:00.900,12.281666666666666,0.0,27,4,osrm
219,delivered,2025-07-03 09:24:49,2025-07-03 09:33:08.883506,2025-07-03 09:50:20.777596,2025-07-03 09:55:48.100,30.985,17.198234833333334,18,4,osrm
220,delivered,2025-07-03 09:25:57,2025-07-03 09:36:58.298713,2025-07-03 09:45:16.069043,2025-07-03 09:48:18.800,22.363333333333333,8.296172166666667,20,4,osrm
221,delivered,2025-07-03 09:25:31,2025-07-03 09:41:43.012290,2025-07-03 09:41:43.012290,2025-07-03 09:43:21.900,17.848333333333336,0.0,6,4,osrm
222,delivered,2025-07-03 09:25:04,2025-07-03 09:33:42.562341,2025-07-03 09:33:42.562341,2025-07-03 09:36:34.900,11.514999999999999,0.0,14,4,osrm
223,delivered,2025-07-03 09:25:39,2025-07-03 09:37:30.487162,2025-07-03 10:37:36.556171,2025-07-03 10:40:10.400,74.52333333333333,60.101150149999995,1,3,osrm
224,delivered,2025-07-03 09:25:44,2025-07-03 09:42:54.100360,2025-07-03 10:22:12.889561,2025-07-03 10:31:38.600,65.91,39.31315335,12,4,osrm
225,delivered,2025-07-03 09:26:56,2025-07-03 09:38:40.929464,2025-07-03 09:55:25.917747,2025-07-03 10:02:20.700,35.41166666666666,16.749804716666667,24,4,osrm
226,delivered,2025-07-03 09:26:09,2025-07-03 09:37:53.889204,2025-07-03 09:37:53.889204,2025-07-03 09:39:32.000,13.383333333333333,0.0,12,3,osrm
227,delivered,2025-07-03 09:26:17,2025-07-03 09:36:32.500242,2025-07-03 09:41:58.714855,2025-07-03 09:49:12.800,22.93,5.436910216666666,4,4,osrm
228,delivered,2025-07-03 09:26:54,2025-07-03 09:35:38.904914,2025-07-03 09:42:55.457849,2025-07-03 09:43:56.100,17.035,7.2758822499999996,22,4,osrm
229,delivered,2025-07-03 09:27:06,2025-07-03 09:35:14.154793,2025-07-03 09:57:45.416669,2025-07-03 09:56:42.400,29.60666666666667,22.521031266666668,25,4,osrm
230,delivered,2025-07-03 09:27:43,2025-07-03 09:39:40.132388,2025-07-03 10:06:02.014571,2025-07-03 10:16:15.100,48.535,26.36470305,2,4,osrm
231,delivered,2025-07-03 09:27:28,2025-07-03 09:41:05.828122,2025-07-03 11:54:14.500000,2025-07-03 11:55:40.700,148.21166666666667,133.1445313,10,2,osrm
232,delivered,2025-07-03 09:27:08,2025-07-03 09:41:34.956429,2025-07-03 10:45:10.200000,2025-07-03 10:55:11.200,88.05333333333333,63.58739285,10,4,osrm
233,delivered,2025-07-03 09:28:28,2025-07-03 09:38:06.403858,2025-07-03 09:38:06.403858,2025-07-03 09:45:20.300,16.871666666666666,0.0,2,4,osrm
234,delivered,2025-07-03 09:28:21,2025-07-03 09:38:40.131683,2025-07-03 09:38:40.131683,2025-07-03 09:42:33.200,14.203333333333335,0.0,15,3,osrm
235,delivered,2025-07-03 09:28:18,2025-07-03 09:40:29.734617,2025-07-03 09:57:24.616452,2025-07-03 10:02:58.800,34.68,16.91469725,28,4,osrm
236,delivered,2025-07-03 09:28:13,2025-07-03 09:37:30.360123,2025-07-03 11:58:45.000000,2025-07-03 12:10:57.300,162.73833333333332,141.24399795,26,4,osrm
237,delivered,2025-07-03 09:28:13,2025-07-03 09:35:10.362513,2025-07-03 09:53:20.894562,2025-07-03 09:58:23.700,30.178333333333335,18.175534149999997,12,4,osrm
238,delivered,2025-07-03 09:28:17,2025-07-03 09:41:58.714855,2025-07-03 09:41:58.714855,2025-07-03 09:49:12.800,20.93,0.0,4,4,osrm
239,delivered,2025-07-03 09:28:53,2025-07-03 09:39:36.642949,2025-07-03 10:23:57.800000,2025-07-03 10:33:01.400,64.14,44.35261751666667,19,4,osrm
240,delivered,2025-07-03 09:29:02,2025-07-03 09:41:31.966510,2025-07-03 10:23:57.800000,2025-07-03 10:33:01.400,63.99,42.430558166666664,19,4,osrm
241,delivered,2025-07-03 09:29:52,2025-07-03 09:44:12.183500,2025-07-03 10:18:59.633087,2025-07-03 10:25:53.100,56.01833333333333,34.790826450000004,4,4,osrm
242,delivered,2025-07-03 09:29:23,2025-07-03 09:42:55.457849,2025-07-03 09:42:55.457849,2025-07-03 09:43:56.100,14.551666666666668,0.0,22,4,osrm
243,delivered,2025-07-03 09:30:16,2025-07-03 09:43:52.725505,2025-07-03 11:23:53.800000,2025-07-03 11:31:47.800,121.53,100.01790824999999,16,4,osrm
244,delivered,2025-07-03 09:30:22,2025-07-03 09:45:16.069043,2025-07-03 09:45:16.069043,2025-07-03 09:48:18.800,17.946666666666665,0.0,20,4,osrm
245,delivered,2025-07-03 09:30:18,2025-07-03 09:40:05.337615,2025-07-03 09:53:20.894562,2025-07-03 09:58:23.700,28.095000000000002,13.25928245,12,4,osrm
246,delivered,2025-07-03 09:31:09,2025-07-03 09:47:53.723060,2025-07-03 10:09:11.200000,2025-07-03 10:17:44.200,46.586666666666666,21.291282333333335,8,4,osrm
247,delivered,2025-07-03 09:31:22,2025-07-03 09:39:46.317466,2025-07-03 09:39:46.317466,2025-07-03 09:50:37.600,19.259999999999998,0.0,13,4,osrm
248,delivered,2025-07-03 09:32:59,2025-07-03 09:42:05.745664,2025-07-03 10:19:36.464389,2025-07-03 10:25:16.400,52.29,37.511978750000004,23,4,osrm
249,delivered,2025-07-03 09:32:31,2025-07-03 09:40:32.820001,2025-07-03 10:28:25.800000,2025-07-03 10:35:44.900,63.23166666666667,47.882999983333335,25,3,osrm
250,delivered,2025-07-03 09:32:25,2025-07-03 09:50:55.136024,2025-07-03 10:37:36.556171,2025-07-03 10:40:10.400,67.75666666666667,46.69033578333333,1,3,osrm
251,delivered,2025-07-03 09:32:31,2025-07-03 09:44:46.839760,2025-07-03 11:44:44.800000,2025-07-03 11:51:56.100,139.41833333333335,119.96600400000001,24,4,osrm
252,delivered,2025-07-03 09:32:06,2025-07-03 09:46:06.763444,2025-07-03 10:10:30.200000,2025-07-03 10:14:56.800,42.84666666666667,24.39060926666667,27,4,osrm
253,delivered,2025-07-03 09:32:29,2025-07-03 09:49:41.887992,2025-07-03 10:35:55.800000,2025-07-03 10:43:18.100,70.81833333333334,46.2318668,23,3,osrm
254,delivered,2025-07-03 09:33:39,2025-07-03 09:45:12.619909,2025-07-03 10:29:54.500000,2025-07-03 10:40:06.200,66.45333333333333,44.698001516666665,26,4,osrm
255,delivered,2025-07-03 09:33:48,2025-07-03 09:45:01.876203,2025-07-03 10:09:11.200000,2025-07-03 10:17:44.200,43.93666666666666,24.155396616666668,8,4,osrm
256,delivered,2025-07-03 09:33:18,2025-07-03 09:39:00.692211,2025-07-03 10:09:09.069053,2025-07-03 10:11:33.900,38.265,30.13961403333333,22,4,osrm
257,delivered,2025-07-03 09:34:11,2025-07-03 09:42:47.863622,2025-07-03 11:55:20.500000,2025-07-03 12:01:27.900,147.28166666666667,132.54393963333334,14,3,osrm
258,delivered,2025-07-03 09:34:30,2025-07-03 09:50:46.750342,2025-07-03 10:11:04.956609,2025-07-03 10:18:40.100,44.16833333333333,20.303437783333333,9,4,osrm
259,delivered,2025-07-03 09:34:24,2025-07-03 09:45:32.165050,2025-07-03 11:23:55.100000,2025-07-03 11:31:33.400,117.15666666666667,98.38224916666667,8,3,osrm
260,delivered,2025-07-03 09:34:37,2025-07-03 09:48:23.231586,2025-07-03 09:50:20.777596,2025-07-03 09:55:48.100,21.185,1.9591001666666665,18,4,osrm
261,delivered,2025-07-03 09:35:12,2025-07-03 09:50:20.777596,2025-07-03 09:50:20.777596,2025-07-03 09:55:48.100,20.601666666666667,0.0,18,4,osrm
262,delivered,2025-07-03 09:35:13,2025-07-03 09:52:22.417404,2025-07-03 10:09:42.600000,2025-07-03 10:16:52.400,41.656666666666666,17.3363766,26,4,osrm
263,delivered,2025-07-03 09:35:19,2025-07-03 09:43:10.847524,2025-07-03 09:49:10.627678,2025-07-03 09:59:14.500,23.925,5.9963359,26,4,osrm
264,delivered,2025-07-03 09:37:40,2025-07-03 09:44:35.116818,2025-07-03 09:50:20.777596,2025-07-03 09:55:48.100,18.134999999999998,5.761012966666667,18,4,osrm
265,delivered,2025-07-03 09:37:55,2025-07-03 09:53:18.514514,2025-07-03 10:09:09.069053,2025-07-03 10:08:50.300,30.921666666666667,15.842575649999999,17,4,osrm
266,delivered,2025-07-03 09:37:43,2025-07-03 09:55:22.985888,2025-07-03 09:57:02.196330,2025-07-03 10:01:49.900,24.115000000000002,1.6535073666666666,11,4,osrm
267,delivered,2025-07-03 09:37:33,2025-07-03 09:56:43.630430,2025-07-03 10:09:18.200000,2025-07-03 10:18:24.200,40.85333333333333,12.5761595,5,4,osrm
268,delivered,2025-07-03 09:37:04,2025-07-03 09:49:10.627678,2025-07-03 09:49:10.627678,2025-07-03 09:59:14.500,22.175,0.0,26,4,osrm
269,delivered,2025-07-03 09:38:28,2025-07-03 09:48:16.643959,2025-07-03 11:44:44.800000,2025-07-03 11:51:56.100,133.46833333333333,116.46926735000001,24,4,osrm
270,delivered,2025-07-03 09:39:53,2025-07-03 09:50:35.592112,2025-07-03 10:49:44.000000,2025-07-03 10:59:51.100,79.96833333333333,59.140131466666666,2,4,osrm
271,delivered,2025-07-03 09:39:12,2025-07-03 09:53:20.894562,2025-07-03 10:09:09.069053,2025-07-03 10:11:33.900,32.365,15.802908183333333,22,4,osrm
272,delivered,2025-07-03 09:41:15,2025-07-03 09:50:18.368293,2025-07-03 11:29:25.800000,2025-07-03 11:40:00.100,118.75166666666668,99.12386178333333,17,4,osrm
273,delivered,2025-07-03 09:42:55,2025-07-03 09:53:42.908769,2025-07-03 10:09:11.200000,2025-07-03 10:17:44.200,34.82,15.471520516666667,8,4,osrm
274,delivered,2025-07-03 09:42:24,2025-07-03 09:57:45.416669,2025-07-03 09:57:45.416669,2025-07-03 09:56:42.400,14.306666666666667,0.0,25,4,osrm
275,delivered,2025-07-03 09:42:55,2025-07-03 09:55:36.466111,2025-07-03 10:24:06.600000,2025-07-03 10:33:07.500,50.208333333333336,28.502231483333333,13,4,osrm
276,delivered,2025-07-03 09:42:34,2025-07-03 09:57:02.196330,2025-07-03 09:57:02.196330,2025-07-03 10:01:49.900,19.265,0.0,11,4,osrm
277,delivered,2025-07-03 09:43:12,2025-07-03 09:57:24.616452,2025-07-03 09:57:24.616452,2025-07-03 10:02:58.800,19.779999999999998,0.0,28,4,osrm
278,delivered,2025-07-03 09:43:14,2025-07-03 09:59:14.549035,2025-07-03 10:48:08.200000,2025-07-03 10:55:24.400,72.17333333333333,48.89418275,3,4,osrm
279,delivered,2025-07-03 09:43:28,2025-07-03 09:53:41.609885,2025-07-03 10:09:18.200000,2025-07-03 10:18:24.200,34.93666666666666,15.60983525,5,4,osrm
280,delivered,2025-07-03 09:43:38,2025-07-03 09:53:38.848278,2025-07-03 09:57:24.616452,2025-07-03 10:02:58.800,19.346666666666668,3.7628028999999996,28,4,osrm
281,delivered,2025-07-03 09:44:24,2025-07-03 09:58:54.656705,2025-07-03 09:58:54.656705,2025-07-03 10:00:10.300,15.771666666666667,0.0,5,4,osrm
282,delivered,2025-07-03 09:44:02,2025-07-03 09:51:21.503467,2025-07-03 09:58:54.656705,2025-07-03 10:00:10.300,16.138333333333332,7.552553966666666,5,4,osrm
283,delivered,2025-07-03 09:44:45,2025-07-03 09:55:25.917747,2025-07-03 10:09:09.069053,2025-07-03 10:08:50.300,24.08833333333333,13.719188433333333,17,4,osrm
284,delivered,2025-07-03 09:44:54,2025-07-03 09:54:16.048045,2025-07-03 09:57:02.196330,2025-07-03 10:01:49.900,16.931666666666665,2.769138083333333,11,4,osrm
285,delivered,2025-07-03 09:45:44,2025-07-03 09:59:32.442754,2025-07-03 10:10:30.200000,2025-07-03 10:14:56.800,29.21333333333333,10.962620766666667,27,4,osrm
286,delivered,2025-07-03 09:46:34,2025-07-03 10:00:05.906886,2025-07-03 10:30:59.700000,2025-07-03 10:38:58.000,52.4,30.896551900000002,24,4,osrm
287,delivered,2025-07-03 09:47:12,2025-07-03 09:58:20.699527,2025-07-03 10:41:48.200000,2025-07-03 10:54:40.600,67.47666666666666,43.45834121666667,7,3,osrm
288,delivered,2025-07-03 09:47:58,2025-07-03 09:59:32.528957,2025-07-03 10:09:11.200000,2025-07-03 10:17:44.200,29.77,9.644517383333334,8,4,osrm
289,delivered,2025-07-03 09:47:27,2025-07-03 09:55:38.307992,2025-07-03 10:45:10.200000,2025-07-03 10:55:11.200,67.73666666666666,49.531533466666666,10,4,osrm
290,delivered,2025-07-03 09:47:30,2025-07-03 09:59:10.810488,2025-07-03 10:13:50.945576,2025-07-03 10:18:18.400,30.80666666666667,14.668918133333333,18,4,osrm
291,delivered,2025-07-03 09:47:28,2025-07-03 09:58:19.096267,2025-07-03 11:05:00.400000,2025-07-03 11:13:54.200,86.43666666666667,66.68839555000001,5,4,osrm
292,delivered,2025-07-03 09:48:43,2025-07-03 10:01:39.210582,2025-07-03 10:22:12.889561,2025-07-03 10:31:38.600,42.92666666666666,20.561316316666666,12,4,osrm
293,delivered,2025-07-03 09:49:38,2025-07-03 10:01:07.457460,2025-07-03 11:09:54.700000,2025-07-03 11:17:43.600,88.09333333333333,68.78737566666668,14,4,osrm
294,delivered,2025-07-03 09:50:22,2025-07-03 10:01:11.289452,2025-07-03 10:07:22.887734,2025-07-03 10:14:39.800,24.296666666666667,6.1933047,13,4,osrm
295,delivered,2025-07-03 09:50:47,2025-07-03 09:59:25.885288,2025-07-03 11:49:40.978075,2025-07-03 11:57:50.400,127.05666666666666,110.25154644999999,29,3,osrm
296,delivered,2025-07-03 09:52:07,2025-07-03 10:07:46.145174,2025-07-03 10:09:18.200000,2025-07-03 10:18:24.200,26.28666666666667,1.5342471000000002,5,4,osrm
297,delivered,2025-07-03 09:52:56,2025-07-03 10:06:06.946164,2025-07-03 10:50:30.300000,2025-07-03 10:57:50.700,64.91166666666666,44.3892306,18,4,osrm
298,delivered,2025-07-03 09:52:03,2025-07-03 10:04:04.905991,2025-07-03 10:11:04.956609,2025-07-03 10:18:40.100,26.618333333333332,7.000843633333333,9,4,osrm
299,delivered,2025-07-03 09:52:22,2025-07-03 10:01:46.921422,2025-07-03 10:29:28.478712,2025-07-03 10:31:32.500,39.175,27.692621499999998,22,4,osrm
300,delivered,2025-07-03 09:52:05,2025-07-03 10:00:20.760277,2025-07-03 10:50:30.300000,2025-07-03 10:57:50.700,65.76166666666667,50.158995383333334,18,4,osrm
301,delivered,2025-07-03 09:53:04,2025-07-03 10:09:09.069053,2025-07-03 10:11:04.956609,2025-07-03 10:18:40.100,25.601666666666667,1.9314592666666668,9,4,osrm
302,delivered,2025-07-03 09:53:02,2025-07-03 10:04:38.095363,2025-07-03 10:51:04.332019,2025-07-03 10:56:33.600,63.526666666666664,46.4372776,20,4,osrm
303,delivered,2025-07-03 09:53:21,2025-07-03 10:05:38.025937,2025-07-03 10:10:30.200000,2025-07-03 10:14:56.800,21.596666666666668,4.869567716666666,27,4,osrm
304,delivered,2025-07-03 09:54:53,2025-07-03 10:06:02.014571,2025-07-03 10:06:02.014571,2025-07-03 10:16:15.100,21.368333333333332,0.0,2,4,osrm
305,delivered,2025-07-03 09:54:06,2025-07-03 10:05:33.862463,2025-07-03 10:10:16.099978,2025-07-03 10:14:01.500,19.925,4.703958583333333,3,4,osrm
306,delivered,2025-07-03 09:55:25,2025-07-03 10:06:39.306751,2025-07-03 10:09:42.600000,2025-07-03 10:16:52.400,21.456666666666667,3.0548874833333333,26,4,osrm
307,delivered,2025-07-03 09:55:05,2025-07-03 10:12:06.950574,2025-07-03 11:23:55.100000,2025-07-03 11:29:47.500,94.70833333333333,71.80249043333333,1,3,osrm
308,delivered,2025-07-03 09:56:52,2025-07-03 10:05:20.252406,2025-07-03 11:04:22.000000,2025-07-03 11:15:26.200,78.57,59.02912656666667,3,4,osrm
309,delivered,2025-07-03 09:56:30,2025-07-03 10:08:22.263652,2025-07-03 10:35:16.550629,2025-07-03 10:35:40.700,39.17833333333333,26.90478295,3,4,osrm
310,delivered,2025-07-03 09:56:53,2025-07-03 10:09:54.041199,2025-07-03 10:48:21.000000,2025-07-03 10:58:54.400,62.02333333333333,38.449313350000004,26,2,osrm
311,delivered,2025-07-03 09:56:15,2025-07-03 10:01:15.000000,2025-07-03 10:09:18.200000,2025-07-03 10:18:24.200,22.153333333333332,8.053333333333333,5,4,osrm
312,delivered,2025-07-03 09:56:03,2025-07-03 10:07:22.887734,2025-07-03 10:07:22.887734,2025-07-03 10:14:39.800,18.613333333333333,0.0,13,4,osrm
313,delivered,2025-07-03 09:56:25,2025-07-03 10:10:16.099978,2025-07-03 10:10:16.099978,2025-07-03 10:14:01.500,17.608333333333334,0.0,3,4,osrm
314,delivered,2025-07-03 09:56:38,2025-07-03 10:05:01.105659,2025-07-03 10:10:30.200000,2025-07-03 10:14:56.800,18.313333333333333,5.484905683333333,27,4,osrm
315,delivered,2025-07-03 09:57:11,2025-07-03 10:08:01.890176,2025-07-03 10:29:54.500000,2025-07-03 10:40:06.200,42.919999999999995,21.8768304,26,4,osrm
316,delivered,2025-07-03 09:57:11,2025-07-03 10:13:12.941041,2025-07-03 10:22:12.889561,2025-07-03 10:31:38.600,34.46,8.999142,12,4,osrm
317,delivered,2025-07-03 09:58:28,2025-07-03 10:12:36.729251,2025-07-03 10:48:08.200000,2025-07-03 10:55:24.400,56.940000000000005,35.52451248333333,3,4,osrm
318,delivered,2025-07-03 09:58:06,2025-07-03 10:12:43.573764,2025-07-03 10:24:06.600000,2025-07-03 10:33:07.500,35.025,11.3837706,13,4,osrm
319,delivered,2025-07-03 09:59:51,2025-07-03 10:11:04.956609,2025-07-03 10:25:38.369013,2025-07-03 10:35:23.000,35.53333333333333,14.5568734,27,4,osrm
320,delivered,2025-07-03 10:00:54,2025-07-03 10:09:16.842341,2025-07-03 11:23:53.800000,2025-07-03 11:37:03.700,96.16166666666666,74.61596098333332,29,4,osrm
321,delivered,2025-07-03 10:00:08,2025-07-03 10:13:51.320662,2025-07-03 10:41:21.200000,2025-07-03 10:47:52.800,47.74666666666667,27.497988966666664,21,4,osrm
322,delivered,2025-07-03 10:01:27,2025-07-03 10:10:29.375867,2025-07-03 11:05:00.400000,2025-07-03 11:13:54.200,72.45333333333333,54.51706888333333,5,4,osrm
323,delivered,2025-07-03 10:02:08,2025-07-03 10:13:50.945576,2025-07-03 10:19:36.464389,2025-07-03 10:25:16.400,23.14,5.758646883333333,23,4,osrm
324,delivered,2025-07-03 10:02:23,2025-07-03 10:15:51.548024,2025-07-03 10:48:08.200000,2025-07-03 10:55:24.400,53.02333333333333,32.27753293333333,3,4,osrm
325,delivered,2025-07-03 10:03:18,2025-07-03 10:14:03.136951,2025-07-03 10:44:18.700000,2025-07-03 10:52:53.600,49.593333333333334,30.259384150000002,29,4,osrm
326,delivered,2025-07-03 10:03:32,2025-07-03 10:16:09.864609,2025-07-03 10:29:54.500000,2025-07-03 10:40:06.200,36.57,13.743923183333333,26,4,osrm
327,delivered,2025-07-03 10:04:53,2025-07-03 10:17:25.459509,2025-07-03 10:35:16.550629,2025-07-03 10:35:40.700,30.795,17.851518666666667,3,4,osrm
328,delivered,2025-07-03 10:04:57,2025-07-03 10:16:55.881950,2025-07-03 10:24:06.600000,2025-07-03 10:33:07.500,28.175,7.178634166666667,13,4,osrm
329,delivered,2025-07-03 10:04:33,2025-07-03 10:15:37.230812,2025-07-03 10:44:18.700000,2025-07-03 10:52:53.600,48.343333333333334,28.691153133333334,29,4,osrm
330,delivered,2025-07-03 10:05:49,2025-07-03 10:17:16.231237,2025-07-03 10:28:25.800000,2025-07-03 10:35:44.900,29.93166666666667,11.159479383333332,25,3,osrm
331,delivered,2025-07-03 10:05:24,2025-07-03 10:16:41.985556,2025-07-03 10:16:41.985556,2025-07-03 10:19:43.800,14.33,0.0,25,4,osrm
332,delivered,2025-07-03 10:06:37,2025-07-03 10:22:12.889561,2025-07-03 10:22:12.889561,2025-07-03 10:31:38.600,25.026666666666664,0.0,12,4,osrm
333,delivered,2025-07-03 10:06:59,2025-07-03 10:20:54.374057,2025-07-03 10:23:57.800000,2025-07-03 10:33:01.400,26.040000000000003,3.0570990499999997,19,4,osrm
334,delivered,2025-07-03 10:06:28,2025-07-03 10:19:39.381583,2025-07-03 10:45:10.200000,2025-07-03 10:55:11.200,48.72,25.513640283333334,10,4,osrm
335,delivered,2025-07-03 10:06:24,2025-07-03 10:14:20.852834,2025-07-03 10:29:54.500000,2025-07-03 10:40:06.200,33.70333333333333,15.5607861,26,4,osrm
336,delivered,2025-07-03 10:07:35,2025-07-03 10:19:36.464389,2025-07-03 10:30:59.700000,2025-07-03 10:38:58.000,31.383333333333333,11.387260183333332,24,4,osrm
337,delivered,2025-07-03 10:08:44,2025-07-03 10:18:59.633087,2025-07-03 10:35:16.550629,2025-07-03 10:35:40.700,26.945,16.281959033333333,3,4,osrm
338,delivered,2025-07-03 10:09:19,2025-07-03 10:19:58.328726,2025-07-03 10:19:58.328726,2025-07-03 10:18:40.900,9.365,0.0,24,4,osrm
339,delivered,2025-07-03 10:09:00,2025-07-03 10:16:47.894829,2025-07-03 10:30:59.700000,2025-07-03 10:38:58.000,29.966666666666665,14.19675285,24,4,osrm
340,delivered,2025-07-03 10:10:42,2025-07-03 10:24:32.151280,2025-07-03 10:44:18.700000,2025-07-03 10:52:53.600,42.193333333333335,19.775812,29,4,osrm
341,delivered,2025-07-03 10:10:00,2025-07-03 10:22:42.037921,2025-07-03 11:28:38.300000,2025-07-03 11:38:03.900,88.065,65.93770131666666,19,4,osrm
342,delivered,2025-07-03 10:11:40,2025-07-03 10:21:23.809389,2025-07-03 10:51:04.332019,2025-07-03 10:56:33.600,44.89333333333333,29.675377166666667,20,4,osrm
343,delivered,2025-07-03 10:13:48,2025-07-03 10:25:04.978452,2025-07-03 10:35:55.800000,2025-07-03 10:43:18.100,29.501666666666665,10.8470258,23,3,osrm
344,delivered,2025-07-03 10:13:40,2025-07-03 10:27:32.897759,2025-07-03 11:23:55.100000,2025-07-03 11:29:47.500,76.125,56.37003735,1,3,osrm
345,delivered,2025-07-03 10:14:26,2025-07-03 10:25:38.369013,2025-07-03 10:38:21.000000,2025-07-03 10:51:22.400,36.940000000000005,12.71051645,6,4,osrm
346,delivered,2025-07-03 10:16:38,2025-07-03 10:27:06.980574,2025-07-03 11:23:53.800000,2025-07-03 11:31:47.800,75.16333333333334,56.78032376666667,16,4,osrm
347,delivered,2025-07-03 10:16:12,2025-07-03 10:26:13.235865,2025-07-03 10:28:25.800000,2025-07-03 10:35:44.900,19.548333333333336,2.2094022499999997,25,3,osrm
348,delivered,2025-07-03 10:17:08,2025-07-03 10:29:09.771087,2025-07-03 11:35:10.800000,2025-07-03 11:42:29.100,85.35166666666667,66.01714855,27,3,osrm
349,delivered,2025-07-03 10:17:58,2025-07-03 10:29:10.643474,2025-07-03 10:59:48.300000,2025-07-03 11:06:54.700,48.945,30.627608766666665,21,4,osrm
350,delivered,2025-07-03 10:19:59,2025-07-03 10:35:16.550629,2025-07-03 10:35:16.550629,2025-07-03 10:35:40.700,15.695,0.0,3,4,osrm
351,delivered,2025-07-03 10:19:24,2025-07-03 10:29:28.478712,2025-07-03 10:41:21.200000,2025-07-03 10:47:52.800,28.48,11.878688133333332,21,4,osrm
352,delivered,2025-07-03 10:19:41,2025-07-03 10:28:53.217174,2025-07-03 10:59:48.300000,2025-07-03 11:06:54.700,47.22833333333333,30.918047100000003,21,4,osrm
353,delivered,2025-07-03 10:20:43,2025-07-03 10:31:02.663463,2025-07-03 10:35:55.800000,2025-07-03 10:43:18.100,22.584999999999997,4.88560895,23,3,osrm
354,delivered,2025-07-03 10:20:06,2025-07-03 10:37:36.556171,2025-07-03 10:37:36.556171,2025-07-03 10:40:10.400,20.073333333333334,0.0,1,3,osrm
355,delivered,2025-07-03 10:20:53,2025-07-03 10:32:03.304929,2025-07-03 11:09:54.700000,2025-07-03 11:17:43.600,56.843333333333334,37.856584516666665,14,4,osrm
356,delivered,2025-07-03 10:20:11,2025-07-03 10:31:09.852146,2025-07-03 11:05:00.400000,2025-07-03 11:13:54.200,53.72,33.84246423333333,5,4,osrm
357,delivered,2025-07-03 10:20:22,2025-07-03 10:25:22.000000,2025-07-03 10:38:21.000000,2025-07-03 10:51:22.400,31.006666666666668,12.983333333333333,6,4,osrm
358,delivered,2025-07-03 10:21:41,2025-07-03 10:29:34.661634,2025-07-03 10:51:04.332019,2025-07-03 10:56:33.600,34.876666666666665,21.494506416666663,20,4,osrm
359,delivered,2025-07-03 10:22:09,2025-07-03 10:36:22.376452,2025-07-03 10:49:44.000000,2025-07-03 10:59:51.100,37.70166666666667,13.360392466666667,2,4,osrm
360,delivered,2025-07-03 10:22:32,2025-07-03 10:34:52.381026,2025-07-03 10:59:05.087452,2025-07-03 11:06:12.700,43.67833333333333,24.211773766666667,15,2,osrm
361,delivered,2025-07-03 10:23:57,2025-07-03 10:36:05.228603,2025-07-03 11:04:50.100000,2025-07-03 11:11:41.700,47.745,28.747856616666663,7,3,osrm
362,delivered,2025-07-03 10:23:30,2025-07-03 10:33:35.554684,2025-07-03 11:08:20.481691,2025-07-03 11:12:31.800,49.03,34.74878345,29,4,osrm
363,delivered,2025-07-03 10:27:05,2025-07-03 10:32:05.000000,2025-07-03 11:09:40.832523,2025-07-03 11:11:26.900,44.365,37.597208716666664,8,2,osrm
364,delivered,2025-07-03 10:28:36,2025-07-03 10:36:03.541101,2025-07-03 10:48:08.200000,2025-07-03 10:55:24.400,26.80666666666667,12.077648316666666,3,4,osrm
365,delivered,2025-07-03 10:28:29,2025-07-03 10:35:17.320258,2025-07-03 10:56:02.721816,2025-07-03 10:55:56.100,27.451666666666664,20.756692633333333,25,2,osrm
366,delivered,2025-07-03 10:29:56,2025-07-03 10:43:58.312305,2025-07-03 10:51:15.200000,2025-07-03 10:58:55.200,28.986666666666668,7.281461583333334,24,4,osrm
367,delivered,2025-07-03 10:29:34,2025-07-03 10:43:55.229456,2025-07-03 10:59:54.155072,2025-07-03 11:07:54.000,38.333333333333336,15.9820936,27,2,osrm
368,delivered,2025-07-03 10:30:41,2025-07-03 10:38:50.590998,2025-07-03 11:18:36.200000,2025-07-03 11:24:47.800,54.11333333333334,39.76015003333334,15,2,osrm
369,delivered,2025-07-03 10:31:09,2025-07-03 10:41:29.443774,2025-07-03 11:23:55.100000,2025-07-03 11:31:33.400,60.406666666666666,42.42760376666667,8,3,osrm
370,delivered,2025-07-03 10:31:38,2025-07-03 10:47:42.539015,2025-07-03 11:23:53.800000,2025-07-03 11:37:03.700,65.42833333333333,36.18768308333333,29,4,osrm
371,delivered,2025-07-03 10:33:35,2025-07-03 10:47:20.103009,2025-07-03 11:04:22.000000,2025-07-03 11:15:26.200,41.85333333333333,17.031616516666666,3,4,osrm
372,delivered,2025-07-03 10:33:43,2025-07-03 10:43:15.903413,2025-07-03 11:04:22.000000,2025-07-03 11:15:26.200,41.72,21.101609783333334,3,4,osrm
373,delivered,2025-07-03 10:35:51,2025-07-03 10:49:11.444576,2025-07-03 11:08:20.481691,2025-07-03 11:12:31.800,36.68,19.150618583333333,29,4,osrm
374,delivered,2025-07-03 10:36:40,2025-07-03 10:45:44.284620,2025-07-03 10:45:44.284620,2025-07-03 10:54:30.800,17.846666666666668,0.0,12,4,osrm
375,delivered,2025-07-03 10:36:28,2025-07-03 10:46:37.406017,2025-07-03 11:29:25.800000,2025-07-03 11:40:00.100,63.535,42.80656638333333,17,4,osrm
376,delivered,2025-07-03 10:37:55,2025-07-03 10:50:11.439621,2025-07-03 11:03:30.000000,2025-07-03 11:13:19.000,35.4,13.30933965,17,4,osrm
377,delivered,2025-07-03 10:37:15,2025-07-03 10:51:04.332019,2025-07-03 10:51:04.332019,2025-07-03 10:56:33.600,19.31,0.0,20,4,osrm
378,delivered,2025-07-03 10:39:40,2025-07-03 10:47:40.238273,2025-07-03 11:04:50.100000,2025-07-03 11:11:41.700,32.028333333333336,17.164362116666666,7,3,osrm
379,delivered,2025-07-03 10:40:30,2025-07-03 10:56:02.721816,2025-07-03 10:56:02.721816,2025-07-03 10:55:56.100,15.435,0.0,25,2,osrm
380,delivered,2025-07-03 10:42:33,2025-07-03 10:56:05.426957,2025-07-03 10:59:48.300000,2025-07-03 11:06:54.700,24.361666666666668,3.7145507166666665,21,4,osrm
381,delivered,2025-07-03 10:44:07,2025-07-03 10:57:18.918737,2025-07-03 11:08:20.481691,2025-07-03 11:12:31.800,28.413333333333334,11.026049233333334,29,4,osrm
382,delivered,2025-07-03 10:45:32,2025-07-03 10:52:04.940980,2025-07-03 10:59:48.300000,2025-07-03 11:06:54.700,21.378333333333334,7.722650333333333,21,4,osrm
383,delivered,2025-07-03 10:46:32,2025-07-03 10:59:05.087452,2025-07-03 11:12:59.200000,2025-07-03 11:21:15.200,34.72,13.9018758,23,2,osrm
384,delivered,2025-07-03 10:48:07,2025-07-03 11:00:26.175314,2025-07-03 11:29:25.800000,2025-07-03 11:40:00.100,51.885,28.99374476666667,17,4,osrm
385,delivered,2025-07-03 10:48:31,2025-07-03 10:59:54.155072,2025-07-03 11:14:08.300000,2025-07-03 11:20:14.500,31.725,14.235748800000001,11,2,osrm
386,delivered,2025-07-03 10:50:28,2025-07-03 11:05:56.495370,2025-07-03 11:34:18.800000,2025-07-03 11:39:48.300,49.33833333333334,28.371743833333333,15,2,osrm
387,delivered,2025-07-03 10:50:51,2025-07-03 11:00:57.761858,2025-07-03 11:37:45.400000,2025-07-03 11:39:27.300,48.605000000000004,36.79396903333333,23,1,osrm
388,delivered,2025-07-03 10:50:25,2025-07-03 11:04:12.755820,2025-07-03 11:34:19.700000,2025-07-03 11:37:07.500,46.708333333333336,30.115736333333334,20,1,osrm
389,delivered,2025-07-03 10:50:27,2025-07-03 10:58:06.587612,2025-07-03 11:10:45.900000,2025-07-03 11:21:11.000,30.733333333333334,12.655206466666668,20,4,osrm
390,delivered,2025-07-03 10:53:27,2025-07-03 10:58:27.000000,2025-07-03 11:33:52.100000,2025-07-03 11:38:50.200,45.38666666666666,35.41833333333333,11,1,osrm
391,delivered,2025-07-03 10:55:15,2025-07-03 11:08:20.481691,2025-07-03 11:08:20.481691,2025-07-03 11:12:31.800,17.279999999999998,0.0,29,4,osrm
392,delivered,2025-07-03 10:56:38,2025-07-03 11:06:09.603535,2025-07-03 11:18:36.200000,2025-07-03 11:24:47.800,28.163333333333334,12.443274416666666,15,2,osrm
393,delivered,2025-07-03 10:59:22,2025-07-03 11:09:40.832523,2025-07-03 11:09:40.832523,2025-07-03 11:11:26.900,12.081666666666667,0.0,8,2,osrm
394,delivered,2025-07-03 11:01:22,2025-07-03 11:13:47.842316,2025-07-03 11:14:08.300000,2025-07-03 11:20:14.500,18.875,0.3409614,11,2,osrm
395,delivered,2025-07-03 11:06:49,2025-07-03 11:18:57.996144,2025-07-03 11:35:10.800000,2025-07-03 11:42:29.100,35.66833333333333,16.2133976,27,3,osrm
396,delivered,2025-07-03 11:06:05,2025-07-03 11:17:52.751024,2025-07-03 11:54:09.265820,2025-07-03 11:55:58.500,49.891666666666666,36.275246599999996,19,2,osrm
397,delivered,2025-07-03 11:07:56,2025-07-03 11:21:11.090489,2025-07-03 11:28:38.300000,2025-07-03 11:38:03.900,30.131666666666668,7.453491850000001,19,4,osrm
398,delivered,2025-07-03 11:07:22,2025-07-03 11:19:03.565938,2025-07-03 11:51:55.791889,2025-07-03 11:53:37.700,46.26166666666666,32.87043251666667,22,2,osrm
399,delivered,2025-07-03 11:08:37,2025-07-03 11:18:54.523603,2025-07-03 11:43:13.100000,2025-07-03 11:47:06.100,38.485,24.309606616666667,13,2,osrm
400,delivered,2025-07-03 11:08:47,2025-07-03 11:16:44.045201,2025-07-03 11:56:47.466846,2025-07-03 11:56:03.500,47.275,40.057027416666664,9,2,osrm
401,delivered,2025-07-03 11:11:35,2025-07-03 11:23:14.787484,2025-07-03 11:43:50.800000,2025-07-03 11:46:49.300,35.23833333333334,20.6002086,7,1,osrm
402,delivered,2025-07-03 11:11:22,2025-07-03 11:25:03.884806,2025-07-03 11:50:10.900000,2025-07-03 11:50:55.000,39.55,25.116919900000003,17,1,osrm
403,delivered,2025-07-03 11:11:49,2025-07-03 11:24:19.334476,2025-07-03 11:43:13.100000,2025-07-03 11:47:06.100,35.285,18.896092066666665,13,2,osrm
404,delivered,2025-07-03 11:13:03,2025-07-03 11:28:50.414802,2025-07-03 11:49:40.978075,2025-07-03 11:56:41.400,43.64,20.842721216666668,21,3,osrm
405,delivered,2025-07-03 11:20:36,2025-07-03 11:27:59.583543,2025-07-03 11:34:18.800000,2025-07-03 11:39:48.300,19.205,6.320274283333333,15,2,osrm
406,delivered,2025-07-03 11:26:07,2025-07-03 11:38:31.353448,2025-07-03 11:58:50.800000,2025-07-03 12:00:40.600,34.559999999999995,20.324109200000002,7,1,osrm
407,delivered,2025-07-03 11:32:17,2025-07-03 11:41:07.358357,2025-07-03 11:44:44.800000,2025-07-03 11:51:56.100,19.651666666666664,3.6240273833333334,24,4,osrm
408,delivered,2025-07-03 11:36:59,2025-07-03 11:52:22.068228,2025-07-03 12:20:04.500000,2025-07-03 12:26:03.700,49.07833333333333,27.7071962,15,3,osrm
409,delivered,2025-07-03 11:36:37,2025-07-03 11:49:40.978075,2025-07-03 12:03:25.100000,2025-07-03 12:06:41.400,30.073333333333334,13.735365416666667,15,1,osrm
410,delivered,2025-07-03 11:40:34,2025-07-03 11:51:55.791889,2025-07-03 11:54:39.900000,2025-07-03 11:58:18.700,17.745,2.7351351833333335,6,1,osrm
411,delivered,2025-07-03 11:41:14,2025-07-03 11:51:46.532283,2025-07-03 12:04:58.200000,2025-07-03 12:10:24.900,29.18166666666667,13.19446195,11,2,osrm
412,delivered,2025-07-03 11:42:51,2025-07-03 11:57:45.367535,2025-07-03 12:18:51.600000,2025-07-03 12:22:33.900,39.715,21.103874416666667,23,1,osrm
413,delivered,2025-07-03 11:42:22,2025-07-03 11:56:01.077312,2025-07-03 12:20:04.500000,2025-07-03 12:26:03.700,43.695,24.057044800000003,15,3,osrm
414,delivered,2025-07-03 11:42:24,2025-07-03 11:56:47.466846,2025-07-03 11:56:47.466846,2025-07-03 11:56:03.500,13.658333333333333,0.0,9,2,osrm
415,delivered,2025-07-03 11:43:39,2025-07-03 11:56:01.330948,2025-07-03 12:20:04.500000,2025-07-03 12:26:03.700,42.41166666666666,24.052817533333332,15,3,osrm
416,delivered,2025-07-03 11:44:31,2025-07-03 11:54:09.265820,2025-07-03 11:54:09.265820,2025-07-03 11:55:58.500,11.458333333333334,0.0,19,2,osrm
417,delivered,2025-07-03 11:45:14,2025-07-03 11:53:56.264342,2025-07-03 12:20:11.500000,2025-07-03 12:28:21.500,43.125,26.253927633333333,28,3,osrm
418,delivered,2025-07-03 11:45:43,2025-07-03 11:58:52.974012,2025-07-03 12:07:54.500000,2025-07-03 12:10:42.400,24.990000000000002,9.025433133333333,6,1,osrm
419,delivered,2025-07-03 11:46:44,2025-07-03 11:56:36.129564,2025-07-03 12:18:41.800000,2025-07-03 12:23:30.800,36.78,22.094507266666668,21,1,osrm
420,delivered,2025-07-03 11:46:37,2025-07-03 11:57:47.031635,2025-07-03 12:36:10.511985,2025-07-03 12:40:52.100,54.251666666666665,38.39133916666666,21,3,osrm
421,delivered,2025-07-03 11:49:30,2025-07-03 12:00:30.720205,2025-07-03 12:23:00.400000,2025-07-03 12:28:08.400,38.64,22.49466325,9,1,osrm
422,delivered,2025-07-03 11:50:50,2025-07-03 12:04:54.666690,2025-07-03 12:14:58.200000,2025-07-03 12:17:06.200,26.27,10.0588885,7,1,osrm
423,delivered,2025-07-03 11:52:21,2025-07-03 12:03:45.467310,2025-07-03 12:11:07.100000,2025-07-03 12:14:25.800,22.08,7.360544833333334,5,1,osrm
424,delivered,2025-07-03 11:54:29,2025-07-03 12:11:16.328143,2025-07-03 12:50:11.100000,2025-07-03 13:00:48.500,66.325,38.912864283333334,16,4,osrm
425,delivered,2025-07-03 11:55:33,2025-07-03 12:12:08.109246,2025-07-03 12:50:11.100000,2025-07-03 13:00:48.500,65.25833333333334,38.0498459,16,4,osrm
426,delivered,2025-07-03 11:56:36,2025-07-03 12:12:54.077911,2025-07-03 12:35:16.800000,2025-07-03 12:38:09.900,41.565000000000005,22.378701483333334,24,1,osrm
427,delivered,2025-07-03 11:56:19,2025-07-03 12:08:20.729341,2025-07-03 12:20:37.700000,2025-07-03 12:24:32.000,28.216666666666665,12.282844316666665,29,2,osrm
428,delivered,2025-07-03 11:57:08,2025-07-03 12:07:00.229814,2025-07-03 12:20:37.700000,2025-07-03 12:24:32.000,27.4,13.6245031,29,2,osrm
429,delivered,2025-07-03 12:00:13,2025-07-03 12:14:22.184588,2025-07-03 12:18:48.500000,2025-07-03 12:24:29.500,24.275,4.438590199999999,1,2,osrm
430,delivered,2025-07-03 12:00:23,2025-07-03 12:07:37.386474,2025-07-03 12:20:11.500000,2025-07-03 12:28:21.500,27.975,12.568558766666666,28,3,osrm
431,delivered,2025-07-03 12:01:54,2025-07-03 12:10:14.845172,2025-07-03 12:15:16.400000,2025-07-03 12:18:53.100,16.985,5.0259138,4,1,osrm
432,delivered,2025-07-03 12:02:33,2025-07-03 12:18:36.313440,2025-07-03 12:34:41.300000,2025-07-03 12:38:05.000,35.53333333333333,16.083109333333333,26,1,osrm
433,delivered,2025-07-03 12:02:46,2025-07-03 12:13:40.989806,2025-07-03 12:24:34.300000,2025-07-03 12:25:39.500,22.891666666666666,10.888503233333333,2,1,osrm
434,delivered,2025-07-03 12:06:26,2025-07-03 12:18:40.731352,2025-07-03 12:20:56.200000,2025-07-03 12:23:55.400,17.490000000000002,2.2578108,16,1,osrm
435,delivered,2025-07-03 12:13:46,2025-07-03 12:27:00.736337,2025-07-03 12:48:43.991387,2025-07-03 12:56:43.000,42.95,21.7209175,19,3,osrm
436,delivered,2025-07-03 12:17:53,2025-07-03 12:30:02.457405,2025-07-03 13:09:33.200000,2025-07-03 13:18:49.000,60.93333333333333,39.512376583333335,4,2,osrm
437,delivered,2025-07-03 12:17:19,2025-07-03 12:26:00.251892,2025-07-03 12:36:10.511985,2025-07-03 12:40:52.100,23.551666666666666,10.17100155,21,3,osrm
438,delivered,2025-07-03 12:18:26,2025-07-03 12:35:18.025244,2025-07-03 13:09:33.200000,2025-07-03 13:18:49.000,60.38333333333333,34.252912599999995,4,2,osrm
439,delivered,2025-07-03 12:18:44,2025-07-03 12:31:06.346720,2025-07-03 12:50:51.500000,2025-07-03 12:57:51.800,39.13,19.752554666666665,10,3,osrm
440,delivered,2025-07-03 12:18:01,2025-07-03 12:30:54.368572,2025-07-03 12:40:15.400000,2025-07-03 12:43:11.600,25.176666666666666,9.3505238,28,1,osrm
441,delivered,2025-07-03 12:19:39,2025-07-03 12:34:09.273721,2025-07-03 12:43:43.300000,2025-07-03 12:48:10.900,28.53166666666667,9.567104650000001,14,2,osrm
442,delivered,2025-07-03 12:20:23,2025-07-03 12:34:48.662523,2025-07-03 12:39:58.600000,2025-07-03 12:43:57.300,23.571666666666665,5.165624616666666,7,1,osrm
443,delivered,2025-07-03 12:21:43,2025-07-03 12:38:55.930233,2025-07-03 13:09:47.389492,2025-07-03 13:09:33.300,47.83833333333334,30.857654316666665,13,2,osrm
444,delivered,2025-07-03 12:21:35,2025-07-03 12:34:30.045664,2025-07-03 12:59:28.900000,2025-07-03 13:04:44.900,43.165,24.980905600000003,8,2,osrm
445,delivered,2025-07-03 12:21:25,2025-07-03 12:33:10.923497,2025-07-03 13:07:27.700000,2025-07-03 13:16:18.400,54.89,34.27960838333333,15,4,osrm
446,delivered,2025-07-03 12:23:39,2025-07-03 12:37:07.738150,2025-07-03 12:50:51.500000,2025-07-03 12:57:51.800,34.21333333333334,13.729364166666667,10,3,osrm
447,delivered,2025-07-03 12:24:24,2025-07-03 12:35:29.049142,2025-07-03 13:07:41.800000,2025-07-03 13:12:09.400,47.75666666666667,32.2125143,11,2,osrm
448,delivered,2025-07-03 12:24:52,2025-07-03 12:36:04.058127,2025-07-03 12:50:57.100000,2025-07-03 12:59:10.800,34.31333333333334,14.884031216666667,23,3,osrm
449,delivered,2025-07-03 12:25:11,2025-07-03 12:35:46.270757,2025-07-03 12:50:11.100000,2025-07-03 13:00:48.500,35.625,14.413820716666667,16,4,osrm
450,delivered,2025-07-03 12:26:32,2025-07-03 12:41:50.095860,2025-07-03 13:07:27.700000,2025-07-03 13:16:18.400,49.77333333333333,25.626735666666665,15,4,osrm
451,delivered,2025-07-03 12:26:55,2025-07-03 12:41:19.802580,2025-07-03 12:50:11.100000,2025-07-03 13:00:48.500,33.891666666666666,8.854957,16,4,osrm
452,delivered,2025-07-03 12:27:38,2025-07-03 12:41:06.087828,2025-07-03 13:07:41.800000,2025-07-03 13:12:09.400,44.52333333333333,26.595202866666668,11,2,osrm
453,delivered,2025-07-03 12:27:18,2025-07-03 12:36:10.511985,2025-07-03 12:36:10.511985,2025-07-03 12:40:52.100,13.568333333333333,0.0,21,3,osrm
454,delivered,2025-07-03 12:27:19,2025-07-03 12:39:41.107595,2025-07-03 12:59:28.900000,2025-07-03 13:04:44.900,37.431666666666665,19.796540083333333,8,2,osrm
455,delivered,2025-07-03 12:28:19,2025-07-03 12:39:23.691756,2025-07-03 12:48:43.991387,2025-07-03 12:56:43.000,28.4,9.338327183333332,19,3,osrm
456,delivered,2025-07-03 12:31:49,2025-07-03 12:42:11.405120,2025-07-03 12:54:38.000000,2025-07-03 12:58:19.500,26.508333333333333,12.443248,21,3,osrm
457,delivered,2025-07-03 12:34:34,2025-07-03 12:48:43.991387,2025-07-03 13:02:27.700000,2025-07-03 13:11:34.900,37.015,13.728476883333334,2,2,osrm
458,delivered,2025-07-03 12:39:25,2025-07-03 12:52:19.584611,2025-07-03 13:04:08.800000,2025-07-03 13:10:00.100,30.584999999999997,11.820256483333333,22,2,osrm
459,delivered,2025-07-03 12:40:08,2025-07-03 12:54:26.701635,2025-07-03 13:09:18.100000,2025-07-03 13:11:42.700,31.578333333333333,14.856639416666667,7,1,osrm
460,delivered,2025-07-03 12:40:40,2025-07-03 12:46:57.185118,2025-07-03 13:07:27.700000,2025-07-03 13:16:18.400,35.64,20.508581366666665,15,4,osrm
461,delivered,2025-07-03 12:41:57,2025-07-03 12:53:29.987554,2025-07-03 12:54:10.200000,2025-07-03 12:56:32.600,14.593333333333334,0.6702074333333333,25,1,osrm
462,delivered,2025-07-03 12:41:06,2025-07-03 12:51:21.839941,2025-07-03 12:54:38.000000,2025-07-03 12:58:19.500,17.225,3.2693343166666664,21,3,osrm
463,delivered,2025-07-03 12:44:44,2025-07-03 12:58:15.031237,2025-07-03 13:25:07.000000,2025-07-03 13:31:22.700,46.644999999999996,26.86614605,19,1,osrm
464,delivered,2025-07-03 12:48:18,2025-07-03 13:02:33.929323,2025-07-03 13:13:23.400000,2025-07-03 13:20:11.800,31.896666666666665,10.824511283333333,27,2,osrm
465,delivered,2025-07-03 12:52:28,2025-07-03 13:02:29.392672,2025-07-03 13:19:32.800000,2025-07-03 13:23:31.000,31.05,17.0567888,12,1,osrm
466,delivered,2025-07-03 12:52:32,2025-07-03 13:10:25.794685,2025-07-03 13:18:58.000000,2025-07-03 13:22:33.500,30.025,8.53675525,10,1,osrm
467,delivered,2025-07-03 12:52:45,2025-07-03 13:07:02.595091,2025-07-03 13:18:46.600000,2025-07-03 13:22:01.300,29.271666666666665,11.73341515,23,1,osrm
468,delivered,2025-07-03 12:52:23,2025-07-03 13:01:28.307268,2025-07-03 13:04:08.800000,2025-07-03 13:10:00.100,17.618333333333332,2.6748788666666665,22,2,osrm
469,delivered,2025-07-03 12:54:00,2025-07-03 13:06:05.093018,2025-07-03 13:14:59.500000,2025-07-03 13:19:12.700,25.211666666666666,8.906783033333333,24,1,osrm
470,delivered,2025-07-03 12:55:01,2025-07-03 13:06:11.718619,2025-07-03 13:13:23.400000,2025-07-03 13:20:11.800,25.18,7.194689683333333,27,2,osrm
471,delivered,2025-07-03 12:56:38,2025-07-03 13:11:58.693792,2025-07-03 13:53:41.333470,2025-07-03 13:51:32.300,54.905,41.7106613,27,2,osrm
472,delivered,2025-07-03 12:57:35,2025-07-03 13:09:47.389492,2025-07-03 13:09:47.389492,2025-07-03 13:12:57.500,15.375,0.0,19,1,osrm
473,delivered,2025-07-03 12:57:12,2025-07-03 13:07:12.810496,2025-07-03 13:18:09.100000,2025-07-03 13:20:43.400,23.523333333333333,10.938158399999999,1,1,osrm
474,delivered,2025-07-03 13:00:58,2025-07-03 13:09:22.946205,2025-07-03 13:15:57.100000,2025-07-03 13:16:43.800,15.763333333333332,6.569229916666667,28,1,osrm
475,delivered,2025-07-03 13:01:01,2025-07-03 13:09:06.305439,2025-07-03 13:29:42.600000,2025-07-03 13:34:17.200,33.27,20.60490935,27,1,osrm
476,delivered,2025-07-03 13:05:14,2025-07-03 13:20:21.434692,2025-07-03 13:45:07.100000,2025-07-03 13:49:58.600,44.74333333333333,24.761088466666667,22,1,osrm
477,delivered,2025-07-03 13:05:54,2025-07-03 13:23:53.297100,2025-07-03 13:41:15.100000,2025-07-03 13:45:43.100,39.818333333333335,17.363381666666665,8,2,osrm
478,delivered,2025-07-03 13:10:30,2025-07-03 13:23:59.456077,2025-07-03 13:34:58.371661,2025-07-03 13:36:25.100,25.918333333333333,10.981926399999999,20,2,osrm
479,delivered,2025-07-03 13:11:38,2025-07-03 13:20:17.985709,2025-07-03 13:30:03.300000,2025-07-03 13:31:50.400,20.206666666666667,9.755238183333335,15,1,osrm
480,delivered,2025-07-03 13:15:48,2025-07-03 13:26:54.581376,2025-07-03 13:41:15.100000,2025-07-03 13:45:43.100,29.918333333333333,14.341977066666667,8,2,osrm
481,delivered,2025-07-03 13:15:05,2025-07-03 13:29:31.645903,2025-07-03 13:29:31.645903,2025-07-03 13:32:24.200,17.32,0.0,14,1,osrm
482,delivered,2025-07-03 13:15:55,2025-07-03 13:31:21.311085,2025-07-03 13:58:23.232544,2025-07-03 14:03:31.600,47.61,27.032024316666664,16,3,osrm
483,delivered,2025-07-03 13:18:13,2025-07-03 13:27:53.034054,2025-07-03 13:40:10.800000,2025-07-03 13:43:40.400,25.456666666666667,12.2960991,18,1,osrm
484,delivered,2025-07-03 13:18:13,2025-07-03 13:31:11.553476,2025-07-03 13:33:34.000000,2025-07-03 13:36:39.100,18.435,2.3741087333333337,12,1,osrm
485,delivered,2025-07-03 13:23:23,2025-07-03 13:34:53.015255,2025-07-03 14:08:06.100000,2025-07-03 14:14:07.700,50.745,33.218079083333336,24,2,osrm
486,delivered,2025-07-03 13:23:13,2025-07-03 13:34:58.371661,2025-07-03 13:43:28.200000,2025-07-03 13:49:23.500,26.175,8.497138983333334,15,2,osrm
487,delivered,2025-07-03 13:24:19,2025-07-03 13:34:47.156133,2025-07-03 13:44:04.700000,2025-07-03 13:46:38.700,22.328333333333333,9.292397783333334,3,1,osrm
488,delivered,2025-07-03 13:27:12,2025-07-03 13:39:48.165659,2025-07-03 13:55:56.689244,2025-07-03 14:01:38.800,34.44666666666667,16.14205975,7,3,osrm
489,delivered,2025-07-03 13:27:34,2025-07-03 13:41:44.532051,2025-07-03 14:01:53.300000,2025-07-03 14:08:03.400,40.49,20.146132483333336,15,2,osrm
490,delivered,2025-07-03 13:28:28,2025-07-03 13:36:35.479524,2025-07-03 13:58:55.500000,2025-07-03 14:04:11.400,35.723333333333336,22.3336746,3,2,osrm
491,delivered,2025-07-03 13:30:12,2025-07-03 13:37:30.440845,2025-07-03 13:58:23.232544,2025-07-03 14:03:31.600,33.32666666666667,20.879861650000002,16,3,osrm
492,delivered,2025-07-03 13:33:31,2025-07-03 13:46:44.483420,2025-07-03 13:58:12.200000,2025-07-03 14:01:14.200,27.720000000000002,11.461943,10,1,osrm
493,delivered,2025-07-03 13:33:31,2025-07-03 13:51:36.074343,2025-07-03 14:13:38.600000,2025-07-03 14:17:44.900,44.23166666666667,22.04209428333333,22,1,osrm
494,delivered,2025-07-03 13:33:30,2025-07-03 13:39:27.922787,2025-07-03 13:51:17.700000,2025-07-03 13:54:10.400,20.673333333333336,11.829620216666665,23,1,osrm
495,delivered,2025-07-03 13:34:36,2025-07-03 13:53:41.333470,2025-07-03 13:53:41.333470,2025-07-03 13:51:32.300,16.938333333333333,0.0,27,2,osrm
496,delivered,2025-07-03 13:37:50,2025-07-03 13:48:42.604494,2025-07-03 13:48:42.604494,2025-07-03 13:52:31.800,14.696666666666665,0.0,29,1,osrm
497,delivered,2025-07-03 13:40:02,2025-07-03 13:49:55.481827,2025-07-03 13:58:55.500000,2025-07-03 14:04:11.400,24.15666666666667,9.000302883333335,3,2,osrm
498,delivered,2025-07-03 13:42:32,2025-07-03 13:54:14.825529,2025-07-03 13:58:33.100000,2025-07-03 14:01:40.500,19.141666666666666,4.3045745166666665,8,1,osrm
499,delivered,2025-07-03 13:44:37,2025-07-03 13:55:56.689244,2025-07-03 14:01:53.300000,2025-07-03 14:08:03.400,23.44,5.9435126,15,2,osrm
500,delivered,2025-07-03 13:45:52,2025-07-03 13:56:48.694793,2025-07-03 14:08:12.200000,2025-07-03 14:10:42.500,24.841666666666665,11.391753450000001,2,1,osrm
501,delivered,2025-07-03 13:46:30,2025-07-03 13:59:54.374792,2025-07-03 14:19:53.783048,2025-07-03 14:19:19.200,32.82,19.9901376,1,2,osrm
502,delivered,2025-07-03 13:46:20,2025-07-03 13:58:23.232544,2025-07-03 14:09:57.300000,2025-07-03 14:12:56.500,26.608333333333334,11.567790933333333,19,1,osrm
503,delivered,2025-07-03 13:47:37,2025-07-03 13:59:50.845253,2025-07-03 14:08:06.100000,2025-07-03 14:14:07.700,26.511666666666667,8.254245783333333,24,2,osrm
504,delivered,2025-07-03 13:48:26,2025-07-03 14:03:36.409910,2025-07-03 14:30:54.000000,2025-07-03 14:35:51.400,47.42333333333333,27.293168166666664,23,1,osrm
505,delivered,2025-07-03 13:48:14,2025-07-03 13:55:01.380480,2025-07-03 14:29:46.400000,2025-07-03 14:35:04.400,46.84,34.75032533333333,16,1,osrm
506,delivered,2025-07-03 13:50:40,2025-07-03 14:01:23.925324,2025-07-03 14:14:08.300000,2025-07-03 14:18:16.500,27.608333333333334,12.739577933333333,6,1,osrm
507,delivered,2025-07-03 13:56:21,2025-07-03 14:07:26.911900,2025-07-03 14:16:56.700000,2025-07-03 14:19:38.200,23.28666666666667,9.496468333333333,23,2,osrm
508,delivered,2025-07-03 13:56:27,2025-07-03 14:07:03.661029,2025-07-03 14:27:42.900000,2025-07-03 14:30:52.900,34.431666666666665,20.65398285,20,1,osrm
509,delivered,2025-07-03 13:59:53,2025-07-03 14:13:52.351268,2025-07-03 14:25:18.300000,2025-07-03 14:27:26.000,27.55,11.432478866666665,24,1,osrm
510,delivered,2025-07-03 13:59:53,2025-07-03 14:14:16.337535,2025-07-03 14:16:23.900000,2025-07-03 14:20:04.300,20.188333333333333,2.1260410833333334,29,2,osrm
511,delivered,2025-07-03 14:02:34,2025-07-03 14:11:50.522757,2025-07-03 14:23:31.700000,2025-07-03 14:26:18.200,23.736666666666668,11.686287383333333,28,1,osrm
512,delivered,2025-07-03 14:07:09,2025-07-03 14:15:07.478067,2025-07-03 14:23:22.400000,2025-07-03 14:25:52.700,18.728333333333335,8.248698883333335,3,1,osrm
513,delivered,2025-07-03 14:07:10,2025-07-03 14:19:53.783048,2025-07-03 14:26:04.900000,2025-07-03 14:27:29.300,20.321666666666665,6.185282533333334,15,1,osrm
514,delivered,2025-07-03 14:10:27,2025-07-03 14:19:04.785376,2025-07-03 14:28:50.200000,2025-07-03 14:31:30.700,21.061666666666667,9.7569104,29,1,osrm
515,delivered,2025-07-03 14:13:58,2025-07-03 14:25:45.696665,2025-07-03 14:40:44.400000,2025-07-03 14:43:08.900,29.18166666666667,14.978388916666667,1,1,osrm
516,delivered,2025-07-03 14:18:29,2025-07-03 14:30:33.480254,2025-07-03 14:44:05.100000,2025-07-03 14:47:08.300,28.654999999999998,13.526995766666666,29,1,osrm
517,delivered,2025-07-03 14:21:00,2025-07-03 14:35:08.590944,2025-07-03 14:44:00.100000,2025-07-03 14:48:08.200,27.136666666666667,8.858484266666666,13,1,osrm
518,delivered,2025-07-03 14:22:39,2025-07-03 14:38:20.435433,2025-07-03 14:48:22.400000,2025-07-03 14:51:28.200,28.82,10.032742783333333,23,1,osrm
519,delivered,2025-07-03 14:24:46,2025-07-03 14:35:05.188239,2025-07-03 14:44:31.900000,2025-07-03 14:49:49.600,25.06,9.445196016666667,20,2,osrm
520,delivered,2025-07-03 14:25:41,2025-07-03 14:41:24.918923,2025-07-03 15:00:13.300000,2025-07-03 15:03:53.100,38.20166666666667,18.806351283333335,29,1,osrm
521,delivered,2025-07-03 14:26:52,2025-07-03 14:39:30.335002,2025-07-03 14:58:55.100000,2025-07-03 15:05:08.000,38.266666666666666,19.41274996666667,11,2,osrm
522,delivered,2025-07-03 14:26:55,2025-07-03 14:36:33.081794,2025-07-03 14:58:55.100000,2025-07-03 15:05:08.000,38.21666666666667,22.3669701,11,2,osrm
523,delivered,2025-07-03 14:26:53,2025-07-03 14:39:18.944962,2025-07-03 14:40:22.900000,2025-07-03 14:45:24.400,18.523333333333333,1.0659173,9,1,osrm
524,delivered,2025-07-03 14:31:21,2025-07-03 14:44:08.212982,2025-07-03 14:54:36.000000,2025-07-03 14:58:19.200,26.970000000000002,10.463116966666666,18,1,osrm
525,delivered,2025-07-03 14:32:37,2025-07-03 14:39:19.738887,2025-07-03 14:44:43.800000,2025-07-03 14:47:41.300,15.071666666666665,5.40101855,4,1,osrm
526,delivered,2025-07-03 14:34:50,2025-07-03 14:46:06.610737,2025-07-03 14:54:07.800000,2025-07-03 14:55:07.700,20.295,8.01982105,1,1,osrm
527,delivered,2025-07-03 14:37:21,2025-07-03 14:49:56.659954,2025-07-03 14:51:05.300000,2025-07-03 14:51:56.900,14.598333333333333,1.1440007666666667,28,1,osrm
528,delivered,2025-07-03 14:38:43,2025-07-03 14:56:02.074013,2025-07-03 15:29:13.300000,2025-07-03 15:35:26.400,56.723333333333336,33.18709978333333,15,2,osrm
529,delivered,2025-07-03 14:38:22,2025-07-03 14:51:22.899346,2025-07-03 15:05:58.700000,2025-07-03 15:10:26.600,32.07666666666667,14.596677566666667,3,1,osrm
530,delivered,2025-07-03 14:40:11,2025-07-03 14:54:38.854172,2025-07-03 15:09:01.900000,2025-07-03 15:14:22.700,34.195,14.384097133333334,22,4,osrm
531,delivered,2025-07-03 14:43:20,2025-07-03 14:58:18.729696,2025-07-03 15:11:23.400000,2025-07-03 15:15:14.900,31.915000000000003,13.0778384,26,1,osrm
532,delivered,2025-07-03 14:43:40,2025-07-03 14:50:48.693288,2025-07-03 14:54:28.400000,2025-07-03 14:58:33.600,14.893333333333334,3.6617785333333335,6,1,osrm
533,delivered,2025-07-03 14:46:19,2025-07-03 14:58:39.732743,2025-07-03 15:37:44.951258,2025-07-03 15:33:37.500,47.30833333333333,39.08697525,9,2,osrm
534,delivered,2025-07-03 14:47:20,2025-07-03 14:54:51.782663,2025-07-03 14:54:51.782663,2025-07-03 14:58:46.600,11.443333333333333,0.0,8,1,osrm
535,delivered,2025-07-03 14:48:40,2025-07-03 15:00:38.391444,2025-07-03 15:14:20.100000,2025-07-03 15:17:41.600,29.026666666666664,13.6951426,9,1,osrm
536,delivered,2025-07-03 14:49:52,2025-07-03 15:00:15.421688,2025-07-03 15:21:33.772458,2025-07-03 15:18:51.000,28.983333333333334,21.305846166666665,24,4,osrm
537,delivered,2025-07-03 14:51:17,2025-07-03 15:08:49.753214,2025-07-03 15:19:29.500000,2025-07-03 15:22:52.900,31.598333333333336,10.662446433333335,3,1,osrm
538,delivered,2025-07-03 14:52:00,2025-07-03 15:01:14.171889,2025-07-03 15:11:23.300000,2025-07-03 15:15:21.000,23.35,10.152135183333334,5,1,osrm
539,delivered,2025-07-03 14:52:58,2025-07-03 15:05:30.111892,2025-07-03 15:28:46.600000,2025-07-03 15:33:29.500,40.525,23.2748018,17,3,osrm
540,delivered,2025-07-03 14:52:30,2025-07-03 15:09:21.672319,2025-07-03 15:17:55.400000,2025-07-03 15:19:47.800,27.296666666666667,8.562128016666666,15,1,osrm
541,delivered,2025-07-03 14:54:13,2025-07-03 15:04:09.390543,2025-07-03 15:21:33.772458,2025-07-03 15:18:51.000,24.633333333333333,17.40636525,24,4,osrm
542,delivered,2025-07-03 14:54:50,2025-07-03 15:03:08.609122,2025-07-03 15:29:13.300000,2025-07-03 15:35:26.400,40.60666666666667,26.0781813,15,2,osrm
543,delivered,2025-07-03 14:55:46,2025-07-03 15:09:36.020585,2025-07-03 15:09:36.020585,2025-07-03 15:15:26.600,19.676666666666666,0.0,8,2,osrm
544,delivered,2025-07-03 14:56:52,2025-07-03 15:06:16.040725,2025-07-03 15:17:37.600000,2025-07-03 15:21:01.300,24.154999999999998,11.359321249999999,1,1,osrm
545,delivered,2025-07-03 14:57:05,2025-07-03 15:08:52.484286,2025-07-03 15:11:18.300000,2025-07-03 15:14:33.800,17.48,2.4302619,16,1,osrm
546,delivered,2025-07-03 14:58:35,2025-07-03 15:17:32.077401,2025-07-03 15:28:46.600000,2025-07-03 15:33:29.500,34.90833333333333,11.242043316666667,17,3,osrm
547,delivered,2025-07-03 15:00:02,2025-07-03 15:05:02.000000,2025-07-03 15:08:02.100000,2025-07-03 15:10:56.200,10.903333333333334,3.0016666666666665,2,1,osrm
548,delivered,2025-07-03 15:00:17,2025-07-03 15:10:46.409989,2025-07-03 15:34:38.200000,2025-07-03 15:39:01.900,38.748333333333335,23.863166850000002,23,1,osrm
549,delivered,2025-07-03 15:05:57,2025-07-03 15:14:47.033993,2025-07-03 15:35:32.904503,2025-07-03 15:37:22.500,31.425,20.764508499999998,24,2,osrm
550,delivered,2025-07-03 15:06:19,2025-07-03 15:18:43.462890,2025-07-03 15:43:05.203052,2025-07-03 15:39:54.800,33.596666666666664,24.362336033333335,18,3,osrm
551,delivered,2025-07-03 15:07:35,2025-07-03 15:20:21.904329,2025-07-03 15:38:43.308014,2025-07-03 15:45:47.100,38.20166666666667,18.356728083333334,10,2,osrm
552,delivered,2025-07-03 15:07:38,2025-07-03 15:18:18.983297,2025-07-03 15:40:32.400000,2025-07-03 15:45:48.000,38.166666666666664,22.223611716666667,26,2,osrm
553,delivered,2025-07-03 15:08:08,2025-07-03 15:21:33.772458,2025-07-03 15:21:33.772458,2025-07-03 15:18:51.000,10.716666666666667,0.0,24,4,osrm
554,delivered,2025-07-03 15:10:18,2025-07-03 15:30:23.219658,2025-07-03 15:59:39.000000,2025-07-03 16:06:30.800,56.21333333333334,29.2630057,5,2,osrm
555,delivered,2025-07-03 15:12:45,2025-07-03 15:25:59.006909,2025-07-03 15:59:39.000000,2025-07-03 16:06:30.800,53.763333333333335,33.666551516666665,5,2,osrm
556,delivered,2025-07-03 15:17:06,2025-07-03 15:29:29.208636,2025-07-03 15:39:38.500000,2025-07-03 15:44:52.200,27.77,10.154856066666667,7,2,osrm
557,delivered,2025-07-03 15:18:13,2025-07-03 15:30:26.659971,2025-07-03 15:40:32.400000,2025-07-03 15:45:48.000,27.583333333333332,10.09566715,26,2,osrm
558,delivered,2025-07-03 15:19:57,2025-07-03 15:36:02.906863,2025-07-03 15:48:03.800000,2025-07-03 15:50:50.200,30.886666666666667,12.014885616666668,11,1,osrm
559,delivered,2025-07-03 15:19:48,2025-07-03 15:32:14.598709,2025-07-03 15:33:54.000000,2025-07-03 15:36:38.100,16.835,1.6566881833333333,3,1,osrm
560,delivered,2025-07-03 15:21:26,2025-07-03 15:35:32.904503,2025-07-03 15:35:32.904503,2025-07-03 15:37:22.500,15.941666666666666,0.0,24,2,osrm
561,delivered,2025-07-03 15:21:31,2025-07-03 15:37:44.951258,2025-07-03 15:37:44.951258,2025-07-03 15:33:37.500,12.108333333333333,0.0,9,2,osrm
562,delivered,2025-07-03 15:23:51,2025-07-03 15:40:29.660050,2025-07-03 16:03:50.900000,2025-07-03 16:08:28.100,44.61833333333333,23.353999166666664,16,2,osrm
563,delivered,2025-07-03 15:23:02,2025-07-03 15:35:20.822501,2025-07-03 15:45:38.500000,2025-07-03 15:48:14.900,25.215,10.294624983333334,21,1,osrm
564,delivered,2025-07-03 15:25:36,2025-07-03 15:38:43.308014,2025-07-03 15:56:22.562753,2025-07-03 15:58:39.400,33.056666666666665,17.65424565,4,2,osrm
565,delivered,2025-07-03 15:26:06,2025-07-03 15:43:05.203052,2025-07-03 15:43:05.203052,2025-07-03 15:39:54.800,13.813333333333333,0.0,18,3,osrm
566,delivered,2025-07-03 15:28:46,2025-07-03 15:38:01.464773,2025-07-03 15:52:09.500000,2025-07-03 15:55:19.800,26.563333333333333,14.13392045,1,1,osrm
567,delivered,2025-07-03 15:28:44,2025-07-03 15:36:40.467178,2025-07-03 15:58:42.371799,2025-07-03 16:05:38.300,36.905,22.03174368333333,29,3,osrm
568,delivered,2025-07-03 15:29:15,2025-07-03 15:36:37.212296,2025-07-03 15:43:05.203052,2025-07-03 15:39:54.800,10.663333333333332,6.4665126,18,3,osrm
569,delivered,2025-07-03 15:30:07,2025-07-03 15:49:13.855207,2025-07-03 16:09:12.374997,2025-07-03 16:11:28.100,41.35166666666667,19.975329833333333,24,4,osrm
570,delivered,2025-07-03 15:31:55,2025-07-03 15:48:13.228344,2025-07-03 16:09:12.374997,2025-07-03 16:11:28.100,39.55166666666666,20.98577755,24,4,osrm
571,delivered,2025-07-03 15:31:59,2025-07-03 15:38:40.494054,2025-07-03 15:39:38.500000,2025-07-03 15:44:52.200,12.886666666666667,0.9667657666666667,7,2,osrm
572,delivered,2025-07-03 15:33:23,2025-07-03 15:45:27.661526,2025-07-03 15:53:55.400000,2025-07-03 15:56:12.900,22.831666666666667,8.4623079,25,1,osrm
573,delivered,2025-07-03 15:34:03,2025-07-03 15:49:49.205143,2025-07-03 16:10:41.175841,2025-07-03 16:14:45.900,40.715,20.8661783,13,4,osrm
574,delivered,2025-07-03 15:35:23,2025-07-03 15:47:34.475469,2025-07-03 16:22:49.012214,2025-07-03 16:27:55.500,52.541666666666664,35.24227908333333,9,4,osrm
575,delivered,2025-07-03 15:35:07,2025-07-03 15:46:20.769314,2025-07-03 16:21:27.614519,2025-07-03 16:19:16.900,44.165,35.11408675,28,4,osrm
576,delivered,2025-07-03 15:38:47,2025-07-03 15:53:34.560002,2025-07-03 16:03:50.900000,2025-07-03 16:08:28.100,29.685,10.272333300000001,16,2,osrm
577,delivered,2025-07-03 15:40:15,2025-07-03 15:56:22.562753,2025-07-03 16:00:56.600000,2025-07-03 16:04:25.700,24.178333333333335,4.567287449999999,27,1,osrm
578,delivered,2025-07-03 15:40:55,2025-07-03 15:58:50.409448,2025-07-03 16:22:49.012214,2025-07-03 16:26:08.400,45.223333333333336,23.976712766666665,12,4,osrm
579,delivered,2025-07-03 15:43:14,2025-07-03 15:48:22.531548,2025-07-03 16:19:16.462308,2025-07-03 16:25:24.800,42.18,30.898846,27,4,osrm
580,delivered,2025-07-03 15:43:14,2025-07-03 15:52:36.199629,2025-07-03 16:00:27.700000,2025-07-03 16:04:21.400,21.123333333333335,7.858339516666666,26,1,osrm
581,delivered,2025-07-03 15:43:41,2025-07-03 15:56:17.828980,2025-07-03 16:21:27.614519,2025-07-03 16:19:16.900,35.598333333333336,25.163092316666667,28,4,osrm
582,delivered,2025-07-03 15:44:40,2025-07-03 15:54:17.390567,2025-07-03 16:23:35.585129,2025-07-03 16:27:02.200,42.37,29.3032427,18,4,osrm
583,delivered,2025-07-03 15:44:30,2025-07-03 15:57:35.136303,2025-07-03 16:38:21.774316,2025-07-03 16:44:32.300,60.038333333333334,40.77730021666666,6,4,osrm
584,delivered,2025-07-03 15:48:50,2025-07-03 15:58:42.371799,2025-07-03 16:10:41.175841,2025-07-03 16:14:45.900,25.93166666666667,11.980067366666667,13,4,osrm
585,delivered,2025-07-03 15:48:06,2025-07-03 16:00:40.746072,2025-07-03 16:37:52.957734,2025-07-03 16:47:38.000,59.53333333333333,37.2035277,5,4,osrm
586,delivered,2025-07-03 15:50:50,2025-07-03 16:02:05.835642,2025-07-03 16:21:27.614519,2025-07-03 16:19:16.900,28.448333333333334,19.362981283333333,28,4,osrm
587,delivered,2025-07-03 15:51:40,2025-07-03 15:58:04.451854,2025-07-03 16:22:49.012214,2025-07-03 16:26:08.400,34.473333333333336,24.742672666666667,12,4,osrm
588,delivered,2025-07-03 15:52:26,2025-07-03 16:02:37.352413,2025-07-03 16:12:19.500000,2025-07-03 16:15:04.500,22.641666666666666,9.702459783333333,6,1,osrm
589,delivered,2025-07-03 15:52:17,2025-07-03 16:04:13.407543,2025-07-03 16:26:13.553928,2025-07-03 16:34:00.700,41.72833333333333,22.00243975,2,4,osrm
590,delivered,2025-07-03 15:52:51,2025-07-03 16:09:12.374997,2025-07-03 16:19:48.459693,2025-07-03 16:24:27.200,31.603333333333335,10.6014116,7,3,osrm
591,delivered,2025-07-03 15:52:54,2025-07-03 16:07:33.884925,2025-07-03 16:19:16.462308,2025-07-03 16:25:24.800,32.513333333333335,11.709623050000001,27,4,osrm
592,delivered,2025-07-03 15:53:25,2025-07-03 16:05:52.400838,2025-07-03 16:40:02.622402,2025-07-03 16:48:20.000,54.916666666666664,34.1703594,29,4,osrm
593,delivered,2025-07-03 15:53:11,2025-07-03 16:06:35.246138,2025-07-03 16:41:30.230258,2025-07-03 16:48:08.500,54.958333333333336,34.916402,18,4,osrm
594,delivered,2025-07-03 15:54:10,2025-07-03 16:08:55.878604,2025-07-03 16:08:55.878604,2025-07-03 16:11:42.700,17.545,0.0,8,1,osrm
595,delivered,2025-07-03 15:54:01,2025-07-03 16:09:36.354892,2025-07-03 16:29:24.232459,2025-07-03 16:38:54.100,44.885,19.79795945,15,4,osrm
596,delivered,2025-07-03 15:54:38,2025-07-03 16:07:36.328535,2025-07-03 16:38:21.774316,2025-07-03 16:44:32.300,49.905,30.75742968333333,6,4,osrm
597,delivered,2025-07-03 15:55:07,2025-07-03 16:03:48.352508,2025-07-03 16:19:48.459693,2025-07-03 16:24:27.200,29.336666666666666,16.001786416666665,7,3,osrm
598,delivered,2025-07-03 15:59:44,2025-07-03 16:08:19.236516,2025-07-03 16:56:25.346267,2025-07-03 16:56:47.500,57.05833333333333,48.10182918333333,3,4,osrm
599,delivered,2025-07-03 16:00:23,2025-07-03 16:10:41.175841,2025-07-03 16:10:41.175841,2025-07-03 16:14:45.900,14.381666666666666,0.0,13,4,osrm
600,delivered,2025-07-03 16:00:19,2025-07-03 16:09:45.781243,2025-07-03 16:10:41.175841,2025-07-03 16:14:45.900,14.448333333333332,0.9232433,13,4,osrm
601,delivered,2025-07-03 16:00:44,2025-07-03 16:11:06.252859,2025-07-03 16:29:24.232459,2025-07-03 16:38:54.100,38.16833333333333,18.29966,15,4,osrm
602,delivered,2025-07-03 16:01:19,2025-07-03 16:13:01.511071,2025-07-03 16:35:43.828447,2025-07-03 16:44:29.100,43.16833333333333,22.7052896,25,4,osrm
603,delivered,2025-07-03 16:01:26,2025-07-03 16:13:22.474311,2025-07-03 16:23:48.900000,2025-07-03 16:38:06.500,36.675,10.44042815,3,4,osrm
604,delivered,2025-07-03 16:02:24,2025-07-03 16:13:12.089641,2025-07-03 16:32:21.549174,2025-07-03 16:38:59.100,36.585,19.157658883333333,16,4,osrm
605,delivered,2025-07-03 16:02:03,2025-07-03 16:18:04.931164,2025-07-03 16:22:49.012214,2025-07-03 16:26:08.400,24.09,4.734684166666667,12,4,osrm
606,delivered,2025-07-03 16:03:45,2025-07-03 16:19:16.462308,2025-07-03 16:19:16.462308,2025-07-03 16:25:24.800,21.663333333333334,0.0,27,4,osrm
607,delivered,2025-07-03 16:03:36,2025-07-03 16:13:44.102889,2025-07-03 19:59:51.700000,2025-07-03 20:03:04.700,239.47833333333335,226.12661851666664,23,1,osrm
608,delivered,2025-07-03 16:03:29,2025-07-03 16:16:02.029305,2025-07-03 16:22:49.012214,2025-07-03 16:27:55.500,24.441666666666666,6.783048483333333,9,4,osrm
609,delivered,2025-07-03 16:03:14,2025-07-03 16:17:47.528768,2025-07-03 16:23:35.585129,2025-07-03 16:27:02.200,23.803333333333335,5.800939349999999,18,4,osrm
610,delivered,2025-07-03 16:04:39,2025-07-03 16:17:25.428487,2025-07-03 17:05:48.802127,2025-07-03 17:11:44.400,67.09,48.38956066666666,8,4,osrm
611,delivered,2025-07-03 16:05:51,2025-07-03 16:21:27.614519,2025-07-03 16:21:27.614519,2025-07-03 16:19:16.900,13.431666666666667,0.0,28,4,osrm
612,delivered,2025-07-03 16:05:58,2025-07-03 16:19:35.989658,2025-07-03 16:41:30.230258,2025-07-03 16:48:08.500,42.175,21.904010000000003,18,4,osrm
613,delivered,2025-07-03 16:06:16,2025-07-03 16:20:31.197922,2025-07-03 16:20:31.197922,2025-07-03 16:24:19.000,18.05,0.0,5,4,osrm
614,delivered,2025-07-03 16:06:11,2025-07-03 16:19:48.459693,2025-07-03 16:19:48.459693,2025-07-03 16:24:27.200,18.27,0.0,7,3,osrm
615,delivered,2025-07-03 16:06:45,2025-07-03 16:20:16.953212,2025-07-03 16:29:24.232459,2025-07-03 16:38:54.100,32.151666666666664,9.121320783333335,15,4,osrm
616,delivered,2025-07-03 16:06:23,2025-07-03 16:18:24.684782,2025-07-03 16:41:30.230258,2025-07-03 16:48:08.500,41.75833333333333,23.0924246,18,4,osrm
617,delivered,2025-07-03 16:07:32,2025-07-03 16:19:11.126800,2025-07-03 16:34:01.989864,2025-07-03 16:39:41.500,32.15833333333333,14.847717733333333,7,3,osrm
618,delivered,2025-07-03 16:08:13,2025-07-03 16:16:03.389828,2025-07-03 16:23:35.585129,2025-07-03 16:27:02.200,18.82,7.53658835,18,4,osrm
619,delivered,2025-07-03 16:08:09,2025-07-03 16:23:35.585129,2025-07-03 16:34:18.648137,2025-07-03 16:40:03.200,31.903333333333332,10.7177168,14,4,osrm
620,delivered,2025-07-03 16:09:42,2025-07-03 16:21:11.674333,2025-07-03 16:38:21.774316,2025-07-03 16:44:32.300,34.83833333333334,17.16833305,6,4,osrm
621,delivered,2025-07-03 16:09:04,2025-07-03 16:19:41.647413,2025-07-03 16:22:49.012214,2025-07-03 16:27:55.500,18.858333333333334,3.1227466833333333,9,4,osrm
622,delivered,2025-07-03 16:10:09,2025-07-03 16:22:49.012214,2025-07-03 16:22:49.012214,2025-07-03 16:26:08.400,15.99,0.0,12,4,osrm
623,delivered,2025-07-03 16:10:18,2025-07-03 16:20:03.028273,2025-07-03 16:37:52.957734,2025-07-03 16:47:38.000,37.333333333333336,17.83215768333333,5,4,osrm
624,delivered,2025-07-03 16:11:40,2025-07-03 16:26:13.553928,2025-07-03 16:32:21.549174,2025-07-03 16:38:59.100,27.31833333333333,6.1332541,16,4,osrm
625,delivered,2025-07-03 16:13:27,2025-07-03 16:21:24.676622,2025-07-03 16:41:54.149213,2025-07-03 16:45:35.000,32.13333333333333,20.49120985,10,4,osrm
626,delivered,2025-07-03 16:13:24,2025-07-03 16:18:24.000000,2025-07-03 16:52:35.599162,2025-07-03 16:54:38.800,41.24666666666667,34.193319366666664,15,4,osrm
627,delivered,2025-07-03 16:13:05,2025-07-03 16:24:22.358374,2025-07-03 17:03:58.540443,2025-07-03 17:11:40.700,58.595,39.60303448333333,2,4,osrm
628,delivered,2025-07-03 16:14:16,2025-07-03 16:24:36.323421,2025-07-03 16:34:01.989864,2025-07-03 16:39:41.500,25.425,9.42777405,7,3,osrm
629,delivered,2025-07-03 16:15:49,2025-07-03 16:30:01.177383,2025-07-03 19:43:06.100000,2025-07-03 19:52:11.000,216.36666666666667,193.08204361666668,25,2,osrm
630,delivered,2025-07-03 16:15:13,2025-07-03 16:22:58.424998,2025-07-03 17:03:12.338526,2025-07-03 17:06:14.700,51.02833333333333,40.23189213333333,10,4,osrm
631,delivered,2025-07-03 16:15:23,2025-07-03 16:28:17.308238,2025-07-03 16:44:56.447167,2025-07-03 16:53:53.700,38.51166666666666,16.652315483333332,26,4,osrm
632,delivered,2025-07-03 16:15:04,2025-07-03 16:22:15.161321,2025-07-03 16:54:45.385496,2025-07-03 17:03:08.300,48.07166666666667,32.50373625,17,4,osrm
633,delivered,2025-07-03 16:15:53,2025-07-03 16:27:20.783033,2025-07-03 16:34:18.648137,2025-07-03 16:40:03.200,24.17,6.9644184,14,4,osrm
634,delivered,2025-07-03 16:16:22,2025-07-03 16:35:06.247852,2025-07-03 17:06:07.339251,2025-07-03 17:12:39.800,56.29666666666667,31.018189983333333,1,4,osrm
635,delivered,2025-07-03 16:17:33,2025-07-03 16:29:24.232459,2025-07-03 16:29:24.232459,2025-07-03 16:38:54.100,21.351666666666667,0.0,15,4,osrm
636,delivered,2025-07-03 16:17:13,2025-07-03 16:28:15.651008,2025-07-03 17:05:03.962514,2025-07-03 17:10:39.100,53.434999999999995,36.80519176666667,13,3,osrm
637,delivered,2025-07-03 16:19:25,2025-07-03 16:27:36.977325,2025-07-03 16:41:54.149213,2025-07-03 16:45:35.000,26.166666666666668,14.286198133333333,10,4,osrm
638,delivered,2025-07-03 16:19:00,2025-07-03 16:25:21.391334,2025-07-03 16:51:59.045880,2025-07-03 16:57:12.000,38.2,26.627575766666666,22,4,osrm
639,delivered,2025-07-03 16:20:06,2025-07-03 16:33:53.732247,2025-07-03 17:03:12.338526,2025-07-03 17:06:14.700,46.144999999999996,29.310104650000003,10,4,osrm
640,delivered,2025-07-03 16:20:39,2025-07-03 16:34:18.648137,2025-07-03 16:34:18.648137,2025-07-03 16:40:03.200,19.403333333333332,0.0,14,4,osrm
641,delivered,2025-07-03 16:20:06,2025-07-03 16:29:31.960276,2025-07-03 17:02:41.554597,2025-07-03 17:11:11.200,51.086666666666666,33.15990535,18,4,osrm
642,delivered,2025-07-03 16:22:29,2025-07-03 16:28:17.731286,2025-07-03 16:50:08.240229,2025-07-03 16:55:02.400,32.556666666666665,21.841815716666666,21,4,osrm
643,delivered,2025-07-03 16:22:16,2025-07-03 16:32:21.549174,2025-07-03 16:32:21.549174,2025-07-03 16:38:59.100,16.718333333333334,0.0,16,4,osrm
644,delivered,2025-07-03 16:22:27,2025-07-03 16:34:19.497618,2025-07-03 17:26:21.278225,2025-07-03 17:35:11.400,72.74,52.029676783333336,28,4,osrm
645,delivered,2025-07-03 16:22:51,2025-07-03 16:28:58.545997,2025-07-03 16:37:52.957734,2025-07-03 16:47:38.000,24.783333333333335,8.906862283333334,5,4,osrm
646,delivered,2025-07-03 16:23:04,2025-07-03 16:35:38.907563,2025-07-03 16:35:43.828447,2025-07-03 16:44:29.100,21.418333333333333,0.08201473333333334,25,4,osrm
647,delivered,2025-07-03 16:23:47,2025-07-03 16:33:52.709914,2025-07-03 17:05:48.802127,2025-07-03 17:11:44.400,47.95666666666667,31.934870216666663,8,4,osrm
648,delivered,2025-07-03 16:23:35,2025-07-03 16:38:36.174460,2025-07-03 17:06:48.034436,2025-07-03 17:18:05.200,54.50333333333333,28.197666266666666,21,4,osrm
649,delivered,2025-07-03 16:23:46,2025-07-03 16:35:43.828447,2025-07-03 16:35:43.828447,2025-07-03 16:44:29.100,20.71833333333333,0.0,25,4,osrm
650,delivered,2025-07-03 16:23:38,2025-07-03 16:37:38.126169,2025-07-03 16:55:29.655691,2025-07-03 17:06:57.800,43.330000000000005,17.858825366666668,20,4,osrm
651,delivered,2025-07-03 16:24:08,2025-07-03 16:35:11.643301,2025-07-03 16:35:43.828447,2025-07-03 16:44:29.100,20.351666666666667,0.5364191,25,4,osrm
652,delivered,2025-07-03 16:24:25,2025-07-03 16:34:01.989864,2025-07-03 16:34:01.989864,2025-07-03 16:39:41.500,15.275,0.0,7,3,osrm
653,delivered,2025-07-03 16:24:29,2025-07-03 16:35:21.477888,2025-07-03 17:24:40.414643,2025-07-03 17:35:11.000,70.7,49.31561258333333,18,4,osrm
654,delivered,2025-07-03 16:25:39,2025-07-03 16:38:35.350818,2025-07-03 17:07:09.849794,2025-07-03 17:07:46.700,42.12833333333333,28.574982933333335,4,4,osrm
655,delivered,2025-07-03 16:25:52,2025-07-03 16:35:54.105906,2025-07-03 16:38:38.606729,2025-07-03 16:44:54.400,19.040000000000003,2.741680383333333,11,4,osrm
656,delivered,2025-07-03 16:26:24,2025-07-03 16:41:54.149213,2025-07-03 16:51:59.045880,2025-07-03 16:57:12.000,30.8,10.081611116666666,22,4,osrm
657,delivered,2025-07-03 16:26:10,2025-07-03 16:36:53.392213,2025-07-03 18:54:11.500000,2025-07-03 19:00:03.500,153.89166666666668,137.30179645,14,3,osrm
658,delivered,2025-07-03 16:26:51,2025-07-03 16:37:52.957734,2025-07-03 16:37:52.957734,2025-07-03 16:47:38.000,20.783333333333335,0.0,5,4,osrm
659,delivered,2025-07-03 16:27:21,2025-07-03 16:34:07.890259,2025-07-03 16:56:41.299620,2025-07-03 16:59:10.500,31.825,22.556822683333333,16,4,osrm
660,delivered,2025-07-03 16:27:04,2025-07-03 16:38:08.477721,2025-07-03 18:48:28.400000,2025-07-03 18:58:13.900,151.165,130.33203798333335,27,4,osrm
661,delivered,2025-07-03 16:27:13,2025-07-03 16:40:02.622402,2025-07-03 16:56:41.299620,2025-07-03 16:59:10.500,31.958333333333332,16.6446203,16,4,osrm
662,delivered,2025-07-03 16:27:00,2025-07-03 16:38:21.774316,2025-07-03 16:38:21.774316,2025-07-03 16:44:32.300,17.538333333333334,0.0,6,4,osrm
663,delivered,2025-07-03 16:28:30,2025-07-03 16:40:32.188937,2025-07-03 16:44:56.447167,2025-07-03 16:53:53.700,25.395,4.4043038333333335,26,4,osrm
664,delivered,2025-07-03 16:28:37,2025-07-03 16:44:37.264657,2025-07-03 17:21:27.405271,2025-07-03 17:23:27.300,54.83833333333334,36.835676899999996,14,4,osrm
665,delivered,2025-07-03 16:28:06,2025-07-03 16:38:38.606729,2025-07-03 16:38:38.606729,2025-07-03 16:44:54.400,16.806666666666665,0.0,11,4,osrm
666,delivered,2025-07-03 16:28:30,2025-07-03 16:41:35.547715,2025-07-03 16:50:08.240229,2025-07-03 16:55:02.400,26.540000000000003,8.544875233333332,21,4,osrm
667,delivered,2025-07-03 16:29:30,2025-07-03 16:39:08.867945,2025-07-03 19:50:47.300000,2025-07-03 19:52:50.700,203.345,191.64053425,29,1,osrm
668,delivered,2025-07-03 16:29:09,2025-07-03 16:40:11.928369,2025-07-03 16:50:08.240229,2025-07-03 16:55:02.400,25.89,9.938531000000001,21,4,osrm
669,delivered,2025-07-03 16:29:23,2025-07-03 16:37:39.539049,2025-07-03 17:13:53.152771,2025-07-03 17:23:43.800,54.34666666666667,36.22689536666667,25,4,osrm
670,delivered,2025-07-03 16:29:15,2025-07-03 16:45:41.791586,2025-07-03 17:23:37.556971,2025-07-03 17:29:15.700,60.01166666666666,37.92942308333333,11,4,osrm
671,delivered,2025-07-03 16:31:26,2025-07-03 16:46:00.097259,2025-07-03 19:47:03.300000,2025-07-03 19:54:32.100,203.10166666666666,181.05337901666664,17,3,osrm
672,delivered,2025-07-03 16:31:16,2025-07-03 16:44:17.784112,2025-07-03 19:28:09.000000,2025-07-03 19:40:19.300,189.05499999999998,163.85359813333335,5,4,osrm
673,delivered,2025-07-03 16:31:00,2025-07-03 16:43:29.810582,2025-07-03 17:21:27.405271,2025-07-03 17:23:27.300,52.455000000000005,37.959911483333336,14,4,osrm
674,delivered,2025-07-03 16:31:59,2025-07-03 16:41:30.230258,2025-07-03 16:56:25.346267,2025-07-03 16:56:47.500,24.808333333333334,14.91860015,3,4,osrm
675,delivered,2025-07-03 16:32:33,2025-07-03 16:40:19.596649,2025-07-03 17:02:40.976135,2025-07-03 17:10:46.800,38.230000000000004,22.356324766666667,28,4,osrm
676,delivered,2025-07-03 16:32:53,2025-07-03 16:50:01.657723,2025-07-03 17:14:59.890065,2025-07-03 17:23:03.900,50.181666666666665,24.970539033333335,27,4,osrm
677,delivered,2025-07-03 16:32:35,2025-07-03 16:44:36.596886,2025-07-03 17:14:14.336472,2025-07-03 17:19:44.600,47.16,29.6289931,16,4,osrm
678,delivered,2025-07-03 16:33:20,2025-07-03 16:45:35.464539,2025-07-03 16:52:35.599162,2025-07-03 16:54:38.800,21.313333333333333,7.0022437166666665,15,4,osrm
679,delivered,2025-07-03 16:33:47,2025-07-03 16:41:11.232231,2025-07-03 16:54:17.334533,2025-07-03 17:03:47.400,30.006666666666668,13.101705033333333,25,4,osrm
680,delivered,2025-07-03 16:34:24,2025-07-03 16:47:38.551419,2025-07-03 17:21:27.405271,2025-07-03 17:23:27.300,49.055,33.81423086666667,14,4,osrm
681,delivered,2025-07-03 16:34:41,2025-07-03 16:52:01.307601,2025-07-03 19:47:44.200000,2025-07-03 19:59:08.000,204.45,175.71487331666668,18,4,osrm
682,delivered,2025-07-03 16:34:17,2025-07-03 16:45:40.735864,2025-07-03 16:52:35.599162,2025-07-03 16:54:38.800,20.363333333333333,6.9143883,15,4,osrm
683,delivered,2025-07-03 16:34:42,2025-07-03 16:45:40.058334,2025-07-03 16:53:47.329723,2025-07-03 17:00:04.300,25.371666666666666,8.121189816666666,12,4,osrm
684,delivered,2025-07-03 16:35:52,2025-07-03 16:45:25.967597,2025-07-03 17:21:53.606556,2025-07-03 17:27:03.100,51.184999999999995,36.46064931666667,20,4,osrm
685,delivered,2025-07-03 16:35:14,2025-07-03 16:47:09.427707,2025-07-03 19:25:00.500000,2025-07-03 19:32:58.000,177.73333333333332,157.8512048833333,2,4,osrm
686,delivered,2025-07-03 16:35:50,2025-07-03 16:44:56.447167,2025-07-03 16:44:56.447167,2025-07-03 16:53:53.700,18.061666666666667,0.0,26,4,osrm
687,delivered,2025-07-03 16:35:16,2025-07-03 16:43:38.293858,2025-07-03 16:55:29.655691,2025-07-03 17:06:57.800,31.696666666666665,11.856030550000002,20,4,osrm
688,delivered,2025-07-03 16:35:31,2025-07-03 16:51:59.045880,2025-07-03 16:51:59.045880,2025-07-03 16:57:12.000,21.683333333333334,0.0,22,4,osrm
689,delivered,2025-07-03 16:35:58,2025-07-03 16:49:22.884773,2025-07-03 16:56:41.299620,2025-07-03 16:59:10.500,23.208333333333332,7.3069141166666665,16,4,osrm
690,delivered,2025-07-03 16:36:09,2025-07-03 16:46:46.901554,2025-07-03 16:56:25.346267,2025-07-03 16:56:47.500,20.641666666666666,9.640745216666666,3,4,osrm
691,delivered,2025-07-03 16:36:57,2025-07-03 16:46:08.946650,2025-07-03 18:51:38.000000,2025-07-03 19:01:35.300,144.63833333333332,125.4842225,1,4,osrm
692,delivered,2025-07-03 16:36:38,2025-07-03 16:50:13.574224,2025-07-03 17:25:56.115559,2025-07-03 17:34:40.100,58.035,35.70902225,1,4,osrm
693,delivered,2025-07-03 16:37:28,2025-07-03 16:52:38.812434,2025-07-03 17:02:40.976135,2025-07-03 17:10:46.800,33.31333333333333,10.036061683333333,28,4,osrm
694,delivered,2025-07-03 16:37:24,2025-07-03 16:52:35.599162,2025-07-03 16:52:35.599162,2025-07-03 16:54:38.800,17.246666666666666,0.0,15,4,osrm
695,delivered,2025-07-03 16:37:34,2025-07-03 16:50:08.240229,2025-07-03 16:50:08.240229,2025-07-03 16:55:02.400,17.473333333333336,0.0,21,4,osrm
696,delivered,2025-07-03 16:37:54,2025-07-03 16:51:25.025014,2025-07-03 17:11:12.556758,2025-07-03 17:19:20.100,41.434999999999995,19.792195733333333,22,4,osrm
697,delivered,2025-07-03 16:38:27,2025-07-03 16:53:52.419857,2025-07-03 17:13:53.152771,2025-07-03 17:23:43.800,45.28,20.012215233333333,25,4,osrm
698,delivered,2025-07-03 16:38:38,2025-07-03 16:46:49.436546,2025-07-03 16:53:47.329723,2025-07-03 17:00:04.300,21.438333333333333,6.964886283333333,12,4,osrm
699,delivered,2025-07-03 16:38:33,2025-07-03 16:54:45.385496,2025-07-03 16:54:45.385496,2025-07-03 17:03:08.300,24.58833333333333,0.0,17,4,osrm
700,delivered,2025-07-03 16:38:08,2025-07-03 16:49:11.217196,2025-07-03 17:11:12.556758,2025-07-03 17:19:20.100,41.20166666666667,22.022326033333332,22,4,osrm
701,delivered,2025-07-03 16:38:45,2025-07-03 16:53:58.643794,2025-07-03 17:15:55.485749,2025-07-03 17:23:46.100,45.01833333333333,21.94736591666667,6,4,osrm
702,delivered,2025-07-03 16:38:38,2025-07-03 16:53:47.329723,2025-07-03 17:02:41.554597,2025-07-03 17:11:11.200,32.553333333333335,8.9037479,18,4,osrm
703,delivered,2025-07-03 16:38:15,2025-07-03 16:55:29.679594,2025-07-03 17:07:09.849794,2025-07-03 17:07:46.700,29.528333333333332,11.669503333333333,4,4,osrm
704,delivered,2025-07-03 16:40:34,2025-07-03 16:54:25.676914,2025-07-03 17:01:32.062539,2025-07-03 17:13:33.100,32.985,7.106427083333333,9,4,osrm
705,delivered,2025-07-03 16:40:36,2025-07-03 16:50:39.016305,2025-07-03 17:06:48.034436,2025-07-03 17:18:05.200,37.486666666666665,16.150302183333334,21,4,osrm
706,delivered,2025-07-03 16:40:29,2025-07-03 16:49:06.320038,2025-07-03 17:14:59.890065,2025-07-03 17:23:03.900,42.58166666666667,25.892833783333334,27,4,osrm
707,delivered,2025-07-03 16:41:03,2025-07-03 16:58:14.862269,2025-07-03 17:21:14.944138,2025-07-03 17:25:33.300,44.505,23.001364483333337,10,4,osrm
708,delivered,2025-07-03 16:41:44,2025-07-03 16:57:30.688139,2025-07-03 19:08:37.300000,2025-07-03 19:16:03.400,154.32333333333332,131.11019768333333,15,3,osrm
709,delivered,2025-07-03 16:41:19,2025-07-03 16:51:26.581056,2025-07-03 17:21:53.606556,2025-07-03 17:27:03.100,45.735,30.450425,20,4,osrm
710,delivered,2025-07-03 16:41:36,2025-07-03 16:49:22.903242,2025-07-03 17:57:05.433008,2025-07-03 17:53:38.200,72.03666666666666,67.70882943333334,17,2,osrm
711,delivered,2025-07-03 16:41:47,2025-07-03 16:56:41.299620,2025-07-03 16:56:41.299620,2025-07-03 16:59:10.500,17.391666666666666,0.0,16,4,osrm
712,delivered,2025-07-03 16:42:50,2025-07-03 16:56:25.346267,2025-07-03 16:56:25.346267,2025-07-03 16:56:47.500,13.958333333333334,0.0,3,4,osrm
713,delivered,2025-07-03 16:42:28,2025-07-03 16:59:29.874975,2025-07-03 16:59:29.874975,2025-07-03 17:04:42.100,22.235,0.0,6,4,osrm
714,delivered,2025-07-03 16:42:50,2025-07-03 16:52:34.815555,2025-07-03 17:02:40.976135,2025-07-03 17:10:46.800,27.946666666666665,10.102676333333333,28,4,osrm
715,delivered,2025-07-03 16:42:11,2025-07-03 16:54:37.205323,2025-07-03 17:11:12.556758,2025-07-03 17:19:20.100,37.151666666666664,16.589190583333334,22,4,osrm
716,delivered,2025-07-03 16:42:47,2025-07-03 16:58:52.206501,2025-07-03 17:14:14.336472,2025-07-03 17:19:44.600,36.96,15.368832849999999,16,4,osrm
717,delivered,2025-07-03 16:43:44,2025-07-03 16:51:42.176160,2025-07-03 17:02:22.839104,2025-07-03 17:05:08.700,21.41166666666667,10.677715733333335,5,4,osrm
718,delivered,2025-07-03 16:44:45,2025-07-03 16:51:44.608130,2025-07-03 19:25:00.500000,2025-07-03 19:32:58.000,168.21666666666667,153.2648645,2,4,osrm
719,delivered,2025-07-03 16:44:39,2025-07-03 16:59:04.586439,2025-07-03 18:48:58.200000,2025-07-03 18:57:34.100,132.91833333333335,109.89355935,15,4,osrm
720,delivered,2025-07-03 16:45:43,2025-07-03 16:54:17.334533,2025-07-03 16:54:17.334533,2025-07-03 17:03:47.400,18.073333333333334,0.0,25,4,osrm
721,delivered,2025-07-03 16:45:46,2025-07-03 17:02:08.810108,2025-07-03 18:48:58.200000,2025-07-03 18:57:34.100,131.80166666666668,106.82316486666667,15,4,osrm
722,delivered,2025-07-03 16:45:46,2025-07-03 16:51:21.942612,2025-07-03 17:13:38.455654,2025-07-03 17:15:40.700,29.91166666666667,22.275217366666666,23,4,osrm
723,delivered,2025-07-03 16:46:54,2025-07-03 16:55:29.655691,2025-07-03 17:02:41.554597,2025-07-03 17:11:11.200,24.28666666666667,7.1983151,18,4,osrm
724,delivered,2025-07-03 16:46:29,2025-07-03 17:03:12.338526,2025-07-03 17:03:12.338526,2025-07-03 17:06:14.700,19.761666666666667,0.0,10,4,osrm
725,delivered,2025-07-03 16:46:04,2025-07-03 16:54:47.795300,2025-07-03 17:32:54.868927,2025-07-03 17:40:39.200,54.586666666666666,38.117893783333336,3,4,osrm
726,delivered,2025-07-03 16:46:21,2025-07-03 16:59:44.713504,2025-07-03 17:05:48.802127,2025-07-03 17:11:44.400,25.39,6.0681437166666665,8,4,osrm
727,delivered,2025-07-03 16:46:29,2025-07-03 16:59:55.656370,2025-07-03 17:03:58.540443,2025-07-03 17:11:40.700,25.195,4.048067883333333,2,4,osrm
728,delivered,2025-07-03 16:47:13,2025-07-03 17:01:32.062539,2025-07-03 17:05:03.962514,2025-07-03 17:10:39.100,23.435,3.5316662500000002,13,3,osrm
729,delivered,2025-07-03 16:47:32,2025-07-03 16:57:34.304807,2025-07-03 17:13:38.455654,2025-07-03 17:15:40.700,28.145,16.069180783333334,23,4,osrm
730,delivered,2025-07-03 16:47:20,2025-07-03 16:59:01.671939,2025-07-03 17:01:32.062539,2025-07-03 17:13:33.100,26.21833333333333,2.50651,9,4,osrm
731,delivered,2025-07-03 16:47:16,2025-07-03 16:57:28.082836,2025-07-03 17:03:58.540443,2025-07-03 17:11:40.700,24.41166666666667,6.507626783333333,2,4,osrm
732,delivered,2025-07-03 16:47:22,2025-07-03 17:01:35.956507,2025-07-03 19:45:30.700000,2025-07-03 19:52:04.200,184.70333333333335,163.91239155,16,3,osrm
733,delivered,2025-07-03 16:47:54,2025-07-03 17:00:25.678358,2025-07-03 17:24:40.414643,2025-07-03 17:35:11.000,47.28333333333333,24.24560475,18,4,osrm
734,delivered,2025-07-03 16:48:08,2025-07-03 17:01:33.482165,2025-07-03 17:34:33.504064,2025-07-03 17:43:21.000,55.21666666666667,33.000364983333334,26,4,osrm
735,delivered,2025-07-03 16:48:39,2025-07-03 17:05:40.983864,2025-07-03 17:13:53.152771,2025-07-03 17:23:43.800,35.080000000000005,8.202815116666667,25,4,osrm
736,delivered,2025-07-03 16:50:01,2025-07-03 17:05:17.517694,2025-07-03 17:06:48.034436,2025-07-03 17:18:05.200,28.07,1.5086123666666666,21,4,osrm
737,delivered,2025-07-03 16:50:37,2025-07-03 17:02:41.554597,2025-07-03 17:02:41.554597,2025-07-03 17:11:11.200,20.57,0.0,18,4,osrm
738,delivered,2025-07-03 16:50:12,2025-07-03 17:05:30.872154,2025-07-03 17:14:59.890065,2025-07-03 17:23:03.900,32.865,9.48363185,27,4,osrm
739,delivered,2025-07-03 16:50:32,2025-07-03 17:03:58.540443,2025-07-03 17:03:58.540443,2025-07-03 17:11:40.700,21.145,0.0,2,4,osrm
740,delivered,2025-07-03 16:50:15,2025-07-03 17:00:57.102457,2025-07-03 17:03:12.338526,2025-07-03 17:06:14.700,15.995000000000001,2.253934483333333,10,4,osrm
741,delivered,2025-07-03 16:50:01,2025-07-03 17:07:09.849794,2025-07-03 17:07:09.849794,2025-07-03 17:07:46.700,17.761666666666667,0.0,4,4,osrm
742,delivered,2025-07-03 16:51:34,2025-07-03 17:02:32.489634,2025-07-03 18:54:11.500000,2025-07-03 19:00:03.500,128.49166666666667,111.65017276666667,14,3,osrm
743,delivered,2025-07-03 16:51:00,2025-07-03 17:06:52.834221,2025-07-03 17:15:50.506877,2025-07-03 17:23:21.400,32.35666666666667,8.961210933333332,5,4,osrm
744,delivered,2025-07-03 16:51:55,2025-07-03 17:06:33.815038,2025-07-03 17:51:25.705850,2025-07-03 17:58:05.700,66.17833333333333,44.86484686666667,18,4,osrm
745,delivered,2025-07-03 16:52:07,2025-07-03 17:02:40.976135,2025-07-03 17:02:40.976135,2025-07-03 17:10:46.800,18.663333333333334,0.0,28,4,osrm
746,delivered,2025-07-03 16:52:07,2025-07-03 17:05:22.669083,2025-07-03 20:00:14.800000,2025-07-03 20:01:22.000,189.25,174.86884861666667,3,1,osrm
747,delivered,2025-07-03 16:52:31,2025-07-03 17:02:22.839104,2025-07-03 17:06:07.339251,2025-07-03 17:12:39.800,20.146666666666665,3.7416691166666665,1,4,osrm
748,delivered,2025-07-03 16:52:29,2025-07-03 17:10:50.805943,2025-07-03 17:31:38.854774,2025-07-03 17:38:38.700,46.16166666666666,20.80081385,22,4,osrm
749,delivered,2025-07-03 16:52:04,2025-07-03 17:06:10.386383,2025-07-03 18:48:58.200000,2025-07-03 18:57:34.100,125.50166666666668,102.79689361666667,15,4,osrm
750,delivered,2025-07-03 16:53:16,2025-07-03 17:05:56.216939,2025-07-03 19:34:25.000000,2025-07-03 19:39:14.800,165.98,148.47971768333335,22,3,osrm
751,delivered,2025-07-03 16:53:01,2025-07-03 17:06:48.034436,2025-07-03 17:23:37.556971,2025-07-03 17:29:15.700,36.245,16.825375583333333,11,4,osrm
752,delivered,2025-07-03 16:53:11,2025-07-03 17:05:48.802127,2025-07-03 17:05:48.802127,2025-07-03 17:11:44.400,18.55666666666667,0.0,8,4,osrm
753,delivered,2025-07-03 16:54:54,2025-07-03 17:11:12.556758,2025-07-03 17:11:12.556758,2025-07-03 17:19:20.100,24.435,0.0,22,4,osrm
754,delivered,2025-07-03 16:54:07,2025-07-03 17:04:12.112231,2025-07-03 17:41:21.472366,2025-07-03 17:40:05.100,45.968333333333334,37.15600225,25,4,osrm
755,delivered,2025-07-03 16:55:57,2025-07-03 17:06:53.287307,2025-07-03 17:15:55.485749,2025-07-03 17:23:46.100,27.81833333333333,9.0366407,6,4,osrm
756,delivered,2025-07-03 16:55:06,2025-07-03 17:09:18.993389,2025-07-03 17:18:46.505079,2025-07-03 17:22:30.400,27.40666666666667,9.458528166666667,7,4,osrm
757,delivered,2025-07-03 16:55:29,2025-07-03 17:05:56.727005,2025-07-03 17:49:15.900000,2025-07-03 17:55:56.400,60.45666666666667,43.319549916666666,16,4,osrm
758,delivered,2025-07-03 16:55:13,2025-07-03 17:05:58.203208,2025-07-03 17:07:09.849794,2025-07-03 17:07:46.700,12.561666666666667,1.1941097666666667,4,4,osrm
759,delivered,2025-07-03 16:56:18,2025-07-03 17:08:56.851823,2025-07-03 17:27:34.156529,2025-07-03 17:35:00.800,38.71333333333334,18.6217451,9,4,osrm
760,delivered,2025-07-03 16:56:15,2025-07-03 17:01:40.596039,2025-07-03 17:24:24.552035,2025-07-03 17:27:38.000,31.383333333333333,22.732599933333333,4,4,osrm
761,delivered,2025-07-03 16:56:41,2025-07-03 17:07:37.174504,2025-07-03 17:27:34.156529,2025-07-03 17:35:00.800,38.330000000000005,19.949700416666666,9,4,osrm
762,delivered,2025-07-03 16:56:28,2025-07-03 17:05:03.962514,2025-07-03 17:05:03.962514,2025-07-03 17:10:39.100,14.185,0.0,13,3,osrm
763,delivered,2025-07-03 16:56:35,2025-07-03 17:08:42.100294,2025-07-03 17:15:55.485749,2025-07-03 17:23:46.100,27.185,7.223090916666666,6,4,osrm
764,delivered,2025-07-03 16:57:00,2025-07-03 17:05:07.178172,2025-07-03 17:37:09.109684,2025-07-03 17:40:45.900,43.765,32.03219186666667,27,4,osrm
765,delivered,2025-07-03 16:57:50,2025-07-03 17:06:07.339251,2025-07-03 17:24:15.988253,2025-07-03 17:29:26.700,31.611666666666668,18.144150033333336,19,4,osrm
766,delivered,2025-07-03 16:57:35,2025-07-03 17:10:43.853649,2025-07-03 17:31:38.854774,2025-07-03 17:38:38.700,41.06166666666666,20.916685416666667,22,4,osrm
767,delivered,2025-07-03 16:58:34,2025-07-03 17:12:46.409114,2025-07-03 17:23:21.737886,2025-07-03 17:28:23.500,29.825,10.588812866666666,13,4,osrm
768,delivered,2025-07-03 16:58:14,2025-07-03 17:10:45.874155,2025-07-03 17:10:45.874155,2025-07-03 17:17:20.500,19.108333333333334,0.0,3,4,osrm
769,delivered,2025-07-03 16:59:29,2025-07-03 17:11:27.651716,2025-07-03 17:59:21.339636,2025-07-03 18:10:00.700,70.52833333333334,47.89479866666667,23,4,osrm
770,delivered,2025-07-03 16:59:22,2025-07-03 17:11:07.448762,2025-07-03 17:15:50.506877,2025-07-03 17:23:21.400,23.990000000000002,4.71763525,5,4,osrm
771,delivered,2025-07-03 16:59:19,2025-07-03 17:06:51.392247,2025-07-03 17:37:09.690242,2025-07-03 17:42:39.200,43.336666666666666,30.304966583333332,5,4,osrm
772,delivered,2025-07-03 16:59:58,2025-07-03 17:10:41.307635,2025-07-03 19:52:38.100000,2025-07-03 19:55:22.900,175.415,161.94653941666667,22,1,osrm
773,delivered,2025-07-03 16:59:11,2025-07-03 17:07:49.410918,2025-07-03 17:30:15.592114,2025-07-03 17:34:47.500,35.608333333333334,22.436353266666668,21,4,osrm
774,delivered,2025-07-03 17:00:18,2025-07-03 17:15:14.790561,2025-07-03 17:36:33.102445,2025-07-03 17:40:09.100,39.85166666666667,21.305198066666666,17,4,osrm
775,delivered,2025-07-03 17:00:33,2025-07-03 17:09:45.299394,2025-07-03 17:32:54.868927,2025-07-03 17:40:39.200,40.10333333333333,23.159492216666667,3,4,osrm
776,delivered,2025-07-03 17:00:38,2025-07-03 17:15:55.485749,2025-07-03 17:25:56.115559,2025-07-03 17:34:40.100,34.035,10.010496833333333,1,4,osrm
777,delivered,2025-07-03 17:00:20,2025-07-03 17:10:21.189088,2025-07-03 17:59:21.339636,2025-07-03 18:10:00.700,69.67833333333333,49.002509133333334,23,4,osrm
778,delivered,2025-07-03 17:00:47,2025-07-03 17:11:57.944558,2025-07-03 17:42:00.302639,2025-07-03 17:51:26.800,50.663333333333334,30.039301350000002,10,4,osrm
779,delivered,2025-07-03 17:00:05,2025-07-03 17:11:49.498287,2025-07-03 17:13:38.455654,2025-07-03 17:15:40.700,15.595,1.8159561166666667,23,4,osrm
780,delivered,2025-07-03 17:00:12,2025-07-03 17:13:38.455654,2025-07-03 17:13:38.455654,2025-07-03 17:15:40.700,15.478333333333333,0.0,23,4,osrm
781,delivered,2025-07-03 17:00:21,2025-07-03 17:06:37.047978,2025-07-03 17:27:21.737059,2025-07-03 17:32:18.000,31.95,20.744818016666667,8,4,osrm
782,delivered,2025-07-03 17:01:19,2025-07-03 17:17:01.923202,2025-07-03 17:17:42.651843,2025-07-03 17:23:38.500,22.325,0.6788106833333334,17,4,osrm
783,delivered,2025-07-03 17:01:06,2025-07-03 17:15:33.353235,2025-07-03 17:49:15.900000,2025-07-03 17:55:56.400,54.84,33.70911275,16,4,osrm
784,delivered,2025-07-03 17:01:02,2025-07-03 17:06:12.752467,2025-07-03 19:41:52.200000,2025-07-03 19:45:57.700,164.92833333333334,155.65745888333333,6,2,osrm
785,delivered,2025-07-03 17:01:50,2025-07-03 17:17:58.961436,2025-07-03 17:53:54.941790,2025-07-03 18:01:58.200,60.13666666666666,35.9330059,25,3,osrm
786,delivered,2025-07-03 17:02:22,2025-07-03 17:09:59.698366,2025-07-03 17:45:34.870336,2025-07-03 17:53:24.100,51.035,35.5861995,2,4,osrm
787,delivered,2025-07-03 17:02:18,2025-07-03 17:14:59.890065,2025-07-03 17:14:59.890065,2025-07-03 17:23:03.900,20.765,0.0,27,4,osrm
788,delivered,2025-07-03 17:02:37,2025-07-03 17:17:42.651843,2025-07-03 17:17:42.651843,2025-07-03 17:23:38.500,21.025,0.0,17,4,osrm
789,delivered,2025-07-03 17:03:01,2025-07-03 17:14:32.347205,2025-07-03 17:21:53.606556,2025-07-03 17:27:03.100,24.035,7.354322516666667,20,4,osrm
790,delivered,2025-07-03 17:03:53,2025-07-03 17:15:50.506877,2025-07-03 17:15:50.506877,2025-07-03 17:23:21.400,19.473333333333336,0.0,5,4,osrm
791,delivered,2025-07-03 17:03:43,2025-07-03 17:21:22.696209,2025-07-03 19:25:00.500000,2025-07-03 19:32:58.000,149.25,123.63006318333333,2,4,osrm
792,delivered,2025-07-03 17:04:23,2025-07-03 17:16:32.471113,2025-07-03 17:34:15.650683,2025-07-03 17:36:21.800,31.98,17.7196595,12,4,osrm
793,delivered,2025-07-03 17:04:26,2025-07-03 17:14:14.336472,2025-07-03 17:23:37.556971,2025-07-03 17:29:15.700,24.828333333333333,9.387008316666668,11,4,osrm
794,delivered,2025-07-03 17:05:36,2025-07-03 17:13:53.152771,2025-07-03 17:13:53.152771,2025-07-03 17:23:43.800,18.13,0.0,25,4,osrm
795,delivered,2025-07-03 17:05:45,2025-07-03 17:18:01.144261,2025-07-03 17:52:28.207905,2025-07-03 17:56:25.900,50.681666666666665,34.45106073333333,24,4,osrm
796,delivered,2025-07-03 17:06:26,2025-07-03 17:17:09.149469,2025-07-03 17:28:33.367321,2025-07-03 17:33:46.800,27.346666666666668,11.403630866666667,24,4,osrm
797,delivered,2025-07-03 17:06:09,2025-07-03 17:15:20.043172,2025-07-03 18:09:34.891455,2025-07-03 18:18:40.000,72.51666666666667,54.24747138333333,15,4,osrm
798,delivered,2025-07-03 17:06:09,2025-07-03 17:12:53.983784,2025-07-03 17:34:33.504064,2025-07-03 17:43:21.000,37.2,21.658671333333334,26,4,osrm
799,delivered,2025-07-03 17:06:32,2025-07-03 17:19:22.465475,2025-07-03 19:08:41.300000,2025-07-03 19:15:05.800,128.56333333333333,109.31390875000001,5,4,osrm
800,delivered,2025-07-03 17:06:00,2025-07-03 17:21:53.606556,2025-07-03 17:21:53.606556,2025-07-03 17:27:03.100,21.051666666666666,0.0,20,4,osrm
801,delivered,2025-07-03 17:07:12,2025-07-03 17:19:14.327394,2025-07-03 18:14:13.077725,2025-07-03 18:20:01.700,72.82833333333333,54.97917218333334,21,4,osrm
802,delivered,2025-07-03 17:07:38,2025-07-03 17:23:37.556971,2025-07-03 17:23:37.556971,2025-07-03 17:29:15.700,21.628333333333334,0.0,11,4,osrm
803,delivered,2025-07-03 17:07:59,2025-07-03 17:17:09.248925,2025-07-03 17:48:01.616857,2025-07-03 17:49:47.600,41.809999999999995,30.872798866666667,1,3,osrm
804,delivered,2025-07-03 17:07:50,2025-07-03 17:20:11.054614,2025-07-03 17:25:56.115559,2025-07-03 17:34:40.100,26.834999999999997,5.75101575,1,4,osrm
805,delivered,2025-07-03 17:08:24,2025-07-03 17:20:16.453327,2025-07-03 17:24:24.552035,2025-07-03 17:27:38.000,19.233333333333334,4.1349784666666665,4,4,osrm
806,delivered,2025-07-03 17:08:06,2025-07-03 17:21:27.405271,2025-07-03 17:21:27.405271,2025-07-03 17:23:27.300,15.354999999999999,0.0,14,4,osrm
807,delivered,2025-07-03 17:09:32,2025-07-03 17:22:52.186399,2025-07-03 17:24:24.552035,2025-07-03 17:27:38.000,18.1,1.5394272666666666,4,4,osrm
808,delivered,2025-07-03 17:09:32,2025-07-03 17:23:25.779754,2025-07-03 17:33:06.427464,2025-07-03 17:35:41.100,26.151666666666664,9.677461833333332,16,4,osrm
809,delivered,2025-07-03 17:10:03,2025-07-03 17:18:46.505079,2025-07-03 17:24:40.414643,2025-07-03 17:35:11.000,25.133333333333333,5.898492733333333,18,4,osrm
810,delivered,2025-07-03 17:10:25,2025-07-03 17:20:56.438994,2025-07-03 17:58:51.879877,2025-07-03 17:52:46.700,42.361666666666665,37.92401471666667,8,4,osrm
811,delivered,2025-07-03 17:10:49,2025-07-03 17:21:14.944138,2025-07-03 17:36:33.102445,2025-07-03 17:40:09.100,29.334999999999997,15.30263845,17,4,osrm
812,delivered,2025-07-03 17:10:49,2025-07-03 17:24:32.824785,2025-07-03 17:52:12.804540,2025-07-03 17:57:44.800,46.93,27.66632925,11,4,osrm
813,delivered,2025-07-03 17:11:40,2025-07-03 17:24:48.009926,2025-07-03 17:30:15.592114,2025-07-03 17:34:47.500,23.125,5.459703133333333,21,4,osrm
814,delivered,2025-07-03 17:11:33,2025-07-03 17:27:34.156529,2025-07-03 17:35:19.897756,2025-07-03 17:42:01.100,30.46833333333333,7.762353783333333,7,4,osrm
815,delivered,2025-07-03 17:11:56,2025-07-03 17:23:41.684857,2025-07-03 19:08:41.300000,2025-07-03 19:15:05.800,123.16333333333334,104.99358571666667,5,4,osrm
816,delivered,2025-07-03 17:11:34,2025-07-03 17:26:13.884741,2025-07-03 17:37:09.109684,2025-07-03 17:40:45.900,29.198333333333334,10.920415716666668,27,4,osrm
817,delivered,2025-07-03 17:11:46,2025-07-03 17:28:33.367321,2025-07-03 17:37:09.690242,2025-07-03 17:42:39.200,30.886666666666667,8.605382016666665,5,4,osrm
818,delivered,2025-07-03 17:11:28,2025-07-03 17:24:44.919909,2025-07-03 17:27:21.737059,2025-07-03 17:32:18.000,20.833333333333332,2.6136191666666666,8,4,osrm
819,delivered,2025-07-03 17:12:36,2025-07-03 17:26:45.360272,2025-07-03 18:23:43.538594,2025-07-03 18:28:44.600,76.14333333333335,56.969638700000004,6,4,osrm
820,delivered,2025-07-03 17:12:53,2025-07-03 17:23:21.737886,2025-07-03 17:37:09.690242,2025-07-03 17:42:39.200,29.77,13.799205933333333,5,4,osrm
821,delivered,2025-07-03 17:12:24,2025-07-03 17:19:42.357468,2025-07-03 17:27:21.737059,2025-07-03 17:32:18.000,19.9,7.656326516666667,8,4,osrm
822,delivered,2025-07-03 17:12:35,2025-07-03 17:25:56.115559,2025-07-03 17:25:56.115559,2025-07-03 17:34:40.100,22.084999999999997,0.0,1,4,osrm
823,delivered,2025-07-03 17:12:28,2025-07-03 17:25:58.093793,2025-07-03 17:27:34.156529,2025-07-03 17:35:00.800,22.546666666666667,1.6010456,9,4,osrm
824,delivered,2025-07-03 17:13:47,2025-07-03 17:24:24.552035,2025-07-03 17:24:24.552035,2025-07-03 17:27:38.000,13.85,0.0,4,4,osrm
825,delivered,2025-07-03 17:13:39,2025-07-03 17:25:22.910084,2025-07-03 18:02:42.881310,2025-07-03 18:14:09.800,60.513333333333335,37.332853766666666,22,4,osrm
826,delivered,2025-07-03 17:13:41,2025-07-03 17:27:21.737059,2025-07-03 17:27:21.737059,2025-07-03 17:32:18.000,18.616666666666667,0.0,8,4,osrm
827,delivered,2025-07-03 17:14:11,2025-07-03 17:25:42.512393,2025-07-03 17:48:01.616857,2025-07-03 17:49:47.600,35.61,22.318407733333334,1,3,osrm
828,delivered,2025-07-03 17:14:16,2025-07-03 17:25:53.334533,2025-07-03 17:34:33.504064,2025-07-03 17:43:21.000,29.083333333333332,8.669492183333334,26,4,osrm
829,delivered,2025-07-03 17:14:04,2025-07-03 17:26:24.342696,2025-07-03 17:30:15.592114,2025-07-03 17:34:47.500,20.725,3.8541569666666664,21,4,osrm
830,delivered,2025-07-03 17:15:27,2025-07-03 17:24:40.414643,2025-07-03 17:24:40.414643,2025-07-03 17:35:11.000,19.733333333333334,0.0,18,4,osrm
831,delivered,2025-07-03 17:15:22,2025-07-03 17:24:15.988253,2025-07-03 17:36:33.102445,2025-07-03 17:40:09.100,24.785,12.285236533333334,17,4,osrm
832,delivered,2025-07-03 17:16:20,2025-07-03 17:26:21.278225,2025-07-03 17:32:54.868927,2025-07-03 17:40:39.200,24.32,6.559845033333334,3,4,osrm
833,delivered,2025-07-03 17:16:33,2025-07-03 17:23:48.116066,2025-07-03 19:20:39.500000,2025-07-03 19:31:41.500,135.14166666666668,116.8563989,18,4,osrm
834,delivered,2025-07-03 17:16:06,2025-07-03 17:27:44.579320,2025-07-03 17:35:19.897756,2025-07-03 17:42:01.100,25.918333333333333,7.588640600000001,7,4,osrm
835,delivered,2025-07-03 17:16:33,2025-07-03 17:30:15.592114,2025-07-03 17:30:15.592114,2025-07-03 17:34:47.500,18.241666666666667,0.0,21,4,osrm
836,delivered,2025-07-03 17:17:39,2025-07-03 17:32:53.966709,2025-07-03 19:28:09.000000,2025-07-03 19:40:19.300,142.67166666666665,115.25055485,5,4,osrm
837,delivered,2025-07-03 17:17:55,2025-07-03 17:25:51.636753,2025-07-03 17:48:16.941473,2025-07-03 17:50:46.700,32.861666666666665,22.421745333333334,28,4,osrm
838,delivered,2025-07-03 17:17:43,2025-07-03 17:31:50.554587,2025-07-03 17:52:12.804540,2025-07-03 17:57:44.800,40.03,20.37083255,11,4,osrm
839,delivered,2025-07-03 17:17:07,2025-07-03 17:27:03.671454,2025-07-03 17:31:38.854774,2025-07-03 17:38:38.700,21.528333333333332,4.586388666666666,22,4,osrm
840,delivered,2025-07-03 17:17:53,2025-07-03 17:33:06.427464,2025-07-03 17:58:51.879877,2025-07-03 17:52:46.700,34.894999999999996,25.757540216666666,8,4,osrm
841,delivered,2025-07-03 17:17:04,2025-07-03 17:27:42.258219,2025-07-03 17:37:09.109684,2025-07-03 17:40:45.900,23.698333333333334,9.447524416666665,27,4,osrm
842,delivered,2025-07-03 17:18:23,2025-07-03 17:32:27.136528,2025-07-03 18:07:11.486439,2025-07-03 18:17:36.600,59.22666666666667,34.73916518333333,27,4,osrm
843,delivered,2025-07-03 17:19:31,2025-07-03 17:30:00.321329,2025-07-03 18:06:06.565752,2025-07-03 18:15:06.400,55.59,36.10407371666667,7,4,osrm
844,delivered,2025-07-03 17:19:56,2025-07-03 17:34:09.659949,2025-07-03 18:29:25.700000,2025-07-03 18:36:58.600,77.04333333333334,55.26733418333333,21,3,osrm
845,delivered,2025-07-03 17:19:20,2025-07-03 17:32:44.278998,2025-07-03 19:03:56.700000,2025-07-03 19:12:12.300,112.87166666666667,91.2070167,10,4,osrm
846,delivered,2025-07-03 17:19:52,2025-07-03 17:25:20.342206,2025-07-03 19:20:27.800000,2025-07-03 19:26:24.100,126.53500000000001,115.12429656666667,6,2,osrm
847,delivered,2025-07-03 17:20:27,2025-07-03 17:36:38.007723,2025-07-03 18:06:06.565752,2025-07-03 18:15:06.400,54.656666666666666,29.47596715,7,4,osrm
848,delivered,2025-07-03 17:20:42,2025-07-03 17:34:09.141177,2025-07-03 19:44:47.000000,2025-07-03 19:50:07.100,149.41833333333335,130.63098038333334,3,4,osrm
849,delivered,2025-07-03 17:21:30,2025-07-03 17:31:38.854774,2025-07-03 17:31:38.854774,2025-07-03 17:38:38.700,17.145,0.0,22,4,osrm
850,delivered,2025-07-03 17:21:48,2025-07-03 17:36:48.880395,2025-07-03 19:08:41.300000,2025-07-03 19:15:05.800,113.29666666666667,91.87366008333333,5,4,osrm
851,delivered,2025-07-03 17:21:57,2025-07-03 17:28:15.856999,2025-07-03 18:00:44.295518,2025-07-03 18:04:11.500,42.24166666666667,32.47397531666667,21,3,osrm
852,delivered,2025-07-03 17:22:12,2025-07-03 17:34:15.650683,2025-07-03 17:34:15.650683,2025-07-03 17:36:21.800,14.163333333333332,0.0,12,4,osrm
853,delivered,2025-07-03 17:22:03,2025-07-03 17:35:19.897756,2025-07-03 17:35:19.897756,2025-07-03 17:42:01.100,19.96833333333333,0.0,7,4,osrm
854,delivered,2025-07-03 17:22:28,2025-07-03 17:34:24.098847,2025-07-03 17:54:00.974212,2025-07-03 18:03:18.500,40.84166666666667,19.614589416666668,12,4,osrm
855,delivered,2025-07-03 17:22:38,2025-07-03 17:32:29.052750,2025-07-03 19:47:44.200000,2025-07-03 19:59:08.000,156.5,135.25245416666667,18,4,osrm
856,delivered,2025-07-03 17:22:44,2025-07-03 17:37:17.215223,2025-07-03 18:04:22.480196,2025-07-03 18:04:37.200,41.88666666666666,27.08774955,1,4,osrm
857,delivered,2025-07-03 17:23:16,2025-07-03 17:35:43.347411,2025-07-03 17:35:43.347411,2025-07-03 17:38:09.900,14.898333333333333,0.0,6,4,osrm
858,delivered,2025-07-03 17:23:33,2025-07-03 17:32:54.868927,2025-07-03 17:32:54.868927,2025-07-03 17:40:39.200,17.103333333333335,0.0,3,4,osrm
859,delivered,2025-07-03 17:23:01,2025-07-03 17:35:51.331069,2025-07-03 18:28:40.000000,2025-07-03 18:38:32.900,75.53166666666667,52.81114885,5,3,osrm
860,delivered,2025-07-03 17:23:21,2025-07-03 17:34:33.504064,2025-07-03 17:34:33.504064,2025-07-03 17:43:21.000,20.0,0.0,26,4,osrm
861,delivered,2025-07-03 17:23:30,2025-07-03 17:36:56.113268,2025-07-03 19:16:17.100000,2025-07-03 19:23:16.500,119.775,99.34977886666667,7,2,osrm
862,delivered,2025-07-03 17:24:54,2025-07-03 17:41:15.378269,2025-07-03 17:41:21.472366,2025-07-03 17:40:05.100,15.185,0.10156828333333333,25,4,osrm
863,delivered,2025-07-03 17:24:39,2025-07-03 17:34:38.514471,2025-07-03 18:27:13.356360,2025-07-03 18:36:00.700,71.36166666666666,52.580698149999996,28,4,osrm
864,delivered,2025-07-03 17:24:23,2025-07-03 17:35:08.986806,2025-07-03 19:34:25.000000,2025-07-03 19:39:14.800,134.86333333333334,119.26688656666667,22,3,osrm
865,delivered,2025-07-03 17:26:02,2025-07-03 17:36:33.102445,2025-07-03 17:36:33.102445,2025-07-03 17:40:09.100,14.118333333333334,0.0,17,4,osrm
866,delivered,2025-07-03 17:26:58,2025-07-03 17:37:09.109684,2025-07-03 17:37:09.109684,2025-07-03 17:40:45.900,13.798333333333334,0.0,27,4,osrm
867,delivered,2025-07-03 17:26:37,2025-07-03 17:42:00.302639,2025-07-03 17:49:15.900000,2025-07-03 17:55:56.400,29.323333333333334,7.259956016666666,16,4,osrm
868,delivered,2025-07-03 17:27:32,2025-07-03 17:37:30.750304,2025-07-03 18:03:46.579807,2025-07-03 18:07:23.900,39.865,26.263825049999998,19,4,osrm
869,delivered,2025-07-03 17:27:46,2025-07-03 17:33:44.760397,2025-07-03 19:03:56.700000,2025-07-03 19:12:12.300,104.43833333333333,90.19899338333333,10,4,osrm
870,delivered,2025-07-03 17:27:26,2025-07-03 17:43:03.231687,2025-07-03 18:09:34.891455,2025-07-03 18:18:40.000,51.233333333333334,26.527662799999998,15,4,osrm
871,delivered,2025-07-03 17:28:45,2025-07-03 17:38:09.531928,2025-07-03 18:06:06.565752,2025-07-03 18:15:06.400,46.35666666666667,27.950563733333336,7,4,osrm
872,delivered,2025-07-03 17:28:26,2025-07-03 17:37:09.690242,2025-07-03 17:48:16.941473,2025-07-03 17:50:46.700,22.345000000000002,11.12085385,28,4,osrm
873,delivered,2025-07-03 17:29:19,2025-07-03 17:40:01.623387,2025-07-03 18:29:25.700000,2025-07-03 18:36:58.600,67.66,49.40127688333334,21,3,osrm
874,delivered,2025-07-03 17:29:51,2025-07-03 17:42:45.780948,2025-07-03 18:02:42.881310,2025-07-03 18:14:09.800,44.31333333333334,19.9516727,22,4,osrm
875,delivered,2025-07-03 17:30:26,2025-07-03 17:38:29.846568,2025-07-03 18:04:22.480196,2025-07-03 18:05:54.500,35.475,25.877227133333335,13,4,osrm
876,delivered,2025-07-03 17:30:44,2025-07-03 17:38:25.932410,2025-07-03 18:09:34.891455,2025-07-03 18:18:40.000,47.93333333333333,31.14931741666667,15,4,osrm
877,delivered,2025-07-03 17:30:43,2025-07-03 17:40:25.330492,2025-07-03 18:00:08.252467,2025-07-03 18:03:28.600,32.76,19.71536625,29,4,osrm
878,delivered,2025-07-03 17:30:43,2025-07-03 17:42:35.396075,2025-07-03 18:00:44.295518,2025-07-03 18:04:11.500,33.475,18.14832405,21,3,osrm
879,delivered,2025-07-03 17:30:12,2025-07-03 17:41:21.472366,2025-07-03 17:41:21.472366,2025-07-03 17:40:05.100,9.885,0.0,25,4,osrm
880,delivered,2025-07-03 17:30:00,2025-07-03 17:39:19.569352,2025-07-03 19:45:30.700000,2025-07-03 19:52:04.200,142.07000000000002,126.1855108,16,3,osrm
881,delivered,2025-07-03 17:31:20,2025-07-03 17:42:29.438632,2025-07-03 19:28:09.000000,2025-07-03 19:40:19.300,128.98833333333334,105.65935613333333,5,4,osrm
882,delivered,2025-07-03 17:31:53,2025-07-03 17:42:27.086903,2025-07-03 18:16:10.287124,2025-07-03 18:20:45.700,48.87833333333333,33.72000368333333,26,3,osrm
883,delivered,2025-07-03 17:31:47,2025-07-03 17:42:33.209845,2025-07-03 17:54:00.974212,2025-07-03 18:03:18.500,31.525,11.462739449999999,12,4,osrm
884,delivered,2025-07-03 17:31:56,2025-07-03 17:43:17.546295,2025-07-03 19:34:25.000000,2025-07-03 19:39:14.800,127.31333333333333,111.12422841666667,22,3,osrm
885,delivered,2025-07-03 17:31:37,2025-07-03 17:40:23.029872,2025-07-03 18:23:43.538594,2025-07-03 18:28:44.600,57.126666666666665,43.34181203333333,6,4,osrm
886,delivered,2025-07-03 17:32:06,2025-07-03 17:44:11.256167,2025-07-03 17:54:00.974212,2025-07-03 18:03:18.500,31.208333333333332,9.828634083333332,12,4,osrm
887,delivered,2025-07-03 17:32:57,2025-07-03 17:50:50.361627,2025-07-03 18:48:28.400000,2025-07-03 18:58:13.900,85.28166666666667,57.63397288333333,27,4,osrm
888,delivered,2025-07-03 17:33:45,2025-07-03 17:49:49.161366,2025-07-03 17:52:12.804540,2025-07-03 17:57:44.800,23.996666666666666,2.3940528999999997,11,4,osrm
889,delivered,2025-07-03 17:33:05,2025-07-03 17:46:50.619122,2025-07-03 17:52:28.207905,2025-07-03 17:56:25.900,23.348333333333336,5.626479716666666,24,4,osrm
890,delivered,2025-07-03 17:33:31,2025-07-03 17:41:47.692036,2025-07-03 18:14:32.283047,2025-07-03 18:17:51.700,44.345,32.74318351666667,18,4,osrm
891,delivered,2025-07-03 17:33:24,2025-07-03 17:46:59.727093,2025-07-03 18:29:25.700000,2025-07-03 18:36:58.600,63.57666666666667,42.43288178333333,21,3,osrm
892,delivered,2025-07-03 17:34:30,2025-07-03 17:52:28.207905,2025-07-03 18:04:22.480196,2025-07-03 18:04:37.200,30.12,11.904538183333333,1,4,osrm
893,delivered,2025-07-03 17:35:29,2025-07-03 17:46:21.980851,2025-07-03 18:28:40.000000,2025-07-03 18:38:32.900,63.065000000000005,42.30031915,5,3,osrm
894,delivered,2025-07-03 17:36:41,2025-07-03 17:47:27.203276,2025-07-03 17:49:15.900000,2025-07-03 17:55:56.400,19.256666666666668,1.8116120666666666,16,4,osrm
895,delivered,2025-07-03 17:37:33,2025-07-03 17:53:54.941790,2025-07-03 17:53:54.941790,2025-07-03 18:01:58.200,24.42,0.0,25,3,osrm
896,delivered,2025-07-03 17:37:27,2025-07-03 17:45:34.870336,2025-07-03 17:52:28.207905,2025-07-03 17:58:23.800,20.946666666666665,6.888959483333333,20,4,osrm
897,delivered,2025-07-03 17:37:05,2025-07-03 17:48:16.941473,2025-07-03 17:55:27.940477,2025-07-03 18:03:10.300,26.08833333333333,7.183316733333333,3,4,osrm
898,delivered,2025-07-03 17:37:33,2025-07-03 17:54:27.517175,2025-07-03 18:14:32.283047,2025-07-03 18:18:55.500,41.375,20.0794312,4,3,osrm
899,delivered,2025-07-03 17:37:11,2025-07-03 17:56:19.682585,2025-07-03 18:14:32.283047,2025-07-03 18:17:51.700,40.67833333333333,18.210007700000002,18,4,osrm
900,delivered,2025-07-03 17:37:09,2025-07-03 17:48:01.616857,2025-07-03 17:48:01.616857,2025-07-03 17:49:47.600,12.643333333333334,0.0,1,3,osrm
901,delivered,2025-07-03 17:38:42,2025-07-03 17:44:04.511591,2025-07-03 17:59:21.339636,2025-07-03 18:10:00.700,31.311666666666667,15.280467416666665,23,4,osrm
902,delivered,2025-07-03 17:38:15,2025-07-03 17:54:00.974212,2025-07-03 17:54:00.974212,2025-07-03 18:03:18.500,25.058333333333334,0.0,12,4,osrm
903,delivered,2025-07-03 17:40:47,2025-07-03 17:52:12.804540,2025-07-03 17:52:12.804540,2025-07-03 17:57:44.800,16.96333333333333,0.0,11,4,osrm
904,delivered,2025-07-03 17:40:01,2025-07-03 17:50:03.330148,2025-07-03 17:53:54.941790,2025-07-03 18:01:58.200,21.953333333333333,3.8601940333333333,25,3,osrm
905,delivered,2025-07-03 17:40:05,2025-07-03 17:51:25.705850,2025-07-03 18:07:11.486439,2025-07-03 18:17:36.600,37.526666666666664,15.763009816666665,27,4,osrm
906,delivered,2025-07-03 17:40:57,2025-07-03 17:50:29.534856,2025-07-03 18:14:12.401846,2025-07-03 18:17:16.700,36.32833333333333,23.714449833333333,24,4,osrm
907,delivered,2025-07-03 17:40:27,2025-07-03 17:58:51.879877,2025-07-03 18:04:22.480196,2025-07-03 18:05:54.500,25.458333333333332,5.510005316666667,13,4,osrm
908,delivered,2025-07-03 17:40:30,2025-07-03 17:50:17.442587,2025-07-03 18:15:45.420525,2025-07-03 18:14:54.600,34.41,25.466298966666667,10,4,osrm
909,delivered,2025-07-03 17:40:43,2025-07-03 17:51:36.335550,2025-07-03 18:14:12.401846,2025-07-03 18:17:16.700,36.56166666666666,22.601104933333332,24,4,osrm
910,delivered,2025-07-03 17:40:55,2025-07-03 17:55:27.940477,2025-07-03 18:03:46.579807,2025-07-03 18:07:23.900,26.48166666666667,8.3106555,19,4,osrm
911,delivered,2025-07-03 17:40:00,2025-07-03 17:53:17.634204,2025-07-03 17:58:51.879877,2025-07-03 17:52:46.700,12.778333333333334,5.570761216666667,8,4,osrm
912,delivered,2025-07-03 17:42:01,2025-07-03 17:53:21.539071,2025-07-03 18:02:42.881310,2025-07-03 18:14:09.800,32.14666666666667,9.355703983333333,22,4,osrm
913,delivered,2025-07-03 17:43:23,2025-07-03 17:50:51.633133,2025-07-03 18:52:49.600000,2025-07-03 19:02:00.500,78.625,61.96611445,23,3,osrm
914,delivered,2025-07-03 17:43:35,2025-07-03 17:57:05.433008,2025-07-03 17:57:05.433008,2025-07-03 17:53:38.200,10.053333333333335,0.0,17,2,osrm
915,delivered,2025-07-03 17:45:44,2025-07-03 17:58:51.810658,2025-07-03 18:22:40.140648,2025-07-03 18:29:57.100,44.218333333333334,23.805499833333332,19,3,osrm
916,delivered,2025-07-03 17:46:52,2025-07-03 18:00:44.295518,2025-07-03 18:00:44.295518,2025-07-03 18:04:11.500,17.325,0.0,21,3,osrm
917,delivered,2025-07-03 17:46:05,2025-07-03 18:00:08.252467,2025-07-03 18:15:45.420525,2025-07-03 18:14:54.600,28.826666666666664,15.619467633333333,10,4,osrm
918,delivered,2025-07-03 17:47:20,2025-07-03 18:00:38.364023,2025-07-03 19:20:39.500000,2025-07-03 19:31:41.500,104.35833333333333,80.01893294999999,18,4,osrm
919,delivered,2025-07-03 17:47:02,2025-07-03 18:06:06.565752,2025-07-03 18:06:06.565752,2025-07-03 18:15:06.400,28.073333333333334,0.0,7,4,osrm
920,delivered,2025-07-03 17:47:44,2025-07-03 17:57:30.182984,2025-07-03 19:52:33.400000,2025-07-03 19:55:16.400,127.53999999999999,115.05361693333333,5,1,osrm
921,delivered,2025-07-03 17:48:32,2025-07-03 18:00:25.839523,2025-07-03 18:14:32.283047,2025-07-03 18:17:51.700,29.328333333333333,14.107392066666668,18,4,osrm
922,delivered,2025-07-03 17:49:25,2025-07-03 17:58:03.979167,2025-07-03 18:16:10.287124,2025-07-03 18:20:45.700,31.345000000000002,18.105132616666666,26,3,osrm
923,delivered,2025-07-03 17:49:31,2025-07-03 18:01:08.954834,2025-07-03 18:48:33.538258,2025-07-03 18:57:03.400,67.54,47.40972373333333,2,3,osrm
924,delivered,2025-07-03 17:49:04,2025-07-03 18:04:22.480196,2025-07-03 18:10:41.595004,2025-07-03 18:20:00.700,30.945,6.318580133333333,16,4,osrm
925,delivered,2025-07-03 17:50:01,2025-07-03 17:59:21.339636,2025-07-03 17:59:21.339636,2025-07-03 18:10:00.700,19.995,0.0,23,4,osrm
926,delivered,2025-07-03 17:50:05,2025-07-03 18:02:42.881310,2025-07-03 18:15:11.621615,2025-07-03 18:20:31.800,30.446666666666665,12.479005083333334,12,4,osrm
927,delivered,2025-07-03 17:51:09,2025-07-03 17:59:50.758496,2025-07-03 18:34:29.800000,2025-07-03 18:42:34.300,51.42166666666667,34.65069173333333,14,4,osrm
928,delivered,2025-07-03 17:52:40,2025-07-03 18:07:11.486439,2025-07-03 18:32:08.539474,2025-07-03 18:34:59.200,42.32,24.950883916666665,20,4,osrm
929,delivered,2025-07-03 17:52:46,2025-07-03 18:03:46.579807,2025-07-03 18:03:46.579807,2025-07-03 18:07:23.900,14.631666666666666,0.0,19,4,osrm
930,delivered,2025-07-03 17:53:07,2025-07-03 18:03:13.631119,2025-07-03 18:33:40.400000,2025-07-03 18:37:21.800,44.24666666666667,30.446148016666665,9,2,osrm
931,delivered,2025-07-03 17:53:39,2025-07-03 18:03:04.929074,2025-07-03 18:31:03.500000,2025-07-03 18:35:28.100,41.818333333333335,27.976182100000003,15,2,osrm
932,delivered,2025-07-03 17:54:44,2025-07-03 18:04:39.455975,2025-07-03 19:51:35.600000,2025-07-03 19:53:43.000,118.98333333333333,106.93573375,10,1,osrm
933,delivered,2025-07-03 17:54:10,2025-07-03 18:07:48.735272,2025-07-03 18:19:33.400000,2025-07-03 18:23:55.600,29.759999999999998,11.744412133333332,9,4,osrm
934,delivered,2025-07-03 17:55:54,2025-07-03 18:07:49.400175,2025-07-03 18:34:38.100000,2025-07-03 18:41:04.900,45.181666666666665,26.811663749999997,17,4,osrm
935,delivered,2025-07-03 17:56:42,2025-07-03 18:09:08.991568,2025-07-03 19:47:44.200000,2025-07-03 19:59:08.000,122.43333333333334,98.58680720000001,18,4,osrm
936,delivered,2025-07-03 17:56:53,2025-07-03 18:10:18.718629,2025-07-03 18:28:11.733203,2025-07-03 18:34:20.000,37.45,17.883576233333333,10,4,osrm
937,delivered,2025-07-03 17:56:52,2025-07-03 18:10:12.059188,2025-07-03 18:10:12.059188,2025-07-03 18:09:58.800,13.113333333333333,0.0,17,4,osrm
938,delivered,2025-07-03 17:57:53,2025-07-03 18:14:13.077725,2025-07-03 18:27:13.356360,2025-07-03 18:36:00.700,38.12833333333333,13.004643916666668,28,4,osrm
939,delivered,2025-07-03 17:58:08,2025-07-03 18:10:06.669078,2025-07-03 18:51:38.000000,2025-07-03 19:01:35.300,63.455000000000005,41.52218203333334,1,4,osrm
940,delivered,2025-07-03 17:58:06,2025-07-03 18:14:32.283047,2025-07-03 18:14:32.283047,2025-07-03 18:17:51.700,19.761666666666667,0.0,18,4,osrm
941,delivered,2025-07-03 17:59:58,2025-07-03 18:13:40.573516,2025-07-03 19:41:52.200000,2025-07-03 19:45:57.700,105.99499999999999,88.19377473333334,6,2,osrm
942,delivered,2025-07-03 17:59:42,2025-07-03 18:11:42.667339,2025-07-03 18:48:28.400000,2025-07-03 18:58:13.900,58.531666666666666,36.76221101666667,27,4,osrm
943,delivered,2025-07-03 18:00:07,2025-07-03 18:15:45.420525,2025-07-03 18:15:45.420525,2025-07-03 18:14:54.600,14.793333333333333,0.0,10,4,osrm
944,delivered,2025-07-03 18:00:07,2025-07-03 18:14:12.401846,2025-07-03 18:14:12.401846,2025-07-03 18:17:16.700,17.16166666666667,0.0,24,4,osrm
945,delivered,2025-07-03 18:00:24,2025-07-03 18:09:34.891455,2025-07-03 18:09:34.891455,2025-07-03 18:18:40.000,18.266666666666666,0.0,15,4,osrm
946,delivered,2025-07-03 18:00:51,2025-07-03 18:08:52.548872,2025-07-03 18:56:12.300000,2025-07-03 18:58:53.900,58.04833333333333,47.329185466666665,25,1,osrm
947,delivered,2025-07-03 18:00:55,2025-07-03 18:10:41.595004,2025-07-03 18:27:13.356360,2025-07-03 18:36:00.700,35.095,16.52935593333333,28,4,osrm
948,delivered,2025-07-03 18:01:29,2025-07-03 18:08:53.556336,2025-07-03 18:41:06.600000,2025-07-03 18:47:52.400,46.39,32.2173944,6,3,osrm
949,delivered,2025-07-03 18:01:31,2025-07-03 18:15:43.945219,2025-07-03 18:34:38.100000,2025-07-03 18:41:04.900,39.565000000000005,18.902579683333332,17,4,osrm
950,delivered,2025-07-03 18:02:57,2025-07-03 18:15:43.225511,2025-07-03 18:19:33.400000,2025-07-03 18:23:55.600,20.976666666666667,3.836241483333333,9,4,osrm
951,delivered,2025-07-03 18:02:22,2025-07-03 18:09:55.931916,2025-07-03 18:14:32.283047,2025-07-03 18:18:55.500,16.558333333333334,4.605852183333334,4,3,osrm
952,delivered,2025-07-03 18:02:40,2025-07-03 18:15:11.621615,2025-07-03 18:23:43.538594,2025-07-03 18:28:44.600,26.076666666666664,8.53194965,6,4,osrm
953,delivered,2025-07-03 18:02:16,2025-07-03 18:10:50.582060,2025-07-03 19:44:47.000000,2025-07-03 19:50:07.100,107.85166666666667,93.94029900000001,3,4,osrm
954,delivered,2025-07-03 18:03:51,2025-07-03 18:14:16.513676,2025-07-03 18:28:40.000000,2025-07-03 18:38:32.900,34.69833333333334,14.391438733333333,5,3,osrm
955,delivered,2025-07-03 18:04:22,2025-07-03 18:16:10.287124,2025-07-03 18:16:10.287124,2025-07-03 18:20:45.700,16.395,0.0,26,3,osrm
956,delivered,2025-07-03 18:04:38,2025-07-03 18:14:44.416590,2025-07-03 18:33:25.654571,2025-07-03 18:44:15.400,39.623333333333335,18.687299683333332,23,4,osrm
957,delivered,2025-07-03 18:04:00,2025-07-03 18:18:22.418656,2025-07-03 18:41:06.600000,2025-07-03 18:47:52.400,43.873333333333335,22.736355733333333,6,3,osrm
958,delivered,2025-07-03 18:05:50,2025-07-03 18:22:12.510193,2025-07-03 18:31:03.500000,2025-07-03 18:35:28.100,29.634999999999998,8.849830116666668,15,2,osrm
959,delivered,2025-07-03 18:06:08,2025-07-03 18:17:49.153431,2025-07-03 18:57:47.400000,2025-07-03 19:09:08.200,63.00333333333333,39.97077615,17,4,osrm
960,delivered,2025-07-03 18:06:28,2025-07-03 18:22:36.843301,2025-07-03 19:43:06.100000,2025-07-03 19:52:11.000,105.71666666666667,80.48761164999999,25,2,osrm
961,delivered,2025-07-03 18:07:33,2025-07-03 18:18:03.862408,2025-07-03 18:28:11.733203,2025-07-03 18:34:20.000,26.783333333333335,10.131179916666667,10,4,osrm
962,delivered,2025-07-03 18:08:15,2025-07-03 18:16:35.245896,2025-07-03 18:34:29.800000,2025-07-03 18:42:34.300,34.32166666666667,17.909235066666668,14,4,osrm
963,delivered,2025-07-03 18:08:43,2025-07-03 18:22:40.140648,2025-07-03 18:34:29.800000,2025-07-03 18:42:34.300,33.855,11.827655866666667,14,4,osrm
964,delivered,2025-07-03 18:09:59,2025-07-03 18:20:06.144272,2025-07-03 18:34:29.800000,2025-07-03 18:42:34.300,32.58833333333333,14.394262133333333,14,4,osrm
965,delivered,2025-07-03 18:09:13,2025-07-03 18:24:57.521413,2025-07-03 18:34:38.100000,2025-07-03 18:41:04.900,31.865000000000002,9.676309783333332,17,4,osrm
966,delivered,2025-07-03 18:10:28,2025-07-03 18:29:32.359707,2025-07-03 19:03:56.700000,2025-07-03 19:12:12.300,61.73833333333334,34.40567155,10,4,osrm
967,delivered,2025-07-03 18:10:20,2025-07-03 18:17:14.933360,2025-07-03 18:46:57.616321,2025-07-03 18:55:08.300,44.805,29.711382683333333,18,4,osrm
968,delivered,2025-07-03 18:10:11,2025-07-03 18:23:43.538594,2025-07-03 18:23:43.538594,2025-07-03 18:28:44.600,18.56,0.0,6,4,osrm
969,delivered,2025-07-03 18:11:04,2025-07-03 18:23:36.128772,2025-07-03 18:39:06.900000,2025-07-03 18:45:24.800,34.34666666666667,15.512853799999998,19,2,osrm
970,delivered,2025-07-03 18:11:53,2025-07-03 18:25:36.668854,2025-07-03 19:45:30.700000,2025-07-03 19:52:04.200,100.18666666666667,79.90051910000001,16,3,osrm
971,delivered,2025-07-03 18:14:48,2025-07-03 18:27:27.086133,2025-07-03 18:41:06.600000,2025-07-03 18:47:52.400,33.07333333333334,13.65856445,6,3,osrm
972,delivered,2025-07-03 18:14:53,2025-07-03 18:29:43.654335,2025-07-03 19:25:00.500000,2025-07-03 19:32:58.000,78.08333333333333,55.28076108333333,2,4,osrm
973,delivered,2025-07-03 18:15:55,2025-07-03 18:27:13.356360,2025-07-03 18:44:36.500000,2025-07-03 18:48:17.000,32.36666666666667,17.38572733333333,20,1,osrm
974,delivered,2025-07-03 18:15:41,2025-07-03 18:25:13.644888,2025-07-03 18:55:57.500000,2025-07-03 19:05:53.100,50.20166666666667,30.730918533333334,19,4,osrm
975,delivered,2025-07-03 18:16:59,2025-07-03 18:26:56.439215,2025-07-03 19:47:03.300000,2025-07-03 19:54:32.100,97.55166666666668,80.11434641666666,17,3,osrm
976,delivered,2025-07-03 18:17:28,2025-07-03 18:28:11.733203,2025-07-03 18:46:57.616321,2025-07-03 18:55:08.300,37.67166666666667,18.764718633333334,18,4,osrm
977,delivered,2025-07-03 18:17:10,2025-07-03 18:32:08.539474,2025-07-03 18:32:08.539474,2025-07-03 18:39:39.300,22.488333333333333,0.0,4,4,osrm
978,delivered,2025-07-03 18:18:43,2025-07-03 18:35:41.057690,2025-07-03 18:52:49.600000,2025-07-03 19:02:00.500,43.291666666666664,17.142371833333335,23,3,osrm
979,delivered,2025-07-03 18:19:01,2025-07-03 18:25:11.626122,2025-07-03 18:33:40.400000,2025-07-03 18:37:21.800,18.346666666666668,8.479564633333334,9,2,osrm
980,delivered,2025-07-03 18:21:58,2025-07-03 18:27:51.766381,2025-07-03 19:47:03.300000,2025-07-03 19:54:32.100,92.56833333333334,79.19222698333333,17,3,osrm
981,delivered,2025-07-03 18:22:46,2025-07-03 18:34:23.258839,2025-07-03 18:48:58.200000,2025-07-03 18:57:34.100,34.80166666666666,14.582352683333333,15,4,osrm
982,delivered,2025-07-03 18:23:16,2025-07-03 18:33:25.654571,2025-07-03 18:50:57.500000,2025-07-03 18:57:42.200,34.43666666666666,17.53075715,29,3,osrm
983,delivered,2025-07-03 18:24:57,2025-07-03 18:38:19.327711,2025-07-03 19:11:51.400000,2025-07-03 19:18:50.800,53.89666666666667,33.534538149999996,3,3,osrm
984,delivered,2025-07-03 18:24:24,2025-07-03 18:30:39.118359,2025-07-03 18:34:38.100000,2025-07-03 18:41:04.900,16.681666666666665,3.98302735,17,4,osrm
985,delivered,2025-07-03 18:26:15,2025-07-03 18:38:18.984805,2025-07-03 19:08:37.300000,2025-07-03 19:16:03.400,49.806666666666665,30.30525325,15,3,osrm
986,delivered,2025-07-03 18:26:33,2025-07-03 18:38:23.774826,2025-07-03 19:47:44.200000,2025-07-03 19:59:08.000,92.58333333333333,69.34041956666667,18,4,osrm
987,delivered,2025-07-03 18:26:00,2025-07-03 18:35:51.621062,2025-07-03 18:48:28.400000,2025-07-03 18:58:13.900,32.23166666666667,12.6129823,27,4,osrm
988,delivered,2025-07-03 18:27:40,2025-07-03 18:39:23.454849,2025-07-03 19:08:41.500000,2025-07-03 19:14:38.700,46.97833333333333,29.300752516666666,2,2,osrm
989,delivered,2025-07-03 18:27:49,2025-07-03 18:40:46.258388,2025-07-03 18:55:57.500000,2025-07-03 19:05:53.100,38.068333333333335,15.1873602,19,4,osrm
990,delivered,2025-07-03 18:28:28,2025-07-03 18:46:57.616321,2025-07-03 18:55:57.500000,2025-07-03 19:05:53.100,37.41833333333333,8.998061316666668,19,4,osrm
991,delivered,2025-07-03 18:29:46,2025-07-03 18:46:48.459932,2025-07-03 18:55:57.500000,2025-07-03 19:05:53.100,36.11833333333333,9.1506678,19,4,osrm
992,delivered,2025-07-03 18:29:26,2025-07-03 18:40:34.129150,2025-07-03 19:08:41.500000,2025-07-03 19:14:38.700,45.211666666666666,28.1228475,2,2,osrm
993,delivered,2025-07-03 18:32:14,2025-07-03 18:52:27.453726,2025-07-03 19:20:39.500000,2025-07-03 19:31:41.500,59.458333333333336,28.200771233333334,18,4,osrm
994,delivered,2025-07-03 18:32:49,2025-07-03 18:49:43.927096,2025-07-03 18:51:38.000000,2025-07-03 19:01:35.300,28.771666666666665,1.9012150666666665,1,4,osrm
995,delivered,2025-07-03 18:33:54,2025-07-03 18:38:54.000000,2025-07-03 19:03:56.700000,2025-07-03 19:12:12.300,38.305,25.045,10,4,osrm
996,delivered,2025-07-03 18:33:33,2025-07-03 18:43:24.484812,2025-07-03 18:48:33.538258,2025-07-03 18:57:03.400,23.506666666666668,5.150890766666667,2,3,osrm
997,delivered,2025-07-03 18:36:31,2025-07-03 18:49:52.826808,2025-07-03 18:52:49.600000,2025-07-03 19:02:00.500,25.491666666666667,2.9462198666666666,23,3,osrm
998,delivered,2025-07-03 18:36:09,2025-07-03 18:48:33.538258,2025-07-03 18:48:33.538258,2025-07-03 18:57:03.400,20.90666666666667,0.0,2,3,osrm
999,delivered,2025-07-03 18:42:12,2025-07-03 18:54:49.416733,2025-07-03 19:23:57.300000,2025-07-03 19:28:33.700,46.361666666666665,29.13138778333333,20,1,osrm
1000,delivered,2025-07-03 18:44:15,2025-07-03 18:53:01.528760,2025-07-03 18:54:11.500000,2025-07-03 19:00:03.500,15.808333333333334,1.1661873333333332,14,3,osrm
1001,delivered,2025-07-03 18:45:36,2025-07-03 18:58:27.497576,2025-07-03 19:08:37.300000,2025-07-03 19:16:03.400,30.456666666666667,10.163373733333334,15,3,osrm
1002,delivered,2025-07-03 18:46:10,2025-07-03 19:04:31.070930,2025-07-03 19:08:41.300000,2025-07-03 19:15:05.800,28.93,4.1704845,5,4,osrm
1003,delivered,2025-07-03 18:49:11,2025-07-03 19:05:44.538219,2025-07-03 19:16:17.100000,2025-07-03 19:23:16.500,34.09166666666667,10.54269635,7,2,osrm
1004,delivered,2025-07-03 18:49:40,2025-07-03 18:58:46.631687,2025-07-03 19:20:39.500000,2025-07-03 19:31:41.500,42.025,21.88113855,18,4,osrm
1005,delivered,2025-07-03 18:50:22,2025-07-03 19:02:43.583722,2025-07-03 19:33:49.100000,2025-07-03 19:39:40.100,49.30166666666666,31.091937966666666,21,2,osrm
1006,delivered,2025-07-03 18:50:32,2025-07-03 19:05:30.784800,2025-07-03 19:28:09.000000,2025-07-03 19:40:19.300,49.788333333333334,22.63692,5,4,osrm
1007,delivered,2025-07-03 18:50:55,2025-07-03 19:04:00.040265,2025-07-03 19:28:21.000000,2025-07-03 19:29:47.800,38.88,24.349328916666664,24,1,osrm
1008,delivered,2025-07-03 18:52:18,2025-07-03 19:05:51.047014,2025-07-03 19:27:55.500000,2025-07-03 19:32:06.100,39.80166666666666,22.074216433333333,25,1,osrm
1009,delivered,2025-07-03 18:54:10,2025-07-03 19:05:39.634913,2025-07-03 19:20:27.800000,2025-07-03 19:26:24.100,32.235,14.802751449999999,6,2,osrm
1010,delivered,2025-07-03 18:56:54,2025-07-03 19:11:32.748284,2025-07-03 19:40:16.100000,2025-07-03 19:43:07.100,46.218333333333334,28.722528599999997,8,1,osrm
1011,delivered,2025-07-03 18:59:11,2025-07-03 19:12:28.616745,2025-07-03 19:33:49.100000,2025-07-03 19:39:40.100,40.485,21.341387583333336,21,2,osrm
