order_id,status,placement_time,ready_time,pickup_time,delivery_time,click_to_door,ready_to_pickup,courier_id,bundle_size,routing_source
0,delivered,2025-07-03 08:00:59,2025-07-03 08:06:04.793462,2025-07-03 08:25:53.897729,2025-07-03 08:32:30.100,31.51833333333333,19.81840445,36,4,osrm
1,delivered,2025-07-03 08:00:14,2025-07-03 08:13:38.675750,2025-07-03 08:15:38.700000,2025-07-03 08:18:05.500,17.858333333333334,2.0004041666666668,22,1,osrm
2,delivered,2025-07-03 08:00:15,2025-07-03 08:13:29.868723,2025-07-03 08:15:39.100000,2025-07-03 08:18:54.300,18.654999999999998,2.1538546166666666,23,1,osrm
3,delivered,2025-07-03 08:00:58,2025-07-03 08:10:35.806086,2025-07-03 08:16:10.300000,2025-07-03 08:19:04.000,18.1,5.574898566666667,17,1,osrm
4,delivered,2025-07-03 08:00:09,2025-07-03 08:14:03.027232,2025-07-03 08:15:37.500000,2025-07-03 08:19:12.500,19.058333333333334,1.5745461333333333,19,1,osrm
5,delivered,2025-07-03 08:01:02,2025-07-03 08:14:39.070698,2025-07-03 08:15:53.700000,2025-07-03 08:19:47.100,18.751666666666665,1.2438217,16,1,osrm
6,delivered,2025-07-03 08:01:47,2025-07-03 08:15:03.142374,2025-07-03 08:15:44.400000,2025-07-03 08:17:59.800,16.21333333333333,0.6876271,18,1,osrm
7,delivered,2025-07-03 08:01:53,2025-07-03 08:14:50.301678,2025-07-03 08:15:37.500000,2025-07-03 08:19:11.500,17.308333333333334,0.7866386999999999,20,1,osrm
8,delivered,2025-07-03 08:02:05,2025-07-03 08:16:58.073655,2025-07-03 08:19:29.100000,2025-07-03 08:20:50.900,18.765,2.51710575,5,1,osrm
9,delivered,2025-07-03 08:03:57,2025-07-03 08:14:27.679399,2025-07-03 08:14:41.300000,2025-07-03 08:16:05.800,12.146666666666667,0.22701001666666668,1,1,osrm
10,delivered,2025-07-03 08:04:10,2025-07-03 08:21:21.295143,2025-07-03 08:26:22.200000,2025-07-03 08:29:51.700,25.695,5.01508095,37,1,osrm
11,delivered,2025-07-03 08:04:44,2025-07-03 08:16:46.159424,2025-07-03 08:38:53.277045,2025-07-03 08:40:37.400,35.89,22.118627016666668,25,3,osrm
12,delivered,2025-07-03 08:05:05,2025-07-03 08:22:04.257777,2025-07-03 08:45:38.163010,2025-07-03 08:44:52.100,39.785,23.565087216666665,2,4,osrm
13,delivered,2025-07-03 08:05:08,2025-07-03 08:19:18.460993,2025-07-03 08:47:13.658212,2025-07-03 08:44:47.300,39.655,27.91995365,26,4,osrm
14,delivered,2025-07-03 08:06:14,2025-07-03 08:18:15.801963,2025-07-03 08:20:42.000000,2025-07-03 08:24:50.700,18.611666666666668,2.43663395,14,1,osrm
15,delivered,2025-07-03 08:07:14,2025-07-03 08:25:46.952563,2025-07-03 08:35:04.909836,2025-07-03 08:39:48.400,32.57333333333334,9.299287883333333,5,3,osrm
16,delivered,2025-07-03 08:07:21,2025-07-03 08:17:56.570328,2025-07-03 08:45:28.130959,2025-07-03 08:42:43.800,35.38,27.526010516666666,11,3,osrm
17,delivered,2025-07-03 08:08:15,2025-07-03 08:16:12.801108,2025-07-03 08:17:42.500000,2025-07-03 08:21:03.100,12.801666666666668,1.4949815333333334,7,1,osrm
18,delivered,2025-07-03 08:08:51,2025-07-03 08:22:26.155734,2025-07-03 08:46:16.292267,2025-07-03 08:49:27.100,40.60166666666667,23.835608883333336,15,3,osrm
19,delivered,2025-07-03 08:09:23,2025-07-03 08:20:18.006299,2025-07-03 08:37:42.700000,2025-07-03 08:41:58.000,32.583333333333336,17.411561683333332,10,4,osrm
20,delivered,2025-07-03 08:09:56,2025-07-03 08:21:05.366719,2025-07-03 08:40:21.800000,2025-07-03 08:48:00.400,38.07333333333334,19.273888016666668,17,4,osrm
21,delivered,2025-07-03 08:09:42,2025-07-03 08:20:06.562753,2025-07-03 08:38:29.700000,2025-07-03 08:46:00.100,36.30166666666666,18.38562078333333,20,3,osrm
22,delivered,2025-07-03 08:09:33,2025-07-03 08:24:21.822675,2025-07-03 08:40:21.800000,2025-07-03 08:48:00.400,38.45666666666667,15.999622083333332,17,4,osrm
23,delivered,2025-07-03 08:09:50,2025-07-03 08:23:29.903607,2025-07-03 08:32:52.600000,2025-07-03 08:35:00.000,25.166666666666668,9.378273216666665,40,1,osrm
24,delivered,2025-07-03 08:10:33,2025-07-03 08:22:32.396167,2025-07-03 08:24:06.207052,2025-07-03 08:29:55.800,19.38,1.56351475,3,2,osrm
25,delivered,2025-07-03 08:10:36,2025-07-03 08:16:39.069383,2025-07-03 08:38:42.321270,2025-07-03 08:43:22.600,32.776666666666664,22.054198116666665,30,4,osrm
26,delivered,2025-07-03 08:10:28,2025-07-03 08:25:53.897729,2025-07-03 08:25:53.897729,2025-07-03 08:32:30.100,22.035,0.0,36,4,osrm
27,delivered,2025-07-03 08:10:43,2025-07-03 08:23:32.738841,2025-07-03 08:25:53.897729,2025-07-03 08:32:30.100,21.785,2.352648133333333,36,4,osrm
28,delivered,2025-07-03 08:10:24,2025-07-03 08:17:42.002256,2025-07-03 08:34:36.052157,2025-07-03 08:38:54.700,28.511666666666667,16.900831683333333,7,4,osrm
29,delivered,2025-07-03 08:11:21,2025-07-03 08:21:24.128843,2025-07-03 08:45:03.103560,2025-07-03 08:45:24.700,34.06166666666667,23.649578616666666,3,4,osrm
30,delivered,2025-07-03 08:11:46,2025-07-03 08:21:13.217166,2025-07-03 08:22:50.000000,2025-07-03 08:25:31.800,13.763333333333332,1.6130472333333332,28,1,osrm
31,delivered,2025-07-03 08:11:11,2025-07-03 08:24:33.020922,2025-07-03 08:45:30.959125,2025-07-03 08:49:20.900,38.165,20.965636716666666,37,3,osrm
32,delivered,2025-07-03 08:12:27,2025-07-03 08:20:54.833984,2025-07-03 08:38:58.447712,2025-07-03 08:43:56.900,31.498333333333335,18.0602288,21,2,osrm
33,delivered,2025-07-03 08:12:27,2025-07-03 08:25:21.481946,2025-07-03 08:25:53.897729,2025-07-03 08:32:30.100,20.051666666666666,0.54026305,36,4,osrm
34,delivered,2025-07-03 08:13:41,2025-07-03 08:25:53.277719,2025-07-03 08:46:45.734891,2025-07-03 08:48:25.600,34.74333333333333,20.874286199999997,9,2,osrm
35,delivered,2025-07-03 08:13:54,2025-07-03 08:20:39.562449,2025-07-03 08:22:52.700000,2025-07-03 08:24:58.200,11.07,2.2189591833333333,35,1,osrm
36,delivered,2025-07-03 08:13:32,2025-07-03 08:22:24.659031,2025-07-03 08:35:04.909836,2025-07-03 08:39:48.400,26.273333333333333,12.67084675,5,3,osrm
37,delivered,2025-07-03 08:13:46,2025-07-03 08:27:37.091288,2025-07-03 08:47:54.559760,2025-07-03 08:46:15.800,32.49666666666666,20.291141200000002,22,4,osrm
38,delivered,2025-07-03 08:13:06,2025-07-03 08:26:23.486960,2025-07-03 08:38:29.700000,2025-07-03 08:46:00.100,32.901666666666664,12.103550666666667,20,3,osrm
39,delivered,2025-07-03 08:14:33,2025-07-03 08:28:29.311426,2025-07-03 08:42:08.436621,2025-07-03 08:45:07.600,30.576666666666664,13.652086583333332,39,4,osrm
40,delivered,2025-07-03 08:14:19,2025-07-03 08:25:21.762586,2025-07-03 08:31:08.700000,2025-07-03 08:34:40.000,20.35,5.782290233333333,9,1,osrm
41,delivered,2025-07-03 08:14:19,2025-07-03 08:29:01.439454,2025-07-03 08:38:42.321270,2025-07-03 08:43:22.600,29.06,9.6813636,30,4,osrm
42,delivered,2025-07-03 08:14:59,2025-07-03 08:23:26.999070,2025-07-03 08:39:39.443935,2025-07-03 08:51:24.300,36.42166666666667,16.20741441666667,28,3,osrm
43,delivered,2025-07-03 08:14:15,2025-07-03 08:24:06.207052,2025-07-03 08:24:06.207052,2025-07-03 08:29:55.800,15.68,0.0,3,2,osrm
44,delivered,2025-07-03 08:14:13,2025-07-03 08:30:33.574419,2025-07-03 08:34:36.052157,2025-07-03 08:38:54.700,24.695,4.041295633333333,7,4,osrm
45,delivered,2025-07-03 08:14:41,2025-07-03 08:26:23.603379,2025-07-03 08:28:10.700000,2025-07-03 08:29:49.100,15.135,1.7849436833333334,32,1,osrm
46,delivered,2025-07-03 08:15:20,2025-07-03 08:24:56.260550,2025-07-03 08:41:15.000000,2025-07-03 08:45:12.300,29.871666666666666,16.312324166666667,18,2,osrm
47,delivered,2025-07-03 08:16:06,2025-07-03 08:24:15.420710,2025-07-03 08:47:54.559760,2025-07-03 08:46:15.800,30.163333333333334,23.6523175,22,4,osrm
48,delivered,2025-07-03 08:16:48,2025-07-03 08:29:10.751561,2025-07-03 08:45:03.103560,2025-07-03 08:45:24.700,28.611666666666668,15.872533316666667,3,4,osrm
49,delivered,2025-07-03 08:16:46,2025-07-03 08:31:50.861940,2025-07-03 08:38:41.100000,2025-07-03 08:45:15.700,28.495,6.837301,32,3,osrm
50,delivered,2025-07-03 08:17:48,2025-07-03 08:24:10.958575,2025-07-03 08:38:41.100000,2025-07-03 08:45:15.700,27.461666666666666,14.502357083333333,32,3,osrm
51,delivered,2025-07-03 08:17:41,2025-07-03 08:30:40.005647,2025-07-03 08:39:21.700000,2025-07-03 08:43:28.900,25.798333333333336,8.694905883333332,13,4,osrm
52,delivered,2025-07-03 08:17:49,2025-07-03 08:31:10.369799,2025-07-03 08:40:04.400000,2025-07-03 08:43:45.400,25.94,8.900503350000001,23,1,osrm
53,delivered,2025-07-03 08:18:18,2025-07-03 08:32:46.864940,2025-07-03 08:43:31.272817,2025-07-03 08:47:52.500,29.575,10.740131283333334,1,3,osrm
54,delivered,2025-07-03 08:19:32,2025-07-03 08:31:55.078473,2025-07-03 08:38:42.321270,2025-07-03 08:43:22.600,23.84333333333333,6.78737995,30,4,osrm
55,delivered,2025-07-03 08:19:24,2025-07-03 08:32:49.004999,2025-07-03 08:45:28.130959,2025-07-03 08:42:43.800,23.33,12.652099333333332,11,3,osrm
56,delivered,2025-07-03 08:19:13,2025-07-03 08:32:45.702586,2025-07-03 08:34:36.052157,2025-07-03 08:38:54.700,19.695,1.8391595166666665,7,4,osrm
57,delivered,2025-07-03 08:19:01,2025-07-03 08:34:43.243890,2025-07-03 08:45:38.163010,2025-07-03 08:44:52.100,25.851666666666667,10.915318666666668,2,4,osrm
58,delivered,2025-07-03 08:19:59,2025-07-03 08:34:36.052157,2025-07-03 08:34:36.052157,2025-07-03 08:38:54.700,18.928333333333335,0.0,7,4,osrm
59,delivered,2025-07-03 08:20:58,2025-07-03 08:32:36.266272,2025-07-03 08:40:21.800000,2025-07-03 08:48:00.400,27.040000000000003,7.758895466666667,17,4,osrm
60,delivered,2025-07-03 08:20:24,2025-07-03 08:29:55.647516,2025-07-03 08:47:13.658212,2025-07-03 08:44:47.300,24.388333333333332,17.300178266666666,26,4,osrm
61,delivered,2025-07-03 08:20:39,2025-07-03 08:26:48.520549,2025-07-03 08:31:33.600000,2025-07-03 08:34:17.900,13.648333333333333,4.751324183333334,12,1,osrm
62,delivered,2025-07-03 08:20:49,2025-07-03 08:35:04.909836,2025-07-03 08:35:04.909836,2025-07-03 08:39:48.400,18.990000000000002,0.0,5,3,osrm
63,delivered,2025-07-03 08:20:52,2025-07-03 08:27:17.421264,2025-07-03 08:44:54.445172,2025-07-03 08:49:20.900,28.48166666666667,17.61706513333333,12,2,osrm
64,delivered,2025-07-03 08:21:16,2025-07-03 08:32:10.379023,2025-07-03 08:38:41.100000,2025-07-03 08:45:15.700,23.995,6.512016283333334,32,3,osrm
65,delivered,2025-07-03 08:21:42,2025-07-03 08:35:55.601670,2025-07-03 08:38:50.200000,2025-07-03 08:40:39.100,18.951666666666664,2.909972166666667,8,2,osrm
66,delivered,2025-07-03 08:21:18,2025-07-03 08:32:11.943633,2025-07-03 08:38:29.700000,2025-07-03 08:46:00.100,24.701666666666664,6.2959394500000005,20,3,osrm
67,delivered,2025-07-03 08:22:24,2025-07-03 08:32:17.170129,2025-07-03 08:46:16.292267,2025-07-03 08:49:27.100,27.051666666666666,13.985368966666666,15,3,osrm
68,delivered,2025-07-03 08:23:22,2025-07-03 08:35:17.951211,2025-07-03 08:38:53.277045,2025-07-03 08:40:37.400,17.256666666666668,3.5887638999999996,25,3,osrm
69,delivered,2025-07-03 08:23:06,2025-07-03 08:35:52.570124,2025-07-03 08:39:39.443935,2025-07-03 08:51:24.300,28.305,3.7812301833333333,28,3,osrm
70,delivered,2025-07-03 08:23:26,2025-07-03 08:34:54.149308,2025-07-03 08:39:21.700000,2025-07-03 08:43:28.900,20.048333333333336,4.4591782,13,4,osrm
71,delivered,2025-07-03 08:23:28,2025-07-03 08:34:06.887640,2025-07-03 08:38:50.200000,2025-07-03 08:40:39.100,17.185,4.721872666666667,8,2,osrm
72,delivered,2025-07-03 08:24:42,2025-07-03 08:42:08.436621,2025-07-03 08:42:08.436621,2025-07-03 08:45:07.600,20.426666666666666,0.0,39,4,osrm
73,delivered,2025-07-03 08:24:41,2025-07-03 08:38:46.999983,2025-07-03 08:44:27.900000,2025-07-03 08:49:06.100,24.418333333333333,5.681666949999999,27,2,osrm
74,delivered,2025-07-03 08:25:41,2025-07-03 08:33:06.963367,2025-07-03 08:54:20.702453,2025-07-03 09:01:54.300,36.22166666666667,21.228984766666667,7,4,osrm
75,delivered,2025-07-03 08:26:38,2025-07-03 08:37:12.086900,2025-07-03 08:45:03.103560,2025-07-03 08:45:24.700,18.778333333333332,7.850277666666667,3,4,osrm
76,delivered,2025-07-03 08:26:11,2025-07-03 08:32:25.456204,2025-07-03 08:42:08.436621,2025-07-03 08:45:07.600,18.94333333333333,9.716340283333333,39,4,osrm
77,delivered,2025-07-03 08:26:18,2025-07-03 08:39:39.443935,2025-07-03 08:39:39.443935,2025-07-03 08:51:24.300,25.105,0.0,28,3,osrm
78,delivered,2025-07-03 08:26:22,2025-07-03 08:36:19.824585,2025-07-03 08:41:15.000000,2025-07-03 08:45:12.300,18.83833333333333,4.91959025,18,2,osrm
79,delivered,2025-07-03 08:27:49,2025-07-03 08:38:42.321270,2025-07-03 08:38:42.321270,2025-07-03 08:43:22.600,15.56,0.0,30,4,osrm
80,delivered,2025-07-03 08:27:44,2025-07-03 08:38:53.277045,2025-07-03 08:38:53.277045,2025-07-03 08:40:37.400,12.889999999999999,0.0,25,3,osrm
81,delivered,2025-07-03 08:27:13,2025-07-03 08:38:58.447712,2025-07-03 08:38:58.447712,2025-07-03 08:43:56.900,16.731666666666666,0.0,21,2,osrm
82,delivered,2025-07-03 08:28:59,2025-07-03 08:45:30.959125,2025-07-03 08:45:30.959125,2025-07-03 08:49:20.900,20.365000000000002,0.0,37,3,osrm
83,delivered,2025-07-03 08:28:17,2025-07-03 08:43:31.272817,2025-07-03 08:43:31.272817,2025-07-03 08:47:52.500,19.591666666666665,0.0,1,3,osrm
84,delivered,2025-07-03 08:28:08,2025-07-03 08:38:53.269830,2025-07-03 08:55:42.557682,2025-07-03 09:03:03.200,34.919999999999995,16.8214642,11,3,osrm
85,delivered,2025-07-03 08:29:22,2025-07-03 08:35:34.966241,2025-07-03 08:40:25.600000,2025-07-03 08:42:25.300,13.055,4.843895983333334,6,1,osrm
86,delivered,2025-07-03 08:29:38,2025-07-03 08:47:13.658212,2025-07-03 08:47:13.658212,2025-07-03 08:44:47.300,15.155,0.0,26,4,osrm
87,delivered,2025-07-03 08:29:36,2025-07-03 08:41:29.616386,2025-07-03 08:45:30.959125,2025-07-03 08:49:20.900,19.748333333333335,4.022378983333334,37,3,osrm
88,delivered,2025-07-03 08:29:00,2025-07-03 08:42:33.801597,2025-07-03 08:47:13.658212,2025-07-03 08:44:47.300,15.788333333333332,4.664276916666666,26,4,osrm
89,delivered,2025-07-03 08:30:24,2025-07-03 08:42:16.272922,2025-07-03 08:43:51.400000,2025-07-03 08:46:05.300,15.688333333333333,1.5854513,40,1,osrm
90,delivered,2025-07-03 08:30:09,2025-07-03 08:42:50.653621,2025-07-03 09:01:08.458830,2025-07-03 09:04:32.600,34.39333333333333,18.296753483333337,22,2,osrm
91,delivered,2025-07-03 08:31:44,2025-07-03 08:48:33.596089,2025-07-03 08:54:20.702453,2025-07-03 09:01:54.300,30.171666666666667,5.785106066666667,7,4,osrm
92,delivered,2025-07-03 08:31:33,2025-07-03 08:47:25.083160,2025-07-03 08:55:42.557682,2025-07-03 09:03:03.200,31.503333333333334,8.291242033333333,11,3,osrm
93,delivered,2025-07-03 08:31:43,2025-07-03 08:41:24.737118,2025-07-03 08:44:27.900000,2025-07-03 08:49:06.100,17.384999999999998,3.0527147,27,2,osrm
94,delivered,2025-07-03 08:31:36,2025-07-03 08:45:38.163010,2025-07-03 08:47:54.559760,2025-07-03 08:46:15.800,14.663333333333332,2.2732791666666667,22,4,osrm
95,delivered,2025-07-03 08:32:25,2025-07-03 08:45:03.103560,2025-07-03 08:45:03.103560,2025-07-03 08:45:24.700,12.995000000000001,0.0,3,4,osrm
96,delivered,2025-07-03 08:32:23,2025-07-03 08:46:16.292267,2025-07-03 08:46:16.292267,2025-07-03 08:49:27.100,17.06833333333333,0.0,15,3,osrm
97,delivered,2025-07-03 08:32:06,2025-07-03 08:41:20.724182,2025-07-03 08:53:43.092895,2025-07-03 08:59:10.500,27.075,12.372811883333332,35,3,osrm
98,delivered,2025-07-03 08:32:22,2025-07-03 08:38:38.221376,2025-07-03 08:39:21.700000,2025-07-03 08:43:28.900,11.115,0.7246437333333334,13,4,osrm
99,delivered,2025-07-03 08:33:49,2025-07-03 08:47:54.559760,2025-07-03 08:47:54.559760,2025-07-03 08:46:15.800,12.446666666666665,0.0,22,4,osrm
100,delivered,2025-07-03 08:34:27,2025-07-03 08:44:54.445172,2025-07-03 08:44:54.445172,2025-07-03 08:49:20.900,14.898333333333333,0.0,12,2,osrm
101,delivered,2025-07-03 08:34:58,2025-07-03 08:45:28.130959,2025-07-03 08:45:28.130959,2025-07-03 08:42:43.800,7.763333333333334,0.0,11,3,osrm
102,delivered,2025-07-03 08:35:36,2025-07-03 08:48:33.354411,2025-07-03 08:54:20.702453,2025-07-03 09:01:54.300,26.305,5.789134033333334,7,4,osrm
103,delivered,2025-07-03 08:35:48,2025-07-03 08:45:15.090966,2025-07-03 09:05:27.900000,2025-07-03 09:10:41.100,34.885,20.213483900000004,36,4,osrm
104,delivered,2025-07-03 08:35:38,2025-07-03 08:43:54.194892,2025-07-03 09:11:57.815481,2025-07-03 09:05:36.900,29.98166666666667,28.06034315,37,4,osrm
105,delivered,2025-07-03 08:35:29,2025-07-03 08:47:43.824074,2025-07-03 08:59:53.073039,2025-07-03 09:04:44.500,29.258333333333333,12.154149416666666,5,2,osrm
106,delivered,2025-07-03 08:36:28,2025-07-03 08:48:31.025843,2025-07-03 08:53:46.800000,2025-07-03 08:58:44.000,22.266666666666666,5.262902616666667,38,2,osrm
107,delivered,2025-07-03 08:36:28,2025-07-03 08:50:19.303520,2025-07-03 08:52:57.500000,2025-07-03 08:55:39.900,19.198333333333334,2.6366080000000003,39,1,osrm
108,delivered,2025-07-03 08:36:31,2025-07-03 08:46:45.734891,2025-07-03 08:46:45.734891,2025-07-03 08:48:25.600,11.91,0.0,9,2,osrm
109,delivered,2025-07-03 08:37:56,2025-07-03 08:50:08.960916,2025-07-03 09:11:57.815481,2025-07-03 09:05:36.900,27.68166666666667,21.814242750000002,37,4,osrm
110,delivered,2025-07-03 08:37:39,2025-07-03 08:47:32.605683,2025-07-03 08:57:50.700000,2025-07-03 09:02:54.900,25.265,10.301571950000001,3,3,osrm
111,delivered,2025-07-03 08:37:48,2025-07-03 08:51:06.844519,2025-07-03 09:10:17.544620,2025-07-03 09:18:33.800,40.763333333333335,19.178335016666665,35,4,osrm
112,delivered,2025-07-03 08:37:22,2025-07-03 08:50:36.093678,2025-07-03 08:52:48.100000,2025-07-03 08:55:53.900,18.53166666666667,2.200105366666667,2,1,osrm
113,delivered,2025-07-03 08:37:45,2025-07-03 08:53:17.457514,2025-07-03 09:16:10.383509,2025-07-03 09:25:16.600,47.526666666666664,22.882099916666668,2,4,osrm
114,delivered,2025-07-03 08:37:15,2025-07-03 08:50:21.920668,2025-07-03 09:16:10.383509,2025-07-03 09:25:16.600,48.026666666666664,25.80771401666667,2,4,osrm
115,delivered,2025-07-03 08:38:08,2025-07-03 08:49:38.393900,2025-07-03 09:03:25.000000,2025-07-03 09:11:37.200,33.486666666666665,13.776768333333333,29,4,osrm
116,delivered,2025-07-03 08:38:04,2025-07-03 08:53:45.380659,2025-07-03 09:10:17.544620,2025-07-03 09:18:33.800,40.49666666666667,16.536066016666666,35,4,osrm
117,delivered,2025-07-03 08:39:24,2025-07-03 08:49:54.701130,2025-07-03 09:03:25.000000,2025-07-03 09:11:37.200,32.22,13.504981166666665,29,4,osrm
118,delivered,2025-07-03 08:39:14,2025-07-03 08:51:01.289233,2025-07-03 09:14:40.294482,2025-07-03 09:16:05.900,36.865,23.650087483333333,12,4,osrm
119,delivered,2025-07-03 08:39:26,2025-07-03 08:49:18.786989,2025-07-03 09:16:32.775725,2025-07-03 09:13:53.200,34.45333333333333,27.2331456,19,4,osrm
120,delivered,2025-07-03 08:39:38,2025-07-03 08:52:07.120916,2025-07-03 08:55:13.200000,2025-07-03 08:58:42.400,19.073333333333334,3.1013180666666664,24,1,osrm
121,delivered,2025-07-03 08:40:21,2025-07-03 08:47:41.511812,2025-07-03 08:53:46.800000,2025-07-03 08:58:44.000,18.383333333333333,6.088136466666667,38,2,osrm
122,delivered,2025-07-03 08:40:40,2025-07-03 08:49:58.345557,2025-07-03 09:09:09.138618,2025-07-03 09:19:19.600,38.66,19.179884350000002,30,3,osrm
123,delivered,2025-07-03 08:41:17,2025-07-03 08:51:59.314724,2025-07-03 08:56:33.200000,2025-07-03 08:59:55.600,18.64333333333333,4.5647546,13,1,osrm
124,delivered,2025-07-03 08:41:42,2025-07-03 08:55:42.557682,2025-07-03 08:55:42.557682,2025-07-03 09:03:03.200,21.353333333333335,0.0,11,3,osrm
125,delivered,2025-07-03 08:41:28,2025-07-03 08:54:54.337817,2025-07-03 09:11:57.815481,2025-07-03 09:05:36.900,24.148333333333333,17.057961066666667,37,4,osrm
126,delivered,2025-07-03 08:41:41,2025-07-03 08:51:22.355956,2025-07-03 09:09:41.430976,2025-07-03 09:16:36.500,34.925,18.317917,9,4,osrm
127,delivered,2025-07-03 08:41:21,2025-07-03 08:52:19.864264,2025-07-03 08:57:50.700000,2025-07-03 09:02:54.900,21.565,5.513928933333333,3,3,osrm
128,delivered,2025-07-03 08:42:51,2025-07-03 08:53:45.012587,2025-07-03 09:08:20.111309,2025-07-03 09:14:31.900,31.68166666666667,14.584978699999999,15,4,osrm
129,delivered,2025-07-03 08:42:52,2025-07-03 08:56:21.425019,2025-07-03 09:03:25.000000,2025-07-03 09:11:37.200,28.753333333333334,7.059583016666666,29,4,osrm
130,delivered,2025-07-03 08:42:01,2025-07-03 08:53:43.092895,2025-07-03 08:53:43.092895,2025-07-03 08:59:10.500,17.158333333333335,0.0,35,3,osrm
131,delivered,2025-07-03 08:43:56,2025-07-03 08:54:06.444502,2025-07-03 09:09:09.138618,2025-07-03 09:19:19.600,35.39333333333333,15.044901933333334,30,3,osrm
132,delivered,2025-07-03 08:43:25,2025-07-03 08:54:16.400537,2025-07-03 08:57:50.700000,2025-07-03 09:02:54.900,19.498333333333335,3.5716577166666665,3,3,osrm
133,delivered,2025-07-03 08:43:13,2025-07-03 09:06:39.525833,2025-07-03 09:22:40.200000,2025-07-03 09:28:23.300,45.17166666666667,16.011236116666666,13,2,osrm
134,delivered,2025-07-03 08:44:26,2025-07-03 08:54:20.702453,2025-07-03 08:54:20.702453,2025-07-03 09:01:54.300,17.471666666666668,0.0,7,4,osrm
135,delivered,2025-07-03 08:44:39,2025-07-03 08:57:55.025520,2025-07-03 09:07:39.300000,2025-07-03 09:14:04.200,29.42,9.737908000000001,17,2,osrm
136,delivered,2025-07-03 08:44:37,2025-07-03 08:55:09.187759,2025-07-03 09:03:25.000000,2025-07-03 09:11:37.200,27.003333333333334,8.26353735,29,4,osrm
137,delivered,2025-07-03 08:44:38,2025-07-03 08:59:30.270018,2025-07-03 09:06:37.800000,2025-07-03 09:08:38.100,24.001666666666665,7.125499700000001,34,1,osrm
138,delivered,2025-07-03 08:45:14,2025-07-03 08:58:20.266676,2025-07-03 09:07:54.900000,2025-07-03 09:14:24.400,29.173333333333336,9.577222066666668,18,3,osrm
139,delivered,2025-07-03 08:45:14,2025-07-03 08:56:25.303616,2025-07-03 09:16:32.775725,2025-07-03 09:13:53.200,28.653333333333332,20.12453515,19,4,osrm
140,delivered,2025-07-03 08:45:49,2025-07-03 09:01:13.880552,2025-07-03 09:18:44.500000,2025-07-03 09:26:55.400,41.10666666666667,17.51032413333333,14,3,osrm
141,delivered,2025-07-03 08:45:37,2025-07-03 08:55:22.091129,2025-07-03 08:59:23.600000,2025-07-03 09:01:52.400,16.256666666666668,4.02514785,32,1,osrm
142,delivered,2025-07-03 08:45:25,2025-07-03 08:56:36.459713,2025-07-03 09:05:27.900000,2025-07-03 09:10:41.100,25.26833333333333,8.857338116666666,36,4,osrm
143,delivered,2025-07-03 08:46:03,2025-07-03 09:03:38.430392,2025-07-03 09:09:35.100000,2025-07-03 09:14:39.300,28.605,5.944493466666667,40,2,osrm
144,delivered,2025-07-03 08:46:48,2025-07-03 08:55:55.279188,2025-07-03 09:08:20.111309,2025-07-03 09:14:31.900,27.73166666666667,12.413868683333334,15,4,osrm
145,delivered,2025-07-03 08:47:56,2025-07-03 09:01:51.938243,2025-07-03 09:14:40.294482,2025-07-03 09:16:05.900,28.165000000000003,12.805937316666666,12,4,osrm
146,delivered,2025-07-03 08:47:52,2025-07-03 08:56:30.682952,2025-07-03 09:08:12.700000,2025-07-03 09:14:56.800,27.08,11.700284133333334,38,4,osrm
147,delivered,2025-07-03 08:48:11,2025-07-03 09:02:30.683612,2025-07-03 09:13:16.500000,2025-07-03 09:17:28.600,29.293333333333333,10.763606466666666,3,2,osrm
148,delivered,2025-07-03 08:48:19,2025-07-03 09:01:08.458830,2025-07-03 09:01:08.458830,2025-07-03 09:04:32.600,16.226666666666667,0.0,22,2,osrm
149,delivered,2025-07-03 08:49:00,2025-07-03 08:59:15.123827,2025-07-03 09:09:35.100000,2025-07-03 09:14:39.300,25.654999999999998,10.332936216666667,40,2,osrm
150,delivered,2025-07-03 08:50:38,2025-07-03 09:00:58.035803,2025-07-03 09:13:57.600000,2025-07-03 09:19:17.400,28.65666666666667,12.992736616666667,6,2,osrm
151,delivered,2025-07-03 08:50:51,2025-07-03 08:59:09.696500,2025-07-03 09:07:54.900000,2025-07-03 09:14:24.400,23.55666666666667,8.753391666666666,18,3,osrm
152,delivered,2025-07-03 08:50:17,2025-07-03 08:59:53.073039,2025-07-03 08:59:53.073039,2025-07-03 09:04:44.500,14.458333333333334,0.0,5,2,osrm
153,delivered,2025-07-03 08:51:43,2025-07-03 09:06:38.716092,2025-07-03 09:08:12.700000,2025-07-03 09:14:56.800,23.23,1.5663984666666666,38,4,osrm
154,delivered,2025-07-03 08:51:26,2025-07-03 09:01:48.429303,2025-07-03 09:16:32.775725,2025-07-03 09:13:53.200,22.453333333333333,14.739107033333333,19,4,osrm
155,delivered,2025-07-03 08:51:30,2025-07-03 09:04:27.703735,2025-07-03 09:07:54.900000,2025-07-03 09:14:24.400,22.90666666666667,3.4532710833333335,18,3,osrm
156,delivered,2025-07-03 08:51:30,2025-07-03 09:01:34.228337,2025-07-03 09:12:24.100000,2025-07-03 09:14:17.200,22.78666666666667,10.831194383333333,13,1,osrm
157,delivered,2025-07-03 08:51:07,2025-07-03 09:00:17.894425,2025-07-03 09:14:01.400000,2025-07-03 09:19:35.200,28.470000000000002,13.725092916666666,32,2,osrm
158,delivered,2025-07-03 08:52:01,2025-07-03 09:01:21.011165,2025-07-03 09:14:40.294482,2025-07-03 09:16:05.900,24.081666666666667,13.321388616666667,12,4,osrm
159,delivered,2025-07-03 08:52:06,2025-07-03 09:06:35.098509,2025-07-03 09:19:35.100000,2025-07-03 09:24:18.400,32.20666666666667,13.000024849999999,39,2,osrm
160,delivered,2025-07-03 08:52:01,2025-07-03 09:06:35.440011,2025-07-03 09:09:41.430976,2025-07-03 09:16:36.500,24.591666666666665,3.0998494166666664,9,4,osrm
161,delivered,2025-07-03 08:52:49,2025-07-03 09:01:44.858659,2025-07-03 09:05:27.900000,2025-07-03 09:10:41.100,17.868333333333332,3.717355683333333,36,4,osrm
162,delivered,2025-07-03 08:53:18,2025-07-03 09:05:30.591982,2025-07-03 09:11:11.700000,2025-07-03 09:12:58.900,19.68166666666667,5.685133633333334,4,1,osrm
163,delivered,2025-07-03 08:54:45,2025-07-03 09:01:39.813915,2025-07-03 09:02:53.300000,2025-07-03 09:06:38.300,11.888333333333332,1.2247680833333334,21,1,osrm
164,delivered,2025-07-03 08:54:20,2025-07-03 09:09:41.430976,2025-07-03 09:09:41.430976,2025-07-03 09:16:36.500,22.275,0.0,9,4,osrm
165,delivered,2025-07-03 08:54:45,2025-07-03 09:09:09.138618,2025-07-03 09:09:09.138618,2025-07-03 09:19:19.600,24.576666666666664,0.0,30,3,osrm
166,delivered,2025-07-03 08:54:23,2025-07-03 09:05:04.354123,2025-07-03 09:10:17.544620,2025-07-03 09:18:33.800,24.18,5.219841616666667,35,4,osrm
167,delivered,2025-07-03 08:54:19,2025-07-03 09:11:57.815481,2025-07-03 09:11:57.815481,2025-07-03 09:05:36.900,11.298333333333334,0.0,37,4,osrm
168,delivered,2025-07-03 08:54:16,2025-07-03 09:02:27.046032,2025-07-03 09:07:49.700000,2025-07-03 09:09:39.400,15.389999999999999,5.3775661333333336,23,1,osrm
169,delivered,2025-07-03 08:55:35,2025-07-03 09:05:32.901394,2025-07-03 09:08:12.700000,2025-07-03 09:14:56.800,19.363333333333333,2.6633101,38,4,osrm
170,delivered,2025-07-03 08:55:56,2025-07-03 09:09:31.041181,2025-07-03 09:13:57.600000,2025-07-03 09:19:17.400,23.35666666666667,4.442646983333334,6,2,osrm
171,delivered,2025-07-03 08:56:20,2025-07-03 09:01:20.000000,2025-07-03 09:13:55.400000,2025-07-03 09:16:05.200,19.753333333333334,12.59,28,1,osrm
172,delivered,2025-07-03 08:56:57,2025-07-03 09:07:59.920325,2025-07-03 09:34:42.360683,2025-07-03 09:35:47.800,38.84666666666667,26.7073393,7,3,osrm
173,delivered,2025-07-03 08:56:36,2025-07-03 09:05:13.357001,2025-07-03 09:08:20.111309,2025-07-03 09:14:31.900,17.93166666666667,3.1125718,15,4,osrm
174,delivered,2025-07-03 08:56:52,2025-07-03 09:10:17.544620,2025-07-03 09:10:17.544620,2025-07-03 09:18:33.800,21.696666666666665,0.0,35,4,osrm
175,delivered,2025-07-03 08:57:30,2025-07-03 09:08:20.111309,2025-07-03 09:08:20.111309,2025-07-03 09:14:31.900,17.031666666666666,0.0,15,4,osrm
176,delivered,2025-07-03 08:57:42,2025-07-03 09:08:15.720707,2025-07-03 09:23:14.200000,2025-07-03 09:30:58.400,33.27333333333333,14.974654883333333,29,4,osrm
177,delivered,2025-07-03 08:57:37,2025-07-03 09:06:14.067429,2025-07-03 09:25:00.947278,2025-07-03 09:29:07.600,31.509999999999998,18.781330816666664,22,3,osrm
178,delivered,2025-07-03 08:58:46,2025-07-03 09:03:46.000000,2025-07-03 09:07:39.300000,2025-07-03 09:14:04.200,15.303333333333335,3.8883333333333336,17,2,osrm
179,delivered,2025-07-03 08:58:57,2025-07-03 09:12:24.666682,2025-07-03 09:28:42.400000,2025-07-03 09:37:25.200,38.47,16.2955553,9,3,osrm
180,delivered,2025-07-03 08:58:51,2025-07-03 09:16:32.775725,2025-07-03 09:16:32.775725,2025-07-03 09:13:53.200,15.036666666666667,0.0,19,4,osrm
181,delivered,2025-07-03 08:58:46,2025-07-03 09:03:46.000000,2025-07-03 09:05:27.900000,2025-07-03 09:10:41.100,11.918333333333333,1.6983333333333335,36,4,osrm
182,delivered,2025-07-03 09:00:13,2025-07-03 09:12:51.130320,2025-07-03 09:14:01.400000,2025-07-03 09:19:35.200,19.37,1.1711613333333333,32,2,osrm
183,delivered,2025-07-03 09:00:30,2025-07-03 09:13:46.345573,2025-07-03 09:31:58.902325,2025-07-03 09:36:04.600,35.57666666666667,18.2092792,24,3,osrm
184,delivered,2025-07-03 09:01:57,2025-07-03 09:13:25.152219,2025-07-03 09:23:14.200000,2025-07-03 09:30:58.400,29.023333333333333,9.817463016666666,29,4,osrm
185,delivered,2025-07-03 09:01:38,2025-07-03 09:14:48.428396,2025-07-03 09:18:44.500000,2025-07-03 09:26:55.400,25.290000000000003,3.9345267333333336,14,3,osrm
186,delivered,2025-07-03 09:02:38,2025-07-03 09:14:00.652690,2025-07-03 09:28:42.400000,2025-07-03 09:37:25.200,34.78666666666666,14.695788499999999,9,3,osrm
187,delivered,2025-07-03 09:02:48,2025-07-03 09:15:52.437514,2025-07-03 09:25:00.947278,2025-07-03 09:29:07.600,26.326666666666664,9.1418294,22,3,osrm
188,delivered,2025-07-03 09:03:19,2025-07-03 09:14:35.802018,2025-07-03 09:16:10.383509,2025-07-03 09:25:16.600,21.959999999999997,1.5763581833333333,2,4,osrm
189,delivered,2025-07-03 09:03:33,2025-07-03 09:18:12.487792,2025-07-03 09:39:05.000000,2025-07-03 09:49:36.000,46.05,20.87520346666667,14,3,osrm
190,delivered,2025-07-03 09:03:12,2025-07-03 09:14:40.294482,2025-07-03 09:14:40.294482,2025-07-03 09:16:05.900,12.898333333333333,0.0,12,4,osrm
191,delivered,2025-07-03 09:03:06,2025-07-03 09:19:33.950351,2025-07-03 09:37:18.539129,2025-07-03 09:44:31.000,41.416666666666664,17.7431463,15,4,osrm
192,delivered,2025-07-03 09:04:41,2025-07-03 09:18:18.419080,2025-07-03 09:42:39.221749,2025-07-03 09:53:42.000,49.016666666666666,24.346711149999997,27,4,osrm
193,delivered,2025-07-03 09:04:18,2025-07-03 09:11:53.248921,2025-07-03 09:14:20.000000,2025-07-03 09:16:29.500,12.191666666666666,2.445851316666667,8,1,osrm
194,delivered,2025-07-03 09:04:11,2025-07-03 09:16:10.383509,2025-07-03 09:16:10.383509,2025-07-03 09:25:16.600,21.09333333333333,0.0,2,4,osrm
195,delivered,2025-07-03 09:04:49,2025-07-03 09:15:01.521912,2025-07-03 09:19:35.100000,2025-07-03 09:24:18.400,19.490000000000002,4.5596347999999995,39,2,osrm
196,delivered,2025-07-03 09:05:28,2025-07-03 09:14:38.167719,2025-07-03 09:28:50.300000,2025-07-03 09:34:42.400,29.240000000000002,14.202204683333333,32,2,osrm
197,delivered,2025-07-03 09:05:32,2025-07-03 09:11:19.446493,2025-07-03 09:14:18.600000,2025-07-03 09:16:37.200,11.086666666666668,2.9858917833333334,16,1,osrm
198,delivered,2025-07-03 09:05:26,2025-07-03 09:18:31.057532,2025-07-03 09:28:59.300000,2025-07-03 09:35:37.300,30.188333333333333,10.470707800000001,3,2,osrm
199,delivered,2025-07-03 09:05:13,2025-07-03 09:16:10.846293,2025-07-03 09:34:40.824657,2025-07-03 09:34:47.600,29.576666666666664,18.4996394,37,3,osrm
200,delivered,2025-07-03 09:05:15,2025-07-03 09:20:10.995250,2025-07-03 09:22:40.200000,2025-07-03 09:28:23.300,23.138333333333332,2.486745833333333,13,2,osrm
201,delivered,2025-07-03 09:05:56,2025-07-03 09:16:13.992719,2025-07-03 09:18:44.500000,2025-07-03 09:26:55.400,20.990000000000002,2.5084546833333334,14,3,osrm
202,delivered,2025-07-03 09:06:25,2025-07-03 09:12:03.467415,2025-07-03 09:28:59.300000,2025-07-03 09:35:37.300,29.205,16.930543083333333,3,2,osrm
203,delivered,2025-07-03 09:06:16,2025-07-03 09:12:52.405267,2025-07-03 09:13:16.500000,2025-07-03 09:17:28.600,11.21,0.40157888333333336,3,2,osrm
204,delivered,2025-07-03 09:06:45,2025-07-03 09:19:08.749689,2025-07-03 09:44:04.608132,2025-07-03 09:45:06.800,38.36333333333334,24.93097405,11,4,osrm
205,delivered,2025-07-03 09:06:49,2025-07-03 09:16:39.464172,2025-07-03 09:23:14.200000,2025-07-03 09:30:58.400,24.15666666666667,6.578930466666667,29,4,osrm
206,delivered,2025-07-03 09:06:28,2025-07-03 09:13:12.711289,2025-07-03 09:28:42.400000,2025-07-03 09:37:25.200,30.953333333333333,15.49481185,9,3,osrm
207,delivered,2025-07-03 09:06:22,2025-07-03 09:19:05.305367,2025-07-03 09:42:39.221749,2025-07-03 09:53:42.000,47.333333333333336,23.565273033333334,27,4,osrm
208,delivered,2025-07-03 09:06:43,2025-07-03 09:14:25.466817,2025-07-03 09:34:40.824657,2025-07-03 09:34:47.600,28.076666666666664,20.255964,37,3,osrm
209,delivered,2025-07-03 09:07:56,2025-07-03 09:18:40.968561,2025-07-03 09:35:50.080152,2025-07-03 09:39:10.900,31.248333333333335,17.15185985,17,3,osrm
210,delivered,2025-07-03 09:08:46,2025-07-03 09:23:36.028508,2025-07-03 09:31:58.902325,2025-07-03 09:36:04.600,27.31,8.381230283333332,24,3,osrm
211,delivered,2025-07-03 09:08:59,2025-07-03 09:21:27.801819,2025-07-03 09:34:42.360683,2025-07-03 09:35:47.800,26.813333333333333,13.242647733333333,7,3,osrm
212,delivered,2025-07-03 09:09:43,2025-07-03 09:23:58.537841,2025-07-03 09:37:56.400000,2025-07-03 09:45:18.000,35.583333333333336,13.964369316666668,12,2,osrm
213,delivered,2025-07-03 09:09:39,2025-07-03 09:22:57.751748,2025-07-03 09:25:39.600000,2025-07-03 09:27:53.500,18.241666666666667,2.697470866666667,18,1,osrm
214,delivered,2025-07-03 09:09:18,2025-07-03 09:23:23.250116,2025-07-03 09:28:21.000000,2025-07-03 09:33:21.500,24.058333333333334,4.962498066666667,28,2,osrm
215,delivered,2025-07-03 09:10:46,2025-07-03 09:24:49.445440,2025-07-03 09:41:01.576048,2025-07-03 09:46:08.000,35.36666666666667,16.2021768,23,3,osrm
216,delivered,2025-07-03 09:11:04,2025-07-03 09:21:51.407920,2025-07-03 09:42:22.309113,2025-07-03 09:47:07.400,36.056666666666665,20.51501988333333,30,4,osrm
217,delivered,2025-07-03 09:11:50,2025-07-03 09:21:06.205030,2025-07-03 09:37:18.539129,2025-07-03 09:44:31.000,32.68333333333333,16.205568316666668,15,4,osrm
218,delivered,2025-07-03 09:11:00,2025-07-03 09:24:47.127635,2025-07-03 09:42:11.556589,2025-07-03 09:46:34.800,35.580000000000005,17.40714923333333,33,4,osrm
219,delivered,2025-07-03 09:11:30,2025-07-03 09:24:29.808372,2025-07-03 09:40:01.204540,2025-07-03 09:49:55.600,38.42666666666666,15.523269466666667,20,4,osrm
220,delivered,2025-07-03 09:12:14,2025-07-03 09:23:45.165088,2025-07-03 09:28:21.000000,2025-07-03 09:33:21.500,21.125,4.597248533333333,28,2,osrm
221,delivered,2025-07-03 09:12:44,2025-07-03 09:28:13.283723,2025-07-03 09:44:17.600000,2025-07-03 09:51:43.000,38.983333333333334,16.07193795,32,3,osrm
222,delivered,2025-07-03 09:12:20,2025-07-03 09:31:25.999255,2025-07-03 09:56:20.655754,2025-07-03 09:56:48.600,44.47666666666667,24.910941649999998,17,4,osrm
223,delivered,2025-07-03 09:13:07,2025-07-03 09:22:11.073101,2025-07-03 09:38:58.700000,2025-07-03 09:45:53.600,32.776666666666664,16.79378165,22,3,osrm
224,delivered,2025-07-03 09:13:35,2025-07-03 09:22:17.433881,2025-07-03 09:24:11.000000,2025-07-03 09:27:13.500,13.641666666666667,1.89276865,31,1,osrm
225,delivered,2025-07-03 09:13:31,2025-07-03 09:32:38.773174,2025-07-03 09:53:04.129512,2025-07-03 09:56:40.600,43.16,20.422605633333333,13,4,osrm
226,delivered,2025-07-03 09:14:27,2025-07-03 09:21:45.066933,2025-07-03 09:46:43.579041,2025-07-03 09:47:57.900,33.515,24.975201799999997,21,4,osrm
227,delivered,2025-07-03 09:14:39,2025-07-03 09:25:00.947278,2025-07-03 09:25:00.947278,2025-07-03 09:29:07.600,14.476666666666667,0.0,22,3,osrm
228,delivered,2025-07-03 09:14:53,2025-07-03 09:29:30.846182,2025-07-03 09:44:30.084236,2025-07-03 09:50:04.400,35.190000000000005,14.987300900000001,1,3,osrm
229,delivered,2025-07-03 09:15:58,2025-07-03 09:21:48.624354,2025-07-03 09:39:10.800000,2025-07-03 09:49:15.900,33.29833333333333,17.369594099999997,8,3,osrm
230,delivered,2025-07-03 09:15:25,2025-07-03 09:27:25.650987,2025-07-03 09:39:05.000000,2025-07-03 09:49:36.000,34.18333333333333,11.655816883333333,14,3,osrm
231,delivered,2025-07-03 09:15:33,2025-07-03 09:26:52.069551,2025-07-03 09:44:04.608132,2025-07-03 09:45:06.800,29.563333333333333,17.20897635,11,4,osrm
232,delivered,2025-07-03 09:15:12,2025-07-03 09:32:13.443902,2025-07-03 09:40:01.204540,2025-07-03 09:49:55.600,34.72666666666667,7.796010633333333,20,4,osrm
233,delivered,2025-07-03 09:16:00,2025-07-03 09:28:18.608990,2025-07-03 09:42:23.300000,2025-07-03 09:47:18.400,31.30666666666667,14.0781835,10,2,osrm
234,delivered,2025-07-03 09:16:18,2025-07-03 09:21:18.000000,2025-07-03 09:44:30.084236,2025-07-03 09:50:04.400,33.77333333333333,23.20140393333333,1,3,osrm
235,delivered,2025-07-03 09:16:11,2025-07-03 09:26:14.190057,2025-07-03 09:40:01.204540,2025-07-03 09:49:55.600,33.74333333333333,13.783574716666667,20,4,osrm
236,delivered,2025-07-03 09:16:04,2025-07-03 09:26:12.912539,2025-07-03 09:38:58.700000,2025-07-03 09:45:53.600,29.826666666666664,12.76312435,22,3,osrm
237,delivered,2025-07-03 09:17:45,2025-07-03 09:30:34.135023,2025-07-03 09:39:10.800000,2025-07-03 09:49:15.900,31.515,8.61108295,8,3,osrm
238,delivered,2025-07-03 09:17:06,2025-07-03 09:23:44.582016,2025-07-03 09:24:52.600000,2025-07-03 09:28:39.900,11.565,1.1336330666666667,33,1,osrm
239,delivered,2025-07-03 09:17:35,2025-07-03 09:31:22.179093,2025-07-03 09:41:01.576048,2025-07-03 09:46:08.000,28.55,9.656615916666668,23,3,osrm
240,delivered,2025-07-03 09:18:37,2025-07-03 09:30:49.421622,2025-07-03 09:42:11.556589,2025-07-03 09:46:34.800,27.96333333333333,11.368916116666666,33,4,osrm
241,delivered,2025-07-03 09:18:35,2025-07-03 09:32:17.002439,2025-07-03 09:42:22.309113,2025-07-03 09:47:07.400,28.540000000000003,10.088444566666668,30,4,osrm
242,delivered,2025-07-03 09:18:31,2025-07-03 09:31:21.368003,2025-07-03 09:39:06.400000,2025-07-03 09:43:51.500,25.341666666666665,7.750533283333334,6,4,osrm
243,delivered,2025-07-03 09:18:15,2025-07-03 09:31:26.296451,2025-07-03 09:38:58.700000,2025-07-03 09:45:53.600,27.64333333333333,7.54005915,22,3,osrm
244,delivered,2025-07-03 09:18:48,2025-07-03 09:33:47.507587,2025-07-03 09:37:18.539129,2025-07-03 09:44:31.000,25.716666666666665,3.517192366666667,15,4,osrm
245,delivered,2025-07-03 09:18:01,2025-07-03 09:29:21.005936,2025-07-03 09:37:56.400000,2025-07-03 09:45:18.000,27.283333333333335,8.589901066666666,12,2,osrm
246,delivered,2025-07-03 09:18:56,2025-07-03 09:31:34.496093,2025-07-03 09:55:22.362596,2025-07-03 09:53:20.500,34.40833333333333,23.79777505,16,2,osrm
247,delivered,2025-07-03 09:19:36,2025-07-03 09:26:33.144745,2025-07-03 09:28:50.300000,2025-07-03 09:34:42.400,15.106666666666666,2.285920916666667,32,2,osrm
248,delivered,2025-07-03 09:19:55,2025-07-03 09:31:45.628276,2025-07-03 09:35:50.080152,2025-07-03 09:39:10.900,19.265,4.074197933333333,17,3,osrm
249,delivered,2025-07-03 09:19:21,2025-07-03 09:34:42.360683,2025-07-03 09:34:42.360683,2025-07-03 09:35:47.800,16.446666666666665,0.0,7,3,osrm
250,delivered,2025-07-03 09:19:05,2025-07-03 09:34:19.799085,2025-07-03 09:38:32.800000,2025-07-03 09:45:08.500,26.058333333333334,4.2166819166666665,2,2,osrm
251,delivered,2025-07-03 09:20:47,2025-07-03 09:31:58.902325,2025-07-03 09:31:58.902325,2025-07-03 09:36:04.600,15.293333333333333,0.0,24,3,osrm
252,delivered,2025-07-03 09:21:16,2025-07-03 09:36:18.317710,2025-07-03 09:39:06.400000,2025-07-03 09:43:51.500,22.591666666666665,2.8013715,6,4,osrm
253,delivered,2025-07-03 09:21:41,2025-07-03 09:34:15.510851,2025-07-03 09:39:10.800000,2025-07-03 09:49:15.900,27.581666666666667,4.921485816666666,8,3,osrm
254,delivered,2025-07-03 09:22:47,2025-07-03 09:27:47.000000,2025-07-03 09:52:16.039274,2025-07-03 09:50:10.000,27.383333333333333,24.4839879,19,2,osrm
255,delivered,2025-07-03 09:22:25,2025-07-03 09:34:45.553044,2025-07-03 09:42:01.539098,2025-07-03 09:44:58.300,22.555,7.266434233333333,18,4,osrm
256,delivered,2025-07-03 09:23:59,2025-07-03 09:30:11.142108,2025-07-03 09:45:06.300000,2025-07-03 09:50:01.700,26.045,14.919298199999998,26,2,osrm
257,delivered,2025-07-03 09:23:46,2025-07-03 09:36:26.184010,2025-07-03 09:39:06.400000,2025-07-03 09:43:51.500,20.091666666666665,2.6702665,6,4,osrm
258,delivered,2025-07-03 09:24:19,2025-07-03 09:34:40.824657,2025-07-03 09:34:40.824657,2025-07-03 09:34:47.600,10.476666666666667,0.0,37,3,osrm
259,delivered,2025-07-03 09:24:02,2025-07-03 09:31:36.226585,2025-07-03 09:49:49.758767,2025-07-03 09:56:22.500,32.34166666666667,18.225536366666667,35,3,osrm
260,delivered,2025-07-03 09:24:02,2025-07-03 09:41:51.321748,2025-07-03 09:44:43.800000,2025-07-03 09:47:52.000,23.833333333333332,2.8746375333333334,40,1,osrm
261,delivered,2025-07-03 09:24:32,2025-07-03 09:36:43.253311,2025-07-03 09:42:23.300000,2025-07-03 09:47:18.400,22.773333333333333,5.667444816666667,10,2,osrm
262,delivered,2025-07-03 09:25:10,2025-07-03 09:35:06.329627,2025-07-03 09:42:22.309113,2025-07-03 09:47:07.400,21.956666666666667,7.266324766666667,30,4,osrm
263,delivered,2025-07-03 09:25:05,2025-07-03 09:32:25.763041,2025-07-03 09:44:04.608132,2025-07-03 09:45:06.800,20.029999999999998,11.647418183333334,11,4,osrm
264,delivered,2025-07-03 09:25:07,2025-07-03 09:39:21.496600,2025-07-03 09:42:01.539098,2025-07-03 09:44:58.300,19.855,2.6673749666666664,18,4,osrm
265,delivered,2025-07-03 09:25:23,2025-07-03 09:40:01.204540,2025-07-03 09:40:01.204540,2025-07-03 09:49:55.600,24.543333333333333,0.0,20,4,osrm
266,delivered,2025-07-03 09:25:12,2025-07-03 09:34:22.529421,2025-07-03 09:52:02.744248,2025-07-03 09:55:32.700,30.345000000000002,17.670247116666665,3,3,osrm
267,delivered,2025-07-03 09:25:35,2025-07-03 09:37:18.539129,2025-07-03 09:37:18.539129,2025-07-03 09:44:31.000,18.933333333333334,0.0,15,4,osrm
268,delivered,2025-07-03 09:25:02,2025-07-03 09:34:57.418216,2025-07-03 09:39:05.000000,2025-07-03 09:49:36.000,24.566666666666666,4.126363066666666,14,3,osrm
269,delivered,2025-07-03 09:25:09,2025-07-03 09:40:26.653582,2025-07-03 09:58:00.200000,2025-07-03 10:05:05.100,39.934999999999995,17.559106966666665,31,3,osrm
270,delivered,2025-07-03 09:25:15,2025-07-03 09:38:00.137750,2025-07-03 09:49:49.758767,2025-07-03 09:56:22.500,31.125,11.82701695,35,3,osrm
271,delivered,2025-07-03 09:26:17,2025-07-03 09:38:37.229104,2025-07-03 09:44:40.300000,2025-07-03 09:48:03.100,21.76833333333333,6.0511816000000005,37,1,osrm
272,delivered,2025-07-03 09:26:23,2025-07-03 09:42:01.539098,2025-07-03 09:42:01.539098,2025-07-03 09:44:58.300,18.58833333333333,0.0,18,4,osrm
273,delivered,2025-07-03 09:26:06,2025-07-03 09:43:17.050191,2025-07-03 09:44:17.600000,2025-07-03 09:51:43.000,25.616666666666667,1.0091634833333334,32,3,osrm
274,delivered,2025-07-03 09:27:47,2025-07-03 09:42:39.221749,2025-07-03 09:42:39.221749,2025-07-03 09:53:42.000,25.916666666666668,0.0,27,4,osrm
275,delivered,2025-07-03 09:28:23,2025-07-03 09:44:04.608132,2025-07-03 09:44:04.608132,2025-07-03 09:45:06.800,16.73,0.0,11,4,osrm
276,delivered,2025-07-03 09:28:03,2025-07-03 09:38:40.551414,2025-07-03 09:52:02.744248,2025-07-03 09:55:32.700,27.495,13.369880566666666,3,3,osrm
277,delivered,2025-07-03 09:28:59,2025-07-03 09:42:22.309113,2025-07-03 09:42:22.309113,2025-07-03 09:47:07.400,18.14,0.0,30,4,osrm
278,delivered,2025-07-03 09:28:48,2025-07-03 09:40:09.404241,2025-07-03 09:42:39.221749,2025-07-03 09:53:42.000,24.9,2.496958466666667,27,4,osrm
279,delivered,2025-07-03 09:29:42,2025-07-03 09:47:01.972671,2025-07-03 09:53:04.129512,2025-07-03 09:56:40.600,26.976666666666667,6.03594735,13,4,osrm
280,delivered,2025-07-03 09:29:04,2025-07-03 09:35:50.080152,2025-07-03 09:35:50.080152,2025-07-03 09:39:10.900,10.115,0.0,17,3,osrm
281,delivered,2025-07-03 09:29:40,2025-07-03 09:40:46.797204,2025-07-03 09:44:17.600000,2025-07-03 09:51:43.000,22.05,3.5133799333333333,32,3,osrm
282,delivered,2025-07-03 09:29:37,2025-07-03 09:41:01.576048,2025-07-03 09:41:01.576048,2025-07-03 09:46:08.000,16.516666666666666,0.0,23,3,osrm
283,delivered,2025-07-03 09:30:21,2025-07-03 09:48:21.987664,2025-07-03 10:03:35.197468,2025-07-03 10:08:36.900,38.265,15.220163399999999,16,3,osrm
284,delivered,2025-07-03 09:30:23,2025-07-03 09:42:13.900994,2025-07-03 09:46:43.579041,2025-07-03 09:47:57.900,17.581666666666667,4.494634116666666,21,4,osrm
285,delivered,2025-07-03 09:31:22,2025-07-03 09:45:45.068429,2025-07-03 09:58:00.200000,2025-07-03 10:05:05.100,33.718333333333334,12.25219285,31,3,osrm
286,delivered,2025-07-03 09:31:31,2025-07-03 09:43:12.185047,2025-07-03 09:46:43.579041,2025-07-03 09:47:57.900,16.448333333333334,3.5232332333333334,21,4,osrm
287,delivered,2025-07-03 09:31:37,2025-07-03 09:44:21.193613,2025-07-03 09:45:06.300000,2025-07-03 09:50:01.700,18.41166666666667,0.7517731166666667,26,2,osrm
288,delivered,2025-07-03 09:32:11,2025-07-03 09:40:12.888997,2025-07-03 09:42:11.556589,2025-07-03 09:46:34.800,14.396666666666667,1.9777932,33,4,osrm
289,delivered,2025-07-03 09:32:27,2025-07-03 09:46:43.579041,2025-07-03 09:46:43.579041,2025-07-03 09:47:57.900,15.514999999999999,0.0,21,4,osrm
290,delivered,2025-07-03 09:32:40,2025-07-03 09:47:31.038432,2025-07-03 10:03:35.197468,2025-07-03 10:08:36.900,35.94833333333334,16.069317266666665,16,3,osrm
291,delivered,2025-07-03 09:32:46,2025-07-03 09:44:30.084236,2025-07-03 09:44:30.084236,2025-07-03 09:50:04.400,17.30666666666667,0.0,1,3,osrm
292,delivered,2025-07-03 09:32:47,2025-07-03 09:42:11.556589,2025-07-03 09:42:11.556589,2025-07-03 09:46:34.800,13.796666666666665,0.0,33,4,osrm
293,delivered,2025-07-03 09:33:49,2025-07-03 09:47:59.196764,2025-07-03 09:48:49.200000,2025-07-03 09:56:24.300,22.58833333333333,0.8333872666666667,7,4,osrm
294,delivered,2025-07-03 09:35:43,2025-07-03 09:46:59.322833,2025-07-03 10:11:04.869442,2025-07-03 10:12:02.000,36.31666666666667,24.092443483333334,18,3,osrm
295,delivered,2025-07-03 09:35:17,2025-07-03 09:47:43.349537,2025-07-03 09:48:49.200000,2025-07-03 09:56:24.300,21.121666666666666,1.0975077166666667,7,4,osrm
296,delivered,2025-07-03 09:36:07,2025-07-03 09:51:39.394000,2025-07-03 10:08:16.400000,2025-07-03 10:14:44.200,38.62,16.616766666666667,26,3,osrm
297,delivered,2025-07-03 09:36:31,2025-07-03 09:49:49.758767,2025-07-03 09:49:49.758767,2025-07-03 09:56:22.500,19.858333333333334,0.0,35,3,osrm
298,delivered,2025-07-03 09:36:38,2025-07-03 09:46:15.917747,2025-07-03 10:01:54.381698,2025-07-03 10:03:31.700,26.895,15.641065849999999,37,3,osrm
299,delivered,2025-07-03 09:36:57,2025-07-03 09:55:22.362596,2025-07-03 09:55:22.362596,2025-07-03 09:53:20.500,16.391666666666666,0.0,16,2,osrm
300,delivered,2025-07-03 09:36:45,2025-07-03 09:43:16.022827,2025-07-03 10:01:54.381698,2025-07-03 10:03:31.700,26.778333333333332,18.639314516666666,37,3,osrm
301,delivered,2025-07-03 09:37:47,2025-07-03 09:50:15.476191,2025-07-03 09:55:49.300000,2025-07-03 09:58:49.800,21.046666666666667,5.56373015,29,1,osrm
302,delivered,2025-07-03 09:37:44,2025-07-03 09:53:04.129512,2025-07-03 09:53:04.129512,2025-07-03 09:56:40.600,18.94333333333333,0.0,13,4,osrm
303,delivered,2025-07-03 09:37:52,2025-07-03 09:43:30.083407,2025-07-03 10:01:01.300000,2025-07-03 10:05:02.800,27.18,17.520276550000002,30,2,osrm
304,delivered,2025-07-03 09:37:47,2025-07-03 09:52:38.037091,2025-07-03 10:17:39.835156,2025-07-03 10:17:58.700,40.195,25.02996775,20,3,osrm
305,delivered,2025-07-03 09:37:48,2025-07-03 09:52:16.039274,2025-07-03 09:52:16.039274,2025-07-03 09:50:10.000,12.366666666666667,0.0,19,2,osrm
306,delivered,2025-07-03 09:37:29,2025-07-03 09:43:55.240980,2025-07-03 09:56:20.655754,2025-07-03 09:56:48.600,19.326666666666664,12.423579566666666,17,4,osrm
307,delivered,2025-07-03 09:38:12,2025-07-03 09:49:21.313756,2025-07-03 10:03:32.300000,2025-07-03 10:13:07.300,34.92166666666667,14.183104066666667,38,2,osrm
308,delivered,2025-07-03 09:38:42,2025-07-03 09:48:25.319189,2025-07-03 09:59:13.559938,2025-07-03 10:02:17.200,23.586666666666666,10.804012483333334,8,2,osrm
309,delivered,2025-07-03 09:38:46,2025-07-03 09:48:02.679943,2025-07-03 09:53:04.129512,2025-07-03 09:56:40.600,17.91,5.024159483333333,13,4,osrm
310,delivered,2025-07-03 09:40:14,2025-07-03 09:52:02.744248,2025-07-03 09:52:02.744248,2025-07-03 09:55:32.700,15.311666666666667,0.0,3,3,osrm
311,delivered,2025-07-03 09:40:51,2025-07-03 09:52:40.814254,2025-07-03 09:58:51.500000,2025-07-03 10:04:00.200,23.153333333333332,6.178095766666667,34,2,osrm
312,delivered,2025-07-03 09:41:39,2025-07-03 09:57:49.017321,2025-07-03 10:14:12.244193,2025-07-03 10:22:06.100,40.45166666666667,16.38711453333333,10,2,osrm
313,delivered,2025-07-03 09:41:11,2025-07-03 09:49:52.040441,2025-07-03 09:59:24.000000,2025-07-03 10:04:15.800,23.08,9.532659316666667,10,3,osrm
314,delivered,2025-07-03 09:42:57,2025-07-03 09:57:12.123565,2025-07-03 10:18:43.386546,2025-07-03 10:22:27.200,39.50333333333333,21.521049683333334,25,2,osrm
315,delivered,2025-07-03 09:42:31,2025-07-03 09:56:20.655754,2025-07-03 09:56:20.655754,2025-07-03 09:56:48.600,14.293333333333333,0.0,17,4,osrm
316,delivered,2025-07-03 09:42:07,2025-07-03 09:51:49.345766,2025-07-03 09:53:56.800000,2025-07-03 09:56:53.200,14.770000000000001,2.1242372333333335,39,1,osrm
317,delivered,2025-07-03 09:42:16,2025-07-03 09:53:25.409908,2025-07-03 09:56:20.655754,2025-07-03 09:56:48.600,14.543333333333333,2.9207641,17,4,osrm
318,delivered,2025-07-03 09:42:47,2025-07-03 09:53:39.306665,2025-07-03 09:58:01.435927,2025-07-03 10:04:28.700,21.695,4.368821033333333,12,4,osrm
319,delivered,2025-07-03 09:43:25,2025-07-03 09:58:46.192986,2025-07-03 10:03:32.300000,2025-07-03 10:13:07.300,29.705,4.768450233333334,38,2,osrm
320,delivered,2025-07-03 09:43:02,2025-07-03 09:55:25.172056,2025-07-03 10:12:35.600000,2025-07-03 10:19:34.600,36.54333333333333,17.173799066666668,4,2,osrm
321,delivered,2025-07-03 09:43:34,2025-07-03 09:55:19.845019,2025-07-03 09:59:24.000000,2025-07-03 10:04:15.800,20.696666666666665,4.069249683333333,10,3,osrm
322,delivered,2025-07-03 09:43:26,2025-07-03 09:58:01.435927,2025-07-03 09:58:01.435927,2025-07-03 10:04:28.700,21.045,0.0,12,4,osrm
323,delivered,2025-07-03 09:44:46,2025-07-03 09:58:24.608501,2025-07-03 10:17:39.835156,2025-07-03 10:17:58.700,33.211666666666666,19.25377758333333,20,3,osrm
324,delivered,2025-07-03 09:45:34,2025-07-03 10:00:17.566539,2025-07-03 10:20:06.300000,2025-07-03 10:23:09.100,37.585,19.81222435,16,2,osrm
325,delivered,2025-07-03 09:45:27,2025-07-03 09:55:37.181872,2025-07-03 10:17:51.553182,2025-07-03 10:20:05.800,34.64666666666667,22.239521833333335,36,3,osrm
326,delivered,2025-07-03 09:45:17,2025-07-03 09:58:04.024156,2025-07-03 10:13:03.400000,2025-07-03 10:20:13.800,34.94666666666667,14.989597400000001,5,2,osrm
327,delivered,2025-07-03 09:45:06,2025-07-03 09:54:19.366748,2025-07-03 09:59:24.000000,2025-07-03 10:04:15.800,19.163333333333334,5.077220866666667,10,3,osrm
328,delivered,2025-07-03 09:45:49,2025-07-03 10:05:41.296250,2025-07-03 10:11:04.869442,2025-07-03 10:12:02.000,26.216666666666665,5.392886533333334,18,3,osrm
329,delivered,2025-07-03 09:46:33,2025-07-03 10:02:17.135305,2025-07-03 10:20:06.300000,2025-07-03 10:23:09.100,36.60166666666667,17.81941158333333,16,2,osrm
330,delivered,2025-07-03 09:46:45,2025-07-03 10:03:57.088583,2025-07-03 10:17:35.600000,2025-07-03 10:21:48.100,35.05166666666666,13.641856950000001,14,1,osrm
331,delivered,2025-07-03 09:46:32,2025-07-03 09:53:25.023279,2025-07-03 09:58:01.435927,2025-07-03 10:04:28.700,17.945,4.606877466666666,12,4,osrm
332,delivered,2025-07-03 09:46:06,2025-07-03 09:54:52.537429,2025-07-03 09:59:37.700000,2025-07-03 10:01:31.400,15.423333333333334,4.752709516666667,24,1,osrm
333,delivered,2025-07-03 09:47:06,2025-07-03 10:01:35.325671,2025-07-03 10:19:29.400000,2025-07-03 10:21:34.600,34.47666666666667,17.901238816666666,22,2,osrm
334,delivered,2025-07-03 09:47:15,2025-07-03 10:01:54.381698,2025-07-03 10:01:54.381698,2025-07-03 10:03:31.700,16.278333333333332,0.0,37,3,osrm
335,delivered,2025-07-03 09:48:25,2025-07-03 09:58:24.373726,2025-07-03 10:01:01.300000,2025-07-03 10:05:02.800,16.63,2.6154379000000003,30,2,osrm
336,delivered,2025-07-03 09:48:17,2025-07-03 09:59:13.559938,2025-07-03 09:59:13.559938,2025-07-03 10:02:17.200,14.003333333333334,0.0,8,2,osrm
337,delivered,2025-07-03 09:48:57,2025-07-03 09:57:24.887842,2025-07-03 09:58:00.200000,2025-07-03 10:05:05.100,16.135,0.5885359666666666,31,3,osrm
338,delivered,2025-07-03 09:49:54,2025-07-03 10:04:01.026807,2025-07-03 10:08:16.400000,2025-07-03 10:14:44.200,24.836666666666666,4.256219883333333,26,3,osrm
339,delivered,2025-07-03 09:49:19,2025-07-03 10:04:18.534932,2025-07-03 10:17:51.553182,2025-07-03 10:20:05.800,30.779999999999998,13.550304166666667,36,3,osrm
340,delivered,2025-07-03 09:49:35,2025-07-03 10:02:29.443085,2025-07-03 10:09:15.100000,2025-07-03 10:14:04.700,24.495,6.760948583333334,7,2,osrm
341,delivered,2025-07-03 09:49:59,2025-07-03 10:02:51.043745,2025-07-03 10:19:20.900000,2025-07-03 10:25:34.000,35.583333333333336,16.497604250000002,19,2,osrm
342,delivered,2025-07-03 09:50:13,2025-07-03 09:55:13.000000,2025-07-03 10:02:26.600000,2025-07-03 10:07:07.400,16.906666666666666,7.2266666666666675,32,1,osrm
343,delivered,2025-07-03 09:51:54,2025-07-03 10:04:12.949968,2025-07-03 10:09:15.100000,2025-07-03 10:14:04.700,22.178333333333335,5.035833866666667,7,2,osrm
344,delivered,2025-07-03 09:51:30,2025-07-03 09:56:30.000000,2025-07-03 09:58:51.500000,2025-07-03 10:04:00.200,12.503333333333334,2.3583333333333334,34,2,osrm
345,delivered,2025-07-03 09:51:05,2025-07-03 10:06:09.562205,2025-07-03 10:13:31.127119,2025-07-03 10:19:47.100,28.701666666666664,7.359415233333333,30,3,osrm
346,delivered,2025-07-03 09:51:37,2025-07-03 10:03:25.756103,2025-07-03 10:18:45.100000,2025-07-03 10:23:34.900,31.965,15.322398283333333,21,4,osrm
347,delivered,2025-07-03 09:51:47,2025-07-03 10:03:35.197468,2025-07-03 10:03:35.197468,2025-07-03 10:08:36.900,16.831666666666667,0.0,16,3,osrm
348,delivered,2025-07-03 09:54:56,2025-07-03 10:02:28.611507,2025-07-03 10:13:47.900000,2025-07-03 10:18:32.800,23.613333333333333,11.321474883333334,37,4,osrm
349,delivered,2025-07-03 09:54:18,2025-07-03 10:05:48.204259,2025-07-03 10:13:47.900000,2025-07-03 10:18:32.800,24.246666666666666,7.994929016666666,37,4,osrm
350,delivered,2025-07-03 09:55:33,2025-07-03 10:09:53.382386,2025-07-03 10:13:00.200000,2025-07-03 10:17:33.600,22.009999999999998,3.1136269,6,2,osrm
351,delivered,2025-07-03 09:56:32,2025-07-03 10:06:42.182661,2025-07-03 10:19:20.900000,2025-07-03 10:25:34.000,29.033333333333335,12.645288983333334,19,2,osrm
352,delivered,2025-07-03 09:56:56,2025-07-03 10:05:57.774352,2025-07-03 10:18:45.100000,2025-07-03 10:23:34.900,26.648333333333333,12.7887608,21,4,osrm
353,delivered,2025-07-03 09:56:20,2025-07-03 10:10:37.349801,2025-07-03 10:25:54.900000,2025-07-03 10:28:59.200,32.653333333333336,15.292503316666666,13,1,osrm
354,delivered,2025-07-03 09:57:32,2025-07-03 10:05:27.384959,2025-07-03 10:22:35.600000,2025-07-03 10:26:48.100,29.26833333333333,17.136917349999997,11,2,osrm
355,delivered,2025-07-03 09:57:14,2025-07-03 10:06:50.544577,2025-07-03 10:08:16.400000,2025-07-03 10:14:44.200,17.503333333333334,1.4309237166666666,26,3,osrm
356,delivered,2025-07-03 09:58:46,2025-07-03 10:14:00.019309,2025-07-03 10:19:21.400000,2025-07-03 10:22:55.600,24.16,5.35634485,33,2,osrm
357,delivered,2025-07-03 09:58:26,2025-07-03 10:10:36.663631,2025-07-03 10:12:35.600000,2025-07-03 10:19:34.600,21.14333333333333,1.9822728166666665,4,2,osrm
358,delivered,2025-07-03 09:58:02,2025-07-03 10:06:25.100072,2025-07-03 10:30:29.051699,2025-07-03 10:29:11.300,31.154999999999998,24.06586045,34,2,osrm
359,delivered,2025-07-03 09:58:50,2025-07-03 10:08:37.479733,2025-07-03 10:10:43.100000,2025-07-03 10:14:02.800,15.213333333333333,2.0936711166666666,13,1,osrm
360,delivered,2025-07-03 09:59:14,2025-07-03 10:12:54.741784,2025-07-03 10:13:03.400000,2025-07-03 10:20:13.800,20.996666666666666,0.1443036,5,2,osrm
361,delivered,2025-07-03 09:59:29,2025-07-03 10:11:04.869442,2025-07-03 10:11:04.869442,2025-07-03 10:12:02.000,12.55,0.0,18,3,osrm
362,delivered,2025-07-03 09:59:15,2025-07-03 10:09:35.226249,2025-07-03 10:19:58.100000,2025-07-03 10:24:54.700,25.66166666666667,10.381229183333334,28,2,osrm
363,delivered,2025-07-03 09:59:01,2025-07-03 10:08:51.742393,2025-07-03 10:14:00.800000,2025-07-03 10:17:16.900,18.265,5.150960116666667,27,1,osrm
364,delivered,2025-07-03 09:59:13,2025-07-03 10:10:32.332024,2025-07-03 10:13:47.900000,2025-07-03 10:18:32.800,19.33,3.2594662666666663,37,4,osrm
365,delivered,2025-07-03 09:59:25,2025-07-03 10:12:21.492042,2025-07-03 10:13:00.200000,2025-07-03 10:17:33.600,18.14333333333333,0.6451326333333333,6,2,osrm
366,delivered,2025-07-03 09:59:14,2025-07-03 10:06:00.292161,2025-07-03 10:20:16.400000,2025-07-03 10:24:32.700,25.311666666666667,14.268463983333334,39,1,osrm
367,delivered,2025-07-03 10:00:43,2025-07-03 10:17:51.553182,2025-07-03 10:17:51.553182,2025-07-03 10:20:05.800,19.38,0.0,36,3,osrm
368,delivered,2025-07-03 10:00:26,2025-07-03 10:15:35.734143,2025-07-03 10:33:39.900000,2025-07-03 10:35:52.500,35.44166666666667,18.06943095,40,1,osrm
369,delivered,2025-07-03 10:00:28,2025-07-03 10:13:31.127119,2025-07-03 10:13:31.127119,2025-07-03 10:19:47.100,19.31833333333333,0.0,30,3,osrm
370,delivered,2025-07-03 10:00:16,2025-07-03 10:14:12.914533,2025-07-03 10:20:09.100000,2025-07-03 10:24:25.200,24.153333333333332,5.9364244500000005,1,2,osrm
371,delivered,2025-07-03 10:01:27,2025-07-03 10:07:44.196141,2025-07-03 10:25:25.800000,2025-07-03 10:28:38.200,27.186666666666667,17.69339765,24,2,osrm
372,delivered,2025-07-03 10:02:23,2025-07-03 10:14:03.304183,2025-07-03 10:18:45.100000,2025-07-03 10:23:34.900,21.198333333333334,4.69659695,21,4,osrm
373,delivered,2025-07-03 10:02:26,2025-07-03 10:15:55.625663,2025-07-03 10:19:44.700000,2025-07-03 10:23:46.500,21.341666666666665,3.8179056166666667,3,1,osrm
374,delivered,2025-07-03 10:02:13,2025-07-03 10:13:59.263340,2025-07-03 10:15:12.200000,2025-07-03 10:17:25.900,15.215,1.215611,8,1,osrm
375,delivered,2025-07-03 10:02:41,2025-07-03 10:17:52.922396,2025-07-03 10:24:33.500000,2025-07-03 10:28:56.300,26.255,6.6762934000000005,38,2,osrm
376,delivered,2025-07-03 10:02:46,2025-07-03 10:14:12.244193,2025-07-03 10:14:12.244193,2025-07-03 10:22:06.100,19.334999999999997,0.0,10,2,osrm
377,delivered,2025-07-03 10:04:40,2025-07-03 10:18:43.386546,2025-07-03 10:18:43.386546,2025-07-03 10:22:27.200,17.78666666666667,0.0,25,2,osrm
378,delivered,2025-07-03 10:04:28,2025-07-03 10:17:39.835156,2025-07-03 10:17:39.835156,2025-07-03 10:17:58.700,13.511666666666667,0.0,20,3,osrm
379,delivered,2025-07-03 10:04:53,2025-07-03 10:19:03.372136,2025-07-03 10:24:33.500000,2025-07-03 10:28:56.300,24.055,5.502131066666666,38,2,osrm
380,delivered,2025-07-03 10:04:30,2025-07-03 10:18:45.979881,2025-07-03 10:23:59.700000,2025-07-03 10:27:43.600,23.226666666666667,5.22866865,12,1,osrm
381,delivered,2025-07-03 10:05:01,2025-07-03 10:17:25.126950,2025-07-03 10:19:58.100000,2025-07-03 10:24:54.700,19.895,2.5495508333333334,28,2,osrm
382,delivered,2025-07-03 10:06:13,2025-07-03 10:17:15.035711,2025-07-03 10:18:32.500000,2025-07-03 10:19:38.200,13.42,1.2910714833333332,32,1,osrm
383,delivered,2025-07-03 10:06:41,2025-07-03 10:18:17.054477,2025-07-03 10:29:11.600000,2025-07-03 10:32:46.400,26.09,10.90909205,8,1,osrm
384,delivered,2025-07-03 10:07:16,2025-07-03 10:23:50.035733,2025-07-03 10:29:17.500000,2025-07-03 10:34:19.900,27.065,5.457737783333333,4,2,osrm
385,delivered,2025-07-03 10:09:15,2025-07-03 10:17:48.860971,2025-07-03 10:22:35.600000,2025-07-03 10:26:48.100,17.551666666666666,4.778983816666667,11,2,osrm
386,delivered,2025-07-03 10:09:24,2025-07-03 10:18:20.577802,2025-07-03 10:20:30.100000,2025-07-03 10:23:06.700,13.711666666666668,2.1587033,9,1,osrm
387,delivered,2025-07-03 10:10:12,2025-07-03 10:18:16.990261,2025-07-03 10:19:21.400000,2025-07-03 10:22:55.600,12.726666666666667,1.0734956500000001,33,2,osrm
388,delivered,2025-07-03 10:11:56,2025-07-03 10:22:30.670390,2025-07-03 10:25:25.800000,2025-07-03 10:28:38.200,16.703333333333333,2.9188268333333336,24,2,osrm
389,delivered,2025-07-03 10:11:29,2025-07-03 10:25:08.596823,2025-07-03 10:25:08.596823,2025-07-03 10:25:21.800,13.879999999999999,0.0,7,1,osrm
390,delivered,2025-07-03 10:13:54,2025-07-03 10:23:11.820053,2025-07-03 10:29:17.500000,2025-07-03 10:34:19.900,20.43166666666667,6.094665783333334,4,2,osrm
391,delivered,2025-07-03 10:16:59,2025-07-03 10:32:22.399894,2025-07-03 10:32:59.400000,2025-07-03 10:35:54.200,18.92,0.6166684333333333,14,1,osrm
392,delivered,2025-07-03 10:16:29,2025-07-03 10:30:29.051699,2025-07-03 10:30:29.051699,2025-07-03 10:29:11.300,12.705,0.0,34,2,osrm
393,delivered,2025-07-03 10:16:52,2025-07-03 10:34:05.176774,2025-07-03 10:34:05.176774,2025-07-03 10:36:27.400,19.59,0.0,1,1,osrm
394,delivered,2025-07-03 10:18:27,2025-07-03 10:29:20.639308,2025-07-03 10:33:10.400000,2025-07-03 10:36:41.400,18.240000000000002,3.8293448666666667,22,1,osrm
395,delivered,2025-07-03 10:19:35,2025-07-03 10:32:48.516018,2025-07-03 10:33:17.100000,2025-07-03 10:37:13.600,17.64333333333333,0.4763997,9,1,osrm
396,delivered,2025-07-03 10:20:24,2025-07-03 10:32:39.095300,2025-07-03 10:34:44.700000,2025-07-03 10:38:11.000,17.783333333333335,2.0934116666666664,16,1,osrm
397,delivered,2025-07-03 10:20:08,2025-07-03 10:35:00.433447,2025-07-03 10:35:00.433447,2025-07-03 10:36:08.000,16.0,0.0,18,1,osrm
398,delivered,2025-07-03 10:20:25,2025-07-03 10:26:47.280833,2025-07-03 10:30:15.600000,2025-07-03 10:34:47.000,14.366666666666667,3.4719861166666663,36,1,osrm
399,delivered,2025-07-03 10:21:50,2025-07-03 10:32:42.072300,2025-07-03 10:35:31.500000,2025-07-03 10:38:53.200,17.053333333333335,2.8237949999999996,2,1,osrm
400,delivered,2025-07-03 10:22:41,2025-07-03 10:32:44.980849,2025-07-03 10:34:21.600000,2025-07-03 10:36:46.900,14.098333333333333,1.6103191833333335,25,1,osrm
401,delivered,2025-07-03 10:22:57,2025-07-03 10:35:04.116092,2025-07-03 10:35:04.116092,2025-07-03 10:39:22.800,16.43,0.0,3,1,osrm
402,delivered,2025-07-03 10:22:50,2025-07-03 10:36:58.692575,2025-07-03 10:38:39.900000,2025-07-03 10:40:36.400,17.773333333333333,1.6867904166666667,7,1,osrm
403,delivered,2025-07-03 10:23:31,2025-07-03 10:33:29.961015,2025-07-03 10:35:18.600000,2025-07-03 10:38:38.700,15.128333333333334,1.81064975,21,1,osrm
404,delivered,2025-07-03 10:23:50,2025-07-03 10:34:02.006250,2025-07-03 10:36:25.000000,2025-07-03 10:39:53.700,16.061666666666667,2.3832291666666667,10,1,osrm
405,delivered,2025-07-03 10:23:36,2025-07-03 10:35:50.158106,2025-07-03 10:40:00.400000,2025-07-03 10:43:30.500,19.908333333333335,4.170698233333334,19,1,osrm
406,delivered,2025-07-03 10:24:23,2025-07-03 10:37:41.937204,2025-07-03 10:39:03.300000,2025-07-03 10:42:39.000,18.266666666666666,1.3560466,30,1,osrm
407,delivered,2025-07-03 10:25:36,2025-07-03 10:35:08.427271,2025-07-03 10:35:13.900000,2025-07-03 10:37:42.300,12.104999999999999,0.09121215,15,1,osrm
408,delivered,2025-07-03 10:25:33,2025-07-03 10:45:10.185073,2025-07-03 10:48:48.600000,2025-07-03 10:51:00.800,25.46333333333333,3.6402487833333335,18,1,osrm
409,delivered,2025-07-03 10:27:14,2025-07-03 10:35:08.726969,2025-07-03 10:50:06.200000,2025-07-03 10:55:09.100,27.918333333333333,14.95788385,38,1,osrm
410,delivered,2025-07-03 10:29:18,2025-07-03 10:41:40.501921,2025-07-03 10:44:39.200000,2025-07-03 10:47:42.600,18.41,2.9783013166666668,39,1,osrm
411,delivered,2025-07-03 10:30:47,2025-07-03 10:39:11.632635,2025-07-03 10:39:35.700000,2025-07-03 10:41:57.500,11.175,0.40112275,34,1,osrm
412,delivered,2025-07-03 10:31:43,2025-07-03 10:39:19.358586,2025-07-03 10:39:19.358586,2025-07-03 10:41:54.700,10.195,0.0,35,1,osrm
413,delivered,2025-07-03 10:32:35,2025-07-03 10:47:14.677641,2025-07-03 10:48:23.000000,2025-07-03 10:51:34.900,18.998333333333335,1.1387059833333335,1,1,osrm
414,delivered,2025-07-03 10:33:04,2025-07-03 10:44:48.642403,2025-07-03 10:44:48.642403,2025-07-03 10:46:54.800,13.846666666666666,0.0,36,1,osrm
415,delivered,2025-07-03 10:33:16,2025-07-03 10:42:59.850478,2025-07-03 10:43:42.900000,2025-07-03 10:46:09.100,12.885,0.7174920333333333,26,1,osrm
416,delivered,2025-07-03 10:38:25,2025-07-03 10:50:48.537245,2025-07-03 10:53:33.500000,2025-07-03 10:56:19.500,17.908333333333335,2.7493792499999996,30,1,osrm
417,delivered,2025-07-03 10:38:31,2025-07-03 10:57:53.555967,2025-07-03 10:59:55.400000,2025-07-03 11:03:56.800,25.43,2.0307338833333333,23,1,osrm
418,delivered,2025-07-03 10:39:43,2025-07-03 10:54:02.406959,2025-07-03 10:54:02.406959,2025-07-03 10:58:11.700,18.478333333333335,0.0,25,1,osrm
419,delivered,2025-07-03 10:41:00,2025-07-03 10:56:22.088930,2025-07-03 10:59:03.200000,2025-07-03 11:01:53.400,20.89,2.6851845,15,1,osrm
420,delivered,2025-07-03 10:44:25,2025-07-03 11:01:15.455740,2025-07-03 11:03:51.200000,2025-07-03 11:08:00.400,23.59,2.5957376666666665,29,1,osrm
421,delivered,2025-07-03 10:47:56,2025-07-03 11:04:19.337332,2025-07-03 11:04:19.337332,2025-07-03 11:07:25.600,19.493333333333332,0.0,35,1,osrm
422,delivered,2025-07-03 10:51:33,2025-07-03 11:01:09.048375,2025-07-03 11:13:05.000000,2025-07-03 11:18:46.300,27.221666666666668,11.932527083333333,3,1,osrm
423,delivered,2025-07-03 10:55:14,2025-07-03 11:08:22.791192,2025-07-03 11:08:22.791192,2025-07-03 11:09:48.800,14.58,0.0,13,1,osrm
424,delivered,2025-07-03 10:58:52,2025-07-03 11:05:58.338986,2025-07-03 11:08:10.400000,2025-07-03 11:11:11.000,12.316666666666666,2.2010169,11,1,osrm
425,delivered,2025-07-03 10:58:43,2025-07-03 11:11:44.335530,2025-07-03 11:14:53.800000,2025-07-03 11:18:50.000,20.116666666666667,3.157741166666667,18,1,osrm
426,delivered,2025-07-03 10:59:52,2025-07-03 11:11:20.069784,2025-07-03 11:14:08.400000,2025-07-03 11:15:49.700,15.961666666666668,2.8055036,37,1,osrm
427,delivered,2025-07-03 11:00:59,2025-07-03 11:11:59.160869,2025-07-03 11:15:11.300000,2025-07-03 11:18:42.000,17.716666666666665,3.2023188499999997,26,1,osrm
428,delivered,2025-07-03 11:02:59,2025-07-03 11:16:37.420077,2025-07-03 11:17:43.800000,2025-07-03 11:21:24.900,18.43166666666667,1.10633205,34,1,osrm
429,delivered,2025-07-03 11:02:24,2025-07-03 11:11:15.825338,2025-07-03 11:14:32.200000,2025-07-03 11:17:00.300,14.604999999999999,3.2729110333333336,5,1,osrm
430,delivered,2025-07-03 11:02:13,2025-07-03 11:12:35.553333,2025-07-03 11:13:42.900000,2025-07-03 11:15:57.200,13.736666666666668,1.12244445,39,1,osrm
431,delivered,2025-07-03 11:03:41,2025-07-03 11:16:08.273973,2025-07-03 11:18:05.000000,2025-07-03 11:22:11.600,18.509999999999998,1.9454337833333333,14,1,osrm
432,delivered,2025-07-03 11:08:36,2025-07-03 11:19:53.279944,2025-07-03 11:19:53.279944,2025-07-03 11:21:36.200,13.003333333333334,0.0,6,1,osrm
433,delivered,2025-07-03 11:13:55,2025-07-03 11:22:24.731723,2025-07-03 11:23:35.600000,2025-07-03 11:27:03.900,13.148333333333333,1.18113795,2,1,osrm
434,delivered,2025-07-03 11:14:22,2025-07-03 11:22:18.988002,2025-07-03 11:23:31.600000,2025-07-03 11:25:48.100,11.435,1.2101999666666667,8,1,osrm
435,delivered,2025-07-03 11:16:20,2025-07-03 11:26:57.070705,2025-07-03 11:29:05.900000,2025-07-03 11:33:33.100,17.21833333333333,2.1471549166666666,23,1,osrm
436,delivered,2025-07-03 11:18:17,2025-07-03 11:29:22.475034,2025-07-03 11:29:22.475034,2025-07-03 11:32:07.800,13.846666666666666,0.0,26,1,osrm
437,delivered,2025-07-03 11:19:33,2025-07-03 11:32:33.589821,2025-07-03 11:33:23.500000,2025-07-03 11:36:21.400,16.806666666666665,0.8318363166666667,6,1,osrm
438,delivered,2025-07-03 11:20:32,2025-07-03 11:28:33.962452,2025-07-03 11:28:40.800000,2025-07-03 11:31:14.900,10.715,0.11395913333333334,16,1,osrm
439,delivered,2025-07-03 11:23:54,2025-07-03 11:37:23.927911,2025-07-03 11:38:15.100000,2025-07-03 11:41:54.000,18.0,0.85286815,13,1,osrm
440,delivered,2025-07-03 11:25:06,2025-07-03 11:30:06.000000,2025-07-03 11:30:06.000000,2025-07-03 11:31:59.200,6.886666666666667,0.0,7,1,osrm
441,delivered,2025-07-03 11:26:29,2025-07-03 11:36:28.055212,2025-07-03 11:39:11.400000,2025-07-03 11:40:52.000,14.383333333333333,2.7224131333333332,20,1,osrm
442,delivered,2025-07-03 11:27:25,2025-07-03 11:36:26.916759,2025-07-03 11:38:04.100000,2025-07-03 11:41:16.900,13.865,1.6197206833333333,8,1,osrm
443,delivered,2025-07-03 11:29:38,2025-07-03 11:37:54.867516,2025-07-03 11:39:12.700000,2025-07-03 11:42:24.400,12.773333333333333,1.2972080666666665,21,1,osrm
444,delivered,2025-07-03 11:32:10,2025-07-03 11:47:46.348268,2025-07-03 11:49:12.700000,2025-07-03 11:53:31.600,21.36,1.4391955333333333,34,1,osrm
445,delivered,2025-07-03 11:34:23,2025-07-03 11:40:20.464135,2025-07-03 11:43:12.800000,2025-07-03 11:48:04.700,13.695,2.872264416666667,11,1,osrm
446,delivered,2025-07-03 11:34:31,2025-07-03 11:48:30.529844,2025-07-03 11:48:58.600000,2025-07-03 11:53:27.700,18.945,0.46783593333333334,30,1,osrm
447,delivered,2025-07-03 11:35:16,2025-07-03 11:49:17.795176,2025-07-03 11:49:17.795176,2025-07-03 11:51:38.300,16.371666666666666,0.0,32,1,osrm
448,delivered,2025-07-03 11:35:02,2025-07-03 11:45:10.704376,2025-07-03 11:49:53.100000,2025-07-03 11:52:06.700,17.078333333333333,4.706593733333333,31,1,osrm
449,delivered,2025-07-03 11:36:50,2025-07-03 11:46:18.719772,2025-07-03 11:49:19.800000,2025-07-03 11:52:10.800,15.346666666666666,3.0180038000000002,24,1,osrm
450,delivered,2025-07-03 11:36:10,2025-07-03 11:50:44.420272,2025-07-03 11:53:54.500000,2025-07-03 11:57:19.200,21.153333333333332,3.1679954666666665,21,1,osrm
451,delivered,2025-07-03 11:37:12,2025-07-03 11:51:28.015846,2025-07-03 11:53:37.700000,2025-07-03 11:57:05.000,19.883333333333333,2.1614025666666667,5,1,osrm
452,delivered,2025-07-03 11:38:54,2025-07-03 11:54:27.354252,2025-07-03 11:54:27.354252,2025-07-03 11:56:35.600,17.69333333333333,0.0,10,1,osrm
453,delivered,2025-07-03 11:38:21,2025-07-03 11:53:08.390022,2025-07-03 11:53:15.600000,2025-07-03 11:55:18.700,16.961666666666666,0.12016629999999999,16,1,osrm
454,delivered,2025-07-03 11:39:07,2025-07-03 11:53:14.000352,2025-07-03 11:53:14.000352,2025-07-03 11:54:59.600,15.876666666666667,0.0,15,1,osrm
455,delivered,2025-07-03 11:39:27,2025-07-03 11:44:27.000000,2025-07-03 11:44:32.200000,2025-07-03 11:47:00.000,7.55,0.08666666666666667,28,1,osrm
456,delivered,2025-07-03 11:40:40,2025-07-03 11:56:16.842304,2025-07-03 11:58:49.300000,2025-07-03 12:01:54.100,21.235,2.5409616,25,1,osrm
457,delivered,2025-07-03 11:41:05,2025-07-03 11:50:10.932702,2025-07-03 11:52:30.100000,2025-07-03 11:56:00.800,14.93,2.3194549666666666,29,1,osrm
458,delivered,2025-07-03 11:43:02,2025-07-03 11:54:51.034028,2025-07-03 11:54:51.034028,2025-07-03 11:57:41.700,14.661666666666667,0.0,8,1,osrm
459,delivered,2025-07-03 11:43:33,2025-07-03 11:52:19.173984,2025-07-03 11:53:20.300000,2025-07-03 11:56:11.000,12.633333333333333,1.0187669333333333,39,1,osrm
460,delivered,2025-07-03 11:44:31,2025-07-03 11:57:00.144076,2025-07-03 11:58:46.900000,2025-07-03 12:02:12.100,17.685,1.7792653999999999,7,1,osrm
461,delivered,2025-07-03 11:44:01,2025-07-03 11:57:43.308631,2025-07-03 11:58:51.700000,2025-07-03 12:02:35.300,18.571666666666665,1.13985615,26,1,osrm
462,delivered,2025-07-03 11:45:09,2025-07-03 11:56:10.353491,2025-07-03 11:58:33.500000,2025-07-03 12:02:39.100,17.501666666666665,2.38577515,3,1,osrm
463,delivered,2025-07-03 11:46:11,2025-07-03 12:02:51.666330,2025-07-03 12:03:44.100000,2025-07-03 12:06:29.800,20.313333333333333,0.8738945,15,1,osrm
464,delivered,2025-07-03 11:47:09,2025-07-03 12:02:54.142683,2025-07-03 12:03:52.200000,2025-07-03 12:07:47.300,20.638333333333332,0.96762195,18,1,osrm
465,delivered,2025-07-03 11:51:15,2025-07-03 12:04:05.504522,2025-07-03 12:04:05.504522,2025-07-03 12:06:09.600,14.91,0.0,31,1,osrm
466,delivered,2025-07-03 11:53:09,2025-07-03 12:02:22.797824,2025-07-03 12:04:20.300000,2025-07-03 12:06:12.000,13.05,1.9583696000000002,9,1,osrm
467,delivered,2025-07-03 11:56:23,2025-07-03 12:12:47.230665,2025-07-03 12:14:02.300000,2025-07-03 12:15:44.600,19.36,1.2511555833333332,22,1,osrm
468,delivered,2025-07-03 11:57:39,2025-07-03 12:09:07.056120,2025-07-03 12:09:07.056120,2025-07-03 12:11:31.000,13.866666666666667,0.0,4,1,osrm
469,delivered,2025-07-03 11:58:54,2025-07-03 12:09:33.173383,2025-07-03 12:09:33.173383,2025-07-03 12:12:25.700,13.528333333333334,0.0,6,1,osrm
470,delivered,2025-07-03 12:00:36,2025-07-03 12:13:15.874729,2025-07-03 12:14:02.300000,2025-07-03 12:16:41.300,16.08833333333333,0.7737545166666667,25,1,osrm
471,delivered,2025-07-03 12:02:47,2025-07-03 12:08:02.204324,2025-07-03 12:08:02.204324,2025-07-03 12:11:20.500,8.558333333333334,0.0,28,1,osrm
472,delivered,2025-07-03 12:03:18,2025-07-03 12:16:21.579811,2025-07-03 12:19:21.300000,2025-07-03 12:23:12.800,19.913333333333334,2.9953364833333334,39,1,osrm
473,delivered,2025-07-03 12:05:38,2025-07-03 12:19:04.016755,2025-07-03 12:19:04.016755,2025-07-03 12:20:52.500,15.241666666666667,0.0,18,1,osrm
474,delivered,2025-07-03 12:08:26,2025-07-03 12:19:40.233009,2025-07-03 12:19:55.800000,2025-07-03 12:22:41.400,14.256666666666666,0.25944985,40,1,osrm
475,delivered,2025-07-03 12:10:43,2025-07-03 12:21:32.199828,2025-07-03 12:23:56.700000,2025-07-03 12:28:25.200,17.703333333333333,2.4083362,28,1,osrm
476,delivered,2025-07-03 12:13:46,2025-07-03 12:26:14.248642,2025-07-03 12:28:52.100000,2025-07-03 12:30:59.900,17.23166666666667,2.6308559666666667,34,1,osrm
477,delivered,2025-07-03 12:18:05,2025-07-03 12:30:50.758433,2025-07-03 12:34:42.000000,2025-07-03 12:39:16.500,21.191666666666666,3.8540261166666667,18,1,osrm
478,delivered,2025-07-03 12:19:59,2025-07-03 12:34:33.951414,2025-07-03 12:34:51.600000,2025-07-03 12:36:55.300,16.938333333333333,0.29414310000000005,2,1,osrm
479,delivered,2025-07-03 12:21:22,2025-07-03 12:32:22.284492,2025-07-03 12:33:46.300000,2025-07-03 12:37:00.600,15.643333333333334,1.4002584666666666,3,1,osrm
480,delivered,2025-07-03 12:22:15,2025-07-03 12:30:40.894696,2025-07-03 12:49:56.900000,2025-07-03 12:55:29.300,33.23833333333333,19.26675506666667,3,1,osrm
481,delivered,2025-07-03 12:23:39,2025-07-03 12:37:26.241776,2025-07-03 12:39:29.200000,2025-07-03 12:42:07.200,18.470000000000002,2.0493037333333333,19,1,osrm
482,delivered,2025-07-03 12:23:18,2025-07-03 12:40:17.929855,2025-07-03 12:43:10.300000,2025-07-03 12:45:14.800,21.946666666666665,2.87283575,27,1,osrm
483,delivered,2025-07-03 12:25:59,2025-07-03 12:40:09.376098,2025-07-03 12:44:03.900000,2025-07-03 12:45:38.100,19.651666666666664,3.9087316999999997,20,1,osrm
484,delivered,2025-07-03 12:26:02,2025-07-03 12:37:12.549277,2025-07-03 12:39:10.800000,2025-07-03 12:41:58.700,15.945,1.9708453833333333,29,1,osrm
485,delivered,2025-07-03 12:26:05,2025-07-03 12:34:41.700011,2025-07-03 12:34:41.700011,2025-07-03 12:39:22.700,13.295,0.0,6,1,osrm
486,delivered,2025-07-03 12:28:33,2025-07-03 12:39:29.891655,2025-07-03 12:39:29.891655,2025-07-03 12:43:24.400,14.856666666666666,0.0,28,1,osrm
487,delivered,2025-07-03 12:29:44,2025-07-03 12:43:10.276358,2025-07-03 12:44:56.900000,2025-07-03 12:50:01.200,20.28666666666667,1.7770607,30,1,osrm
488,delivered,2025-07-03 12:32:31,2025-07-03 12:43:44.277932,2025-07-03 12:43:44.277932,2025-07-03 12:47:13.500,14.708333333333334,0.0,13,1,osrm
489,delivered,2025-07-03 12:32:21,2025-07-03 12:44:31.004334,2025-07-03 12:45:44.700000,2025-07-03 12:49:53.400,17.540000000000003,1.2282611,23,1,osrm
490,delivered,2025-07-03 12:33:26,2025-07-03 12:46:38.969739,2025-07-03 12:49:07.900000,2025-07-03 12:52:49.900,19.398333333333333,2.482171016666667,2,1,osrm
491,delivered,2025-07-03 12:33:13,2025-07-03 12:45:14.372713,2025-07-03 12:47:42.000000,2025-07-03 12:51:40.400,18.456666666666667,2.4604547833333332,38,1,osrm
492,delivered,2025-07-03 12:33:01,2025-07-03 12:48:10.367749,2025-07-03 12:49:12.500000,2025-07-03 12:52:42.400,19.69,1.0355375166666667,26,1,osrm
493,delivered,2025-07-03 12:33:45,2025-07-03 12:44:28.624522,2025-07-03 12:44:58.200000,2025-07-03 12:46:54.900,13.165,0.49292463333333336,34,1,osrm
494,delivered,2025-07-03 12:35:56,2025-07-03 12:50:11.048364,2025-07-03 12:53:18.300000,2025-07-03 12:54:52.100,18.935,3.1208606,36,1,osrm
495,delivered,2025-07-03 12:35:03,2025-07-03 12:47:52.337879,2025-07-03 12:48:33.700000,2025-07-03 12:50:13.600,15.176666666666668,0.6893686833333333,14,1,osrm
496,delivered,2025-07-03 12:36:29,2025-07-03 12:49:24.963422,2025-07-03 12:49:32.300000,2025-07-03 12:51:30.400,15.023333333333333,0.1222763,35,1,osrm
497,delivered,2025-07-03 12:37:10,2025-07-03 12:47:52.803931,2025-07-03 12:47:52.803931,2025-07-03 12:51:39.200,14.486666666666668,0.0,5,1,osrm
498,delivered,2025-07-03 12:37:27,2025-07-03 12:47:09.206962,2025-07-03 12:48:58.100000,2025-07-03 12:52:39.300,15.205,1.8148839666666667,6,1,osrm
499,delivered,2025-07-03 12:39:33,2025-07-03 12:44:33.000000,2025-07-03 12:44:33.000000,2025-07-03 12:46:53.800,7.346666666666667,0.0,4,1,osrm
500,delivered,2025-07-03 12:42:49,2025-07-03 12:55:41.173827,2025-07-03 12:59:43.700000,2025-07-03 13:02:26.700,19.628333333333334,4.0421028833333335,4,1,osrm
501,delivered,2025-07-03 12:42:17,2025-07-03 12:59:41.813403,2025-07-03 12:59:41.813403,2025-07-03 12:59:55.900,17.648333333333333,0.0,20,1,osrm
502,delivered,2025-07-03 12:42:44,2025-07-03 12:52:24.869562,2025-07-03 12:54:09.900000,2025-07-03 12:56:35.000,13.85,1.7505073,39,1,osrm
503,delivered,2025-07-03 12:42:18,2025-07-03 12:53:30.448345,2025-07-03 12:55:59.900000,2025-07-03 12:59:17.400,16.99,2.4908609166666666,9,1,osrm
504,delivered,2025-07-03 12:42:41,2025-07-03 12:50:44.260392,2025-07-03 12:53:59.800000,2025-07-03 12:56:46.300,14.088333333333333,3.2589934666666664,24,1,osrm
505,delivered,2025-07-03 12:48:33,2025-07-03 13:01:43.830642,2025-07-03 13:03:59.800000,2025-07-03 13:07:07.200,18.57,2.2661559666666666,36,1,osrm
506,delivered,2025-07-03 12:50:56,2025-07-03 13:07:38.447535,2025-07-03 13:07:49.500000,2025-07-03 13:10:44.700,19.811666666666667,0.18420775,24,1,osrm
507,delivered,2025-07-03 12:50:27,2025-07-03 13:04:37.817135,2025-07-03 13:04:46.000000,2025-07-03 13:06:41.600,16.243333333333332,0.13638108333333332,5,1,osrm
508,delivered,2025-07-03 12:51:42,2025-07-03 13:05:23.413540,2025-07-03 13:08:48.200000,2025-07-03 13:12:15.200,20.553333333333335,3.413107666666667,18,1,osrm
509,delivered,2025-07-03 12:51:14,2025-07-03 13:08:20.793635,2025-07-03 13:09:10.800000,2025-07-03 13:12:13.400,20.990000000000002,0.8334394166666667,3,1,osrm
510,delivered,2025-07-03 12:54:09,2025-07-03 13:06:21.013861,2025-07-03 13:10:14.000000,2025-07-03 13:14:02.400,19.89,3.8831023166666667,14,1,osrm
511,delivered,2025-07-03 13:00:00,2025-07-03 13:12:15.276837,2025-07-03 13:13:04.300000,2025-07-03 13:17:14.200,17.236666666666668,0.8170527166666666,23,1,osrm
512,delivered,2025-07-03 13:05:30,2025-07-03 13:21:51.207003,2025-07-03 13:24:17.600000,2025-07-03 13:27:11.600,21.69333333333333,2.4398832833333333,26,1,osrm
513,delivered,2025-07-03 13:05:02,2025-07-03 13:17:29.292061,2025-07-03 13:19:55.600000,2025-07-03 13:22:25.800,17.396666666666665,2.43846565,20,1,osrm
514,delivered,2025-07-03 13:06:17,2025-07-03 13:22:07.651509,2025-07-03 13:24:18.800000,2025-07-03 13:27:10.500,20.891666666666666,2.1858081833333336,38,1,osrm
515,delivered,2025-07-03 13:06:57,2025-07-03 13:24:34.253255,2025-07-03 13:24:34.253255,2025-07-03 13:27:54.800,20.96333333333333,0.0,2,1,osrm
516,delivered,2025-07-03 13:09:05,2025-07-03 13:21:57.849235,2025-07-03 13:22:09.900000,2025-07-03 13:25:46.700,16.695,0.20084608333333334,29,1,osrm
517,delivered,2025-07-03 13:09:41,2025-07-03 13:19:46.397506,2025-07-03 13:19:46.397506,2025-07-03 13:22:35.600,12.91,0.0,4,1,osrm
518,delivered,2025-07-03 13:10:53,2025-07-03 13:21:31.148588,2025-07-03 13:25:50.200000,2025-07-03 13:29:18.700,18.428333333333335,4.3175235333333335,25,1,osrm
519,delivered,2025-07-03 13:11:28,2025-07-03 13:23:49.749971,2025-07-03 13:23:51.200000,2025-07-03 13:26:43.800,15.263333333333332,0.024167150000000002,14,1,osrm
520,delivered,2025-07-03 13:11:29,2025-07-03 13:26:47.623457,2025-07-03 13:27:25.100000,2025-07-03 13:31:10.600,19.69333333333333,0.62460905,34,1,osrm
521,delivered,2025-07-03 13:11:25,2025-07-03 13:19:12.330759,2025-07-03 13:19:12.330759,2025-07-03 13:23:08.100,11.718333333333334,0.0,10,1,osrm
522,delivered,2025-07-03 13:12:47,2025-07-03 13:26:21.095181,2025-07-03 13:27:45.400000,2025-07-03 13:32:05.900,19.315,1.4050803166666666,16,1,osrm
523,delivered,2025-07-03 13:12:24,2025-07-03 13:31:10.113739,2025-07-03 13:33:24.900000,2025-07-03 13:36:36.900,24.215,2.2464376833333333,10,1,osrm
524,delivered,2025-07-03 13:12:26,2025-07-03 13:23:03.277740,2025-07-03 13:23:41.400000,2025-07-03 13:27:22.200,14.936666666666667,0.6353709999999999,21,1,osrm
525,delivered,2025-07-03 13:13:18,2025-07-03 13:25:54.206232,2025-07-03 13:28:49.200000,2025-07-03 13:31:22.900,18.081666666666667,2.9165628,17,1,osrm
526,delivered,2025-07-03 13:13:17,2025-07-03 13:18:25.026008,2025-07-03 13:20:12.200000,2025-07-03 13:21:58.900,8.698333333333332,1.7862332,31,1,osrm
527,delivered,2025-07-03 13:14:07,2025-07-03 13:24:43.897339,2025-07-03 13:24:43.897339,2025-07-03 13:25:59.600,11.876666666666667,0.0,1,1,osrm
528,delivered,2025-07-03 13:14:08,2025-07-03 13:24:20.733890,2025-07-03 13:24:20.733890,2025-07-03 13:27:38.200,13.503333333333334,0.0,27,1,osrm
529,delivered,2025-07-03 13:16:43,2025-07-03 13:30:13.834430,2025-07-03 13:32:09.900000,2025-07-03 13:35:31.600,18.81,1.9344261666666667,4,1,osrm
530,delivered,2025-07-03 13:19:31,2025-07-03 13:29:23.010568,2025-07-03 13:29:23.010568,2025-07-03 13:31:16.200,11.753333333333334,0.0,6,1,osrm
531,delivered,2025-07-03 13:20:00,2025-07-03 13:32:31.440738,2025-07-03 13:33:13.900000,2025-07-03 13:35:50.300,15.838333333333333,0.7076543666666667,5,1,osrm
532,delivered,2025-07-03 13:20:59,2025-07-03 13:33:15.436804,2025-07-03 13:34:58.400000,2025-07-03 13:37:43.100,16.735,1.7160532666666666,23,1,osrm
533,delivered,2025-07-03 13:21:40,2025-07-03 13:33:03.766376,2025-07-03 13:34:07.600000,2025-07-03 13:36:03.000,14.383333333333333,1.0638937333333334,32,1,osrm
534,delivered,2025-07-03 13:24:00,2025-07-03 13:37:16.694015,2025-07-03 13:37:25.100000,2025-07-03 13:40:50.400,16.84,0.14009975,38,1,osrm
535,delivered,2025-07-03 13:27:04,2025-07-03 13:36:27.112397,2025-07-03 13:39:54.300000,2025-07-03 13:42:12.000,15.133333333333333,3.4531267166666666,2,1,osrm
536,delivered,2025-07-03 13:27:47,2025-07-03 13:44:34.684909,2025-07-03 13:44:34.684909,2025-07-03 13:45:08.100,17.351666666666667,0.0,24,1,osrm
537,delivered,2025-07-03 13:29:53,2025-07-03 13:36:25.567070,2025-07-03 13:38:48.400000,2025-07-03 13:41:56.500,12.058333333333334,2.3805488333333336,27,1,osrm
538,delivered,2025-07-03 13:31:08,2025-07-03 13:44:17.424602,2025-07-03 13:44:17.424602,2025-07-03 13:45:11.700,14.061666666666667,0.0,6,1,osrm
539,delivered,2025-07-03 13:34:46,2025-07-03 13:47:08.735110,2025-07-03 13:48:22.000000,2025-07-03 13:51:52.400,17.10666666666667,1.2210815,14,1,osrm
540,delivered,2025-07-03 13:38:04,2025-07-03 13:59:20.995809,2025-07-03 13:59:20.995809,2025-07-03 14:01:55.400,23.85666666666667,0.0,7,1,osrm
541,delivered,2025-07-03 13:40:58,2025-07-03 13:53:47.197023,2025-07-03 13:54:03.400000,2025-07-03 13:56:27.200,15.486666666666668,0.27004961666666666,26,1,osrm
542,delivered,2025-07-03 13:43:07,2025-07-03 13:58:46.807705,2025-07-03 13:58:53.400000,2025-07-03 14:00:55.300,17.805,0.10987158333333333,20,1,osrm
543,delivered,2025-07-03 13:43:14,2025-07-03 13:49:35.631243,2025-07-03 13:49:35.631243,2025-07-03 13:52:21.600,9.126666666666667,0.0,16,1,osrm
544,delivered,2025-07-03 13:47:49,2025-07-03 13:58:37.914717,2025-07-03 13:59:48.900000,2025-07-03 14:02:42.300,14.888333333333332,1.1830880499999998,18,1,osrm
545,delivered,2025-07-03 13:48:18,2025-07-03 14:01:20.770425,2025-07-03 14:03:01.800000,2025-07-03 14:06:18.100,18.001666666666665,1.6838262499999999,2,1,osrm
546,delivered,2025-07-03 13:48:57,2025-07-03 14:01:24.095040,2025-07-03 14:05:42.500000,2025-07-03 14:07:28.800,18.529999999999998,4.306749333333333,27,1,osrm
547,delivered,2025-07-03 13:49:01,2025-07-03 14:02:42.336650,2025-07-03 14:04:55.000000,2025-07-03 14:08:01.500,19.008333333333333,2.2110558333333334,34,1,osrm
548,delivered,2025-07-03 13:50:31,2025-07-03 14:04:18.127819,2025-07-03 14:04:18.127819,2025-07-03 14:05:26.200,14.92,0.0,9,1,osrm
549,delivered,2025-07-03 13:53:16,2025-07-03 14:03:03.401383,2025-07-03 14:04:01.200000,2025-07-03 14:06:28.600,13.21,0.9633102833333334,36,1,osrm
550,delivered,2025-07-03 13:56:12,2025-07-03 14:09:26.958808,2025-07-03 14:09:26.958808,2025-07-03 14:11:09.100,14.951666666666666,0.0,24,1,osrm
551,delivered,2025-07-03 13:57:11,2025-07-03 14:11:37.980121,2025-07-03 14:15:35.800000,2025-07-03 14:18:45.100,21.56833333333333,3.9636646499999997,8,1,osrm
552,delivered,2025-07-03 13:57:42,2025-07-03 14:13:12.016408,2025-07-03 14:14:47.300000,2025-07-03 14:16:35.600,18.89333333333333,1.5880598666666665,10,1,osrm
553,delivered,2025-07-03 14:00:42,2025-07-03 14:14:49.745547,2025-07-03 14:14:49.745547,2025-07-03 14:15:04.100,14.368333333333334,0.0,17,1,osrm
554,delivered,2025-07-03 14:00:08,2025-07-03 14:16:03.415861,2025-07-03 14:23:46.200000,2025-07-03 14:29:18.800,29.18,7.713068983333333,24,1,osrm
555,delivered,2025-07-03 14:00:01,2025-07-03 14:15:53.105805,2025-07-03 14:19:08.500000,2025-07-03 14:24:32.000,24.516666666666666,3.2565699166666664,36,1,osrm
556,delivered,2025-07-03 14:02:37,2025-07-03 14:11:44.720423,2025-07-03 14:13:37.200000,2025-07-03 14:16:04.000,13.45,1.8746596166666667,20,1,osrm
557,delivered,2025-07-03 14:02:56,2025-07-03 14:21:51.919739,2025-07-03 14:23:16.800000,2025-07-03 14:25:48.000,22.866666666666667,1.4146710166666667,39,1,osrm
558,delivered,2025-07-03 14:02:46,2025-07-03 14:16:33.548130,2025-07-03 14:18:11.200000,2025-07-03 14:20:08.000,17.366666666666667,1.6275311666666668,6,1,osrm
559,delivered,2025-07-03 14:05:44,2025-07-03 14:16:36.560639,2025-07-03 14:17:37.800000,2025-07-03 14:20:30.700,14.778333333333334,1.0206560166666667,26,1,osrm
560,delivered,2025-07-03 14:06:04,2025-07-03 14:14:13.395630,2025-07-03 14:14:13.395630,2025-07-03 14:19:44.600,13.676666666666668,0.0,37,1,osrm
561,delivered,2025-07-03 14:06:57,2025-07-03 14:19:53.319137,2025-07-03 14:19:53.319137,2025-07-03 14:23:52.700,16.928333333333335,0.0,5,1,osrm
562,delivered,2025-07-03 14:10:14,2025-07-03 14:19:27.308004,2025-07-03 14:19:27.308004,2025-07-03 14:21:49.300,11.588333333333333,0.0,12,1,osrm
563,delivered,2025-07-03 14:13:42,2025-07-03 14:23:46.541274,2025-07-03 14:24:30.000000,2025-07-03 14:25:52.800,12.18,0.7243121,17,1,osrm
564,delivered,2025-07-03 14:16:16,2025-07-03 14:25:12.696167,2025-07-03 14:28:11.200000,2025-07-03 14:30:20.600,14.076666666666666,2.975063883333333,2,1,osrm
565,delivered,2025-07-03 14:16:55,2025-07-03 14:29:29.811923,2025-07-03 14:29:29.811923,2025-07-03 14:32:07.900,15.215,0.0,19,1,osrm
566,delivered,2025-07-03 14:18:22,2025-07-03 14:35:25.058739,2025-07-03 14:43:50.700000,2025-07-03 14:48:32.600,30.176666666666666,8.42735435,28,1,osrm
567,delivered,2025-07-03 14:20:15,2025-07-03 14:29:46.893216,2025-07-03 14:29:46.893216,2025-07-03 14:33:05.800,12.846666666666666,0.0,11,1,osrm
568,delivered,2025-07-03 14:20:36,2025-07-03 14:36:44.471510,2025-07-03 14:40:13.400000,2025-07-03 14:43:10.700,22.578333333333333,3.4821415,15,1,osrm
569,delivered,2025-07-03 14:24:29,2025-07-03 14:40:59.138157,2025-07-03 14:42:36.300000,2025-07-03 14:45:25.900,20.948333333333334,1.6193640500000002,26,1,osrm
570,delivered,2025-07-03 14:24:23,2025-07-03 14:35:34.596936,2025-07-03 14:43:59.000000,2025-07-03 14:49:32.500,25.158333333333335,8.406717733333332,19,1,osrm
571,delivered,2025-07-03 14:26:31,2025-07-03 14:40:14.771911,2025-07-03 14:43:32.000000,2025-07-03 14:45:58.100,19.451666666666664,3.2871348166666667,5,1,osrm
572,delivered,2025-07-03 14:26:59,2025-07-03 14:44:44.179034,2025-07-03 14:44:47.600000,2025-07-03 14:48:24.800,21.43,0.0570161,31,1,osrm
573,delivered,2025-07-03 14:28:13,2025-07-03 14:38:35.456772,2025-07-03 14:39:08.700000,2025-07-03 14:42:43.800,14.513333333333332,0.5540538,17,1,osrm
574,delivered,2025-07-03 14:28:07,2025-07-03 14:36:58.297895,2025-07-03 14:38:59.800000,2025-07-03 14:42:04.900,13.965,2.0250350833333335,32,1,osrm
575,delivered,2025-07-03 14:29:39,2025-07-03 14:37:10.450315,2025-07-03 14:38:43.400000,2025-07-03 14:44:07.500,14.475,1.5491614166666667,21,1,osrm
576,delivered,2025-07-03 14:30:53,2025-07-03 14:46:12.189616,2025-07-03 14:48:07.000000,2025-07-03 14:50:46.300,19.888333333333332,1.9135064,27,1,osrm
577,delivered,2025-07-03 14:30:38,2025-07-03 14:45:02.832599,2025-07-03 14:45:02.832599,2025-07-03 14:49:04.000,18.433333333333334,0.0,8,1,osrm
578,delivered,2025-07-03 14:32:40,2025-07-03 14:45:17.188774,2025-07-03 14:49:44.400000,2025-07-03 14:52:12.800,19.546666666666667,4.453520433333334,10,1,osrm
579,delivered,2025-07-03 14:34:02,2025-07-03 14:43:19.813313,2025-07-03 14:43:46.300000,2025-07-03 14:45:55.800,11.896666666666667,0.4414447833333333,13,1,osrm
580,delivered,2025-07-03 14:34:22,2025-07-03 14:45:23.715216,2025-07-03 14:49:00.900000,2025-07-03 14:52:20.300,17.971666666666668,3.6197464,24,1,osrm
581,delivered,2025-07-03 14:34:24,2025-07-03 14:42:34.775379,2025-07-03 14:42:34.775379,2025-07-03 14:45:48.300,11.405,0.0,16,1,osrm
582,delivered,2025-07-03 14:34:00,2025-07-03 14:43:40.159179,2025-07-03 14:44:37.900000,2025-07-03 14:49:18.000,15.3,0.9623470166666667,4,1,osrm
583,delivered,2025-07-03 14:35:43,2025-07-03 14:46:28.494837,2025-07-03 14:48:12.900000,2025-07-03 14:51:51.000,16.133333333333333,1.74008605,34,1,osrm
584,delivered,2025-07-03 14:37:58,2025-07-03 14:46:21.191588,2025-07-03 14:47:34.000000,2025-07-03 14:51:12.500,13.241666666666667,1.2134735333333333,29,1,osrm
585,delivered,2025-07-03 14:38:30,2025-07-03 14:51:10.578005,2025-07-03 14:53:46.700000,2025-07-03 14:57:21.100,18.851666666666667,2.60203325,20,1,osrm
586,delivered,2025-07-03 14:39:00,2025-07-03 14:52:32.618991,2025-07-03 14:53:50.700000,2025-07-03 14:57:58.700,18.978333333333335,1.30135015,21,1,osrm
587,delivered,2025-07-03 14:39:58,2025-07-03 14:55:55.726060,2025-07-03 14:58:12.900000,2025-07-03 15:01:13.700,21.261666666666667,2.286232333333333,4,1,osrm
588,delivered,2025-07-03 14:42:31,2025-07-03 14:55:30.222465,2025-07-03 14:59:50.500000,2025-07-03 15:03:46.100,21.251666666666665,4.3379589166666666,19,1,osrm
589,delivered,2025-07-03 14:45:27,2025-07-03 15:05:57.167367,2025-07-03 15:09:51.400000,2025-07-03 15:13:02.800,27.596666666666668,3.9038772166666664,35,1,osrm
590,delivered,2025-07-03 14:50:02,2025-07-03 14:58:34.926897,2025-07-03 14:58:43.400000,2025-07-03 15:02:00.400,11.973333333333333,0.14121838333333334,28,1,osrm
591,delivered,2025-07-03 14:51:08,2025-07-03 15:05:34.743929,2025-07-03 15:07:48.900000,2025-07-03 15:10:05.200,18.953333333333333,2.2359345166666666,6,1,osrm
592,delivered,2025-07-03 14:55:31,2025-07-03 15:07:01.840846,2025-07-03 15:08:57.800000,2025-07-03 15:11:39.200,16.136666666666667,1.9326525666666667,32,1,osrm
593,delivered,2025-07-03 14:56:50,2025-07-03 15:08:24.410900,2025-07-03 15:09:23.600000,2025-07-03 15:13:46.000,16.933333333333334,0.9864850000000001,20,1,osrm
594,delivered,2025-07-03 15:00:17,2025-07-03 15:09:48.744113,2025-07-03 15:09:59.700000,2025-07-03 15:13:30.500,13.225,0.18259811666666667,37,1,osrm
595,delivered,2025-07-03 15:00:35,2025-07-03 15:09:22.340332,2025-07-03 15:09:22.340332,2025-07-03 15:12:23.800,11.813333333333333,0.0,17,1,osrm
596,delivered,2025-07-03 15:01:41,2025-07-03 15:12:03.197927,2025-07-03 15:13:39.400000,2025-07-03 15:16:19.400,14.639999999999999,1.6033678833333334,28,1,osrm
597,delivered,2025-07-03 15:02:04,2025-07-03 15:14:03.779427,2025-07-03 15:15:33.300000,2025-07-03 15:17:26.900,15.381666666666666,1.49200955,9,1,osrm
598,delivered,2025-07-03 15:03:24,2025-07-03 15:11:25.027905,2025-07-03 15:13:00.300000,2025-07-03 15:15:31.500,12.125,1.5878682499999999,16,1,osrm
599,delivered,2025-07-03 15:05:47,2025-07-03 15:17:20.065508,2025-07-03 15:18:16.200000,2025-07-03 15:19:41.400,13.906666666666666,0.9355748666666667,8,1,osrm
600,delivered,2025-07-03 15:05:42,2025-07-03 15:21:33.623445,2025-07-03 15:24:18.000000,2025-07-03 15:25:59.500,20.291666666666668,2.73960925,33,1,osrm
601,delivered,2025-07-03 15:06:32,2025-07-03 15:15:44.936301,2025-07-03 15:18:29.900000,2025-07-03 15:22:23.500,15.858333333333333,2.749394983333333,22,1,osrm
602,delivered,2025-07-03 15:08:07,2025-07-03 15:21:34.892336,2025-07-03 15:24:06.500000,2025-07-03 15:28:18.800,20.196666666666665,2.5267944,17,1,osrm
603,delivered,2025-07-03 15:10:10,2025-07-03 15:18:40.730736,2025-07-03 15:19:20.500000,2025-07-03 15:21:42.900,11.548333333333334,0.6628210666666666,5,1,osrm
604,delivered,2025-07-03 15:11:37,2025-07-03 15:20:41.395152,2025-07-03 15:24:44.300000,2025-07-03 15:26:57.000,15.333333333333334,4.048414133333333,4,1,osrm
605,delivered,2025-07-03 15:12:42,2025-07-03 15:21:51.575932,2025-07-03 15:24:18.800000,2025-07-03 15:28:47.700,16.095000000000002,2.4537344666666665,37,1,osrm
606,delivered,2025-07-03 15:13:28,2025-07-03 15:28:51.887495,2025-07-03 15:38:26.900000,2025-07-03 15:44:27.700,30.995,9.58354175,18,1,osrm
607,delivered,2025-07-03 15:15:29,2025-07-03 15:26:44.968383,2025-07-03 15:29:15.500000,2025-07-03 15:32:32.900,17.065,2.5088602833333336,31,1,osrm
608,delivered,2025-07-03 15:16:36,2025-07-03 15:27:10.866434,2025-07-03 15:30:08.300000,2025-07-03 15:32:28.100,15.868333333333334,2.9572261,3,1,osrm
609,delivered,2025-07-03 15:17:15,2025-07-03 15:31:27.961948,2025-07-03 15:33:49.800000,2025-07-03 15:36:54.200,19.653333333333332,2.363967533333333,35,1,osrm
610,delivered,2025-07-03 15:19:35,2025-07-03 15:27:22.202155,2025-07-03 15:30:01.400000,2025-07-03 15:32:23.400,12.806666666666667,2.6532974166666667,7,1,osrm
611,delivered,2025-07-03 15:19:40,2025-07-03 15:31:26.788565,2025-07-03 15:33:59.100000,2025-07-03 15:36:37.200,16.953333333333333,2.5385239166666667,22,1,osrm
612,delivered,2025-07-03 15:20:05,2025-07-03 15:30:10.948567,2025-07-03 15:35:25.100000,2025-07-03 15:39:54.200,19.82,5.235857216666667,30,1,osrm
613,delivered,2025-07-03 15:25:05,2025-07-03 15:35:35.503076,2025-07-03 15:38:35.000000,2025-07-03 15:42:21.500,17.275,2.9916154,5,1,osrm
614,delivered,2025-07-03 15:27:33,2025-07-03 15:39:34.478535,2025-07-03 15:39:34.478535,2025-07-03 15:41:23.400,13.84,0.0,20,1,osrm
615,delivered,2025-07-03 15:27:06,2025-07-03 15:34:43.678952,2025-07-03 15:34:43.678952,2025-07-03 15:35:23.200,8.286666666666667,0.0,8,1,osrm
616,delivered,2025-07-03 15:27:03,2025-07-03 15:41:04.691695,2025-07-03 15:43:26.900000,2025-07-03 15:46:41.400,19.64,2.370138416666667,14,1,osrm
617,delivered,2025-07-03 15:30:03,2025-07-03 15:39:13.336649,2025-07-03 15:39:13.336649,2025-07-03 15:42:48.300,12.754999999999999,0.0,33,1,osrm
618,delivered,2025-07-03 15:31:37,2025-07-03 15:46:13.405329,2025-07-03 15:47:39.300000,2025-07-03 15:51:16.300,19.654999999999998,1.43157785,8,1,osrm
619,delivered,2025-07-03 15:32:17,2025-07-03 15:41:50.428732,2025-07-03 15:44:37.000000,2025-07-03 15:49:26.600,17.16,2.7761878,38,1,osrm
620,delivered,2025-07-03 15:33:19,2025-07-03 15:45:43.997037,2025-07-03 15:53:26.900000,2025-07-03 15:58:00.300,24.688333333333333,7.715049383333334,5,1,osrm
621,delivered,2025-07-03 15:35:57,2025-07-03 15:50:41.897494,2025-07-03 15:53:57.700000,2025-07-03 15:57:26.800,21.496666666666666,3.2633750999999998,39,1,osrm
622,delivered,2025-07-03 15:38:19,2025-07-03 15:50:22.597758,2025-07-03 15:52:46.100000,2025-07-03 15:58:09.100,19.834999999999997,2.3917040333333333,20,1,osrm
623,delivered,2025-07-03 15:42:31,2025-07-03 15:50:47.768937,2025-07-03 15:54:00.000000,2025-07-03 15:57:20.900,14.831666666666667,3.20385105,9,1,osrm
624,delivered,2025-07-03 15:43:02,2025-07-03 15:55:29.732141,2025-07-03 15:59:22.700000,2025-07-03 16:01:21.500,18.325,3.88279765,14,1,osrm
625,delivered,2025-07-03 15:44:42,2025-07-03 15:54:17.738273,2025-07-03 15:54:20.900000,2025-07-03 15:57:11.100,12.485000000000001,0.05269545,11,1,osrm
626,delivered,2025-07-03 15:46:07,2025-07-03 15:57:03.899733,2025-07-03 15:59:00.300000,2025-07-03 16:02:10.600,16.06,1.94000445,4,1,osrm
627,delivered,2025-07-03 15:47:57,2025-07-03 16:01:32.527111,2025-07-03 16:04:42.600000,2025-07-03 16:08:37.200,20.67,3.1678814833333333,34,1,osrm
628,delivered,2025-07-03 15:47:55,2025-07-03 15:56:25.762184,2025-07-03 16:00:39.000000,2025-07-03 16:03:11.100,15.268333333333334,4.220630266666666,2,1,osrm
629,delivered,2025-07-03 15:47:04,2025-07-03 16:04:20.561305,2025-07-03 16:13:49.200000,2025-07-03 16:19:20.200,32.27,9.477311583333334,28,2,osrm
630,delivered,2025-07-03 15:47:58,2025-07-03 16:02:39.946948,2025-07-03 16:14:06.323449,2025-07-03 16:16:36.000,28.633333333333333,11.439608349999999,31,3,osrm
631,delivered,2025-07-03 15:49:05,2025-07-03 16:00:48.706476,2025-07-03 16:04:11.100000,2025-07-03 16:07:28.800,18.396666666666665,3.3732254000000004,13,1,osrm
632,delivered,2025-07-03 15:50:10,2025-07-03 16:13:18.505190,2025-07-03 16:22:30.900000,2025-07-03 16:29:30.400,39.34,9.206580166666667,37,2,osrm
633,delivered,2025-07-03 15:51:19,2025-07-03 16:03:18.445367,2025-07-03 16:07:09.900000,2025-07-03 16:10:54.400,19.59,3.857577216666667,9,1,osrm
634,delivered,2025-07-03 15:52:32,2025-07-03 16:05:24.439847,2025-07-03 16:07:55.100000,2025-07-03 16:10:41.400,18.15666666666667,2.51100255,6,1,osrm
635,delivered,2025-07-03 15:52:41,2025-07-03 16:04:29.385924,2025-07-03 16:10:04.100000,2025-07-03 16:12:33.000,19.866666666666667,5.578567933333333,21,1,osrm
636,delivered,2025-07-03 15:53:31,2025-07-03 16:06:49.389142,2025-07-03 16:14:08.100000,2025-07-03 16:18:55.100,25.401666666666664,7.311847633333333,35,2,osrm
637,delivered,2025-07-03 15:54:09,2025-07-03 16:09:03.798170,2025-07-03 16:09:14.790918,2025-07-03 16:12:51.300,18.705,0.18321246666666668,25,2,osrm
638,delivered,2025-07-03 15:55:19,2025-07-03 16:11:04.739620,2025-07-03 16:13:49.200000,2025-07-03 16:19:20.200,24.02,2.741006333333333,28,2,osrm
639,delivered,2025-07-03 15:55:32,2025-07-03 16:11:25.972296,2025-07-03 16:14:08.100000,2025-07-03 16:18:55.100,23.384999999999998,2.7021284,35,2,osrm
640,delivered,2025-07-03 15:55:32,2025-07-03 16:08:35.525403,2025-07-03 16:08:56.900000,2025-07-03 16:11:10.700,15.645000000000001,0.3562432833333334,19,1,osrm
641,delivered,2025-07-03 15:55:21,2025-07-03 16:09:21.924614,2025-07-03 16:14:24.300000,2025-07-03 16:18:25.300,23.071666666666665,5.0395897666666665,10,2,osrm
642,delivered,2025-07-03 15:56:05,2025-07-03 16:09:38.960263,2025-07-03 16:09:38.960263,2025-07-03 16:12:48.000,16.716666666666665,0.0,18,1,osrm
643,delivered,2025-07-03 15:58:56,2025-07-03 16:09:04.592665,2025-07-03 16:15:16.300000,2025-07-03 16:18:41.600,19.759999999999998,6.19512225,40,4,osrm
644,delivered,2025-07-03 15:58:41,2025-07-03 16:14:38.965457,2025-07-03 16:29:24.500000,2025-07-03 16:34:18.500,35.625,14.75890905,31,2,osrm
645,delivered,2025-07-03 15:58:03,2025-07-03 16:11:00.772430,2025-07-03 16:14:24.300000,2025-07-03 16:18:25.300,20.371666666666666,3.3921261666666664,10,2,osrm
646,delivered,2025-07-03 15:59:26,2025-07-03 16:09:14.790918,2025-07-03 16:09:14.790918,2025-07-03 16:12:51.300,13.421666666666665,0.0,25,2,osrm
647,delivered,2025-07-03 15:59:03,2025-07-03 16:10:02.693006,2025-07-03 16:10:17.500000,2025-07-03 16:13:00.000,13.95,0.24678323333333332,24,1,osrm
648,delivered,2025-07-03 15:59:24,2025-07-03 16:09:52.946794,2025-07-03 16:15:16.300000,2025-07-03 16:18:41.600,19.293333333333333,5.3892201,40,4,osrm
649,delivered,2025-07-03 15:59:01,2025-07-03 16:08:34.925038,2025-07-03 16:22:30.900000,2025-07-03 16:29:30.400,30.490000000000002,13.932916033333333,37,2,osrm
650,delivered,2025-07-03 16:00:05,2025-07-03 16:07:39.626284,2025-07-03 16:24:14.000000,2025-07-03 16:26:07.800,26.046666666666667,16.572895266666666,4,1,osrm
651,delivered,2025-07-03 16:00:51,2025-07-03 16:07:07.835531,2025-07-03 16:08:15.800000,2025-07-03 16:12:38.500,11.791666666666666,1.13274115,11,1,osrm
652,delivered,2025-07-03 16:01:50,2025-07-03 16:14:21.563325,2025-07-03 16:23:45.200000,2025-07-03 16:26:27.000,24.616666666666667,9.393944583333333,19,2,osrm
653,delivered,2025-07-03 16:02:41,2025-07-03 16:14:33.566424,2025-07-03 16:15:16.300000,2025-07-03 16:18:41.600,16.01,0.7122262666666667,40,4,osrm
654,delivered,2025-07-03 16:02:52,2025-07-03 16:09:26.800677,2025-07-03 16:09:32.600000,2025-07-03 16:12:49.600,9.96,0.09665538333333333,22,1,osrm
655,delivered,2025-07-03 16:03:31,2025-07-03 16:14:06.323449,2025-07-03 16:14:06.323449,2025-07-03 16:16:36.000,13.083333333333334,0.0,31,3,osrm
656,delivered,2025-07-03 16:03:28,2025-07-03 16:12:38.233026,2025-07-03 16:12:52.100000,2025-07-03 16:15:36.400,12.139999999999999,0.23111623333333334,5,1,osrm
657,delivered,2025-07-03 16:03:47,2025-07-03 16:13:29.977722,2025-07-03 16:14:00.600000,2025-07-03 16:16:16.800,12.496666666666666,0.5103713,30,1,osrm
658,delivered,2025-07-03 16:04:34,2025-07-03 16:14:50.471032,2025-07-03 16:28:30.400000,2025-07-03 16:33:13.800,28.663333333333334,13.665482800000001,10,2,osrm
659,delivered,2025-07-03 16:05:43,2025-07-03 16:19:13.271896,2025-07-03 16:34:12.300000,2025-07-03 16:41:18.300,35.58833333333334,14.983801733333333,6,2,osrm
660,delivered,2025-07-03 16:07:24,2025-07-03 16:22:50.265460,2025-07-03 16:23:45.200000,2025-07-03 16:26:27.000,19.05,0.9155756666666667,19,2,osrm
661,delivered,2025-07-03 16:07:10,2025-07-03 16:21:56.990900,2025-07-03 16:34:14.000000,2025-07-03 16:39:31.300,32.355,12.283485,33,2,osrm
662,delivered,2025-07-03 16:07:22,2025-07-03 16:14:29.614760,2025-07-03 16:14:29.614760,2025-07-03 16:17:03.600,9.693333333333333,0.0,14,2,osrm
663,delivered,2025-07-03 16:08:53,2025-07-03 16:21:34.163485,2025-07-03 16:23:40.400000,2025-07-03 16:27:19.200,18.436666666666667,2.1039419166666664,24,1,osrm
664,delivered,2025-07-03 16:09:33,2025-07-03 16:18:25.334814,2025-07-03 16:19:19.900000,2025-07-03 16:21:50.800,12.296666666666665,0.9094197666666666,13,1,osrm
665,delivered,2025-07-03 16:11:29,2025-07-03 16:20:07.909718,2025-07-03 16:28:54.800000,2025-07-03 16:32:58.100,21.485,8.7815047,28,2,osrm
666,delivered,2025-07-03 16:11:19,2025-07-03 16:25:27.933949,2025-07-03 16:29:24.500000,2025-07-03 16:34:18.500,22.991666666666667,3.9427675166666662,31,2,osrm
667,delivered,2025-07-03 16:12:24,2025-07-03 16:26:24.841907,2025-07-03 16:44:11.632249,2025-07-03 16:47:37.600,35.22666666666667,17.779839033333335,12,3,osrm
668,delivered,2025-07-03 16:12:46,2025-07-03 16:23:07.055363,2025-07-03 16:34:23.400000,2025-07-03 16:36:57.900,24.198333333333334,11.272410616666667,40,1,osrm
669,delivered,2025-07-03 16:13:56,2025-07-03 16:26:10.754125,2025-07-03 16:28:51.000000,2025-07-03 16:32:04.400,18.14,2.6707645833333333,29,1,osrm
670,delivered,2025-07-03 16:14:59,2025-07-03 16:33:39.798345,2025-07-03 16:33:40.200000,2025-07-03 16:35:40.400,20.69,0.00669425,32,1,osrm
671,delivered,2025-07-03 16:14:26,2025-07-03 16:27:23.274392,2025-07-03 16:28:13.600000,2025-07-03 16:29:43.300,15.288333333333332,0.8387601333333333,30,1,osrm
672,delivered,2025-07-03 16:14:20,2025-07-03 16:23:35.190772,2025-07-03 16:28:57.700000,2025-07-03 16:30:59.300,16.654999999999998,5.3751538000000005,35,1,osrm
673,delivered,2025-07-03 16:14:07,2025-07-03 16:22:26.526283,2025-07-03 16:27:41.700000,2025-07-03 16:31:57.700,17.845000000000002,5.252895283333333,38,1,osrm
674,delivered,2025-07-03 16:14:36,2025-07-03 16:26:19.355303,2025-07-03 16:28:30.400000,2025-07-03 16:33:13.800,18.63,2.1840782833333336,10,2,osrm
675,delivered,2025-07-03 16:14:28,2025-07-03 16:26:42.571996,2025-07-03 16:34:12.300000,2025-07-03 16:41:18.300,26.83833333333333,7.495466733333333,6,2,osrm
676,delivered,2025-07-03 16:15:33,2025-07-03 16:25:59.936462,2025-07-03 16:29:41.300000,2025-07-03 16:33:31.700,17.978333333333335,3.6893923,3,2,osrm
677,delivered,2025-07-03 16:16:45,2025-07-03 16:31:06.402511,2025-07-03 16:35:01.500000,2025-07-03 16:39:02.100,22.285,3.9182914833333333,9,1,osrm
678,delivered,2025-07-03 16:17:00,2025-07-03 16:30:52.218154,2025-07-03 16:34:14.000000,2025-07-03 16:39:31.300,22.521666666666665,3.363030766666667,33,2,osrm
679,delivered,2025-07-03 16:17:52,2025-07-03 16:28:53.360564,2025-07-03 16:28:54.800000,2025-07-03 16:32:58.100,15.101666666666667,0.023990599999999997,28,2,osrm
680,delivered,2025-07-03 16:17:43,2025-07-03 16:31:23.847618,2025-07-03 16:39:30.027685,2025-07-03 16:44:02.800,26.33,8.103001116666666,8,2,osrm
681,delivered,2025-07-03 16:17:42,2025-07-03 16:28:35.993279,2025-07-03 16:29:41.300000,2025-07-03 16:33:31.700,15.828333333333335,1.08844535,3,2,osrm
682,delivered,2025-07-03 16:18:24,2025-07-03 16:34:26.168065,2025-07-03 16:44:11.632249,2025-07-03 16:47:37.600,29.226666666666667,9.7577364,12,3,osrm
683,delivered,2025-07-03 16:18:00,2025-07-03 16:31:35.800414,2025-07-03 16:39:50.500000,2025-07-03 16:43:38.600,25.64333333333333,8.2449931,23,3,osrm
684,delivered,2025-07-03 16:19:50,2025-07-03 16:32:02.636707,2025-07-03 16:48:15.968229,2025-07-03 16:53:47.800,33.96333333333333,16.222192033333332,33,4,osrm
685,delivered,2025-07-03 16:19:35,2025-07-03 16:25:42.183452,2025-07-03 16:53:05.633315,2025-07-03 16:50:40.500,31.091666666666665,27.39083105,35,4,osrm
686,delivered,2025-07-03 16:19:28,2025-07-03 16:34:14.344190,2025-07-03 16:38:01.100000,2025-07-03 16:41:47.500,22.325,3.7792635,36,1,osrm
687,delivered,2025-07-03 16:20:25,2025-07-03 16:32:33.262125,2025-07-03 16:33:50.100000,2025-07-03 16:35:46.200,15.353333333333333,1.2806312499999999,11,1,osrm
688,delivered,2025-07-03 16:20:05,2025-07-03 16:35:05.118788,2025-07-03 16:52:16.415483,2025-07-03 16:59:37.300,39.538333333333334,17.18827825,32,4,osrm
689,delivered,2025-07-03 16:20:18,2025-07-03 16:32:28.327716,2025-07-03 16:39:50.500000,2025-07-03 16:43:38.600,23.34333333333333,7.369538066666666,23,3,osrm
690,delivered,2025-07-03 16:21:34,2025-07-03 16:37:18.720739,2025-07-03 16:54:16.800000,2025-07-03 17:05:55.600,44.36,16.967987683333334,26,4,osrm
691,delivered,2025-07-03 16:25:37,2025-07-03 16:38:13.468241,2025-07-03 16:39:07.500000,2025-07-03 16:41:03.200,15.436666666666667,0.9005293166666667,19,1,osrm
692,delivered,2025-07-03 16:25:11,2025-07-03 16:37:44.721024,2025-07-03 16:49:38.286531,2025-07-03 16:54:41.600,29.509999999999998,11.89275845,14,3,osrm
693,delivered,2025-07-03 16:26:33,2025-07-03 16:33:35.342311,2025-07-03 16:34:18.800000,2025-07-03 16:38:41.500,12.141666666666667,0.7242948166666667,27,1,osrm
694,delivered,2025-07-03 16:26:28,2025-07-03 16:39:18.975694,2025-07-03 16:48:53.657485,2025-07-03 16:53:40.600,27.209999999999997,9.57802985,27,3,osrm
695,delivered,2025-07-03 16:26:55,2025-07-03 16:41:52.484064,2025-07-03 16:52:16.415483,2025-07-03 16:59:37.300,32.705,10.398856983333333,32,4,osrm
696,delivered,2025-07-03 16:27:36,2025-07-03 16:42:16.855370,2025-07-03 16:48:15.968229,2025-07-03 16:53:47.800,26.196666666666665,5.985214316666667,33,4,osrm
697,delivered,2025-07-03 16:27:44,2025-07-03 16:44:11.632249,2025-07-03 16:44:11.632249,2025-07-03 16:47:37.600,19.89333333333333,0.0,12,3,osrm
698,delivered,2025-07-03 16:28:27,2025-07-03 16:37:44.864082,2025-07-03 16:38:28.963141,2025-07-03 16:41:42.000,13.25,0.7349843166666666,4,2,osrm
699,delivered,2025-07-03 16:28:35,2025-07-03 16:39:30.027685,2025-07-03 16:39:30.027685,2025-07-03 16:44:02.800,15.463333333333333,0.0,8,2,osrm
700,delivered,2025-07-03 16:28:22,2025-07-03 16:41:29.991749,2025-07-03 16:48:53.657485,2025-07-03 16:53:40.600,25.31,7.394428933333333,27,3,osrm
701,delivered,2025-07-03 16:28:42,2025-07-03 16:40:00.635829,2025-07-03 16:54:47.800000,2025-07-03 17:03:04.100,34.36833333333333,14.786069516666666,23,3,osrm
702,delivered,2025-07-03 16:29:59,2025-07-03 16:39:29.642340,2025-07-03 16:53:40.200000,2025-07-03 17:03:59.500,34.00833333333333,14.175961000000001,6,4,osrm
703,delivered,2025-07-03 16:29:32,2025-07-03 16:37:11.722629,2025-07-03 16:39:50.500000,2025-07-03 16:43:38.600,14.110000000000001,2.6462895166666667,23,3,osrm
704,delivered,2025-07-03 16:29:07,2025-07-03 16:38:28.963141,2025-07-03 16:38:28.963141,2025-07-03 16:41:42.000,12.583333333333334,0.0,4,2,osrm
705,delivered,2025-07-03 16:31:52,2025-07-03 16:46:42.390851,2025-07-03 17:04:31.800000,2025-07-03 17:15:39.000,43.78333333333333,17.82348581666667,38,3,osrm
706,delivered,2025-07-03 16:31:29,2025-07-03 16:47:19.652185,2025-07-03 16:49:38.286531,2025-07-03 16:54:41.600,23.209999999999997,2.3105724333333333,14,3,osrm
707,delivered,2025-07-03 16:31:01,2025-07-03 16:42:02.193406,2025-07-03 16:53:05.633315,2025-07-03 16:50:40.500,19.658333333333335,11.057331816666666,35,4,osrm
708,delivered,2025-07-03 16:31:07,2025-07-03 16:44:38.764789,2025-07-03 17:03:55.768299,2025-07-03 17:06:36.500,35.49166666666667,19.283391833333333,7,4,osrm
709,delivered,2025-07-03 16:32:59,2025-07-03 16:38:58.962370,2025-07-03 16:39:05.700000,2025-07-03 16:41:16.000,8.283333333333333,0.11229383333333334,16,1,osrm
710,delivered,2025-07-03 16:32:02,2025-07-03 16:45:26.314032,2025-07-03 16:48:15.968229,2025-07-03 16:53:47.800,21.763333333333332,2.82756995,33,4,osrm
711,delivered,2025-07-03 16:32:13,2025-07-03 16:45:57.769218,2025-07-03 17:03:31.773627,2025-07-03 17:09:51.400,37.64,17.566740149999998,29,3,osrm
712,delivered,2025-07-03 16:32:43,2025-07-03 16:42:31.790827,2025-07-03 16:54:16.800000,2025-07-03 17:05:55.600,33.21,11.750152883333334,26,4,osrm
713,delivered,2025-07-03 16:32:01,2025-07-03 16:46:06.673962,2025-07-03 17:03:55.768299,2025-07-03 17:06:36.500,34.59166666666667,17.81823895,7,4,osrm
714,delivered,2025-07-03 16:33:24,2025-07-03 16:48:15.968229,2025-07-03 16:48:15.968229,2025-07-03 16:53:47.800,20.396666666666665,0.0,33,4,osrm
715,delivered,2025-07-03 16:33:31,2025-07-03 16:50:37.109969,2025-07-03 17:04:58.600000,2025-07-03 17:08:47.700,35.27833333333333,14.358167183333334,11,2,osrm
716,delivered,2025-07-03 16:33:50,2025-07-03 16:47:23.005162,2025-07-03 16:54:16.800000,2025-07-03 17:05:55.600,32.093333333333334,6.8965806333333335,26,4,osrm
717,delivered,2025-07-03 16:34:15,2025-07-03 16:44:18.580835,2025-07-03 16:53:40.200000,2025-07-03 17:03:59.500,29.741666666666667,9.360319416666666,6,4,osrm
718,delivered,2025-07-03 16:34:07,2025-07-03 16:50:10.817806,2025-07-03 17:04:31.800000,2025-07-03 17:15:39.000,41.53333333333333,14.349703233333335,38,3,osrm
719,delivered,2025-07-03 16:34:32,2025-07-03 16:52:33.638153,2025-07-03 17:11:51.800754,2025-07-03 17:18:00.500,43.475,19.302710016666666,8,4,osrm
720,delivered,2025-07-03 16:34:33,2025-07-03 16:39:33.000000,2025-07-03 17:01:46.434343,2025-07-03 17:03:09.600,28.61,22.223905716666664,22,4,osrm
721,delivered,2025-07-03 16:35:59,2025-07-03 16:51:21.276564,2025-07-03 16:58:31.257758,2025-07-03 17:02:29.300,26.505,7.166353233333334,9,3,osrm
722,delivered,2025-07-03 16:35:49,2025-07-03 16:45:58.121352,2025-07-03 17:03:35.600000,2025-07-03 17:08:39.600,32.843333333333334,17.624644133333334,14,3,osrm
723,delivered,2025-07-03 16:35:22,2025-07-03 16:48:53.657485,2025-07-03 16:48:53.657485,2025-07-03 16:53:40.600,18.31,0.0,27,3,osrm
724,delivered,2025-07-03 16:35:03,2025-07-03 16:51:11.484608,2025-07-03 16:54:47.800000,2025-07-03 17:03:04.100,28.01833333333333,3.6052565333333333,23,3,osrm
725,delivered,2025-07-03 16:35:54,2025-07-03 16:47:30.149909,2025-07-03 16:54:31.619943,2025-07-03 16:58:40.300,22.771666666666665,7.024500566666666,19,4,osrm
726,delivered,2025-07-03 16:35:08,2025-07-03 16:44:50.301885,2025-07-03 16:53:40.200000,2025-07-03 17:03:59.500,28.858333333333334,8.83163525,6,4,osrm
727,delivered,2025-07-03 16:35:49,2025-07-03 16:46:35.350400,2025-07-03 17:01:46.434343,2025-07-03 17:03:09.600,27.34333333333333,15.184732383333333,22,4,osrm
728,delivered,2025-07-03 16:35:52,2025-07-03 16:48:28.249693,2025-07-03 16:50:04.100000,2025-07-03 16:53:07.000,17.25,1.5975051166666667,11,1,osrm
729,delivered,2025-07-03 16:36:29,2025-07-03 16:51:27.526485,2025-07-03 16:54:16.800000,2025-07-03 17:05:55.600,29.44333333333333,2.82122525,26,4,osrm
730,delivered,2025-07-03 16:36:43,2025-07-03 16:51:22.129842,2025-07-03 17:16:11.489463,2025-07-03 17:17:48.100,41.085,24.82266035,30,3,osrm
731,delivered,2025-07-03 16:36:18,2025-07-03 16:49:38.230645,2025-07-03 17:04:26.842764,2025-07-03 17:15:14.900,38.94833333333334,14.810201983333334,33,4,osrm
732,delivered,2025-07-03 16:36:53,2025-07-03 16:52:26.479302,2025-07-03 17:05:25.300000,2025-07-03 17:11:56.000,35.05,12.980344966666667,25,4,osrm
733,delivered,2025-07-03 16:36:26,2025-07-03 16:43:32.910614,2025-07-03 16:45:49.700000,2025-07-03 16:47:31.400,11.09,2.2798231,31,1,osrm
734,delivered,2025-07-03 16:36:50,2025-07-03 16:45:27.901928,2025-07-03 16:53:05.633315,2025-07-03 16:50:40.500,13.841666666666667,7.62885645,35,4,osrm
735,delivered,2025-07-03 16:36:41,2025-07-03 16:47:25.146004,2025-07-03 17:05:25.300000,2025-07-03 17:11:56.000,35.25,18.0025666,25,4,osrm
736,delivered,2025-07-03 16:37:09,2025-07-03 16:49:07.807877,2025-07-03 16:54:31.619943,2025-07-03 16:58:40.300,21.521666666666665,5.396867766666667,19,4,osrm
737,delivered,2025-07-03 16:37:36,2025-07-03 16:52:16.415483,2025-07-03 16:52:16.415483,2025-07-03 16:59:37.300,22.021666666666665,0.0,32,4,osrm
738,delivered,2025-07-03 16:37:57,2025-07-03 16:48:10.010321,2025-07-03 17:04:31.800000,2025-07-03 17:15:39.000,37.7,16.363161316666666,38,3,osrm
739,delivered,2025-07-03 16:37:40,2025-07-03 16:54:18.149269,2025-07-03 17:08:10.100000,2025-07-03 17:16:29.500,38.825,13.865845516666667,16,2,osrm
740,delivered,2025-07-03 16:37:15,2025-07-03 16:50:45.175887,2025-07-03 16:59:40.499211,2025-07-03 17:04:59.100,27.735,8.9220554,17,3,osrm
741,delivered,2025-07-03 16:38:51,2025-07-03 16:44:59.824270,2025-07-03 16:56:50.000000,2025-07-03 16:59:53.700,21.045,11.836262166666668,8,1,osrm
742,delivered,2025-07-03 16:38:40,2025-07-03 16:50:54.135676,2025-07-03 17:03:55.768299,2025-07-03 17:06:36.500,27.941666666666666,13.027210383333333,7,4,osrm
743,delivered,2025-07-03 16:39:06,2025-07-03 16:50:32.989581,2025-07-03 16:56:31.000000,2025-07-03 16:59:26.600,20.34333333333333,5.966840316666667,16,1,osrm
744,delivered,2025-07-03 16:39:45,2025-07-03 16:53:05.633315,2025-07-03 16:53:05.633315,2025-07-03 16:50:40.500,10.925,0.0,35,4,osrm
745,delivered,2025-07-03 16:39:36,2025-07-03 16:49:38.286531,2025-07-03 16:49:38.286531,2025-07-03 16:54:41.600,15.093333333333334,0.0,14,3,osrm
746,delivered,2025-07-03 16:40:04,2025-07-03 16:56:26.367425,2025-07-03 17:01:46.434343,2025-07-03 17:03:09.600,23.09333333333333,5.334448633333333,22,4,osrm
747,delivered,2025-07-03 16:40:05,2025-07-03 16:51:33.514810,2025-07-03 16:53:40.200000,2025-07-03 17:03:59.500,23.908333333333335,2.1114198333333336,6,4,osrm
748,delivered,2025-07-03 16:41:06,2025-07-03 16:51:11.408838,2025-07-03 16:54:47.800000,2025-07-03 17:03:04.100,21.96833333333333,3.606519366666667,23,3,osrm
749,delivered,2025-07-03 16:41:21,2025-07-03 16:54:31.619943,2025-07-03 16:54:31.619943,2025-07-03 16:58:40.300,17.321666666666665,0.0,19,4,osrm
750,delivered,2025-07-03 16:42:12,2025-07-03 16:50:56.299221,2025-07-03 16:52:16.415483,2025-07-03 16:59:37.300,17.421666666666667,1.3352710333333335,32,4,osrm
751,delivered,2025-07-03 16:42:34,2025-07-03 16:57:01.250481,2025-07-03 16:59:40.499211,2025-07-03 17:04:59.100,22.418333333333333,2.6541455,17,3,osrm
752,delivered,2025-07-03 16:42:44,2025-07-03 16:55:49.530013,2025-07-03 17:11:51.800754,2025-07-03 17:18:00.500,35.275,16.037845683333334,8,4,osrm
753,delivered,2025-07-03 16:43:42,2025-07-03 16:58:31.257758,2025-07-03 16:58:31.257758,2025-07-03 17:02:29.300,18.788333333333334,0.0,9,3,osrm
754,delivered,2025-07-03 16:43:55,2025-07-03 16:59:20.196510,2025-07-03 17:04:26.842764,2025-07-03 17:15:14.900,31.331666666666667,5.1107709,33,4,osrm
755,delivered,2025-07-03 16:44:10,2025-07-03 16:58:42.906565,2025-07-03 17:23:28.240831,2025-07-03 17:16:11.300,32.02166666666667,24.7555711,40,3,osrm
756,delivered,2025-07-03 16:44:44,2025-07-03 16:54:04.942687,2025-07-03 17:15:36.138271,2025-07-03 17:18:19.800,33.596666666666664,21.5199264,10,4,osrm
757,delivered,2025-07-03 16:44:31,2025-07-03 16:57:16.906319,2025-07-03 17:15:34.400000,2025-07-03 17:23:42.700,39.195,18.29156135,22,4,osrm
758,delivered,2025-07-03 16:44:05,2025-07-03 17:00:56.869966,2025-07-03 17:04:58.600000,2025-07-03 17:08:47.700,24.711666666666666,4.0288338999999995,11,2,osrm
759,delivered,2025-07-03 16:44:00,2025-07-03 17:02:37.527040,2025-07-03 17:08:52.800000,2025-07-03 17:17:04.800,33.08,6.254549333333333,34,2,osrm
760,delivered,2025-07-03 16:44:24,2025-07-03 17:03:31.773627,2025-07-03 17:03:31.773627,2025-07-03 17:09:51.400,25.456666666666667,0.0,29,3,osrm
761,delivered,2025-07-03 16:45:54,2025-07-03 16:56:48.230409,2025-07-03 16:58:31.257758,2025-07-03 17:02:29.300,16.58833333333333,1.7171224833333334,9,3,osrm
762,delivered,2025-07-03 16:45:32,2025-07-03 17:00:48.063349,2025-07-03 17:04:26.842764,2025-07-03 17:15:14.900,29.715,3.6463235833333334,33,4,osrm
763,delivered,2025-07-03 16:45:51,2025-07-03 16:59:40.499211,2025-07-03 16:59:40.499211,2025-07-03 17:04:59.100,19.134999999999998,0.0,17,3,osrm
764,delivered,2025-07-03 16:46:19,2025-07-03 17:04:56.862015,2025-07-03 17:15:34.400000,2025-07-03 17:23:42.700,37.394999999999996,10.625633083333334,22,4,osrm
765,delivered,2025-07-03 16:46:47,2025-07-03 16:58:59.719514,2025-07-03 17:05:25.300000,2025-07-03 17:11:56.000,25.15,6.4263414333333335,25,4,osrm
766,delivered,2025-07-03 16:46:27,2025-07-03 16:51:56.962325,2025-07-03 17:08:52.800000,2025-07-03 17:17:04.800,30.63,16.930627916666666,34,2,osrm
767,delivered,2025-07-03 16:47:58,2025-07-03 17:03:55.768299,2025-07-03 17:03:55.768299,2025-07-03 17:06:36.500,18.641666666666666,0.0,7,4,osrm
768,delivered,2025-07-03 16:47:28,2025-07-03 17:03:03.215100,2025-07-03 17:03:35.600000,2025-07-03 17:08:39.600,21.19333333333333,0.5397483333333334,14,3,osrm
769,delivered,2025-07-03 16:47:38,2025-07-03 16:52:59.521930,2025-07-03 16:54:55.900000,2025-07-03 16:57:20.900,9.715,1.9396345,2,1,osrm
770,delivered,2025-07-03 16:48:55,2025-07-03 16:59:36.125359,2025-07-03 17:18:44.614834,2025-07-03 17:23:15.500,34.34166666666667,19.14149125,9,2,osrm
771,delivered,2025-07-03 16:48:42,2025-07-03 17:04:06.841670,2025-07-03 17:29:24.208428,2025-07-03 17:27:27.300,38.755,25.289445966666666,7,4,osrm
772,delivered,2025-07-03 16:49:41,2025-07-03 17:04:09.716683,2025-07-03 17:08:10.100000,2025-07-03 17:16:29.500,26.808333333333334,4.0063886166666665,16,2,osrm
773,delivered,2025-07-03 16:49:34,2025-07-03 16:58:39.562641,2025-07-03 16:59:44.800000,2025-07-03 17:02:02.500,12.475,1.0872893166666666,40,1,osrm
774,delivered,2025-07-03 16:49:01,2025-07-03 17:01:46.434343,2025-07-03 17:01:46.434343,2025-07-03 17:03:09.600,14.143333333333334,0.0,22,4,osrm
775,delivered,2025-07-03 16:49:09,2025-07-03 17:00:42.609657,2025-07-03 17:03:35.600000,2025-07-03 17:08:39.600,19.509999999999998,2.883172383333333,14,3,osrm
776,delivered,2025-07-03 16:49:35,2025-07-03 16:57:59.257591,2025-07-03 17:16:11.489463,2025-07-03 17:17:48.100,28.21833333333333,18.203864533333334,30,3,osrm
777,delivered,2025-07-03 16:50:41,2025-07-03 17:01:49.888442,2025-07-03 17:03:31.773627,2025-07-03 17:09:51.400,19.173333333333336,1.6980864166666667,29,3,osrm
778,delivered,2025-07-03 16:50:00,2025-07-03 17:04:54.282040,2025-07-03 17:25:26.962786,2025-07-03 17:27:00.500,37.00833333333333,20.5446791,35,3,osrm
779,delivered,2025-07-03 16:51:15,2025-07-03 17:00:13.560156,2025-07-03 17:29:24.208428,2025-07-03 17:27:27.300,36.205000000000005,29.1774712,7,4,osrm
780,delivered,2025-07-03 16:51:59,2025-07-03 17:04:14.191449,2025-07-03 17:09:08.898002,2025-07-03 17:14:24.900,22.43166666666667,4.911775883333333,37,3,osrm
781,delivered,2025-07-03 16:51:36,2025-07-03 16:58:43.866450,2025-07-03 17:10:09.500000,2025-07-03 17:11:33.100,19.951666666666664,11.427225833333333,39,1,osrm
782,delivered,2025-07-03 16:52:18,2025-07-03 17:03:19.770078,2025-07-03 17:05:25.300000,2025-07-03 17:11:56.000,19.633333333333333,2.092165366666667,25,4,osrm
783,delivered,2025-07-03 16:52:27,2025-07-03 17:05:44.900569,2025-07-03 17:18:30.500000,2025-07-03 17:29:22.500,36.925,12.759990516666667,5,4,osrm
784,delivered,2025-07-03 16:52:26,2025-07-03 17:04:57.595044,2025-07-03 17:18:30.500000,2025-07-03 17:29:22.500,36.94166666666667,13.548415933333333,5,4,osrm
785,delivered,2025-07-03 16:53:09,2025-07-03 17:02:59.902599,2025-07-03 17:17:55.600000,2025-07-03 17:21:25.300,28.271666666666665,14.928290016666667,31,2,osrm
786,delivered,2025-07-03 16:54:36,2025-07-03 17:04:09.875564,2025-07-03 17:15:34.400000,2025-07-03 17:23:42.700,29.111666666666668,11.4087406,22,4,osrm
787,delivered,2025-07-03 16:54:20,2025-07-03 17:06:31.498017,2025-07-03 17:09:08.898002,2025-07-03 17:14:24.900,20.081666666666667,2.6233330833333333,37,3,osrm
788,delivered,2025-07-03 16:54:18,2025-07-03 17:04:00.269382,2025-07-03 17:15:34.400000,2025-07-03 17:23:42.700,29.41166666666667,11.568843633333334,22,4,osrm
789,delivered,2025-07-03 16:55:27,2025-07-03 17:09:08.898002,2025-07-03 17:09:08.898002,2025-07-03 17:14:24.900,18.965,0.0,37,3,osrm
790,delivered,2025-07-03 16:55:10,2025-07-03 17:10:16.991580,2025-07-03 17:29:51.100000,2025-07-03 17:36:39.200,41.486666666666665,19.568473666666666,32,2,osrm
791,delivered,2025-07-03 16:55:30,2025-07-03 17:08:15.112359,2025-07-03 17:18:30.500000,2025-07-03 17:29:22.500,33.875,10.256460683333334,5,4,osrm
792,delivered,2025-07-03 16:56:07,2025-07-03 17:12:16.824076,2025-07-03 17:29:24.208428,2025-07-03 17:27:27.300,31.33833333333333,17.123072533333335,7,4,osrm
793,delivered,2025-07-03 16:57:55,2025-07-03 17:07:53.597895,2025-07-03 17:18:30.500000,2025-07-03 17:29:22.500,31.458333333333332,10.615035083333334,5,4,osrm
794,delivered,2025-07-03 16:57:55,2025-07-03 17:07:19.463363,2025-07-03 17:10:24.500000,2025-07-03 17:12:51.000,14.933333333333334,3.08394395,19,1,osrm
795,delivered,2025-07-03 16:57:12,2025-07-03 17:05:23.287330,2025-07-03 17:15:36.138271,2025-07-03 17:18:19.800,21.13,10.21418235,10,4,osrm
796,delivered,2025-07-03 16:57:58,2025-07-03 17:04:26.842764,2025-07-03 17:04:26.842764,2025-07-03 17:15:14.900,17.28166666666667,0.0,33,4,osrm
797,delivered,2025-07-03 16:57:34,2025-07-03 17:08:42.433840,2025-07-03 17:29:03.000000,2025-07-03 17:33:07.900,35.565000000000005,20.342769333333333,33,2,osrm
798,delivered,2025-07-03 16:58:22,2025-07-03 17:15:36.138271,2025-07-03 17:15:36.138271,2025-07-03 17:18:19.800,19.96333333333333,0.0,10,4,osrm
799,delivered,2025-07-03 16:59:31,2025-07-03 17:11:51.800754,2025-07-03 17:11:51.800754,2025-07-03 17:18:00.500,18.491666666666667,0.0,8,4,osrm
800,delivered,2025-07-03 16:59:16,2025-07-03 17:10:13.444755,2025-07-03 17:29:43.302914,2025-07-03 17:36:29.100,37.218333333333334,19.497635983333332,10,2,osrm
801,delivered,2025-07-03 16:59:07,2025-07-03 17:08:54.040844,2025-07-03 17:27:53.047631,2025-07-03 17:32:07.100,33.001666666666665,18.98344645,6,3,osrm
802,delivered,2025-07-03 16:59:26,2025-07-03 17:13:32.384330,2025-07-03 17:23:28.240831,2025-07-03 17:16:11.300,16.755,9.930941683333334,40,3,osrm
803,delivered,2025-07-03 17:00:47,2025-07-03 17:11:43.319421,2025-07-03 17:28:09.642911,2025-07-03 17:31:22.100,30.584999999999997,16.438724833333332,38,3,osrm
804,delivered,2025-07-03 17:00:44,2025-07-03 17:10:31.300439,2025-07-03 17:17:55.600000,2025-07-03 17:21:25.300,20.688333333333333,7.404992683333333,31,2,osrm
805,delivered,2025-07-03 17:00:58,2025-07-03 17:11:11.937646,2025-07-03 17:15:36.138271,2025-07-03 17:18:19.800,17.363333333333333,4.40334375,10,4,osrm
806,delivered,2025-07-03 17:00:03,2025-07-03 17:10:31.944898,2025-07-03 17:11:51.800754,2025-07-03 17:18:00.500,17.958333333333332,1.3309309333333335,8,4,osrm
807,delivered,2025-07-03 17:00:29,2025-07-03 17:08:58.851965,2025-07-03 17:25:59.984073,2025-07-03 17:26:00.600,25.526666666666664,17.018868466666667,39,4,osrm
808,delivered,2025-07-03 17:00:23,2025-07-03 17:17:09.424119,2025-07-03 17:29:03.000000,2025-07-03 17:33:07.900,32.748333333333335,11.89293135,33,2,osrm
809,delivered,2025-07-03 17:00:29,2025-07-03 17:11:42.016744,2025-07-03 17:30:21.515653,2025-07-03 17:31:47.000,31.3,18.65831515,13,2,osrm
810,delivered,2025-07-03 17:00:44,2025-07-03 17:13:02.247371,2025-07-03 17:15:39.700000,2025-07-03 17:18:17.800,17.563333333333333,2.6242104833333335,13,1,osrm
811,delivered,2025-07-03 17:01:07,2025-07-03 17:16:11.489463,2025-07-03 17:16:11.489463,2025-07-03 17:17:48.100,16.685,0.0,30,3,osrm
812,delivered,2025-07-03 17:01:56,2025-07-03 17:14:19.452602,2025-07-03 17:30:25.200000,2025-07-03 17:38:19.500,36.391666666666666,16.095789966666665,30,3,osrm
813,delivered,2025-07-03 17:01:44,2025-07-03 17:12:11.339155,2025-07-03 17:24:09.000000,2025-07-03 17:29:36.100,27.868333333333332,11.961014083333334,17,3,osrm
814,delivered,2025-07-03 17:02:43,2025-07-03 17:13:13.558739,2025-07-03 17:29:34.500000,2025-07-03 17:34:22.900,31.665000000000003,16.34902101666667,34,2,osrm
815,delivered,2025-07-03 17:03:46,2025-07-03 17:17:23.727605,2025-07-03 17:29:34.500000,2025-07-03 17:34:22.900,30.615000000000002,12.179539916666666,34,2,osrm
816,delivered,2025-07-03 17:03:52,2025-07-03 17:17:54.439252,2025-07-03 17:21:03.900000,2025-07-03 17:23:22.800,19.513333333333332,3.157679133333333,29,1,osrm
817,delivered,2025-07-03 17:03:34,2025-07-03 17:17:04.723768,2025-07-03 17:25:26.962786,2025-07-03 17:27:00.500,23.441666666666666,8.3706503,35,3,osrm
818,delivered,2025-07-03 17:04:10,2025-07-03 17:15:31.883292,2025-07-03 17:27:55.400000,2025-07-03 17:34:02.500,29.875,12.391945133333333,12,3,osrm
819,delivered,2025-07-03 17:04:23,2025-07-03 17:19:37.288687,2025-07-03 17:34:39.800000,2025-07-03 17:43:23.600,39.01,15.041855216666667,31,3,osrm
820,delivered,2025-07-03 17:05:00,2025-07-03 17:15:45.587642,2025-07-03 17:38:58.494061,2025-07-03 17:40:52.200,35.87,23.21510698333333,3,4,osrm
821,delivered,2025-07-03 17:05:47,2025-07-03 17:22:01.209491,2025-07-03 17:38:52.400000,2025-07-03 17:48:06.400,42.32333333333334,16.853175150000002,39,2,osrm
822,delivered,2025-07-03 17:05:34,2025-07-03 17:20:50.175203,2025-07-03 17:30:08.400000,2025-07-03 17:33:51.500,28.291666666666668,9.303746616666666,20,1,osrm
823,delivered,2025-07-03 17:06:10,2025-07-03 17:13:49.680509,2025-07-03 17:17:44.500000,2025-07-03 17:20:01.000,13.85,3.9136581833333333,14,1,osrm
824,delivered,2025-07-03 17:06:16,2025-07-03 17:18:48.304466,2025-07-03 17:28:46.500000,2025-07-03 17:32:38.700,26.378333333333334,9.969925566666666,2,2,osrm
825,delivered,2025-07-03 17:07:42,2025-07-03 17:23:28.240831,2025-07-03 17:23:28.240831,2025-07-03 17:16:11.300,8.488333333333333,0.0,40,3,osrm
826,delivered,2025-07-03 17:07:34,2025-07-03 17:23:12.695123,2025-07-03 17:24:09.000000,2025-07-03 17:29:36.100,22.035,0.9384146166666666,17,3,osrm
827,delivered,2025-07-03 17:08:38,2025-07-03 17:18:44.614834,2025-07-03 17:18:44.614834,2025-07-03 17:23:15.500,14.625,0.0,9,2,osrm
828,delivered,2025-07-03 17:08:18,2025-07-03 17:20:56.562606,2025-07-03 17:27:48.300000,2025-07-03 17:31:10.800,22.88,6.8622898999999995,24,1,osrm
829,delivered,2025-07-03 17:08:00,2025-07-03 17:21:15.150569,2025-07-03 17:44:07.312906,2025-07-03 17:47:02.300,39.038333333333334,22.869372283333334,7,3,osrm
830,delivered,2025-07-03 17:09:12,2025-07-03 17:20:10.153704,2025-07-03 17:25:59.984073,2025-07-03 17:26:00.600,16.81,5.830506150000001,39,4,osrm
831,delivered,2025-07-03 17:09:54,2025-07-03 17:23:26.187879,2025-07-03 17:27:55.400000,2025-07-03 17:34:02.500,24.141666666666666,4.486868683333333,12,3,osrm
832,delivered,2025-07-03 17:09:00,2025-07-03 17:22:02.839000,2025-07-03 17:28:09.642911,2025-07-03 17:31:22.100,22.368333333333332,6.113398516666667,38,3,osrm
833,delivered,2025-07-03 17:09:05,2025-07-03 17:25:59.984073,2025-07-03 17:25:59.984073,2025-07-03 17:26:00.600,16.926666666666666,0.0,39,4,osrm
834,delivered,2025-07-03 17:09:48,2025-07-03 17:24:23.775653,2025-07-03 17:27:55.400000,2025-07-03 17:34:02.500,24.241666666666667,3.52707245,12,3,osrm
835,delivered,2025-07-03 17:10:36,2025-07-03 17:21:36.420393,2025-07-03 17:29:51.100000,2025-07-03 17:36:39.200,26.053333333333335,8.244660116666667,32,2,osrm
836,delivered,2025-07-03 17:10:15,2025-07-03 17:26:47.747165,2025-07-03 17:30:25.200000,2025-07-03 17:38:19.500,28.075,3.6242139166666667,30,3,osrm
837,delivered,2025-07-03 17:10:13,2025-07-03 17:29:33.971678,2025-07-03 17:42:25.880295,2025-07-03 17:51:57.700,41.745,12.865143616666668,40,4,osrm
838,delivered,2025-07-03 17:11:11,2025-07-03 17:25:26.962786,2025-07-03 17:25:26.962786,2025-07-03 17:27:00.500,15.825,0.0,35,3,osrm
839,delivered,2025-07-03 17:11:36,2025-07-03 17:26:29.405327,2025-07-03 17:28:46.500000,2025-07-03 17:32:38.700,21.045,2.2849112166666665,2,2,osrm
840,delivered,2025-07-03 17:11:49,2025-07-03 17:24:43.677403,2025-07-03 17:29:41.505909,2025-07-03 17:32:07.900,20.315,4.963808433333333,26,2,osrm
841,delivered,2025-07-03 17:11:45,2025-07-03 17:24:07.053052,2025-07-03 17:27:53.047631,2025-07-03 17:32:07.100,20.368333333333332,3.7665763166666664,6,3,osrm
842,delivered,2025-07-03 17:12:17,2025-07-03 17:25:39.778055,2025-07-03 17:42:25.880295,2025-07-03 17:51:57.700,39.67833333333333,16.768370666666666,40,4,osrm
843,delivered,2025-07-03 17:12:04,2025-07-03 17:21:55.880619,2025-07-03 17:24:09.000000,2025-07-03 17:29:36.100,17.535,2.2186563500000003,17,3,osrm
844,delivered,2025-07-03 17:12:42,2025-07-03 17:26:16.181551,2025-07-03 17:44:07.312906,2025-07-03 17:47:02.300,34.33833333333334,17.85218925,7,3,osrm
845,delivered,2025-07-03 17:13:43,2025-07-03 17:22:05.158394,2025-07-03 17:45:04.738020,2025-07-03 17:49:51.300,36.138333333333335,22.992993766666665,1,4,osrm
846,delivered,2025-07-03 17:13:31,2025-07-03 17:24:57.491771,2025-07-03 17:42:25.880295,2025-07-03 17:51:57.700,38.445,17.473142066666664,40,4,osrm
847,delivered,2025-07-03 17:13:08,2025-07-03 17:29:24.208428,2025-07-03 17:29:24.208428,2025-07-03 17:27:27.300,14.321666666666665,0.0,7,4,osrm
848,delivered,2025-07-03 17:14:16,2025-07-03 17:31:46.906118,2025-07-03 17:34:39.800000,2025-07-03 17:43:23.600,29.126666666666665,2.8815646999999998,31,3,osrm
849,delivered,2025-07-03 17:14:38,2025-07-03 17:26:05.413841,2025-07-03 17:38:52.400000,2025-07-03 17:48:06.400,33.473333333333336,12.78310265,39,2,osrm
850,delivered,2025-07-03 17:15:11,2025-07-03 17:28:09.642911,2025-07-03 17:28:09.642911,2025-07-03 17:31:22.100,16.185,0.0,38,3,osrm
851,delivered,2025-07-03 17:15:13,2025-07-03 17:23:48.306184,2025-07-03 17:25:59.984073,2025-07-03 17:26:00.600,10.793333333333333,2.194631483333333,39,4,osrm
852,delivered,2025-07-03 17:15:54,2025-07-03 17:27:10.526213,2025-07-03 17:30:37.500000,2025-07-03 17:32:35.000,16.683333333333334,3.4495631166666665,21,1,osrm
853,delivered,2025-07-03 17:15:37,2025-07-03 17:27:53.047631,2025-07-03 17:27:53.047631,2025-07-03 17:32:07.100,16.50166666666667,0.0,6,3,osrm
854,delivered,2025-07-03 17:16:21,2025-07-03 17:29:43.302914,2025-07-03 17:29:43.302914,2025-07-03 17:36:29.100,20.134999999999998,0.0,10,2,osrm
855,delivered,2025-07-03 17:17:53,2025-07-03 17:29:41.505909,2025-07-03 17:29:41.505909,2025-07-03 17:32:07.900,14.248333333333333,0.0,26,2,osrm
856,delivered,2025-07-03 17:18:29,2025-07-03 17:32:34.899282,2025-07-03 17:58:31.747570,2025-07-03 18:00:46.300,42.288333333333334,25.947471466666666,10,4,osrm
857,delivered,2025-07-03 17:18:00,2025-07-03 17:28:56.293129,2025-07-03 17:30:25.200000,2025-07-03 17:38:19.500,20.325,1.4817811833333332,30,3,osrm
858,delivered,2025-07-03 17:18:26,2025-07-03 17:27:22.259910,2025-07-03 17:47:10.159096,2025-07-03 17:53:08.900,34.715,19.79831976666667,22,2,osrm
859,delivered,2025-07-03 17:19:14,2025-07-03 17:31:46.114469,2025-07-03 17:52:09.344128,2025-07-03 17:56:11.900,36.965,20.387160983333334,14,3,osrm
860,delivered,2025-07-03 17:19:54,2025-07-03 17:33:57.879623,2025-07-03 17:38:58.494061,2025-07-03 17:40:52.200,20.970000000000002,5.010240633333334,3,4,osrm
861,delivered,2025-07-03 17:19:48,2025-07-03 17:30:40.747236,2025-07-03 17:57:59.295011,2025-07-03 17:58:36.800,38.81333333333334,27.309129583333334,5,3,osrm
862,delivered,2025-07-03 17:19:52,2025-07-03 17:32:50.151655,2025-07-03 17:52:28.336787,2025-07-03 17:58:36.800,38.74666666666667,19.636418866666666,8,4,osrm
863,delivered,2025-07-03 17:19:36,2025-07-03 17:34:46.433174,2025-07-03 17:48:20.000000,2025-07-03 17:56:16.600,36.67666666666666,13.5594471,11,4,osrm
864,delivered,2025-07-03 17:20:41,2025-07-03 17:30:21.515653,2025-07-03 17:30:21.515653,2025-07-03 17:31:47.000,11.1,0.0,13,2,osrm
865,delivered,2025-07-03 17:20:58,2025-07-03 17:31:46.683845,2025-07-03 17:43:03.000000,2025-07-03 17:48:08.100,27.168333333333333,11.271935916666667,38,2,osrm
866,delivered,2025-07-03 17:21:52,2025-07-03 17:34:45.841066,2025-07-03 17:58:31.747570,2025-07-03 18:00:46.300,38.905,23.7651084,10,4,osrm
867,delivered,2025-07-03 17:21:26,2025-07-03 17:27:09.345245,2025-07-03 17:34:39.800000,2025-07-03 17:43:23.600,21.959999999999997,7.50757925,31,3,osrm
868,delivered,2025-07-03 17:21:36,2025-07-03 17:34:35.020035,2025-07-03 17:52:09.344128,2025-07-03 17:56:11.900,34.598333333333336,17.572068216666665,14,3,osrm
869,delivered,2025-07-03 17:21:53,2025-07-03 17:33:15.458315,2025-07-03 17:43:03.000000,2025-07-03 17:48:08.100,26.251666666666665,9.792361416666667,38,2,osrm
870,delivered,2025-07-03 17:22:31,2025-07-03 17:33:21.156891,2025-07-03 17:58:31.747570,2025-07-03 18:00:46.300,38.255,25.176511316666666,10,4,osrm
871,delivered,2025-07-03 17:22:16,2025-07-03 17:38:49.797230,2025-07-03 17:55:46.339698,2025-07-03 18:01:55.600,39.66,16.942374466666667,32,3,osrm
872,delivered,2025-07-03 17:22:32,2025-07-03 17:32:45.339260,2025-07-03 17:55:46.339698,2025-07-03 18:01:55.600,39.39333333333333,23.016673966666666,32,3,osrm
873,delivered,2025-07-03 17:23:17,2025-07-03 17:37:16.055754,2025-07-03 17:48:20.000000,2025-07-03 17:56:16.600,32.99333333333333,11.065737433333334,11,4,osrm
874,delivered,2025-07-03 17:23:37,2025-07-03 17:33:30.382267,2025-07-03 17:57:59.295011,2025-07-03 17:58:36.800,34.99666666666667,24.481879066666668,5,3,osrm
875,delivered,2025-07-03 17:23:29,2025-07-03 17:38:47.760426,2025-07-03 17:43:47.834914,2025-07-03 17:48:36.900,25.131666666666668,5.0012414666666665,19,3,osrm
876,delivered,2025-07-03 17:24:27,2025-07-03 17:35:07.201274,2025-07-03 17:38:58.494061,2025-07-03 17:40:52.200,16.42,3.8548797833333333,3,4,osrm
877,delivered,2025-07-03 17:24:35,2025-07-03 17:40:53.905010,2025-07-03 17:44:57.100000,2025-07-03 17:48:03.400,23.473333333333336,4.053249833333333,25,1,osrm
878,delivered,2025-07-03 17:24:49,2025-07-03 17:36:41.593672,2025-07-03 17:45:04.738020,2025-07-03 17:49:51.300,25.038333333333334,8.385739133333333,1,4,osrm
879,delivered,2025-07-03 17:24:10,2025-07-03 17:33:29.481218,2025-07-03 17:53:14.968076,2025-07-03 18:02:27.500,38.291666666666664,19.7581143,17,3,osrm
880,delivered,2025-07-03 17:25:57,2025-07-03 17:38:51.463624,2025-07-03 17:52:28.336787,2025-07-03 17:58:36.800,32.663333333333334,13.614552716666667,8,4,osrm
881,delivered,2025-07-03 17:25:12,2025-07-03 17:36:27.226381,2025-07-03 17:48:20.000000,2025-07-03 17:56:16.600,31.076666666666664,11.879560316666668,11,4,osrm
882,delivered,2025-07-03 17:25:15,2025-07-03 17:39:22.783924,2025-07-03 17:43:47.834914,2025-07-03 17:48:36.900,23.365000000000002,4.4175165000000005,19,3,osrm
883,delivered,2025-07-03 17:26:51,2025-07-03 17:43:39.337339,2025-07-03 17:48:20.000000,2025-07-03 17:56:16.600,29.426666666666666,4.677711016666667,11,4,osrm
884,delivered,2025-07-03 17:26:53,2025-07-03 17:44:58.248431,2025-07-03 17:48:52.929603,2025-07-03 17:54:44.400,27.85666666666667,3.911352866666667,15,4,osrm
885,delivered,2025-07-03 17:26:13,2025-07-03 17:39:05.085862,2025-07-03 17:52:42.100000,2025-07-03 17:57:11.900,30.98166666666667,13.6169023,16,2,osrm
886,delivered,2025-07-03 17:28:23,2025-07-03 17:42:25.880295,2025-07-03 17:42:25.880295,2025-07-03 17:51:57.700,23.578333333333333,0.0,40,4,osrm
887,delivered,2025-07-03 17:28:37,2025-07-03 17:44:07.312906,2025-07-03 17:44:07.312906,2025-07-03 17:47:02.300,18.421666666666667,0.0,7,3,osrm
888,delivered,2025-07-03 17:29:30,2025-07-03 17:40:36.741352,2025-07-03 17:53:14.968076,2025-07-03 18:02:27.500,32.958333333333336,12.637112066666667,17,3,osrm
889,delivered,2025-07-03 17:29:41,2025-07-03 17:45:32.575050,2025-07-03 18:00:24.500000,2025-07-03 18:09:54.700,40.22833333333333,14.865415833333333,1,4,osrm
890,delivered,2025-07-03 17:29:57,2025-07-03 17:38:58.494061,2025-07-03 17:38:58.494061,2025-07-03 17:40:52.200,10.92,0.0,3,4,osrm
891,delivered,2025-07-03 17:29:52,2025-07-03 17:47:10.159096,2025-07-03 17:47:10.159096,2025-07-03 17:53:08.900,23.28166666666667,0.0,22,2,osrm
892,delivered,2025-07-03 17:29:25,2025-07-03 17:41:54.186754,2025-07-03 17:45:04.738020,2025-07-03 17:49:51.300,20.438333333333333,3.1758544333333334,1,4,osrm
893,delivered,2025-07-03 17:30:35,2025-07-03 17:41:46.739419,2025-07-03 17:54:40.700000,2025-07-03 17:57:57.300,27.371666666666666,12.899343016666668,24,2,osrm
894,delivered,2025-07-03 17:30:51,2025-07-03 17:40:33.231626,2025-07-03 17:43:40.400000,2025-07-03 17:47:12.100,16.351666666666667,3.1194729,37,1,osrm
895,delivered,2025-07-03 17:31:10,2025-07-03 17:41:55.446228,2025-07-03 17:48:52.929603,2025-07-03 17:54:44.400,23.573333333333334,6.95805625,15,4,osrm
896,delivered,2025-07-03 17:31:52,2025-07-03 17:38:27.449638,2025-07-03 17:48:52.929603,2025-07-03 17:54:44.400,22.873333333333335,10.424666083333333,15,4,osrm
897,delivered,2025-07-03 17:31:26,2025-07-03 17:40:47.712324,2025-07-03 17:59:36.837644,2025-07-03 18:05:04.800,33.64666666666667,18.818755333333335,19,4,osrm
898,delivered,2025-07-03 17:32:48,2025-07-03 17:43:47.834914,2025-07-03 17:43:47.834914,2025-07-03 17:48:36.900,15.815,0.0,19,3,osrm
899,delivered,2025-07-03 17:32:41,2025-07-03 17:45:04.738020,2025-07-03 17:45:04.738020,2025-07-03 17:49:51.300,17.171666666666667,0.0,1,4,osrm
900,delivered,2025-07-03 17:33:33,2025-07-03 17:41:40.146692,2025-07-03 17:53:18.400000,2025-07-03 17:59:31.700,25.978333333333335,11.637555133333333,6,2,osrm
901,delivered,2025-07-03 17:33:41,2025-07-03 17:44:25.026976,2025-07-03 18:00:24.500000,2025-07-03 18:09:54.700,36.22833333333333,15.991217066666668,1,4,osrm
902,delivered,2025-07-03 17:35:30,2025-07-03 17:52:22.331087,2025-07-03 17:52:28.336787,2025-07-03 17:58:36.800,23.113333333333333,0.100095,8,4,osrm
903,delivered,2025-07-03 17:35:11,2025-07-03 17:49:25.912148,2025-07-03 18:04:01.800000,2025-07-03 18:08:12.200,33.02,14.598130866666667,13,2,osrm
904,delivered,2025-07-03 17:36:01,2025-07-03 17:46:59.701976,2025-07-03 18:03:53.800000,2025-07-03 18:08:05.600,32.07666666666667,16.901633733333334,26,3,osrm
905,delivered,2025-07-03 17:36:27,2025-07-03 17:46:42.390249,2025-07-03 17:54:40.700000,2025-07-03 17:57:57.300,21.505,7.971829183333333,24,2,osrm
906,delivered,2025-07-03 17:36:37,2025-07-03 17:49:07.432273,2025-07-03 17:59:36.837644,2025-07-03 18:05:04.800,28.46333333333333,10.490089516666666,19,4,osrm
907,delivered,2025-07-03 17:37:48,2025-07-03 17:51:57.887135,2025-07-03 18:04:01.800000,2025-07-03 18:08:12.200,30.403333333333332,12.065214416666667,13,2,osrm
908,delivered,2025-07-03 17:37:56,2025-07-03 17:55:59.287322,2025-07-03 18:09:16.181989,2025-07-03 18:13:58.800,36.04666666666667,13.281577783333335,24,2,osrm
909,delivered,2025-07-03 17:37:10,2025-07-03 17:53:33.190778,2025-07-03 17:53:33.190778,2025-07-03 17:57:23.900,20.23166666666667,0.0,21,2,osrm
910,delivered,2025-07-03 17:38:28,2025-07-03 17:48:52.929603,2025-07-03 17:48:52.929603,2025-07-03 17:54:44.400,16.273333333333333,0.0,15,4,osrm
911,delivered,2025-07-03 17:38:31,2025-07-03 17:49:49.262501,2025-07-03 17:52:42.100000,2025-07-03 17:57:11.900,18.68166666666667,2.8806249833333335,16,2,osrm
912,delivered,2025-07-03 17:39:21,2025-07-03 17:57:59.295011,2025-07-03 17:57:59.295011,2025-07-03 17:58:36.800,19.263333333333332,0.0,5,3,osrm
913,delivered,2025-07-03 17:39:46,2025-07-03 17:53:12.884994,2025-07-03 18:08:33.300000,2025-07-03 18:15:19.300,35.555,15.340250099999999,37,2,osrm
914,delivered,2025-07-03 17:39:13,2025-07-03 17:52:04.974641,2025-07-03 18:09:10.100000,2025-07-03 18:15:17.600,36.07666666666667,17.085422649999998,16,2,osrm
915,delivered,2025-07-03 17:39:48,2025-07-03 17:46:33.846191,2025-07-03 17:53:18.400000,2025-07-03 17:59:31.700,19.728333333333335,6.742563483333333,6,2,osrm
916,delivered,2025-07-03 17:39:10,2025-07-03 17:48:10.826156,2025-07-03 17:52:55.600000,2025-07-03 17:56:31.700,17.361666666666668,4.746230733333333,3,1,osrm
917,delivered,2025-07-03 17:40:57,2025-07-03 17:52:09.344128,2025-07-03 17:52:09.344128,2025-07-03 17:56:11.900,15.248333333333333,0.0,14,3,osrm
918,delivered,2025-07-03 17:40:05,2025-07-03 17:48:49.315611,2025-07-03 18:00:38.000000,2025-07-03 18:05:01.100,24.935,11.811406483333334,28,2,osrm
919,delivered,2025-07-03 17:40:13,2025-07-03 17:53:14.968076,2025-07-03 17:53:14.968076,2025-07-03 18:02:27.500,22.241666666666667,0.0,17,3,osrm
920,delivered,2025-07-03 17:40:34,2025-07-03 17:50:48.982197,2025-07-03 18:09:46.500000,2025-07-03 18:21:00.900,40.44833333333334,18.95863005,5,3,osrm
921,delivered,2025-07-03 17:40:34,2025-07-03 17:52:19.403634,2025-07-03 18:16:09.373829,2025-07-03 18:14:47.900,34.23166666666667,23.832836583333336,8,2,osrm
922,delivered,2025-07-03 17:40:04,2025-07-03 17:52:28.336787,2025-07-03 17:52:28.336787,2025-07-03 17:58:36.800,18.546666666666667,0.0,8,4,osrm
923,delivered,2025-07-03 17:41:59,2025-07-03 17:53:13.543516,2025-07-03 17:53:33.190778,2025-07-03 17:57:23.900,15.415,0.32745436666666666,21,2,osrm
924,delivered,2025-07-03 17:41:16,2025-07-03 17:51:17.907655,2025-07-03 18:14:56.456778,2025-07-03 18:14:29.000,33.21666666666667,23.642485383333334,35,2,osrm
925,delivered,2025-07-03 17:41:32,2025-07-03 17:51:14.924623,2025-07-03 18:07:39.400000,2025-07-03 18:16:15.800,34.730000000000004,16.40792295,39,3,osrm
926,delivered,2025-07-03 17:42:18,2025-07-03 17:55:39.358380,2025-07-03 18:03:53.800000,2025-07-03 18:08:05.600,25.793333333333333,8.240693666666667,26,3,osrm
927,delivered,2025-07-03 17:42:09,2025-07-03 17:57:56.353948,2025-07-03 18:09:10.100000,2025-07-03 18:15:17.600,33.14333333333333,11.229100866666666,16,2,osrm
928,delivered,2025-07-03 17:42:22,2025-07-03 17:53:10.086219,2025-07-03 18:00:24.500000,2025-07-03 18:09:54.700,27.545,7.240229683333333,1,4,osrm
929,delivered,2025-07-03 17:43:04,2025-07-03 17:57:34.032966,2025-07-03 18:00:24.500000,2025-07-03 18:09:54.700,26.845000000000002,2.8411172333333337,1,4,osrm
930,delivered,2025-07-03 17:43:29,2025-07-03 17:57:55.217789,2025-07-03 18:19:38.665248,2025-07-03 18:18:58.900,35.498333333333335,21.724124316666668,19,2,osrm
931,delivered,2025-07-03 17:43:29,2025-07-03 17:58:31.747570,2025-07-03 17:58:31.747570,2025-07-03 18:00:46.300,17.288333333333334,0.0,10,4,osrm
932,delivered,2025-07-03 17:44:31,2025-07-03 17:55:46.339698,2025-07-03 17:55:46.339698,2025-07-03 18:01:55.600,17.41,0.0,32,3,osrm
933,delivered,2025-07-03 17:45:53,2025-07-03 17:59:36.837644,2025-07-03 17:59:36.837644,2025-07-03 18:05:04.800,19.196666666666665,0.0,19,4,osrm
934,delivered,2025-07-03 17:45:12,2025-07-03 17:59:10.533953,2025-07-03 18:02:29.100000,2025-07-03 18:07:17.500,22.091666666666665,3.3094341166666665,34,2,osrm
935,delivered,2025-07-03 17:45:32,2025-07-03 18:03:09.997617,2025-07-03 18:03:17.100000,2025-07-03 18:05:36.700,20.078333333333333,0.11837305,15,1,osrm
936,delivered,2025-07-03 17:46:25,2025-07-03 17:58:04.475318,2025-07-03 18:09:46.500000,2025-07-03 18:21:00.900,34.598333333333336,11.700411366666666,5,3,osrm
937,delivered,2025-07-03 17:46:03,2025-07-03 18:01:36.488068,2025-07-03 18:07:39.400000,2025-07-03 18:16:15.800,30.21333333333333,6.0485321999999995,39,3,osrm
938,delivered,2025-07-03 17:46:45,2025-07-03 18:03:36.199947,2025-07-03 18:08:33.300000,2025-07-03 18:15:19.300,28.571666666666665,4.95166755,37,2,osrm
939,delivered,2025-07-03 17:46:08,2025-07-03 17:57:56.285238,2025-07-03 17:59:31.200000,2025-07-03 18:01:52.300,15.738333333333333,1.5819127,30,1,osrm
940,delivered,2025-07-03 17:46:01,2025-07-03 17:55:31.420289,2025-07-03 18:02:29.100000,2025-07-03 18:07:17.500,21.275,6.961328516666667,34,2,osrm
941,delivered,2025-07-03 17:47:42,2025-07-03 17:58:56.717570,2025-07-03 18:20:43.640302,2025-07-03 18:20:23.400,32.690000000000005,21.782045533333335,10,2,osrm
942,delivered,2025-07-03 17:47:01,2025-07-03 18:01:17.663195,2025-07-03 18:07:39.400000,2025-07-03 18:16:15.800,29.246666666666666,6.362280083333333,39,3,osrm
943,delivered,2025-07-03 17:47:27,2025-07-03 17:58:50.577434,2025-07-03 18:00:38.000000,2025-07-03 18:05:01.100,17.56833333333333,1.7903761,28,2,osrm
944,delivered,2025-07-03 17:49:55,2025-07-03 17:59:00.702539,2025-07-03 18:03:57.200000,2025-07-03 18:06:41.600,16.776666666666667,4.94162435,18,1,osrm
945,delivered,2025-07-03 17:49:31,2025-07-03 18:00:20.296432,2025-07-03 18:12:41.800000,2025-07-03 18:17:55.800,28.413333333333334,12.358392799999999,32,3,osrm
946,delivered,2025-07-03 17:49:26,2025-07-03 17:57:06.179756,2025-07-03 17:59:36.837644,2025-07-03 18:05:04.800,15.646666666666667,2.5109648000000004,19,4,osrm
947,delivered,2025-07-03 17:50:00,2025-07-03 18:05:07.904320,2025-07-03 18:19:12.100000,2025-07-03 18:21:56.300,31.938333333333333,14.069928,3,2,osrm
948,delivered,2025-07-03 17:51:18,2025-07-03 18:01:49.654903,2025-07-03 18:09:46.500000,2025-07-03 18:21:00.900,29.715,7.9474182833333336,5,3,osrm
949,delivered,2025-07-03 17:52:20,2025-07-03 18:02:00.894389,2025-07-03 18:03:53.800000,2025-07-03 18:08:05.600,15.76,1.8817601833333333,26,3,osrm
950,delivered,2025-07-03 17:52:38,2025-07-03 18:03:44.959887,2025-07-03 18:03:44.959887,2025-07-03 18:06:50.100,14.201666666666666,0.0,31,1,osrm
951,delivered,2025-07-03 17:53:24,2025-07-03 18:06:45.841976,2025-07-03 18:08:14.900000,2025-07-03 18:10:51.200,17.453333333333333,1.4843004,38,1,osrm
952,delivered,2025-07-03 17:53:05,2025-07-03 18:08:30.632820,2025-07-03 18:18:10.200000,2025-07-03 18:23:42.000,30.616666666666667,9.659453000000001,2,4,osrm
953,delivered,2025-07-03 17:54:26,2025-07-03 18:13:08.621435,2025-07-03 18:14:06.200000,2025-07-03 18:16:53.600,22.459999999999997,0.95964275,28,1,osrm
954,delivered,2025-07-03 17:54:02,2025-07-03 18:07:42.210128,2025-07-03 18:18:10.200000,2025-07-03 18:23:42.000,29.666666666666668,10.466497866666666,2,4,osrm
955,delivered,2025-07-03 17:56:30,2025-07-03 18:04:36.463123,2025-07-03 18:04:36.463123,2025-07-03 18:06:09.400,9.656666666666666,0.0,2,1,osrm
956,delivered,2025-07-03 17:57:58,2025-07-03 18:06:53.137374,2025-07-03 18:14:31.100000,2025-07-03 18:17:28.800,19.513333333333332,7.632710433333333,22,2,osrm
957,delivered,2025-07-03 17:57:53,2025-07-03 18:08:21.625382,2025-07-03 18:19:31.800000,2025-07-03 18:25:02.800,27.163333333333334,11.169576966666666,31,2,osrm
958,delivered,2025-07-03 17:57:14,2025-07-03 18:10:38.794386,2025-07-03 18:14:13.000000,2025-07-03 18:18:11.200,20.953333333333333,3.5700935666666664,33,2,osrm
959,delivered,2025-07-03 17:58:03,2025-07-03 18:09:16.181989,2025-07-03 18:09:16.181989,2025-07-03 18:13:58.800,15.93,0.0,24,2,osrm
960,delivered,2025-07-03 17:59:44,2025-07-03 18:14:56.456778,2025-07-03 18:14:56.456778,2025-07-03 18:14:29.000,14.75,0.0,35,2,osrm
961,delivered,2025-07-03 18:00:09,2025-07-03 18:10:50.244279,2025-07-03 18:14:31.100000,2025-07-03 18:17:28.800,17.33,3.6809286833333332,22,2,osrm
962,delivered,2025-07-03 18:00:00,2025-07-03 18:05:00.000000,2025-07-03 18:05:00.000000,2025-07-03 18:06:30.100,6.501666666666667,0.0,20,1,osrm
963,delivered,2025-07-03 18:02:56,2025-07-03 18:12:26.605957,2025-07-03 18:14:13.000000,2025-07-03 18:18:11.200,15.253333333333334,1.77323405,33,2,osrm
964,delivered,2025-07-03 18:02:46,2025-07-03 18:16:48.930069,2025-07-03 18:18:10.200000,2025-07-03 18:23:42.000,20.933333333333334,1.35449885,2,4,osrm
965,delivered,2025-07-03 18:03:42,2025-07-03 18:20:02.826886,2025-07-03 18:20:02.826886,2025-07-03 18:22:32.800,18.846666666666668,0.0,34,1,osrm
966,delivered,2025-07-03 18:03:08,2025-07-03 18:13:50.312835,2025-07-03 18:19:31.800000,2025-07-03 18:25:02.800,21.913333333333334,5.69145275,31,2,osrm
967,delivered,2025-07-03 18:03:53,2025-07-03 18:19:38.665248,2025-07-03 18:19:38.665248,2025-07-03 18:18:58.900,15.098333333333333,0.0,19,2,osrm
968,delivered,2025-07-03 18:04:21,2025-07-03 18:16:09.373829,2025-07-03 18:16:09.373829,2025-07-03 18:14:47.900,10.448333333333332,0.0,8,2,osrm
969,delivered,2025-07-03 18:05:37,2025-07-03 18:12:32.731829,2025-07-03 18:13:27.900000,2025-07-03 18:15:30.900,9.898333333333333,0.9194695166666667,23,1,osrm
970,delivered,2025-07-03 18:05:12,2025-07-03 18:17:11.743115,2025-07-03 18:18:33.300000,2025-07-03 18:24:03.900,18.865000000000002,1.3592814166666665,13,1,osrm
971,delivered,2025-07-03 18:05:23,2025-07-03 18:15:24.479467,2025-07-03 18:23:08.822642,2025-07-03 18:27:39.900,22.28166666666667,7.739052916666666,27,3,osrm
972,delivered,2025-07-03 18:06:41,2025-07-03 18:17:55.783906,2025-07-03 18:33:29.300000,2025-07-03 18:38:15.800,31.58,15.558601566666665,31,1,osrm
973,delivered,2025-07-03 18:06:09,2025-07-03 18:17:50.407715,2025-07-03 18:19:12.100000,2025-07-03 18:21:56.300,15.788333333333332,1.3615380833333333,3,2,osrm
974,delivered,2025-07-03 18:07:17,2025-07-03 18:15:46.657781,2025-07-03 18:18:48.500000,2025-07-03 18:21:57.300,14.671666666666665,3.03070365,18,1,osrm
975,delivered,2025-07-03 18:07:48,2025-07-03 18:24:34.296960,2025-07-03 18:29:31.000000,2025-07-03 18:34:19.600,26.526666666666664,4.945050666666666,21,2,osrm
976,delivered,2025-07-03 18:09:02,2025-07-03 18:20:43.640302,2025-07-03 18:20:43.640302,2025-07-03 18:20:23.400,11.356666666666666,0.0,10,2,osrm
977,delivered,2025-07-03 18:09:28,2025-07-03 18:18:08.909449,2025-07-03 18:23:53.400000,2025-07-03 18:28:50.200,19.37,5.741509183333333,17,2,osrm
978,delivered,2025-07-03 18:10:32,2025-07-03 18:23:08.822642,2025-07-03 18:23:08.822642,2025-07-03 18:27:39.900,17.131666666666668,0.0,27,3,osrm
979,delivered,2025-07-03 18:11:10,2025-07-03 18:27:22.776106,2025-07-03 18:27:54.900000,2025-07-03 18:31:50.800,20.68,0.5353982333333334,11,1,osrm
980,delivered,2025-07-03 18:11:58,2025-07-03 18:22:20.928711,2025-07-03 18:23:53.400000,2025-07-03 18:28:50.200,16.87,1.54118815,17,2,osrm
981,delivered,2025-07-03 18:11:32,2025-07-03 18:26:12.596732,2025-07-03 18:29:31.000000,2025-07-03 18:34:19.600,22.793333333333333,3.3067211333333333,21,2,osrm
982,delivered,2025-07-03 18:11:20,2025-07-03 18:26:10.649774,2025-07-03 18:29:09.082667,2025-07-03 18:33:27.000,22.116666666666667,2.97388155,14,2,osrm
983,delivered,2025-07-03 18:12:38,2025-07-03 18:23:56.423065,2025-07-03 18:24:25.200000,2025-07-03 18:25:53.800,13.263333333333332,0.4796155833333334,40,1,osrm
984,delivered,2025-07-03 18:14:28,2025-07-03 18:25:33.358814,2025-07-03 18:29:40.900000,2025-07-03 18:32:16.700,17.811666666666667,4.125686433333334,39,1,osrm
985,delivered,2025-07-03 18:14:21,2025-07-03 18:29:49.358202,2025-07-03 18:29:49.358202,2025-07-03 18:32:40.100,18.31833333333333,0.0,23,1,osrm
986,delivered,2025-07-03 18:14:11,2025-07-03 18:27:48.970459,2025-07-03 18:29:02.900000,2025-07-03 18:31:39.600,17.476666666666667,1.2321590166666667,32,1,osrm
987,delivered,2025-07-03 18:15:45,2025-07-03 18:30:03.252034,2025-07-03 18:30:03.252034,2025-07-03 18:31:59.900,16.24833333333333,0.0,1,1,osrm
988,delivered,2025-07-03 18:16:58,2025-07-03 18:25:46.757604,2025-07-03 18:34:05.500000,2025-07-03 18:38:12.500,21.241666666666667,8.312373266666667,4,1,osrm
989,delivered,2025-07-03 18:17:37,2025-07-03 18:32:02.518457,2025-07-03 18:33:58.600000,2025-07-03 18:36:38.900,19.03166666666667,1.9346923833333334,8,1,osrm
990,delivered,2025-07-03 18:18:55,2025-07-03 18:37:23.859872,2025-07-03 18:38:52.900000,2025-07-03 18:41:13.600,22.31,1.4840021333333333,37,1,osrm
991,delivered,2025-07-03 18:18:32,2025-07-03 18:29:51.846900,2025-07-03 18:33:54.200000,2025-07-03 18:37:26.800,18.913333333333334,4.039218333333333,29,1,osrm
992,delivered,2025-07-03 18:18:37,2025-07-03 18:29:09.082667,2025-07-03 18:29:09.082667,2025-07-03 18:33:27.000,14.833333333333334,0.0,14,2,osrm
993,delivered,2025-07-03 18:20:12,2025-07-03 18:26:56.285904,2025-07-03 18:32:40.900000,2025-07-03 18:36:47.700,16.595000000000002,5.743568266666667,2,1,osrm
994,delivered,2025-07-03 18:21:07,2025-07-03 18:34:47.521177,2025-07-03 18:34:52.100000,2025-07-03 18:37:38.100,16.518333333333334,0.07631371666666667,12,1,osrm
995,delivered,2025-07-03 18:22:05,2025-07-03 18:30:59.922888,2025-07-03 18:32:54.900000,2025-07-03 18:36:03.600,13.976666666666667,1.9162852000000001,30,1,osrm
996,delivered,2025-07-03 18:24:48,2025-07-03 18:39:15.213558,2025-07-03 18:39:15.213558,2025-07-03 18:43:06.700,18.311666666666667,0.0,25,1,osrm
997,delivered,2025-07-03 18:24:45,2025-07-03 18:37:27.867322,2025-07-03 18:38:16.700000,2025-07-03 18:41:28.500,16.725,0.8138779666666667,20,1,osrm
998,delivered,2025-07-03 18:24:38,2025-07-03 18:33:56.006635,2025-07-03 18:33:56.006635,2025-07-03 18:36:05.100,11.451666666666666,0.0,13,1,osrm
999,delivered,2025-07-03 18:24:53,2025-07-03 18:37:54.642101,2025-07-03 18:38:59.300000,2025-07-03 18:45:04.700,20.195,1.07763165,15,1,osrm
1000,delivered,2025-07-03 18:24:03,2025-07-03 18:35:09.316596,2025-07-03 18:37:44.400000,2025-07-03 18:41:35.300,17.538333333333334,2.5847234,27,1,osrm
1001,delivered,2025-07-03 18:26:05,2025-07-03 18:36:28.379116,2025-07-03 18:39:02.100000,2025-07-03 18:42:19.200,16.236666666666668,2.5620147333333336,19,1,osrm
1002,delivered,2025-07-03 18:26:53,2025-07-03 18:40:12.480152,2025-07-03 18:45:43.800000,2025-07-03 18:48:09.900,21.28166666666667,5.521997466666666,35,1,osrm
1003,delivered,2025-07-03 18:26:59,2025-07-03 18:39:12.876905,2025-07-03 18:39:14.800000,2025-07-03 18:43:02.500,16.058333333333334,0.032051583333333335,22,1,osrm
1004,delivered,2025-07-03 18:27:58,2025-07-03 18:41:49.294714,2025-07-03 18:44:18.400000,2025-07-03 18:47:05.500,19.125,2.4850881,33,1,osrm
1005,delivered,2025-07-03 18:27:06,2025-07-03 18:41:28.400121,2025-07-03 18:43:30.600000,2025-07-03 18:45:50.700,18.745,2.03666465,14,1,osrm
1006,delivered,2025-07-03 18:28:27,2025-07-03 18:35:02.315913,2025-07-03 18:35:02.315913,2025-07-03 18:37:47.200,9.336666666666668,0.0,36,1,osrm
1007,delivered,2025-07-03 18:33:38,2025-07-03 18:47:58.785158,2025-07-03 18:48:52.900000,2025-07-03 18:51:38.300,18.005,0.9019140333333334,8,1,osrm
1008,delivered,2025-07-03 18:33:39,2025-07-03 18:44:23.180387,2025-07-03 18:44:23.180387,2025-07-03 18:47:46.800,14.129999999999999,0.0,6,1,osrm
1009,delivered,2025-07-03 18:35:00,2025-07-03 18:48:57.419076,2025-07-03 18:49:12.600000,2025-07-03 18:51:30.500,16.508333333333333,0.2530154,29,1,osrm
1010,delivered,2025-07-03 18:35:10,2025-07-03 18:49:51.876329,2025-07-03 18:49:51.876329,2025-07-03 18:52:06.100,16.935,0.0,21,1,osrm
1011,delivered,2025-07-03 18:35:12,2025-07-03 18:45:09.155016,2025-07-03 18:47:45.400000,2025-07-03 18:50:17.300,15.088333333333333,2.6040830666666666,12,1,osrm
1012,delivered,2025-07-03 18:35:54,2025-07-03 18:53:39.946237,2025-07-03 18:54:18.400000,2025-07-03 18:57:38.400,21.740000000000002,0.64089605,27,1,osrm
1013,delivered,2025-07-03 18:35:31,2025-07-03 18:43:49.576416,2025-07-03 18:44:00.900000,2025-07-03 18:46:00.000,10.483333333333333,0.18872640000000002,11,1,osrm
1014,delivered,2025-07-03 18:36:35,2025-07-03 18:51:04.075687,2025-07-03 18:52:13.900000,2025-07-03 18:54:35.600,18.009999999999998,1.1637385500000001,10,1,osrm
1015,delivered,2025-07-03 18:36:35,2025-07-03 18:47:17.411514,2025-07-03 18:48:35.600000,2025-07-03 18:51:05.800,14.513333333333332,1.3031414333333333,4,1,osrm
1016,delivered,2025-07-03 18:37:29,2025-07-03 18:53:04.475707,2025-07-03 18:53:20.300000,2025-07-03 18:56:28.000,18.983333333333334,0.2637382166666667,7,1,osrm
1017,delivered,2025-07-03 18:38:12,2025-07-03 18:47:20.757036,2025-07-03 18:50:34.000000,2025-07-03 18:52:48.100,14.601666666666667,3.2207160666666668,17,1,osrm
1018,delivered,2025-07-03 18:38:35,2025-07-03 18:51:06.735030,2025-07-03 18:53:52.900000,2025-07-03 18:58:01.500,19.441666666666666,2.769416166666667,9,1,osrm
1019,delivered,2025-07-03 18:40:46,2025-07-03 18:53:01.295192,2025-07-03 18:55:03.500000,2025-07-03 18:57:42.200,16.936666666666667,2.0367468,40,1,osrm
1020,delivered,2025-07-03 18:40:10,2025-07-03 18:53:11.235665,2025-07-03 18:55:07.600000,2025-07-03 18:58:55.100,18.751666666666665,1.9394055833333332,22,1,osrm
1021,delivered,2025-07-03 18:41:07,2025-07-03 18:51:46.158693,2025-07-03 18:52:57.300000,2025-07-03 18:54:53.400,13.773333333333333,1.18568845,34,1,osrm
1022,delivered,2025-07-03 18:43:24,2025-07-03 18:52:57.713941,2025-07-03 18:53:26.500000,2025-07-03 18:57:15.300,13.854999999999999,0.47976765000000005,23,1,osrm
1023,delivered,2025-07-03 18:43:43,2025-07-03 18:53:25.953294,2025-07-03 18:54:00.400000,2025-07-03 18:56:32.700,12.828333333333335,0.5741117666666666,32,1,osrm
1024,delivered,2025-07-03 18:46:43,2025-07-03 18:56:13.089807,2025-07-03 18:57:13.900000,2025-07-03 18:59:08.600,12.426666666666668,1.0135032166666667,26,1,osrm
1025,delivered,2025-07-03 18:46:49,2025-07-03 18:56:56.734171,2025-07-03 18:58:33.200000,2025-07-03 19:03:03.800,16.246666666666666,1.6077638166666666,14,1,osrm
1026,delivered,2025-07-03 18:46:15,2025-07-03 18:58:47.863978,2025-07-03 18:58:47.863978,2025-07-03 19:01:21.800,15.113333333333333,0.0,13,1,osrm
1027,delivered,2025-07-03 18:47:38,2025-07-03 18:56:39.318789,2025-07-03 18:57:56.900000,2025-07-03 19:01:55.300,14.288333333333332,1.2930201833333332,2,1,osrm
1028,delivered,2025-07-03 18:49:34,2025-07-03 18:55:35.662631,2025-07-03 18:58:46.100000,2025-07-03 18:59:49.400,10.256666666666666,3.17395615,33,1,osrm
1029,delivered,2025-07-03 18:49:39,2025-07-03 18:55:50.625888,2025-07-03 18:59:22.800000,2025-07-03 19:01:50.600,12.193333333333333,3.5362352,24,1,osrm
1030,delivered,2025-07-03 18:51:40,2025-07-03 19:03:00.949003,2025-07-03 19:05:24.200000,2025-07-03 19:08:39.800,16.996666666666666,2.387516616666667,10,1,osrm
1031,delivered,2025-07-03 18:52:54,2025-07-03 19:05:56.479824,2025-07-03 19:08:03.100000,2025-07-03 19:10:22.700,17.478333333333335,2.1103362666666667,7,1,osrm
1032,delivered,2025-07-03 18:52:42,2025-07-03 19:00:30.844797,2025-07-03 19:05:36.400000,2025-07-03 19:09:35.500,16.891666666666666,5.092586716666667,17,1,osrm
1033,delivered,2025-07-03 18:54:34,2025-07-03 19:04:05.884830,2025-07-03 19:04:10.800000,2025-07-03 19:08:19.400,13.756666666666666,0.08191949999999999,3,1,osrm
1034,delivered,2025-07-03 18:54:09,2025-07-03 19:03:29.577194,2025-07-03 19:03:29.577194,2025-07-03 19:06:36.800,12.463333333333333,0.0,12,1,osrm
1035,delivered,2025-07-03 18:55:54,2025-07-03 19:11:10.484669,2025-07-03 19:15:04.300000,2025-07-03 19:17:05.200,21.186666666666667,3.896922183333333,24,1,osrm
1036,delivered,2025-07-03 18:58:50,2025-07-03 19:08:51.277961,2025-07-03 19:09:05.800000,2025-07-03 19:12:01.100,13.185,0.2420339833333333,4,1,osrm
1037,delivered,2025-07-03 18:58:29,2025-07-03 19:13:18.127734,2025-07-03 19:14:56.300000,2025-07-03 19:16:49.900,18.348333333333336,1.6362044333333332,14,1,osrm
