order_id,status,placement_time,ready_time,pickup_time,delivery_time,click_to_door,ready_to_pickup,courier_id,bundle_size
0,delivered,2025-07-03 08:00:59,2025-07-03 08:06:04.793462,2025-07-03 08:05:09,2025-07-03 08:16:47.300,15.805,-0.9298910333333333,11,1
1,delivered,2025-07-03 08:00:14,2025-07-03 08:13:38.675750,2025-07-03 08:05:09,2025-07-03 08:13:06.300,12.871666666666666,-8.494595833333333,9,1
2,delivered,2025-07-03 08:00:15,2025-07-03 08:13:29.868723,2025-07-03 08:05:09,2025-07-03 08:13:55.000,13.666666666666666,-8.34781205,14,1
3,delivered,2025-07-03 08:00:58,2025-07-03 08:10:35.806086,2025-07-03 08:05:09,2025-07-03 08:14:04.300,13.104999999999999,-5.4467681,3,1
4,delivered,2025-07-03 08:00:09,2025-07-03 08:14:03.027232,2025-07-03 08:00:09,2025-07-03 08:09:13.300,9.071666666666665,-13.900453866666668,1,1
5,delivered,2025-07-03 08:01:02,2025-07-03 08:14:39.070698,2025-07-03 08:05:09,2025-07-03 08:14:48.600,13.776666666666667,-9.5011783,2,1
6,delivered,2025-07-03 08:01:47,2025-07-03 08:15:03.142374,2025-07-03 08:05:09,2025-07-03 08:13:00.800,11.229999999999999,-9.9023729,6,1
7,delivered,2025-07-03 08:01:53,2025-07-03 08:14:50.301678,2025-07-03 08:05:09,2025-07-03 08:14:12.400,12.323333333333332,-9.6883613,7,1
8,delivered,2025-07-03 08:02:05,2025-07-03 08:16:58.073655,2025-07-03 08:05:09,2025-07-03 08:11:08.600,9.06,-11.81789425,8,1
9,delivered,2025-07-03 08:03:57,2025-07-03 08:14:27.679399,2025-07-03 08:05:09,2025-07-03 08:12:21.000,8.4,-9.311323316666666,12,1
10,delivered,2025-07-03 08:04:10,2025-07-03 08:21:21.295143,2025-07-03 08:05:09,2025-07-03 08:14:45.900,10.598333333333333,-16.20491905,5,1
11,delivered,2025-07-03 08:04:44,2025-07-03 08:16:46.159424,2025-07-03 08:05:09,2025-07-03 08:14:56.800,10.213333333333333,-11.619323733333333,4,1
12,delivered,2025-07-03 08:05:05,2025-07-03 08:22:04.257777,2025-07-03 08:05:09,2025-07-03 08:13:22.700,8.295,-16.92096295,13,1
13,delivered,2025-07-03 08:05:08,2025-07-03 08:19:18.460993,2025-07-03 08:05:09,2025-07-03 08:15:09.400,10.023333333333333,-14.157683216666667,10,1
14,delivered,2025-07-03 08:06:14,2025-07-03 08:18:15.801963,2025-07-03 08:10:09,2025-07-03 08:20:15.400,14.023333333333333,-8.11336605,22,1
15,delivered,2025-07-03 08:07:14,2025-07-03 08:25:46.952563,2025-07-03 08:10:09,2025-07-03 08:17:58.800,10.746666666666666,-15.632542716666668,16,1
16,delivered,2025-07-03 08:07:21,2025-07-03 08:17:56.570328,2025-07-03 08:10:09,2025-07-03 08:18:54.900,11.565,-7.7928388,17,1
17,delivered,2025-07-03 08:08:15,2025-07-03 08:16:12.801108,2025-07-03 08:10:09,2025-07-03 08:18:20.000,10.083333333333334,-6.0633518,20,1
18,delivered,2025-07-03 08:08:51,2025-07-03 08:22:26.155734,2025-07-03 08:10:09,2025-07-03 08:22:28.200,13.620000000000001,-12.2859289,19,1
19,delivered,2025-07-03 08:09:23,2025-07-03 08:20:18.006299,2025-07-03 08:10:09,2025-07-03 08:18:39.100,9.268333333333334,-10.150104983333334,15,1
20,delivered,2025-07-03 08:09:56,2025-07-03 08:21:05.366719,2025-07-03 08:10:09,2025-07-03 08:18:49.800,8.896666666666667,-10.939445316666667,24,1
21,delivered,2025-07-03 08:09:42,2025-07-03 08:20:06.562753,2025-07-03 08:10:09,2025-07-03 08:18:45.700,9.061666666666667,-9.959379216666667,18,1
22,delivered,2025-07-03 08:09:33,2025-07-03 08:24:21.822675,2025-07-03 08:10:09,2025-07-03 08:18:33.200,9.003333333333334,-14.21371125,23,1
23,delivered,2025-07-03 08:09:50,2025-07-03 08:23:29.903607,2025-07-03 08:10:09,2025-07-03 08:17:24.400,7.573333333333333,-13.34839345,21,1
24,delivered,2025-07-03 08:10:33,2025-07-03 08:22:32.396167,2025-07-03 08:15:09,2025-07-03 08:21:23.300,10.838333333333333,-7.389936116666666,29,1
25,delivered,2025-07-03 08:10:36,2025-07-03 08:16:39.069383,2025-07-03 08:20:09,2025-07-03 08:27:09.800,16.563333333333333,3.498843616666667,13,1
26,delivered,2025-07-03 08:10:28,2025-07-03 08:25:53.897729,2025-07-03 08:35:09,2025-07-03 08:44:08.500,33.675,9.251704516666667,12,1
27,delivered,2025-07-03 08:10:43,2025-07-03 08:23:32.738841,2025-07-03 08:40:09,2025-07-03 08:51:00.500,40.291666666666664,16.60435265,6,1
28,delivered,2025-07-03 08:10:24,2025-07-03 08:17:42.002256,2025-07-03 08:15:09,2025-07-03 08:23:40.900,13.281666666666666,-2.5500376,27,1
29,delivered,2025-07-03 08:11:21,2025-07-03 08:21:24.128843,2025-07-03 08:45:09,2025-07-03 08:53:35.200,42.236666666666665,23.747852616666666,28,1
30,delivered,2025-07-03 08:11:46,2025-07-03 08:21:13.217166,2025-07-03 08:15:09,2025-07-03 08:22:32.100,10.768333333333334,-6.070286100000001,25,1
31,delivered,2025-07-03 08:11:11,2025-07-03 08:24:33.020922,2025-07-03 11:25:09,2025-07-03 11:32:35.100,201.40166666666667,180.5996513,6,1
32,delivered,2025-07-03 08:12:27,2025-07-03 08:20:54.833984,2025-07-03 08:25:09,2025-07-03 08:34:08.800,21.696666666666665,4.236100266666667,21,1
33,delivered,2025-07-03 08:12:27,2025-07-03 08:25:21.481946,2025-07-03 09:15:09,2025-07-03 09:22:26.800,69.99666666666667,49.79196756666667,28,1
34,delivered,2025-07-03 08:13:41,2025-07-03 08:25:53.277719,2025-07-03 08:25:09,2025-07-03 08:33:50.200,20.153333333333332,-0.7379619833333333,23,1
35,delivered,2025-07-03 08:13:54,2025-07-03 08:20:39.562449,2025-07-03 11:50:09,2025-07-03 11:56:24.900,222.515,209.49062585000001,18,1
36,delivered,2025-07-03 08:13:32,2025-07-03 08:22:24.659031,2025-07-03 08:15:09,2025-07-03 08:23:43.500,10.191666666666666,-7.260983850000001,1,1
37,delivered,2025-07-03 08:13:46,2025-07-03 08:27:37.091288,2025-07-03 10:50:09,2025-07-03 10:58:32.600,164.77666666666667,142.5318118666667,14,1
38,delivered,2025-07-03 08:13:06,2025-07-03 08:26:23.486960,2025-07-03 08:20:09,2025-07-03 08:32:33.100,19.451666666666664,-6.241449333333334,2,1
39,delivered,2025-07-03 08:14:33,2025-07-03 08:28:29.311426,2025-07-03 11:25:09,2025-07-03 11:32:16.200,197.72,176.66147623333333,28,1
40,delivered,2025-07-03 08:14:19,2025-07-03 08:25:21.762586,2025-07-03 08:15:09,2025-07-03 08:24:25.900,10.115,-10.212709766666668,26,1
41,delivered,2025-07-03 08:14:19,2025-07-03 08:29:01.439454,2025-07-03 08:20:09,2025-07-03 08:28:53.300,14.571666666666665,-8.873990899999999,12,1
42,delivered,2025-07-03 08:14:59,2025-07-03 08:23:26.999070,2025-07-03 11:55:09,2025-07-03 12:03:39.900,228.68166666666667,211.7000155,8,1
43,delivered,2025-07-03 08:14:15,2025-07-03 08:24:06.207052,2025-07-03 08:15:09,2025-07-03 08:22:15.000,8.0,-8.953450866666666,30,1
44,delivered,2025-07-03 08:14:13,2025-07-03 08:30:33.574419,2025-07-03 08:15:09,2025-07-03 08:22:59.400,8.773333333333333,-15.40957365,28,1
45,delivered,2025-07-03 08:14:41,2025-07-03 08:26:23.603379,2025-07-03 08:30:09,2025-07-03 08:34:49.600,20.14333333333333,3.7566103500000003,19,1
46,delivered,2025-07-03 08:15:20,2025-07-03 08:24:56.260550,2025-07-03 10:50:09,2025-07-03 10:59:13.600,163.89333333333335,145.21232416666666,25,1
47,delivered,2025-07-03 08:16:06,2025-07-03 08:24:15.420710,2025-07-03 10:50:09,2025-07-03 10:59:29.800,163.39666666666665,145.89298816666667,1,1
48,delivered,2025-07-03 08:16:48,2025-07-03 08:29:10.751561,2025-07-03 09:15:09,2025-07-03 09:25:33.200,68.75333333333333,45.970807316666665,30,1
49,delivered,2025-07-03 08:16:46,2025-07-03 08:31:50.861940,2025-07-03 08:20:09,2025-07-03 08:25:25.200,8.653333333333334,-11.697699,8,1
50,delivered,2025-07-03 08:17:48,2025-07-03 08:24:10.958575,2025-07-03 08:20:09,2025-07-03 08:27:06.900,9.315,-4.032642916666666,14,1
51,delivered,2025-07-03 08:17:41,2025-07-03 08:30:40.005647,2025-07-03 08:20:09,2025-07-03 08:30:33.400,12.873333333333333,-10.516760783333332,7,1
52,delivered,2025-07-03 08:17:49,2025-07-03 08:31:10.369799,2025-07-03 08:20:09,2025-07-03 08:30:51.900,13.048333333333334,-11.022829983333333,3,1
53,delivered,2025-07-03 08:18:18,2025-07-03 08:32:46.864940,2025-07-03 09:15:09,2025-07-03 09:26:47.500,68.49166666666666,42.36891766666667,29,1
54,delivered,2025-07-03 08:19:32,2025-07-03 08:31:55.078473,2025-07-03 08:20:09,2025-07-03 08:31:53.800,12.363333333333333,-11.76797455,4,1
55,delivered,2025-07-03 08:19:24,2025-07-03 08:32:49.004999,2025-07-03 08:20:09,2025-07-03 08:30:22.400,10.973333333333333,-12.666749983333334,6,1
56,delivered,2025-07-03 08:19:13,2025-07-03 08:32:45.702586,2025-07-03 08:20:09,2025-07-03 08:25:43.500,6.508333333333334,-12.611709766666667,5,1
57,delivered,2025-07-03 08:19:01,2025-07-03 08:34:43.243890,2025-07-03 10:50:09,2025-07-03 11:00:34.500,161.55833333333334,135.4292685,13,1
58,delivered,2025-07-03 08:19:59,2025-07-03 08:34:36.052157,2025-07-03 08:20:09,2025-07-03 08:26:59.000,7.0,-14.450869283333333,9,1
59,delivered,2025-07-03 08:20:58,2025-07-03 08:32:36.266272,2025-07-03 11:55:09,2025-07-03 12:05:05.100,224.11833333333334,202.54556213333333,19,1
60,delivered,2025-07-03 08:20:24,2025-07-03 08:29:55.647516,2025-07-03 08:25:09,2025-07-03 08:35:42.300,15.305,-4.7774586,17,1
61,delivered,2025-07-03 08:20:39,2025-07-03 08:26:48.520549,2025-07-03 08:25:09,2025-07-03 08:31:00.300,10.354999999999999,-1.6586758166666666,10,1
62,delivered,2025-07-03 08:20:49,2025-07-03 08:35:04.909836,2025-07-03 08:25:09,2025-07-03 08:32:35.100,11.768333333333334,-9.931830600000001,11,1
63,delivered,2025-07-03 08:20:52,2025-07-03 08:27:17.421264,2025-07-03 10:50:09,2025-07-03 10:59:05.300,158.22166666666666,142.8596456,7,1
64,delivered,2025-07-03 08:21:16,2025-07-03 08:32:10.379023,2025-07-03 08:25:09,2025-07-03 08:31:58.000,10.7,-7.022983716666667,18,1
65,delivered,2025-07-03 08:21:42,2025-07-03 08:35:55.601670,2025-07-03 11:15:09,2025-07-03 11:20:51.400,179.15666666666667,159.2233055,10,1
66,delivered,2025-07-03 08:21:18,2025-07-03 08:32:11.943633,2025-07-03 08:25:09,2025-07-03 08:32:28.500,11.175,-7.049060549999999,20,1
67,delivered,2025-07-03 08:22:24,2025-07-03 08:32:17.170129,2025-07-03 10:10:09,2025-07-03 10:24:47.500,122.39166666666667,97.86383118333333,30,1
68,delivered,2025-07-03 08:23:22,2025-07-03 08:35:17.951211,2025-07-03 08:25:09,2025-07-03 08:31:21.100,7.985,-10.14918685,16,1
69,delivered,2025-07-03 08:23:06,2025-07-03 08:35:52.570124,2025-07-03 12:00:09,2025-07-03 12:05:18.500,222.20833333333334,204.27383126666666,5,1
70,delivered,2025-07-03 08:23:26,2025-07-03 08:34:54.149308,2025-07-03 08:25:09,2025-07-03 08:33:52.200,10.436666666666667,-9.752488466666668,15,1
71,delivered,2025-07-03 08:23:28,2025-07-03 08:34:06.887640,2025-07-03 11:15:09,2025-07-03 11:22:00.800,178.54666666666665,161.035206,9,1
72,delivered,2025-07-03 08:24:42,2025-07-03 08:42:08.436621,2025-07-03 11:25:09,2025-07-03 11:34:04.200,189.37,163.00938964999997,1,1
73,delivered,2025-07-03 08:24:41,2025-07-03 08:38:46.999983,2025-07-03 08:25:09,2025-07-03 08:35:01.800,10.346666666666666,-13.633333050000001,24,1
74,delivered,2025-07-03 08:25:41,2025-07-03 08:33:06.963367,2025-07-03 08:30:09,2025-07-03 08:39:12.900,13.531666666666666,-2.9660561166666666,22,1
75,delivered,2025-07-03 08:26:38,2025-07-03 08:37:12.086900,2025-07-03 10:15:09,2025-07-03 10:23:13.000,116.58333333333333,97.94855166666666,19,1
76,delivered,2025-07-03 08:26:11,2025-07-03 08:32:25.456204,2025-07-03 11:30:09,2025-07-03 11:36:16.400,190.09,177.72572993333333,26,1
77,delivered,2025-07-03 08:26:18,2025-07-03 08:39:39.443935,2025-07-03 12:00:09,2025-07-03 12:12:02.900,225.74833333333333,200.49260108333334,9,1
78,delivered,2025-07-03 08:26:22,2025-07-03 08:36:19.824585,2025-07-03 10:50:09,2025-07-03 10:59:10.900,152.815,133.81959025,6,1
79,delivered,2025-07-03 08:27:49,2025-07-03 08:38:42.321270,2025-07-03 08:30:09,2025-07-03 08:40:01.900,12.215,-8.5553545,28,1
80,delivered,2025-07-03 08:27:44,2025-07-03 08:38:53.277045,2025-07-03 08:30:09,2025-07-03 08:35:38.700,7.911666666666666,-8.737950750000001,1,1
81,delivered,2025-07-03 08:27:13,2025-07-03 08:38:58.447712,2025-07-03 08:30:09,2025-07-03 08:37:02.200,9.82,-8.824128533333333,26,1
82,delivered,2025-07-03 08:28:59,2025-07-03 08:45:30.959125,2025-07-03 11:30:09,2025-07-03 11:36:45.900,187.78166666666667,164.63401458333334,27,1
83,delivered,2025-07-03 08:28:17,2025-07-03 08:43:31.272817,2025-07-03 10:15:09,2025-07-03 10:24:24.100,116.11833333333334,91.62878638333333,6,1
84,delivered,2025-07-03 08:28:08,2025-07-03 08:38:53.269830,2025-07-03 11:50:09,2025-07-03 11:58:22.200,210.23666666666668,191.2621695,15,1
85,delivered,2025-07-03 08:29:22,2025-07-03 08:35:34.966241,2025-07-03 08:30:09,2025-07-03 08:36:46.800,7.413333333333333,-5.432770683333334,27,1
86,delivered,2025-07-03 08:29:38,2025-07-03 08:47:13.658212,2025-07-03 08:30:09,2025-07-03 08:38:13.100,8.585,-17.07763686666667,30,1
87,delivered,2025-07-03 08:29:36,2025-07-03 08:41:29.616386,2025-07-03 11:30:09,2025-07-03 11:38:38.900,189.04833333333332,168.65639356666668,2,1
88,delivered,2025-07-03 08:29:00,2025-07-03 08:42:33.801597,2025-07-03 08:30:09,2025-07-03 08:38:28.400,9.473333333333333,-12.41335995,29,1
89,delivered,2025-07-03 08:30:24,2025-07-03 08:42:16.272922,2025-07-03 11:05:09,2025-07-03 11:13:42.400,163.30666666666667,142.87878463333334,29,1
90,delivered,2025-07-03 08:30:09,2025-07-03 08:42:50.653621,2025-07-03 08:30:09,2025-07-03 08:36:43.600,6.576666666666667,-12.694227016666668,25,1
91,delivered,2025-07-03 08:31:44,2025-07-03 08:48:33.596089,2025-07-03 08:35:09,2025-07-03 08:42:15.100,10.518333333333334,-13.409934816666667,5,1
92,delivered,2025-07-03 08:31:33,2025-07-03 08:47:25.083160,2025-07-03 11:50:09,2025-07-03 11:57:21.600,205.81,182.73194733333332,23,1
93,delivered,2025-07-03 08:31:43,2025-07-03 08:41:24.737118,2025-07-03 08:35:09,2025-07-03 08:42:06.400,10.389999999999999,-6.2622853,13,1
94,delivered,2025-07-03 08:31:36,2025-07-03 08:45:38.163010,2025-07-03 10:55:09,2025-07-03 11:03:23.300,151.78833333333333,129.51394983333333,3,1
95,delivered,2025-07-03 08:32:25,2025-07-03 08:45:03.103560,2025-07-03 10:15:09,2025-07-03 10:25:55.400,113.50666666666666,90.098274,13,1
96,delivered,2025-07-03 08:32:23,2025-07-03 08:46:16.292267,2025-07-03 10:15:09,2025-07-03 10:26:15.300,113.87166666666667,88.87846221666668,1,1
97,delivered,2025-07-03 08:32:06,2025-07-03 08:41:20.724182,2025-07-03 08:35:09,2025-07-03 08:41:40.500,9.575,-6.195403033333333,8,1
98,delivered,2025-07-03 08:32:22,2025-07-03 08:38:38.221376,2025-07-03 08:35:09,2025-07-03 08:43:52.400,11.506666666666666,-3.4870229333333334,14,1
99,delivered,2025-07-03 08:33:49,2025-07-03 08:47:54.559760,2025-07-03 10:55:09,2025-07-03 11:03:42.200,149.88666666666668,127.24067066666666,21,1
100,delivered,2025-07-03 08:34:27,2025-07-03 08:44:54.445172,2025-07-03 10:55:09,2025-07-03 11:06:48.100,152.35166666666666,130.24258046666668,11,1
101,delivered,2025-07-03 08:34:58,2025-07-03 08:45:28.130959,2025-07-03 08:35:09,2025-07-03 08:42:24.700,7.444999999999999,-10.318849316666666,9,1
102,delivered,2025-07-03 08:35:36,2025-07-03 08:48:33.354411,2025-07-03 08:40:09,2025-07-03 08:51:09.700,15.561666666666667,-8.405906850000001,7,1
103,delivered,2025-07-03 08:35:48,2025-07-03 08:45:15.090966,2025-07-03 08:40:09,2025-07-03 08:46:21.400,10.556666666666667,-5.1015160999999996,11,1
104,delivered,2025-07-03 08:35:38,2025-07-03 08:43:54.194892,2025-07-03 08:40:09,2025-07-03 08:46:35.800,10.963333333333333,-3.7532482000000003,3,1
105,delivered,2025-07-03 08:35:29,2025-07-03 08:47:43.824074,2025-07-03 08:40:09,2025-07-03 08:47:10.800,11.696666666666665,-7.580401233333333,16,1
106,delivered,2025-07-03 08:36:28,2025-07-03 08:48:31.025843,2025-07-03 08:40:09,2025-07-03 08:47:22.200,10.903333333333334,-8.367097383333334,18,1
107,delivered,2025-07-03 08:36:28,2025-07-03 08:50:19.303520,2025-07-03 08:40:09,2025-07-03 08:46:48.700,10.345,-10.171725333333335,15,1
108,delivered,2025-07-03 08:36:31,2025-07-03 08:46:45.734891,2025-07-03 08:40:09,2025-07-03 08:46:19.700,9.811666666666667,-6.6122481833333335,10,1
109,delivered,2025-07-03 08:37:56,2025-07-03 08:50:08.960916,2025-07-03 08:40:09,2025-07-03 08:46:26.200,8.503333333333334,-9.9993486,4,1
110,delivered,2025-07-03 08:37:39,2025-07-03 08:47:32.605683,2025-07-03 08:40:09,2025-07-03 08:44:09.400,6.506666666666666,-7.39342805,21,1
111,delivered,2025-07-03 08:37:48,2025-07-03 08:51:06.844519,2025-07-03 08:40:09,2025-07-03 08:47:20.500,9.541666666666666,-10.964075316666667,19,1
112,delivered,2025-07-03 08:37:22,2025-07-03 08:50:36.093678,2025-07-03 08:40:09,2025-07-03 08:49:04.900,11.715,-10.4515613,20,1
113,delivered,2025-07-03 08:37:45,2025-07-03 08:53:17.457514,2025-07-03 12:00:09,2025-07-03 12:09:54.800,212.16333333333333,186.85904143333335,2,1
114,delivered,2025-07-03 08:37:15,2025-07-03 08:50:21.920668,2025-07-03 12:00:09,2025-07-03 12:09:03.300,211.80499999999998,189.78465553333334,10,1
115,delivered,2025-07-03 08:38:08,2025-07-03 08:49:38.393900,2025-07-03 11:30:09,2025-07-03 11:37:24.000,179.26666666666668,160.51010166666669,30,1
116,delivered,2025-07-03 08:38:04,2025-07-03 08:53:45.380659,2025-07-03 08:40:09,2025-07-03 08:49:46.800,11.713333333333333,-13.606344316666668,2,1
117,delivered,2025-07-03 08:39:24,2025-07-03 08:49:54.701130,2025-07-03 11:30:09,2025-07-03 11:39:57.600,180.56,160.2383145,9,1
118,delivered,2025-07-03 08:39:14,2025-07-03 08:51:01.289233,2025-07-03 08:40:09,2025-07-03 08:47:28.500,8.241666666666667,-10.871487216666667,24,1
119,delivered,2025-07-03 08:39:26,2025-07-03 08:49:18.786989,2025-07-03 10:15:09,2025-07-03 10:27:13.900,107.79833333333333,85.83688351666666,5,1
120,delivered,2025-07-03 08:39:38,2025-07-03 08:52:07.120916,2025-07-03 08:40:09,2025-07-03 08:47:11.400,7.556666666666667,-11.968681933333333,23,1
121,delivered,2025-07-03 08:40:21,2025-07-03 08:47:41.511812,2025-07-03 08:45:09,2025-07-03 08:51:17.400,10.94,-2.5418635333333333,25,1
122,delivered,2025-07-03 08:40:40,2025-07-03 08:49:58.345557,2025-07-03 12:00:09,2025-07-03 12:11:07.400,210.45666666666665,190.17757405,29,1
123,delivered,2025-07-03 08:41:17,2025-07-03 08:51:59.314724,2025-07-03 08:45:09,2025-07-03 08:55:08.400,13.856666666666666,-6.838578733333334,22,1
124,delivered,2025-07-03 08:41:42,2025-07-03 08:55:42.557682,2025-07-03 11:50:09,2025-07-03 11:56:50.900,195.14833333333334,174.4407053,14,1
125,delivered,2025-07-03 08:41:28,2025-07-03 08:54:54.337817,2025-07-03 08:45:09,2025-07-03 08:53:14.100,11.768333333333334,-9.755630283333334,27,1
126,delivered,2025-07-03 08:41:41,2025-07-03 08:51:22.355956,2025-07-03 10:20:09,2025-07-03 10:29:23.400,107.70666666666666,88.77740073333332,14,1
127,delivered,2025-07-03 08:41:21,2025-07-03 08:52:19.864264,2025-07-03 08:45:09,2025-07-03 08:52:49.500,11.475,-7.181071066666666,29,1
128,delivered,2025-07-03 08:42:51,2025-07-03 08:53:45.012587,2025-07-03 10:20:09,2025-07-03 10:30:42.400,107.85666666666665,86.39979021666666,26,1
129,delivered,2025-07-03 08:42:52,2025-07-03 08:56:21.425019,2025-07-03 11:30:09,2025-07-03 11:39:51.300,176.98833333333332,153.79291634999998,10,1
130,delivered,2025-07-03 08:42:01,2025-07-03 08:53:43.092895,2025-07-03 08:45:09,2025-07-03 08:53:36.800,11.596666666666666,-8.568214916666667,30,1
131,delivered,2025-07-03 08:43:56,2025-07-03 08:54:06.444502,2025-07-03 12:00:09,2025-07-03 12:09:54.100,205.96833333333333,186.04259163333333,24,1
132,delivered,2025-07-03 08:43:25,2025-07-03 08:54:16.400537,2025-07-03 08:45:09,2025-07-03 08:52:46.300,9.354999999999999,-9.123342283333333,26,1
133,delivered,2025-07-03 08:43:13,2025-07-03 09:06:39.525833,2025-07-03 08:50:09,2025-07-03 09:00:27.100,17.235,-16.508763883333334,5,1
134,delivered,2025-07-03 08:44:26,2025-07-03 08:54:20.702453,2025-07-03 08:45:09,2025-07-03 08:53:45.900,9.331666666666667,-9.195040883333332,1,1
135,delivered,2025-07-03 08:44:39,2025-07-03 08:57:55.025520,2025-07-03 08:45:09,2025-07-03 08:53:08.400,8.49,-12.767092,17,1
136,delivered,2025-07-03 08:44:37,2025-07-03 08:55:09.187759,2025-07-03 11:30:09,2025-07-03 11:39:38.900,175.03166666666667,154.99687068333333,11,1
137,delivered,2025-07-03 08:44:38,2025-07-03 08:59:30.270018,2025-07-03 11:15:09,2025-07-03 11:22:49.400,158.19,135.6454997,17,1
138,delivered,2025-07-03 08:45:14,2025-07-03 08:58:20.266676,2025-07-03 08:50:09,2025-07-03 08:55:07.500,9.891666666666667,-8.187777933333333,8,1
139,delivered,2025-07-03 08:45:14,2025-07-03 08:56:25.303616,2025-07-03 10:20:09,2025-07-03 10:30:43.700,105.49499999999999,83.72827306666666,27,1
140,delivered,2025-07-03 08:45:49,2025-07-03 09:01:13.880552,2025-07-03 08:50:09,2025-07-03 09:00:21.500,14.541666666666666,-11.081342533333332,21,1
141,delivered,2025-07-03 08:45:37,2025-07-03 08:55:22.091129,2025-07-03 08:50:09,2025-07-03 08:56:21.300,10.738333333333333,-5.218185483333333,9,1
142,delivered,2025-07-03 08:45:25,2025-07-03 08:56:36.459713,2025-07-03 08:50:09,2025-07-03 08:57:23.100,11.968333333333334,-6.4576618833333335,12,1
143,delivered,2025-07-03 08:46:03,2025-07-03 09:03:38.430392,2025-07-03 09:00:09,2025-07-03 09:08:52.100,22.81833333333333,-3.4905065333333334,27,1
144,delivered,2025-07-03 08:46:48,2025-07-03 08:55:55.279188,2025-07-03 10:20:09,2025-07-03 10:32:24.500,105.60833333333333,84.2286802,22,1
145,delivered,2025-07-03 08:47:56,2025-07-03 09:01:51.938243,2025-07-03 08:50:09,2025-07-03 08:58:20.400,10.406666666666666,-11.715637383333334,14,1
146,delivered,2025-07-03 08:47:52,2025-07-03 08:56:30.682952,2025-07-03 08:55:09,2025-07-03 09:04:36.100,16.735,-1.3613825333333334,4,1
147,delivered,2025-07-03 08:48:11,2025-07-03 09:02:30.683612,2025-07-03 09:00:09,2025-07-03 09:07:51.200,19.67,-2.3613935333333336,1,1
148,delivered,2025-07-03 08:48:19,2025-07-03 09:01:08.458830,2025-07-03 08:50:09,2025-07-03 08:55:31.300,7.205,-10.990980500000001,13,1
149,delivered,2025-07-03 08:49:00,2025-07-03 08:59:15.123827,2025-07-03 09:00:09,2025-07-03 09:08:20.300,19.33833333333333,0.8979362166666667,22,1
150,delivered,2025-07-03 08:50:38,2025-07-03 09:00:58.035803,2025-07-03 09:00:09,2025-07-03 09:05:45.400,15.123333333333333,-0.8172633833333334,26,1
151,delivered,2025-07-03 08:50:51,2025-07-03 08:59:09.696500,2025-07-03 08:55:09,2025-07-03 09:01:58.900,11.131666666666666,-4.011608333333333,3,1
152,delivered,2025-07-03 08:50:17,2025-07-03 08:59:53.073039,2025-07-03 08:55:09,2025-07-03 09:02:45.400,12.473333333333333,-4.73455065,24,1
153,delivered,2025-07-03 08:51:43,2025-07-03 09:06:38.716092,2025-07-03 08:55:09,2025-07-03 09:07:16.800,15.563333333333333,-11.4952682,19,1
154,delivered,2025-07-03 08:51:26,2025-07-03 09:01:48.429303,2025-07-03 10:20:09,2025-07-03 10:34:39.600,103.22666666666667,78.34284495,9,1
155,delivered,2025-07-03 08:51:30,2025-07-03 09:04:27.703735,2025-07-03 08:55:09,2025-07-03 09:03:37.600,12.126666666666667,-9.311728916666668,16,1
156,delivered,2025-07-03 08:51:30,2025-07-03 09:01:34.228337,2025-07-03 08:55:09,2025-07-03 09:00:10.600,8.676666666666668,-6.420472283333334,18,1
157,delivered,2025-07-03 08:51:07,2025-07-03 09:00:17.894425,2025-07-03 09:00:09,2025-07-03 09:07:58.100,16.851666666666667,-0.14824041666666668,29,1
158,delivered,2025-07-03 08:52:01,2025-07-03 09:01:21.011165,2025-07-03 08:55:09,2025-07-03 09:02:27.600,10.443333333333333,-6.2001860833333335,15,1
159,delivered,2025-07-03 08:52:06,2025-07-03 09:06:35.098509,2025-07-03 09:10:09,2025-07-03 09:19:17.500,27.191666666666666,3.56502485,4,1
160,delivered,2025-07-03 08:52:01,2025-07-03 09:06:35.440011,2025-07-03 10:25:09,2025-07-03 10:31:24.800,99.39666666666668,78.55933315,17,1
161,delivered,2025-07-03 08:52:49,2025-07-03 09:01:44.858659,2025-07-03 08:55:09,2025-07-03 09:03:26.700,10.628333333333334,-6.597644316666666,20,1
162,delivered,2025-07-03 08:53:18,2025-07-03 09:05:30.591982,2025-07-03 08:55:09,2025-07-03 08:59:56.000,6.633333333333334,-10.359866366666667,10,1
163,delivered,2025-07-03 08:54:45,2025-07-03 09:01:39.813915,2025-07-03 11:05:09,2025-07-03 11:14:14.000,139.48333333333332,123.48643475,12,1
164,delivered,2025-07-03 08:54:20,2025-07-03 09:09:41.430976,2025-07-03 10:25:09,2025-07-03 10:32:58.700,98.645,75.45948373333334,10,1
165,delivered,2025-07-03 08:54:45,2025-07-03 09:09:09.138618,2025-07-03 12:00:09,2025-07-03 12:13:28.100,198.71833333333333,170.9976897,17,1
166,delivered,2025-07-03 08:54:23,2025-07-03 09:05:04.354123,2025-07-03 08:55:09,2025-07-03 09:03:07.200,8.736666666666668,-9.922568716666666,11,1
167,delivered,2025-07-03 08:54:19,2025-07-03 09:11:57.815481,2025-07-03 08:55:09,2025-07-03 09:01:00.300,6.6883333333333335,-16.81359135,23,1
168,delivered,2025-07-03 08:54:16,2025-07-03 09:02:27.046032,2025-07-03 08:55:09,2025-07-03 09:04:45.800,10.496666666666666,-7.3007672,2,1
169,delivered,2025-07-03 08:55:35,2025-07-03 09:05:32.901394,2025-07-03 09:00:09,2025-07-03 09:08:27.000,12.866666666666667,-5.398356566666666,25,1
170,delivered,2025-07-03 08:55:56,2025-07-03 09:09:31.041181,2025-07-03 09:00:09,2025-07-03 09:07:49.600,11.893333333333334,-9.367353016666668,17,1
171,delivered,2025-07-03 08:56:20,2025-07-03 09:01:20.000000,2025-07-03 09:00:09,2025-07-03 09:07:04.100,10.735000000000001,-1.1833333333333333,6,1
172,delivered,2025-07-03 08:56:57,2025-07-03 09:07:59.920325,2025-07-03 10:25:09,2025-07-03 10:37:42.800,100.76333333333334,77.15132791666666,12,1
173,delivered,2025-07-03 08:56:36,2025-07-03 09:05:13.357001,2025-07-03 10:25:09,2025-07-03 10:34:12.800,97.61333333333333,79.92738331666666,21,1
174,delivered,2025-07-03 08:56:52,2025-07-03 09:10:17.544620,2025-07-03 09:00:09,2025-07-03 09:06:31.800,9.663333333333332,-10.142410333333334,30,1
175,delivered,2025-07-03 08:57:30,2025-07-03 09:08:20.111309,2025-07-03 10:25:09,2025-07-03 10:36:47.200,99.28666666666666,76.81481151666667,15,1
176,delivered,2025-07-03 08:57:42,2025-07-03 09:08:15.720707,2025-07-03 10:55:09,2025-07-03 11:06:40.600,128.97666666666666,106.88798821666666,10,1
177,delivered,2025-07-03 08:57:37,2025-07-03 09:06:14.067429,2025-07-03 09:00:09,2025-07-03 09:06:51.800,9.246666666666666,-6.08445715,8,1
178,delivered,2025-07-03 08:58:46,2025-07-03 09:03:46.000000,2025-07-03 09:00:09,2025-07-03 09:09:54.800,11.146666666666667,-3.6166666666666667,28,1
179,delivered,2025-07-03 08:58:57,2025-07-03 09:12:24.666682,2025-07-03 09:10:09,2025-07-03 09:17:47.500,18.841666666666665,-2.261111366666667,3,1
180,delivered,2025-07-03 08:58:51,2025-07-03 09:16:32.775725,2025-07-03 10:25:09,2025-07-03 10:37:44.900,98.89833333333333,68.60373791666666,16,1
181,delivered,2025-07-03 08:58:46,2025-07-03 09:03:46.000000,2025-07-03 09:00:09,2025-07-03 09:05:19.200,6.553333333333333,-3.6166666666666667,7,1
182,delivered,2025-07-03 09:00:13,2025-07-03 09:12:51.130320,2025-07-03 09:10:09,2025-07-03 09:17:34.300,17.355,-2.702172,5,1
183,delivered,2025-07-03 09:00:30,2025-07-03 09:13:46.345573,2025-07-03 11:15:09,2025-07-03 11:24:06.200,143.60333333333335,121.37757378333335,5,1
184,delivered,2025-07-03 09:01:57,2025-07-03 09:13:25.152219,2025-07-03 10:55:09,2025-07-03 11:06:05.100,124.135,101.73079635,5,1
185,delivered,2025-07-03 09:01:38,2025-07-03 09:14:48.428396,2025-07-03 09:05:09,2025-07-03 09:14:18.400,12.673333333333334,-9.657139933333333,9,1
186,delivered,2025-07-03 09:02:38,2025-07-03 09:14:00.652690,2025-07-03 09:10:09,2025-07-03 09:17:20.000,14.7,-3.8608781666666667,16,1
187,delivered,2025-07-03 09:02:48,2025-07-03 09:15:52.437514,2025-07-03 09:05:09,2025-07-03 09:13:08.600,10.343333333333334,-10.723958566666665,10,1
188,delivered,2025-07-03 09:03:19,2025-07-03 09:14:35.802018,2025-07-03 12:00:09,2025-07-03 12:10:12.200,186.88666666666668,165.5532997,4,1
189,delivered,2025-07-03 09:03:33,2025-07-03 09:18:12.487792,2025-07-03 09:05:09,2025-07-03 09:12:19.400,8.773333333333333,-13.058129866666667,12,1
190,delivered,2025-07-03 09:03:12,2025-07-03 09:14:40.294482,2025-07-03 09:05:09,2025-07-03 09:12:31.500,9.325,-9.5215747,14,1
191,delivered,2025-07-03 09:03:06,2025-07-03 09:19:33.950351,2025-07-03 10:30:09,2025-07-03 10:39:26.600,96.34333333333333,70.58416081666665,8,1
192,delivered,2025-07-03 09:04:41,2025-07-03 09:18:18.419080,2025-07-03 10:55:09,2025-07-03 11:06:02.000,121.35,96.84301533333334,23,1
193,delivered,2025-07-03 09:04:18,2025-07-03 09:11:53.248921,2025-07-03 09:05:09,2025-07-03 09:13:26.100,9.135,-6.737482016666666,13,1
194,delivered,2025-07-03 09:04:11,2025-07-03 09:16:10.383509,2025-07-03 12:00:09,2025-07-03 12:12:18.600,188.12666666666667,163.97694151666667,13,1
195,delivered,2025-07-03 09:04:49,2025-07-03 09:15:01.521912,2025-07-03 09:10:09,2025-07-03 09:19:13.400,14.406666666666666,-4.8753652,21,1
196,delivered,2025-07-03 09:05:28,2025-07-03 09:14:38.167719,2025-07-03 11:30:09,2025-07-03 11:41:38.200,156.17000000000002,135.51387135,15,1
197,delivered,2025-07-03 09:05:32,2025-07-03 09:11:19.446493,2025-07-03 12:05:09,2025-07-03 12:11:14.300,185.70499999999998,173.82589178333333,15,1
198,delivered,2025-07-03 09:05:26,2025-07-03 09:18:31.057532,2025-07-03 11:15:09,2025-07-03 11:24:43.600,139.29333333333335,116.63237446666668,26,1
199,delivered,2025-07-03 09:05:13,2025-07-03 09:16:10.846293,2025-07-03 11:30:09,2025-07-03 11:39:40.200,154.45333333333335,133.96922845,5,1
200,delivered,2025-07-03 09:05:15,2025-07-03 09:20:10.995250,2025-07-03 09:10:09,2025-07-03 09:16:52.600,11.626666666666667,-10.033254166666667,18,1
201,delivered,2025-07-03 09:05:56,2025-07-03 09:16:13.992719,2025-07-03 09:10:09,2025-07-03 09:18:56.400,13.006666666666666,-6.083211983333333,24,1
202,delivered,2025-07-03 09:06:25,2025-07-03 09:12:03.467415,2025-07-03 11:15:09,2025-07-03 11:24:51.300,138.43833333333333,123.09220975,15,1
203,delivered,2025-07-03 09:06:16,2025-07-03 09:12:52.405267,2025-07-03 09:10:09,2025-07-03 09:19:58.500,13.708333333333334,-2.7234211166666666,11,1
204,delivered,2025-07-03 09:06:45,2025-07-03 09:19:08.749689,2025-07-03 10:30:09,2025-07-03 10:39:20.100,92.58500000000001,71.00417184999999,20,1
205,delivered,2025-07-03 09:06:49,2025-07-03 09:16:39.464172,2025-07-03 11:00:09,2025-07-03 11:08:34.100,121.75166666666668,103.4922638,17,1
206,delivered,2025-07-03 09:06:28,2025-07-03 09:13:12.711289,2025-07-03 09:15:09,2025-07-03 09:24:36.900,18.148333333333333,1.9381451833333334,25,1
207,delivered,2025-07-03 09:06:22,2025-07-03 09:19:05.305367,2025-07-03 11:00:09,2025-07-03 11:08:20.100,121.96833333333333,101.06157721666666,15,1
208,delivered,2025-07-03 09:06:43,2025-07-03 09:14:25.466817,2025-07-03 11:30:09,2025-07-03 11:41:28.000,154.75,135.72555305,23,1
209,delivered,2025-07-03 09:07:56,2025-07-03 09:18:40.968561,2025-07-03 09:10:09,2025-07-03 09:15:34.500,7.641666666666667,-8.53280935,2,1
210,delivered,2025-07-03 09:08:46,2025-07-03 09:23:36.028508,2025-07-03 11:15:09,2025-07-03 11:23:47.900,135.03166666666667,111.54952486666666,11,1
211,delivered,2025-07-03 09:08:59,2025-07-03 09:21:27.801819,2025-07-03 10:30:09,2025-07-03 10:42:40.600,93.69333333333334,68.68663635,6,1
212,delivered,2025-07-03 09:09:43,2025-07-03 09:23:58.537841,2025-07-03 09:10:09,2025-07-03 09:18:45.900,9.048333333333334,-13.825630683333333,23,1
213,delivered,2025-07-03 09:09:39,2025-07-03 09:22:57.751748,2025-07-03 09:10:09,2025-07-03 09:16:41.000,7.033333333333333,-12.812529133333333,20,1
214,delivered,2025-07-03 09:09:18,2025-07-03 09:23:23.250116,2025-07-03 09:10:09,2025-07-03 09:15:38.700,6.345,-13.237501933333334,15,1
215,delivered,2025-07-03 09:10:46,2025-07-03 09:24:49.445440,2025-07-03 09:15:09,2025-07-03 09:21:08.600,10.376666666666667,-9.674090666666666,27,1
216,delivered,2025-07-03 09:11:04,2025-07-03 09:21:51.407920,2025-07-03 09:15:09,2025-07-03 09:22:35.100,11.518333333333334,-6.706798666666667,6,1
217,delivered,2025-07-03 09:11:50,2025-07-03 09:21:06.205030,2025-07-03 10:30:09,2025-07-03 10:43:16.900,91.44833333333332,69.04658283333333,7,1
218,delivered,2025-07-03 09:11:00,2025-07-03 09:24:47.127635,2025-07-03 09:15:09,2025-07-03 09:22:31.400,11.523333333333333,-9.635460583333334,1,1
219,delivered,2025-07-03 09:11:30,2025-07-03 09:24:29.808372,2025-07-03 09:15:09,2025-07-03 09:24:07.500,12.625,-9.3468062,19,1
220,delivered,2025-07-03 09:12:14,2025-07-03 09:23:45.165088,2025-07-03 09:15:09,2025-07-03 09:22:38.700,10.411666666666667,-8.602751466666666,7,1
221,delivered,2025-07-03 09:12:44,2025-07-03 09:28:13.283723,2025-07-03 11:10:09,2025-07-03 11:17:23.400,124.65666666666667,101.92860461666668,28,1
222,delivered,2025-07-03 09:12:20,2025-07-03 09:31:25.999255,2025-07-03 09:15:09,2025-07-03 09:21:14.400,8.906666666666666,-16.283320916666664,17,1
223,delivered,2025-07-03 09:13:07,2025-07-03 09:22:11.073101,2025-07-03 09:15:09,2025-07-03 09:23:11.800,10.08,-7.0345516833333335,8,1
224,delivered,2025-07-03 09:13:35,2025-07-03 09:22:17.433881,2025-07-03 12:10:09,2025-07-03 12:17:55.500,184.34166666666667,167.85943531666666,1,1
225,delivered,2025-07-03 09:13:31,2025-07-03 09:32:38.773174,2025-07-03 09:15:09,2025-07-03 09:22:47.600,9.276666666666667,-17.496219566666664,26,1
226,delivered,2025-07-03 09:14:27,2025-07-03 09:21:45.066933,2025-07-03 10:35:09,2025-07-03 10:44:44.800,90.29666666666667,73.39888445,25,1
227,delivered,2025-07-03 09:14:39,2025-07-03 09:25:00.947278,2025-07-03 09:15:09,2025-07-03 09:20:20.100,5.6850000000000005,-9.865787966666666,22,1
228,delivered,2025-07-03 09:14:53,2025-07-03 09:29:30.846182,2025-07-03 11:10:09,2025-07-03 11:18:02.000,123.15,100.63589696666666,3,1
229,delivered,2025-07-03 09:15:58,2025-07-03 09:21:48.624354,2025-07-03 12:05:09,2025-07-03 12:14:15.300,178.28833333333333,163.3395941,23,1
230,delivered,2025-07-03 09:15:25,2025-07-03 09:27:25.650987,2025-07-03 09:20:09,2025-07-03 09:28:21.700,12.945,-7.277516449999999,12,1
231,delivered,2025-07-03 09:15:33,2025-07-03 09:26:52.069551,2025-07-03 10:35:09,2025-07-03 10:44:36.500,89.05833333333334,68.28217415,14,1
232,delivered,2025-07-03 09:15:12,2025-07-03 09:32:13.443902,2025-07-03 09:40:09,2025-07-03 09:47:46.700,32.57833333333333,7.925934966666667,11,1
233,delivered,2025-07-03 09:16:00,2025-07-03 09:28:18.608990,2025-07-03 09:55:09,2025-07-03 10:02:57.500,46.958333333333336,26.83985016666667,30,1
234,delivered,2025-07-03 09:16:18,2025-07-03 09:21:18.000000,2025-07-03 11:10:09,2025-07-03 11:18:09.200,121.85333333333332,108.85,13,1
235,delivered,2025-07-03 09:16:11,2025-07-03 09:26:14.190057,2025-07-03 09:40:09,2025-07-03 09:47:23.800,31.21333333333333,13.91349905,5,1
236,delivered,2025-07-03 09:16:04,2025-07-03 09:26:12.912539,2025-07-03 09:20:09,2025-07-03 09:27:11.700,11.128333333333334,-6.065208983333333,14,1
237,delivered,2025-07-03 09:17:45,2025-07-03 09:30:34.135023,2025-07-03 12:05:09,2025-07-03 12:14:26.600,176.69333333333333,154.58108295,6,1
238,delivered,2025-07-03 09:17:06,2025-07-03 09:23:44.582016,2025-07-03 09:30:09,2025-07-03 09:41:40.000,24.566666666666666,6.4069664,25,1
239,delivered,2025-07-03 09:17:35,2025-07-03 09:31:22.179093,2025-07-03 09:25:09,2025-07-03 09:33:08.600,15.56,-6.21965155,5,1
240,delivered,2025-07-03 09:18:37,2025-07-03 09:30:49.421622,2025-07-03 09:25:09,2025-07-03 09:32:07.900,13.514999999999999,-5.6736937,20,1
241,delivered,2025-07-03 09:18:35,2025-07-03 09:32:17.002439,2025-07-03 09:25:09,2025-07-03 09:32:09.500,13.575,-7.133373983333333,3,1
242,delivered,2025-07-03 09:18:31,2025-07-03 09:31:21.368003,2025-07-03 09:25:09,2025-07-03 09:31:36.900,13.098333333333333,-6.206133383333333,16,1
243,delivered,2025-07-03 09:18:15,2025-07-03 09:31:26.296451,2025-07-03 09:20:09,2025-07-03 09:29:49.700,11.578333333333335,-11.288274183333334,10,1
244,delivered,2025-07-03 09:18:48,2025-07-03 09:33:47.507587,2025-07-03 10:35:09,2025-07-03 10:45:40.500,86.875,61.35820688333333,3,1
245,delivered,2025-07-03 09:18:01,2025-07-03 09:29:21.005936,2025-07-03 09:20:09,2025-07-03 09:27:36.300,9.588333333333333,-9.200098933333333,13,1
246,delivered,2025-07-03 09:18:56,2025-07-03 09:31:34.496093,2025-07-03 11:50:09,2025-07-03 11:59:07.700,160.19500000000002,138.57506511666668,25,1
247,delivered,2025-07-03 09:19:36,2025-07-03 09:26:33.144745,2025-07-03 11:35:09,2025-07-03 11:45:10.900,145.58166666666665,128.59758758333334,16,1
248,delivered,2025-07-03 09:19:55,2025-07-03 09:31:45.628276,2025-07-03 09:20:09,2025-07-03 09:26:08.800,6.23,-11.610471266666668,9,1
249,delivered,2025-07-03 09:19:21,2025-07-03 09:34:42.360683,2025-07-03 10:35:09,2025-07-03 10:47:46.400,88.42333333333333,60.443988616666665,5,1
250,delivered,2025-07-03 09:19:05,2025-07-03 09:34:19.799085,2025-07-03 09:25:09,2025-07-03 09:32:03.500,12.975,-9.17998475,23,1
251,delivered,2025-07-03 09:20:47,2025-07-03 09:31:58.902325,2025-07-03 11:15:09,2025-07-03 11:25:50.400,125.05666666666666,103.16829458333333,22,1
252,delivered,2025-07-03 09:21:16,2025-07-03 09:36:18.317710,2025-07-03 09:25:09,2025-07-03 09:32:15.800,10.996666666666666,-11.155295166666667,2,1
253,delivered,2025-07-03 09:21:41,2025-07-03 09:34:15.510851,2025-07-03 12:05:09,2025-07-03 12:16:31.700,174.845,150.8914858166667,14,1
254,delivered,2025-07-03 09:22:47,2025-07-03 09:27:47.000000,2025-07-03 09:55:09,2025-07-03 10:02:13.900,39.44833333333334,27.366666666666667,2,1
255,delivered,2025-07-03 09:22:25,2025-07-03 09:34:45.553044,2025-07-03 09:25:09,2025-07-03 09:32:09.000,9.733333333333333,-9.6092174,15,1
256,delivered,2025-07-03 09:23:59,2025-07-03 09:30:11.142108,2025-07-03 09:25:09,2025-07-03 09:32:29.500,8.508333333333333,-5.0357018,11,1
257,delivered,2025-07-03 09:23:46,2025-07-03 09:36:26.184010,2025-07-03 09:25:09,2025-07-03 09:36:31.100,12.751666666666667,-11.286400166666665,18,1
258,delivered,2025-07-03 09:24:19,2025-07-03 09:34:40.824657,2025-07-03 11:35:09,2025-07-03 11:44:02.100,139.71833333333333,120.46958905,18,1
259,delivered,2025-07-03 09:24:02,2025-07-03 09:31:36.226585,2025-07-03 09:25:09,2025-07-03 09:31:16.600,7.243333333333334,-6.453776416666667,4,1
260,delivered,2025-07-03 09:24:02,2025-07-03 09:41:51.321748,2025-07-03 09:40:09,2025-07-03 09:50:39.600,26.626666666666665,-1.7053624666666667,4,1
261,delivered,2025-07-03 09:24:32,2025-07-03 09:36:43.253311,2025-07-03 09:55:09,2025-07-03 10:03:32.300,39.005,18.429111483333333,15,1
262,delivered,2025-07-03 09:25:10,2025-07-03 09:35:06.329627,2025-07-03 09:30:09,2025-07-03 09:38:38.700,13.478333333333333,-4.955493783333334,26,1
263,delivered,2025-07-03 09:25:05,2025-07-03 09:32:25.763041,2025-07-03 10:35:09,2025-07-03 10:49:07.100,84.03500000000001,62.72061598333333,11,1
264,delivered,2025-07-03 09:25:07,2025-07-03 09:39:21.496600,2025-07-03 09:25:09,2025-07-03 09:33:11.200,8.07,-14.208276666666666,21,1
265,delivered,2025-07-03 09:25:23,2025-07-03 09:40:01.204540,2025-07-03 09:55:09,2025-07-03 10:02:34.500,37.19166666666667,15.129924333333333,21,1
266,delivered,2025-07-03 09:25:12,2025-07-03 09:34:22.529421,2025-07-03 09:30:09,2025-07-03 09:38:14.700,13.045,-4.22549035,1,1
267,delivered,2025-07-03 09:25:35,2025-07-03 09:37:18.539129,2025-07-03 10:40:09,2025-07-03 10:50:03.900,84.48166666666665,62.84101451666667,21,1
268,delivered,2025-07-03 09:25:02,2025-07-03 09:34:57.418216,2025-07-03 09:25:09,2025-07-03 09:32:18.800,7.28,-9.806970266666667,24,1
269,delivered,2025-07-03 09:25:09,2025-07-03 09:40:26.653582,2025-07-03 09:30:09,2025-07-03 09:40:23.900,15.248333333333333,-10.294226366666667,22,1
270,delivered,2025-07-03 09:25:15,2025-07-03 09:38:00.137750,2025-07-03 09:30:09,2025-07-03 09:35:15.000,10.0,-7.852295833333333,7,1
271,delivered,2025-07-03 09:26:17,2025-07-03 09:38:37.229104,2025-07-03 12:10:09,2025-07-03 12:18:57.200,172.67000000000002,151.52951493333333,19,1
272,delivered,2025-07-03 09:26:23,2025-07-03 09:42:01.539098,2025-07-03 09:30:09,2025-07-03 09:39:27.600,13.076666666666666,-11.875651633333332,27,1
273,delivered,2025-07-03 09:26:06,2025-07-03 09:43:17.050191,2025-07-03 11:15:09,2025-07-03 11:22:50.600,116.74333333333334,91.86583015,24,1
274,delivered,2025-07-03 09:27:47,2025-07-03 09:42:39.221749,2025-07-03 11:00:09,2025-07-03 11:09:47.400,102.00666666666666,77.49630418333332,2,1
275,delivered,2025-07-03 09:28:23,2025-07-03 09:44:04.608132,2025-07-03 10:40:09,2025-07-03 10:50:29.300,82.105,56.0731978,27,1
276,delivered,2025-07-03 09:28:03,2025-07-03 09:38:40.551414,2025-07-03 09:30:09,2025-07-03 09:38:25.300,10.371666666666666,-8.5258569,8,1
277,delivered,2025-07-03 09:28:59,2025-07-03 09:42:22.309113,2025-07-03 09:30:09,2025-07-03 09:37:36.400,8.623333333333333,-12.22181855,17,1
278,delivered,2025-07-03 09:28:48,2025-07-03 09:40:09.404241,2025-07-03 11:00:09,2025-07-03 11:07:09.500,98.35833333333333,79.99326264999999,27,1
279,delivered,2025-07-03 09:29:42,2025-07-03 09:47:01.972671,2025-07-03 09:30:09,2025-07-03 09:37:53.000,8.183333333333334,-16.88287785,6,1
280,delivered,2025-07-03 09:29:04,2025-07-03 09:35:50.080152,2025-07-03 09:30:09,2025-07-03 09:36:09.300,7.088333333333334,-5.6846692,19,1
281,delivered,2025-07-03 09:29:40,2025-07-03 09:40:46.797204,2025-07-03 11:15:09,2025-07-03 11:20:28.800,110.81333333333333,94.3700466,30,1
282,delivered,2025-07-03 09:29:37,2025-07-03 09:41:01.576048,2025-07-03 09:30:09,2025-07-03 09:36:55.600,7.3100000000000005,-10.876267466666667,28,1
283,delivered,2025-07-03 09:30:21,2025-07-03 09:48:21.987664,2025-07-03 09:35:09,2025-07-03 09:42:56.700,12.595,-13.216461066666666,12,1
284,delivered,2025-07-03 09:30:23,2025-07-03 09:42:13.900994,2025-07-03 10:40:09,2025-07-03 10:51:46.100,81.385,57.91831676666666,22,1
285,delivered,2025-07-03 09:31:22,2025-07-03 09:45:45.068429,2025-07-03 09:35:09,2025-07-03 09:46:29.900,15.131666666666666,-10.601140483333333,13,1
286,delivered,2025-07-03 09:31:31,2025-07-03 09:43:12.185047,2025-07-03 10:40:09,2025-07-03 10:52:23.000,80.86666666666666,56.94691588333333,24,1
287,delivered,2025-07-03 09:31:37,2025-07-03 09:44:21.193613,2025-07-03 09:35:09,2025-07-03 09:45:51.600,14.243333333333334,-9.203226883333334,30,1
288,delivered,2025-07-03 09:32:11,2025-07-03 09:40:12.888997,2025-07-03 09:35:09,2025-07-03 09:43:12.800,11.03,-5.064816616666667,29,1
289,delivered,2025-07-03 09:32:27,2025-07-03 09:46:43.579041,2025-07-03 10:40:09,2025-07-03 10:50:51.900,78.41499999999999,53.42368265,17,1
290,delivered,2025-07-03 09:32:40,2025-07-03 09:47:31.038432,2025-07-03 09:35:09,2025-07-03 09:41:39.800,8.996666666666666,-12.367307199999999,9,1
291,delivered,2025-07-03 09:32:46,2025-07-03 09:44:30.084236,2025-07-03 11:15:09,2025-07-03 11:23:48.900,111.04833333333333,90.64859606666667,27,1
292,delivered,2025-07-03 09:32:47,2025-07-03 09:42:11.556589,2025-07-03 09:35:09,2025-07-03 09:44:14.700,11.461666666666668,-7.042609816666666,14,1
293,delivered,2025-07-03 09:33:49,2025-07-03 09:47:59.196764,2025-07-03 09:35:09,2025-07-03 09:43:24.600,9.593333333333334,-12.836612733333334,10,1
294,delivered,2025-07-03 09:35:43,2025-07-03 09:46:59.322833,2025-07-03 11:20:09,2025-07-03 11:28:48.700,113.095,93.16128611666666,14,1
295,delivered,2025-07-03 09:35:17,2025-07-03 09:47:43.349537,2025-07-03 09:40:09,2025-07-03 09:48:28.000,13.183333333333334,-7.572492283333333,23,1
296,delivered,2025-07-03 09:36:07,2025-07-03 09:51:39.394000,2025-07-03 09:40:09,2025-07-03 09:51:52.100,15.751666666666667,-11.506566666666666,20,1
297,delivered,2025-07-03 09:36:31,2025-07-03 09:49:49.758767,2025-07-03 09:40:09,2025-07-03 09:44:58.000,8.45,-9.679312783333334,3,1
298,delivered,2025-07-03 09:36:38,2025-07-03 09:46:15.917747,2025-07-03 12:05:09,2025-07-03 12:15:08.500,158.50833333333333,138.88470421666668,30,1
299,delivered,2025-07-03 09:36:57,2025-07-03 09:55:22.362596,2025-07-03 11:55:09,2025-07-03 12:00:04.700,143.12833333333336,119.77729006666667,6,1
300,delivered,2025-07-03 09:36:45,2025-07-03 09:43:16.022827,2025-07-03 12:05:09,2025-07-03 12:16:02.600,159.29333333333335,141.88295288333333,18,1
301,delivered,2025-07-03 09:37:47,2025-07-03 09:50:15.476191,2025-07-03 09:40:09,2025-07-03 09:46:32.300,8.754999999999999,-10.107936516666665,24,1
302,delivered,2025-07-03 09:37:44,2025-07-03 09:53:04.129512,2025-07-03 09:40:09,2025-07-03 09:48:54.900,11.181666666666667,-12.918825199999999,21,1
303,delivered,2025-07-03 09:37:52,2025-07-03 09:43:30.083407,2025-07-03 11:20:09,2025-07-03 11:29:33.800,111.69666666666667,96.64860988333334,7,1
304,delivered,2025-07-03 09:37:47,2025-07-03 09:52:38.037091,2025-07-03 09:40:09,2025-07-03 09:47:35.400,9.806666666666667,-12.483951516666668,16,1
305,delivered,2025-07-03 09:37:48,2025-07-03 09:52:16.039274,2025-07-03 09:55:09,2025-07-03 10:07:03.700,29.261666666666667,2.8826787666666664,5,1
306,delivered,2025-07-03 09:37:29,2025-07-03 09:43:55.240980,2025-07-03 09:40:09,2025-07-03 09:48:07.000,10.633333333333333,-3.770683,2,1
307,delivered,2025-07-03 09:38:12,2025-07-03 09:49:21.313756,2025-07-03 10:40:09,2025-07-03 10:51:55.600,73.72666666666667,50.79477073333333,26,1
308,delivered,2025-07-03 09:38:42,2025-07-03 09:48:25.319189,2025-07-03 11:05:09,2025-07-03 11:13:48.400,95.10666666666665,76.72801351666666,16,1
309,delivered,2025-07-03 09:38:46,2025-07-03 09:48:02.679943,2025-07-03 09:40:09,2025-07-03 09:49:47.700,11.028333333333334,-7.894665716666666,15,1
310,delivered,2025-07-03 09:40:14,2025-07-03 09:52:02.744248,2025-07-03 09:45:09,2025-07-03 09:50:12.100,9.968333333333334,-6.8957374666666675,6,1
311,delivered,2025-07-03 09:40:51,2025-07-03 09:52:40.814254,2025-07-03 09:45:09,2025-07-03 09:52:14.200,11.386666666666667,-7.530237566666667,7,1
312,delivered,2025-07-03 09:41:39,2025-07-03 09:57:49.017321,2025-07-03 09:45:09,2025-07-03 09:52:31.200,10.870000000000001,-12.66695535,19,1
313,delivered,2025-07-03 09:41:11,2025-07-03 09:49:52.040441,2025-07-03 09:45:09,2025-07-03 09:52:23.000,11.2,-4.717340683333333,26,1
314,delivered,2025-07-03 09:42:57,2025-07-03 09:57:12.123565,2025-07-03 10:45:09,2025-07-03 10:53:46.900,70.83166666666666,47.947940583333335,30,1
315,delivered,2025-07-03 09:42:31,2025-07-03 09:56:20.655754,2025-07-03 09:45:09,2025-07-03 09:53:19.000,10.8,-11.194262566666668,8,1
316,delivered,2025-07-03 09:42:07,2025-07-03 09:51:49.345766,2025-07-03 09:45:09,2025-07-03 09:52:48.500,10.691666666666666,-6.672429433333334,17,1
317,delivered,2025-07-03 09:42:16,2025-07-03 09:53:25.409908,2025-07-03 09:45:09,2025-07-03 09:51:08.300,8.871666666666666,-8.273498466666666,1,1
318,delivered,2025-07-03 09:42:47,2025-07-03 09:53:39.306665,2025-07-03 10:40:09,2025-07-03 10:53:40.500,70.89166666666667,46.49488891666667,2,1
319,delivered,2025-07-03 09:43:25,2025-07-03 09:58:46.192986,2025-07-03 10:45:09,2025-07-03 10:56:36.500,73.19166666666666,46.3801169,29,1
320,delivered,2025-07-03 09:43:02,2025-07-03 09:55:25.172056,2025-07-03 09:45:09,2025-07-03 09:55:56.200,12.903333333333334,-10.269534266666666,18,1
321,delivered,2025-07-03 09:43:34,2025-07-03 09:55:19.845019,2025-07-03 09:45:09,2025-07-03 09:56:06.200,12.536666666666667,-10.180750316666666,27,1
322,delivered,2025-07-03 09:43:26,2025-07-03 09:58:01.435927,2025-07-03 10:45:09,2025-07-03 10:56:39.000,73.21666666666667,47.126067883333334,8,1
323,delivered,2025-07-03 09:44:46,2025-07-03 09:58:24.608501,2025-07-03 09:45:09,2025-07-03 09:53:26.300,8.671666666666665,-13.260141683333334,28,1
324,delivered,2025-07-03 09:45:34,2025-07-03 10:00:17.566539,2025-07-03 09:50:09,2025-07-03 09:59:29.100,13.918333333333333,-10.14277565,9,1
325,delivered,2025-07-03 09:45:27,2025-07-03 09:55:37.181872,2025-07-03 11:05:09,2025-07-03 11:14:59.400,89.53999999999999,69.53030213333334,19,1
326,delivered,2025-07-03 09:45:17,2025-07-03 09:58:04.024156,2025-07-03 10:45:09,2025-07-03 10:55:32.100,70.25166666666668,47.082930733333335,20,1
327,delivered,2025-07-03 09:45:06,2025-07-03 09:54:19.366748,2025-07-03 09:50:09,2025-07-03 09:58:34.500,13.475,-4.172779133333333,25,1
328,delivered,2025-07-03 09:45:49,2025-07-03 10:05:41.296250,2025-07-03 11:20:09,2025-07-03 11:31:07.900,105.315,74.46172916666666,29,1
329,delivered,2025-07-03 09:46:33,2025-07-03 10:02:17.135305,2025-07-03 09:50:09,2025-07-03 09:59:23.600,12.843333333333334,-12.135588416666668,14,1
330,delivered,2025-07-03 09:46:45,2025-07-03 10:03:57.088583,2025-07-03 09:50:09,2025-07-03 09:57:34.600,10.826666666666666,-13.801476383333332,29,1
331,delivered,2025-07-03 09:46:32,2025-07-03 09:53:25.023279,2025-07-03 10:45:09,2025-07-03 10:55:32.300,69.00500000000001,51.73294535,16,1
332,delivered,2025-07-03 09:46:06,2025-07-03 09:54:52.537429,2025-07-03 11:55:09,2025-07-03 12:00:53.100,134.785,120.27437618333333,20,1
333,delivered,2025-07-03 09:47:06,2025-07-03 10:01:35.325671,2025-07-03 09:50:09,2025-07-03 09:59:15.100,12.151666666666667,-11.438761183333334,3,1
334,delivered,2025-07-03 09:47:15,2025-07-03 10:01:54.381698,2025-07-03 12:05:09,2025-07-03 12:17:47.100,150.535,123.24363836666666,22,1
335,delivered,2025-07-03 09:48:25,2025-07-03 09:58:24.373726,2025-07-03 11:20:09,2025-07-03 11:30:19.300,101.905,81.74377123333333,12,1
336,delivered,2025-07-03 09:48:17,2025-07-03 09:59:13.559938,2025-07-03 11:05:09,2025-07-03 11:14:39.200,86.36999999999999,65.92400103333334,7,1
337,delivered,2025-07-03 09:48:57,2025-07-03 09:57:24.887842,2025-07-03 09:50:09,2025-07-03 10:01:33.200,12.603333333333333,-7.2647973666666665,10,1
338,delivered,2025-07-03 09:49:54,2025-07-03 10:04:01.026807,2025-07-03 09:50:09,2025-07-03 10:00:13.000,10.316666666666666,-13.86711345,12,1
339,delivered,2025-07-03 09:49:19,2025-07-03 10:04:18.534932,2025-07-03 11:05:09,2025-07-03 11:14:32.600,85.22666666666667,60.841084466666665,8,1
340,delivered,2025-07-03 09:49:35,2025-07-03 10:02:29.443085,2025-07-03 12:10:09,2025-07-03 12:17:55.300,148.3383333333333,127.65928191666667,3,1
341,delivered,2025-07-03 09:49:59,2025-07-03 10:02:51.043745,2025-07-03 09:50:09,2025-07-03 09:57:17.600,7.3100000000000005,-12.700729083333332,22,1
342,delivered,2025-07-03 09:50:13,2025-07-03 09:55:13.000000,2025-07-03 12:05:09,2025-07-03 12:19:40.300,149.45499999999998,129.93333333333334,27,1
343,delivered,2025-07-03 09:51:54,2025-07-03 10:04:12.949968,2025-07-03 12:10:09,2025-07-03 12:20:16.800,148.38,125.9341672,16,1
344,delivered,2025-07-03 09:51:30,2025-07-03 09:56:30.000000,2025-07-03 09:55:09,2025-07-03 10:01:43.900,10.231666666666666,-1.35,24,1
345,delivered,2025-07-03 09:51:05,2025-07-03 10:06:09.562205,2025-07-03 09:55:09,2025-07-03 10:06:13.800,15.146666666666667,-11.009370083333332,13,1
346,delivered,2025-07-03 09:51:37,2025-07-03 10:03:25.756103,2025-07-03 09:55:09,2025-07-03 10:01:36.400,9.99,-8.279268383333333,11,1
347,delivered,2025-07-03 09:51:47,2025-07-03 10:03:35.197468,2025-07-03 09:55:09,2025-07-03 10:01:33.000,9.766666666666667,-8.436624466666666,23,1
348,delivered,2025-07-03 09:54:56,2025-07-03 10:02:28.611507,2025-07-03 10:10:09,2025-07-03 10:19:20.400,24.40666666666667,7.6731415499999995,16,1
349,delivered,2025-07-03 09:54:18,2025-07-03 10:05:48.204259,2025-07-03 09:55:09,2025-07-03 10:03:12.900,8.915,-10.653404316666666,16,1
350,delivered,2025-07-03 09:55:33,2025-07-03 10:09:53.382386,2025-07-03 10:00:09,2025-07-03 10:04:04.900,8.531666666666666,-9.739706433333334,17,1
351,delivered,2025-07-03 09:56:32,2025-07-03 10:06:42.182661,2025-07-03 10:00:09,2025-07-03 10:07:29.300,10.955,-6.5530443499999995,6,1
352,delivered,2025-07-03 09:56:56,2025-07-03 10:05:57.774352,2025-07-03 10:00:09,2025-07-03 10:09:24.000,12.466666666666667,-5.812905866666667,7,1
353,delivered,2025-07-03 09:56:20,2025-07-03 10:10:37.349801,2025-07-03 10:00:09,2025-07-03 10:09:01.900,12.698333333333332,-10.472496683333333,1,1
354,delivered,2025-07-03 09:57:32,2025-07-03 10:05:27.384959,2025-07-03 10:00:09,2025-07-03 10:08:08.500,10.608333333333333,-5.306415983333333,20,1
355,delivered,2025-07-03 09:57:14,2025-07-03 10:06:50.544577,2025-07-03 10:00:09,2025-07-03 10:09:54.000,12.666666666666666,-6.692409616666667,19,1
356,delivered,2025-07-03 09:58:46,2025-07-03 10:14:00.019309,2025-07-03 10:00:09,2025-07-03 10:08:38.600,9.876666666666667,-13.850321816666668,4,1
357,delivered,2025-07-03 09:58:26,2025-07-03 10:10:36.663631,2025-07-03 10:00:09,2025-07-03 10:07:56.900,9.514999999999999,-10.461060516666667,8,1
358,delivered,2025-07-03 09:58:02,2025-07-03 10:06:25.100072,2025-07-03 10:00:09,2025-07-03 10:10:16.800,12.246666666666666,-6.268334533333333,28,1
359,delivered,2025-07-03 09:58:50,2025-07-03 10:08:37.479733,2025-07-03 10:05:09,2025-07-03 10:12:10.100,13.335,-3.4746622166666667,22,1
360,delivered,2025-07-03 09:59:14,2025-07-03 10:12:54.741784,2025-07-03 10:45:09,2025-07-03 10:57:29.900,58.265,32.237636933333334,12,1
361,delivered,2025-07-03 09:59:29,2025-07-03 10:11:04.869442,2025-07-03 11:20:09,2025-07-03 11:30:30.200,91.02,69.06884263333333,19,1
362,delivered,2025-07-03 09:59:15,2025-07-03 10:09:35.226249,2025-07-03 11:40:09,2025-07-03 11:52:48.500,113.55833333333334,90.56289584999999,4,1
363,delivered,2025-07-03 09:59:01,2025-07-03 10:08:51.742393,2025-07-03 10:05:09,2025-07-03 10:13:54.700,14.895000000000001,-3.7123732166666668,3,1
364,delivered,2025-07-03 09:59:13,2025-07-03 10:10:32.332024,2025-07-03 10:10:09,2025-07-03 10:19:22.900,20.165000000000003,-0.38886706666666665,15,1
365,delivered,2025-07-03 09:59:25,2025-07-03 10:12:21.492042,2025-07-03 10:00:09,2025-07-03 10:11:25.800,12.013333333333332,-12.208200699999999,26,1
366,delivered,2025-07-03 09:59:14,2025-07-03 10:06:00.292161,2025-07-03 11:05:09,2025-07-03 11:15:16.500,76.04166666666667,59.145130650000006,1,1
367,delivered,2025-07-03 10:00:43,2025-07-03 10:17:51.553182,2025-07-03 11:05:09,2025-07-03 11:14:39.300,73.93833333333333,47.2907803,14,1
368,delivered,2025-07-03 10:00:26,2025-07-03 10:15:35.734143,2025-07-03 10:05:09,2025-07-03 10:10:57.900,10.531666666666666,-10.44556905,27,1
369,delivered,2025-07-03 10:00:28,2025-07-03 10:13:31.127119,2025-07-03 10:10:09,2025-07-03 10:19:43.800,19.263333333333332,-3.3687853166666666,23,1
370,delivered,2025-07-03 10:00:16,2025-07-03 10:14:12.914533,2025-07-03 10:05:09,2025-07-03 10:12:50.500,12.575,-9.065242216666666,29,1
371,delivered,2025-07-03 10:01:27,2025-07-03 10:07:44.196141,2025-07-03 10:05:09,2025-07-03 10:14:57.800,13.513333333333332,-2.58660235,14,1
372,delivered,2025-07-03 10:02:23,2025-07-03 10:14:03.304183,2025-07-03 10:05:09,2025-07-03 10:10:59.100,8.601666666666667,-8.905069716666667,18,1
373,delivered,2025-07-03 10:02:26,2025-07-03 10:15:55.625663,2025-07-03 11:55:09,2025-07-03 12:04:50.200,122.40333333333334,99.22290561666667,16,1
374,delivered,2025-07-03 10:02:13,2025-07-03 10:13:59.263340,2025-07-03 12:05:09,2025-07-03 12:17:22.700,135.16166666666666,111.16227766666665,26,1
375,delivered,2025-07-03 10:02:41,2025-07-03 10:17:52.922396,2025-07-03 10:10:09,2025-07-03 10:16:48.500,14.125,-7.732039933333334,10,1
376,delivered,2025-07-03 10:02:46,2025-07-03 10:14:12.244193,2025-07-03 10:05:09,2025-07-03 10:12:29.800,9.729999999999999,-9.054069883333334,9,1
377,delivered,2025-07-03 10:04:40,2025-07-03 10:18:43.386546,2025-07-03 10:45:09,2025-07-03 11:00:07.000,55.45,26.4268909,4,1
378,delivered,2025-07-03 10:04:28,2025-07-03 10:17:39.835156,2025-07-03 10:05:09,2025-07-03 10:12:01.600,7.5600000000000005,-12.513919266666667,25,1
379,delivered,2025-07-03 10:04:53,2025-07-03 10:19:03.372136,2025-07-03 10:10:09,2025-07-03 10:17:04.600,12.193333333333333,-8.906202266666666,2,1
380,delivered,2025-07-03 10:04:30,2025-07-03 10:18:45.979881,2025-07-03 11:15:09,2025-07-03 11:24:06.900,79.615,56.38366865,2,1
381,delivered,2025-07-03 10:05:01,2025-07-03 10:17:25.126950,2025-07-03 11:40:09,2025-07-03 11:52:08.800,107.13000000000001,82.7312175,12,1
382,delivered,2025-07-03 10:06:13,2025-07-03 10:17:15.035711,2025-07-03 10:10:09,2025-07-03 10:16:23.500,10.175,-7.100595183333334,11,1
383,delivered,2025-07-03 10:06:41,2025-07-03 10:18:17.054477,2025-07-03 10:10:09,2025-07-03 10:17:40.400,10.99,-8.134241283333333,17,1
384,delivered,2025-07-03 10:07:16,2025-07-03 10:23:50.035733,2025-07-03 10:10:09,2025-07-03 10:18:28.400,11.206666666666667,-13.683928883333333,21,1
385,delivered,2025-07-03 10:09:15,2025-07-03 10:17:48.860971,2025-07-03 10:10:09,2025-07-03 10:16:55.600,7.676666666666667,-7.664349516666666,12,1
386,delivered,2025-07-03 10:09:24,2025-07-03 10:18:20.577802,2025-07-03 10:10:09,2025-07-03 10:16:43.900,7.331666666666666,-8.192963366666667,24,1
387,delivered,2025-07-03 10:10:12,2025-07-03 10:18:16.990261,2025-07-03 10:15:09,2025-07-03 10:23:09.700,12.961666666666668,-3.1331710166666666,7,1
388,delivered,2025-07-03 10:11:56,2025-07-03 10:22:30.670390,2025-07-03 10:15:09,2025-07-03 10:23:36.400,11.673333333333334,-7.361173166666666,20,1
389,delivered,2025-07-03 10:11:29,2025-07-03 10:25:08.596823,2025-07-03 10:15:09,2025-07-03 10:20:41.200,9.203333333333335,-9.993280383333333,4,1
390,delivered,2025-07-03 10:13:54,2025-07-03 10:23:11.820053,2025-07-03 10:15:09,2025-07-03 10:23:01.500,9.125,-8.047000883333332,8,1
391,delivered,2025-07-03 10:16:59,2025-07-03 10:32:22.399894,2025-07-03 11:40:09,2025-07-03 11:52:59.600,96.01,67.77666843333333,29,1
392,delivered,2025-07-03 10:16:29,2025-07-03 10:30:29.051699,2025-07-03 10:20:09,2025-07-03 10:26:02.600,9.56,-10.334194983333333,25,1
393,delivered,2025-07-03 10:16:52,2025-07-03 10:34:05.176774,2025-07-03 10:20:09,2025-07-03 10:26:14.000,9.366666666666667,-13.936279566666666,28,1
394,delivered,2025-07-03 10:18:27,2025-07-03 10:29:20.639308,2025-07-03 10:20:09,2025-07-03 10:27:45.600,9.31,-9.193988466666667,18,1
395,delivered,2025-07-03 10:19:35,2025-07-03 10:32:48.516018,2025-07-03 10:20:09,2025-07-03 10:27:51.800,8.28,-12.6586003,3,1
396,delivered,2025-07-03 10:20:24,2025-07-03 10:32:39.095300,2025-07-03 11:55:09,2025-07-03 12:04:20.100,103.935,82.49841166666667,21,1
397,delivered,2025-07-03 10:20:08,2025-07-03 10:35:00.433447,2025-07-03 10:20:09,2025-07-03 10:24:57.100,4.818333333333333,-14.857224116666666,29,1
398,delivered,2025-07-03 10:20:25,2025-07-03 10:26:47.280833,2025-07-03 10:25:09,2025-07-03 10:35:04.400,14.656666666666666,-1.6380138833333333,23,1
399,delivered,2025-07-03 10:21:50,2025-07-03 10:32:42.072300,2025-07-03 11:20:09,2025-07-03 11:30:13.500,68.39166666666667,47.448795000000004,8,1
400,delivered,2025-07-03 10:22:41,2025-07-03 10:32:44.980849,2025-07-03 11:20:09,2025-07-03 11:28:41.700,66.01166666666667,47.40031918333333,18,1
401,delivered,2025-07-03 10:22:57,2025-07-03 10:35:04.116092,2025-07-03 10:25:09,2025-07-03 10:33:34.700,10.628333333333334,-9.918601533333334,2,1
402,delivered,2025-07-03 10:22:50,2025-07-03 10:36:58.692575,2025-07-03 10:25:09,2025-07-03 10:29:39.100,6.818333333333333,-11.828209583333335,11,1
403,delivered,2025-07-03 10:23:31,2025-07-03 10:33:29.961015,2025-07-03 11:25:09,2025-07-03 11:34:25.700,70.91166666666666,51.65064975,13,1
404,delivered,2025-07-03 10:23:50,2025-07-03 10:34:02.006250,2025-07-03 11:25:09,2025-07-03 11:34:39.600,70.82666666666667,51.1165625,20,1
405,delivered,2025-07-03 10:23:36,2025-07-03 10:35:50.158106,2025-07-03 10:25:09,2025-07-03 10:31:48.000,8.2,-10.685968433333333,24,1
406,delivered,2025-07-03 10:24:23,2025-07-03 10:37:41.937204,2025-07-03 11:05:09,2025-07-03 11:15:10.500,50.791666666666664,27.451046599999998,6,1
407,delivered,2025-07-03 10:25:36,2025-07-03 10:35:08.427271,2025-07-03 10:30:09,2025-07-03 10:36:20.800,10.746666666666666,-4.990454516666667,30,1
408,delivered,2025-07-03 10:25:33,2025-07-03 10:45:10.185073,2025-07-03 10:30:09,2025-07-03 10:36:01.600,10.476666666666667,-15.019751216666666,29,1
409,delivered,2025-07-03 10:27:14,2025-07-03 10:35:08.726969,2025-07-03 10:30:09,2025-07-03 10:40:56.200,13.703333333333335,-4.995449483333333,19,1
410,delivered,2025-07-03 10:29:18,2025-07-03 10:41:40.501921,2025-07-03 10:30:09,2025-07-03 10:36:43.600,7.426666666666667,-11.525032016666668,4,1
411,delivered,2025-07-03 10:30:47,2025-07-03 10:39:11.632635,2025-07-03 10:35:09,2025-07-03 10:42:24.600,11.626666666666667,-4.0438772499999995,13,1
412,delivered,2025-07-03 10:31:43,2025-07-03 10:39:19.358586,2025-07-03 10:35:09,2025-07-03 10:43:11.000,11.466666666666667,-4.1726431,1,1
413,delivered,2025-07-03 10:32:35,2025-07-03 10:47:14.677641,2025-07-03 10:35:09,2025-07-03 10:41:35.100,9.001666666666667,-12.09462735,28,1
414,delivered,2025-07-03 10:33:04,2025-07-03 10:44:48.642403,2025-07-03 10:50:09,2025-07-03 10:57:27.700,24.395,5.339293283333333,19,1
415,delivered,2025-07-03 10:33:16,2025-07-03 10:42:59.850478,2025-07-03 10:35:09,2025-07-03 10:41:45.000,8.483333333333333,-7.847507966666667,18,1
416,delivered,2025-07-03 10:38:25,2025-07-03 10:50:48.537245,2025-07-03 10:40:09,2025-07-03 10:46:59.300,8.571666666666665,-10.658954083333333,9,1
417,delivered,2025-07-03 10:38:31,2025-07-03 10:57:53.555967,2025-07-03 10:40:09,2025-07-03 10:48:05.500,9.575,-17.74259945,10,1
418,delivered,2025-07-03 10:39:43,2025-07-03 10:54:02.406959,2025-07-03 10:40:09,2025-07-03 10:49:09.400,9.44,-13.890115983333335,23,1
419,delivered,2025-07-03 10:41:00,2025-07-03 10:56:22.088930,2025-07-03 10:45:09,2025-07-03 10:51:53.500,10.891666666666667,-11.218148833333334,15,1
420,delivered,2025-07-03 10:44:25,2025-07-03 11:01:15.455740,2025-07-03 10:50:09,2025-07-03 11:00:26.600,16.026666666666667,-11.107595666666667,28,1
421,delivered,2025-07-03 10:47:56,2025-07-03 11:04:19.337332,2025-07-03 10:50:09,2025-07-03 10:56:59.900,9.065,-14.172288866666666,18,1
422,delivered,2025-07-03 10:51:33,2025-07-03 11:01:09.048375,2025-07-03 10:55:09,2025-07-03 11:05:37.700,14.078333333333335,-6.00080625,9,1
423,delivered,2025-07-03 10:55:14,2025-07-03 11:08:22.791192,2025-07-03 11:00:09,2025-07-03 11:06:41.600,11.46,-8.2298532,30,1
424,delivered,2025-07-03 10:58:52,2025-07-03 11:05:58.338986,2025-07-03 11:00:09,2025-07-03 11:08:22.100,9.501666666666667,-5.822316433333333,24,1
425,delivered,2025-07-03 10:58:43,2025-07-03 11:11:44.335530,2025-07-03 11:00:09,2025-07-03 11:09:21.300,10.638333333333332,-11.588925499999998,22,1
426,delivered,2025-07-03 10:59:52,2025-07-03 11:11:20.069784,2025-07-03 11:00:09,2025-07-03 11:06:34.700,6.711666666666667,-11.1844964,26,1
427,delivered,2025-07-03 11:00:59,2025-07-03 11:11:59.160869,2025-07-03 11:25:09,2025-07-03 11:34:42.900,33.73166666666667,13.163985516666665,3,1
428,delivered,2025-07-03 11:02:59,2025-07-03 11:16:37.420077,2025-07-03 11:05:09,2025-07-03 11:16:04.300,13.088333333333333,-11.47366795,4,1
429,delivered,2025-07-03 11:02:24,2025-07-03 11:11:15.825338,2025-07-03 11:05:09,2025-07-03 11:10:58.400,8.573333333333332,-6.113755633333333,25,1
430,delivered,2025-07-03 11:02:13,2025-07-03 11:12:35.553333,2025-07-03 11:05:09,2025-07-03 11:10:55.800,8.713333333333333,-7.44255555,18,1
431,delivered,2025-07-03 11:03:41,2025-07-03 11:16:08.273973,2025-07-03 11:05:09,2025-07-03 11:15:32.100,11.851666666666667,-10.98789955,20,1
432,delivered,2025-07-03 11:08:36,2025-07-03 11:19:53.279944,2025-07-03 11:10:09,2025-07-03 11:18:26.400,9.84,-9.737999066666667,21,1
433,delivered,2025-07-03 11:13:55,2025-07-03 11:22:24.731723,2025-07-03 11:15:09,2025-07-03 11:21:39.500,7.741666666666666,-7.262195383333333,23,1
434,delivered,2025-07-03 11:14:22,2025-07-03 11:22:18.988002,2025-07-03 11:40:09,2025-07-03 11:51:52.300,37.505,17.8335333,13,1
435,delivered,2025-07-03 11:16:20,2025-07-03 11:26:57.070705,2025-07-03 11:45:09,2025-07-03 11:55:59.500,39.65833333333333,18.19882158333333,26,1
436,delivered,2025-07-03 11:18:17,2025-07-03 11:29:22.475034,2025-07-03 11:20:09,2025-07-03 11:29:15.400,10.973333333333333,-9.2245839,25,1
437,delivered,2025-07-03 11:19:33,2025-07-03 11:32:33.589821,2025-07-03 11:20:09,2025-07-03 11:28:57.000,9.4,-12.40983035,16,1
438,delivered,2025-07-03 11:20:32,2025-07-03 11:28:33.962452,2025-07-03 11:45:09,2025-07-03 11:55:13.300,34.68833333333334,16.583959133333334,30,1
439,delivered,2025-07-03 11:23:54,2025-07-03 11:37:23.927911,2025-07-03 11:25:09,2025-07-03 11:34:31.100,10.618333333333334,-12.248798516666666,4,1
440,delivered,2025-07-03 11:25:06,2025-07-03 11:30:06.000000,2025-07-03 11:25:09,2025-07-03 11:32:19.800,7.23,-4.95,21,1
441,delivered,2025-07-03 11:26:29,2025-07-03 11:36:28.055212,2025-07-03 11:45:09,2025-07-03 11:53:47.800,27.313333333333333,8.682413133333334,24,1
442,delivered,2025-07-03 11:27:25,2025-07-03 11:36:26.916759,2025-07-03 11:30:09,2025-07-03 11:38:33.300,11.138333333333332,-6.29861265,17,1
443,delivered,2025-07-03 11:29:38,2025-07-03 11:37:54.867516,2025-07-03 11:30:09,2025-07-03 11:37:36.100,7.968333333333334,-7.7644586,24,1
444,delivered,2025-07-03 11:32:10,2025-07-03 11:47:46.348268,2025-07-03 11:35:09,2025-07-03 11:43:15.000,11.083333333333334,-12.622471133333333,25,1
445,delivered,2025-07-03 11:34:23,2025-07-03 11:40:20.464135,2025-07-03 11:35:09,2025-07-03 11:43:57.600,9.576666666666666,-5.191068916666667,22,1
446,delivered,2025-07-03 11:34:31,2025-07-03 11:48:30.529844,2025-07-03 11:35:09,2025-07-03 11:43:28.400,8.956666666666667,-13.358830733333333,14,1
447,delivered,2025-07-03 11:35:16,2025-07-03 11:49:17.795176,2025-07-03 11:40:09,2025-07-03 11:50:41.800,15.43,-9.146586266666667,1,1
448,delivered,2025-07-03 11:35:02,2025-07-03 11:45:10.704376,2025-07-03 11:35:09,2025-07-03 11:43:16.900,8.248333333333333,-10.028406266666668,7,1
449,delivered,2025-07-03 11:36:50,2025-07-03 11:46:18.719772,2025-07-03 11:40:09,2025-07-03 11:46:52.200,10.036666666666667,-6.1619962,19,1
450,delivered,2025-07-03 11:36:10,2025-07-03 11:50:44.420272,2025-07-03 11:40:09,2025-07-03 11:50:05.200,13.92,-10.590337866666665,3,1
451,delivered,2025-07-03 11:37:12,2025-07-03 11:51:28.015846,2025-07-03 11:40:09,2025-07-03 11:49:56.300,12.738333333333333,-11.316930766666667,20,1
452,delivered,2025-07-03 11:38:54,2025-07-03 11:54:27.354252,2025-07-03 11:40:09,2025-07-03 11:47:13.000,8.316666666666666,-14.305904199999999,21,1
453,delivered,2025-07-03 11:38:21,2025-07-03 11:53:08.390022,2025-07-03 11:40:09,2025-07-03 11:48:47.000,10.433333333333334,-12.9898337,28,1
454,delivered,2025-07-03 11:39:07,2025-07-03 11:53:14.000352,2025-07-03 11:40:09,2025-07-03 11:46:08.400,7.0233333333333325,-13.083339200000001,8,1
455,delivered,2025-07-03 11:39:27,2025-07-03 11:44:27.000000,2025-07-03 11:40:09,2025-07-03 11:50:06.900,10.665,-4.3,6,1
456,delivered,2025-07-03 11:40:40,2025-07-03 11:56:16.842304,2025-07-03 11:45:09,2025-07-03 11:52:25.100,11.751666666666667,-11.130705066666668,11,1
457,delivered,2025-07-03 11:41:05,2025-07-03 11:50:10.932702,2025-07-03 11:45:09,2025-07-03 11:50:53.200,9.803333333333335,-5.0322117,2,1
458,delivered,2025-07-03 11:43:02,2025-07-03 11:54:51.034028,2025-07-03 11:45:09,2025-07-03 11:52:20.700,9.311666666666667,-9.700567133333333,5,1
459,delivered,2025-07-03 11:43:33,2025-07-03 11:52:19.173984,2025-07-03 11:45:09,2025-07-03 11:52:55.600,9.376666666666667,-7.1695664,17,1
460,delivered,2025-07-03 11:44:31,2025-07-03 11:57:00.144076,2025-07-03 11:45:09,2025-07-03 11:51:40.200,7.153333333333333,-11.852401266666668,9,1
461,delivered,2025-07-03 11:44:01,2025-07-03 11:57:43.308631,2025-07-03 11:45:09,2025-07-03 11:53:07.600,9.110000000000001,-12.571810516666666,10,1
462,delivered,2025-07-03 11:45:09,2025-07-03 11:56:10.353491,2025-07-03 11:45:09,2025-07-03 11:56:18.100,11.151666666666667,-11.022558183333333,27,1
463,delivered,2025-07-03 11:46:11,2025-07-03 12:02:51.666330,2025-07-03 11:50:09,2025-07-03 11:58:18.000,12.116666666666667,-12.7111055,22,1
464,delivered,2025-07-03 11:47:09,2025-07-03 12:02:54.142683,2025-07-03 11:50:09,2025-07-03 11:58:10.900,11.031666666666666,-12.75237805,7,1
465,delivered,2025-07-03 11:51:15,2025-07-03 12:04:05.504522,2025-07-03 11:55:09,2025-07-03 12:01:13.800,9.979999999999999,-8.941742033333332,3,1
466,delivered,2025-07-03 11:53:09,2025-07-03 12:02:22.797824,2025-07-03 11:55:09,2025-07-03 11:59:59.400,6.84,-7.229963733333333,28,1
467,delivered,2025-07-03 11:56:23,2025-07-03 12:12:47.230665,2025-07-03 12:00:09,2025-07-03 12:05:03.000,8.666666666666666,-12.637177750000001,1,1
468,delivered,2025-07-03 11:57:39,2025-07-03 12:09:07.056120,2025-07-03 12:00:09,2025-07-03 12:07:22.200,9.72,-8.967602,12,1
469,delivered,2025-07-03 11:58:54,2025-07-03 12:09:33.173383,2025-07-03 12:00:09,2025-07-03 12:08:26.600,9.543333333333333,-9.402889716666666,11,1
470,delivered,2025-07-03 12:00:36,2025-07-03 12:13:15.874729,2025-07-03 12:05:09,2025-07-03 12:12:04.400,11.473333333333333,-8.114578816666667,28,1
471,delivered,2025-07-03 12:02:47,2025-07-03 12:08:02.204324,2025-07-03 12:05:09,2025-07-03 12:12:49.500,10.041666666666666,-2.8867387333333334,7,1
472,delivered,2025-07-03 12:03:18,2025-07-03 12:16:21.579811,2025-07-03 12:05:09,2025-07-03 12:11:58.600,8.676666666666668,-11.209663516666666,25,1
473,delivered,2025-07-03 12:05:38,2025-07-03 12:19:04.016755,2025-07-03 12:10:09,2025-07-03 12:15:45.900,10.131666666666666,-8.916945916666666,8,1
474,delivered,2025-07-03 12:08:26,2025-07-03 12:19:40.233009,2025-07-03 12:10:09,2025-07-03 12:15:07.700,6.694999999999999,-9.52055015,20,1
475,delivered,2025-07-03 12:10:43,2025-07-03 12:21:32.199828,2025-07-03 12:15:09,2025-07-03 12:23:33.900,12.848333333333333,-6.3866638,21,1
476,delivered,2025-07-03 12:13:46,2025-07-03 12:26:14.248642,2025-07-03 12:15:09,2025-07-03 12:23:31.600,9.76,-11.087477366666667,12,1
477,delivered,2025-07-03 12:18:05,2025-07-03 12:30:50.758433,2025-07-03 12:20:09,2025-07-03 12:28:16.800,10.196666666666665,-10.695973883333332,2,1
478,delivered,2025-07-03 12:19:59,2025-07-03 12:34:33.951414,2025-07-03 12:20:09,2025-07-03 12:25:29.200,5.503333333333333,-14.4158569,23,1
479,delivered,2025-07-03 12:21:22,2025-07-03 12:32:22.284492,2025-07-03 12:25:09,2025-07-03 12:31:32.100,10.168333333333333,-7.2214082,14,1
480,delivered,2025-07-03 12:22:15,2025-07-03 12:30:40.894696,2025-07-03 12:25:09,2025-07-03 12:35:36.500,13.358333333333333,-5.531578266666667,1,1
481,delivered,2025-07-03 12:23:39,2025-07-03 12:37:26.241776,2025-07-03 12:25:09,2025-07-03 12:31:36.600,7.96,-12.287362933333332,25,1
482,delivered,2025-07-03 12:23:18,2025-07-03 12:40:17.929855,2025-07-03 12:25:09,2025-07-03 12:31:28.900,8.181666666666667,-15.148830916666666,24,1
483,delivered,2025-07-03 12:25:59,2025-07-03 12:40:09.376098,2025-07-03 12:30:09,2025-07-03 12:35:01.800,9.046666666666665,-10.006268299999999,16,1
484,delivered,2025-07-03 12:26:02,2025-07-03 12:37:12.549277,2025-07-03 12:30:09,2025-07-03 12:35:39.800,9.629999999999999,-7.0591546166666665,27,1
485,delivered,2025-07-03 12:26:05,2025-07-03 12:34:41.700011,2025-07-03 12:30:09,2025-07-03 12:38:09.400,12.073333333333332,-4.545000183333333,17,1
486,delivered,2025-07-03 12:28:33,2025-07-03 12:39:29.891655,2025-07-03 12:30:09,2025-07-03 12:37:53.500,9.341666666666667,-9.34819425,9,1
487,delivered,2025-07-03 12:29:44,2025-07-03 12:43:10.276358,2025-07-03 12:30:09,2025-07-03 12:39:57.800,10.229999999999999,-13.021272633333332,20,1
488,delivered,2025-07-03 12:32:31,2025-07-03 12:43:44.277932,2025-07-03 12:35:09,2025-07-03 12:42:19.700,9.811666666666667,-8.587965533333334,4,1
489,delivered,2025-07-03 12:32:21,2025-07-03 12:44:31.004334,2025-07-03 12:35:09,2025-07-03 12:44:06.800,11.763333333333332,-9.3667389,19,1
490,delivered,2025-07-03 12:33:26,2025-07-03 12:46:38.969739,2025-07-03 12:35:09,2025-07-03 12:42:17.500,8.858333333333333,-11.49949565,5,1
491,delivered,2025-07-03 12:33:13,2025-07-03 12:45:14.372713,2025-07-03 12:35:09,2025-07-03 12:42:23.800,9.18,-10.089545216666666,11,1
492,delivered,2025-07-03 12:33:01,2025-07-03 12:48:10.367749,2025-07-03 12:35:09,2025-07-03 12:42:48.000,9.783333333333333,-13.022795816666667,15,1
493,delivered,2025-07-03 12:33:45,2025-07-03 12:44:28.624522,2025-07-03 12:35:09,2025-07-03 12:40:49.900,7.081666666666666,-9.327075366666666,8,1
494,delivered,2025-07-03 12:35:56,2025-07-03 12:50:11.048364,2025-07-03 12:40:09,2025-07-03 12:44:35.100,8.651666666666667,-10.034139399999999,13,1
495,delivered,2025-07-03 12:35:03,2025-07-03 12:47:52.337879,2025-07-03 12:35:09,2025-07-03 12:40:04.000,5.016666666666667,-12.722297983333334,3,1
496,delivered,2025-07-03 12:36:29,2025-07-03 12:49:24.963422,2025-07-03 12:40:09,2025-07-03 12:45:32.800,9.063333333333333,-9.266057033333334,12,1
497,delivered,2025-07-03 12:37:10,2025-07-03 12:47:52.803931,2025-07-03 12:40:09,2025-07-03 12:47:49.600,10.66,-7.7300655166666665,21,1
498,delivered,2025-07-03 12:37:27,2025-07-03 12:47:09.206962,2025-07-03 12:40:09,2025-07-03 12:48:12.500,10.758333333333333,-7.003449366666667,7,1
499,delivered,2025-07-03 12:39:33,2025-07-03 12:44:33.000000,2025-07-03 12:40:09,2025-07-03 12:45:45.200,6.203333333333333,-4.4,10,1
500,delivered,2025-07-03 12:42:49,2025-07-03 12:55:41.173827,2025-07-03 12:45:09,2025-07-03 12:52:59.000,10.166666666666666,-10.53623045,28,1
501,delivered,2025-07-03 12:42:17,2025-07-03 12:59:41.813403,2025-07-03 12:45:09,2025-07-03 12:49:56.300,7.655,-14.54689005,16,1
502,delivered,2025-07-03 12:42:44,2025-07-03 12:52:24.869562,2025-07-03 12:45:09,2025-07-03 12:55:03.400,12.323333333333332,-7.2644927,14,1
503,delivered,2025-07-03 12:42:18,2025-07-03 12:53:30.448345,2025-07-03 12:45:09,2025-07-03 12:53:45.600,11.46,-8.357472416666667,17,1
504,delivered,2025-07-03 12:42:41,2025-07-03 12:50:44.260392,2025-07-03 12:45:09,2025-07-03 12:52:50.900,10.165,-5.5876732,24,1
505,delivered,2025-07-03 12:48:33,2025-07-03 13:01:43.830642,2025-07-03 12:50:09,2025-07-03 12:57:07.400,8.573333333333332,-11.5805107,13,1
506,delivered,2025-07-03 12:50:56,2025-07-03 13:07:38.447535,2025-07-03 12:55:09,2025-07-03 13:00:42.600,9.776666666666667,-12.49079225,7,1
507,delivered,2025-07-03 12:50:27,2025-07-03 13:04:37.817135,2025-07-03 12:55:09,2025-07-03 13:01:15.900,10.815,-9.480285583333334,29,1
508,delivered,2025-07-03 12:51:42,2025-07-03 13:05:23.413540,2025-07-03 12:55:09,2025-07-03 13:02:09.500,10.458333333333334,-10.240225666666667,9,1
509,delivered,2025-07-03 12:51:14,2025-07-03 13:08:20.793635,2025-07-03 12:55:09,2025-07-03 13:01:30.400,10.273333333333333,-13.196560583333333,10,1
510,delivered,2025-07-03 12:54:09,2025-07-03 13:06:21.013861,2025-07-03 12:55:09,2025-07-03 13:01:06.800,6.963333333333334,-11.200231016666667,12,1
511,delivered,2025-07-03 13:00:00,2025-07-03 13:12:15.276837,2025-07-03 13:00:09,2025-07-03 13:07:03.000,7.05,-12.10461395,5,1
512,delivered,2025-07-03 13:05:30,2025-07-03 13:21:51.207003,2025-07-03 13:10:09,2025-07-03 13:17:12.600,11.71,-11.703450049999999,15,1
513,delivered,2025-07-03 13:05:02,2025-07-03 13:17:29.292061,2025-07-03 13:05:09,2025-07-03 13:11:18.300,6.2716666666666665,-12.338201016666666,14,1
514,delivered,2025-07-03 13:06:17,2025-07-03 13:22:07.651509,2025-07-03 13:10:09,2025-07-03 13:16:14.700,9.961666666666668,-11.97752515,8,1
515,delivered,2025-07-03 13:06:57,2025-07-03 13:24:34.253255,2025-07-03 13:10:09,2025-07-03 13:18:02.500,11.091666666666667,-14.420887583333332,1,1
516,delivered,2025-07-03 13:09:05,2025-07-03 13:21:57.849235,2025-07-03 13:10:09,2025-07-03 13:16:41.800,7.613333333333333,-11.814153916666667,19,1
517,delivered,2025-07-03 13:09:41,2025-07-03 13:19:46.397506,2025-07-03 13:10:09,2025-07-03 13:16:21.100,6.668333333333334,-9.623291766666666,27,1
518,delivered,2025-07-03 13:10:53,2025-07-03 13:21:31.148588,2025-07-03 13:15:09,2025-07-03 13:23:41.200,12.803333333333335,-6.369143133333334,16,1
519,delivered,2025-07-03 13:11:28,2025-07-03 13:23:49.749971,2025-07-03 13:15:09,2025-07-03 13:21:53.900,10.431666666666667,-8.679166183333333,17,1
520,delivered,2025-07-03 13:11:29,2025-07-03 13:26:47.623457,2025-07-03 13:15:09,2025-07-03 13:23:10.300,11.688333333333333,-11.643724283333334,20,1
521,delivered,2025-07-03 13:11:25,2025-07-03 13:19:12.330759,2025-07-03 13:15:09,2025-07-03 13:23:09.000,11.733333333333333,-4.05551265,9,1
522,delivered,2025-07-03 13:12:47,2025-07-03 13:26:21.095181,2025-07-03 13:15:09,2025-07-03 13:21:54.400,9.123333333333333,-11.201586350000001,24,1
523,delivered,2025-07-03 13:12:24,2025-07-03 13:31:10.113739,2025-07-03 13:15:09,2025-07-03 13:23:11.100,10.785,-16.018562316666667,25,1
524,delivered,2025-07-03 13:12:26,2025-07-03 13:23:03.277740,2025-07-03 13:15:09,2025-07-03 13:23:46.900,11.348333333333333,-7.904629,2,1
525,delivered,2025-07-03 13:13:18,2025-07-03 13:25:54.206232,2025-07-03 13:15:09,2025-07-03 13:22:36.800,9.313333333333333,-10.7534372,21,1
526,delivered,2025-07-03 13:13:17,2025-07-03 13:18:25.026008,2025-07-03 13:15:09,2025-07-03 13:22:20.000,9.05,-3.2671001333333334,11,1
527,delivered,2025-07-03 13:14:07,2025-07-03 13:24:43.897339,2025-07-03 13:15:09,2025-07-03 13:20:59.700,6.878333333333333,-9.581622316666666,7,1
528,delivered,2025-07-03 13:14:08,2025-07-03 13:24:20.733890,2025-07-03 13:15:09,2025-07-03 13:24:31.900,10.398333333333333,-9.195564833333332,5,1
529,delivered,2025-07-03 13:16:43,2025-07-03 13:30:13.834430,2025-07-03 13:20:09,2025-07-03 13:26:59.300,10.271666666666667,-10.080573833333334,4,1
530,delivered,2025-07-03 13:19:31,2025-07-03 13:29:23.010568,2025-07-03 13:20:09,2025-07-03 13:28:02.900,8.531666666666666,-9.233509466666668,14,1
531,delivered,2025-07-03 13:20:00,2025-07-03 13:32:31.440738,2025-07-03 13:20:09,2025-07-03 13:28:19.800,8.33,-12.3740123,29,1
532,delivered,2025-07-03 13:20:59,2025-07-03 13:33:15.436804,2025-07-03 13:25:09,2025-07-03 13:31:59.400,11.006666666666666,-8.107280066666666,1,1
533,delivered,2025-07-03 13:21:40,2025-07-03 13:33:03.766376,2025-07-03 13:25:09,2025-07-03 13:33:24.200,11.736666666666668,-7.912772933333333,23,1
534,delivered,2025-07-03 13:24:00,2025-07-03 13:37:16.694015,2025-07-03 13:25:09,2025-07-03 13:30:50.500,6.841666666666667,-12.128233583333333,8,1
535,delivered,2025-07-03 13:27:04,2025-07-03 13:36:27.112397,2025-07-03 13:30:09,2025-07-03 13:37:02.000,9.966666666666667,-6.301873283333333,24,1
536,delivered,2025-07-03 13:27:47,2025-07-03 13:44:34.684909,2025-07-03 13:30:09,2025-07-03 13:34:55.500,7.141666666666667,-14.428081816666666,17,1
537,delivered,2025-07-03 13:29:53,2025-07-03 13:36:25.567070,2025-07-03 13:30:09,2025-07-03 13:36:10.900,6.298333333333333,-6.276117833333333,21,1
538,delivered,2025-07-03 13:31:08,2025-07-03 13:44:17.424602,2025-07-03 13:35:09,2025-07-03 13:40:06.300,8.971666666666666,-9.140410033333334,13,1
539,delivered,2025-07-03 13:34:46,2025-07-03 13:47:08.735110,2025-07-03 13:35:09,2025-07-03 13:41:23.900,6.631666666666666,-11.995585166666666,11,1
540,delivered,2025-07-03 13:38:04,2025-07-03 13:59:20.995809,2025-07-03 13:40:09,2025-07-03 13:46:43.300,8.655,-19.19993015,29,1
541,delivered,2025-07-03 13:40:58,2025-07-03 13:53:47.197023,2025-07-03 13:45:09,2025-07-03 13:51:27.100,10.485000000000001,-8.63661705,15,1
542,delivered,2025-07-03 13:43:07,2025-07-03 13:58:46.807705,2025-07-03 13:45:09,2025-07-03 13:51:25.300,8.305,-13.630128416666668,13,1
543,delivered,2025-07-03 13:43:14,2025-07-03 13:49:35.631243,2025-07-03 13:45:09,2025-07-03 13:53:37.300,10.388333333333332,-4.44385405,17,1
544,delivered,2025-07-03 13:47:49,2025-07-03 13:58:37.914717,2025-07-03 13:50:09,2025-07-03 13:57:43.100,9.901666666666667,-8.48191195,21,1
545,delivered,2025-07-03 13:48:18,2025-07-03 14:01:20.770425,2025-07-03 13:50:09,2025-07-03 13:57:03.000,8.75,-11.196173750000002,20,1
546,delivered,2025-07-03 13:48:57,2025-07-03 14:01:24.095040,2025-07-03 13:50:09,2025-07-03 13:57:32.800,8.596666666666666,-11.251584000000001,8,1
547,delivered,2025-07-03 13:49:01,2025-07-03 14:02:42.336650,2025-07-03 13:50:09,2025-07-03 13:56:31.400,7.506666666666666,-12.555610833333333,9,1
548,delivered,2025-07-03 13:50:31,2025-07-03 14:04:18.127819,2025-07-03 13:55:09,2025-07-03 14:00:26.600,9.926666666666668,-9.152130316666668,23,1
549,delivered,2025-07-03 13:53:16,2025-07-03 14:03:03.401383,2025-07-03 13:55:09,2025-07-03 14:01:29.400,8.223333333333333,-7.9066897166666665,1,1
550,delivered,2025-07-03 13:56:12,2025-07-03 14:09:26.958808,2025-07-03 14:00:09,2025-07-03 14:06:15.100,10.051666666666668,-9.299313466666666,25,1
551,delivered,2025-07-03 13:57:11,2025-07-03 14:11:37.980121,2025-07-03 14:00:09,2025-07-03 14:07:45.600,10.576666666666666,-11.483002016666667,13,1
552,delivered,2025-07-03 13:57:42,2025-07-03 14:13:12.016408,2025-07-03 14:00:09,2025-07-03 14:06:36.200,8.903333333333334,-13.050273466666665,7,1
553,delivered,2025-07-03 14:00:42,2025-07-03 14:14:49.745547,2025-07-03 14:05:09,2025-07-03 14:11:52.900,11.181666666666667,-9.67909245,9,1
554,delivered,2025-07-03 14:00:08,2025-07-03 14:16:03.415861,2025-07-03 14:00:09,2025-07-03 14:11:06.700,10.978333333333333,-15.906931016666666,26,1
555,delivered,2025-07-03 14:00:01,2025-07-03 14:15:53.105805,2025-07-03 14:00:09,2025-07-03 14:07:34.300,7.555000000000001,-15.73509675,27,1
556,delivered,2025-07-03 14:02:37,2025-07-03 14:11:44.720423,2025-07-03 14:05:09,2025-07-03 14:11:58.400,9.356666666666666,-6.595340383333333,30,1
557,delivered,2025-07-03 14:02:56,2025-07-03 14:21:51.919739,2025-07-03 14:05:09,2025-07-03 14:12:19.000,9.383333333333333,-16.715328983333333,11,1
558,delivered,2025-07-03 14:02:46,2025-07-03 14:16:33.548130,2025-07-03 14:05:09,2025-07-03 14:09:58.700,7.211666666666667,-11.4091355,29,1
559,delivered,2025-07-03 14:05:44,2025-07-03 14:16:36.560639,2025-07-03 14:10:09,2025-07-03 14:15:31.400,9.79,-6.459343983333333,15,1
560,delivered,2025-07-03 14:06:04,2025-07-03 14:14:13.395630,2025-07-03 14:10:09,2025-07-03 14:20:08.000,14.066666666666666,-4.0732605,1,1
561,delivered,2025-07-03 14:06:57,2025-07-03 14:19:53.319137,2025-07-03 14:10:09,2025-07-03 14:21:02.500,14.091666666666667,-9.738652283333332,4,1
562,delivered,2025-07-03 14:10:14,2025-07-03 14:19:27.308004,2025-07-03 14:15:09,2025-07-03 14:21:17.300,11.055,-4.3051334,20,1
563,delivered,2025-07-03 14:13:42,2025-07-03 14:23:46.541274,2025-07-03 14:15:09,2025-07-03 14:21:01.700,7.328333333333333,-8.6256879,3,1
564,delivered,2025-07-03 14:16:16,2025-07-03 14:25:12.696167,2025-07-03 14:20:09,2025-07-03 14:25:20.800,9.08,-5.061602783333333,26,1
565,delivered,2025-07-03 14:16:55,2025-07-03 14:29:29.811923,2025-07-03 14:20:09,2025-07-03 14:27:06.000,10.183333333333334,-9.346865383333332,19,1
566,delivered,2025-07-03 14:18:22,2025-07-03 14:35:25.058739,2025-07-03 14:20:09,2025-07-03 14:28:28.900,10.115,-15.267645649999999,25,1
567,delivered,2025-07-03 14:20:15,2025-07-03 14:29:46.893216,2025-07-03 14:25:09,2025-07-03 14:33:33.400,13.306666666666667,-4.6315536,7,1
568,delivered,2025-07-03 14:20:36,2025-07-03 14:36:44.471510,2025-07-03 14:25:09,2025-07-03 14:31:53.700,11.295,-11.591191833333333,22,1
569,delivered,2025-07-03 14:24:29,2025-07-03 14:40:59.138157,2025-07-03 14:25:09,2025-07-03 14:32:39.700,8.178333333333333,-15.83563595,9,1
570,delivered,2025-07-03 14:24:23,2025-07-03 14:35:34.596936,2025-07-03 14:25:09,2025-07-03 14:35:58.300,11.588333333333333,-10.4266156,5,1
571,delivered,2025-07-03 14:26:31,2025-07-03 14:40:14.771911,2025-07-03 14:30:09,2025-07-03 14:35:52.800,9.363333333333333,-10.096198516666668,29,1
572,delivered,2025-07-03 14:26:59,2025-07-03 14:44:44.179034,2025-07-03 14:30:09,2025-07-03 14:36:54.900,9.931666666666667,-14.586317233333334,27,1
573,delivered,2025-07-03 14:28:13,2025-07-03 14:38:35.456772,2025-07-03 14:30:09,2025-07-03 14:37:43.900,9.514999999999999,-8.4409462,3,1
574,delivered,2025-07-03 14:28:07,2025-07-03 14:36:58.297895,2025-07-03 14:30:09,2025-07-03 14:36:34.600,8.46,-6.821631583333333,30,1
575,delivered,2025-07-03 14:29:39,2025-07-03 14:37:10.450315,2025-07-03 14:30:09,2025-07-03 14:39:19.500,9.675,-7.024171916666666,20,1
576,delivered,2025-07-03 14:30:53,2025-07-03 14:46:12.189616,2025-07-03 14:35:09,2025-07-03 14:41:12.900,10.331666666666667,-11.053160266666668,19,1
577,delivered,2025-07-03 14:30:38,2025-07-03 14:45:02.832599,2025-07-03 14:35:09,2025-07-03 14:45:13.000,14.583333333333334,-9.897209983333333,24,1
578,delivered,2025-07-03 14:32:40,2025-07-03 14:45:17.188774,2025-07-03 14:35:09,2025-07-03 14:40:42.500,8.041666666666666,-10.136479566666667,15,1
579,delivered,2025-07-03 14:34:02,2025-07-03 14:43:19.813313,2025-07-03 14:35:09,2025-07-03 14:43:23.300,9.354999999999999,-8.180221883333333,6,1
580,delivered,2025-07-03 14:34:22,2025-07-03 14:45:23.715216,2025-07-03 14:35:09,2025-07-03 14:42:52.800,8.513333333333334,-10.245253600000002,26,1
581,delivered,2025-07-03 14:34:24,2025-07-03 14:42:34.775379,2025-07-03 14:35:09,2025-07-03 14:43:27.000,9.05,-7.42958965,25,1
582,delivered,2025-07-03 14:34:00,2025-07-03 14:43:40.159179,2025-07-03 14:35:09,2025-07-03 14:44:18.600,10.31,-8.51931965,13,1
583,delivered,2025-07-03 14:35:43,2025-07-03 14:46:28.494837,2025-07-03 14:40:09,2025-07-03 14:49:05.600,13.376666666666667,-6.32491395,12,1
584,delivered,2025-07-03 14:37:58,2025-07-03 14:46:21.191588,2025-07-03 14:40:09,2025-07-03 14:46:13.300,8.255,-6.203193133333333,9,1
585,delivered,2025-07-03 14:38:30,2025-07-03 14:51:10.578005,2025-07-03 14:40:09,2025-07-03 14:47:12.400,8.706666666666667,-11.026300083333332,7,1
586,delivered,2025-07-03 14:39:00,2025-07-03 14:52:32.618991,2025-07-03 14:40:09,2025-07-03 14:49:56.800,10.946666666666665,-12.393649850000001,17,1
587,delivered,2025-07-03 14:39:58,2025-07-03 14:55:55.726060,2025-07-03 14:40:09,2025-07-03 14:49:09.200,9.186666666666667,-15.778767666666665,18,1
588,delivered,2025-07-03 14:42:31,2025-07-03 14:55:30.222465,2025-07-03 14:45:09,2025-07-03 14:53:46.900,11.264999999999999,-10.353707750000002,5,1
589,delivered,2025-07-03 14:45:27,2025-07-03 15:05:57.167367,2025-07-03 14:50:09,2025-07-03 14:56:48.900,11.365,-15.80278945,22,1
590,delivered,2025-07-03 14:50:02,2025-07-03 14:58:34.926897,2025-07-03 14:50:09,2025-07-03 14:57:18.600,7.276666666666667,-8.43211495,8,1
591,delivered,2025-07-03 14:51:08,2025-07-03 15:05:34.743929,2025-07-03 14:55:09,2025-07-03 15:00:22.900,9.248333333333333,-10.429065483333334,21,1
592,delivered,2025-07-03 14:55:31,2025-07-03 15:07:01.840846,2025-07-03 15:00:09,2025-07-03 15:06:14.400,10.723333333333333,-6.880680766666667,19,1
593,delivered,2025-07-03 14:56:50,2025-07-03 15:08:24.410900,2025-07-03 15:00:09,2025-07-03 15:08:46.500,11.941666666666666,-8.256848333333334,7,1
594,delivered,2025-07-03 15:00:17,2025-07-03 15:09:48.744113,2025-07-03 15:05:09,2025-07-03 15:11:48.900,11.531666666666666,-4.662401883333334,1,1
595,delivered,2025-07-03 15:00:35,2025-07-03 15:09:22.340332,2025-07-03 15:05:09,2025-07-03 15:12:59.600,12.41,-4.222338866666666,8,1
596,delivered,2025-07-03 15:01:41,2025-07-03 15:12:03.197927,2025-07-03 15:05:09,2025-07-03 15:11:41.100,10.001666666666667,-6.903298783333333,15,1
597,delivered,2025-07-03 15:02:04,2025-07-03 15:14:03.779427,2025-07-03 15:05:09,2025-07-03 15:10:30.000,8.433333333333334,-8.91299045,3,1
598,delivered,2025-07-03 15:03:24,2025-07-03 15:11:25.027905,2025-07-03 15:05:09,2025-07-03 15:10:31.900,7.131666666666666,-6.26713175,25,1
599,delivered,2025-07-03 15:05:47,2025-07-03 15:17:20.065508,2025-07-03 15:10:09,2025-07-03 15:14:01.600,8.243333333333334,-7.184425133333334,27,1
600,delivered,2025-07-03 15:05:42,2025-07-03 15:21:33.623445,2025-07-03 15:10:09,2025-07-03 15:16:00.900,10.315,-11.41039075,16,1
601,delivered,2025-07-03 15:06:32,2025-07-03 15:15:44.936301,2025-07-03 15:10:09,2025-07-03 15:17:07.300,10.588333333333333,-5.59893835,13,1
602,delivered,2025-07-03 15:08:07,2025-07-03 15:21:34.892336,2025-07-03 15:10:09,2025-07-03 15:18:03.900,9.948333333333332,-11.431538933333334,20,1
603,delivered,2025-07-03 15:10:10,2025-07-03 15:18:40.730736,2025-07-03 15:15:09,2025-07-03 15:21:06.100,10.935,-3.5288456,23,1
604,delivered,2025-07-03 15:11:37,2025-07-03 15:20:41.395152,2025-07-03 15:15:09,2025-07-03 15:21:28.500,9.858333333333333,-5.5399192,14,1
605,delivered,2025-07-03 15:12:42,2025-07-03 15:21:51.575932,2025-07-03 15:15:09,2025-07-03 15:22:59.500,10.291666666666666,-6.709598866666667,5,1
606,delivered,2025-07-03 15:13:28,2025-07-03 15:28:51.887495,2025-07-03 15:15:09,2025-07-03 15:25:53.700,12.428333333333335,-13.714791583333332,9,1
607,delivered,2025-07-03 15:15:29,2025-07-03 15:26:44.968383,2025-07-03 15:20:09,2025-07-03 15:27:24.800,11.93,-6.59947305,8,1
608,delivered,2025-07-03 15:16:36,2025-07-03 15:27:10.866434,2025-07-03 15:20:09,2025-07-03 15:26:40.900,10.081666666666667,-7.0311072333333335,21,1
609,delivered,2025-07-03 15:17:15,2025-07-03 15:31:27.961948,2025-07-03 15:20:09,2025-07-03 15:26:55.400,9.673333333333334,-11.316032466666666,22,1
610,delivered,2025-07-03 15:19:35,2025-07-03 15:27:22.202155,2025-07-03 15:20:09,2025-07-03 15:27:44.500,8.158333333333333,-7.220035916666666,17,1
611,delivered,2025-07-03 15:19:40,2025-07-03 15:31:26.788565,2025-07-03 15:20:09,2025-07-03 15:27:44.700,8.078333333333333,-11.296476083333333,25,1
612,delivered,2025-07-03 15:20:05,2025-07-03 15:30:10.948567,2025-07-03 15:20:09,2025-07-03 15:29:23.600,9.31,-10.032476116666666,7,1
613,delivered,2025-07-03 15:25:05,2025-07-03 15:35:35.503076,2025-07-03 15:25:09,2025-07-03 15:30:08.900,5.0649999999999995,-10.441717933333333,30,1
614,delivered,2025-07-03 15:27:33,2025-07-03 15:39:34.478535,2025-07-03 15:30:09,2025-07-03 15:36:08.200,8.586666666666668,-9.42464225,29,1
615,delivered,2025-07-03 15:27:06,2025-07-03 15:34:43.678952,2025-07-03 15:30:09,2025-07-03 15:35:23.900,8.298333333333334,-4.577982533333333,27,1
616,delivered,2025-07-03 15:27:03,2025-07-03 15:41:04.691695,2025-07-03 15:30:09,2025-07-03 15:38:32.600,11.493333333333334,-10.928194916666666,24,1
617,delivered,2025-07-03 15:30:03,2025-07-03 15:39:13.336649,2025-07-03 15:30:09,2025-07-03 15:36:52.600,6.826666666666667,-9.072277483333332,1,1
618,delivered,2025-07-03 15:31:37,2025-07-03 15:46:13.405329,2025-07-03 15:35:09,2025-07-03 15:42:00.900,10.398333333333333,-11.07342215,14,1
619,delivered,2025-07-03 15:32:17,2025-07-03 15:41:50.428732,2025-07-03 15:35:09,2025-07-03 15:44:58.200,12.686666666666667,-6.690478866666667,9,1
620,delivered,2025-07-03 15:33:19,2025-07-03 15:45:43.997037,2025-07-03 15:35:09,2025-07-03 15:43:01.000,9.7,-10.58328395,30,1
621,delivered,2025-07-03 15:35:57,2025-07-03 15:50:41.897494,2025-07-03 15:40:09,2025-07-03 15:47:27.100,11.501666666666667,-10.548291566666668,11,1
622,delivered,2025-07-03 15:38:19,2025-07-03 15:50:22.597758,2025-07-03 15:40:09,2025-07-03 15:49:41.200,11.370000000000001,-10.2266293,13,1
623,delivered,2025-07-03 15:42:31,2025-07-03 15:50:47.768937,2025-07-03 15:45:09,2025-07-03 15:50:56.000,8.416666666666666,-5.64614895,28,1
624,delivered,2025-07-03 15:43:02,2025-07-03 15:55:29.732141,2025-07-03 15:45:09,2025-07-03 15:49:23.100,6.3516666666666675,-10.345535683333333,16,1
625,delivered,2025-07-03 15:44:42,2025-07-03 15:54:17.738273,2025-07-03 15:45:09,2025-07-03 15:51:40.800,6.98,-9.145637883333334,24,1
626,delivered,2025-07-03 15:46:07,2025-07-03 15:57:03.899733,2025-07-03 15:50:09,2025-07-03 15:57:05.900,10.981666666666666,-6.91499555,26,1
627,delivered,2025-07-03 15:47:57,2025-07-03 16:01:32.527111,2025-07-03 15:50:09,2025-07-03 15:58:01.200,10.07,-11.392118516666667,19,1
628,delivered,2025-07-03 15:47:55,2025-07-03 15:56:25.762184,2025-07-03 15:50:09,2025-07-03 15:56:17.400,8.373333333333333,-6.279369733333334,25,1
629,delivered,2025-07-03 15:47:04,2025-07-03 16:04:20.561305,2025-07-03 15:50:09,2025-07-03 15:57:52.000,10.8,-14.192688416666666,4,1
630,delivered,2025-07-03 15:47:58,2025-07-03 16:02:39.946948,2025-07-03 15:50:09,2025-07-03 15:57:24.500,9.441666666666666,-12.515782466666668,14,1
631,delivered,2025-07-03 15:49:05,2025-07-03 16:00:48.706476,2025-07-03 15:50:09,2025-07-03 15:56:58.100,7.885000000000001,-10.6617746,27,1
632,delivered,2025-07-03 15:50:10,2025-07-03 16:13:18.505190,2025-07-03 15:55:09,2025-07-03 16:01:26.600,11.276666666666667,-18.158419833333333,18,1
633,delivered,2025-07-03 15:51:19,2025-07-03 16:03:18.445367,2025-07-03 15:55:09,2025-07-03 16:04:07.900,12.815,-8.157422783333333,7,1
634,delivered,2025-07-03 15:52:32,2025-07-03 16:05:24.439847,2025-07-03 15:55:09,2025-07-03 16:00:24.500,7.875,-10.257330783333334,29,1
635,delivered,2025-07-03 15:52:41,2025-07-03 16:04:29.385924,2025-07-03 15:55:09,2025-07-03 16:01:14.200,8.553333333333335,-9.339765400000001,16,1
636,delivered,2025-07-03 15:53:31,2025-07-03 16:06:49.389142,2025-07-03 15:55:09,2025-07-03 16:01:28.900,7.965,-11.673152366666667,11,1
637,delivered,2025-07-03 15:54:09,2025-07-03 16:09:03.798170,2025-07-03 15:55:09,2025-07-03 16:01:57.600,7.8100000000000005,-13.913302833333335,2,1
638,delivered,2025-07-03 15:55:19,2025-07-03 16:11:04.739620,2025-07-03 16:00:09,2025-07-03 16:08:31.200,13.203333333333335,-10.928993666666665,9,1
639,delivered,2025-07-03 15:55:32,2025-07-03 16:11:25.972296,2025-07-03 16:00:09,2025-07-03 16:07:10.200,11.636666666666667,-11.2828716,3,1
640,delivered,2025-07-03 15:55:32,2025-07-03 16:08:35.525403,2025-07-03 16:00:09,2025-07-03 16:05:48.100,10.268333333333334,-8.44209005,21,1
641,delivered,2025-07-03 15:55:21,2025-07-03 16:09:21.924614,2025-07-03 16:00:09,2025-07-03 16:07:22.900,12.031666666666666,-9.215410233333333,8,1
642,delivered,2025-07-03 15:56:05,2025-07-03 16:09:38.960263,2025-07-03 16:00:09,2025-07-03 16:08:32.700,12.461666666666668,-9.499337716666668,15,1
643,delivered,2025-07-03 15:58:56,2025-07-03 16:09:04.592665,2025-07-03 16:00:09,2025-07-03 16:06:32.600,7.61,-8.926544416666667,28,1
644,delivered,2025-07-03 15:58:41,2025-07-03 16:14:38.965457,2025-07-03 16:00:09,2025-07-03 16:08:02.500,9.358333333333333,-14.499424283333333,13,1
645,delivered,2025-07-03 15:58:03,2025-07-03 16:11:00.772430,2025-07-03 16:00:09,2025-07-03 16:07:23.600,9.343333333333334,-10.862873833333333,12,1
646,delivered,2025-07-03 15:59:26,2025-07-03 16:09:14.790918,2025-07-03 16:00:09,2025-07-03 16:06:46.100,7.335,-9.0965153,6,1
647,delivered,2025-07-03 15:59:03,2025-07-03 16:10:02.693006,2025-07-03 16:00:09,2025-07-03 16:07:24.600,8.360000000000001,-9.894883433333332,23,1
648,delivered,2025-07-03 15:59:24,2025-07-03 16:09:52.946794,2025-07-03 16:00:09,2025-07-03 16:07:39.000,8.25,-9.732446566666665,20,1
649,delivered,2025-07-03 15:59:01,2025-07-03 16:08:34.925038,2025-07-03 16:00:09,2025-07-03 16:06:56.200,7.92,-8.432083966666665,10,1
650,delivered,2025-07-03 16:00:05,2025-07-03 16:07:39.626284,2025-07-03 16:00:09,2025-07-03 16:08:18.700,8.228333333333333,-7.510438066666667,5,1
651,delivered,2025-07-03 16:00:51,2025-07-03 16:07:07.835531,2025-07-03 16:05:09,2025-07-03 16:13:18.600,12.46,-1.9805921833333333,4,1
652,delivered,2025-07-03 16:01:50,2025-07-03 16:14:21.563325,2025-07-03 16:05:09,2025-07-03 16:13:15.000,11.416666666666666,-9.209388749999999,24,1
653,delivered,2025-07-03 16:02:41,2025-07-03 16:14:33.566424,2025-07-03 16:05:09,2025-07-03 16:11:22.400,8.69,-9.4094404,27,1
654,delivered,2025-07-03 16:02:52,2025-07-03 16:09:26.800677,2025-07-03 16:05:09,2025-07-03 16:12:15.200,9.386666666666667,-4.29667795,25,1
655,delivered,2025-07-03 16:03:31,2025-07-03 16:14:06.323449,2025-07-03 16:05:09,2025-07-03 16:13:03.900,9.548333333333334,-8.955390816666666,19,1
656,delivered,2025-07-03 16:03:28,2025-07-03 16:12:38.233026,2025-07-03 16:05:09,2025-07-03 16:10:37.000,7.15,-7.4872171,30,1
657,delivered,2025-07-03 16:03:47,2025-07-03 16:13:29.977722,2025-07-03 16:05:09,2025-07-03 16:11:21.800,7.58,-8.3496287,14,1
658,delivered,2025-07-03 16:04:34,2025-07-03 16:14:50.471032,2025-07-03 16:05:09,2025-07-03 16:13:35.900,9.031666666666666,-9.691183866666668,17,1
659,delivered,2025-07-03 16:05:43,2025-07-03 16:19:13.271896,2025-07-03 16:10:09,2025-07-03 16:20:59.500,15.275,-9.071198266666666,29,1
660,delivered,2025-07-03 16:07:24,2025-07-03 16:22:50.265460,2025-07-03 16:10:09,2025-07-03 16:18:14.600,10.843333333333334,-12.687757666666666,16,1
661,delivered,2025-07-03 16:07:10,2025-07-03 16:21:56.990900,2025-07-03 16:10:09,2025-07-03 16:20:39.500,13.491666666666667,-11.799848333333333,22,1
662,delivered,2025-07-03 16:07:22,2025-07-03 16:14:29.614760,2025-07-03 16:10:09,2025-07-03 16:16:51.600,9.493333333333334,-4.3435793333333335,2,1
663,delivered,2025-07-03 16:08:53,2025-07-03 16:21:34.163485,2025-07-03 16:10:09,2025-07-03 16:18:14.700,9.361666666666668,-11.419391416666667,1,1
664,delivered,2025-07-03 16:09:33,2025-07-03 16:18:25.334814,2025-07-03 16:10:09,2025-07-03 16:17:35.100,8.035,-8.2722469,11,1
665,delivered,2025-07-03 16:11:29,2025-07-03 16:20:07.909718,2025-07-03 16:15:09,2025-07-03 16:21:41.200,10.203333333333335,-4.9818286333333335,18,1
666,delivered,2025-07-03 16:11:19,2025-07-03 16:25:27.933949,2025-07-03 16:15:09,2025-07-03 16:19:58.700,8.661666666666667,-10.315565816666666,12,1
667,delivered,2025-07-03 16:12:24,2025-07-03 16:26:24.841907,2025-07-03 16:15:09,2025-07-03 16:21:50.400,9.44,-11.264031783333333,5,1
668,delivered,2025-07-03 16:12:46,2025-07-03 16:23:07.055363,2025-07-03 16:15:09,2025-07-03 16:22:18.000,9.533333333333333,-7.967589383333333,28,1
669,delivered,2025-07-03 16:13:56,2025-07-03 16:26:10.754125,2025-07-03 16:15:09,2025-07-03 16:22:35.500,8.658333333333333,-11.029235416666667,9,1
670,delivered,2025-07-03 16:14:59,2025-07-03 16:33:39.798345,2025-07-03 16:15:09,2025-07-03 16:19:51.700,4.878333333333333,-18.513305749999997,23,1
671,delivered,2025-07-03 16:14:26,2025-07-03 16:27:23.274392,2025-07-03 16:15:09,2025-07-03 16:20:09.200,5.72,-12.237906533333334,13,1
672,delivered,2025-07-03 16:14:20,2025-07-03 16:23:35.190772,2025-07-03 16:15:09,2025-07-03 16:20:59.600,6.66,-8.436512866666666,3,1
673,delivered,2025-07-03 16:14:07,2025-07-03 16:22:26.526283,2025-07-03 16:15:09,2025-07-03 16:24:35.400,10.473333333333333,-7.292104716666667,20,1
674,delivered,2025-07-03 16:14:36,2025-07-03 16:26:19.355303,2025-07-03 16:15:09,2025-07-03 16:21:17.000,6.683333333333334,-11.172588383333334,8,1
675,delivered,2025-07-03 16:14:28,2025-07-03 16:26:42.571996,2025-07-03 16:15:09,2025-07-03 16:22:43.300,8.255,-11.559533266666667,15,1
676,delivered,2025-07-03 16:15:33,2025-07-03 16:25:59.936462,2025-07-03 16:20:09,2025-07-03 16:26:44.000,11.183333333333334,-5.848941033333333,6,1
677,delivered,2025-07-03 16:16:45,2025-07-03 16:31:06.402511,2025-07-03 16:20:09,2025-07-03 16:27:43.400,10.973333333333333,-10.956708516666668,21,1
678,delivered,2025-07-03 16:17:00,2025-07-03 16:30:52.218154,2025-07-03 16:20:09,2025-07-03 16:28:08.300,11.138333333333332,-10.720302566666668,17,1
679,delivered,2025-07-03 16:17:52,2025-07-03 16:28:53.360564,2025-07-03 16:20:09,2025-07-03 16:30:48.600,12.943333333333333,-8.739342733333332,27,1
680,delivered,2025-07-03 16:17:43,2025-07-03 16:31:23.847618,2025-07-03 16:20:09,2025-07-03 16:27:29.900,9.781666666666666,-11.2474603,19,1
681,delivered,2025-07-03 16:17:42,2025-07-03 16:28:35.993279,2025-07-03 16:20:09,2025-07-03 16:28:49.400,11.123333333333333,-8.449887983333333,25,1
682,delivered,2025-07-03 16:18:24,2025-07-03 16:34:26.168065,2025-07-03 16:20:09,2025-07-03 16:27:30.500,9.108333333333333,-14.286134416666666,24,1
683,delivered,2025-07-03 16:18:00,2025-07-03 16:31:35.800414,2025-07-03 16:20:09,2025-07-03 16:25:47.600,7.793333333333334,-11.446673566666668,10,1
684,delivered,2025-07-03 16:19:50,2025-07-03 16:32:02.636707,2025-07-03 16:20:09,2025-07-03 16:25:49.900,5.998333333333333,-11.893945116666666,4,1
685,delivered,2025-07-03 16:19:35,2025-07-03 16:25:42.183452,2025-07-03 16:20:09,2025-07-03 16:26:55.700,7.345,-5.553057533333333,7,1
686,delivered,2025-07-03 16:19:28,2025-07-03 16:34:14.344190,2025-07-03 16:20:09,2025-07-03 16:26:53.400,7.423333333333333,-14.089069833333333,26,1
687,delivered,2025-07-03 16:20:25,2025-07-03 16:32:33.262125,2025-07-03 16:25:09,2025-07-03 16:30:49.300,10.405,-7.404368750000001,12,1
688,delivered,2025-07-03 16:20:05,2025-07-03 16:35:05.118788,2025-07-03 16:20:09,2025-07-03 16:28:00.100,7.918333333333334,-14.935313133333333,30,1
689,delivered,2025-07-03 16:20:18,2025-07-03 16:32:28.327716,2025-07-03 16:25:09,2025-07-03 16:33:32.800,13.246666666666666,-7.3221286,14,1
690,delivered,2025-07-03 16:21:34,2025-07-03 16:37:18.720739,2025-07-03 16:25:09,2025-07-03 16:31:32.900,9.981666666666666,-12.162012316666667,1,1
691,delivered,2025-07-03 16:25:37,2025-07-03 16:38:13.468241,2025-07-03 16:30:09,2025-07-03 16:34:52.900,9.264999999999999,-8.074470683333333,11,1
692,delivered,2025-07-03 16:25:11,2025-07-03 16:37:44.721024,2025-07-03 16:30:09,2025-07-03 16:36:44.400,11.556666666666667,-7.5953504,3,1
693,delivered,2025-07-03 16:26:33,2025-07-03 16:33:35.342311,2025-07-03 16:30:09,2025-07-03 16:40:26.700,13.895000000000001,-3.4390385166666664,5,1
694,delivered,2025-07-03 16:26:28,2025-07-03 16:39:18.975694,2025-07-03 16:30:09,2025-07-03 16:39:52.200,13.403333333333334,-9.166261566666666,13,1
695,delivered,2025-07-03 16:26:55,2025-07-03 16:41:52.484064,2025-07-03 16:30:09,2025-07-03 16:36:32.500,9.625,-11.7247344,22,1
696,delivered,2025-07-03 16:27:36,2025-07-03 16:42:16.855370,2025-07-03 16:30:09,2025-07-03 16:34:32.500,6.941666666666666,-12.130922833333333,9,1
697,delivered,2025-07-03 16:27:44,2025-07-03 16:44:11.632249,2025-07-03 16:30:09,2025-07-03 16:37:01.900,9.298333333333334,-14.043870816666667,2,1
698,delivered,2025-07-03 16:28:27,2025-07-03 16:37:44.864082,2025-07-03 16:30:09,2025-07-03 16:37:05.800,8.646666666666667,-7.5977347,18,1
699,delivered,2025-07-03 16:28:35,2025-07-03 16:39:30.027685,2025-07-03 16:30:09,2025-07-03 16:37:49.400,9.24,-9.350461416666667,16,1
700,delivered,2025-07-03 16:28:22,2025-07-03 16:41:29.991749,2025-07-03 16:30:09,2025-07-03 16:36:54.600,8.543333333333333,-11.349862483333334,23,1
701,delivered,2025-07-03 16:28:42,2025-07-03 16:40:00.635829,2025-07-03 16:30:09,2025-07-03 16:36:46.500,8.075,-9.860597149999998,28,1
702,delivered,2025-07-03 16:29:59,2025-07-03 16:39:29.642340,2025-07-03 16:30:09,2025-07-03 16:37:03.700,7.078333333333333,-9.344039,15,1
703,delivered,2025-07-03 16:29:32,2025-07-03 16:37:11.722629,2025-07-03 16:30:09,2025-07-03 16:35:33.600,6.026666666666667,-7.045377149999999,8,1
704,delivered,2025-07-03 16:29:07,2025-07-03 16:38:28.963141,2025-07-03 16:30:09,2025-07-03 16:38:12.300,9.088333333333333,-8.332719016666667,29,1
705,delivered,2025-07-03 16:31:52,2025-07-03 16:46:42.390851,2025-07-03 16:35:09,2025-07-03 16:40:53.200,9.020000000000001,-11.556514183333332,7,1
706,delivered,2025-07-03 16:31:29,2025-07-03 16:47:19.652185,2025-07-03 16:35:09,2025-07-03 16:43:31.400,12.04,-12.177536416666667,19,1
707,delivered,2025-07-03 16:31:01,2025-07-03 16:42:02.193406,2025-07-03 19:05:09,2025-07-03 19:11:52.400,160.85666666666665,143.11344323333333,20,1
708,delivered,2025-07-03 16:31:07,2025-07-03 16:44:38.764789,2025-07-03 16:35:09,2025-07-03 16:41:57.000,10.833333333333334,-9.496079816666667,20,1
709,delivered,2025-07-03 16:32:59,2025-07-03 16:38:58.962370,2025-07-03 18:45:09,2025-07-03 18:52:42.800,139.73,126.16729383333333,25,1
710,delivered,2025-07-03 16:32:02,2025-07-03 16:45:26.314032,2025-07-03 16:35:09,2025-07-03 16:43:02.900,11.014999999999999,-10.2885672,10,1
711,delivered,2025-07-03 16:32:13,2025-07-03 16:45:57.769218,2025-07-03 16:35:09,2025-07-03 16:44:57.400,12.74,-10.8128203,17,1
712,delivered,2025-07-03 16:32:43,2025-07-03 16:42:31.790827,2025-07-03 16:35:09,2025-07-03 16:44:29.800,11.78,-7.379847116666666,4,1
713,delivered,2025-07-03 16:32:01,2025-07-03 16:46:06.673962,2025-07-03 16:35:09,2025-07-03 16:42:59.100,10.968333333333334,-10.9612327,6,1
714,delivered,2025-07-03 16:33:24,2025-07-03 16:48:15.968229,2025-07-03 16:35:09,2025-07-03 16:45:16.100,11.868333333333334,-13.116137149999998,30,1
715,delivered,2025-07-03 16:33:31,2025-07-03 16:50:37.109969,2025-07-03 19:20:09,2025-07-03 19:27:18.800,173.79666666666665,149.53150051666668,7,1
716,delivered,2025-07-03 16:33:50,2025-07-03 16:47:23.005162,2025-07-03 18:35:09,2025-07-03 18:42:54.700,129.07833333333332,107.76658063333333,8,1
717,delivered,2025-07-03 16:34:15,2025-07-03 16:44:18.580835,2025-07-03 19:10:09,2025-07-03 19:17:10.900,162.93166666666667,145.84031941666666,21,1
718,delivered,2025-07-03 16:34:07,2025-07-03 16:50:10.817806,2025-07-03 16:35:09,2025-07-03 16:43:43.500,9.608333333333333,-15.030296766666668,21,1
719,delivered,2025-07-03 16:34:32,2025-07-03 16:52:33.638153,2025-07-03 16:35:09,2025-07-03 16:43:48.900,9.281666666666666,-17.410635883333335,24,1
720,delivered,2025-07-03 16:34:33,2025-07-03 16:39:33.000000,2025-07-03 16:35:09,2025-07-03 16:44:39.600,10.110000000000001,-4.4,25,1
721,delivered,2025-07-03 16:35:59,2025-07-03 16:51:21.276564,2025-07-03 16:45:09,2025-07-03 16:53:29.300,17.505,-6.2046094,8,1
722,delivered,2025-07-03 16:35:49,2025-07-03 16:45:58.121352,2025-07-03 17:35:09,2025-07-03 17:46:55.700,71.11166666666666,49.1813108,26,1
723,delivered,2025-07-03 16:35:22,2025-07-03 16:48:53.657485,2025-07-03 16:45:09,2025-07-03 16:51:17.300,15.921666666666665,-3.744291416666667,28,1
724,delivered,2025-07-03 16:35:03,2025-07-03 16:51:11.484608,2025-07-03 16:35:09,2025-07-03 16:43:00.300,7.955,-16.041410133333333,26,1
725,delivered,2025-07-03 16:35:54,2025-07-03 16:47:30.149909,2025-07-03 16:40:09,2025-07-03 16:44:45.500,8.858333333333333,-7.352498483333333,11,1
726,delivered,2025-07-03 16:35:08,2025-07-03 16:44:50.301885,2025-07-03 19:10:09,2025-07-03 19:17:08.400,162.00666666666666,145.31163525,5,1
727,delivered,2025-07-03 16:35:49,2025-07-03 16:46:35.350400,2025-07-03 17:55:09,2025-07-03 18:05:36.800,89.79666666666667,68.56082666666666,4,1
728,delivered,2025-07-03 16:35:52,2025-07-03 16:48:28.249693,2025-07-03 16:45:09,2025-07-03 16:51:03.100,15.185,-3.320828216666667,15,1
729,delivered,2025-07-03 16:36:29,2025-07-03 16:51:27.526485,2025-07-03 18:35:09,2025-07-03 18:44:39.000,128.16666666666666,103.69122524999999,7,1
730,delivered,2025-07-03 16:36:43,2025-07-03 16:51:22.129842,2025-07-03 16:40:09,2025-07-03 16:47:13.200,10.503333333333334,-11.218830700000002,14,1
731,delivered,2025-07-03 16:36:18,2025-07-03 16:49:38.230645,2025-07-03 16:40:09,2025-07-03 16:46:46.400,10.473333333333333,-9.487177416666666,1,1
732,delivered,2025-07-03 16:36:53,2025-07-03 16:52:26.479302,2025-07-03 19:00:09,2025-07-03 19:08:44.200,151.85333333333335,127.7086783,15,1
733,delivered,2025-07-03 16:36:26,2025-07-03 16:43:32.910614,2025-07-03 19:25:09,2025-07-03 19:30:00.100,173.56833333333333,161.60148976666667,30,1
734,delivered,2025-07-03 16:36:50,2025-07-03 16:45:27.901928,2025-07-03 19:10:09,2025-07-03 19:18:22.700,161.54500000000002,144.68496786666668,27,1
735,delivered,2025-07-03 16:36:41,2025-07-03 16:47:25.146004,2025-07-03 18:55:09,2025-07-03 19:04:32.800,147.86333333333332,127.73089993333333,23,1
736,delivered,2025-07-03 16:37:09,2025-07-03 16:49:07.807877,2025-07-03 16:40:09,2025-07-03 16:50:56.500,13.791666666666666,-8.980131283333332,12,1
737,delivered,2025-07-03 16:37:36,2025-07-03 16:52:16.415483,2025-07-03 16:50:09,2025-07-03 17:01:20.900,23.748333333333335,-2.1235913833333333,17,1
738,delivered,2025-07-03 16:37:57,2025-07-03 16:48:10.010321,2025-07-03 16:40:09,2025-07-03 16:48:44.300,10.788333333333332,-8.016838683333333,27,1
739,delivered,2025-07-03 16:37:40,2025-07-03 16:54:18.149269,2025-07-03 16:40:09,2025-07-03 16:48:16.200,10.603333333333333,-14.152487816666667,9,1
740,delivered,2025-07-03 16:37:15,2025-07-03 16:50:45.175887,2025-07-03 18:05:09,2025-07-03 18:12:16.100,95.01833333333335,74.39706855,23,1
741,delivered,2025-07-03 16:38:51,2025-07-03 16:44:59.824270,2025-07-03 16:50:09,2025-07-03 16:58:37.700,19.778333333333332,5.152928833333333,19,1
742,delivered,2025-07-03 16:38:40,2025-07-03 16:50:54.135676,2025-07-03 16:45:09,2025-07-03 16:52:37.500,13.958333333333334,-5.752261266666666,3,1
743,delivered,2025-07-03 16:39:06,2025-07-03 16:50:32.989581,2025-07-03 18:50:09,2025-07-03 18:58:25.000,139.31666666666666,119.60017365,20,1
744,delivered,2025-07-03 16:39:45,2025-07-03 16:53:05.633315,2025-07-03 19:10:09,2025-07-03 19:18:56.300,159.18833333333333,137.05611141666668,23,1
745,delivered,2025-07-03 16:39:36,2025-07-03 16:49:38.286531,2025-07-03 16:45:09,2025-07-03 16:53:43.000,14.116666666666667,-4.488108850000001,29,1
746,delivered,2025-07-03 16:40:04,2025-07-03 16:56:26.367425,2025-07-03 18:05:09,2025-07-03 18:14:58.200,94.90333333333334,68.71054291666665,10,1
747,delivered,2025-07-03 16:40:05,2025-07-03 16:51:33.514810,2025-07-03 19:10:09,2025-07-03 19:20:47.300,160.70499999999998,138.59141983333333,12,1
748,delivered,2025-07-03 16:41:06,2025-07-03 16:51:11.408838,2025-07-03 16:50:09,2025-07-03 16:57:06.100,16.00166666666667,-1.0401473,24,1
749,delivered,2025-07-03 16:41:21,2025-07-03 16:54:31.619943,2025-07-03 16:45:09,2025-07-03 16:51:54.700,10.561666666666667,-9.37699905,22,1
750,delivered,2025-07-03 16:42:12,2025-07-03 16:50:56.299221,2025-07-03 16:55:09,2025-07-03 17:04:25.000,22.216666666666665,4.21167965,9,1
751,delivered,2025-07-03 16:42:34,2025-07-03 16:57:01.250481,2025-07-03 18:05:09,2025-07-03 18:14:43.900,92.16499999999999,68.12915865,21,1
752,delivered,2025-07-03 16:42:44,2025-07-03 16:55:49.530013,2025-07-03 16:45:09,2025-07-03 16:53:22.200,10.636666666666667,-10.675500216666668,18,1
753,delivered,2025-07-03 16:43:42,2025-07-03 16:58:31.257758,2025-07-03 16:45:09,2025-07-03 16:54:02.800,10.346666666666666,-13.370962633333333,16,1
754,delivered,2025-07-03 16:43:55,2025-07-03 16:59:20.196510,2025-07-03 16:45:09,2025-07-03 16:52:07.100,8.201666666666666,-14.1866085,23,1
755,delivered,2025-07-03 16:44:10,2025-07-03 16:58:42.906565,2025-07-03 19:00:09,2025-07-03 19:08:09.900,143.99833333333333,121.43489058333333,2,1
756,delivered,2025-07-03 16:44:44,2025-07-03 16:54:04.942687,2025-07-03 16:45:09,2025-07-03 16:51:46.400,7.04,-8.932378116666666,13,1
757,delivered,2025-07-03 16:44:31,2025-07-03 16:57:16.906319,2025-07-03 16:45:09,2025-07-03 16:52:17.400,7.7733333333333325,-12.131771983333334,2,1
758,delivered,2025-07-03 16:44:05,2025-07-03 17:00:56.869966,2025-07-03 19:20:09,2025-07-03 19:31:33.200,167.47,139.20216723333334,13,1
759,delivered,2025-07-03 16:44:00,2025-07-03 17:02:37.527040,2025-07-03 19:15:09,2025-07-03 19:25:09.200,161.15333333333334,132.52454933333334,19,1
760,delivered,2025-07-03 16:44:24,2025-07-03 17:03:31.773627,2025-07-03 18:05:09,2025-07-03 18:15:47.600,91.39333333333335,61.62043955,17,1
761,delivered,2025-07-03 16:45:54,2025-07-03 16:56:48.230409,2025-07-03 16:50:09,2025-07-03 16:58:49.300,12.921666666666665,-6.65384015,11,1
762,delivered,2025-07-03 16:45:32,2025-07-03 17:00:48.063349,2025-07-03 16:50:09,2025-07-03 16:56:52.100,11.335,-10.651055816666666,4,1
763,delivered,2025-07-03 16:45:51,2025-07-03 16:59:40.499211,2025-07-03 18:05:09,2025-07-03 18:18:13.300,92.37166666666667,65.47501315000001,12,1
764,delivered,2025-07-03 16:46:19,2025-07-03 17:04:56.862015,2025-07-03 16:50:09,2025-07-03 16:57:04.800,10.763333333333332,-14.79770025,10,1
765,delivered,2025-07-03 16:46:47,2025-07-03 16:58:59.719514,2025-07-03 19:00:09,2025-07-03 19:08:24.500,141.625,121.15467476666666,22,1
766,delivered,2025-07-03 16:46:27,2025-07-03 16:51:56.962325,2025-07-03 19:15:09,2025-07-03 19:22:53.000,156.43333333333334,143.20062791666666,2,1
767,delivered,2025-07-03 16:47:58,2025-07-03 17:03:55.768299,2025-07-03 16:50:09,2025-07-03 16:56:01.800,8.063333333333334,-13.77947165,25,1
768,delivered,2025-07-03 16:47:28,2025-07-03 17:03:03.215100,2025-07-03 18:05:09,2025-07-03 18:17:08.100,89.66833333333334,62.096415,16,1
769,delivered,2025-07-03 16:47:38,2025-07-03 16:52:59.521930,2025-07-03 16:50:09,2025-07-03 16:57:21.600,9.726666666666667,-2.842032166666667,26,1
770,delivered,2025-07-03 16:48:55,2025-07-03 16:59:36.125359,2025-07-03 16:50:09,2025-07-03 16:58:21.000,9.433333333333334,-9.452089316666667,21,1
771,delivered,2025-07-03 16:48:42,2025-07-03 17:04:06.841670,2025-07-03 16:50:09,2025-07-03 16:58:40.900,9.981666666666666,-13.964027833333335,7,1
772,delivered,2025-07-03 16:49:41,2025-07-03 17:04:09.716683,2025-07-03 16:50:09,2025-07-03 16:57:40.500,7.991666666666666,-14.011944716666667,20,1
773,delivered,2025-07-03 16:49:34,2025-07-03 16:58:39.562641,2025-07-03 16:50:09,2025-07-03 16:55:37.500,6.058333333333334,-8.50937735,5,1
774,delivered,2025-07-03 16:49:01,2025-07-03 17:01:46.434343,2025-07-03 18:05:09,2025-07-03 18:18:02.900,89.03166666666667,63.37609428333334,6,1
775,delivered,2025-07-03 16:49:09,2025-07-03 17:00:42.609657,2025-07-03 18:05:09,2025-07-03 18:16:06.600,86.96000000000001,64.43983905,19,1
776,delivered,2025-07-03 16:49:35,2025-07-03 16:57:59.257591,2025-07-03 16:50:09,2025-07-03 16:57:04.200,7.486666666666666,-7.837626516666666,6,1
777,delivered,2025-07-03 16:50:41,2025-07-03 17:01:49.888442,2025-07-03 18:05:09,2025-07-03 18:16:58.600,86.29333333333334,63.31852596666667,25,1
778,delivered,2025-07-03 16:50:00,2025-07-03 17:04:54.282040,2025-07-03 16:55:09,2025-07-03 17:05:05.900,15.098333333333333,-9.754700666666668,1,1
779,delivered,2025-07-03 16:51:15,2025-07-03 17:00:13.560156,2025-07-03 16:55:09,2025-07-03 17:05:55.100,14.668333333333333,-5.0760026,14,1
780,delivered,2025-07-03 16:51:59,2025-07-03 17:04:14.191449,2025-07-03 17:00:09,2025-07-03 17:05:51.100,13.868333333333334,-4.08652415,18,1
781,delivered,2025-07-03 16:51:36,2025-07-03 16:58:43.866450,2025-07-03 19:25:09,2025-07-03 19:30:10.800,158.57999999999998,146.4188925,5,1
782,delivered,2025-07-03 16:52:18,2025-07-03 17:03:19.770078,2025-07-03 19:00:09,2025-07-03 19:07:53.800,135.59666666666666,116.8204987,9,1
783,delivered,2025-07-03 16:52:27,2025-07-03 17:05:44.900569,2025-07-03 19:10:09,2025-07-03 19:18:53.200,146.43666666666667,124.40165718333333,11,1
784,delivered,2025-07-03 16:52:26,2025-07-03 17:04:57.595044,2025-07-03 19:10:09,2025-07-03 19:19:08.100,146.70166666666668,125.19008260000001,24,1
785,delivered,2025-07-03 16:53:09,2025-07-03 17:02:59.902599,2025-07-03 17:35:09,2025-07-03 17:43:45.800,50.61333333333334,32.15162335,19,1
786,delivered,2025-07-03 16:54:36,2025-07-03 17:04:09.875564,2025-07-03 16:55:09,2025-07-03 17:03:07.400,8.523333333333333,-9.014592733333334,27,1
787,delivered,2025-07-03 16:54:20,2025-07-03 17:06:31.498017,2025-07-03 17:05:09,2025-07-03 17:12:07.300,17.788333333333334,-1.3749669500000001,6,1
788,delivered,2025-07-03 16:54:18,2025-07-03 17:04:00.269382,2025-07-03 16:55:09,2025-07-03 17:01:31.900,7.2316666666666665,-8.854489699999998,30,1
789,delivered,2025-07-03 16:55:27,2025-07-03 17:09:08.898002,2025-07-03 17:25:09,2025-07-03 17:33:54.800,38.46333333333334,16.001699966666667,9,1
790,delivered,2025-07-03 16:55:10,2025-07-03 17:10:16.991580,2025-07-03 17:00:09,2025-07-03 17:07:08.500,11.975,-10.133193,23,1
791,delivered,2025-07-03 16:55:30,2025-07-03 17:08:15.112359,2025-07-03 19:10:09,2025-07-03 19:19:34.800,144.07999999999998,121.89812735000001,30,1
792,delivered,2025-07-03 16:56:07,2025-07-03 17:12:16.824076,2025-07-03 17:00:09,2025-07-03 17:11:03.300,14.938333333333333,-12.130401266666667,16,1
793,delivered,2025-07-03 16:57:55,2025-07-03 17:07:53.597895,2025-07-03 19:10:09,2025-07-03 19:22:48.900,144.89833333333334,122.25670175,14,1
794,delivered,2025-07-03 16:57:55,2025-07-03 17:07:19.463363,2025-07-03 17:00:09,2025-07-03 17:06:57.400,9.04,-7.174389383333334,8,1
795,delivered,2025-07-03 16:57:12,2025-07-03 17:05:23.287330,2025-07-03 17:00:09,2025-07-03 17:05:32.300,8.338333333333333,-5.238122166666667,3,1
796,delivered,2025-07-03 16:57:58,2025-07-03 17:04:26.842764,2025-07-03 17:00:09,2025-07-03 17:06:07.700,8.161666666666667,-4.2973794,15,1
797,delivered,2025-07-03 16:57:34,2025-07-03 17:08:42.433840,2025-07-03 17:00:09,2025-07-03 17:05:01.400,7.456666666666666,-8.557230666666667,2,1
798,delivered,2025-07-03 16:58:22,2025-07-03 17:15:36.138271,2025-07-03 17:00:09,2025-07-03 17:08:21.200,9.986666666666668,-15.452304516666667,28,1
799,delivered,2025-07-03 16:59:31,2025-07-03 17:11:51.800754,2025-07-03 17:00:09,2025-07-03 17:10:32.300,11.021666666666667,-11.7133459,12,1
800,delivered,2025-07-03 16:59:16,2025-07-03 17:10:13.444755,2025-07-03 17:00:09,2025-07-03 17:07:43.300,8.455,-10.07407925,29,1
801,delivered,2025-07-03 16:59:07,2025-07-03 17:08:54.040844,2025-07-03 17:00:09,2025-07-03 17:07:25.100,8.301666666666668,-8.750680733333333,13,1
802,delivered,2025-07-03 16:59:26,2025-07-03 17:13:32.384330,2025-07-03 19:00:09,2025-07-03 19:09:01.300,129.58833333333334,106.61026116666667,19,1
803,delivered,2025-07-03 17:00:47,2025-07-03 17:11:43.319421,2025-07-03 17:05:09,2025-07-03 17:15:12.200,14.42,-6.571990349999999,5,1
804,delivered,2025-07-03 17:00:44,2025-07-03 17:10:31.300439,2025-07-03 17:35:09,2025-07-03 17:43:46.800,43.04666666666667,24.628326016666666,25,1
805,delivered,2025-07-03 17:00:58,2025-07-03 17:11:11.937646,2025-07-03 17:05:09,2025-07-03 17:13:37.000,12.65,-6.048960766666666,26,1
806,delivered,2025-07-03 17:00:03,2025-07-03 17:10:31.944898,2025-07-03 17:00:09,2025-07-03 17:12:08.200,12.086666666666668,-10.382414966666666,22,1
807,delivered,2025-07-03 17:00:29,2025-07-03 17:08:58.851965,2025-07-03 17:05:09,2025-07-03 17:10:41.900,10.215,-3.8308660833333334,19,1
808,delivered,2025-07-03 17:00:23,2025-07-03 17:17:09.424119,2025-07-03 17:05:09,2025-07-03 17:10:42.200,10.32,-12.00706865,20,1
809,delivered,2025-07-03 17:00:29,2025-07-03 17:11:42.016744,2025-07-03 17:05:09,2025-07-03 17:11:22.500,10.891666666666667,-6.550279066666667,4,1
810,delivered,2025-07-03 17:00:44,2025-07-03 17:13:02.247371,2025-07-03 17:05:09,2025-07-03 17:11:35.300,10.854999999999999,-7.887456183333333,11,1
811,delivered,2025-07-03 17:01:07,2025-07-03 17:16:11.489463,2025-07-03 17:05:09,2025-07-03 17:13:32.600,12.426666666666668,-11.04149105,25,1
812,delivered,2025-07-03 17:01:56,2025-07-03 17:14:19.452602,2025-07-03 17:05:09,2025-07-03 17:14:47.600,12.860000000000001,-9.174210033333333,10,1
813,delivered,2025-07-03 17:01:44,2025-07-03 17:12:11.339155,2025-07-03 18:35:09,2025-07-03 18:45:10.600,103.44333333333334,82.96101408333334,23,1
814,delivered,2025-07-03 17:02:43,2025-07-03 17:13:13.558739,2025-07-03 17:05:09,2025-07-03 17:10:55.700,8.211666666666666,-8.075978983333334,24,1
815,delivered,2025-07-03 17:03:46,2025-07-03 17:17:23.727605,2025-07-03 17:05:09,2025-07-03 17:12:23.700,8.628333333333334,-12.245460083333334,21,1
816,delivered,2025-07-03 17:03:52,2025-07-03 17:17:54.439252,2025-07-03 18:50:09,2025-07-03 18:57:16.400,113.40666666666667,92.24267913333333,3,1
817,delivered,2025-07-03 17:03:34,2025-07-03 17:17:04.723768,2025-07-03 17:25:09,2025-07-03 17:33:45.000,30.183333333333334,8.071270533333333,30,1
818,delivered,2025-07-03 17:04:10,2025-07-03 17:15:31.883292,2025-07-03 18:05:09,2025-07-03 18:16:43.100,72.55166666666668,49.618611800000004,14,1
819,delivered,2025-07-03 17:04:23,2025-07-03 17:19:37.288687,2025-07-03 17:05:09,2025-07-03 17:13:18.900,8.931666666666667,-14.471478116666667,7,1
820,delivered,2025-07-03 17:05:00,2025-07-03 17:15:45.587642,2025-07-03 18:05:09,2025-07-03 18:19:11.000,74.18333333333334,49.39020596666667,22,1
821,delivered,2025-07-03 17:05:47,2025-07-03 17:22:01.209491,2025-07-03 17:10:09,2025-07-03 17:17:38.200,11.853333333333333,-11.870158183333333,30,1
822,delivered,2025-07-03 17:05:34,2025-07-03 17:20:50.175203,2025-07-03 17:20:09,2025-07-03 17:29:06.800,23.546666666666667,-0.6862533833333334,6,1
823,delivered,2025-07-03 17:06:10,2025-07-03 17:13:49.680509,2025-07-03 17:10:09,2025-07-03 17:17:56.000,11.766666666666667,-3.6780084833333335,27,1
824,delivered,2025-07-03 17:06:16,2025-07-03 17:18:48.304466,2025-07-03 17:10:09,2025-07-03 17:17:02.400,10.773333333333333,-8.655074433333334,9,1
825,delivered,2025-07-03 17:07:42,2025-07-03 17:23:28.240831,2025-07-03 19:00:09,2025-07-03 19:08:37.900,120.93166666666666,96.67931948333333,17,1
826,delivered,2025-07-03 17:07:34,2025-07-03 17:23:12.695123,2025-07-03 18:35:09,2025-07-03 18:45:18.600,97.74333333333334,71.93841461666666,21,1
827,delivered,2025-07-03 17:08:38,2025-07-03 17:18:44.614834,2025-07-03 17:10:09,2025-07-03 17:18:13.200,9.586666666666668,-8.593580566666667,17,1
828,delivered,2025-07-03 17:08:18,2025-07-03 17:20:56.562606,2025-07-03 17:15:09,2025-07-03 17:25:13.100,16.918333333333333,-5.7927101,18,1
829,delivered,2025-07-03 17:08:00,2025-07-03 17:21:15.150569,2025-07-03 17:20:09,2025-07-03 17:25:17.500,17.291666666666668,-1.1025094833333333,22,1
830,delivered,2025-07-03 17:09:12,2025-07-03 17:20:10.153704,2025-07-03 17:10:09,2025-07-03 17:17:28.000,8.266666666666667,-10.0192284,1,1
831,delivered,2025-07-03 17:09:54,2025-07-03 17:23:26.187879,2025-07-03 18:10:09,2025-07-03 18:21:18.600,71.41000000000001,46.71353535,3,1
832,delivered,2025-07-03 17:09:00,2025-07-03 17:22:02.839000,2025-07-03 17:15:09,2025-07-03 17:25:12.800,16.21333333333333,-6.897316666666667,14,1
833,delivered,2025-07-03 17:09:05,2025-07-03 17:25:59.984073,2025-07-03 17:10:09,2025-07-03 17:17:53.200,8.803333333333335,-15.849734549999999,2,1
834,delivered,2025-07-03 17:09:48,2025-07-03 17:24:23.775653,2025-07-03 18:10:09,2025-07-03 18:20:38.500,70.84166666666667,45.753739116666665,26,1
835,delivered,2025-07-03 17:10:36,2025-07-03 17:21:36.420393,2025-07-03 17:15:09,2025-07-03 17:21:10.900,10.581666666666667,-6.45700655,13,1
836,delivered,2025-07-03 17:10:15,2025-07-03 17:26:47.747165,2025-07-03 17:15:09,2025-07-03 17:23:41.300,13.438333333333333,-11.645786083333332,23,1
837,delivered,2025-07-03 17:10:13,2025-07-03 17:29:33.971678,2025-07-03 19:20:09,2025-07-03 19:30:45.900,140.54833333333332,110.58380536666667,20,1
838,delivered,2025-07-03 17:11:11,2025-07-03 17:25:26.962786,2025-07-03 17:35:09,2025-07-03 17:41:59.900,30.815,9.700620233333332,24,1
839,delivered,2025-07-03 17:11:36,2025-07-03 17:26:29.405327,2025-07-03 17:15:09,2025-07-03 17:21:14.700,9.645000000000001,-11.340088783333334,28,1
840,delivered,2025-07-03 17:11:49,2025-07-03 17:24:43.677403,2025-07-03 17:15:09,2025-07-03 17:20:24.800,8.596666666666666,-9.577956716666668,15,1
841,delivered,2025-07-03 17:11:45,2025-07-03 17:24:07.053052,2025-07-03 17:15:09,2025-07-03 17:25:04.200,13.32,-8.967550866666667,8,1
842,delivered,2025-07-03 17:12:17,2025-07-03 17:25:39.778055,2025-07-03 19:20:09,2025-07-03 19:33:19.300,141.03833333333333,114.48703241666666,3,1
843,delivered,2025-07-03 17:12:04,2025-07-03 17:21:55.880619,2025-07-03 18:35:09,2025-07-03 18:44:30.300,92.43833333333333,73.21865635,10,1
844,delivered,2025-07-03 17:12:42,2025-07-03 17:26:16.181551,2025-07-03 17:20:09,2025-07-03 17:27:10.200,14.47,-6.1196925166666665,26,1
845,delivered,2025-07-03 17:13:43,2025-07-03 17:22:05.158394,2025-07-03 18:10:09,2025-07-03 18:24:22.100,70.65166666666667,48.064026766666665,9,1
846,delivered,2025-07-03 17:13:31,2025-07-03 17:24:57.491771,2025-07-03 19:20:09,2025-07-03 19:31:39.900,138.14833333333334,115.19180381666666,29,1
847,delivered,2025-07-03 17:13:08,2025-07-03 17:29:24.208428,2025-07-03 17:15:09,2025-07-03 17:22:29.600,9.360000000000001,-14.2534738,29,1
848,delivered,2025-07-03 17:14:16,2025-07-03 17:31:46.906118,2025-07-03 17:20:09,2025-07-03 17:29:09.500,14.891666666666667,-11.631768633333333,25,1
849,delivered,2025-07-03 17:14:38,2025-07-03 17:26:05.413841,2025-07-03 17:15:09,2025-07-03 17:22:51.300,8.221666666666668,-10.940230683333334,3,1
850,delivered,2025-07-03 17:15:11,2025-07-03 17:28:09.642911,2025-07-03 17:20:09,2025-07-03 17:27:01.500,11.841666666666667,-8.010715183333334,4,1
851,delivered,2025-07-03 17:15:13,2025-07-03 17:23:48.306184,2025-07-03 17:20:09,2025-07-03 17:24:58.200,9.753333333333334,-3.655103066666667,11,1
852,delivered,2025-07-03 17:15:54,2025-07-03 17:27:10.526213,2025-07-03 17:20:09,2025-07-03 17:26:28.100,10.568333333333333,-7.025436883333333,16,1
853,delivered,2025-07-03 17:15:37,2025-07-03 17:27:53.047631,2025-07-03 17:20:09,2025-07-03 17:29:19.200,13.703333333333335,-7.734127183333333,12,1
854,delivered,2025-07-03 17:16:21,2025-07-03 17:29:43.302914,2025-07-03 17:20:09,2025-07-03 17:27:00.600,10.66,-9.571715233333332,20,1
855,delivered,2025-07-03 17:17:53,2025-07-03 17:29:41.505909,2025-07-03 17:20:09,2025-07-03 17:26:08.700,8.261666666666667,-9.54176515,7,1
856,delivered,2025-07-03 17:18:29,2025-07-03 17:32:34.899282,2025-07-03 19:10:09,2025-07-03 19:23:43.500,125.24166666666666,97.56834529999999,6,1
857,delivered,2025-07-03 17:18:00,2025-07-03 17:28:56.293129,2025-07-03 17:20:09,2025-07-03 17:27:12.900,9.215,-8.788218816666667,19,1
858,delivered,2025-07-03 17:18:26,2025-07-03 17:27:22.259910,2025-07-03 17:20:09,2025-07-03 17:28:21.500,9.925,-7.220998499999999,21,1
859,delivered,2025-07-03 17:19:14,2025-07-03 17:31:46.114469,2025-07-03 17:35:09,2025-07-03 17:44:41.000,25.45,3.3814255166666665,21,1
860,delivered,2025-07-03 17:19:54,2025-07-03 17:33:57.879623,2025-07-03 18:20:09,2025-07-03 18:33:33.700,73.66166666666666,46.18533961666667,11,1
861,delivered,2025-07-03 17:19:48,2025-07-03 17:30:40.747236,2025-07-03 17:35:09,2025-07-03 17:43:59.600,24.19333333333333,4.4708794,7,1
862,delivered,2025-07-03 17:19:52,2025-07-03 17:32:50.151655,2025-07-03 17:20:09,2025-07-03 17:26:38.100,6.7683333333333335,-12.685860916666666,10,1
863,delivered,2025-07-03 17:19:36,2025-07-03 17:34:46.433174,2025-07-03 17:20:09,2025-07-03 17:29:29.200,9.886666666666667,-14.623886233333334,24,1
864,delivered,2025-07-03 17:20:41,2025-07-03 17:30:21.515653,2025-07-03 17:25:09,2025-07-03 17:33:14.500,12.558333333333334,-5.2085942166666666,5,1
865,delivered,2025-07-03 17:20:58,2025-07-03 17:31:46.683845,2025-07-03 19:00:09,2025-07-03 19:08:34.300,107.605,88.37193591666667,1,1
866,delivered,2025-07-03 17:21:52,2025-07-03 17:34:45.841066,2025-07-03 19:10:09,2025-07-03 19:22:04.200,120.20333333333333,95.38598223333334,10,1
867,delivered,2025-07-03 17:21:26,2025-07-03 17:27:09.345245,2025-07-03 17:25:09,2025-07-03 17:32:36.500,11.175,-2.0057540833333336,27,1
868,delivered,2025-07-03 17:21:36,2025-07-03 17:34:35.020035,2025-07-03 17:35:09,2025-07-03 17:43:48.600,22.209999999999997,0.56633275,10,1
869,delivered,2025-07-03 17:21:53,2025-07-03 17:33:15.458315,2025-07-03 19:00:09,2025-07-03 19:09:20.900,107.46499999999999,86.89236141666667,25,1
870,delivered,2025-07-03 17:22:31,2025-07-03 17:33:21.156891,2025-07-03 19:15:09,2025-07-03 19:24:08.800,121.63000000000001,101.79738515000001,15,1
871,delivered,2025-07-03 17:22:16,2025-07-03 17:38:49.797230,2025-07-03 19:00:09,2025-07-03 19:07:18.900,105.04833333333333,81.32004616666667,8,1
872,delivered,2025-07-03 17:22:32,2025-07-03 17:32:45.339260,2025-07-03 19:00:09,2025-07-03 19:10:09.300,107.62166666666667,87.39434566666667,29,1
873,delivered,2025-07-03 17:23:17,2025-07-03 17:37:16.055754,2025-07-03 17:25:09,2025-07-03 17:35:04.800,11.796666666666665,-12.1175959,1,1
874,delivered,2025-07-03 17:23:37,2025-07-03 17:33:30.382267,2025-07-03 17:35:09,2025-07-03 17:45:30.900,21.898333333333333,1.6436288833333335,4,1
875,delivered,2025-07-03 17:23:29,2025-07-03 17:38:47.760426,2025-07-03 18:40:09,2025-07-03 18:46:23.100,82.90166666666667,61.3539929,6,1
876,delivered,2025-07-03 17:24:27,2025-07-03 17:35:07.201274,2025-07-03 18:25:09,2025-07-03 18:33:52.100,69.41833333333334,50.029978766666666,30,1
877,delivered,2025-07-03 17:24:35,2025-07-03 17:40:53.905010,2025-07-03 17:25:09,2025-07-03 17:32:47.600,8.21,-15.748416833333332,2,1
878,delivered,2025-07-03 17:24:49,2025-07-03 17:36:41.593672,2025-07-03 18:25:09,2025-07-03 18:35:03.700,70.24499999999999,48.45677213333333,24,1
879,delivered,2025-07-03 17:24:10,2025-07-03 17:33:29.481218,2025-07-03 17:25:09,2025-07-03 17:38:04.000,13.9,-8.341353633333334,17,1
880,delivered,2025-07-03 17:25:57,2025-07-03 17:38:51.463624,2025-07-03 17:30:09,2025-07-03 17:39:23.300,13.438333333333333,-8.707727066666667,8,1
881,delivered,2025-07-03 17:25:12,2025-07-03 17:36:27.226381,2025-07-03 17:30:09,2025-07-03 17:39:59.400,14.79,-6.303773016666667,28,1
882,delivered,2025-07-03 17:25:15,2025-07-03 17:39:22.783924,2025-07-03 18:45:09,2025-07-03 18:52:17.900,87.04833333333333,65.77026793333333,4,1
883,delivered,2025-07-03 17:26:51,2025-07-03 17:43:39.337339,2025-07-03 17:30:09,2025-07-03 17:38:23.400,11.54,-13.505622316666667,29,1
884,delivered,2025-07-03 17:26:53,2025-07-03 17:44:58.248431,2025-07-03 17:30:09,2025-07-03 17:34:45.300,7.871666666666667,-14.820807183333333,3,1
885,delivered,2025-07-03 17:26:13,2025-07-03 17:39:05.085862,2025-07-03 17:30:09,2025-07-03 17:37:13.100,11.001666666666667,-8.934764366666666,11,1
886,delivered,2025-07-03 17:28:23,2025-07-03 17:42:25.880295,2025-07-03 19:25:09,2025-07-03 19:34:17.300,125.905,102.71866175,26,1
887,delivered,2025-07-03 17:28:37,2025-07-03 17:44:07.312906,2025-07-03 17:35:09,2025-07-03 17:43:14.400,14.623333333333333,-8.971881766666666,18,1
888,delivered,2025-07-03 17:29:30,2025-07-03 17:40:36.741352,2025-07-03 17:30:09,2025-07-03 17:43:25.600,13.926666666666668,-10.462355866666666,13,1
889,delivered,2025-07-03 17:29:41,2025-07-03 17:45:32.575050,2025-07-03 17:30:09,2025-07-03 17:35:47.200,6.1033333333333335,-15.392917500000001,23,1
890,delivered,2025-07-03 17:29:57,2025-07-03 17:38:58.494061,2025-07-03 18:25:09,2025-07-03 18:36:34.900,66.63166666666667,46.175098983333335,17,1
891,delivered,2025-07-03 17:29:52,2025-07-03 17:47:10.159096,2025-07-03 17:30:09,2025-07-03 17:39:35.600,9.726666666666667,-17.019318266666666,15,1
892,delivered,2025-07-03 17:29:25,2025-07-03 17:41:54.186754,2025-07-03 18:25:09,2025-07-03 18:35:44.900,66.33166666666666,43.246887433333335,19,1
893,delivered,2025-07-03 17:30:35,2025-07-03 17:41:46.739419,2025-07-03 17:35:09,2025-07-03 17:40:25.800,9.846666666666666,-6.628990316666667,14,1
894,delivered,2025-07-03 17:30:51,2025-07-03 17:40:33.231626,2025-07-03 19:30:09,2025-07-03 19:36:12.800,125.36333333333333,109.59613956666666,8,1
895,delivered,2025-07-03 17:31:10,2025-07-03 17:41:55.446228,2025-07-03 17:35:09,2025-07-03 17:40:18.200,9.136666666666667,-6.774103800000001,16,1
896,delivered,2025-07-03 17:31:52,2025-07-03 17:38:27.449638,2025-07-03 17:35:09,2025-07-03 17:42:30.500,10.641666666666667,-3.3074939666666667,12,1
897,delivered,2025-07-03 17:31:26,2025-07-03 17:40:47.712324,2025-07-03 17:35:09,2025-07-03 17:42:01.600,10.593333333333334,-5.6452054,6,1
898,delivered,2025-07-03 17:32:48,2025-07-03 17:43:47.834914,2025-07-03 18:45:09,2025-07-03 18:53:14.300,80.43833333333333,61.35275143333333,9,1
899,delivered,2025-07-03 17:32:41,2025-07-03 17:45:04.738020,2025-07-03 18:25:09,2025-07-03 18:36:40.600,63.99333333333333,40.07103300000001,1,1
900,delivered,2025-07-03 17:33:33,2025-07-03 17:41:40.146692,2025-07-03 17:35:09,2025-07-03 17:39:43.200,6.17,-6.519111533333333,20,1
901,delivered,2025-07-03 17:33:41,2025-07-03 17:44:25.026976,2025-07-03 17:35:09,2025-07-03 17:41:59.800,8.313333333333334,-9.267116266666667,22,1
902,delivered,2025-07-03 17:35:30,2025-07-03 17:52:22.331087,2025-07-03 17:40:09,2025-07-03 17:48:47.200,13.286666666666667,-12.222184783333335,30,1
903,delivered,2025-07-03 17:35:11,2025-07-03 17:49:25.912148,2025-07-03 17:40:09,2025-07-03 17:47:57.600,12.776666666666667,-9.281869133333334,2,1
904,delivered,2025-07-03 17:36:01,2025-07-03 17:46:59.701976,2025-07-03 18:25:09,2025-07-03 18:35:47.700,59.77833333333333,38.15496706666667,16,1
905,delivered,2025-07-03 17:36:27,2025-07-03 17:46:42.390249,2025-07-03 17:50:09,2025-07-03 17:57:55.800,21.48,3.4434958499999997,13,1
906,delivered,2025-07-03 17:36:37,2025-07-03 17:49:07.432273,2025-07-03 17:40:09,2025-07-03 17:48:23.800,11.78,-8.973871216666668,27,1
907,delivered,2025-07-03 17:37:48,2025-07-03 17:51:57.887135,2025-07-03 17:40:09,2025-07-03 17:47:06.500,9.308333333333334,-11.814785583333332,5,1
908,delivered,2025-07-03 17:37:56,2025-07-03 17:55:59.287322,2025-07-03 17:45:09,2025-07-03 17:56:17.100,18.351666666666667,-10.838122033333333,17,1
909,delivered,2025-07-03 17:37:10,2025-07-03 17:53:33.190778,2025-07-03 17:50:09,2025-07-03 17:56:21.900,19.198333333333334,-3.403179633333333,19,1
910,delivered,2025-07-03 17:38:28,2025-07-03 17:48:52.929603,2025-07-03 17:40:09,2025-07-03 17:48:54.300,10.438333333333333,-8.732160050000001,3,1
911,delivered,2025-07-03 17:38:31,2025-07-03 17:49:49.262501,2025-07-03 17:40:09,2025-07-03 17:45:35.500,7.075,-9.671041683333334,9,1
912,delivered,2025-07-03 17:39:21,2025-07-03 17:57:59.295011,2025-07-03 17:50:09,2025-07-03 17:57:56.000,18.583333333333332,-7.838250183333333,16,1
913,delivered,2025-07-03 17:39:46,2025-07-03 17:53:12.884994,2025-07-03 18:25:09,2025-07-03 18:36:05.800,56.330000000000005,31.9352501,25,1
914,delivered,2025-07-03 17:39:13,2025-07-03 17:52:04.974641,2025-07-03 18:50:09,2025-07-03 18:58:17.200,79.07,58.06708931666667,26,1
915,delivered,2025-07-03 17:39:48,2025-07-03 17:46:33.846191,2025-07-03 17:40:09,2025-07-03 17:49:27.000,9.65,-6.414103183333333,1,1
916,delivered,2025-07-03 17:39:10,2025-07-03 17:48:10.826156,2025-07-03 17:55:09,2025-07-03 18:04:45.600,25.59333333333333,6.969564066666666,27,1
917,delivered,2025-07-03 17:40:57,2025-07-03 17:52:09.344128,2025-07-03 17:50:09,2025-07-03 18:00:26.800,19.496666666666666,-2.0057354666666667,24,1
918,delivered,2025-07-03 17:40:05,2025-07-03 17:48:49.315611,2025-07-03 19:15:09,2025-07-03 19:23:17.100,103.20166666666667,86.32807315,17,1
919,delivered,2025-07-03 17:40:13,2025-07-03 17:53:14.968076,2025-07-03 17:45:09,2025-07-03 17:57:20.900,17.131666666666668,-8.099467933333333,11,1
920,delivered,2025-07-03 17:40:34,2025-07-03 17:50:48.982197,2025-07-03 17:45:09,2025-07-03 17:51:38.700,11.078333333333335,-5.66636995,20,1
921,delivered,2025-07-03 17:40:34,2025-07-03 17:52:19.403634,2025-07-03 18:50:09,2025-07-03 19:00:19.100,79.75166666666668,57.82660610000001,10,1
922,delivered,2025-07-03 17:40:04,2025-07-03 17:52:28.336787,2025-07-03 17:45:09,2025-07-03 17:53:51.600,13.793333333333333,-7.322279783333333,29,1
923,delivered,2025-07-03 17:41:59,2025-07-03 17:53:13.543516,2025-07-03 17:50:09,2025-07-03 17:57:41.700,15.711666666666668,-3.075725266666667,25,1
924,delivered,2025-07-03 17:41:16,2025-07-03 17:51:17.907655,2025-07-03 17:45:09,2025-07-03 17:52:34.300,11.305,-6.148460916666666,15,1
925,delivered,2025-07-03 17:41:32,2025-07-03 17:51:14.924623,2025-07-03 19:25:09,2025-07-03 19:35:50.900,114.315,93.90125628333334,28,1
926,delivered,2025-07-03 17:42:18,2025-07-03 17:55:39.358380,2025-07-03 18:25:09,2025-07-03 18:36:47.900,54.498333333333335,29.494027000000003,22,1
927,delivered,2025-07-03 17:42:09,2025-07-03 17:57:56.353948,2025-07-03 18:55:09,2025-07-03 19:04:01.400,81.87333333333332,57.21076753333333,27,1
928,delivered,2025-07-03 17:42:22,2025-07-03 17:53:10.086219,2025-07-03 17:45:09,2025-07-03 17:55:51.700,13.495000000000001,-8.01810365,23,1
929,delivered,2025-07-03 17:43:04,2025-07-03 17:57:34.032966,2025-07-03 17:45:09,2025-07-03 17:54:34.200,11.503333333333334,-12.4172161,28,1
930,delivered,2025-07-03 17:43:29,2025-07-03 17:57:55.217789,2025-07-03 17:45:09,2025-07-03 17:51:18.300,7.821666666666667,-12.770296483333334,8,1
931,delivered,2025-07-03 17:43:29,2025-07-03 17:58:31.747570,2025-07-03 19:15:09,2025-07-03 19:24:39.500,101.175,76.62087383333332,22,1
932,delivered,2025-07-03 17:44:31,2025-07-03 17:55:46.339698,2025-07-03 19:05:09,2025-07-03 19:11:41.400,87.17333333333333,69.37767170000001,13,1
933,delivered,2025-07-03 17:45:53,2025-07-03 17:59:36.837644,2025-07-03 17:50:09,2025-07-03 17:56:03.300,10.171666666666665,-9.463960733333332,21,1
934,delivered,2025-07-03 17:45:12,2025-07-03 17:59:10.533953,2025-07-03 17:50:09,2025-07-03 17:56:33.700,11.361666666666668,-9.025565883333334,6,1
935,delivered,2025-07-03 17:45:32,2025-07-03 18:03:09.997617,2025-07-03 17:50:09,2025-07-03 17:55:47.700,10.261666666666667,-13.01662695,22,1
936,delivered,2025-07-03 17:46:25,2025-07-03 17:58:04.475318,2025-07-03 17:50:09,2025-07-03 17:57:20.600,10.926666666666668,-7.924588633333333,7,1
937,delivered,2025-07-03 17:46:03,2025-07-03 18:01:36.488068,2025-07-03 19:25:09,2025-07-03 19:37:02.600,110.99333333333334,83.54186553333334,27,1
938,delivered,2025-07-03 17:46:45,2025-07-03 18:03:36.199947,2025-07-03 18:25:09,2025-07-03 18:39:38.900,52.89833333333333,21.54666755,2,1
939,delivered,2025-07-03 17:46:08,2025-07-03 17:57:56.285238,2025-07-03 17:50:09,2025-07-03 17:55:09.100,9.018333333333334,-7.7880873,14,1
940,delivered,2025-07-03 17:46:01,2025-07-03 17:55:31.420289,2025-07-03 17:50:09,2025-07-03 17:56:29.200,10.47,-5.373671483333334,12,1
941,delivered,2025-07-03 17:47:42,2025-07-03 17:58:56.717570,2025-07-03 17:55:09,2025-07-03 18:04:08.400,16.44,-3.7952928333333333,5,1
942,delivered,2025-07-03 17:47:01,2025-07-03 18:01:17.663195,2025-07-03 19:25:09,2025-07-03 19:34:59.700,107.97833333333332,83.85561341666667,11,1
943,delivered,2025-07-03 17:47:27,2025-07-03 17:58:50.577434,2025-07-03 19:15:09,2025-07-03 19:23:48.800,96.36333333333333,76.30704276666667,25,1
944,delivered,2025-07-03 17:49:55,2025-07-03 17:59:00.702539,2025-07-03 19:05:09,2025-07-03 19:12:09.400,82.24,66.13829101666667,18,1
945,delivered,2025-07-03 17:49:31,2025-07-03 18:00:20.296432,2025-07-03 17:55:09,2025-07-03 18:04:21.700,14.845,-5.188273866666666,2,1
946,delivered,2025-07-03 17:49:26,2025-07-03 17:57:06.179756,2025-07-03 17:50:09,2025-07-03 17:56:34.200,7.136666666666667,-6.952995933333333,10,1
947,delivered,2025-07-03 17:50:00,2025-07-03 18:05:07.904320,2025-07-03 17:50:09,2025-07-03 17:58:28.700,8.478333333333333,-14.981738666666667,18,1
948,delivered,2025-07-03 17:51:18,2025-07-03 18:01:49.654903,2025-07-03 17:55:09,2025-07-03 18:05:07.400,13.823333333333332,-6.6775817166666664,9,1
949,delivered,2025-07-03 17:52:20,2025-07-03 18:02:00.894389,2025-07-03 18:30:09,2025-07-03 18:38:26.900,46.115,28.135093516666664,29,1
950,delivered,2025-07-03 17:52:38,2025-07-03 18:03:44.959887,2025-07-03 18:45:09,2025-07-03 18:53:26.300,60.805,41.40066855,29,1
951,delivered,2025-07-03 17:53:24,2025-07-03 18:06:45.841976,2025-07-03 17:55:09,2025-07-03 18:01:00.200,7.6033333333333335,-11.614032933333334,1,1
952,delivered,2025-07-03 17:53:05,2025-07-03 18:08:30.632820,2025-07-03 17:55:09,2025-07-03 18:02:51.200,9.770000000000001,-13.360547,30,1
953,delivered,2025-07-03 17:54:26,2025-07-03 18:13:08.621435,2025-07-03 17:55:09,2025-07-03 18:00:58.600,6.543333333333334,-17.993690583333333,26,1
954,delivered,2025-07-03 17:54:02,2025-07-03 18:07:42.210128,2025-07-03 17:55:09,2025-07-03 18:03:31.600,9.493333333333334,-12.553502133333334,3,1
955,delivered,2025-07-03 17:56:30,2025-07-03 18:04:36.463123,2025-07-03 18:00:09,2025-07-03 18:06:53.600,10.393333333333334,-4.457718716666666,8,1
956,delivered,2025-07-03 17:57:58,2025-07-03 18:06:53.137374,2025-07-03 18:00:09,2025-07-03 18:09:17.200,11.32,-6.7356229,20,1
957,delivered,2025-07-03 17:57:53,2025-07-03 18:08:21.625382,2025-07-03 18:00:09,2025-07-03 18:08:38.400,10.756666666666666,-8.210423033333333,15,1
958,delivered,2025-07-03 17:57:14,2025-07-03 18:10:38.794386,2025-07-03 19:15:09,2025-07-03 19:22:18.800,85.08,64.5034269,1,1
959,delivered,2025-07-03 17:58:03,2025-07-03 18:09:16.181989,2025-07-03 18:05:09,2025-07-03 18:11:09.900,13.115,-4.1196998166666665,13,1
960,delivered,2025-07-03 17:59:44,2025-07-03 18:14:56.456778,2025-07-03 18:00:09,2025-07-03 18:07:32.300,7.805000000000001,-14.7909463,29,1
961,delivered,2025-07-03 18:00:09,2025-07-03 18:10:50.244279,2025-07-03 18:00:09,2025-07-03 18:09:38.000,9.483333333333333,-10.68740465,28,1
962,delivered,2025-07-03 18:00:00,2025-07-03 18:05:00.000000,2025-07-03 19:15:09,2025-07-03 19:21:57.600,81.96000000000001,70.15,4,1
963,delivered,2025-07-03 18:02:56,2025-07-03 18:12:26.605957,2025-07-03 19:20:09,2025-07-03 19:29:04.800,86.14666666666668,67.70656738333334,18,1
964,delivered,2025-07-03 18:02:46,2025-07-03 18:16:48.930069,2025-07-03 18:05:09,2025-07-03 18:12:06.700,9.345,-11.66550115,11,1
965,delivered,2025-07-03 18:03:42,2025-07-03 18:20:02.826886,2025-07-03 19:05:09,2025-07-03 19:15:05.200,71.38666666666667,45.10288523333334,3,1
966,delivered,2025-07-03 18:03:08,2025-07-03 18:13:50.312835,2025-07-03 18:05:09,2025-07-03 18:11:42.700,8.578333333333335,-8.68854725,7,1
967,delivered,2025-07-03 18:03:53,2025-07-03 18:19:38.665248,2025-07-03 18:05:09,2025-07-03 18:12:19.500,8.441666666666666,-14.4944208,18,1
968,delivered,2025-07-03 18:04:21,2025-07-03 18:16:09.373829,2025-07-03 18:55:09,2025-07-03 19:03:47.100,59.434999999999995,38.99376951666667,6,1
969,delivered,2025-07-03 18:05:37,2025-07-03 18:12:32.731829,2025-07-03 18:10:09,2025-07-03 18:17:48.600,12.193333333333333,-2.3955304833333333,2,1
970,delivered,2025-07-03 18:05:12,2025-07-03 18:17:11.743115,2025-07-03 18:30:09,2025-07-03 18:42:40.000,37.46666666666667,12.954281416666667,3,1
971,delivered,2025-07-03 18:05:23,2025-07-03 18:15:24.479467,2025-07-03 18:10:09,2025-07-03 18:17:09.700,11.778333333333334,-5.257991116666667,27,1
972,delivered,2025-07-03 18:06:41,2025-07-03 18:17:55.783906,2025-07-03 18:10:09,2025-07-03 18:18:14.500,11.558333333333334,-7.779731766666667,5,1
973,delivered,2025-07-03 18:06:09,2025-07-03 18:17:50.407715,2025-07-03 18:10:09,2025-07-03 18:17:48.300,11.655,-7.690128583333333,30,1
974,delivered,2025-07-03 18:07:17,2025-07-03 18:15:46.657781,2025-07-03 18:45:09,2025-07-03 18:53:39.500,46.375,29.372370316666665,22,1
975,delivered,2025-07-03 18:07:48,2025-07-03 18:24:34.296960,2025-07-03 19:25:09,2025-07-03 19:37:16.900,89.48166666666665,60.578384,21,1
976,delivered,2025-07-03 18:09:02,2025-07-03 18:20:43.640302,2025-07-03 18:10:09,2025-07-03 18:18:48.400,9.773333333333333,-10.577338366666668,1,1
977,delivered,2025-07-03 18:09:28,2025-07-03 18:18:08.909449,2025-07-03 18:10:09,2025-07-03 18:19:28.900,10.014999999999999,-7.998490816666666,24,1
978,delivered,2025-07-03 18:10:32,2025-07-03 18:23:08.822642,2025-07-03 18:15:09,2025-07-03 18:23:09.200,12.620000000000001,-7.997044033333333,28,1
979,delivered,2025-07-03 18:11:10,2025-07-03 18:27:22.776106,2025-07-03 18:20:09,2025-07-03 18:28:25.200,17.253333333333334,-7.229601766666667,13,1
980,delivered,2025-07-03 18:11:58,2025-07-03 18:22:20.928711,2025-07-03 18:15:09,2025-07-03 18:22:23.800,10.43,-7.19881185,29,1
981,delivered,2025-07-03 18:11:32,2025-07-03 18:26:12.596732,2025-07-03 19:25:09,2025-07-03 19:36:49.900,85.29833333333333,58.940054466666666,23,1
982,delivered,2025-07-03 18:11:20,2025-07-03 18:26:10.649774,2025-07-03 18:15:09,2025-07-03 18:22:31.600,11.193333333333333,-11.027496233333332,4,1
983,delivered,2025-07-03 18:12:38,2025-07-03 18:23:56.423065,2025-07-03 18:20:09,2025-07-03 18:26:17.800,13.663333333333332,-3.790384416666667,7,1
984,delivered,2025-07-03 18:14:28,2025-07-03 18:25:33.358814,2025-07-03 18:15:09,2025-07-03 18:22:50.000,8.366666666666667,-10.405980233333334,20,1
985,delivered,2025-07-03 18:14:21,2025-07-03 18:29:49.358202,2025-07-03 18:15:09,2025-07-03 18:26:33.400,12.206666666666667,-14.6726367,8,1
986,delivered,2025-07-03 18:14:11,2025-07-03 18:27:48.970459,2025-07-03 18:15:09,2025-07-03 18:21:59.200,7.803333333333333,-12.666174316666666,15,1
987,delivered,2025-07-03 18:15:45,2025-07-03 18:30:03.252034,2025-07-03 18:20:09,2025-07-03 18:27:11.400,11.44,-9.904200566666667,18,1
988,delivered,2025-07-03 18:16:58,2025-07-03 18:25:46.757604,2025-07-03 18:45:09,2025-07-03 18:54:39.300,37.68833333333334,19.370706600000002,16,1
989,delivered,2025-07-03 18:17:37,2025-07-03 18:32:02.518457,2025-07-03 18:20:09,2025-07-03 18:27:33.800,9.946666666666665,-11.891974283333333,10,1
990,delivered,2025-07-03 18:18:55,2025-07-03 18:37:23.859872,2025-07-03 18:20:09,2025-07-03 18:27:16.800,8.363333333333333,-17.24766453333333,23,1
991,delivered,2025-07-03 18:18:32,2025-07-03 18:29:51.846900,2025-07-03 18:45:09,2025-07-03 18:54:18.400,35.77333333333333,15.285885,1,1
992,delivered,2025-07-03 18:18:37,2025-07-03 18:29:09.082667,2025-07-03 18:20:09,2025-07-03 18:27:51.400,9.24,-9.001377783333334,21,1
993,delivered,2025-07-03 18:20:12,2025-07-03 18:26:56.285904,2025-07-03 19:05:09,2025-07-03 19:14:32.300,54.33833333333334,38.211901600000004,7,1
994,delivered,2025-07-03 18:21:07,2025-07-03 18:34:47.521177,2025-07-03 18:25:09,2025-07-03 18:31:54.600,10.793333333333333,-9.642019616666666,14,1
995,delivered,2025-07-03 18:22:05,2025-07-03 18:30:59.922888,2025-07-03 18:25:09,2025-07-03 18:32:06.500,10.025,-5.8487148,5,1
996,delivered,2025-07-03 18:24:48,2025-07-03 18:39:15.213558,2025-07-03 18:25:09,2025-07-03 18:33:25.200,8.620000000000001,-14.1035593,12,1
997,delivered,2025-07-03 18:24:45,2025-07-03 18:37:27.867322,2025-07-03 18:30:09,2025-07-03 18:40:39.000,15.9,-7.3144553666666665,28,1
998,delivered,2025-07-03 18:24:38,2025-07-03 18:33:56.006635,2025-07-03 19:05:09,2025-07-03 19:15:12.000,50.56666666666667,31.216556083333334,28,1
999,delivered,2025-07-03 18:24:53,2025-07-03 18:37:54.642101,2025-07-03 18:25:09,2025-07-03 18:35:05.800,10.213333333333333,-12.760701683333334,6,1
1000,delivered,2025-07-03 18:24:03,2025-07-03 18:35:09.316596,2025-07-03 18:25:09,2025-07-03 18:31:36.500,7.558333333333334,-10.0052766,27,1
1001,delivered,2025-07-03 18:26:05,2025-07-03 18:36:28.379116,2025-07-03 18:30:09,2025-07-03 18:41:27.700,15.378333333333334,-6.322985266666667,20,1
1002,delivered,2025-07-03 18:26:53,2025-07-03 18:40:12.480152,2025-07-03 19:25:09,2025-07-03 19:35:14.800,68.36333333333333,44.94199746666666,24,1
1003,delivered,2025-07-03 18:26:59,2025-07-03 18:39:12.876905,2025-07-03 18:30:09,2025-07-03 18:42:27.900,15.481666666666666,-9.064615083333333,26,1
1004,delivered,2025-07-03 18:27:58,2025-07-03 18:41:49.294714,2025-07-03 18:30:09,2025-07-03 18:38:33.100,10.585,-11.671578566666666,15,1
1005,delivered,2025-07-03 18:27:06,2025-07-03 18:41:28.400121,2025-07-03 18:30:09,2025-07-03 18:35:51.000,8.75,-11.32333535,4,1
1006,delivered,2025-07-03 18:28:27,2025-07-03 18:35:02.315913,2025-07-03 18:30:09,2025-07-03 18:38:51.600,10.41,-4.88859855,9,1
1007,delivered,2025-07-03 18:33:38,2025-07-03 18:47:58.785158,2025-07-03 18:35:09,2025-07-03 18:41:00.800,7.38,-12.829752633333333,13,1
1008,delivered,2025-07-03 18:33:39,2025-07-03 18:44:23.180387,2025-07-03 18:35:09,2025-07-03 18:43:54.500,10.258333333333333,-9.236339783333333,18,1
1009,delivered,2025-07-03 18:35:00,2025-07-03 18:48:57.419076,2025-07-03 19:15:09,2025-07-03 19:23:57.600,48.96,26.1930154,8,1
1010,delivered,2025-07-03 18:35:10,2025-07-03 18:49:51.876329,2025-07-03 18:45:09,2025-07-03 18:54:34.600,19.41,-4.714605483333333,15,1
1011,delivered,2025-07-03 18:35:12,2025-07-03 18:45:09.155016,2025-07-03 18:40:09,2025-07-03 18:45:17.900,10.098333333333333,-5.0025835999999995,14,1
1012,delivered,2025-07-03 18:35:54,2025-07-03 18:53:39.946237,2025-07-03 18:40:09,2025-07-03 18:47:38.900,11.748333333333333,-13.515770616666666,27,1
1013,delivered,2025-07-03 18:35:31,2025-07-03 18:43:49.576416,2025-07-03 18:40:09,2025-07-03 18:47:33.600,12.043333333333333,-3.6762736,24,1
1014,delivered,2025-07-03 18:36:35,2025-07-03 18:51:04.075687,2025-07-03 18:40:09,2025-07-03 18:49:11.200,12.603333333333333,-10.917928116666667,5,1
1015,delivered,2025-07-03 18:36:35,2025-07-03 18:47:17.411514,2025-07-03 18:40:09,2025-07-03 18:46:46.100,10.185,-7.1401919000000005,11,1
1016,delivered,2025-07-03 18:37:29,2025-07-03 18:53:04.475707,2025-07-03 18:55:09,2025-07-03 19:03:26.700,25.961666666666666,2.0754048833333334,11,1
1017,delivered,2025-07-03 18:38:12,2025-07-03 18:47:20.757036,2025-07-03 18:40:09,2025-07-03 18:47:41.300,9.488333333333333,-7.195950600000001,30,1
1018,delivered,2025-07-03 18:38:35,2025-07-03 18:51:06.735030,2025-07-03 18:40:09,2025-07-03 18:48:06.000,9.516666666666667,-10.962250500000001,12,1
1019,delivered,2025-07-03 18:40:46,2025-07-03 18:53:01.295192,2025-07-03 18:45:09,2025-07-03 18:50:49.900,10.065,-7.871586533333333,2,1
1020,delivered,2025-07-03 18:40:10,2025-07-03 18:53:11.235665,2025-07-03 19:15:09,2025-07-03 19:25:23.500,45.225,21.96273891666667,9,1
1021,delivered,2025-07-03 18:41:07,2025-07-03 18:51:46.158693,2025-07-03 18:45:09,2025-07-03 18:51:11.400,10.073333333333332,-6.619311550000001,19,1
1022,delivered,2025-07-03 18:43:24,2025-07-03 18:52:57.713941,2025-07-03 19:05:09,2025-07-03 19:15:21.600,31.959999999999997,12.188100983333333,26,1
1023,delivered,2025-07-03 18:43:43,2025-07-03 18:53:25.953294,2025-07-03 18:45:09,2025-07-03 18:53:23.500,9.675,-8.282554900000001,17,1
1024,delivered,2025-07-03 18:46:43,2025-07-03 18:56:13.089807,2025-07-03 18:50:09,2025-07-03 18:55:21.400,8.639999999999999,-6.06816345,7,1
1025,delivered,2025-07-03 18:46:49,2025-07-03 18:56:56.734171,2025-07-03 18:50:09,2025-07-03 18:59:53.200,13.07,-6.795569516666666,18,1
1026,delivered,2025-07-03 18:46:15,2025-07-03 18:58:47.863978,2025-07-03 18:55:09,2025-07-03 19:04:32.900,18.298333333333336,-3.6477329666666667,21,1
1027,delivered,2025-07-03 18:47:38,2025-07-03 18:56:39.318789,2025-07-03 18:50:09,2025-07-03 18:59:47.000,12.15,-6.50531315,28,1
1028,delivered,2025-07-03 18:49:34,2025-07-03 18:55:35.662631,2025-07-03 18:50:09,2025-07-03 18:54:59.400,5.423333333333333,-5.444377183333333,8,1
1029,delivered,2025-07-03 18:49:39,2025-07-03 18:55:50.625888,2025-07-03 18:50:09,2025-07-03 18:57:50.400,8.19,-5.693764799999999,13,1
1030,delivered,2025-07-03 18:51:40,2025-07-03 19:03:00.949003,2025-07-03 18:55:09,2025-07-03 19:03:52.800,12.213333333333333,-7.865816716666667,30,1
1031,delivered,2025-07-03 18:52:54,2025-07-03 19:05:56.479824,2025-07-03 18:55:09,2025-07-03 19:01:39.700,8.761666666666667,-10.7913304,12,1
1032,delivered,2025-07-03 18:52:42,2025-07-03 19:00:30.844797,2025-07-03 18:55:09,2025-07-03 19:04:24.500,11.708333333333334,-5.364079950000001,5,1
1033,delivered,2025-07-03 18:54:34,2025-07-03 19:04:05.884830,2025-07-03 18:55:09,2025-07-03 19:03:54.100,9.335,-8.9480805,24,1
1034,delivered,2025-07-03 18:54:09,2025-07-03 19:03:29.577194,2025-07-03 18:55:09,2025-07-03 19:01:36.800,7.463333333333334,-8.342953233333334,14,1
1035,delivered,2025-07-03 18:55:54,2025-07-03 19:11:10.484669,2025-07-03 19:00:09,2025-07-03 19:05:23.300,9.488333333333333,-11.024744483333334,4,1
1036,delivered,2025-07-03 18:58:50,2025-07-03 19:08:51.277961,2025-07-03 19:15:09,2025-07-03 19:24:03.300,25.221666666666668,6.295367316666667,16,1
1037,delivered,2025-07-03 18:58:29,2025-07-03 19:13:18.127734,2025-07-03 19:00:09,2025-07-03 19:05:29.800,7.013333333333334,-13.152128900000001,16,1
