order_id,status,placement_time,ready_time,pickup_time,delivery_time,click_to_door,ready_to_pickup,courier_id,bundle_size,routing_source
0,delivered,2025-07-03 08:00:27,2025-07-03 08:07:49.633562,2025-07-03 08:07:49.633562,2025-07-03 08:10:35.100,10.135,0.0,2.0,1,osrm
1,delivered,2025-07-03 08:00:54,2025-07-03 08:14:41.583669,2025-07-03 08:14:41.583669,2025-07-03 08:14:27.700,13.561666666666667,0.0,6.0,1,osrm
2,delivered,2025-07-03 08:00:46,2025-07-03 08:07:17.760955,2025-07-03 08:10:31.300000,2025-07-03 08:12:55.300,12.155,3.22565075,3.0,1,osrm
3,delivered,2025-07-03 08:00:27,2025-07-03 08:10:52.315366,2025-07-03 08:10:52.315366,2025-07-03 08:08:35.800,8.146666666666667,0.0,1.0,1,osrm
4,delivered,2025-07-03 08:01:25,2025-07-03 08:15:14.175270,2025-07-03 08:15:14.175270,2025-07-03 08:15:58.400,14.556666666666667,0.0,7.0,1,osrm
5,delivered,2025-07-03 08:01:30,2025-07-03 08:10:18.697662,2025-07-03 08:10:28.700000,2025-07-03 08:13:32.300,12.038333333333332,0.16670563333333333,10.0,1,osrm
6,delivered,2025-07-03 08:01:19,2025-07-03 08:09:42.566510,2025-07-03 08:11:39.600000,2025-07-03 08:16:32.700,15.228333333333333,1.9505581666666667,5.0,1,osrm
7,delivered,2025-07-03 08:04:48,2025-07-03 08:16:28.246782,2025-07-03 08:16:28.246782,2025-07-03 08:16:00.800,11.213333333333333,0.0,8.0,1,osrm
8,delivered,2025-07-03 08:04:39,2025-07-03 08:14:13.373907,2025-07-03 08:14:13.373907,2025-07-03 08:15:05.300,10.438333333333333,0.0,9.0,1,osrm
9,delivered,2025-07-03 08:04:33,2025-07-03 08:19:00.385977,2025-07-03 08:19:00.385977,2025-07-03 08:12:39.100,8.101666666666667,0.0,4.0,1,osrm
10,delivered,2025-07-03 08:06:16,2025-07-03 08:21:17.942606,2025-07-03 08:21:17.942606,2025-07-03 08:20:46.400,14.506666666666666,0.0,13.0,1,osrm
11,delivered,2025-07-03 08:07:45,2025-07-03 08:20:17.014333,2025-07-03 08:20:17.014333,2025-07-03 08:20:42.300,12.955,0.0,15.0,1,osrm
12,delivered,2025-07-03 08:07:20,2025-07-03 08:22:21.076862,2025-07-03 08:22:21.076862,2025-07-03 08:20:00.500,12.675,0.0,14.0,1,osrm
13,delivered,2025-07-03 08:08:20,2025-07-03 08:17:37.364654,2025-07-03 08:17:37.364654,2025-07-03 08:17:06.100,8.768333333333334,0.0,11.0,1,osrm
14,delivered,2025-07-03 08:09:37,2025-07-03 08:24:25.829502,2025-07-03 08:24:25.829502,2025-07-03 08:19:04.600,9.46,0.0,12.0,1,osrm
15,delivered,2025-07-03 08:11:49,2025-07-03 08:20:15.742823,2025-07-03 08:20:15.742823,2025-07-03 08:21:59.700,10.178333333333335,0.0,20.0,1,osrm
16,delivered,2025-07-03 08:11:25,2025-07-03 08:18:28.005964,2025-07-03 08:20:28.400000,2025-07-03 08:24:06.500,12.691666666666666,2.0065672666666665,18.0,1,osrm
17,delivered,2025-07-03 08:11:36,2025-07-03 08:22:07.852258,2025-07-03 08:22:07.852258,2025-07-03 08:22:15.000,10.65,0.0,17.0,1,osrm
18,delivered,2025-07-03 08:12:36,2025-07-03 08:25:15.811293,2025-07-03 11:21:00.500000,2025-07-03 11:23:33.100,190.95166666666668,175.74481178333332,16.0,1,osrm
19,delivered,2025-07-03 08:13:06,2025-07-03 08:23:17.070108,2025-07-03 12:20:04.100000,2025-07-03 12:24:15.900,251.165,236.78383153333334,18.0,1,osrm
20,delivered,2025-07-03 08:13:34,2025-07-03 08:29:37.099283,2025-07-03 08:29:37.099283,2025-07-03 08:22:40.600,9.110000000000001,0.0,19.0,1,osrm
21,delivered,2025-07-03 08:14:16,2025-07-03 08:28:18.978334,2025-07-03 08:28:18.978334,2025-07-03 08:23:12.900,8.948333333333332,0.0,1.0,1,osrm
22,delivered,2025-07-03 08:14:52,2025-07-03 08:26:42.850875,2025-07-03 08:26:42.850875,2025-07-03 08:26:16.700,11.411666666666667,0.0,16.0,1,osrm
23,delivered,2025-07-03 08:15:34,2025-07-03 08:28:01.578136,2025-07-03 12:57:08.000000,2025-07-03 13:00:57.600,285.3933333333333,269.10703106666665,8.0,1,osrm
24,delivered,2025-07-03 08:17:22,2025-07-03 08:31:59.464930,2025-07-03 08:31:59.464930,2025-07-03 08:26:32.300,9.171666666666665,0.0,3.0,1,osrm
25,delivered,2025-07-03 08:18:18,2025-07-03 08:36:08.934440,2025-07-03 08:36:08.934440,2025-07-03 08:26:50.400,8.54,0.0,9.0,1,osrm
26,delivered,2025-07-03 08:18:14,2025-07-03 08:30:49.669477,2025-07-03 08:30:49.669477,2025-07-03 08:30:38.600,12.41,0.0,10.0,1,osrm
27,delivered,2025-07-03 08:18:39,2025-07-03 08:30:25.643032,2025-07-03 14:29:07.700000,2025-07-03 14:33:38.400,374.99,358.70094946666666,4.0,1,osrm
28,delivered,2025-07-03 08:19:12,2025-07-03 08:29:44.784455,2025-07-03 12:59:08.800000,2025-07-03 13:02:32.400,283.34000000000003,269.4002590833333,4.0,1,osrm
29,delivered,2025-07-03 08:19:47,2025-07-03 08:27:43.049567,2025-07-03 08:27:43.049567,2025-07-03 08:29:59.200,10.203333333333335,0.0,6.0,1,osrm
30,delivered,2025-07-03 08:19:22,2025-07-03 08:29:04.447562,2025-07-03 08:29:04.447562,2025-07-03 08:28:14.900,8.881666666666666,0.0,4.0,1,osrm
31,delivered,2025-07-03 08:20:20,2025-07-03 08:27:32.389666,2025-07-03 08:27:32.389666,2025-07-03 08:29:46.300,9.438333333333333,0.0,2.0,1,osrm
32,delivered,2025-07-03 08:21:06,2025-07-03 08:33:19.260410,2025-07-03 08:33:19.260410,2025-07-03 08:31:03.700,9.961666666666668,0.0,12.0,1,osrm
33,delivered,2025-07-03 08:21:28,2025-07-03 08:35:12.213442,2025-07-03 12:59:22.400000,2025-07-03 13:02:02.600,280.57666666666665,264.16977596666663,7.0,1,osrm
34,delivered,2025-07-03 08:21:16,2025-07-03 08:36:05.539804,2025-07-03 11:21:22.900000,2025-07-03 11:24:17.700,183.02833333333334,165.28933659999998,18.0,1,osrm
35,delivered,2025-07-03 08:21:36,2025-07-03 08:30:27.486625,2025-07-03 08:32:42.300000,2025-07-03 08:38:17.900,16.698333333333334,2.2468895833333336,20.0,1,osrm
36,delivered,2025-07-03 08:21:43,2025-07-03 08:33:37.230425,2025-07-03 08:33:37.230425,2025-07-03 08:32:03.500,10.341666666666667,0.0,11.0,1,osrm
37,delivered,2025-07-03 08:21:58,2025-07-03 08:39:10.785687,2025-07-03 11:22:31.400000,2025-07-03 11:26:04.200,184.10333333333335,163.34357188333334,17.0,1,osrm
38,delivered,2025-07-03 08:21:13,2025-07-03 08:28:01.350560,2025-07-03 14:30:10.300000,2025-07-03 14:32:34.500,371.35833333333335,362.14915733333333,8.0,1,osrm
39,delivered,2025-07-03 08:22:22,2025-07-03 08:33:43.008266,2025-07-03 08:33:43.008266,2025-07-03 08:36:58.900,14.615,0.0,14.0,1,osrm
40,delivered,2025-07-03 08:22:21,2025-07-03 08:33:22.815181,2025-07-03 12:59:04.200000,2025-07-03 13:02:23.800,280.0466666666667,265.68974698333335,11.0,1,osrm
41,delivered,2025-07-03 08:23:01,2025-07-03 08:32:30.808723,2025-07-03 08:33:02.000000,2025-07-03 08:36:44.800,13.729999999999999,0.5198546166666667,5.0,1,osrm
42,delivered,2025-07-03 08:23:59,2025-07-03 08:34:27.680906,2025-07-03 08:34:27.680906,2025-07-03 08:35:00.800,11.03,0.0,7.0,1,osrm
43,delivered,2025-07-03 08:23:43,2025-07-03 08:39:41.969157,2025-07-03 10:58:46.300000,2025-07-03 11:02:15.100,158.535,139.07218071666665,7.0,1,osrm
44,delivered,2025-07-03 08:24:15,2025-07-03 08:36:20.760723,2025-07-03 08:36:20.760723,2025-07-03 08:38:12.000,13.95,0.0,17.0,1,osrm
45,delivered,2025-07-03 08:24:33,2025-07-03 08:32:53.741863,2025-07-03 08:32:53.741863,2025-07-03 08:33:50.400,9.29,0.0,8.0,1,osrm
46,delivered,2025-07-03 08:25:06,2025-07-03 08:36:53.949015,2025-07-03 08:38:27.300000,2025-07-03 08:41:31.200,16.42,1.55584975,19.0,1,osrm
47,delivered,2025-07-03 08:25:38,2025-07-03 08:35:30.168549,2025-07-03 11:22:01.100000,2025-07-03 11:25:02.800,179.41333333333333,166.51552418333333,5.0,1,osrm
48,delivered,2025-07-03 08:26:12,2025-07-03 08:38:22.534039,2025-07-03 12:20:52.200000,2025-07-03 12:25:36.500,239.40833333333333,222.49443268333334,7.0,1,osrm
49,delivered,2025-07-03 08:26:02,2025-07-03 08:36:53.337460,2025-07-03 08:39:25.100000,2025-07-03 08:43:46.600,17.743333333333332,2.5293756666666667,1.0,1,osrm
50,delivered,2025-07-03 08:27:19,2025-07-03 08:38:12.895893,2025-07-03 08:38:12.895893,2025-07-03 08:34:33.700,7.245,0.0,18.0,1,osrm
51,delivered,2025-07-03 08:27:23,2025-07-03 08:36:21.371372,2025-07-03 13:01:38.900000,2025-07-03 13:04:41.300,277.305,265.2921438,12.0,1,osrm
52,delivered,2025-07-03 08:28:17,2025-07-03 08:37:02.235961,2025-07-03 08:37:02.235961,2025-07-03 08:39:01.000,10.733333333333333,0.0,13.0,1,osrm
53,delivered,2025-07-03 08:28:24,2025-07-03 08:41:17.753474,2025-07-03 10:37:36.700000,2025-07-03 10:39:31.400,131.12333333333333,116.31577543333333,6.0,1,osrm
54,delivered,2025-07-03 08:29:24,2025-07-03 08:39:13.257095,2025-07-03 11:07:28.400000,2025-07-03 11:10:05.300,160.68833333333333,148.25238175,16.0,1,osrm
55,delivered,2025-07-03 08:29:26,2025-07-03 08:39:29.312037,2025-07-03 13:01:54.300000,2025-07-03 13:05:33.200,276.12,262.41646605,2.0,1,osrm
56,delivered,2025-07-03 08:29:53,2025-07-03 08:42:08.269076,2025-07-03 08:42:08.269076,2025-07-03 08:35:52.100,5.985,0.0,15.0,1,osrm
57,delivered,2025-07-03 08:29:45,2025-07-03 08:43:23.810793,2025-07-03 13:00:57.200000,2025-07-03 13:04:07.000,274.3666666666667,257.55648678333336,14.0,1,osrm
58,delivered,2025-07-03 08:31:37,2025-07-03 08:44:54.136611,2025-07-03 08:44:54.136611,2025-07-03 08:45:05.500,13.475,0.0,2.0,1,osrm
59,delivered,2025-07-03 08:32:30,2025-07-03 08:39:33.027969,2025-07-03 08:40:35.100000,2025-07-03 08:43:03.000,10.55,1.03453385,3.0,1,osrm
60,delivered,2025-07-03 08:32:16,2025-07-03 08:48:02.120703,2025-07-03 08:48:02.120703,2025-07-03 08:51:55.300,19.654999999999998,0.0,7.0,1,osrm
61,delivered,2025-07-03 08:32:58,2025-07-03 08:43:49.056690,2025-07-03 08:43:49.056690,2025-07-03 08:42:29.700,9.528333333333334,0.0,6.0,1,osrm
62,delivered,2025-07-03 08:33:49,2025-07-03 08:46:33.388135,2025-07-03 11:24:07.600000,2025-07-03 11:27:31.700,173.71166666666667,157.57019774999998,3.0,1,osrm
63,delivered,2025-07-03 08:33:39,2025-07-03 08:49:18.847445,2025-07-03 08:49:18.847445,2025-07-03 08:53:13.300,19.571666666666665,0.0,11.0,1,osrm
64,delivered,2025-07-03 08:33:43,2025-07-03 08:44:09.265429,2025-07-03 08:44:09.265429,2025-07-03 08:44:59.100,11.268333333333334,0.0,4.0,1,osrm
65,delivered,2025-07-03 08:33:25,2025-07-03 08:43:56.401286,2025-07-03 14:13:58.300000,2025-07-03 14:16:27.500,343.0416666666667,330.03164523333334,4.0,1,osrm
66,delivered,2025-07-03 08:33:45,2025-07-03 08:42:54.244205,2025-07-03 08:54:32.000000,2025-07-03 08:59:12.100,25.451666666666664,11.629263250000001,3.0,1,osrm
67,delivered,2025-07-03 08:34:47,2025-07-03 08:48:48.348663,2025-07-03 08:57:37.100000,2025-07-03 09:01:25.400,26.64,8.812522283333333,19.0,1,osrm
68,delivered,2025-07-03 08:34:14,2025-07-03 08:44:23.534303,2025-07-03 11:24:24.000000,2025-07-03 11:28:35.300,174.355,160.00776161666667,4.0,1,osrm
69,delivered,2025-07-03 08:34:50,2025-07-03 08:46:33.067540,2025-07-03 08:46:33.067540,2025-07-03 08:40:42.100,5.868333333333334,0.0,16.0,1,osrm
70,delivered,2025-07-03 08:34:03,2025-07-03 08:45:09.369252,2025-07-03 15:54:46.100000,2025-07-03 15:57:41.500,443.64166666666665,429.61217913333337,13.0,1,osrm
71,delivered,2025-07-03 08:34:38,2025-07-03 08:52:08.437127,2025-07-03 12:22:49.500000,2025-07-03 12:28:17.900,233.665,210.68438121666668,14.0,1,osrm
72,delivered,2025-07-03 08:35:16,2025-07-03 08:43:37.490428,2025-07-03 08:43:37.490428,2025-07-03 08:41:02.900,5.781666666666666,0.0,9.0,1,osrm
73,delivered,2025-07-03 08:38:12,2025-07-03 08:49:40.208598,2025-07-03 08:49:40.208598,2025-07-03 08:47:58.900,9.781666666666666,0.0,10.0,1,osrm
74,delivered,2025-07-03 08:38:25,2025-07-03 08:48:30.387331,2025-07-03 15:03:24.400000,2025-07-03 15:06:10.800,387.7633333333333,374.90021115,1.0,1,osrm
75,delivered,2025-07-03 08:39:25,2025-07-03 08:47:01.604951,2025-07-03 12:23:38.100000,2025-07-03 12:28:09.100,228.735,216.60825081666664,2.0,1,osrm
76,delivered,2025-07-03 08:39:17,2025-07-03 08:53:14.697992,2025-07-03 13:01:37.700000,2025-07-03 13:06:18.300,267.02166666666665,248.3833668,9.0,1,osrm
77,delivered,2025-07-03 08:39:05,2025-07-03 08:53:10.643327,2025-07-03 08:53:10.643327,2025-07-03 08:44:32.700,5.461666666666667,0.0,8.0,1,osrm
78,delivered,2025-07-03 08:39:59,2025-07-03 08:55:46.917040,2025-07-03 08:55:46.917040,2025-07-03 08:52:06.200,12.120000000000001,0.0,12.0,1,osrm
79,delivered,2025-07-03 08:40:50,2025-07-03 08:53:05.930712,2025-07-03 08:53:05.930712,2025-07-03 08:53:52.100,13.035,0.0,17.0,1,osrm
80,delivered,2025-07-03 08:40:56,2025-07-03 08:54:30.686754,2025-07-03 15:56:16.700000,2025-07-03 15:57:51.100,436.9183333333333,421.7668874333333,20.0,1,osrm
81,delivered,2025-07-03 08:40:18,2025-07-03 08:50:22.559007,2025-07-03 08:50:22.559007,2025-07-03 08:47:03.600,6.760000000000001,0.0,18.0,1,osrm
82,delivered,2025-07-03 08:41:32,2025-07-03 08:53:23.195085,2025-07-03 13:05:52.900000,2025-07-03 13:09:53.300,268.35499999999996,252.49508191666666,1.0,1,osrm
83,delivered,2025-07-03 08:41:55,2025-07-03 08:53:08.779236,2025-07-03 15:04:05.200000,2025-07-03 15:07:40.200,385.75333333333333,370.9403460666666,20.0,1,osrm
84,delivered,2025-07-03 08:41:57,2025-07-03 08:54:25.048156,2025-07-03 08:54:25.048156,2025-07-03 08:56:54.200,14.953333333333335,0.0,20.0,1,osrm
85,delivered,2025-07-03 08:41:43,2025-07-03 08:49:37.522215,2025-07-03 12:24:07.700000,2025-07-03 12:26:54.600,225.19333333333333,214.50296308333333,13.0,1,osrm
86,delivered,2025-07-03 08:41:11,2025-07-03 08:56:59.450409,2025-07-03 12:12:29.700000,2025-07-03 12:15:33.000,214.36666666666667,195.50415985,3.0,1,osrm
87,delivered,2025-07-03 08:41:00,2025-07-03 08:47:15.923452,2025-07-03 08:51:17.600000,2025-07-03 08:54:58.400,13.973333333333333,4.0279424666666666,15.0,1,osrm
88,delivered,2025-07-03 08:41:36,2025-07-03 08:52:00.054439,2025-07-03 08:57:54.400000,2025-07-03 09:02:06.400,20.506666666666668,5.905759349999999,2.0,1,osrm
89,delivered,2025-07-03 08:42:24,2025-07-03 08:55:53.668000,2025-07-03 08:55:53.668000,2025-07-03 08:54:31.000,12.116666666666667,0.0,14.0,1,osrm
90,delivered,2025-07-03 08:42:00,2025-07-03 08:56:09.860110,2025-07-03 08:56:09.860110,2025-07-03 08:56:32.900,14.548333333333334,0.0,5.0,1,osrm
91,delivered,2025-07-03 08:42:03,2025-07-03 08:52:23.421369,2025-07-03 14:15:31.400000,2025-07-03 14:17:04.600,335.02666666666664,323.13297718333337,20.0,1,osrm
92,delivered,2025-07-03 08:42:23,2025-07-03 08:55:48.677290,2025-07-03 08:58:13.300000,2025-07-03 09:01:14.800,18.863333333333333,2.4103785,1.0,1,osrm
93,delivered,2025-07-03 08:43:17,2025-07-03 08:54:18.012460,2025-07-03 13:07:08.300000,2025-07-03 13:10:45.300,267.47166666666664,252.83812566666666,3.0,1,osrm
94,delivered,2025-07-03 08:43:25,2025-07-03 09:01:28.570799,2025-07-03 13:16:39.400000,2025-07-03 13:20:58.200,277.55333333333334,255.18048668333333,10.0,1,osrm
95,delivered,2025-07-03 08:43:55,2025-07-03 08:55:48.856598,2025-07-03 09:04:03.300000,2025-07-03 09:06:26.200,22.52,8.240723366666666,17.0,1,osrm
96,delivered,2025-07-03 08:43:36,2025-07-03 08:54:29.800068,2025-07-03 11:40:50.600000,2025-07-03 11:44:46.900,181.18166666666667,166.34666553333332,3.0,1,osrm
97,delivered,2025-07-03 08:43:56,2025-07-03 08:50:51.357617,2025-07-03 12:10:17.500000,2025-07-03 12:11:17.000,207.35,199.43570638333333,20.0,1,osrm
98,delivered,2025-07-03 08:43:20,2025-07-03 08:56:30.587718,2025-07-03 11:36:52.100000,2025-07-03 11:40:53.100,177.55166666666668,160.35853803333333,5.0,1,osrm
99,delivered,2025-07-03 08:43:05,2025-07-03 08:51:57.401418,2025-07-03 13:06:18.100000,2025-07-03 13:11:12.700,268.12833333333333,254.34497636666669,20.0,1,osrm
100,delivered,2025-07-03 08:44:59,2025-07-03 08:55:47.188730,2025-07-03 10:52:00.000000,2025-07-03 10:55:29.500,130.50833333333333,116.21352116666667,19.0,1,osrm
101,delivered,2025-07-03 08:44:00,2025-07-03 08:50:27.509256,2025-07-03 14:29:10.700000,2025-07-03 14:31:11.400,347.19,338.71984573333333,17.0,1,osrm
102,delivered,2025-07-03 08:44:39,2025-07-03 08:58:55.199732,2025-07-03 08:58:55.199732,2025-07-03 08:54:00.600,9.360000000000001,0.0,13.0,1,osrm
103,delivered,2025-07-03 08:44:52,2025-07-03 08:57:44.036440,2025-07-03 11:24:47.400000,2025-07-03 11:29:32.400,164.67333333333332,147.05605933333334,19.0,1,osrm
104,delivered,2025-07-03 08:45:27,2025-07-03 08:59:42.430675,2025-07-03 09:07:06.100000,2025-07-03 09:10:51.100,25.401666666666664,7.39448875,13.0,1,osrm
105,delivered,2025-07-03 08:45:45,2025-07-03 08:55:09.174211,2025-07-03 10:59:49.600000,2025-07-03 11:02:46.100,137.01833333333335,124.67376315,9.0,1,osrm
106,ready,2025-07-03 08:45:24,2025-07-03 09:03:08.367070,,,,,,1,
107,delivered,2025-07-03 08:45:48,2025-07-03 09:00:36.056159,2025-07-03 15:04:39.600000,2025-07-03 15:08:47.000,382.98333333333335,364.05906401666664,5.0,1,osrm
108,delivered,2025-07-03 08:45:00,2025-07-03 09:00:14.010533,2025-07-03 11:07:40.700000,2025-07-03 11:10:39.500,145.65833333333333,127.44482445,11.0,1,osrm
109,delivered,2025-07-03 08:45:47,2025-07-03 08:55:41.341905,2025-07-03 11:41:49.600000,2025-07-03 11:44:14.800,178.4633333333333,166.13763491666666,10.0,1,osrm
110,delivered,2025-07-03 08:45:31,2025-07-03 08:54:18.900870,2025-07-03 13:16:58.400000,2025-07-03 13:20:40.000,275.15,262.65831883333334,17.0,1,osrm
111,delivered,2025-07-03 08:45:34,2025-07-03 08:54:43.146663,2025-07-03 13:16:38.700000,2025-07-03 13:20:26.900,274.8816666666667,261.92588895,11.0,1,osrm
112,delivered,2025-07-03 08:45:56,2025-07-03 08:57:27.465570,2025-07-03 08:57:27.465570,2025-07-03 09:00:07.000,14.183333333333334,0.0,16.0,1,osrm
113,delivered,2025-07-03 08:46:53,2025-07-03 08:59:12.817820,2025-07-03 11:01:38.000000,2025-07-03 11:04:20.800,137.4633333333333,122.419703,12.0,1,osrm
114,delivered,2025-07-03 08:46:33,2025-07-03 08:55:45.476930,2025-07-03 08:55:45.476930,2025-07-03 08:55:26.800,8.896666666666667,0.0,8.0,1,osrm
115,delivered,2025-07-03 08:47:08,2025-07-03 08:57:43.109729,2025-07-03 12:23:38.500000,2025-07-03 12:26:33.400,219.42333333333332,205.92317118333332,4.0,1,osrm
116,delivered,2025-07-03 08:47:00,2025-07-03 08:56:51.410871,2025-07-03 08:57:52.500000,2025-07-03 09:00:57.600,13.96,1.01815215,6.0,1,osrm
117,delivered,2025-07-03 08:47:35,2025-07-03 09:03:59.718969,2025-07-03 11:10:52.500000,2025-07-03 11:13:52.600,146.29333333333335,126.87968385,4.0,1,osrm
118,delivered,2025-07-03 08:48:04,2025-07-03 08:57:16.944155,2025-07-03 13:16:31.500000,2025-07-03 13:22:22.200,274.30333333333334,259.2425974166667,16.0,1,osrm
119,delivered,2025-07-03 08:48:16,2025-07-03 08:59:35.838061,2025-07-03 08:59:35.838061,2025-07-03 09:00:10.700,11.911666666666667,0.0,4.0,1,osrm
120,delivered,2025-07-03 08:49:38,2025-07-03 08:58:03.337164,2025-07-03 11:26:45.800000,2025-07-03 11:30:14.200,160.60333333333335,148.70771393333334,10.0,1,osrm
121,delivered,2025-07-03 08:49:19,2025-07-03 09:00:44.966750,2025-07-03 09:12:01.600000,2025-07-03 09:15:38.000,26.316666666666666,11.277220833333333,20.0,1,osrm
122,delivered,2025-07-03 08:50:47,2025-07-03 09:04:03.684921,2025-07-03 11:27:49.200000,2025-07-03 11:32:22.900,161.59833333333333,143.75858465000002,14.0,1,osrm
123,delivered,2025-07-03 08:50:42,2025-07-03 08:59:26.840499,2025-07-03 12:24:07.400000,2025-07-03 12:27:32.900,216.84833333333333,204.67599168333334,17.0,1,osrm
124,delivered,2025-07-03 08:50:06,2025-07-03 08:57:06.046705,2025-07-03 08:57:06.046705,2025-07-03 08:59:48.600,9.71,0.0,9.0,1,osrm
125,delivered,2025-07-03 08:50:03,2025-07-03 09:01:38.439358,2025-07-03 11:26:52.800000,2025-07-03 11:31:42.500,161.65833333333333,145.23934403333334,11.0,1,osrm
126,delivered,2025-07-03 08:51:41,2025-07-03 09:04:02.538556,2025-07-03 12:24:03.600000,2025-07-03 12:28:11.200,216.50333333333336,200.01769073333335,9.0,1,osrm
127,delivered,2025-07-03 08:51:35,2025-07-03 09:05:59.806275,2025-07-03 09:05:59.806275,2025-07-03 09:01:19.700,9.745000000000001,0.0,18.0,1,osrm
128,delivered,2025-07-03 08:52:44,2025-07-03 09:05:09.429979,2025-07-03 11:03:48.600000,2025-07-03 11:07:25.500,134.69166666666666,118.65283368333333,6.0,1,osrm
129,delivered,2025-07-03 08:53:56,2025-07-03 09:08:13.067486,2025-07-03 09:08:13.067486,2025-07-03 09:09:09.000,15.216666666666667,0.0,14.0,1,osrm
130,delivered,2025-07-03 08:54:16,2025-07-03 09:09:27.815711,2025-07-03 13:16:50.300000,2025-07-03 13:20:59.600,266.7266666666667,247.37473815,7.0,1,osrm
131,delivered,2025-07-03 08:54:19,2025-07-03 09:03:25.415437,2025-07-03 14:32:17.300000,2025-07-03 14:34:18.100,339.98499999999996,328.8647427166667,12.0,1,osrm
132,delivered,2025-07-03 08:54:45,2025-07-03 09:07:03.213185,2025-07-03 10:19:04.900000,2025-07-03 10:21:42.400,86.95666666666666,72.02811358333334,6.0,1,osrm
133,delivered,2025-07-03 08:55:06,2025-07-03 09:00:51.342858,2025-07-03 09:02:32.700000,2025-07-03 09:06:02.100,10.935,1.6892857,10.0,1,osrm
134,delivered,2025-07-03 08:56:51,2025-07-03 09:05:11.321719,2025-07-03 09:05:49.100000,2025-07-03 09:08:11.200,11.336666666666668,0.6296380166666666,15.0,1,osrm
135,delivered,2025-07-03 08:56:23,2025-07-03 09:07:14.630733,2025-07-03 09:07:14.630733,2025-07-03 09:06:02.000,9.65,0.0,7.0,1,osrm
136,delivered,2025-07-03 08:56:57,2025-07-03 09:10:42.459260,2025-07-03 09:10:42.459260,2025-07-03 09:12:01.500,15.075,0.0,11.0,1,osrm
137,delivered,2025-07-03 08:57:44,2025-07-03 09:08:57.306555,2025-07-03 12:12:56.900000,2025-07-03 12:15:52.100,198.13500000000002,183.99322408333333,12.0,1,osrm
138,delivered,2025-07-03 08:57:40,2025-07-03 09:08:39.665302,2025-07-03 11:42:28.900000,2025-07-03 11:47:25.300,169.755,153.8205783,4.0,1,osrm
139,delivered,2025-07-03 08:58:25,2025-07-03 09:06:42.789434,2025-07-03 09:06:42.789434,2025-07-03 09:08:32.700,10.128333333333334,0.0,12.0,1,osrm
140,ready,2025-07-03 08:58:11,2025-07-03 09:06:57.897066,,,,,,1,
141,ready,2025-07-03 08:58:02,2025-07-03 09:08:57.606537,,,,,,1,
142,delivered,2025-07-03 08:59:47,2025-07-03 09:11:27.543160,2025-07-03 09:11:27.543160,2025-07-03 09:06:49.400,7.04,0.0,8.0,1,osrm
143,delivered,2025-07-03 09:00:23,2025-07-03 09:18:25.256022,2025-07-03 09:18:25.256022,2025-07-03 09:17:37.900,17.248333333333335,0.0,5.0,1,osrm
144,delivered,2025-07-03 09:00:42,2025-07-03 09:07:17.487337,2025-07-03 11:42:12.300000,2025-07-03 11:46:59.700,166.29500000000002,154.91354438333335,17.0,1,osrm
145,delivered,2025-07-03 09:00:25,2025-07-03 09:14:01.615124,2025-07-03 09:22:03.700000,2025-07-03 09:27:24.100,26.985,8.034747933333334,14.0,1,osrm
146,delivered,2025-07-03 09:01:40,2025-07-03 09:13:52.230036,2025-07-03 09:13:52.230036,2025-07-03 09:15:44.700,14.078333333333335,0.0,4.0,1,osrm
147,delivered,2025-07-03 09:01:59,2025-07-03 09:18:15.369732,2025-07-03 14:15:10.900000,2025-07-03 14:17:14.700,315.26166666666666,296.92550446666667,17.0,1,osrm
148,delivered,2025-07-03 09:02:17,2025-07-03 09:17:31.876496,2025-07-03 13:16:59.600000,2025-07-03 13:23:19.400,261.04,239.4620584,4.0,1,osrm
149,delivered,2025-07-03 09:02:19,2025-07-03 09:16:04.974989,2025-07-03 14:32:16.700000,2025-07-03 14:35:07.700,332.81166666666667,316.19541684999996,2.0,1,osrm
150,ready,2025-07-03 09:02:58,2025-07-03 09:13:02.333892,,,,,,1,
151,delivered,2025-07-03 09:03:38,2025-07-03 09:18:03.575786,2025-07-03 09:28:06.400000,2025-07-03 09:31:18.800,27.68,10.047070233333333,13.0,1,osrm
152,delivered,2025-07-03 09:03:45,2025-07-03 09:17:29.500923,2025-07-03 09:17:29.500923,2025-07-03 09:11:22.400,7.623333333333333,0.0,16.0,1,osrm
153,delivered,2025-07-03 09:03:28,2025-07-03 09:20:29.526089,2025-07-03 11:05:30.100000,2025-07-03 11:08:37.800,125.16333333333334,105.00956518333334,8.0,1,osrm
154,delivered,2025-07-03 09:04:11,2025-07-03 09:22:53.622906,2025-07-03 14:32:58.800000,2025-07-03 14:35:40.100,331.48499999999996,310.08628489999995,14.0,1,osrm
155,delivered,2025-07-03 09:04:47,2025-07-03 09:17:20.875213,2025-07-03 09:17:20.875213,2025-07-03 09:17:14.000,12.45,0.0,3.0,1,osrm
156,delivered,2025-07-03 09:04:11,2025-07-03 09:18:43.650149,2025-07-03 10:23:44.900000,2025-07-03 10:25:09.800,80.98,65.02083085,14.0,1,osrm
157,delivered,2025-07-03 09:04:44,2025-07-03 09:16:26.838421,2025-07-03 11:29:25.900000,2025-07-03 11:32:25.800,147.69666666666666,132.98435965000002,13.0,1,osrm
158,delivered,2025-07-03 09:04:38,2025-07-03 09:17:12.926727,2025-07-03 09:17:12.926727,2025-07-03 09:11:12.500,6.575,0.0,9.0,1,osrm
159,delivered,2025-07-03 09:05:57,2025-07-03 09:24:31.416266,2025-07-03 13:17:26.900000,2025-07-03 13:21:49.700,255.87833333333336,232.9247289,14.0,1,osrm
160,delivered,2025-07-03 09:05:46,2025-07-03 09:16:16.199518,2025-07-03 12:40:31.700000,2025-07-03 12:45:08.800,219.38,204.25834136666666,8.0,1,osrm
161,delivered,2025-07-03 09:05:45,2025-07-03 09:16:49.882506,2025-07-03 13:17:16.500000,2025-07-03 13:22:33.500,256.80833333333334,240.4436249,12.0,1,osrm
162,delivered,2025-07-03 09:06:09,2025-07-03 09:18:10.451138,2025-07-03 13:17:42.700000,2025-07-03 13:21:42.400,255.55666666666667,239.53748103333334,8.0,1,osrm
163,delivered,2025-07-03 09:06:21,2025-07-03 09:22:25.829091,2025-07-03 09:22:25.829091,2025-07-03 09:22:12.300,15.854999999999999,0.0,12.0,1,osrm
164,delivered,2025-07-03 09:06:02,2025-07-03 09:13:11.104774,2025-07-03 09:26:53.300000,2025-07-03 09:31:09.700,25.128333333333334,13.703253766666668,16.0,1,osrm
165,delivered,2025-07-03 09:07:30,2025-07-03 09:16:25.265856,2025-07-03 14:19:16.300000,2025-07-03 14:20:36.800,313.11333333333334,302.8505690666667,19.0,1,osrm
166,delivered,2025-07-03 09:07:54,2025-07-03 09:23:16.240875,2025-07-03 09:23:16.240875,2025-07-03 09:18:28.100,10.568333333333333,0.0,19.0,1,osrm
167,delivered,2025-07-03 09:07:05,2025-07-03 09:13:58.151668,2025-07-03 10:24:37.600000,2025-07-03 10:26:05.700,79.01166666666667,70.6574722,17.0,1,osrm
168,delivered,2025-07-03 09:07:07,2025-07-03 09:16:41.986861,2025-07-03 09:16:41.986861,2025-07-03 09:16:08.100,9.018333333333334,0.0,2.0,1,osrm
169,delivered,2025-07-03 09:07:48,2025-07-03 09:17:39.997383,2025-07-03 11:12:24.600000,2025-07-03 11:15:22.100,127.56833333333334,114.74337695,10.0,1,osrm
170,delivered,2025-07-03 09:07:03,2025-07-03 09:23:29.108349,2025-07-03 09:23:29.108349,2025-07-03 09:22:17.400,15.24,0.0,15.0,1,osrm
171,delivered,2025-07-03 09:07:24,2025-07-03 09:17:49.600408,2025-07-03 15:10:03.500000,2025-07-03 15:13:00.700,365.6116666666667,352.2316598666667,9.0,1,osrm
172,delivered,2025-07-03 09:08:19,2025-07-03 09:17:52.210876,2025-07-03 14:32:10.500000,2025-07-03 14:33:46.500,325.4583333333333,314.3048187333333,10.0,1,osrm
173,delivered,2025-07-03 09:08:58,2025-07-03 09:17:15.799940,2025-07-03 10:25:01.600000,2025-07-03 10:26:42.400,77.74,67.76333433333333,15.0,1,osrm
174,delivered,2025-07-03 09:08:52,2025-07-03 09:16:31.254434,2025-07-03 09:16:31.254434,2025-07-03 09:18:30.100,9.635,0.0,6.0,1,osrm
175,delivered,2025-07-03 09:08:12,2025-07-03 09:15:49.224337,2025-07-03 11:30:09.700000,2025-07-03 11:32:42.100,144.50166666666667,134.34126105,15.0,1,osrm
176,delivered,2025-07-03 09:09:19,2025-07-03 09:21:28.204082,2025-07-03 13:21:01.100000,2025-07-03 13:24:40.200,255.35333333333335,239.5482653,6.0,1,osrm
177,delivered,2025-07-03 09:09:41,2025-07-03 09:20:57.769847,2025-07-03 13:22:40.900000,2025-07-03 13:27:29.800,257.81333333333333,241.71883588333333,1.0,1,osrm
178,delivered,2025-07-03 09:09:37,2025-07-03 09:23:02.378095,2025-07-03 09:23:02.378095,2025-07-03 09:20:21.100,10.735000000000001,0.0,18.0,1,osrm
179,delivered,2025-07-03 09:09:26,2025-07-03 09:19:00.774364,2025-07-03 09:19:00.774364,2025-07-03 09:19:57.400,10.523333333333333,0.0,1.0,1,osrm
180,delivered,2025-07-03 09:09:10,2025-07-03 09:24:58.854389,2025-07-03 11:29:21.500000,2025-07-03 11:32:05.200,142.92000000000002,124.37742684999999,1.0,1,osrm
181,delivered,2025-07-03 09:09:56,2025-07-03 09:18:53.409033,2025-07-03 14:19:24.800000,2025-07-03 14:21:05.700,311.1616666666667,300.5231827833333,11.0,1,osrm
182,delivered,2025-07-03 09:10:07,2025-07-03 09:26:56.932885,2025-07-03 12:42:24.500000,2025-07-03 12:47:06.200,216.98666666666668,195.45945191666667,11.0,1,osrm
183,delivered,2025-07-03 09:10:48,2025-07-03 09:21:28.472444,2025-07-03 11:43:22.700000,2025-07-03 11:47:01.900,156.23166666666665,141.9037926,19.0,1,osrm
184,delivered,2025-07-03 09:11:47,2025-07-03 09:23:40.589486,2025-07-03 13:23:11.600000,2025-07-03 13:26:19.900,254.54833333333332,239.5168419,9.0,1,osrm
185,delivered,2025-07-03 09:12:34,2025-07-03 09:18:31.617167,2025-07-03 09:21:06.900000,2025-07-03 09:24:32.100,11.968333333333334,2.588047216666667,10.0,1,osrm
186,delivered,2025-07-03 09:12:24,2025-07-03 09:29:30.141464,2025-07-03 09:29:30.141464,2025-07-03 09:32:46.600,20.376666666666665,0.0,9.0,1,osrm
187,delivered,2025-07-03 09:13:45,2025-07-03 09:20:53.096237,2025-07-03 09:20:53.096237,2025-07-03 09:22:31.900,8.781666666666666,0.0,17.0,1,osrm
188,delivered,2025-07-03 09:13:04,2025-07-03 09:24:08.521240,2025-07-03 13:24:10.800000,2025-07-03 13:28:10.300,255.105,240.0379793333333,18.0,1,osrm
189,delivered,2025-07-03 09:13:34,2025-07-03 09:22:09.673918,2025-07-03 12:42:23.200000,2025-07-03 12:45:24.200,211.83666666666667,200.2254347,17.0,1,osrm
190,delivered,2025-07-03 09:13:08,2025-07-03 09:22:49.530175,2025-07-03 11:45:24.200000,2025-07-03 11:48:42.500,155.575,142.57783041666667,13.0,1,osrm
191,delivered,2025-07-03 09:13:48,2025-07-03 09:28:43.647099,2025-07-03 09:28:43.647099,2025-07-03 09:24:15.400,10.456666666666667,0.0,8.0,1,osrm
192,delivered,2025-07-03 09:13:43,2025-07-03 09:28:19.351140,2025-07-03 09:28:19.351140,2025-07-03 09:26:41.400,12.973333333333333,0.0,7.0,1,osrm
193,delivered,2025-07-03 09:13:35,2025-07-03 09:26:31.026492,2025-07-03 12:44:32.600000,2025-07-03 12:47:07.000,213.53333333333333,198.02622513333333,14.0,1,osrm
194,delivered,2025-07-03 09:14:18,2025-07-03 09:25:42.224190,2025-07-03 12:43:31.400000,2025-07-03 12:48:06.900,213.815,197.81959683333335,9.0,1,osrm
195,delivered,2025-07-03 09:14:30,2025-07-03 09:26:40.848631,2025-07-03 09:29:44.800000,2025-07-03 09:32:36.300,18.105,3.06585615,19.0,1,osrm
196,delivered,2025-07-03 09:14:25,2025-07-03 09:20:46.367443,2025-07-03 13:33:20.000000,2025-07-03 13:40:25.000,266.0,252.56054261666668,2.0,1,osrm
197,delivered,2025-07-03 09:15:38,2025-07-03 09:28:25.715558,2025-07-03 11:12:25.000000,2025-07-03 11:14:35.600,118.96000000000001,103.98807403333333,14.0,1,osrm
198,ready,2025-07-03 09:16:53,2025-07-03 09:28:35.549190,,,,,,1,
199,delivered,2025-07-03 09:17:56,2025-07-03 09:29:32.913221,2025-07-03 13:37:33.500000,2025-07-03 13:42:10.500,264.2416666666667,248.00977964999998,17.0,1,osrm
200,delivered,2025-07-03 09:17:34,2025-07-03 09:31:04.352873,2025-07-03 13:38:07.000000,2025-07-03 13:43:31.300,265.955,247.04411878333335,6.0,1,osrm
201,delivered,2025-07-03 09:18:24,2025-07-03 09:31:14.463695,2025-07-03 15:12:39.000000,2025-07-03 15:16:41.700,358.295,341.4089384166667,15.0,1,osrm
202,delivered,2025-07-03 09:18:37,2025-07-03 09:27:03.383321,2025-07-03 09:30:30.900000,2025-07-03 09:34:40.500,16.058333333333334,3.458611316666667,3.0,1,osrm
203,delivered,2025-07-03 09:18:45,2025-07-03 09:28:19.149169,2025-07-03 14:20:20.100000,2025-07-03 14:21:42.100,302.95166666666665,292.0158471833333,18.0,1,osrm
204,delivered,2025-07-03 09:19:59,2025-07-03 09:30:39.118631,2025-07-03 09:30:39.118631,2025-07-03 09:28:41.600,8.71,0.0,11.0,1,osrm
205,delivered,2025-07-03 09:19:49,2025-07-03 09:28:15.339970,2025-07-03 10:34:45.000000,2025-07-03 10:38:31.400,78.70666666666666,66.49433383333333,2.0,1,osrm
206,delivered,2025-07-03 09:20:48,2025-07-03 09:30:35.232578,2025-07-03 12:45:04.400000,2025-07-03 12:50:02.800,209.24666666666664,194.4861237,7.0,1,osrm
207,ready,2025-07-03 09:20:48,2025-07-03 09:33:33.804746,,,,,,1,
208,delivered,2025-07-03 09:20:34,2025-07-03 09:31:18.731326,2025-07-03 09:31:18.731326,2025-07-03 09:31:43.400,11.156666666666666,0.0,6.0,1,osrm
209,delivered,2025-07-03 09:20:44,2025-07-03 09:34:54.383665,2025-07-03 15:15:43.600000,2025-07-03 15:20:07.600,359.3933333333333,340.82027225,10.0,1,osrm
210,delivered,2025-07-03 09:20:14,2025-07-03 09:33:28.591359,2025-07-03 11:12:22.500000,2025-07-03 11:15:21.400,115.12333333333332,98.89847735,3.0,1,osrm
211,delivered,2025-07-03 09:21:41,2025-07-03 09:31:41.191087,2025-07-03 09:31:41.191087,2025-07-03 09:32:57.600,11.276666666666667,0.0,5.0,1,osrm
212,delivered,2025-07-03 09:21:41,2025-07-03 09:39:45.807890,2025-07-03 09:39:45.807890,2025-07-03 09:34:14.200,12.553333333333335,0.0,1.0,1,osrm
213,delivered,2025-07-03 09:23:29,2025-07-03 09:35:41.738115,2025-07-03 09:35:41.738115,2025-07-03 09:37:32.400,14.056666666666667,0.0,2.0,1,osrm
214,ready,2025-07-03 09:23:39,2025-07-03 09:29:33.461430,,,,,,1,
215,ready,2025-07-03 09:23:57,2025-07-03 09:39:42.816578,,,,,,1,
216,delivered,2025-07-03 09:23:12,2025-07-03 09:30:38.113695,2025-07-03 09:32:20.200000,2025-07-03 09:35:16.400,12.073333333333332,1.7014384166666665,20.0,1,osrm
217,delivered,2025-07-03 09:24:18,2025-07-03 09:43:57.972370,2025-07-03 11:31:00.200000,2025-07-03 11:34:23.600,130.09333333333333,107.03712716666668,9.0,1,osrm
218,delivered,2025-07-03 09:24:44,2025-07-03 09:37:24.941247,2025-07-03 12:43:42.900000,2025-07-03 12:47:17.400,202.55666666666667,186.29931255000002,2.0,1,osrm
219,delivered,2025-07-03 09:24:49,2025-07-03 09:33:08.883506,2025-07-03 09:33:08.883506,2025-07-03 09:33:49.000,9.0,0.0,18.0,1,osrm
220,delivered,2025-07-03 09:25:57,2025-07-03 09:36:58.298713,2025-07-03 09:36:58.298713,2025-07-03 09:37:01.000,11.066666666666666,0.0,12.0,1,osrm
221,delivered,2025-07-03 09:25:31,2025-07-03 09:41:43.012290,2025-07-03 09:41:43.012290,2025-07-03 09:37:49.200,12.303333333333335,0.0,10.0,1,osrm
222,delivered,2025-07-03 09:25:04,2025-07-03 09:33:42.562341,2025-07-03 09:33:42.562341,2025-07-03 09:33:56.600,8.876666666666667,0.0,4.0,1,osrm
223,delivered,2025-07-03 09:25:39,2025-07-03 09:37:30.487162,2025-07-03 12:13:08.300000,2025-07-03 12:15:01.100,169.36833333333334,155.63021396666667,10.0,1,osrm
224,delivered,2025-07-03 09:25:44,2025-07-03 09:42:54.100360,2025-07-03 15:16:22.900000,2025-07-03 15:19:24.200,353.67,333.47999400000003,6.0,1,osrm
225,delivered,2025-07-03 09:26:56,2025-07-03 09:38:40.929464,2025-07-03 09:47:30.500000,2025-07-03 09:51:19.000,24.383333333333333,8.8261756,18.0,1,osrm
226,delivered,2025-07-03 09:26:09,2025-07-03 09:37:53.889204,2025-07-03 10:25:17.600000,2025-07-03 10:27:44.400,61.59,47.39517993333333,12.0,1,osrm
227,delivered,2025-07-03 09:26:17,2025-07-03 09:36:32.500242,2025-07-03 11:31:48.800000,2025-07-03 11:36:47.200,130.50333333333333,115.27166263333334,2.0,1,osrm
228,delivered,2025-07-03 09:26:54,2025-07-03 09:35:38.904914,2025-07-03 09:47:10.500000,2025-07-03 09:51:29.800,24.596666666666668,11.526584766666668,1.0,1,osrm
229,delivered,2025-07-03 09:27:06,2025-07-03 09:35:14.154793,2025-07-03 09:47:56.100000,2025-07-03 09:50:36.200,23.503333333333334,12.699086783333334,6.0,1,osrm
230,delivered,2025-07-03 09:27:43,2025-07-03 09:39:40.132388,2025-07-03 09:39:40.132388,2025-07-03 09:39:43.500,12.008333333333333,0.0,17.0,1,osrm
231,delivered,2025-07-03 09:27:28,2025-07-03 09:41:05.828122,2025-07-03 12:10:15.300000,2025-07-03 12:10:46.500,163.30833333333334,149.15786463333333,8.0,1,osrm
232,delivered,2025-07-03 09:27:08,2025-07-03 09:41:34.956429,2025-07-03 11:45:29.500000,2025-07-03 11:49:08.800,142.01333333333332,123.90905951666667,15.0,1,osrm
233,delivered,2025-07-03 09:28:28,2025-07-03 09:38:06.403858,2025-07-03 11:45:58.800000,2025-07-03 11:49:59.100,141.51833333333335,127.87326903333333,7.0,1,osrm
234,delivered,2025-07-03 09:28:21,2025-07-03 09:38:40.131683,2025-07-03 14:34:13.900000,2025-07-03 14:36:40.900,308.3316666666667,295.5628052833333,19.0,1,osrm
235,delivered,2025-07-03 09:28:18,2025-07-03 09:40:29.734617,2025-07-03 13:37:49.300000,2025-07-03 13:42:05.800,253.79666666666665,237.32608971666664,8.0,1,osrm
236,delivered,2025-07-03 09:28:13,2025-07-03 09:37:30.360123,2025-07-03 09:37:30.360123,2025-07-03 09:37:07.000,8.9,0.0,15.0,1,osrm
237,delivered,2025-07-03 09:28:13,2025-07-03 09:35:10.362513,2025-07-03 09:48:25.500000,2025-07-03 09:52:58.900,24.765,13.25229145,4.0,1,osrm
238,delivered,2025-07-03 09:28:17,2025-07-03 09:41:58.714855,2025-07-03 11:32:16.000000,2025-07-03 11:35:21.100,127.06833333333334,110.28808575,7.0,1,osrm
239,delivered,2025-07-03 09:28:53,2025-07-03 09:39:36.642949,2025-07-03 14:23:30.100000,2025-07-03 14:28:00.400,299.12333333333333,283.89095085,15.0,1,osrm
240,delivered,2025-07-03 09:29:02,2025-07-03 09:41:31.966510,2025-07-03 14:24:41.000000,2025-07-03 14:27:00.100,297.9683333333333,283.1505581666667,16.0,1,osrm
241,delivered,2025-07-03 09:29:52,2025-07-03 09:44:12.183500,2025-07-03 09:46:05.500000,2025-07-03 09:49:26.400,19.573333333333334,1.8886083333333334,19.0,1,osrm
242,delivered,2025-07-03 09:29:23,2025-07-03 09:42:55.457849,2025-07-03 10:06:49.300000,2025-07-03 10:10:19.500,40.94166666666667,23.897369183333335,6.0,1,osrm
243,delivered,2025-07-03 09:30:16,2025-07-03 09:43:52.725505,2025-07-03 13:37:56.300000,2025-07-03 13:42:39.300,252.38833333333332,234.0595749166667,13.0,1,osrm
244,delivered,2025-07-03 09:30:22,2025-07-03 09:45:16.069043,2025-07-03 09:45:16.069043,2025-07-03 09:37:09.100,6.785,0.0,8.0,1,osrm
245,delivered,2025-07-03 09:30:18,2025-07-03 09:40:05.337615,2025-07-03 10:07:42.600000,2025-07-03 10:11:00.500,40.708333333333336,27.62103975,1.0,1,osrm
246,delivered,2025-07-03 09:31:09,2025-07-03 09:47:53.723060,2025-07-03 14:46:29.500000,2025-07-03 14:48:39.200,317.50333333333333,298.5962823333333,7.0,1,osrm
247,delivered,2025-07-03 09:31:22,2025-07-03 09:39:46.317466,2025-07-03 15:19:18.400000,2025-07-03 15:22:51.900,351.49833333333333,339.5347089,11.0,1,osrm
248,delivered,2025-07-03 09:32:59,2025-07-03 09:42:05.745664,2025-07-03 09:42:05.745664,2025-07-03 09:42:59.200,10.003333333333334,0.0,14.0,1,osrm
249,delivered,2025-07-03 09:32:31,2025-07-03 09:40:32.820001,2025-07-03 11:46:42.200000,2025-07-03 11:51:50.100,139.31833333333333,126.15633331666666,14.0,1,osrm
250,delivered,2025-07-03 09:32:25,2025-07-03 09:50:55.136024,2025-07-03 12:14:40.500000,2025-07-03 12:17:46.800,165.36333333333332,143.75606626666666,5.0,1,osrm
251,delivered,2025-07-03 09:32:31,2025-07-03 09:44:46.839760,2025-07-03 12:44:18.900000,2025-07-03 12:46:49.200,194.30333333333334,179.53433733333335,16.0,1,osrm
252,delivered,2025-07-03 09:32:06,2025-07-03 09:46:06.763444,2025-07-03 09:46:06.763444,2025-07-03 09:43:07.500,11.025,0.0,7.0,1,osrm
253,delivered,2025-07-03 09:32:29,2025-07-03 09:49:41.887992,2025-07-03 14:46:19.000000,2025-07-03 14:50:36.200,318.12,296.6185334666667,12.0,1,osrm
254,delivered,2025-07-03 09:33:39,2025-07-03 09:45:12.619909,2025-07-03 10:38:31.300000,2025-07-03 10:40:57.800,67.31333333333333,53.31133485,4.0,1,osrm
255,delivered,2025-07-03 09:33:48,2025-07-03 09:45:01.876203,2025-07-03 14:46:46.500000,2025-07-03 14:49:25.800,315.63,301.74372995,10.0,1,osrm
256,delivered,2025-07-03 09:33:18,2025-07-03 09:39:00.692211,2025-07-03 10:07:41.300000,2025-07-03 10:10:03.300,36.755,28.67679648333333,10.0,1,osrm
257,delivered,2025-07-03 09:34:11,2025-07-03 09:42:47.863622,2025-07-03 11:06:01.400000,2025-07-03 11:08:42.200,94.52,83.2256063,18.0,1,osrm
258,delivered,2025-07-03 09:34:30,2025-07-03 09:50:46.750342,2025-07-03 10:08:41.300000,2025-07-03 10:11:46.500,37.275,17.909160966666665,12.0,1,osrm
259,delivered,2025-07-03 09:34:24,2025-07-03 09:45:32.165050,2025-07-03 11:03:04.100000,2025-07-03 11:06:30.400,92.10666666666665,77.53224916666666,17.0,1,osrm
260,delivered,2025-07-03 09:34:37,2025-07-03 09:48:23.231586,2025-07-03 09:48:23.231586,2025-07-03 09:43:42.400,9.09,0.0,11.0,1,osrm
261,delivered,2025-07-03 09:35:12,2025-07-03 09:50:20.777596,2025-07-03 09:50:20.777596,2025-07-03 09:45:50.600,10.643333333333334,0.0,16.0,1,osrm
262,delivered,2025-07-03 09:35:13,2025-07-03 09:52:22.417404,2025-07-03 09:52:22.417404,2025-07-03 09:46:12.100,10.985000000000001,0.0,13.0,1,osrm
263,delivered,2025-07-03 09:35:19,2025-07-03 09:43:10.847524,2025-07-03 13:37:44.500000,2025-07-03 13:42:10.000,246.85,234.56087459999998,14.0,1,osrm
264,delivered,2025-07-03 09:37:40,2025-07-03 09:44:35.116818,2025-07-03 09:44:50.100000,2025-07-03 09:46:53.800,9.229999999999999,0.2497197,3.0,1,osrm
265,delivered,2025-07-03 09:37:55,2025-07-03 09:53:18.514514,2025-07-03 10:09:16.900000,2025-07-03 10:13:06.600,35.193333333333335,15.973091433333334,17.0,1,osrm
266,delivered,2025-07-03 09:37:43,2025-07-03 09:55:22.985888,2025-07-03 09:55:22.985888,2025-07-03 09:49:21.600,11.643333333333334,0.0,20.0,1,osrm
267,delivered,2025-07-03 09:37:33,2025-07-03 09:56:43.630430,2025-07-03 09:56:43.630430,2025-07-03 09:48:32.400,10.99,0.0,5.0,1,osrm
268,delivered,2025-07-03 09:37:04,2025-07-03 09:49:10.627678,2025-07-03 13:40:53.100000,2025-07-03 13:45:03.300,247.98833333333332,231.70787203333333,4.0,1,osrm
269,delivered,2025-07-03 09:38:28,2025-07-03 09:48:16.643959,2025-07-03 12:46:42.600000,2025-07-03 12:50:26.100,191.96833333333333,178.43260068333333,12.0,1,osrm
270,delivered,2025-07-03 09:39:53,2025-07-03 09:50:35.592112,2025-07-03 09:50:35.592112,2025-07-03 09:49:52.800,9.996666666666666,0.0,9.0,1,osrm
271,delivered,2025-07-03 09:39:12,2025-07-03 09:53:20.894562,2025-07-03 10:09:45.400000,2025-07-03 10:12:31.600,33.32666666666667,16.408423966666668,11.0,1,osrm
272,delivered,2025-07-03 09:41:15,2025-07-03 09:50:18.368293,2025-07-03 09:51:05.300000,2025-07-03 09:55:16.300,14.021666666666667,0.7821951166666667,12.0,1,osrm
273,delivered,2025-07-03 09:42:55,2025-07-03 09:53:42.908769,2025-07-03 14:47:27.600000,2025-07-03 14:50:49.500,307.90833333333336,293.74485385,8.0,1,osrm
274,delivered,2025-07-03 09:42:24,2025-07-03 09:57:45.416669,2025-07-03 10:12:01.900000,2025-07-03 10:15:03.400,32.656666666666666,14.274722183333333,14.0,1,osrm
275,delivered,2025-07-03 09:42:55,2025-07-03 09:55:36.466111,2025-07-03 15:21:24.500000,2025-07-03 15:25:07.800,342.2133333333333,325.8005648166666,14.0,1,osrm
276,delivered,2025-07-03 09:42:34,2025-07-03 09:57:02.196330,2025-07-03 09:57:02.196330,2025-07-03 09:56:23.900,13.831666666666667,0.0,17.0,1,osrm
277,delivered,2025-07-03 09:43:12,2025-07-03 09:57:24.616452,2025-07-03 13:42:53.200000,2025-07-03 13:46:58.100,243.76833333333335,225.47639246666668,18.0,1,osrm
278,delivered,2025-07-03 09:43:14,2025-07-03 09:59:14.549035,2025-07-03 10:37:21.700000,2025-07-03 10:40:20.300,57.105000000000004,38.11918275,14.0,1,osrm
279,delivered,2025-07-03 09:43:28,2025-07-03 09:53:41.609885,2025-07-03 09:53:41.609885,2025-07-03 09:52:48.700,9.345,0.0,8.0,1,osrm
280,delivered,2025-07-03 09:43:38,2025-07-03 09:53:38.848278,2025-07-03 13:47:04.100000,2025-07-03 13:51:54.400,248.27333333333334,233.42086203333335,11.0,1,osrm
281,delivered,2025-07-03 09:44:24,2025-07-03 09:58:54.656705,2025-07-03 09:58:54.656705,2025-07-03 09:54:21.900,9.965,0.0,2.0,1,osrm
282,delivered,2025-07-03 09:44:02,2025-07-03 09:51:21.503467,2025-07-03 09:51:21.503467,2025-07-03 09:53:41.300,9.655,0.0,10.0,1,osrm
283,delivered,2025-07-03 09:44:45,2025-07-03 09:55:25.917747,2025-07-03 10:15:18.900000,2025-07-03 10:18:48.500,34.05833333333333,19.883037549999997,20.0,1,osrm
284,delivered,2025-07-03 09:44:54,2025-07-03 09:54:16.048045,2025-07-03 09:54:16.048045,2025-07-03 09:56:53.400,11.99,0.0,15.0,1,osrm
285,delivered,2025-07-03 09:45:44,2025-07-03 09:59:32.442754,2025-07-03 09:59:32.442754,2025-07-03 09:58:30.800,12.78,0.0,11.0,1,osrm
286,delivered,2025-07-03 09:46:34,2025-07-03 10:00:05.906886,2025-07-03 10:00:05.906886,2025-07-03 09:59:41.200,13.120000000000001,0.0,7.0,1,osrm
287,delivered,2025-07-03 09:47:12,2025-07-03 09:58:20.699527,2025-07-03 10:18:32.400000,2025-07-03 10:23:22.100,36.16833333333333,20.195007883333336,3.0,1,osrm
288,delivered,2025-07-03 09:47:58,2025-07-03 09:59:32.528957,2025-07-03 14:48:00.700000,2025-07-03 14:50:30.000,302.53333333333336,288.4695173833333,2.0,1,osrm
289,delivered,2025-07-03 09:47:27,2025-07-03 09:55:38.307992,2025-07-03 11:48:28.500000,2025-07-03 11:52:44.400,125.28999999999999,112.83653346666667,11.0,1,osrm
290,delivered,2025-07-03 09:47:30,2025-07-03 09:59:10.810488,2025-07-03 09:59:10.810488,2025-07-03 09:59:18.000,11.8,0.0,14.0,1,osrm
291,delivered,2025-07-03 09:47:28,2025-07-03 09:58:19.096267,2025-07-03 13:48:25.500000,2025-07-03 13:53:20.100,245.86833333333334,230.10672888333332,19.0,1,osrm
292,delivered,2025-07-03 09:48:43,2025-07-03 10:01:39.210582,2025-07-03 15:22:44.100000,2025-07-03 15:26:06.900,337.39833333333337,321.0814903,4.0,1,osrm
293,delivered,2025-07-03 09:49:38,2025-07-03 10:01:07.457460,2025-07-03 13:52:12.800000,2025-07-03 13:55:42.800,246.07999999999998,231.08904233333334,16.0,1,osrm
294,delivered,2025-07-03 09:50:22,2025-07-03 10:01:11.289452,2025-07-03 11:12:19.900000,2025-07-03 11:15:15.300,84.88833333333334,71.14350913333332,19.0,1,osrm
295,delivered,2025-07-03 09:50:47,2025-07-03 09:59:25.885288,2025-07-03 10:03:18.400000,2025-07-03 10:07:17.200,16.503333333333334,3.8752452,19.0,1,osrm
296,delivered,2025-07-03 09:52:07,2025-07-03 10:07:46.145174,2025-07-03 10:07:46.145174,2025-07-03 10:03:38.400,11.523333333333333,0.0,3.0,1,osrm
297,delivered,2025-07-03 09:52:56,2025-07-03 10:06:06.946164,2025-07-03 10:52:01.000000,2025-07-03 10:53:35.800,60.663333333333334,45.90089726666667,8.0,1,osrm
298,delivered,2025-07-03 09:52:03,2025-07-03 10:04:04.905991,2025-07-03 10:18:44.300000,2025-07-03 10:21:28.900,29.43166666666667,14.656566816666666,18.0,1,osrm
299,delivered,2025-07-03 09:52:22,2025-07-03 10:01:46.921422,2025-07-03 10:01:46.921422,2025-07-03 10:03:45.300,11.388333333333332,0.0,5.0,1,osrm
300,delivered,2025-07-03 09:52:05,2025-07-03 10:00:20.760277,2025-07-03 10:52:24.100000,2025-07-03 10:54:32.100,62.45166666666667,52.05566205,18.0,1,osrm
301,delivered,2025-07-03 09:53:04,2025-07-03 10:09:09.069053,2025-07-03 10:20:28.700000,2025-07-03 10:24:02.500,30.975,11.32718245,8.0,1,osrm
302,delivered,2025-07-03 09:53:02,2025-07-03 10:04:38.095363,2025-07-03 10:04:38.095363,2025-07-03 10:04:13.700,11.195,0.0,13.0,1,osrm
303,delivered,2025-07-03 09:53:21,2025-07-03 10:05:38.025937,2025-07-03 10:05:38.025937,2025-07-03 10:03:52.900,10.531666666666666,0.0,20.0,1,osrm
304,delivered,2025-07-03 09:54:53,2025-07-03 10:06:02.014571,2025-07-03 10:06:02.014571,2025-07-03 10:05:06.000,10.216666666666667,0.0,16.0,1,osrm
305,delivered,2025-07-03 09:54:06,2025-07-03 10:05:33.862463,2025-07-03 13:51:40.700000,2025-07-03 13:56:13.300,242.12166666666664,226.11395894999998,12.0,1,osrm
306,delivered,2025-07-03 09:55:25,2025-07-03 10:06:39.306751,2025-07-03 10:06:39.306751,2025-07-03 10:04:12.500,8.791666666666666,0.0,9.0,1,osrm
307,delivered,2025-07-03 09:55:05,2025-07-03 10:12:06.950574,2025-07-03 11:01:55.200000,2025-07-03 11:05:33.200,70.47,49.8041571,20.0,1,osrm
308,delivered,2025-07-03 09:56:52,2025-07-03 10:05:20.252406,2025-07-03 12:47:50.000000,2025-07-03 12:51:56.300,175.07166666666666,162.49579323333333,3.0,1,osrm
309,delivered,2025-07-03 09:56:30,2025-07-03 10:08:22.263652,2025-07-03 10:08:22.263652,2025-07-03 10:06:43.100,10.218333333333334,0.0,18.0,1,osrm
310,delivered,2025-07-03 09:56:53,2025-07-03 10:09:54.041199,2025-07-03 10:20:27.000000,2025-07-03 10:24:19.000,27.433333333333334,10.54931335,4.0,1,osrm
311,delivered,2025-07-03 09:56:15,2025-07-03 10:01:15.000000,2025-07-03 10:04:18.200000,2025-07-03 10:06:45.700,10.511666666666667,3.0533333333333332,2.0,1,osrm
312,delivered,2025-07-03 09:56:03,2025-07-03 10:07:22.887734,2025-07-03 11:12:56.800000,2025-07-03 11:16:19.000,80.26666666666667,65.56520443333334,2.0,1,osrm
313,delivered,2025-07-03 09:56:25,2025-07-03 10:10:16.099978,2025-07-03 13:51:51.200000,2025-07-03 13:56:25.900,240.015,221.58500036666666,10.0,1,osrm
314,delivered,2025-07-03 09:56:38,2025-07-03 10:05:01.105659,2025-07-03 10:05:01.105659,2025-07-03 10:06:53.700,10.261666666666667,0.0,4.0,1,osrm
315,delivered,2025-07-03 09:57:11,2025-07-03 10:08:01.890176,2025-07-03 10:38:07.600000,2025-07-03 10:40:13.200,43.03666666666666,30.095163733333333,19.0,1,osrm
316,delivered,2025-07-03 09:57:11,2025-07-03 10:13:12.941041,2025-07-03 15:22:31.300000,2025-07-03 15:26:09.800,328.97999999999996,309.30598265000003,1.0,1,osrm
317,delivered,2025-07-03 09:58:28,2025-07-03 10:12:36.729251,2025-07-03 10:39:40.400000,2025-07-03 10:43:19.900,44.865,27.061179149999997,10.0,1,osrm
318,delivered,2025-07-03 09:58:06,2025-07-03 10:12:43.573764,2025-07-03 15:23:36.900000,2025-07-03 15:27:56.000,329.8333333333333,310.8887706,12.0,1,osrm
319,delivered,2025-07-03 09:59:51,2025-07-03 10:11:04.956609,2025-07-03 10:22:12.300000,2025-07-03 10:25:39.800,25.813333333333333,11.12238985,10.0,1,osrm
320,delivered,2025-07-03 10:00:54,2025-07-03 10:09:16.842341,2025-07-03 13:51:49.100000,2025-07-03 13:57:29.500,236.59166666666667,222.53762765000002,7.0,1,osrm
321,delivered,2025-07-03 10:00:08,2025-07-03 10:13:51.320662,2025-07-03 10:13:51.320662,2025-07-03 10:08:14.700,8.111666666666666,0.0,8.0,1,osrm
322,delivered,2025-07-03 10:01:27,2025-07-03 10:10:29.375867,2025-07-03 13:57:29.900000,2025-07-03 14:02:20.500,240.89166666666668,227.00873555,9.0,1,osrm
323,delivered,2025-07-03 10:02:08,2025-07-03 10:13:50.945576,2025-07-03 10:13:50.945576,2025-07-03 10:12:54.200,10.770000000000001,0.0,15.0,1,osrm
324,delivered,2025-07-03 10:02:23,2025-07-03 10:15:51.548024,2025-07-03 10:39:59.800000,2025-07-03 10:42:25.900,40.04833333333333,24.137532933333333,11.0,1,osrm
325,delivered,2025-07-03 10:03:18,2025-07-03 10:14:03.136951,2025-07-03 10:29:59.900000,2025-07-03 10:31:52.600,28.576666666666664,15.946050816666666,20.0,1,osrm
326,delivered,2025-07-03 10:03:32,2025-07-03 10:16:09.864609,2025-07-03 10:42:00.700000,2025-07-03 10:46:18.800,42.78,25.84725651666667,17.0,1,osrm
327,delivered,2025-07-03 10:04:53,2025-07-03 10:17:25.459509,2025-07-03 10:17:25.459509,2025-07-03 10:12:51.900,7.9816666666666665,0.0,7.0,1,osrm
328,delivered,2025-07-03 10:04:57,2025-07-03 10:16:55.881950,2025-07-03 15:23:32.900000,2025-07-03 15:26:54.300,321.955,306.6169675,13.0,1,osrm
329,delivered,2025-07-03 10:04:33,2025-07-03 10:15:37.230812,2025-07-03 10:34:51.300000,2025-07-03 10:36:12.900,31.665000000000003,19.234486466666667,8.0,1,osrm
330,delivered,2025-07-03 10:05:49,2025-07-03 10:17:16.231237,2025-07-03 11:56:29.200000,2025-07-03 12:00:35.500,114.775,99.21614604999999,6.0,1,osrm
331,ready,2025-07-03 10:05:24,2025-07-03 10:16:41.985556,,,,,,1,
332,delivered,2025-07-03 10:06:37,2025-07-03 10:22:12.889561,2025-07-03 15:23:42.400000,2025-07-03 15:26:36.400,319.99,301.49184065000003,5.0,1,osrm
333,delivered,2025-07-03 10:06:59,2025-07-03 10:20:54.374057,2025-07-03 14:28:58.100000,2025-07-03 14:31:10.400,264.19,248.06209905,1.0,1,osrm
334,delivered,2025-07-03 10:06:28,2025-07-03 10:19:39.381583,2025-07-03 11:56:02.000000,2025-07-03 11:59:44.900,113.28166666666667,96.37697361666666,16.0,1,osrm
335,delivered,2025-07-03 10:06:24,2025-07-03 10:14:20.852834,2025-07-03 10:43:21.600000,2025-07-03 10:47:00.400,40.60666666666667,29.01245276666667,12.0,1,osrm
336,delivered,2025-07-03 10:07:35,2025-07-03 10:19:36.464389,2025-07-03 10:19:36.464389,2025-07-03 10:17:33.600,9.976666666666667,0.0,16.0,1,osrm
337,delivered,2025-07-03 10:08:44,2025-07-03 10:18:59.633087,2025-07-03 10:18:59.633087,2025-07-03 10:19:24.300,10.671666666666665,0.0,13.0,1,osrm
338,delivered,2025-07-03 10:09:19,2025-07-03 10:19:58.328726,2025-07-03 10:19:58.328726,2025-07-03 10:17:28.200,8.153333333333332,0.0,5.0,1,osrm
339,delivered,2025-07-03 10:09:00,2025-07-03 10:16:47.894829,2025-07-03 10:16:47.894829,2025-07-03 10:18:05.200,9.086666666666668,0.0,9.0,1,osrm
340,delivered,2025-07-03 10:10:42,2025-07-03 10:24:32.151280,2025-07-03 10:35:11.200000,2025-07-03 10:37:47.400,27.09,10.650812,18.0,1,osrm
341,delivered,2025-07-03 10:10:00,2025-07-03 10:22:42.037921,2025-07-03 12:47:51.700000,2025-07-03 12:53:51.600,163.86,145.16103465,5.0,1,osrm
342,delivered,2025-07-03 10:11:40,2025-07-03 10:21:23.809389,2025-07-03 10:21:23.809389,2025-07-03 10:22:22.200,10.703333333333335,0.0,2.0,1,osrm
343,delivered,2025-07-03 10:13:48,2025-07-03 10:25:04.978452,2025-07-03 14:48:16.000000,2025-07-03 14:50:49.700,277.02833333333336,263.1836924666667,20.0,1,osrm
344,delivered,2025-07-03 10:13:40,2025-07-03 10:27:32.897759,2025-07-03 11:03:46.100000,2025-07-03 11:06:06.100,52.434999999999995,36.22003735,13.0,1,osrm
345,delivered,2025-07-03 10:14:26,2025-07-03 10:25:38.369013,2025-07-03 10:25:38.369013,2025-07-03 10:26:38.100,12.201666666666666,0.0,19.0,1,osrm
346,delivered,2025-07-03 10:16:38,2025-07-03 10:27:06.980574,2025-07-03 13:57:29.000000,2025-07-03 14:00:43.200,224.08666666666667,210.36699043333334,4.0,1,osrm
347,delivered,2025-07-03 10:16:12,2025-07-03 10:26:13.235865,2025-07-03 12:02:58.400000,2025-07-03 12:06:33.800,110.36333333333333,96.75273558333333,17.0,1,osrm
348,delivered,2025-07-03 10:17:08,2025-07-03 10:29:09.771087,2025-07-03 10:42:34.800000,2025-07-03 10:45:53.100,28.751666666666665,13.41714855,15.0,1,osrm
349,delivered,2025-07-03 10:17:58,2025-07-03 10:29:10.643474,2025-07-03 11:34:42.800000,2025-07-03 11:38:41.800,80.73,65.5359421,20.0,1,osrm
350,delivered,2025-07-03 10:19:59,2025-07-03 10:35:16.550629,2025-07-03 10:35:16.550629,2025-07-03 10:31:40.200,11.686666666666667,0.0,1.0,1,osrm
351,delivered,2025-07-03 10:19:24,2025-07-03 10:29:28.478712,2025-07-03 10:29:28.478712,2025-07-03 10:26:32.300,7.138333333333334,0.0,11.0,1,osrm
352,delivered,2025-07-03 10:19:41,2025-07-03 10:28:53.217174,2025-07-03 11:36:46.100000,2025-07-03 11:40:54.900,81.23166666666665,67.88138043333333,6.0,1,osrm
353,delivered,2025-07-03 10:20:43,2025-07-03 10:31:02.663463,2025-07-03 14:50:01.100000,2025-07-03 14:52:33.500,271.84166666666664,258.9739422833333,4.0,1,osrm
354,delivered,2025-07-03 10:20:06,2025-07-03 10:37:36.556171,2025-07-03 12:16:12.900000,2025-07-03 12:19:17.400,119.19,98.60573048333335,19.0,1,osrm
355,delivered,2025-07-03 10:20:53,2025-07-03 10:32:03.304929,2025-07-03 13:58:33.700000,2025-07-03 14:01:30.300,220.62166666666664,206.5065845166667,13.0,1,osrm
356,delivered,2025-07-03 10:20:11,2025-07-03 10:31:09.852146,2025-07-03 13:58:19.600000,2025-07-03 14:01:50.800,221.66333333333333,207.1624642333333,14.0,1,osrm
357,delivered,2025-07-03 10:20:22,2025-07-03 10:25:22.000000,2025-07-03 10:26:46.200000,2025-07-03 10:31:31.000,11.15,1.4033333333333333,7.0,1,osrm
358,delivered,2025-07-03 10:21:41,2025-07-03 10:29:34.661634,2025-07-03 10:31:06.300000,2025-07-03 10:34:02.600,12.360000000000001,1.5273061,13.0,1,osrm
359,delivered,2025-07-03 10:22:09,2025-07-03 10:36:22.376452,2025-07-03 10:36:22.376452,2025-07-03 10:36:13.600,14.076666666666666,0.0,16.0,1,osrm
360,delivered,2025-07-03 10:22:32,2025-07-03 10:34:52.381026,2025-07-03 10:34:52.381026,2025-07-03 10:36:28.600,13.943333333333333,0.0,5.0,1,osrm
361,delivered,2025-07-03 10:23:57,2025-07-03 10:36:05.228603,2025-07-03 10:52:38.800000,2025-07-03 10:55:54.300,31.955,16.559523283333334,14.0,1,osrm
362,delivered,2025-07-03 10:23:30,2025-07-03 10:33:35.554684,2025-07-03 10:33:35.554684,2025-07-03 10:33:46.500,10.275,0.0,9.0,1,osrm
363,ready,2025-07-03 10:27:05,2025-07-03 10:32:05.000000,,,,,,1,
364,delivered,2025-07-03 10:28:36,2025-07-03 10:36:03.541101,2025-07-03 10:49:42.800000,2025-07-03 10:52:08.200,23.53666666666667,13.654314983333334,5.0,1,osrm
365,delivered,2025-07-03 10:28:29,2025-07-03 10:35:17.320258,2025-07-03 10:35:59.600000,2025-07-03 10:38:43.800,10.246666666666666,0.7046623666666666,3.0,1,osrm
366,delivered,2025-07-03 10:29:56,2025-07-03 10:43:58.312305,2025-07-03 10:53:11.000000,2025-07-03 10:55:43.900,25.798333333333336,9.211461583333334,3.0,1,osrm
367,delivered,2025-07-03 10:29:34,2025-07-03 10:43:55.229456,2025-07-03 12:02:45.000000,2025-07-03 12:06:02.800,96.48,78.82950906666666,4.0,1,osrm
368,delivered,2025-07-03 10:30:41,2025-07-03 10:38:50.590998,2025-07-03 11:15:54.900000,2025-07-03 11:18:00.200,47.32,37.0718167,7.0,1,osrm
369,delivered,2025-07-03 10:31:09,2025-07-03 10:41:29.443774,2025-07-03 11:06:15.900000,2025-07-03 11:09:13.000,38.06666666666667,24.774270433333335,5.0,1,osrm
370,delivered,2025-07-03 10:31:38,2025-07-03 10:47:42.539015,2025-07-03 14:01:08.500000,2025-07-03 14:08:43.900,217.09833333333333,193.43268308333333,15.0,1,osrm
371,delivered,2025-07-03 10:33:35,2025-07-03 10:47:20.103009,2025-07-03 12:48:01.500000,2025-07-03 12:51:08.800,137.56333333333333,120.68994984999999,20.0,1,osrm
372,delivered,2025-07-03 10:33:43,2025-07-03 10:43:15.903413,2025-07-03 12:49:16.300000,2025-07-03 12:52:49.400,139.10666666666665,126.00660978333333,1.0,1,osrm
373,delivered,2025-07-03 10:35:51,2025-07-03 10:49:11.444576,2025-07-03 10:49:11.444576,2025-07-03 10:46:26.300,10.588333333333333,0.0,20.0,1,osrm
374,delivered,2025-07-03 10:36:40,2025-07-03 10:45:44.284620,2025-07-03 10:45:44.284620,2025-07-03 10:47:15.300,10.588333333333333,0.0,1.0,1,osrm
375,delivered,2025-07-03 10:36:28,2025-07-03 10:46:37.406017,2025-07-03 10:46:41.500000,2025-07-03 10:49:26.700,12.978333333333333,0.06823304999999999,7.0,1,osrm
376,delivered,2025-07-03 10:37:55,2025-07-03 10:50:11.439621,2025-07-03 10:50:11.439621,2025-07-03 10:49:39.700,11.745000000000001,0.0,13.0,1,osrm
377,delivered,2025-07-03 10:37:15,2025-07-03 10:51:04.332019,2025-07-03 10:51:04.332019,2025-07-03 10:49:34.500,12.325,0.0,9.0,1,osrm
378,delivered,2025-07-03 10:39:40,2025-07-03 10:47:40.238273,2025-07-03 10:54:07.300000,2025-07-03 10:57:01.500,17.358333333333334,6.451028783333333,2.0,1,osrm
379,delivered,2025-07-03 10:40:30,2025-07-03 10:56:02.721816,2025-07-03 10:56:02.721816,2025-07-03 10:51:07.100,10.618333333333334,0.0,16.0,1,osrm
380,delivered,2025-07-03 10:42:33,2025-07-03 10:56:05.426957,2025-07-03 11:37:10.200000,2025-07-03 11:40:46.200,58.22,41.07955071666667,16.0,1,osrm
381,delivered,2025-07-03 10:44:07,2025-07-03 10:57:18.918737,2025-07-03 10:57:18.918737,2025-07-03 10:51:24.200,7.286666666666666,0.0,6.0,1,osrm
382,delivered,2025-07-03 10:45:32,2025-07-03 10:52:04.940980,2025-07-03 11:36:50.000000,2025-07-03 11:39:59.600,54.46,44.75098366666667,8.0,1,osrm
383,delivered,2025-07-03 10:46:32,2025-07-03 10:59:05.087452,2025-07-03 10:59:05.087452,2025-07-03 10:57:14.900,10.715,0.0,4.0,1,osrm
384,delivered,2025-07-03 10:48:07,2025-07-03 11:00:26.175314,2025-07-03 11:00:26.175314,2025-07-03 10:57:16.700,9.161666666666667,0.0,11.0,1,osrm
385,delivered,2025-07-03 10:48:31,2025-07-03 10:59:54.155072,2025-07-03 12:01:42.300000,2025-07-03 12:07:00.300,78.48833333333333,61.802415466666666,15.0,1,osrm
386,delivered,2025-07-03 10:50:28,2025-07-03 11:05:56.495370,2025-07-03 15:23:38.900000,2025-07-03 15:27:58.300,277.505,257.70674383333335,8.0,1,osrm
387,delivered,2025-07-03 10:50:51,2025-07-03 11:00:57.761858,2025-07-03 12:17:14.100000,2025-07-03 12:18:56.000,88.08333333333333,76.27230236666666,6.0,1,osrm
388,delivered,2025-07-03 10:50:25,2025-07-03 11:04:12.755820,2025-07-03 14:48:51.100000,2025-07-03 14:51:38.900,241.23166666666665,224.63906966666667,1.0,1,osrm
389,delivered,2025-07-03 10:50:27,2025-07-03 10:58:06.587612,2025-07-03 10:58:06.587612,2025-07-03 10:58:02.600,7.593333333333334,0.0,10.0,1,osrm
390,delivered,2025-07-03 10:53:27,2025-07-03 10:58:27.000000,2025-07-03 10:58:27.000000,2025-07-03 11:03:20.800,9.896666666666667,0.0,15.0,1,osrm
391,delivered,2025-07-03 10:55:15,2025-07-03 11:08:20.481691,2025-07-03 11:08:20.481691,2025-07-03 11:00:54.300,5.655,0.0,1.0,1,osrm
392,delivered,2025-07-03 10:56:38,2025-07-03 11:06:09.603535,2025-07-03 11:20:32.700000,2025-07-03 11:23:28.300,26.83833333333333,14.384941083333333,20.0,1,osrm
393,ready,2025-07-03 10:59:22,2025-07-03 11:09:40.832523,,,,,,1,
394,delivered,2025-07-03 11:01:22,2025-07-03 11:13:47.842316,2025-07-03 12:02:04.400000,2025-07-03 12:06:02.200,64.67,48.2759614,13.0,1,osrm
395,delivered,2025-07-03 11:06:49,2025-07-03 11:18:57.996144,2025-07-03 11:18:57.996144,2025-07-03 11:17:05.100,10.268333333333334,0.0,9.0,1,osrm
396,delivered,2025-07-03 11:06:05,2025-07-03 11:17:52.751024,2025-07-03 11:17:52.751024,2025-07-03 11:16:02.000,9.95,0.0,1.0,1,osrm
397,delivered,2025-07-03 11:07:56,2025-07-03 11:21:11.090489,2025-07-03 12:52:29.400000,2025-07-03 12:55:14.100,107.30166666666668,91.30515851666668,18.0,1,osrm
398,delivered,2025-07-03 11:07:22,2025-07-03 11:19:03.565938,2025-07-03 11:19:03.565938,2025-07-03 11:21:43.300,14.354999999999999,0.0,12.0,1,osrm
399,delivered,2025-07-03 11:08:37,2025-07-03 11:18:54.523603,2025-07-03 11:37:22.400000,2025-07-03 11:39:28.800,30.863333333333333,18.464606616666668,18.0,1,osrm
400,delivered,2025-07-03 11:08:47,2025-07-03 11:16:44.045201,2025-07-03 11:16:44.045201,2025-07-03 11:18:14.100,9.451666666666666,0.0,15.0,1,osrm
401,delivered,2025-07-03 11:11:35,2025-07-03 11:23:14.787484,2025-07-03 11:23:14.787484,2025-07-03 11:21:40.000,10.083333333333334,0.0,8.0,1,osrm
402,delivered,2025-07-03 11:11:22,2025-07-03 11:25:03.884806,2025-07-03 11:25:03.884806,2025-07-03 11:19:19.000,7.95,0.0,13.0,1,osrm
403,delivered,2025-07-03 11:11:49,2025-07-03 11:24:19.334476,2025-07-03 11:38:21.700000,2025-07-03 11:40:58.300,29.154999999999998,14.0394254,12.0,1,osrm
404,delivered,2025-07-03 11:13:03,2025-07-03 11:28:50.414802,2025-07-03 11:28:50.414802,2025-07-03 11:20:32.200,7.486666666666666,0.0,6.0,1,osrm
405,delivered,2025-07-03 11:20:36,2025-07-03 11:27:59.583543,2025-07-03 15:23:38.700000,2025-07-03 15:26:23.800,245.79666666666665,235.65194095,20.0,1,osrm
406,delivered,2025-07-03 11:26:07,2025-07-03 11:38:31.353448,2025-07-03 14:29:43.700000,2025-07-03 14:31:33.500,185.44166666666666,171.20577586666667,13.0,1,osrm
407,delivered,2025-07-03 11:32:17,2025-07-03 11:41:07.358357,2025-07-03 12:57:33.700000,2025-07-03 13:00:39.100,88.36833333333334,76.43902738333333,17.0,1,osrm
408,delivered,2025-07-03 11:36:59,2025-07-03 11:52:22.068228,2025-07-03 11:52:22.068228,2025-07-03 11:50:33.800,13.58,0.0,9.0,1,osrm
409,delivered,2025-07-03 11:36:37,2025-07-03 11:49:40.978075,2025-07-03 11:49:40.978075,2025-07-03 11:47:42.500,11.091666666666667,0.0,1.0,1,osrm
410,delivered,2025-07-03 11:40:34,2025-07-03 11:51:55.791889,2025-07-03 11:51:55.791889,2025-07-03 11:55:06.200,14.536666666666667,0.0,18.0,1,osrm
411,delivered,2025-07-03 11:41:14,2025-07-03 11:51:46.532283,2025-07-03 11:52:35.600000,2025-07-03 11:56:00.100,14.768333333333334,0.8177952833333334,20.0,1,osrm
412,delivered,2025-07-03 11:42:51,2025-07-03 11:57:45.367535,2025-07-03 15:32:58.400000,2025-07-03 15:36:40.700,233.82833333333335,215.21720775,15.0,1,osrm
413,delivered,2025-07-03 11:42:22,2025-07-03 11:56:01.077312,2025-07-03 11:56:55.200000,2025-07-03 12:00:47.000,18.416666666666668,0.9020448,5.0,1,osrm
414,delivered,2025-07-03 11:42:24,2025-07-03 11:56:47.466846,2025-07-03 11:56:47.466846,2025-07-03 11:54:24.800,12.013333333333332,0.0,2.0,1,osrm
415,delivered,2025-07-03 11:43:39,2025-07-03 11:56:01.330948,2025-07-03 11:56:48.300000,2025-07-03 12:00:38.600,16.993333333333332,0.7828175333333333,10.0,1,osrm
416,delivered,2025-07-03 11:44:31,2025-07-03 11:54:09.265820,2025-07-03 11:54:09.265820,2025-07-03 11:55:43.100,11.201666666666666,0.0,8.0,1,osrm
417,delivered,2025-07-03 11:45:14,2025-07-03 11:53:56.264342,2025-07-03 14:03:09.400000,2025-07-03 14:07:36.700,142.37833333333336,129.21892763333332,18.0,1,osrm
418,delivered,2025-07-03 11:45:43,2025-07-03 11:58:52.974012,2025-07-03 12:19:45.500000,2025-07-03 12:22:33.400,36.84,20.875433133333335,15.0,1,osrm
419,delivered,2025-07-03 11:46:44,2025-07-03 11:56:36.129564,2025-07-03 11:56:36.129564,2025-07-03 11:59:47.500,13.058333333333334,0.0,12.0,1,osrm
420,delivered,2025-07-03 11:46:37,2025-07-03 11:57:47.031635,2025-07-03 14:10:10.900000,2025-07-03 14:14:39.300,148.03833333333333,132.39780608333334,6.0,1,osrm
421,delivered,2025-07-03 11:49:30,2025-07-03 12:00:30.720205,2025-07-03 12:00:30.720205,2025-07-03 11:58:28.500,8.975,0.0,3.0,1,osrm
422,delivered,2025-07-03 11:50:50,2025-07-03 12:04:54.666690,2025-07-03 12:04:54.666690,2025-07-03 12:04:03.200,13.22,0.0,1.0,1,osrm
423,delivered,2025-07-03 11:52:21,2025-07-03 12:03:45.467310,2025-07-03 12:03:45.467310,2025-07-03 12:04:41.800,12.346666666666666,0.0,19.0,1,osrm
424,delivered,2025-07-03 11:54:29,2025-07-03 12:11:16.328143,2025-07-03 12:11:16.328143,2025-07-03 12:07:09.700,12.678333333333335,0.0,7.0,1,osrm
425,delivered,2025-07-03 11:55:33,2025-07-03 12:12:08.109246,2025-07-03 12:12:08.109246,2025-07-03 12:10:19.600,14.776666666666667,0.0,2.0,1,osrm
426,delivered,2025-07-03 11:56:36,2025-07-03 12:12:54.077911,2025-07-03 12:12:54.077911,2025-07-03 12:09:04.300,12.471666666666666,0.0,18.0,1,osrm
427,delivered,2025-07-03 11:56:19,2025-07-03 12:08:20.729341,2025-07-03 12:08:20.729341,2025-07-03 12:09:58.000,13.65,0.0,9.0,1,osrm
428,delivered,2025-07-03 11:57:08,2025-07-03 12:07:00.229814,2025-07-03 12:07:53.600000,2025-07-03 12:09:54.100,12.768333333333334,0.8895031,14.0,1,osrm
429,delivered,2025-07-03 12:00:13,2025-07-03 12:14:22.184588,2025-07-03 12:14:22.184588,2025-07-03 12:09:56.100,9.718333333333334,0.0,11.0,1,osrm
430,delivered,2025-07-03 12:00:23,2025-07-03 12:07:37.386474,2025-07-03 14:11:03.900000,2025-07-03 14:15:47.300,135.405,123.44189209999999,8.0,1,osrm
431,delivered,2025-07-03 12:01:54,2025-07-03 12:10:14.845172,2025-07-03 12:10:14.845172,2025-07-03 12:13:07.700,11.228333333333333,0.0,16.0,1,osrm
432,delivered,2025-07-03 12:02:33,2025-07-03 12:18:36.313440,2025-07-03 12:57:43.500000,2025-07-03 13:01:07.200,58.57,39.119776,10.0,1,osrm
433,delivered,2025-07-03 12:02:46,2025-07-03 12:13:40.989806,2025-07-03 14:20:01.100000,2025-07-03 14:21:06.300,138.3383333333333,126.3351699,3.0,1,osrm
434,delivered,2025-07-03 12:06:26,2025-07-03 12:18:40.731352,2025-07-03 12:18:40.731352,2025-07-03 12:17:55.300,11.488333333333333,0.0,1.0,1,osrm
435,delivered,2025-07-03 12:13:46,2025-07-03 12:27:00.736337,2025-07-03 12:27:00.736337,2025-07-03 12:25:33.800,11.796666666666665,0.0,11.0,1,osrm
436,delivered,2025-07-03 12:17:53,2025-07-03 12:30:02.457405,2025-07-03 12:30:02.457405,2025-07-03 12:26:56.000,9.05,0.0,10.0,1,osrm
437,delivered,2025-07-03 12:17:19,2025-07-03 12:26:00.251892,2025-07-03 14:11:48.700000,2025-07-03 14:16:08.000,118.81666666666666,105.80746846666666,2.0,1,osrm
438,delivered,2025-07-03 12:18:26,2025-07-03 12:35:18.025244,2025-07-03 12:35:18.025244,2025-07-03 12:28:58.100,10.535,0.0,16.0,1,osrm
439,delivered,2025-07-03 12:18:44,2025-07-03 12:31:06.346720,2025-07-03 12:31:06.346720,2025-07-03 12:26:13.000,7.483333333333333,0.0,8.0,1,osrm
440,delivered,2025-07-03 12:18:01,2025-07-03 12:30:54.368572,2025-07-03 12:31:38.000000,2025-07-03 12:34:34.200,16.553333333333335,0.7271904666666666,19.0,1,osrm
441,delivered,2025-07-03 12:19:39,2025-07-03 12:34:09.273721,2025-07-03 12:34:09.273721,2025-07-03 12:32:51.900,13.215,0.0,20.0,1,osrm
442,delivered,2025-07-03 12:20:23,2025-07-03 12:34:48.662523,2025-07-03 12:34:48.662523,2025-07-03 12:33:57.300,13.571666666666665,0.0,1.0,1,osrm
443,delivered,2025-07-03 12:21:43,2025-07-03 12:38:55.930233,2025-07-03 12:38:55.930233,2025-07-03 12:35:48.500,14.091666666666667,0.0,6.0,1,osrm
444,delivered,2025-07-03 12:21:35,2025-07-03 12:34:30.045664,2025-07-03 14:50:13.600000,2025-07-03 14:52:36.400,151.02333333333334,135.7259056,18.0,1,osrm
445,delivered,2025-07-03 12:21:25,2025-07-03 12:33:10.923497,2025-07-03 15:33:46.700000,2025-07-03 15:36:53.800,195.48,180.59627504999997,17.0,1,osrm
446,delivered,2025-07-03 12:23:39,2025-07-03 12:37:07.738150,2025-07-03 12:37:07.738150,2025-07-03 12:35:12.100,11.551666666666668,0.0,3.0,1,osrm
447,delivered,2025-07-03 12:24:24,2025-07-03 12:35:29.049142,2025-07-03 12:35:29.049142,2025-07-03 12:31:26.200,7.036666666666666,0.0,12.0,1,osrm
448,delivered,2025-07-03 12:24:52,2025-07-03 12:36:04.058127,2025-07-03 14:51:01.700000,2025-07-03 14:53:14.100,148.36833333333334,134.96069788333332,14.0,1,osrm
449,delivered,2025-07-03 12:25:11,2025-07-03 12:35:46.270757,2025-07-03 12:35:46.270757,2025-07-03 12:35:25.100,10.235000000000001,0.0,5.0,1,osrm
450,delivered,2025-07-03 12:26:32,2025-07-03 12:41:50.095860,2025-07-03 15:43:19.100000,2025-07-03 15:46:07.700,199.595,181.48340233333332,4.0,1,osrm
451,delivered,2025-07-03 12:26:55,2025-07-03 12:41:19.802580,2025-07-03 12:41:43.100000,2025-07-03 12:46:03.600,19.14333333333333,0.3882903333333333,13.0,1,osrm
452,delivered,2025-07-03 12:27:38,2025-07-03 12:41:06.087828,2025-07-03 12:41:06.087828,2025-07-03 12:38:06.300,10.471666666666666,0.0,15.0,1,osrm
453,delivered,2025-07-03 12:27:18,2025-07-03 12:36:10.511985,2025-07-03 14:12:42.300000,2025-07-03 14:16:17.700,108.99499999999999,96.52980025000001,1.0,1,osrm
454,delivered,2025-07-03 12:27:19,2025-07-03 12:39:41.107595,2025-07-03 14:51:05.300000,2025-07-03 14:53:37.200,146.30333333333334,131.40320675,5.0,1,osrm
455,delivered,2025-07-03 12:28:19,2025-07-03 12:39:23.691756,2025-07-03 12:39:23.691756,2025-07-03 12:39:45.700,11.445,0.0,18.0,1,osrm
456,delivered,2025-07-03 12:31:49,2025-07-03 12:42:11.405120,2025-07-03 12:42:11.405120,2025-07-03 12:41:21.300,9.538333333333332,0.0,10.0,1,osrm
457,delivered,2025-07-03 12:34:34,2025-07-03 12:48:43.991387,2025-07-03 12:48:43.991387,2025-07-03 12:46:29.800,11.93,0.0,4.0,1,osrm
458,delivered,2025-07-03 12:39:25,2025-07-03 12:52:19.584611,2025-07-03 14:11:47.100000,2025-07-03 14:15:15.700,95.845,79.45858981666667,16.0,1,osrm
459,delivered,2025-07-03 12:40:08,2025-07-03 12:54:26.701635,2025-07-03 12:54:26.701635,2025-07-03 12:48:06.900,7.9816666666666665,0.0,19.0,1,osrm
460,delivered,2025-07-03 12:40:40,2025-07-03 12:46:57.185118,2025-07-03 15:43:41.700000,2025-07-03 15:46:10.700,185.51166666666668,176.7419147,7.0,1,osrm
461,ready,2025-07-03 12:41:57,2025-07-03 12:53:29.987554,,,,,,1,
462,delivered,2025-07-03 12:41:06,2025-07-03 12:51:21.839941,2025-07-03 12:51:21.839941,2025-07-03 12:54:09.100,13.051666666666668,0.0,6.0,1,osrm
463,delivered,2025-07-03 12:44:44,2025-07-03 12:58:15.031237,2025-07-03 12:58:15.031237,2025-07-03 12:56:55.600,12.193333333333333,0.0,15.0,1,osrm
464,delivered,2025-07-03 12:48:18,2025-07-03 13:02:33.929323,2025-07-03 15:44:37.700000,2025-07-03 15:47:28.000,179.16666666666666,162.06284461666667,6.0,1,osrm
465,delivered,2025-07-03 12:52:28,2025-07-03 13:02:29.392672,2025-07-03 13:02:29.392672,2025-07-03 13:03:46.700,11.311666666666667,0.0,16.0,1,osrm
466,delivered,2025-07-03 12:52:32,2025-07-03 13:10:25.794685,2025-07-03 13:10:25.794685,2025-07-03 13:02:19.900,9.798333333333334,0.0,19.0,1,osrm
467,ready,2025-07-03 12:52:45,2025-07-03 13:07:02.595091,,,,,,1,
468,delivered,2025-07-03 12:52:23,2025-07-03 13:01:28.307268,2025-07-03 14:13:25.400000,2025-07-03 14:17:32.600,85.16000000000001,71.95154553333333,10.0,1,osrm
469,delivered,2025-07-03 12:54:00,2025-07-03 13:06:05.093018,2025-07-03 13:06:05.093018,2025-07-03 13:05:51.800,11.863333333333333,0.0,13.0,1,osrm
470,delivered,2025-07-03 12:55:01,2025-07-03 13:06:11.718619,2025-07-03 15:46:34.700000,2025-07-03 15:49:38.300,174.62166666666664,160.38302301666667,10.0,1,osrm
471,delivered,2025-07-03 12:56:38,2025-07-03 13:11:58.693792,2025-07-03 13:11:58.693792,2025-07-03 13:10:18.500,13.675,0.0,6.0,1,osrm
472,delivered,2025-07-03 12:57:35,2025-07-03 13:09:47.389492,2025-07-03 13:09:47.389492,2025-07-03 13:07:25.700,9.845,0.0,5.0,1,osrm
473,delivered,2025-07-03 12:57:12,2025-07-03 13:07:12.810496,2025-07-03 13:07:12.810496,2025-07-03 13:06:13.600,9.026666666666667,0.0,18.0,1,osrm
474,delivered,2025-07-03 13:00:58,2025-07-03 13:09:22.946205,2025-07-03 15:02:58.900000,2025-07-03 15:03:45.600,122.79333333333334,113.59922991666667,10.0,1,osrm
475,delivered,2025-07-03 13:01:01,2025-07-03 13:09:06.305439,2025-07-03 14:13:23.400000,2025-07-03 14:17:58.000,76.95,64.28490934999999,12.0,1,osrm
476,delivered,2025-07-03 13:05:14,2025-07-03 13:20:21.434692,2025-07-03 13:20:21.434692,2025-07-03 13:19:46.800,14.546666666666665,0.0,15.0,1,osrm
477,delivered,2025-07-03 13:05:54,2025-07-03 13:23:53.297100,2025-07-03 13:23:53.297100,2025-07-03 13:16:46.100,10.868333333333334,0.0,19.0,1,osrm
478,delivered,2025-07-03 13:10:30,2025-07-03 13:23:59.456077,2025-07-03 13:23:59.456077,2025-07-03 13:22:03.300,11.555,0.0,13.0,1,osrm
479,delivered,2025-07-03 13:11:38,2025-07-03 13:20:17.985709,2025-07-03 13:20:17.985709,2025-07-03 13:20:35.100,8.951666666666666,0.0,2.0,1,osrm
480,delivered,2025-07-03 13:15:48,2025-07-03 13:26:54.581376,2025-07-03 13:26:54.581376,2025-07-03 13:30:02.100,14.235000000000001,0.0,3.0,1,osrm
481,delivered,2025-07-03 13:15:05,2025-07-03 13:29:31.645903,2025-07-03 13:29:31.645903,2025-07-03 13:22:06.200,7.02,0.0,5.0,1,osrm
482,delivered,2025-07-03 13:15:55,2025-07-03 13:31:21.311085,2025-07-03 13:34:47.100000,2025-07-03 13:37:25.000,21.5,3.42981525,10.0,1,osrm
483,delivered,2025-07-03 13:18:13,2025-07-03 13:27:53.034054,2025-07-03 13:27:53.034054,2025-07-03 13:30:33.000,12.333333333333334,0.0,20.0,1,osrm
484,ready,2025-07-03 13:18:13,2025-07-03 13:31:11.553476,,,,,,1,
485,delivered,2025-07-03 13:23:23,2025-07-03 13:34:53.015255,2025-07-03 13:34:53.015255,2025-07-03 13:34:28.600,11.093333333333334,0.0,11.0,1,osrm
486,delivered,2025-07-03 13:23:13,2025-07-03 13:34:58.371661,2025-07-03 13:34:58.371661,2025-07-03 13:33:54.000,10.683333333333334,0.0,19.0,1,osrm
487,delivered,2025-07-03 13:24:19,2025-07-03 13:34:47.156133,2025-07-03 13:34:47.156133,2025-07-03 13:33:35.500,9.275,0.0,15.0,1,osrm
488,delivered,2025-07-03 13:27:12,2025-07-03 13:39:48.165659,2025-07-03 13:39:48.165659,2025-07-03 13:37:55.700,10.728333333333333,0.0,5.0,1,osrm
489,delivered,2025-07-03 13:27:34,2025-07-03 13:41:44.532051,2025-07-03 13:41:44.532051,2025-07-03 13:38:52.900,11.315,0.0,7.0,1,osrm
490,delivered,2025-07-03 13:28:28,2025-07-03 13:36:35.479524,2025-07-03 13:36:35.479524,2025-07-03 13:38:47.500,10.325,0.0,12.0,1,osrm
491,delivered,2025-07-03 13:30:12,2025-07-03 13:37:30.440845,2025-07-03 13:37:30.440845,2025-07-03 13:39:25.700,9.228333333333333,0.0,16.0,1,osrm
492,ready,2025-07-03 13:33:31,2025-07-03 13:46:44.483420,,,,,,1,
493,delivered,2025-07-03 13:33:31,2025-07-03 13:51:36.074343,2025-07-03 13:51:36.074343,2025-07-03 13:43:57.800,10.446666666666665,0.0,9.0,1,osrm
494,delivered,2025-07-03 13:33:30,2025-07-03 13:39:27.922787,2025-07-03 13:41:17.700000,2025-07-03 13:44:10.400,10.673333333333334,1.8296202166666666,3.0,1,osrm
495,delivered,2025-07-03 13:34:36,2025-07-03 13:53:41.333470,2025-07-03 13:53:41.333470,2025-07-03 13:44:18.700,9.711666666666668,0.0,1.0,1,osrm
496,delivered,2025-07-03 13:37:50,2025-07-03 13:48:42.604494,2025-07-03 13:48:42.604494,2025-07-03 13:48:15.900,10.431666666666667,0.0,15.0,1,osrm
497,delivered,2025-07-03 13:40:02,2025-07-03 13:49:55.481827,2025-07-03 13:49:55.481827,2025-07-03 13:48:08.900,8.115,0.0,20.0,1,osrm
498,delivered,2025-07-03 13:42:32,2025-07-03 13:54:14.825529,2025-07-03 13:54:14.825529,2025-07-03 13:51:57.000,9.416666666666666,0.0,5.0,1,osrm
499,delivered,2025-07-03 13:44:37,2025-07-03 13:55:56.689244,2025-07-03 13:55:56.689244,2025-07-03 13:57:48.500,13.191666666666666,0.0,2.0,1,osrm
500,delivered,2025-07-03 13:45:52,2025-07-03 13:56:48.694793,2025-07-03 13:56:48.694793,2025-07-03 13:55:26.700,9.578333333333335,0.0,3.0,1,osrm
501,delivered,2025-07-03 13:46:30,2025-07-03 13:59:54.374792,2025-07-03 13:59:54.374792,2025-07-03 13:58:24.800,11.913333333333332,0.0,1.0,1,osrm
502,delivered,2025-07-03 13:46:20,2025-07-03 13:58:23.232544,2025-07-03 13:58:23.232544,2025-07-03 13:58:21.000,12.016666666666667,0.0,6.0,1,osrm
503,delivered,2025-07-03 13:47:37,2025-07-03 13:59:50.845253,2025-07-03 13:59:50.845253,2025-07-03 13:57:25.100,9.801666666666668,0.0,8.0,1,osrm
504,delivered,2025-07-03 13:48:26,2025-07-03 14:03:36.409910,2025-07-03 14:14:04.800000,2025-07-03 14:19:02.200,30.603333333333335,10.473168166666666,7.0,1,osrm
505,delivered,2025-07-03 13:48:14,2025-07-03 13:55:01.380480,2025-07-03 13:55:33.400000,2025-07-03 14:00:51.400,12.623333333333333,0.5336586666666666,17.0,1,osrm
506,delivered,2025-07-03 13:50:40,2025-07-03 14:01:23.925324,2025-07-03 14:01:23.925324,2025-07-03 14:04:01.700,13.361666666666668,0.0,20.0,1,osrm
507,delivered,2025-07-03 13:56:21,2025-07-03 14:07:26.911900,2025-07-03 14:07:26.911900,2025-07-03 14:07:07.500,10.775,0.0,11.0,1,osrm
508,delivered,2025-07-03 13:56:27,2025-07-03 14:07:03.661029,2025-07-03 14:07:03.661029,2025-07-03 14:09:12.400,12.756666666666666,0.0,19.0,1,osrm
509,delivered,2025-07-03 13:59:53,2025-07-03 14:13:52.351268,2025-07-03 14:13:52.351268,2025-07-03 14:08:48.100,8.918333333333333,0.0,3.0,1,osrm
510,delivered,2025-07-03 13:59:53,2025-07-03 14:14:16.337535,2025-07-03 14:14:16.337535,2025-07-03 14:09:31.800,9.646666666666667,0.0,5.0,1,osrm
511,ready,2025-07-03 14:02:34,2025-07-03 14:11:50.522757,,,,,,1,
512,delivered,2025-07-03 14:07:09,2025-07-03 14:15:07.478067,2025-07-03 14:15:07.478067,2025-07-03 14:17:12.000,10.05,0.0,9.0,1,osrm
513,delivered,2025-07-03 14:07:10,2025-07-03 14:19:53.783048,2025-07-03 14:19:53.783048,2025-07-03 14:17:19.600,10.16,0.0,13.0,1,osrm
514,delivered,2025-07-03 14:10:27,2025-07-03 14:19:04.785376,2025-07-03 14:19:04.785376,2025-07-03 14:17:29.000,7.033333333333333,0.0,14.0,1,osrm
515,delivered,2025-07-03 14:13:58,2025-07-03 14:25:45.696665,2025-07-03 14:25:45.696665,2025-07-03 14:24:14.200,10.270000000000001,0.0,5.0,1,osrm
516,delivered,2025-07-03 14:18:29,2025-07-03 14:30:33.480254,2025-07-03 14:30:33.480254,2025-07-03 14:27:41.200,9.203333333333335,0.0,6.0,1,osrm
517,delivered,2025-07-03 14:21:00,2025-07-03 14:35:08.590944,2025-07-03 14:35:08.590944,2025-07-03 14:33:13.100,12.218333333333334,0.0,9.0,1,osrm
518,delivered,2025-07-03 14:22:39,2025-07-03 14:38:20.435433,2025-07-03 14:38:20.435433,2025-07-03 14:31:28.200,8.82,0.0,7.0,1,osrm
519,delivered,2025-07-03 14:24:46,2025-07-03 14:35:05.188239,2025-07-03 14:35:05.188239,2025-07-03 14:33:37.100,8.851666666666667,0.0,20.0,1,osrm
520,delivered,2025-07-03 14:25:41,2025-07-03 14:41:24.918923,2025-07-03 14:41:24.918923,2025-07-03 14:40:22.400,14.69,0.0,5.0,1,osrm
521,delivered,2025-07-03 14:26:52,2025-07-03 14:39:30.335002,2025-07-03 14:39:30.335002,2025-07-03 14:40:41.600,13.826666666666666,0.0,3.0,1,osrm
522,delivered,2025-07-03 14:26:55,2025-07-03 14:36:33.081794,2025-07-03 14:36:33.081794,2025-07-03 14:40:21.800,13.446666666666665,0.0,11.0,1,osrm
523,delivered,2025-07-03 14:26:53,2025-07-03 14:39:18.944962,2025-07-03 14:39:18.944962,2025-07-03 14:39:36.800,12.729999999999999,0.0,18.0,1,osrm
524,delivered,2025-07-03 14:31:21,2025-07-03 14:44:08.212982,2025-07-03 14:44:08.212982,2025-07-03 14:46:23.500,15.041666666666666,0.0,16.0,1,osrm
525,delivered,2025-07-03 14:32:37,2025-07-03 14:39:19.738887,2025-07-03 14:39:31.500000,2025-07-03 14:42:29.000,9.866666666666667,0.19601854999999999,6.0,1,osrm
526,delivered,2025-07-03 14:34:50,2025-07-03 14:46:06.610737,2025-07-03 14:46:06.610737,2025-07-03 14:43:39.300,8.821666666666665,0.0,15.0,1,osrm
527,delivered,2025-07-03 14:37:21,2025-07-03 14:49:56.659954,2025-07-03 15:08:04.700000,2025-07-03 15:09:16.600,31.926666666666666,18.134000766666666,14.0,1,osrm
528,delivered,2025-07-03 14:38:43,2025-07-03 14:56:02.074013,2025-07-03 14:56:02.074013,2025-07-03 14:48:16.600,9.56,0.0,13.0,1,osrm
529,delivered,2025-07-03 14:38:22,2025-07-03 14:51:22.899346,2025-07-03 14:51:22.899346,2025-07-03 14:47:22.300,9.004999999999999,0.0,17.0,1,osrm
530,delivered,2025-07-03 14:40:11,2025-07-03 14:54:38.854172,2025-07-03 14:54:38.854172,2025-07-03 14:46:38.500,6.458333333333333,0.0,9.0,1,osrm
531,delivered,2025-07-03 14:43:20,2025-07-03 14:58:18.729696,2025-07-03 14:58:18.729696,2025-07-03 14:54:04.900,10.748333333333333,0.0,19.0,1,osrm
532,delivered,2025-07-03 14:43:40,2025-07-03 14:50:48.693288,2025-07-03 14:50:48.693288,2025-07-03 14:54:10.100,10.501666666666667,0.0,11.0,1,osrm
533,delivered,2025-07-03 14:46:19,2025-07-03 14:58:39.732743,2025-07-03 14:58:39.732743,2025-07-03 15:00:44.900,14.431666666666667,0.0,3.0,1,osrm
534,delivered,2025-07-03 14:47:20,2025-07-03 14:54:51.782663,2025-07-03 14:54:51.782663,2025-07-03 14:58:46.600,11.443333333333333,0.0,15.0,1,osrm
535,delivered,2025-07-03 14:48:40,2025-07-03 15:00:38.391444,2025-07-03 15:08:03.300000,2025-07-03 15:11:45.100,23.084999999999997,7.415142599999999,2.0,1,osrm
536,delivered,2025-07-03 14:49:52,2025-07-03 15:00:15.421688,2025-07-03 15:00:15.421688,2025-07-03 15:02:10.000,12.3,0.0,6.0,1,osrm
537,delivered,2025-07-03 14:51:17,2025-07-03 15:08:49.753214,2025-07-03 15:08:49.753214,2025-07-03 15:06:00.100,14.718333333333334,0.0,13.0,1,osrm
538,delivered,2025-07-03 14:52:00,2025-07-03 15:01:14.171889,2025-07-03 15:47:17.400000,2025-07-03 15:51:15.100,59.251666666666665,46.05380185,19.0,1,osrm
539,delivered,2025-07-03 14:52:58,2025-07-03 15:05:30.111892,2025-07-03 15:05:30.111892,2025-07-03 15:00:59.300,8.021666666666667,0.0,17.0,1,osrm
540,delivered,2025-07-03 14:52:30,2025-07-03 15:09:21.672319,2025-07-03 15:09:21.672319,2025-07-03 14:59:47.800,7.296666666666667,0.0,9.0,1,osrm
541,delivered,2025-07-03 14:54:13,2025-07-03 15:04:09.390543,2025-07-03 15:04:09.390543,2025-07-03 15:01:26.300,7.221666666666667,0.0,16.0,1,osrm
542,delivered,2025-07-03 14:54:50,2025-07-03 15:03:08.609122,2025-07-03 15:03:08.609122,2025-07-03 15:04:38.400,9.806666666666667,0.0,7.0,1,osrm
543,delivered,2025-07-03 14:55:46,2025-07-03 15:09:36.020585,2025-07-03 15:09:36.020585,2025-07-03 15:08:21.100,12.585,0.0,12.0,1,osrm
544,delivered,2025-07-03 14:56:52,2025-07-03 15:06:16.040725,2025-07-03 15:06:56.500000,2025-07-03 15:10:20.200,13.47,0.67432125,18.0,1,osrm
545,delivered,2025-07-03 14:57:05,2025-07-03 15:08:52.484286,2025-07-03 15:08:52.484286,2025-07-03 15:07:41.700,10.611666666666668,0.0,4.0,1,osrm
546,delivered,2025-07-03 14:58:35,2025-07-03 15:17:32.077401,2025-07-03 15:17:32.077401,2025-07-03 15:04:32.900,5.965,0.0,19.0,1,osrm
547,delivered,2025-07-03 15:00:02,2025-07-03 15:05:02.000000,2025-07-03 15:05:02.000000,2025-07-03 15:07:36.600,7.576666666666667,0.0,11.0,1,osrm
548,delivered,2025-07-03 15:00:17,2025-07-03 15:10:46.409989,2025-07-03 15:10:46.409989,2025-07-03 15:08:05.000,7.8,0.0,8.0,1,osrm
549,delivered,2025-07-03 15:05:57,2025-07-03 15:14:47.033993,2025-07-03 15:16:21.200000,2025-07-03 15:19:35.500,13.641666666666667,1.5694334499999998,17.0,1,osrm
550,delivered,2025-07-03 15:06:19,2025-07-03 15:18:43.462890,2025-07-03 15:18:43.462890,2025-07-03 15:17:43.700,11.411666666666667,0.0,7.0,1,osrm
551,delivered,2025-07-03 15:07:35,2025-07-03 15:20:21.904329,2025-07-03 15:47:09.800000,2025-07-03 15:50:54.800,43.330000000000005,26.798261183333334,2.0,1,osrm
552,delivered,2025-07-03 15:07:38,2025-07-03 15:18:18.983297,2025-07-03 15:18:18.983297,2025-07-03 15:18:03.200,10.42,0.0,3.0,1,osrm
553,delivered,2025-07-03 15:08:08,2025-07-03 15:21:33.772458,2025-07-03 15:21:33.772458,2025-07-03 15:19:48.000,11.666666666666666,0.0,19.0,1,osrm
554,delivered,2025-07-03 15:10:18,2025-07-03 15:30:23.219658,2025-07-03 15:30:23.219658,2025-07-03 15:22:40.800,12.379999999999999,0.0,16.0,1,osrm
555,delivered,2025-07-03 15:12:45,2025-07-03 15:25:59.006909,2025-07-03 15:25:59.006909,2025-07-03 15:22:33.500,9.808333333333334,0.0,18.0,1,osrm
556,delivered,2025-07-03 15:17:06,2025-07-03 15:29:29.208636,2025-07-03 15:29:29.208636,2025-07-03 15:28:53.700,11.795,0.0,9.0,1,osrm
557,delivered,2025-07-03 15:18:13,2025-07-03 15:30:26.659971,2025-07-03 15:30:26.659971,2025-07-03 15:30:30.000,12.283333333333333,0.0,2.0,1,osrm
558,ready,2025-07-03 15:19:57,2025-07-03 15:36:02.906863,,,,,,1,
559,delivered,2025-07-03 15:19:48,2025-07-03 15:32:14.598709,2025-07-03 15:32:14.598709,2025-07-03 15:33:32.500,13.741666666666667,0.0,6.0,1,osrm
560,delivered,2025-07-03 15:21:26,2025-07-03 15:35:32.904503,2025-07-03 15:35:32.904503,2025-07-03 15:34:33.300,13.121666666666666,0.0,3.0,1,osrm
561,delivered,2025-07-03 15:21:31,2025-07-03 15:37:44.951258,2025-07-03 15:37:44.951258,2025-07-03 15:35:09.500,13.641666666666667,0.0,19.0,1,osrm
562,delivered,2025-07-03 15:23:51,2025-07-03 15:40:29.660050,2025-07-03 15:40:29.660050,2025-07-03 15:32:46.500,8.925,0.0,10.0,1,osrm
563,delivered,2025-07-03 15:23:02,2025-07-03 15:35:20.822501,2025-07-03 15:35:20.822501,2025-07-03 15:32:33.800,9.53,0.0,7.0,1,osrm
564,delivered,2025-07-03 15:25:36,2025-07-03 15:38:43.308014,2025-07-03 15:52:44.300000,2025-07-03 15:57:28.600,31.876666666666665,14.0165331,12.0,1,osrm
565,delivered,2025-07-03 15:26:06,2025-07-03 15:43:05.203052,2025-07-03 15:43:05.203052,2025-07-03 15:36:43.600,10.626666666666667,0.0,16.0,1,osrm
566,delivered,2025-07-03 15:28:46,2025-07-03 15:38:01.464773,2025-07-03 15:38:01.464773,2025-07-03 15:40:07.800,11.363333333333333,0.0,18.0,1,osrm
567,delivered,2025-07-03 15:28:44,2025-07-03 15:36:40.467178,2025-07-03 15:40:25.700000,2025-07-03 15:45:21.600,16.62666666666667,3.7538803666666665,8.0,1,osrm
568,delivered,2025-07-03 15:29:15,2025-07-03 15:36:37.212296,2025-07-03 15:36:37.212296,2025-07-03 15:36:47.600,7.543333333333334,0.0,11.0,1,osrm
569,delivered,2025-07-03 15:30:07,2025-07-03 15:49:13.855207,2025-07-03 15:49:13.855207,2025-07-03 15:40:36.000,10.483333333333333,0.0,14.0,1,osrm
570,delivered,2025-07-03 15:31:55,2025-07-03 15:48:13.228344,2025-07-03 15:48:13.228344,2025-07-03 15:45:14.200,13.32,0.0,13.0,1,osrm
571,delivered,2025-07-03 15:31:59,2025-07-03 15:38:40.494054,2025-07-03 15:38:57.300000,2025-07-03 15:43:45.400,11.773333333333333,0.2800991,1.0,1,osrm
572,delivered,2025-07-03 15:33:23,2025-07-03 15:45:27.661526,2025-07-03 15:45:27.661526,2025-07-03 15:44:11.400,10.806666666666667,0.0,9.0,1,osrm
573,delivered,2025-07-03 15:34:03,2025-07-03 15:49:49.205143,2025-07-03 15:49:49.205143,2025-07-03 15:45:00.300,10.955,0.0,20.0,1,osrm
574,delivered,2025-07-03 15:35:23,2025-07-03 15:47:34.475469,2025-07-03 15:47:34.475469,2025-07-03 15:46:58.200,11.586666666666668,0.0,5.0,1,osrm
575,delivered,2025-07-03 15:35:07,2025-07-03 15:46:20.769314,2025-07-03 15:46:20.769314,2025-07-03 15:42:10.400,7.056666666666667,0.0,12.0,1,osrm
576,delivered,2025-07-03 15:38:47,2025-07-03 15:53:34.560002,2025-07-03 15:53:34.560002,2025-07-03 15:46:15.600,7.4766666666666675,0.0,3.0,1,osrm
577,delivered,2025-07-03 15:40:15,2025-07-03 15:56:22.562753,2025-07-03 15:56:22.562753,2025-07-03 15:56:27.000,16.2,0.0,8.0,1,osrm
578,delivered,2025-07-03 15:40:55,2025-07-03 15:58:50.409448,2025-07-03 15:58:50.409448,2025-07-03 15:53:14.900,12.331666666666667,0.0,11.0,1,osrm
579,delivered,2025-07-03 15:43:14,2025-07-03 15:48:22.531548,2025-07-03 15:50:38.900000,2025-07-03 15:53:21.900,10.131666666666666,2.2728075333333333,17.0,1,osrm
580,delivered,2025-07-03 15:43:14,2025-07-03 15:52:36.199629,2025-07-03 15:52:36.199629,2025-07-03 15:55:05.700,11.861666666666668,0.0,18.0,1,osrm
581,delivered,2025-07-03 15:43:41,2025-07-03 15:56:17.828980,2025-07-03 15:56:17.828980,2025-07-03 15:55:51.800,12.18,0.0,14.0,1,osrm
582,delivered,2025-07-03 15:44:40,2025-07-03 15:54:17.390567,2025-07-03 15:54:17.390567,2025-07-03 15:53:06.300,8.438333333333334,0.0,15.0,1,osrm
583,delivered,2025-07-03 15:44:30,2025-07-03 15:57:35.136303,2025-07-03 15:57:35.136303,2025-07-03 15:55:11.800,10.696666666666665,0.0,16.0,1,osrm
584,delivered,2025-07-03 15:48:50,2025-07-03 15:58:42.371799,2025-07-03 15:58:42.371799,2025-07-03 16:00:26.400,11.606666666666666,0.0,9.0,1,osrm
585,delivered,2025-07-03 15:48:06,2025-07-03 16:00:40.746072,2025-07-03 16:00:40.746072,2025-07-03 15:57:17.700,9.195,0.0,1.0,1,osrm
586,ready,2025-07-03 15:50:50,2025-07-03 16:02:05.835642,,,,,,1,
587,delivered,2025-07-03 15:51:40,2025-07-03 15:58:04.451854,2025-07-03 16:03:58.200000,2025-07-03 16:07:52.200,16.203333333333333,5.895802433333333,18.0,1,osrm
588,delivered,2025-07-03 15:52:26,2025-07-03 16:02:37.352413,2025-07-03 16:02:37.352413,2025-07-03 16:02:50.000,10.4,0.0,3.0,1,osrm
589,delivered,2025-07-03 15:52:17,2025-07-03 16:04:13.407543,2025-07-03 16:04:13.407543,2025-07-03 16:01:21.800,9.08,0.0,10.0,1,osrm
590,delivered,2025-07-03 15:52:51,2025-07-03 16:09:12.374997,2025-07-03 16:09:12.374997,2025-07-03 16:11:08.700,18.295,0.0,17.0,1,osrm
591,delivered,2025-07-03 15:52:54,2025-07-03 16:07:33.884925,2025-07-03 16:07:33.884925,2025-07-03 16:04:34.000,11.666666666666666,0.0,5.0,1,osrm
592,delivered,2025-07-03 15:53:25,2025-07-03 16:05:52.400838,2025-07-03 16:05:52.400838,2025-07-03 16:04:55.300,11.504999999999999,0.0,6.0,1,osrm
593,delivered,2025-07-03 15:53:11,2025-07-03 16:06:35.246138,2025-07-03 16:06:35.246138,2025-07-03 16:04:50.100,11.651666666666667,0.0,4.0,1,osrm
594,delivered,2025-07-03 15:54:10,2025-07-03 16:08:55.878604,2025-07-03 16:08:55.878604,2025-07-03 16:06:53.400,12.723333333333333,0.0,16.0,1,osrm
595,delivered,2025-07-03 15:54:01,2025-07-03 16:09:36.354892,2025-07-03 16:09:36.354892,2025-07-03 16:02:12.600,8.193333333333333,0.0,7.0,1,osrm
596,delivered,2025-07-03 15:54:38,2025-07-03 16:07:36.328535,2025-07-03 16:07:36.328535,2025-07-03 16:09:33.700,14.928333333333335,0.0,11.0,1,osrm
597,delivered,2025-07-03 15:55:07,2025-07-03 16:03:48.352508,2025-07-03 16:07:33.900000,2025-07-03 16:12:22.200,17.253333333333334,3.759124866666667,2.0,1,osrm
598,delivered,2025-07-03 15:59:44,2025-07-03 16:08:19.236516,2025-07-03 16:08:19.236516,2025-07-03 16:09:26.400,9.706666666666667,0.0,15.0,1,osrm
599,delivered,2025-07-03 16:00:23,2025-07-03 16:10:41.175841,2025-07-03 20:13:41.500000,2025-07-03 20:17:38.400,257.25666666666666,243.00540265,17.0,1,osrm
600,delivered,2025-07-03 16:00:19,2025-07-03 16:09:45.781243,2025-07-03 16:09:45.781243,2025-07-03 16:10:06.000,9.783333333333333,0.0,19.0,1,osrm
601,delivered,2025-07-03 16:00:44,2025-07-03 16:11:06.252859,2025-07-03 16:11:06.252859,2025-07-03 16:15:50.900,15.115,0.0,14.0,1,osrm
602,delivered,2025-07-03 16:01:19,2025-07-03 16:13:01.511071,2025-07-03 19:59:40.700000,2025-07-03 20:03:56.900,242.63166666666666,226.65314881666666,9.0,1,osrm
603,delivered,2025-07-03 16:01:26,2025-07-03 16:13:22.474311,2025-07-03 16:13:22.474311,2025-07-03 16:16:06.900,14.681666666666667,0.0,12.0,1,osrm
604,delivered,2025-07-03 16:02:24,2025-07-03 16:13:12.089641,2025-07-03 16:13:12.089641,2025-07-03 16:14:08.100,11.735000000000001,0.0,1.0,1,osrm
605,delivered,2025-07-03 16:02:03,2025-07-03 16:18:04.931164,2025-07-03 16:18:04.931164,2025-07-03 16:12:31.300,10.471666666666666,0.0,13.0,1,osrm
606,delivered,2025-07-03 16:03:45,2025-07-03 16:19:16.462308,2025-07-03 16:19:16.462308,2025-07-03 16:12:32.700,8.795,0.0,9.0,1,osrm
607,delivered,2025-07-03 16:03:36,2025-07-03 16:13:44.102889,2025-07-03 19:16:10.700000,2025-07-03 19:19:23.700,195.79500000000002,182.44328518333333,2.0,1,osrm
608,delivered,2025-07-03 16:03:29,2025-07-03 16:16:02.029305,2025-07-03 16:16:02.029305,2025-07-03 16:13:32.500,10.058333333333334,0.0,20.0,1,osrm
609,delivered,2025-07-03 16:03:14,2025-07-03 16:17:47.528768,2025-07-03 16:17:47.528768,2025-07-03 16:12:59.400,9.756666666666666,0.0,8.0,1,osrm
610,ready,2025-07-03 16:04:39,2025-07-03 16:17:25.428487,,,,,,1,
611,ready,2025-07-03 16:05:51,2025-07-03 16:21:27.614519,,,,,,1,
612,delivered,2025-07-03 16:05:58,2025-07-03 16:19:35.989658,2025-07-03 16:19:35.989658,2025-07-03 16:21:19.000,15.35,0.0,10.0,1,osrm
613,delivered,2025-07-03 16:06:16,2025-07-03 16:20:31.197922,2025-07-03 16:20:31.197922,2025-07-03 16:16:28.600,10.21,0.0,7.0,1,osrm
614,delivered,2025-07-03 16:06:11,2025-07-03 16:19:48.459693,2025-07-03 19:28:38.300000,2025-07-03 19:33:01.200,206.83666666666667,188.83067178333334,2.0,1,osrm
615,delivered,2025-07-03 16:06:45,2025-07-03 16:20:16.953212,2025-07-03 16:20:16.953212,2025-07-03 16:16:53.400,10.139999999999999,0.0,5.0,1,osrm
616,delivered,2025-07-03 16:06:23,2025-07-03 16:18:24.684782,2025-07-03 16:22:03.400000,2025-07-03 16:25:37.800,19.246666666666666,3.645253633333333,18.0,1,osrm
617,delivered,2025-07-03 16:07:32,2025-07-03 16:19:11.126800,2025-07-03 19:54:34.300000,2025-07-03 19:57:55.800,230.39666666666665,215.38621999999998,14.0,1,osrm
618,delivered,2025-07-03 16:08:13,2025-07-03 16:16:03.389828,2025-07-03 16:16:03.389828,2025-07-03 16:17:54.000,9.683333333333334,0.0,6.0,1,osrm
619,delivered,2025-07-03 16:08:09,2025-07-03 16:23:35.585129,2025-07-03 16:23:35.585129,2025-07-03 16:20:12.300,12.055,0.0,4.0,1,osrm
620,delivered,2025-07-03 16:09:42,2025-07-03 16:21:11.674333,2025-07-03 18:58:11.400000,2025-07-03 19:01:59.000,172.28333333333333,156.99542778333335,19.0,1,osrm
621,delivered,2025-07-03 16:09:04,2025-07-03 16:19:41.647413,2025-07-03 16:22:07.800000,2025-07-03 16:25:49.300,16.755,2.4358764500000003,19.0,1,osrm
622,delivered,2025-07-03 16:10:09,2025-07-03 16:22:49.012214,2025-07-03 16:25:08.500000,2025-07-03 16:28:09.300,18.005,2.3247964333333333,1.0,1,osrm
623,delivered,2025-07-03 16:10:18,2025-07-03 16:20:03.028273,2025-07-03 16:20:03.028273,2025-07-03 16:22:09.900,11.865,0.0,3.0,1,osrm
624,delivered,2025-07-03 16:11:40,2025-07-03 16:26:13.553928,2025-07-03 16:26:13.553928,2025-07-03 16:22:59.100,11.318333333333333,0.0,11.0,1,osrm
625,delivered,2025-07-03 16:13:27,2025-07-03 16:21:24.676622,2025-07-03 16:21:24.676622,2025-07-03 16:23:21.100,9.901666666666667,0.0,15.0,1,osrm
626,delivered,2025-07-03 16:13:24,2025-07-03 16:18:24.000000,2025-07-03 16:26:44.500000,2025-07-03 16:30:13.900,16.831666666666667,8.341666666666667,17.0,1,osrm
627,ready,2025-07-03 16:13:05,2025-07-03 16:24:22.358374,,,,,,1,
628,delivered,2025-07-03 16:14:16,2025-07-03 16:24:36.323421,2025-07-03 19:54:41.500000,2025-07-03 19:56:57.300,222.68833333333333,210.08627631666667,19.0,1,osrm
629,delivered,2025-07-03 16:15:49,2025-07-03 16:30:01.177383,2025-07-03 20:05:05.500000,2025-07-03 20:09:44.300,233.92166666666665,215.07204361666666,1.0,1,osrm
630,ready,2025-07-03 16:15:13,2025-07-03 16:22:58.424998,,,,,,1,
631,delivered,2025-07-03 16:15:23,2025-07-03 16:28:17.308238,2025-07-03 16:28:17.308238,2025-07-03 16:24:36.600,9.226666666666667,0.0,16.0,1,osrm
632,ready,2025-07-03 16:15:04,2025-07-03 16:22:15.161321,,,,,,1,
633,delivered,2025-07-03 16:15:53,2025-07-03 16:27:20.783033,2025-07-03 16:27:20.783033,2025-07-03 16:29:16.400,13.389999999999999,0.0,13.0,1,osrm
634,delivered,2025-07-03 16:16:22,2025-07-03 16:35:06.247852,2025-07-03 16:35:06.247852,2025-07-03 16:28:46.000,12.4,0.0,8.0,1,osrm
635,delivered,2025-07-03 16:17:33,2025-07-03 16:29:24.232459,2025-07-03 16:29:24.232459,2025-07-03 16:29:18.100,11.751666666666667,0.0,2.0,1,osrm
636,ready,2025-07-03 16:17:13,2025-07-03 16:28:15.651008,,,,,,1,
637,delivered,2025-07-03 16:19:25,2025-07-03 16:27:36.977325,2025-07-03 16:27:36.977325,2025-07-03 16:29:24.200,9.986666666666668,0.0,9.0,1,osrm
638,delivered,2025-07-03 16:19:00,2025-07-03 16:25:21.391334,2025-07-03 16:27:39.700000,2025-07-03 16:30:48.500,11.808333333333334,2.305144433333333,20.0,1,osrm
639,ready,2025-07-03 16:20:06,2025-07-03 16:33:53.732247,,,,,,1,
640,delivered,2025-07-03 16:20:39,2025-07-03 16:34:18.648137,2025-07-03 16:34:18.648137,2025-07-03 16:33:20.000,12.683333333333334,0.0,14.0,1,osrm
641,ready,2025-07-03 16:20:06,2025-07-03 16:29:31.960276,,,,,,1,
642,delivered,2025-07-03 16:22:29,2025-07-03 16:28:17.731286,2025-07-03 16:31:26.200000,2025-07-03 16:34:43.200,12.236666666666668,3.1411452333333334,6.0,1,osrm
643,delivered,2025-07-03 16:22:16,2025-07-03 16:32:21.549174,2025-07-03 16:32:21.549174,2025-07-03 16:33:19.600,11.06,0.0,5.0,1,osrm
644,delivered,2025-07-03 16:22:27,2025-07-03 16:34:19.497618,2025-07-03 16:34:19.497618,2025-07-03 16:35:14.700,12.795,0.0,7.0,1,osrm
645,delivered,2025-07-03 16:22:51,2025-07-03 16:28:58.545997,2025-07-03 16:28:59.100000,2025-07-03 16:34:02.600,11.193333333333333,0.009233383333333334,4.0,1,osrm
646,delivered,2025-07-03 16:23:04,2025-07-03 16:35:38.907563,2025-07-03 20:05:11.500000,2025-07-03 20:07:50.100,224.76833333333335,209.54320728333332,11.0,1,osrm
647,ready,2025-07-03 16:23:47,2025-07-03 16:33:52.709914,,,,,,1,
648,ready,2025-07-03 16:23:35,2025-07-03 16:38:36.174460,,,,,,1,
649,delivered,2025-07-03 16:23:46,2025-07-03 16:35:43.828447,2025-07-03 20:08:22.700000,2025-07-03 20:13:25.900,229.665,212.6478592166667,2.0,1,osrm
650,ready,2025-07-03 16:23:38,2025-07-03 16:37:38.126169,,,,,,1,
651,delivered,2025-07-03 16:24:08,2025-07-03 16:35:11.643301,2025-07-03 20:09:09.000000,2025-07-03 20:14:29.900,230.36499999999998,213.95594498333332,12.0,1,osrm
652,delivered,2025-07-03 16:24:25,2025-07-03 16:34:01.989864,2025-07-03 19:54:49.600000,2025-07-03 19:56:20.300,211.92166666666665,200.79350226666665,8.0,1,osrm
653,delivered,2025-07-03 16:24:29,2025-07-03 16:35:21.477888,2025-07-03 16:35:21.477888,2025-07-03 16:36:11.400,11.706666666666667,0.0,12.0,1,osrm
654,delivered,2025-07-03 16:25:39,2025-07-03 16:38:35.350818,2025-07-03 16:38:35.350818,2025-07-03 16:40:53.900,15.248333333333333,0.0,3.0,1,osrm
655,delivered,2025-07-03 16:25:52,2025-07-03 16:35:54.105906,2025-07-03 20:09:23.200000,2025-07-03 20:12:43.200,226.85333333333335,213.48490156666668,5.0,1,osrm
656,delivered,2025-07-03 16:26:24,2025-07-03 16:41:54.149213,2025-07-03 16:41:54.149213,2025-07-03 16:36:59.600,10.593333333333334,0.0,16.0,1,osrm
657,delivered,2025-07-03 16:26:10,2025-07-03 16:36:53.392213,2025-07-03 19:50:58.800000,2025-07-03 19:54:48.100,208.63500000000002,194.09012978333334,12.0,1,osrm
658,delivered,2025-07-03 16:26:51,2025-07-03 16:37:52.957734,2025-07-03 16:39:23.400000,2025-07-03 16:42:34.200,15.72,1.5073711,13.0,1,osrm
659,delivered,2025-07-03 16:27:21,2025-07-03 16:34:07.890259,2025-07-03 16:42:04.900000,2025-07-03 16:44:52.000,17.516666666666666,7.95016235,9.0,1,osrm
660,delivered,2025-07-03 16:27:04,2025-07-03 16:38:08.477721,2025-07-03 16:38:08.477721,2025-07-03 16:39:09.000,12.083333333333334,0.0,10.0,1,osrm
661,delivered,2025-07-03 16:27:13,2025-07-03 16:40:02.622402,2025-07-03 16:40:27.900000,2025-07-03 16:45:36.600,18.39333333333333,0.42129330000000004,17.0,1,osrm
662,delivered,2025-07-03 16:27:00,2025-07-03 16:38:21.774316,2025-07-03 19:01:49.100000,2025-07-03 19:04:49.600,157.82666666666668,143.45542806666666,7.0,1,osrm
663,delivered,2025-07-03 16:28:30,2025-07-03 16:40:32.188937,2025-07-03 16:40:32.188937,2025-07-03 16:39:11.000,10.683333333333334,0.0,11.0,1,osrm
664,delivered,2025-07-03 16:28:37,2025-07-03 16:44:37.264657,2025-07-03 16:54:40.800000,2025-07-03 16:57:04.400,28.456666666666667,10.058922383333334,19.0,1,osrm
665,delivered,2025-07-03 16:28:06,2025-07-03 16:38:38.606729,2025-07-03 20:08:52.800000,2025-07-03 20:13:54.000,225.8,210.23655451666667,14.0,1,osrm
666,delivered,2025-07-03 16:28:30,2025-07-03 16:41:35.547715,2025-07-03 16:41:35.547715,2025-07-03 16:43:19.500,14.825,0.0,2.0,1,osrm
667,delivered,2025-07-03 16:29:30,2025-07-03 16:39:08.867945,2025-07-03 16:39:08.867945,2025-07-03 16:36:49.100,7.318333333333333,0.0,15.0,1,osrm
668,delivered,2025-07-03 16:29:09,2025-07-03 16:40:11.928369,2025-07-03 16:40:35.700000,2025-07-03 16:41:27.700,12.311666666666667,0.39619385,19.0,1,osrm
669,delivered,2025-07-03 16:29:23,2025-07-03 16:37:39.539049,2025-07-03 19:32:13.000000,2025-07-03 19:36:48.400,187.42333333333332,174.55768251666666,13.0,1,osrm
670,ready,2025-07-03 16:29:15,2025-07-03 16:45:41.791586,,,,,,1,
671,delivered,2025-07-03 16:31:26,2025-07-03 16:46:00.097259,2025-07-03 16:46:00.097259,2025-07-03 16:42:30.500,11.075,0.0,1.0,1,osrm
672,delivered,2025-07-03 16:31:16,2025-07-03 16:44:17.784112,2025-07-03 19:33:38.000000,2025-07-03 19:36:11.600,184.92666666666668,169.33693146666667,7.0,1,osrm
673,delivered,2025-07-03 16:31:00,2025-07-03 16:43:29.810582,2025-07-03 16:55:00.900000,2025-07-03 16:57:16.800,26.279999999999998,11.518156966666668,2.0,1,osrm
674,delivered,2025-07-03 16:31:59,2025-07-03 16:41:30.230258,2025-07-03 16:41:54.600000,2025-07-03 16:45:02.200,13.053333333333335,0.40616236666666666,8.0,1,osrm
675,ready,2025-07-03 16:32:33,2025-07-03 16:40:19.596649,,,,,,1,
676,delivered,2025-07-03 16:32:53,2025-07-03 16:50:01.657723,2025-07-03 19:34:29.200000,2025-07-03 19:38:43.600,185.84333333333333,164.45903795,5.0,1,osrm
677,ready,2025-07-03 16:32:35,2025-07-03 16:44:36.596886,,,,,,1,
678,delivered,2025-07-03 16:33:20,2025-07-03 16:45:35.464539,2025-07-03 18:51:01.300000,2025-07-03 18:54:31.400,141.19,125.43059101666667,10.0,1,osrm
679,delivered,2025-07-03 16:33:47,2025-07-03 16:41:11.232231,2025-07-03 16:41:47.000000,2025-07-03 16:44:43.200,10.936666666666667,0.5961294833333334,18.0,1,osrm
680,delivered,2025-07-03 16:34:24,2025-07-03 16:47:38.551419,2025-07-03 18:34:18.900000,2025-07-03 18:37:49.900,123.43166666666666,106.67247635,1.0,1,osrm
681,delivered,2025-07-03 16:34:41,2025-07-03 16:52:01.307601,2025-07-03 19:34:19.500000,2025-07-03 19:38:35.900,183.915,162.30320665,20.0,1,osrm
682,delivered,2025-07-03 16:34:17,2025-07-03 16:45:40.735864,2025-07-03 18:50:38.300000,2025-07-03 18:53:59.900,139.715,124.95940226666667,20.0,1,osrm
683,ready,2025-07-03 16:34:42,2025-07-03 16:45:40.058334,,,,,,1,
684,delivered,2025-07-03 16:35:52,2025-07-03 16:45:25.967597,2025-07-03 19:02:51.000000,2025-07-03 19:06:36.000,150.73333333333332,137.41720671666664,14.0,1,osrm
685,delivered,2025-07-03 16:35:14,2025-07-03 16:47:09.427707,2025-07-03 19:20:08.900000,2025-07-03 19:23:16.900,168.04833333333332,152.99120488333335,10.0,1,osrm
686,delivered,2025-07-03 16:35:50,2025-07-03 16:44:56.447167,2025-07-03 16:44:56.447167,2025-07-03 16:46:09.000,10.316666666666666,0.0,5.0,1,osrm
687,ready,2025-07-03 16:35:16,2025-07-03 16:43:38.293858,,,,,,1,
688,delivered,2025-07-03 16:35:31,2025-07-03 16:51:59.045880,2025-07-03 16:51:59.045880,2025-07-03 16:46:16.300,10.754999999999999,0.0,7.0,1,osrm
689,delivered,2025-07-03 16:35:58,2025-07-03 16:49:22.884773,2025-07-03 16:49:22.884773,2025-07-03 16:53:50.600,17.876666666666665,0.0,12.0,1,osrm
690,delivered,2025-07-03 16:36:09,2025-07-03 16:46:46.901554,2025-07-03 16:52:03.900000,2025-07-03 16:55:19.000,19.166666666666668,5.283307433333333,16.0,1,osrm
691,delivered,2025-07-03 16:36:57,2025-07-03 16:46:08.946650,2025-07-03 19:03:42.400000,2025-07-03 19:07:10.100,150.21833333333333,137.55755583333334,6.0,1,osrm
692,delivered,2025-07-03 16:36:38,2025-07-03 16:50:13.574224,2025-07-03 16:50:13.574224,2025-07-03 16:49:18.600,12.676666666666668,0.0,14.0,1,osrm
693,ready,2025-07-03 16:37:28,2025-07-03 16:52:38.812434,,,,,,1,
694,delivered,2025-07-03 16:37:24,2025-07-03 16:52:35.599162,2025-07-03 18:50:42.500000,2025-07-03 18:54:13.600,136.82666666666668,118.11501396666667,16.0,1,osrm
695,delivered,2025-07-03 16:37:34,2025-07-03 16:50:08.240229,2025-07-03 16:50:08.240229,2025-07-03 16:46:17.900,8.731666666666666,0.0,4.0,1,osrm
696,delivered,2025-07-03 16:37:54,2025-07-03 16:51:25.025014,2025-07-03 18:39:34.800000,2025-07-03 18:41:54.700,124.01166666666667,108.16291643333334,4.0,1,osrm
697,delivered,2025-07-03 16:38:27,2025-07-03 16:53:52.419857,2025-07-03 19:35:41.200000,2025-07-03 19:38:12.300,179.755,161.81300238333333,6.0,1,osrm
698,ready,2025-07-03 16:38:38,2025-07-03 16:46:49.436546,,,,,,1,
699,ready,2025-07-03 16:38:33,2025-07-03 16:54:45.385496,,,,,,1,
700,delivered,2025-07-03 16:38:08,2025-07-03 16:49:11.217196,2025-07-03 18:40:28.400000,2025-07-03 18:42:57.200,124.82,111.28638006666667,5.0,1,osrm
701,delivered,2025-07-03 16:38:45,2025-07-03 16:53:58.643794,2025-07-03 16:53:58.643794,2025-07-03 16:51:04.200,12.32,0.0,20.0,1,osrm
702,ready,2025-07-03 16:38:38,2025-07-03 16:53:47.329723,,,,,,1,
703,delivered,2025-07-03 16:38:15,2025-07-03 16:55:29.679594,2025-07-03 16:55:29.679594,2025-07-03 16:50:32.700,12.295,0.0,6.0,1,osrm
704,ready,2025-07-03 16:40:34,2025-07-03 16:54:25.676914,,,,,,1,
705,ready,2025-07-03 16:40:36,2025-07-03 16:50:39.016305,,,,,,1,
706,delivered,2025-07-03 16:40:29,2025-07-03 16:49:06.320038,2025-07-03 19:36:17.200000,2025-07-03 19:39:00.900,178.53166666666667,167.1813327,12.0,1,osrm
707,delivered,2025-07-03 16:41:03,2025-07-03 16:58:14.862269,2025-07-03 16:58:14.862269,2025-07-03 16:52:56.800,11.896666666666667,0.0,10.0,1,osrm
708,delivered,2025-07-03 16:41:44,2025-07-03 16:57:30.688139,2025-07-03 16:57:30.688139,2025-07-03 16:58:59.300,17.255,0.0,13.0,1,osrm
709,delivered,2025-07-03 16:41:19,2025-07-03 16:51:26.581056,2025-07-03 19:05:16.400000,2025-07-03 19:07:35.000,146.26666666666668,133.83031573333332,12.0,1,osrm
710,ready,2025-07-03 16:41:36,2025-07-03 16:49:22.903242,,,,,,1,
711,delivered,2025-07-03 16:41:47,2025-07-03 16:56:41.299620,2025-07-03 16:56:41.299620,2025-07-03 16:55:37.500,13.841666666666667,0.0,11.0,1,osrm
712,delivered,2025-07-03 16:42:50,2025-07-03 16:56:25.346267,2025-07-03 16:56:25.346267,2025-07-03 16:58:42.800,15.879999999999999,0.0,1.0,1,osrm
713,ready,2025-07-03 16:42:28,2025-07-03 16:59:29.874975,,,,,,1,
714,ready,2025-07-03 16:42:50,2025-07-03 16:52:34.815555,,,,,,1,
715,delivered,2025-07-03 16:42:11,2025-07-03 16:54:37.205323,2025-07-03 18:41:17.200000,2025-07-03 18:44:32.700,122.36166666666666,106.66657794999999,2.0,1,osrm
716,ready,2025-07-03 16:42:47,2025-07-03 16:58:52.206501,,,,,,1,
717,delivered,2025-07-03 16:43:44,2025-07-03 16:51:42.176160,2025-07-03 16:51:42.176160,2025-07-03 16:52:26.500,8.708333333333334,0.0,15.0,1,osrm
718,delivered,2025-07-03 16:44:45,2025-07-03 16:51:44.608130,2025-07-03 19:21:03.700000,2025-07-03 19:23:31.800,158.78,149.31819783333333,14.0,1,osrm
719,ready,2025-07-03 16:44:39,2025-07-03 16:59:04.586439,,,,,,1,
720,delivered,2025-07-03 16:45:43,2025-07-03 16:54:17.334533,2025-07-03 16:56:15.300000,2025-07-03 16:58:42.900,12.998333333333333,1.9660911166666668,8.0,1,osrm
721,ready,2025-07-03 16:45:46,2025-07-03 17:02:08.810108,,,,,,1,
722,delivered,2025-07-03 16:45:46,2025-07-03 16:51:21.942612,2025-07-03 20:08:38.400000,2025-07-03 20:12:42.600,206.94333333333333,197.27428980000002,15.0,1,osrm
723,ready,2025-07-03 16:46:54,2025-07-03 16:55:29.655691,,,,,,1,
724,ready,2025-07-03 16:46:29,2025-07-03 17:03:12.338526,,,,,,1,
725,delivered,2025-07-03 16:46:04,2025-07-03 16:54:47.795300,2025-07-03 16:54:47.795300,2025-07-03 16:56:32.500,10.475,0.0,3.0,1,osrm
726,ready,2025-07-03 16:46:21,2025-07-03 16:59:44.713504,,,,,,1,
727,ready,2025-07-03 16:46:29,2025-07-03 16:59:55.656370,,,,,,1,
728,ready,2025-07-03 16:47:13,2025-07-03 17:01:32.062539,,,,,,1,
729,delivered,2025-07-03 16:47:32,2025-07-03 16:57:34.304807,2025-07-03 20:10:47.800000,2025-07-03 20:14:07.900,206.59833333333333,193.22491988333334,8.0,1,osrm
730,ready,2025-07-03 16:47:20,2025-07-03 16:59:01.671939,,,,,,1,
731,ready,2025-07-03 16:47:16,2025-07-03 16:57:28.082836,,,,,,1,
732,delivered,2025-07-03 16:47:22,2025-07-03 17:01:35.956507,2025-07-03 18:54:14.600000,2025-07-03 18:57:44.300,130.37166666666667,112.64405821666666,1.0,1,osrm
733,delivered,2025-07-03 16:47:54,2025-07-03 17:00:25.678358,2025-07-03 17:00:25.678358,2025-07-03 16:57:51.900,9.965,0.0,18.0,1,osrm
734,delivered,2025-07-03 16:48:08,2025-07-03 17:01:33.482165,2025-07-03 19:56:15.200000,2025-07-03 19:59:06.000,190.96666666666667,174.69529724999998,15.0,1,osrm
735,delivered,2025-07-03 16:48:39,2025-07-03 17:05:40.983864,2025-07-03 19:36:43.500000,2025-07-03 19:40:27.700,171.81166666666667,151.04193560000002,14.0,1,osrm
736,ready,2025-07-03 16:50:01,2025-07-03 17:05:17.517694,,,,,,1,
737,ready,2025-07-03 16:50:37,2025-07-03 17:02:41.554597,,,,,,1,
738,delivered,2025-07-03 16:50:12,2025-07-03 17:05:30.872154,2025-07-03 19:37:18.400000,2025-07-03 19:41:09.200,170.95333333333335,151.79213076666667,10.0,1,osrm
739,ready,2025-07-03 16:50:32,2025-07-03 17:03:58.540443,,,,,,1,
740,ready,2025-07-03 16:50:15,2025-07-03 17:00:57.102457,,,,,,1,
741,delivered,2025-07-03 16:50:01,2025-07-03 17:07:09.849794,2025-07-03 17:07:09.849794,2025-07-03 16:58:23.900,8.381666666666666,0.0,9.0,1,osrm
742,delivered,2025-07-03 16:51:34,2025-07-03 17:02:32.489634,2025-07-03 19:53:18.000000,2025-07-03 19:56:46.600,185.21,170.7585061,20.0,1,osrm
743,delivered,2025-07-03 16:51:00,2025-07-03 17:06:52.834221,2025-07-03 17:06:52.834221,2025-07-03 17:02:36.900,11.615,0.0,7.0,1,osrm
744,ready,2025-07-03 16:51:55,2025-07-03 17:06:33.815038,,,,,,1,
745,ready,2025-07-03 16:52:07,2025-07-03 17:02:40.976135,,,,,,1,
746,delivered,2025-07-03 16:52:07,2025-07-03 17:05:22.669083,2025-07-03 19:50:58.600000,2025-07-03 19:52:05.800,179.98,165.59884861666666,5.0,1,osrm
747,delivered,2025-07-03 16:52:31,2025-07-03 17:02:22.839104,2025-07-03 17:02:22.839104,2025-07-03 17:02:01.700,9.511666666666667,0.0,5.0,1,osrm
748,delivered,2025-07-03 16:52:29,2025-07-03 17:10:50.805943,2025-07-03 20:11:17.800000,2025-07-03 20:14:52.400,202.39,180.44990095,19.0,1,osrm
749,ready,2025-07-03 16:52:04,2025-07-03 17:06:10.386383,,,,,,1,
750,delivered,2025-07-03 16:53:16,2025-07-03 17:05:56.216939,2025-07-03 17:05:56.216939,2025-07-03 17:01:05.400,7.823333333333333,0.0,4.0,1,osrm
751,ready,2025-07-03 16:53:01,2025-07-03 17:06:48.034436,,,,,,1,
752,ready,2025-07-03 16:53:11,2025-07-03 17:05:48.802127,,,,,,1,
753,delivered,2025-07-03 16:54:54,2025-07-03 17:11:12.556758,2025-07-03 18:41:05.200000,2025-07-03 18:45:11.400,110.28999999999999,89.87738736666667,19.0,1,osrm
754,delivered,2025-07-03 16:54:07,2025-07-03 17:04:12.112231,2025-07-03 17:04:12.112231,2025-07-03 17:02:03.700,7.944999999999999,0.0,14.0,1,osrm
755,delivered,2025-07-03 16:55:57,2025-07-03 17:06:53.287307,2025-07-03 17:08:06.600000,2025-07-03 17:11:42.200,15.753333333333334,1.2218782166666666,19.0,1,osrm
756,delivered,2025-07-03 16:55:06,2025-07-03 17:09:18.993389,2025-07-03 18:04:45.000000,2025-07-03 18:08:38.000,73.53333333333333,55.433443516666664,19.0,1,osrm
757,delivered,2025-07-03 16:55:29,2025-07-03 17:05:56.727005,2025-07-03 19:21:15.300000,2025-07-03 19:25:00.800,149.53,135.30954991666667,12.0,1,osrm
758,delivered,2025-07-03 16:55:13,2025-07-03 17:05:58.203208,2025-07-03 17:05:58.203208,2025-07-03 17:03:23.600,8.176666666666668,0.0,17.0,1,osrm
759,ready,2025-07-03 16:56:18,2025-07-03 17:08:56.851823,,,,,,1,
760,ready,2025-07-03 16:56:15,2025-07-03 17:01:40.596039,,,,,,1,
761,ready,2025-07-03 16:56:41,2025-07-03 17:07:37.174504,,,,,,1,
762,ready,2025-07-03 16:56:28,2025-07-03 17:05:03.962514,,,,,,1,
763,delivered,2025-07-03 16:56:35,2025-07-03 17:08:42.100294,2025-07-03 17:08:42.100294,2025-07-03 17:13:35.700,17.011666666666667,0.0,18.0,1,osrm
764,delivered,2025-07-03 16:57:00,2025-07-03 17:05:07.178172,2025-07-03 17:05:07.178172,2025-07-03 17:06:35.500,9.591666666666667,0.0,20.0,1,osrm
765,delivered,2025-07-03 16:57:50,2025-07-03 17:06:07.339251,2025-07-03 17:06:07.339251,2025-07-03 17:09:24.300,11.571666666666665,0.0,16.0,1,osrm
766,delivered,2025-07-03 16:57:35,2025-07-03 17:10:43.853649,2025-07-03 20:13:13.100000,2025-07-03 20:15:48.100,198.21833333333333,182.48743918333332,4.0,1,osrm
767,delivered,2025-07-03 16:58:34,2025-07-03 17:12:46.409114,2025-07-03 17:12:46.409114,2025-07-03 17:09:09.200,10.586666666666668,0.0,12.0,1,osrm
768,delivered,2025-07-03 16:58:14,2025-07-03 17:10:45.874155,2025-07-03 18:42:36.700000,2025-07-03 18:45:06.600,106.87666666666668,91.84709741666667,12.0,1,osrm
769,delivered,2025-07-03 16:59:29,2025-07-03 17:11:27.651716,2025-07-03 19:37:51.700000,2025-07-03 19:40:34.800,161.09666666666666,146.40080473333333,19.0,1,osrm
770,delivered,2025-07-03 16:59:22,2025-07-03 17:11:07.448762,2025-07-03 17:11:07.448762,2025-07-03 17:12:39.300,13.288333333333332,0.0,8.0,1,osrm
771,delivered,2025-07-03 16:59:19,2025-07-03 17:06:51.392247,2025-07-03 17:06:51.392247,2025-07-03 17:08:47.300,9.471666666666666,0.0,10.0,1,osrm
772,delivered,2025-07-03 16:59:58,2025-07-03 17:10:41.307635,2025-07-03 17:10:41.307635,2025-07-03 17:05:33.200,5.586666666666667,0.0,15.0,1,osrm
773,ready,2025-07-03 16:59:11,2025-07-03 17:07:49.410918,,,,,,1,
774,delivered,2025-07-03 17:00:18,2025-07-03 17:15:14.790561,2025-07-03 17:15:14.790561,2025-07-03 17:09:03.600,8.76,0.0,6.0,1,osrm
775,delivered,2025-07-03 17:00:33,2025-07-03 17:09:45.299394,2025-07-03 17:09:59.600000,2025-07-03 17:13:29.800,12.946666666666665,0.23834343333333333,9.0,1,osrm
776,delivered,2025-07-03 17:00:38,2025-07-03 17:15:55.485749,2025-07-03 17:15:55.485749,2025-07-03 17:12:31.100,11.885,0.0,2.0,1,osrm
777,delivered,2025-07-03 17:00:20,2025-07-03 17:10:21.189088,2025-07-03 19:38:42.900000,2025-07-03 19:41:07.400,160.79,148.36184853333333,8.0,1,osrm
778,delivered,2025-07-03 17:00:47,2025-07-03 17:11:57.944558,2025-07-03 19:22:40.700000,2025-07-03 19:26:23.800,145.61333333333332,130.7125907,3.0,1,osrm
779,delivered,2025-07-03 17:00:05,2025-07-03 17:11:49.498287,2025-07-03 20:14:19.000000,2025-07-03 20:16:57.300,196.87166666666664,182.49169521666667,7.0,1,osrm
780,delivered,2025-07-03 17:00:12,2025-07-03 17:13:38.455654,2025-07-03 20:13:45.300000,2025-07-03 20:16:40.900,196.48166666666665,180.11407243333332,20.0,1,osrm
781,ready,2025-07-03 17:00:21,2025-07-03 17:06:37.047978,,,,,,1,
782,delivered,2025-07-03 17:01:19,2025-07-03 17:17:01.923202,2025-07-03 19:38:34.800000,2025-07-03 19:41:27.600,160.14333333333335,141.5479466333333,4.0,1,osrm
783,delivered,2025-07-03 17:01:06,2025-07-03 17:15:33.353235,2025-07-03 19:25:44.400000,2025-07-03 19:28:14.100,147.13500000000002,130.18411275,1.0,1,osrm
784,delivered,2025-07-03 17:01:02,2025-07-03 17:06:12.752467,2025-07-03 17:10:23.900000,2025-07-03 17:13:13.500,12.191666666666666,4.185792216666667,11.0,1,osrm
785,delivered,2025-07-03 17:01:50,2025-07-03 17:17:58.961436,2025-07-03 17:17:58.961436,2025-07-03 17:16:44.700,14.911666666666667,0.0,13.0,1,osrm
786,delivered,2025-07-03 17:02:22,2025-07-03 17:09:59.698366,2025-07-03 17:17:17.400000,2025-07-03 17:21:04.000,18.7,7.295027233333333,5.0,1,osrm
787,delivered,2025-07-03 17:02:18,2025-07-03 17:14:59.890065,2025-07-03 19:39:00.400000,2025-07-03 19:42:02.900,159.74833333333333,144.00849891666667,3.0,1,osrm
788,delivered,2025-07-03 17:02:37,2025-07-03 17:17:42.651843,2025-07-03 19:40:49.100000,2025-07-03 19:43:08.000,160.51666666666668,143.10746928333336,15.0,1,osrm
789,delivered,2025-07-03 17:03:01,2025-07-03 17:14:32.347205,2025-07-03 19:07:06.200000,2025-07-03 19:10:19.800,127.31333333333333,112.56421325,10.0,1,osrm
790,delivered,2025-07-03 17:03:53,2025-07-03 17:15:50.506877,2025-07-03 17:15:50.506877,2025-07-03 17:16:23.400,12.506666666666666,0.0,1.0,1,osrm
791,delivered,2025-07-03 17:03:43,2025-07-03 17:21:22.696209,2025-07-03 19:20:56.200000,2025-07-03 19:22:51.900,139.14833333333334,119.55839651666666,20.0,1,osrm
792,delivered,2025-07-03 17:04:23,2025-07-03 17:16:32.471113,2025-07-03 17:16:32.471113,2025-07-03 17:13:07.500,8.741666666666667,0.0,3.0,1,osrm
793,ready,2025-07-03 17:04:26,2025-07-03 17:14:14.336472,,,,,,1,
794,delivered,2025-07-03 17:05:36,2025-07-03 17:13:53.152771,2025-07-03 19:42:08.600000,2025-07-03 19:45:36.900,160.015,148.25745381666667,17.0,1,osrm
795,delivered,2025-07-03 17:05:45,2025-07-03 17:18:01.144261,2025-07-03 17:18:01.144261,2025-07-03 17:23:14.100,17.485,0.0,17.0,1,osrm
796,delivered,2025-07-03 17:06:26,2025-07-03 17:17:09.149469,2025-07-03 17:17:09.149469,2025-07-03 17:15:54.800,9.479999999999999,0.0,4.0,1,osrm
797,delivered,2025-07-03 17:06:09,2025-07-03 17:15:20.043172,2025-07-03 19:07:40.800000,2025-07-03 19:10:54.200,124.75333333333333,112.34594713333333,16.0,1,osrm
798,delivered,2025-07-03 17:06:09,2025-07-03 17:12:53.983784,2025-07-03 19:56:44.600000,2025-07-03 19:58:06.500,171.95833333333334,163.8436036,4.0,1,osrm
799,ready,2025-07-03 17:06:32,2025-07-03 17:19:22.465475,,,,,,1,
800,delivered,2025-07-03 17:06:00,2025-07-03 17:21:53.606556,2025-07-03 19:07:22.800000,2025-07-03 19:11:03.900,125.065,105.48655740000001,11.0,1,osrm
801,delivered,2025-07-03 17:07:12,2025-07-03 17:19:14.327394,2025-07-03 17:19:14.327394,2025-07-03 17:22:16.800,15.08,0.0,7.0,1,osrm
802,ready,2025-07-03 17:07:38,2025-07-03 17:23:37.556971,,,,,,1,
803,ready,2025-07-03 17:07:59,2025-07-03 17:17:09.248925,,,,,,1,
804,delivered,2025-07-03 17:07:50,2025-07-03 17:20:11.054614,2025-07-03 17:20:11.054614,2025-07-03 17:19:04.200,11.236666666666668,0.0,14.0,1,osrm
805,ready,2025-07-03 17:08:24,2025-07-03 17:20:16.453327,,,,,,1,
806,delivered,2025-07-03 17:08:06,2025-07-03 17:21:27.405271,2025-07-03 18:36:00.900000,2025-07-03 18:38:22.500,90.275,74.55824548333334,3.0,1,osrm
807,ready,2025-07-03 17:09:32,2025-07-03 17:22:52.186399,,,,,,1,
808,delivered,2025-07-03 17:09:32,2025-07-03 17:23:25.779754,2025-07-03 17:28:49.200000,2025-07-03 17:31:49.600,22.293333333333333,5.390337433333333,11.0,1,osrm
809,delivered,2025-07-03 17:10:03,2025-07-03 17:18:46.505079,2025-07-03 18:06:34.800000,2025-07-03 18:11:40.100,61.61833333333333,47.80491535,12.0,1,osrm
810,delivered,2025-07-03 17:10:25,2025-07-03 17:20:56.438994,2025-07-03 17:41:04.400000,2025-07-03 17:44:28.200,34.053333333333335,20.132683433333334,20.0,1,osrm
811,delivered,2025-07-03 17:10:49,2025-07-03 17:21:14.944138,2025-07-03 17:21:14.944138,2025-07-03 17:22:30.800,11.696666666666665,0.0,15.0,1,osrm
812,delivered,2025-07-03 17:10:49,2025-07-03 17:24:32.824785,2025-07-03 17:24:32.824785,2025-07-03 17:23:39.800,12.846666666666666,0.0,12.0,1,osrm
813,ready,2025-07-03 17:11:40,2025-07-03 17:24:48.009926,,,,,,1,
814,ready,2025-07-03 17:11:33,2025-07-03 17:27:34.156529,,,,,,1,
815,ready,2025-07-03 17:11:56,2025-07-03 17:23:41.684857,,,,,,1,
816,delivered,2025-07-03 17:11:34,2025-07-03 17:26:13.884741,2025-07-03 17:26:13.884741,2025-07-03 17:24:46.600,13.21,0.0,6.0,1,osrm
817,delivered,2025-07-03 17:11:46,2025-07-03 17:28:33.367321,2025-07-03 17:28:33.367321,2025-07-03 17:25:27.200,13.686666666666667,0.0,10.0,1,osrm
818,ready,2025-07-03 17:11:28,2025-07-03 17:24:44.919909,,,,,,1,
819,delivered,2025-07-03 17:12:36,2025-07-03 17:26:45.360272,2025-07-03 18:07:22.400000,2025-07-03 18:11:10.200,58.57,40.6173288,15.0,1,osrm
820,delivered,2025-07-03 17:12:53,2025-07-03 17:23:21.737886,2025-07-03 17:23:21.737886,2025-07-03 17:26:37.300,13.738333333333333,0.0,20.0,1,osrm
821,ready,2025-07-03 17:12:24,2025-07-03 17:19:42.357468,,,,,,1,
822,delivered,2025-07-03 17:12:35,2025-07-03 17:25:56.115559,2025-07-03 17:28:09.300000,2025-07-03 17:30:53.300,18.305,2.2197406833333333,19.0,1,osrm
823,ready,2025-07-03 17:12:28,2025-07-03 17:25:58.093793,,,,,,1,
824,ready,2025-07-03 17:13:47,2025-07-03 17:24:24.552035,,,,,,1,
825,delivered,2025-07-03 17:13:39,2025-07-03 17:25:22.910084,2025-07-03 18:15:36.700000,2025-07-03 18:20:34.300,66.92166666666667,50.22983193333334,20.0,1,osrm
826,ready,2025-07-03 17:13:41,2025-07-03 17:27:21.737059,,,,,,1,
827,ready,2025-07-03 17:14:11,2025-07-03 17:25:42.512393,,,,,,1,
828,delivered,2025-07-03 17:14:16,2025-07-03 17:25:53.334533,2025-07-03 19:57:05.000000,2025-07-03 20:00:53.300,166.62166666666664,151.19442445,10.0,1,osrm
829,ready,2025-07-03 17:14:04,2025-07-03 17:26:24.342696,,,,,,1,
830,delivered,2025-07-03 17:15:27,2025-07-03 17:24:40.414643,2025-07-03 18:17:59.400000,2025-07-03 18:23:09.800,67.71333333333334,53.316422616666664,11.0,1,osrm
831,delivered,2025-07-03 17:15:22,2025-07-03 17:24:15.988253,2025-07-03 17:24:15.988253,2025-07-03 17:24:33.500,9.191666666666666,0.0,16.0,1,osrm
832,delivered,2025-07-03 17:16:20,2025-07-03 17:26:21.278225,2025-07-03 17:26:33.900000,2025-07-03 17:29:21.500,13.025,0.21036291666666665,2.0,1,osrm
833,delivered,2025-07-03 17:16:33,2025-07-03 17:23:48.116066,2025-07-03 18:55:13.100000,2025-07-03 18:57:33.700,101.01166666666667,91.4163989,18.0,1,osrm
834,ready,2025-07-03 17:16:06,2025-07-03 17:27:44.579320,,,,,,1,
835,ready,2025-07-03 17:16:33,2025-07-03 17:30:15.592114,,,,,,1,
836,delivered,2025-07-03 17:17:39,2025-07-03 17:32:53.966709,2025-07-03 19:42:16.600000,2025-07-03 19:46:58.400,149.32333333333332,129.37722151666668,11.0,1,osrm
837,delivered,2025-07-03 17:17:55,2025-07-03 17:25:51.636753,2025-07-03 17:25:51.636753,2025-07-03 17:29:42.000,11.783333333333333,0.0,9.0,1,osrm
838,delivered,2025-07-03 17:17:43,2025-07-03 17:31:50.554587,2025-07-03 17:31:50.554587,2025-07-03 17:29:26.600,11.726666666666667,0.0,8.0,1,osrm
839,delivered,2025-07-03 17:17:07,2025-07-03 17:27:03.671454,2025-07-03 20:13:40.700000,2025-07-03 20:17:00.600,179.89333333333335,166.61714243333333,13.0,1,osrm
840,delivered,2025-07-03 17:17:53,2025-07-03 17:33:06.427464,2025-07-03 17:47:57.700000,2025-07-03 17:50:55.200,33.03666666666667,14.854542266666666,19.0,1,osrm
841,delivered,2025-07-03 17:17:04,2025-07-03 17:27:42.258219,2025-07-03 17:27:42.258219,2025-07-03 17:27:00.700,9.945,0.0,18.0,1,osrm
842,ready,2025-07-03 17:18:23,2025-07-03 17:32:27.136528,,,,,,1,
843,delivered,2025-07-03 17:19:31,2025-07-03 17:30:00.321329,2025-07-03 20:14:13.700000,2025-07-03 20:18:29.500,178.975,164.22297785,6.0,1,osrm
844,delivered,2025-07-03 17:19:56,2025-07-03 17:34:09.659949,2025-07-03 18:42:55.700000,2025-07-03 18:44:20.200,84.40333333333334,68.76733418333333,8.0,1,osrm
845,delivered,2025-07-03 17:19:20,2025-07-03 17:32:44.278998,2025-07-03 17:32:44.278998,2025-07-03 17:30:33.300,11.221666666666666,0.0,3.0,1,osrm
846,delivered,2025-07-03 17:19:52,2025-07-03 17:25:20.342206,2025-07-03 18:38:43.800000,2025-07-03 18:40:46.600,80.91000000000001,73.39096323333334,15.0,1,osrm
847,delivered,2025-07-03 17:20:27,2025-07-03 17:36:38.007723,2025-07-03 20:13:05.400000,2025-07-03 20:16:26.800,175.99666666666664,156.45653795,10.0,1,osrm
848,delivered,2025-07-03 17:20:42,2025-07-03 17:34:09.141177,2025-07-03 17:34:09.141177,2025-07-03 17:34:16.700,13.578333333333335,0.0,4.0,1,osrm
849,delivered,2025-07-03 17:21:30,2025-07-03 17:31:38.854774,2025-07-03 20:13:20.900000,2025-07-03 20:18:04.400,176.57333333333332,161.70075376666668,3.0,1,osrm
850,ready,2025-07-03 17:21:48,2025-07-03 17:36:48.880395,,,,,,1,
851,delivered,2025-07-03 17:21:57,2025-07-03 17:28:15.856999,2025-07-03 18:44:24.400000,2025-07-03 18:48:13.400,86.27333333333333,76.14238335,14.0,1,osrm
852,delivered,2025-07-03 17:22:12,2025-07-03 17:34:15.650683,2025-07-03 17:34:15.650683,2025-07-03 17:30:38.000,8.433333333333334,0.0,13.0,1,osrm
853,ready,2025-07-03 17:22:03,2025-07-03 17:35:19.897756,,,,,,1,
854,ready,2025-07-03 17:22:28,2025-07-03 17:34:24.098847,,,,,,1,
855,delivered,2025-07-03 17:22:38,2025-07-03 17:32:29.052750,2025-07-03 19:42:27.700000,2025-07-03 19:47:24.800,144.78,129.97745416666666,1.0,1,osrm
856,delivered,2025-07-03 17:22:44,2025-07-03 17:37:17.215223,2025-07-03 17:47:34.800000,2025-07-03 17:50:10.100,27.435,10.293079616666667,11.0,1,osrm
857,delivered,2025-07-03 17:23:16,2025-07-03 17:35:43.347411,2025-07-03 17:35:43.347411,2025-07-03 17:35:41.300,12.421666666666665,0.0,12.0,1,osrm
858,delivered,2025-07-03 17:23:33,2025-07-03 17:32:54.868927,2025-07-03 17:32:54.868927,2025-07-03 17:34:50.900,11.298333333333334,0.0,1.0,1,osrm
859,delivered,2025-07-03 17:23:01,2025-07-03 17:35:51.331069,2025-07-03 19:11:15.300000,2025-07-03 19:15:19.900,112.315,95.39948218333333,17.0,1,osrm
860,delivered,2025-07-03 17:23:21,2025-07-03 17:34:33.504064,2025-07-03 19:57:30.300000,2025-07-03 20:00:30.500,157.15833333333333,142.94659893333335,3.0,1,osrm
861,delivered,2025-07-03 17:23:30,2025-07-03 17:36:56.113268,2025-07-03 19:11:29.900000,2025-07-03 19:15:12.700,111.71166666666666,94.56311219999999,1.0,1,osrm
862,delivered,2025-07-03 17:24:54,2025-07-03 17:41:15.378269,2025-07-03 17:41:15.378269,2025-07-03 17:38:28.100,13.568333333333333,0.0,5.0,1,osrm
863,delivered,2025-07-03 17:24:39,2025-07-03 17:34:38.514471,2025-07-03 17:48:37.800000,2025-07-03 17:52:23.800,27.746666666666666,13.98809215,3.0,1,osrm
864,delivered,2025-07-03 17:24:23,2025-07-03 17:35:08.986806,2025-07-03 17:35:08.986806,2025-07-03 17:31:57.000,7.566666666666666,0.0,14.0,1,osrm
865,delivered,2025-07-03 17:26:02,2025-07-03 17:36:33.102445,2025-07-03 17:36:33.102445,2025-07-03 17:37:34.400,11.54,0.0,17.0,1,osrm
866,delivered,2025-07-03 17:26:58,2025-07-03 17:37:09.109684,2025-07-03 17:37:09.109684,2025-07-03 17:39:15.600,12.293333333333333,0.0,7.0,1,osrm
867,delivered,2025-07-03 17:26:37,2025-07-03 17:42:00.302639,2025-07-03 19:26:14.000000,2025-07-03 19:29:41.000,123.06666666666666,104.22828935,17.0,1,osrm
868,delivered,2025-07-03 17:27:32,2025-07-03 17:37:30.750304,2025-07-03 17:37:30.750304,2025-07-03 17:38:53.500,11.358333333333333,0.0,16.0,1,osrm
869,delivered,2025-07-03 17:27:46,2025-07-03 17:33:44.760397,2025-07-03 17:35:27.100000,2025-07-03 17:38:30.100,10.735000000000001,1.7056600499999999,15.0,1,osrm
870,delivered,2025-07-03 17:27:26,2025-07-03 17:43:03.231687,2025-07-03 19:11:43.200000,2025-07-03 19:14:34.900,107.14833333333333,88.66613855,15.0,1,osrm
871,delivered,2025-07-03 17:28:45,2025-07-03 17:38:09.531928,2025-07-03 20:16:26.500000,2025-07-03 20:20:17.800,171.54666666666665,158.2828012,18.0,1,osrm
872,delivered,2025-07-03 17:28:26,2025-07-03 17:37:09.690242,2025-07-03 17:37:09.690242,2025-07-03 17:39:28.600,11.043333333333333,0.0,6.0,1,osrm
873,delivered,2025-07-03 17:29:19,2025-07-03 17:40:01.623387,2025-07-03 18:46:04.400000,2025-07-03 18:49:00.500,79.69166666666666,66.04627688333333,7.0,1,osrm
874,delivered,2025-07-03 17:29:51,2025-07-03 17:42:45.780948,2025-07-03 18:20:57.700000,2025-07-03 18:25:35.300,55.73833333333334,38.19865086666667,4.0,1,osrm
875,delivered,2025-07-03 17:30:26,2025-07-03 17:38:29.846568,2025-07-03 17:48:52.400000,2025-07-03 17:53:54.700,23.478333333333335,10.375890533333335,4.0,1,osrm
876,delivered,2025-07-03 17:30:44,2025-07-03 17:38:25.932410,2025-07-03 19:11:22.200000,2025-07-03 19:14:26.100,103.70166666666667,92.93779316666668,18.0,1,osrm
877,delivered,2025-07-03 17:30:43,2025-07-03 17:40:25.330492,2025-07-03 17:41:49.100000,2025-07-03 17:44:02.600,13.326666666666666,1.3961584666666667,2.0,1,osrm
878,delivered,2025-07-03 17:30:43,2025-07-03 17:42:35.396075,2025-07-03 18:46:22.000000,2025-07-03 18:49:23.500,78.675,63.77673208333333,13.0,1,osrm
879,delivered,2025-07-03 17:30:12,2025-07-03 17:41:21.472366,2025-07-03 17:41:21.472366,2025-07-03 17:42:54.900,12.715,0.0,8.0,1,osrm
880,delivered,2025-07-03 17:30:00,2025-07-03 17:39:19.569352,2025-07-03 18:56:26.500000,2025-07-03 19:00:55.500,90.925,77.1155108,8.0,1,osrm
881,delivered,2025-07-03 17:31:20,2025-07-03 17:42:29.438632,2025-07-03 19:44:09.900000,2025-07-03 19:48:52.100,137.535,121.67435613333333,18.0,1,osrm
882,ready,2025-07-03 17:31:53,2025-07-03 17:42:27.086903,,,,,,1,
883,ready,2025-07-03 17:31:47,2025-07-03 17:42:33.209845,,,,,,1,
884,delivered,2025-07-03 17:31:56,2025-07-03 17:43:17.546295,2025-07-03 17:43:17.546295,2025-07-03 17:40:49.500,8.891666666666667,0.0,18.0,1,osrm
885,delivered,2025-07-03 17:31:37,2025-07-03 17:40:23.029872,2025-07-03 18:21:28.800000,2025-07-03 18:25:13.000,53.6,41.0961688,3.0,1,osrm
886,ready,2025-07-03 17:32:06,2025-07-03 17:44:11.256167,,,,,,1,
887,delivered,2025-07-03 17:32:57,2025-07-03 17:50:50.361627,2025-07-03 17:50:50.361627,2025-07-03 17:41:05.300,8.138333333333334,0.0,9.0,1,osrm
888,delivered,2025-07-03 17:33:45,2025-07-03 17:49:49.161366,2025-07-03 17:49:49.161366,2025-07-03 17:43:13.500,9.475,0.0,10.0,1,osrm
889,delivered,2025-07-03 17:33:05,2025-07-03 17:46:50.619122,2025-07-03 17:50:24.900000,2025-07-03 17:53:39.200,20.57,3.5713479666666665,16.0,1,osrm
890,ready,2025-07-03 17:33:31,2025-07-03 17:41:47.692036,,,,,,1,
891,delivered,2025-07-03 17:33:24,2025-07-03 17:46:59.727093,2025-07-03 18:49:36.000000,2025-07-03 18:53:42.200,80.30333333333333,62.60454845,11.0,1,osrm
892,delivered,2025-07-03 17:34:30,2025-07-03 17:52:28.207905,2025-07-03 17:52:28.207905,2025-07-03 17:53:43.300,19.221666666666668,0.0,12.0,1,osrm
893,delivered,2025-07-03 17:35:29,2025-07-03 17:46:21.980851,2025-07-03 19:11:41.000000,2025-07-03 19:16:50.400,101.35666666666665,85.31698581666666,5.0,1,osrm
894,delivered,2025-07-03 17:36:41,2025-07-03 17:47:27.203276,2025-07-03 19:26:03.600000,2025-07-03 19:28:08.300,111.455,98.60661206666667,11.0,1,osrm
895,delivered,2025-07-03 17:37:33,2025-07-03 17:53:54.941790,2025-07-03 17:53:54.941790,2025-07-03 17:49:04.900,11.531666666666666,0.0,13.0,1,osrm
896,delivered,2025-07-03 17:37:27,2025-07-03 17:45:34.870336,2025-07-03 17:56:00.200000,2025-07-03 17:59:06.500,21.658333333333335,10.422161066666666,8.0,1,osrm
897,delivered,2025-07-03 17:37:05,2025-07-03 17:48:16.941473,2025-07-03 17:48:16.941473,2025-07-03 17:46:57.200,9.870000000000001,0.0,14.0,1,osrm
898,ready,2025-07-03 17:37:33,2025-07-03 17:54:27.517175,,,,,,1,
899,ready,2025-07-03 17:37:11,2025-07-03 17:56:19.682585,,,,,,1,
900,ready,2025-07-03 17:37:09,2025-07-03 17:48:01.616857,,,,,,1,
901,delivered,2025-07-03 17:38:42,2025-07-03 17:44:04.511591,2025-07-03 19:46:03.200000,2025-07-03 19:49:13.000,130.51666666666668,121.97814015,16.0,1,osrm
902,ready,2025-07-03 17:38:15,2025-07-03 17:54:00.974212,,,,,,1,
903,delivered,2025-07-03 17:40:47,2025-07-03 17:52:12.804540,2025-07-03 17:52:12.804540,2025-07-03 17:53:34.200,12.786666666666667,0.0,6.0,1,osrm
904,delivered,2025-07-03 17:40:01,2025-07-03 17:50:03.330148,2025-07-03 17:50:03.330148,2025-07-03 17:49:49.900,9.815,0.0,1.0,1,osrm
905,ready,2025-07-03 17:40:05,2025-07-03 17:51:25.705850,,,,,,1,
906,delivered,2025-07-03 17:40:57,2025-07-03 17:50:29.534856,2025-07-03 17:52:06.600000,2025-07-03 17:54:30.600,13.56,1.6177524,5.0,1,osrm
907,delivered,2025-07-03 17:40:27,2025-07-03 17:58:51.879877,2025-07-03 17:58:51.879877,2025-07-03 18:01:19.200,20.87,0.0,9.0,1,osrm
908,delivered,2025-07-03 17:40:30,2025-07-03 17:50:17.442587,2025-07-03 17:51:15.900000,2025-07-03 17:54:41.900,14.198333333333332,0.9742902166666667,17.0,1,osrm
909,delivered,2025-07-03 17:40:43,2025-07-03 17:51:36.335550,2025-07-03 17:51:42.200000,2025-07-03 17:53:48.800,13.096666666666666,0.09774083333333333,15.0,1,osrm
910,delivered,2025-07-03 17:40:55,2025-07-03 17:55:27.940477,2025-07-03 17:55:27.940477,2025-07-03 17:54:21.100,13.435,0.0,7.0,1,osrm
911,delivered,2025-07-03 17:40:00,2025-07-03 17:53:17.634204,2025-07-03 17:57:58.900000,2025-07-03 18:01:40.000,21.666666666666668,4.687763266666667,20.0,1,osrm
912,delivered,2025-07-03 17:42:01,2025-07-03 17:53:21.539071,2025-07-03 18:21:52.900000,2025-07-03 18:25:40.200,43.65333333333333,28.522682149999998,19.0,1,osrm
913,delivered,2025-07-03 17:43:23,2025-07-03 17:50:51.633133,2025-07-03 18:24:07.400000,2025-07-03 18:27:55.300,44.538333333333334,33.262781116666666,17.0,1,osrm
914,ready,2025-07-03 17:43:35,2025-07-03 17:57:05.433008,,,,,,1,
915,ready,2025-07-03 17:45:44,2025-07-03 17:58:51.810658,,,,,,1,
916,delivered,2025-07-03 17:46:52,2025-07-03 18:00:44.295518,2025-07-03 18:50:32.000000,2025-07-03 18:53:07.900,66.265,49.7950747,6.0,1,osrm
917,delivered,2025-07-03 17:46:05,2025-07-03 18:00:08.252467,2025-07-03 18:00:08.252467,2025-07-03 17:56:25.000,10.333333333333334,0.0,18.0,1,osrm
918,delivered,2025-07-03 17:47:20,2025-07-03 18:00:38.364023,2025-07-03 18:57:07.800000,2025-07-03 19:01:58.700,74.645,56.49059961666667,4.0,1,osrm
919,delivered,2025-07-03 17:47:02,2025-07-03 18:06:06.565752,2025-07-03 20:15:53.100000,2025-07-03 20:21:08.900,154.11499999999998,129.7755708,16.0,1,osrm
920,delivered,2025-07-03 17:47:44,2025-07-03 17:57:30.182984,2025-07-03 17:57:30.182984,2025-07-03 17:55:46.200,8.036666666666667,0.0,2.0,1,osrm
921,ready,2025-07-03 17:48:32,2025-07-03 18:00:25.839523,,,,,,1,
922,ready,2025-07-03 17:49:25,2025-07-03 17:58:03.979167,,,,,,1,
923,delivered,2025-07-03 17:49:31,2025-07-03 18:01:08.954834,2025-07-03 19:58:58.600000,2025-07-03 20:01:53.200,132.37,117.82741943333333,16.0,1,osrm
924,delivered,2025-07-03 17:49:04,2025-07-03 18:04:22.480196,2025-07-03 18:04:22.480196,2025-07-03 18:02:10.700,13.111666666666668,0.0,10.0,1,osrm
925,delivered,2025-07-03 17:50:01,2025-07-03 17:59:21.339636,2025-07-03 19:46:40.600000,2025-07-03 19:49:28.000,119.45,107.32100606666667,9.0,1,osrm
926,delivered,2025-07-03 17:50:05,2025-07-03 18:02:42.881310,2025-07-03 18:23:21.800000,2025-07-03 18:27:03.600,36.97666666666667,20.648644833333332,5.0,1,osrm
927,ready,2025-07-03 17:51:09,2025-07-03 17:59:50.758496,,,,,,1,
928,ready,2025-07-03 17:52:40,2025-07-03 18:07:11.486439,,,,,,1,
929,delivered,2025-07-03 17:52:46,2025-07-03 18:03:46.579807,2025-07-03 18:03:46.579807,2025-07-03 18:03:29.600,10.726666666666667,0.0,13.0,1,osrm
930,ready,2025-07-03 17:53:07,2025-07-03 18:03:13.631119,,,,,,1,
931,delivered,2025-07-03 17:53:39,2025-07-03 18:03:04.929074,2025-07-03 18:03:04.929074,2025-07-03 18:05:01.500,11.375,0.0,14.0,1,osrm
932,delivered,2025-07-03 17:54:44,2025-07-03 18:04:39.455975,2025-07-03 18:04:39.455975,2025-07-03 18:00:46.100,6.035,0.0,11.0,1,osrm
933,delivered,2025-07-03 17:54:10,2025-07-03 18:07:48.735272,2025-07-03 18:07:48.735272,2025-07-03 18:05:08.000,10.966666666666667,0.0,1.0,1,osrm
934,ready,2025-07-03 17:55:54,2025-07-03 18:07:49.400175,,,,,,1,
935,delivered,2025-07-03 17:56:42,2025-07-03 18:09:08.991568,2025-07-03 19:47:54.900000,2025-07-03 19:50:54.500,114.20833333333333,98.76514053333334,2.0,1,osrm
936,delivered,2025-07-03 17:56:53,2025-07-03 18:10:18.718629,2025-07-03 18:10:18.718629,2025-07-03 18:06:29.800,9.613333333333333,0.0,4.0,1,osrm
937,delivered,2025-07-03 17:56:52,2025-07-03 18:10:12.059188,2025-07-03 18:10:12.059188,2025-07-03 18:07:16.300,10.405,0.0,6.0,1,osrm
938,delivered,2025-07-03 17:57:53,2025-07-03 18:14:13.077725,2025-07-03 18:14:13.077725,2025-07-03 18:11:21.100,13.468333333333334,0.0,7.0,1,osrm
939,delivered,2025-07-03 17:58:08,2025-07-03 18:10:06.669078,2025-07-03 19:15:46.300000,2025-07-03 19:18:29.800,80.36333333333333,65.66051536666666,9.0,1,osrm
940,ready,2025-07-03 17:58:06,2025-07-03 18:14:32.283047,,,,,,1,
941,delivered,2025-07-03 17:59:58,2025-07-03 18:13:40.573516,2025-07-03 18:13:40.573516,2025-07-03 18:08:40.400,8.706666666666667,0.0,5.0,1,osrm
942,delivered,2025-07-03 17:59:42,2025-07-03 18:11:42.667339,2025-07-03 18:11:42.667339,2025-07-03 18:09:24.200,9.703333333333335,0.0,17.0,1,osrm
943,delivered,2025-07-03 18:00:07,2025-07-03 18:15:45.420525,2025-07-03 18:15:45.420525,2025-07-03 18:08:29.800,8.38,0.0,3.0,1,osrm
944,delivered,2025-07-03 18:00:07,2025-07-03 18:14:12.401846,2025-07-03 18:14:12.401846,2025-07-03 18:08:42.500,8.591666666666667,0.0,16.0,1,osrm
945,delivered,2025-07-03 18:00:24,2025-07-03 18:09:34.891455,2025-07-03 19:16:22.700000,2025-07-03 19:19:22.900,78.98166666666665,66.79680908333333,13.0,1,osrm
946,delivered,2025-07-03 18:00:51,2025-07-03 18:08:52.548872,2025-07-03 18:39:33.700000,2025-07-03 18:42:15.300,41.405,30.685852133333334,17.0,1,osrm
947,delivered,2025-07-03 18:00:55,2025-07-03 18:10:41.595004,2025-07-03 18:17:19.100000,2025-07-03 18:21:13.800,20.313333333333333,6.625083266666667,1.0,1,osrm
948,delivered,2025-07-03 18:01:29,2025-07-03 18:08:53.556336,2025-07-03 19:26:30.200000,2025-07-03 19:29:16.400,87.78999999999999,77.61072773333333,15.0,1,osrm
949,ready,2025-07-03 18:01:31,2025-07-03 18:15:43.945219,,,,,,1,
950,delivered,2025-07-03 18:02:57,2025-07-03 18:15:43.225511,2025-07-03 18:15:43.225511,2025-07-03 18:12:02.700,9.095,0.0,8.0,1,osrm
951,ready,2025-07-03 18:02:22,2025-07-03 18:09:55.931916,,,,,,1,
952,delivered,2025-07-03 18:02:40,2025-07-03 18:15:11.621615,2025-07-03 18:24:01.300000,2025-07-03 18:28:04.500,25.408333333333335,8.827973083333335,2.0,1,osrm
953,delivered,2025-07-03 18:02:16,2025-07-03 18:10:50.582060,2025-07-03 18:10:51.700000,2025-07-03 18:13:41.100,11.418333333333333,0.01863233333333333,18.0,1,osrm
954,delivered,2025-07-03 18:03:51,2025-07-03 18:14:16.513676,2025-07-03 19:16:46.300000,2025-07-03 19:19:57.200,76.10333333333332,62.496438733333335,7.0,1,osrm
955,ready,2025-07-03 18:04:22,2025-07-03 18:16:10.287124,,,,,,1,
956,delivered,2025-07-03 18:04:38,2025-07-03 18:14:44.416590,2025-07-03 18:14:44.416590,2025-07-03 18:14:26.900,9.815,0.0,2.0,1,osrm
957,delivered,2025-07-03 18:04:00,2025-07-03 18:18:22.418656,2025-07-03 19:29:05.000000,2025-07-03 19:31:50.100,87.83500000000001,70.70968906666667,18.0,1,osrm
958,delivered,2025-07-03 18:05:50,2025-07-03 18:22:12.510193,2025-07-03 18:22:12.510193,2025-07-03 18:18:13.700,12.395000000000001,0.0,13.0,1,osrm
959,delivered,2025-07-03 18:06:08,2025-07-03 18:17:49.153431,2025-07-03 18:17:49.153431,2025-07-03 18:19:30.800,13.379999999999999,0.0,14.0,1,osrm
960,delivered,2025-07-03 18:06:28,2025-07-03 18:22:36.843301,2025-07-03 20:18:09.400000,2025-07-03 20:22:44.800,136.28,115.54261165,9.0,1,osrm
961,delivered,2025-07-03 18:07:33,2025-07-03 18:18:03.862408,2025-07-03 18:18:03.862408,2025-07-03 18:18:51.800,11.313333333333333,0.0,9.0,1,osrm
962,ready,2025-07-03 18:08:15,2025-07-03 18:16:35.245896,,,,,,1,
963,ready,2025-07-03 18:08:43,2025-07-03 18:22:40.140648,,,,,,1,
964,ready,2025-07-03 18:09:59,2025-07-03 18:20:06.144272,,,,,,1,
965,ready,2025-07-03 18:09:13,2025-07-03 18:24:57.521413,,,,,,1,
966,delivered,2025-07-03 18:10:28,2025-07-03 18:29:32.359707,2025-07-03 18:29:32.359707,2025-07-03 18:23:31.900,13.065,0.0,16.0,1,osrm
967,delivered,2025-07-03 18:10:20,2025-07-03 18:17:14.933360,2025-07-03 18:17:14.933360,2025-07-03 18:21:34.200,11.236666666666668,0.0,10.0,1,osrm
968,delivered,2025-07-03 18:10:11,2025-07-03 18:23:43.538594,2025-07-03 18:28:10.200000,2025-07-03 18:31:54.500,21.725,4.444356766666667,7.0,1,osrm
969,delivered,2025-07-03 18:11:04,2025-07-03 18:23:36.128772,2025-07-03 18:23:36.128772,2025-07-03 18:23:35.300,12.521666666666667,0.0,6.0,1,osrm
970,delivered,2025-07-03 18:11:53,2025-07-03 18:25:36.668854,2025-07-03 18:57:22.300000,2025-07-03 19:00:07.200,48.236666666666665,31.7605191,17.0,1,osrm
971,delivered,2025-07-03 18:14:48,2025-07-03 18:27:27.086133,2025-07-03 19:29:24.900000,2025-07-03 19:32:58.800,78.18,61.96356445,16.0,1,osrm
972,delivered,2025-07-03 18:14:53,2025-07-03 18:29:43.654335,2025-07-03 19:20:39.700000,2025-07-03 19:23:07.800,68.24666666666667,50.93409441666667,6.0,1,osrm
973,delivered,2025-07-03 18:15:55,2025-07-03 18:27:13.356360,2025-07-03 18:27:13.356360,2025-07-03 18:28:57.400,13.04,0.0,15.0,1,osrm
974,delivered,2025-07-03 18:15:41,2025-07-03 18:25:13.644888,2025-07-03 18:25:40.800000,2025-07-03 18:29:41.200,14.003333333333334,0.45258519999999997,12.0,1,osrm
975,delivered,2025-07-03 18:16:59,2025-07-03 18:26:56.439215,2025-07-03 18:26:56.439215,2025-07-03 18:26:47.600,9.81,0.0,8.0,1,osrm
976,delivered,2025-07-03 18:17:28,2025-07-03 18:28:11.733203,2025-07-03 18:28:11.733203,2025-07-03 18:28:18.300,10.838333333333333,0.0,18.0,1,osrm
977,ready,2025-07-03 18:17:10,2025-07-03 18:32:08.539474,,,,,,1,
978,delivered,2025-07-03 18:18:43,2025-07-03 18:35:41.057690,2025-07-03 18:35:41.057690,2025-07-03 18:32:41.300,13.971666666666666,0.0,14.0,1,osrm
979,ready,2025-07-03 18:19:01,2025-07-03 18:25:11.626122,,,,,,1,
980,delivered,2025-07-03 18:21:58,2025-07-03 18:27:51.766381,2025-07-03 18:29:07.800000,2025-07-03 18:31:32.200,9.57,1.2672269833333334,9.0,1,osrm
981,ready,2025-07-03 18:22:46,2025-07-03 18:34:23.258839,,,,,,1,
982,delivered,2025-07-03 18:23:16,2025-07-03 18:33:25.654571,2025-07-03 18:33:25.654571,2025-07-03 18:32:31.600,9.26,0.0,13.0,1,osrm
983,delivered,2025-07-03 18:24:57,2025-07-03 18:38:19.327711,2025-07-03 19:18:04.600000,2025-07-03 19:21:12.700,56.26166666666666,39.75453815,8.0,1,osrm
984,ready,2025-07-03 18:24:24,2025-07-03 18:30:39.118359,,,,,,1,
985,delivered,2025-07-03 18:26:15,2025-07-03 18:38:18.984805,2025-07-03 18:38:18.984805,2025-07-03 18:37:27.100,11.201666666666666,0.0,6.0,1,osrm
986,delivered,2025-07-03 18:26:33,2025-07-03 18:38:23.774826,2025-07-03 19:52:03.200000,2025-07-03 19:56:00.700,89.46166666666666,73.65708623333333,6.0,1,osrm
987,delivered,2025-07-03 18:26:00,2025-07-03 18:35:51.621062,2025-07-03 18:35:51.621062,2025-07-03 18:37:23.600,11.393333333333334,0.0,10.0,1,osrm
988,ready,2025-07-03 18:27:40,2025-07-03 18:39:23.454849,,,,,,1,
989,delivered,2025-07-03 18:27:49,2025-07-03 18:40:46.258388,2025-07-03 18:40:46.258388,2025-07-03 18:37:20.500,9.525,0.0,11.0,1,osrm
990,delivered,2025-07-03 18:28:28,2025-07-03 18:46:57.616321,2025-07-03 18:46:57.616321,2025-07-03 18:37:50.200,9.370000000000001,0.0,20.0,1,osrm
991,delivered,2025-07-03 18:29:46,2025-07-03 18:46:48.459932,2025-07-03 18:46:48.459932,2025-07-03 18:38:09.800,8.396666666666667,0.0,16.0,1,osrm
992,ready,2025-07-03 18:29:26,2025-07-03 18:40:34.129150,,,,,,1,
993,delivered,2025-07-03 18:32:14,2025-07-03 18:52:27.453726,2025-07-03 18:57:31.100000,2025-07-03 18:59:57.800,27.73,5.060771233333333,15.0,1,osrm
994,delivered,2025-07-03 18:32:49,2025-07-03 18:49:43.927096,2025-07-03 19:17:44.200000,2025-07-03 19:20:41.500,47.875,28.004548399999997,19.0,1,osrm
995,delivered,2025-07-03 18:33:54,2025-07-03 18:38:54.000000,2025-07-03 18:39:43.200000,2025-07-03 18:42:39.200,8.753333333333334,0.8200000000000001,18.0,1,osrm
996,delivered,2025-07-03 18:33:33,2025-07-03 18:43:24.484812,2025-07-03 19:58:58.900000,2025-07-03 20:00:50.300,87.28833333333334,75.57358646666667,18.0,1,osrm
997,delivered,2025-07-03 18:36:31,2025-07-03 18:49:52.826808,2025-07-03 18:49:52.826808,2025-07-03 18:50:03.300,13.538333333333332,0.0,9.0,1,osrm
998,delivered,2025-07-03 18:36:09,2025-07-03 18:48:33.538258,2025-07-03 19:59:59.400000,2025-07-03 20:02:27.300,86.305,71.43102903333333,17.0,1,osrm
999,delivered,2025-07-03 18:42:12,2025-07-03 18:54:49.416733,2025-07-03 18:54:49.416733,2025-07-03 18:52:53.100,10.685,0.0,3.0,1,osrm
1000,delivered,2025-07-03 18:44:15,2025-07-03 18:53:01.528760,2025-07-03 19:52:58.100000,2025-07-03 19:56:10.800,71.93,59.942854000000004,13.0,1,osrm
1001,delivered,2025-07-03 18:45:36,2025-07-03 18:58:27.497576,2025-07-03 18:58:27.497576,2025-07-03 18:58:15.200,12.653333333333334,0.0,5.0,1,osrm
1002,ready,2025-07-03 18:46:10,2025-07-03 19:04:31.070930,,,,,,1,
1003,delivered,2025-07-03 18:49:11,2025-07-03 19:05:44.538219,2025-07-03 19:18:27.100000,2025-07-03 19:22:04.000,32.88333333333333,12.709363016666666,4.0,1,osrm
1004,delivered,2025-07-03 18:49:40,2025-07-03 18:58:46.631687,2025-07-03 18:58:46.631687,2025-07-03 19:01:03.700,11.395000000000001,0.0,2.0,1,osrm
1005,delivered,2025-07-03 18:50:22,2025-07-03 19:02:43.583722,2025-07-03 19:02:43.583722,2025-07-03 18:55:06.900,4.748333333333333,0.0,12.0,1,osrm
1006,delivered,2025-07-03 18:50:32,2025-07-03 19:05:30.784800,2025-07-03 19:52:02.900000,2025-07-03 19:57:00.200,66.47,46.53525333333334,7.0,1,osrm
1007,delivered,2025-07-03 18:50:55,2025-07-03 19:04:00.040265,2025-07-03 19:04:00.040265,2025-07-03 19:02:00.600,11.093333333333334,0.0,9.0,1,osrm
1008,delivered,2025-07-03 18:52:18,2025-07-03 19:05:51.047014,2025-07-03 19:28:57.800000,2025-07-03 19:32:36.100,40.30166666666666,23.112549766666667,9.0,1,osrm
1009,delivered,2025-07-03 18:54:10,2025-07-03 19:05:39.634913,2025-07-03 19:05:39.634913,2025-07-03 19:04:15.300,10.088333333333333,0.0,13.0,1,osrm
1010,delivered,2025-07-03 18:56:54,2025-07-03 19:11:32.748284,2025-07-03 19:11:32.748284,2025-07-03 19:07:47.100,10.885,0.0,3.0,1,osrm
1011,delivered,2025-07-03 18:59:11,2025-07-03 19:12:28.616745,2025-07-03 19:12:28.616745,2025-07-03 19:09:39.700,10.478333333333333,0.0,20.0,1,osrm
