order_id,status,placement_time,ready_time,pickup_time,delivery_time,click_to_door,ready_to_pickup,courier_id,bundle_size,routing_source
0,delivered,2025-07-03 08:00:31,2025-07-03 08:10:19.341393,2025-07-03 08:15:46.000000,2025-07-03 08:18:00.900,17.498333333333335,5.444310116666667,13,1,osrm
1,delivered,2025-07-03 08:00:20,2025-07-03 08:11:11.792243,2025-07-03 08:15:27.200000,2025-07-03 08:19:32.500,19.208333333333332,4.25679595,10,1,osrm
2,delivered,2025-07-03 08:00:03,2025-07-03 08:15:00.594227,2025-07-03 08:15:07.600000,2025-07-03 08:16:54.600,16.86,0.11676288333333333,12,1,osrm
3,delivered,2025-07-03 08:02:07,2025-07-03 08:11:01.402708,2025-07-03 08:15:09.200000,2025-07-03 08:17:08.300,15.021666666666667,4.129954866666667,14,1,osrm
4,delivered,2025-07-03 08:04:40,2025-07-03 08:14:17.263612,2025-07-03 08:14:29.800000,2025-07-03 08:16:46.200,12.103333333333333,0.2089398,1,1,osrm
5,delivered,2025-07-03 08:04:27,2025-07-03 08:17:04.205926,2025-07-03 08:18:46.300000,2025-07-03 08:22:31.100,18.06833333333333,1.7015679000000001,3,1,osrm
6,delivered,2025-07-03 08:04:56,2025-07-03 08:18:26.159194,2025-07-03 08:19:56.400000,2025-07-03 08:22:56.600,18.009999999999998,1.5040134333333335,5,1,osrm
7,delivered,2025-07-03 08:04:52,2025-07-03 08:15:40.508810,2025-07-03 08:19:32.900000,2025-07-03 08:22:04.800,17.21333333333333,3.8731865,9,1,osrm
8,delivered,2025-07-03 08:05:10,2025-07-03 08:18:10.544237,2025-07-03 08:18:21.900000,2025-07-03 08:22:20.800,17.18,0.18926271666666666,2,1,osrm
9,delivered,2025-07-03 08:05:49,2025-07-03 08:17:41.979588,2025-07-03 08:19:53.200000,2025-07-03 08:24:06.200,18.28666666666667,2.1870068666666667,26,1,osrm
10,delivered,2025-07-03 08:05:12,2025-07-03 08:19:52.121306,2025-07-03 08:19:52.121306,2025-07-03 08:21:19.900,16.131666666666668,0.0,8,1,osrm
11,delivered,2025-07-03 08:06:15,2025-07-03 08:27:58.103096,2025-07-03 08:28:11.100000,2025-07-03 08:32:15.100,26.001666666666665,0.2166150666666667,30,1,osrm
12,delivered,2025-07-03 08:07:22,2025-07-03 08:23:59.949695,2025-07-03 08:33:32.600000,2025-07-03 08:35:09.900,27.798333333333336,9.54417175,18,3,osrm
13,delivered,2025-07-03 08:07:38,2025-07-03 08:15:23.103873,2025-07-03 08:17:58.100000,2025-07-03 08:20:45.800,13.129999999999999,2.583268783333333,6,1,osrm
14,delivered,2025-07-03 08:07:59,2025-07-03 08:16:34.364246,2025-07-03 08:23:38.600000,2025-07-03 08:28:20.500,20.358333333333334,7.0705959,22,1,osrm
15,delivered,2025-07-03 08:07:47,2025-07-03 08:13:22.068728,2025-07-03 08:14:53.200000,2025-07-03 08:18:21.100,10.568333333333333,1.5188545333333332,11,1,osrm
16,delivered,2025-07-03 08:09:51,2025-07-03 08:20:15.018135,2025-07-03 08:28:52.100000,2025-07-03 08:34:38.900,24.798333333333336,8.618031083333333,31,2,osrm
17,delivered,2025-07-03 08:10:05,2025-07-03 08:22:20.512219,2025-07-03 08:25:38.800000,2025-07-03 08:29:18.700,19.228333333333335,3.3047963499999997,15,1,osrm
18,delivered,2025-07-03 08:10:14,2025-07-03 08:20:55.316460,2025-07-03 08:23:55.000000,2025-07-03 08:26:43.000,16.483333333333334,2.9947256666666666,17,1,osrm
19,delivered,2025-07-03 08:10:39,2025-07-03 08:25:18.143054,2025-07-03 08:28:52.100000,2025-07-03 08:34:38.900,23.998333333333335,3.5659490999999996,31,2,osrm
20,delivered,2025-07-03 08:11:16,2025-07-03 08:17:41.148775,2025-07-03 08:19:29.500000,2025-07-03 08:24:22.900,13.115,1.80585375,4,1,osrm
21,delivered,2025-07-03 08:12:17,2025-07-03 08:23:46.938772,2025-07-03 08:28:55.900000,2025-07-03 08:31:36.200,19.32,5.1493538,32,1,osrm
22,delivered,2025-07-03 08:12:53,2025-07-03 08:27:50.886886,2025-07-03 08:28:33.700000,2025-07-03 08:32:25.800,19.546666666666667,0.7135519,23,1,osrm
23,delivered,2025-07-03 08:13:07,2025-07-03 08:23:38.660205,2025-07-03 08:40:11.700000,2025-07-03 08:49:59.000,36.86666666666667,16.55066325,36,4,osrm
24,delivered,2025-07-03 08:14:02,2025-07-03 08:23:00.125079,2025-07-03 08:33:03.700000,2025-07-03 08:38:52.900,24.848333333333336,10.059582016666667,6,2,osrm
25,delivered,2025-07-03 08:16:29,2025-07-03 08:31:09.616017,2025-07-03 08:58:53.861352,2025-07-03 09:04:31.200,48.03666666666666,27.73742225,15,4,osrm
26,delivered,2025-07-03 08:16:55,2025-07-03 08:30:34.702872,2025-07-03 08:43:53.400000,2025-07-03 08:43:15.800,26.346666666666668,13.3116188,20,2,osrm
27,delivered,2025-07-03 08:17:30,2025-07-03 08:31:26.801189,2025-07-03 08:33:03.700000,2025-07-03 08:38:52.900,21.381666666666668,1.6149801833333333,6,2,osrm
28,delivered,2025-07-03 08:17:39,2025-07-03 08:31:46.669142,2025-07-03 08:43:50.997761,2025-07-03 08:48:18.800,30.663333333333334,12.07214365,28,4,osrm
29,delivered,2025-07-03 08:17:36,2025-07-03 08:29:28.648162,2025-07-03 08:29:28.648162,2025-07-03 08:32:29.500,14.891666666666667,0.0,10,1,osrm
30,delivered,2025-07-03 08:17:38,2025-07-03 08:27:07.249976,2025-07-03 08:28:05.500000,2025-07-03 08:31:07.500,13.491666666666667,0.9708337333333333,13,1,osrm
31,delivered,2025-07-03 08:18:03,2025-07-03 08:26:21.090249,2025-07-03 08:43:07.300000,2025-07-03 08:51:28.000,33.416666666666664,16.770162516666666,8,3,osrm
32,delivered,2025-07-03 08:18:44,2025-07-03 08:27:46.372874,2025-07-03 08:29:21.500000,2025-07-03 08:32:19.700,13.595,1.5854521000000001,28,1,osrm
33,delivered,2025-07-03 08:19:57,2025-07-03 08:30:40.537407,2025-07-03 08:33:32.600000,2025-07-03 08:35:09.900,15.215,2.867709883333333,18,3,osrm
34,delivered,2025-07-03 08:19:19,2025-07-03 08:30:09.342951,2025-07-03 08:32:58.600000,2025-07-03 08:32:02.300,12.721666666666666,2.8209508166666666,37,1,osrm
35,delivered,2025-07-03 08:19:34,2025-07-03 08:33:13.107025,2025-07-03 08:40:11.700000,2025-07-03 08:49:59.000,30.416666666666668,6.976549583333334,36,4,osrm
36,delivered,2025-07-03 08:20:56,2025-07-03 08:32:31.784936,2025-07-03 08:56:26.619223,2025-07-03 08:58:06.300,37.17166666666667,23.913904783333333,18,3,osrm
37,delivered,2025-07-03 08:20:48,2025-07-03 08:27:15.375861,2025-07-03 08:27:26.900000,2025-07-03 08:30:46.100,9.968333333333334,0.19206898333333333,11,1,osrm
38,delivered,2025-07-03 08:21:11,2025-07-03 08:32:42.140184,2025-07-03 08:32:59.000000,2025-07-03 08:37:15.600,16.076666666666668,0.2809969333333333,2,2,osrm
39,delivered,2025-07-03 08:21:34,2025-07-03 08:35:59.037917,2025-07-03 08:54:06.800000,2025-07-03 09:01:45.500,40.19166666666667,18.12936805,31,3,osrm
40,delivered,2025-07-03 08:21:45,2025-07-03 08:32:58.774246,2025-07-03 08:32:59.000000,2025-07-03 08:37:15.600,15.51,0.003762566666666667,2,2,osrm
41,delivered,2025-07-03 08:21:20,2025-07-03 08:37:27.973610,2025-07-03 08:43:07.300000,2025-07-03 08:51:28.000,30.133333333333333,5.655439833333333,8,3,osrm
42,delivered,2025-07-03 08:23:18,2025-07-03 08:33:00.627149,2025-07-03 08:34:27.600000,2025-07-03 08:38:05.000,14.783333333333333,1.4495475166666667,39,1,osrm
43,delivered,2025-07-03 08:23:31,2025-07-03 08:37:23.807507,2025-07-03 08:43:50.997761,2025-07-03 08:48:18.800,24.796666666666667,6.4531709,28,4,osrm
44,delivered,2025-07-03 08:24:30,2025-07-03 08:37:19.486079,2025-07-03 08:40:11.700000,2025-07-03 08:49:59.000,25.483333333333334,2.870232016666667,36,4,osrm
45,delivered,2025-07-03 08:24:33,2025-07-03 08:35:21.457986,2025-07-03 08:57:45.149216,2025-07-03 08:59:02.000,34.483333333333334,22.394853833333332,27,4,osrm
46,delivered,2025-07-03 08:25:59,2025-07-03 08:34:38.709229,2025-07-03 08:34:38.709229,2025-07-03 08:36:47.400,10.806666666666667,0.0,38,1,osrm
47,delivered,2025-07-03 08:25:22,2025-07-03 08:33:02.610324,2025-07-03 08:55:42.837621,2025-07-03 08:58:10.600,32.809999999999995,22.67045495,35,2,osrm
48,delivered,2025-07-03 08:25:29,2025-07-03 08:38:55.136225,2025-07-03 08:54:06.800000,2025-07-03 09:01:45.500,36.275,15.19439625,31,3,osrm
49,delivered,2025-07-03 08:25:13,2025-07-03 08:39:48.470414,2025-07-03 09:01:35.421027,2025-07-03 09:01:41.500,36.475,21.782510216666665,16,2,osrm
50,delivered,2025-07-03 08:25:18,2025-07-03 08:38:48.032701,2025-07-03 08:43:53.400000,2025-07-03 08:43:15.800,17.96333333333333,5.089454983333334,20,2,osrm
51,delivered,2025-07-03 08:26:31,2025-07-03 08:35:28.374844,2025-07-03 08:43:50.997761,2025-07-03 08:48:18.800,21.796666666666667,8.377048616666666,28,4,osrm
52,delivered,2025-07-03 08:26:00,2025-07-03 08:37:23.520666,2025-07-03 08:53:10.900000,2025-07-03 08:59:51.600,33.86,15.789655566666665,5,4,osrm
53,delivered,2025-07-03 08:26:30,2025-07-03 08:38:44.830583,2025-07-03 08:49:07.165773,2025-07-03 08:54:25.000,27.916666666666668,10.372253166666667,2,3,osrm
54,delivered,2025-07-03 08:27:42,2025-07-03 08:41:52.085748,2025-07-03 09:01:30.059982,2025-07-03 09:08:48.400,41.10666666666667,19.6329039,28,4,osrm
55,delivered,2025-07-03 08:27:21,2025-07-03 08:41:27.853002,2025-07-03 08:57:44.500000,2025-07-03 09:08:48.400,41.45666666666667,16.27744996666667,1,3,osrm
56,delivered,2025-07-03 08:27:13,2025-07-03 08:40:51.282393,2025-07-03 09:06:58.278431,2025-07-03 09:05:29.600,38.276666666666664,26.116600633333334,9,4,osrm
57,delivered,2025-07-03 08:28:01,2025-07-03 08:39:19.909083,2025-07-03 08:43:07.300000,2025-07-03 08:51:28.000,23.45,3.7898486166666667,8,3,osrm
58,delivered,2025-07-03 08:28:43,2025-07-03 08:41:28.035132,2025-07-03 08:58:53.861352,2025-07-03 09:04:31.200,35.80333333333333,17.430436999999998,15,4,osrm
59,delivered,2025-07-03 08:28:08,2025-07-03 08:36:51.316057,2025-07-03 08:53:55.600000,2025-07-03 09:03:14.500,35.108333333333334,17.07139905,30,4,osrm
60,delivered,2025-07-03 08:28:28,2025-07-03 08:40:18.584052,2025-07-03 09:06:12.206898,2025-07-03 09:12:25.100,43.95166666666667,25.8937141,7,4,osrm
61,delivered,2025-07-03 08:28:01,2025-07-03 08:42:52.691930,2025-07-03 09:00:08.391115,2025-07-03 09:05:43.600,37.71,17.261653083333332,26,4,osrm
62,delivered,2025-07-03 08:29:33,2025-07-03 08:39:06.523019,2025-07-03 08:59:10.438346,2025-07-03 08:59:38.100,30.084999999999997,20.06525545,25,3,osrm
63,delivered,2025-07-03 08:29:01,2025-07-03 08:37:53.522041,2025-07-03 08:40:11.700000,2025-07-03 08:49:59.000,20.966666666666665,2.302965983333333,36,4,osrm
64,delivered,2025-07-03 08:30:31,2025-07-03 08:41:06.184244,2025-07-03 08:53:55.600000,2025-07-03 09:03:14.500,32.725,12.823595933333333,30,4,osrm
65,delivered,2025-07-03 08:30:34,2025-07-03 08:41:47.648631,2025-07-03 08:57:44.500000,2025-07-03 09:08:48.400,38.24,15.947522816666666,1,3,osrm
66,delivered,2025-07-03 08:31:42,2025-07-03 08:45:13.532232,2025-07-03 08:59:01.000000,2025-07-03 09:02:48.300,31.105,13.791129466666666,34,2,osrm
67,delivered,2025-07-03 08:31:11,2025-07-03 08:37:54.650782,2025-07-03 09:00:08.391115,2025-07-03 09:05:43.600,34.54333333333333,22.22900555,26,4,osrm
68,delivered,2025-07-03 08:31:23,2025-07-03 08:43:48.673847,2025-07-03 09:00:30.500000,2025-07-03 09:06:59.200,35.60333333333333,16.69710255,17,3,osrm
69,delivered,2025-07-03 08:31:42,2025-07-03 08:43:14.475341,2025-07-03 09:00:30.500000,2025-07-03 09:06:59.200,35.28666666666666,17.267077649999997,17,3,osrm
70,delivered,2025-07-03 08:32:54,2025-07-03 08:46:07.236950,2025-07-03 08:53:10.900000,2025-07-03 08:59:51.600,26.959999999999997,7.061050833333334,5,4,osrm
71,delivered,2025-07-03 08:32:34,2025-07-03 08:39:58.855225,2025-07-03 08:49:07.165773,2025-07-03 08:54:25.000,21.85,9.138509133333335,2,3,osrm
72,delivered,2025-07-03 08:32:56,2025-07-03 08:44:36.823282,2025-07-03 09:02:52.318682,2025-07-03 09:12:44.900,39.815000000000005,18.258256666666668,3,3,osrm
73,delivered,2025-07-03 08:34:22,2025-07-03 08:43:50.997761,2025-07-03 08:43:50.997761,2025-07-03 08:48:18.800,13.946666666666665,0.0,28,4,osrm
74,delivered,2025-07-03 08:35:54,2025-07-03 08:47:21.383567,2025-07-03 08:53:10.900000,2025-07-03 08:59:51.600,23.959999999999997,5.825273883333334,5,4,osrm
75,delivered,2025-07-03 08:35:09,2025-07-03 08:47:52.455903,2025-07-03 09:04:14.500000,2025-07-03 09:07:16.500,32.125,16.367401616666665,4,3,osrm
76,delivered,2025-07-03 08:35:49,2025-07-03 08:48:29.326791,2025-07-03 08:57:45.149216,2025-07-03 08:59:02.000,23.216666666666665,9.263707083333333,27,4,osrm
77,delivered,2025-07-03 08:35:46,2025-07-03 08:51:24.226093,2025-07-03 08:58:39.800000,2025-07-03 09:07:42.300,31.938333333333333,7.259565116666667,12,4,osrm
78,delivered,2025-07-03 08:36:04,2025-07-03 08:50:31.098520,2025-07-03 08:57:44.500000,2025-07-03 09:08:48.400,32.74,7.223358,1,3,osrm
79,delivered,2025-07-03 08:36:12,2025-07-03 08:49:40.107776,2025-07-03 08:54:06.800000,2025-07-03 09:01:45.500,25.558333333333334,4.4448704,31,3,osrm
80,delivered,2025-07-03 08:36:41,2025-07-03 08:51:37.556446,2025-07-03 08:53:55.600000,2025-07-03 09:03:14.500,26.558333333333334,2.3007259,30,4,osrm
81,delivered,2025-07-03 08:36:05,2025-07-03 08:41:23.286158,2025-07-03 08:59:01.000000,2025-07-03 09:02:48.300,26.721666666666668,17.628564033333337,34,2,osrm
82,delivered,2025-07-03 08:36:43,2025-07-03 08:50:45.844582,2025-07-03 08:58:53.861352,2025-07-03 09:04:31.200,27.803333333333335,8.133612833333334,15,4,osrm
83,delivered,2025-07-03 08:37:23,2025-07-03 08:42:49.179279,2025-07-03 08:58:58.200000,2025-07-03 09:03:06.900,25.73166666666667,16.15034535,38,3,osrm
84,delivered,2025-07-03 08:37:54,2025-07-03 08:47:51.242909,2025-07-03 08:59:10.438346,2025-07-03 08:59:38.100,21.735,11.31992395,25,3,osrm
85,delivered,2025-07-03 08:37:52,2025-07-03 08:48:06.635404,2025-07-03 09:08:10.531877,2025-07-03 09:08:51.200,30.986666666666668,20.064941216666668,33,4,osrm
86,delivered,2025-07-03 08:38:16,2025-07-03 08:55:35.933824,2025-07-03 09:00:30.500000,2025-07-03 09:06:59.200,28.720000000000002,4.909436266666666,17,3,osrm
87,delivered,2025-07-03 08:38:48,2025-07-03 08:46:36.992806,2025-07-03 09:06:26.844168,2025-07-03 09:10:16.100,31.46833333333333,19.830856033333337,2,3,osrm
88,delivered,2025-07-03 08:38:56,2025-07-03 08:55:02.923368,2025-07-03 08:58:39.800000,2025-07-03 09:07:42.300,28.771666666666665,3.6146105333333334,12,4,osrm
89,delivered,2025-07-03 08:38:15,2025-07-03 08:50:09.269439,2025-07-03 09:01:30.059982,2025-07-03 09:08:48.400,30.55666666666667,11.34650905,28,4,osrm
90,delivered,2025-07-03 08:39:28,2025-07-03 08:52:07.052472,2025-07-03 08:53:32.800000,2025-07-03 08:57:00.700,17.545,1.4291254666666666,40,1,osrm
91,delivered,2025-07-03 08:39:54,2025-07-03 08:49:07.165773,2025-07-03 08:49:07.165773,2025-07-03 08:54:25.000,14.516666666666667,0.0,2,3,osrm
92,delivered,2025-07-03 08:40:46,2025-07-03 08:57:29.184367,2025-07-03 09:03:52.000000,2025-07-03 09:09:23.600,28.626666666666665,6.38026055,23,2,osrm
93,delivered,2025-07-03 08:40:17,2025-07-03 08:51:35.467084,2025-07-03 08:56:26.619223,2025-07-03 08:58:06.300,17.821666666666665,4.852535649999999,18,3,osrm
94,delivered,2025-07-03 08:40:09,2025-07-03 08:46:08.875002,2025-07-03 09:06:12.206898,2025-07-03 09:12:25.100,32.26833333333333,20.0555316,7,4,osrm
95,delivered,2025-07-03 08:41:05,2025-07-03 08:56:26.619223,2025-07-03 08:56:26.619223,2025-07-03 08:58:06.300,17.021666666666665,0.0,18,3,osrm
96,delivered,2025-07-03 08:41:51,2025-07-03 08:55:04.210012,2025-07-03 09:18:34.046124,2025-07-03 09:27:42.000,45.85,23.497268533333333,20,4,osrm
97,delivered,2025-07-03 08:41:24,2025-07-03 08:49:52.147839,2025-07-03 09:12:20.575626,2025-07-03 09:10:55.600,29.526666666666664,22.473796450000002,21,4,osrm
98,delivered,2025-07-03 08:41:18,2025-07-03 08:55:42.837621,2025-07-03 08:55:42.837621,2025-07-03 08:58:10.600,16.87666666666667,0.0,35,2,osrm
99,delivered,2025-07-03 08:42:54,2025-07-03 08:47:54.000000,2025-07-03 08:57:48.000000,2025-07-03 09:04:25.000,21.516666666666666,9.9,29,2,osrm
100,delivered,2025-07-03 08:42:48,2025-07-03 08:50:37.708715,2025-07-03 09:03:52.000000,2025-07-03 09:09:23.600,26.59333333333333,13.238188083333334,23,2,osrm
101,delivered,2025-07-03 08:42:10,2025-07-03 08:53:20.508825,2025-07-03 08:57:48.000000,2025-07-03 09:04:25.000,22.25,4.45818625,29,2,osrm
102,delivered,2025-07-03 08:42:24,2025-07-03 08:53:49.444699,2025-07-03 09:04:14.500000,2025-07-03 09:07:16.500,24.875,10.417588349999999,4,3,osrm
103,delivered,2025-07-03 08:43:35,2025-07-03 08:55:56.512697,2025-07-03 09:22:54.400000,2025-07-03 09:29:50.900,46.265,26.96478838333333,21,3,osrm
104,delivered,2025-07-03 08:43:18,2025-07-03 08:52:46.692019,2025-07-03 08:53:10.900000,2025-07-03 08:59:51.600,16.56,0.40346635000000003,5,4,osrm
105,delivered,2025-07-03 08:43:14,2025-07-03 08:57:45.149216,2025-07-03 08:57:45.149216,2025-07-03 08:59:02.000,15.8,0.0,27,4,osrm
106,delivered,2025-07-03 08:43:57,2025-07-03 08:49:35.348515,2025-07-03 08:57:45.149216,2025-07-03 08:59:02.000,15.083333333333334,8.163345016666666,27,4,osrm
107,delivered,2025-07-03 08:43:35,2025-07-03 09:01:35.421027,2025-07-03 09:01:35.421027,2025-07-03 09:01:41.500,18.108333333333334,0.0,16,2,osrm
108,delivered,2025-07-03 08:43:15,2025-07-03 08:53:57.201992,2025-07-03 09:21:37.590412,2025-07-03 09:12:47.900,29.548333333333336,27.673140333333333,37,4,osrm
109,delivered,2025-07-03 08:44:12,2025-07-03 08:52:49.083581,2025-07-03 09:01:30.059982,2025-07-03 09:08:48.400,24.60666666666667,8.682940016666667,28,4,osrm
110,delivered,2025-07-03 08:44:28,2025-07-03 08:52:46.631671,2025-07-03 09:00:08.391115,2025-07-03 09:05:43.600,21.259999999999998,7.3626574,26,4,osrm
111,delivered,2025-07-03 08:44:46,2025-07-03 08:54:41.382038,2025-07-03 08:58:58.200000,2025-07-03 09:03:06.900,18.348333333333336,4.280299366666667,38,3,osrm
112,delivered,2025-07-03 08:44:23,2025-07-03 09:01:38.042929,2025-07-03 09:18:20.530957,2025-07-03 09:24:17.300,39.905,16.7081338,1,4,osrm
113,delivered,2025-07-03 08:44:40,2025-07-03 09:00:35.781262,2025-07-03 09:06:58.278431,2025-07-03 09:05:29.600,20.826666666666664,6.374952816666666,9,4,osrm
114,delivered,2025-07-03 08:44:45,2025-07-03 08:58:53.861352,2025-07-03 08:58:53.861352,2025-07-03 09:04:31.200,19.77,0.0,15,4,osrm
115,delivered,2025-07-03 08:45:33,2025-07-03 08:55:24.237690,2025-07-03 09:06:26.844168,2025-07-03 09:10:16.100,24.71833333333333,11.043441300000001,2,3,osrm
116,delivered,2025-07-03 08:45:48,2025-07-03 08:56:00.282542,2025-07-03 08:58:58.200000,2025-07-03 09:03:06.900,17.315,2.9652909666666667,38,3,osrm
117,delivered,2025-07-03 08:46:57,2025-07-03 09:02:49.133416,2025-07-03 09:25:15.849849,2025-07-03 09:31:17.400,44.34,22.445273883333336,22,4,osrm
118,delivered,2025-07-03 08:47:25,2025-07-03 09:00:08.391115,2025-07-03 09:00:08.391115,2025-07-03 09:05:43.600,18.31,0.0,26,4,osrm
119,delivered,2025-07-03 08:47:09,2025-07-03 08:53:46.872914,2025-07-03 08:53:55.600000,2025-07-03 09:03:14.500,16.091666666666665,0.14545143333333332,30,4,osrm
120,delivered,2025-07-03 08:47:34,2025-07-03 09:00:28.239368,2025-07-03 09:06:58.278431,2025-07-03 09:05:29.600,17.926666666666666,6.50065105,9,4,osrm
121,delivered,2025-07-03 08:48:43,2025-07-03 08:59:10.438346,2025-07-03 08:59:10.438346,2025-07-03 08:59:38.100,10.918333333333333,0.0,25,3,osrm
122,delivered,2025-07-03 08:49:59,2025-07-03 09:06:58.278431,2025-07-03 09:06:58.278431,2025-07-03 09:05:29.600,15.51,0.0,9,4,osrm
123,delivered,2025-07-03 08:49:24,2025-07-03 09:06:12.206898,2025-07-03 09:06:12.206898,2025-07-03 09:12:25.100,23.01833333333333,0.0,7,4,osrm
124,delivered,2025-07-03 08:49:18,2025-07-03 09:05:32.704617,2025-07-03 09:25:29.348335,2025-07-03 09:26:09.300,36.855000000000004,19.944061966666666,23,3,osrm
125,delivered,2025-07-03 08:49:09,2025-07-03 09:01:33.048590,2025-07-03 09:25:29.348335,2025-07-03 09:26:09.300,37.005,23.938329083333333,23,3,osrm
126,delivered,2025-07-03 08:49:47,2025-07-03 09:01:08.497668,2025-07-03 09:18:26.100000,2025-07-03 09:24:35.100,34.80166666666666,17.2933722,27,3,osrm
127,delivered,2025-07-03 08:50:39,2025-07-03 09:05:17.122146,2025-07-03 09:23:29.000000,2025-07-03 09:29:50.800,39.19666666666667,18.197964233333334,30,3,osrm
128,delivered,2025-07-03 08:50:36,2025-07-03 09:01:55.395451,2025-07-03 09:04:14.500000,2025-07-03 09:07:16.500,16.675,2.31840915,4,3,osrm
129,delivered,2025-07-03 08:50:15,2025-07-03 08:56:32.538994,2025-07-03 09:23:13.431866,2025-07-03 09:26:55.700,36.67833333333333,26.681547866666666,15,4,osrm
130,delivered,2025-07-03 08:51:08,2025-07-03 09:01:50.990723,2025-07-03 09:23:13.200000,2025-07-03 09:31:18.300,40.17166666666667,21.370154616666664,38,3,osrm
131,delivered,2025-07-03 08:51:15,2025-07-03 09:02:52.318682,2025-07-03 09:02:52.318682,2025-07-03 09:12:44.900,21.498333333333335,0.0,3,3,osrm
132,delivered,2025-07-03 08:51:25,2025-07-03 09:04:51.951798,2025-07-03 09:09:09.200000,2025-07-03 09:12:47.600,21.376666666666665,4.287470033333333,5,2,osrm
133,delivered,2025-07-03 08:52:31,2025-07-03 09:04:38.814562,2025-07-03 09:23:13.431866,2025-07-03 09:26:55.700,34.41166666666666,18.576955066666667,15,4,osrm
134,delivered,2025-07-03 08:52:03,2025-07-03 09:01:29.961772,2025-07-03 09:02:52.318682,2025-07-03 09:12:44.900,20.698333333333334,1.3726151666666666,3,3,osrm
135,delivered,2025-07-03 08:52:34,2025-07-03 09:00:41.770413,2025-07-03 09:22:50.500000,2025-07-03 09:30:43.300,38.155,22.145493116666668,16,3,osrm
136,delivered,2025-07-03 08:53:39,2025-07-03 09:01:30.059982,2025-07-03 09:01:30.059982,2025-07-03 09:08:48.400,15.156666666666666,0.0,28,4,osrm
137,delivered,2025-07-03 08:53:20,2025-07-03 09:02:17.565150,2025-07-03 09:06:12.206898,2025-07-03 09:12:25.100,19.084999999999997,3.9106958,7,4,osrm
138,delivered,2025-07-03 08:54:12,2025-07-03 09:06:26.844168,2025-07-03 09:06:26.844168,2025-07-03 09:10:16.100,16.068333333333335,0.0,2,3,osrm
139,delivered,2025-07-03 08:54:26,2025-07-03 09:08:51.495297,2025-07-03 09:23:13.200000,2025-07-03 09:31:18.300,36.87166666666667,14.36174505,38,3,osrm
140,delivered,2025-07-03 08:54:32,2025-07-03 09:03:53.717199,2025-07-03 09:12:20.575626,2025-07-03 09:10:55.600,16.393333333333334,8.44764045,21,4,osrm
141,delivered,2025-07-03 08:54:50,2025-07-03 09:08:47.600092,2025-07-03 09:21:37.590412,2025-07-03 09:12:47.900,17.965,12.833172,37,4,osrm
142,delivered,2025-07-03 08:55:59,2025-07-03 09:04:14.977340,2025-07-03 09:20:57.650633,2025-07-03 09:24:41.800,28.71333333333333,16.711221549999998,25,3,osrm
143,delivered,2025-07-03 08:56:46,2025-07-03 09:06:50.344961,2025-07-03 09:18:34.046124,2025-07-03 09:27:42.000,30.933333333333334,11.728352716666667,20,4,osrm
144,delivered,2025-07-03 08:56:10,2025-07-03 09:07:42.190021,2025-07-03 09:25:15.849849,2025-07-03 09:31:17.400,35.123333333333335,17.560997133333334,22,4,osrm
145,delivered,2025-07-03 08:56:03,2025-07-03 09:09:54.488321,2025-07-03 09:24:41.000000,2025-07-03 09:37:17.100,41.235,14.77519465,2,4,osrm
146,delivered,2025-07-03 08:56:28,2025-07-03 09:08:33.392137,2025-07-03 09:22:54.400000,2025-07-03 09:29:50.900,33.38166666666667,14.35013105,21,3,osrm
147,delivered,2025-07-03 08:56:26,2025-07-03 09:10:06.595554,2025-07-03 09:40:48.531371,2025-07-03 09:43:49.300,47.388333333333335,30.698930283333333,27,4,osrm
148,delivered,2025-07-03 08:57:43,2025-07-03 09:02:43.000000,2025-07-03 09:27:27.675179,2025-07-03 09:25:49.900,28.115000000000002,24.744586316666666,40,4,osrm
149,delivered,2025-07-03 08:57:09,2025-07-03 09:08:53.434403,2025-07-03 09:18:26.100000,2025-07-03 09:24:35.100,27.435,9.544426616666668,27,3,osrm
150,delivered,2025-07-03 08:57:14,2025-07-03 09:08:05.424262,2025-07-03 09:18:20.530957,2025-07-03 09:24:17.300,27.055,10.25177825,1,4,osrm
151,delivered,2025-07-03 08:57:35,2025-07-03 09:07:35.623846,2025-07-03 09:24:41.000000,2025-07-03 09:37:17.100,39.70166666666667,17.089602566666667,2,4,osrm
152,delivered,2025-07-03 08:57:43,2025-07-03 09:04:18.951624,2025-07-03 09:23:13.431866,2025-07-03 09:26:55.700,29.211666666666666,18.908004033333334,15,4,osrm
153,delivered,2025-07-03 08:57:56,2025-07-03 09:08:54.591322,2025-07-03 09:26:47.419178,2025-07-03 09:35:51.600,37.92666666666666,17.880464266666667,34,3,osrm
154,delivered,2025-07-03 08:57:45,2025-07-03 09:09:19.219754,2025-07-03 09:28:37.159702,2025-07-03 09:32:43.900,34.98166666666667,19.298999133333332,19,3,osrm
155,delivered,2025-07-03 08:57:38,2025-07-03 09:11:29.906404,2025-07-03 09:22:54.400000,2025-07-03 09:29:50.900,32.215,11.4082266,21,3,osrm
156,delivered,2025-07-03 08:58:05,2025-07-03 09:04:55.629557,2025-07-03 09:12:20.575626,2025-07-03 09:10:55.600,12.843333333333334,7.415767816666667,21,4,osrm
157,delivered,2025-07-03 08:58:44,2025-07-03 09:11:53.171632,2025-07-03 09:21:07.144247,2025-07-03 09:28:35.800,29.863333333333333,9.232876916666667,28,4,osrm
158,delivered,2025-07-03 08:58:31,2025-07-03 09:06:08.409576,2025-07-03 09:09:09.200000,2025-07-03 09:12:47.600,14.276666666666667,3.0131737333333333,5,2,osrm
159,delivered,2025-07-03 08:59:38,2025-07-03 09:12:43.411064,2025-07-03 09:31:29.487012,2025-07-03 09:41:05.000,41.45,18.767932466666664,26,3,osrm
160,delivered,2025-07-03 08:59:25,2025-07-03 09:08:10.531877,2025-07-03 09:08:10.531877,2025-07-03 09:08:51.200,9.436666666666667,0.0,33,4,osrm
161,delivered,2025-07-03 08:59:20,2025-07-03 09:12:20.575626,2025-07-03 09:12:20.575626,2025-07-03 09:10:55.600,11.593333333333334,0.0,21,4,osrm
162,delivered,2025-07-03 09:00:14,2025-07-03 09:14:17.768646,2025-07-03 09:25:01.900000,2025-07-03 09:27:58.400,27.740000000000002,10.735522566666667,6,1,osrm
163,delivered,2025-07-03 09:00:44,2025-07-03 09:14:36.645241,2025-07-03 09:23:13.200000,2025-07-03 09:31:18.300,30.571666666666665,8.609245983333333,38,3,osrm
164,delivered,2025-07-03 09:01:03,2025-07-03 09:10:07.325144,2025-07-03 09:18:20.530957,2025-07-03 09:24:17.300,23.238333333333333,8.220096883333333,1,4,osrm
165,delivered,2025-07-03 09:01:42,2025-07-03 09:15:07.764320,2025-07-03 09:23:29.000000,2025-07-03 09:29:50.800,28.146666666666665,8.353928,30,3,osrm
166,delivered,2025-07-03 09:01:40,2025-07-03 09:10:31.310465,2025-07-03 09:42:49.243830,2025-07-03 09:48:48.400,47.14,32.29888941666667,10,4,osrm
167,delivered,2025-07-03 09:01:21,2025-07-03 09:15:48.826339,2025-07-03 09:18:34.046124,2025-07-03 09:27:42.000,26.35,2.7536630833333335,20,4,osrm
168,delivered,2025-07-03 09:01:50,2025-07-03 09:21:44.687944,2025-07-03 09:40:48.531371,2025-07-03 09:43:49.300,41.98833333333334,19.064057116666667,27,4,osrm
169,delivered,2025-07-03 09:02:26,2025-07-03 09:12:13.820935,2025-07-03 09:32:19.729257,2025-07-03 09:36:31.200,34.086666666666666,20.098472033333334,9,4,osrm
170,delivered,2025-07-03 09:02:11,2025-07-03 09:08:26.687405,2025-07-03 09:22:50.500000,2025-07-03 09:30:43.300,28.538333333333334,14.396876583333333,16,3,osrm
171,delivered,2025-07-03 09:02:44,2025-07-03 09:13:04.392817,2025-07-03 09:33:40.028419,2025-07-03 09:41:00.800,38.28,20.5939267,36,4,osrm
172,delivered,2025-07-03 09:02:36,2025-07-03 09:14:16.037284,2025-07-03 09:36:18.979543,2025-07-03 09:40:03.100,37.45166666666667,22.04903765,4,3,osrm
173,delivered,2025-07-03 09:02:42,2025-07-03 09:14:54.847275,2025-07-03 09:22:50.500000,2025-07-03 09:30:43.300,28.021666666666665,7.927545416666666,16,3,osrm
174,delivered,2025-07-03 09:03:55,2025-07-03 09:11:11.673263,2025-07-03 09:39:31.000000,2025-07-03 09:47:21.000,43.43333333333333,28.322112283333336,18,4,osrm
175,delivered,2025-07-03 09:03:22,2025-07-03 09:20:30.771952,2025-07-03 09:23:42.300000,2025-07-03 09:29:53.200,26.52,3.1921341333333335,31,3,osrm
176,delivered,2025-07-03 09:03:13,2025-07-03 09:15:50.846752,2025-07-03 09:28:37.159702,2025-07-03 09:32:43.900,29.515,12.7718825,19,3,osrm
177,delivered,2025-07-03 09:03:25,2025-07-03 09:13:53.596401,2025-07-03 09:25:15.849849,2025-07-03 09:31:17.400,27.873333333333335,11.370890800000002,22,4,osrm
178,delivered,2025-07-03 09:04:37,2025-07-03 09:18:27.761099,2025-07-03 09:40:48.531371,2025-07-03 09:43:49.300,39.205000000000005,22.3461712,27,4,osrm
179,delivered,2025-07-03 09:04:10,2025-07-03 09:17:04.039960,2025-07-03 09:33:40.028419,2025-07-03 09:41:00.800,36.84666666666667,16.59980765,36,4,osrm
180,delivered,2025-07-03 09:04:06,2025-07-03 09:14:35.493951,2025-07-03 09:27:27.675179,2025-07-03 09:25:49.900,21.73166666666667,12.869687133333334,40,4,osrm
181,delivered,2025-07-03 09:04:52,2025-07-03 09:18:24.137658,2025-07-03 09:26:47.419178,2025-07-03 09:35:51.600,30.993333333333332,8.388025333333333,34,3,osrm
182,delivered,2025-07-03 09:04:07,2025-07-03 09:13:54.002108,2025-07-03 09:39:31.000000,2025-07-03 09:47:21.000,43.233333333333334,25.616631533333337,18,4,osrm
183,delivered,2025-07-03 09:04:30,2025-07-03 09:13:49.439332,2025-07-03 09:23:29.000000,2025-07-03 09:29:50.800,25.346666666666668,9.659344466666665,30,3,osrm
184,delivered,2025-07-03 09:05:27,2025-07-03 09:18:15.052919,2025-07-03 09:24:41.000000,2025-07-03 09:37:17.100,31.834999999999997,6.43245135,2,4,osrm
185,delivered,2025-07-03 09:05:26,2025-07-03 09:18:20.530957,2025-07-03 09:18:20.530957,2025-07-03 09:24:17.300,18.855,0.0,1,4,osrm
186,delivered,2025-07-03 09:05:40,2025-07-03 09:25:29.348335,2025-07-03 09:25:29.348335,2025-07-03 09:26:09.300,20.488333333333333,0.0,23,3,osrm
187,delivered,2025-07-03 09:05:01,2025-07-03 09:16:32.401841,2025-07-03 09:39:31.000000,2025-07-03 09:47:21.000,42.333333333333336,22.97663598333333,18,4,osrm
188,delivered,2025-07-03 09:05:48,2025-07-03 09:17:12.251816,2025-07-03 09:18:25.400000,2025-07-03 09:29:20.300,23.538333333333334,1.2191364,35,4,osrm
189,delivered,2025-07-03 09:06:35,2025-07-03 09:23:32.817334,2025-07-03 09:23:42.300000,2025-07-03 09:29:53.200,23.303333333333335,0.15804443333333335,31,3,osrm
190,delivered,2025-07-03 09:06:58,2025-07-03 09:18:11.781419,2025-07-03 09:23:42.300000,2025-07-03 09:29:53.200,22.92,5.5086430166666664,31,3,osrm
191,delivered,2025-07-03 09:06:25,2025-07-03 09:18:34.046124,2025-07-03 09:18:34.046124,2025-07-03 09:27:42.000,21.283333333333335,0.0,20,4,osrm
192,delivered,2025-07-03 09:06:27,2025-07-03 09:21:37.590412,2025-07-03 09:21:37.590412,2025-07-03 09:12:47.900,6.348333333333333,0.0,37,4,osrm
193,delivered,2025-07-03 09:06:53,2025-07-03 09:14:49.386526,2025-07-03 09:20:57.650633,2025-07-03 09:24:41.800,17.813333333333333,6.137735116666667,25,3,osrm
194,delivered,2025-07-03 09:06:09,2025-07-03 09:21:07.144247,2025-07-03 09:27:27.675179,2025-07-03 09:25:49.900,19.68166666666667,6.3421822,40,4,osrm
195,delivered,2025-07-03 09:06:21,2025-07-03 09:19:17.396225,2025-07-03 09:32:19.729257,2025-07-03 09:36:31.200,30.17,13.038883866666668,9,4,osrm
196,delivered,2025-07-03 09:06:19,2025-07-03 09:20:59.914023,2025-07-03 09:40:54.463195,2025-07-03 09:48:51.200,42.53666666666666,19.909152866666666,40,4,osrm
197,delivered,2025-07-03 09:07:03,2025-07-03 09:17:40.693790,2025-07-03 09:18:26.100000,2025-07-03 09:24:35.100,17.535,0.7567701666666667,27,3,osrm
198,delivered,2025-07-03 09:07:36,2025-07-03 09:20:30.864014,2025-07-03 09:21:37.590412,2025-07-03 09:12:47.900,5.198333333333333,1.1121066333333334,37,4,osrm
199,delivered,2025-07-03 09:08:35,2025-07-03 09:20:01.176155,2025-07-03 09:39:31.000000,2025-07-03 09:47:21.000,38.766666666666666,19.49706408333333,18,4,osrm
200,delivered,2025-07-03 09:08:26,2025-07-03 09:19:47.490461,2025-07-03 09:28:10.200000,2025-07-03 09:32:41.100,24.251666666666665,8.378492316666668,17,4,osrm
201,delivered,2025-07-03 09:09:56,2025-07-03 09:23:13.431866,2025-07-03 09:23:13.431866,2025-07-03 09:26:55.700,16.995,0.0,15,4,osrm
202,delivered,2025-07-03 09:09:29,2025-07-03 09:25:15.849849,2025-07-03 09:25:15.849849,2025-07-03 09:31:17.400,21.80666666666667,0.0,22,4,osrm
203,delivered,2025-07-03 09:10:16,2025-07-03 09:27:17.192291,2025-07-03 09:28:10.200000,2025-07-03 09:32:41.100,22.418333333333333,0.8834618166666667,17,4,osrm
204,delivered,2025-07-03 09:10:56,2025-07-03 09:25:10.240090,2025-07-03 09:46:52.858449,2025-07-03 09:52:01.800,41.09666666666667,21.710305983333335,24,2,osrm
205,delivered,2025-07-03 09:10:57,2025-07-03 09:22:22.003852,2025-07-03 09:24:41.000000,2025-07-03 09:37:17.100,26.334999999999997,2.3166024666666667,2,4,osrm
206,delivered,2025-07-03 09:11:09,2025-07-03 09:24:01.204763,2025-07-03 09:52:42.984403,2025-07-03 10:00:45.900,49.615,28.696327333333333,20,4,osrm
207,delivered,2025-07-03 09:11:23,2025-07-03 09:20:57.650633,2025-07-03 09:20:57.650633,2025-07-03 09:24:41.800,13.313333333333333,0.0,25,3,osrm
208,delivered,2025-07-03 09:12:42,2025-07-03 09:27:12.672776,2025-07-03 09:46:58.217674,2025-07-03 09:52:19.500,39.625,19.759081633333334,7,4,osrm
209,delivered,2025-07-03 09:12:19,2025-07-03 09:21:51.866162,2025-07-03 09:52:42.984403,2025-07-03 10:00:45.900,48.44833333333334,30.85197068333333,20,4,osrm
210,delivered,2025-07-03 09:13:39,2025-07-03 09:25:49.880644,2025-07-03 09:51:20.527358,2025-07-03 09:50:20.700,36.695,25.510778566666666,16,3,osrm
211,delivered,2025-07-03 09:13:27,2025-07-03 09:24:28.900492,2025-07-03 09:40:54.463195,2025-07-03 09:48:51.200,35.40333333333333,16.426045050000003,40,4,osrm
212,delivered,2025-07-03 09:13:19,2025-07-03 09:24:04.269243,2025-07-03 09:44:10.029042,2025-07-03 09:50:20.900,37.031666666666666,20.09599665,15,4,osrm
213,delivered,2025-07-03 09:14:48,2025-07-03 09:27:27.675179,2025-07-03 09:27:27.675179,2025-07-03 09:25:49.900,11.031666666666666,0.0,40,4,osrm
214,delivered,2025-07-03 09:14:36,2025-07-03 09:27:19.470080,2025-07-03 09:59:42.635998,2025-07-03 10:06:41.500,52.09166666666667,32.38609863333333,2,4,osrm
215,delivered,2025-07-03 09:14:20,2025-07-03 09:27:43.079616,2025-07-03 09:43:07.400000,2025-07-03 09:51:34.700,37.245,15.405339733333333,38,4,osrm
216,delivered,2025-07-03 09:14:23,2025-07-03 09:30:09.131532,2025-07-03 09:42:50.100000,2025-07-03 09:47:37.100,33.235,12.6828078,29,2,osrm
217,delivered,2025-07-03 09:15:57,2025-07-03 09:31:29.487012,2025-07-03 09:31:29.487012,2025-07-03 09:41:05.000,25.133333333333333,0.0,26,3,osrm
218,delivered,2025-07-03 09:15:24,2025-07-03 09:27:08.352072,2025-07-03 09:32:19.729257,2025-07-03 09:36:31.200,21.12,5.18961975,9,4,osrm
219,delivered,2025-07-03 09:15:38,2025-07-03 09:27:05.242000,2025-07-03 09:36:18.979543,2025-07-03 09:40:03.100,24.418333333333333,9.228959049999998,4,3,osrm
220,delivered,2025-07-03 09:16:12,2025-07-03 09:32:19.729257,2025-07-03 09:32:19.729257,2025-07-03 09:36:31.200,20.32,0.0,9,4,osrm
221,delivered,2025-07-03 09:16:25,2025-07-03 09:30:12.881220,2025-07-03 09:40:54.463195,2025-07-03 09:48:51.200,32.43666666666667,10.693032916666668,40,4,osrm
222,delivered,2025-07-03 09:16:20,2025-07-03 09:28:37.159702,2025-07-03 09:28:37.159702,2025-07-03 09:32:43.900,16.398333333333333,0.0,19,3,osrm
223,delivered,2025-07-03 09:17:35,2025-07-03 09:27:50.287637,2025-07-03 09:52:42.984403,2025-07-03 10:00:45.900,43.181666666666665,24.878279433333333,20,4,osrm
224,delivered,2025-07-03 09:17:09,2025-07-03 09:27:16.527908,2025-07-03 09:42:49.243830,2025-07-03 09:48:48.400,31.65666666666667,15.545265366666666,10,4,osrm
225,delivered,2025-07-03 09:17:20,2025-07-03 09:26:47.419178,2025-07-03 09:26:47.419178,2025-07-03 09:35:51.600,18.526666666666664,0.0,34,3,osrm
226,delivered,2025-07-03 09:17:17,2025-07-03 09:28:07.973059,2025-07-03 09:28:10.200000,2025-07-03 09:32:41.100,15.401666666666667,0.03711568333333334,17,4,osrm
227,delivered,2025-07-03 09:17:16,2025-07-03 09:33:40.028419,2025-07-03 09:33:40.028419,2025-07-03 09:41:00.800,23.746666666666666,0.0,36,4,osrm
228,delivered,2025-07-03 09:17:12,2025-07-03 09:30:59.439151,2025-07-03 09:31:29.487012,2025-07-03 09:41:05.000,23.883333333333333,0.5007976833333333,26,3,osrm
229,delivered,2025-07-03 09:17:15,2025-07-03 09:31:39.698131,2025-07-03 09:33:40.028419,2025-07-03 09:41:00.800,23.763333333333332,2.0055047999999998,36,4,osrm
230,delivered,2025-07-03 09:18:47,2025-07-03 09:30:24.885706,2025-07-03 09:59:52.772625,2025-07-03 10:02:10.900,43.39833333333333,29.464781983333335,9,4,osrm
231,delivered,2025-07-03 09:18:25,2025-07-03 09:32:58.676622,2025-07-03 09:50:58.698492,2025-07-03 09:54:35.200,36.169999999999995,18.0003645,33,2,osrm
232,delivered,2025-07-03 09:18:53,2025-07-03 09:26:50.891691,2025-07-03 09:46:36.478654,2025-07-03 09:51:17.300,32.405,19.759782716666667,8,4,osrm
233,delivered,2025-07-03 09:18:30,2025-07-03 09:25:05.483690,2025-07-03 09:43:09.800000,2025-07-03 09:52:54.300,34.405,18.071938499999998,19,3,osrm
234,delivered,2025-07-03 09:18:15,2025-07-03 09:23:15.000000,2025-07-03 09:28:10.200000,2025-07-03 09:32:41.100,14.435,4.92,17,4,osrm
235,delivered,2025-07-03 09:18:15,2025-07-03 09:28:10.691262,2025-07-03 09:43:09.800000,2025-07-03 09:52:54.300,34.655,14.985145633333333,19,3,osrm
236,delivered,2025-07-03 09:19:05,2025-07-03 09:34:01.286456,2025-07-03 09:51:22.261822,2025-07-03 10:04:16.100,45.184999999999995,17.349589433333332,35,4,osrm
237,delivered,2025-07-03 09:21:39,2025-07-03 09:33:04.255306,2025-07-03 09:46:58.217674,2025-07-03 09:52:19.500,30.675,13.8993728,7,4,osrm
238,delivered,2025-07-03 09:21:06,2025-07-03 09:35:46.426260,2025-07-03 09:43:23.400000,2025-07-03 09:48:12.400,27.10666666666667,7.616229000000001,5,4,osrm
239,delivered,2025-07-03 09:22:46,2025-07-03 09:30:48.743538,2025-07-03 09:44:10.029042,2025-07-03 09:50:20.900,27.581666666666667,13.3547584,15,4,osrm
240,delivered,2025-07-03 09:22:26,2025-07-03 09:36:34.169222,2025-07-03 09:55:09.900000,2025-07-03 10:02:05.800,39.663333333333334,18.595512966666668,32,3,osrm
241,delivered,2025-07-03 09:22:42,2025-07-03 09:33:48.760854,2025-07-03 09:43:07.400000,2025-07-03 09:51:34.700,28.878333333333334,9.310652433333333,38,4,osrm
242,delivered,2025-07-03 09:22:23,2025-07-03 09:33:49.271037,2025-07-03 09:51:20.527358,2025-07-03 09:50:20.700,27.961666666666666,17.520938683333334,16,3,osrm
243,delivered,2025-07-03 09:23:04,2025-07-03 09:31:55.452849,2025-07-03 09:54:35.800000,2025-07-03 10:03:35.400,40.52333333333333,22.672452516666667,13,3,osrm
244,delivered,2025-07-03 09:23:47,2025-07-03 09:31:05.552641,2025-07-03 09:46:36.478654,2025-07-03 09:51:17.300,27.505,15.515433550000001,8,4,osrm
245,delivered,2025-07-03 09:23:14,2025-07-03 09:30:22.600446,2025-07-03 09:59:52.772625,2025-07-03 10:02:10.900,38.94833333333334,29.502869649999997,9,4,osrm
246,delivered,2025-07-03 09:24:58,2025-07-03 09:40:46.505722,2025-07-03 09:58:51.961491,2025-07-03 10:01:42.400,36.74,18.090929483333333,26,4,osrm
247,delivered,2025-07-03 09:24:48,2025-07-03 09:37:14.336865,2025-07-03 09:52:33.800000,2025-07-03 10:00:53.800,36.09666666666667,15.324385583333333,36,3,osrm
248,delivered,2025-07-03 09:24:31,2025-07-03 09:38:23.061590,2025-07-03 09:43:07.400000,2025-07-03 09:51:34.700,27.061666666666667,4.7389735,38,4,osrm
249,delivered,2025-07-03 09:24:18,2025-07-03 09:36:18.979543,2025-07-03 09:36:18.979543,2025-07-03 09:40:03.100,15.751666666666667,0.0,4,3,osrm
250,delivered,2025-07-03 09:25:19,2025-07-03 09:35:56.361736,2025-07-03 09:55:09.900000,2025-07-03 10:02:05.800,36.78,19.225637733333333,32,3,osrm
251,delivered,2025-07-03 09:25:39,2025-07-03 09:40:39.567496,2025-07-03 09:54:35.800000,2025-07-03 10:03:35.400,37.940000000000005,13.9372084,13,3,osrm
252,delivered,2025-07-03 09:25:17,2025-07-03 09:40:54.463195,2025-07-03 09:40:54.463195,2025-07-03 09:48:51.200,23.57,0.0,40,4,osrm
253,delivered,2025-07-03 09:26:00,2025-07-03 09:36:54.893573,2025-07-03 09:52:33.800000,2025-07-03 10:00:53.800,34.89666666666667,15.64844045,36,3,osrm
254,delivered,2025-07-03 09:26:24,2025-07-03 09:38:09.136560,2025-07-03 09:59:52.772625,2025-07-03 10:02:10.900,35.781666666666666,21.72726775,9,4,osrm
255,delivered,2025-07-03 09:26:45,2025-07-03 09:42:49.243830,2025-07-03 09:42:49.243830,2025-07-03 09:48:48.400,22.05666666666667,0.0,10,4,osrm
256,delivered,2025-07-03 09:27:26,2025-07-03 09:40:48.531371,2025-07-03 09:40:48.531371,2025-07-03 09:43:49.300,16.388333333333332,0.0,27,4,osrm
257,delivered,2025-07-03 09:27:31,2025-07-03 09:38:08.027269,2025-07-03 09:52:33.800000,2025-07-03 10:00:53.800,33.38,14.429545516666668,36,3,osrm
258,delivered,2025-07-03 09:27:35,2025-07-03 09:39:38.981542,2025-07-03 09:46:36.478654,2025-07-03 09:51:17.300,23.705,6.958285200000001,8,4,osrm
259,delivered,2025-07-03 09:27:12,2025-07-03 09:41:39.318974,2025-07-03 09:42:50.100000,2025-07-03 09:47:37.100,20.418333333333333,1.1796837666666666,29,2,osrm
260,delivered,2025-07-03 09:28:54,2025-07-03 09:41:22.729163,2025-07-03 09:57:11.400000,2025-07-03 10:07:36.800,38.71333333333334,15.811180616666666,6,2,osrm
261,delivered,2025-07-03 09:28:36,2025-07-03 09:35:52.918159,2025-07-03 09:46:58.217674,2025-07-03 09:52:19.500,23.725,11.08832525,7,4,osrm
262,delivered,2025-07-03 09:28:13,2025-07-03 09:43:08.533927,2025-07-03 09:51:22.261822,2025-07-03 10:04:16.100,36.05166666666666,8.22879825,35,4,osrm
263,delivered,2025-07-03 09:28:55,2025-07-03 09:35:59.158659,2025-07-03 09:56:15.500000,2025-07-03 10:02:59.100,34.068333333333335,20.272355683333334,1,3,osrm
264,delivered,2025-07-03 09:29:06,2025-07-03 09:40:29.058124,2025-07-03 09:44:10.029042,2025-07-03 09:50:20.900,21.248333333333335,3.6828486333333337,15,4,osrm
265,delivered,2025-07-03 09:29:08,2025-07-03 09:43:10.253438,2025-07-03 09:54:35.800000,2025-07-03 10:03:35.400,34.45666666666667,11.425776033333333,13,3,osrm
266,delivered,2025-07-03 09:29:25,2025-07-03 09:42:52.965228,2025-07-03 10:07:16.734280,2025-07-03 10:06:48.900,37.39833333333333,24.39615086666667,25,2,osrm
267,delivered,2025-07-03 09:29:42,2025-07-03 09:44:10.029042,2025-07-03 09:44:10.029042,2025-07-03 09:50:20.900,20.648333333333333,0.0,15,4,osrm
268,delivered,2025-07-03 09:29:40,2025-07-03 09:41:35.679647,2025-07-03 09:42:49.243830,2025-07-03 09:48:48.400,19.14,1.2260697166666668,10,4,osrm
269,delivered,2025-07-03 09:29:45,2025-07-03 09:37:38.150505,2025-07-03 09:43:23.400000,2025-07-03 09:48:12.400,18.456666666666667,5.754158250000001,5,4,osrm
270,delivered,2025-07-03 09:29:27,2025-07-03 09:45:37.785099,2025-07-03 09:45:37.785099,2025-07-03 09:49:21.300,19.904999999999998,0.0,30,4,osrm
271,delivered,2025-07-03 09:30:32,2025-07-03 09:39:52.605331,2025-07-03 09:51:22.261822,2025-07-03 10:04:16.100,33.735,11.49427485,35,4,osrm
272,delivered,2025-07-03 09:30:54,2025-07-03 09:45:54.961037,2025-07-03 09:53:25.100000,2025-07-03 10:00:00.200,29.103333333333335,7.50231605,17,4,osrm
273,delivered,2025-07-03 09:30:06,2025-07-03 09:40:26.681367,2025-07-03 09:53:25.100000,2025-07-03 10:00:00.200,29.903333333333332,12.973643883333333,17,4,osrm
274,delivered,2025-07-03 09:32:56,2025-07-03 09:37:56.000000,2025-07-03 09:43:09.800000,2025-07-03 09:52:54.300,19.971666666666668,5.23,19,3,osrm
275,delivered,2025-07-03 09:32:09,2025-07-03 09:41:09.155163,2025-07-03 09:58:26.000000,2025-07-03 10:03:41.900,31.548333333333336,17.280747283333334,18,3,osrm
276,delivered,2025-07-03 09:33:59,2025-07-03 09:44:06.674645,2025-07-03 09:56:34.700000,2025-07-03 09:59:47.100,25.801666666666666,12.467089249999999,14,2,osrm
277,delivered,2025-07-03 09:33:30,2025-07-03 09:49:58.741358,2025-07-03 09:55:09.900000,2025-07-03 10:02:05.800,28.596666666666668,5.185977366666666,32,3,osrm
278,delivered,2025-07-03 09:33:37,2025-07-03 09:50:12.057113,2025-07-03 09:58:26.000000,2025-07-03 10:03:41.900,30.081666666666667,8.23238145,18,3,osrm
279,delivered,2025-07-03 09:33:59,2025-07-03 09:46:36.478654,2025-07-03 09:46:36.478654,2025-07-03 09:51:17.300,17.305,0.0,8,4,osrm
280,delivered,2025-07-03 09:33:57,2025-07-03 09:45:40.709521,2025-07-03 09:54:21.200000,2025-07-03 09:58:07.800,24.18,8.674841316666667,4,1,osrm
281,delivered,2025-07-03 09:34:58,2025-07-03 09:48:02.572967,2025-07-03 10:01:15.500000,2025-07-03 10:04:59.100,30.01833333333333,13.215450550000002,34,1,osrm
282,delivered,2025-07-03 09:34:42,2025-07-03 09:41:41.172449,2025-07-03 09:43:23.400000,2025-07-03 09:48:12.400,13.506666666666666,1.7037925166666668,5,4,osrm
283,delivered,2025-07-03 09:35:32,2025-07-03 09:48:17.778921,2025-07-03 09:56:15.500000,2025-07-03 10:02:59.100,27.451666666666664,7.962017983333333,1,3,osrm
284,delivered,2025-07-03 09:35:14,2025-07-03 09:41:44.128566,2025-07-03 09:43:07.400000,2025-07-03 09:51:34.700,16.345000000000002,1.3878572333333332,38,4,osrm
285,delivered,2025-07-03 09:36:11,2025-07-03 09:46:58.217674,2025-07-03 09:46:58.217674,2025-07-03 09:52:19.500,16.141666666666666,0.0,7,4,osrm
286,delivered,2025-07-03 09:36:40,2025-07-03 09:51:20.527358,2025-07-03 09:51:20.527358,2025-07-03 09:50:20.700,13.678333333333335,0.0,16,3,osrm
287,delivered,2025-07-03 09:37:00,2025-07-03 09:50:03.665792,2025-07-03 10:03:32.300000,2025-07-03 10:08:19.800,31.33,13.477236799999998,38,2,osrm
288,delivered,2025-07-03 09:37:13,2025-07-03 09:45:30.188958,2025-07-03 10:02:38.300000,2025-07-03 10:10:01.400,32.806666666666665,17.135184033333335,33,2,osrm
289,delivered,2025-07-03 09:37:05,2025-07-03 09:50:07.816324,2025-07-03 10:02:52.300000,2025-07-03 10:06:52.500,29.791666666666668,12.7413946,8,1,osrm
290,delivered,2025-07-03 09:37:27,2025-07-03 09:50:58.698492,2025-07-03 09:50:58.698492,2025-07-03 09:54:35.200,17.136666666666667,0.0,33,2,osrm
291,delivered,2025-07-03 09:37:04,2025-07-03 09:45:59.072233,2025-07-03 09:53:25.100000,2025-07-03 10:00:00.200,22.936666666666667,7.433796116666667,17,4,osrm
292,delivered,2025-07-03 09:38:35,2025-07-03 09:46:52.858449,2025-07-03 09:46:52.858449,2025-07-03 09:52:01.800,13.446666666666665,0.0,24,2,osrm
293,delivered,2025-07-03 09:38:28,2025-07-03 09:48:41.102980,2025-07-03 09:56:15.500000,2025-07-03 10:02:59.100,24.51833333333333,7.573283666666667,1,3,osrm
294,delivered,2025-07-03 09:39:22,2025-07-03 09:53:58.510699,2025-07-03 09:57:11.400000,2025-07-03 10:07:36.800,28.246666666666666,3.214821683333333,6,2,osrm
295,delivered,2025-07-03 09:40:19,2025-07-03 10:00:28.379231,2025-07-03 10:02:48.900000,2025-07-03 10:06:07.800,25.813333333333333,2.3420128166666667,24,2,osrm
296,delivered,2025-07-03 09:41:39,2025-07-03 09:51:11.333297,2025-07-03 09:59:42.635998,2025-07-03 10:06:41.500,25.041666666666668,8.521711683333333,2,4,osrm
297,delivered,2025-07-03 09:41:42,2025-07-03 09:51:22.261822,2025-07-03 09:51:22.261822,2025-07-03 10:04:16.100,22.56833333333333,0.0,35,4,osrm
298,delivered,2025-07-03 09:42:14,2025-07-03 09:53:14.823522,2025-07-03 09:53:14.823522,2025-07-03 09:58:41.600,16.46,0.0,11,4,osrm
299,delivered,2025-07-03 09:43:01,2025-07-03 09:52:42.984403,2025-07-03 09:52:42.984403,2025-07-03 10:00:45.900,17.748333333333335,0.0,20,4,osrm
300,delivered,2025-07-03 09:43:58,2025-07-03 09:59:42.635998,2025-07-03 09:59:42.635998,2025-07-03 10:06:41.500,22.725,0.0,2,4,osrm
301,delivered,2025-07-03 09:43:11,2025-07-03 09:54:59.649697,2025-07-03 10:02:38.300000,2025-07-03 10:10:01.400,26.84,7.6441717166666665,33,2,osrm
302,delivered,2025-07-03 09:44:42,2025-07-03 09:59:52.772625,2025-07-03 09:59:52.772625,2025-07-03 10:02:10.900,17.48166666666667,0.0,9,4,osrm
303,delivered,2025-07-03 09:44:46,2025-07-03 09:55:48.224587,2025-07-03 09:58:51.961491,2025-07-03 10:01:42.400,16.94,3.0622817333333336,26,4,osrm
304,delivered,2025-07-03 09:44:23,2025-07-03 09:57:04.283439,2025-07-03 09:59:42.635998,2025-07-03 10:06:41.500,22.308333333333334,2.639209316666667,2,4,osrm
305,delivered,2025-07-03 09:44:59,2025-07-03 09:57:25.031838,2025-07-03 09:58:26.000000,2025-07-03 10:03:41.900,18.715,1.0161360333333334,18,3,osrm
306,delivered,2025-07-03 09:45:29,2025-07-03 09:52:19.703722,2025-07-03 09:56:34.700000,2025-07-03 09:59:47.100,14.301666666666668,4.249937966666667,14,2,osrm
307,delivered,2025-07-03 09:46:24,2025-07-03 09:54:51.992350,2025-07-03 10:08:10.400000,2025-07-03 10:13:19.900,26.93166666666667,13.306794166666666,4,3,osrm
308,delivered,2025-07-03 09:48:03,2025-07-03 09:58:51.961491,2025-07-03 09:58:51.961491,2025-07-03 10:01:42.400,13.656666666666666,0.0,26,4,osrm
309,delivered,2025-07-03 09:48:12,2025-07-03 10:01:28.559276,2025-07-03 10:04:41.600000,2025-07-03 10:06:53.800,18.696666666666665,3.2173454,16,1,osrm
310,delivered,2025-07-03 09:49:19,2025-07-03 10:00:58.483861,2025-07-03 10:07:49.600000,2025-07-03 10:11:07.700,21.811666666666667,6.85193565,30,2,osrm
311,delivered,2025-07-03 09:49:55,2025-07-03 10:05:21.827579,2025-07-03 10:07:49.600000,2025-07-03 10:11:07.700,21.211666666666666,2.4628736833333336,30,2,osrm
312,delivered,2025-07-03 09:50:21,2025-07-03 10:01:43.995867,2025-07-03 10:05:03.700000,2025-07-03 10:08:27.300,18.105,3.328402216666667,7,1,osrm
313,delivered,2025-07-03 09:50:50,2025-07-03 09:57:32.620415,2025-07-03 10:03:32.300000,2025-07-03 10:08:19.800,17.496666666666666,5.994659749999999,38,2,osrm
314,delivered,2025-07-03 09:50:50,2025-07-03 10:07:16.734280,2025-07-03 10:07:16.734280,2025-07-03 10:06:48.900,15.981666666666666,0.0,25,2,osrm
315,delivered,2025-07-03 09:50:40,2025-07-03 10:05:29.059024,2025-07-03 10:08:10.400000,2025-07-03 10:13:19.900,22.665000000000003,2.689016266666667,4,3,osrm
316,delivered,2025-07-03 09:50:25,2025-07-03 10:01:35.519637,2025-07-03 10:23:00.083380,2025-07-03 10:23:26.900,33.031666666666666,21.409395716666666,6,2,osrm
317,delivered,2025-07-03 09:51:03,2025-07-03 10:01:41.753380,2025-07-03 10:02:48.900000,2025-07-03 10:06:07.800,15.08,1.1191103333333332,24,2,osrm
318,delivered,2025-07-03 09:53:28,2025-07-03 10:02:51.899052,2025-07-03 10:19:34.165812,2025-07-03 10:23:27.700,29.995,16.704446,33,2,osrm
319,delivered,2025-07-03 09:54:36,2025-07-03 10:00:54.738813,2025-07-03 10:03:50.600000,2025-07-03 10:06:56.800,12.346666666666666,2.9310197833333334,19,1,osrm
320,delivered,2025-07-03 09:54:42,2025-07-03 10:06:01.142506,2025-07-03 10:08:27.900000,2025-07-03 10:15:02.200,20.336666666666666,2.4459582333333336,3,2,osrm
321,delivered,2025-07-03 09:55:02,2025-07-03 10:05:51.889030,2025-07-03 10:19:22.506755,2025-07-03 10:24:15.800,29.23,13.510295416666667,14,2,osrm
322,delivered,2025-07-03 09:56:06,2025-07-03 10:06:48.390216,2025-07-03 10:08:23.000000,2025-07-03 10:11:30.200,15.403333333333334,1.5768297333333334,39,1,osrm
323,delivered,2025-07-03 09:58:22,2025-07-03 10:11:28.774035,2025-07-03 10:23:31.600000,2025-07-03 10:28:10.200,29.803333333333335,12.047099416666667,34,4,osrm
324,delivered,2025-07-03 09:59:17,2025-07-03 10:04:17.000000,2025-07-03 10:04:48.800000,2025-07-03 10:03:25.500,4.141666666666667,0.53,27,1,osrm
325,delivered,2025-07-03 09:59:38,2025-07-03 10:12:44.983847,2025-07-03 10:13:25.300000,2025-07-03 10:13:58.600,14.343333333333334,0.6719358833333333,26,1,osrm
326,delivered,2025-07-03 10:00:25,2025-07-03 10:08:23.942359,2025-07-03 10:27:34.035857,2025-07-03 10:28:19.900,27.915000000000003,19.168224966666667,4,2,osrm
327,delivered,2025-07-03 10:00:21,2025-07-03 10:11:52.843489,2025-07-03 10:17:47.300000,2025-07-03 10:22:23.200,22.03666666666667,5.9076085166666665,21,2,osrm
328,delivered,2025-07-03 10:00:09,2025-07-03 10:12:20.917774,2025-07-03 10:14:49.700000,2025-07-03 10:18:10.200,18.02,2.479703766666667,29,1,osrm
329,delivered,2025-07-03 10:01:58,2025-07-03 10:10:33.896816,2025-07-03 10:12:44.400000,2025-07-03 10:15:40.200,13.703333333333335,2.1750530666666665,15,1,osrm
330,delivered,2025-07-03 10:01:41,2025-07-03 10:13:41.854326,2025-07-03 10:14:28.400000,2025-07-03 10:17:28.700,15.795,0.7757612333333334,27,1,osrm
331,delivered,2025-07-03 10:02:12,2025-07-03 10:19:22.506755,2025-07-03 10:19:22.506755,2025-07-03 10:24:15.800,22.063333333333333,0.0,14,2,osrm
332,delivered,2025-07-03 10:03:36,2025-07-03 10:20:18.677298,2025-07-03 10:24:40.900000,2025-07-03 10:28:44.600,25.14333333333333,4.370378366666667,1,2,osrm
333,delivered,2025-07-03 10:03:05,2025-07-03 10:15:43.732147,2025-07-03 10:24:37.848237,2025-07-03 10:28:27.500,25.375,8.901934833333334,35,3,osrm
334,delivered,2025-07-03 10:04:09,2025-07-03 10:18:32.448261,2025-07-03 10:18:59.600000,2025-07-03 10:22:11.700,18.045,0.4525289833333333,5,2,osrm
335,delivered,2025-07-03 10:04:13,2025-07-03 10:12:11.926137,2025-07-03 10:22:47.200000,2025-07-03 10:29:15.400,25.040000000000003,10.587897716666667,18,2,osrm
336,delivered,2025-07-03 10:05:20,2025-07-03 10:16:08.907771,2025-07-03 10:19:03.900000,2025-07-03 10:21:38.200,16.303333333333335,2.9165371500000004,31,1,osrm
337,delivered,2025-07-03 10:05:23,2025-07-03 10:20:42.428315,2025-07-03 10:23:05.300000,2025-07-03 10:25:53.800,20.513333333333332,2.38119475,36,1,osrm
338,delivered,2025-07-03 10:05:25,2025-07-03 10:18:30.322642,2025-07-03 10:18:59.600000,2025-07-03 10:22:11.700,16.778333333333332,0.4879559666666667,5,2,osrm
339,delivered,2025-07-03 10:06:10,2025-07-03 10:18:38.560431,2025-07-03 10:33:02.100000,2025-07-03 10:40:14.800,34.08,14.39232615,3,2,osrm
340,delivered,2025-07-03 10:06:50,2025-07-03 10:20:39.801195,2025-07-03 10:23:00.800000,2025-07-03 10:25:34.000,18.733333333333334,2.3499800833333335,9,1,osrm
341,delivered,2025-07-03 10:06:07,2025-07-03 10:22:15.343361,2025-07-03 10:22:47.200000,2025-07-03 10:29:15.400,23.14,0.5309439833333334,18,2,osrm
342,delivered,2025-07-03 10:07:47,2025-07-03 10:18:32.180711,2025-07-03 10:19:43.000000,2025-07-03 10:22:38.300,14.854999999999999,1.1803214833333333,8,1,osrm
343,delivered,2025-07-03 10:07:56,2025-07-03 10:24:37.848237,2025-07-03 10:24:37.848237,2025-07-03 10:28:27.500,20.525,0.0,35,3,osrm
344,delivered,2025-07-03 10:08:54,2025-07-03 10:23:41.107037,2025-07-03 10:37:08.300000,2025-07-03 10:45:21.600,36.46,13.45321605,4,2,osrm
345,delivered,2025-07-03 10:09:52,2025-07-03 10:17:46.920210,2025-07-03 10:17:47.300000,2025-07-03 10:22:23.200,12.520000000000001,0.006329833333333334,21,2,osrm
346,delivered,2025-07-03 10:10:46,2025-07-03 10:23:57.506932,2025-07-03 10:33:02.100000,2025-07-03 10:40:14.800,29.48,9.076551133333334,3,2,osrm
347,delivered,2025-07-03 10:10:17,2025-07-03 10:20:22.163452,2025-07-03 10:23:31.600000,2025-07-03 10:28:10.200,17.886666666666667,3.1572758,34,4,osrm
348,delivered,2025-07-03 10:11:02,2025-07-03 10:25:38.597792,2025-07-03 10:29:36.500000,2025-07-03 10:32:49.400,21.790000000000003,3.9650368,11,1,osrm
349,delivered,2025-07-03 10:12:09,2025-07-03 10:23:00.083380,2025-07-03 10:23:00.083380,2025-07-03 10:23:26.900,11.298333333333334,0.0,6,2,osrm
350,delivered,2025-07-03 10:12:07,2025-07-03 10:21:27.995172,2025-07-03 10:23:28.300000,2025-07-03 10:26:29.400,14.373333333333333,2.0050804666666666,22,1,osrm
351,delivered,2025-07-03 10:13:32,2025-07-03 10:19:34.165812,2025-07-03 10:19:34.165812,2025-07-03 10:23:27.700,9.928333333333335,0.0,33,2,osrm
352,delivered,2025-07-03 10:13:32,2025-07-03 10:25:35.330466,2025-07-03 10:28:39.300000,2025-07-03 10:32:08.600,18.61,3.0661589,24,1,osrm
353,delivered,2025-07-03 10:13:26,2025-07-03 10:27:34.035857,2025-07-03 10:27:34.035857,2025-07-03 10:28:19.900,14.898333333333333,0.0,4,2,osrm
354,delivered,2025-07-03 10:15:59,2025-07-03 10:23:48.848382,2025-07-03 10:37:08.300000,2025-07-03 10:45:21.600,29.376666666666665,13.324193633333334,4,2,osrm
355,delivered,2025-07-03 10:15:56,2025-07-03 10:25:59.445891,2025-07-03 10:28:37.100000,2025-07-03 10:34:06.300,18.171666666666667,2.6275684833333335,16,2,osrm
356,delivered,2025-07-03 10:15:13,2025-07-03 10:27:56.481929,2025-07-03 10:28:38.500000,2025-07-03 10:31:01.100,15.801666666666668,0.7003011833333334,19,1,osrm
357,delivered,2025-07-03 10:15:23,2025-07-03 10:27:21.009175,2025-07-03 10:28:37.100000,2025-07-03 10:34:06.300,18.721666666666668,1.2681804166666666,16,2,osrm
358,delivered,2025-07-03 10:16:12,2025-07-03 10:26:52.590425,2025-07-03 10:27:56.700000,2025-07-03 10:30:58.500,14.775,1.0684929166666668,27,1,osrm
359,delivered,2025-07-03 10:16:24,2025-07-03 10:28:09.200774,2025-07-03 10:38:43.600000,2025-07-03 10:42:48.400,26.40666666666667,10.573320433333333,10,3,osrm
360,delivered,2025-07-03 10:16:42,2025-07-03 10:34:47.226503,2025-07-03 10:35:32.300000,2025-07-03 10:38:42.700,22.011666666666667,0.75122495,17,1,osrm
361,delivered,2025-07-03 10:17:00,2025-07-03 10:35:03.179406,2025-07-03 10:38:48.521568,2025-07-03 10:38:40.600,21.676666666666666,3.7557027,12,2,osrm
362,delivered,2025-07-03 10:17:48,2025-07-03 10:31:04.600126,2025-07-03 10:38:21.300000,2025-07-03 10:42:38.500,24.841666666666665,7.278331233333334,7,2,osrm
363,delivered,2025-07-03 10:17:30,2025-07-03 10:28:59.237257,2025-07-03 10:28:59.237257,2025-07-03 10:31:48.400,14.306666666666667,0.0,23,1,osrm
364,delivered,2025-07-03 10:17:56,2025-07-03 10:34:15.693587,2025-07-03 10:35:27.300000,2025-07-03 10:37:06.400,19.173333333333336,1.1934402166666667,30,1,osrm
365,delivered,2025-07-03 10:18:03,2025-07-03 10:33:49.528609,2025-07-03 10:38:59.400000,2025-07-03 10:44:45.300,26.705,5.164523183333333,9,2,osrm
366,delivered,2025-07-03 10:18:24,2025-07-03 10:32:22.915135,2025-07-03 10:34:09.800000,2025-07-03 10:36:28.000,18.066666666666666,1.7814144166666668,39,1,osrm
367,delivered,2025-07-03 10:19:19,2025-07-03 10:35:10.461690,2025-07-03 10:37:57.100000,2025-07-03 10:42:02.300,22.721666666666668,2.7773051666666664,29,1,osrm
368,delivered,2025-07-03 10:19:03,2025-07-03 10:32:07.900152,2025-07-03 10:34:21.100000,2025-07-03 10:36:42.400,17.65666666666667,2.219997466666667,37,1,osrm
369,delivered,2025-07-03 10:19:21,2025-07-03 10:32:13.388528,2025-07-03 10:33:32.400000,2025-07-03 10:37:35.100,18.235,1.3168578666666666,21,2,osrm
370,delivered,2025-07-03 10:20:39,2025-07-03 10:28:17.461672,2025-07-03 10:38:59.400000,2025-07-03 10:44:45.300,24.105,10.698972133333333,9,2,osrm
371,delivered,2025-07-03 10:20:49,2025-07-03 10:30:22.685250,2025-07-03 10:33:32.400000,2025-07-03 10:37:35.100,16.768333333333334,3.1619125,21,2,osrm
372,delivered,2025-07-03 10:22:20,2025-07-03 10:38:03.085755,2025-07-03 10:38:43.600000,2025-07-03 10:42:48.400,20.473333333333336,0.6752374166666667,10,3,osrm
373,delivered,2025-07-03 10:23:12,2025-07-03 10:36:48.140530,2025-07-03 10:38:38.600000,2025-07-03 10:41:25.200,18.220000000000002,1.8409911666666665,2,1,osrm
374,delivered,2025-07-03 10:24:40,2025-07-03 10:38:48.521568,2025-07-03 10:38:48.521568,2025-07-03 10:38:40.600,14.01,0.0,12,2,osrm
375,delivered,2025-07-03 10:25:40,2025-07-03 10:33:17.414363,2025-07-03 10:33:21.300000,2025-07-03 10:38:42.200,13.036666666666667,0.06476061666666667,32,1,osrm
376,delivered,2025-07-03 10:26:10,2025-07-03 10:33:02.368032,2025-07-03 10:43:25.300000,2025-07-03 10:48:50.100,22.668333333333333,10.382199466666666,16,1,osrm
377,delivered,2025-07-03 10:27:31,2025-07-03 10:37:58.205624,2025-07-03 10:43:21.900000,2025-07-03 10:47:45.900,20.248333333333335,5.394906266666666,19,1,osrm
378,delivered,2025-07-03 10:27:13,2025-07-03 10:36:41.011203,2025-07-03 10:38:21.300000,2025-07-03 10:42:38.500,15.425,1.67147995,7,2,osrm
379,delivered,2025-07-03 10:28:34,2025-07-03 10:39:27.103460,2025-07-03 10:42:57.100000,2025-07-03 10:45:55.800,17.363333333333333,3.4999423333333337,38,1,osrm
380,delivered,2025-07-03 10:28:05,2025-07-03 10:39:01.982261,2025-07-03 10:39:01.982261,2025-07-03 10:42:05.400,14.006666666666666,0.0,34,1,osrm
381,delivered,2025-07-03 10:29:06,2025-07-03 10:44:29.658510,2025-07-03 10:44:29.658510,2025-07-03 10:46:57.900,17.865000000000002,0.0,14,1,osrm
382,delivered,2025-07-03 10:30:32,2025-07-03 10:42:13.842592,2025-07-03 10:43:30.400000,2025-07-03 10:47:26.200,16.903333333333332,1.2759568,31,1,osrm
383,delivered,2025-07-03 10:30:36,2025-07-03 10:41:12.249559,2025-07-03 10:43:35.100000,2025-07-03 10:47:06.300,16.505,2.380840683333333,15,1,osrm
384,delivered,2025-07-03 10:30:39,2025-07-03 10:45:14.150173,2025-07-03 10:48:07.000000,2025-07-03 10:50:47.800,20.146666666666665,2.88083045,35,1,osrm
385,delivered,2025-07-03 10:32:22,2025-07-03 10:41:01.427940,2025-07-03 10:42:46.100000,2025-07-03 10:46:43.300,14.354999999999999,1.7445343333333334,23,1,osrm
386,delivered,2025-07-03 10:32:26,2025-07-03 10:42:03.687209,2025-07-03 10:42:24.200000,2025-07-03 10:45:42.000,13.266666666666667,0.34187985,33,1,osrm
387,delivered,2025-07-03 10:33:24,2025-07-03 10:46:44.655590,2025-07-03 10:49:02.200000,2025-07-03 10:52:38.500,19.241666666666667,2.292406833333333,8,1,osrm
388,delivered,2025-07-03 10:34:41,2025-07-03 10:41:54.253752,2025-07-03 10:44:07.900000,2025-07-03 10:47:39.200,12.97,2.2274374666666668,24,1,osrm
389,delivered,2025-07-03 10:35:35,2025-07-03 10:46:22.487216,2025-07-03 10:48:59.100000,2025-07-03 10:47:26.800,11.863333333333333,2.6102130666666667,12,1,osrm
390,delivered,2025-07-03 10:35:33,2025-07-03 10:53:44.468927,2025-07-03 10:54:18.700000,2025-07-03 10:57:06.700,21.561666666666667,0.5705178833333334,7,1,osrm
391,delivered,2025-07-03 10:35:14,2025-07-03 10:47:21.365433,2025-07-03 10:48:13.000000,2025-07-03 10:51:10.100,15.935,0.8605761166666667,28,1,osrm
392,delivered,2025-07-03 10:36:47,2025-07-03 10:49:25.768279,2025-07-03 10:50:51.000000,2025-07-03 10:53:42.800,16.93,1.4205286833333333,30,1,osrm
393,delivered,2025-07-03 10:38:55,2025-07-03 10:48:55.656097,2025-07-03 10:48:55.656097,2025-07-03 10:51:05.200,12.17,0.0,17,1,osrm
394,delivered,2025-07-03 10:40:36,2025-07-03 10:51:38.784932,2025-07-03 10:54:43.500000,2025-07-03 10:58:48.500,18.208333333333332,3.078584466666667,26,1,osrm
395,delivered,2025-07-03 10:41:45,2025-07-03 10:46:45.000000,2025-07-03 10:47:53.900000,2025-07-03 10:49:55.600,8.176666666666668,1.1483333333333334,25,1,osrm
396,delivered,2025-07-03 10:41:22,2025-07-03 10:54:27.387206,2025-07-03 10:54:27.387206,2025-07-03 10:55:10.600,13.81,0.0,6,1,osrm
397,delivered,2025-07-03 10:43:34,2025-07-03 10:57:51.567382,2025-07-03 11:00:22.600000,2025-07-03 11:03:55.900,20.365000000000002,2.5172103000000003,33,1,osrm
398,delivered,2025-07-03 10:44:11,2025-07-03 10:56:41.214608,2025-07-03 10:58:42.000000,2025-07-03 11:01:52.700,17.695,2.013089866666667,34,1,osrm
399,delivered,2025-07-03 10:45:34,2025-07-03 10:55:33.898927,2025-07-03 10:58:08.800000,2025-07-03 10:58:43.700,13.161666666666667,2.58168455,25,1,osrm
400,delivered,2025-07-03 10:45:24,2025-07-03 10:54:32.124174,2025-07-03 10:55:27.300000,2025-07-03 10:58:08.300,12.738333333333333,0.9195971000000001,29,1,osrm
401,delivered,2025-07-03 10:47:06,2025-07-03 10:57:05.954376,2025-07-03 10:58:44.900000,2025-07-03 11:02:09.500,15.058333333333334,1.6490937333333333,24,1,osrm
402,delivered,2025-07-03 10:48:55,2025-07-03 10:59:36.479052,2025-07-03 10:59:43.500000,2025-07-03 11:03:14.200,14.32,0.11701579999999999,12,1,osrm
403,delivered,2025-07-03 10:48:18,2025-07-03 11:02:57.632097,2025-07-03 11:04:04.400000,2025-07-03 11:07:10.500,18.875,1.1127983833333335,8,1,osrm
404,delivered,2025-07-03 10:48:07,2025-07-03 10:59:47.818801,2025-07-03 11:00:11.900000,2025-07-03 11:03:32.700,15.428333333333335,0.4013533166666667,21,1,osrm
405,delivered,2025-07-03 10:49:22,2025-07-03 11:03:43.245178,2025-07-03 11:04:16.800000,2025-07-03 11:07:48.400,18.44,0.5592470333333334,5,1,osrm
406,delivered,2025-07-03 10:53:38,2025-07-03 11:01:39.285960,2025-07-03 11:03:14.600000,2025-07-03 11:05:24.600,11.776666666666667,1.5885673333333334,2,1,osrm
407,delivered,2025-07-03 10:53:04,2025-07-03 11:01:16.349581,2025-07-03 11:03:08.000000,2025-07-03 11:05:50.400,12.773333333333333,1.8608403166666667,13,1,osrm
408,delivered,2025-07-03 10:55:26,2025-07-03 11:11:10.380393,2025-07-03 11:12:25.600000,2025-07-03 11:17:44.200,22.303333333333335,1.2536601166666665,21,1,osrm
409,delivered,2025-07-03 10:55:13,2025-07-03 11:00:13.000000,2025-07-03 11:02:40.100000,2025-07-03 11:05:57.800,10.746666666666666,2.4516666666666667,30,1,osrm
410,delivered,2025-07-03 11:01:14,2025-07-03 11:13:58.560623,2025-07-03 11:14:42.200000,2025-07-03 11:16:56.500,15.708333333333334,0.72732295,27,1,osrm
411,delivered,2025-07-03 11:02:42,2025-07-03 11:14:03.532716,2025-07-03 11:14:03.532716,2025-07-03 11:17:27.700,14.761666666666667,0.0,24,1,osrm
412,delivered,2025-07-03 11:03:48,2025-07-03 11:13:06.300677,2025-07-03 11:13:55.000000,2025-07-03 11:19:26.200,15.636666666666667,0.8116553833333333,10,1,osrm
413,delivered,2025-07-03 11:03:12,2025-07-03 11:10:38.464725,2025-07-03 11:14:08.400000,2025-07-03 11:16:56.400,13.74,3.49892125,35,1,osrm
414,delivered,2025-07-03 11:04:17,2025-07-03 11:13:43.345645,2025-07-03 11:14:42.200000,2025-07-03 11:17:53.900,13.615,0.9809059166666666,23,1,osrm
415,delivered,2025-07-03 11:06:36,2025-07-03 11:17:34.727048,2025-07-03 11:17:44.800000,2025-07-03 11:21:40.900,15.081666666666667,0.16788253333333333,8,1,osrm
416,delivered,2025-07-03 11:08:38,2025-07-03 11:20:02.751205,2025-07-03 11:20:02.751205,2025-07-03 11:22:27.800,13.83,0.0,4,1,osrm
417,delivered,2025-07-03 11:10:27,2025-07-03 11:27:00.523654,2025-07-03 11:29:45.000000,2025-07-03 11:32:49.500,22.375,2.7412724333333336,27,1,osrm
418,delivered,2025-07-03 11:11:45,2025-07-03 11:26:25.220055,2025-07-03 11:29:44.900000,2025-07-03 11:31:03.500,19.308333333333334,3.3279990833333333,23,1,osrm
419,delivered,2025-07-03 11:12:40,2025-07-03 11:23:55.162861,2025-07-03 11:24:43.400000,2025-07-03 11:27:33.800,14.896666666666667,0.8039523166666667,31,1,osrm
420,delivered,2025-07-03 11:12:29,2025-07-03 11:23:31.920575,2025-07-03 11:25:00.600000,2025-07-03 11:27:01.400,14.54,1.4779904166666666,29,1,osrm
421,delivered,2025-07-03 11:15:04,2025-07-03 11:27:22.023791,2025-07-03 11:28:44.600000,2025-07-03 11:32:01.600,16.96,1.37627015,11,1,osrm
422,delivered,2025-07-03 11:15:18,2025-07-03 11:23:23.995325,2025-07-03 11:23:23.995325,2025-07-03 11:26:52.400,11.573333333333332,0.0,13,1,osrm
423,delivered,2025-07-03 11:21:27,2025-07-03 11:36:36.603104,2025-07-03 11:44:27.400000,2025-07-03 11:49:15.100,27.801666666666666,7.846614933333333,8,1,osrm
424,delivered,2025-07-03 11:22:50,2025-07-03 11:27:50.000000,2025-07-03 11:27:56.200000,2025-07-03 11:30:38.800,7.8133333333333335,0.10333333333333333,6,1,osrm
425,delivered,2025-07-03 11:22:09,2025-07-03 11:34:28.079924,2025-07-03 11:34:28.079924,2025-07-03 11:36:17.000,14.133333333333333,0.0,7,1,osrm
426,delivered,2025-07-03 11:26:15,2025-07-03 11:36:57.988347,2025-07-03 11:40:48.800000,2025-07-03 11:43:25.000,17.166666666666668,3.8468608833333335,2,1,osrm
427,delivered,2025-07-03 11:27:48,2025-07-03 11:36:43.603851,2025-07-03 11:40:14.400000,2025-07-03 11:42:12.300,14.405,3.51326915,35,1,osrm
428,delivered,2025-07-03 11:27:27,2025-07-03 11:40:46.814101,2025-07-03 11:43:30.000000,2025-07-03 11:46:15.000,18.8,2.7197649833333335,6,1,osrm
429,delivered,2025-07-03 11:28:07,2025-07-03 11:40:19.263663,2025-07-03 11:42:48.300000,2025-07-03 11:46:33.100,18.435,2.48393895,4,1,osrm
430,delivered,2025-07-03 11:28:22,2025-07-03 11:34:13.725565,2025-07-03 11:34:13.725565,2025-07-03 11:36:16.300,7.905,0.0,17,1,osrm
431,delivered,2025-07-03 11:28:18,2025-07-03 11:37:46.474339,2025-07-03 11:38:18.500000,2025-07-03 11:41:36.000,13.3,0.5337610166666666,12,1,osrm
432,delivered,2025-07-03 11:29:41,2025-07-03 11:46:35.940865,2025-07-03 11:50:12.900000,2025-07-03 11:53:31.000,23.833333333333332,3.6159855833333334,18,1,osrm
433,delivered,2025-07-03 11:32:01,2025-07-03 11:44:42.126666,2025-07-03 11:44:42.126666,2025-07-03 11:48:58.700,16.961666666666666,0.0,11,1,osrm
434,delivered,2025-07-03 11:32:01,2025-07-03 11:41:54.087188,2025-07-03 11:43:47.900000,2025-07-03 11:48:52.400,16.856666666666666,1.8968801999999998,10,1,osrm
435,delivered,2025-07-03 11:32:19,2025-07-03 11:43:58.810033,2025-07-03 11:45:24.700000,2025-07-03 11:46:52.700,14.561666666666667,1.43149945,26,1,osrm
436,delivered,2025-07-03 11:32:35,2025-07-03 11:38:54.587685,2025-07-03 11:38:54.587685,2025-07-03 11:42:14.900,9.665,0.0,30,1,osrm
437,delivered,2025-07-03 11:32:25,2025-07-03 11:47:01.132921,2025-07-03 11:48:42.300000,2025-07-03 11:47:33.700,15.145000000000001,1.6861179833333333,14,1,osrm
438,delivered,2025-07-03 11:36:32,2025-07-03 11:47:27.594888,2025-07-03 11:48:29.200000,2025-07-03 11:50:48.000,14.266666666666667,1.0267518666666666,7,1,osrm
439,delivered,2025-07-03 11:36:30,2025-07-03 11:46:32.494246,2025-07-03 11:49:27.400000,2025-07-03 11:53:52.700,17.378333333333334,2.9150959,1,1,osrm
440,delivered,2025-07-03 11:37:06,2025-07-03 11:42:06.000000,2025-07-03 11:43:27.200000,2025-07-03 11:46:17.000,9.183333333333334,1.3533333333333333,34,1,osrm
441,delivered,2025-07-03 11:38:18,2025-07-03 11:56:44.809731,2025-07-03 11:57:40.200000,2025-07-03 12:01:13.900,22.93166666666667,0.92317115,34,1,osrm
442,delivered,2025-07-03 11:39:15,2025-07-03 11:53:20.122284,2025-07-03 11:54:18.400000,2025-07-03 11:56:54.600,17.66,0.9712952666666667,21,1,osrm
443,delivered,2025-07-03 11:39:00,2025-07-03 11:53:57.894960,2025-07-03 11:53:57.894960,2025-07-03 11:54:51.300,15.854999999999999,0.0,12,1,osrm
444,delivered,2025-07-03 11:42:57,2025-07-03 11:51:50.177849,2025-07-03 11:53:59.100000,2025-07-03 11:55:32.900,12.598333333333333,2.148702516666667,9,1,osrm
445,delivered,2025-07-03 11:46:10,2025-07-03 11:54:29.737603,2025-07-03 11:54:29.737603,2025-07-03 11:56:01.800,9.863333333333333,0.0,13,1,osrm
446,delivered,2025-07-03 11:46:50,2025-07-03 12:02:07.059544,2025-07-03 12:03:10.800000,2025-07-03 12:08:03.400,21.223333333333336,1.0623409333333333,23,1,osrm
447,delivered,2025-07-03 11:47:56,2025-07-03 12:01:15.257991,2025-07-03 12:04:48.500000,2025-07-03 12:06:59.000,19.05,3.5540334833333334,39,1,osrm
448,delivered,2025-07-03 11:47:20,2025-07-03 12:01:44.440580,2025-07-03 12:03:59.100000,2025-07-03 12:06:18.500,18.975,2.244323666666667,7,1,osrm
449,delivered,2025-07-03 11:47:41,2025-07-03 11:59:06.320096,2025-07-03 11:59:06.320096,2025-07-03 12:02:47.300,15.104999999999999,0.0,10,1,osrm
450,delivered,2025-07-03 11:49:32,2025-07-03 12:00:40.053115,2025-07-03 12:03:13.000000,2025-07-03 12:05:46.500,16.241666666666667,2.54911475,15,1,osrm
451,delivered,2025-07-03 11:49:44,2025-07-03 11:59:59.072589,2025-07-03 12:00:10.000000,2025-07-03 12:02:54.900,13.181666666666667,0.18212351666666665,14,1,osrm
452,delivered,2025-07-03 11:50:24,2025-07-03 11:58:15.401461,2025-07-03 11:58:48.000000,2025-07-03 12:02:12.600,11.81,0.5433089833333333,5,1,osrm
453,delivered,2025-07-03 11:51:22,2025-07-03 12:01:46.188738,2025-07-03 12:03:37.200000,2025-07-03 12:06:25.600,15.06,1.8501877,12,1,osrm
454,delivered,2025-07-03 11:52:40,2025-07-03 12:02:09.040834,2025-07-03 12:03:09.100000,2025-07-03 12:06:54.100,14.235000000000001,1.0009861,18,1,osrm
455,delivered,2025-07-03 11:54:48,2025-07-03 12:04:15.125935,2025-07-03 12:05:40.400000,2025-07-03 12:08:32.900,13.748333333333333,1.4212344166666666,30,1,osrm
456,delivered,2025-07-03 11:56:42,2025-07-03 12:09:16.868501,2025-07-03 12:09:16.868501,2025-07-03 12:12:03.200,15.353333333333333,0.0,31,1,osrm
457,delivered,2025-07-03 11:56:18,2025-07-03 12:13:20.332688,2025-07-03 12:13:48.000000,2025-07-03 12:17:01.900,20.73166666666667,0.46112186666666666,11,1,osrm
458,delivered,2025-07-03 12:01:55,2025-07-03 12:08:06.872785,2025-07-03 12:08:50.000000,2025-07-03 12:12:14.000,10.316666666666666,0.7187869166666666,9,1,osrm
459,delivered,2025-07-03 12:04:41,2025-07-03 12:20:27.863381,2025-07-03 12:29:35.400000,2025-07-03 12:34:10.800,29.496666666666666,9.125610316666666,11,1,osrm
460,delivered,2025-07-03 12:07:49,2025-07-03 12:17:27.811117,2025-07-03 12:19:17.200000,2025-07-03 12:22:28.300,14.655,1.8231480500000001,39,1,osrm
461,delivered,2025-07-03 12:09:10,2025-07-03 12:23:31.103050,2025-07-03 12:25:58.100000,2025-07-03 12:28:43.600,19.56,2.449949166666667,31,1,osrm
462,delivered,2025-07-03 12:10:11,2025-07-03 12:23:26.951663,2025-07-03 12:24:15.100000,2025-07-03 12:26:53.700,16.711666666666666,0.8024722833333333,14,1,osrm
463,delivered,2025-07-03 12:11:16,2025-07-03 12:26:16.760018,2025-07-03 12:28:56.500000,2025-07-03 12:31:28.700,20.211666666666666,2.6623330333333333,36,1,osrm
464,delivered,2025-07-03 12:14:31,2025-07-03 12:25:26.013431,2025-07-03 12:28:16.100000,2025-07-03 12:29:54.000,15.383333333333333,2.83477615,6,1,osrm
465,delivered,2025-07-03 12:15:49,2025-07-03 12:31:33.605116,2025-07-03 12:34:12.500000,2025-07-03 12:36:24.000,20.583333333333332,2.6482480666666666,8,1,osrm
466,delivered,2025-07-03 12:16:26,2025-07-03 12:24:40.588331,2025-07-03 12:24:40.588331,2025-07-03 12:27:02.100,10.601666666666667,0.0,40,1,osrm
467,delivered,2025-07-03 12:17:52,2025-07-03 12:28:25.321294,2025-07-03 12:28:25.321294,2025-07-03 12:31:02.300,13.171666666666665,0.0,25,1,osrm
468,delivered,2025-07-03 12:17:06,2025-07-03 12:23:32.427492,2025-07-03 12:25:35.200000,2025-07-03 12:29:14.000,12.133333333333333,2.0462084666666667,2,1,osrm
469,delivered,2025-07-03 12:18:14,2025-07-03 12:31:30.294255,2025-07-03 12:33:08.300000,2025-07-03 12:35:53.700,17.66166666666667,1.6334290833333334,24,1,osrm
470,delivered,2025-07-03 12:18:27,2025-07-03 12:37:14.362751,2025-07-03 12:38:21.500000,2025-07-03 12:40:29.000,22.033333333333335,1.11895415,23,1,osrm
471,delivered,2025-07-03 12:19:23,2025-07-03 12:29:40.412367,2025-07-03 12:29:40.412367,2025-07-03 12:32:15.500,12.875,0.0,5,1,osrm
472,delivered,2025-07-03 12:22:18,2025-07-03 12:30:33.657587,2025-07-03 12:33:11.100000,2025-07-03 12:35:00.900,12.715,2.6240402166666663,33,1,osrm
473,delivered,2025-07-03 12:27:19,2025-07-03 12:39:45.634588,2025-07-03 12:40:48.700000,2025-07-03 12:42:08.400,14.823333333333332,1.0510902,32,1,osrm
474,delivered,2025-07-03 12:28:35,2025-07-03 12:39:21.961006,2025-07-03 12:39:21.961006,2025-07-03 12:39:32.100,10.951666666666666,0.0,40,1,osrm
475,delivered,2025-07-03 12:29:32,2025-07-03 12:42:24.946921,2025-07-03 12:43:07.800000,2025-07-03 12:46:27.400,16.923333333333332,0.7142179833333333,11,1,osrm
476,delivered,2025-07-03 12:31:17,2025-07-03 12:39:36.909848,2025-07-03 12:39:36.909848,2025-07-03 12:42:17.300,11.004999999999999,0.0,1,1,osrm
477,delivered,2025-07-03 12:31:32,2025-07-03 12:41:19.174945,2025-07-03 12:43:47.300000,2025-07-03 12:46:35.100,15.051666666666668,2.4687509166666666,9,1,osrm
478,delivered,2025-07-03 12:32:45,2025-07-03 12:44:03.596953,2025-07-03 12:44:03.596953,2025-07-03 12:46:55.200,14.17,0.0,18,1,osrm
479,delivered,2025-07-03 12:33:03,2025-07-03 12:44:05.496194,2025-07-03 12:44:05.496194,2025-07-03 12:47:25.800,14.379999999999999,0.0,36,1,osrm
480,delivered,2025-07-03 12:34:08,2025-07-03 12:39:08.000000,2025-07-03 12:40:42.200000,2025-07-03 12:41:05.900,6.965,1.57,38,1,osrm
481,delivered,2025-07-03 12:37:46,2025-07-03 12:52:11.699296,2025-07-03 12:53:39.500000,2025-07-03 12:55:34.400,17.80666666666667,1.4633450666666665,23,1,osrm
482,delivered,2025-07-03 12:38:03,2025-07-03 12:54:26.387289,2025-07-03 12:54:26.387289,2025-07-03 12:56:51.500,18.808333333333334,0.0,1,1,osrm
483,delivered,2025-07-03 12:38:05,2025-07-03 12:51:25.004500,2025-07-03 12:54:24.800000,2025-07-03 12:56:51.100,18.76833333333333,2.9965916666666668,6,1,osrm
484,delivered,2025-07-03 12:39:18,2025-07-03 12:51:23.970104,2025-07-03 12:52:59.000000,2025-07-03 12:55:58.600,16.676666666666666,1.5838316,25,1,osrm
485,delivered,2025-07-03 12:40:39,2025-07-03 12:55:08.026635,2025-07-03 12:57:31.300000,2025-07-03 12:59:09.600,18.509999999999998,2.387889416666667,13,1,osrm
486,delivered,2025-07-03 12:40:46,2025-07-03 12:46:54.475660,2025-07-03 12:47:08.500000,2025-07-03 12:49:13.200,8.453333333333333,0.233739,30,1,osrm
487,delivered,2025-07-03 12:41:36,2025-07-03 12:54:38.578694,2025-07-03 12:54:38.578694,2025-07-03 12:58:01.100,16.418333333333333,0.0,15,1,osrm
488,delivered,2025-07-03 12:42:34,2025-07-03 12:54:47.543265,2025-07-03 12:54:47.543265,2025-07-03 12:56:47.200,14.22,0.0,4,1,osrm
489,delivered,2025-07-03 12:42:28,2025-07-03 12:54:24.533263,2025-07-03 12:54:24.533263,2025-07-03 12:59:17.200,16.82,0.0,27,1,osrm
490,delivered,2025-07-03 12:42:20,2025-07-03 12:51:46.112484,2025-07-03 12:54:13.000000,2025-07-03 12:57:50.300,15.504999999999999,2.4481252666666666,12,1,osrm
491,delivered,2025-07-03 12:44:33,2025-07-03 12:55:46.528936,2025-07-03 12:58:52.500000,2025-07-03 13:00:53.400,16.34,3.0995177333333337,8,1,osrm
492,delivered,2025-07-03 12:46:56,2025-07-03 12:56:37.418491,2025-07-03 12:58:13.500000,2025-07-03 12:58:30.200,11.57,1.6013584833333332,17,1,osrm
493,delivered,2025-07-03 12:46:32,2025-07-03 12:59:28.484864,2025-07-03 12:59:28.484864,2025-07-03 13:00:56.800,14.413333333333332,0.0,9,1,osrm
494,delivered,2025-07-03 12:47:14,2025-07-03 13:02:01.356221,2025-07-03 13:03:03.000000,2025-07-03 13:05:32.700,18.311666666666667,1.0273963166666666,32,1,osrm
495,delivered,2025-07-03 12:48:44,2025-07-03 12:54:53.498653,2025-07-03 12:54:53.498653,2025-07-03 12:56:54.500,8.175,0.0,5,1,osrm
496,delivered,2025-07-03 12:49:37,2025-07-03 13:02:19.891254,2025-07-03 13:03:52.500000,2025-07-03 13:07:23.000,17.766666666666666,1.5434790999999999,35,1,osrm
497,delivered,2025-07-03 12:49:42,2025-07-03 13:00:04.401710,2025-07-03 13:03:59.500000,2025-07-03 13:04:07.500,14.425,3.918304833333333,7,1,osrm
498,delivered,2025-07-03 12:51:08,2025-07-03 13:01:59.611669,2025-07-03 13:03:43.300000,2025-07-03 13:05:51.900,14.731666666666666,1.7281388500000001,40,1,osrm
499,delivered,2025-07-03 12:52:04,2025-07-03 13:00:10.224369,2025-07-03 13:05:02.700000,2025-07-03 13:09:00.200,16.936666666666667,4.87459385,38,1,osrm
500,delivered,2025-07-03 12:55:49,2025-07-03 13:06:12.845300,2025-07-03 13:07:20.900000,2025-07-03 13:10:19.100,14.501666666666667,1.134245,39,1,osrm
501,delivered,2025-07-03 12:56:42,2025-07-03 13:12:13.717035,2025-07-03 13:14:17.500000,2025-07-03 13:16:38.700,19.945,2.063049416666667,8,1,osrm
502,delivered,2025-07-03 12:56:19,2025-07-03 13:05:32.970437,2025-07-03 13:08:13.500000,2025-07-03 13:09:47.600,13.476666666666667,2.6754927166666667,12,1,osrm
503,delivered,2025-07-03 12:57:46,2025-07-03 13:05:27.289364,2025-07-03 13:08:11.500000,2025-07-03 13:10:25.700,12.661666666666667,2.736843933333333,27,1,osrm
504,delivered,2025-07-03 13:03:14,2025-07-03 13:10:31.507406,2025-07-03 13:14:17.500000,2025-07-03 13:16:30.700,13.278333333333334,3.766543233333333,33,1,osrm
505,delivered,2025-07-03 13:05:07,2025-07-03 13:12:47.991369,2025-07-03 13:13:46.900000,2025-07-03 13:17:30.900,12.398333333333333,0.9818105166666666,30,1,osrm
506,delivered,2025-07-03 13:06:13,2025-07-03 13:17:55.552717,2025-07-03 13:19:04.100000,2025-07-03 13:21:06.100,14.885,1.1424547166666665,40,1,osrm
507,delivered,2025-07-03 13:07:55,2025-07-03 13:20:44.242264,2025-07-03 13:23:52.700000,2025-07-03 13:24:27.000,16.533333333333335,3.140962266666667,21,1,osrm
508,delivered,2025-07-03 13:07:06,2025-07-03 13:18:59.063447,2025-07-03 13:18:59.063447,2025-07-03 13:21:30.600,14.41,0.0,38,1,osrm
509,delivered,2025-07-03 13:08:36,2025-07-03 13:19:43.661300,2025-07-03 13:19:43.661300,2025-07-03 13:22:41.900,14.098333333333333,0.0,32,1,osrm
510,delivered,2025-07-03 13:08:56,2025-07-03 13:23:03.611722,2025-07-03 13:23:13.600000,2025-07-03 13:25:06.400,16.173333333333332,0.1664713,9,1,osrm
511,delivered,2025-07-03 13:09:59,2025-07-03 13:25:54.996875,2025-07-03 13:30:01.600000,2025-07-03 13:32:57.300,22.971666666666668,4.110052083333334,8,1,osrm
512,delivered,2025-07-03 13:10:37,2025-07-03 13:27:03.492575,2025-07-03 13:29:15.000000,2025-07-03 13:31:23.600,20.776666666666664,2.191790416666667,30,1,osrm
513,delivered,2025-07-03 13:13:01,2025-07-03 13:20:19.212965,2025-07-03 13:25:04.800000,2025-07-03 13:27:37.400,14.606666666666666,4.759783916666667,11,1,osrm
514,delivered,2025-07-03 13:14:03,2025-07-03 13:23:48.252777,2025-07-03 13:23:48.252777,2025-07-03 13:27:30.100,13.451666666666666,0.0,31,1,osrm
515,delivered,2025-07-03 13:15:59,2025-07-03 13:29:45.729797,2025-07-03 13:30:01.000000,2025-07-03 13:32:12.700,16.228333333333335,0.25450338333333333,29,1,osrm
516,delivered,2025-07-03 13:15:22,2025-07-03 13:27:20.104693,2025-07-03 13:27:50.800000,2025-07-03 13:25:53.000,10.516666666666667,0.51158845,25,1,osrm
517,delivered,2025-07-03 13:17:21,2025-07-03 13:33:41.485719,2025-07-03 13:33:41.485719,2025-07-03 13:35:52.900,18.53166666666667,0.0,18,1,osrm
518,delivered,2025-07-03 13:18:53,2025-07-03 13:32:18.779301,2025-07-03 13:33:25.400000,2025-07-03 13:35:53.900,17.015,1.1103449833333334,40,1,osrm
519,delivered,2025-07-03 13:19:48,2025-07-03 13:25:53.180875,2025-07-03 13:30:11.600000,2025-07-03 13:33:23.100,13.585,4.306985416666667,35,1,osrm
520,delivered,2025-07-03 13:25:34,2025-07-03 13:35:16.177005,2025-07-03 13:38:03.000000,2025-07-03 13:43:19.800,17.763333333333332,2.78038325,12,1,osrm
521,delivered,2025-07-03 13:26:17,2025-07-03 13:36:21.211663,2025-07-03 13:39:23.900000,2025-07-03 13:42:30.700,16.228333333333335,3.0448056166666664,24,1,osrm
522,delivered,2025-07-03 13:26:52,2025-07-03 13:44:14.334548,2025-07-03 13:45:10.900000,2025-07-03 13:48:42.500,21.841666666666665,0.9427575333333333,7,1,osrm
523,delivered,2025-07-03 13:26:02,2025-07-03 13:40:31.493159,2025-07-03 13:45:17.400000,2025-07-03 13:48:02.600,22.009999999999998,4.765114016666667,11,1,osrm
524,delivered,2025-07-03 13:28:57,2025-07-03 13:41:24.581693,2025-07-03 13:44:09.100000,2025-07-03 13:46:46.500,17.825,2.7419717833333332,8,1,osrm
525,delivered,2025-07-03 13:39:06,2025-07-03 13:52:10.711693,2025-07-03 13:52:53.800000,2025-07-03 13:52:19.800,13.229999999999999,0.71813845,35,1,osrm
526,delivered,2025-07-03 13:39:36,2025-07-03 13:48:51.873840,2025-07-03 13:49:13.100000,2025-07-03 13:53:02.200,13.436666666666667,0.3537693333333333,18,1,osrm
527,delivered,2025-07-03 13:39:59,2025-07-03 13:54:44.672451,2025-07-03 13:55:21.700000,2025-07-03 13:56:49.000,16.833333333333332,0.6171258166666667,23,1,osrm
528,delivered,2025-07-03 13:40:29,2025-07-03 13:56:36.838085,2025-07-03 13:58:45.500000,2025-07-03 14:00:56.000,20.45,2.14436525,7,1,osrm
529,delivered,2025-07-03 13:41:16,2025-07-03 13:53:43.351046,2025-07-03 13:53:43.351046,2025-07-03 13:56:07.300,14.854999999999999,0.0,34,1,osrm
530,delivered,2025-07-03 13:42:42,2025-07-03 14:00:00.206811,2025-07-03 14:00:00.206811,2025-07-03 14:00:10.400,17.473333333333336,0.0,4,1,osrm
531,delivered,2025-07-03 13:43:30,2025-07-03 13:53:06.750384,2025-07-03 13:55:08.600000,2025-07-03 13:57:50.200,14.336666666666668,2.030826933333333,12,1,osrm
532,delivered,2025-07-03 13:44:14,2025-07-03 13:58:59.884961,2025-07-03 13:58:59.884961,2025-07-03 14:02:44.800,18.513333333333332,0.0,33,1,osrm
533,delivered,2025-07-03 13:44:02,2025-07-03 13:54:47.488481,2025-07-03 13:54:47.488481,2025-07-03 13:59:07.300,15.088333333333333,0.0,10,1,osrm
534,delivered,2025-07-03 13:44:27,2025-07-03 13:55:20.909935,2025-07-03 13:57:27.200000,2025-07-03 13:58:59.200,14.536666666666667,2.104834416666667,30,1,osrm
535,delivered,2025-07-03 13:49:04,2025-07-03 14:07:37.816523,2025-07-03 14:08:56.000000,2025-07-03 14:12:41.200,23.62,1.30305795,11,1,osrm
536,delivered,2025-07-03 13:51:26,2025-07-03 14:03:31.224426,2025-07-03 14:03:31.224426,2025-07-03 14:06:40.600,15.243333333333334,0.0,39,1,osrm
537,delivered,2025-07-03 13:51:34,2025-07-03 14:06:51.569642,2025-07-03 14:10:16.700000,2025-07-03 14:13:40.400,22.10666666666667,3.4188393,28,1,osrm
538,delivered,2025-07-03 13:54:07,2025-07-03 14:05:22.362250,2025-07-03 14:09:15.600000,2025-07-03 14:14:11.100,20.06833333333333,3.8872958333333334,8,1,osrm
539,delivered,2025-07-03 13:55:45,2025-07-03 14:09:11.098289,2025-07-03 14:09:11.098289,2025-07-03 14:12:44.800,16.996666666666666,0.0,29,1,osrm
540,delivered,2025-07-03 13:56:26,2025-07-03 14:07:42.658681,2025-07-03 14:09:34.100000,2025-07-03 14:11:32.100,15.101666666666667,1.8573553166666665,10,1,osrm
541,delivered,2025-07-03 13:56:57,2025-07-03 14:11:21.584191,2025-07-03 14:13:02.600000,2025-07-03 14:14:40.800,17.73,1.6835968166666668,35,1,osrm
542,delivered,2025-07-03 13:57:55,2025-07-03 14:11:58.139161,2025-07-03 14:13:40.200000,2025-07-03 14:16:51.000,18.933333333333334,1.7010139833333333,1,1,osrm
543,delivered,2025-07-03 13:58:34,2025-07-03 14:17:03.063153,2025-07-03 14:19:24.600000,2025-07-03 14:23:05.900,24.53166666666667,2.35894745,15,1,osrm
544,delivered,2025-07-03 13:58:14,2025-07-03 14:06:39.102295,2025-07-03 14:07:27.200000,2025-07-03 14:07:45.000,9.516666666666667,0.8016284166666666,34,1,osrm
545,delivered,2025-07-03 13:58:27,2025-07-03 14:11:30.484016,2025-07-03 14:12:54.000000,2025-07-03 14:14:35.700,16.145,1.3919330666666667,37,1,osrm
546,delivered,2025-07-03 13:58:44,2025-07-03 14:08:25.866685,2025-07-03 14:08:46.000000,2025-07-03 14:10:20.500,11.608333333333333,0.33555524999999997,17,1,osrm
547,delivered,2025-07-03 13:59:35,2025-07-03 14:09:09.483752,2025-07-03 14:09:09.483752,2025-07-03 14:11:26.800,11.863333333333333,0.0,12,1,osrm
548,delivered,2025-07-03 14:00:48,2025-07-03 14:09:02.595486,2025-07-03 14:09:02.595486,2025-07-03 14:10:01.900,9.231666666666666,0.0,25,1,osrm
549,delivered,2025-07-03 14:02:22,2025-07-03 14:18:46.150601,2025-07-03 14:18:46.150601,2025-07-03 14:16:55.400,14.556666666666667,0.0,34,1,osrm
550,delivered,2025-07-03 14:06:27,2025-07-03 14:21:21.077762,2025-07-03 14:24:26.200000,2025-07-03 14:28:27.400,22.006666666666668,3.0853706333333335,17,1,osrm
551,delivered,2025-07-03 14:07:15,2025-07-03 14:20:33.506491,2025-07-03 14:24:30.300000,2025-07-03 14:28:02.200,20.78666666666667,3.9465584833333334,10,1,osrm
552,delivered,2025-07-03 14:08:55,2025-07-03 14:21:34.922496,2025-07-03 14:22:10.600000,2025-07-03 14:21:10.200,12.253333333333334,0.5946250666666667,6,1,osrm
553,delivered,2025-07-03 14:11:36,2025-07-03 14:27:19.548742,2025-07-03 14:28:27.600000,2025-07-03 14:32:54.700,21.311666666666667,1.1341876333333334,30,1,osrm
554,delivered,2025-07-03 14:13:29,2025-07-03 14:24:28.177817,2025-07-03 14:25:11.700000,2025-07-03 14:28:35.300,15.104999999999999,0.7253697166666666,37,1,osrm
555,delivered,2025-07-03 14:13:58,2025-07-03 14:27:22.828493,2025-07-03 14:43:21.100000,2025-07-03 14:48:17.300,34.32166666666667,15.971191783333333,4,1,osrm
556,delivered,2025-07-03 14:13:32,2025-07-03 14:26:33.518317,2025-07-03 14:29:28.600000,2025-07-03 14:32:01.300,18.488333333333333,2.9180280499999998,31,1,osrm
557,delivered,2025-07-03 14:18:44,2025-07-03 14:30:03.409352,2025-07-03 14:33:41.900000,2025-07-03 14:37:38.800,18.913333333333334,3.6415108,2,1,osrm
558,delivered,2025-07-03 14:18:30,2025-07-03 14:26:46.963212,2025-07-03 14:27:25.300000,2025-07-03 14:29:33.300,11.055,0.6389464666666667,23,1,osrm
559,delivered,2025-07-03 14:19:00,2025-07-03 14:34:38.778305,2025-07-03 14:34:38.778305,2025-07-03 14:38:30.000,19.5,0.0,18,1,osrm
560,delivered,2025-07-03 14:20:06,2025-07-03 14:31:43.739396,2025-07-03 14:33:08.500000,2025-07-03 14:37:49.100,17.71833333333333,1.4126767333333334,32,1,osrm
561,delivered,2025-07-03 14:22:47,2025-07-03 14:36:19.829848,2025-07-03 14:40:49.200000,2025-07-03 14:43:15.000,20.466666666666665,4.489502533333334,35,1,osrm
562,delivered,2025-07-03 14:24:05,2025-07-03 14:33:44.182674,2025-07-03 14:33:44.182674,2025-07-03 14:38:23.100,14.301666666666668,0.0,40,1,osrm
563,delivered,2025-07-03 14:24:40,2025-07-03 14:34:14.139959,2025-07-03 14:34:14.139959,2025-07-03 14:33:46.800,9.113333333333333,0.0,38,1,osrm
564,delivered,2025-07-03 14:25:06,2025-07-03 14:33:54.494108,2025-07-03 14:38:18.300000,2025-07-03 14:43:36.500,18.508333333333333,4.3967648666666665,5,1,osrm
565,delivered,2025-07-03 14:25:06,2025-07-03 14:34:37.970431,2025-07-03 14:36:16.000000,2025-07-03 14:38:54.500,13.808333333333334,1.63382615,27,1,osrm
566,delivered,2025-07-03 14:27:01,2025-07-03 14:39:44.196378,2025-07-03 14:43:41.900000,2025-07-03 14:47:33.500,20.541666666666668,3.961727033333333,30,1,osrm
567,delivered,2025-07-03 14:27:10,2025-07-03 14:44:40.947243,2025-07-03 14:44:40.947243,2025-07-03 14:47:55.800,20.763333333333332,0.0,29,1,osrm
568,delivered,2025-07-03 14:28:48,2025-07-03 14:43:27.843454,2025-07-03 14:43:36.700000,2025-07-03 14:47:25.400,18.623333333333335,0.1476091,1,1,osrm
569,delivered,2025-07-03 14:30:24,2025-07-03 14:45:53.457640,2025-07-03 14:48:36.700000,2025-07-03 14:51:48.700,21.41166666666667,2.720706,39,1,osrm
570,delivered,2025-07-03 14:31:19,2025-07-03 14:48:14.492100,2025-07-03 14:50:35.400000,2025-07-03 14:54:11.600,22.876666666666665,2.348465,27,1,osrm
571,delivered,2025-07-03 14:36:34,2025-07-03 14:48:47.933335,2025-07-03 14:48:47.933335,2025-07-03 14:52:57.100,16.385,0.0,7,1,osrm
572,delivered,2025-07-03 14:36:25,2025-07-03 14:50:57.587535,2025-07-03 14:53:45.200000,2025-07-03 14:55:14.500,18.825,2.793541083333333,20,1,osrm
573,delivered,2025-07-03 14:37:35,2025-07-03 14:50:56.990884,2025-07-03 14:54:59.900000,2025-07-03 14:57:37.500,20.041666666666668,4.048485266666667,9,1,osrm
574,delivered,2025-07-03 14:38:41,2025-07-03 14:48:40.823654,2025-07-03 14:48:40.823654,2025-07-03 14:50:24.000,11.716666666666667,0.0,40,1,osrm
575,delivered,2025-07-03 14:40:33,2025-07-03 14:53:52.810757,2025-07-03 14:53:52.810757,2025-07-03 14:57:06.000,16.55,0.0,38,1,osrm
576,delivered,2025-07-03 14:40:14,2025-07-03 14:48:09.785414,2025-07-03 14:48:16.500000,2025-07-03 14:53:18.000,13.066666666666666,0.11190976666666666,10,1,osrm
577,delivered,2025-07-03 14:41:11,2025-07-03 14:52:58.030329,2025-07-03 14:54:49.100000,2025-07-03 14:58:37.300,17.438333333333333,1.8511611833333332,12,1,osrm
578,delivered,2025-07-03 14:41:01,2025-07-03 14:55:14.989572,2025-07-03 15:00:04.200000,2025-07-03 15:03:18.900,22.298333333333336,4.8201738,6,1,osrm
579,delivered,2025-07-03 14:42:45,2025-07-03 14:59:58.305873,2025-07-03 15:00:02.400000,2025-07-03 15:02:00.100,19.251666666666665,0.06823545,4,1,osrm
580,delivered,2025-07-03 14:44:59,2025-07-03 14:58:55.754463,2025-07-03 14:58:55.754463,2025-07-03 15:01:18.100,16.318333333333335,0.0,29,1,osrm
581,delivered,2025-07-03 14:44:56,2025-07-03 14:53:04.983495,2025-07-03 14:53:58.700000,2025-07-03 14:57:00.300,12.071666666666665,0.8952750833333333,23,1,osrm
582,delivered,2025-07-03 14:44:56,2025-07-03 14:53:31.402967,2025-07-03 14:55:13.800000,2025-07-03 14:57:05.300,12.155,1.7066172166666667,34,1,osrm
583,delivered,2025-07-03 14:46:56,2025-07-03 14:55:13.251563,2025-07-03 14:58:40.100000,2025-07-03 15:02:23.600,15.46,3.44747395,19,1,osrm
584,delivered,2025-07-03 14:47:33,2025-07-03 14:59:24.742350,2025-07-03 14:59:24.742350,2025-07-03 15:01:43.400,14.173333333333334,0.0,37,1,osrm
585,delivered,2025-07-03 14:50:27,2025-07-03 15:06:01.915235,2025-07-03 15:07:51.700000,2025-07-03 15:06:28.100,16.018333333333334,1.8297460833333332,14,1,osrm
586,delivered,2025-07-03 14:51:31,2025-07-03 15:07:20.152318,2025-07-03 15:09:04.800000,2025-07-03 15:14:07.200,22.603333333333335,1.7441280333333333,28,1,osrm
587,delivered,2025-07-03 14:51:32,2025-07-03 14:57:51.808785,2025-07-03 14:57:56.700000,2025-07-03 15:00:52.500,9.341666666666667,0.08152025,30,1,osrm
588,delivered,2025-07-03 14:53:17,2025-07-03 15:05:47.960321,2025-07-03 15:08:50.700000,2025-07-03 15:12:09.800,18.88,3.0456613166666666,20,1,osrm
589,delivered,2025-07-03 14:55:45,2025-07-03 15:07:50.880188,2025-07-03 15:09:39.700000,2025-07-03 15:12:36.700,16.861666666666668,1.8136635333333333,1,1,osrm
590,delivered,2025-07-03 14:59:08,2025-07-03 15:10:52.733471,2025-07-03 15:13:40.100000,2025-07-03 15:16:36.100,17.46833333333333,2.78944215,4,1,osrm
591,delivered,2025-07-03 15:00:28,2025-07-03 15:17:30.190541,2025-07-03 15:19:47.000000,2025-07-03 15:22:54.700,22.445,2.28015765,14,1,osrm
592,delivered,2025-07-03 15:00:14,2025-07-03 15:06:08.393338,2025-07-03 15:09:12.700000,2025-07-03 15:11:35.500,11.358333333333333,3.0717776999999997,12,1,osrm
593,delivered,2025-07-03 15:01:44,2025-07-03 15:07:38.570081,2025-07-03 15:09:15.800000,2025-07-03 15:12:56.400,11.206666666666667,1.6204986499999998,9,1,osrm
594,delivered,2025-07-03 15:03:07,2025-07-03 15:12:28.494782,2025-07-03 15:14:14.500000,2025-07-03 15:18:21.600,15.243333333333334,1.7667536333333334,40,1,osrm
595,delivered,2025-07-03 15:06:08,2025-07-03 15:18:33.234477,2025-07-03 15:20:08.800000,2025-07-03 15:20:49.200,14.686666666666667,1.5927587166666666,18,1,osrm
596,delivered,2025-07-03 15:09:30,2025-07-03 15:22:36.931096,2025-07-03 15:24:14.500000,2025-07-03 15:27:21.800,17.863333333333333,1.6261484000000002,1,1,osrm
597,delivered,2025-07-03 15:10:15,2025-07-03 15:23:31.281998,2025-07-03 15:23:31.281998,2025-07-03 15:25:20.200,15.086666666666668,0.0,37,1,osrm
598,delivered,2025-07-03 15:11:47,2025-07-03 15:23:14.227263,2025-07-03 15:23:14.500000,2025-07-03 15:21:15.700,9.478333333333333,0.004545616666666667,29,1,osrm
599,delivered,2025-07-03 15:11:09,2025-07-03 15:25:39.681855,2025-07-03 15:28:01.400000,2025-07-03 15:32:54.700,21.761666666666667,2.3619690833333333,30,1,osrm
600,delivered,2025-07-03 15:15:43,2025-07-03 15:30:13.500193,2025-07-03 15:34:40.200000,2025-07-03 15:38:58.300,23.255,4.444996783333334,10,1,osrm
601,delivered,2025-07-03 15:19:39,2025-07-03 15:33:08.340674,2025-07-03 15:34:06.400000,2025-07-03 15:38:08.100,18.485,0.9676554333333333,7,1,osrm
602,delivered,2025-07-03 15:20:35,2025-07-03 15:32:53.235371,2025-07-03 15:34:18.800000,2025-07-03 15:37:27.800,16.88,1.42607715,35,1,osrm
603,delivered,2025-07-03 15:23:32,2025-07-03 15:37:24.535884,2025-07-03 15:38:03.300000,2025-07-03 15:39:41.900,16.165,0.6460686,1,1,osrm
604,delivered,2025-07-03 15:23:27,2025-07-03 15:44:32.072856,2025-07-03 15:45:21.500000,2025-07-03 15:46:07.000,22.666666666666668,0.8237857333333333,15,1,osrm
605,delivered,2025-07-03 15:24:42,2025-07-03 15:35:15.953365,2025-07-03 15:37:59.900000,2025-07-03 15:36:46.800,12.08,2.7324439166666665,16,1,osrm
606,delivered,2025-07-03 15:25:35,2025-07-03 15:40:13.869855,2025-07-03 15:42:59.900000,2025-07-03 15:41:28.300,15.888333333333332,2.7671690833333336,29,1,osrm
607,delivered,2025-07-03 15:27:25,2025-07-03 15:42:37.271682,2025-07-03 15:43:57.200000,2025-07-03 15:45:30.900,18.098333333333336,1.3321386333333334,30,1,osrm
608,delivered,2025-07-03 15:27:19,2025-07-03 15:34:04.185989,2025-07-03 15:34:04.185989,2025-07-03 15:36:43.300,9.405,0.0,17,1,osrm
609,delivered,2025-07-03 15:27:57,2025-07-03 15:40:53.648037,2025-07-03 15:44:28.300000,2025-07-03 15:47:11.900,19.248333333333335,3.5775327166666666,27,1,osrm
610,delivered,2025-07-03 15:28:08,2025-07-03 15:41:09.464997,2025-07-03 15:43:44.200000,2025-07-03 15:47:40.800,19.546666666666667,2.578916716666667,31,1,osrm
611,delivered,2025-07-03 15:28:34,2025-07-03 15:38:35.512104,2025-07-03 15:39:30.900000,2025-07-03 15:42:26.300,13.871666666666666,0.9231315999999999,33,1,osrm
612,delivered,2025-07-03 15:28:36,2025-07-03 15:36:27.085873,2025-07-03 15:39:20.100000,2025-07-03 15:42:16.600,13.676666666666668,2.883568783333333,38,1,osrm
613,delivered,2025-07-03 15:29:11,2025-07-03 15:44:34.619466,2025-07-03 15:45:28.500000,2025-07-03 15:49:19.400,20.14,0.8980089,18,1,osrm
614,delivered,2025-07-03 15:29:12,2025-07-03 15:44:00.132197,2025-07-03 15:44:00.132197,2025-07-03 15:46:16.800,17.08,0.0,36,1,osrm
615,delivered,2025-07-03 15:30:21,2025-07-03 15:44:09.148559,2025-07-03 15:44:09.148559,2025-07-03 15:47:20.300,16.988333333333333,0.0,40,1,osrm
616,delivered,2025-07-03 15:31:05,2025-07-03 15:46:43.660145,2025-07-03 15:48:26.400000,2025-07-03 15:51:32.500,20.458333333333332,1.7123309166666667,10,1,osrm
617,delivered,2025-07-03 15:31:03,2025-07-03 15:45:19.697170,2025-07-03 15:48:09.900000,2025-07-03 15:48:42.300,17.654999999999998,2.8367138333333335,35,1,osrm
618,delivered,2025-07-03 15:33:30,2025-07-03 15:41:01.237817,2025-07-03 15:43:30.800000,2025-07-03 15:47:26.400,13.94,2.4927030500000003,12,1,osrm
619,delivered,2025-07-03 15:35:21,2025-07-03 15:50:04.786422,2025-07-03 15:54:10.000000,2025-07-03 15:57:03.200,21.703333333333333,4.0868929666666665,25,1,osrm
620,delivered,2025-07-03 15:37:49,2025-07-03 15:43:46.880518,2025-07-03 15:43:46.880518,2025-07-03 15:45:14.100,7.418333333333334,0.0,6,1,osrm
621,delivered,2025-07-03 15:38:59,2025-07-03 15:50:11.039487,2025-07-03 15:53:00.800000,2025-07-03 15:56:47.100,17.801666666666666,2.8293418833333335,29,1,osrm
622,delivered,2025-07-03 15:38:00,2025-07-03 15:51:24.041316,2025-07-03 15:59:32.100000,2025-07-03 16:03:45.000,25.75,8.1343114,7,1,osrm
623,delivered,2025-07-03 15:39:10,2025-07-03 15:51:07.116353,2025-07-03 15:55:31.400000,2025-07-03 15:59:30.400,20.34,4.404727449999999,23,1,osrm
624,delivered,2025-07-03 15:40:11,2025-07-03 15:47:48.494989,2025-07-03 15:47:48.494989,2025-07-03 15:50:40.800,10.496666666666666,0.0,24,1,osrm
625,delivered,2025-07-03 15:40:31,2025-07-03 15:53:04.482639,2025-07-03 15:58:08.400000,2025-07-03 16:01:17.800,20.779999999999998,5.0652893500000005,21,1,osrm
626,delivered,2025-07-03 15:41:07,2025-07-03 15:55:30.397010,2025-07-03 15:57:04.900000,2025-07-03 15:55:59.800,14.879999999999999,1.5750498333333334,16,1,osrm
627,delivered,2025-07-03 15:41:40,2025-07-03 15:50:04.976790,2025-07-03 15:54:09.800000,2025-07-03 15:55:00.400,13.34,4.080386833333333,20,1,osrm
628,delivered,2025-07-03 15:41:06,2025-07-03 15:51:44.614577,2025-07-03 15:53:20.500000,2025-07-03 15:57:45.800,16.663333333333334,1.5980903833333333,32,1,osrm
629,delivered,2025-07-03 15:41:46,2025-07-03 15:55:10.712427,2025-07-03 15:58:08.400000,2025-07-03 16:02:42.200,20.936666666666667,2.96145955,39,1,osrm
630,delivered,2025-07-03 15:41:27,2025-07-03 15:51:45.144181,2025-07-03 15:54:05.800000,2025-07-03 15:58:13.500,16.775,2.3442636500000003,14,1,osrm
631,delivered,2025-07-03 15:41:36,2025-07-03 15:57:55.791419,2025-07-03 15:58:01.000000,2025-07-03 16:00:32.000,18.933333333333334,0.08680968333333333,37,1,osrm
632,delivered,2025-07-03 15:42:05,2025-07-03 15:51:54.420687,2025-07-03 15:58:46.300000,2025-07-03 16:02:10.900,20.098333333333336,6.864655216666667,19,1,osrm
633,delivered,2025-07-03 15:45:56,2025-07-03 15:54:19.065647,2025-07-03 15:55:54.400000,2025-07-03 15:58:55.200,12.986666666666668,1.5889058833333332,13,1,osrm
634,delivered,2025-07-03 15:47:49,2025-07-03 16:01:27.105468,2025-07-03 16:04:34.600000,2025-07-03 16:06:59.100,19.168333333333333,3.1249088666666665,11,1,osrm
635,delivered,2025-07-03 15:47:49,2025-07-03 16:00:18.387187,2025-07-03 16:09:02.000000,2025-07-03 16:13:35.900,25.78166666666667,8.726880216666666,14,2,osrm
636,delivered,2025-07-03 15:48:12,2025-07-03 15:57:49.441315,2025-07-03 15:59:01.000000,2025-07-03 16:02:40.900,14.481666666666666,1.19264475,36,1,osrm
637,delivered,2025-07-03 15:48:36,2025-07-03 16:04:01.181506,2025-07-03 16:08:01.000000,2025-07-03 16:11:37.800,23.029999999999998,3.9969748999999997,23,2,osrm
638,delivered,2025-07-03 15:50:10,2025-07-03 15:58:58.576670,2025-07-03 15:58:58.576670,2025-07-03 16:03:01.400,12.856666666666666,0.0,6,1,osrm
639,delivered,2025-07-03 15:51:34,2025-07-03 16:05:40.703894,2025-07-03 16:13:57.100000,2025-07-03 16:17:35.800,26.029999999999998,8.273268433333334,10,1,osrm
640,delivered,2025-07-03 15:53:38,2025-07-03 16:08:14.198087,2025-07-03 16:13:21.400000,2025-07-03 16:16:04.300,22.438333333333333,5.120031883333334,21,2,osrm
641,delivered,2025-07-03 15:53:33,2025-07-03 16:09:56.892538,2025-07-03 16:24:59.970935,2025-07-03 16:32:00.100,38.45166666666667,15.051306616666666,4,3,osrm
642,delivered,2025-07-03 15:54:04,2025-07-03 16:06:15.771406,2025-07-03 16:13:08.400000,2025-07-03 16:17:07.600,23.06,6.877143233333333,19,2,osrm
643,delivered,2025-07-03 15:54:09,2025-07-03 16:11:01.127782,2025-07-03 16:23:29.100000,2025-07-03 16:27:43.200,33.57,12.466203633333333,24,3,osrm
644,delivered,2025-07-03 15:55:11,2025-07-03 16:05:51.270642,2025-07-03 16:14:25.100000,2025-07-03 16:17:59.200,22.803333333333335,8.563822633333332,7,2,osrm
645,delivered,2025-07-03 15:56:04,2025-07-03 16:07:08.482435,2025-07-03 16:09:02.000000,2025-07-03 16:13:35.900,17.53166666666667,1.8919594166666667,14,2,osrm
646,delivered,2025-07-03 15:56:43,2025-07-03 16:07:07.359421,2025-07-03 16:13:31.400000,2025-07-03 16:16:25.000,19.7,6.400676316666666,8,1,osrm
647,delivered,2025-07-03 15:56:47,2025-07-03 16:08:27.493924,2025-07-03 16:12:48.300000,2025-07-03 16:18:15.700,21.478333333333335,4.346767933333334,15,1,osrm
648,delivered,2025-07-03 15:56:42,2025-07-03 16:10:56.132448,2025-07-03 16:13:05.600000,2025-07-03 16:16:07.800,19.43,2.1577925333333337,26,2,osrm
649,delivered,2025-07-03 15:56:33,2025-07-03 16:06:21.101069,2025-07-03 16:07:54.700000,2025-07-03 16:12:51.900,16.315,1.5599821833333332,32,1,osrm
650,delivered,2025-07-03 15:56:40,2025-07-03 16:09:13.866906,2025-07-03 16:09:13.866906,2025-07-03 16:12:13.600,15.56,0.0,25,1,osrm
651,delivered,2025-07-03 15:56:05,2025-07-03 16:03:24.786742,2025-07-03 16:05:51.400000,2025-07-03 16:08:12.300,12.121666666666666,2.4435543,38,1,osrm
652,delivered,2025-07-03 15:56:13,2025-07-03 16:05:55.010993,2025-07-03 16:08:01.000000,2025-07-03 16:11:37.800,15.413333333333332,2.0998167833333334,23,2,osrm
653,delivered,2025-07-03 15:56:29,2025-07-03 16:12:59.678193,2025-07-03 16:14:25.100000,2025-07-03 16:17:59.200,21.503333333333334,1.4236967833333334,7,2,osrm
654,delivered,2025-07-03 15:57:57,2025-07-03 16:12:43.620264,2025-07-03 16:23:28.904774,2025-07-03 16:23:02.400,25.09,10.754741833333332,37,4,osrm
655,delivered,2025-07-03 15:57:05,2025-07-03 16:08:56.016111,2025-07-03 16:09:07.100000,2025-07-03 16:13:45.300,16.671666666666667,0.1847314833333333,4,2,osrm
656,delivered,2025-07-03 15:58:33,2025-07-03 16:08:26.936813,2025-07-03 16:09:07.100000,2025-07-03 16:13:45.300,15.205,0.66938645,4,2,osrm
657,delivered,2025-07-03 15:59:58,2025-07-03 16:12:09.293067,2025-07-03 16:29:59.000000,2025-07-03 16:31:11.500,31.225,17.828448883333333,28,1,osrm
658,delivered,2025-07-03 16:00:16,2025-07-03 16:13:03.383585,2025-07-03 16:18:40.100000,2025-07-03 16:22:50.700,22.578333333333333,5.61194025,2,2,osrm
659,delivered,2025-07-03 16:01:44,2025-07-03 16:09:23.049710,2025-07-03 16:23:26.700000,2025-07-03 16:31:24.900,29.68166666666667,14.060838166666667,6,3,osrm
660,delivered,2025-07-03 16:01:30,2025-07-03 16:19:16.286729,2025-07-03 16:23:29.100000,2025-07-03 16:27:43.200,26.220000000000002,4.213554516666666,24,3,osrm
661,delivered,2025-07-03 16:01:15,2025-07-03 16:12:13.618539,2025-07-03 16:13:08.400000,2025-07-03 16:17:07.600,15.876666666666667,0.91302435,19,2,osrm
662,delivered,2025-07-03 16:01:21,2025-07-03 16:11:54.799311,2025-07-03 16:13:21.400000,2025-07-03 16:16:04.300,14.721666666666666,1.4433448166666667,21,2,osrm
663,delivered,2025-07-03 16:02:28,2025-07-03 16:11:23.449970,2025-07-03 16:13:21.800000,2025-07-03 16:16:54.900,14.448333333333332,1.9725005,31,1,osrm
664,delivered,2025-07-03 16:03:26,2025-07-03 16:13:55.467771,2025-07-03 16:18:40.100000,2025-07-03 16:22:50.700,19.41166666666667,4.743870483333334,2,2,osrm
665,delivered,2025-07-03 16:03:33,2025-07-03 16:17:30.834301,2025-07-03 16:27:43.000000,2025-07-03 16:34:40.300,31.121666666666666,10.202761650000001,29,2,osrm
666,delivered,2025-07-03 16:03:17,2025-07-03 16:17:49.806032,2025-07-03 16:42:26.746061,2025-07-03 16:39:09.700,35.87833333333333,24.61566715,17,2,osrm
667,delivered,2025-07-03 16:03:14,2025-07-03 16:12:49.603407,2025-07-03 16:13:58.300000,2025-07-03 16:17:18.500,14.075,1.1449432166666669,33,1,osrm
668,delivered,2025-07-03 16:03:38,2025-07-03 16:21:05.425192,2025-07-03 16:23:12.800000,2025-07-03 16:25:41.400,22.05666666666667,2.1229134666666667,14,1,osrm
669,delivered,2025-07-03 16:04:53,2025-07-03 16:21:16.625129,2025-07-03 16:23:29.100000,2025-07-03 16:27:43.200,22.836666666666666,2.207914516666667,24,3,osrm
670,delivered,2025-07-03 16:04:36,2025-07-03 16:15:24.823157,2025-07-03 16:17:51.600000,2025-07-03 16:21:26.300,16.83833333333333,2.4462807166666667,30,1,osrm
671,delivered,2025-07-03 16:04:25,2025-07-03 16:16:05.845209,2025-07-03 16:24:59.970935,2025-07-03 16:32:00.100,27.584999999999997,8.902095433333333,4,3,osrm
672,delivered,2025-07-03 16:05:18,2025-07-03 16:22:24.687453,2025-07-03 16:29:14.900000,2025-07-03 16:34:57.700,29.66166666666667,6.8368757833333325,26,1,osrm
673,delivered,2025-07-03 16:05:05,2025-07-03 16:12:25.396046,2025-07-03 16:14:19.700000,2025-07-03 16:17:35.900,12.514999999999999,1.9050659,36,1,osrm
674,delivered,2025-07-03 16:05:57,2025-07-03 16:21:52.969518,2025-07-03 16:29:21.400000,2025-07-03 16:33:05.600,27.14333333333333,7.473841366666666,7,2,osrm
675,delivered,2025-07-03 16:05:12,2025-07-03 16:12:14.714166,2025-07-03 16:13:05.600000,2025-07-03 16:16:07.800,10.93,0.8480972333333334,26,2,osrm
676,delivered,2025-07-03 16:05:42,2025-07-03 16:11:36.951766,2025-07-03 16:13:38.400000,2025-07-03 16:16:30.600,10.81,2.024137233333333,39,1,osrm
677,delivered,2025-07-03 16:06:20,2025-07-03 16:16:02.688342,2025-07-03 16:19:32.400000,2025-07-03 16:24:01.500,17.691666666666666,3.4951943,17,1,osrm
678,delivered,2025-07-03 16:07:27,2025-07-03 16:23:00.981015,2025-07-03 16:23:26.700000,2025-07-03 16:31:24.900,23.965,0.42864975,6,3,osrm
679,delivered,2025-07-03 16:07:19,2025-07-03 16:14:19.915831,2025-07-03 16:23:26.700000,2025-07-03 16:31:24.900,24.098333333333336,9.113069483333334,6,3,osrm
680,delivered,2025-07-03 16:07:22,2025-07-03 16:16:10.486264,2025-07-03 16:21:27.200000,2025-07-03 16:24:57.000,17.583333333333332,5.2785622666666665,11,1,osrm
681,delivered,2025-07-03 16:07:05,2025-07-03 16:12:05.000000,2025-07-03 16:32:07.400000,2025-07-03 16:36:17.600,29.209999999999997,20.040000000000003,19,1,osrm
682,delivered,2025-07-03 16:08:24,2025-07-03 16:20:41.995471,2025-07-03 16:23:28.904774,2025-07-03 16:23:02.400,14.639999999999999,2.7818217166666668,37,4,osrm
683,delivered,2025-07-03 16:09:28,2025-07-03 16:19:30.766381,2025-07-03 16:24:42.400000,2025-07-03 16:23:37.700,14.161666666666667,5.193893650000001,40,1,osrm
684,delivered,2025-07-03 16:09:45,2025-07-03 16:17:26.287579,2025-07-03 16:27:43.000000,2025-07-03 16:34:40.300,24.921666666666667,10.278540349999998,29,2,osrm
685,delivered,2025-07-03 16:10:19,2025-07-03 16:21:34.016641,2025-07-03 16:42:40.688684,2025-07-03 16:51:37.300,41.305,21.111200716666666,14,4,osrm
686,delivered,2025-07-03 16:10:07,2025-07-03 16:23:28.904774,2025-07-03 16:23:28.904774,2025-07-03 16:23:02.400,12.923333333333334,0.0,37,4,osrm
687,delivered,2025-07-03 16:10:57,2025-07-03 16:18:27.698978,2025-07-03 16:27:59.600000,2025-07-03 16:31:18.600,20.36,9.5316837,31,3,osrm
688,delivered,2025-07-03 16:11:31,2025-07-03 16:24:51.126002,2025-07-03 16:34:40.440375,2025-07-03 16:35:58.800,24.46333333333333,9.821906216666667,27,3,osrm
689,delivered,2025-07-03 16:12:19,2025-07-03 16:26:05.323131,2025-07-03 16:29:21.400000,2025-07-03 16:33:05.600,20.776666666666664,3.2679478166666667,7,2,osrm
690,delivered,2025-07-03 16:12:30,2025-07-03 16:24:59.970935,2025-07-03 16:24:59.970935,2025-07-03 16:32:00.100,19.501666666666665,0.0,4,3,osrm
691,delivered,2025-07-03 16:13:29,2025-07-03 16:24:28.863806,2025-07-03 16:27:07.500000,2025-07-03 16:32:19.900,18.848333333333336,2.6439365666666665,21,2,osrm
692,delivered,2025-07-03 16:13:33,2025-07-03 16:31:37.314058,2025-07-03 16:35:00.600000,2025-07-03 16:39:26.800,25.896666666666665,3.3880990333333334,40,1,osrm
693,delivered,2025-07-03 16:14:55,2025-07-03 16:29:36.018117,2025-07-03 16:31:05.700000,2025-07-03 16:34:59.500,20.075,1.49469805,18,1,osrm
694,delivered,2025-07-03 16:15:21,2025-07-03 16:26:20.639056,2025-07-03 16:29:02.400000,2025-07-03 16:31:46.400,16.423333333333332,2.696015733333333,38,1,osrm
695,delivered,2025-07-03 16:16:15,2025-07-03 16:31:33.308897,2025-07-03 16:33:47.000000,2025-07-03 16:36:17.000,20.033333333333335,2.22818505,2,1,osrm
696,delivered,2025-07-03 16:16:58,2025-07-03 16:26:47.352309,2025-07-03 16:30:24.000000,2025-07-03 16:32:12.400,15.24,3.61079485,9,1,osrm
697,delivered,2025-07-03 16:17:32,2025-07-03 16:25:24.028922,2025-07-03 16:28:38.500000,2025-07-03 16:31:32.600,14.01,3.2411846333333334,3,1,osrm
698,delivered,2025-07-03 16:17:40,2025-07-03 16:26:28.264562,2025-07-03 16:27:07.500000,2025-07-03 16:32:19.900,14.665,0.6539239666666667,21,2,osrm
699,delivered,2025-07-03 16:18:22,2025-07-03 16:26:29.739541,2025-07-03 16:29:02.300000,2025-07-03 16:33:07.600,14.76,2.542674316666667,16,1,osrm
700,delivered,2025-07-03 16:19:51,2025-07-03 16:27:28.176539,2025-07-03 16:27:59.600000,2025-07-03 16:31:18.600,11.46,0.52372435,31,3,osrm
701,delivered,2025-07-03 16:19:00,2025-07-03 16:34:40.440375,2025-07-03 16:34:40.440375,2025-07-03 16:35:58.800,16.98,0.0,27,3,osrm
702,delivered,2025-07-03 16:19:08,2025-07-03 16:34:18.758192,2025-07-03 16:43:40.200000,2025-07-03 16:49:49.900,30.698333333333334,9.357363466666667,29,2,osrm
703,delivered,2025-07-03 16:20:59,2025-07-03 16:30:53.718489,2025-07-03 16:44:18.900000,2025-07-03 16:49:42.600,28.726666666666667,13.41969185,3,2,osrm
704,delivered,2025-07-03 16:21:27,2025-07-03 16:31:40.913916,2025-07-03 16:48:49.800000,2025-07-03 16:55:04.800,33.63,17.148101399999998,24,3,osrm
705,delivered,2025-07-03 16:22:04,2025-07-03 16:32:06.305607,2025-07-03 16:42:40.688684,2025-07-03 16:51:37.300,29.555,10.573051283333333,14,4,osrm
706,delivered,2025-07-03 16:24:38,2025-07-03 16:39:03.406618,2025-07-03 16:53:01.600000,2025-07-03 16:57:52.100,33.235,13.969889700000001,11,2,osrm
707,delivered,2025-07-03 16:24:52,2025-07-03 16:39:23.866103,2025-07-03 16:43:07.800000,2025-07-03 16:48:18.800,23.446666666666665,3.7322316166666667,7,1,osrm
708,delivered,2025-07-03 16:24:14,2025-07-03 16:39:32.791323,2025-07-03 16:44:25.000000,2025-07-03 16:47:55.700,23.695,4.870144616666667,35,1,osrm
709,delivered,2025-07-03 16:25:12,2025-07-03 16:38:20.567705,2025-07-03 16:57:03.004430,2025-07-03 17:04:29.900,39.29833333333333,18.70727875,16,3,osrm
710,delivered,2025-07-03 16:25:40,2025-07-03 16:40:12.191429,2025-07-03 16:44:27.900000,2025-07-03 16:46:47.200,21.12,4.261809516666667,25,1,osrm
711,delivered,2025-07-03 16:27:19,2025-07-03 16:40:07.051320,2025-07-03 16:45:06.500000,2025-07-03 16:48:10.300,20.855,4.990811333333334,38,1,osrm
712,delivered,2025-07-03 16:27:07,2025-07-03 16:40:11.540190,2025-07-03 16:44:18.900000,2025-07-03 16:49:42.600,22.59333333333333,4.1226635,3,2,osrm
713,delivered,2025-07-03 16:27:01,2025-07-03 16:42:09.574592,2025-07-03 16:48:42.900000,2025-07-03 16:53:34.000,26.55,6.555423466666666,2,3,osrm
714,delivered,2025-07-03 16:27:28,2025-07-03 16:42:26.746061,2025-07-03 16:42:26.746061,2025-07-03 16:39:09.700,11.695,0.0,17,2,osrm
715,delivered,2025-07-03 16:28:33,2025-07-03 16:36:20.401757,2025-07-03 16:38:01.900000,2025-07-03 16:43:06.000,14.55,1.6916373833333334,10,1,osrm
716,delivered,2025-07-03 16:28:19,2025-07-03 16:42:18.081908,2025-07-03 16:42:40.688684,2025-07-03 16:51:37.300,23.305,0.3767796,14,4,osrm
717,delivered,2025-07-03 16:30:15,2025-07-03 16:41:39.952843,2025-07-03 16:43:40.200000,2025-07-03 16:49:49.900,19.581666666666667,2.0041192833333334,29,2,osrm
718,delivered,2025-07-03 16:30:42,2025-07-03 16:45:07.941631,2025-07-03 16:48:33.500000,2025-07-03 16:51:26.300,20.738333333333333,3.4259728166666665,12,1,osrm
719,delivered,2025-07-03 16:32:56,2025-07-03 16:47:51.267229,2025-07-03 16:57:03.004430,2025-07-03 17:04:29.900,31.565,9.195620016666668,16,3,osrm
720,delivered,2025-07-03 16:32:34,2025-07-03 16:42:40.688684,2025-07-03 16:42:40.688684,2025-07-03 16:51:37.300,19.055,0.0,14,4,osrm
721,delivered,2025-07-03 16:32:16,2025-07-03 16:41:03.098717,2025-07-03 16:59:49.936741,2025-07-03 17:04:22.500,32.108333333333334,18.78063373333333,3,2,osrm
722,delivered,2025-07-03 16:33:12,2025-07-03 16:45:29.733179,2025-07-03 16:48:49.800000,2025-07-03 16:55:04.800,21.88,3.3344470166666667,24,3,osrm
723,delivered,2025-07-03 16:33:21,2025-07-03 16:46:23.988565,2025-07-03 16:53:46.900000,2025-07-03 16:57:18.200,23.953333333333333,7.3818572499999995,26,2,osrm
724,delivered,2025-07-03 16:33:50,2025-07-03 16:46:17.714851,2025-07-03 17:07:20.495486,2025-07-03 17:08:25.800,34.59666666666667,21.046343916666668,32,3,osrm
725,delivered,2025-07-03 16:35:01,2025-07-03 16:47:44.005772,2025-07-03 16:48:52.800000,2025-07-03 16:54:44.700,19.728333333333335,1.1465704666666667,22,2,osrm
726,delivered,2025-07-03 16:35:24,2025-07-03 16:45:35.155904,2025-07-03 16:49:34.951242,2025-07-03 16:54:14.700,18.845000000000002,3.9965889666666663,39,2,osrm
727,delivered,2025-07-03 16:36:36,2025-07-03 16:47:14.687110,2025-07-03 16:58:25.700000,2025-07-03 17:04:36.200,28.003333333333334,11.183548166666666,1,2,osrm
728,delivered,2025-07-03 16:36:41,2025-07-03 16:47:48.966234,2025-07-03 16:48:49.800000,2025-07-03 16:55:04.800,18.396666666666665,1.0138961,24,3,osrm
729,delivered,2025-07-03 16:36:22,2025-07-03 16:50:46.961503,2025-07-03 17:13:40.239365,2025-07-03 17:17:56.600,41.57666666666667,22.887964366666665,15,3,osrm
730,delivered,2025-07-03 16:36:47,2025-07-03 16:52:22.458945,2025-07-03 17:13:40.239365,2025-07-03 17:17:56.600,41.16,21.296340333333333,15,3,osrm
731,delivered,2025-07-03 16:36:17,2025-07-03 16:44:03.378015,2025-07-03 16:48:52.800000,2025-07-03 16:54:44.700,18.461666666666666,4.82369975,22,2,osrm
732,delivered,2025-07-03 16:37:44,2025-07-03 16:54:21.206699,2025-07-03 17:09:16.700000,2025-07-03 17:16:22.100,38.635,14.92488835,17,3,osrm
733,delivered,2025-07-03 16:37:01,2025-07-03 16:52:53.758187,2025-07-03 16:53:01.600000,2025-07-03 16:57:52.100,20.851666666666667,0.13069688333333335,11,2,osrm
734,delivered,2025-07-03 16:37:41,2025-07-03 16:50:20.646333,2025-07-03 17:07:40.700000,2025-07-03 17:08:09.900,30.48166666666667,17.334227783333333,18,2,osrm
735,delivered,2025-07-03 16:37:46,2025-07-03 16:51:34.128195,2025-07-03 16:53:46.900000,2025-07-03 16:57:18.200,19.53666666666667,2.2128634166666665,26,2,osrm
736,delivered,2025-07-03 16:38:31,2025-07-03 16:48:03.521912,2025-07-03 17:04:15.000839,2025-07-03 17:07:55.400,29.40666666666667,16.19131545,5,3,osrm
737,delivered,2025-07-03 16:38:27,2025-07-03 16:48:11.971332,2025-07-03 16:48:57.000000,2025-07-03 16:52:49.400,14.373333333333333,0.7504778000000001,32,1,osrm
738,delivered,2025-07-03 16:38:37,2025-07-03 16:46:55.427802,2025-07-03 16:51:38.700000,2025-07-03 16:53:35.700,14.978333333333333,4.7212033,27,1,osrm
739,delivered,2025-07-03 16:38:06,2025-07-03 16:49:01.287528,2025-07-03 17:09:56.466907,2025-07-03 17:09:50.900,31.748333333333335,20.919656316666664,6,4,osrm
740,delivered,2025-07-03 16:39:41,2025-07-03 16:49:34.951242,2025-07-03 16:49:34.951242,2025-07-03 16:54:14.700,14.561666666666667,0.0,39,2,osrm
741,delivered,2025-07-03 16:40:51,2025-07-03 16:51:30.784066,2025-07-03 17:08:17.700000,2025-07-03 17:17:40.600,36.82666666666667,16.781932233333333,29,4,osrm
742,delivered,2025-07-03 16:40:28,2025-07-03 16:54:26.531919,2025-07-03 17:08:17.200000,2025-07-03 17:17:09.300,36.68833333333334,13.844468016666667,8,4,osrm
743,delivered,2025-07-03 16:41:58,2025-07-03 16:54:51.623711,2025-07-03 17:10:56.800000,2025-07-03 17:20:43.600,38.76,16.086271483333334,25,3,osrm
744,delivered,2025-07-03 16:42:08,2025-07-03 16:53:55.895022,2025-07-03 17:07:41.700000,2025-07-03 17:20:32.200,38.40333333333333,13.7634163,7,4,osrm
745,delivered,2025-07-03 16:43:51,2025-07-03 16:57:43.581560,2025-07-03 16:58:25.700000,2025-07-03 17:04:36.200,20.753333333333334,0.701974,1,2,osrm
746,delivered,2025-07-03 16:44:04,2025-07-03 17:00:57.384531,2025-07-03 17:07:40.700000,2025-07-03 17:08:09.900,24.098333333333336,6.721924483333334,18,2,osrm
747,delivered,2025-07-03 16:44:41,2025-07-03 16:59:49.936741,2025-07-03 16:59:49.936741,2025-07-03 17:04:22.500,19.691666666666666,0.0,3,2,osrm
748,delivered,2025-07-03 16:44:17,2025-07-03 16:56:49.050210,2025-07-03 17:15:02.300000,2025-07-03 17:28:16.900,43.998333333333335,18.220829833333333,16,3,osrm
749,delivered,2025-07-03 16:45:31,2025-07-03 16:57:03.004430,2025-07-03 16:57:03.004430,2025-07-03 17:04:29.900,18.98166666666667,0.0,16,3,osrm
750,delivered,2025-07-03 16:45:27,2025-07-03 16:54:17.957412,2025-07-03 17:11:03.400000,2025-07-03 17:22:13.100,36.76833333333333,16.757376466666667,24,3,osrm
751,delivered,2025-07-03 16:46:29,2025-07-03 16:57:54.246367,2025-07-03 17:15:51.500000,2025-07-03 17:19:42.400,33.223333333333336,17.954227216666666,37,2,osrm
752,delivered,2025-07-03 16:46:37,2025-07-03 17:01:28.485237,2025-07-03 17:04:01.400000,2025-07-03 17:07:06.400,20.490000000000002,2.5485793833333332,13,1,osrm
753,delivered,2025-07-03 16:46:10,2025-07-03 17:00:03.990855,2025-07-03 17:07:41.700000,2025-07-03 17:20:32.200,34.37,7.628485749999999,7,4,osrm
754,delivered,2025-07-03 16:47:27,2025-07-03 16:59:23.804691,2025-07-03 17:10:56.800000,2025-07-03 17:20:43.600,33.276666666666664,11.549921816666666,25,3,osrm
755,delivered,2025-07-03 16:47:18,2025-07-03 16:52:18.000000,2025-07-03 16:53:49.800000,2025-07-03 16:56:02.400,8.74,1.53,31,1,osrm
756,delivered,2025-07-03 16:48:24,2025-07-03 16:59:56.831683,2025-07-03 17:14:04.400000,2025-07-03 17:19:20.600,30.94333333333333,14.126138616666667,36,2,osrm
757,delivered,2025-07-03 16:48:55,2025-07-03 17:01:07.648629,2025-07-03 17:04:15.000839,2025-07-03 17:07:55.400,19.006666666666668,3.1225368333333337,5,3,osrm
758,delivered,2025-07-03 16:48:14,2025-07-03 17:02:17.348637,2025-07-03 17:05:14.300000,2025-07-03 17:04:06.800,15.879999999999999,2.949189383333333,37,1,osrm
759,delivered,2025-07-03 16:48:45,2025-07-03 17:03:42.466010,2025-07-03 17:14:18.100000,2025-07-03 17:18:02.800,29.296666666666667,10.593899833333333,21,1,osrm
760,delivered,2025-07-03 16:48:53,2025-07-03 17:01:35.886161,2025-07-03 17:07:41.700000,2025-07-03 17:20:32.200,31.653333333333332,6.0968973166666665,7,4,osrm
761,delivered,2025-07-03 16:49:43,2025-07-03 17:03:23.448693,2025-07-03 17:09:16.700000,2025-07-03 17:16:22.100,26.651666666666664,5.887521783333333,17,3,osrm
762,delivered,2025-07-03 16:49:41,2025-07-03 17:01:28.607689,2025-07-03 17:09:56.466907,2025-07-03 17:09:50.900,20.165000000000003,8.4643203,6,4,osrm
763,delivered,2025-07-03 16:49:19,2025-07-03 17:03:29.418646,2025-07-03 17:08:17.200000,2025-07-03 17:17:09.300,27.83833333333333,4.7963559,8,4,osrm
764,delivered,2025-07-03 16:50:21,2025-07-03 17:00:57.940732,2025-07-03 17:26:21.063831,2025-07-03 17:29:18.200,38.95333333333333,25.38538498333333,9,4,osrm
765,delivered,2025-07-03 16:50:56,2025-07-03 17:04:15.620636,2025-07-03 17:22:08.977646,2025-07-03 17:29:50.200,38.90333333333333,17.889283499999998,18,4,osrm
766,delivered,2025-07-03 16:50:30,2025-07-03 17:00:42.639227,2025-07-03 17:14:03.800000,2025-07-03 17:19:02.500,28.541666666666668,13.35267955,19,2,osrm
767,delivered,2025-07-03 16:50:36,2025-07-03 17:01:44.066600,2025-07-03 17:26:08.598529,2025-07-03 17:28:14.300,37.638333333333335,24.408865483333333,32,4,osrm
768,delivered,2025-07-03 16:50:32,2025-07-03 16:55:32.000000,2025-07-03 17:13:43.200000,2025-07-03 17:20:23.000,29.85,18.186666666666667,39,4,osrm
769,delivered,2025-07-03 16:51:59,2025-07-03 17:04:37.589299,2025-07-03 17:24:04.234892,2025-07-03 17:31:14.800,39.263333333333335,19.444093216666666,5,4,osrm
770,delivered,2025-07-03 16:51:13,2025-07-03 17:00:19.889350,2025-07-03 17:09:16.700000,2025-07-03 17:16:22.100,25.151666666666664,8.946844166666667,17,3,osrm
771,delivered,2025-07-03 16:52:53,2025-07-03 17:04:15.000839,2025-07-03 17:04:15.000839,2025-07-03 17:07:55.400,15.04,0.0,5,3,osrm
772,delivered,2025-07-03 16:52:00,2025-07-03 17:01:42.431688,2025-07-03 17:08:17.700000,2025-07-03 17:17:40.600,25.676666666666666,6.5878052,29,4,osrm
773,delivered,2025-07-03 16:52:24,2025-07-03 17:06:31.060569,2025-07-03 17:13:43.200000,2025-07-03 17:20:23.000,27.983333333333334,7.20232385,39,4,osrm
774,delivered,2025-07-03 16:52:40,2025-07-03 17:07:01.453008,2025-07-03 17:24:04.234892,2025-07-03 17:31:14.800,38.580000000000005,17.046364733333334,5,4,osrm
775,delivered,2025-07-03 16:52:36,2025-07-03 17:06:55.459319,2025-07-03 17:10:56.800000,2025-07-03 17:20:43.600,28.126666666666665,4.022344683333333,25,3,osrm
776,delivered,2025-07-03 16:52:57,2025-07-03 17:09:56.466907,2025-07-03 17:09:56.466907,2025-07-03 17:09:50.900,16.898333333333333,0.0,6,4,osrm
777,delivered,2025-07-03 16:53:20,2025-07-03 17:04:19.678396,2025-07-03 17:14:03.800000,2025-07-03 17:19:02.500,25.708333333333332,9.735360066666667,19,2,osrm
778,delivered,2025-07-03 16:53:37,2025-07-03 17:06:39.751422,2025-07-03 17:11:03.400000,2025-07-03 17:22:13.100,28.601666666666667,4.394142966666666,24,3,osrm
779,delivered,2025-07-03 16:53:39,2025-07-03 17:07:39.545680,2025-07-03 17:11:03.400000,2025-07-03 17:22:13.100,28.56833333333333,3.397572,24,3,osrm
780,delivered,2025-07-03 16:53:11,2025-07-03 17:07:12.941531,2025-07-03 17:07:41.700000,2025-07-03 17:20:32.200,27.353333333333335,0.4793078166666667,7,4,osrm
781,delivered,2025-07-03 16:53:51,2025-07-03 17:00:22.347114,2025-07-03 17:07:20.495486,2025-07-03 17:08:25.800,14.58,6.969139533333333,32,3,osrm
782,delivered,2025-07-03 16:53:30,2025-07-03 17:00:34.315825,2025-07-03 17:26:21.063831,2025-07-03 17:29:18.200,35.80333333333333,25.779133433333335,9,4,osrm
783,delivered,2025-07-03 16:53:09,2025-07-03 16:58:09.000000,2025-07-03 16:59:09.900000,2025-07-03 17:02:19.900,9.181666666666667,1.015,35,1,osrm
784,delivered,2025-07-03 16:54:15,2025-07-03 17:07:08.490104,2025-07-03 17:08:17.700000,2025-07-03 17:17:40.600,23.426666666666666,1.1534982666666667,29,4,osrm
785,delivered,2025-07-03 16:54:57,2025-07-03 17:02:55.099714,2025-07-03 17:08:17.200000,2025-07-03 17:17:09.300,22.205,5.3683381,8,4,osrm
786,delivered,2025-07-03 16:55:46,2025-07-03 17:11:56.474595,2025-07-03 17:26:08.598529,2025-07-03 17:28:14.300,32.471666666666664,14.202065566666667,32,4,osrm
787,delivered,2025-07-03 16:55:00,2025-07-03 17:12:00.571908,2025-07-03 17:27:48.200000,2025-07-03 17:35:06.300,40.105000000000004,15.793801533333333,29,3,osrm
788,delivered,2025-07-03 16:55:34,2025-07-03 17:05:44.497090,2025-07-03 17:15:02.300000,2025-07-03 17:28:16.900,32.715,9.296715166666667,16,3,osrm
789,delivered,2025-07-03 16:55:42,2025-07-03 17:08:00.460082,2025-07-03 17:24:04.234892,2025-07-03 17:31:14.800,35.54666666666667,16.0629135,5,4,osrm
790,delivered,2025-07-03 16:55:15,2025-07-03 17:07:41.190617,2025-07-03 17:11:25.100000,2025-07-03 17:14:58.300,19.721666666666668,3.73182305,26,2,osrm
791,delivered,2025-07-03 16:55:55,2025-07-03 17:07:04.256723,2025-07-03 17:08:17.700000,2025-07-03 17:17:40.600,21.759999999999998,1.2240546166666666,29,4,osrm
792,delivered,2025-07-03 16:56:12,2025-07-03 17:12:16.969341,2025-07-03 17:29:31.803475,2025-07-03 17:37:30.000,41.3,17.247235566666667,4,3,osrm
793,delivered,2025-07-03 16:56:07,2025-07-03 17:05:44.722375,2025-07-03 17:08:17.200000,2025-07-03 17:17:09.300,21.038333333333334,2.54129375,8,4,osrm
794,delivered,2025-07-03 16:57:30,2025-07-03 17:06:00.282226,2025-07-03 17:24:48.249747,2025-07-03 17:29:57.200,32.45333333333333,18.799458683333334,22,4,osrm
795,delivered,2025-07-03 16:57:00,2025-07-03 17:08:42.843145,2025-07-03 17:26:08.598529,2025-07-03 17:28:14.300,31.238333333333333,17.4292564,32,4,osrm
796,delivered,2025-07-03 16:57:36,2025-07-03 17:09:46.078969,2025-07-03 17:13:43.200000,2025-07-03 17:20:23.000,22.783333333333335,3.952017183333333,39,4,osrm
797,delivered,2025-07-03 16:58:43,2025-07-03 17:12:15.100012,2025-07-03 17:13:43.200000,2025-07-03 17:20:23.000,21.666666666666668,1.4683331333333334,39,4,osrm
798,delivered,2025-07-03 16:58:17,2025-07-03 17:14:15.958880,2025-07-03 17:28:27.300000,2025-07-03 17:36:44.000,38.45,14.189018666666668,11,3,osrm
799,delivered,2025-07-03 16:58:16,2025-07-03 17:10:19.065875,2025-07-03 17:15:02.300000,2025-07-03 17:28:16.900,30.015,4.72056875,16,3,osrm
800,delivered,2025-07-03 16:58:19,2025-07-03 17:10:18.386016,2025-07-03 17:27:48.300000,2025-07-03 17:36:05.800,37.78,17.4985664,13,4,osrm
801,delivered,2025-07-03 16:58:34,2025-07-03 17:09:55.752329,2025-07-03 17:09:56.466907,2025-07-03 17:09:50.900,11.281666666666666,0.011909633333333334,6,4,osrm
802,delivered,2025-07-03 16:59:15,2025-07-03 17:10:45.123249,2025-07-03 17:15:51.500000,2025-07-03 17:19:42.400,20.456666666666667,5.106279183333333,37,2,osrm
803,delivered,2025-07-03 16:59:35,2025-07-03 17:11:01.233772,2025-07-03 17:14:04.400000,2025-07-03 17:19:20.600,19.759999999999998,3.0527704666666664,36,2,osrm
804,delivered,2025-07-03 16:59:28,2025-07-03 17:07:20.495486,2025-07-03 17:07:20.495486,2025-07-03 17:08:25.800,8.963333333333333,0.0,32,3,osrm
805,delivered,2025-07-03 16:59:37,2025-07-03 17:13:40.239365,2025-07-03 17:13:40.239365,2025-07-03 17:17:56.600,18.326666666666664,0.0,15,3,osrm
806,delivered,2025-07-03 17:00:29,2025-07-03 17:11:29.420934,2025-07-03 17:15:05.100000,2025-07-03 17:14:30.900,14.031666666666666,3.5946511,14,2,osrm
807,delivered,2025-07-03 17:00:16,2025-07-03 17:10:39.176213,2025-07-03 17:15:05.100000,2025-07-03 17:14:30.900,14.248333333333333,4.432063116666667,14,2,osrm
808,delivered,2025-07-03 17:00:02,2025-07-03 17:08:56.919936,2025-07-03 17:11:25.100000,2025-07-03 17:14:58.300,14.938333333333333,2.469667733333333,26,2,osrm
809,delivered,2025-07-03 17:01:18,2025-07-03 17:15:01.533183,2025-07-03 17:28:27.300000,2025-07-03 17:36:44.000,35.43333333333333,13.429446949999999,11,3,osrm
810,delivered,2025-07-03 17:01:56,2025-07-03 17:11:43.914703,2025-07-03 17:28:03.600000,2025-07-03 17:34:36.700,32.678333333333335,16.328088283333333,37,2,osrm
811,delivered,2025-07-03 17:01:14,2025-07-03 17:08:35.057124,2025-07-03 17:30:54.703682,2025-07-03 17:36:14.100,35.001666666666665,22.32744263333333,27,4,osrm
812,delivered,2025-07-03 17:02:28,2025-07-03 17:16:03.848743,2025-07-03 17:22:08.977646,2025-07-03 17:29:50.200,27.37,6.085481716666666,18,4,osrm
813,delivered,2025-07-03 17:02:25,2025-07-03 17:14:39.725567,2025-07-03 17:35:16.822815,2025-07-03 17:37:26.400,35.02333333333333,20.61828746666667,17,3,osrm
814,delivered,2025-07-03 17:02:20,2025-07-03 17:14:57.783810,2025-07-03 17:34:47.118567,2025-07-03 17:36:36.300,34.27166666666667,19.822245950000003,33,2,osrm
815,delivered,2025-07-03 17:05:34,2025-07-03 17:17:22.686370,2025-07-03 17:34:05.265808,2025-07-03 17:39:24.800,33.846666666666664,16.7096573,39,4,osrm
816,delivered,2025-07-03 17:05:21,2025-07-03 17:15:37.606952,2025-07-03 17:22:08.977646,2025-07-03 17:29:50.200,24.486666666666668,6.5228449,18,4,osrm
817,delivered,2025-07-03 17:05:13,2025-07-03 17:13:17.138231,2025-07-03 17:24:48.249747,2025-07-03 17:29:57.200,24.736666666666668,11.518525266666668,22,4,osrm
818,delivered,2025-07-03 17:05:51,2025-07-03 17:15:10.216470,2025-07-03 17:35:44.368646,2025-07-03 17:42:11.600,36.343333333333334,20.569202933333333,3,4,osrm
819,delivered,2025-07-03 17:05:20,2025-07-03 17:16:57.289391,2025-07-03 17:27:48.200000,2025-07-03 17:35:06.300,29.771666666666665,10.848510150000001,29,3,osrm
820,delivered,2025-07-03 17:06:59,2025-07-03 17:14:14.368094,2025-07-03 17:29:52.032986,2025-07-03 17:35:42.800,28.73,15.627748200000001,10,2,osrm
821,delivered,2025-07-03 17:06:15,2025-07-03 17:21:38.565463,2025-07-03 17:29:11.100000,2025-07-03 17:33:21.100,27.101666666666667,7.542242283333334,6,2,osrm
822,delivered,2025-07-03 17:06:08,2025-07-03 17:18:18.356488,2025-07-03 17:37:06.717098,2025-07-03 17:38:26.100,32.30166666666666,18.806010166666667,12,3,osrm
823,delivered,2025-07-03 17:06:21,2025-07-03 17:18:58.040885,2025-07-03 17:34:56.900000,2025-07-03 17:42:12.400,35.85666666666667,15.98098525,20,2,osrm
824,delivered,2025-07-03 17:07:20,2025-07-03 17:18:47.325977,2025-07-03 17:43:58.300450,2025-07-03 17:42:49.600,35.49333333333333,25.182907883333332,25,4,osrm
825,delivered,2025-07-03 17:07:52,2025-07-03 17:14:33.486393,2025-07-03 17:32:30.600000,2025-07-03 17:37:19.300,29.455,17.95189345,31,2,osrm
826,delivered,2025-07-03 17:08:27,2025-07-03 17:18:53.722771,2025-07-03 17:30:54.703682,2025-07-03 17:36:14.100,27.785,12.016348516666666,27,4,osrm
827,delivered,2025-07-03 17:08:10,2025-07-03 17:19:13.763102,2025-07-03 17:30:54.703682,2025-07-03 17:36:14.100,28.06833333333333,11.682343,27,4,osrm
828,delivered,2025-07-03 17:09:53,2025-07-03 17:26:19.812637,2025-07-03 17:28:27.300000,2025-07-03 17:36:44.000,26.85,2.1247893833333333,11,3,osrm
829,delivered,2025-07-03 17:09:02,2025-07-03 17:25:50.324351,2025-07-03 17:27:48.300000,2025-07-03 17:36:05.800,27.063333333333333,1.9662608166666666,13,4,osrm
830,delivered,2025-07-03 17:09:55,2025-07-03 17:22:35.422963,2025-07-03 17:24:48.249747,2025-07-03 17:29:57.200,20.03666666666667,2.2137797333333333,22,4,osrm
831,delivered,2025-07-03 17:10:01,2025-07-03 17:16:59.068723,2025-07-03 17:37:06.717098,2025-07-03 17:38:26.100,28.418333333333333,20.127472916666665,12,3,osrm
832,delivered,2025-07-03 17:10:35,2025-07-03 17:24:04.234892,2025-07-03 17:24:04.234892,2025-07-03 17:31:14.800,20.663333333333334,0.0,5,4,osrm
833,delivered,2025-07-03 17:11:45,2025-07-03 17:22:08.977646,2025-07-03 17:22:08.977646,2025-07-03 17:29:50.200,18.086666666666666,0.0,18,4,osrm
834,delivered,2025-07-03 17:11:59,2025-07-03 17:20:06.509269,2025-07-03 17:27:55.900000,2025-07-03 17:33:52.300,21.888333333333332,7.823178850000001,2,2,osrm
835,delivered,2025-07-03 17:11:15,2025-07-03 17:22:13.393470,2025-07-03 17:28:03.600000,2025-07-03 17:34:36.700,23.361666666666668,5.8367755,37,2,osrm
836,delivered,2025-07-03 17:11:23,2025-07-03 17:25:02.682426,2025-07-03 17:35:44.368646,2025-07-03 17:42:11.600,30.81,10.694770333333334,3,4,osrm
837,delivered,2025-07-03 17:11:35,2025-07-03 17:24:58.028621,2025-07-03 17:39:26.400000,2025-07-03 17:45:19.000,33.733333333333334,14.472856316666668,19,3,osrm
838,delivered,2025-07-03 17:11:47,2025-07-03 17:24:23.623159,2025-07-03 17:29:11.100000,2025-07-03 17:33:21.100,21.56833333333333,4.791280683333333,6,2,osrm
839,delivered,2025-07-03 17:11:14,2025-07-03 17:21:55.370571,2025-07-03 17:39:50.670997,2025-07-03 17:50:00.600,38.776666666666664,17.921673766666668,32,4,osrm
840,delivered,2025-07-03 17:12:02,2025-07-03 17:23:23.362527,2025-07-03 17:27:48.300000,2025-07-03 17:36:05.800,24.063333333333333,4.41562455,13,4,osrm
841,delivered,2025-07-03 17:12:52,2025-07-03 17:26:40.943809,2025-07-03 17:27:48.300000,2025-07-03 17:36:05.800,23.23,1.1226031833333332,13,4,osrm
842,delivered,2025-07-03 17:13:08,2025-07-03 17:22:46.482219,2025-07-03 17:42:49.695851,2025-07-03 17:48:44.400,35.60666666666667,20.053560533333332,30,4,osrm
843,delivered,2025-07-03 17:13:43,2025-07-03 17:25:54.939720,2025-07-03 17:26:21.063831,2025-07-03 17:29:18.200,15.586666666666668,0.43540185,9,4,osrm
844,delivered,2025-07-03 17:13:14,2025-07-03 17:26:08.598529,2025-07-03 17:26:08.598529,2025-07-03 17:28:14.300,15.004999999999999,0.0,32,4,osrm
845,delivered,2025-07-03 17:14:23,2025-07-03 17:24:48.249747,2025-07-03 17:24:48.249747,2025-07-03 17:29:57.200,15.57,0.0,22,4,osrm
846,delivered,2025-07-03 17:14:05,2025-07-03 17:26:21.063831,2025-07-03 17:26:21.063831,2025-07-03 17:29:18.200,15.22,0.0,9,4,osrm
847,delivered,2025-07-03 17:14:34,2025-07-03 17:30:54.703682,2025-07-03 17:30:54.703682,2025-07-03 17:36:14.100,21.668333333333333,0.0,27,4,osrm
848,delivered,2025-07-03 17:15:21,2025-07-03 17:30:25.009988,2025-07-03 17:39:26.400000,2025-07-03 17:45:19.000,29.966666666666665,9.023166866666665,19,3,osrm
849,delivered,2025-07-03 17:15:30,2025-07-03 17:24:49.211658,2025-07-03 17:32:30.600000,2025-07-03 17:37:19.300,21.821666666666665,7.6898057,31,2,osrm
850,delivered,2025-07-03 17:16:58,2025-07-03 17:29:52.032986,2025-07-03 17:29:52.032986,2025-07-03 17:35:42.800,18.746666666666666,0.0,10,2,osrm
851,delivered,2025-07-03 17:16:33,2025-07-03 17:34:47.118567,2025-07-03 17:34:47.118567,2025-07-03 17:36:36.300,20.055,0.0,33,2,osrm
852,delivered,2025-07-03 17:16:19,2025-07-03 17:28:05.490563,2025-07-03 17:39:50.670997,2025-07-03 17:50:00.600,33.693333333333335,11.753007233333333,32,4,osrm
853,delivered,2025-07-03 17:17:46,2025-07-03 17:23:47.140605,2025-07-03 17:43:58.300450,2025-07-03 17:42:49.600,25.06,20.185997416666666,25,4,osrm
854,delivered,2025-07-03 17:17:34,2025-07-03 17:22:37.313182,2025-07-03 17:27:55.900000,2025-07-03 17:33:52.300,16.305,5.3097803,2,2,osrm
855,delivered,2025-07-03 17:18:11,2025-07-03 17:26:38.129049,2025-07-03 17:35:44.368646,2025-07-03 17:42:11.600,24.009999999999998,9.103993283333333,3,4,osrm
856,delivered,2025-07-03 17:19:40,2025-07-03 17:31:22.100145,2025-07-03 17:50:38.524832,2025-07-03 17:58:06.200,38.43666666666666,19.27374478333333,4,4,osrm
857,delivered,2025-07-03 17:20:51,2025-07-03 17:31:44.081811,2025-07-03 17:34:05.265808,2025-07-03 17:39:24.800,18.563333333333333,2.3530666166666667,39,4,osrm
858,delivered,2025-07-03 17:20:51,2025-07-03 17:30:46.979780,2025-07-03 17:48:45.500000,2025-07-03 17:57:38.400,36.79,17.975337000000003,23,4,osrm
859,delivered,2025-07-03 17:20:08,2025-07-03 17:31:40.173145,2025-07-03 17:53:12.565467,2025-07-03 17:54:55.300,34.788333333333334,21.53987203333333,39,4,osrm
860,delivered,2025-07-03 17:20:47,2025-07-03 17:35:16.822815,2025-07-03 17:35:16.822815,2025-07-03 17:37:26.400,16.656666666666666,0.0,17,3,osrm
861,delivered,2025-07-03 17:21:28,2025-07-03 17:38:53.693518,2025-07-03 17:52:05.900000,2025-07-03 17:54:35.600,33.126666666666665,13.203441366666668,13,1,osrm
862,delivered,2025-07-03 17:21:44,2025-07-03 17:27:32.443851,2025-07-03 17:49:07.330053,2025-07-03 17:52:57.000,31.216666666666665,21.581436699999998,5,3,osrm
863,delivered,2025-07-03 17:21:57,2025-07-03 17:29:57.554182,2025-07-03 17:34:56.900000,2025-07-03 17:42:12.400,20.256666666666668,4.989096966666667,20,2,osrm
864,delivered,2025-07-03 17:21:40,2025-07-03 17:35:43.575817,2025-07-03 17:49:07.330053,2025-07-03 17:52:57.000,31.283333333333335,13.395903933333333,5,3,osrm
865,delivered,2025-07-03 17:22:54,2025-07-03 17:29:31.803475,2025-07-03 17:29:31.803475,2025-07-03 17:37:30.000,14.6,0.0,4,3,osrm
866,delivered,2025-07-03 17:22:54,2025-07-03 17:34:28.011949,2025-07-03 17:39:26.400000,2025-07-03 17:45:19.000,22.416666666666668,4.973134183333333,19,3,osrm
867,delivered,2025-07-03 17:22:45,2025-07-03 17:34:05.265808,2025-07-03 17:34:05.265808,2025-07-03 17:39:24.800,16.663333333333334,0.0,39,4,osrm
868,delivered,2025-07-03 17:22:33,2025-07-03 17:37:06.717098,2025-07-03 17:37:06.717098,2025-07-03 17:38:26.100,15.885,0.0,12,3,osrm
869,delivered,2025-07-03 17:22:39,2025-07-03 17:38:02.119776,2025-07-03 17:43:58.300450,2025-07-03 17:42:49.600,20.176666666666666,5.9363445666666665,25,4,osrm
870,delivered,2025-07-03 17:23:32,2025-07-03 17:35:43.996625,2025-07-03 17:42:49.695851,2025-07-03 17:48:44.400,25.206666666666667,7.0949871,30,4,osrm
871,delivered,2025-07-03 17:23:40,2025-07-03 17:37:51.315153,2025-07-03 17:49:24.500000,2025-07-03 17:51:52.100,28.201666666666664,11.553080783333334,31,2,osrm
872,delivered,2025-07-03 17:24:50,2025-07-03 17:36:14.895915,2025-07-03 17:57:37.583264,2025-07-03 17:59:56.200,35.10333333333333,21.378122483333335,40,4,osrm
873,delivered,2025-07-03 17:24:06,2025-07-03 17:37:27.605593,2025-07-03 17:42:49.695851,2025-07-03 17:48:44.400,24.64,5.368170966666667,30,4,osrm
874,delivered,2025-07-03 17:25:01,2025-07-03 17:34:23.837236,2025-07-03 17:52:28.467222,2025-07-03 17:56:02.600,31.026666666666664,18.077166433333332,34,4,osrm
875,delivered,2025-07-03 17:25:26,2025-07-03 17:37:12.299597,2025-07-03 17:39:50.670997,2025-07-03 17:50:00.600,24.576666666666664,2.6395233333333334,32,4,osrm
876,delivered,2025-07-03 17:25:26,2025-07-03 17:35:44.368646,2025-07-03 17:35:44.368646,2025-07-03 17:42:11.600,16.76,0.0,3,4,osrm
877,delivered,2025-07-03 17:25:39,2025-07-03 17:37:12.646453,2025-07-03 17:57:37.583264,2025-07-03 17:59:56.200,34.28666666666666,20.415613516666667,40,4,osrm
878,delivered,2025-07-03 17:27:33,2025-07-03 17:37:24.546292,2025-07-03 17:52:28.467222,2025-07-03 17:56:02.600,28.493333333333332,15.065348833333333,34,4,osrm
879,delivered,2025-07-03 17:27:51,2025-07-03 17:44:02.291691,2025-07-03 17:48:45.500000,2025-07-03 17:57:38.400,29.790000000000003,4.720138483333333,23,4,osrm
880,delivered,2025-07-03 17:27:15,2025-07-03 17:41:11.222720,2025-07-03 17:48:46.900000,2025-07-03 17:46:48.400,19.55666666666667,7.5946213333333334,27,1,osrm
881,delivered,2025-07-03 17:28:48,2025-07-03 17:36:31.243869,2025-07-03 17:48:45.500000,2025-07-03 17:57:38.400,28.84,12.237602183333333,23,4,osrm
882,delivered,2025-07-03 17:28:43,2025-07-03 17:38:07.587565,2025-07-03 18:00:49.741087,2025-07-03 18:04:53.000,36.166666666666664,22.7025587,36,4,osrm
883,delivered,2025-07-03 17:28:09,2025-07-03 17:33:41.575835,2025-07-03 18:00:39.697634,2025-07-03 18:01:26.500,33.291666666666664,26.968696650000002,8,4,osrm
884,delivered,2025-07-03 17:28:30,2025-07-03 17:39:07.850981,2025-07-03 17:53:41.900000,2025-07-03 18:01:27.300,32.955,14.567483650000002,37,2,osrm
885,delivered,2025-07-03 17:29:45,2025-07-03 17:48:05.264707,2025-07-03 17:49:24.500000,2025-07-03 17:51:52.100,22.118333333333332,1.3205882166666667,31,2,osrm
886,delivered,2025-07-03 17:29:23,2025-07-03 17:46:59.805215,2025-07-03 17:46:59.805215,2025-07-03 17:49:19.100,19.935,0.0,16,4,osrm
887,delivered,2025-07-03 17:29:58,2025-07-03 17:43:58.300450,2025-07-03 17:43:58.300450,2025-07-03 17:42:49.600,12.860000000000001,0.0,25,4,osrm
888,delivered,2025-07-03 17:29:51,2025-07-03 17:42:48.368192,2025-07-03 17:50:38.524832,2025-07-03 17:58:06.200,28.253333333333334,7.835944,4,4,osrm
889,delivered,2025-07-03 17:29:31,2025-07-03 17:43:01.505897,2025-07-03 17:54:29.200000,2025-07-03 17:58:55.100,29.401666666666664,11.461568383333335,24,2,osrm
890,delivered,2025-07-03 17:30:02,2025-07-03 17:39:27.826827,2025-07-03 17:59:04.740595,2025-07-03 17:58:57.300,28.921666666666667,19.615229466666666,7,4,osrm
891,delivered,2025-07-03 17:30:06,2025-07-03 17:40:22.188425,2025-07-03 18:00:39.697634,2025-07-03 18:01:26.500,31.341666666666665,20.29182015,8,4,osrm
892,delivered,2025-07-03 17:30:46,2025-07-03 17:41:14.202886,2025-07-03 17:49:34.100000,2025-07-03 17:48:05.500,17.325,8.331618566666666,21,1,osrm
893,delivered,2025-07-03 17:30:03,2025-07-03 17:39:22.634015,2025-07-03 17:53:40.200000,2025-07-03 18:00:52.500,30.825,14.292766416666666,20,4,osrm
894,delivered,2025-07-03 17:30:50,2025-07-03 17:44:46.210315,2025-07-03 17:52:28.467222,2025-07-03 17:56:02.600,25.209999999999997,7.704281783333333,34,4,osrm
895,delivered,2025-07-03 17:30:38,2025-07-03 17:41:05.785738,2025-07-03 17:53:12.565467,2025-07-03 17:54:55.300,24.288333333333334,12.112995483333332,39,4,osrm
896,delivered,2025-07-03 17:31:48,2025-07-03 17:45:27.113376,2025-07-03 18:00:49.741087,2025-07-03 18:04:53.000,33.083333333333336,15.377128516666666,36,4,osrm
897,delivered,2025-07-03 17:31:33,2025-07-03 17:43:53.320339,2025-07-03 18:00:49.741087,2025-07-03 18:04:53.000,33.333333333333336,16.9403458,36,4,osrm
898,delivered,2025-07-03 17:31:54,2025-07-03 17:43:08.741002,2025-07-03 17:59:16.500000,2025-07-03 18:05:07.600,33.22666666666667,16.129316633333335,21,3,osrm
899,delivered,2025-07-03 17:31:49,2025-07-03 17:45:16.089105,2025-07-03 18:11:44.616750,2025-07-03 18:06:44.300,34.92166666666667,26.47546075,1,3,osrm
900,delivered,2025-07-03 17:32:03,2025-07-03 17:43:51.741398,2025-07-03 18:06:45.191822,2025-07-03 18:07:28.500,35.425,22.890840400000002,19,3,osrm
901,delivered,2025-07-03 17:32:21,2025-07-03 17:42:42.274159,2025-07-03 18:00:39.697634,2025-07-03 18:01:26.500,29.091666666666665,17.957057916666667,8,4,osrm
902,delivered,2025-07-03 17:32:44,2025-07-03 17:39:50.670997,2025-07-03 17:39:50.670997,2025-07-03 17:50:00.600,17.276666666666664,0.0,32,4,osrm
903,delivered,2025-07-03 17:34:59,2025-07-03 17:46:47.086574,2025-07-03 17:58:28.300000,2025-07-03 18:03:56.900,28.965,11.686890433333334,18,3,osrm
904,delivered,2025-07-03 17:34:34,2025-07-03 17:46:23.703220,2025-07-03 17:59:22.618380,2025-07-03 18:04:34.700,30.011666666666667,12.981919333333334,15,2,osrm
905,delivered,2025-07-03 17:34:55,2025-07-03 17:43:46.596775,2025-07-03 17:53:40.200000,2025-07-03 18:00:52.500,25.958333333333332,9.893387083333332,20,4,osrm
906,delivered,2025-07-03 17:34:14,2025-07-03 17:45:57.343022,2025-07-03 18:00:09.270962,2025-07-03 18:06:34.700,32.345,14.198799000000001,10,3,osrm
907,delivered,2025-07-03 17:34:28,2025-07-03 17:46:09.969987,2025-07-03 17:49:27.500000,2025-07-03 17:50:32.800,16.08,3.292166883333333,33,1,osrm
908,delivered,2025-07-03 17:34:11,2025-07-03 17:42:49.695851,2025-07-03 17:42:49.695851,2025-07-03 17:48:44.400,14.556666666666667,0.0,30,4,osrm
909,delivered,2025-07-03 17:34:49,2025-07-03 17:48:37.446910,2025-07-03 17:48:45.500000,2025-07-03 17:57:38.400,22.823333333333334,0.13421816666666667,23,4,osrm
910,delivered,2025-07-03 17:34:09,2025-07-03 17:48:26.833581,2025-07-03 17:53:40.200000,2025-07-03 18:00:52.500,26.725,5.22277365,20,4,osrm
911,delivered,2025-07-03 17:34:59,2025-07-03 17:44:36.553159,2025-07-03 17:53:12.565467,2025-07-03 17:54:55.300,19.938333333333333,8.600205133333333,39,4,osrm
912,delivered,2025-07-03 17:35:49,2025-07-03 17:49:02.781776,2025-07-03 17:57:37.583264,2025-07-03 17:59:56.200,24.12,8.580024799999999,40,4,osrm
913,delivered,2025-07-03 17:35:39,2025-07-03 17:50:44.391904,2025-07-03 17:59:16.500000,2025-07-03 18:05:07.600,29.476666666666667,8.535134933333334,21,3,osrm
914,delivered,2025-07-03 17:35:34,2025-07-03 17:49:07.330053,2025-07-03 17:49:07.330053,2025-07-03 17:52:57.000,17.383333333333333,0.0,5,3,osrm
915,delivered,2025-07-03 17:36:36,2025-07-03 17:45:59.611151,2025-07-03 18:03:58.100000,2025-07-03 18:10:41.500,34.09166666666667,17.97481415,25,3,osrm
916,delivered,2025-07-03 17:36:46,2025-07-03 17:50:38.524832,2025-07-03 17:50:38.524832,2025-07-03 17:58:06.200,21.336666666666666,0.0,4,4,osrm
917,delivered,2025-07-03 17:36:47,2025-07-03 17:46:19.213107,2025-07-03 18:16:01.712233,2025-07-03 18:14:41.400,37.906666666666666,29.708318766666665,35,3,osrm
918,delivered,2025-07-03 17:37:14,2025-07-03 17:49:47.392739,2025-07-03 17:54:29.200000,2025-07-03 17:58:55.100,21.685,4.696787683333333,24,2,osrm
919,delivered,2025-07-03 17:37:49,2025-07-03 17:48:44.678207,2025-07-03 17:50:38.524832,2025-07-03 17:58:06.200,20.28666666666667,1.89744375,4,4,osrm
920,delivered,2025-07-03 17:37:13,2025-07-03 17:42:35.482241,2025-07-03 18:00:09.270962,2025-07-03 18:06:34.700,29.361666666666668,17.56314535,10,3,osrm
921,delivered,2025-07-03 17:38:40,2025-07-03 17:52:52.089306,2025-07-03 18:06:45.191822,2025-07-03 18:07:28.500,28.808333333333334,13.885041933333333,19,3,osrm
922,delivered,2025-07-03 17:38:14,2025-07-03 17:51:31.334216,2025-07-03 17:58:28.300000,2025-07-03 18:03:56.900,25.715,6.949429733333333,18,3,osrm
923,delivered,2025-07-03 17:38:20,2025-07-03 17:53:12.565467,2025-07-03 17:53:12.565467,2025-07-03 17:54:55.300,16.58833333333333,0.0,39,4,osrm
924,delivered,2025-07-03 17:38:45,2025-07-03 17:47:38.992802,2025-07-03 18:17:35.888612,2025-07-03 18:10:16.000,31.516666666666666,29.9482635,5,3,osrm
925,delivered,2025-07-03 17:38:10,2025-07-03 17:49:23.607248,2025-07-03 18:03:05.200000,2025-07-03 18:09:24.800,31.246666666666666,13.693212533333334,3,2,osrm
926,delivered,2025-07-03 17:38:38,2025-07-03 17:53:21.106873,2025-07-03 17:58:06.500000,2025-07-03 18:01:06.700,22.478333333333335,4.756552116666667,6,1,osrm
927,delivered,2025-07-03 17:39:17,2025-07-03 17:54:53.473720,2025-07-03 17:59:04.740595,2025-07-03 17:58:57.300,19.671666666666667,4.18778125,7,4,osrm
928,delivered,2025-07-03 17:39:08,2025-07-03 17:52:28.467222,2025-07-03 17:52:28.467222,2025-07-03 17:56:02.600,16.91,0.0,34,4,osrm
929,delivered,2025-07-03 17:39:53,2025-07-03 17:57:37.583264,2025-07-03 17:57:37.583264,2025-07-03 17:59:56.200,20.053333333333335,0.0,40,4,osrm
930,delivered,2025-07-03 17:39:19,2025-07-03 17:52:00.323396,2025-07-03 18:03:58.100000,2025-07-03 18:10:41.500,31.375,11.9629434,25,3,osrm
931,delivered,2025-07-03 17:40:39,2025-07-03 17:48:51.445209,2025-07-03 18:11:44.616750,2025-07-03 18:06:44.300,26.08833333333333,22.886192349999998,1,3,osrm
932,delivered,2025-07-03 17:40:41,2025-07-03 18:00:50.817800,2025-07-03 18:06:01.900000,2025-07-03 18:08:43.300,28.038333333333334,5.184703333333333,28,1,osrm
933,delivered,2025-07-03 17:40:23,2025-07-03 17:49:38.937631,2025-07-03 17:53:41.900000,2025-07-03 18:01:27.300,21.071666666666665,4.049372816666667,37,2,osrm
934,delivered,2025-07-03 17:40:51,2025-07-03 17:53:14.647483,2025-07-03 18:03:34.180333,2025-07-03 18:07:10.600,26.326666666666664,10.3255475,33,3,osrm
935,delivered,2025-07-03 17:40:13,2025-07-03 17:53:28.447217,2025-07-03 18:08:23.600000,2025-07-03 18:12:21.900,32.14833333333333,14.91921305,16,1,osrm
936,delivered,2025-07-03 17:41:27,2025-07-03 17:59:04.740595,2025-07-03 17:59:04.740595,2025-07-03 17:58:57.300,17.505,0.0,7,4,osrm
937,delivered,2025-07-03 17:41:30,2025-07-03 17:47:22.208647,2025-07-03 18:10:06.041496,2025-07-03 18:08:33.000,27.05,22.730547483333332,2,4,osrm
938,delivered,2025-07-03 17:42:31,2025-07-03 17:52:16.670312,2025-07-03 17:58:28.300000,2025-07-03 18:03:56.900,21.43166666666667,6.193828133333333,18,3,osrm
939,delivered,2025-07-03 17:42:34,2025-07-03 18:00:39.697634,2025-07-03 18:00:39.697634,2025-07-03 18:01:26.500,18.875,0.0,8,4,osrm
940,delivered,2025-07-03 17:44:09,2025-07-03 17:56:18.218892,2025-07-03 18:04:22.161952,2025-07-03 18:09:33.900,25.415000000000003,8.065717666666666,14,2,osrm
941,delivered,2025-07-03 17:45:51,2025-07-03 17:57:25.817596,2025-07-03 18:00:08.800000,2025-07-03 18:02:06.100,16.25166666666667,2.7163734,38,1,osrm
942,delivered,2025-07-03 17:45:41,2025-07-03 18:01:00.184391,2025-07-03 18:11:50.500000,2025-07-03 18:14:49.100,29.134999999999998,10.838593483333334,22,1,osrm
943,delivered,2025-07-03 17:45:16,2025-07-03 17:59:22.618380,2025-07-03 17:59:22.618380,2025-07-03 18:04:34.700,19.311666666666667,0.0,15,2,osrm
944,delivered,2025-07-03 17:45:47,2025-07-03 17:54:30.775535,2025-07-03 18:09:10.600000,2025-07-03 18:12:14.200,26.453333333333333,14.663741083333333,23,1,osrm
945,delivered,2025-07-03 17:45:11,2025-07-03 18:00:09.270962,2025-07-03 18:00:09.270962,2025-07-03 18:06:34.700,21.395,0.0,10,3,osrm
946,delivered,2025-07-03 17:45:46,2025-07-03 17:55:14.345228,2025-07-03 17:59:16.500000,2025-07-03 18:05:07.600,19.36,4.035912866666667,21,3,osrm
947,delivered,2025-07-03 17:45:44,2025-07-03 17:53:41.992151,2025-07-03 18:10:06.041496,2025-07-03 18:08:33.000,22.816666666666666,16.400822416666667,2,4,osrm
948,delivered,2025-07-03 17:46:34,2025-07-03 18:03:02.245563,2025-07-03 18:03:05.200000,2025-07-03 18:09:24.800,22.846666666666668,0.04924061666666667,3,2,osrm
949,delivered,2025-07-03 17:46:36,2025-07-03 18:00:49.741087,2025-07-03 18:00:49.741087,2025-07-03 18:04:53.000,18.283333333333335,0.0,36,4,osrm
950,delivered,2025-07-03 17:46:21,2025-07-03 18:01:32.597685,2025-07-03 18:10:12.600000,2025-07-03 18:12:34.400,26.223333333333336,8.66670525,32,1,osrm
951,delivered,2025-07-03 17:47:59,2025-07-03 18:07:46.398110,2025-07-03 18:08:10.600000,2025-07-03 18:10:18.200,22.32,0.40336483333333334,40,1,osrm
952,delivered,2025-07-03 17:47:30,2025-07-03 18:03:19.622328,2025-07-03 18:03:34.180333,2025-07-03 18:07:10.600,19.676666666666666,0.24263341666666666,33,3,osrm
953,delivered,2025-07-03 17:50:24,2025-07-03 18:01:40.542516,2025-07-03 18:03:58.100000,2025-07-03 18:10:41.500,20.291666666666668,2.292624733333333,25,3,osrm
954,delivered,2025-07-03 17:51:43,2025-07-03 18:06:45.191822,2025-07-03 18:06:45.191822,2025-07-03 18:07:28.500,15.758333333333333,0.0,19,3,osrm
955,delivered,2025-07-03 17:52:10,2025-07-03 18:05:56.947105,2025-07-03 18:16:01.712233,2025-07-03 18:14:41.400,22.523333333333333,10.079418800000001,35,3,osrm
956,delivered,2025-07-03 17:54:20,2025-07-03 18:05:53.487995,2025-07-03 18:10:16.600000,2025-07-03 18:13:20.500,19.008333333333333,4.385200083333333,7,1,osrm
957,delivered,2025-07-03 17:54:14,2025-07-03 18:11:44.616750,2025-07-03 18:11:44.616750,2025-07-03 18:06:44.300,12.504999999999999,0.0,1,3,osrm
958,delivered,2025-07-03 17:55:28,2025-07-03 18:10:21.781051,2025-07-03 18:12:24.500000,2025-07-03 18:15:36.800,20.146666666666665,2.0453158166666667,20,1,osrm
959,delivered,2025-07-03 17:55:11,2025-07-03 18:04:22.161952,2025-07-03 18:04:22.161952,2025-07-03 18:09:33.900,14.381666666666666,0.0,14,2,osrm
960,delivered,2025-07-03 17:56:57,2025-07-03 18:09:10.111083,2025-07-03 18:10:39.300000,2025-07-03 18:14:05.700,17.145,1.4864819500000002,34,1,osrm
961,delivered,2025-07-03 17:56:26,2025-07-03 18:03:34.180333,2025-07-03 18:03:34.180333,2025-07-03 18:07:10.600,10.743333333333334,0.0,33,3,osrm
962,delivered,2025-07-03 17:56:53,2025-07-03 18:09:29.294885,2025-07-03 18:10:11.200000,2025-07-03 18:08:36.700,11.728333333333333,0.6984185833333334,30,1,osrm
963,delivered,2025-07-03 17:57:23,2025-07-03 18:14:58.673356,2025-07-03 18:14:58.673356,2025-07-03 18:12:39.500,15.275,0.0,13,1,osrm
964,delivered,2025-07-03 17:57:53,2025-07-03 18:16:01.712233,2025-07-03 18:16:01.712233,2025-07-03 18:14:41.400,16.806666666666665,0.0,35,3,osrm
965,delivered,2025-07-03 17:58:41,2025-07-03 18:10:06.041496,2025-07-03 18:10:06.041496,2025-07-03 18:08:33.000,9.866666666666667,0.0,2,4,osrm
966,delivered,2025-07-03 17:59:06,2025-07-03 18:06:10.451755,2025-07-03 18:10:06.041496,2025-07-03 18:08:33.000,9.45,3.9264956833333335,2,4,osrm
967,delivered,2025-07-03 17:59:58,2025-07-03 18:13:59.471491,2025-07-03 18:17:35.888612,2025-07-03 18:10:16.000,10.3,3.606952016666667,5,3,osrm
968,delivered,2025-07-03 17:59:20,2025-07-03 18:12:10.148367,2025-07-03 18:14:12.700000,2025-07-03 18:17:46.900,18.448333333333334,2.0425272166666666,26,1,osrm
969,delivered,2025-07-03 17:59:32,2025-07-03 18:17:35.888612,2025-07-03 18:17:35.888612,2025-07-03 18:10:16.000,10.733333333333333,0.0,5,3,osrm
970,delivered,2025-07-03 18:02:04,2025-07-03 18:15:18.837043,2025-07-03 18:17:47.000000,2025-07-03 18:20:58.200,18.903333333333332,2.4693826166666666,9,1,osrm
971,delivered,2025-07-03 18:04:28,2025-07-03 18:16:33.416370,2025-07-03 18:19:02.300000,2025-07-03 18:22:05.500,17.625,2.4813938333333336,33,1,osrm
972,delivered,2025-07-03 18:04:58,2025-07-03 18:19:46.871290,2025-07-03 18:19:46.871290,2025-07-03 18:21:16.200,16.303333333333335,0.0,31,1,osrm
973,delivered,2025-07-03 18:05:29,2025-07-03 18:15:05.554326,2025-07-03 18:18:43.800000,2025-07-03 18:22:18.600,16.826666666666668,3.6374279,24,1,osrm
974,delivered,2025-07-03 18:07:12,2025-07-03 18:22:21.329347,2025-07-03 18:23:24.200000,2025-07-03 18:26:17.500,19.091666666666665,1.0478442166666666,8,1,osrm
975,delivered,2025-07-03 18:07:40,2025-07-03 18:19:10.316500,2025-07-03 18:19:10.316500,2025-07-03 18:20:49.800,13.163333333333332,0.0,14,1,osrm
976,delivered,2025-07-03 18:08:37,2025-07-03 18:17:22.839019,2025-07-03 18:18:33.300000,2025-07-03 18:21:33.600,12.943333333333333,1.1743496833333333,21,1,osrm
977,delivered,2025-07-03 18:10:36,2025-07-03 18:25:55.140691,2025-07-03 18:27:47.000000,2025-07-03 18:31:06.900,20.515,1.8643218166666666,20,1,osrm
978,delivered,2025-07-03 18:11:27,2025-07-03 18:20:09.900296,2025-07-03 18:25:23.500000,2025-07-03 18:28:35.700,17.145,5.226661733333333,13,1,osrm
979,delivered,2025-07-03 18:11:20,2025-07-03 18:22:15.187607,2025-07-03 18:23:03.900000,2025-07-03 18:25:52.900,14.548333333333334,0.8118732166666667,12,1,osrm
980,delivered,2025-07-03 18:12:30,2025-07-03 18:24:32.074561,2025-07-03 18:24:32.074561,2025-07-03 18:27:18.500,14.808333333333334,0.0,7,1,osrm
981,delivered,2025-07-03 18:13:44,2025-07-03 18:24:46.804646,2025-07-03 18:24:46.804646,2025-07-03 18:28:02.400,14.306666666666667,0.0,16,1,osrm
982,delivered,2025-07-03 18:13:10,2025-07-03 18:23:55.256555,2025-07-03 18:23:55.256555,2025-07-03 18:26:12.200,13.036666666666667,0.0,23,1,osrm
983,delivered,2025-07-03 18:14:25,2025-07-03 18:26:23.267554,2025-07-03 18:28:12.600000,2025-07-03 18:32:31.300,18.105,1.8222074333333333,17,1,osrm
984,delivered,2025-07-03 18:15:42,2025-07-03 18:28:04.425894,2025-07-03 18:28:44.000000,2025-07-03 18:32:38.400,16.94,0.6595684333333334,4,1,osrm
985,delivered,2025-07-03 18:15:50,2025-07-03 18:26:08.883103,2025-07-03 18:29:16.300000,2025-07-03 18:27:18.300,11.471666666666666,3.12361495,27,1,osrm
986,delivered,2025-07-03 18:17:34,2025-07-03 18:34:45.408489,2025-07-03 18:34:45.408489,2025-07-03 18:36:30.500,18.941666666666666,0.0,14,1,osrm
987,delivered,2025-07-03 18:18:29,2025-07-03 18:32:20.900147,2025-07-03 18:33:01.400000,2025-07-03 18:33:41.500,15.208333333333334,0.6749975500000001,21,1,osrm
988,delivered,2025-07-03 18:19:15,2025-07-03 18:29:18.640442,2025-07-03 18:29:18.640442,2025-07-03 18:32:54.600,13.66,0.0,2,1,osrm
989,delivered,2025-07-03 18:20:11,2025-07-03 18:30:05.381712,2025-07-03 18:33:31.200000,2025-07-03 18:37:34.100,17.384999999999998,3.4303048,30,1,osrm
990,delivered,2025-07-03 18:21:33,2025-07-03 18:26:44.230160,2025-07-03 18:29:57.000000,2025-07-03 18:32:16.600,10.726666666666667,3.2128306666666666,38,1,osrm
991,delivered,2025-07-03 18:22:05,2025-07-03 18:40:53.293130,2025-07-03 18:43:11.800000,2025-07-03 18:45:59.600,23.91,2.308447833333333,38,1,osrm
992,delivered,2025-07-03 18:24:47,2025-07-03 18:34:22.667705,2025-07-03 18:34:22.667705,2025-07-03 18:36:18.100,11.518333333333334,0.0,18,1,osrm
993,delivered,2025-07-03 18:25:57,2025-07-03 18:38:28.422434,2025-07-03 18:38:28.422434,2025-07-03 18:36:36.600,10.66,0.0,27,1,osrm
994,delivered,2025-07-03 18:25:43,2025-07-03 18:38:39.329492,2025-07-03 18:38:43.100000,2025-07-03 18:41:43.900,16.015,0.0628418,36,1,osrm
995,delivered,2025-07-03 18:26:51,2025-07-03 18:34:46.450427,2025-07-03 18:34:46.450427,2025-07-03 18:31:51.000,5.0,0.0,34,1,osrm
996,delivered,2025-07-03 18:26:30,2025-07-03 18:40:01.051156,2025-07-03 18:40:01.051156,2025-07-03 18:42:28.300,15.971666666666666,0.0,22,1,osrm
997,delivered,2025-07-03 18:26:07,2025-07-03 18:41:42.212957,2025-07-03 18:44:41.600000,2025-07-03 18:47:35.300,21.471666666666668,2.98978405,4,1,osrm
998,delivered,2025-07-03 18:26:19,2025-07-03 18:40:15.839006,2025-07-03 18:43:36.500000,2025-07-03 18:46:26.200,20.12,3.3443498999999997,2,1,osrm
999,delivered,2025-07-03 18:30:35,2025-07-03 18:43:15.717232,2025-07-03 18:43:57.000000,2025-07-03 18:47:47.400,17.206666666666667,0.6880461333333333,24,1,osrm
1000,delivered,2025-07-03 18:31:27,2025-07-03 18:42:36.834577,2025-07-03 18:43:46.600000,2025-07-03 18:46:06.200,14.653333333333334,1.16275705,37,1,osrm
1001,delivered,2025-07-03 18:34:41,2025-07-03 18:51:37.380143,2025-07-03 18:55:41.400000,2025-07-03 18:59:21.500,24.675,4.066997616666667,11,1,osrm
1002,delivered,2025-07-03 18:34:48,2025-07-03 18:39:48.000000,2025-07-03 18:39:48.000000,2025-07-03 18:41:00.800,6.213333333333334,0.0,7,1,osrm
1003,delivered,2025-07-03 18:35:22,2025-07-03 18:44:11.584176,2025-07-03 18:45:08.500000,2025-07-03 18:46:51.100,11.485000000000001,0.9485970666666667,21,1,osrm
1004,delivered,2025-07-03 18:35:22,2025-07-03 18:53:49.792410,2025-07-03 18:53:49.792410,2025-07-03 18:53:20.300,17.971666666666668,0.0,6,1,osrm
1005,delivered,2025-07-03 18:36:29,2025-07-03 18:50:34.564478,2025-07-03 18:52:52.400000,2025-07-03 18:51:55.400,15.44,2.2972587,9,1,osrm
1006,delivered,2025-07-03 18:36:58,2025-07-03 18:54:40.057112,2025-07-03 18:55:08.100000,2025-07-03 18:55:55.400,18.956666666666667,0.4673814666666667,39,1,osrm
1007,delivered,2025-07-03 18:37:22,2025-07-03 18:49:50.090346,2025-07-03 18:49:50.090346,2025-07-03 18:51:30.600,14.143333333333334,0.0,12,1,osrm
1008,delivered,2025-07-03 18:38:21,2025-07-03 18:50:48.902296,2025-07-03 18:55:41.400000,2025-07-03 18:58:51.800,20.513333333333332,4.8749617333333335,3,1,osrm
1009,delivered,2025-07-03 18:39:55,2025-07-03 18:54:01.293582,2025-07-03 18:56:05.100000,2025-07-03 18:59:51.100,19.935,2.0634403,8,1,osrm
1010,delivered,2025-07-03 18:41:39,2025-07-03 18:49:11.030168,2025-07-03 18:49:37.400000,2025-07-03 18:52:50.600,11.193333333333333,0.4394972,10,1,osrm
1011,delivered,2025-07-03 18:41:06,2025-07-03 18:51:17.099588,2025-07-03 18:53:59.200000,2025-07-03 18:58:35.200,17.486666666666668,2.7016735333333335,35,1,osrm
1012,delivered,2025-07-03 18:41:48,2025-07-03 18:54:28.946924,2025-07-03 18:54:28.946924,2025-07-03 18:57:33.700,15.761666666666667,0.0,5,1,osrm
1013,delivered,2025-07-03 18:42:07,2025-07-03 18:51:38.552678,2025-07-03 18:55:18.600000,2025-07-03 18:58:19.900,16.215,3.6674553666666667,34,1,osrm
1014,delivered,2025-07-03 18:43:37,2025-07-03 18:56:59.727460,2025-07-03 19:04:41.353868,2025-07-03 19:07:25.400,23.80666666666667,7.693773466666667,17,3,osrm
1015,delivered,2025-07-03 18:44:30,2025-07-03 18:58:33.624960,2025-07-03 19:08:10.100000,2025-07-03 19:11:19.200,26.82,9.607917333333335,16,1,osrm
1016,delivered,2025-07-03 18:46:01,2025-07-03 19:01:12.463969,2025-07-03 19:04:28.600000,2025-07-03 19:08:27.700,22.445,3.2689338500000003,12,2,osrm
1017,delivered,2025-07-03 18:47:01,2025-07-03 19:00:56.144270,2025-07-03 19:05:00.500000,2025-07-03 19:09:34.500,22.558333333333334,4.0725955,6,2,osrm
1018,delivered,2025-07-03 18:47:22,2025-07-03 18:57:48.030794,2025-07-03 18:58:58.500000,2025-07-03 19:03:47.200,16.42,1.1744867666666667,32,1,osrm
1019,delivered,2025-07-03 18:48:40,2025-07-03 18:58:45.663023,2025-07-03 19:04:28.600000,2025-07-03 19:08:27.700,19.795,5.7156162833333335,12,2,osrm
1020,delivered,2025-07-03 18:48:22,2025-07-03 18:55:35.928426,2025-07-03 19:02:04.200000,2025-07-03 19:05:37.600,17.259999999999998,6.4711929,40,2,osrm
1021,delivered,2025-07-03 18:48:13,2025-07-03 18:58:57.055901,2025-07-03 18:59:11.800000,2025-07-03 19:02:11.100,13.968333333333334,0.24573498333333335,13,1,osrm
1022,delivered,2025-07-03 18:49:04,2025-07-03 18:56:51.186747,2025-07-03 19:08:29.600000,2025-07-03 19:10:58.600,21.91,11.640220883333335,8,1,osrm
1023,delivered,2025-07-03 18:49:25,2025-07-03 19:04:41.353868,2025-07-03 19:04:41.353868,2025-07-03 19:07:25.400,18.006666666666668,0.0,17,3,osrm
1024,delivered,2025-07-03 18:49:20,2025-07-03 18:57:11.506785,2025-07-03 18:58:57.000000,2025-07-03 19:02:48.400,13.473333333333333,1.7582202500000002,38,1,osrm
1025,delivered,2025-07-03 18:49:05,2025-07-03 18:58:25.784279,2025-07-03 19:04:41.353868,2025-07-03 19:07:25.400,18.34,6.25949315,17,3,osrm
1026,delivered,2025-07-03 18:51:56,2025-07-03 19:07:25.633194,2025-07-03 19:08:59.500000,2025-07-03 19:12:26.900,20.515,1.5644467666666666,35,1,osrm
1027,delivered,2025-07-03 18:51:20,2025-07-03 19:04:41.459421,2025-07-03 19:04:41.459421,2025-07-03 19:06:35.100,15.251666666666667,0.0,33,1,osrm
1028,delivered,2025-07-03 18:51:42,2025-07-03 19:03:05.204534,2025-07-03 19:09:55.400000,2025-07-03 19:13:33.800,21.863333333333333,6.836591100000001,34,1,osrm
1029,delivered,2025-07-03 18:51:11,2025-07-03 19:05:22.214695,2025-07-03 19:08:17.400000,2025-07-03 19:11:38.200,20.453333333333333,2.9197550833333334,26,1,osrm
1030,delivered,2025-07-03 18:52:39,2025-07-03 19:01:10.390196,2025-07-03 19:02:04.200000,2025-07-03 19:05:37.600,12.976666666666667,0.8968300666666666,40,2,osrm
1031,delivered,2025-07-03 18:54:41,2025-07-03 19:05:56.610581,2025-07-03 19:08:06.300000,2025-07-03 19:06:50.600,12.16,2.1614903166666664,19,1,osrm
1032,delivered,2025-07-03 18:54:48,2025-07-03 19:09:04.481420,2025-07-03 19:09:04.481420,2025-07-03 19:11:17.900,16.49833333333333,0.0,5,1,osrm
1033,delivered,2025-07-03 18:54:28,2025-07-03 19:05:12.463643,2025-07-03 19:09:56.600000,2025-07-03 19:14:41.700,20.228333333333335,4.735605949999999,11,1,osrm
1034,delivered,2025-07-03 18:59:16,2025-07-03 19:11:19.424026,2025-07-03 19:14:34.700000,2025-07-03 19:19:26.000,20.166666666666668,3.2545995666666667,1,1,osrm
