order_id,status,placement_time,ready_time,pickup_time,delivery_time,click_to_door,ready_to_pickup,courier_id,bundle_size,routing_source
0,delivered,2025-07-03 08:00:07,2025-07-03 08:09:56.657590,2025-07-03 08:15:27.000000,2025-07-03 08:19:10.400,19.05666666666667,5.505706833333333,12,1,osrm
1,delivered,2025-07-03 08:00:02,2025-07-03 08:05:54.972078,2025-07-03 08:15:34.600000,2025-07-03 08:19:15.800,19.23,9.660465366666667,10,1,osrm
2,delivered,2025-07-03 08:01:00,2025-07-03 08:18:58.906095,2025-07-03 08:24:15.700000,2025-07-03 08:27:08.900,26.148333333333333,5.279898416666667,22,1,osrm
3,delivered,2025-07-03 08:02:54,2025-07-03 08:15:19.766922,2025-07-03 08:37:35.400000,2025-07-03 08:43:21.600,40.46,22.2605513,2,4,osrm
4,delivered,2025-07-03 08:03:03,2025-07-03 08:14:14.638835,2025-07-03 08:15:15.000000,2025-07-03 08:18:50.900,15.798333333333334,1.0060194166666667,14,1,osrm
5,delivered,2025-07-03 08:04:07,2025-07-03 08:18:25.003938,2025-07-03 08:56:26.761667,2025-07-03 09:01:08.500,57.025,38.029295483333335,28,4,osrm
6,delivered,2025-07-03 08:04:45,2025-07-03 08:14:37.288083,2025-07-03 08:16:31.800000,2025-07-03 08:19:22.000,14.616666666666667,1.90853195,11,1,osrm
7,delivered,2025-07-03 08:04:15,2025-07-03 08:17:05.093907,2025-07-03 08:40:58.663108,2025-07-03 08:45:53.500,41.641666666666666,23.89282001666667,27,4,osrm
8,delivered,2025-07-03 08:05:38,2025-07-03 08:17:19.095453,2025-07-03 08:53:43.876507,2025-07-03 09:03:31.200,57.88666666666666,36.41301756666667,7,4,osrm
9,delivered,2025-07-03 08:05:53,2025-07-03 08:13:54.071830,2025-07-03 08:15:27.000000,2025-07-03 08:19:12.600,13.326666666666666,1.5488028333333332,13,1,osrm
10,delivered,2025-07-03 08:07:37,2025-07-03 08:16:52.773378,2025-07-03 08:25:55.100000,2025-07-03 08:29:50.900,22.23166666666667,9.038777033333334,21,1,osrm
11,delivered,2025-07-03 08:07:47,2025-07-03 08:19:58.343232,2025-07-03 08:42:02.768381,2025-07-03 08:47:44.300,39.955000000000005,22.073752483333333,11,4,osrm
12,delivered,2025-07-03 08:08:45,2025-07-03 08:19:20.247837,2025-07-03 08:52:48.490125,2025-07-03 08:57:28.200,48.72,33.4707048,30,4,osrm
13,delivered,2025-07-03 08:08:56,2025-07-03 08:24:16.073899,2025-07-03 08:44:48.185021,2025-07-03 08:50:18.800,41.38,20.535185366666667,10,4,osrm
14,delivered,2025-07-03 08:08:57,2025-07-03 08:22:00.836149,2025-07-03 09:07:56.851777,2025-07-03 09:10:11.200,61.236666666666665,45.933593800000004,18,4,osrm
15,delivered,2025-07-03 08:09:50,2025-07-03 08:19:45.069283,2025-07-03 08:49:03.275789,2025-07-03 08:55:26.800,45.61333333333334,29.303441766666666,3,4,osrm
16,delivered,2025-07-03 08:10:44,2025-07-03 08:20:33.115147,2025-07-03 08:48:33.650075,2025-07-03 08:52:47.300,42.055,28.008915466666668,15,4,osrm
17,delivered,2025-07-03 08:10:49,2025-07-03 08:19:08.428097,2025-07-03 08:24:41.600000,2025-07-03 08:28:40.000,17.85,5.552865049999999,16,1,osrm
18,delivered,2025-07-03 08:11:10,2025-07-03 08:25:13.466726,2025-07-03 09:04:05.117409,2025-07-03 09:05:07.200,53.95333333333333,38.86084471666666,9,4,osrm
19,delivered,2025-07-03 08:11:51,2025-07-03 08:24:55.536190,2025-07-03 08:45:01.776549,2025-07-03 08:47:48.100,35.95166666666667,20.10400598333333,21,4,osrm
20,delivered,2025-07-03 08:11:36,2025-07-03 08:24:45.682251,2025-07-03 08:45:01.776549,2025-07-03 08:47:48.100,36.20166666666667,20.2682383,21,4,osrm
21,delivered,2025-07-03 08:12:50,2025-07-03 08:26:15.604727,2025-07-03 11:40:23.800000,2025-07-03 11:46:03.800,213.23,194.13658788333333,1,4,osrm
22,delivered,2025-07-03 08:12:47,2025-07-03 08:23:54.607183,2025-07-03 09:06:19.008716,2025-07-03 09:14:09.200,61.37,42.40669221666667,6,4,osrm
23,delivered,2025-07-03 08:12:46,2025-07-03 08:20:12.226063,2025-07-03 08:52:14.654444,2025-07-03 08:58:03.200,45.28666666666666,32.04047301666667,14,4,osrm
24,delivered,2025-07-03 08:12:16,2025-07-03 08:18:27.916256,2025-07-03 08:19:59.500000,2025-07-03 08:23:47.800,11.53,1.5263957333333333,7,1,osrm
25,delivered,2025-07-03 08:12:20,2025-07-03 08:26:40.477643,2025-07-03 08:44:48.185021,2025-07-03 08:47:52.200,35.53666666666666,18.1284563,4,4,osrm
26,delivered,2025-07-03 08:13:50,2025-07-03 08:23:50.553735,2025-07-03 08:24:44.000000,2025-07-03 08:29:59.500,16.158333333333335,0.8907710833333333,25,1,osrm
27,delivered,2025-07-03 08:13:59,2025-07-03 08:24:00.738833,2025-07-03 08:39:35.700000,2025-07-03 08:46:33.100,32.568333333333335,15.582686116666668,25,4,osrm
28,delivered,2025-07-03 08:13:23,2025-07-03 08:21:46.542724,2025-07-03 08:37:35.400000,2025-07-03 08:43:21.600,29.976666666666667,15.814287933333333,2,4,osrm
29,delivered,2025-07-03 08:14:59,2025-07-03 08:25:26.631733,2025-07-03 08:57:08.216613,2025-07-03 09:02:32.700,47.56166666666666,31.693081333333335,23,4,osrm
30,delivered,2025-07-03 08:14:17,2025-07-03 08:25:42.672976,2025-07-03 09:21:52.931540,2025-07-03 09:25:53.400,71.60666666666665,56.17097606666667,26,4,osrm
31,delivered,2025-07-03 08:15:34,2025-07-03 08:26:25.016664,2025-07-03 08:48:33.650075,2025-07-03 08:52:47.300,37.22166666666667,22.143890183333333,15,4,osrm
32,delivered,2025-07-03 08:15:19,2025-07-03 08:20:19.000000,2025-07-03 08:51:38.721976,2025-07-03 08:54:42.600,39.39333333333333,31.3286996,12,4,osrm
33,delivered,2025-07-03 08:15:30,2025-07-03 08:28:41.908487,2025-07-03 08:51:38.721976,2025-07-03 08:54:42.600,39.21,22.94689148333333,12,4,osrm
34,delivered,2025-07-03 08:17:12,2025-07-03 08:31:10.551905,2025-07-03 08:50:54.155241,2025-07-03 08:57:14.500,40.041666666666664,19.726722266666666,8,4,osrm
35,delivered,2025-07-03 08:17:43,2025-07-03 08:31:11.714297,2025-07-03 08:50:54.155241,2025-07-03 08:57:14.500,39.525,19.707349066666666,8,4,osrm
36,delivered,2025-07-03 08:17:40,2025-07-03 08:27:06.705676,2025-07-03 09:07:56.851777,2025-07-03 09:10:11.200,52.519999999999996,40.835768349999995,18,4,osrm
37,delivered,2025-07-03 08:17:29,2025-07-03 08:33:26.156090,2025-07-03 09:10:53.627820,2025-07-03 09:16:06.000,58.61666666666667,37.45786216666667,11,4,osrm
38,delivered,2025-07-03 08:17:20,2025-07-03 08:26:00.071976,2025-07-03 08:42:02.768381,2025-07-03 08:47:44.300,30.404999999999998,16.044940083333334,11,4,osrm
39,delivered,2025-07-03 08:17:50,2025-07-03 08:27:06.023645,2025-07-03 09:07:57.375838,2025-07-03 09:18:56.300,61.105000000000004,40.855869883333334,8,4,osrm
40,delivered,2025-07-03 08:17:33,2025-07-03 08:31:10.296222,2025-07-03 08:52:14.654444,2025-07-03 08:58:03.200,40.50333333333333,21.072637033333333,14,4,osrm
41,delivered,2025-07-03 08:17:44,2025-07-03 08:29:47.475296,2025-07-03 08:42:02.768381,2025-07-03 08:47:44.300,30.005,12.25488475,11,4,osrm
42,delivered,2025-07-03 08:18:49,2025-07-03 08:33:11.849784,2025-07-03 08:49:03.275789,2025-07-03 08:55:26.800,36.63,15.857100083333334,3,4,osrm
43,delivered,2025-07-03 08:19:02,2025-07-03 08:31:46.530800,2025-07-03 09:13:13.134273,2025-07-03 09:22:50.500,63.80833333333333,41.44339121666667,12,4,osrm
44,delivered,2025-07-03 08:19:07,2025-07-03 08:31:30.930488,2025-07-03 08:40:58.663108,2025-07-03 08:45:53.500,26.775,9.462210333333333,27,4,osrm
45,delivered,2025-07-03 08:19:07,2025-07-03 08:30:07.159873,2025-07-03 10:53:43.400000,2025-07-03 11:04:51.100,165.735,143.60400211666666,12,4,osrm
46,delivered,2025-07-03 08:19:00,2025-07-03 08:32:52.959692,2025-07-03 08:43:35.200000,2025-07-03 08:46:17.300,27.288333333333334,10.704005133333334,26,3,osrm
47,delivered,2025-07-03 08:20:20,2025-07-03 08:35:17.160053,2025-07-03 09:22:06.533844,2025-07-03 09:28:28.500,68.14166666666667,46.82289651666667,21,4,osrm
48,delivered,2025-07-03 08:20:23,2025-07-03 08:32:09.916719,2025-07-03 08:55:03.906313,2025-07-03 09:02:47.500,42.40833333333333,22.899826566666665,20,4,osrm
49,delivered,2025-07-03 08:22:36,2025-07-03 08:33:35.287481,2025-07-03 11:52:58.900000,2025-07-03 12:02:03.500,219.45833333333334,199.39354198333334,22,3,osrm
50,delivered,2025-07-03 08:22:52,2025-07-03 08:42:02.768381,2025-07-03 08:42:02.768381,2025-07-03 08:47:44.300,24.871666666666666,0.0,11,4,osrm
51,delivered,2025-07-03 08:22:54,2025-07-03 08:35:02.289556,2025-07-03 08:59:33.558537,2025-07-03 09:09:26.800,46.54666666666667,24.52114968333333,27,4,osrm
52,delivered,2025-07-03 08:23:14,2025-07-03 08:42:01.128807,2025-07-03 09:18:13.298018,2025-07-03 09:22:07.800,58.89666666666667,36.20282018333333,10,4,osrm
53,delivered,2025-07-03 08:24:26,2025-07-03 08:37:43.343524,2025-07-03 08:47:44.092046,2025-07-03 08:51:46.600,27.34333333333333,10.012475366666667,1,4,osrm
54,delivered,2025-07-03 08:24:58,2025-07-03 08:34:13.865440,2025-07-03 08:45:01.776549,2025-07-03 08:47:48.100,22.834999999999997,10.798518483333334,21,4,osrm
55,delivered,2025-07-03 08:24:02,2025-07-03 08:34:01.342786,2025-07-03 09:21:05.987306,2025-07-03 09:27:36.200,63.57,47.07740866666666,25,4,osrm
56,delivered,2025-07-03 08:25:37,2025-07-03 08:36:49.523396,2025-07-03 09:21:10.200421,2025-07-03 09:28:55.800,63.31333333333334,44.34461708333333,22,4,osrm
57,delivered,2025-07-03 08:25:35,2025-07-03 08:35:23.275369,2025-07-03 08:47:44.092046,2025-07-03 08:51:46.600,26.19333333333333,12.346944616666667,1,4,osrm
58,delivered,2025-07-03 08:25:37,2025-07-03 08:39:41.314126,2025-07-03 08:53:43.876507,2025-07-03 09:03:31.200,37.90333333333333,14.04270635,7,4,osrm
59,delivered,2025-07-03 08:25:55,2025-07-03 08:36:56.524215,2025-07-03 08:51:38.721976,2025-07-03 08:54:42.600,28.793333333333333,14.703296016666666,12,4,osrm
60,delivered,2025-07-03 08:25:23,2025-07-03 08:33:53.262022,2025-07-03 09:20:25.565047,2025-07-03 09:27:52.800,62.49666666666667,46.53838375,27,4,osrm
61,delivered,2025-07-03 08:26:55,2025-07-03 08:40:58.663108,2025-07-03 08:40:58.663108,2025-07-03 08:45:53.500,18.975,0.0,27,4,osrm
62,delivered,2025-07-03 08:26:04,2025-07-03 08:44:48.185021,2025-07-03 08:44:48.185021,2025-07-03 08:50:18.800,24.246666666666666,0.0,10,4,osrm
63,delivered,2025-07-03 08:26:43,2025-07-03 08:34:21.938238,2025-07-03 09:17:23.103087,2025-07-03 09:21:22.400,54.656666666666666,43.019414149999996,28,4,osrm
64,delivered,2025-07-03 08:27:02,2025-07-03 08:37:03.214114,2025-07-03 08:49:03.275789,2025-07-03 08:55:26.800,28.413333333333334,12.001027916666667,3,4,osrm
65,delivered,2025-07-03 08:28:22,2025-07-03 08:40:39.631376,2025-07-03 09:10:53.627820,2025-07-03 09:16:06.000,47.733333333333334,30.23327406666667,11,4,osrm
66,delivered,2025-07-03 08:28:39,2025-07-03 08:41:49.938597,2025-07-03 08:44:48.185021,2025-07-03 08:50:18.800,21.663333333333334,2.970773733333333,10,4,osrm
67,delivered,2025-07-03 08:28:54,2025-07-03 08:43:13.371409,2025-07-03 08:43:35.200000,2025-07-03 08:46:17.300,17.388333333333332,0.36380985,26,3,osrm
68,delivered,2025-07-03 08:28:01,2025-07-03 08:40:27.897483,2025-07-03 12:07:38.077026,2025-07-03 12:16:18.900,228.29833333333332,207.16965905,23,3,osrm
69,delivered,2025-07-03 08:28:52,2025-07-03 08:37:28.077746,2025-07-03 08:40:58.663108,2025-07-03 08:45:53.500,17.025,3.5097560333333333,27,4,osrm
70,delivered,2025-07-03 08:28:01,2025-07-03 08:44:25.570956,2025-07-03 09:07:48.227802,2025-07-03 09:11:14.700,43.22833333333333,23.377614100000002,24,4,osrm
71,delivered,2025-07-03 08:29:11,2025-07-03 08:34:11.000000,2025-07-03 09:07:57.375838,2025-07-03 09:18:56.300,49.755,33.77293063333333,8,4,osrm
72,delivered,2025-07-03 08:29:47,2025-07-03 08:46:43.292666,2025-07-03 09:08:46.797943,2025-07-03 09:17:09.200,47.37,22.058421283333335,14,4,osrm
73,delivered,2025-07-03 08:29:26,2025-07-03 08:40:41.757440,2025-07-03 08:52:14.654444,2025-07-03 08:58:03.200,28.62,11.5482834,14,4,osrm
74,delivered,2025-07-03 08:29:05,2025-07-03 08:40:52.159008,2025-07-03 09:22:30.900500,2025-07-03 09:22:42.500,53.625,41.645691533333334,29,4,osrm
75,delivered,2025-07-03 08:29:36,2025-07-03 08:39:17.072455,2025-07-03 09:11:36.874318,2025-07-03 09:15:39.600,46.059999999999995,32.330031049999995,19,4,osrm
76,delivered,2025-07-03 08:29:01,2025-07-03 08:41:22.237462,2025-07-03 11:20:44.400000,2025-07-03 11:32:15.400,183.23999999999998,159.36937563333333,21,4,osrm
77,delivered,2025-07-03 08:30:53,2025-07-03 08:44:32.160966,2025-07-03 11:44:40.900000,2025-07-03 11:54:24.700,203.52833333333334,180.14565056666666,4,4,osrm
78,delivered,2025-07-03 08:30:26,2025-07-03 08:40:07.550275,2025-07-03 09:25:40.314083,2025-07-03 09:30:12.800,59.78,45.546063466666666,18,4,osrm
79,delivered,2025-07-03 08:31:10,2025-07-03 08:38:51.032921,2025-07-03 11:17:47.700000,2025-07-03 11:27:37.000,176.45,158.9444513166667,5,3,osrm
80,delivered,2025-07-03 08:31:41,2025-07-03 08:46:01.452224,2025-07-03 08:55:03.906313,2025-07-03 09:02:47.500,31.108333333333334,9.040901483333332,20,4,osrm
81,delivered,2025-07-03 08:31:02,2025-07-03 08:44:23.053680,2025-07-03 08:57:08.216613,2025-07-03 09:02:32.700,31.511666666666667,12.75271555,23,4,osrm
82,delivered,2025-07-03 08:32:52,2025-07-03 08:45:01.776549,2025-07-03 08:45:01.776549,2025-07-03 08:47:48.100,14.935,0.0,21,4,osrm
83,delivered,2025-07-03 08:32:04,2025-07-03 08:40:19.594994,2025-07-03 08:43:35.200000,2025-07-03 08:46:17.300,14.221666666666666,3.2600834333333335,26,3,osrm
84,delivered,2025-07-03 08:32:35,2025-07-03 08:43:19.135096,2025-07-03 09:21:10.200421,2025-07-03 09:28:55.800,56.34666666666667,37.85108875,22,4,osrm
85,delivered,2025-07-03 08:33:47,2025-07-03 08:53:43.876507,2025-07-03 08:53:43.876507,2025-07-03 09:03:31.200,29.736666666666668,0.0,7,4,osrm
86,delivered,2025-07-03 08:33:32,2025-07-03 08:52:53.389039,2025-07-03 09:09:55.928588,2025-07-03 09:22:24.900,48.88166666666667,17.042325816666665,4,4,osrm
87,delivered,2025-07-03 08:33:57,2025-07-03 08:49:12.257826,2025-07-03 09:10:01.547622,2025-07-03 09:17:41.300,43.73833333333334,20.8214966,30,4,osrm
88,delivered,2025-07-03 08:34:40,2025-07-03 08:50:10.941485,2025-07-03 09:24:47.908886,2025-07-03 09:32:18.300,57.638333333333335,34.616123349999995,24,4,osrm
89,delivered,2025-07-03 08:34:16,2025-07-03 08:48:55.590189,2025-07-03 08:56:26.761667,2025-07-03 09:01:08.500,26.875,7.519524633333333,28,4,osrm
90,delivered,2025-07-03 08:35:34,2025-07-03 08:49:03.275789,2025-07-03 08:49:03.275789,2025-07-03 08:55:26.800,19.88,0.0,3,4,osrm
91,delivered,2025-07-03 08:35:59,2025-07-03 08:47:44.092046,2025-07-03 09:04:05.117409,2025-07-03 09:05:07.200,29.136666666666667,16.350422716666667,9,4,osrm
92,delivered,2025-07-03 08:36:11,2025-07-03 08:45:51.274219,2025-07-03 09:14:46.217696,2025-07-03 09:15:47.800,39.61333333333334,28.91572461666667,16,4,osrm
93,delivered,2025-07-03 08:36:22,2025-07-03 08:45:44.337840,2025-07-03 09:08:46.797943,2025-07-03 09:17:09.200,40.78666666666666,23.041001716666663,14,4,osrm
94,delivered,2025-07-03 08:36:01,2025-07-03 08:49:04.383077,2025-07-03 09:38:44.373608,2025-07-03 09:38:20.300,62.32166666666667,49.66650885,19,4,osrm
95,delivered,2025-07-03 08:37:15,2025-07-03 08:48:51.579305,2025-07-03 10:53:25.000000,2025-07-03 11:02:10.700,144.92833333333334,124.55701158333333,25,4,osrm
96,delivered,2025-07-03 08:37:17,2025-07-03 08:52:48.490125,2025-07-03 08:57:08.216613,2025-07-03 09:02:32.700,25.261666666666667,4.328774800000001,23,4,osrm
97,delivered,2025-07-03 08:37:36,2025-07-03 08:52:14.654444,2025-07-03 09:06:37.552097,2025-07-03 09:10:26.000,32.833333333333336,14.38162755,1,4,osrm
98,delivered,2025-07-03 08:37:27,2025-07-03 08:48:33.650075,2025-07-03 08:56:26.761667,2025-07-03 09:01:08.500,23.691666666666666,7.8851932,28,4,osrm
99,delivered,2025-07-03 08:38:48,2025-07-03 08:52:17.813582,2025-07-03 09:17:18.435086,2025-07-03 09:18:19.000,39.516666666666666,25.010358399999998,7,4,osrm
100,delivered,2025-07-03 08:39:58,2025-07-03 08:51:20.297156,2025-07-03 09:08:46.797943,2025-07-03 09:17:09.200,37.18666666666666,17.44167978333333,14,4,osrm
101,delivered,2025-07-03 08:39:11,2025-07-03 08:56:35.053061,2025-07-03 09:11:11.511817,2025-07-03 09:16:17.800,37.11333333333334,14.607645933333334,3,4,osrm
102,delivered,2025-07-03 08:40:12,2025-07-03 08:50:54.155241,2025-07-03 08:50:54.155241,2025-07-03 08:57:14.500,17.041666666666668,0.0,8,4,osrm
103,delivered,2025-07-03 08:40:03,2025-07-03 08:51:44.918879,2025-07-03 08:52:48.490125,2025-07-03 08:57:28.200,17.42,1.0595207666666666,30,4,osrm
104,delivered,2025-07-03 08:40:17,2025-07-03 08:53:38.442981,2025-07-03 09:37:23.061598,2025-07-03 09:36:00.100,55.718333333333334,43.74364361666667,30,4,osrm
105,delivered,2025-07-03 08:41:24,2025-07-03 08:55:03.150370,2025-07-03 11:18:16.600000,2025-07-03 11:27:48.500,166.40833333333333,143.22416049999998,30,3,osrm
106,delivered,2025-07-03 08:41:44,2025-07-03 08:53:42.450881,2025-07-03 09:21:52.931540,2025-07-03 09:25:53.400,44.156666666666666,28.17467765,26,4,osrm
107,delivered,2025-07-03 08:41:56,2025-07-03 08:50:07.768387,2025-07-03 08:55:03.906313,2025-07-03 09:02:47.500,20.858333333333334,4.9356321,20,4,osrm
108,delivered,2025-07-03 08:42:47,2025-07-03 08:56:26.761667,2025-07-03 08:56:26.761667,2025-07-03 09:01:08.500,18.358333333333334,0.0,28,4,osrm
109,delivered,2025-07-03 08:42:05,2025-07-03 08:55:06.407590,2025-07-03 09:17:23.103087,2025-07-03 09:21:22.400,39.29,22.278258283333333,28,4,osrm
110,delivered,2025-07-03 08:43:33,2025-07-03 08:51:54.453166,2025-07-03 11:39:31.400000,2025-07-03 11:48:00.000,184.45,167.61578056666667,7,3,osrm
111,delivered,2025-07-03 08:44:19,2025-07-03 08:51:38.721976,2025-07-03 08:51:38.721976,2025-07-03 08:54:42.600,10.393333333333334,0.0,12,4,osrm
112,delivered,2025-07-03 08:44:36,2025-07-03 08:52:16.183694,2025-07-03 09:11:11.511817,2025-07-03 09:16:17.800,31.696666666666665,18.922135383333334,3,4,osrm
113,delivered,2025-07-03 08:44:44,2025-07-03 08:59:17.179620,2025-07-03 09:07:56.851777,2025-07-03 09:10:11.200,25.453333333333333,8.661202616666666,18,4,osrm
114,delivered,2025-07-03 08:44:40,2025-07-03 08:55:47.479318,2025-07-03 09:04:05.117409,2025-07-03 09:05:07.200,20.453333333333333,8.293968183333332,9,4,osrm
115,delivered,2025-07-03 08:44:21,2025-07-03 08:56:43.366771,2025-07-03 09:19:11.598541,2025-07-03 09:27:07.700,42.77833333333333,22.4705295,9,4,osrm
116,delivered,2025-07-03 08:45:53,2025-07-03 08:55:03.906313,2025-07-03 08:55:03.906313,2025-07-03 09:02:47.500,16.908333333333335,0.0,20,4,osrm
117,delivered,2025-07-03 08:45:07,2025-07-03 08:50:07.000000,2025-07-03 09:24:12.973370,2025-07-03 09:30:36.900,45.498333333333335,34.099556166666666,2,4,osrm
118,delivered,2025-07-03 08:45:42,2025-07-03 08:57:16.082482,2025-07-03 09:18:13.298018,2025-07-03 09:22:07.800,36.43,20.953592266666664,10,4,osrm
119,delivered,2025-07-03 08:46:36,2025-07-03 09:02:43.434029,2025-07-03 09:02:43.434029,2025-07-03 09:08:44.800,22.146666666666665,0.0,26,4,osrm
120,delivered,2025-07-03 08:46:11,2025-07-03 08:57:00.325712,2025-07-03 08:59:33.558537,2025-07-03 09:09:26.800,23.263333333333332,2.5538804166666664,27,4,osrm
121,delivered,2025-07-03 08:46:21,2025-07-03 08:56:36.572952,2025-07-03 08:59:33.558537,2025-07-03 09:09:26.800,23.096666666666668,2.9497597499999997,27,4,osrm
122,delivered,2025-07-03 08:46:53,2025-07-03 08:57:17.180692,2025-07-03 09:20:25.565047,2025-07-03 09:27:52.800,40.99666666666667,23.139739249999998,27,4,osrm
123,delivered,2025-07-03 08:46:41,2025-07-03 08:59:40.828804,2025-07-03 09:07:57.375838,2025-07-03 09:18:56.300,32.255,8.2757839,8,4,osrm
124,delivered,2025-07-03 08:46:38,2025-07-03 08:56:59.913079,2025-07-03 12:10:24.977371,2025-07-03 12:17:02.300,210.405,193.41773819999997,4,3,osrm
125,delivered,2025-07-03 08:46:33,2025-07-03 08:59:15.591909,2025-07-03 10:53:25.000000,2025-07-03 11:02:10.700,135.62833333333333,114.15680151666668,25,4,osrm
126,delivered,2025-07-03 08:47:40,2025-07-03 09:02:10.037604,2025-07-03 09:06:19.008716,2025-07-03 09:14:09.200,26.486666666666668,4.1495185333333335,6,4,osrm
127,delivered,2025-07-03 08:47:45,2025-07-03 08:59:35.876319,2025-07-03 09:14:46.217696,2025-07-03 09:17:30.600,29.759999999999998,15.172356283333333,17,3,osrm
128,delivered,2025-07-03 08:47:23,2025-07-03 09:03:02.999761,2025-07-03 09:11:11.511817,2025-07-03 09:16:17.800,28.913333333333334,8.1418676,3,4,osrm
129,delivered,2025-07-03 08:47:08,2025-07-03 08:56:25.686280,2025-07-03 09:25:40.314083,2025-07-03 09:30:12.800,43.080000000000005,29.24379671666667,18,4,osrm
130,delivered,2025-07-03 08:48:04,2025-07-03 08:58:47.483758,2025-07-03 09:28:24.411483,2025-07-03 09:32:44.400,44.67333333333333,29.615462083333334,15,4,osrm
131,delivered,2025-07-03 08:48:07,2025-07-03 08:57:08.216613,2025-07-03 08:57:08.216613,2025-07-03 09:02:32.700,14.428333333333335,0.0,23,4,osrm
132,delivered,2025-07-03 08:48:25,2025-07-03 09:00:19.780468,2025-07-03 09:38:44.373608,2025-07-03 09:38:20.300,49.92166666666667,38.40988566666667,19,4,osrm
133,delivered,2025-07-03 08:48:18,2025-07-03 09:02:57.787242,2025-07-03 09:51:59.973761,2025-07-03 09:57:17.000,68.98333333333333,49.03644198333333,17,3,osrm
134,delivered,2025-07-03 08:48:04,2025-07-03 09:00:13.750463,2025-07-03 09:22:06.533844,2025-07-03 09:28:28.500,40.40833333333333,21.879723016666667,21,4,osrm
135,delivered,2025-07-03 08:49:21,2025-07-03 08:59:31.829741,2025-07-03 09:11:36.874318,2025-07-03 09:15:39.600,26.31,12.084076283333333,19,4,osrm
136,delivered,2025-07-03 08:49:56,2025-07-03 08:56:42.368088,2025-07-03 09:38:52.405222,2025-07-03 09:41:11.300,51.255,42.16728556666667,29,4,osrm
137,delivered,2025-07-03 08:50:04,2025-07-03 08:59:59.764249,2025-07-03 09:48:32.027315,2025-07-03 09:44:22.000,54.3,48.53771776666667,26,4,osrm
138,delivered,2025-07-03 08:50:22,2025-07-03 09:01:37.685821,2025-07-03 09:17:23.103087,2025-07-03 09:21:22.400,31.006666666666668,15.756954433333334,28,4,osrm
139,delivered,2025-07-03 08:50:23,2025-07-03 09:00:09.019177,2025-07-03 09:38:52.405222,2025-07-03 09:41:11.300,50.805,38.72310075,29,4,osrm
140,delivered,2025-07-03 08:50:36,2025-07-03 08:55:49.156473,2025-07-03 09:06:19.008716,2025-07-03 09:14:09.200,23.553333333333335,10.497537383333334,6,4,osrm
141,delivered,2025-07-03 08:51:27,2025-07-03 09:01:05.104319,2025-07-03 09:10:53.627820,2025-07-03 09:16:06.000,24.65,9.808725016666667,11,4,osrm
142,delivered,2025-07-03 08:51:59,2025-07-03 09:07:49.523079,2025-07-03 09:47:49.995805,2025-07-03 09:51:52.400,59.89,40.007878766666664,4,3,osrm
143,delivered,2025-07-03 08:51:03,2025-07-03 09:05:55.076700,2025-07-03 09:24:47.908886,2025-07-03 09:32:18.300,41.255,18.880536433333337,24,4,osrm
144,delivered,2025-07-03 08:52:11,2025-07-03 09:06:19.008716,2025-07-03 09:06:19.008716,2025-07-03 09:14:09.200,21.970000000000002,0.0,6,4,osrm
145,delivered,2025-07-03 08:52:10,2025-07-03 09:06:37.552097,2025-07-03 09:19:11.598541,2025-07-03 09:27:07.700,34.961666666666666,12.567440733333333,9,4,osrm
146,delivered,2025-07-03 08:52:48,2025-07-03 08:59:33.558537,2025-07-03 08:59:33.558537,2025-07-03 09:09:26.800,16.646666666666665,0.0,27,4,osrm
147,delivered,2025-07-03 08:52:40,2025-07-03 09:01:04.356293,2025-07-03 09:53:02.706190,2025-07-03 09:54:55.300,62.255,51.97249828333334,28,4,osrm
148,delivered,2025-07-03 08:52:54,2025-07-03 09:04:56.841191,2025-07-03 09:20:25.565047,2025-07-03 09:27:52.800,34.980000000000004,15.478730933333333,27,4,osrm
149,delivered,2025-07-03 08:53:08,2025-07-03 09:03:11.577106,2025-07-03 11:52:23.300000,2025-07-03 12:03:01.900,189.89833333333334,169.19538156666667,28,3,osrm
150,delivered,2025-07-03 08:53:26,2025-07-03 09:01:44.523743,2025-07-03 09:31:21.458074,2025-07-03 09:32:24.500,38.975,29.61557218333333,8,4,osrm
151,delivered,2025-07-03 08:53:37,2025-07-03 09:04:05.117409,2025-07-03 09:04:05.117409,2025-07-03 09:05:07.200,11.503333333333334,0.0,9,4,osrm
152,delivered,2025-07-03 08:54:23,2025-07-03 09:04:00.457318,2025-07-03 09:17:18.435086,2025-07-03 09:18:19.000,23.933333333333334,13.299629466666666,7,4,osrm
153,delivered,2025-07-03 08:54:30,2025-07-03 09:06:27.444932,2025-07-03 09:11:36.874318,2025-07-03 09:15:39.600,21.16,5.157156433333333,19,4,osrm
154,delivered,2025-07-03 08:54:48,2025-07-03 09:07:48.227802,2025-07-03 09:18:13.298018,2025-07-03 09:22:07.800,27.33,10.417836933333332,10,4,osrm
155,delivered,2025-07-03 08:55:19,2025-07-03 09:06:42.311561,2025-07-03 09:21:52.931540,2025-07-03 09:25:53.400,30.573333333333334,15.176999649999999,26,4,osrm
156,delivered,2025-07-03 08:55:16,2025-07-03 09:05:02.969101,2025-07-03 11:16:17.900000,2025-07-03 11:29:17.300,154.02166666666665,131.24884831666665,28,4,osrm
157,delivered,2025-07-03 08:55:21,2025-07-03 09:09:21.490848,2025-07-03 09:39:19.830381,2025-07-03 09:45:23.200,50.03666666666666,29.97232555,25,4,osrm
158,delivered,2025-07-03 08:55:32,2025-07-03 09:09:48.955623,2025-07-03 09:37:23.061598,2025-07-03 09:36:00.100,40.468333333333334,27.568432916666666,30,4,osrm
159,delivered,2025-07-03 08:55:30,2025-07-03 09:07:57.375838,2025-07-03 09:07:57.375838,2025-07-03 09:18:56.300,23.438333333333333,0.0,8,4,osrm
160,delivered,2025-07-03 08:55:45,2025-07-03 09:12:49.212558,2025-07-03 09:48:28.487325,2025-07-03 09:48:05.800,52.34666666666667,35.65457945,6,4,osrm
161,delivered,2025-07-03 08:56:40,2025-07-03 09:07:56.851777,2025-07-03 09:07:56.851777,2025-07-03 09:10:11.200,13.520000000000001,0.0,18,4,osrm
162,delivered,2025-07-03 08:56:02,2025-07-03 09:03:12.142997,2025-07-03 09:24:47.908886,2025-07-03 09:32:18.300,36.27166666666667,21.59609815,24,4,osrm
163,delivered,2025-07-03 08:56:37,2025-07-03 09:08:46.797943,2025-07-03 09:08:46.797943,2025-07-03 09:17:09.200,20.53666666666667,0.0,14,4,osrm
164,delivered,2025-07-03 08:56:00,2025-07-03 09:07:30.603526,2025-07-03 09:50:28.333393,2025-07-03 09:56:57.800,60.96333333333334,42.96216445,5,4,osrm
165,delivered,2025-07-03 08:57:05,2025-07-03 09:11:21.208664,2025-07-03 09:11:21.208664,2025-07-03 09:17:09.000,20.066666666666666,0.0,5,4,osrm
166,delivered,2025-07-03 08:57:00,2025-07-03 09:10:01.547622,2025-07-03 09:21:05.987306,2025-07-03 09:27:36.200,30.603333333333335,11.073994733333334,25,4,osrm
167,delivered,2025-07-03 08:57:38,2025-07-03 09:06:52.521434,2025-07-03 10:57:29.000000,2025-07-03 11:03:10.200,125.53666666666666,110.6079761,28,3,osrm
168,delivered,2025-07-03 08:57:10,2025-07-03 09:12:06.015772,2025-07-03 10:02:34.907998,2025-07-03 10:04:36.600,67.44333333333333,50.4815371,22,4,osrm
169,delivered,2025-07-03 08:57:10,2025-07-03 09:04:25.202851,2025-07-03 09:31:21.458074,2025-07-03 09:32:24.500,35.24166666666667,26.937587049999998,8,4,osrm
170,delivered,2025-07-03 08:57:24,2025-07-03 09:09:55.928588,2025-07-03 09:09:55.928588,2025-07-03 09:22:24.900,25.015,0.0,4,4,osrm
171,delivered,2025-07-03 08:57:49,2025-07-03 09:08:46.693805,2025-07-03 09:38:07.410872,2025-07-03 09:42:31.000,44.7,29.34528445,20,4,osrm
172,delivered,2025-07-03 08:57:01,2025-07-03 09:08:48.989042,2025-07-03 09:32:05.573953,2025-07-03 09:36:05.500,39.075,23.27641518333333,16,4,osrm
173,delivered,2025-07-03 08:57:46,2025-07-03 09:10:07.656941,2025-07-03 09:28:24.411483,2025-07-03 09:32:44.400,34.973333333333336,18.279242366666665,15,4,osrm
174,delivered,2025-07-03 08:58:12,2025-07-03 09:09:19.010202,2025-07-03 12:07:38.077026,2025-07-03 12:07:52.700,189.67833333333334,178.3177804,13,3,osrm
175,delivered,2025-07-03 08:58:54,2025-07-03 09:13:13.134273,2025-07-03 09:32:43.100229,2025-07-03 09:38:26.000,39.53333333333333,19.4994326,17,4,osrm
176,delivered,2025-07-03 08:58:52,2025-07-03 09:07:22.529459,2025-07-03 09:36:39.289835,2025-07-03 09:38:15.800,39.39666666666667,29.2793396,14,4,osrm
177,delivered,2025-07-03 08:58:11,2025-07-03 09:09:17.002211,2025-07-03 09:28:14.815926,2025-07-03 09:32:25.200,34.236666666666665,18.963561916666666,6,4,osrm
178,delivered,2025-07-03 08:58:38,2025-07-03 09:12:39.157436,2025-07-03 09:30:44.448251,2025-07-03 09:37:37.100,38.985,18.08818025,5,4,osrm
179,delivered,2025-07-03 08:59:03,2025-07-03 09:11:11.511817,2025-07-03 09:11:11.511817,2025-07-03 09:16:17.800,17.246666666666666,0.0,3,4,osrm
180,delivered,2025-07-03 08:59:17,2025-07-03 09:10:13.751865,2025-07-03 09:19:00.741010,2025-07-03 09:24:46.500,25.491666666666667,8.783152416666667,23,4,osrm
181,delivered,2025-07-03 09:00:30,2025-07-03 09:11:12.011563,2025-07-03 09:22:06.533844,2025-07-03 09:28:28.500,27.975,10.908704683333333,21,4,osrm
182,delivered,2025-07-03 09:00:43,2025-07-03 09:10:33.035939,2025-07-03 09:50:44.703276,2025-07-03 09:51:03.000,50.333333333333336,40.194455616666666,18,4,osrm
183,delivered,2025-07-03 09:00:35,2025-07-03 09:10:53.627820,2025-07-03 09:13:13.134273,2025-07-03 09:22:50.500,22.258333333333333,2.32510755,12,4,osrm
184,delivered,2025-07-03 09:00:46,2025-07-03 09:15:21.228264,2025-07-03 09:48:28.487325,2025-07-03 09:48:05.800,47.330000000000005,33.12098435,6,4,osrm
185,delivered,2025-07-03 09:00:47,2025-07-03 09:17:06.167940,2025-07-03 09:17:18.435086,2025-07-03 09:18:19.000,17.533333333333335,0.20445243333333335,7,4,osrm
186,delivered,2025-07-03 09:01:38,2025-07-03 09:21:52.931540,2025-07-03 09:35:20.211723,2025-07-03 09:40:16.400,38.64,13.454669716666666,13,4,osrm
187,delivered,2025-07-03 09:01:24,2025-07-03 09:11:36.874318,2025-07-03 09:11:36.874318,2025-07-03 09:15:39.600,14.26,0.0,19,4,osrm
188,delivered,2025-07-03 09:01:34,2025-07-03 09:12:51.354090,2025-07-03 10:01:04.413976,2025-07-03 10:05:06.900,63.54833333333333,48.217664766666665,20,4,osrm
189,delivered,2025-07-03 09:02:44,2025-07-03 09:13:23.490419,2025-07-03 10:06:52.500000,2025-07-03 10:13:55.900,71.19833333333332,53.483493016666664,18,4,osrm
190,delivered,2025-07-03 09:02:31,2025-07-03 09:07:48.227947,2025-07-03 11:52:58.900000,2025-07-03 12:02:03.500,179.54166666666666,165.17786755,22,3,osrm
191,delivered,2025-07-03 09:02:13,2025-07-03 09:16:27.341488,2025-07-03 09:58:25.371549,2025-07-03 10:04:19.100,62.10166666666667,41.96716768333333,13,4,osrm
192,delivered,2025-07-03 09:02:38,2025-07-03 09:14:46.217696,2025-07-03 09:14:46.217696,2025-07-03 09:17:30.600,14.876666666666667,0.0,17,3,osrm
193,delivered,2025-07-03 09:03:38,2025-07-03 09:19:58.977327,2025-07-03 09:52:09.528294,2025-07-03 09:55:27.900,51.83166666666667,32.17584945,21,4,osrm
194,delivered,2025-07-03 09:03:27,2025-07-03 09:17:18.435086,2025-07-03 09:17:18.435086,2025-07-03 09:18:19.000,14.866666666666667,0.0,7,4,osrm
195,delivered,2025-07-03 09:03:59,2025-07-03 09:17:23.103087,2025-07-03 09:17:23.103087,2025-07-03 09:21:22.400,17.39,0.0,28,4,osrm
196,delivered,2025-07-03 09:03:01,2025-07-03 09:13:56.149658,2025-07-03 09:35:20.211723,2025-07-03 09:40:16.400,37.25666666666667,21.40103441666667,13,4,osrm
197,delivered,2025-07-03 09:04:20,2025-07-03 09:21:14.750537,2025-07-03 09:40:41.845073,2025-07-03 09:47:12.800,42.88,19.4515756,9,4,osrm
198,delivered,2025-07-03 09:05:01,2025-07-03 09:18:11.112883,2025-07-03 10:53:06.300000,2025-07-03 11:00:34.400,115.55666666666666,94.91978528333334,1,4,osrm
199,delivered,2025-07-03 09:06:19,2025-07-03 09:19:00.741010,2025-07-03 09:32:05.573953,2025-07-03 09:36:05.500,29.775,13.08054905,16,4,osrm
200,delivered,2025-07-03 09:06:04,2025-07-03 09:21:32.267223,2025-07-03 09:50:28.333393,2025-07-03 09:56:57.800,50.89666666666667,28.934436166666668,5,4,osrm
201,delivered,2025-07-03 09:06:41,2025-07-03 09:19:35.056652,2025-07-03 09:28:24.411483,2025-07-03 09:32:44.400,26.05666666666667,8.822580516666667,15,4,osrm
202,delivered,2025-07-03 09:06:22,2025-07-03 09:22:33.109476,2025-07-03 10:04:26.500000,2025-07-03 10:11:41.500,65.325,41.88984206666667,8,4,osrm
203,delivered,2025-07-03 09:06:33,2025-07-03 09:16:28.883958,2025-07-03 10:53:02.700000,2025-07-03 10:57:01.000,110.46666666666667,96.56360070000001,13,3,osrm
204,delivered,2025-07-03 09:06:30,2025-07-03 09:20:25.035818,2025-07-03 09:52:36.335464,2025-07-03 10:05:04.300,58.57166666666667,32.188327433333335,23,4,osrm
205,delivered,2025-07-03 09:07:13,2025-07-03 09:19:59.845852,2025-07-03 11:49:23.000000,2025-07-03 11:58:41.600,171.47666666666666,149.38590246666666,15,3,osrm
206,delivered,2025-07-03 09:07:45,2025-07-03 09:19:11.598541,2025-07-03 09:38:07.410872,2025-07-03 09:42:31.000,34.766666666666666,18.930205516666668,20,4,osrm
207,delivered,2025-07-03 09:07:42,2025-07-03 09:18:12.398442,2025-07-03 09:51:50.724035,2025-07-03 09:55:35.700,47.894999999999996,33.638759883333336,11,3,osrm
208,delivered,2025-07-03 09:08:22,2025-07-03 09:23:48.487093,2025-07-03 10:02:02.638325,2025-07-03 10:11:23.700,63.02833333333333,38.235853866666666,25,4,osrm
209,delivered,2025-07-03 09:08:44,2025-07-03 09:15:58.112964,2025-07-03 10:11:35.266803,2025-07-03 10:22:01.400,73.28999999999999,55.61923065,3,4,osrm
210,delivered,2025-07-03 09:08:17,2025-07-03 09:18:13.298018,2025-07-03 09:18:13.298018,2025-07-03 09:22:07.800,13.846666666666666,0.0,10,4,osrm
211,delivered,2025-07-03 09:09:46,2025-07-03 09:20:25.565047,2025-07-03 09:20:25.565047,2025-07-03 09:27:52.800,18.113333333333333,0.0,27,4,osrm
212,delivered,2025-07-03 09:09:54,2025-07-03 09:19:48.041278,2025-07-03 10:04:26.500000,2025-07-03 10:11:41.500,61.791666666666664,44.6409787,8,4,osrm
213,delivered,2025-07-03 09:09:13,2025-07-03 09:17:24.814771,2025-07-03 12:03:48.900000,2025-07-03 12:11:42.400,182.48999999999998,166.40142048333334,20,3,osrm
214,delivered,2025-07-03 09:10:09,2025-07-03 09:24:12.973370,2025-07-03 09:32:05.573953,2025-07-03 09:36:05.500,25.941666666666666,7.876676383333333,16,4,osrm
215,delivered,2025-07-03 09:10:07,2025-07-03 09:22:06.533844,2025-07-03 09:22:06.533844,2025-07-03 09:28:28.500,18.358333333333334,0.0,21,4,osrm
216,delivered,2025-07-03 09:11:42,2025-07-03 09:27:24.449165,2025-07-03 09:38:44.373608,2025-07-03 09:38:20.300,26.638333333333332,11.33207405,19,4,osrm
217,delivered,2025-07-03 09:11:26,2025-07-03 09:22:25.165834,2025-07-03 09:22:30.900500,2025-07-03 09:22:42.500,11.275,0.09557776666666666,29,4,osrm
218,delivered,2025-07-03 09:11:39,2025-07-03 09:25:12.106831,2025-07-03 09:39:19.830381,2025-07-03 09:45:23.200,33.736666666666665,14.128725833333334,25,4,osrm
219,delivered,2025-07-03 09:11:48,2025-07-03 09:22:41.159805,2025-07-03 10:02:02.638325,2025-07-03 10:11:23.700,59.595,39.357975333333336,25,4,osrm
220,delivered,2025-07-03 09:12:26,2025-07-03 09:25:13.486423,2025-07-03 09:28:14.815926,2025-07-03 09:32:25.200,19.986666666666668,3.022158383333333,6,4,osrm
221,delivered,2025-07-03 09:12:11,2025-07-03 09:28:33.794035,2025-07-03 09:50:28.333393,2025-07-03 09:56:57.800,44.78,21.9089893,5,4,osrm
222,delivered,2025-07-03 09:12:25,2025-07-03 09:22:35.075915,2025-07-03 09:37:23.061598,2025-07-03 09:36:00.100,23.584999999999997,14.799761383333333,30,4,osrm
223,delivered,2025-07-03 09:12:41,2025-07-03 09:28:14.815926,2025-07-03 09:28:14.815926,2025-07-03 09:32:25.200,19.736666666666668,0.0,6,4,osrm
224,delivered,2025-07-03 09:12:35,2025-07-03 09:23:16.742918,2025-07-03 11:40:23.800000,2025-07-03 11:46:03.800,153.48,137.11761803333331,1,4,osrm
225,delivered,2025-07-03 09:12:14,2025-07-03 09:17:14.000000,2025-07-03 09:21:10.200421,2025-07-03 09:28:55.800,16.696666666666665,3.9366736833333333,22,4,osrm
226,delivered,2025-07-03 09:13:19,2025-07-03 09:21:10.200421,2025-07-03 09:21:10.200421,2025-07-03 09:28:55.800,15.613333333333333,0.0,22,4,osrm
227,delivered,2025-07-03 09:13:46,2025-07-03 09:26:51.828340,2025-07-03 09:40:41.845073,2025-07-03 09:47:12.800,33.446666666666665,13.833612216666667,9,4,osrm
228,delivered,2025-07-03 09:13:47,2025-07-03 09:30:17.881963,2025-07-03 10:23:36.800000,2025-07-03 10:29:41.400,75.90666666666667,53.31530061666667,16,4,osrm
229,delivered,2025-07-03 09:14:02,2025-07-03 09:24:47.908886,2025-07-03 09:24:47.908886,2025-07-03 09:32:18.300,18.271666666666665,0.0,24,4,osrm
230,delivered,2025-07-03 09:14:29,2025-07-03 09:30:52.578989,2025-07-03 11:39:31.400000,2025-07-03 11:48:00.000,153.51666666666668,128.64701685,7,3,osrm
231,delivered,2025-07-03 09:14:20,2025-07-03 09:22:30.900500,2025-07-03 09:25:40.314083,2025-07-03 09:30:12.800,15.879999999999999,3.15689305,18,4,osrm
232,delivered,2025-07-03 09:14:04,2025-07-03 09:21:05.987306,2025-07-03 09:32:43.100229,2025-07-03 09:38:26.000,24.366666666666667,11.618548716666668,17,4,osrm
233,delivered,2025-07-03 09:14:02,2025-07-03 09:24:32.578695,2025-07-03 09:52:55.268928,2025-07-03 10:02:31.500,48.49166666666667,28.37817055,10,4,osrm
234,delivered,2025-07-03 09:14:49,2025-07-03 09:24:38.413257,2025-07-03 11:44:11.900000,2025-07-03 11:47:14.300,152.42166666666665,139.55811238333334,13,2,osrm
235,delivered,2025-07-03 09:15:49,2025-07-03 09:29:00.388331,2025-07-03 09:37:28.006963,2025-07-03 09:40:15.400,24.44,8.460310533333333,12,4,osrm
236,delivered,2025-07-03 09:16:02,2025-07-03 09:25:40.314083,2025-07-03 09:25:40.314083,2025-07-03 09:30:12.800,14.18,0.0,18,4,osrm
237,delivered,2025-07-03 09:16:26,2025-07-03 09:27:02.553662,2025-07-03 10:53:06.300000,2025-07-03 11:00:34.400,104.14,86.06243896666666,1,4,osrm
238,delivered,2025-07-03 09:16:53,2025-07-03 09:27:37.087398,2025-07-03 10:24:48.400000,2025-07-03 10:31:44.500,74.85833333333333,57.188543366666664,8,4,osrm
239,delivered,2025-07-03 09:17:37,2025-07-03 09:28:24.411483,2025-07-03 09:28:24.411483,2025-07-03 09:32:44.400,15.123333333333333,0.0,15,4,osrm
240,delivered,2025-07-03 09:17:47,2025-07-03 09:30:04.028942,2025-07-03 12:07:38.077026,2025-07-03 12:16:18.900,178.53166666666667,157.56746806666666,23,3,osrm
241,delivered,2025-07-03 09:17:46,2025-07-03 09:26:06.834586,2025-07-03 09:32:43.100229,2025-07-03 09:38:26.000,20.666666666666668,6.604427383333333,17,4,osrm
242,delivered,2025-07-03 09:17:09,2025-07-03 09:22:16.106752,2025-07-03 09:37:28.006963,2025-07-03 09:40:15.400,23.10666666666667,15.19833685,12,4,osrm
243,delivered,2025-07-03 09:17:56,2025-07-03 09:30:44.448251,2025-07-03 09:53:02.706190,2025-07-03 09:50:05.300,32.155,22.304298983333336,2,4,osrm
244,delivered,2025-07-03 09:18:40,2025-07-03 09:32:44.797979,2025-07-03 09:36:39.289835,2025-07-03 09:38:15.800,19.596666666666668,3.9081976000000003,14,4,osrm
245,delivered,2025-07-03 09:19:59,2025-07-03 09:34:26.132308,2025-07-03 09:51:19.812074,2025-07-03 09:58:29.300,38.505,16.894662766666666,30,4,osrm
246,delivered,2025-07-03 09:19:15,2025-07-03 09:26:33.367320,2025-07-03 10:53:06.300000,2025-07-03 11:00:34.400,101.32333333333332,86.548878,1,4,osrm
247,delivered,2025-07-03 09:20:52,2025-07-03 09:31:40.322628,2025-07-03 09:50:44.703276,2025-07-03 09:51:03.000,30.183333333333334,19.073010800000002,18,4,osrm
248,delivered,2025-07-03 09:20:04,2025-07-03 09:29:30.764882,2025-07-03 09:31:21.458074,2025-07-03 09:32:24.500,12.341666666666667,1.8448865333333333,8,4,osrm
249,delivered,2025-07-03 09:21:01,2025-07-03 09:31:21.458074,2025-07-03 09:31:21.458074,2025-07-03 09:32:24.500,11.391666666666667,0.0,8,4,osrm
250,delivered,2025-07-03 09:21:35,2025-07-03 09:32:43.100229,2025-07-03 09:32:43.100229,2025-07-03 09:38:26.000,16.85,0.0,17,4,osrm
251,delivered,2025-07-03 09:21:14,2025-07-03 09:28:24.485951,2025-07-03 10:24:48.400000,2025-07-03 10:31:44.500,70.50833333333334,56.39856748333333,8,4,osrm
252,delivered,2025-07-03 09:22:19,2025-07-03 09:34:00.186650,2025-07-03 09:40:41.845073,2025-07-03 09:47:12.800,24.896666666666665,6.694307050000001,9,4,osrm
253,delivered,2025-07-03 09:22:07,2025-07-03 09:38:44.373608,2025-07-03 09:38:44.373608,2025-07-03 09:38:20.300,16.221666666666668,0.0,19,4,osrm
254,delivered,2025-07-03 09:22:01,2025-07-03 09:33:15.824663,2025-07-03 09:48:28.487325,2025-07-03 09:48:05.800,26.08,15.211044366666666,6,4,osrm
255,delivered,2025-07-03 09:22:00,2025-07-03 09:35:20.211723,2025-07-03 09:35:20.211723,2025-07-03 09:40:16.400,18.273333333333333,0.0,13,4,osrm
256,delivered,2025-07-03 09:22:17,2025-07-03 09:37:28.006963,2025-07-03 09:37:28.006963,2025-07-03 09:40:15.400,17.973333333333336,0.0,12,4,osrm
257,delivered,2025-07-03 09:23:45,2025-07-03 09:36:33.301186,2025-07-03 10:13:21.852198,2025-07-03 10:14:15.700,50.51166666666666,36.80918353333333,16,4,osrm
258,delivered,2025-07-03 09:23:50,2025-07-03 09:36:39.289835,2025-07-03 09:36:39.289835,2025-07-03 09:38:15.800,14.43,0.0,14,4,osrm
259,delivered,2025-07-03 09:23:44,2025-07-03 09:34:56.124751,2025-07-03 09:36:39.289835,2025-07-03 09:38:15.800,14.53,1.7194180666666665,14,4,osrm
260,delivered,2025-07-03 09:23:49,2025-07-03 09:32:26.295486,2025-07-03 11:25:20.900000,2025-07-03 11:38:14.900,134.43166666666667,112.91007523333333,9,4,osrm
261,delivered,2025-07-03 09:23:41,2025-07-03 09:38:38.804008,2025-07-03 10:11:35.266803,2025-07-03 10:22:01.400,58.34,32.94104658333333,3,4,osrm
262,delivered,2025-07-03 09:24:13,2025-07-03 09:37:23.061598,2025-07-03 09:37:23.061598,2025-07-03 09:36:00.100,11.785,0.0,30,4,osrm
263,delivered,2025-07-03 09:24:24,2025-07-03 09:39:29.760874,2025-07-03 10:24:48.400000,2025-07-03 10:31:44.500,67.34166666666667,45.3106521,8,4,osrm
264,delivered,2025-07-03 09:24:02,2025-07-03 09:33:05.455640,2025-07-03 11:26:21.400000,2025-07-03 11:37:59.100,133.95166666666668,113.26573933333334,11,4,osrm
265,delivered,2025-07-03 09:24:07,2025-07-03 09:32:05.573953,2025-07-03 09:32:05.573953,2025-07-03 09:36:05.500,11.975,0.0,16,4,osrm
266,delivered,2025-07-03 09:25:27,2025-07-03 09:39:58.318826,2025-07-03 09:47:49.995805,2025-07-03 09:51:52.400,26.423333333333336,7.861282983333334,4,3,osrm
267,delivered,2025-07-03 09:26:00,2025-07-03 09:37:27.366813,2025-07-03 10:22:40.587999,2025-07-03 10:32:05.200,66.08666666666666,45.220353100000004,6,3,osrm
268,delivered,2025-07-03 09:26:42,2025-07-03 09:38:07.410872,2025-07-03 09:52:55.268928,2025-07-03 10:02:31.500,35.825,14.797634266666668,10,4,osrm
269,delivered,2025-07-03 09:27:00,2025-07-03 09:37:46.551537,2025-07-03 09:53:36.800000,2025-07-03 09:59:43.400,32.723333333333336,15.837474383333333,12,4,osrm
270,delivered,2025-07-03 09:27:43,2025-07-03 09:40:22.619208,2025-07-03 10:09:31.323940,2025-07-03 10:08:49.000,41.1,29.145078866666665,28,4,osrm
271,delivered,2025-07-03 09:27:51,2025-07-03 09:38:52.405222,2025-07-03 09:51:59.973761,2025-07-03 09:57:17.000,29.433333333333334,13.126142316666666,17,3,osrm
272,delivered,2025-07-03 09:27:27,2025-07-03 09:38:06.909349,2025-07-03 10:23:25.000000,2025-07-03 10:32:32.700,65.095,45.30151085,10,4,osrm
273,delivered,2025-07-03 09:27:28,2025-07-03 09:39:39.083331,2025-07-03 10:13:21.852198,2025-07-03 10:14:15.700,46.794999999999995,33.71281445,16,4,osrm
274,delivered,2025-07-03 09:27:36,2025-07-03 09:37:26.034170,2025-07-03 10:25:21.749574,2025-07-03 10:30:25.400,62.82333333333334,47.928590066666665,24,3,osrm
275,delivered,2025-07-03 09:28:37,2025-07-03 09:40:41.845073,2025-07-03 09:40:41.845073,2025-07-03 09:47:12.800,18.596666666666668,0.0,9,4,osrm
276,delivered,2025-07-03 09:28:10,2025-07-03 09:39:19.830381,2025-07-03 09:52:09.528294,2025-07-03 09:55:27.900,27.298333333333336,12.82829855,21,4,osrm
277,delivered,2025-07-03 09:28:04,2025-07-03 09:36:32.188700,2025-07-03 10:11:35.266803,2025-07-03 10:22:01.400,53.95666666666667,35.051301716666664,3,4,osrm
278,delivered,2025-07-03 09:28:11,2025-07-03 09:37:41.912469,2025-07-03 12:03:48.900000,2025-07-03 12:11:42.400,163.52333333333334,146.11645885000001,20,3,osrm
279,delivered,2025-07-03 09:29:45,2025-07-03 09:38:21.953166,2025-07-03 10:09:31.323940,2025-07-03 10:08:49.000,39.06666666666667,31.156179566666665,28,4,osrm
280,delivered,2025-07-03 09:29:05,2025-07-03 09:37:16.932409,2025-07-03 10:53:02.700000,2025-07-03 10:57:01.000,87.93333333333334,75.76279318333333,13,3,osrm
281,delivered,2025-07-03 09:30:49,2025-07-03 09:40:09.426591,2025-07-03 10:39:34.289119,2025-07-03 10:39:43.100,68.90166666666667,59.41437546666667,3,2,osrm
282,delivered,2025-07-03 09:30:15,2025-07-03 09:41:47.087157,2025-07-03 10:57:29.000000,2025-07-03 11:03:10.200,92.92,75.69854738333333,28,3,osrm
283,delivered,2025-07-03 09:30:59,2025-07-03 09:45:41.701688,2025-07-03 12:03:48.900000,2025-07-03 12:11:42.400,160.72333333333333,138.11997186666667,20,3,osrm
284,delivered,2025-07-03 09:30:25,2025-07-03 09:43:40.208881,2025-07-03 11:25:20.900000,2025-07-03 11:38:14.900,127.83166666666666,101.67818531666667,9,4,osrm
285,delivered,2025-07-03 09:31:25,2025-07-03 09:48:55.171107,2025-07-03 09:50:44.703276,2025-07-03 09:51:03.000,19.633333333333333,1.82553615,18,4,osrm
286,delivered,2025-07-03 09:31:59,2025-07-03 09:38:58.377342,2025-07-03 10:09:53.800000,2025-07-03 10:21:27.100,49.468333333333334,30.923710966666665,17,4,osrm
287,delivered,2025-07-03 09:32:01,2025-07-03 09:48:10.874694,2025-07-03 11:16:17.900000,2025-07-03 11:29:17.300,117.27166666666668,88.11708843333332,28,4,osrm
288,delivered,2025-07-03 09:32:23,2025-07-03 09:49:09.877643,2025-07-03 10:02:34.907998,2025-07-03 10:04:36.600,32.22666666666667,13.417172583333333,22,4,osrm
289,delivered,2025-07-03 09:32:06,2025-07-03 09:48:21.628927,2025-07-03 09:48:32.027315,2025-07-03 09:44:22.000,12.266666666666667,0.1733064666666667,26,4,osrm
290,delivered,2025-07-03 09:32:48,2025-07-03 09:48:42.841584,2025-07-03 09:48:42.841584,2025-07-03 09:52:25.200,19.62,0.0,15,4,osrm
291,delivered,2025-07-03 09:33:10,2025-07-03 09:51:05.623676,2025-07-03 09:53:08.999441,2025-07-03 09:59:23.400,26.223333333333336,2.05626275,3,4,osrm
292,delivered,2025-07-03 09:34:58,2025-07-03 09:48:32.027315,2025-07-03 09:48:32.027315,2025-07-03 09:44:22.000,9.4,0.0,26,4,osrm
293,delivered,2025-07-03 09:34:58,2025-07-03 09:47:49.995805,2025-07-03 09:47:49.995805,2025-07-03 09:51:52.400,16.906666666666666,0.0,4,3,osrm
294,delivered,2025-07-03 09:34:36,2025-07-03 09:46:41.642403,2025-07-03 11:40:23.800000,2025-07-03 11:46:03.800,131.46333333333334,113.70262661666668,1,4,osrm
295,delivered,2025-07-03 09:35:00,2025-07-03 09:49:21.385434,2025-07-03 10:19:03.076465,2025-07-03 10:29:16.700,54.27833333333333,29.69485051666667,22,4,osrm
296,delivered,2025-07-03 09:35:17,2025-07-03 09:50:44.703276,2025-07-03 09:50:44.703276,2025-07-03 09:51:03.000,15.766666666666667,0.0,18,4,osrm
297,delivered,2025-07-03 09:35:42,2025-07-03 09:48:21.310183,2025-07-03 10:39:48.000000,2025-07-03 10:42:10.900,66.48166666666667,51.44483028333333,22,1,osrm
298,delivered,2025-07-03 09:35:32,2025-07-03 09:50:05.400539,2025-07-03 09:51:19.812074,2025-07-03 09:58:29.300,22.955,1.24019225,30,4,osrm
299,delivered,2025-07-03 09:36:15,2025-07-03 09:46:54.114402,2025-07-03 10:37:58.200000,2025-07-03 10:46:32.100,70.28500000000001,51.0680933,15,3,osrm
300,delivered,2025-07-03 09:36:48,2025-07-03 09:50:28.333393,2025-07-03 09:50:28.333393,2025-07-03 09:56:57.800,20.163333333333334,0.0,5,4,osrm
301,delivered,2025-07-03 09:37:36,2025-07-03 09:50:15.151571,2025-07-03 09:58:25.371549,2025-07-03 10:04:19.100,26.71833333333333,8.170332966666667,13,4,osrm
302,delivered,2025-07-03 09:38:41,2025-07-03 09:53:02.706190,2025-07-03 09:53:02.706190,2025-07-03 09:54:55.300,16.238333333333333,0.0,28,4,osrm
303,delivered,2025-07-03 09:38:51,2025-07-03 09:51:19.812074,2025-07-03 09:51:19.812074,2025-07-03 09:58:29.300,19.638333333333332,0.0,30,4,osrm
304,delivered,2025-07-03 09:38:24,2025-07-03 09:48:28.487325,2025-07-03 09:48:28.487325,2025-07-03 09:48:05.800,9.696666666666665,0.0,6,4,osrm
305,delivered,2025-07-03 09:38:39,2025-07-03 09:48:26.742448,2025-07-03 10:01:04.413976,2025-07-03 10:05:06.900,26.465,12.6278588,20,4,osrm
306,delivered,2025-07-03 09:38:40,2025-07-03 09:52:36.335464,2025-07-03 10:07:41.307434,2025-07-03 10:12:42.600,34.04333333333333,15.082866166666667,2,4,osrm
307,delivered,2025-07-03 09:38:59,2025-07-03 09:54:26.448708,2025-07-03 10:37:58.200000,2025-07-03 10:46:32.100,67.55166666666666,43.5291882,15,3,osrm
308,delivered,2025-07-03 09:38:19,2025-07-03 09:52:55.268928,2025-07-03 10:09:53.800000,2025-07-03 10:21:27.100,43.135,16.975517866666667,17,4,osrm
309,delivered,2025-07-03 09:39:05,2025-07-03 09:53:08.999441,2025-07-03 10:02:34.907998,2025-07-03 10:04:36.600,25.526666666666664,9.431809283333333,22,4,osrm
310,delivered,2025-07-03 09:40:38,2025-07-03 09:54:54.363833,2025-07-03 09:58:25.371549,2025-07-03 10:04:19.100,23.685,3.5167952666666666,13,4,osrm
311,delivered,2025-07-03 09:40:11,2025-07-03 09:51:29.568223,2025-07-03 09:53:02.706190,2025-07-03 09:54:55.300,14.738333333333333,1.55229945,28,4,osrm
312,delivered,2025-07-03 09:40:38,2025-07-03 09:50:35.493227,2025-07-03 10:53:25.000000,2025-07-03 11:02:10.700,81.545,62.82511288333333,25,4,osrm
313,delivered,2025-07-03 09:40:42,2025-07-03 09:50:37.561833,2025-07-03 09:51:19.812074,2025-07-03 09:58:29.300,17.788333333333334,0.7041706833333333,30,4,osrm
314,delivered,2025-07-03 09:41:46,2025-07-03 09:51:50.724035,2025-07-03 09:53:36.800000,2025-07-03 09:59:43.400,17.956666666666667,1.76793275,12,4,osrm
315,delivered,2025-07-03 09:41:53,2025-07-03 09:52:09.528294,2025-07-03 10:01:04.413976,2025-07-03 10:05:06.900,23.23166666666667,8.914761366666665,20,4,osrm
316,delivered,2025-07-03 09:42:03,2025-07-03 09:54:57.146417,2025-07-03 11:48:16.300000,2025-07-03 11:51:45.800,129.71333333333334,113.31922638333334,11,1,osrm
317,delivered,2025-07-03 09:42:18,2025-07-03 09:52:50.224687,2025-07-03 11:17:47.700000,2025-07-03 11:27:37.000,105.31666666666666,84.95792188333333,5,3,osrm
318,delivered,2025-07-03 09:42:36,2025-07-03 09:57:19.981336,2025-07-03 10:24:31.505038,2025-07-03 10:22:14.600,39.64333333333333,27.1920617,12,3,osrm
319,delivered,2025-07-03 09:43:41,2025-07-03 09:49:25.913583,2025-07-03 10:02:02.638325,2025-07-03 10:11:23.700,27.711666666666666,12.612079033333334,25,4,osrm
320,delivered,2025-07-03 09:44:17,2025-07-03 09:51:59.973761,2025-07-03 09:51:59.973761,2025-07-03 09:57:17.000,13.0,0.0,17,3,osrm
321,delivered,2025-07-03 09:45:12,2025-07-03 09:53:11.164371,2025-07-03 10:25:34.132813,2025-07-03 10:27:23.300,42.18833333333334,32.38280736666667,28,4,osrm
322,delivered,2025-07-03 09:45:46,2025-07-03 10:02:34.907998,2025-07-03 10:02:34.907998,2025-07-03 10:04:36.600,18.84333333333333,0.0,22,4,osrm
323,delivered,2025-07-03 09:46:34,2025-07-03 09:59:04.179163,2025-07-03 11:20:44.400000,2025-07-03 11:32:15.400,105.69,81.67034728333333,21,4,osrm
324,delivered,2025-07-03 09:46:25,2025-07-03 10:01:04.413976,2025-07-03 10:01:04.413976,2025-07-03 10:05:06.900,18.698333333333334,0.0,20,4,osrm
325,delivered,2025-07-03 09:47:04,2025-07-03 10:02:54.344301,2025-07-03 10:19:03.076465,2025-07-03 10:29:16.700,42.211666666666666,16.14553606666667,22,4,osrm
326,delivered,2025-07-03 09:48:46,2025-07-03 10:01:05.646836,2025-07-03 10:06:52.500000,2025-07-03 10:13:55.900,25.165000000000003,5.780886066666667,18,4,osrm
327,delivered,2025-07-03 09:48:05,2025-07-03 10:02:15.411659,2025-07-03 10:52:55.600000,2025-07-03 11:05:02.000,76.95,50.66980568333334,24,3,osrm
328,delivered,2025-07-03 09:48:58,2025-07-03 09:58:25.371549,2025-07-03 09:58:25.371549,2025-07-03 10:04:19.100,15.351666666666667,0.0,13,4,osrm
329,delivered,2025-07-03 09:48:58,2025-07-03 10:00:53.722104,2025-07-03 10:27:56.311918,2025-07-03 10:32:51.300,43.888333333333335,27.043163566666667,2,3,osrm
330,delivered,2025-07-03 09:48:09,2025-07-03 09:55:55.413394,2025-07-03 10:27:56.311918,2025-07-03 10:32:51.300,44.705000000000005,32.0149754,2,3,osrm
331,delivered,2025-07-03 09:49:19,2025-07-03 10:09:31.323940,2025-07-03 10:09:31.323940,2025-07-03 10:08:49.000,19.5,0.0,28,4,osrm
332,delivered,2025-07-03 09:50:46,2025-07-03 10:03:36.793325,2025-07-03 10:24:31.505038,2025-07-03 10:22:14.600,31.476666666666667,20.911861883333334,12,3,osrm
333,delivered,2025-07-03 09:50:24,2025-07-03 10:02:02.638325,2025-07-03 10:02:02.638325,2025-07-03 10:11:23.700,20.995,0.0,25,4,osrm
334,delivered,2025-07-03 09:52:11,2025-07-03 09:58:01.277070,2025-07-03 10:25:34.132813,2025-07-03 10:27:23.300,35.205000000000005,27.547595716666667,28,4,osrm
335,delivered,2025-07-03 09:52:21,2025-07-03 10:13:05.914019,2025-07-03 11:49:23.000000,2025-07-03 11:58:41.600,126.34333333333333,96.28476635,15,3,osrm
336,delivered,2025-07-03 09:52:21,2025-07-03 10:04:18.895482,2025-07-03 11:52:23.300000,2025-07-03 12:03:01.900,130.68166666666667,108.07340863333334,28,3,osrm
337,delivered,2025-07-03 09:52:46,2025-07-03 10:02:01.825981,2025-07-03 11:20:44.400000,2025-07-03 11:32:15.400,99.49,78.70956698333333,21,4,osrm
338,delivered,2025-07-03 09:53:10,2025-07-03 10:06:46.522283,2025-07-03 10:29:18.799573,2025-07-03 10:25:43.800,32.56333333333333,22.537954833333334,26,4,osrm
339,delivered,2025-07-03 09:53:11,2025-07-03 09:58:24.853024,2025-07-03 10:59:03.700000,2025-07-03 11:10:09.300,76.97166666666666,60.647449599999995,4,4,osrm
340,delivered,2025-07-03 09:54:56,2025-07-03 10:08:19.860837,2025-07-03 10:23:25.000000,2025-07-03 10:32:32.700,37.611666666666665,15.085652716666667,10,4,osrm
341,delivered,2025-07-03 09:55:12,2025-07-03 10:03:23.339257,2025-07-03 10:29:18.799573,2025-07-03 10:25:43.800,30.529999999999998,25.9243386,26,4,osrm
342,delivered,2025-07-03 09:56:15,2025-07-03 10:05:54.668694,2025-07-03 10:38:00.700000,2025-07-03 10:42:34.500,46.325,32.10052176666667,27,2,osrm
343,delivered,2025-07-03 09:57:05,2025-07-03 10:12:11.488749,2025-07-03 11:18:16.600000,2025-07-03 11:27:48.500,90.725,66.08518751666666,30,3,osrm
344,delivered,2025-07-03 09:57:40,2025-07-03 10:15:36.927077,2025-07-03 10:52:55.600000,2025-07-03 11:05:02.000,67.36666666666666,37.311215383333334,24,3,osrm
345,delivered,2025-07-03 09:57:58,2025-07-03 10:08:08.892753,2025-07-03 10:19:03.076465,2025-07-03 10:29:16.700,31.311666666666667,10.903061866666667,22,4,osrm
346,delivered,2025-07-03 09:58:46,2025-07-03 10:11:35.266803,2025-07-03 10:11:35.266803,2025-07-03 10:22:01.400,23.256666666666668,0.0,3,4,osrm
347,delivered,2025-07-03 09:58:05,2025-07-03 10:07:41.307434,2025-07-03 10:13:21.852198,2025-07-03 10:14:15.700,16.178333333333335,5.675746066666666,16,4,osrm
348,delivered,2025-07-03 10:00:54,2025-07-03 10:10:16.388358,2025-07-03 10:40:21.800000,2025-07-03 10:46:26.300,45.538333333333334,30.090194033333333,4,3,osrm
349,delivered,2025-07-03 10:00:03,2025-07-03 10:11:00.613695,2025-07-03 10:49:03.000000,2025-07-03 10:54:16.300,54.22166666666667,38.03977175,3,3,osrm
350,delivered,2025-07-03 10:00:23,2025-07-03 10:15:03.033212,2025-07-03 10:47:54.593043,2025-07-03 10:50:54.700,50.52833333333333,32.85933051666667,10,4,osrm
351,delivered,2025-07-03 10:00:49,2025-07-03 10:13:21.852198,2025-07-03 10:13:21.852198,2025-07-03 10:14:15.700,13.445,0.0,16,4,osrm
352,delivered,2025-07-03 10:00:23,2025-07-03 10:15:13.883809,2025-07-03 10:23:36.800000,2025-07-03 10:29:41.400,29.30666666666667,8.381936516666666,16,4,osrm
353,delivered,2025-07-03 10:01:58,2025-07-03 10:10:34.906449,2025-07-03 10:23:36.800000,2025-07-03 10:29:41.400,27.723333333333336,13.031559183333334,16,4,osrm
354,delivered,2025-07-03 10:02:38,2025-07-03 10:17:54.243648,2025-07-03 10:53:43.400000,2025-07-03 11:04:51.100,62.218333333333334,35.81927253333333,12,4,osrm
355,delivered,2025-07-03 10:02:30,2025-07-03 10:13:32.430294,2025-07-03 10:37:58.200000,2025-07-03 10:46:32.100,44.035,24.4294951,15,3,osrm
356,delivered,2025-07-03 10:03:44,2025-07-03 10:18:32.743963,2025-07-03 10:59:03.700000,2025-07-03 11:10:09.300,66.42166666666667,40.51593395,4,4,osrm
357,delivered,2025-07-03 10:03:26,2025-07-03 10:16:51.236230,2025-07-03 10:22:40.587999,2025-07-03 10:32:05.200,28.653333333333332,5.822529483333333,6,3,osrm
358,delivered,2025-07-03 10:03:19,2025-07-03 10:16:36.465124,2025-07-03 10:39:35.000000,2025-07-03 10:46:05.500,42.775,22.975581266666666,5,3,osrm
359,delivered,2025-07-03 10:04:15,2025-07-03 10:19:28.529098,2025-07-03 10:39:35.000000,2025-07-03 10:46:05.500,41.84166666666667,20.107848366666666,5,3,osrm
360,delivered,2025-07-03 10:05:32,2025-07-03 10:16:52.731943,2025-07-03 10:23:36.500000,2025-07-03 10:28:58.700,23.445,6.729467616666667,25,4,osrm
361,delivered,2025-07-03 10:05:22,2025-07-03 10:17:45.697154,2025-07-03 10:52:55.600000,2025-07-03 11:05:02.000,59.666666666666664,35.165047433333335,24,3,osrm
362,delivered,2025-07-03 10:06:01,2025-07-03 10:20:30.607658,2025-07-03 10:47:54.593043,2025-07-03 10:50:54.700,44.894999999999996,27.399756416666666,10,4,osrm
363,delivered,2025-07-03 10:06:56,2025-07-03 10:19:03.076465,2025-07-03 10:35:41.309751,2025-07-03 10:45:52.400,38.940000000000005,16.637221433333334,23,4,osrm
364,delivered,2025-07-03 10:07:02,2025-07-03 10:18:15.028659,2025-07-03 10:25:21.749574,2025-07-03 10:30:25.400,23.39,7.11201525,24,3,osrm
365,delivered,2025-07-03 10:08:32,2025-07-03 10:17:45.708396,2025-07-03 10:23:25.000000,2025-07-03 10:32:32.700,24.011666666666667,5.654860066666667,10,4,osrm
366,delivered,2025-07-03 10:08:58,2025-07-03 10:21:36.589060,2025-07-03 10:23:36.800000,2025-07-03 10:29:41.400,20.723333333333336,2.0035156666666665,16,4,osrm
367,delivered,2025-07-03 10:10:45,2025-07-03 10:16:30.707995,2025-07-03 11:49:23.000000,2025-07-03 11:58:41.600,107.94333333333334,92.87153341666667,15,3,osrm
368,delivered,2025-07-03 10:10:10,2025-07-03 10:24:31.505038,2025-07-03 10:24:31.505038,2025-07-03 10:22:14.600,12.076666666666666,0.0,12,3,osrm
369,delivered,2025-07-03 10:10:16,2025-07-03 10:22:40.587999,2025-07-03 10:42:23.000000,2025-07-03 10:49:09.800,38.89666666666667,19.70686668333333,28,2,osrm
370,delivered,2025-07-03 10:11:54,2025-07-03 10:19:22.167277,2025-07-03 10:38:00.700000,2025-07-03 10:42:34.500,30.675,18.64221205,27,2,osrm
371,delivered,2025-07-03 10:11:13,2025-07-03 10:20:23.767580,2025-07-03 10:29:18.799573,2025-07-03 10:25:43.800,14.513333333333332,8.917199883333334,26,4,osrm
372,delivered,2025-07-03 10:12:25,2025-07-03 10:29:18.799573,2025-07-03 10:29:18.799573,2025-07-03 10:25:43.800,13.313333333333333,0.0,26,4,osrm
373,delivered,2025-07-03 10:12:39,2025-07-03 10:25:34.132813,2025-07-03 10:25:34.132813,2025-07-03 10:27:23.300,14.738333333333333,0.0,28,4,osrm
374,delivered,2025-07-03 10:14:27,2025-07-03 10:25:21.749574,2025-07-03 10:25:21.749574,2025-07-03 10:30:25.400,15.973333333333333,0.0,24,3,osrm
375,delivered,2025-07-03 10:16:52,2025-07-03 10:27:56.311918,2025-07-03 10:27:56.311918,2025-07-03 10:32:51.300,15.988333333333333,0.0,2,3,osrm
376,delivered,2025-07-03 10:18:58,2025-07-03 10:33:31.042800,2025-07-03 10:53:06.300000,2025-07-03 11:00:34.400,41.60666666666667,19.58762,1,4,osrm
377,delivered,2025-07-03 10:18:16,2025-07-03 10:26:35.915259,2025-07-03 10:26:35.915259,2025-07-03 10:29:15.100,10.985000000000001,0.0,15,4,osrm
378,delivered,2025-07-03 10:18:28,2025-07-03 10:27:48.708388,2025-07-03 11:39:15.800000,2025-07-03 11:48:09.800,89.69666666666667,71.45152686666667,5,4,osrm
379,delivered,2025-07-03 10:19:22,2025-07-03 10:30:14.697704,2025-07-03 10:47:54.593043,2025-07-03 10:50:54.700,31.545,17.664922316666665,10,4,osrm
380,delivered,2025-07-03 10:20:31,2025-07-03 10:28:41.448260,2025-07-03 10:50:24.137936,2025-07-03 10:59:20.800,38.830000000000005,21.711494599999998,14,3,osrm
381,delivered,2025-07-03 10:21:05,2025-07-03 10:36:54.538856,2025-07-03 10:48:00.700000,2025-07-03 10:55:49.400,34.74,11.102685733333335,19,3,osrm
382,delivered,2025-07-03 10:22:31,2025-07-03 10:37:40.036212,2025-07-03 11:03:24.900000,2025-07-03 11:05:27.200,42.93666666666666,25.747729800000002,16,1,osrm
383,delivered,2025-07-03 10:22:53,2025-07-03 10:35:46.043631,2025-07-03 11:02:22.700000,2025-07-03 11:01:23.600,38.51,26.610939483333333,10,1,osrm
384,delivered,2025-07-03 10:22:40,2025-07-03 10:32:29.508007,2025-07-03 10:48:57.200000,2025-07-03 10:52:20.500,29.675,16.461533216666666,26,3,osrm
385,delivered,2025-07-03 10:22:50,2025-07-03 10:37:26.656905,2025-07-03 10:53:43.400000,2025-07-03 11:04:51.100,42.01833333333333,16.279051583333334,12,4,osrm
386,delivered,2025-07-03 10:23:37,2025-07-03 10:40:01.520551,2025-07-03 11:11:55.400000,2025-07-03 11:22:19.100,58.70166666666667,31.897990816666667,14,3,osrm
387,delivered,2025-07-03 10:23:17,2025-07-03 10:35:33.582680,2025-07-03 11:03:51.488934,2025-07-03 11:02:12.500,38.925,28.298437566666667,29,2,osrm
388,delivered,2025-07-03 10:24:25,2025-07-03 10:35:54.064630,2025-07-03 10:39:35.000000,2025-07-03 10:46:05.500,21.675,3.682256166666667,5,3,osrm
389,delivered,2025-07-03 10:24:43,2025-07-03 10:37:39.258343,2025-07-03 11:52:23.300000,2025-07-03 12:03:01.900,98.315,74.73402761666667,28,3,osrm
390,delivered,2025-07-03 10:25:47,2025-07-03 10:39:08.027003,2025-07-03 10:53:02.700000,2025-07-03 10:57:01.000,31.233333333333334,13.911216616666668,13,3,osrm
391,delivered,2025-07-03 10:26:29,2025-07-03 10:31:29.000000,2025-07-03 10:48:00.700000,2025-07-03 10:55:49.400,29.34,16.528333333333332,19,3,osrm
392,delivered,2025-07-03 10:26:24,2025-07-03 10:34:38.192190,2025-07-03 10:49:03.000000,2025-07-03 10:54:16.300,27.871666666666666,14.4134635,3,3,osrm
393,delivered,2025-07-03 10:26:39,2025-07-03 10:34:41.755093,2025-07-03 10:48:57.200000,2025-07-03 10:52:20.500,25.691666666666666,14.257415116666666,26,3,osrm
394,delivered,2025-07-03 10:27:19,2025-07-03 10:41:52.145102,2025-07-03 11:13:48.100000,2025-07-03 11:21:50.200,54.519999999999996,31.93258163333333,29,3,osrm
395,delivered,2025-07-03 10:27:31,2025-07-03 10:40:49.335711,2025-07-03 11:13:48.100000,2025-07-03 11:21:50.200,54.32,32.979404816666666,29,3,osrm
396,delivered,2025-07-03 10:29:31,2025-07-03 10:38:04.119753,2025-07-03 10:49:03.000000,2025-07-03 10:54:16.300,24.755,10.981337450000002,3,3,osrm
397,delivered,2025-07-03 10:29:59,2025-07-03 10:38:47.233083,2025-07-03 10:53:25.000000,2025-07-03 11:02:10.700,32.195,14.629448616666668,25,4,osrm
398,delivered,2025-07-03 10:29:21,2025-07-03 10:39:34.289119,2025-07-03 10:39:34.289119,2025-07-03 10:39:43.100,10.368333333333334,0.0,3,2,osrm
399,delivered,2025-07-03 10:29:46,2025-07-03 10:35:41.309751,2025-07-03 10:53:56.244051,2025-07-03 11:05:32.500,35.775,18.248904999999997,17,4,osrm
400,delivered,2025-07-03 10:29:30,2025-07-03 10:41:01.493124,2025-07-03 11:23:19.400000,2025-07-03 11:25:59.700,56.495,42.298447933333335,17,1,osrm
401,delivered,2025-07-03 10:30:07,2025-07-03 10:40:29.850325,2025-07-03 11:25:27.349602,2025-07-03 11:26:43.800,56.61333333333334,44.95832128333333,24,4,osrm
402,delivered,2025-07-03 10:30:03,2025-07-03 10:40:41.996456,2025-07-03 11:02:28.600000,2025-07-03 11:07:43.800,37.68,21.776725733333333,30,2,osrm
403,delivered,2025-07-03 10:31:38,2025-07-03 10:41:43.363334,2025-07-03 11:11:07.330729,2025-07-03 11:17:00.400,45.373333333333335,29.399456583333333,27,3,osrm
404,delivered,2025-07-03 10:31:07,2025-07-03 10:44:32.760205,2025-07-03 10:57:29.000000,2025-07-03 11:03:10.200,32.053333333333335,12.937329916666666,28,3,osrm
405,delivered,2025-07-03 10:31:35,2025-07-03 10:43:48.351652,2025-07-03 11:25:27.349602,2025-07-03 11:26:43.800,55.14666666666667,41.64996583333333,24,4,osrm
406,delivered,2025-07-03 10:34:48,2025-07-03 10:50:24.137936,2025-07-03 10:53:56.244051,2025-07-03 11:05:32.500,30.741666666666667,3.5351019166666666,17,4,osrm
407,delivered,2025-07-03 10:35:55,2025-07-03 10:46:10.283569,2025-07-03 11:02:28.600000,2025-07-03 11:07:43.800,31.813333333333333,16.30527385,30,2,osrm
408,delivered,2025-07-03 10:36:56,2025-07-03 10:52:14.823030,2025-07-03 11:11:55.400000,2025-07-03 11:22:19.100,45.385,19.676282833333335,14,3,osrm
409,delivered,2025-07-03 10:38:55,2025-07-03 10:48:26.254355,2025-07-03 11:25:27.349602,2025-07-03 11:26:43.800,47.81333333333334,37.01825411666667,24,4,osrm
410,delivered,2025-07-03 10:39:27,2025-07-03 10:47:54.593043,2025-07-03 10:48:57.200000,2025-07-03 10:52:20.500,12.891666666666667,1.0434492833333333,26,3,osrm
411,delivered,2025-07-03 10:39:14,2025-07-03 10:51:06.895062,2025-07-03 10:53:43.400000,2025-07-03 11:04:51.100,25.618333333333332,2.6084156333333337,12,4,osrm
412,delivered,2025-07-03 10:40:32,2025-07-03 10:53:24.521503,2025-07-03 11:17:47.700000,2025-07-03 11:27:37.000,47.083333333333336,24.386308283333335,5,3,osrm
413,delivered,2025-07-03 10:40:04,2025-07-03 10:48:16.116150,2025-07-03 11:13:48.100000,2025-07-03 11:21:50.200,41.769999999999996,25.53306416666667,29,3,osrm
414,delivered,2025-07-03 10:41:57,2025-07-03 10:56:11.861181,2025-07-03 11:20:33.050033,2025-07-03 11:31:18.700,49.361666666666665,24.353147533333335,23,4,osrm
415,delivered,2025-07-03 10:44:57,2025-07-03 10:58:29.675615,2025-07-03 11:19:31.700000,2025-07-03 11:20:10.100,35.218333333333334,21.03373975,16,2,osrm
416,delivered,2025-07-03 10:45:27,2025-07-03 10:53:56.244051,2025-07-03 11:14:03.100000,2025-07-03 11:21:39.800,36.21333333333334,20.114265816666666,25,2,osrm
417,delivered,2025-07-03 10:47:34,2025-07-03 10:56:54.078796,2025-07-03 11:19:31.700000,2025-07-03 11:20:10.100,32.60166666666667,22.627020066666667,16,2,osrm
418,delivered,2025-07-03 10:48:19,2025-07-03 11:03:51.488934,2025-07-03 11:03:51.488934,2025-07-03 11:02:12.500,13.891666666666667,0.0,29,2,osrm
419,delivered,2025-07-03 10:50:13,2025-07-03 11:01:07.710500,2025-07-03 11:40:46.565712,2025-07-03 11:37:23.200,47.169999999999995,39.647586866666664,29,3,osrm
420,delivered,2025-07-03 10:50:20,2025-07-03 11:03:08.561284,2025-07-03 11:18:16.600000,2025-07-03 11:27:48.500,37.475,15.1339786,30,3,osrm
421,delivered,2025-07-03 10:51:43,2025-07-03 11:07:39.514722,2025-07-03 11:11:55.400000,2025-07-03 11:22:19.100,30.601666666666667,4.264754633333333,14,3,osrm
422,delivered,2025-07-03 10:53:37,2025-07-03 10:58:37.000000,2025-07-03 11:20:44.400000,2025-07-03 11:32:15.400,38.64,22.123333333333335,21,4,osrm
423,delivered,2025-07-03 10:54:45,2025-07-03 11:08:58.009639,2025-07-03 11:25:20.900000,2025-07-03 11:38:14.900,43.498333333333335,16.381506016666666,9,4,osrm
424,delivered,2025-07-03 10:54:41,2025-07-03 11:00:48.823542,2025-07-03 11:34:38.000000,2025-07-03 11:37:28.200,42.78666666666666,33.819607633333334,25,1,osrm
425,delivered,2025-07-03 10:55:45,2025-07-03 11:11:07.330729,2025-07-03 11:14:03.100000,2025-07-03 11:21:39.800,25.913333333333334,2.92948785,25,2,osrm
426,delivered,2025-07-03 10:56:42,2025-07-03 11:09:34.462872,2025-07-03 11:20:33.050033,2025-07-03 11:31:18.700,34.611666666666665,10.976452683333333,23,4,osrm
427,delivered,2025-07-03 11:01:07,2025-07-03 11:06:07.000000,2025-07-03 11:39:47.500000,2025-07-03 11:43:30.500,42.391666666666666,33.675,24,2,osrm
428,delivered,2025-07-03 11:03:38,2025-07-03 11:15:32.438108,2025-07-03 11:46:19.000000,2025-07-03 11:49:43.300,46.08833333333334,30.77603153333333,21,2,osrm
429,delivered,2025-07-03 11:04:32,2025-07-03 11:14:02.904347,2025-07-03 11:25:20.900000,2025-07-03 11:38:14.900,33.715,11.29992755,9,4,osrm
430,delivered,2025-07-03 11:07:10,2025-07-03 11:18:30.947054,2025-07-03 11:59:59.338526,2025-07-03 11:55:38.300,48.47166666666667,41.473191199999995,9,2,osrm
431,delivered,2025-07-03 11:08:57,2025-07-03 11:20:10.822498,2025-07-03 11:20:10.822498,2025-07-03 11:26:22.800,17.43,0.0,1,4,osrm
432,delivered,2025-07-03 11:09:37,2025-07-03 11:25:27.349602,2025-07-03 11:25:27.349602,2025-07-03 11:26:43.800,17.113333333333333,0.0,24,4,osrm
433,delivered,2025-07-03 11:10:34,2025-07-03 11:20:33.050033,2025-07-03 11:41:21.400000,2025-07-03 11:52:30.300,41.93833333333334,20.805832783333337,17,4,osrm
434,delivered,2025-07-03 11:15:31,2025-07-03 11:30:57.948630,2025-07-03 11:39:47.500000,2025-07-03 11:43:30.500,27.991666666666667,8.825856166666666,24,2,osrm
435,delivered,2025-07-03 11:17:07,2025-07-03 11:27:23.731464,2025-07-03 11:39:31.400000,2025-07-03 11:48:00.000,30.883333333333333,12.127808933333334,7,3,osrm
436,delivered,2025-07-03 11:17:33,2025-07-03 11:26:39.540660,2025-07-03 11:40:46.565712,2025-07-03 11:37:23.200,19.836666666666666,14.117084199999999,29,3,osrm
437,delivered,2025-07-03 11:18:14,2025-07-03 11:28:06.676580,2025-07-03 11:57:50.300000,2025-07-03 12:09:22.200,51.13666666666666,29.727057,19,3,osrm
438,delivered,2025-07-03 11:18:59,2025-07-03 11:31:53.490880,2025-07-03 11:38:45.700000,2025-07-03 11:44:11.100,25.201666666666664,6.870152,28,4,osrm
439,delivered,2025-07-03 11:18:02,2025-07-03 11:26:45.476111,2025-07-03 11:57:50.300000,2025-07-03 12:09:22.200,51.336666666666666,31.08039815,19,3,osrm
440,delivered,2025-07-03 11:21:13,2025-07-03 11:29:44.584472,2025-07-03 12:00:11.159337,2025-07-03 12:07:25.500,46.208333333333336,30.442914416666667,7,3,osrm
441,delivered,2025-07-03 11:23:09,2025-07-03 11:33:55.102054,2025-07-03 11:44:11.900000,2025-07-03 11:47:14.300,24.08833333333333,10.279965766666667,13,2,osrm
442,delivered,2025-07-03 11:25:20,2025-07-03 11:37:59.529200,2025-07-03 11:46:19.000000,2025-07-03 11:49:43.300,24.388333333333332,8.324513333333334,21,2,osrm
443,delivered,2025-07-03 11:25:37,2025-07-03 11:41:32.883905,2025-07-03 12:13:14.300000,2025-07-03 12:20:09.600,54.54333333333333,31.69026825,27,2,osrm
444,delivered,2025-07-03 11:26:47,2025-07-03 11:40:46.565712,2025-07-03 11:40:46.565712,2025-07-03 11:37:23.200,10.603333333333333,0.0,29,3,osrm
445,delivered,2025-07-03 11:27:25,2025-07-03 11:38:54.910982,2025-07-03 12:08:37.500000,2025-07-03 12:18:39.800,51.24666666666667,29.709816966666665,15,3,osrm
446,delivered,2025-07-03 11:27:34,2025-07-03 11:39:10.523475,2025-07-03 11:57:50.500000,2025-07-03 12:09:07.300,41.555,18.666275416666668,2,2,osrm
447,delivered,2025-07-03 11:27:57,2025-07-03 11:38:55.887133,2025-07-03 12:09:58.100000,2025-07-03 12:09:54.900,41.965,31.036881116666667,26,2,osrm
448,delivered,2025-07-03 11:29:04,2025-07-03 11:42:30.865099,2025-07-03 12:08:37.500000,2025-07-03 12:18:39.800,49.59666666666667,26.110581683333333,15,3,osrm
449,delivered,2025-07-03 11:32:50,2025-07-03 11:45:26.052075,2025-07-03 12:00:11.159337,2025-07-03 12:07:25.500,34.59166666666667,14.7517877,7,3,osrm
450,delivered,2025-07-03 11:34:16,2025-07-03 11:44:16.682981,2025-07-03 12:23:20.700000,2025-07-03 12:33:12.000,58.93333333333333,39.06695031666666,25,2,osrm
451,delivered,2025-07-03 11:35:51,2025-07-03 11:42:18.331227,2025-07-03 11:48:58.400000,2025-07-03 11:52:07.900,16.281666666666666,6.667812883333334,3,1,osrm
452,delivered,2025-07-03 11:38:25,2025-07-03 11:47:56.517540,2025-07-03 12:08:37.500000,2025-07-03 12:18:39.800,40.24666666666667,20.683041,15,3,osrm
453,delivered,2025-07-03 11:39:21,2025-07-03 11:52:57.386334,2025-07-03 12:20:02.000000,2025-07-03 12:24:43.700,45.37833333333333,27.076894433333333,26,2,osrm
454,delivered,2025-07-03 11:42:59,2025-07-03 11:56:59.769592,2025-07-03 12:27:55.800000,2025-07-03 12:31:27.400,48.473333333333336,30.933840133333334,7,1,osrm
455,delivered,2025-07-03 11:42:16,2025-07-03 11:51:16.305674,2025-07-03 12:24:18.000000,2025-07-03 12:26:59.500,44.725,33.02823876666667,17,1,osrm
456,delivered,2025-07-03 11:42:33,2025-07-03 11:59:59.338526,2025-07-03 11:59:59.338526,2025-07-03 11:55:38.300,13.088333333333333,0.0,9,2,osrm
457,delivered,2025-07-03 11:45:43,2025-07-03 11:51:35.822871,2025-07-03 11:57:50.300000,2025-07-03 12:09:22.200,23.653333333333332,6.241285483333333,19,3,osrm
458,delivered,2025-07-03 11:48:41,2025-07-03 12:00:11.159337,2025-07-03 12:00:11.159337,2025-07-03 12:07:25.500,18.741666666666667,0.0,7,3,osrm
459,delivered,2025-07-03 11:50:13,2025-07-03 12:03:30.942911,2025-07-03 12:13:14.300000,2025-07-03 12:20:09.600,29.94333333333333,9.722618149999999,27,2,osrm
460,delivered,2025-07-03 11:51:30,2025-07-03 12:07:38.077026,2025-07-03 12:07:38.077026,2025-07-03 12:16:18.900,24.815,0.0,23,3,osrm
461,delivered,2025-07-03 11:52:29,2025-07-03 12:04:29.397821,2025-07-03 12:33:01.500000,2025-07-03 12:35:11.200,42.70333333333333,28.535036316666666,26,1,osrm
462,delivered,2025-07-03 11:52:24,2025-07-03 12:07:35.602941,2025-07-03 12:20:02.000000,2025-07-03 12:24:43.700,32.32833333333333,12.439950983333334,26,2,osrm
463,delivered,2025-07-03 11:52:48,2025-07-03 12:04:11.555438,2025-07-03 12:20:15.504298,2025-07-03 12:25:41.900,32.89833333333333,16.065814333333332,9,2,osrm
464,delivered,2025-07-03 11:53:20,2025-07-03 12:10:24.977371,2025-07-03 12:10:24.977371,2025-07-03 12:17:02.300,23.705,0.0,4,3,osrm
465,delivered,2025-07-03 11:54:10,2025-07-03 12:07:18.241472,2025-07-03 12:09:12.900000,2025-07-03 12:14:27.400,20.290000000000003,1.9109754666666667,6,2,osrm
466,delivered,2025-07-03 11:55:59,2025-07-03 12:05:59.333517,2025-07-03 12:09:29.200000,2025-07-03 12:11:32.900,15.565,3.4977747166666666,25,1,osrm
467,delivered,2025-07-03 11:55:59,2025-07-03 12:10:45.879876,2025-07-03 12:35:43.200000,2025-07-03 12:40:02.900,44.065000000000005,24.955335400000003,27,2,osrm
468,delivered,2025-07-03 11:55:12,2025-07-03 12:06:46.175017,2025-07-03 12:23:20.700000,2025-07-03 12:33:12.000,38.0,16.575416383333334,25,2,osrm
469,delivered,2025-07-03 11:59:15,2025-07-03 12:07:42.361134,2025-07-03 12:09:12.900000,2025-07-03 12:14:27.400,15.206666666666667,1.5089811,6,2,osrm
470,delivered,2025-07-03 12:01:07,2025-07-03 12:06:45.305863,2025-07-03 12:09:58.100000,2025-07-03 12:09:54.900,8.798333333333334,3.2132356166666667,26,2,osrm
471,delivered,2025-07-03 12:03:13,2025-07-03 12:18:06.751846,2025-07-03 12:33:07.400000,2025-07-03 12:38:15.200,35.03666666666666,15.010802566666666,1,2,osrm
472,delivered,2025-07-03 12:03:19,2025-07-03 12:21:20.184020,2025-07-03 12:37:26.200000,2025-07-03 12:41:09.500,37.84166666666667,16.100266333333334,20,1,osrm
473,delivered,2025-07-03 12:04:45,2025-07-03 12:15:42.885180,2025-07-03 12:37:35.400000,2025-07-03 12:40:38.000,35.88333333333333,21.875247,18,1,osrm
474,delivered,2025-07-03 12:05:42,2025-07-03 12:14:20.137204,2025-07-03 12:33:07.400000,2025-07-03 12:38:15.200,32.553333333333335,18.787713266666668,1,2,osrm
475,delivered,2025-07-03 12:06:12,2025-07-03 12:16:47.446344,2025-07-03 12:38:05.300000,2025-07-03 12:41:01.100,34.818333333333335,21.297560933333333,9,1,osrm
476,delivered,2025-07-03 12:08:58,2025-07-03 12:22:50.697593,2025-07-03 12:38:35.900000,2025-07-03 12:41:32.200,32.57,15.75337345,11,1,osrm
477,delivered,2025-07-03 12:09:18,2025-07-03 12:14:31.095085,2025-07-03 12:37:50.600000,2025-07-03 12:41:11.400,31.89,23.325081916666665,23,1,osrm
478,delivered,2025-07-03 12:09:05,2025-07-03 12:22:47.290659,2025-07-03 12:35:43.200000,2025-07-03 12:40:02.900,30.965,12.931822350000001,27,2,osrm
479,delivered,2025-07-03 12:10:10,2025-07-03 12:23:48.350006,2025-07-03 12:39:19.300000,2025-07-03 12:42:26.200,32.27,15.515833233333332,16,1,osrm
480,delivered,2025-07-03 12:12:48,2025-07-03 12:20:15.504298,2025-07-03 12:20:15.504298,2025-07-03 12:25:41.900,12.898333333333333,0.0,9,2,osrm
481,delivered,2025-07-03 12:17:14,2025-07-03 12:28:24.583775,2025-07-03 12:38:07.400000,2025-07-03 12:42:50.500,25.608333333333334,9.71360375,17,1,osrm
482,delivered,2025-07-03 12:20:57,2025-07-03 12:35:00.541756,2025-07-03 12:48:04.800000,2025-07-03 12:53:57.100,33.001666666666665,13.070970733333333,26,2,osrm
483,delivered,2025-07-03 12:20:14,2025-07-03 12:29:19.850093,2025-07-03 12:48:52.200000,2025-07-03 12:54:03.200,33.82,19.539165116666666,24,1,osrm
484,delivered,2025-07-03 12:22:45,2025-07-03 12:33:17.430530,2025-07-03 12:48:04.800000,2025-07-03 12:53:57.100,31.201666666666664,14.789491166666666,26,2,osrm
485,delivered,2025-07-03 12:23:22,2025-07-03 12:35:33.642834,2025-07-03 12:42:59.400000,2025-07-03 12:47:12.000,23.833333333333332,7.4292861,21,1,osrm
486,delivered,2025-07-03 12:29:34,2025-07-03 12:43:04.790595,2025-07-03 12:52:59.400000,2025-07-03 12:55:59.700,26.428333333333335,9.91015675,5,1,osrm
487,delivered,2025-07-03 12:30:21,2025-07-03 12:42:01.805223,2025-07-03 12:53:28.900000,2025-07-03 12:56:50.300,26.488333333333333,11.451579616666667,7,1,osrm
488,delivered,2025-07-03 12:37:36,2025-07-03 12:50:16.711465,2025-07-03 13:03:24.800000,2025-07-03 13:06:59.600,29.39333333333333,13.134808916666666,1,1,osrm
489,delivered,2025-07-03 12:38:28,2025-07-03 12:48:47.249898,2025-07-03 12:58:12.300000,2025-07-03 13:01:43.400,23.256666666666668,9.4175017,21,1,osrm
490,delivered,2025-07-03 12:41:28,2025-07-03 12:53:04.852596,2025-07-03 12:57:57.000000,2025-07-03 13:03:21.600,21.89333333333333,4.8691234,28,1,osrm
491,delivered,2025-07-03 12:42:27,2025-07-03 12:59:16.791911,2025-07-03 13:18:13.100000,2025-07-03 13:23:10.200,40.72,18.938468150000002,1,2,osrm
492,delivered,2025-07-03 12:42:23,2025-07-03 12:53:28.924902,2025-07-03 12:55:16.100000,2025-07-03 12:59:07.400,16.74,1.7862516333333334,6,1,osrm
493,delivered,2025-07-03 12:43:31,2025-07-03 12:52:13.766310,2025-07-03 12:59:09.600000,2025-07-03 13:02:58.600,19.459999999999997,6.9305615,25,1,osrm
494,delivered,2025-07-03 12:43:41,2025-07-03 12:56:33.070945,2025-07-03 13:08:38.400000,2025-07-03 13:10:38.800,26.96333333333333,12.088817583333334,9,1,osrm
495,delivered,2025-07-03 12:44:53,2025-07-03 12:54:15.371068,2025-07-03 13:05:18.500000,2025-07-03 13:08:34.400,23.69,11.052148866666666,12,1,osrm
496,delivered,2025-07-03 12:45:50,2025-07-03 12:56:35.725277,2025-07-03 13:07:34.200000,2025-07-03 13:11:39.100,25.81833333333333,10.974578716666667,14,1,osrm
497,delivered,2025-07-03 12:45:44,2025-07-03 13:01:03.951379,2025-07-03 13:15:23.200000,2025-07-03 13:18:52.400,33.14,14.320810349999999,22,1,osrm
498,delivered,2025-07-03 12:52:50,2025-07-03 13:02:21.166926,2025-07-03 13:09:55.500000,2025-07-03 13:14:50.600,22.009999999999998,7.5722179,4,1,osrm
499,delivered,2025-07-03 12:52:01,2025-07-03 13:04:51.958041,2025-07-03 13:13:26.300000,2025-07-03 13:13:10.200,21.153333333333332,8.572365983333333,21,1,osrm
500,delivered,2025-07-03 12:52:03,2025-07-03 13:05:52.923646,2025-07-03 13:14:09.900000,2025-07-03 13:14:59.700,22.945,8.282939233333334,26,1,osrm
501,delivered,2025-07-03 12:54:00,2025-07-03 13:04:25.047725,2025-07-03 13:18:13.100000,2025-07-03 13:23:10.200,29.17,13.80087125,1,2,osrm
502,delivered,2025-07-03 12:55:02,2025-07-03 13:05:15.663530,2025-07-03 13:32:53.000000,2025-07-03 13:37:07.400,42.09,27.6222745,6,1,osrm
503,delivered,2025-07-03 12:55:38,2025-07-03 13:09:27.016492,2025-07-03 13:18:42.800000,2025-07-03 13:21:01.400,25.39,9.263058466666667,20,1,osrm
504,delivered,2025-07-03 12:55:51,2025-07-03 13:08:21.525310,2025-07-03 13:21:47.900000,2025-07-03 13:24:45.500,28.908333333333335,13.439578166666667,29,1,osrm
505,delivered,2025-07-03 12:57:37,2025-07-03 13:09:50.878624,2025-07-03 13:36:52.188086,2025-07-03 13:35:49.000,38.2,27.021824366666667,5,3,osrm
506,delivered,2025-07-03 12:58:12,2025-07-03 13:07:32.303886,2025-07-03 13:14:16.400000,2025-07-03 13:12:50.400,14.639999999999999,6.734935233333333,10,1,osrm
507,delivered,2025-07-03 13:00:03,2025-07-03 13:16:08.097178,2025-07-03 13:28:23.400000,2025-07-03 13:33:49.400,33.77333333333333,12.255047033333334,13,1,osrm
508,delivered,2025-07-03 13:00:51,2025-07-03 13:18:31.988974,2025-07-03 13:36:52.188086,2025-07-03 13:35:49.000,34.96666666666667,18.336651866666667,5,3,osrm
509,delivered,2025-07-03 13:00:32,2025-07-03 13:11:11.714668,2025-07-03 13:23:37.400000,2025-07-03 13:25:20.900,24.815,12.428088866666666,11,1,osrm
510,delivered,2025-07-03 13:00:50,2025-07-03 13:14:31.044225,2025-07-03 13:30:57.939105,2025-07-03 13:36:01.800,35.19666666666667,16.448248,22,2,osrm
511,delivered,2025-07-03 13:00:53,2025-07-03 13:16:15.633202,2025-07-03 13:29:37.900000,2025-07-03 13:35:52.700,34.995,13.3711133,3,3,osrm
512,delivered,2025-07-03 13:02:36,2025-07-03 13:16:31.741472,2025-07-03 13:24:55.000000,2025-07-03 13:28:39.700,26.061666666666667,8.387642133333333,19,1,osrm
513,delivered,2025-07-03 13:03:02,2025-07-03 13:11:51.020701,2025-07-03 13:23:35.700000,2025-07-03 13:25:47.000,22.75,11.744654983333334,21,1,osrm
514,delivered,2025-07-03 13:05:21,2025-07-03 13:18:35.946646,2025-07-03 13:36:12.900000,2025-07-03 13:38:34.500,33.225,17.615889233333334,1,1,osrm
515,delivered,2025-07-03 13:06:15,2025-07-03 13:21:46.277176,2025-07-03 13:33:40.000000,2025-07-03 13:37:10.300,30.921666666666667,11.895380399999999,7,1,osrm
516,delivered,2025-07-03 13:10:42,2025-07-03 13:23:47.920179,2025-07-03 13:32:40.300000,2025-07-03 13:32:19.300,21.621666666666666,8.872997016666666,23,1,osrm
517,delivered,2025-07-03 13:11:05,2025-07-03 13:18:37.903954,2025-07-03 13:34:02.500000,2025-07-03 13:37:46.600,26.69333333333333,15.4099341,2,1,osrm
518,delivered,2025-07-03 13:12:05,2025-07-03 13:24:13.699305,2025-07-03 13:35:29.200000,2025-07-03 13:36:24.000,24.316666666666666,11.258344916666665,14,1,osrm
519,delivered,2025-07-03 13:13:33,2025-07-03 13:26:31.756591,2025-07-03 13:32:38.200000,2025-07-03 13:31:14.900,17.698333333333334,6.10739015,29,1,osrm
520,delivered,2025-07-03 13:18:47,2025-07-03 13:30:04.725905,2025-07-03 13:42:57.300000,2025-07-03 13:45:55.200,27.136666666666667,12.876234916666668,25,1,osrm
521,delivered,2025-07-03 13:20:54,2025-07-03 13:34:33.946950,2025-07-03 13:45:16.100000,2025-07-03 13:49:44.000,28.833333333333332,10.702550833333333,23,1,osrm
522,delivered,2025-07-03 13:20:01,2025-07-03 13:30:57.939105,2025-07-03 13:45:30.900000,2025-07-03 13:49:43.300,29.705,14.549348250000001,4,1,osrm
523,delivered,2025-07-03 13:24:49,2025-07-03 13:36:52.188086,2025-07-03 13:44:08.400000,2025-07-03 13:47:00.000,22.183333333333334,7.270198566666666,29,1,osrm
524,delivered,2025-07-03 13:26:59,2025-07-03 13:38:59.924419,2025-07-03 13:48:30.600000,2025-07-03 13:51:05.700,24.111666666666668,9.511259683333332,30,1,osrm
525,delivered,2025-07-03 13:28:10,2025-07-03 13:41:29.290385,2025-07-03 13:48:01.200000,2025-07-03 13:47:20.600,19.176666666666666,6.531826916666666,28,1,osrm
526,delivered,2025-07-03 13:31:08,2025-07-03 13:41:07.691517,2025-07-03 13:52:39.400000,2025-07-03 13:56:29.100,25.351666666666667,11.528474716666667,19,1,osrm
527,delivered,2025-07-03 13:34:12,2025-07-03 13:43:11.542348,2025-07-03 13:54:24.300000,2025-07-03 13:58:00.600,23.81,11.212627533333334,6,1,osrm
528,delivered,2025-07-03 13:36:52,2025-07-03 13:50:13.299031,2025-07-03 13:58:57.100000,2025-07-03 14:02:26.000,25.566666666666666,8.73001615,29,1,osrm
529,delivered,2025-07-03 13:40:18,2025-07-03 13:53:16.756411,2025-07-03 13:53:49.000000,2025-07-03 13:57:17.900,16.99833333333333,0.53739315,27,1,osrm
530,delivered,2025-07-03 13:41:32,2025-07-03 13:55:47.005559,2025-07-03 14:30:25.600000,2025-07-03 14:36:31.100,54.985,34.64324068333334,28,2,osrm
531,delivered,2025-07-03 13:42:22,2025-07-03 13:56:58.748903,2025-07-03 14:30:25.600000,2025-07-03 14:36:31.100,54.151666666666664,33.44751828333333,28,2,osrm
532,delivered,2025-07-03 13:42:14,2025-07-03 13:56:23.935977,2025-07-03 14:36:07.719406,2025-07-03 14:40:40.800,58.44666666666667,39.72972381666667,30,2,osrm
533,delivered,2025-07-03 13:43:17,2025-07-03 13:54:12.224144,2025-07-03 13:58:01.200000,2025-07-03 13:57:33.400,14.273333333333333,3.8162642666666664,28,1,osrm
534,delivered,2025-07-03 13:43:48,2025-07-03 13:50:20.801707,2025-07-03 14:04:02.500000,2025-07-03 14:07:53.800,24.096666666666668,13.69497155,4,1,osrm
535,delivered,2025-07-03 13:45:26,2025-07-03 13:54:11.059892,2025-07-03 14:05:55.600000,2025-07-03 14:08:40.300,23.238333333333333,11.742335133333334,30,1,osrm
536,delivered,2025-07-03 13:46:18,2025-07-03 13:57:00.923987,2025-07-03 14:37:14.800000,2025-07-03 14:43:12.600,56.91,40.23126688333333,24,2,osrm
537,delivered,2025-07-03 13:46:26,2025-07-03 13:52:38.396829,2025-07-03 14:27:23.408763,2025-07-03 14:32:45.700,46.32833333333333,34.7501989,12,3,osrm
538,delivered,2025-07-03 13:47:05,2025-07-03 14:05:45.893044,2025-07-03 14:19:46.509645,2025-07-03 14:23:18.900,36.23166666666667,14.010276683333332,26,2,osrm
539,delivered,2025-07-03 13:47:16,2025-07-03 13:59:49.577298,2025-07-03 14:32:06.100000,2025-07-03 14:37:22.200,50.10333333333333,32.275378366666665,19,2,osrm
540,delivered,2025-07-03 13:48:56,2025-07-03 14:01:54.713113,2025-07-03 14:37:48.325583,2025-07-03 14:50:37.000,61.68333333333333,35.893541166666665,9,3,osrm
541,delivered,2025-07-03 13:49:55,2025-07-03 13:54:55.000000,2025-07-03 14:12:37.000000,2025-07-03 14:18:11.800,28.279999999999998,17.7,21,1,osrm
542,delivered,2025-07-03 13:50:24,2025-07-03 13:59:37.190532,2025-07-03 13:59:37.190532,2025-07-03 14:03:27.400,13.056666666666667,0.0,18,1,osrm
543,delivered,2025-07-03 13:51:30,2025-07-03 14:07:30.511496,2025-07-03 14:27:23.408763,2025-07-03 14:32:45.700,41.26166666666666,19.88162111666667,12,3,osrm
544,delivered,2025-07-03 13:52:46,2025-07-03 14:05:55.257485,2025-07-03 14:07:49.800000,2025-07-03 14:12:55.000,20.15,1.9090419166666666,6,2,osrm
545,delivered,2025-07-03 13:55:43,2025-07-03 14:04:18.363198,2025-07-03 14:24:00.500000,2025-07-03 14:29:26.000,33.71666666666667,19.702280033333334,23,2,osrm
546,delivered,2025-07-03 13:55:49,2025-07-03 14:04:32.610412,2025-07-03 14:24:19.600000,2025-07-03 14:29:04.600,33.26,19.7831598,6,2,osrm
547,delivered,2025-07-03 13:56:37,2025-07-03 14:12:38.223442,2025-07-03 14:24:00.500000,2025-07-03 14:29:26.000,32.81666666666667,11.371275966666667,23,2,osrm
548,delivered,2025-07-03 13:56:00,2025-07-03 14:08:53.467980,2025-07-03 14:18:10.700000,2025-07-03 14:20:08.400,24.14,9.287200333333335,30,1,osrm
549,delivered,2025-07-03 13:59:56,2025-07-03 14:17:00.983755,2025-07-03 14:30:05.400000,2025-07-03 14:32:27.000,32.516666666666666,13.073604083333333,3,1,osrm
550,delivered,2025-07-03 14:00:09,2025-07-03 14:16:27.372183,2025-07-03 14:37:48.325583,2025-07-03 14:50:37.000,50.46666666666667,21.349223333333335,9,3,osrm
551,delivered,2025-07-03 14:01:14,2025-07-03 14:13:29.326706,2025-07-03 14:24:19.600000,2025-07-03 14:29:04.600,27.84333333333333,10.837888233333333,6,2,osrm
552,delivered,2025-07-03 14:01:39,2025-07-03 14:14:47.120029,2025-07-03 14:20:22.500000,2025-07-03 14:22:50.600,21.19333333333333,5.589666183333334,19,1,osrm
553,delivered,2025-07-03 14:06:58,2025-07-03 14:20:15.319465,2025-07-03 14:37:14.800000,2025-07-03 14:43:12.600,36.24333333333333,16.99134225,24,2,osrm
554,delivered,2025-07-03 14:06:06,2025-07-03 14:16:55.503793,2025-07-03 14:48:21.735689,2025-07-03 14:55:03.500,48.958333333333336,31.437198266666666,20,2,osrm
555,delivered,2025-07-03 14:06:17,2025-07-03 14:19:46.509645,2025-07-03 14:27:06.100000,2025-07-03 14:36:47.400,30.506666666666668,7.326505916666666,13,3,osrm
556,delivered,2025-07-03 14:08:34,2025-07-03 14:17:33.334737,2025-07-03 14:54:20.200000,2025-07-03 15:03:23.800,54.830000000000005,36.78108771666667,25,3,osrm
557,delivered,2025-07-03 14:09:11,2025-07-03 14:21:45.044492,2025-07-03 14:32:06.100000,2025-07-03 14:37:22.200,28.186666666666667,10.350925133333334,19,2,osrm
558,delivered,2025-07-03 14:12:44,2025-07-03 14:20:06.481311,2025-07-03 15:01:06.555440,2025-07-03 15:02:55.100,50.184999999999995,41.00123548333333,4,3,osrm
559,delivered,2025-07-03 14:15:29,2025-07-03 14:27:23.408763,2025-07-03 14:27:23.408763,2025-07-03 14:32:45.700,17.278333333333332,0.0,12,3,osrm
560,delivered,2025-07-03 14:16:19,2025-07-03 14:25:48.535552,2025-07-03 14:38:44.700000,2025-07-03 14:41:59.500,25.675,12.936074133333333,29,1,osrm
561,delivered,2025-07-03 14:17:16,2025-07-03 14:31:43.657232,2025-07-03 14:39:21.000000,2025-07-03 14:41:01.300,23.755,7.622379466666667,4,1,osrm
562,delivered,2025-07-03 14:21:20,2025-07-03 14:37:48.325583,2025-07-03 14:37:48.325583,2025-07-03 14:50:37.000,29.283333333333335,0.0,9,3,osrm
563,delivered,2025-07-03 14:22:41,2025-07-03 14:34:03.780936,2025-07-03 15:04:09.200000,2025-07-03 15:11:23.300,48.705000000000005,30.090317733333332,27,3,osrm
564,delivered,2025-07-03 14:23:55,2025-07-03 14:39:07.668603,2025-07-03 15:04:09.200000,2025-07-03 15:11:23.300,47.47166666666667,25.02552328333333,27,3,osrm
565,delivered,2025-07-03 14:23:14,2025-07-03 14:36:07.719406,2025-07-03 14:36:07.719406,2025-07-03 14:40:40.800,17.446666666666665,0.0,30,2,osrm
566,delivered,2025-07-03 14:23:20,2025-07-03 14:30:33.866238,2025-07-03 14:35:11.200000,2025-07-03 14:36:04.700,12.745000000000001,4.622229366666667,5,1,osrm
567,delivered,2025-07-03 14:27:39,2025-07-03 14:36:38.809017,2025-07-03 14:47:48.500000,2025-07-03 14:51:17.000,23.633333333333333,11.161516383333332,27,1,osrm
568,delivered,2025-07-03 14:28:23,2025-07-03 14:35:13.172308,2025-07-03 14:38:15.900000,2025-07-03 14:43:41.300,15.305,3.045461533333333,6,1,osrm
569,delivered,2025-07-03 14:28:07,2025-07-03 14:38:22.737097,2025-07-03 14:42:37.700000,2025-07-03 14:44:39.500,16.541666666666668,4.249381716666667,22,1,osrm
570,delivered,2025-07-03 14:30:33,2025-07-03 14:40:06.738837,2025-07-03 15:00:16.800000,2025-07-03 15:05:39.200,35.10333333333333,20.16768605,12,2,osrm
571,delivered,2025-07-03 14:30:09,2025-07-03 14:43:14.089272,2025-07-03 15:22:49.400000,2025-07-03 15:28:56.000,58.78333333333333,39.58851213333333,20,4,osrm
572,delivered,2025-07-03 14:31:28,2025-07-03 14:40:22.408908,2025-07-03 15:03:50.698536,2025-07-03 15:02:49.300,31.355,23.4714938,3,2,osrm
573,delivered,2025-07-03 14:35:28,2025-07-03 14:46:27.528968,2025-07-03 15:12:43.600000,2025-07-03 15:17:10.700,41.711666666666666,26.267850533333334,23,3,osrm
574,delivered,2025-07-03 14:36:23,2025-07-03 14:47:52.619294,2025-07-03 14:53:52.200000,2025-07-03 14:56:32.100,20.151666666666664,5.993011766666667,15,1,osrm
575,delivered,2025-07-03 14:37:50,2025-07-03 14:49:38.179964,2025-07-03 15:02:35.500000,2025-07-03 15:07:31.300,29.688333333333333,12.955333933333332,14,2,osrm
576,delivered,2025-07-03 14:37:40,2025-07-03 14:47:49.622709,2025-07-03 15:02:35.500000,2025-07-03 15:07:31.300,29.855,14.764621516666667,14,2,osrm
577,delivered,2025-07-03 14:37:03,2025-07-03 14:50:52.776850,2025-07-03 14:54:12.700000,2025-07-03 14:56:33.200,19.503333333333334,3.3320525,22,1,osrm
578,delivered,2025-07-03 14:38:49,2025-07-03 14:48:21.735689,2025-07-03 15:07:54.900000,2025-07-03 15:12:17.700,33.47833333333333,19.55273851666667,13,2,osrm
579,delivered,2025-07-03 14:39:41,2025-07-03 14:51:26.004480,2025-07-03 15:25:24.389728,2025-07-03 15:30:45.000,51.06666666666667,33.97308746666667,21,3,osrm
580,delivered,2025-07-03 14:39:14,2025-07-03 14:53:15.969387,2025-07-03 15:12:43.600000,2025-07-03 15:17:10.700,37.945,19.460510216666666,23,3,osrm
581,delivered,2025-07-03 14:39:47,2025-07-03 14:50:39.751007,2025-07-03 15:01:06.555440,2025-07-03 15:02:55.100,23.134999999999998,10.44674055,4,3,osrm
582,delivered,2025-07-03 14:40:38,2025-07-03 14:53:44.382499,2025-07-03 15:15:54.685167,2025-07-03 15:22:07.300,41.48833333333334,22.171711133333336,1,3,osrm
583,delivered,2025-07-03 14:40:24,2025-07-03 14:49:22.340207,2025-07-03 15:15:54.685167,2025-07-03 15:22:07.300,41.72166666666667,26.539082666666665,1,3,osrm
584,delivered,2025-07-03 14:40:58,2025-07-03 14:54:38.231194,2025-07-03 15:19:48.800000,2025-07-03 15:25:05.300,44.12166666666667,25.176146766666665,28,3,osrm
585,delivered,2025-07-03 14:42:34,2025-07-03 15:01:20.357044,2025-07-03 15:24:18.400000,2025-07-03 15:30:16.500,47.708333333333336,22.9673826,24,2,osrm
586,delivered,2025-07-03 14:42:02,2025-07-03 14:52:41.457096,2025-07-03 15:14:30.200000,2025-07-03 15:20:25.200,38.38666666666666,21.812381733333332,6,2,osrm
587,delivered,2025-07-03 14:43:08,2025-07-03 14:57:16.284828,2025-07-03 15:12:17.600000,2025-07-03 15:16:35.600,33.46,15.021919533333334,25,1,osrm
588,delivered,2025-07-03 14:43:20,2025-07-03 14:52:21.654229,2025-07-03 15:00:16.800000,2025-07-03 15:05:39.200,22.32,7.919096183333334,12,2,osrm
589,delivered,2025-07-03 14:44:27,2025-07-03 14:57:28.144605,2025-07-03 15:25:24.389728,2025-07-03 15:30:45.000,46.3,27.937418716666667,21,3,osrm
590,delivered,2025-07-03 14:44:01,2025-07-03 14:56:12.194936,2025-07-03 15:14:30.200000,2025-07-03 15:20:25.200,36.40333333333333,18.3000844,6,2,osrm
591,delivered,2025-07-03 14:44:09,2025-07-03 14:55:12.475485,2025-07-03 15:04:09.200000,2025-07-03 15:11:23.300,27.238333333333333,8.945408583333334,27,3,osrm
592,delivered,2025-07-03 14:45:34,2025-07-03 14:53:32.623672,2025-07-03 15:24:18.400000,2025-07-03 15:30:16.500,44.708333333333336,30.762938799999997,24,2,osrm
593,delivered,2025-07-03 14:47:00,2025-07-03 14:55:20.166583,2025-07-03 15:23:08.747086,2025-07-03 15:27:50.800,40.84666666666667,27.80967505,9,3,osrm
594,delivered,2025-07-03 14:48:17,2025-07-03 14:59:21.918859,2025-07-03 15:07:48.500000,2025-07-03 15:10:07.200,21.836666666666666,8.443019016666666,16,1,osrm
595,delivered,2025-07-03 14:48:47,2025-07-03 15:01:09.980875,2025-07-03 15:12:43.600000,2025-07-03 15:17:10.700,28.395,11.56031875,23,3,osrm
596,delivered,2025-07-03 14:49:52,2025-07-03 15:01:06.555440,2025-07-03 15:01:06.555440,2025-07-03 15:02:55.100,13.051666666666668,0.0,4,3,osrm
597,delivered,2025-07-03 14:50:23,2025-07-03 15:02:21.218457,2025-07-03 15:26:49.484004,2025-07-03 15:30:51.200,40.47,24.47109245,17,3,osrm
598,delivered,2025-07-03 14:51:07,2025-07-03 15:02:40.846432,2025-07-03 15:08:13.900000,2025-07-03 15:11:46.300,20.654999999999998,5.5508928,20,1,osrm
599,delivered,2025-07-03 14:53:44,2025-07-03 15:04:16.716515,2025-07-03 15:19:48.800000,2025-07-03 15:25:05.300,31.355,15.53472475,28,3,osrm
600,delivered,2025-07-03 14:54:48,2025-07-03 15:03:50.698536,2025-07-03 15:03:50.698536,2025-07-03 15:02:49.300,8.021666666666667,0.0,3,2,osrm
601,delivered,2025-07-03 14:55:37,2025-07-03 15:07:24.133425,2025-07-03 15:27:40.915531,2025-07-03 15:35:56.700,40.32833333333333,20.27970176666667,16,3,osrm
602,delivered,2025-07-03 14:55:56,2025-07-03 15:07:33.434372,2025-07-03 15:19:43.000000,2025-07-03 15:27:20.000,31.4,12.159427133333333,12,4,osrm
603,delivered,2025-07-03 14:59:40,2025-07-03 15:15:05.681634,2025-07-03 15:27:40.915531,2025-07-03 15:35:56.700,36.27833333333333,12.587231616666665,16,3,osrm
604,delivered,2025-07-03 15:00:43,2025-07-03 15:12:10.618244,2025-07-03 15:19:48.800000,2025-07-03 15:25:05.300,24.371666666666666,7.6363626,28,3,osrm
605,delivered,2025-07-03 15:01:03,2025-07-03 15:07:34.299383,2025-07-03 15:29:27.400000,2025-07-03 15:36:02.800,34.99666666666667,21.885010283333333,25,2,osrm
606,delivered,2025-07-03 15:02:24,2025-07-03 15:15:54.685167,2025-07-03 15:15:54.685167,2025-07-03 15:22:07.300,19.721666666666668,0.0,1,3,osrm
607,delivered,2025-07-03 15:02:39,2025-07-03 15:18:54.214507,2025-07-03 15:28:12.400000,2025-07-03 15:27:58.200,25.32,9.30309155,26,1,osrm
608,delivered,2025-07-03 15:04:55,2025-07-03 15:14:03.829058,2025-07-03 15:39:08.300000,2025-07-03 15:44:07.800,39.21333333333334,25.0745157,26,1,osrm
609,delivered,2025-07-03 15:04:06,2025-07-03 15:17:58.778901,2025-07-03 15:47:40.700000,2025-07-03 15:56:09.500,52.05833333333333,29.698684983333333,11,3,osrm
610,delivered,2025-07-03 15:05:58,2025-07-03 15:22:40.025026,2025-07-03 15:28:50.700000,2025-07-03 15:28:39.800,22.696666666666665,6.177916233333334,29,1,osrm
611,delivered,2025-07-03 15:05:06,2025-07-03 15:15:31.435679,2025-07-03 15:23:08.747086,2025-07-03 15:27:50.800,22.746666666666666,7.621856783333333,9,3,osrm
612,delivered,2025-07-03 15:08:54,2025-07-03 15:18:11.804151,2025-07-03 15:36:01.500000,2025-07-03 15:44:25.300,35.52166666666667,17.82826415,22,2,osrm
613,delivered,2025-07-03 15:08:24,2025-07-03 15:23:26.231318,2025-07-03 15:47:40.700000,2025-07-03 15:56:09.500,47.75833333333333,24.2411447,11,3,osrm
614,delivered,2025-07-03 15:08:37,2025-07-03 15:25:24.389728,2025-07-03 15:25:24.389728,2025-07-03 15:30:45.000,22.133333333333333,0.0,21,3,osrm
615,delivered,2025-07-03 15:12:00,2025-07-03 15:22:20.302279,2025-07-03 15:38:00.300000,2025-07-03 15:46:12.800,34.21333333333334,15.666628683333332,13,2,osrm
616,delivered,2025-07-03 15:12:25,2025-07-03 15:24:54.497299,2025-07-03 15:50:36.077419,2025-07-03 15:51:52.600,39.46,25.693002,21,2,osrm
617,delivered,2025-07-03 15:12:05,2025-07-03 15:23:08.747086,2025-07-03 15:23:08.747086,2025-07-03 15:27:50.800,15.763333333333332,0.0,9,3,osrm
618,delivered,2025-07-03 15:13:20,2025-07-03 15:26:49.484004,2025-07-03 15:38:00.300000,2025-07-03 15:46:12.800,32.88,11.180266600000001,13,2,osrm
619,delivered,2025-07-03 15:16:52,2025-07-03 15:33:52.893805,2025-07-03 15:59:09.800000,2025-07-03 16:09:39.200,52.78666666666666,25.28176991666667,19,4,osrm
620,delivered,2025-07-03 15:17:07,2025-07-03 15:27:40.915531,2025-07-03 15:49:33.124689,2025-07-03 15:56:02.500,38.925,21.87015263333333,30,4,osrm
621,delivered,2025-07-03 15:19:14,2025-07-03 15:31:30.139099,2025-07-03 15:43:24.885659,2025-07-03 15:48:21.800,29.13,11.912442666666667,24,2,osrm
622,delivered,2025-07-03 15:21:07,2025-07-03 15:29:01.433070,2025-07-03 15:49:33.124689,2025-07-03 15:56:02.500,34.925,20.52819365,30,4,osrm
623,delivered,2025-07-03 15:21:27,2025-07-03 15:34:53.853198,2025-07-03 15:57:34.400000,2025-07-03 16:03:19.100,41.86833333333333,22.675780033333336,15,2,osrm
624,delivered,2025-07-03 15:21:32,2025-07-03 15:35:30.840967,2025-07-03 15:38:12.300000,2025-07-03 15:41:58.900,20.448333333333334,2.6909838833333333,12,1,osrm
625,delivered,2025-07-03 15:24:43,2025-07-03 15:35:32.861718,2025-07-03 16:02:10.370929,2025-07-03 16:06:14.200,41.519999999999996,26.625153516666668,25,3,osrm
626,delivered,2025-07-03 15:24:11,2025-07-03 15:29:24.912885,2025-07-03 15:59:09.800000,2025-07-03 16:09:39.200,45.47,29.748118583333333,19,4,osrm
627,delivered,2025-07-03 15:25:20,2025-07-03 15:33:51.434397,2025-07-03 15:40:16.900000,2025-07-03 15:42:43.800,17.396666666666665,6.424426716666667,29,1,osrm
628,delivered,2025-07-03 15:26:08,2025-07-03 15:43:24.025592,2025-07-03 15:55:04.700000,2025-07-03 15:58:35.700,32.461666666666666,11.677906799999999,18,1,osrm
629,delivered,2025-07-03 15:27:42,2025-07-03 15:37:30.059230,2025-07-03 15:37:32.100000,2025-07-03 15:39:36.600,11.91,0.03401283333333334,5,1,osrm
630,delivered,2025-07-03 15:28:43,2025-07-03 15:39:03.634526,2025-07-03 15:47:40.700000,2025-07-03 15:56:09.500,27.441666666666666,8.617757899999999,11,3,osrm
631,delivered,2025-07-03 15:29:12,2025-07-03 15:46:06.874764,2025-07-03 16:12:42.882392,2025-07-03 16:15:13.100,46.01833333333333,26.600127133333334,16,3,osrm
632,delivered,2025-07-03 15:30:35,2025-07-03 15:39:12.233502,2025-07-03 15:41:27.500000,2025-07-03 15:44:37.600,14.043333333333333,2.2544416333333337,20,1,osrm
633,delivered,2025-07-03 15:30:50,2025-07-03 15:43:39.151931,2025-07-03 16:16:26.922281,2025-07-03 16:16:47.000,45.95,32.7961725,11,4,osrm
634,delivered,2025-07-03 15:30:39,2025-07-03 15:41:24.520913,2025-07-03 15:59:09.800000,2025-07-03 16:09:39.200,39.00333333333333,17.754651449999997,19,4,osrm
635,delivered,2025-07-03 15:33:07,2025-07-03 15:46:45.832903,2025-07-03 16:12:49.899030,2025-07-03 16:14:55.000,41.8,26.067768783333335,21,3,osrm
636,delivered,2025-07-03 15:33:35,2025-07-03 15:42:58.834467,2025-07-03 16:02:10.370929,2025-07-03 16:06:14.200,32.653333333333336,19.192274366666666,25,3,osrm
637,delivered,2025-07-03 15:34:24,2025-07-03 15:40:09.669110,2025-07-03 15:57:34.400000,2025-07-03 16:03:19.100,28.918333333333333,17.4121815,15,2,osrm
638,delivered,2025-07-03 15:34:31,2025-07-03 15:43:24.885659,2025-07-03 15:53:03.600000,2025-07-03 15:56:24.600,21.89333333333333,9.645239016666666,20,1,osrm
639,delivered,2025-07-03 15:34:37,2025-07-03 15:50:36.077419,2025-07-03 15:50:36.077419,2025-07-03 15:51:52.600,17.259999999999998,0.0,21,2,osrm
640,delivered,2025-07-03 15:34:45,2025-07-03 15:45:38.692982,2025-07-03 15:59:09.800000,2025-07-03 16:09:39.200,34.90333333333333,13.518450300000001,19,4,osrm
641,delivered,2025-07-03 15:35:47,2025-07-03 15:48:33.081563,2025-07-03 16:43:13.662111,2025-07-03 16:41:36.500,65.825,54.67634246666667,10,4,osrm
642,delivered,2025-07-03 15:36:10,2025-07-03 15:49:29.676311,2025-07-03 16:03:42.800000,2025-07-03 16:09:41.000,33.516666666666666,14.21872815,27,2,osrm
643,delivered,2025-07-03 15:37:09,2025-07-03 15:48:22.752553,2025-07-03 16:13:06.200000,2025-07-03 16:22:55.900,45.781666666666666,24.724124116666665,29,4,osrm
644,delivered,2025-07-03 15:37:15,2025-07-03 15:49:33.124689,2025-07-03 16:11:53.039718,2025-07-03 16:13:56.000,36.68333333333333,22.33191715,12,3,osrm
645,delivered,2025-07-03 15:37:57,2025-07-03 15:46:38.659684,2025-07-03 15:48:36.000000,2025-07-03 15:48:35.300,10.638333333333332,1.9556719333333334,25,1,osrm
646,delivered,2025-07-03 15:39:21,2025-07-03 15:46:14.967114,2025-07-03 15:48:52.200000,2025-07-03 15:53:53.900,14.548333333333334,2.6205481,6,1,osrm
647,delivered,2025-07-03 15:40:47,2025-07-03 15:57:31.832842,2025-07-03 16:26:51.068063,2025-07-03 16:25:11.500,44.40833333333333,29.320587016666664,30,4,osrm
648,delivered,2025-07-03 15:40:53,2025-07-03 15:53:47.122869,2025-07-03 16:12:42.882392,2025-07-03 16:15:13.100,34.335,18.92932538333333,16,3,osrm
649,delivered,2025-07-03 15:41:06,2025-07-03 15:54:08.212044,2025-07-03 16:13:06.200000,2025-07-03 16:22:55.900,41.83166666666667,18.966465933333332,29,4,osrm
650,delivered,2025-07-03 15:43:12,2025-07-03 15:49:35.793753,2025-07-03 16:20:40.630435,2025-07-03 16:18:44.900,35.54833333333333,31.08061136666667,23,4,osrm
651,delivered,2025-07-03 15:44:10,2025-07-03 16:01:43.836266,2025-07-03 16:16:26.922281,2025-07-03 16:16:47.000,32.61666666666667,14.718100249999999,11,4,osrm
652,delivered,2025-07-03 15:44:57,2025-07-03 15:59:46.093342,2025-07-03 15:59:46.093342,2025-07-03 16:07:14.500,22.291666666666668,0.0,13,4,osrm
653,delivered,2025-07-03 15:45:19,2025-07-03 15:57:59.633495,2025-07-03 16:13:06.200000,2025-07-03 16:22:55.900,37.615,15.10944175,29,4,osrm
654,delivered,2025-07-03 15:45:42,2025-07-03 15:59:56.909483,2025-07-03 16:20:18.650029,2025-07-03 16:28:02.200,42.336666666666666,20.362342433333332,13,3,osrm
655,delivered,2025-07-03 15:47:13,2025-07-03 15:54:49.330412,2025-07-03 18:45:22.800000,2025-07-03 18:54:46.100,187.55166666666668,170.55782646666665,19,4,osrm
656,delivered,2025-07-03 15:48:46,2025-07-03 16:01:16.570966,2025-07-03 16:57:15.210550,2025-07-03 17:00:10.200,71.40333333333334,55.9773264,8,4,osrm
657,delivered,2025-07-03 15:49:03,2025-07-03 16:04:43.605733,2025-07-03 16:31:14.408369,2025-07-03 16:32:23.700,43.345,26.513377266666666,26,3,osrm
658,delivered,2025-07-03 15:49:13,2025-07-03 15:57:39.960896,2025-07-03 16:45:03.900000,2025-07-03 16:54:20.300,65.12166666666667,47.39898506666667,22,4,osrm
659,delivered,2025-07-03 15:49:52,2025-07-03 16:02:10.370929,2025-07-03 16:02:10.370929,2025-07-03 16:06:14.200,16.37,0.0,25,3,osrm
660,delivered,2025-07-03 15:50:57,2025-07-03 16:01:10.878493,2025-07-03 16:38:07.136526,2025-07-03 16:45:08.000,54.18333333333333,36.93763388333333,30,3,osrm
661,delivered,2025-07-03 15:50:27,2025-07-03 16:03:19.374483,2025-07-03 16:03:42.800000,2025-07-03 16:09:41.000,19.233333333333334,0.3904252833333333,27,2,osrm
662,delivered,2025-07-03 15:51:15,2025-07-03 16:03:32.098122,2025-07-03 16:20:18.650029,2025-07-03 16:28:02.200,36.78666666666666,16.77586511666667,13,3,osrm
663,delivered,2025-07-03 15:51:50,2025-07-03 16:04:17.408117,2025-07-03 16:08:10.900000,2025-07-03 16:19:39.200,27.82,3.891531383333333,28,4,osrm
664,delivered,2025-07-03 15:52:53,2025-07-03 16:03:07.744658,2025-07-03 16:16:26.922281,2025-07-03 16:16:47.000,23.9,13.319627050000001,11,4,osrm
665,delivered,2025-07-03 15:52:09,2025-07-03 16:05:12.937410,2025-07-03 16:19:37.956313,2025-07-03 16:23:57.600,31.81,14.416981716666667,10,2,osrm
666,delivered,2025-07-03 15:53:40,2025-07-03 16:02:07.965904,2025-07-03 16:18:54.500000,2025-07-03 16:23:21.000,29.683333333333334,16.775568266666667,20,4,osrm
667,delivered,2025-07-03 15:53:34,2025-07-03 16:05:29.074702,2025-07-03 16:18:48.200000,2025-07-03 16:22:35.300,29.021666666666665,13.318754966666667,17,4,osrm
668,delivered,2025-07-03 15:53:45,2025-07-03 16:07:19.173060,2025-07-03 16:26:51.068063,2025-07-03 16:25:11.500,31.441666666666666,19.531583383333334,30,4,osrm
669,delivered,2025-07-03 15:54:54,2025-07-03 16:08:32.608082,2025-07-03 16:29:20.523005,2025-07-03 16:32:19.300,37.42166666666667,20.79858205,28,3,osrm
670,delivered,2025-07-03 15:54:21,2025-07-03 16:07:15.120729,2025-07-03 16:51:14.112960,2025-07-03 17:03:51.200,69.50333333333333,43.98320385,19,4,osrm
671,delivered,2025-07-03 15:55:34,2025-07-03 16:08:14.294687,2025-07-03 16:27:34.400000,2025-07-03 16:35:56.400,40.373333333333335,19.335088550000002,16,4,osrm
672,delivered,2025-07-03 15:55:55,2025-07-03 16:10:05.411650,2025-07-03 16:31:14.408369,2025-07-03 16:32:23.700,36.47833333333333,21.149945316666667,26,3,osrm
673,delivered,2025-07-03 15:56:17,2025-07-03 16:09:01.414494,2025-07-03 16:20:40.630435,2025-07-03 16:18:44.900,22.465,11.653599016666668,23,4,osrm
674,delivered,2025-07-03 15:57:46,2025-07-03 16:08:19.045153,2025-07-03 16:30:51.164823,2025-07-03 16:29:36.500,31.841666666666665,22.535327833333334,11,4,osrm
675,delivered,2025-07-03 15:58:42,2025-07-03 16:11:18.837145,2025-07-03 16:13:06.200000,2025-07-03 16:22:55.900,24.23166666666667,1.7893809166666665,29,4,osrm
676,delivered,2025-07-03 15:58:42,2025-07-03 16:15:10.172406,2025-07-03 18:54:51.600000,2025-07-03 19:02:17.700,183.595,159.6904599,10,4,osrm
677,delivered,2025-07-03 15:58:22,2025-07-03 16:12:34.937552,2025-07-03 16:18:54.500000,2025-07-03 16:23:21.000,24.983333333333334,6.3260408,20,4,osrm
678,delivered,2025-07-03 15:58:24,2025-07-03 16:12:49.899030,2025-07-03 16:26:51.068063,2025-07-03 16:25:11.500,26.791666666666668,14.019483883333333,30,4,osrm
679,delivered,2025-07-03 15:59:07,2025-07-03 16:12:42.882392,2025-07-03 16:12:42.882392,2025-07-03 16:15:13.100,16.101666666666667,0.0,16,3,osrm
680,delivered,2025-07-03 15:59:38,2025-07-03 16:11:53.039718,2025-07-03 16:13:18.800000,2025-07-03 16:20:49.700,21.195,1.4293380333333334,15,4,osrm
681,delivered,2025-07-03 15:59:30,2025-07-03 16:09:49.961286,2025-07-03 16:27:46.802885,2025-07-03 16:34:58.400,35.473333333333336,17.947359983333335,14,3,osrm
682,delivered,2025-07-03 16:02:48,2025-07-03 16:12:18.305778,2025-07-03 16:27:34.400000,2025-07-03 16:35:56.400,33.14,15.268237033333332,16,4,osrm
683,delivered,2025-07-03 16:03:36,2025-07-03 16:19:37.956313,2025-07-03 16:19:37.956313,2025-07-03 16:23:57.600,20.36,0.0,10,2,osrm
684,delivered,2025-07-03 16:03:48,2025-07-03 16:15:14.096690,2025-07-03 16:30:51.164823,2025-07-03 16:29:36.500,25.808333333333334,15.617802216666666,11,4,osrm
685,delivered,2025-07-03 16:03:33,2025-07-03 16:12:54.775389,2025-07-03 16:41:51.485783,2025-07-03 16:47:56.700,44.394999999999996,28.945173233333332,24,4,osrm
686,delivered,2025-07-03 16:04:04,2025-07-03 16:09:04.000000,2025-07-03 16:30:51.164823,2025-07-03 16:29:36.500,25.541666666666668,21.786080383333335,11,4,osrm
687,delivered,2025-07-03 16:04:53,2025-07-03 16:16:18.730683,2025-07-03 18:12:06.800000,2025-07-03 18:20:36.200,135.72,115.80115528333334,15,4,osrm
688,delivered,2025-07-03 16:04:01,2025-07-03 16:19:30.083010,2025-07-03 16:20:40.630435,2025-07-03 16:18:44.900,14.731666666666666,1.1757904166666668,23,4,osrm
689,delivered,2025-07-03 16:04:30,2025-07-03 16:16:26.922281,2025-07-03 16:16:26.922281,2025-07-03 16:16:47.000,12.283333333333333,0.0,11,4,osrm
690,delivered,2025-07-03 16:05:34,2025-07-03 16:21:24.503003,2025-07-03 16:27:46.802885,2025-07-03 16:34:58.400,29.40666666666667,6.3716647,14,3,osrm
691,delivered,2025-07-03 16:05:38,2025-07-03 16:17:38.485685,2025-07-03 16:18:54.500000,2025-07-03 16:23:21.000,17.716666666666665,1.26690525,20,4,osrm
692,delivered,2025-07-03 16:05:15,2025-07-03 16:18:25.133910,2025-07-03 16:41:51.485783,2025-07-03 16:47:56.700,42.695,23.439197883333335,24,4,osrm
693,delivered,2025-07-03 16:06:44,2025-07-03 16:20:40.630435,2025-07-03 16:20:40.630435,2025-07-03 16:18:44.900,12.014999999999999,0.0,23,4,osrm
694,delivered,2025-07-03 16:08:14,2025-07-03 16:21:30.111425,2025-07-03 17:00:48.677885,2025-07-03 17:06:09.900,57.931666666666665,39.309441,9,4,osrm
695,delivered,2025-07-03 16:08:08,2025-07-03 16:22:56.990541,2025-07-03 17:02:29.104408,2025-07-03 17:08:19.000,60.18333333333333,39.535231116666665,23,4,osrm
696,delivered,2025-07-03 16:09:12,2025-07-03 16:23:00.307329,2025-07-03 18:52:10.000000,2025-07-03 19:00:25.500,171.225,149.16154451666668,24,4,osrm
697,delivered,2025-07-03 16:09:49,2025-07-03 16:16:57.790638,2025-07-03 19:48:59.800000,2025-07-03 19:52:22.000,222.55,212.03348936666669,4,1,osrm
698,delivered,2025-07-03 16:10:10,2025-07-03 16:20:08.220830,2025-07-03 16:27:34.400000,2025-07-03 16:35:56.400,25.773333333333333,7.4363195,16,4,osrm
699,delivered,2025-07-03 16:10:09,2025-07-03 16:25:55.788092,2025-07-03 17:00:58.960949,2025-07-03 17:06:23.900,56.248333333333335,35.05288095,24,3,osrm
700,delivered,2025-07-03 16:10:15,2025-07-03 16:21:34.462777,2025-07-03 17:02:15.035093,2025-07-03 17:01:19.000,51.06666666666667,40.67620526666666,1,4,osrm
701,delivered,2025-07-03 16:11:25,2025-07-03 16:20:18.650029,2025-07-03 16:20:18.650029,2025-07-03 16:28:02.200,16.62,0.0,13,3,osrm
702,delivered,2025-07-03 16:11:28,2025-07-03 16:26:51.068063,2025-07-03 16:26:51.068063,2025-07-03 16:25:11.500,13.725,0.0,30,4,osrm
703,delivered,2025-07-03 16:12:30,2025-07-03 16:20:13.668975,2025-07-03 16:44:45.803049,2025-07-03 16:41:57.900,29.465,24.5355679,1,3,osrm
704,delivered,2025-07-03 16:12:57,2025-07-03 16:26:59.277261,2025-07-03 16:27:34.400000,2025-07-03 16:35:56.400,22.990000000000002,0.5853789833333334,16,4,osrm
705,delivered,2025-07-03 16:13:10,2025-07-03 16:29:41.930553,2025-07-03 16:53:05.937554,2025-07-03 17:01:52.400,48.70666666666667,23.400116683333334,10,4,osrm
706,delivered,2025-07-03 16:13:18,2025-07-03 16:21:48.426797,2025-07-03 16:57:53.096277,2025-07-03 17:07:15.200,53.95333333333333,36.077824666666665,2,4,osrm
707,delivered,2025-07-03 16:14:04,2025-07-03 16:23:53.978338,2025-07-03 16:43:13.662111,2025-07-03 16:41:36.500,27.541666666666668,19.328062883333335,10,4,osrm
708,delivered,2025-07-03 16:14:10,2025-07-03 16:25:55.796714,2025-07-03 16:29:20.523005,2025-07-03 16:32:19.300,18.154999999999998,3.41210485,28,3,osrm
709,delivered,2025-07-03 16:14:41,2025-07-03 16:27:49.817771,2025-07-03 16:41:51.485783,2025-07-03 16:47:56.700,33.26166666666667,14.0278002,24,4,osrm
710,delivered,2025-07-03 16:15:55,2025-07-03 16:27:28.294645,2025-07-03 18:43:11.300000,2025-07-03 18:51:19.200,155.40333333333334,135.71675591666667,13,4,osrm
711,delivered,2025-07-03 16:15:50,2025-07-03 16:21:38.828807,2025-07-03 16:57:44.640738,2025-07-03 17:07:24.800,51.580000000000005,36.09686551666667,6,4,osrm
712,delivered,2025-07-03 16:16:44,2025-07-03 16:29:17.566938,2025-07-03 17:04:52.517346,2025-07-03 17:10:54.400,54.17333333333333,35.582506800000004,28,3,osrm
713,delivered,2025-07-03 16:16:30,2025-07-03 16:28:28.472945,2025-07-03 16:28:28.472945,2025-07-03 16:32:48.800,16.313333333333333,0.0,12,3,osrm
714,delivered,2025-07-03 16:16:45,2025-07-03 16:27:46.802885,2025-07-03 16:27:46.802885,2025-07-03 16:34:58.400,18.223333333333336,0.0,14,3,osrm
715,delivered,2025-07-03 16:16:54,2025-07-03 16:24:32.131319,2025-07-03 17:11:32.463906,2025-07-03 17:16:36.300,59.705000000000005,47.005543116666665,7,3,osrm
716,delivered,2025-07-03 16:17:35,2025-07-03 16:31:14.408369,2025-07-03 16:31:14.408369,2025-07-03 16:32:23.700,14.811666666666667,0.0,26,3,osrm
717,delivered,2025-07-03 16:17:25,2025-07-03 16:34:49.024239,2025-07-03 16:38:50.160700,2025-07-03 16:49:04.700,31.66166666666667,4.018941016666667,3,4,osrm
718,delivered,2025-07-03 16:17:04,2025-07-03 16:26:36.455396,2025-07-03 16:52:14.806011,2025-07-03 16:55:46.600,38.71,25.639176916666667,20,4,osrm
719,delivered,2025-07-03 16:17:40,2025-07-03 16:29:20.523005,2025-07-03 16:29:20.523005,2025-07-03 16:32:19.300,14.655,0.0,28,3,osrm
720,delivered,2025-07-03 16:17:35,2025-07-03 16:29:11.046573,2025-07-03 16:54:22.453617,2025-07-03 17:00:26.400,42.85666666666667,25.190117400000002,26,3,osrm
721,delivered,2025-07-03 16:18:19,2025-07-03 16:30:51.164823,2025-07-03 16:30:51.164823,2025-07-03 16:29:36.500,11.291666666666666,0.0,11,4,osrm
722,delivered,2025-07-03 16:18:41,2025-07-03 16:31:30.230167,2025-07-03 16:38:07.136526,2025-07-03 16:45:08.000,26.45,6.615105983333334,30,3,osrm
723,delivered,2025-07-03 16:18:00,2025-07-03 16:36:38.575564,2025-07-03 17:21:18.334805,2025-07-03 17:27:52.400,69.87333333333332,44.66265401666667,21,4,osrm
724,delivered,2025-07-03 16:19:52,2025-07-03 16:27:18.931485,2025-07-03 17:06:52.238948,2025-07-03 17:13:27.000,53.583333333333336,39.555124383333336,17,4,osrm
725,delivered,2025-07-03 16:19:58,2025-07-03 16:35:23.804869,2025-07-03 18:52:13.200000,2025-07-03 19:01:57.100,161.985,136.82325218333332,30,4,osrm
726,delivered,2025-07-03 16:20:55,2025-07-03 16:32:46.316898,2025-07-03 18:28:00.500000,2025-07-03 18:36:38.900,135.73166666666665,115.23638503333333,17,4,osrm
727,delivered,2025-07-03 16:21:55,2025-07-03 16:30:21.539933,2025-07-03 17:18:01.087882,2025-07-03 17:23:51.400,61.940000000000005,47.65913248333333,26,4,osrm
728,delivered,2025-07-03 16:21:40,2025-07-03 16:28:03.418772,2025-07-03 16:57:53.096277,2025-07-03 17:07:15.200,45.586666666666666,29.827958416666668,2,4,osrm
729,delivered,2025-07-03 16:22:49,2025-07-03 16:35:37.767285,2025-07-03 17:03:25.835817,2025-07-03 17:07:08.700,44.32833333333333,27.8011422,30,4,osrm
730,delivered,2025-07-03 16:22:58,2025-07-03 16:30:46.693205,2025-07-03 16:44:14.324915,2025-07-03 16:52:24.700,29.445,13.4605285,28,4,osrm
731,delivered,2025-07-03 16:23:53,2025-07-03 16:36:17.932061,2025-07-03 17:06:52.238948,2025-07-03 17:13:27.000,49.56666666666667,30.57178145,17,4,osrm
732,delivered,2025-07-03 16:23:01,2025-07-03 16:41:51.485783,2025-07-03 16:41:51.485783,2025-07-03 16:47:56.700,24.928333333333335,0.0,24,4,osrm
733,delivered,2025-07-03 16:25:15,2025-07-03 16:34:28.894121,2025-07-03 18:29:57.100000,2025-07-03 18:36:37.600,131.37666666666667,115.47009798333333,3,4,osrm
734,delivered,2025-07-03 16:26:15,2025-07-03 16:40:56.627200,2025-07-03 17:21:18.334805,2025-07-03 17:27:52.400,61.623333333333335,40.361793416666664,21,4,osrm
735,delivered,2025-07-03 16:26:14,2025-07-03 16:38:07.136526,2025-07-03 16:38:07.136526,2025-07-03 16:45:08.000,18.9,0.0,30,3,osrm
736,delivered,2025-07-03 16:27:19,2025-07-03 16:38:53.238915,2025-07-03 18:34:36.700000,2025-07-03 18:42:48.800,135.49666666666667,115.72435141666666,5,4,osrm
737,delivered,2025-07-03 16:27:54,2025-07-03 16:36:28.216360,2025-07-03 16:51:14.112960,2025-07-03 17:03:51.200,35.95333333333333,14.764943333333333,19,4,osrm
738,delivered,2025-07-03 16:27:54,2025-07-03 16:42:36.630839,2025-07-03 17:02:15.035093,2025-07-03 17:01:19.000,33.416666666666664,19.6400709,1,4,osrm
739,delivered,2025-07-03 16:27:52,2025-07-03 16:42:48.117690,2025-07-03 17:05:24.982066,2025-07-03 17:11:47.400,43.92333333333333,22.614406266666666,22,4,osrm
740,delivered,2025-07-03 16:28:33,2025-07-03 16:40:43.416144,2025-07-03 17:02:15.035093,2025-07-03 17:01:19.000,32.766666666666666,21.52698248333333,1,4,osrm
741,delivered,2025-07-03 16:28:00,2025-07-03 16:44:45.803049,2025-07-03 16:44:45.803049,2025-07-03 16:41:57.900,13.965,0.0,1,3,osrm
742,delivered,2025-07-03 16:28:04,2025-07-03 16:41:13.266029,2025-07-03 16:44:45.803049,2025-07-03 16:41:57.900,13.898333333333333,3.542283666666667,1,3,osrm
743,delivered,2025-07-03 16:28:32,2025-07-03 16:35:04.008285,2025-07-03 19:10:54.300000,2025-07-03 19:21:33.400,173.02333333333334,155.83819524999998,7,4,osrm
744,delivered,2025-07-03 16:28:30,2025-07-03 16:40:41.037446,2025-07-03 17:06:33.041824,2025-07-03 17:13:33.900,45.065000000000005,25.866739633333335,29,4,osrm
745,delivered,2025-07-03 16:28:29,2025-07-03 16:40:36.165346,2025-07-03 19:17:58.900000,2025-07-03 19:26:46.600,178.29333333333335,157.3789109,11,4,osrm
746,delivered,2025-07-03 16:29:12,2025-07-03 16:42:50.732317,2025-07-03 16:59:58.171085,2025-07-03 17:05:43.200,36.519999999999996,17.123979466666665,15,4,osrm
747,delivered,2025-07-03 16:29:09,2025-07-03 16:36:59.683339,2025-07-03 16:51:14.112960,2025-07-03 17:03:51.200,34.70333333333333,14.240493683333334,19,4,osrm
748,delivered,2025-07-03 16:29:38,2025-07-03 16:43:13.662111,2025-07-03 16:43:13.662111,2025-07-03 16:41:36.500,11.975,0.0,10,4,osrm
749,delivered,2025-07-03 16:29:57,2025-07-03 16:44:54.317574,2025-07-03 17:18:01.087882,2025-07-03 17:23:51.400,53.906666666666666,33.112838466666666,26,4,osrm
750,delivered,2025-07-03 16:29:23,2025-07-03 16:40:54.227531,2025-07-03 16:43:13.662111,2025-07-03 16:41:36.500,12.225,2.3239096666666668,10,4,osrm
751,delivered,2025-07-03 16:29:10,2025-07-03 16:39:06.962527,2025-07-03 19:19:50.200000,2025-07-03 19:28:19.600,179.16,160.72062455,23,4,osrm
752,delivered,2025-07-03 16:30:18,2025-07-03 16:45:36.387481,2025-07-03 17:05:24.982066,2025-07-03 17:11:47.400,41.49,19.80990975,22,4,osrm
753,delivered,2025-07-03 16:30:36,2025-07-03 16:41:33.547889,2025-07-03 16:57:15.210550,2025-07-03 17:00:10.200,29.57,15.694377683333332,8,4,osrm
754,delivered,2025-07-03 16:30:11,2025-07-03 16:42:22.572756,2025-07-03 16:53:05.937554,2025-07-03 17:01:52.400,31.69,10.722746633333333,10,4,osrm
755,delivered,2025-07-03 16:30:48,2025-07-03 16:44:14.324915,2025-07-03 16:52:51.701185,2025-07-03 16:59:46.600,28.976666666666667,8.622937833333333,5,4,osrm
756,delivered,2025-07-03 16:30:46,2025-07-03 16:44:26.455612,2025-07-03 17:35:39.745795,2025-07-03 17:35:18.200,64.53666666666666,51.22150305,20,4,osrm
757,delivered,2025-07-03 16:30:40,2025-07-03 16:38:50.160700,2025-07-03 16:38:50.160700,2025-07-03 16:49:04.700,18.41166666666667,0.0,3,4,osrm
758,delivered,2025-07-03 16:30:29,2025-07-03 16:35:33.707797,2025-07-03 17:02:23.979017,2025-07-03 17:07:33.500,37.075,26.837853666666668,3,4,osrm
759,delivered,2025-07-03 16:31:12,2025-07-03 16:39:28.116474,2025-07-03 18:34:36.700000,2025-07-03 18:42:48.800,131.61333333333334,115.14305876666667,5,4,osrm
760,delivered,2025-07-03 16:31:46,2025-07-03 16:46:06.948918,2025-07-03 19:36:38.400000,2025-07-03 19:45:17.300,193.52166666666665,170.5241847,2,3,osrm
761,delivered,2025-07-03 16:32:00,2025-07-03 16:40:34.570105,2025-07-03 18:50:26.700000,2025-07-03 18:58:37.200,146.62,129.86883158333333,28,4,osrm
762,delivered,2025-07-03 16:32:20,2025-07-03 16:42:26.874206,2025-07-03 19:39:12.700000,2025-07-03 19:44:54.000,192.56666666666666,176.76376323333335,28,2,osrm
763,delivered,2025-07-03 16:33:56,2025-07-03 16:42:26.402644,2025-07-03 17:39:22.194448,2025-07-03 17:42:26.700,68.51166666666667,56.9298634,24,4,osrm
764,delivered,2025-07-03 16:33:50,2025-07-03 16:48:23.213482,2025-07-03 17:16:43.491566,2025-07-03 17:23:46.500,49.94166666666667,28.33796806666667,19,4,osrm
765,delivered,2025-07-03 16:34:27,2025-07-03 16:45:16.360732,2025-07-03 19:19:50.200000,2025-07-03 19:28:19.600,173.87666666666667,154.5639878,23,4,osrm
766,delivered,2025-07-03 16:34:46,2025-07-03 16:47:29.901404,2025-07-03 18:50:26.700000,2025-07-03 18:58:37.200,143.85333333333335,122.94664326666665,28,4,osrm
767,delivered,2025-07-03 16:35:46,2025-07-03 16:43:27.743731,2025-07-03 17:27:52.554157,2025-07-03 17:31:53.400,56.123333333333335,44.4135071,30,3,osrm
768,delivered,2025-07-03 16:35:40,2025-07-03 16:42:54.791657,2025-07-03 17:02:29.104408,2025-07-03 17:08:19.000,32.65,19.571879183333333,23,4,osrm
769,delivered,2025-07-03 16:36:35,2025-07-03 16:52:14.806011,2025-07-03 16:52:14.806011,2025-07-03 16:55:46.600,19.19333333333333,0.0,20,4,osrm
770,delivered,2025-07-03 16:37:29,2025-07-03 16:51:22.482148,2025-07-03 16:57:44.640738,2025-07-03 17:07:24.800,29.93,6.369309833333333,6,4,osrm
771,delivered,2025-07-03 16:37:24,2025-07-03 16:44:44.007078,2025-07-03 17:22:24.202423,2025-07-03 17:26:29.100,49.085,37.669922416666665,11,4,osrm
772,delivered,2025-07-03 16:40:57,2025-07-03 16:51:27.749961,2025-07-03 17:15:36.968191,2025-07-03 17:22:24.300,41.455000000000005,24.153637166666666,8,4,osrm
773,delivered,2025-07-03 16:41:11,2025-07-03 16:53:05.937554,2025-07-03 16:53:05.937554,2025-07-03 17:01:52.400,20.69,0.0,10,4,osrm
774,delivered,2025-07-03 16:41:22,2025-07-03 16:57:53.096277,2025-07-03 17:00:12.198931,2025-07-03 17:09:38.100,28.26833333333333,2.318377566666667,18,4,osrm
775,delivered,2025-07-03 16:41:41,2025-07-03 16:51:14.112960,2025-07-03 16:51:14.112960,2025-07-03 17:03:51.200,22.17,0.0,19,4,osrm
776,delivered,2025-07-03 16:41:30,2025-07-03 16:53:11.680803,2025-07-03 16:57:44.640738,2025-07-03 17:07:24.800,25.913333333333334,4.54933225,6,4,osrm
777,delivered,2025-07-03 16:41:11,2025-07-03 16:58:04.949037,2025-07-03 17:16:43.491566,2025-07-03 17:23:46.500,42.59166666666667,18.642375483333335,19,4,osrm
778,delivered,2025-07-03 16:41:59,2025-07-03 16:50:30.632341,2025-07-03 17:18:13.082343,2025-07-03 17:23:47.100,41.80166666666666,27.707500033333336,24,2,osrm
779,delivered,2025-07-03 16:42:49,2025-07-03 16:52:00.771731,2025-07-03 17:04:52.517346,2025-07-03 17:10:54.400,28.09,12.862426916666667,28,3,osrm
780,delivered,2025-07-03 16:42:22,2025-07-03 16:55:56.157877,2025-07-03 17:16:22.626378,2025-07-03 17:20:44.800,38.38,20.441141683333335,10,4,osrm
781,delivered,2025-07-03 16:43:42,2025-07-03 17:00:30.016082,2025-07-03 17:28:30.681981,2025-07-03 17:31:41.500,47.99166666666667,28.01109831666667,12,4,osrm
782,delivered,2025-07-03 16:44:10,2025-07-03 16:55:32.136672,2025-07-03 17:00:12.198931,2025-07-03 17:09:38.100,25.46833333333333,4.667704316666667,18,4,osrm
783,delivered,2025-07-03 16:44:15,2025-07-03 16:52:51.701185,2025-07-03 16:57:15.210550,2025-07-03 17:00:10.200,15.92,4.39182275,8,4,osrm
784,delivered,2025-07-03 16:44:07,2025-07-03 16:54:22.453617,2025-07-03 17:03:25.835817,2025-07-03 17:07:08.700,23.028333333333332,9.05637,30,4,osrm
785,delivered,2025-07-03 16:44:59,2025-07-03 16:57:15.210550,2025-07-03 16:57:15.210550,2025-07-03 17:00:10.200,15.186666666666667,0.0,8,4,osrm
786,delivered,2025-07-03 16:45:27,2025-07-03 16:54:43.284562,2025-07-03 17:06:52.238948,2025-07-03 17:13:27.000,28.0,12.149239766666666,17,4,osrm
787,delivered,2025-07-03 16:46:57,2025-07-03 17:00:21.109113,2025-07-03 17:21:23.051860,2025-07-03 17:19:49.700,32.87833333333334,21.032379116666668,25,2,osrm
788,delivered,2025-07-03 16:46:12,2025-07-03 16:57:44.640738,2025-07-03 16:57:44.640738,2025-07-03 17:07:24.800,21.21333333333333,0.0,6,4,osrm
789,delivered,2025-07-03 16:46:25,2025-07-03 16:56:50.255128,2025-07-03 17:02:23.979017,2025-07-03 17:07:33.500,21.141666666666666,5.562064816666666,3,4,osrm
790,delivered,2025-07-03 16:47:57,2025-07-03 17:02:15.035093,2025-07-03 17:02:15.035093,2025-07-03 17:01:19.000,13.366666666666667,0.0,1,4,osrm
791,delivered,2025-07-03 16:47:48,2025-07-03 17:02:29.104408,2025-07-03 17:02:29.104408,2025-07-03 17:08:19.000,20.516666666666666,0.0,23,4,osrm
792,delivered,2025-07-03 16:47:26,2025-07-03 16:57:43.800117,2025-07-03 17:05:24.982066,2025-07-03 17:11:47.400,24.35666666666667,7.686365816666666,22,4,osrm
793,delivered,2025-07-03 16:48:25,2025-07-03 17:01:56.342174,2025-07-03 19:14:28.800000,2025-07-03 19:22:09.600,153.74333333333334,132.54096376666666,15,2,osrm
794,delivered,2025-07-03 16:48:15,2025-07-03 17:02:13.531666,2025-07-03 19:11:02.405285,2025-07-03 19:18:51.200,150.60333333333335,128.81456031666667,16,4,osrm
795,delivered,2025-07-03 16:48:25,2025-07-03 16:56:10.777377,2025-07-03 17:26:59.194474,2025-07-03 17:32:37.100,44.20166666666667,30.806951616666666,5,4,osrm
796,delivered,2025-07-03 16:49:24,2025-07-03 16:59:50.212401,2025-07-03 17:33:19.516606,2025-07-03 17:39:18.300,49.905,33.488403416666664,13,4,osrm
797,delivered,2025-07-03 16:49:44,2025-07-03 17:00:48.677885,2025-07-03 17:00:58.960949,2025-07-03 17:06:23.900,16.665,0.1713844,24,3,osrm
798,delivered,2025-07-03 16:49:04,2025-07-03 16:59:58.171085,2025-07-03 16:59:58.171085,2025-07-03 17:05:43.200,16.653333333333332,0.0,15,4,osrm
799,delivered,2025-07-03 16:50:46,2025-07-03 17:07:58.332861,2025-07-03 17:55:08.571396,2025-07-03 17:55:08.900,64.38166666666667,47.17064225,28,4,osrm
800,delivered,2025-07-03 16:50:11,2025-07-03 17:03:25.835817,2025-07-03 17:03:25.835817,2025-07-03 17:07:08.700,16.961666666666666,0.0,30,4,osrm
801,delivered,2025-07-03 16:50:40,2025-07-03 17:00:58.960949,2025-07-03 17:00:58.960949,2025-07-03 17:06:23.900,15.731666666666666,0.0,24,3,osrm
802,delivered,2025-07-03 16:50:39,2025-07-03 17:04:52.517346,2025-07-03 17:04:52.517346,2025-07-03 17:10:54.400,20.256666666666668,0.0,28,3,osrm
803,delivered,2025-07-03 16:50:26,2025-07-03 17:08:17.209026,2025-07-03 17:54:33.100000,2025-07-03 18:00:09.300,69.72166666666666,46.26484956666666,4,4,osrm
804,delivered,2025-07-03 16:51:00,2025-07-03 17:02:26.655539,2025-07-03 17:21:18.334805,2025-07-03 17:27:52.400,36.873333333333335,18.8613211,21,4,osrm
805,delivered,2025-07-03 16:51:37,2025-07-03 16:58:24.709798,2025-07-03 17:24:09.591178,2025-07-03 17:29:11.200,37.57,25.748023,28,3,osrm
806,delivered,2025-07-03 16:51:53,2025-07-03 17:07:51.480694,2025-07-03 18:12:06.800000,2025-07-03 18:20:36.200,88.72,64.25532176666667,15,4,osrm
807,delivered,2025-07-03 16:51:13,2025-07-03 17:00:41.861908,2025-07-03 17:26:30.717897,2025-07-03 17:34:54.000,43.68333333333333,25.81426648333333,22,4,osrm
808,delivered,2025-07-03 16:52:20,2025-07-03 17:06:52.238948,2025-07-03 17:06:52.238948,2025-07-03 17:13:27.000,21.116666666666667,0.0,17,4,osrm
809,delivered,2025-07-03 16:52:19,2025-07-03 16:59:36.734100,2025-07-03 17:00:48.677885,2025-07-03 17:06:09.900,13.848333333333333,1.1990630833333333,9,4,osrm
810,delivered,2025-07-03 16:52:12,2025-07-03 17:04:25.599452,2025-07-03 17:45:14.207229,2025-07-03 17:41:49.600,49.626666666666665,40.81012961666667,29,4,osrm
811,delivered,2025-07-03 16:53:41,2025-07-03 17:00:12.198931,2025-07-03 17:11:32.463906,2025-07-03 17:16:36.300,22.921666666666667,11.337749583333334,7,3,osrm
812,delivered,2025-07-03 16:53:29,2025-07-03 17:10:21.190509,2025-07-03 17:50:12.000000,2025-07-03 17:53:42.800,60.230000000000004,39.84682485,16,4,osrm
813,delivered,2025-07-03 16:54:55,2025-07-03 17:03:52.432202,2025-07-03 17:45:14.853424,2025-07-03 17:50:51.000,55.93333333333333,41.37368703333333,6,3,osrm
814,delivered,2025-07-03 16:54:19,2025-07-03 17:11:54.430575,2025-07-03 17:46:45.422432,2025-07-03 17:57:35.900,63.281666666666666,34.84986428333333,14,4,osrm
815,delivered,2025-07-03 16:54:05,2025-07-03 17:02:23.979017,2025-07-03 17:16:22.626378,2025-07-03 17:20:44.800,26.663333333333334,13.977456016666668,10,4,osrm
816,delivered,2025-07-03 16:54:37,2025-07-03 17:12:15.122650,2025-07-03 17:29:55.258799,2025-07-03 17:32:29.900,37.88166666666667,17.668935816666664,7,3,osrm
817,delivered,2025-07-03 16:55:39,2025-07-03 17:06:33.041824,2025-07-03 17:06:33.041824,2025-07-03 17:13:33.900,17.915000000000003,0.0,29,4,osrm
818,delivered,2025-07-03 16:55:07,2025-07-03 17:13:00.029146,2025-07-03 17:15:36.968191,2025-07-03 17:22:24.300,27.288333333333334,2.61565075,8,4,osrm
819,delivered,2025-07-03 16:55:58,2025-07-03 17:08:46.312596,2025-07-03 17:26:30.717897,2025-07-03 17:34:54.000,38.93333333333333,17.74008835,22,4,osrm
820,delivered,2025-07-03 16:55:41,2025-07-03 17:11:32.463906,2025-07-03 17:11:32.463906,2025-07-03 17:16:36.300,20.921666666666667,0.0,7,3,osrm
821,delivered,2025-07-03 16:55:07,2025-07-03 17:03:45.455227,2025-07-03 17:34:51.190439,2025-07-03 17:47:22.200,52.25333333333333,31.095586866666668,15,4,osrm
822,delivered,2025-07-03 16:55:06,2025-07-03 17:05:24.982066,2025-07-03 17:05:24.982066,2025-07-03 17:11:47.400,16.69,0.0,22,4,osrm
823,delivered,2025-07-03 16:55:32,2025-07-03 17:08:22.280605,2025-07-03 17:29:16.073608,2025-07-03 17:39:25.100,43.885,20.89655005,25,4,osrm
824,delivered,2025-07-03 16:56:56,2025-07-03 17:08:05.047064,2025-07-03 17:16:43.491566,2025-07-03 17:23:46.500,26.841666666666665,8.640741700000001,19,4,osrm
825,delivered,2025-07-03 16:56:16,2025-07-03 17:08:24.690419,2025-07-03 17:57:35.800000,2025-07-03 18:10:13.700,73.96166666666666,49.18515968333334,11,4,osrm
826,delivered,2025-07-03 16:56:47,2025-07-03 17:12:53.753516,2025-07-03 17:55:08.571396,2025-07-03 17:55:08.900,58.365,42.24696466666667,28,4,osrm
827,delivered,2025-07-03 16:57:06,2025-07-03 17:12:23.446337,2025-07-03 17:43:12.133567,2025-07-03 17:47:01.700,49.92833333333333,30.811453833333335,11,3,osrm
828,delivered,2025-07-03 17:00:42,2025-07-03 17:11:58.566078,2025-07-03 17:43:12.133567,2025-07-03 17:47:01.700,46.32833333333333,31.226124816666665,11,3,osrm
829,delivered,2025-07-03 17:01:02,2025-07-03 17:06:49.883342,2025-07-03 18:28:00.500000,2025-07-03 18:36:38.900,95.615,81.1769443,17,4,osrm
830,delivered,2025-07-03 17:01:29,2025-07-03 17:13:25.456893,2025-07-03 17:34:07.140226,2025-07-03 17:39:26.000,37.95,20.694722216666666,2,4,osrm
831,delivered,2025-07-03 17:01:31,2025-07-03 17:15:37.737087,2025-07-03 17:48:27.890043,2025-07-03 17:52:03.900,50.54833333333333,32.8358826,12,4,osrm
832,delivered,2025-07-03 17:01:37,2025-07-03 17:15:38.643612,2025-07-03 17:34:07.140226,2025-07-03 17:39:26.000,37.81666666666667,18.474943566666663,2,4,osrm
833,delivered,2025-07-03 17:02:07,2025-07-03 17:12:37.365073,2025-07-03 17:20:41.147443,2025-07-03 17:27:53.200,25.77,8.0630395,27,3,osrm
834,delivered,2025-07-03 17:02:16,2025-07-03 17:12:22.498154,2025-07-03 17:34:07.140226,2025-07-03 17:39:26.000,37.166666666666664,21.744034533333334,2,4,osrm
835,delivered,2025-07-03 17:02:55,2025-07-03 17:16:22.626378,2025-07-03 17:29:55.258799,2025-07-03 17:32:29.900,29.581666666666667,13.543873683333334,7,3,osrm
836,delivered,2025-07-03 17:03:13,2025-07-03 17:17:20.730218,2025-07-03 17:24:09.591178,2025-07-03 17:29:11.200,25.970000000000002,6.814349333333333,28,3,osrm
837,delivered,2025-07-03 17:03:27,2025-07-03 17:18:25.273843,2025-07-03 17:33:19.516606,2025-07-03 17:39:18.300,35.855000000000004,14.90404605,13,4,osrm
838,delivered,2025-07-03 17:03:06,2025-07-03 17:17:25.149151,2025-07-03 17:19:08.978792,2025-07-03 17:26:12.100,23.101666666666667,1.7304940166666667,4,4,osrm
839,delivered,2025-07-03 17:03:44,2025-07-03 17:15:21.303322,2025-07-03 17:46:45.422432,2025-07-03 17:57:35.900,53.865,31.40198516666667,14,4,osrm
840,delivered,2025-07-03 17:03:27,2025-07-03 17:12:51.399322,2025-07-03 18:33:26.400000,2025-07-03 18:44:32.700,101.095,80.58334463333334,10,4,osrm
841,delivered,2025-07-03 17:03:29,2025-07-03 17:15:36.968191,2025-07-03 17:15:36.968191,2025-07-03 17:22:24.300,18.921666666666667,0.0,8,4,osrm
842,delivered,2025-07-03 17:04:48,2025-07-03 17:19:08.632582,2025-07-03 19:39:12.700000,2025-07-03 19:44:54.000,160.1,140.0677903,28,2,osrm
843,delivered,2025-07-03 17:04:20,2025-07-03 17:13:19.103236,2025-07-03 18:48:26.400000,2025-07-03 18:59:11.800,114.86333333333333,95.12161273333332,12,2,osrm
844,delivered,2025-07-03 17:05:34,2025-07-03 17:14:30.397759,2025-07-03 17:30:23.028093,2025-07-03 17:35:59.400,30.423333333333336,15.877172233333333,16,3,osrm
845,delivered,2025-07-03 17:05:19,2025-07-03 17:17:50.557664,2025-07-03 19:20:33.700000,2025-07-03 19:32:57.500,147.64166666666668,122.71903893333334,25,3,osrm
846,delivered,2025-07-03 17:05:33,2025-07-03 17:16:38.283411,2025-07-03 17:28:30.681981,2025-07-03 17:31:41.500,26.141666666666666,11.8733095,12,4,osrm
847,delivered,2025-07-03 17:06:11,2025-07-03 17:15:51.062375,2025-07-03 17:48:27.890043,2025-07-03 17:48:34.600,42.39333333333333,32.61379446666667,21,4,osrm
848,delivered,2025-07-03 17:06:01,2025-07-03 17:18:01.087882,2025-07-03 17:27:52.554157,2025-07-03 17:31:53.400,25.873333333333335,9.85777125,30,3,osrm
849,delivered,2025-07-03 17:06:54,2025-07-03 17:19:08.582271,2025-07-03 17:35:39.745795,2025-07-03 17:35:18.200,28.403333333333332,16.51939206666667,20,4,osrm
850,delivered,2025-07-03 17:06:50,2025-07-03 17:16:43.491566,2025-07-03 17:16:43.491566,2025-07-03 17:23:46.500,16.941666666666666,0.0,19,4,osrm
851,delivered,2025-07-03 17:07:37,2025-07-03 17:18:13.082343,2025-07-03 17:18:13.082343,2025-07-03 17:23:47.100,16.168333333333333,0.0,24,2,osrm
852,delivered,2025-07-03 17:07:05,2025-07-03 17:15:51.527011,2025-07-03 17:42:56.916106,2025-07-03 17:46:48.200,39.72,27.08981825,9,4,osrm
853,delivered,2025-07-03 17:07:51,2025-07-03 17:23:50.450482,2025-07-03 17:34:51.190439,2025-07-03 17:47:22.200,39.519999999999996,11.012332616666667,15,4,osrm
854,delivered,2025-07-03 17:07:17,2025-07-03 17:20:41.147443,2025-07-03 17:20:41.147443,2025-07-03 17:27:53.200,20.603333333333335,0.0,27,3,osrm
855,delivered,2025-07-03 17:07:05,2025-07-03 17:14:29.267510,2025-07-03 17:35:39.745795,2025-07-03 17:35:18.200,28.220000000000002,21.17463808333333,20,4,osrm
856,delivered,2025-07-03 17:07:27,2025-07-03 17:21:18.334805,2025-07-03 17:21:18.334805,2025-07-03 17:27:52.400,20.423333333333336,0.0,21,4,osrm
857,delivered,2025-07-03 17:07:07,2025-07-03 17:22:57.807629,2025-07-03 17:36:54.348530,2025-07-03 17:42:05.700,34.97833333333333,13.94234835,26,4,osrm
858,delivered,2025-07-03 17:08:49,2025-07-03 17:17:40.678518,2025-07-03 17:39:22.194448,2025-07-03 17:42:26.700,33.62833333333334,21.691932166666668,24,4,osrm
859,delivered,2025-07-03 17:08:36,2025-07-03 17:16:36.257396,2025-07-03 18:34:36.700000,2025-07-03 18:42:48.800,94.21333333333334,78.00737673333333,5,4,osrm
860,delivered,2025-07-03 17:08:57,2025-07-03 17:22:24.202423,2025-07-03 17:33:15.060534,2025-07-03 17:36:59.300,28.038333333333334,10.847635183333333,18,4,osrm
861,delivered,2025-07-03 17:08:08,2025-07-03 17:22:23.504212,2025-07-03 18:33:26.400000,2025-07-03 18:44:32.700,96.41166666666666,71.04826313333334,10,4,osrm
862,delivered,2025-07-03 17:08:36,2025-07-03 17:21:23.051860,2025-07-03 17:21:23.051860,2025-07-03 17:19:49.700,11.228333333333333,0.0,25,2,osrm
863,delivered,2025-07-03 17:08:53,2025-07-03 17:23:00.982579,2025-07-03 17:55:08.571396,2025-07-03 17:55:08.900,46.265,32.126480283333336,28,4,osrm
864,delivered,2025-07-03 17:09:08,2025-07-03 17:21:41.144919,2025-07-03 17:26:30.717897,2025-07-03 17:34:54.000,25.766666666666666,4.8262163,22,4,osrm
865,delivered,2025-07-03 17:09:20,2025-07-03 17:19:08.978792,2025-07-03 17:29:16.073608,2025-07-03 17:39:25.100,30.084999999999997,10.118246933333333,25,4,osrm
866,delivered,2025-07-03 17:09:08,2025-07-03 17:24:38.667497,2025-07-03 19:06:08.600000,2025-07-03 19:19:46.300,130.63833333333335,101.49887505,27,4,osrm
867,delivered,2025-07-03 17:10:15,2025-07-03 17:24:18.879553,2025-07-03 17:54:31.721486,2025-07-03 17:55:55.200,45.669999999999995,30.214032216666666,25,4,osrm
868,delivered,2025-07-03 17:11:46,2025-07-03 17:24:09.591178,2025-07-03 17:24:09.591178,2025-07-03 17:29:11.200,17.42,0.0,28,3,osrm
869,delivered,2025-07-03 17:11:14,2025-07-03 17:21:54.023082,2025-07-03 19:20:33.700000,2025-07-03 19:32:57.500,141.725,118.66128196666666,25,3,osrm
870,delivered,2025-07-03 17:12:28,2025-07-03 17:28:07.753659,2025-07-03 17:57:35.800000,2025-07-03 18:10:13.700,57.76166666666666,29.467439016666667,11,4,osrm
871,delivered,2025-07-03 17:12:47,2025-07-03 17:25:33.492326,2025-07-03 18:52:13.200000,2025-07-03 19:01:57.100,109.16833333333334,86.66179456666667,30,4,osrm
872,delivered,2025-07-03 17:12:29,2025-07-03 17:29:01.282267,2025-07-03 18:52:10.000000,2025-07-03 19:00:25.500,107.94166666666666,83.14529555,24,4,osrm
873,delivered,2025-07-03 17:12:22,2025-07-03 17:27:52.554157,2025-07-03 17:27:52.554157,2025-07-03 17:31:53.400,19.523333333333333,0.0,30,3,osrm
874,delivered,2025-07-03 17:13:09,2025-07-03 17:25:49.421621,2025-07-03 18:01:35.243291,2025-07-03 18:02:32.400,49.39,35.7636945,15,3,osrm
875,delivered,2025-07-03 17:13:57,2025-07-03 17:25:20.171720,2025-07-03 17:46:42.728392,2025-07-03 17:54:12.100,40.251666666666665,21.37594453333333,22,4,osrm
876,delivered,2025-07-03 17:13:33,2025-07-03 17:27:20.727811,2025-07-03 18:28:12.800000,2025-07-03 18:38:29.700,84.945,60.86786981666667,1,4,osrm
877,delivered,2025-07-03 17:13:18,2025-07-03 17:27:32.122467,2025-07-03 18:45:22.800000,2025-07-03 18:54:46.100,101.46833333333333,77.84462555,19,4,osrm
878,delivered,2025-07-03 17:14:47,2025-07-03 17:26:30.717897,2025-07-03 17:26:30.717897,2025-07-03 17:34:54.000,20.116666666666667,0.0,22,4,osrm
879,delivered,2025-07-03 17:14:46,2025-07-03 17:21:42.345001,2025-07-03 19:06:08.600000,2025-07-03 19:19:46.300,125.00500000000001,104.43758331666666,27,4,osrm
880,delivered,2025-07-03 17:14:59,2025-07-03 17:30:23.028093,2025-07-03 17:30:23.028093,2025-07-03 17:35:59.400,21.006666666666668,0.0,16,3,osrm
881,delivered,2025-07-03 17:15:20,2025-07-03 17:28:25.409757,2025-07-03 17:28:30.681981,2025-07-03 17:31:41.500,16.358333333333334,0.08787039999999999,12,4,osrm
882,delivered,2025-07-03 17:15:31,2025-07-03 17:26:59.194474,2025-07-03 17:42:35.574375,2025-07-03 17:47:20.200,31.82,15.606331683333334,27,4,osrm
883,delivered,2025-07-03 17:16:28,2025-07-03 17:25:47.741917,2025-07-03 17:58:28.600000,2025-07-03 18:11:50.900,55.38166666666667,32.680968050000004,13,4,osrm
884,delivered,2025-07-03 17:16:54,2025-07-03 17:29:40.055367,2025-07-03 18:06:23.958981,2025-07-03 18:06:17.300,49.388333333333335,36.7317269,23,4,osrm
885,delivered,2025-07-03 17:16:45,2025-07-03 17:26:05.663500,2025-07-03 17:54:03.161045,2025-07-03 18:02:32.000,45.78333333333333,27.958292416666666,19,3,osrm
886,delivered,2025-07-03 17:16:14,2025-07-03 17:29:55.258799,2025-07-03 17:29:55.258799,2025-07-03 17:32:29.900,16.265,0.0,7,3,osrm
887,delivered,2025-07-03 17:17:56,2025-07-03 17:30:35.024714,2025-07-03 17:50:03.236248,2025-07-03 18:02:07.600,44.193333333333335,19.470192233333332,2,4,osrm
888,delivered,2025-07-03 17:17:37,2025-07-03 17:33:13.664373,2025-07-03 18:21:37.800000,2025-07-03 18:29:56.200,72.32,48.40226045,6,2,osrm
889,delivered,2025-07-03 17:18:01,2025-07-03 17:32:20.348316,2025-07-03 17:50:12.000000,2025-07-03 17:53:42.800,35.69666666666667,17.860861399999997,16,4,osrm
890,delivered,2025-07-03 17:18:57,2025-07-03 17:28:30.681981,2025-07-03 17:28:30.681981,2025-07-03 17:31:41.500,12.741666666666667,0.0,12,4,osrm
891,delivered,2025-07-03 17:18:04,2025-07-03 17:24:29.035812,2025-07-03 17:42:35.574375,2025-07-03 17:47:20.200,29.27,18.108976050000003,27,4,osrm
892,delivered,2025-07-03 17:18:28,2025-07-03 17:30:17.705369,2025-07-03 19:39:25.000000,2025-07-03 19:46:11.000,147.71666666666667,129.12157718333333,24,3,osrm
893,delivered,2025-07-03 17:18:01,2025-07-03 17:29:16.073608,2025-07-03 17:46:32.563258,2025-07-03 17:47:22.100,29.351666666666667,17.2748275,3,4,osrm
894,delivered,2025-07-03 17:19:41,2025-07-03 17:34:51.190439,2025-07-03 17:34:51.190439,2025-07-03 17:47:22.200,27.686666666666667,0.0,15,4,osrm
895,delivered,2025-07-03 17:19:14,2025-07-03 17:33:15.060534,2025-07-03 17:39:22.194448,2025-07-03 17:42:26.700,23.211666666666666,6.118898566666667,24,4,osrm
896,delivered,2025-07-03 17:19:00,2025-07-03 17:34:21.771472,2025-07-03 17:42:56.916106,2025-07-03 17:46:48.200,27.803333333333335,8.5857439,9,4,osrm
897,delivered,2025-07-03 17:20:59,2025-07-03 17:38:15.864256,2025-07-03 19:19:23.700000,2025-07-03 19:23:39.900,122.68166666666666,101.13059573333334,19,2,osrm
898,delivered,2025-07-03 17:20:24,2025-07-03 17:36:54.348530,2025-07-03 17:48:27.890043,2025-07-03 17:48:34.600,28.176666666666666,11.559025216666667,21,4,osrm
899,delivered,2025-07-03 17:21:18,2025-07-03 17:30:13.933590,2025-07-03 17:33:19.516606,2025-07-03 17:39:18.300,18.005,3.0930502666666664,13,4,osrm
900,delivered,2025-07-03 17:22:22,2025-07-03 17:35:39.745795,2025-07-03 17:35:39.745795,2025-07-03 17:35:18.200,12.936666666666667,0.0,20,4,osrm
901,delivered,2025-07-03 17:22:57,2025-07-03 17:34:36.554120,2025-07-03 19:19:50.200000,2025-07-03 19:28:19.600,125.37666666666668,105.22743133333333,23,4,osrm
902,delivered,2025-07-03 17:22:18,2025-07-03 17:34:07.140226,2025-07-03 17:34:07.140226,2025-07-03 17:39:26.000,17.133333333333333,0.0,2,4,osrm
903,delivered,2025-07-03 17:22:09,2025-07-03 17:33:19.516606,2025-07-03 17:33:19.516606,2025-07-03 17:39:18.300,17.154999999999998,0.0,13,4,osrm
904,delivered,2025-07-03 17:22:13,2025-07-03 17:33:24.263883,2025-07-03 17:57:35.800000,2025-07-03 18:10:13.700,48.01166666666666,24.19226861666667,11,4,osrm
905,delivered,2025-07-03 17:23:17,2025-07-03 17:37:29.241545,2025-07-03 18:15:35.900000,2025-07-03 18:23:15.700,59.97833333333333,38.11097425,2,3,osrm
906,delivered,2025-07-03 17:24:55,2025-07-03 17:36:22.282550,2025-07-03 17:48:27.890043,2025-07-03 17:52:03.900,27.148333333333333,12.093458216666667,12,4,osrm
907,delivered,2025-07-03 17:24:47,2025-07-03 17:36:37.390920,2025-07-03 17:46:45.422432,2025-07-03 17:57:35.900,32.815000000000005,10.133858533333333,14,4,osrm
908,delivered,2025-07-03 17:25:38,2025-07-03 17:33:28.044086,2025-07-03 17:46:42.728392,2025-07-03 17:54:12.100,28.56833333333333,13.244738433333334,22,4,osrm
909,delivered,2025-07-03 17:25:56,2025-07-03 17:36:05.964783,2025-07-03 18:09:12.500000,2025-07-03 18:17:09.100,51.218333333333334,33.10892028333333,7,4,osrm
910,delivered,2025-07-03 17:25:14,2025-07-03 17:37:59.173929,2025-07-03 18:01:35.243291,2025-07-03 18:02:32.400,37.306666666666665,23.601156033333332,15,3,osrm
911,delivered,2025-07-03 17:26:32,2025-07-03 17:45:14.207229,2025-07-03 17:54:03.161045,2025-07-03 18:03:36.200,37.07,8.815896933333333,20,4,osrm
912,delivered,2025-07-03 17:26:53,2025-07-03 17:40:42.556158,2025-07-03 18:14:13.683173,2025-07-03 18:12:32.700,45.66166666666666,33.51878358333333,18,3,osrm
913,delivered,2025-07-03 17:26:40,2025-07-03 17:37:07.539466,2025-07-03 19:42:24.300000,2025-07-03 19:48:29.600,141.82666666666668,125.27934223333334,23,2,osrm
914,delivered,2025-07-03 17:27:44,2025-07-03 17:39:16.776475,2025-07-03 19:09:48.800000,2025-07-03 19:18:00.700,110.27833333333334,90.53372541666666,12,4,osrm
915,delivered,2025-07-03 17:27:09,2025-07-03 17:37:10.530764,2025-07-03 18:50:26.700000,2025-07-03 18:58:37.200,91.47,73.26948726666666,28,4,osrm
916,delivered,2025-07-03 17:27:10,2025-07-03 17:41:23.363749,2025-07-03 17:54:31.721486,2025-07-03 17:55:55.200,28.753333333333334,13.139295616666667,25,4,osrm
917,delivered,2025-07-03 17:27:35,2025-07-03 17:36:21.033896,2025-07-03 18:08:48.466236,2025-07-03 18:11:33.200,43.97,32.45720566666667,26,4,osrm
918,delivered,2025-07-03 17:27:54,2025-07-03 17:42:56.916106,2025-07-03 17:54:03.161045,2025-07-03 18:02:32.000,34.63333333333333,11.104082316666668,19,3,osrm
919,delivered,2025-07-03 17:28:35,2025-07-03 17:39:13.911741,2025-07-03 18:06:23.958981,2025-07-03 18:06:17.300,37.705000000000005,27.167454000000003,23,4,osrm
920,delivered,2025-07-03 17:28:32,2025-07-03 17:41:26.380679,2025-07-03 18:09:12.500000,2025-07-03 18:17:09.100,48.61833333333333,27.76865535,7,4,osrm
921,delivered,2025-07-03 17:28:17,2025-07-03 17:44:27.450209,2025-07-03 17:46:42.728392,2025-07-03 17:54:12.100,25.918333333333333,2.2546363833333336,22,4,osrm
922,delivered,2025-07-03 17:28:55,2025-07-03 17:46:32.563258,2025-07-03 17:50:12.000000,2025-07-03 17:53:42.800,24.796666666666667,3.6572790333333334,16,4,osrm
923,delivered,2025-07-03 17:28:27,2025-07-03 17:39:22.194448,2025-07-03 17:39:22.194448,2025-07-03 17:42:26.700,13.995000000000001,0.0,24,4,osrm
924,delivered,2025-07-03 17:28:48,2025-07-03 17:42:10.116847,2025-07-03 17:45:14.853424,2025-07-03 17:50:51.000,22.05,3.07894295,6,3,osrm
925,delivered,2025-07-03 17:29:25,2025-07-03 17:45:15.137966,2025-07-03 18:14:02.000000,2025-07-03 18:20:52.000,51.45,28.7810339,19,4,osrm
926,delivered,2025-07-03 17:29:57,2025-07-03 17:43:12.133567,2025-07-03 17:43:12.133567,2025-07-03 17:47:01.700,17.078333333333333,0.0,11,3,osrm
927,delivered,2025-07-03 17:30:53,2025-07-03 17:45:47.555188,2025-07-03 17:54:33.100000,2025-07-03 18:00:09.300,29.271666666666665,8.7590802,4,4,osrm
928,delivered,2025-07-03 17:31:04,2025-07-03 17:42:36.951157,2025-07-03 17:54:31.721486,2025-07-03 17:55:55.200,24.853333333333335,11.912838816666666,25,4,osrm
929,delivered,2025-07-03 17:31:01,2025-07-03 17:48:18.373831,2025-07-03 18:14:17.800000,2025-07-03 18:22:08.700,51.12833333333333,25.99043615,27,3,osrm
930,delivered,2025-07-03 17:32:56,2025-07-03 17:48:27.890043,2025-07-03 17:54:33.100000,2025-07-03 18:00:09.300,27.221666666666668,6.086832616666666,4,4,osrm
931,delivered,2025-07-03 17:32:55,2025-07-03 17:40:21.998594,2025-07-03 18:52:13.200000,2025-07-03 19:01:57.100,89.03500000000001,71.85335676666666,30,4,osrm
932,delivered,2025-07-03 17:32:37,2025-07-03 17:45:24.992365,2025-07-03 18:20:15.243688,2025-07-03 18:25:16.200,52.65333333333333,34.83752205,20,3,osrm
933,delivered,2025-07-03 17:33:01,2025-07-03 17:41:31.489172,2025-07-03 18:55:44.236179,2025-07-03 19:02:51.700,89.845,74.21245011666666,8,4,osrm
934,delivered,2025-07-03 17:33:37,2025-07-03 17:45:14.853424,2025-07-03 17:45:14.853424,2025-07-03 17:50:51.000,17.233333333333334,0.0,6,3,osrm
935,delivered,2025-07-03 17:33:08,2025-07-03 17:45:24.991044,2025-07-03 17:50:03.236248,2025-07-03 18:02:07.600,28.993333333333332,4.6374200666666665,2,4,osrm
936,delivered,2025-07-03 17:33:03,2025-07-03 17:42:35.574375,2025-07-03 17:42:35.574375,2025-07-03 17:47:20.200,14.286666666666667,0.0,27,4,osrm
937,delivered,2025-07-03 17:34:19,2025-07-03 17:46:37.355871,2025-07-03 18:33:26.400000,2025-07-03 18:44:32.700,70.22833333333332,46.81740215,10,4,osrm
938,delivered,2025-07-03 17:34:08,2025-07-03 17:39:21.429539,2025-07-03 17:50:12.000000,2025-07-03 17:53:42.800,19.58,10.842841016666666,16,4,osrm
939,delivered,2025-07-03 17:34:25,2025-07-03 17:46:42.728392,2025-07-03 17:46:42.728392,2025-07-03 17:54:12.100,19.785,0.0,22,4,osrm
940,delivered,2025-07-03 17:35:28,2025-07-03 17:55:07.780004,2025-07-03 19:42:24.300000,2025-07-03 19:50:21.300,134.88833333333335,107.27533326666666,1,2,osrm
941,delivered,2025-07-03 17:35:59,2025-07-03 17:46:17.612276,2025-07-03 18:28:00.500000,2025-07-03 18:36:38.900,60.665,41.7147954,17,4,osrm
942,delivered,2025-07-03 17:36:25,2025-07-03 17:46:45.422432,2025-07-03 17:46:45.422432,2025-07-03 17:57:35.900,21.18166666666667,0.0,14,4,osrm
943,delivered,2025-07-03 17:37:06,2025-07-03 17:50:14.342456,2025-07-03 18:45:22.800000,2025-07-03 18:54:46.100,77.66833333333334,55.14095906666667,19,4,osrm
944,delivered,2025-07-03 17:37:13,2025-07-03 17:45:44.532669,2025-07-03 17:50:03.236248,2025-07-03 18:02:07.600,24.91,4.311726316666666,2,4,osrm
945,delivered,2025-07-03 17:38:29,2025-07-03 17:44:55.784404,2025-07-03 18:20:15.243688,2025-07-03 18:25:16.200,46.78666666666666,35.3243214,20,3,osrm
946,delivered,2025-07-03 17:38:00,2025-07-03 17:50:03.236248,2025-07-03 17:50:03.236248,2025-07-03 18:02:07.600,24.126666666666665,0.0,2,4,osrm
947,delivered,2025-07-03 17:38:01,2025-07-03 17:49:56.850429,2025-07-03 18:11:24.763059,2025-07-03 18:19:21.100,41.335,21.4652105,24,4,osrm
948,delivered,2025-07-03 17:39:27,2025-07-03 17:55:51.249476,2025-07-03 17:58:28.600000,2025-07-03 18:11:50.900,32.39833333333333,2.6225087333333335,13,4,osrm
949,delivered,2025-07-03 17:40:58,2025-07-03 17:53:46.407038,2025-07-03 19:17:58.900000,2025-07-03 19:26:46.600,105.81,84.20821603333334,11,4,osrm
950,delivered,2025-07-03 17:40:13,2025-07-03 17:52:23.428631,2025-07-03 18:52:10.000000,2025-07-03 19:00:25.500,80.20833333333333,59.77618948333333,24,4,osrm
951,delivered,2025-07-03 17:41:03,2025-07-03 17:54:03.161045,2025-07-03 18:14:46.102162,2025-07-03 18:22:10.700,41.12833333333333,20.715685283333336,5,3,osrm
952,delivered,2025-07-03 17:41:05,2025-07-03 17:53:18.991754,2025-07-03 18:24:01.300000,2025-07-03 18:31:29.800,50.413333333333334,30.705137433333334,18,4,osrm
953,delivered,2025-07-03 17:42:21,2025-07-03 17:53:32.856216,2025-07-03 18:12:06.800000,2025-07-03 18:20:36.200,38.25333333333333,18.565729733333335,15,4,osrm
954,delivered,2025-07-03 17:42:16,2025-07-03 17:52:44.424817,2025-07-03 18:24:01.300000,2025-07-03 18:31:29.800,49.230000000000004,31.28125305,18,4,osrm
955,delivered,2025-07-03 17:43:48,2025-07-03 17:49:45.921108,2025-07-03 18:28:12.800000,2025-07-03 18:38:29.700,54.695,38.44798153333333,1,4,osrm
956,delivered,2025-07-03 17:43:13,2025-07-03 17:59:10.779711,2025-07-03 19:17:58.900000,2025-07-03 19:26:46.600,103.56,78.80200481666667,11,4,osrm
957,delivered,2025-07-03 17:44:03,2025-07-03 17:54:31.721486,2025-07-03 17:54:31.721486,2025-07-03 17:55:55.200,11.870000000000001,0.0,25,4,osrm
958,delivered,2025-07-03 17:44:47,2025-07-03 17:55:53.691183,2025-07-03 19:06:08.600000,2025-07-03 19:19:46.300,94.98833333333333,70.24848028333334,27,4,osrm
959,delivered,2025-07-03 17:44:34,2025-07-03 17:55:08.571396,2025-07-03 17:55:08.571396,2025-07-03 17:55:08.900,10.581666666666667,0.0,28,4,osrm
960,delivered,2025-07-03 17:44:40,2025-07-03 17:57:31.657457,2025-07-03 18:14:13.683173,2025-07-03 18:12:32.700,27.878333333333334,16.7004286,18,3,osrm
961,delivered,2025-07-03 17:44:34,2025-07-03 17:57:08.742035,2025-07-03 19:39:25.000000,2025-07-03 19:44:06.100,119.53500000000001,102.27096608333333,17,2,osrm
962,delivered,2025-07-03 17:46:50,2025-07-03 18:06:23.958981,2025-07-03 18:06:23.958981,2025-07-03 18:06:17.300,19.455,0.0,23,4,osrm
963,delivered,2025-07-03 17:46:55,2025-07-03 18:01:35.243291,2025-07-03 18:01:35.243291,2025-07-03 18:02:32.400,15.623333333333333,0.0,15,3,osrm
964,delivered,2025-07-03 17:48:23,2025-07-03 18:00:12.935638,2025-07-03 18:00:12.935638,2025-07-03 17:58:07.200,9.736666666666668,0.0,24,4,osrm
965,delivered,2025-07-03 17:48:57,2025-07-03 18:01:12.836670,2025-07-03 18:12:06.800000,2025-07-03 18:20:36.200,31.653333333333332,10.899388833333335,15,4,osrm
966,delivered,2025-07-03 17:48:17,2025-07-03 17:57:03.566017,2025-07-03 18:06:23.958981,2025-07-03 18:06:17.300,18.005,9.339882733333333,23,4,osrm
967,delivered,2025-07-03 17:48:55,2025-07-03 17:59:32.575096,2025-07-03 18:44:40.500000,2025-07-03 18:51:22.200,62.45333333333333,45.13208173333333,22,2,osrm
968,delivered,2025-07-03 17:49:16,2025-07-03 18:02:45.552254,2025-07-03 19:11:02.405285,2025-07-03 19:18:51.200,89.58666666666666,68.28088385,16,4,osrm
969,delivered,2025-07-03 17:51:32,2025-07-03 18:02:27.721279,2025-07-03 18:08:48.466236,2025-07-03 18:11:33.200,20.02,6.345749283333333,26,4,osrm
970,delivered,2025-07-03 17:51:20,2025-07-03 18:07:21.230748,2025-07-03 18:24:03.100000,2025-07-03 18:29:36.900,38.281666666666666,16.697820866666667,11,3,osrm
971,delivered,2025-07-03 17:51:19,2025-07-03 17:56:41.029260,2025-07-03 18:08:48.466236,2025-07-03 18:11:33.200,20.236666666666668,12.1239496,26,4,osrm
972,delivered,2025-07-03 17:52:06,2025-07-03 18:07:00.771817,2025-07-03 19:42:24.300000,2025-07-03 19:48:29.600,116.39333333333335,95.39213638333334,23,2,osrm
973,delivered,2025-07-03 17:53:49,2025-07-03 18:05:36.389747,2025-07-03 18:38:08.400000,2025-07-03 18:51:21.200,57.53666666666666,32.533504216666664,20,4,osrm
974,delivered,2025-07-03 17:53:47,2025-07-03 18:03:33.170084,2025-07-03 18:24:01.300000,2025-07-03 18:31:29.800,37.71333333333334,20.468831933333334,18,4,osrm
975,delivered,2025-07-03 17:53:53,2025-07-03 18:02:55.702497,2025-07-03 18:14:46.102162,2025-07-03 18:22:10.700,28.295,11.839994416666666,5,3,osrm
976,delivered,2025-07-03 17:54:15,2025-07-03 18:06:06.912539,2025-07-03 18:14:17.800000,2025-07-03 18:22:08.700,27.895,8.181457683333333,27,3,osrm
977,delivered,2025-07-03 17:55:59,2025-07-03 18:06:51.336425,2025-07-03 18:35:40.300000,2025-07-03 18:39:19.000,43.333333333333336,28.816059583333335,29,2,osrm
978,delivered,2025-07-03 17:55:42,2025-07-03 18:05:35.565879,2025-07-03 18:09:12.500000,2025-07-03 18:17:09.100,21.451666666666664,3.6155686833333336,7,4,osrm
979,delivered,2025-07-03 17:56:39,2025-07-03 18:11:24.763059,2025-07-03 18:24:03.100000,2025-07-03 18:29:36.900,32.965,12.638949016666666,11,3,osrm
980,delivered,2025-07-03 17:56:18,2025-07-03 18:06:15.703726,2025-07-03 18:09:12.500000,2025-07-03 18:17:09.100,20.851666666666667,2.9466045666666667,7,4,osrm
981,delivered,2025-07-03 17:56:44,2025-07-03 18:12:14.744813,2025-07-03 18:15:35.900000,2025-07-03 18:23:15.700,26.528333333333332,3.35258645,2,3,osrm
982,delivered,2025-07-03 17:57:20,2025-07-03 18:09:06.211686,2025-07-03 18:29:57.100000,2025-07-03 18:36:37.600,39.29333333333333,20.848138566666666,3,4,osrm
983,delivered,2025-07-03 17:57:57,2025-07-03 18:08:11.122295,2025-07-03 18:35:40.300000,2025-07-03 18:39:19.000,41.36666666666667,27.486295083333335,29,2,osrm
984,delivered,2025-07-03 17:58:08,2025-07-03 18:07:40.110410,2025-07-03 18:24:03.100000,2025-07-03 18:29:36.900,31.48166666666667,16.383159833333334,11,3,osrm
985,delivered,2025-07-03 17:58:15,2025-07-03 18:14:46.102162,2025-07-03 18:28:43.700000,2025-07-03 18:38:39.100,40.401666666666664,13.959963966666667,24,4,osrm
986,delivered,2025-07-03 17:58:08,2025-07-03 18:08:48.466236,2025-07-03 18:08:48.466236,2025-07-03 18:11:33.200,13.42,0.0,26,4,osrm
987,delivered,2025-07-03 17:59:09,2025-07-03 18:14:45.625522,2025-07-03 18:38:08.400000,2025-07-03 18:51:21.200,52.20333333333333,23.379574633333334,20,4,osrm
988,delivered,2025-07-03 17:59:55,2025-07-03 18:09:41.132664,2025-07-03 19:42:24.300000,2025-07-03 19:50:21.300,110.43833333333333,92.7194556,1,2,osrm
989,delivered,2025-07-03 18:00:43,2025-07-03 18:11:41.650102,2025-07-03 18:38:50.500000,2025-07-03 18:44:10.700,43.461666666666666,27.1474983,6,3,osrm
990,delivered,2025-07-03 18:00:02,2025-07-03 18:19:21.576389,2025-07-03 18:52:13.200000,2025-07-03 19:01:57.100,61.91833333333333,32.86039351666667,30,4,osrm
991,delivered,2025-07-03 18:01:19,2025-07-03 18:11:38.045140,2025-07-03 18:52:10.000000,2025-07-03 19:00:25.500,59.108333333333334,40.532581,24,4,osrm
992,delivered,2025-07-03 18:03:29,2025-07-03 18:16:08.020262,2025-07-03 18:55:44.236179,2025-07-03 19:02:51.700,59.37833333333333,39.603598616666666,8,4,osrm
993,delivered,2025-07-03 18:03:44,2025-07-03 18:20:15.243688,2025-07-03 18:20:15.243688,2025-07-03 18:25:16.200,21.53666666666667,0.0,20,3,osrm
994,delivered,2025-07-03 18:04:23,2025-07-03 18:20:17.153520,2025-07-03 18:38:50.500000,2025-07-03 18:44:10.700,39.794999999999995,18.555774666666665,6,3,osrm
995,delivered,2025-07-03 18:04:43,2025-07-03 18:14:13.683173,2025-07-03 18:14:13.683173,2025-07-03 18:12:32.700,7.828333333333333,0.0,18,3,osrm
996,delivered,2025-07-03 18:05:44,2025-07-03 18:16:36.574386,2025-07-03 18:29:57.100000,2025-07-03 18:36:37.600,30.89333333333333,13.342093566666668,3,4,osrm
997,delivered,2025-07-03 18:05:12,2025-07-03 18:14:21.166543,2025-07-03 18:34:36.700000,2025-07-03 18:42:48.800,37.61333333333334,20.25889095,5,4,osrm
998,delivered,2025-07-03 18:05:11,2025-07-03 18:14:26.663871,2025-07-03 18:45:57.175484,2025-07-03 18:54:51.500,49.675,31.50852688333333,18,4,osrm
999,delivered,2025-07-03 18:05:39,2025-07-03 18:18:27.510624,2025-07-03 19:03:43.100000,2025-07-03 19:13:06.600,67.46,45.25982293333333,20,4,osrm
1000,delivered,2025-07-03 18:06:57,2025-07-03 18:18:01.956998,2025-07-03 18:47:12.000000,2025-07-03 18:54:13.300,47.27166666666667,29.167383366666666,29,2,osrm
1001,delivered,2025-07-03 18:06:26,2025-07-03 18:12:11.403196,2025-07-03 18:24:01.300000,2025-07-03 18:31:29.800,25.063333333333333,11.8316134,18,4,osrm
1002,delivered,2025-07-03 18:07:48,2025-07-03 18:19:03.751820,2025-07-03 19:10:54.300000,2025-07-03 19:21:33.400,73.75666666666666,51.842469666666666,7,4,osrm
1003,delivered,2025-07-03 18:09:03,2025-07-03 18:18:14.214158,2025-07-03 18:28:00.500000,2025-07-03 18:36:38.900,27.598333333333336,9.7714307,17,4,osrm
1004,delivered,2025-07-03 18:10:12,2025-07-03 18:24:55.607742,2025-07-03 18:29:57.100000,2025-07-03 18:36:37.600,26.426666666666666,5.024870966666667,3,4,osrm
1005,delivered,2025-07-03 18:10:37,2025-07-03 18:22:29.556582,2025-07-03 18:28:12.800000,2025-07-03 18:38:29.700,27.878333333333334,5.720723633333334,1,4,osrm
1006,delivered,2025-07-03 18:11:48,2025-07-03 18:25:35.264596,2025-07-03 18:43:33.900000,2025-07-03 18:51:38.200,39.836666666666666,17.977256733333334,14,3,osrm
1007,delivered,2025-07-03 18:12:24,2025-07-03 18:24:17.200564,2025-07-03 18:38:08.400000,2025-07-03 18:51:21.200,38.95333333333333,13.853323933333334,20,4,osrm
1008,delivered,2025-07-03 18:12:07,2025-07-03 18:27:08.106540,2025-07-03 18:43:33.900000,2025-07-03 18:51:38.200,39.519999999999996,16.429891,14,3,osrm
1009,delivered,2025-07-03 18:14:52,2025-07-03 18:28:44.752210,2025-07-03 18:55:26.400000,2025-07-03 18:58:02.000,43.166666666666664,26.69412983333333,7,1,osrm
1010,delivered,2025-07-03 18:15:57,2025-07-03 18:25:02.037035,2025-07-03 18:38:50.500000,2025-07-03 18:44:10.700,28.228333333333335,13.807716083333334,6,3,osrm
1011,delivered,2025-07-03 18:15:02,2025-07-03 18:31:34.738325,2025-07-03 18:33:26.400000,2025-07-03 18:44:32.700,29.511666666666667,1.8610279166666668,10,4,osrm
1012,delivered,2025-07-03 18:17:15,2025-07-03 18:26:36.538179,2025-07-03 18:43:33.900000,2025-07-03 18:51:38.200,34.38666666666666,16.95603035,14,3,osrm
1013,delivered,2025-07-03 18:17:49,2025-07-03 18:33:14.741165,2025-07-03 18:45:22.800000,2025-07-03 18:54:46.100,36.95166666666667,12.134313916666667,19,4,osrm
1014,delivered,2025-07-03 18:18:18,2025-07-03 18:30:04.947693,2025-07-03 18:45:57.175484,2025-07-03 18:54:51.500,36.55833333333333,15.870463183333333,18,4,osrm
1015,delivered,2025-07-03 18:18:04,2025-07-03 18:32:19.164161,2025-07-03 18:44:40.500000,2025-07-03 18:51:22.200,33.303333333333335,12.355597316666666,22,2,osrm
1016,delivered,2025-07-03 18:18:07,2025-07-03 18:33:30.962696,2025-07-03 18:55:44.236179,2025-07-03 19:02:51.700,44.745,22.221224716666665,8,4,osrm
1017,delivered,2025-07-03 18:19:24,2025-07-03 18:28:08.764340,2025-07-03 19:01:09.000000,2025-07-03 19:07:46.000,48.36666666666667,33.00392766666667,11,2,osrm
1018,delivered,2025-07-03 18:21:53,2025-07-03 18:31:47.624676,2025-07-03 18:57:45.600000,2025-07-03 19:02:18.500,40.425,25.9662554,15,2,osrm
1019,delivered,2025-07-03 18:23:08,2025-07-03 18:44:24.740030,2025-07-03 19:04:01.700000,2025-07-03 19:07:06.500,43.975,19.6159995,25,1,osrm
1020,delivered,2025-07-03 18:24:09,2025-07-03 18:37:27.154334,2025-07-03 18:59:03.800000,2025-07-03 18:59:10.400,35.02333333333333,21.610761099999998,26,2,osrm
1021,delivered,2025-07-03 18:24:54,2025-07-03 18:36:13.912044,2025-07-03 18:38:08.400000,2025-07-03 18:51:21.200,26.453333333333333,1.9081325999999998,20,4,osrm
1022,delivered,2025-07-03 18:24:39,2025-07-03 18:40:22.575989,2025-07-03 18:48:26.400000,2025-07-03 18:59:11.800,34.54666666666667,8.063733516666666,12,2,osrm
1023,delivered,2025-07-03 18:27:41,2025-07-03 18:39:49.470160,2025-07-03 19:06:08.600000,2025-07-03 19:19:46.300,52.08833333333334,26.318830666666667,27,4,osrm
1024,delivered,2025-07-03 18:27:22,2025-07-03 18:39:12.916577,2025-07-03 19:12:33.800000,2025-07-03 19:15:24.300,48.038333333333334,33.34805705,8,1,osrm
1025,delivered,2025-07-03 18:29:31,2025-07-03 18:37:04.373227,2025-07-03 19:15:20.900000,2025-07-03 19:16:59.100,47.468333333333334,38.275446216666666,10,1,osrm
1026,delivered,2025-07-03 18:31:43,2025-07-03 18:43:55.977724,2025-07-03 19:14:47.200000,2025-07-03 19:22:12.900,50.498333333333335,30.8537046,21,2,osrm
1027,delivered,2025-07-03 18:33:46,2025-07-03 18:49:19.223346,2025-07-03 19:14:47.200000,2025-07-03 19:22:12.900,48.44833333333334,25.46627756666667,21,2,osrm
1028,delivered,2025-07-03 18:33:35,2025-07-03 18:41:09.901628,2025-07-03 18:47:12.000000,2025-07-03 18:54:13.300,20.638333333333332,6.034972866666666,29,2,osrm
1029,delivered,2025-07-03 18:34:55,2025-07-03 18:45:38.193315,2025-07-03 18:45:57.175484,2025-07-03 18:54:51.500,19.941666666666666,0.3163694833333333,18,4,osrm
1030,delivered,2025-07-03 18:35:57,2025-07-03 18:45:54.499102,2025-07-03 18:57:45.600000,2025-07-03 19:02:18.500,26.358333333333334,11.851681633333333,15,2,osrm
1031,delivered,2025-07-03 18:36:03,2025-07-03 18:45:57.175484,2025-07-03 18:45:57.175484,2025-07-03 18:54:51.500,18.808333333333334,0.0,18,4,osrm
1032,delivered,2025-07-03 18:38:27,2025-07-03 18:50:12.234801,2025-07-03 18:51:37.600000,2025-07-03 18:59:55.500,21.475,1.4227533166666668,3,4,osrm
1033,delivered,2025-07-03 18:40:39,2025-07-03 18:52:27.054961,2025-07-03 19:01:09.000000,2025-07-03 19:07:46.000,27.116666666666667,8.699083983333333,11,2,osrm
1034,delivered,2025-07-03 18:40:33,2025-07-03 18:55:44.236179,2025-07-03 19:10:54.300000,2025-07-03 19:21:33.400,41.00666666666667,15.16773035,7,4,osrm
1035,delivered,2025-07-03 18:42:18,2025-07-03 18:50:09.280454,2025-07-03 18:59:03.800000,2025-07-03 18:59:10.400,16.87333333333333,8.9086591,26,2,osrm
1036,delivered,2025-07-03 18:45:35,2025-07-03 18:52:32.603540,2025-07-03 19:19:50.200000,2025-07-03 19:28:19.600,42.74333333333333,27.293274333333333,23,4,osrm
1037,delivered,2025-07-03 18:45:38,2025-07-03 18:52:21.265232,2025-07-03 19:11:02.405285,2025-07-03 19:18:51.200,33.22,18.68566755,16,4,osrm
1038,delivered,2025-07-03 18:47:17,2025-07-03 19:01:10.508727,2025-07-03 19:34:00.800000,2025-07-03 19:37:45.600,50.47666666666667,32.83818788333333,16,1,osrm
1039,delivered,2025-07-03 18:48:06,2025-07-03 19:00:32.652641,2025-07-03 19:14:28.800000,2025-07-03 19:22:09.600,34.059999999999995,13.935789316666668,15,2,osrm
1040,delivered,2025-07-03 18:48:45,2025-07-03 18:58:11.617729,2025-07-03 19:17:58.900000,2025-07-03 19:26:46.600,38.026666666666664,19.788037850000002,11,4,osrm
1041,delivered,2025-07-03 18:50:33,2025-07-03 19:03:36.404542,2025-07-03 19:30:27.000000,2025-07-03 19:35:23.000,44.833333333333336,26.843257633333334,22,1,osrm
1042,delivered,2025-07-03 18:52:07,2025-07-03 19:00:29.049554,2025-07-03 19:34:04.500000,2025-07-03 19:36:17.000,44.166666666666664,33.590840766666666,13,1,osrm
1043,delivered,2025-07-03 18:53:10,2025-07-03 19:06:54.920439,2025-07-03 19:19:23.700000,2025-07-03 19:23:39.900,30.498333333333335,12.479659349999999,19,2,osrm
1044,delivered,2025-07-03 18:54:28,2025-07-03 19:07:35.553238,2025-07-03 19:36:44.500000,2025-07-03 19:40:11.100,45.718333333333334,29.1491127,9,1,osrm
1045,delivered,2025-07-03 18:57:38,2025-07-03 19:12:41.159815,2025-07-03 19:39:04.400000,2025-07-03 19:42:35.000,44.95,26.387336416666667,18,1,osrm
1046,delivered,2025-07-03 18:57:45,2025-07-03 19:11:02.405285,2025-07-03 19:20:33.700000,2025-07-03 19:32:57.500,35.208333333333336,9.521578583333334,25,3,osrm
