order_id,status,placement_time,ready_time,pickup_time,delivery_time,click_to_door,ready_to_pickup,courier_id,bundle_size,routing_source
0,delivered,2025-07-03 08:00:31,2025-07-03 08:10:19.341393,2025-07-03 08:10:46.000000,2025-07-03 08:13:00.900,12.498333333333333,0.44431011666666664,7.0,1,osrm
1,delivered,2025-07-03 08:00:20,2025-07-03 08:11:11.792243,2025-07-03 08:11:11.792243,2025-07-03 08:14:32.500,14.208333333333334,0.0,2.0,1,osrm
2,delivered,2025-07-03 08:00:03,2025-07-03 08:15:00.594227,2025-07-03 08:15:00.594227,2025-07-03 08:06:54.600,6.86,0.0,1.0,1,osrm
3,delivered,2025-07-03 08:02:07,2025-07-03 08:11:01.402708,2025-07-03 08:11:01.402708,2025-07-03 08:12:08.300,10.021666666666667,0.0,8.0,1,osrm
4,delivered,2025-07-03 08:04:40,2025-07-03 08:14:17.263612,2025-07-03 08:14:17.263612,2025-07-03 08:13:17.700,8.628333333333334,0.0,6.0,1,osrm
5,delivered,2025-07-03 08:04:27,2025-07-03 08:17:04.205926,2025-07-03 08:17:04.205926,2025-07-03 08:14:46.100,10.318333333333333,0.0,5.0,1,osrm
6,delivered,2025-07-03 08:04:56,2025-07-03 08:18:26.159194,2025-07-03 08:18:26.159194,2025-07-03 08:14:28.100,9.535,0.0,3.0,1,osrm
7,delivered,2025-07-03 08:04:52,2025-07-03 08:15:40.508810,2025-07-03 08:15:40.508810,2025-07-03 08:13:48.700,8.945,0.0,4.0,1,osrm
8,delivered,2025-07-03 08:05:10,2025-07-03 08:18:10.544237,2025-07-03 08:18:10.544237,2025-07-03 08:19:08.100,13.968333333333334,0.0,14.0,1,osrm
9,delivered,2025-07-03 08:05:49,2025-07-03 08:17:41.979588,2025-07-03 08:17:41.979588,2025-07-03 08:19:06.200,13.286666666666667,0.0,10.0,1,osrm
10,delivered,2025-07-03 08:05:12,2025-07-03 08:19:52.121306,2025-07-03 08:19:52.121306,2025-07-03 08:18:09.500,12.958333333333334,0.0,17.0,1,osrm
11,delivered,2025-07-03 08:06:15,2025-07-03 08:27:58.103096,2025-07-03 08:27:58.103096,2025-07-03 08:20:20.800,14.096666666666666,0.0,13.0,1,osrm
12,delivered,2025-07-03 08:07:22,2025-07-03 08:23:59.949695,2025-07-03 08:23:59.949695,2025-07-03 08:14:58.000,7.6,0.0,12.0,1,osrm
13,delivered,2025-07-03 08:07:38,2025-07-03 08:15:23.103873,2025-07-03 08:15:23.103873,2025-07-03 08:17:43.000,10.083333333333334,0.0,16.0,1,osrm
14,delivered,2025-07-03 08:07:59,2025-07-03 08:16:34.364246,2025-07-03 08:17:31.500000,2025-07-03 08:22:13.400,14.24,0.9522625666666666,15.0,1,osrm
15,delivered,2025-07-03 08:07:47,2025-07-03 08:13:22.068728,2025-07-03 08:14:53.200000,2025-07-03 08:18:21.100,10.568333333333333,1.5188545333333332,11.0,1,osrm
16,delivered,2025-07-03 08:09:51,2025-07-03 08:20:15.018135,2025-07-03 08:20:15.018135,2025-07-03 08:17:27.900,7.614999999999999,0.0,9.0,1,osrm
17,delivered,2025-07-03 08:10:05,2025-07-03 08:22:20.512219,2025-07-03 12:01:48.600000,2025-07-03 12:05:28.500,235.39166666666668,219.46812968333333,15.0,1,osrm
18,delivered,2025-07-03 08:10:14,2025-07-03 08:20:55.316460,2025-07-03 11:14:31.300000,2025-07-03 11:17:19.300,187.0883333333333,173.59972566666664,3.0,1,osrm
19,delivered,2025-07-03 08:10:39,2025-07-03 08:25:18.143054,2025-07-03 08:25:18.143054,2025-07-03 08:23:14.700,12.595,0.0,18.0,1,osrm
20,delivered,2025-07-03 08:11:16,2025-07-03 08:17:41.148775,2025-07-03 12:30:16.000000,2025-07-03 12:35:09.400,263.89,252.58085375000002,6.0,1,osrm
21,delivered,2025-07-03 08:12:17,2025-07-03 08:23:46.938772,2025-07-03 08:23:46.938772,2025-07-03 08:23:06.300,10.821666666666665,0.0,1.0,1,osrm
22,delivered,2025-07-03 08:12:53,2025-07-03 08:27:50.886886,2025-07-03 08:27:50.886886,2025-07-03 08:24:01.300,11.138333333333332,0.0,20.0,1,osrm
23,delivered,2025-07-03 08:13:07,2025-07-03 08:23:38.660205,2025-07-03 12:06:11.000000,2025-07-03 12:08:32.800,235.42999999999998,222.53899658333333,10.0,1,osrm
24,delivered,2025-07-03 08:14:02,2025-07-03 08:23:00.125079,2025-07-03 08:23:00.125079,2025-07-03 08:25:23.500,11.358333333333333,0.0,19.0,1,osrm
25,delivered,2025-07-03 08:16:29,2025-07-03 08:31:09.616017,2025-07-03 08:31:09.616017,2025-07-03 08:26:51.000,10.366666666666667,0.0,4.0,1,osrm
26,delivered,2025-07-03 08:16:55,2025-07-03 08:30:34.702872,2025-07-03 08:30:34.702872,2025-07-03 08:22:51.500,5.941666666666666,0.0,8.0,1,osrm
27,delivered,2025-07-03 08:17:30,2025-07-03 08:31:26.801189,2025-07-03 08:31:26.801189,2025-07-03 08:27:37.300,10.121666666666666,0.0,6.0,1,osrm
28,delivered,2025-07-03 08:17:39,2025-07-03 08:31:46.669142,2025-07-03 08:31:46.669142,2025-07-03 08:26:05.900,8.448333333333332,0.0,5.0,1,osrm
29,delivered,2025-07-03 08:17:36,2025-07-03 08:29:28.648162,2025-07-03 08:29:28.648162,2025-07-03 08:27:06.900,9.514999999999999,0.0,12.0,1,osrm
30,delivered,2025-07-03 08:17:38,2025-07-03 08:27:07.249976,2025-07-03 08:27:07.249976,2025-07-03 08:26:07.500,8.491666666666667,0.0,7.0,1,osrm
31,delivered,2025-07-03 08:18:03,2025-07-03 08:26:21.090249,2025-07-03 08:26:21.090249,2025-07-03 08:30:35.500,12.541666666666666,0.0,3.0,1,osrm
32,delivered,2025-07-03 08:18:44,2025-07-03 08:27:46.372874,2025-07-03 08:27:52.300000,2025-07-03 08:30:50.500,12.108333333333333,0.09878543333333334,2.0,1,osrm
33,delivered,2025-07-03 08:19:57,2025-07-03 08:30:40.537407,2025-07-03 08:30:40.537407,2025-07-03 08:31:03.500,11.108333333333333,0.0,10.0,1,osrm
34,delivered,2025-07-03 08:19:19,2025-07-03 08:30:09.342951,2025-07-03 08:31:02.300000,2025-07-03 08:30:06.000,10.783333333333333,0.8826174833333333,17.0,1,osrm
35,delivered,2025-07-03 08:19:34,2025-07-03 08:33:13.107025,2025-07-03 12:07:56.800000,2025-07-03 12:11:56.400,232.37333333333333,214.72821625,14.0,1,osrm
36,delivered,2025-07-03 08:20:56,2025-07-03 08:32:31.784936,2025-07-03 08:32:31.784936,2025-07-03 08:32:01.400,11.09,0.0,14.0,1,osrm
37,delivered,2025-07-03 08:20:48,2025-07-03 08:27:15.375861,2025-07-03 11:34:16.900000,2025-07-03 11:37:44.700,196.94500000000002,187.02540231666666,13.0,1,osrm
38,delivered,2025-07-03 08:21:11,2025-07-03 08:32:42.140184,2025-07-03 08:32:42.140184,2025-07-03 08:33:55.800,12.746666666666666,0.0,11.0,1,osrm
39,delivered,2025-07-03 08:21:34,2025-07-03 08:35:59.037917,2025-07-03 11:55:38.700000,2025-07-03 11:58:10.300,216.605,199.66103471666665,2.0,1,osrm
40,delivered,2025-07-03 08:21:45,2025-07-03 08:32:58.774246,2025-07-03 10:53:55.400000,2025-07-03 10:56:55.500,155.175,140.94376256666666,17.0,1,osrm
41,delivered,2025-07-03 08:21:20,2025-07-03 08:37:27.973610,2025-07-03 08:37:27.973610,2025-07-03 08:34:46.300,13.438333333333333,0.0,16.0,1,osrm
42,delivered,2025-07-03 08:23:18,2025-07-03 08:33:00.627149,2025-07-03 12:33:50.600000,2025-07-03 12:37:28.000,254.16666666666666,240.83288085,5.0,1,osrm
43,delivered,2025-07-03 08:23:31,2025-07-03 08:37:23.807507,2025-07-03 08:37:23.807507,2025-07-03 08:30:57.000,7.433333333333334,0.0,9.0,1,osrm
44,delivered,2025-07-03 08:24:30,2025-07-03 08:37:19.486079,2025-07-03 12:09:12.500000,2025-07-03 12:12:05.300,227.5883333333333,211.88356535,12.0,1,osrm
45,delivered,2025-07-03 08:24:33,2025-07-03 08:35:21.457986,2025-07-03 15:19:26.200000,2025-07-03 15:21:36.800,417.06333333333333,404.0790335666667,10.0,1,osrm
46,delivered,2025-07-03 08:25:59,2025-07-03 08:34:38.709229,2025-07-03 13:46:15.100000,2025-07-03 13:49:23.000,323.4,311.60651285,18.0,1,osrm
47,delivered,2025-07-03 08:25:22,2025-07-03 08:33:02.610324,2025-07-03 15:20:17.400000,2025-07-03 15:25:14.600,419.87666666666667,407.2464946,16.0,1,osrm
48,delivered,2025-07-03 08:25:29,2025-07-03 08:38:55.136225,2025-07-03 11:56:52.400000,2025-07-03 12:00:11.100,214.70166666666668,197.95439625,7.0,1,osrm
49,delivered,2025-07-03 08:25:13,2025-07-03 08:39:48.470414,2025-07-03 08:39:48.470414,2025-07-03 08:37:54.400,12.69,0.0,18.0,1,osrm
50,delivered,2025-07-03 08:25:18,2025-07-03 08:38:48.032701,2025-07-03 08:38:48.032701,2025-07-03 08:33:19.500,8.025,0.0,1.0,1,osrm
51,delivered,2025-07-03 08:26:31,2025-07-03 08:35:28.374844,2025-07-03 08:40:03.900000,2025-07-03 08:40:40.400,14.156666666666666,4.592085933333333,12.0,1,osrm
52,delivered,2025-07-03 08:26:00,2025-07-03 08:37:23.520666,2025-07-03 08:38:15.500000,2025-07-03 08:41:18.700,15.311666666666667,0.8663222333333334,15.0,1,osrm
53,delivered,2025-07-03 08:26:30,2025-07-03 08:38:44.830583,2025-07-03 12:38:31.200000,2025-07-03 12:41:03.700,254.56166666666667,239.77282361666667,3.0,1,osrm
54,delivered,2025-07-03 08:27:42,2025-07-03 08:41:52.085748,2025-07-03 13:45:49.600000,2025-07-03 13:49:13.600,321.52666666666664,303.95857086666666,10.0,1,osrm
55,delivered,2025-07-03 08:27:21,2025-07-03 08:41:27.853002,2025-07-03 11:34:53.600000,2025-07-03 11:39:29.200,192.13666666666668,173.42911663333334,9.0,1,osrm
56,delivered,2025-07-03 08:27:13,2025-07-03 08:40:51.282393,2025-07-03 08:43:09.900000,2025-07-03 08:46:30.400,19.290000000000003,2.31029345,4.0,1,osrm
57,delivered,2025-07-03 08:28:01,2025-07-03 08:39:19.909083,2025-07-03 08:39:19.909083,2025-07-03 08:39:17.700,11.278333333333334,0.0,20.0,1,osrm
58,delivered,2025-07-03 08:28:43,2025-07-03 08:41:28.035132,2025-07-03 08:41:28.035132,2025-07-03 08:39:29.200,10.770000000000001,0.0,13.0,1,osrm
59,delivered,2025-07-03 08:28:08,2025-07-03 08:36:51.316057,2025-07-03 08:38:42.300000,2025-07-03 08:43:30.500,15.375,1.8497323833333332,6.0,1,osrm
60,delivered,2025-07-03 08:28:28,2025-07-03 08:40:18.584052,2025-07-03 13:46:00.100000,2025-07-03 13:49:24.400,320.94,305.6919324666667,20.0,1,osrm
61,delivered,2025-07-03 08:28:01,2025-07-03 08:42:52.691930,2025-07-03 12:40:28.400000,2025-07-03 12:43:02.300,255.02166666666665,237.5951345,16.0,1,osrm
62,delivered,2025-07-03 08:29:33,2025-07-03 08:39:06.523019,2025-07-03 08:39:06.523019,2025-07-03 08:37:50.900,8.298333333333334,0.0,8.0,1,osrm
63,delivered,2025-07-03 08:29:01,2025-07-03 08:37:53.522041,2025-07-03 12:10:13.500000,2025-07-03 12:11:09.900,222.14833333333334,212.33296598333334,19.0,1,osrm
64,delivered,2025-07-03 08:30:31,2025-07-03 08:41:06.184244,2025-07-03 08:41:06.184244,2025-07-03 08:43:15.000,12.733333333333333,0.0,7.0,1,osrm
65,delivered,2025-07-03 08:30:34,2025-07-03 08:41:47.648631,2025-07-03 11:41:50.000000,2025-07-03 11:45:07.700,194.56166666666667,180.03918948333333,17.0,1,osrm
66,delivered,2025-07-03 08:31:42,2025-07-03 08:45:13.532232,2025-07-03 10:53:44.900000,2025-07-03 10:57:04.400,145.37333333333333,128.52279613333334,20.0,1,osrm
67,delivered,2025-07-03 08:31:11,2025-07-03 08:37:54.650782,2025-07-03 12:41:52.100000,2025-07-03 12:44:39.700,253.47833333333335,243.95748696666666,4.0,1,osrm
68,delivered,2025-07-03 08:31:23,2025-07-03 08:43:48.673847,2025-07-03 14:59:08.200000,2025-07-03 15:02:23.900,391.01500000000004,375.32543588333334,17.0,1,osrm
69,delivered,2025-07-03 08:31:42,2025-07-03 08:43:14.475341,2025-07-03 15:01:52.600000,2025-07-03 15:04:35.500,392.89166666666665,378.6354109833334,15.0,1,osrm
70,delivered,2025-07-03 08:32:54,2025-07-03 08:46:07.236950,2025-07-03 08:46:07.236950,2025-07-03 08:41:49.100,8.918333333333333,0.0,19.0,1,osrm
71,delivered,2025-07-03 08:32:34,2025-07-03 08:39:58.855225,2025-07-03 12:41:08.300000,2025-07-03 12:43:37.300,251.05499999999998,241.15741291666666,19.0,1,osrm
72,delivered,2025-07-03 08:32:56,2025-07-03 08:44:36.823282,2025-07-03 08:44:36.823282,2025-07-03 08:42:14.300,9.305,0.0,5.0,1,osrm
73,delivered,2025-07-03 08:34:22,2025-07-03 08:43:50.997761,2025-07-03 08:43:50.997761,2025-07-03 08:44:10.900,9.815,0.0,2.0,1,osrm
74,delivered,2025-07-03 08:35:54,2025-07-03 08:47:21.383567,2025-07-03 08:47:21.383567,2025-07-03 08:50:11.600,14.293333333333333,0.0,9.0,1,osrm
75,delivered,2025-07-03 08:35:09,2025-07-03 08:47:52.455903,2025-07-03 13:35:20.300000,2025-07-03 13:33:39.600,298.51,287.46406828333335,6.0,1,osrm
76,delivered,2025-07-03 08:35:49,2025-07-03 08:48:29.326791,2025-07-03 15:27:09.200000,2025-07-03 15:30:38.200,414.82,398.66455348333335,19.0,1,osrm
77,delivered,2025-07-03 08:35:46,2025-07-03 08:51:24.226093,2025-07-03 08:51:24.226093,2025-07-03 08:49:27.200,13.686666666666667,0.0,1.0,1,osrm
78,delivered,2025-07-03 08:36:04,2025-07-03 08:50:31.098520,2025-07-03 11:44:03.000000,2025-07-03 11:47:42.000,191.63333333333333,173.53169133333333,1.0,1,osrm
79,delivered,2025-07-03 08:36:12,2025-07-03 08:49:40.107776,2025-07-03 11:57:11.900000,2025-07-03 11:59:40.400,203.47333333333333,187.52987040000002,14.0,1,osrm
80,delivered,2025-07-03 08:36:41,2025-07-03 08:51:37.556446,2025-07-03 08:51:37.556446,2025-07-03 08:49:40.800,12.996666666666666,0.0,17.0,1,osrm
81,delivered,2025-07-03 08:36:05,2025-07-03 08:41:23.286158,2025-07-03 10:59:47.500000,2025-07-03 11:03:32.400,147.45666666666665,138.4035640333333,8.0,1,osrm
82,delivered,2025-07-03 08:36:43,2025-07-03 08:50:45.844582,2025-07-03 08:50:45.844582,2025-07-03 08:48:46.500,12.058333333333334,0.0,16.0,1,osrm
83,delivered,2025-07-03 08:37:23,2025-07-03 08:42:49.179279,2025-07-03 11:00:23.800000,2025-07-03 11:02:19.300,144.93833333333333,137.57701201666666,3.0,1,osrm
84,delivered,2025-07-03 08:37:54,2025-07-03 08:47:51.242909,2025-07-03 08:47:51.242909,2025-07-03 08:46:36.200,8.703333333333335,0.0,10.0,1,osrm
85,delivered,2025-07-03 08:37:52,2025-07-03 08:48:06.635404,2025-07-03 08:48:06.635404,2025-07-03 08:47:42.700,9.845,0.0,3.0,1,osrm
86,delivered,2025-07-03 08:38:16,2025-07-03 08:55:35.933824,2025-07-03 15:01:41.800000,2025-07-03 15:05:47.700,387.52833333333336,366.0977696,9.0,1,osrm
87,delivered,2025-07-03 08:38:48,2025-07-03 08:46:36.992806,2025-07-03 12:10:02.500000,2025-07-03 12:13:17.000,214.48333333333332,203.4251199,9.0,1,osrm
88,delivered,2025-07-03 08:38:56,2025-07-03 08:55:02.923368,2025-07-03 08:55:02.923368,2025-07-03 08:51:22.200,12.436666666666667,0.0,14.0,1,osrm
89,delivered,2025-07-03 08:38:15,2025-07-03 08:50:09.269439,2025-07-03 13:46:03.300000,2025-07-03 13:49:46.300,311.52166666666665,295.90050935,15.0,1,osrm
90,delivered,2025-07-03 08:39:28,2025-07-03 08:52:07.052472,2025-07-03 08:52:07.052472,2025-07-03 08:48:18.600,8.843333333333334,0.0,11.0,1,osrm
91,delivered,2025-07-03 08:39:54,2025-07-03 08:49:07.165773,2025-07-03 12:42:21.900000,2025-07-03 12:45:03.300,245.155,233.24557045,12.0,1,osrm
92,delivered,2025-07-03 08:40:46,2025-07-03 08:57:29.184367,2025-07-03 12:10:58.400000,2025-07-03 12:15:13.700,214.46166666666667,193.48692721666666,6.0,1,osrm
93,delivered,2025-07-03 08:40:17,2025-07-03 08:51:35.467084,2025-07-03 08:57:11.800000,2025-07-03 09:01:57.500,21.675,5.6055486000000005,19.0,1,osrm
94,delivered,2025-07-03 08:40:09,2025-07-03 08:46:08.875002,2025-07-03 13:48:10.800000,2025-07-03 13:52:54.100,312.75166666666667,302.03208329999995,8.0,1,osrm
95,delivered,2025-07-03 08:41:05,2025-07-03 08:56:26.619223,2025-07-03 08:56:41.400000,2025-07-03 08:59:52.300,18.788333333333334,0.24634628333333333,5.0,1,osrm
96,delivered,2025-07-03 08:41:51,2025-07-03 08:55:04.210012,2025-07-03 08:55:04.210012,2025-07-03 08:53:47.600,11.943333333333333,0.0,8.0,1,osrm
97,delivered,2025-07-03 08:41:24,2025-07-03 08:49:52.147839,2025-07-03 09:56:01.000000,2025-07-03 09:56:38.100,75.235,66.14753601666666,1.0,1,osrm
98,delivered,2025-07-03 08:41:18,2025-07-03 08:55:42.837621,2025-07-03 15:26:57.600000,2025-07-03 15:29:56.900,408.64833333333337,391.24603965,3.0,1,osrm
99,delivered,2025-07-03 08:42:54,2025-07-03 08:47:54.000000,2025-07-03 11:17:11.000000,2025-07-03 11:21:40.300,158.77166666666665,149.28333333333333,10.0,1,osrm
100,delivered,2025-07-03 08:42:48,2025-07-03 08:50:37.708715,2025-07-03 12:11:17.600000,2025-07-03 12:13:20.700,210.54500000000002,200.66485475,13.0,1,osrm
101,delivered,2025-07-03 08:42:10,2025-07-03 08:53:20.508825,2025-07-03 11:15:06.200000,2025-07-03 11:18:05.000,155.91666666666666,141.76151958333332,15.0,1,osrm
102,delivered,2025-07-03 08:42:24,2025-07-03 08:53:49.444699,2025-07-03 13:35:09.000000,2025-07-03 13:36:44.500,294.34166666666664,281.3259216833333,17.0,1,osrm
103,delivered,2025-07-03 08:43:35,2025-07-03 08:55:56.512697,2025-07-03 08:55:56.512697,2025-07-03 08:56:58.300,13.388333333333332,0.0,2.0,1,osrm
104,delivered,2025-07-03 08:43:18,2025-07-03 08:52:46.692019,2025-07-03 08:57:58.100000,2025-07-03 09:00:34.100,17.26833333333333,5.190133016666667,7.0,1,osrm
105,delivered,2025-07-03 08:43:14,2025-07-03 08:57:45.149216,2025-07-03 15:37:31.700000,2025-07-03 15:39:53.900,416.665,399.7758464,8.0,1,osrm
106,delivered,2025-07-03 08:43:57,2025-07-03 08:49:35.348515,2025-07-03 15:37:32.800000,2025-07-03 15:39:02.900,415.09833333333336,407.95752475,12.0,1,osrm
107,delivered,2025-07-03 08:43:35,2025-07-03 09:01:35.421027,2025-07-03 09:01:35.421027,2025-07-03 08:54:56.300,11.354999999999999,0.0,13.0,1,osrm
108,delivered,2025-07-03 08:43:15,2025-07-03 08:53:57.201992,2025-07-03 08:53:57.201992,2025-07-03 08:48:55.500,5.675,0.0,18.0,1,osrm
109,delivered,2025-07-03 08:44:12,2025-07-03 08:52:49.083581,2025-07-03 13:51:32.200000,2025-07-03 13:54:09.200,309.9533333333333,298.71860698333336,19.0,1,osrm
110,delivered,2025-07-03 08:44:28,2025-07-03 08:52:46.631671,2025-07-03 12:43:38.300000,2025-07-03 12:45:52.000,241.4,230.86113881666668,9.0,1,osrm
111,delivered,2025-07-03 08:44:46,2025-07-03 08:54:41.382038,2025-07-03 11:00:40.500000,2025-07-03 11:02:39.800,137.89666666666665,125.98529936666667,7.0,1,osrm
112,delivered,2025-07-03 08:44:23,2025-07-03 09:01:38.042929,2025-07-03 09:01:38.042929,2025-07-03 09:01:04.100,16.685,0.0,1.0,1,osrm
113,delivered,2025-07-03 08:44:40,2025-07-03 09:00:35.781262,2025-07-03 10:04:19.500000,2025-07-03 10:05:57.300,81.28833333333334,63.728645633333336,18.0,1,osrm
114,delivered,2025-07-03 08:44:45,2025-07-03 08:58:53.861352,2025-07-03 08:58:53.861352,2025-07-03 08:54:54.200,10.153333333333334,0.0,20.0,1,osrm
115,delivered,2025-07-03 08:45:33,2025-07-03 08:55:24.237690,2025-07-03 12:12:08.400000,2025-07-03 12:13:47.900,208.24833333333333,196.7360385,2.0,1,osrm
116,delivered,2025-07-03 08:45:48,2025-07-03 08:56:00.282542,2025-07-03 11:01:20.900000,2025-07-03 11:04:04.400,138.27333333333334,125.3436243,15.0,1,osrm
117,delivered,2025-07-03 08:46:57,2025-07-03 09:02:49.133416,2025-07-03 09:02:49.133416,2025-07-03 08:54:53.200,7.9366666666666665,0.0,6.0,1,osrm
118,delivered,2025-07-03 08:47:25,2025-07-03 09:00:08.391115,2025-07-03 12:44:06.300000,2025-07-03 12:47:06.400,239.69,223.96514808333333,17.0,1,osrm
119,delivered,2025-07-03 08:47:09,2025-07-03 08:53:46.872914,2025-07-03 08:58:13.200000,2025-07-03 09:00:47.800,13.646666666666667,4.438784766666667,11.0,1,osrm
120,delivered,2025-07-03 08:47:34,2025-07-03 09:00:28.239368,2025-07-03 10:05:33.400000,2025-07-03 10:06:09.000,78.58333333333333,65.08601053333334,16.0,1,osrm
121,delivered,2025-07-03 08:48:43,2025-07-03 08:59:10.438346,2025-07-03 08:59:10.438346,2025-07-03 08:56:36.900,7.8983333333333325,0.0,12.0,1,osrm
122,delivered,2025-07-03 08:49:59,2025-07-03 09:06:58.278431,2025-07-03 10:05:32.300000,2025-07-03 10:05:55.000,75.93333333333334,58.56702615,5.0,1,osrm
123,delivered,2025-07-03 08:49:24,2025-07-03 09:06:12.206898,2025-07-03 13:55:44.600000,2025-07-03 13:58:39.400,309.2566666666667,289.53988503333335,14.0,1,osrm
124,ready,2025-07-03 08:49:18,2025-07-03 09:05:32.704617,,,,,,1,
125,ready,2025-07-03 08:49:09,2025-07-03 09:01:33.048590,,,,,,1,
126,delivered,2025-07-03 08:49:47,2025-07-03 09:01:08.497668,2025-07-03 09:01:08.497668,2025-07-03 08:56:38.800,6.863333333333333,0.0,15.0,1,osrm
127,delivered,2025-07-03 08:50:39,2025-07-03 09:05:17.122146,2025-07-03 12:43:59.100000,2025-07-03 12:45:53.300,235.23833333333332,218.69963090000002,1.0,1,osrm
128,delivered,2025-07-03 08:50:36,2025-07-03 09:01:55.395451,2025-07-03 13:35:45.700000,2025-07-03 13:34:16.200,283.67,273.83840915,5.0,1,osrm
129,delivered,2025-07-03 08:50:15,2025-07-03 08:56:32.538994,2025-07-03 09:00:20.700000,2025-07-03 09:03:11.700,12.945,3.8026834333333333,4.0,1,osrm
130,delivered,2025-07-03 08:51:08,2025-07-03 09:01:50.990723,2025-07-03 09:01:50.990723,2025-07-03 09:03:00.000,11.866666666666667,0.0,3.0,1,osrm
131,delivered,2025-07-03 08:51:15,2025-07-03 09:02:52.318682,2025-07-03 09:26:03.000000,2025-07-03 09:29:38.600,38.39333333333333,23.178021966666666,12.0,1,osrm
132,delivered,2025-07-03 08:51:25,2025-07-03 09:04:51.951798,2025-07-03 15:37:25.700000,2025-07-03 15:40:24.600,408.9933333333333,392.56247003333334,15.0,1,osrm
133,delivered,2025-07-03 08:52:31,2025-07-03 09:04:38.814562,2025-07-03 09:04:38.814562,2025-07-03 09:04:38.000,12.116666666666667,0.0,17.0,1,osrm
134,delivered,2025-07-03 08:52:03,2025-07-03 09:01:29.961772,2025-07-03 09:31:38.400000,2025-07-03 09:34:08.600,42.093333333333334,30.140637133333332,18.0,1,osrm
135,delivered,2025-07-03 08:52:34,2025-07-03 09:00:41.770413,2025-07-03 09:00:41.770413,2025-07-03 09:03:28.500,10.908333333333333,0.0,16.0,1,osrm
136,delivered,2025-07-03 08:53:39,2025-07-03 09:01:30.059982,2025-07-03 13:59:13.100000,2025-07-03 14:02:30.300,308.85499999999996,297.71733363333334,11.0,1,osrm
137,delivered,2025-07-03 08:53:20,2025-07-03 09:02:17.565150,2025-07-03 14:00:10.500000,2025-07-03 14:02:42.900,309.3816666666667,297.8822475,6.0,1,osrm
138,delivered,2025-07-03 08:54:12,2025-07-03 09:06:26.844168,2025-07-03 12:13:00.800000,2025-07-03 12:14:51.500,200.65833333333333,186.56593053333333,4.0,1,osrm
139,delivered,2025-07-03 08:54:26,2025-07-03 09:08:51.495297,2025-07-03 09:08:51.495297,2025-07-03 09:02:21.900,7.931666666666667,0.0,18.0,1,osrm
140,delivered,2025-07-03 08:54:32,2025-07-03 09:03:53.717199,2025-07-03 10:06:04.300000,2025-07-03 10:06:58.500,72.44166666666666,62.17638001666667,6.0,1,osrm
141,delivered,2025-07-03 08:54:50,2025-07-03 09:08:47.600092,2025-07-03 09:08:47.600092,2025-07-03 08:57:43.900,2.8983333333333334,0.0,10.0,1,osrm
142,delivered,2025-07-03 08:55:59,2025-07-03 09:04:14.977340,2025-07-03 11:46:15.000000,2025-07-03 11:48:53.500,172.90833333333333,162.00037766666668,20.0,1,osrm
143,delivered,2025-07-03 08:56:46,2025-07-03 09:06:50.344961,2025-07-03 09:06:50.344961,2025-07-03 09:08:04.900,11.315,0.0,14.0,1,osrm
144,delivered,2025-07-03 08:56:10,2025-07-03 09:07:42.190021,2025-07-03 09:07:42.190021,2025-07-03 09:06:57.300,10.788333333333332,0.0,13.0,1,osrm
145,delivered,2025-07-03 08:56:03,2025-07-03 09:09:54.488321,2025-07-03 15:03:26.100000,2025-07-03 15:06:14.400,370.19,353.52686131666667,10.0,1,osrm
146,delivered,2025-07-03 08:56:28,2025-07-03 09:08:33.392137,2025-07-03 09:08:33.392137,2025-07-03 09:08:03.500,11.591666666666667,0.0,20.0,1,osrm
147,delivered,2025-07-03 08:56:26,2025-07-03 09:10:06.595554,2025-07-03 14:02:35.800000,2025-07-03 14:07:43.400,311.29,292.4867407666667,18.0,1,osrm
148,delivered,2025-07-03 08:57:43,2025-07-03 09:02:43.000000,2025-07-03 11:18:20.100000,2025-07-03 11:21:33.000,143.83333333333334,135.61833333333334,4.0,1,osrm
149,delivered,2025-07-03 08:57:09,2025-07-03 09:08:53.434403,2025-07-03 09:08:53.434403,2025-07-03 09:10:02.600,12.893333333333334,0.0,9.0,1,osrm
150,delivered,2025-07-03 08:57:14,2025-07-03 09:08:05.424262,2025-07-03 09:19:54.900000,2025-07-03 09:21:42.000,24.466666666666665,11.824595633333333,13.0,1,osrm
151,delivered,2025-07-03 08:57:35,2025-07-03 09:07:35.623846,2025-07-03 15:04:46.500000,2025-07-03 15:07:23.000,369.8,357.18126923333335,8.0,1,osrm
152,delivered,2025-07-03 08:57:43,2025-07-03 09:04:18.951624,2025-07-03 09:05:15.200000,2025-07-03 09:09:32.800,11.83,0.9374729333333334,8.0,1,osrm
153,delivered,2025-07-03 08:57:56,2025-07-03 09:08:54.591322,2025-07-03 14:02:57.600000,2025-07-03 14:05:31.800,307.59666666666664,294.05014463333333,9.0,1,osrm
154,delivered,2025-07-03 08:57:45,2025-07-03 09:09:19.219754,2025-07-03 09:40:00.600000,2025-07-03 09:43:43.600,45.97666666666667,30.689670766666666,15.0,1,osrm
155,delivered,2025-07-03 08:57:38,2025-07-03 09:11:29.906404,2025-07-03 09:11:29.906404,2025-07-03 09:08:50.000,11.2,0.0,6.0,1,osrm
156,delivered,2025-07-03 08:58:05,2025-07-03 09:04:55.629557,2025-07-03 10:08:07.900000,2025-07-03 10:09:39.500,71.575,63.20450738333333,19.0,1,osrm
157,delivered,2025-07-03 08:58:44,2025-07-03 09:11:53.171632,2025-07-03 11:19:54.400000,2025-07-03 11:24:48.400,146.07333333333332,128.0204728,16.0,1,osrm
158,delivered,2025-07-03 08:58:31,2025-07-03 09:06:08.409576,2025-07-03 15:44:01.400000,2025-07-03 15:46:10.000,407.65,397.8831737333333,16.0,1,osrm
159,delivered,2025-07-03 08:59:38,2025-07-03 09:12:43.411064,2025-07-03 12:45:20.500000,2025-07-03 12:48:26.800,228.81333333333333,212.61814893333334,20.0,1,osrm
160,delivered,2025-07-03 08:59:25,2025-07-03 09:08:10.531877,2025-07-03 10:12:42.700000,2025-07-03 10:15:41.500,76.275,64.53613538333333,13.0,1,osrm
161,delivered,2025-07-03 08:59:20,2025-07-03 09:12:20.575626,2025-07-03 10:10:27.000000,2025-07-03 10:12:56.700,73.61166666666666,58.107072900000006,1.0,1,osrm
162,delivered,2025-07-03 09:00:14,2025-07-03 09:14:17.768646,2025-07-03 11:56:31.100000,2025-07-03 11:59:27.600,179.22666666666666,162.22218923333332,19.0,1,osrm
163,delivered,2025-07-03 09:00:44,2025-07-03 09:14:36.645241,2025-07-03 09:14:36.645241,2025-07-03 09:13:19.000,12.583333333333334,0.0,2.0,1,osrm
164,delivered,2025-07-03 09:01:03,2025-07-03 09:10:07.325144,2025-07-03 09:24:23.000000,2025-07-03 09:26:50.200,25.78666666666667,14.261247599999999,15.0,1,osrm
165,delivered,2025-07-03 09:01:42,2025-07-03 09:15:07.764320,2025-07-03 12:56:58.100000,2025-07-03 12:59:28.400,237.77333333333334,221.838928,19.0,1,osrm
166,delivered,2025-07-03 09:01:40,2025-07-03 09:10:31.310465,2025-07-03 11:01:10.000000,2025-07-03 11:05:29.300,123.82166666666667,110.64482558333334,16.0,1,osrm
167,delivered,2025-07-03 09:01:21,2025-07-03 09:15:48.826339,2025-07-03 09:15:48.826339,2025-07-03 09:19:00.400,17.65666666666667,0.0,18.0,1,osrm
168,delivered,2025-07-03 09:01:50,2025-07-03 09:21:44.687944,2025-07-03 14:03:17.400000,2025-07-03 14:06:38.500,304.80833333333334,281.5452009333333,10.0,1,osrm
169,delivered,2025-07-03 09:02:26,2025-07-03 09:12:13.820935,2025-07-03 10:12:21.900000,2025-07-03 10:16:08.600,73.71000000000001,60.13465108333333,8.0,1,osrm
170,delivered,2025-07-03 09:02:11,2025-07-03 09:08:26.687405,2025-07-03 09:09:46.300000,2025-07-03 09:13:27.600,11.276666666666667,1.3268765833333334,15.0,1,osrm
171,delivered,2025-07-03 09:02:44,2025-07-03 09:13:04.392817,2025-07-03 10:14:39.800000,2025-07-03 10:14:51.900,72.13166666666666,61.59011971666666,9.0,1,osrm
172,delivered,2025-07-03 09:02:36,2025-07-03 09:14:16.037284,2025-07-03 12:14:07.200000,2025-07-03 12:15:51.500,193.25833333333333,179.85271193333335,20.0,1,osrm
173,delivered,2025-07-03 09:02:42,2025-07-03 09:14:54.847275,2025-07-03 09:14:54.847275,2025-07-03 09:12:59.700,10.295,0.0,10.0,1,osrm
174,delivered,2025-07-03 09:03:55,2025-07-03 09:11:11.673263,2025-07-03 14:03:14.100000,2025-07-03 14:05:29.200,301.57,292.0404456166667,15.0,1,osrm
175,delivered,2025-07-03 09:03:22,2025-07-03 09:20:30.771952,2025-07-03 09:20:30.771952,2025-07-03 09:14:26.700,11.078333333333335,0.0,5.0,1,osrm
176,delivered,2025-07-03 09:03:13,2025-07-03 09:15:50.846752,2025-07-03 09:42:54.800000,2025-07-03 09:45:06.900,41.89833333333333,27.065887466666666,2.0,1,osrm
177,delivered,2025-07-03 09:03:25,2025-07-03 09:13:53.596401,2025-07-03 09:13:53.596401,2025-07-03 09:14:05.900,10.681666666666667,0.0,12.0,1,osrm
178,delivered,2025-07-03 09:04:37,2025-07-03 09:18:27.761099,2025-07-03 14:06:55.300000,2025-07-03 14:09:30.300,304.8883333333333,288.4589816833333,12.0,1,osrm
179,delivered,2025-07-03 09:04:10,2025-07-03 09:17:04.039960,2025-07-03 10:17:17.800000,2025-07-03 10:20:02.200,75.86999999999999,60.229334,7.0,1,osrm
180,delivered,2025-07-03 09:04:06,2025-07-03 09:14:35.493951,2025-07-03 11:19:58.600000,2025-07-03 11:23:40.500,139.575,125.38510081666666,19.0,1,osrm
181,delivered,2025-07-03 09:04:52,2025-07-03 09:18:24.137658,2025-07-03 14:17:14.500000,2025-07-03 14:22:44.600,317.87666666666667,298.8393723666667,20.0,1,osrm
182,delivered,2025-07-03 09:04:07,2025-07-03 09:13:54.002108,2025-07-03 14:02:38.800000,2025-07-03 14:04:59.400,300.87333333333333,288.7466315333333,20.0,1,osrm
183,delivered,2025-07-03 09:04:30,2025-07-03 09:13:49.439332,2025-07-03 12:56:20.500000,2025-07-03 12:58:16.700,233.77833333333334,222.5176778,3.0,1,osrm
184,delivered,2025-07-03 09:05:27,2025-07-03 09:18:15.052919,2025-07-03 15:04:58.500000,2025-07-03 15:06:57.700,361.51166666666666,346.72411801666664,5.0,1,osrm
185,delivered,2025-07-03 09:05:26,2025-07-03 09:18:20.530957,2025-07-03 09:24:29.700000,2025-07-03 09:26:12.100,20.76833333333333,6.152817383333333,10.0,1,osrm
186,ready,2025-07-03 09:05:40,2025-07-03 09:25:29.348335,,,,,,1,
187,delivered,2025-07-03 09:05:01,2025-07-03 09:16:32.401841,2025-07-03 14:17:35.800000,2025-07-03 14:22:03.400,317.04,301.05663598333336,13.0,1,osrm
188,delivered,2025-07-03 09:05:48,2025-07-03 09:17:12.251816,2025-07-03 09:17:12.251816,2025-07-03 09:18:08.100,12.335,0.0,11.0,1,osrm
189,delivered,2025-07-03 09:06:35,2025-07-03 09:23:32.817334,2025-07-03 09:23:32.817334,2025-07-03 09:17:34.000,10.983333333333333,0.0,3.0,1,osrm
190,delivered,2025-07-03 09:06:58,2025-07-03 09:18:11.781419,2025-07-03 09:18:11.781419,2025-07-03 09:17:09.500,10.191666666666666,0.0,19.0,1,osrm
191,delivered,2025-07-03 09:06:25,2025-07-03 09:18:34.046124,2025-07-03 09:18:34.046124,2025-07-03 09:21:14.900,14.831666666666667,0.0,17.0,1,osrm
192,delivered,2025-07-03 09:06:27,2025-07-03 09:21:37.590412,2025-07-03 09:21:37.590412,2025-07-03 09:11:53.200,5.4366666666666665,0.0,1.0,1,osrm
193,delivered,2025-07-03 09:06:53,2025-07-03 09:14:49.386526,2025-07-03 11:48:44.400000,2025-07-03 11:51:20.500,164.45833333333334,153.91689123333333,3.0,1,osrm
194,delivered,2025-07-03 09:06:09,2025-07-03 09:21:07.144247,2025-07-03 11:19:58.900000,2025-07-03 11:24:08.800,137.99666666666664,118.86259588333334,9.0,1,osrm
195,delivered,2025-07-03 09:06:21,2025-07-03 09:19:17.396225,2025-07-03 10:16:35.600000,2025-07-03 10:17:44.200,71.38666666666667,57.30339625,2.0,1,osrm
196,delivered,2025-07-03 09:06:19,2025-07-03 09:20:59.914023,2025-07-03 12:16:19.800000,2025-07-03 12:18:06.400,191.79,175.33143295,1.0,1,osrm
197,delivered,2025-07-03 09:07:03,2025-07-03 09:17:40.693790,2025-07-03 09:17:40.693790,2025-07-03 09:17:59.800,10.946666666666665,0.0,4.0,1,osrm
198,delivered,2025-07-03 09:07:36,2025-07-03 09:20:30.864014,2025-07-03 09:20:30.864014,2025-07-03 09:11:47.300,4.1883333333333335,0.0,7.0,1,osrm
199,delivered,2025-07-03 09:08:35,2025-07-03 09:20:01.176155,2025-07-03 14:18:06.800000,2025-07-03 14:21:21.200,312.77000000000004,298.09373074999996,11.0,1,osrm
200,delivered,2025-07-03 09:08:26,2025-07-03 09:19:47.490461,2025-07-03 15:52:37.300000,2025-07-03 15:56:45.500,408.325,392.8301589833334,11.0,1,osrm
201,delivered,2025-07-03 09:09:56,2025-07-03 09:23:13.431866,2025-07-03 09:23:13.431866,2025-07-03 09:23:36.500,13.675,0.0,9.0,1,osrm
202,delivered,2025-07-03 09:09:29,2025-07-03 09:25:15.849849,2025-07-03 09:25:15.849849,2025-07-03 09:17:37.100,8.135,0.0,16.0,1,osrm
203,delivered,2025-07-03 09:10:16,2025-07-03 09:27:17.192291,2025-07-03 15:53:30.200000,2025-07-03 15:54:59.700,404.72833333333335,386.21679515,13.0,1,osrm
204,delivered,2025-07-03 09:10:56,2025-07-03 09:25:10.240090,2025-07-03 13:36:38.400000,2025-07-03 13:39:59.600,269.06,251.46933183333334,2.0,1,osrm
205,delivered,2025-07-03 09:10:57,2025-07-03 09:22:22.003852,2025-07-03 15:11:46.200000,2025-07-03 15:14:39.200,363.7033333333333,349.4032691333333,19.0,1,osrm
206,delivered,2025-07-03 09:11:09,2025-07-03 09:24:01.204763,2025-07-03 11:00:56.800000,2025-07-03 11:05:40.600,114.52666666666667,96.92658728333335,11.0,1,osrm
207,delivered,2025-07-03 09:11:23,2025-07-03 09:20:57.650633,2025-07-03 11:49:02.200000,2025-07-03 11:52:44.700,161.36166666666668,148.07582278333334,8.0,1,osrm
208,delivered,2025-07-03 09:12:42,2025-07-03 09:27:12.672776,2025-07-03 09:27:12.672776,2025-07-03 09:23:45.500,11.058333333333334,0.0,14.0,1,osrm
209,delivered,2025-07-03 09:12:19,2025-07-03 09:21:51.866162,2025-07-03 11:02:48.300000,2025-07-03 11:06:30.200,114.18666666666667,100.94056396666666,4.0,1,osrm
210,delivered,2025-07-03 09:13:39,2025-07-03 09:25:49.880644,2025-07-03 09:25:49.880644,2025-07-03 09:21:36.900,7.965,0.0,6.0,1,osrm
211,delivered,2025-07-03 09:13:27,2025-07-03 09:24:28.900492,2025-07-03 12:16:11.100000,2025-07-03 12:19:09.700,185.71166666666667,171.70332513333332,11.0,1,osrm
212,delivered,2025-07-03 09:13:19,2025-07-03 09:24:04.269243,2025-07-03 09:24:04.269243,2025-07-03 09:22:50.300,9.521666666666667,0.0,8.0,1,osrm
213,delivered,2025-07-03 09:14:48,2025-07-03 09:27:27.675179,2025-07-03 11:19:26.900000,2025-07-03 11:22:48.700,128.01166666666666,111.98708035,13.0,1,osrm
214,delivered,2025-07-03 09:14:36,2025-07-03 09:27:19.470080,2025-07-03 09:27:19.470080,2025-07-03 09:31:07.000,16.516666666666666,0.0,7.0,1,osrm
215,delivered,2025-07-03 09:14:20,2025-07-03 09:27:43.079616,2025-07-03 10:51:16.600000,2025-07-03 10:53:21.800,99.03,83.55867306666667,19.0,1,osrm
216,delivered,2025-07-03 09:14:23,2025-07-03 09:30:09.131532,2025-07-03 09:30:09.131532,2025-07-03 09:22:20.600,7.96,0.0,20.0,1,osrm
217,delivered,2025-07-03 09:15:57,2025-07-03 09:31:29.487012,2025-07-03 13:00:49.000000,2025-07-03 13:05:48.900,229.86499999999998,209.32521646666666,11.0,1,osrm
218,delivered,2025-07-03 09:15:24,2025-07-03 09:27:08.352072,2025-07-03 10:20:55.100000,2025-07-03 10:23:55.700,68.52833333333334,53.77913213333333,14.0,1,osrm
219,delivered,2025-07-03 09:15:38,2025-07-03 09:27:05.242000,2025-07-03 12:16:55.800000,2025-07-03 12:18:55.300,183.28833333333333,169.84263333333334,17.0,1,osrm
220,delivered,2025-07-03 09:16:12,2025-07-03 09:32:19.729257,2025-07-03 10:32:40.100000,2025-07-03 10:35:17.500,79.09166666666667,60.339512383333336,13.0,1,osrm
221,delivered,2025-07-03 09:16:25,2025-07-03 09:30:12.881220,2025-07-03 12:16:51.600000,2025-07-03 12:20:29.800,184.07999999999998,166.645313,5.0,1,osrm
222,delivered,2025-07-03 09:16:20,2025-07-03 09:28:37.159702,2025-07-03 09:47:36.000000,2025-07-03 09:50:25.100,34.085,18.980671633333333,18.0,1,osrm
223,delivered,2025-07-03 09:17:35,2025-07-03 09:27:50.287637,2025-07-03 11:05:06.500000,2025-07-03 11:08:06.400,110.52333333333333,97.27020605,14.0,1,osrm
224,delivered,2025-07-03 09:17:09,2025-07-03 09:27:16.527908,2025-07-03 11:04:29.200000,2025-07-03 11:08:33.800,111.41333333333334,97.21120153333332,10.0,1,osrm
225,delivered,2025-07-03 09:17:20,2025-07-03 09:26:47.419178,2025-07-03 14:19:40.500000,2025-07-03 14:23:36.000,306.26666666666665,292.88468036666666,5.0,1,osrm
226,ready,2025-07-03 09:17:17,2025-07-03 09:28:07.973059,,,,,,1,
227,delivered,2025-07-03 09:17:16,2025-07-03 09:33:40.028419,2025-07-03 10:33:50.100000,2025-07-03 10:34:42.100,77.435,60.16785968333333,16.0,1,osrm
228,delivered,2025-07-03 09:17:12,2025-07-03 09:30:59.439151,2025-07-03 13:01:27.300000,2025-07-03 13:04:48.200,227.60333333333335,210.46434748333334,9.0,1,osrm
229,delivered,2025-07-03 09:17:15,2025-07-03 09:31:39.698131,2025-07-03 10:32:52.700000,2025-07-03 10:34:28.700,77.22833333333332,61.21669781666667,8.0,1,osrm
230,delivered,2025-07-03 09:18:47,2025-07-03 09:30:24.885706,2025-07-03 09:30:24.885706,2025-07-03 09:27:16.700,8.495,0.0,5.0,1,osrm
231,delivered,2025-07-03 09:18:25,2025-07-03 09:32:58.676622,2025-07-03 09:32:58.676622,2025-07-03 09:26:11.400,7.7733333333333325,0.0,2.0,1,osrm
232,delivered,2025-07-03 09:18:53,2025-07-03 09:26:50.891691,2025-07-03 11:21:53.800000,2025-07-03 11:27:21.100,128.46833333333333,115.04847181666668,12.0,1,osrm
233,delivered,2025-07-03 09:18:30,2025-07-03 09:25:05.483690,2025-07-03 13:31:03.200000,2025-07-03 13:33:29.100,254.985,245.9619385,13.0,1,osrm
234,ready,2025-07-03 09:18:15,2025-07-03 09:23:15.000000,,,,,,1,
235,delivered,2025-07-03 09:18:15,2025-07-03 09:28:10.691262,2025-07-03 13:30:19.400000,2025-07-03 13:32:45.700,254.51166666666668,242.14514563333333,18.0,1,osrm
236,delivered,2025-07-03 09:19:05,2025-07-03 09:34:01.286456,2025-07-03 09:34:01.286456,2025-07-03 09:29:20.200,10.253333333333334,0.0,1.0,1,osrm
237,delivered,2025-07-03 09:21:39,2025-07-03 09:33:04.255306,2025-07-03 09:33:04.255306,2025-07-03 09:32:49.400,11.173333333333334,0.0,4.0,1,osrm
238,delivered,2025-07-03 09:21:06,2025-07-03 09:35:46.426260,2025-07-03 10:35:04.200000,2025-07-03 10:36:24.400,75.30666666666666,59.296229000000004,18.0,1,osrm
239,delivered,2025-07-03 09:22:46,2025-07-03 09:30:48.743538,2025-07-03 09:32:00.000000,2025-07-03 09:35:10.900,12.415,1.1876077,16.0,1,osrm
240,ready,2025-07-03 09:22:26,2025-07-03 09:36:34.169222,,,,,,1,
241,delivered,2025-07-03 09:22:42,2025-07-03 09:33:48.760854,2025-07-03 10:52:14.300000,2025-07-03 10:50:52.500,88.175,78.42565243333334,13.0,1,osrm
242,delivered,2025-07-03 09:22:23,2025-07-03 09:33:49.271037,2025-07-03 09:33:49.271037,2025-07-03 09:33:04.000,10.683333333333334,0.0,11.0,1,osrm
243,delivered,2025-07-03 09:23:04,2025-07-03 09:31:55.452849,2025-07-03 09:31:55.452849,2025-07-03 09:32:15.700,9.195,0.0,19.0,1,osrm
244,delivered,2025-07-03 09:23:47,2025-07-03 09:31:05.552641,2025-07-03 11:20:54.300000,2025-07-03 11:23:18.700,119.52833333333334,109.81245598333334,11.0,1,osrm
245,delivered,2025-07-03 09:23:14,2025-07-03 09:30:22.600446,2025-07-03 09:30:48.200000,2025-07-03 09:34:15.900,11.031666666666666,0.42665923333333333,3.0,1,osrm
246,delivered,2025-07-03 09:24:58,2025-07-03 09:40:46.505722,2025-07-03 09:51:02.800000,2025-07-03 09:54:38.200,29.67,10.2715713,14.0,1,osrm
247,delivered,2025-07-03 09:24:48,2025-07-03 09:37:14.336865,2025-07-03 09:48:13.400000,2025-07-03 09:51:59.200,27.186666666666667,10.984385583333333,19.0,1,osrm
248,delivered,2025-07-03 09:24:31,2025-07-03 09:38:23.061590,2025-07-03 10:52:03.400000,2025-07-03 10:54:13.800,89.71333333333334,73.67230683333334,6.0,1,osrm
249,delivered,2025-07-03 09:24:18,2025-07-03 09:36:18.979543,2025-07-03 12:17:17.600000,2025-07-03 12:20:41.500,176.39166666666668,160.97700761666667,7.0,1,osrm
250,ready,2025-07-03 09:25:19,2025-07-03 09:35:56.361736,,,,,,1,
251,delivered,2025-07-03 09:25:39,2025-07-03 09:40:39.567496,2025-07-03 09:40:39.567496,2025-07-03 09:36:58.000,11.316666666666666,0.0,8.0,1,osrm
252,delivered,2025-07-03 09:25:17,2025-07-03 09:40:54.463195,2025-07-03 12:26:15.700000,2025-07-03 12:27:59.800,182.7133333333333,165.35394675,4.0,1,osrm
253,delivered,2025-07-03 09:26:00,2025-07-03 09:36:54.893573,2025-07-03 09:52:26.500000,2025-07-03 09:54:48.200,28.803333333333335,15.526773783333335,5.0,1,osrm
254,delivered,2025-07-03 09:26:24,2025-07-03 09:38:09.136560,2025-07-03 09:38:38.800000,2025-07-03 09:42:55.800,16.529999999999998,0.4943906666666667,1.0,1,osrm
255,delivered,2025-07-03 09:26:45,2025-07-03 09:42:49.243830,2025-07-03 11:05:04.100000,2025-07-03 11:09:03.500,102.30833333333334,82.24760283333333,19.0,1,osrm
256,delivered,2025-07-03 09:27:26,2025-07-03 09:40:48.531371,2025-07-03 14:21:16.000000,2025-07-03 14:26:20.800,298.9133333333333,280.45781048333333,3.0,1,osrm
257,delivered,2025-07-03 09:27:31,2025-07-03 09:38:08.027269,2025-07-03 09:55:47.300000,2025-07-03 09:58:45.200,31.236666666666668,17.654545516666666,13.0,1,osrm
258,delivered,2025-07-03 09:27:35,2025-07-03 09:39:38.981542,2025-07-03 11:22:09.600000,2025-07-03 11:24:19.100,116.735,102.51030763333333,14.0,1,osrm
259,delivered,2025-07-03 09:27:12,2025-07-03 09:41:39.318974,2025-07-03 09:41:39.318974,2025-07-03 09:36:25.000,9.216666666666667,0.0,14.0,1,osrm
260,delivered,2025-07-03 09:28:54,2025-07-03 09:41:22.729163,2025-07-03 09:41:22.729163,2025-07-03 09:41:00.200,12.103333333333333,0.0,17.0,1,osrm
261,delivered,2025-07-03 09:28:36,2025-07-03 09:35:52.918159,2025-07-03 09:40:34.000000,2025-07-03 09:44:03.400,15.456666666666667,4.6846973499999995,12.0,1,osrm
262,delivered,2025-07-03 09:28:13,2025-07-03 09:43:08.533927,2025-07-03 09:43:08.533927,2025-07-03 09:38:22.400,10.156666666666666,0.0,9.0,1,osrm
263,delivered,2025-07-03 09:28:55,2025-07-03 09:35:59.158659,2025-07-03 13:01:42.700000,2025-07-03 13:03:35.200,214.67000000000002,205.72568901666668,18.0,1,osrm
264,delivered,2025-07-03 09:29:06,2025-07-03 09:40:29.058124,2025-07-03 09:40:29.058124,2025-07-03 09:40:32.700,11.445,0.0,13.0,1,osrm
265,delivered,2025-07-03 09:29:08,2025-07-03 09:43:10.253438,2025-07-03 09:43:10.253438,2025-07-03 09:36:25.300,7.288333333333333,0.0,6.0,1,osrm
266,ready,2025-07-03 09:29:25,2025-07-03 09:42:52.965228,,,,,,1,
267,delivered,2025-07-03 09:29:42,2025-07-03 09:44:10.029042,2025-07-03 09:44:10.029042,2025-07-03 09:41:48.400,12.106666666666666,0.0,20.0,1,osrm
268,delivered,2025-07-03 09:29:40,2025-07-03 09:41:35.679647,2025-07-03 11:06:14.600000,2025-07-03 11:09:51.900,100.19833333333332,84.64867255,12.0,1,osrm
269,delivered,2025-07-03 09:29:45,2025-07-03 09:37:38.150505,2025-07-03 10:41:22.800000,2025-07-03 10:43:40.800,73.93,63.744158250000005,12.0,1,osrm
270,delivered,2025-07-03 09:29:27,2025-07-03 09:45:37.785099,2025-07-03 12:27:12.400000,2025-07-03 12:29:55.800,180.48,161.57691501666667,8.0,1,osrm
271,delivered,2025-07-03 09:30:32,2025-07-03 09:39:52.605331,2025-07-03 09:39:52.605331,2025-07-03 09:41:38.500,11.108333333333333,0.0,5.0,1,osrm
272,delivered,2025-07-03 09:30:54,2025-07-03 09:45:54.961037,2025-07-03 13:02:03.300000,2025-07-03 13:03:49.800,212.92999999999998,196.13898271666667,20.0,1,osrm
273,delivered,2025-07-03 09:30:06,2025-07-03 09:40:26.681367,2025-07-03 13:01:25.400000,2025-07-03 13:04:29.300,214.38833333333332,200.97864388333335,1.0,1,osrm
274,delivered,2025-07-03 09:32:56,2025-07-03 09:37:56.000000,2025-07-03 13:31:33.800000,2025-07-03 13:34:23.300,241.45499999999998,233.63,10.0,1,osrm
275,delivered,2025-07-03 09:32:09,2025-07-03 09:41:09.155163,2025-07-03 10:42:19.100000,2025-07-03 10:44:29.500,72.34166666666667,61.16574728333333,1.0,1,osrm
276,delivered,2025-07-03 09:33:59,2025-07-03 09:44:06.674645,2025-07-03 09:44:06.674645,2025-07-03 09:37:11.000,3.2,0.0,10.0,1,osrm
277,ready,2025-07-03 09:33:30,2025-07-03 09:49:58.741358,,,,,,1,
278,delivered,2025-07-03 09:33:37,2025-07-03 09:50:12.057113,2025-07-03 10:44:14.200000,2025-07-03 10:46:55.000,73.3,54.03571478333333,15.0,1,osrm
279,delivered,2025-07-03 09:33:59,2025-07-03 09:46:36.478654,2025-07-03 11:22:54.800000,2025-07-03 11:28:14.800,114.26333333333334,96.30535576666666,6.0,1,osrm
280,delivered,2025-07-03 09:33:57,2025-07-03 09:45:40.709521,2025-07-03 11:51:36.000000,2025-07-03 11:55:22.600,141.42666666666668,125.92150798333334,13.0,1,osrm
281,delivered,2025-07-03 09:34:58,2025-07-03 09:48:02.572967,2025-07-03 11:58:14.300000,2025-07-03 12:01:57.900,146.99833333333333,130.19545055,11.0,1,osrm
282,delivered,2025-07-03 09:34:42,2025-07-03 09:41:41.172449,2025-07-03 10:44:42.500000,2025-07-03 10:45:59.600,71.29333333333334,63.022125849999995,7.0,1,osrm
283,delivered,2025-07-03 09:35:32,2025-07-03 09:48:17.778921,2025-07-03 13:02:39.500000,2025-07-03 13:05:08.800,209.61333333333332,194.36201798333335,12.0,1,osrm
284,delivered,2025-07-03 09:35:14,2025-07-03 09:41:44.128566,2025-07-03 10:56:11.900000,2025-07-03 10:54:46.200,79.53666666666666,74.46285723333334,12.0,1,osrm
285,delivered,2025-07-03 09:36:11,2025-07-03 09:46:58.217674,2025-07-03 09:46:58.217674,2025-07-03 09:48:32.400,12.356666666666666,0.0,7.0,1,osrm
286,delivered,2025-07-03 09:36:40,2025-07-03 09:51:20.527358,2025-07-03 09:51:20.527358,2025-07-03 09:46:58.900,10.315,0.0,3.0,1,osrm
287,delivered,2025-07-03 09:37:00,2025-07-03 09:50:03.665792,2025-07-03 13:02:24.300000,2025-07-03 13:05:46.100,208.76833333333335,192.34390346666666,17.0,1,osrm
288,ready,2025-07-03 09:37:13,2025-07-03 09:45:30.188958,,,,,,1,
289,delivered,2025-07-03 09:37:05,2025-07-03 09:50:07.816324,2025-07-03 14:22:26.500000,2025-07-03 14:26:26.700,289.3616666666667,272.3113946,12.0,1,osrm
290,delivered,2025-07-03 09:37:27,2025-07-03 09:50:58.698492,2025-07-03 09:50:58.698492,2025-07-03 09:46:22.400,8.923333333333334,0.0,4.0,1,osrm
291,delivered,2025-07-03 09:37:04,2025-07-03 09:45:59.072233,2025-07-03 13:05:27.700000,2025-07-03 13:07:43.900,210.665,199.47712945,6.0,1,osrm
292,delivered,2025-07-03 09:38:35,2025-07-03 09:46:52.858449,2025-07-03 13:39:31.800000,2025-07-03 13:41:51.700,243.27833333333334,232.64902585,14.0,1,osrm
293,delivered,2025-07-03 09:38:28,2025-07-03 09:48:41.102980,2025-07-03 13:06:06.300000,2025-07-03 13:09:00.700,210.54500000000002,197.41995033333333,7.0,1,osrm
294,delivered,2025-07-03 09:39:22,2025-07-03 09:53:58.510699,2025-07-03 09:53:58.510699,2025-07-03 09:49:11.900,9.831666666666667,0.0,11.0,1,osrm
295,delivered,2025-07-03 09:40:19,2025-07-03 10:00:28.379231,2025-07-03 14:22:04.500000,2025-07-03 14:25:04.000,284.75,261.6020128166667,15.0,1,osrm
296,delivered,2025-07-03 09:41:39,2025-07-03 09:51:11.333297,2025-07-03 09:51:11.333297,2025-07-03 09:55:41.000,14.033333333333333,0.0,8.0,1,osrm
297,delivered,2025-07-03 09:41:42,2025-07-03 09:51:22.261822,2025-07-03 09:51:22.261822,2025-07-03 09:54:44.700,13.045,0.0,6.0,1,osrm
298,delivered,2025-07-03 09:42:14,2025-07-03 09:53:14.823522,2025-07-03 11:05:47.600000,2025-07-03 11:08:50.300,86.605,72.54627463333333,18.0,1,osrm
299,delivered,2025-07-03 09:43:01,2025-07-03 09:52:42.984403,2025-07-03 11:07:32.500000,2025-07-03 11:11:24.000,88.38333333333334,74.82525994999999,6.0,1,osrm
300,delivered,2025-07-03 09:43:58,2025-07-03 09:59:42.635998,2025-07-03 09:59:42.635998,2025-07-03 09:53:14.700,9.278333333333334,0.0,10.0,1,osrm
301,ready,2025-07-03 09:43:11,2025-07-03 09:54:59.649697,,,,,,1,
302,delivered,2025-07-03 09:44:42,2025-07-03 09:59:52.772625,2025-07-03 09:59:52.772625,2025-07-03 09:52:10.100,7.468333333333334,0.0,16.0,1,osrm
303,delivered,2025-07-03 09:44:46,2025-07-03 09:55:48.224587,2025-07-03 09:55:55.600000,2025-07-03 09:59:23.800,14.629999999999999,0.12292355,17.0,1,osrm
304,delivered,2025-07-03 09:44:23,2025-07-03 09:57:04.283439,2025-07-03 09:57:04.283439,2025-07-03 09:57:10.700,12.795,0.0,9.0,1,osrm
305,delivered,2025-07-03 09:44:59,2025-07-03 09:57:25.031838,2025-07-03 10:45:47.900000,2025-07-03 10:48:28.600,63.49333333333333,48.381136033333334,16.0,1,osrm
306,delivered,2025-07-03 09:45:29,2025-07-03 09:52:19.703722,2025-07-03 09:54:04.300000,2025-07-03 09:56:29.800,11.013333333333332,1.7432713,12.0,1,osrm
307,delivered,2025-07-03 09:46:24,2025-07-03 09:54:51.992350,2025-07-03 09:54:51.992350,2025-07-03 09:57:52.700,11.478333333333333,0.0,15.0,1,osrm
308,delivered,2025-07-03 09:48:03,2025-07-03 09:58:51.961491,2025-07-03 09:58:51.961491,2025-07-03 09:58:55.000,10.866666666666667,0.0,20.0,1,osrm
309,delivered,2025-07-03 09:48:12,2025-07-03 10:01:28.559276,2025-07-03 12:28:13.000000,2025-07-03 12:30:25.200,162.22,146.74067873333334,9.0,1,osrm
310,delivered,2025-07-03 09:49:19,2025-07-03 10:00:58.483861,2025-07-03 11:23:05.300000,2025-07-03 11:26:03.400,96.74,82.11360231666666,2.0,1,osrm
311,delivered,2025-07-03 09:49:55,2025-07-03 10:05:21.827579,2025-07-03 11:26:57.900000,2025-07-03 11:30:03.500,100.14166666666667,81.60120701666666,1.0,1,osrm
312,delivered,2025-07-03 09:50:21,2025-07-03 10:01:43.995867,2025-07-03 10:01:43.995867,2025-07-03 10:02:43.300,12.371666666666666,0.0,7.0,1,osrm
313,delivered,2025-07-03 09:50:50,2025-07-03 09:57:32.620415,2025-07-03 13:10:18.600000,2025-07-03 13:12:23.700,201.56166666666667,192.76632641666666,4.0,1,osrm
314,ready,2025-07-03 09:50:50,2025-07-03 10:07:16.734280,,,,,,1,
315,delivered,2025-07-03 09:50:40,2025-07-03 10:05:29.059024,2025-07-03 10:05:29.059024,2025-07-03 10:03:34.600,12.91,0.0,11.0,1,osrm
316,delivered,2025-07-03 09:50:25,2025-07-03 10:01:35.519637,2025-07-03 10:01:35.519637,2025-07-03 10:02:27.400,12.04,0.0,3.0,1,osrm
317,delivered,2025-07-03 09:51:03,2025-07-03 10:01:41.753380,2025-07-03 14:23:09.100000,2025-07-03 14:25:31.100,274.4683333333333,261.455777,9.0,1,osrm
318,delivered,2025-07-03 09:53:28,2025-07-03 10:02:51.899052,2025-07-03 10:05:00.000000,2025-07-03 10:09:51.700,16.395,2.1350157999999997,10.0,1,osrm
319,delivered,2025-07-03 09:54:36,2025-07-03 10:00:54.738813,2025-07-03 10:00:54.738813,2025-07-03 10:02:10.900,7.581666666666666,0.0,4.0,1,osrm
320,delivered,2025-07-03 09:54:42,2025-07-03 10:06:01.142506,2025-07-03 10:06:01.142506,2025-07-03 10:05:00.900,10.315,0.0,2.0,1,osrm
321,delivered,2025-07-03 09:55:02,2025-07-03 10:05:51.889030,2025-07-03 13:10:04.300000,2025-07-03 13:12:52.400,197.84,184.2068495,16.0,1,osrm
322,delivered,2025-07-03 09:56:06,2025-07-03 10:06:48.390216,2025-07-03 15:18:44.600000,2025-07-03 15:21:51.800,325.7633333333333,311.9368297333333,11.0,1,osrm
323,delivered,2025-07-03 09:58:22,2025-07-03 10:11:28.774035,2025-07-03 10:11:28.774035,2025-07-03 10:06:17.700,7.928333333333333,0.0,14.0,1,osrm
324,delivered,2025-07-03 09:59:17,2025-07-03 10:04:17.000000,2025-07-03 13:40:11.900000,2025-07-03 13:38:48.600,219.52666666666667,215.915,4.0,1,osrm
325,delivered,2025-07-03 09:59:38,2025-07-03 10:12:44.983847,2025-07-03 10:46:03.000000,2025-07-03 10:46:36.300,46.97166666666667,33.30026921666667,8.0,1,osrm
326,delivered,2025-07-03 10:00:25,2025-07-03 10:08:23.942359,2025-07-03 14:23:42.700000,2025-07-03 14:26:49.600,266.41,255.31262735,17.0,1,osrm
327,delivered,2025-07-03 10:00:21,2025-07-03 10:11:52.843489,2025-07-03 10:11:52.843489,2025-07-03 10:13:38.800,13.296666666666665,0.0,12.0,1,osrm
328,delivered,2025-07-03 10:00:09,2025-07-03 10:12:20.917774,2025-07-03 10:12:20.917774,2025-07-03 10:11:07.800,10.979999999999999,0.0,15.0,1,osrm
329,delivered,2025-07-03 10:01:58,2025-07-03 10:10:33.896816,2025-07-03 10:11:40.800000,2025-07-03 10:14:36.600,12.643333333333334,1.1150530666666667,20.0,1,osrm
330,delivered,2025-07-03 10:01:41,2025-07-03 10:13:41.854326,2025-07-03 15:17:40.900000,2025-07-03 15:20:41.200,319.00333333333333,303.98409456666667,17.0,1,osrm
331,delivered,2025-07-03 10:02:12,2025-07-03 10:19:22.506755,2025-07-03 13:11:09.800000,2025-07-03 13:13:17.000,191.08333333333334,171.78822075000002,3.0,1,osrm
332,delivered,2025-07-03 10:03:36,2025-07-03 10:20:18.677298,2025-07-03 14:24:01.600000,2025-07-03 14:27:08.200,263.5366666666667,243.71537836666667,18.0,1,osrm
333,delivered,2025-07-03 10:03:05,2025-07-03 10:15:43.732147,2025-07-03 10:15:43.732147,2025-07-03 10:10:58.900,7.8983333333333325,0.0,17.0,1,osrm
334,delivered,2025-07-03 10:04:09,2025-07-03 10:18:32.448261,2025-07-03 10:56:30.200000,2025-07-03 10:55:15.400,51.10666666666667,37.96252898333333,1.0,1,osrm
335,delivered,2025-07-03 10:04:13,2025-07-03 10:12:11.926137,2025-07-03 11:09:49.300000,2025-07-03 11:13:43.400,69.50666666666666,57.622897716666664,2.0,1,osrm
336,delivered,2025-07-03 10:05:20,2025-07-03 10:16:08.907771,2025-07-03 11:58:08.500000,2025-07-03 12:00:42.800,115.38000000000001,101.99320381666666,4.0,1,osrm
337,delivered,2025-07-03 10:05:23,2025-07-03 10:20:42.428315,2025-07-03 11:32:51.100000,2025-07-03 11:35:42.500,90.325,72.14452808333334,3.0,1,osrm
338,delivered,2025-07-03 10:05:25,2025-07-03 10:18:30.322642,2025-07-03 10:56:53.500000,2025-07-03 10:59:00.700,53.595,38.3862893,5.0,1,osrm
339,delivered,2025-07-03 10:06:10,2025-07-03 10:18:38.560431,2025-07-03 10:18:38.560431,2025-07-03 10:18:14.800,12.08,0.0,4.0,1,osrm
340,delivered,2025-07-03 10:06:50,2025-07-03 10:20:39.801195,2025-07-03 12:31:45.500000,2025-07-03 12:34:18.700,147.47833333333335,131.09498008333333,18.0,1,osrm
341,delivered,2025-07-03 10:06:07,2025-07-03 10:22:15.343361,2025-07-03 11:11:19.000000,2025-07-03 11:13:33.100,67.435,49.06094398333333,5.0,1,osrm
342,ready,2025-07-03 10:07:47,2025-07-03 10:18:32.180711,,,,,,1,
343,delivered,2025-07-03 10:07:56,2025-07-03 10:24:37.848237,2025-07-03 10:24:37.848237,2025-07-03 10:19:36.000,11.666666666666666,0.0,3.0,1,osrm
344,ready,2025-07-03 10:08:54,2025-07-03 10:23:41.107037,,,,,,1,
345,delivered,2025-07-03 10:09:52,2025-07-03 10:17:46.920210,2025-07-03 10:17:46.920210,2025-07-03 10:16:34.700,6.711666666666667,0.0,11.0,1,osrm
346,delivered,2025-07-03 10:10:46,2025-07-03 10:23:57.506932,2025-07-03 10:23:57.506932,2025-07-03 10:25:10.800,14.413333333333332,0.0,5.0,1,osrm
347,delivered,2025-07-03 10:10:17,2025-07-03 10:20:22.163452,2025-07-03 10:21:12.000000,2025-07-03 10:23:43.700,13.445,0.8306091333333333,6.0,1,osrm
348,delivered,2025-07-03 10:11:02,2025-07-03 10:25:38.597792,2025-07-03 10:25:38.597792,2025-07-03 10:20:47.500,9.758333333333333,0.0,10.0,1,osrm
349,delivered,2025-07-03 10:12:09,2025-07-03 10:23:00.083380,2025-07-03 10:23:00.083380,2025-07-03 10:22:43.800,10.58,0.0,18.0,1,osrm
350,delivered,2025-07-03 10:12:07,2025-07-03 10:21:27.995172,2025-07-03 10:21:27.995172,2025-07-03 10:22:17.300,10.171666666666665,0.0,16.0,1,osrm
351,delivered,2025-07-03 10:13:32,2025-07-03 10:19:34.165812,2025-07-03 10:19:34.165812,2025-07-03 10:23:21.500,9.825,0.0,19.0,1,osrm
352,delivered,2025-07-03 10:13:32,2025-07-03 10:25:35.330466,2025-07-03 11:52:33.000000,2025-07-03 11:56:10.900,102.64833333333333,86.9611589,18.0,1,osrm
353,delivered,2025-07-03 10:13:26,2025-07-03 10:27:34.035857,2025-07-03 14:23:45.400000,2025-07-03 14:27:02.600,253.61,236.18940238333334,16.0,1,osrm
354,ready,2025-07-03 10:15:59,2025-07-03 10:23:48.848382,,,,,,1,
355,delivered,2025-07-03 10:15:56,2025-07-03 10:25:59.445891,2025-07-03 10:28:37.100000,2025-07-03 10:31:42.400,15.773333333333333,2.6275684833333335,3.0,1,osrm
356,delivered,2025-07-03 10:15:13,2025-07-03 10:27:56.481929,2025-07-03 15:20:03.100000,2025-07-03 15:22:25.700,307.2116666666667,292.1103011833333,5.0,1,osrm
357,delivered,2025-07-03 10:15:23,2025-07-03 10:27:21.009175,2025-07-03 10:27:33.800000,2025-07-03 10:30:44.800,15.363333333333333,0.21318041666666668,7.0,1,osrm
358,delivered,2025-07-03 10:16:12,2025-07-03 10:26:52.590425,2025-07-03 10:26:52.590425,2025-07-03 10:28:21.500,12.158333333333333,0.0,17.0,1,osrm
359,delivered,2025-07-03 10:16:24,2025-07-03 10:28:09.200774,2025-07-03 10:28:09.200774,2025-07-03 10:28:42.300,12.305,0.0,1.0,1,osrm
360,delivered,2025-07-03 10:16:42,2025-07-03 10:34:47.226503,2025-07-03 10:34:47.226503,2025-07-03 10:27:00.300,10.305,0.0,20.0,1,osrm
361,delivered,2025-07-03 10:17:00,2025-07-03 10:35:03.179406,2025-07-03 10:35:03.179406,2025-07-03 10:22:54.000,5.9,0.0,9.0,1,osrm
362,delivered,2025-07-03 10:17:48,2025-07-03 10:31:04.600126,2025-07-03 10:31:04.600126,2025-07-03 10:31:46.300,13.971666666666666,0.0,15.0,1,osrm
363,delivered,2025-07-03 10:17:30,2025-07-03 10:28:59.237257,2025-07-03 10:28:59.237257,2025-07-03 10:26:43.700,9.228333333333333,0.0,12.0,1,osrm
364,delivered,2025-07-03 10:17:56,2025-07-03 10:34:15.693587,2025-07-03 13:11:36.500000,2025-07-03 13:13:15.600,175.32666666666668,157.34677355,14.0,1,osrm
365,ready,2025-07-03 10:18:03,2025-07-03 10:33:49.528609,,,,,,1,
366,delivered,2025-07-03 10:18:24,2025-07-03 10:32:22.915135,2025-07-03 10:47:26.400000,2025-07-03 10:49:44.600,31.34333333333333,15.058081083333333,11.0,1,osrm
367,delivered,2025-07-03 10:19:19,2025-07-03 10:35:10.461690,2025-07-03 10:35:10.461690,2025-07-03 10:33:45.000,14.433333333333334,0.0,4.0,1,osrm
368,delivered,2025-07-03 10:19:03,2025-07-03 10:32:07.900152,2025-07-03 11:59:03.900000,2025-07-03 12:01:25.200,102.36999999999999,86.93333080000001,20.0,1,osrm
369,delivered,2025-07-03 10:19:21,2025-07-03 10:32:13.388528,2025-07-03 10:50:23.600000,2025-07-03 10:51:42.700,32.361666666666665,18.170191199999998,10.0,1,osrm
370,ready,2025-07-03 10:20:39,2025-07-03 10:28:17.461672,,,,,,1,
371,delivered,2025-07-03 10:20:49,2025-07-03 10:30:22.685250,2025-07-03 10:50:37.200000,2025-07-03 10:54:04.400,33.25666666666667,20.2419125,9.0,1,osrm
372,delivered,2025-07-03 10:22:20,2025-07-03 10:38:03.085755,2025-07-03 10:38:03.085755,2025-07-03 10:33:09.500,10.825,0.0,11.0,1,osrm
373,delivered,2025-07-03 10:23:12,2025-07-03 10:36:48.140530,2025-07-03 14:23:26.900000,2025-07-03 14:26:13.500,243.025,226.64599116666668,4.0,1,osrm
374,delivered,2025-07-03 10:24:40,2025-07-03 10:38:48.521568,2025-07-03 10:38:48.521568,2025-07-03 10:27:44.800,3.08,0.0,2.0,1,osrm
375,delivered,2025-07-03 10:25:40,2025-07-03 10:33:17.414363,2025-07-03 10:33:39.200000,2025-07-03 10:39:00.100,13.335,0.36309395,14.0,1,osrm
376,delivered,2025-07-03 10:26:10,2025-07-03 10:33:02.368032,2025-07-03 11:32:44.900000,2025-07-03 11:38:09.700,71.99499999999999,59.70886613333333,8.0,1,osrm
377,delivered,2025-07-03 10:27:31,2025-07-03 10:37:58.205624,2025-07-03 11:36:47.000000,2025-07-03 11:41:12.000,73.68333333333334,58.813239599999996,11.0,1,osrm
378,delivered,2025-07-03 10:27:13,2025-07-03 10:36:41.011203,2025-07-03 10:36:41.011203,2025-07-03 10:37:57.600,10.743333333333334,0.0,10.0,1,osrm
379,delivered,2025-07-03 10:28:34,2025-07-03 10:39:27.103460,2025-07-03 10:39:27.103460,2025-07-03 10:38:36.900,10.048333333333334,0.0,9.0,1,osrm
380,delivered,2025-07-03 10:28:05,2025-07-03 10:39:01.982261,2025-07-03 10:39:01.982261,2025-07-03 10:37:05.400,9.006666666666666,0.0,6.0,1,osrm
381,delivered,2025-07-03 10:29:06,2025-07-03 10:44:29.658510,2025-07-03 10:44:29.658510,2025-07-03 10:36:29.600,7.3933333333333335,0.0,19.0,1,osrm
382,delivered,2025-07-03 10:30:32,2025-07-03 10:42:13.842592,2025-07-03 10:42:13.842592,2025-07-03 10:44:09.900,13.631666666666666,0.0,17.0,1,osrm
383,delivered,2025-07-03 10:30:36,2025-07-03 10:41:12.249559,2025-07-03 10:41:12.249559,2025-07-03 10:41:32.800,10.946666666666665,0.0,5.0,1,osrm
384,delivered,2025-07-03 10:30:39,2025-07-03 10:45:14.150173,2025-07-03 10:45:14.150173,2025-07-03 10:42:26.500,11.791666666666666,0.0,2.0,1,osrm
385,delivered,2025-07-03 10:32:22,2025-07-03 10:41:01.427940,2025-07-03 11:52:14.700000,2025-07-03 11:56:11.900,83.83166666666666,71.22120100000001,9.0,1,osrm
386,delivered,2025-07-03 10:32:26,2025-07-03 10:42:03.687209,2025-07-03 11:12:12.800000,2025-07-03 11:15:30.600,43.07666666666667,30.15187985,20.0,1,osrm
387,delivered,2025-07-03 10:33:24,2025-07-03 10:46:44.655590,2025-07-03 11:52:48.100000,2025-07-03 11:56:24.400,83.00666666666666,66.05740683333333,16.0,1,osrm
388,delivered,2025-07-03 10:34:41,2025-07-03 10:41:54.253752,2025-07-03 10:41:54.253752,2025-07-03 10:42:42.200,8.02,0.0,20.0,1,osrm
389,delivered,2025-07-03 10:35:35,2025-07-03 10:46:22.487216,2025-07-03 13:38:35.500000,2025-07-03 13:37:03.200,181.47,172.21687973333334,16.0,1,osrm
390,ready,2025-07-03 10:35:33,2025-07-03 10:53:44.468927,,,,,,1,
391,delivered,2025-07-03 10:35:14,2025-07-03 10:47:21.365433,2025-07-03 10:47:21.365433,2025-07-03 10:46:25.200,11.186666666666667,0.0,3.0,1,osrm
392,ready,2025-07-03 10:36:47,2025-07-03 10:49:25.768279,,,,,,1,
393,delivered,2025-07-03 10:38:55,2025-07-03 10:48:55.656097,2025-07-03 10:48:55.656097,2025-07-03 10:47:32.700,8.628333333333334,0.0,4.0,1,osrm
394,delivered,2025-07-03 10:40:36,2025-07-03 10:51:38.784932,2025-07-03 11:36:58.200000,2025-07-03 11:41:03.200,60.45333333333333,45.32358446666667,14.0,1,osrm
395,delivered,2025-07-03 10:41:45,2025-07-03 10:46:45.000000,2025-07-03 10:52:23.000000,2025-07-03 10:54:24.700,12.661666666666667,5.633333333333334,18.0,1,osrm
396,delivered,2025-07-03 10:41:22,2025-07-03 10:54:27.387206,2025-07-03 10:54:27.387206,2025-07-03 10:50:38.100,9.268333333333334,0.0,14.0,1,osrm
397,delivered,2025-07-03 10:43:34,2025-07-03 10:57:51.567382,2025-07-03 13:11:36.400000,2025-07-03 13:15:09.700,151.595,133.7472103,8.0,1,osrm
398,delivered,2025-07-03 10:44:11,2025-07-03 10:56:41.214608,2025-07-03 14:33:41.900000,2025-07-03 14:36:52.600,232.69333333333333,217.0114232,10.0,1,osrm
399,delivered,2025-07-03 10:45:34,2025-07-03 10:55:33.898927,2025-07-03 15:20:56.600000,2025-07-03 15:21:59.200,276.42,265.37835121666666,14.0,1,osrm
400,delivered,2025-07-03 10:45:24,2025-07-03 10:54:32.124174,2025-07-03 13:12:30.600000,2025-07-03 13:15:11.600,149.79333333333335,137.9745971,13.0,1,osrm
401,delivered,2025-07-03 10:47:06,2025-07-03 10:57:05.954376,2025-07-03 11:16:45.600000,2025-07-03 11:20:10.200,33.07,19.6607604,7.0,1,osrm
402,delivered,2025-07-03 10:48:55,2025-07-03 10:59:36.479052,2025-07-03 11:38:02.700000,2025-07-03 11:41:33.400,52.64,38.437015800000005,19.0,1,osrm
403,delivered,2025-07-03 10:48:18,2025-07-03 11:02:57.632097,2025-07-03 12:31:15.600000,2025-07-03 12:33:50.300,105.53833333333334,88.29946505,20.0,1,osrm
404,delivered,2025-07-03 10:48:07,2025-07-03 10:59:47.818801,2025-07-03 13:20:08.700000,2025-07-03 13:23:29.500,155.375,140.34801998333333,2.0,1,osrm
405,delivered,2025-07-03 10:49:22,2025-07-03 11:03:43.245178,2025-07-03 11:03:43.245178,2025-07-03 10:59:56.900,10.581666666666667,0.0,2.0,1,osrm
406,delivered,2025-07-03 10:53:38,2025-07-03 11:01:39.285960,2025-07-03 11:52:08.400000,2025-07-03 11:54:09.800,60.53,50.485234,10.0,1,osrm
407,ready,2025-07-03 10:53:04,2025-07-03 11:01:16.349581,,,,,,1,
408,delivered,2025-07-03 10:55:26,2025-07-03 11:11:10.380393,2025-07-03 11:11:10.380393,2025-07-03 11:08:19.700,12.895000000000001,0.0,9.0,1,osrm
409,delivered,2025-07-03 10:55:13,2025-07-03 11:00:13.000000,2025-07-03 11:04:06.900000,2025-07-03 11:07:24.600,12.193333333333333,3.8983333333333334,13.0,1,osrm
410,delivered,2025-07-03 11:01:14,2025-07-03 11:13:58.560623,2025-07-03 14:37:36.200000,2025-07-03 14:39:50.500,218.60833333333332,203.62732294999998,11.0,1,osrm
411,ready,2025-07-03 11:02:42,2025-07-03 11:14:03.532716,,,,,,1,
412,delivered,2025-07-03 11:03:48,2025-07-03 11:13:06.300677,2025-07-03 11:13:06.300677,2025-07-03 11:14:19.200,10.520000000000001,0.0,17.0,1,osrm
413,delivered,2025-07-03 11:03:12,2025-07-03 11:10:38.464725,2025-07-03 11:11:23.400000,2025-07-03 11:14:11.400,10.99,0.74892125,1.0,1,osrm
414,delivered,2025-07-03 11:04:17,2025-07-03 11:13:43.345645,2025-07-03 14:40:16.800000,2025-07-03 14:43:28.500,219.19166666666666,206.55757258333333,20.0,1,osrm
415,ready,2025-07-03 11:06:36,2025-07-03 11:17:34.727048,,,,,,1,
416,delivered,2025-07-03 11:08:38,2025-07-03 11:20:02.751205,2025-07-03 11:20:02.751205,2025-07-03 11:21:46.700,13.145000000000001,0.0,8.0,1,osrm
417,delivered,2025-07-03 11:10:27,2025-07-03 11:27:00.523654,2025-07-03 13:20:38.500000,2025-07-03 13:23:43.000,133.26666666666668,113.6329391,5.0,1,osrm
418,delivered,2025-07-03 11:11:45,2025-07-03 11:26:25.220055,2025-07-03 13:21:34.800000,2025-07-03 13:22:53.400,131.14,115.15966575,12.0,1,osrm
419,delivered,2025-07-03 11:12:40,2025-07-03 11:23:55.162861,2025-07-03 11:23:55.162861,2025-07-03 11:21:26.800,8.78,0.0,18.0,1,osrm
420,ready,2025-07-03 11:12:29,2025-07-03 11:23:31.920575,,,,,,1,
421,delivered,2025-07-03 11:15:04,2025-07-03 11:27:22.023791,2025-07-03 11:27:22.023791,2025-07-03 11:30:27.600,15.393333333333334,0.0,5.0,1,osrm
422,delivered,2025-07-03 11:15:18,2025-07-03 11:23:23.995325,2025-07-03 11:26:28.600000,2025-07-03 11:29:40.800,14.379999999999999,3.076744583333333,17.0,1,osrm
423,delivered,2025-07-03 11:21:27,2025-07-03 11:36:36.603104,2025-07-03 11:37:33.900000,2025-07-03 11:42:22.600,20.926666666666666,0.9549482666666667,4.0,1,osrm
424,delivered,2025-07-03 11:22:50,2025-07-03 11:27:50.000000,2025-07-03 11:29:02.900000,2025-07-03 11:31:45.500,8.925,1.215,15.0,1,osrm
425,delivered,2025-07-03 11:22:09,2025-07-03 11:34:28.079924,2025-07-03 11:34:28.079924,2025-07-03 11:33:00.200,10.853333333333333,0.0,20.0,1,osrm
426,delivered,2025-07-03 11:26:15,2025-07-03 11:36:57.988347,2025-07-03 13:21:33.000000,2025-07-03 13:24:09.200,117.90333333333334,104.58352755,6.0,1,osrm
427,ready,2025-07-03 11:27:48,2025-07-03 11:36:43.603851,,,,,,1,
428,delivered,2025-07-03 11:27:27,2025-07-03 11:40:46.814101,2025-07-03 13:21:55.700000,2025-07-03 13:24:40.700,117.22833333333332,101.14809831666666,17.0,1,osrm
429,delivered,2025-07-03 11:28:07,2025-07-03 11:40:19.263663,2025-07-03 11:40:19.263663,2025-07-03 11:36:29.900,8.381666666666666,0.0,10.0,1,osrm
430,delivered,2025-07-03 11:28:22,2025-07-03 11:34:13.725565,2025-07-03 11:36:38.800000,2025-07-03 11:40:08.900,11.781666666666666,2.41790725,7.0,1,osrm
431,delivered,2025-07-03 11:28:18,2025-07-03 11:37:46.474339,2025-07-03 11:37:46.474339,2025-07-03 11:36:42.400,8.406666666666666,0.0,16.0,1,osrm
432,delivered,2025-07-03 11:29:41,2025-07-03 11:46:35.940865,2025-07-03 11:46:35.940865,2025-07-03 11:37:55.500,8.241666666666667,0.0,18.0,1,osrm
433,delivered,2025-07-03 11:32:01,2025-07-03 11:44:42.126666,2025-07-03 13:23:55.200000,2025-07-03 13:28:52.500,116.85833333333333,99.21788889999999,11.0,1,osrm
434,delivered,2025-07-03 11:32:01,2025-07-03 11:41:54.087188,2025-07-03 11:41:54.087188,2025-07-03 11:43:29.300,11.471666666666666,0.0,6.0,1,osrm
435,delivered,2025-07-03 11:32:19,2025-07-03 11:43:58.810033,2025-07-03 11:43:58.810033,2025-07-03 11:44:16.900,11.965,0.0,2.0,1,osrm
436,delivered,2025-07-03 11:32:35,2025-07-03 11:38:54.587685,2025-07-03 11:39:18.500000,2025-07-03 11:43:39.600,11.076666666666666,0.3985385833333333,12.0,1,osrm
437,delivered,2025-07-03 11:32:25,2025-07-03 11:47:01.132921,2025-07-03 13:40:35.100000,2025-07-03 13:39:26.500,127.025,113.56611798333333,19.0,1,osrm
438,delivered,2025-07-03 11:36:32,2025-07-03 11:47:27.594888,2025-07-03 12:31:27.200000,2025-07-03 12:33:46.000,57.233333333333334,43.99341853333333,1.0,1,osrm
439,delivered,2025-07-03 11:36:30,2025-07-03 11:46:32.494246,2025-07-03 11:46:32.494246,2025-07-03 11:48:58.900,12.481666666666666,0.0,15.0,1,osrm
440,delivered,2025-07-03 11:37:06,2025-07-03 11:42:06.000000,2025-07-03 12:31:54.600000,2025-07-03 12:34:44.400,57.64,49.809999999999995,17.0,1,osrm
441,delivered,2025-07-03 11:38:18,2025-07-03 11:56:44.809731,2025-07-03 11:56:44.809731,2025-07-03 11:46:27.100,8.151666666666667,0.0,5.0,1,osrm
442,ready,2025-07-03 11:39:15,2025-07-03 11:53:20.122284,,,,,,1,
443,ready,2025-07-03 11:39:00,2025-07-03 11:53:57.894960,,,,,,1,
444,delivered,2025-07-03 11:42:57,2025-07-03 11:51:50.177849,2025-07-03 13:25:46.100000,2025-07-03 13:27:19.900,104.38166666666666,93.93203584999999,14.0,1,osrm
445,delivered,2025-07-03 11:46:10,2025-07-03 11:54:29.737603,2025-07-03 14:42:24.400000,2025-07-03 14:45:18.400,179.14,167.91103995,1.0,1,osrm
446,delivered,2025-07-03 11:46:50,2025-07-03 12:02:07.059544,2025-07-03 14:42:13.100000,2025-07-03 14:47:05.700,180.26166666666668,160.1006742666667,9.0,1,osrm
447,delivered,2025-07-03 11:47:56,2025-07-03 12:01:15.257991,2025-07-03 15:17:58.700000,2025-07-03 15:20:09.200,212.22,196.72403348333333,12.0,1,osrm
448,delivered,2025-07-03 11:47:20,2025-07-03 12:01:44.440580,2025-07-03 13:26:36.300000,2025-07-03 13:28:55.700,101.595,84.86432366666666,4.0,1,osrm
449,delivered,2025-07-03 11:47:41,2025-07-03 11:59:06.320096,2025-07-03 13:32:00.200000,2025-07-03 13:36:00.300,108.32166666666667,92.8979984,8.0,1,osrm
450,delivered,2025-07-03 11:49:32,2025-07-03 12:00:40.053115,2025-07-03 12:00:40.053115,2025-07-03 11:56:07.400,6.59,0.0,6.0,1,osrm
451,delivered,2025-07-03 11:49:44,2025-07-03 11:59:59.072589,2025-07-03 11:59:59.072589,2025-07-03 11:57:47.400,8.056666666666667,0.0,12.0,1,osrm
452,delivered,2025-07-03 11:50:24,2025-07-03 11:58:15.401461,2025-07-03 12:00:46.400000,2025-07-03 12:04:47.600,14.393333333333334,2.5166423166666667,5.0,1,osrm
453,delivered,2025-07-03 11:51:22,2025-07-03 12:01:46.188738,2025-07-03 13:42:30.900000,2025-07-03 13:45:19.300,113.955,100.7451877,11.0,1,osrm
454,delivered,2025-07-03 11:52:40,2025-07-03 12:02:09.040834,2025-07-03 12:02:09.040834,2025-07-03 12:01:47.500,9.125,0.0,1.0,1,osrm
455,delivered,2025-07-03 11:54:48,2025-07-03 12:04:15.125935,2025-07-03 12:04:15.125935,2025-07-03 12:01:29.500,6.691666666666666,0.0,17.0,1,osrm
456,delivered,2025-07-03 11:56:42,2025-07-03 12:09:16.868501,2025-07-03 12:09:16.868501,2025-07-03 12:10:17.600,13.593333333333334,0.0,3.0,1,osrm
457,delivered,2025-07-03 11:56:18,2025-07-03 12:13:20.332688,2025-07-03 12:13:20.332688,2025-07-03 12:10:57.700,14.661666666666667,0.0,8.0,1,osrm
458,delivered,2025-07-03 12:01:55,2025-07-03 12:08:06.872785,2025-07-03 12:08:40.900000,2025-07-03 12:11:41.900,9.781666666666666,0.56712025,16.0,1,osrm
459,delivered,2025-07-03 12:04:41,2025-07-03 12:20:27.863381,2025-07-03 12:20:27.863381,2025-07-03 12:15:13.900,10.548333333333334,0.0,18.0,1,osrm
460,delivered,2025-07-03 12:07:49,2025-07-03 12:17:27.811117,2025-07-03 12:31:50.600000,2025-07-03 12:35:01.700,27.211666666666666,14.379814716666667,11.0,1,osrm
461,ready,2025-07-03 12:09:10,2025-07-03 12:23:31.103050,,,,,,1,
462,ready,2025-07-03 12:10:11,2025-07-03 12:23:26.951663,,,,,,1,
463,delivered,2025-07-03 12:11:16,2025-07-03 12:26:16.760018,2025-07-03 12:26:16.760018,2025-07-03 12:22:10.300,10.905,0.0,15.0,1,osrm
464,delivered,2025-07-03 12:14:31,2025-07-03 12:25:26.013431,2025-07-03 12:25:26.013431,2025-07-03 12:22:39.000,8.133333333333333,0.0,10.0,1,osrm
465,delivered,2025-07-03 12:15:49,2025-07-03 12:31:33.605116,2025-07-03 12:31:33.605116,2025-07-03 12:26:04.400,10.256666666666666,0.0,3.0,1,osrm
466,delivered,2025-07-03 12:16:26,2025-07-03 12:24:40.588331,2025-07-03 12:24:40.588331,2025-07-03 12:28:51.800,12.43,0.0,19.0,1,osrm
467,delivered,2025-07-03 12:17:52,2025-07-03 12:28:25.321294,2025-07-03 12:28:25.321294,2025-07-03 12:27:54.000,10.033333333333333,0.0,2.0,1,osrm
468,delivered,2025-07-03 12:17:06,2025-07-03 12:23:32.427492,2025-07-03 12:24:43.200000,2025-07-03 12:28:22.000,11.266666666666667,1.1795418,14.0,1,osrm
469,delivered,2025-07-03 12:18:14,2025-07-03 12:31:30.294255,2025-07-03 12:31:30.294255,2025-07-03 12:26:55.900,8.698333333333332,0.0,12.0,1,osrm
470,delivered,2025-07-03 12:18:27,2025-07-03 12:37:14.362751,2025-07-03 12:37:14.362751,2025-07-03 12:26:20.400,7.89,0.0,13.0,1,osrm
471,delivered,2025-07-03 12:19:23,2025-07-03 12:29:40.412367,2025-07-03 12:29:40.412367,2025-07-03 12:28:17.900,8.915,0.0,16.0,1,osrm
472,delivered,2025-07-03 12:22:18,2025-07-03 12:30:33.657587,2025-07-03 13:28:52.600000,2025-07-03 13:30:42.400,68.40666666666667,58.315706883333334,1.0,1,osrm
473,delivered,2025-07-03 12:27:19,2025-07-03 12:39:45.634588,2025-07-03 12:39:45.634588,2025-07-03 12:34:35.800,7.28,0.0,15.0,1,osrm
474,delivered,2025-07-03 12:28:35,2025-07-03 12:39:21.961006,2025-07-03 12:39:21.961006,2025-07-03 12:37:23.500,8.808333333333334,0.0,10.0,1,osrm
475,delivered,2025-07-03 12:29:32,2025-07-03 12:42:24.946921,2025-07-03 12:42:24.946921,2025-07-03 12:38:14.000,8.7,0.0,7.0,1,osrm
476,delivered,2025-07-03 12:31:17,2025-07-03 12:39:36.909848,2025-07-03 12:39:36.909848,2025-07-03 12:42:54.700,11.628333333333334,0.0,8.0,1,osrm
477,delivered,2025-07-03 12:31:32,2025-07-03 12:41:19.174945,2025-07-03 12:41:19.174945,2025-07-03 12:43:27.100,11.918333333333333,0.0,14.0,1,osrm
478,delivered,2025-07-03 12:32:45,2025-07-03 12:44:03.596953,2025-07-03 12:44:03.596953,2025-07-03 12:43:27.600,10.71,0.0,13.0,1,osrm
479,delivered,2025-07-03 12:33:03,2025-07-03 12:44:05.496194,2025-07-03 13:29:41.200000,2025-07-03 13:33:55.900,60.88166666666667,45.59506343333333,15.0,1,osrm
480,delivered,2025-07-03 12:34:08,2025-07-03 12:39:08.000000,2025-07-03 12:39:08.000000,2025-07-03 12:38:32.000,4.4,0.0,2.0,1,osrm
481,delivered,2025-07-03 12:37:46,2025-07-03 12:52:11.699296,2025-07-03 15:20:15.800000,2025-07-03 15:22:38.400,164.87333333333333,148.06834506666667,6.0,1,osrm
482,delivered,2025-07-03 12:38:03,2025-07-03 12:54:26.387289,2025-07-03 12:54:26.387289,2025-07-03 12:45:40.800,7.63,0.0,11.0,1,osrm
483,delivered,2025-07-03 12:38:05,2025-07-03 12:51:25.004500,2025-07-03 12:51:25.004500,2025-07-03 12:46:31.300,8.438333333333334,0.0,18.0,1,osrm
484,delivered,2025-07-03 12:39:18,2025-07-03 12:51:23.970104,2025-07-03 12:51:23.970104,2025-07-03 12:47:42.500,8.408333333333333,0.0,15.0,1,osrm
485,delivered,2025-07-03 12:40:39,2025-07-03 12:55:08.026635,2025-07-03 12:55:08.026635,2025-07-03 12:54:39.100,14.001666666666667,0.0,6.0,1,osrm
486,delivered,2025-07-03 12:40:46,2025-07-03 12:46:54.475660,2025-07-03 12:51:18.000000,2025-07-03 12:53:22.700,12.611666666666668,4.392072333333333,7.0,1,osrm
487,delivered,2025-07-03 12:41:36,2025-07-03 12:54:38.578694,2025-07-03 13:31:23.000000,2025-07-03 13:34:56.200,53.336666666666666,36.7403551,20.0,1,osrm
488,delivered,2025-07-03 12:42:34,2025-07-03 12:54:47.543265,2025-07-03 12:54:47.543265,2025-07-03 12:52:43.100,10.151666666666667,0.0,2.0,1,osrm
489,delivered,2025-07-03 12:42:28,2025-07-03 12:54:24.533263,2025-07-03 14:42:11.200000,2025-07-03 14:47:15.300,124.78833333333334,107.77777895,15.0,1,osrm
490,delivered,2025-07-03 12:42:20,2025-07-03 12:51:46.112484,2025-07-03 12:51:46.112484,2025-07-03 12:52:53.000,10.55,0.0,10.0,1,osrm
491,delivered,2025-07-03 12:44:33,2025-07-03 12:55:46.528936,2025-07-03 12:55:46.528936,2025-07-03 12:52:24.300,7.855,0.0,5.0,1,osrm
492,delivered,2025-07-03 12:46:56,2025-07-03 12:56:37.418491,2025-07-03 12:56:37.418491,2025-07-03 12:56:28.600,9.543333333333333,0.0,16.0,1,osrm
493,delivered,2025-07-03 12:46:32,2025-07-03 12:59:28.484864,2025-07-03 12:59:28.484864,2025-07-03 12:55:56.800,9.413333333333332,0.0,14.0,1,osrm
494,delivered,2025-07-03 12:47:14,2025-07-03 13:02:01.356221,2025-07-03 15:18:54.600000,2025-07-03 15:21:24.300,154.17166666666665,136.88739631666667,7.0,1,osrm
495,delivered,2025-07-03 12:48:44,2025-07-03 12:54:53.498653,2025-07-03 12:54:53.498653,2025-07-03 12:56:38.300,7.905,0.0,8.0,1,osrm
496,delivered,2025-07-03 12:49:37,2025-07-03 13:02:19.891254,2025-07-03 13:02:19.891254,2025-07-03 12:55:39.000,6.033333333333333,0.0,13.0,1,osrm
497,delivered,2025-07-03 12:49:42,2025-07-03 13:00:04.401710,2025-07-03 13:00:04.401710,2025-07-03 12:56:51.100,7.151666666666667,0.0,4.0,1,osrm
498,delivered,2025-07-03 12:51:08,2025-07-03 13:01:59.611669,2025-07-03 13:42:22.300000,2025-07-03 13:44:58.100,53.835,40.37813885,6.0,1,osrm
499,delivered,2025-07-03 12:52:04,2025-07-03 13:00:10.224369,2025-07-03 13:00:12.500000,2025-07-03 13:04:10.000,12.1,0.037927183333333336,15.0,1,osrm
500,delivered,2025-07-03 12:55:49,2025-07-03 13:06:12.845300,2025-07-03 13:06:28.800000,2025-07-03 13:09:27.000,13.633333333333333,0.26591166666666666,2.0,1,osrm
501,delivered,2025-07-03 12:56:42,2025-07-03 13:12:13.717035,2025-07-03 13:31:12.700000,2025-07-03 13:33:33.900,36.865,18.983049416666667,9.0,1,osrm
502,delivered,2025-07-03 12:56:19,2025-07-03 13:05:32.970437,2025-07-03 13:05:32.970437,2025-07-03 13:04:47.600,8.476666666666667,0.0,10.0,1,osrm
503,delivered,2025-07-03 12:57:46,2025-07-03 13:05:27.289364,2025-07-03 13:05:27.289364,2025-07-03 13:07:23.700,9.628333333333334,0.0,5.0,1,osrm
504,delivered,2025-07-03 13:03:14,2025-07-03 13:10:31.507406,2025-07-03 13:10:47.000000,2025-07-03 13:13:00.200,9.770000000000001,0.2582099,19.0,1,osrm
505,delivered,2025-07-03 13:05:07,2025-07-03 13:12:47.991369,2025-07-03 13:15:58.600000,2025-07-03 13:19:42.600,14.593333333333334,3.176810516666667,1.0,1,osrm
506,delivered,2025-07-03 13:06:13,2025-07-03 13:17:55.552717,2025-07-03 13:17:55.552717,2025-07-03 13:18:09.900,11.948333333333332,0.0,10.0,1,osrm
507,delivered,2025-07-03 13:07:55,2025-07-03 13:20:44.242264,2025-07-03 13:20:44.242264,2025-07-03 13:16:31.800,8.613333333333333,0.0,18.0,1,osrm
508,delivered,2025-07-03 13:07:06,2025-07-03 13:18:59.063447,2025-07-03 13:18:59.063447,2025-07-03 13:16:30.600,9.41,0.0,15.0,1,osrm
509,delivered,2025-07-03 13:08:36,2025-07-03 13:19:43.661300,2025-07-03 13:19:43.661300,2025-07-03 13:20:03.000,11.45,0.0,20.0,1,osrm
510,delivered,2025-07-03 13:08:56,2025-07-03 13:23:03.611722,2025-07-03 13:23:03.611722,2025-07-03 13:19:09.300,10.221666666666666,0.0,9.0,1,osrm
511,delivered,2025-07-03 13:09:59,2025-07-03 13:25:54.996875,2025-07-03 14:42:08.100000,2025-07-03 14:45:03.800,95.08,76.21838541666666,18.0,1,osrm
512,ready,2025-07-03 13:10:37,2025-07-03 13:27:03.492575,,,,,,1,
513,delivered,2025-07-03 13:13:01,2025-07-03 13:20:19.212965,2025-07-03 14:42:55.400000,2025-07-03 14:45:28.000,92.45,82.60311725,12.0,1,osrm
514,delivered,2025-07-03 13:14:03,2025-07-03 13:23:48.252777,2025-07-03 13:23:48.252777,2025-07-03 13:21:32.000,7.483333333333333,0.0,7.0,1,osrm
515,delivered,2025-07-03 13:15:59,2025-07-03 13:29:45.729797,2025-07-03 13:29:45.729797,2025-07-03 13:28:15.000,12.266666666666667,0.0,19.0,1,osrm
516,delivered,2025-07-03 13:15:22,2025-07-03 13:27:20.104693,2025-07-03 13:27:20.104693,2025-07-03 13:22:48.300,7.4383333333333335,0.0,3.0,1,osrm
517,delivered,2025-07-03 13:17:21,2025-07-03 13:33:41.485719,2025-07-03 13:42:36.800000,2025-07-03 13:45:36.000,28.25,8.921904683333334,5.0,1,osrm
518,delivered,2025-07-03 13:18:53,2025-07-03 13:32:18.779301,2025-07-03 13:32:18.779301,2025-07-03 13:26:09.400,7.2733333333333325,0.0,16.0,1,osrm
519,delivered,2025-07-03 13:19:48,2025-07-03 13:25:53.180875,2025-07-03 14:43:22.700000,2025-07-03 14:46:34.200,86.77,77.49198541666667,16.0,1,osrm
520,delivered,2025-07-03 13:25:34,2025-07-03 13:35:16.177005,2025-07-03 14:43:36.000000,2025-07-03 14:48:52.800,83.31333333333333,68.33038325000001,17.0,1,osrm
521,delivered,2025-07-03 13:26:17,2025-07-03 13:36:21.211663,2025-07-03 13:36:21.211663,2025-07-03 13:39:25.000,13.133333333333333,0.0,12.0,1,osrm
522,ready,2025-07-03 13:26:52,2025-07-03 13:44:14.334548,,,,,,1,
523,delivered,2025-07-03 13:26:02,2025-07-03 13:40:31.493159,2025-07-03 13:40:31.493159,2025-07-03 13:37:39.200,11.620000000000001,0.0,3.0,1,osrm
524,delivered,2025-07-03 13:28:57,2025-07-03 13:41:24.581693,2025-07-03 13:41:24.581693,2025-07-03 13:39:23.500,10.441666666666666,0.0,7.0,1,osrm
525,delivered,2025-07-03 13:39:06,2025-07-03 13:52:10.711693,2025-07-03 13:52:10.711693,2025-07-03 13:43:48.700,4.711666666666667,0.0,1.0,1,osrm
526,delivered,2025-07-03 13:39:36,2025-07-03 13:48:51.873840,2025-07-03 13:48:51.873840,2025-07-03 13:48:56.000,9.333333333333334,0.0,9.0,1,osrm
527,delivered,2025-07-03 13:39:59,2025-07-03 13:54:44.672451,2025-07-03 13:54:44.672451,2025-07-03 13:45:25.300,5.4383333333333335,0.0,13.0,1,osrm
528,delivered,2025-07-03 13:40:29,2025-07-03 13:56:36.838085,2025-07-03 13:56:36.838085,2025-07-03 13:51:01.100,10.535,0.0,3.0,1,osrm
529,delivered,2025-07-03 13:41:16,2025-07-03 13:53:43.351046,2025-07-03 13:53:43.351046,2025-07-03 13:51:44.800,10.479999999999999,0.0,7.0,1,osrm
530,delivered,2025-07-03 13:42:42,2025-07-03 14:00:00.206811,2025-07-03 14:00:00.206811,2025-07-03 13:52:13.800,9.53,0.0,16.0,1,osrm
531,delivered,2025-07-03 13:43:30,2025-07-03 13:53:06.750384,2025-07-03 13:53:06.750384,2025-07-03 13:52:27.100,8.951666666666666,0.0,17.0,1,osrm
532,delivered,2025-07-03 13:44:14,2025-07-03 13:58:59.884961,2025-07-03 13:58:59.884961,2025-07-03 13:52:32.800,8.313333333333334,0.0,12.0,1,osrm
533,delivered,2025-07-03 13:44:02,2025-07-03 13:54:47.488481,2025-07-03 13:54:47.488481,2025-07-03 13:53:32.000,9.5,0.0,2.0,1,osrm
534,delivered,2025-07-03 13:44:27,2025-07-03 13:55:20.909935,2025-07-03 13:55:20.909935,2025-07-03 13:51:52.700,7.428333333333333,0.0,4.0,1,osrm
535,delivered,2025-07-03 13:49:04,2025-07-03 14:07:37.816523,2025-07-03 14:07:37.816523,2025-07-03 13:59:39.800,10.596666666666666,0.0,1.0,1,osrm
536,delivered,2025-07-03 13:51:26,2025-07-03 14:03:31.224426,2025-07-03 14:03:31.224426,2025-07-03 14:02:27.800,11.03,0.0,13.0,1,osrm
537,delivered,2025-07-03 13:51:34,2025-07-03 14:06:51.569642,2025-07-03 14:43:56.800000,2025-07-03 14:47:20.500,55.775,37.08717263333333,2.0,1,osrm
538,delivered,2025-07-03 13:54:07,2025-07-03 14:05:22.362250,2025-07-03 14:05:22.362250,2025-07-03 14:04:11.800,10.08,0.0,5.0,1,osrm
539,delivered,2025-07-03 13:55:45,2025-07-03 14:09:11.098289,2025-07-03 14:09:11.098289,2025-07-03 14:08:15.200,12.503333333333334,0.0,2.0,1,osrm
540,delivered,2025-07-03 13:56:26,2025-07-03 14:07:42.658681,2025-07-03 14:07:42.658681,2025-07-03 14:04:25.200,7.986666666666666,0.0,7.0,1,osrm
541,delivered,2025-07-03 13:56:57,2025-07-03 14:11:21.584191,2025-07-03 14:11:21.584191,2025-07-03 14:05:56.500,8.991666666666667,0.0,4.0,1,osrm
542,delivered,2025-07-03 13:57:55,2025-07-03 14:11:58.139161,2025-07-03 14:11:58.139161,2025-07-03 14:08:57.000,11.033333333333333,0.0,3.0,1,osrm
543,delivered,2025-07-03 13:58:34,2025-07-03 14:17:03.063153,2025-07-03 14:17:03.063153,2025-07-03 14:07:31.300,8.955,0.0,17.0,1,osrm
544,delivered,2025-07-03 13:58:14,2025-07-03 14:06:39.102295,2025-07-03 14:06:39.102295,2025-07-03 14:04:32.300,6.305000000000001,0.0,19.0,1,osrm
545,delivered,2025-07-03 13:58:27,2025-07-03 14:11:30.484016,2025-07-03 14:11:30.484016,2025-07-03 14:07:07.300,8.671666666666665,0.0,8.0,1,osrm
546,delivered,2025-07-03 13:58:44,2025-07-03 14:08:25.866685,2025-07-03 15:20:51.500000,2025-07-03 15:22:30.600,83.77666666666667,72.42722191666667,1.0,1,osrm
547,delivered,2025-07-03 13:59:35,2025-07-03 14:09:09.483752,2025-07-03 14:09:09.483752,2025-07-03 14:07:20.900,7.765,0.0,16.0,1,osrm
548,delivered,2025-07-03 14:00:48,2025-07-03 14:09:02.595486,2025-07-03 14:09:02.595486,2025-07-03 14:10:53.800,10.096666666666666,0.0,1.0,1,osrm
549,delivered,2025-07-03 14:02:22,2025-07-03 14:18:46.150601,2025-07-03 14:18:46.150601,2025-07-03 14:07:53.800,5.53,0.0,14.0,1,osrm
550,delivered,2025-07-03 14:06:27,2025-07-03 14:21:21.077762,2025-07-03 14:21:21.077762,2025-07-03 14:18:59.000,12.533333333333333,0.0,19.0,1,osrm
551,delivered,2025-07-03 14:07:15,2025-07-03 14:20:33.506491,2025-07-03 14:20:33.506491,2025-07-03 14:18:02.200,10.786666666666667,0.0,7.0,1,osrm
552,delivered,2025-07-03 14:08:55,2025-07-03 14:21:34.922496,2025-07-03 14:21:34.922496,2025-07-03 14:12:13.200,3.3033333333333332,0.0,6.0,1,osrm
553,delivered,2025-07-03 14:11:36,2025-07-03 14:27:19.548742,2025-07-03 14:27:19.548742,2025-07-03 14:22:35.300,10.988333333333333,0.0,10.0,1,osrm
554,delivered,2025-07-03 14:13:29,2025-07-03 14:24:28.177817,2025-07-03 14:24:28.177817,2025-07-03 14:23:35.300,10.104999999999999,0.0,8.0,1,osrm
555,delivered,2025-07-03 14:13:58,2025-07-03 14:27:22.828493,2025-07-03 14:27:22.828493,2025-07-03 14:25:11.900,11.231666666666666,0.0,2.0,1,osrm
556,delivered,2025-07-03 14:13:32,2025-07-03 14:26:33.518317,2025-07-03 14:26:33.518317,2025-07-03 14:23:00.400,9.473333333333333,0.0,14.0,1,osrm
557,delivered,2025-07-03 14:18:44,2025-07-03 14:30:03.409352,2025-07-03 14:44:13.700000,2025-07-03 14:48:10.600,29.44333333333333,14.1715108,6.0,1,osrm
558,delivered,2025-07-03 14:18:30,2025-07-03 14:26:46.963212,2025-07-03 14:26:46.963212,2025-07-03 14:26:24.000,7.9,0.0,1.0,1,osrm
559,delivered,2025-07-03 14:19:00,2025-07-03 14:34:38.778305,2025-07-03 14:34:38.778305,2025-07-03 14:29:57.300,10.955,0.0,6.0,1,osrm
560,delivered,2025-07-03 14:20:06,2025-07-03 14:31:43.739396,2025-07-03 14:31:43.739396,2025-07-03 14:35:23.400,15.29,0.0,19.0,1,osrm
561,delivered,2025-07-03 14:22:47,2025-07-03 14:36:19.829848,2025-07-03 14:36:19.829848,2025-07-03 14:34:59.800,12.213333333333333,0.0,7.0,1,osrm
562,delivered,2025-07-03 14:24:05,2025-07-03 14:33:44.182674,2025-07-03 14:34:48.900000,2025-07-03 14:39:37.600,15.543333333333333,1.0786221,5.0,1,osrm
563,delivered,2025-07-03 14:24:40,2025-07-03 14:34:14.139959,2025-07-03 14:34:14.139959,2025-07-03 14:34:18.800,9.646666666666667,0.0,13.0,1,osrm
564,delivered,2025-07-03 14:25:06,2025-07-03 14:33:54.494108,2025-07-03 15:02:33.200000,2025-07-03 15:07:51.400,42.75666666666667,28.6450982,1.0,1,osrm
565,delivered,2025-07-03 14:25:06,2025-07-03 14:34:37.970431,2025-07-03 15:03:11.800000,2025-07-03 15:05:50.300,40.73833333333334,28.56382615,2.0,1,osrm
566,delivered,2025-07-03 14:27:01,2025-07-03 14:39:44.196378,2025-07-03 15:04:14.900000,2025-07-03 15:08:06.500,41.09166666666667,24.511727033333333,6.0,1,osrm
567,delivered,2025-07-03 14:27:10,2025-07-03 14:44:40.947243,2025-07-03 14:44:40.947243,2025-07-03 14:36:32.300,9.371666666666666,0.0,8.0,1,osrm
568,delivered,2025-07-03 14:28:48,2025-07-03 14:43:27.843454,2025-07-03 14:43:27.843454,2025-07-03 14:38:41.400,9.889999999999999,0.0,14.0,1,osrm
569,delivered,2025-07-03 14:30:24,2025-07-03 14:45:53.457640,2025-07-03 14:45:53.457640,2025-07-03 14:41:51.800,11.463333333333333,0.0,3.0,1,osrm
570,delivered,2025-07-03 14:31:19,2025-07-03 14:48:14.492100,2025-07-03 14:48:14.492100,2025-07-03 14:43:31.700,12.211666666666668,0.0,4.0,1,osrm
571,ready,2025-07-03 14:36:34,2025-07-03 14:48:47.933335,,,,,,1,
572,delivered,2025-07-03 14:36:25,2025-07-03 14:50:57.587535,2025-07-03 14:50:57.587535,2025-07-03 14:45:58.400,9.556666666666667,0.0,7.0,1,osrm
573,delivered,2025-07-03 14:37:35,2025-07-03 14:50:56.990884,2025-07-03 14:50:56.990884,2025-07-03 14:48:07.100,10.535,0.0,13.0,1,osrm
574,delivered,2025-07-03 14:38:41,2025-07-03 14:48:40.823654,2025-07-03 14:48:40.823654,2025-07-03 14:50:33.400,11.873333333333333,0.0,14.0,1,osrm
575,ready,2025-07-03 14:40:33,2025-07-03 14:53:52.810757,,,,,,1,
576,delivered,2025-07-03 14:40:14,2025-07-03 14:48:09.785414,2025-07-03 14:52:25.500000,2025-07-03 14:57:27.000,17.216666666666665,4.261909766666666,19.0,1,osrm
577,delivered,2025-07-03 14:41:11,2025-07-03 14:52:58.030329,2025-07-03 14:52:58.030329,2025-07-03 14:52:35.800,11.413333333333332,0.0,5.0,1,osrm
578,delivered,2025-07-03 14:41:01,2025-07-03 14:55:14.989572,2025-07-03 14:55:14.989572,2025-07-03 14:54:03.200,13.036666666666667,0.0,10.0,1,osrm
579,delivered,2025-07-03 14:42:45,2025-07-03 14:59:58.305873,2025-07-03 14:59:58.305873,2025-07-03 14:52:06.900,9.365,0.0,11.0,1,osrm
580,delivered,2025-07-03 14:44:59,2025-07-03 14:58:55.754463,2025-07-03 14:58:55.754463,2025-07-03 14:51:18.100,6.318333333333333,0.0,8.0,1,osrm
581,delivered,2025-07-03 14:44:56,2025-07-03 14:53:04.983495,2025-07-03 14:59:05.800000,2025-07-03 15:02:07.400,17.19,6.013608416666667,12.0,1,osrm
582,delivered,2025-07-03 14:44:56,2025-07-03 14:53:31.402967,2025-07-03 14:56:37.900000,2025-07-03 14:58:29.400,13.556666666666667,3.1082838833333333,3.0,1,osrm
583,delivered,2025-07-03 14:46:56,2025-07-03 14:55:13.251563,2025-07-03 14:55:13.251563,2025-07-03 14:58:28.400,11.54,0.0,20.0,1,osrm
584,delivered,2025-07-03 14:47:33,2025-07-03 14:59:24.742350,2025-07-03 14:59:24.742350,2025-07-03 14:57:53.300,10.338333333333333,0.0,4.0,1,osrm
585,delivered,2025-07-03 14:50:27,2025-07-03 15:06:01.915235,2025-07-03 15:06:01.915235,2025-07-03 14:57:35.100,7.135000000000001,0.0,13.0,1,osrm
586,delivered,2025-07-03 14:51:31,2025-07-03 15:07:20.152318,2025-07-03 15:07:20.152318,2025-07-03 15:06:48.500,15.291666666666666,0.0,16.0,1,osrm
587,delivered,2025-07-03 14:51:32,2025-07-03 14:57:51.808785,2025-07-03 14:59:10.700000,2025-07-03 15:02:06.500,10.575,1.3148535833333335,18.0,1,osrm
588,delivered,2025-07-03 14:53:17,2025-07-03 15:05:47.960321,2025-07-03 15:05:47.960321,2025-07-03 15:02:09.800,8.879999999999999,0.0,7.0,1,osrm
589,delivered,2025-07-03 14:55:45,2025-07-03 15:07:50.880188,2025-07-03 15:07:50.880188,2025-07-03 15:08:13.700,12.478333333333333,0.0,14.0,1,osrm
590,delivered,2025-07-03 14:59:08,2025-07-03 15:10:52.733471,2025-07-03 15:10:52.733471,2025-07-03 15:06:36.100,7.468333333333334,0.0,11.0,1,osrm
591,delivered,2025-07-03 15:00:28,2025-07-03 15:17:30.190541,2025-07-03 15:17:30.190541,2025-07-03 15:14:50.800,14.379999999999999,0.0,3.0,1,osrm
592,delivered,2025-07-03 15:00:14,2025-07-03 15:06:08.393338,2025-07-03 15:11:17.300000,2025-07-03 15:13:40.100,13.435,5.148444366666666,4.0,1,osrm
593,delivered,2025-07-03 15:01:44,2025-07-03 15:07:38.570081,2025-07-03 15:09:03.700000,2025-07-03 15:12:44.300,11.004999999999999,1.4188319833333334,13.0,1,osrm
594,delivered,2025-07-03 15:03:07,2025-07-03 15:12:28.494782,2025-07-03 15:13:43.800000,2025-07-03 15:17:50.900,14.731666666666666,1.2550869666666666,20.0,1,osrm
595,delivered,2025-07-03 15:06:08,2025-07-03 15:18:33.234477,2025-07-03 15:18:33.234477,2025-07-03 15:17:35.900,11.465,0.0,18.0,1,osrm
596,delivered,2025-07-03 15:09:30,2025-07-03 15:22:36.931096,2025-07-03 15:22:36.931096,2025-07-03 15:21:07.600,11.626666666666667,0.0,15.0,1,osrm
597,delivered,2025-07-03 15:10:15,2025-07-03 15:23:31.281998,2025-07-03 15:23:31.281998,2025-07-03 15:23:15.300,13.004999999999999,0.0,8.0,1,osrm
598,delivered,2025-07-03 15:11:47,2025-07-03 15:23:14.227263,2025-07-03 15:23:14.227263,2025-07-03 15:15:43.700,3.945,0.0,2.0,1,osrm
599,delivered,2025-07-03 15:11:09,2025-07-03 15:25:39.681855,2025-07-03 15:25:39.681855,2025-07-03 15:23:30.400,12.356666666666666,0.0,9.0,1,osrm
600,delivered,2025-07-03 15:15:43,2025-07-03 15:30:13.500193,2025-07-03 15:30:13.500193,2025-07-03 15:29:15.300,13.538333333333332,0.0,13.0,1,osrm
601,delivered,2025-07-03 15:19:39,2025-07-03 15:33:08.340674,2025-07-03 15:33:08.340674,2025-07-03 15:28:59.800,9.346666666666666,0.0,4.0,1,osrm
602,delivered,2025-07-03 15:20:35,2025-07-03 15:32:53.235371,2025-07-03 15:32:53.235371,2025-07-03 15:32:27.800,11.879999999999999,0.0,20.0,1,osrm
603,delivered,2025-07-03 15:23:32,2025-07-03 15:37:24.535884,2025-07-03 15:37:24.535884,2025-07-03 15:34:41.200,11.153333333333334,0.0,1.0,1,osrm
604,delivered,2025-07-03 15:23:27,2025-07-03 15:44:32.072856,2025-07-03 15:44:32.072856,2025-07-03 15:30:40.000,7.216666666666667,0.0,18.0,1,osrm
605,delivered,2025-07-03 15:24:42,2025-07-03 15:35:15.953365,2025-07-03 15:35:15.953365,2025-07-03 15:26:45.500,2.058333333333333,0.0,2.0,1,osrm
606,delivered,2025-07-03 15:25:35,2025-07-03 15:40:13.869855,2025-07-03 15:40:13.869855,2025-07-03 15:33:01.000,7.433333333333334,0.0,10.0,1,osrm
607,delivered,2025-07-03 15:27:25,2025-07-03 15:42:37.271682,2025-07-03 15:42:37.271682,2025-07-03 15:35:52.700,8.461666666666666,0.0,6.0,1,osrm
608,delivered,2025-07-03 15:27:19,2025-07-03 15:34:04.185989,2025-07-03 15:34:04.185989,2025-07-03 15:36:01.300,8.705,0.0,11.0,1,osrm
609,delivered,2025-07-03 15:27:57,2025-07-03 15:40:53.648037,2025-07-03 15:40:53.648037,2025-07-03 15:36:16.900,8.331666666666667,0.0,14.0,1,osrm
610,delivered,2025-07-03 15:28:08,2025-07-03 15:41:09.464997,2025-07-03 15:41:09.464997,2025-07-03 15:37:48.000,9.666666666666666,0.0,7.0,1,osrm
611,delivered,2025-07-03 15:28:34,2025-07-03 15:38:35.512104,2025-07-03 15:38:35.512104,2025-07-03 15:37:04.200,8.503333333333334,0.0,17.0,1,osrm
612,delivered,2025-07-03 15:28:36,2025-07-03 15:36:27.085873,2025-07-03 15:36:27.085873,2025-07-03 15:37:36.000,9.0,0.0,5.0,1,osrm
613,delivered,2025-07-03 15:29:11,2025-07-03 15:44:34.619466,2025-07-03 15:44:34.619466,2025-07-03 15:36:34.100,7.385000000000001,0.0,9.0,1,osrm
614,ready,2025-07-03 15:29:12,2025-07-03 15:44:00.132197,,,,,,1,
615,delivered,2025-07-03 15:30:21,2025-07-03 15:44:09.148559,2025-07-03 15:44:09.148559,2025-07-03 15:42:44.400,12.389999999999999,0.0,4.0,1,osrm
616,delivered,2025-07-03 15:31:05,2025-07-03 15:46:43.660145,2025-07-03 15:46:43.660145,2025-07-03 15:41:32.500,10.458333333333334,0.0,13.0,1,osrm
617,delivered,2025-07-03 15:31:03,2025-07-03 15:45:19.697170,2025-07-03 15:45:19.697170,2025-07-03 15:40:12.300,9.155,0.0,2.0,1,osrm
618,delivered,2025-07-03 15:33:30,2025-07-03 15:41:01.237817,2025-07-03 15:41:01.237817,2025-07-03 15:42:16.900,8.781666666666666,0.0,3.0,1,osrm
619,delivered,2025-07-03 15:35:21,2025-07-03 15:50:04.786422,2025-07-03 15:50:04.786422,2025-07-03 15:48:06.200,12.753333333333334,0.0,1.0,1,osrm
620,delivered,2025-07-03 15:37:49,2025-07-03 15:43:46.880518,2025-07-03 15:45:21.600000,2025-07-03 15:47:51.100,10.035,1.5786580333333333,18.0,1,osrm
621,delivered,2025-07-03 15:38:59,2025-07-03 15:50:11.039487,2025-07-03 15:50:11.039487,2025-07-03 15:46:47.100,7.801666666666667,0.0,10.0,1,osrm
622,delivered,2025-07-03 15:38:00,2025-07-03 15:51:24.041316,2025-07-03 15:51:24.041316,2025-07-03 15:51:26.100,13.435,0.0,19.0,1,osrm
623,delivered,2025-07-03 15:39:10,2025-07-03 15:51:07.116353,2025-07-03 15:51:07.116353,2025-07-03 15:47:26.900,8.281666666666666,0.0,20.0,1,osrm
624,delivered,2025-07-03 15:40:11,2025-07-03 15:47:48.494989,2025-07-03 15:49:04.600000,2025-07-03 15:52:37.400,12.44,1.2684168500000002,6.0,1,osrm
625,ready,2025-07-03 15:40:31,2025-07-03 15:53:04.482639,,,,,,1,
626,delivered,2025-07-03 15:41:07,2025-07-03 15:55:30.397010,2025-07-03 15:55:30.397010,2025-07-03 15:47:15.100,6.135000000000001,0.0,12.0,1,osrm
627,delivered,2025-07-03 15:41:40,2025-07-03 15:50:04.976790,2025-07-03 15:50:36.400000,2025-07-03 15:51:27.000,9.783333333333333,0.5237201666666667,7.0,1,osrm
628,delivered,2025-07-03 15:41:06,2025-07-03 15:51:44.614577,2025-07-03 15:51:44.614577,2025-07-03 15:54:18.100,13.201666666666666,0.0,14.0,1,osrm
629,delivered,2025-07-03 15:41:46,2025-07-03 15:55:10.712427,2025-07-03 15:55:10.712427,2025-07-03 15:54:52.200,13.103333333333333,0.0,9.0,1,osrm
630,delivered,2025-07-03 15:41:27,2025-07-03 15:51:45.144181,2025-07-03 15:52:13.300000,2025-07-03 15:56:21.000,14.9,0.46926365000000003,8.0,1,osrm
631,delivered,2025-07-03 15:41:36,2025-07-03 15:57:55.791419,2025-07-03 15:57:55.791419,2025-07-03 15:53:14.200,11.636666666666667,0.0,17.0,1,osrm
632,delivered,2025-07-03 15:42:05,2025-07-03 15:51:54.420687,2025-07-03 15:51:54.420687,2025-07-03 15:54:16.000,12.183333333333334,0.0,5.0,1,osrm
633,delivered,2025-07-03 15:45:56,2025-07-03 15:54:19.065647,2025-07-03 15:54:19.065647,2025-07-03 15:56:11.200,10.253333333333334,0.0,3.0,1,osrm
634,delivered,2025-07-03 15:47:49,2025-07-03 16:01:27.105468,2025-07-03 16:01:27.105468,2025-07-03 15:56:16.200,8.453333333333333,0.0,15.0,1,osrm
635,ready,2025-07-03 15:47:49,2025-07-03 16:00:18.387187,,,,,,1,
636,delivered,2025-07-03 15:48:12,2025-07-03 15:57:49.441315,2025-07-03 15:57:49.441315,2025-07-03 15:59:59.100,11.785,0.0,4.0,1,osrm
637,delivered,2025-07-03 15:48:36,2025-07-03 16:04:01.181506,2025-07-03 16:04:01.181506,2025-07-03 15:58:52.200,10.270000000000001,0.0,2.0,1,osrm
638,delivered,2025-07-03 15:50:10,2025-07-03 15:58:58.576670,2025-07-03 15:58:58.576670,2025-07-03 16:03:01.400,12.856666666666666,0.0,18.0,1,osrm
639,delivered,2025-07-03 15:51:34,2025-07-03 16:05:40.703894,2025-07-03 16:05:40.703894,2025-07-03 16:01:59.200,10.42,0.0,1.0,1,osrm
640,delivered,2025-07-03 15:53:38,2025-07-03 16:08:14.198087,2025-07-03 16:08:14.198087,2025-07-03 16:02:32.600,8.91,0.0,16.0,1,osrm
641,delivered,2025-07-03 15:53:33,2025-07-03 16:09:56.892538,2025-07-03 16:09:56.892538,2025-07-03 16:09:59.500,16.441666666666666,0.0,10.0,1,osrm
642,delivered,2025-07-03 15:54:04,2025-07-03 16:06:15.771406,2025-07-03 16:06:15.771406,2025-07-03 16:03:26.000,9.366666666666667,0.0,12.0,1,osrm
643,delivered,2025-07-03 15:54:09,2025-07-03 16:11:01.127782,2025-07-03 16:11:01.127782,2025-07-03 16:03:17.700,9.145000000000001,0.0,20.0,1,osrm
644,delivered,2025-07-03 15:55:11,2025-07-03 16:05:51.270642,2025-07-03 19:28:54.300000,2025-07-03 19:30:58.300,215.78833333333333,203.0504893,7.0,1,osrm
645,ready,2025-07-03 15:56:04,2025-07-03 16:07:08.482435,,,,,,1,
646,delivered,2025-07-03 15:56:43,2025-07-03 16:07:07.359421,2025-07-03 16:07:07.359421,2025-07-03 16:07:00.800,10.296666666666665,0.0,17.0,1,osrm
647,delivered,2025-07-03 15:56:47,2025-07-03 16:08:27.493924,2025-07-03 16:08:27.493924,2025-07-03 16:10:18.200,13.520000000000001,0.0,9.0,1,osrm
648,delivered,2025-07-03 15:56:42,2025-07-03 16:10:56.132448,2025-07-03 16:10:56.132448,2025-07-03 16:08:15.100,11.551666666666668,0.0,7.0,1,osrm
649,delivered,2025-07-03 15:56:33,2025-07-03 16:06:21.101069,2025-07-03 16:06:21.101069,2025-07-03 16:07:51.900,11.315,0.0,14.0,1,osrm
650,delivered,2025-07-03 15:56:40,2025-07-03 16:09:13.866906,2025-07-03 16:09:13.866906,2025-07-03 16:08:38.900,11.981666666666666,0.0,13.0,1,osrm
651,delivered,2025-07-03 15:56:05,2025-07-03 16:03:24.786742,2025-07-03 19:57:14.800000,2025-07-03 19:59:35.700,243.51166666666668,233.8335543,3.0,1,osrm
652,delivered,2025-07-03 15:56:13,2025-07-03 16:05:55.010993,2025-07-03 19:58:08.200000,2025-07-03 20:01:13.800,245.01333333333332,232.21981678333336,17.0,1,osrm
653,delivered,2025-07-03 15:56:29,2025-07-03 16:12:59.678193,2025-07-03 19:29:28.400000,2025-07-03 19:32:59.800,216.51333333333332,196.47869678333333,8.0,1,osrm
654,delivered,2025-07-03 15:57:57,2025-07-03 16:12:43.620264,2025-07-03 19:51:17.400000,2025-07-03 19:50:39.200,232.70333333333335,218.5629956,9.0,1,osrm
655,delivered,2025-07-03 15:57:05,2025-07-03 16:08:56.016111,2025-07-03 16:08:56.016111,2025-07-03 16:09:59.700,12.911666666666667,0.0,5.0,1,osrm
656,delivered,2025-07-03 15:58:33,2025-07-03 16:08:26.936813,2025-07-03 16:08:26.936813,2025-07-03 16:10:14.500,11.691666666666666,0.0,6.0,1,osrm
657,delivered,2025-07-03 15:59:58,2025-07-03 16:12:09.293067,2025-07-03 16:12:09.293067,2025-07-03 16:05:22.300,5.405,0.0,19.0,1,osrm
658,ready,2025-07-03 16:00:16,2025-07-03 16:13:03.383585,,,,,,1,
659,delivered,2025-07-03 16:01:44,2025-07-03 16:09:23.049710,2025-07-03 16:21:04.100000,2025-07-03 16:23:08.700,21.41166666666667,11.6841715,8.0,1,osrm
660,delivered,2025-07-03 16:01:30,2025-07-03 16:19:16.286729,2025-07-03 16:19:16.286729,2025-07-03 16:09:55.000,8.416666666666666,0.0,8.0,1,osrm
661,delivered,2025-07-03 16:01:15,2025-07-03 16:12:13.618539,2025-07-03 16:12:13.618539,2025-07-03 16:12:11.500,10.941666666666666,0.0,15.0,1,osrm
662,delivered,2025-07-03 16:01:21,2025-07-03 16:11:54.799311,2025-07-03 16:11:54.799311,2025-07-03 16:13:25.400,12.073333333333332,0.0,2.0,1,osrm
663,delivered,2025-07-03 16:02:28,2025-07-03 16:11:23.449970,2025-07-03 16:19:34.500000,2025-07-03 16:23:07.600,20.66,8.184167166666667,17.0,1,osrm
664,ready,2025-07-03 16:03:26,2025-07-03 16:13:55.467771,,,,,,1,
665,delivered,2025-07-03 16:03:33,2025-07-03 16:17:30.834301,2025-07-03 16:19:06.300000,2025-07-03 16:23:33.400,20.006666666666668,1.5910949833333334,19.0,1,osrm
666,delivered,2025-07-03 16:03:17,2025-07-03 16:17:49.806032,2025-07-03 19:29:51.500000,2025-07-03 19:33:44.200,210.45333333333335,192.02823279999998,5.0,1,osrm
667,delivered,2025-07-03 16:03:14,2025-07-03 16:12:49.603407,2025-07-03 16:12:49.603407,2025-07-03 16:15:15.400,12.023333333333333,0.0,3.0,1,osrm
668,delivered,2025-07-03 16:03:38,2025-07-03 16:21:05.425192,2025-07-03 16:34:15.900000,2025-07-03 16:36:44.500,33.108333333333334,13.174580133333334,8.0,1,osrm
669,delivered,2025-07-03 16:04:53,2025-07-03 16:21:16.625129,2025-07-03 16:21:16.625129,2025-07-03 16:13:19.100,8.435,0.0,4.0,1,osrm
670,delivered,2025-07-03 16:04:36,2025-07-03 16:15:24.823157,2025-07-03 16:15:24.823157,2025-07-03 16:13:54.800,9.313333333333333,0.0,11.0,1,osrm
671,delivered,2025-07-03 16:04:25,2025-07-03 16:16:05.845209,2025-07-03 16:24:38.000000,2025-07-03 16:26:55.000,22.5,8.535913183333333,10.0,1,osrm
672,delivered,2025-07-03 16:05:18,2025-07-03 16:22:24.687453,2025-07-03 16:22:24.687453,2025-07-03 16:19:22.000,14.066666666666666,0.0,1.0,1,osrm
673,ready,2025-07-03 16:05:05,2025-07-03 16:12:25.396046,,,,,,1,
674,ready,2025-07-03 16:05:57,2025-07-03 16:21:52.969518,,,,,,1,
675,delivered,2025-07-03 16:05:12,2025-07-03 16:12:14.714166,2025-07-03 16:13:05.600000,2025-07-03 16:15:48.400,10.606666666666666,0.8480972333333334,12.0,1,osrm
676,delivered,2025-07-03 16:05:42,2025-07-03 16:11:36.951766,2025-07-03 16:15:35.000000,2025-07-03 16:18:27.200,12.753333333333334,3.967470566666667,20.0,1,osrm
677,delivered,2025-07-03 16:06:20,2025-07-03 16:16:02.688342,2025-07-03 19:59:21.500000,2025-07-03 20:03:50.600,237.51000000000002,223.31352763333334,12.0,1,osrm
678,delivered,2025-07-03 16:07:27,2025-07-03 16:23:00.981015,2025-07-03 16:33:39.400000,2025-07-03 16:36:59.900,29.548333333333336,10.640316416666668,17.0,1,osrm
679,delivered,2025-07-03 16:07:19,2025-07-03 16:14:19.915831,2025-07-03 16:33:24.400000,2025-07-03 16:37:33.400,30.240000000000002,19.07473615,18.0,1,osrm
680,delivered,2025-07-03 16:07:22,2025-07-03 16:16:10.486264,2025-07-03 16:16:10.486264,2025-07-03 16:19:14.600,11.876666666666667,0.0,18.0,1,osrm
681,delivered,2025-07-03 16:07:05,2025-07-03 16:12:05.000000,2025-07-03 19:32:06.300000,2025-07-03 19:36:16.500,209.19166666666666,200.02166666666665,13.0,1,osrm
682,delivered,2025-07-03 16:08:24,2025-07-03 16:20:41.995471,2025-07-03 19:51:41.800000,2025-07-03 19:49:48.900,221.415,210.99674215,13.0,1,osrm
683,delivered,2025-07-03 16:09:28,2025-07-03 16:19:30.766381,2025-07-03 16:19:30.766381,2025-07-03 16:13:32.100,4.068333333333333,0.0,16.0,1,osrm
684,delivered,2025-07-03 16:09:45,2025-07-03 16:17:26.287579,2025-07-03 16:19:31.800000,2025-07-03 16:22:44.500,12.991666666666667,2.0918736833333336,14.0,1,osrm
685,delivered,2025-07-03 16:10:19,2025-07-03 16:21:34.016641,2025-07-03 16:21:34.016641,2025-07-03 16:21:46.000,11.45,0.0,13.0,1,osrm
686,delivered,2025-07-03 16:10:07,2025-07-03 16:23:28.904774,2025-07-03 19:52:42.500000,2025-07-03 19:51:07.600,221.01000000000002,209.2265871,6.0,1,osrm
687,ready,2025-07-03 16:10:57,2025-07-03 16:18:27.698978,,,,,,1,
688,delivered,2025-07-03 16:11:31,2025-07-03 16:24:51.126002,2025-07-03 16:24:51.126002,2025-07-03 16:21:05.100,9.568333333333333,0.0,5.0,1,osrm
689,ready,2025-07-03 16:12:19,2025-07-03 16:26:05.323131,,,,,,1,
690,delivered,2025-07-03 16:12:30,2025-07-03 16:24:59.970935,2025-07-03 16:36:23.700000,2025-07-03 16:41:12.300,28.705,11.395484416666667,11.0,1,osrm
691,delivered,2025-07-03 16:13:29,2025-07-03 16:24:28.863806,2025-07-03 16:24:28.863806,2025-07-03 16:24:10.500,10.691666666666666,0.0,7.0,1,osrm
692,ready,2025-07-03 16:13:33,2025-07-03 16:31:37.314058,,,,,,1,
693,delivered,2025-07-03 16:14:55,2025-07-03 16:29:36.018117,2025-07-03 19:54:54.100000,2025-07-03 19:58:47.900,223.88166666666666,205.30136471666668,19.0,1,osrm
694,delivered,2025-07-03 16:15:21,2025-07-03 16:26:20.639056,2025-07-03 16:26:20.639056,2025-07-03 16:27:33.100,12.201666666666666,0.0,15.0,1,osrm
695,delivered,2025-07-03 16:16:15,2025-07-03 16:31:33.308897,2025-07-03 16:31:33.308897,2025-07-03 16:26:03.000,9.8,0.0,4.0,1,osrm
696,delivered,2025-07-03 16:16:58,2025-07-03 16:26:47.352309,2025-07-03 16:26:47.352309,2025-07-03 16:26:52.000,9.9,0.0,16.0,1,osrm
697,delivered,2025-07-03 16:17:32,2025-07-03 16:25:24.028922,2025-07-03 16:29:01.300000,2025-07-03 16:31:55.400,14.389999999999999,3.6211846333333333,3.0,1,osrm
698,delivered,2025-07-03 16:17:40,2025-07-03 16:26:28.264562,2025-07-03 16:26:28.264562,2025-07-03 16:25:13.200,7.553333333333333,0.0,2.0,1,osrm
699,delivered,2025-07-03 16:18:22,2025-07-03 16:26:29.739541,2025-07-03 16:29:34.400000,2025-07-03 16:33:39.700,15.295,3.0776743166666667,9.0,1,osrm
700,ready,2025-07-03 16:19:51,2025-07-03 16:27:28.176539,,,,,,1,
701,delivered,2025-07-03 16:19:00,2025-07-03 16:34:40.440375,2025-07-03 16:34:40.440375,2025-07-03 16:24:58.500,5.975,0.0,11.0,1,osrm
702,delivered,2025-07-03 16:19:08,2025-07-03 16:34:18.758192,2025-07-03 16:34:18.758192,2025-07-03 16:27:50.800,8.713333333333333,0.0,6.0,1,osrm
703,delivered,2025-07-03 16:20:59,2025-07-03 16:30:53.718489,2025-07-03 16:32:45.900000,2025-07-03 16:36:11.500,15.208333333333334,1.86969185,12.0,1,osrm
704,delivered,2025-07-03 16:21:27,2025-07-03 16:31:40.913916,2025-07-03 19:32:46.700000,2025-07-03 19:34:31.000,193.06666666666666,181.09643473333333,16.0,1,osrm
705,delivered,2025-07-03 16:22:04,2025-07-03 16:32:06.305607,2025-07-03 16:33:00.600000,2025-07-03 16:36:44.100,14.668333333333333,0.90490655,20.0,1,osrm
706,delivered,2025-07-03 16:24:38,2025-07-03 16:39:03.406618,2025-07-03 19:59:37.400000,2025-07-03 20:02:38.500,218.00833333333333,200.56655636666667,4.0,1,osrm
707,delivered,2025-07-03 16:24:52,2025-07-03 16:39:23.866103,2025-07-03 20:00:42.700000,2025-07-03 20:05:53.700,221.02833333333334,201.31389828333334,18.0,1,osrm
708,delivered,2025-07-03 16:24:14,2025-07-03 16:39:32.791323,2025-07-03 16:39:32.791323,2025-07-03 16:37:09.300,12.921666666666665,0.0,1.0,1,osrm
709,delivered,2025-07-03 16:25:12,2025-07-03 16:38:20.567705,2025-07-03 16:38:20.567705,2025-07-03 16:38:22.700,13.178333333333335,0.0,7.0,1,osrm
710,delivered,2025-07-03 16:25:40,2025-07-03 16:40:12.191429,2025-07-03 16:40:12.191429,2025-07-03 16:35:11.200,9.520000000000001,0.0,14.0,1,osrm
711,ready,2025-07-03 16:27:19,2025-07-03 16:40:07.051320,,,,,,1,
712,delivered,2025-07-03 16:27:07,2025-07-03 16:40:11.540190,2025-07-03 16:40:11.540190,2025-07-03 16:36:58.500,9.858333333333333,0.0,19.0,1,osrm
713,delivered,2025-07-03 16:27:01,2025-07-03 16:42:09.574592,2025-07-03 19:34:11.700000,2025-07-03 19:38:57.300,191.93833333333333,172.03542346666666,6.0,1,osrm
714,delivered,2025-07-03 16:27:28,2025-07-03 16:42:26.746061,2025-07-03 19:36:30.400000,2025-07-03 19:39:53.400,192.42333333333332,174.06089898333332,9.0,1,osrm
715,delivered,2025-07-03 16:28:33,2025-07-03 16:36:20.401757,2025-07-03 16:36:20.401757,2025-07-03 16:38:44.300,10.188333333333333,0.0,13.0,1,osrm
716,delivered,2025-07-03 16:28:19,2025-07-03 16:42:18.081908,2025-07-03 16:42:18.081908,2025-07-03 16:40:50.700,12.528333333333334,0.0,5.0,1,osrm
717,delivered,2025-07-03 16:30:15,2025-07-03 16:41:39.952843,2025-07-03 16:41:39.952843,2025-07-03 16:43:15.000,13.0,0.0,4.0,1,osrm
718,delivered,2025-07-03 16:30:42,2025-07-03 16:45:07.941631,2025-07-03 16:45:07.941631,2025-07-03 16:41:53.200,11.186666666666667,0.0,2.0,1,osrm
719,delivered,2025-07-03 16:32:56,2025-07-03 16:47:51.267229,2025-07-03 19:08:30.000000,2025-07-03 19:10:54.300,157.97166666666666,140.64554618333335,19.0,1,osrm
720,delivered,2025-07-03 16:32:34,2025-07-03 16:42:40.688684,2025-07-03 16:42:40.688684,2025-07-03 16:46:02.300,13.471666666666666,0.0,15.0,1,osrm
721,delivered,2025-07-03 16:32:16,2025-07-03 16:41:03.098717,2025-07-03 20:01:10.200000,2025-07-03 20:05:36.500,213.34166666666667,200.11835471666666,16.0,1,osrm
722,delivered,2025-07-03 16:33:12,2025-07-03 16:45:29.733179,2025-07-03 19:38:28.900000,2025-07-03 19:40:30.400,187.30666666666667,172.98611368333334,20.0,1,osrm
723,delivered,2025-07-03 16:33:21,2025-07-03 16:46:23.988565,2025-07-03 16:46:23.988565,2025-07-03 16:45:12.100,11.851666666666667,0.0,16.0,1,osrm
724,delivered,2025-07-03 16:33:50,2025-07-03 16:46:17.714851,2025-07-03 16:46:17.714851,2025-07-03 16:40:19.700,6.495,0.0,6.0,1,osrm
725,delivered,2025-07-03 16:35:01,2025-07-03 16:47:44.005772,2025-07-03 16:47:44.005772,2025-07-03 16:42:06.600,7.093333333333334,0.0,10.0,1,osrm
726,delivered,2025-07-03 16:35:24,2025-07-03 16:45:35.155904,2025-07-03 20:04:42.000000,2025-07-03 20:07:56.000,212.53333333333333,199.1140682666667,7.0,1,osrm
727,delivered,2025-07-03 16:36:36,2025-07-03 16:47:14.687110,2025-07-03 16:47:14.687110,2025-07-03 16:49:47.100,13.185,0.0,3.0,1,osrm
728,delivered,2025-07-03 16:36:41,2025-07-03 16:47:48.966234,2025-07-03 19:38:57.000000,2025-07-03 19:41:18.600,184.62666666666667,171.13389610000002,14.0,1,osrm
729,delivered,2025-07-03 16:36:22,2025-07-03 16:50:46.961503,2025-07-03 16:50:46.961503,2025-07-03 16:52:37.500,16.258333333333333,0.0,20.0,1,osrm
730,delivered,2025-07-03 16:36:47,2025-07-03 16:52:22.458945,2025-07-03 16:52:22.458945,2025-07-03 16:51:27.900,14.681666666666667,0.0,12.0,1,osrm
731,delivered,2025-07-03 16:36:17,2025-07-03 16:44:03.378015,2025-07-03 16:44:03.378015,2025-07-03 16:46:11.900,9.915,0.0,9.0,1,osrm
732,ready,2025-07-03 16:37:44,2025-07-03 16:54:21.206699,,,,,,1,
733,delivered,2025-07-03 16:37:01,2025-07-03 16:52:53.758187,2025-07-03 20:03:31.200000,2025-07-03 20:06:01.800,209.01333333333332,190.62403021666665,5.0,1,osrm
734,delivered,2025-07-03 16:37:41,2025-07-03 16:50:20.646333,2025-07-03 16:50:59.400000,2025-07-03 16:49:59.300,12.305,0.64589445,18.0,1,osrm
735,delivered,2025-07-03 16:37:46,2025-07-03 16:51:34.128195,2025-07-03 19:05:18.600000,2025-07-03 19:08:27.500,150.69166666666666,133.74119675,6.0,1,osrm
736,delivered,2025-07-03 16:38:31,2025-07-03 16:48:03.521912,2025-07-03 16:52:42.000000,2025-07-03 16:54:12.000,15.683333333333334,4.6413014666666665,1.0,1,osrm
737,ready,2025-07-03 16:38:27,2025-07-03 16:48:11.971332,,,,,,1,
738,delivered,2025-07-03 16:38:37,2025-07-03 16:46:55.427802,2025-07-03 16:49:18.300000,2025-07-03 16:51:15.300,12.638333333333332,2.3812033,8.0,1,osrm
739,delivered,2025-07-03 16:38:06,2025-07-03 16:49:01.287528,2025-07-03 16:51:56.200000,2025-07-03 16:52:41.500,14.591666666666667,2.915207866666667,17.0,1,osrm
740,delivered,2025-07-03 16:39:41,2025-07-03 16:49:34.951242,2025-07-03 20:03:39.800000,2025-07-03 20:06:42.800,207.03,194.08081263333332,11.0,1,osrm
741,delivered,2025-07-03 16:40:51,2025-07-03 16:51:30.784066,2025-07-03 16:51:30.784066,2025-07-03 16:52:45.600,11.91,0.0,13.0,1,osrm
742,delivered,2025-07-03 16:40:28,2025-07-03 16:54:26.531919,2025-07-03 18:22:27.300000,2025-07-03 18:26:33.300,106.08833333333334,88.01280135,13.0,1,osrm
743,ready,2025-07-03 16:41:58,2025-07-03 16:54:51.623711,,,,,,1,
744,delivered,2025-07-03 16:42:08,2025-07-03 16:53:55.895022,2025-07-03 16:53:55.895022,2025-07-03 16:52:22.900,10.248333333333333,0.0,14.0,1,osrm
745,delivered,2025-07-03 16:43:51,2025-07-03 16:57:43.581560,2025-07-03 16:57:43.581560,2025-07-03 16:54:28.100,10.618333333333334,0.0,7.0,1,osrm
746,delivered,2025-07-03 16:44:04,2025-07-03 17:00:57.384531,2025-07-03 17:00:57.384531,2025-07-03 16:51:43.300,7.655,0.0,19.0,1,osrm
747,delivered,2025-07-03 16:44:41,2025-07-03 16:59:49.936741,2025-07-03 20:07:15.100000,2025-07-03 20:10:56.100,206.25166666666667,187.41938765,9.0,1,osrm
748,delivered,2025-07-03 16:44:17,2025-07-03 16:56:49.050210,2025-07-03 19:45:46.200000,2025-07-03 19:48:38.900,184.36499999999998,168.9524965,16.0,1,osrm
749,delivered,2025-07-03 16:45:31,2025-07-03 16:57:03.004430,2025-07-03 19:12:49.300000,2025-07-03 19:15:57.000,150.43333333333334,135.77159283333333,16.0,1,osrm
750,delivered,2025-07-03 16:45:27,2025-07-03 16:54:17.957412,2025-07-03 17:05:18.800000,2025-07-03 17:10:11.800,24.746666666666666,11.014043133333333,5.0,1,osrm
751,delivered,2025-07-03 16:46:29,2025-07-03 16:57:54.246367,2025-07-03 16:57:54.246367,2025-07-03 17:00:04.000,13.583333333333334,0.0,11.0,1,osrm
752,delivered,2025-07-03 16:46:37,2025-07-03 17:01:28.485237,2025-07-03 17:01:28.485237,2025-07-03 16:57:15.700,10.645000000000001,0.0,10.0,1,osrm
753,delivered,2025-07-03 16:46:10,2025-07-03 17:00:03.990855,2025-07-03 17:00:03.990855,2025-07-03 16:57:51.600,11.693333333333333,0.0,4.0,1,osrm
754,ready,2025-07-03 16:47:27,2025-07-03 16:59:23.804691,,,,,,1,
755,delivered,2025-07-03 16:47:18,2025-07-03 16:52:18.000000,2025-07-03 19:38:55.900000,2025-07-03 19:41:08.500,173.84166666666667,166.63166666666666,19.0,1,osrm
756,delivered,2025-07-03 16:48:24,2025-07-03 16:59:56.831683,2025-07-03 16:59:56.831683,2025-07-03 16:58:54.900,10.514999999999999,0.0,6.0,1,osrm
757,delivered,2025-07-03 16:48:55,2025-07-03 17:01:07.648629,2025-07-03 17:31:48.500000,2025-07-03 17:32:52.000,43.95,30.680856183333333,3.0,1,osrm
758,delivered,2025-07-03 16:48:14,2025-07-03 17:02:17.348637,2025-07-03 17:02:17.348637,2025-07-03 16:54:25.600,6.193333333333333,0.0,5.0,1,osrm
759,ready,2025-07-03 16:48:45,2025-07-03 17:03:42.466010,,,,,,1,
760,delivered,2025-07-03 16:48:53,2025-07-03 17:01:35.886161,2025-07-03 17:01:35.886161,2025-07-03 17:02:34.100,13.685,0.0,2.0,1,osrm
761,ready,2025-07-03 16:49:43,2025-07-03 17:03:23.448693,,,,,,1,
762,delivered,2025-07-03 16:49:41,2025-07-03 17:01:28.607689,2025-07-03 17:44:48.700000,2025-07-03 17:45:29.500,55.80833333333333,43.33487185,5.0,1,osrm
763,delivered,2025-07-03 16:49:19,2025-07-03 17:03:29.418646,2025-07-03 18:25:31.300000,2025-07-03 18:27:36.100,98.28500000000001,82.03135590000001,7.0,1,osrm
764,delivered,2025-07-03 16:50:21,2025-07-03 17:00:57.940732,2025-07-03 19:17:01.000000,2025-07-03 19:20:01.000,149.66666666666666,136.0509878,13.0,1,osrm
765,delivered,2025-07-03 16:50:56,2025-07-03 17:04:15.620636,2025-07-03 19:41:08.000000,2025-07-03 19:42:51.000,171.91666666666666,156.8729894,1.0,1,osrm
766,delivered,2025-07-03 16:50:30,2025-07-03 17:00:42.639227,2025-07-03 17:00:42.639227,2025-07-03 17:01:58.100,11.468333333333334,0.0,18.0,1,osrm
767,delivered,2025-07-03 16:50:36,2025-07-03 17:01:44.066600,2025-07-03 17:03:00.800000,2025-07-03 17:05:12.000,14.6,1.27889,16.0,1,osrm
768,delivered,2025-07-03 16:50:32,2025-07-03 16:55:32.000000,2025-07-03 19:16:26.100000,2025-07-03 19:18:57.400,148.42333333333332,140.90166666666667,7.0,1,osrm
769,delivered,2025-07-03 16:51:59,2025-07-03 17:04:37.589299,2025-07-03 19:04:39.300000,2025-07-03 19:08:20.800,136.36333333333334,120.02851168333333,20.0,1,osrm
770,ready,2025-07-03 16:51:13,2025-07-03 17:00:19.889350,,,,,,1,
771,delivered,2025-07-03 16:52:53,2025-07-03 17:04:15.000839,2025-07-03 17:55:23.900000,2025-07-03 17:56:50.700,63.961666666666666,51.148319349999994,13.0,1,osrm
772,delivered,2025-07-03 16:52:00,2025-07-03 17:01:42.431688,2025-07-03 17:05:19.300000,2025-07-03 17:09:14.200,17.236666666666668,3.614471866666667,1.0,1,osrm
773,delivered,2025-07-03 16:52:24,2025-07-03 17:06:31.060569,2025-07-03 19:17:54.400000,2025-07-03 19:19:40.500,147.275,131.38899051666667,8.0,1,osrm
774,delivered,2025-07-03 16:52:40,2025-07-03 17:07:01.453008,2025-07-03 19:06:01.800000,2025-07-03 19:10:09.700,137.495,119.0057832,18.0,1,osrm
775,ready,2025-07-03 16:52:36,2025-07-03 17:06:55.459319,,,,,,1,
776,delivered,2025-07-03 16:52:57,2025-07-03 17:09:56.466907,2025-07-03 17:59:09.900000,2025-07-03 18:01:14.800,68.29666666666667,49.223884883333334,6.0,1,osrm
777,delivered,2025-07-03 16:53:20,2025-07-03 17:04:19.678396,2025-07-03 17:04:19.678396,2025-07-03 17:03:34.100,10.235000000000001,0.0,9.0,1,osrm
778,delivered,2025-07-03 16:53:37,2025-07-03 17:06:39.751422,2025-07-03 17:06:39.751422,2025-07-03 17:07:51.800,14.246666666666666,0.0,17.0,1,osrm
779,delivered,2025-07-03 16:53:39,2025-07-03 17:07:39.545680,2025-07-03 17:07:39.545680,2025-07-03 17:09:17.100,15.635,0.0,13.0,1,osrm
780,delivered,2025-07-03 16:53:11,2025-07-03 17:07:12.941531,2025-07-03 17:07:12.941531,2025-07-03 17:02:55.000,9.733333333333333,0.0,15.0,1,osrm
781,delivered,2025-07-03 16:53:51,2025-07-03 17:00:22.347114,2025-07-03 18:26:23.100000,2025-07-03 18:30:42.200,96.85333333333332,86.0125481,12.0,1,osrm
782,delivered,2025-07-03 16:53:30,2025-07-03 17:00:34.315825,2025-07-03 19:16:58.400000,2025-07-03 19:19:03.200,145.55333333333334,136.40140291666665,5.0,1,osrm
783,delivered,2025-07-03 16:53:09,2025-07-03 16:58:09.000000,2025-07-03 16:59:28.700000,2025-07-03 17:02:38.700,9.495000000000001,1.3283333333333334,3.0,1,osrm
784,delivered,2025-07-03 16:54:15,2025-07-03 17:07:08.490104,2025-07-03 17:08:24.300000,2025-07-03 17:12:31.100,18.26833333333333,1.2634982666666665,7.0,1,osrm
785,delivered,2025-07-03 16:54:57,2025-07-03 17:02:55.099714,2025-07-03 18:28:46.000000,2025-07-03 18:31:12.700,96.26166666666667,85.8483381,11.0,1,osrm
786,delivered,2025-07-03 16:55:46,2025-07-03 17:11:56.474595,2025-07-03 17:11:56.474595,2025-07-03 17:09:34.600,13.81,0.0,19.0,1,osrm
787,delivered,2025-07-03 16:55:00,2025-07-03 17:12:00.571908,2025-07-03 18:09:37.500000,2025-07-03 18:14:44.200,79.73666666666666,57.6154682,19.0,1,osrm
788,delivered,2025-07-03 16:55:34,2025-07-03 17:05:44.497090,2025-07-03 19:45:38.900000,2025-07-03 19:48:44.900,173.18166666666667,159.9067151666667,7.0,1,osrm
789,delivered,2025-07-03 16:55:42,2025-07-03 17:08:00.460082,2025-07-03 19:08:44.700000,2025-07-03 19:12:19.000,136.61666666666667,120.73733196666667,17.0,1,osrm
790,ready,2025-07-03 16:55:15,2025-07-03 17:07:41.190617,,,,,,1,
791,delivered,2025-07-03 16:55:55,2025-07-03 17:07:04.256723,2025-07-03 17:14:29.700000,2025-07-03 17:17:41.600,21.776666666666664,7.424054616666667,3.0,1,osrm
792,delivered,2025-07-03 16:56:12,2025-07-03 17:12:16.969341,2025-07-03 20:07:10.500000,2025-07-03 20:12:13.100,196.01833333333335,174.89217765,15.0,1,osrm
793,delivered,2025-07-03 16:56:07,2025-07-03 17:05:44.722375,2025-07-03 18:32:04.900000,2025-07-03 18:35:32.700,99.42833333333333,86.33629375000001,3.0,1,osrm
794,delivered,2025-07-03 16:57:30,2025-07-03 17:06:00.282226,2025-07-03 20:07:19.700000,2025-07-03 20:11:19.300,193.82166666666666,181.32362956666665,14.0,1,osrm
795,delivered,2025-07-03 16:57:00,2025-07-03 17:08:42.843145,2025-07-03 17:08:42.843145,2025-07-03 17:08:06.900,11.115,0.0,12.0,1,osrm
796,delivered,2025-07-03 16:57:36,2025-07-03 17:09:46.078969,2025-07-03 19:21:49.100000,2025-07-03 19:24:48.500,147.20833333333334,132.05035051666667,6.0,1,osrm
797,delivered,2025-07-03 16:58:43,2025-07-03 17:12:15.100012,2025-07-03 19:23:03.700000,2025-07-03 19:25:20.900,146.63166666666666,130.80999979999999,20.0,1,osrm
798,delivered,2025-07-03 16:58:17,2025-07-03 17:14:15.958880,2025-07-03 17:14:15.958880,2025-07-03 17:07:36.100,9.318333333333333,0.0,14.0,1,osrm
799,delivered,2025-07-03 16:58:16,2025-07-03 17:10:19.065875,2025-07-03 19:46:38.400000,2025-07-03 19:50:03.700,171.79500000000002,156.32223541666664,11.0,1,osrm
800,delivered,2025-07-03 16:58:19,2025-07-03 17:10:18.386016,2025-07-03 20:07:32.700000,2025-07-03 20:12:00.700,193.69500000000002,177.2385664,6.0,1,osrm
801,delivered,2025-07-03 16:58:34,2025-07-03 17:09:55.752329,2025-07-03 18:00:13.100000,2025-07-03 18:01:46.400,63.20666666666667,50.28912785,5.0,1,osrm
802,delivered,2025-07-03 16:59:15,2025-07-03 17:10:45.123249,2025-07-03 17:10:45.123249,2025-07-03 17:06:53.200,7.636666666666667,0.0,8.0,1,osrm
803,delivered,2025-07-03 16:59:35,2025-07-03 17:11:01.233772,2025-07-03 17:11:01.233772,2025-07-03 17:05:38.500,6.058333333333334,0.0,20.0,1,osrm
804,delivered,2025-07-03 16:59:28,2025-07-03 17:07:20.495486,2025-07-03 18:32:55.800000,2025-07-03 18:35:12.800,95.74666666666667,85.58840856666667,18.0,1,osrm
805,delivered,2025-07-03 16:59:37,2025-07-03 17:13:40.239365,2025-07-03 17:17:04.300000,2025-07-03 17:21:24.400,21.790000000000003,3.401010583333333,1.0,1,osrm
806,delivered,2025-07-03 17:00:29,2025-07-03 17:11:29.420934,2025-07-03 17:14:43.200000,2025-07-03 17:13:28.100,12.985000000000001,3.2296511,9.0,1,osrm
807,delivered,2025-07-03 17:00:16,2025-07-03 17:10:39.176213,2025-07-03 17:14:41.100000,2025-07-03 17:13:37.300,13.354999999999999,4.0320631166666665,11.0,1,osrm
808,ready,2025-07-03 17:00:02,2025-07-03 17:08:56.919936,,,,,,1,
809,delivered,2025-07-03 17:01:18,2025-07-03 17:15:01.533183,2025-07-03 17:15:01.533183,2025-07-03 17:11:59.200,10.686666666666667,0.0,10.0,1,osrm
810,delivered,2025-07-03 17:01:56,2025-07-03 17:11:43.914703,2025-07-03 17:11:43.914703,2025-07-03 17:11:24.100,9.468333333333334,0.0,4.0,1,osrm
811,delivered,2025-07-03 17:01:14,2025-07-03 17:08:35.057124,2025-07-03 18:32:06.600000,2025-07-03 18:35:20.100,94.10166666666667,83.5257146,6.0,1,osrm
812,delivered,2025-07-03 17:02:28,2025-07-03 17:16:03.848743,2025-07-03 19:41:13.500000,2025-07-03 19:45:48.700,163.345,145.16085428333332,3.0,1,osrm
813,delivered,2025-07-03 17:02:25,2025-07-03 17:14:39.725567,2025-07-03 18:09:09.600000,2025-07-03 18:13:06.400,70.69,54.49790721666667,4.0,1,osrm
814,delivered,2025-07-03 17:02:20,2025-07-03 17:14:57.783810,2025-07-03 17:14:57.783810,2025-07-03 17:16:08.100,13.801666666666668,0.0,6.0,1,osrm
815,ready,2025-07-03 17:05:34,2025-07-03 17:17:22.686370,,,,,,1,
816,delivered,2025-07-03 17:05:21,2025-07-03 17:15:37.606952,2025-07-03 19:41:44.100000,2025-07-03 19:45:20.300,159.98833333333332,146.10821746666667,18.0,1,osrm
817,delivered,2025-07-03 17:05:13,2025-07-03 17:13:17.138231,2025-07-03 20:07:38.600000,2025-07-03 20:10:23.800,185.17999999999998,174.35769614999998,20.0,1,osrm
818,ready,2025-07-03 17:05:51,2025-07-03 17:15:10.216470,,,,,,1,
819,delivered,2025-07-03 17:05:20,2025-07-03 17:16:57.289391,2025-07-03 18:15:14.900000,2025-07-03 18:17:42.400,72.37333333333332,58.293510149999996,3.0,1,osrm
820,delivered,2025-07-03 17:06:59,2025-07-03 17:14:14.368094,2025-07-03 17:14:46.900000,2025-07-03 17:17:35.900,10.615,0.5421984333333333,18.0,1,osrm
821,delivered,2025-07-03 17:06:15,2025-07-03 17:21:38.565463,2025-07-03 19:55:00.700000,2025-07-03 19:57:56.900,171.69833333333332,153.36890895,1.0,1,osrm
822,delivered,2025-07-03 17:06:08,2025-07-03 17:18:18.356488,2025-07-03 17:18:18.356488,2025-07-03 17:18:34.400,12.44,0.0,2.0,1,osrm
823,delivered,2025-07-03 17:06:21,2025-07-03 17:18:58.040885,2025-07-03 17:18:58.040885,2025-07-03 17:20:58.800,14.629999999999999,0.0,19.0,1,osrm
824,delivered,2025-07-03 17:07:20,2025-07-03 17:18:47.325977,2025-07-03 18:01:38.400000,2025-07-03 18:03:21.800,56.03,42.85123371666667,2.0,1,osrm
825,delivered,2025-07-03 17:07:52,2025-07-03 17:14:33.486393,2025-07-03 17:20:55.500000,2025-07-03 17:23:35.800,15.729999999999999,6.36689345,20.0,1,osrm
826,delivered,2025-07-03 17:08:27,2025-07-03 17:18:53.722771,2025-07-03 18:32:15.900000,2025-07-03 18:34:57.400,86.50666666666666,73.36962048333334,2.0,1,osrm
827,delivered,2025-07-03 17:08:10,2025-07-03 17:19:13.763102,2025-07-03 18:31:59.700000,2025-07-03 18:35:10.600,87.01,72.76561496666666,9.0,1,osrm
828,delivered,2025-07-03 17:09:53,2025-07-03 17:26:19.812637,2025-07-03 17:26:19.812637,2025-07-03 17:18:05.900,8.215,0.0,15.0,1,osrm
829,delivered,2025-07-03 17:09:02,2025-07-03 17:25:50.324351,2025-07-03 20:11:53.900000,2025-07-03 20:14:39.100,185.61833333333334,166.05959415,1.0,1,osrm
830,delivered,2025-07-03 17:09:55,2025-07-03 17:22:35.422963,2025-07-03 20:11:42.800000,2025-07-03 20:14:51.700,184.94500000000002,169.12295061666666,8.0,1,osrm
831,delivered,2025-07-03 17:10:01,2025-07-03 17:16:59.068723,2025-07-03 17:20:54.400000,2025-07-03 17:24:02.100,14.018333333333334,3.92218795,16.0,1,osrm
832,delivered,2025-07-03 17:10:35,2025-07-03 17:24:04.234892,2025-07-03 19:08:58.700000,2025-07-03 19:12:22.500,121.79166666666667,104.9077518,2.0,1,osrm
833,delivered,2025-07-03 17:11:45,2025-07-03 17:22:08.977646,2025-07-03 19:41:38.400000,2025-07-03 19:45:00.000,153.25,139.49037256666668,15.0,1,osrm
834,delivered,2025-07-03 17:11:59,2025-07-03 17:20:06.509269,2025-07-03 17:20:06.509269,2025-07-03 17:21:37.900,9.648333333333333,0.0,17.0,1,osrm
835,delivered,2025-07-03 17:11:15,2025-07-03 17:22:13.393470,2025-07-03 17:22:13.393470,2025-07-03 17:22:47.000,11.533333333333333,0.0,8.0,1,osrm
836,ready,2025-07-03 17:11:23,2025-07-03 17:25:02.682426,,,,,,1,
837,delivered,2025-07-03 17:11:35,2025-07-03 17:24:58.028621,2025-07-03 17:24:58.028621,2025-07-03 17:26:30.500,14.925,0.0,14.0,1,osrm
838,delivered,2025-07-03 17:11:47,2025-07-03 17:24:23.623159,2025-07-03 19:55:13.500000,2025-07-03 19:54:05.700,162.31166666666667,150.83128068333332,20.0,1,osrm
839,delivered,2025-07-03 17:11:14,2025-07-03 17:21:55.370571,2025-07-03 17:21:55.370571,2025-07-03 17:23:39.800,12.43,0.0,12.0,1,osrm
840,delivered,2025-07-03 17:12:02,2025-07-03 17:23:23.362527,2025-07-03 20:10:56.400000,2025-07-03 20:15:40.900,183.64833333333334,167.55062455,19.0,1,osrm
841,delivered,2025-07-03 17:12:52,2025-07-03 17:26:40.943809,2025-07-03 20:12:09.000000,2025-07-03 20:14:59.600,182.12666666666667,165.46760318333332,13.0,1,osrm
842,ready,2025-07-03 17:13:08,2025-07-03 17:22:46.482219,,,,,,1,
843,delivered,2025-07-03 17:13:43,2025-07-03 17:25:54.939720,2025-07-03 19:22:45.500000,2025-07-03 19:25:16.100,131.55166666666668,116.84267133333333,3.0,1,osrm
844,delivered,2025-07-03 17:13:14,2025-07-03 17:26:08.598529,2025-07-03 17:26:08.598529,2025-07-03 17:23:28.800,10.246666666666666,0.0,13.0,1,osrm
845,delivered,2025-07-03 17:14:23,2025-07-03 17:24:48.249747,2025-07-03 20:12:19.200000,2025-07-03 20:15:40.600,181.29333333333335,167.51583755000001,10.0,1,osrm
846,delivered,2025-07-03 17:14:05,2025-07-03 17:26:21.063831,2025-07-03 19:21:40.800000,2025-07-03 19:23:49.000,129.73333333333332,115.32893614999999,9.0,1,osrm
847,delivered,2025-07-03 17:14:34,2025-07-03 17:30:54.703682,2025-07-03 18:38:26.500000,2025-07-03 18:42:30.600,87.94333333333334,67.52993863333333,14.0,1,osrm
848,delivered,2025-07-03 17:15:21,2025-07-03 17:30:25.009988,2025-07-03 17:30:25.009988,2025-07-03 17:31:12.200,15.853333333333333,0.0,5.0,1,osrm
849,delivered,2025-07-03 17:15:30,2025-07-03 17:24:49.211658,2025-07-03 17:24:56.800000,2025-07-03 17:28:05.100,12.585,0.12647236666666667,11.0,1,osrm
850,delivered,2025-07-03 17:16:58,2025-07-03 17:29:52.032986,2025-07-03 17:29:52.032986,2025-07-03 17:27:05.500,10.125,0.0,10.0,1,osrm
851,delivered,2025-07-03 17:16:33,2025-07-03 17:34:47.118567,2025-07-03 17:34:47.118567,2025-07-03 17:27:29.800,10.946666666666665,0.0,9.0,1,osrm
852,delivered,2025-07-03 17:16:19,2025-07-03 17:28:05.490563,2025-07-03 17:28:05.490563,2025-07-03 17:29:21.700,13.045,0.0,7.0,1,osrm
853,delivered,2025-07-03 17:17:46,2025-07-03 17:23:47.140605,2025-07-03 18:01:53.700000,2025-07-03 18:04:31.200,46.75333333333333,38.10932325,3.0,1,osrm
854,delivered,2025-07-03 17:17:34,2025-07-03 17:22:37.313182,2025-07-03 17:23:14.200000,2025-07-03 17:26:05.200,8.52,0.6147803,4.0,1,osrm
855,ready,2025-07-03 17:18:11,2025-07-03 17:26:38.129049,,,,,,1,
856,delivered,2025-07-03 17:19:40,2025-07-03 17:31:22.100145,2025-07-03 18:14:56.900000,2025-07-03 18:19:33.300,59.888333333333335,43.57999758333334,11.0,1,osrm
857,ready,2025-07-03 17:20:51,2025-07-03 17:31:44.081811,,,,,,1,
858,ready,2025-07-03 17:20:51,2025-07-03 17:30:46.979780,,,,,,1,
859,delivered,2025-07-03 17:20:08,2025-07-03 17:31:40.173145,2025-07-03 18:38:37.100000,2025-07-03 18:41:34.100,81.435,66.94878091666666,19.0,1,osrm
860,delivered,2025-07-03 17:20:47,2025-07-03 17:35:16.822815,2025-07-03 18:14:57.200000,2025-07-03 18:18:51.600,58.07666666666667,39.67295308333333,9.0,1,osrm
861,delivered,2025-07-03 17:21:28,2025-07-03 17:38:53.693518,2025-07-03 19:46:21.100000,2025-07-03 19:48:50.800,147.38,127.45677470000001,8.0,1,osrm
862,delivered,2025-07-03 17:21:44,2025-07-03 17:27:32.443851,2025-07-03 19:24:28.100000,2025-07-03 19:26:25.900,124.69833333333332,116.92760248333335,15.0,1,osrm
863,delivered,2025-07-03 17:21:57,2025-07-03 17:29:57.554182,2025-07-03 17:29:57.554182,2025-07-03 17:34:08.400,12.19,0.0,15.0,1,osrm
864,delivered,2025-07-03 17:21:40,2025-07-03 17:35:43.575817,2025-07-03 19:24:48.600000,2025-07-03 19:27:00.700,125.345,109.08373638333335,17.0,1,osrm
865,delivered,2025-07-03 17:22:54,2025-07-03 17:29:31.803475,2025-07-03 20:12:36.600000,2025-07-03 20:16:05.700,173.19500000000002,163.07994208333332,3.0,1,osrm
866,delivered,2025-07-03 17:22:54,2025-07-03 17:34:28.011949,2025-07-03 17:34:28.011949,2025-07-03 17:33:51.600,10.96,0.0,2.0,1,osrm
867,ready,2025-07-03 17:22:45,2025-07-03 17:34:05.265808,,,,,,1,
868,delivered,2025-07-03 17:22:33,2025-07-03 17:37:06.717098,2025-07-03 17:37:06.717098,2025-07-03 17:30:59.200,8.436666666666666,0.0,18.0,1,osrm
869,delivered,2025-07-03 17:22:39,2025-07-03 17:38:02.119776,2025-07-03 18:02:43.600000,2025-07-03 18:03:25.000,40.766666666666666,24.691337066666666,18.0,1,osrm
870,ready,2025-07-03 17:23:32,2025-07-03 17:35:43.996625,,,,,,1,
871,delivered,2025-07-03 17:23:40,2025-07-03 17:37:51.315153,2025-07-03 19:26:38.200000,2025-07-03 19:28:35.700,124.92833333333333,108.78141411666667,1.0,1,osrm
872,delivered,2025-07-03 17:24:50,2025-07-03 17:36:14.895915,2025-07-03 18:40:22.900000,2025-07-03 18:43:49.600,78.99333333333334,64.13340141666667,4.0,1,osrm
873,ready,2025-07-03 17:24:06,2025-07-03 17:37:27.605593,,,,,,1,
874,delivered,2025-07-03 17:25:01,2025-07-03 17:34:23.837236,2025-07-03 17:34:23.837236,2025-07-03 17:31:31.500,6.508333333333334,0.0,6.0,1,osrm
875,delivered,2025-07-03 17:25:26,2025-07-03 17:37:12.299597,2025-07-03 17:37:12.299597,2025-07-03 17:40:47.600,15.360000000000001,0.0,19.0,1,osrm
876,ready,2025-07-03 17:25:26,2025-07-03 17:35:44.368646,,,,,,1,
877,delivered,2025-07-03 17:25:39,2025-07-03 17:37:12.646453,2025-07-03 18:41:57.400000,2025-07-03 18:45:31.200,79.86999999999999,64.74589245,7.0,1,osrm
878,delivered,2025-07-03 17:27:33,2025-07-03 17:37:24.546292,2025-07-03 17:37:48.600000,2025-07-03 17:41:15.400,13.706666666666667,0.4008951333333333,20.0,1,osrm
879,ready,2025-07-03 17:27:51,2025-07-03 17:44:02.291691,,,,,,1,
880,delivered,2025-07-03 17:27:15,2025-07-03 17:41:11.222720,2025-07-03 19:55:06.200000,2025-07-03 19:53:07.700,145.87833333333336,133.916288,14.0,1,osrm
881,ready,2025-07-03 17:28:48,2025-07-03 17:36:31.243869,,,,,,1,
882,delivered,2025-07-03 17:28:43,2025-07-03 17:38:07.587565,2025-07-03 17:38:07.587565,2025-07-03 17:37:10.000,8.45,0.0,1.0,1,osrm
883,delivered,2025-07-03 17:28:09,2025-07-03 17:33:41.575835,2025-07-03 17:38:21.600000,2025-07-03 17:40:49.600,12.676666666666668,4.667069416666666,13.0,1,osrm
884,delivered,2025-07-03 17:28:30,2025-07-03 17:39:07.850981,2025-07-03 17:39:07.850981,2025-07-03 17:39:20.700,10.845,0.0,16.0,1,osrm
885,delivered,2025-07-03 17:29:45,2025-07-03 17:48:05.264707,2025-07-03 19:26:26.600000,2025-07-03 19:27:47.100,118.03500000000001,98.35558821666667,12.0,1,osrm
886,delivered,2025-07-03 17:29:23,2025-07-03 17:46:59.805215,2025-07-03 17:46:59.805215,2025-07-03 17:41:39.000,12.266666666666667,0.0,12.0,1,osrm
887,delivered,2025-07-03 17:29:58,2025-07-03 17:43:58.300450,2025-07-03 18:03:52.700000,2025-07-03 18:04:53.200,34.919999999999995,19.906659166666667,9.0,1,osrm
888,delivered,2025-07-03 17:29:51,2025-07-03 17:42:48.368192,2025-07-03 18:20:54.900000,2025-07-03 18:25:25.700,55.57833333333333,38.10886346666667,16.0,1,osrm
889,delivered,2025-07-03 17:29:31,2025-07-03 17:43:01.505897,2025-07-03 17:43:01.505897,2025-07-03 17:36:06.800,6.596666666666667,0.0,17.0,1,osrm
890,delivered,2025-07-03 17:30:02,2025-07-03 17:39:27.826827,2025-07-03 17:39:27.826827,2025-07-03 17:39:28.200,9.436666666666667,0.0,8.0,1,osrm
891,delivered,2025-07-03 17:30:06,2025-07-03 17:40:22.188425,2025-07-03 17:40:22.188425,2025-07-03 17:40:56.900,10.848333333333333,0.0,10.0,1,osrm
892,delivered,2025-07-03 17:30:46,2025-07-03 17:41:14.202886,2025-07-03 17:41:14.202886,2025-07-03 17:39:16.200,8.503333333333334,0.0,4.0,1,osrm
893,delivered,2025-07-03 17:30:03,2025-07-03 17:39:22.634015,2025-07-03 19:10:28.600000,2025-07-03 19:13:44.900,103.69833333333332,91.09943308333332,12.0,1,osrm
894,delivered,2025-07-03 17:30:50,2025-07-03 17:44:46.210315,2025-07-03 17:44:46.210315,2025-07-03 17:44:20.000,13.5,0.0,11.0,1,osrm
895,delivered,2025-07-03 17:30:38,2025-07-03 17:41:05.785738,2025-07-03 18:43:07.200000,2025-07-03 18:46:04.000,75.43333333333334,62.02357103333333,10.0,1,osrm
896,delivered,2025-07-03 17:31:48,2025-07-03 17:45:27.113376,2025-07-03 17:45:27.113376,2025-07-03 17:48:16.000,16.466666666666665,0.0,9.0,1,osrm
897,delivered,2025-07-03 17:31:33,2025-07-03 17:43:53.320339,2025-07-03 17:43:53.320339,2025-07-03 17:44:20.300,12.788333333333332,0.0,7.0,1,osrm
898,delivered,2025-07-03 17:31:54,2025-07-03 17:43:08.741002,2025-07-03 18:10:14.800000,2025-07-03 18:13:22.900,41.48166666666667,27.1009833,7.0,1,osrm
899,delivered,2025-07-03 17:31:49,2025-07-03 17:45:16.089105,2025-07-03 18:05:04.500000,2025-07-03 18:05:34.000,33.75,19.806848249999998,16.0,1,osrm
900,ready,2025-07-03 17:32:03,2025-07-03 17:43:51.741398,,,,,,1,
901,delivered,2025-07-03 17:32:21,2025-07-03 17:42:42.274159,2025-07-03 17:42:42.274159,2025-07-03 17:44:25.700,12.078333333333335,0.0,14.0,1,osrm
902,delivered,2025-07-03 17:32:44,2025-07-03 17:39:50.670997,2025-07-03 17:47:51.500000,2025-07-03 17:51:58.500,19.241666666666667,8.013816716666666,15.0,1,osrm
903,delivered,2025-07-03 17:34:59,2025-07-03 17:46:47.086574,2025-07-03 20:13:11.100000,2025-07-03 20:15:27.500,160.475,146.40022376666667,2.0,1,osrm
904,delivered,2025-07-03 17:34:34,2025-07-03 17:46:23.703220,2025-07-03 19:10:04.300000,2025-07-03 19:12:05.200,97.52,83.676613,1.0,1,osrm
905,delivered,2025-07-03 17:34:55,2025-07-03 17:43:46.596775,2025-07-03 19:10:41.600000,2025-07-03 19:12:30.100,97.58500000000001,86.91672041666668,15.0,1,osrm
906,delivered,2025-07-03 17:34:14,2025-07-03 17:45:57.343022,2025-07-03 18:15:17.700000,2025-07-03 18:19:00.100,44.76833333333333,29.339282966666666,18.0,1,osrm
907,ready,2025-07-03 17:34:28,2025-07-03 17:46:09.969987,,,,,,1,
908,ready,2025-07-03 17:34:11,2025-07-03 17:42:49.695851,,,,,,1,
909,ready,2025-07-03 17:34:49,2025-07-03 17:48:37.446910,,,,,,1,
910,delivered,2025-07-03 17:34:09,2025-07-03 17:48:26.833581,2025-07-03 19:11:26.700000,2025-07-03 19:14:22.000,100.21666666666667,82.99777365,14.0,1,osrm
911,delivered,2025-07-03 17:34:59,2025-07-03 17:44:36.553159,2025-07-03 18:43:02.500000,2025-07-03 18:46:50.200,71.85333333333332,58.43244735,13.0,1,osrm
912,delivered,2025-07-03 17:35:49,2025-07-03 17:49:02.781776,2025-07-03 18:42:57.100000,2025-07-03 18:46:37.700,70.81166666666667,53.905303733333334,5.0,1,osrm
913,delivered,2025-07-03 17:35:39,2025-07-03 17:50:44.391904,2025-07-03 18:10:15.700000,2025-07-03 18:13:23.400,37.74,19.5218016,10.0,1,osrm
914,delivered,2025-07-03 17:35:34,2025-07-03 17:49:07.330053,2025-07-03 19:27:14.000000,2025-07-03 19:31:28.100,115.90166666666667,98.11116578333333,11.0,1,osrm
915,delivered,2025-07-03 17:36:36,2025-07-03 17:45:59.611151,2025-07-03 20:17:41.600000,2025-07-03 20:21:35.100,164.985,151.69981414999998,4.0,1,osrm
916,delivered,2025-07-03 17:36:46,2025-07-03 17:50:38.524832,2025-07-03 18:25:40.400000,2025-07-03 18:28:37.200,51.85333333333333,35.0312528,14.0,1,osrm
917,delivered,2025-07-03 17:36:47,2025-07-03 17:46:19.213107,2025-07-03 20:18:17.300000,2025-07-03 20:22:57.500,166.175,151.96811488333333,17.0,1,osrm
918,delivered,2025-07-03 17:37:14,2025-07-03 17:49:47.392739,2025-07-03 17:49:47.392739,2025-07-03 17:48:09.900,10.931666666666667,0.0,6.0,1,osrm
919,delivered,2025-07-03 17:37:49,2025-07-03 17:48:44.678207,2025-07-03 18:26:34.700000,2025-07-03 18:29:56.200,52.12,37.83369655,19.0,1,osrm
920,delivered,2025-07-03 17:37:13,2025-07-03 17:42:35.482241,2025-07-03 18:15:59.300000,2025-07-03 18:19:05.100,41.86833333333333,33.39696265,5.0,1,osrm
921,ready,2025-07-03 17:38:40,2025-07-03 17:52:52.089306,,,,,,1,
922,delivered,2025-07-03 17:38:14,2025-07-03 17:51:31.334216,2025-07-03 20:18:52.900000,2025-07-03 20:21:15.500,163.025,147.35942973333334,12.0,1,osrm
923,delivered,2025-07-03 17:38:20,2025-07-03 17:53:12.565467,2025-07-03 18:44:53.800000,2025-07-03 18:48:08.100,69.80166666666668,51.68724221666666,8.0,1,osrm
924,ready,2025-07-03 17:38:45,2025-07-03 17:47:38.992802,,,,,,1,
925,ready,2025-07-03 17:38:10,2025-07-03 17:49:23.607248,,,,,,1,
926,delivered,2025-07-03 17:38:38,2025-07-03 17:53:21.106873,2025-07-03 17:53:21.106873,2025-07-03 17:46:30.700,7.878333333333333,0.0,2.0,1,osrm
927,delivered,2025-07-03 17:39:17,2025-07-03 17:54:53.473720,2025-07-03 17:54:53.473720,2025-07-03 17:48:30.600,9.226666666666667,0.0,3.0,1,osrm
928,delivered,2025-07-03 17:39:08,2025-07-03 17:52:28.467222,2025-07-03 17:52:28.467222,2025-07-03 17:49:05.700,9.961666666666668,0.0,18.0,1,osrm
929,delivered,2025-07-03 17:39:53,2025-07-03 17:57:37.583264,2025-07-03 18:51:31.400000,2025-07-03 18:54:58.500,75.09166666666667,53.8969456,6.0,1,osrm
930,ready,2025-07-03 17:39:19,2025-07-03 17:52:00.323396,,,,,,1,
931,delivered,2025-07-03 17:40:39,2025-07-03 17:48:51.445209,2025-07-03 18:11:06.900000,2025-07-03 18:13:28.500,32.825,22.25757985,13.0,1,osrm
932,delivered,2025-07-03 17:40:41,2025-07-03 18:00:50.817800,2025-07-03 18:00:50.817800,2025-07-03 17:53:00.400,12.323333333333332,0.0,1.0,1,osrm
933,delivered,2025-07-03 17:40:23,2025-07-03 17:49:38.937631,2025-07-03 17:49:57.000000,2025-07-03 17:53:26.300,13.055,0.30103948333333336,17.0,1,osrm
934,delivered,2025-07-03 17:40:51,2025-07-03 17:53:14.647483,2025-07-03 17:53:14.647483,2025-07-03 17:52:59.700,12.145000000000001,0.0,8.0,1,osrm
935,delivered,2025-07-03 17:40:13,2025-07-03 17:53:28.447217,2025-07-03 17:56:22.700000,2025-07-03 18:00:21.000,20.133333333333333,2.90421305,20.0,1,osrm
936,delivered,2025-07-03 17:41:27,2025-07-03 17:59:04.740595,2025-07-03 17:59:04.740595,2025-07-03 17:52:23.900,10.948333333333332,0.0,16.0,1,osrm
937,delivered,2025-07-03 17:41:30,2025-07-03 17:47:22.208647,2025-07-03 17:57:07.200000,2025-07-03 17:59:38.900,18.148333333333333,9.749855883333334,10.0,1,osrm
938,ready,2025-07-03 17:42:31,2025-07-03 17:52:16.670312,,,,,,1,
939,delivered,2025-07-03 17:42:34,2025-07-03 18:00:39.697634,2025-07-03 18:00:39.697634,2025-07-03 17:56:00.800,13.446666666666665,0.0,4.0,1,osrm
940,delivered,2025-07-03 17:44:09,2025-07-03 17:56:18.218892,2025-07-03 19:40:44.600000,2025-07-03 19:45:22.100,121.21833333333333,104.43968513333333,12.0,1,osrm
941,ready,2025-07-03 17:45:51,2025-07-03 17:57:25.817596,,,,,,1,
942,delivered,2025-07-03 17:45:41,2025-07-03 18:01:00.184391,2025-07-03 19:26:57.700000,2025-07-03 19:29:56.300,104.25500000000001,85.95859348333333,19.0,1,osrm
943,delivered,2025-07-03 17:45:16,2025-07-03 17:59:22.618380,2025-07-03 19:11:34.900000,2025-07-03 19:16:02.300,90.77166666666668,72.20469366666666,10.0,1,osrm
944,delivered,2025-07-03 17:45:47,2025-07-03 17:54:30.775535,2025-07-03 17:57:19.000000,2025-07-03 18:00:22.600,14.593333333333334,2.8037410833333336,11.0,1,osrm
945,delivered,2025-07-03 17:45:11,2025-07-03 18:00:09.270962,2025-07-03 18:16:35.500000,2025-07-03 18:19:28.800,34.29666666666667,16.43715063333333,6.0,1,osrm
946,delivered,2025-07-03 17:45:46,2025-07-03 17:55:14.345228,2025-07-03 18:10:05.600000,2025-07-03 18:13:25.000,27.65,14.8542462,12.0,1,osrm
947,delivered,2025-07-03 17:45:44,2025-07-03 17:53:41.992151,2025-07-03 17:56:13.800000,2025-07-03 17:59:30.500,13.775,2.530130816666667,7.0,1,osrm
948,ready,2025-07-03 17:46:34,2025-07-03 18:03:02.245563,,,,,,1,
949,delivered,2025-07-03 17:46:36,2025-07-03 18:00:49.741087,2025-07-03 18:00:49.741087,2025-07-03 17:57:05.300,10.488333333333333,0.0,12.0,1,osrm
950,delivered,2025-07-03 17:46:21,2025-07-03 18:01:32.597685,2025-07-03 19:27:33.100000,2025-07-03 19:29:54.900,103.565,86.00837191666666,18.0,1,osrm
951,delivered,2025-07-03 17:47:59,2025-07-03 18:07:46.398110,2025-07-03 18:07:46.398110,2025-07-03 17:58:46.600,10.793333333333333,0.0,14.0,1,osrm
952,delivered,2025-07-03 17:47:30,2025-07-03 18:03:19.622328,2025-07-03 18:03:19.622328,2025-07-03 17:56:08.300,8.638333333333332,0.0,19.0,1,osrm
953,ready,2025-07-03 17:50:24,2025-07-03 18:01:40.542516,,,,,,1,
954,ready,2025-07-03 17:51:43,2025-07-03 18:06:45.191822,,,,,,1,
955,ready,2025-07-03 17:52:10,2025-07-03 18:05:56.947105,,,,,,1,
956,ready,2025-07-03 17:54:20,2025-07-03 18:05:53.487995,,,,,,1,
957,delivered,2025-07-03 17:54:14,2025-07-03 18:11:44.616750,2025-07-03 18:11:44.616750,2025-07-03 18:10:58.900,16.74833333333333,0.0,14.0,1,osrm
958,delivered,2025-07-03 17:55:28,2025-07-03 18:10:21.781051,2025-07-03 19:04:32.900000,2025-07-03 19:07:53.800,72.43,54.185315816666666,9.0,1,osrm
959,delivered,2025-07-03 17:55:11,2025-07-03 18:04:22.161952,2025-07-03 19:41:42.700000,2025-07-03 19:45:58.800,110.79666666666667,97.3423008,17.0,1,osrm
960,delivered,2025-07-03 17:56:57,2025-07-03 18:09:10.111083,2025-07-03 18:09:10.111083,2025-07-03 18:09:27.100,12.501666666666667,0.0,8.0,1,osrm
961,delivered,2025-07-03 17:56:26,2025-07-03 18:03:34.180333,2025-07-03 18:04:32.200000,2025-07-03 18:06:39.800,10.229999999999999,0.96699445,1.0,1,osrm
962,delivered,2025-07-03 17:56:53,2025-07-03 18:09:29.294885,2025-07-03 19:56:20.900000,2025-07-03 19:54:46.400,117.89,106.86008525000001,15.0,1,osrm
963,delivered,2025-07-03 17:57:23,2025-07-03 18:14:58.673356,2025-07-03 19:57:10.100000,2025-07-03 19:56:15.100,118.86833333333334,102.19044406666667,13.0,1,osrm
964,ready,2025-07-03 17:57:53,2025-07-03 18:16:01.712233,,,,,,1,
965,delivered,2025-07-03 17:58:41,2025-07-03 18:10:06.041496,2025-07-03 18:10:06.041496,2025-07-03 18:09:50.600,11.16,0.0,15.0,1,osrm
966,delivered,2025-07-03 17:59:06,2025-07-03 18:06:10.451755,2025-07-03 18:07:20.900000,2025-07-03 18:10:40.600,11.576666666666666,1.1741374166666667,17.0,1,osrm
967,ready,2025-07-03 17:59:58,2025-07-03 18:13:59.471491,,,,,,1,
968,delivered,2025-07-03 17:59:20,2025-07-03 18:12:10.148367,2025-07-03 20:00:38.500000,2025-07-03 20:04:04.800,124.74666666666667,108.47252721666668,2.0,1,osrm
969,ready,2025-07-03 17:59:32,2025-07-03 18:17:35.888612,,,,,,1,
970,delivered,2025-07-03 18:02:04,2025-07-03 18:15:18.837043,2025-07-03 19:11:13.000000,2025-07-03 19:14:24.200,72.33666666666666,55.90271595,11.0,1,osrm
971,ready,2025-07-03 18:04:28,2025-07-03 18:16:33.416370,,,,,,1,
972,delivered,2025-07-03 18:04:58,2025-07-03 18:19:46.871290,2025-07-03 19:43:11.800000,2025-07-03 19:45:32.100,100.56833333333334,83.4154785,10.0,1,osrm
973,delivered,2025-07-03 18:05:29,2025-07-03 18:15:05.554326,2025-07-03 18:15:05.554326,2025-07-03 18:17:44.400,12.256666666666666,0.0,2.0,1,osrm
974,ready,2025-07-03 18:07:12,2025-07-03 18:22:21.329347,,,,,,1,
975,delivered,2025-07-03 18:07:40,2025-07-03 18:19:10.316500,2025-07-03 19:26:54.200000,2025-07-03 19:28:39.300,80.98833333333333,67.73139166666667,14.0,1,osrm
976,delivered,2025-07-03 18:08:37,2025-07-03 18:17:22.839019,2025-07-03 18:17:22.839019,2025-07-03 18:20:21.600,11.743333333333334,0.0,20.0,1,osrm
977,delivered,2025-07-03 18:10:36,2025-07-03 18:25:55.140691,2025-07-03 19:44:22.700000,2025-07-03 19:47:42.600,97.11,78.45932181666667,4.0,1,osrm
978,delivered,2025-07-03 18:11:27,2025-07-03 18:20:09.900296,2025-07-03 19:27:19.400000,2025-07-03 19:30:31.600,79.07666666666667,67.1583284,2.0,1,osrm
979,delivered,2025-07-03 18:11:20,2025-07-03 18:22:15.187607,2025-07-03 18:22:15.187607,2025-07-03 18:22:04.700,10.745000000000001,0.0,1.0,1,osrm
980,delivered,2025-07-03 18:12:30,2025-07-03 18:24:32.074561,2025-07-03 19:47:03.700000,2025-07-03 19:50:13.200,97.72,82.52709065,5.0,1,osrm
981,delivered,2025-07-03 18:13:44,2025-07-03 18:24:46.804646,2025-07-03 18:24:46.804646,2025-07-03 18:25:07.500,11.391666666666667,0.0,15.0,1,osrm
982,delivered,2025-07-03 18:13:10,2025-07-03 18:23:55.256555,2025-07-03 19:11:12.400000,2025-07-03 19:15:11.300,62.02166666666667,47.285724083333335,4.0,1,osrm
983,delivered,2025-07-03 18:14:25,2025-07-03 18:26:23.267554,2025-07-03 18:26:23.267554,2025-07-03 18:24:31.700,10.111666666666668,0.0,8.0,1,osrm
984,delivered,2025-07-03 18:15:42,2025-07-03 18:28:04.425894,2025-07-03 19:04:35.100000,2025-07-03 19:08:38.100,52.934999999999995,36.5112351,3.0,1,osrm
985,delivered,2025-07-03 18:15:50,2025-07-03 18:26:08.883103,2025-07-03 20:00:08.700000,2025-07-03 19:58:10.700,102.345,93.99694828333332,10.0,1,osrm
986,delivered,2025-07-03 18:17:34,2025-07-03 18:34:45.408489,2025-07-03 18:34:45.408489,2025-07-03 18:26:29.700,8.928333333333335,0.0,17.0,1,osrm
987,delivered,2025-07-03 18:18:29,2025-07-03 18:32:20.900147,2025-07-03 18:32:20.900147,2025-07-03 18:25:06.700,6.628333333333333,0.0,4.0,1,osrm
988,delivered,2025-07-03 18:19:15,2025-07-03 18:29:18.640442,2025-07-03 18:29:18.640442,2025-07-03 18:27:13.200,7.97,0.0,10.0,1,osrm
989,ready,2025-07-03 18:20:11,2025-07-03 18:30:05.381712,,,,,,1,
990,delivered,2025-07-03 18:21:33,2025-07-03 18:26:44.230160,2025-07-03 19:31:45.600000,2025-07-03 19:34:05.200,72.53666666666666,65.02283066666666,10.0,1,osrm
991,delivered,2025-07-03 18:22:05,2025-07-03 18:40:53.293130,2025-07-03 19:43:57.100000,2025-07-03 19:46:44.900,84.66499999999999,63.063447833333335,2.0,1,osrm
992,delivered,2025-07-03 18:24:47,2025-07-03 18:34:22.667705,2025-07-03 18:34:22.667705,2025-07-03 18:31:28.500,6.691666666666666,0.0,5.0,1,osrm
993,delivered,2025-07-03 18:25:57,2025-07-03 18:38:28.422434,2025-07-03 18:38:28.422434,2025-07-03 18:35:02.200,9.086666666666668,0.0,8.0,1,osrm
994,delivered,2025-07-03 18:25:43,2025-07-03 18:38:39.329492,2025-07-03 18:38:39.329492,2025-07-03 18:40:18.100,14.585,0.0,1.0,1,osrm
995,delivered,2025-07-03 18:26:51,2025-07-03 18:34:46.450427,2025-07-03 18:38:28.800000,2025-07-03 18:36:51.000,10.0,3.7058262166666665,17.0,1,osrm
996,delivered,2025-07-03 18:26:30,2025-07-03 18:40:01.051156,2025-07-03 18:40:01.051156,2025-07-03 18:37:52.100,11.368333333333334,0.0,20.0,1,osrm
997,ready,2025-07-03 18:26:07,2025-07-03 18:41:42.212957,,,,,,1,
998,ready,2025-07-03 18:26:19,2025-07-03 18:40:15.839006,,,,,,1,
999,delivered,2025-07-03 18:30:35,2025-07-03 18:43:15.717232,2025-07-03 18:43:15.717232,2025-07-03 18:42:26.300,11.854999999999999,0.0,16.0,1,osrm
1000,ready,2025-07-03 18:31:27,2025-07-03 18:42:36.834577,,,,,,1,
1001,ready,2025-07-03 18:34:41,2025-07-03 18:51:37.380143,,,,,,1,
1002,delivered,2025-07-03 18:34:48,2025-07-03 18:39:48.000000,2025-07-03 18:39:48.000000,2025-07-03 18:41:46.200,6.97,0.0,15.0,1,osrm
1003,delivered,2025-07-03 18:35:22,2025-07-03 18:44:11.584176,2025-07-03 18:44:11.584176,2025-07-03 18:44:25.100,9.051666666666668,0.0,11.0,1,osrm
1004,delivered,2025-07-03 18:35:22,2025-07-03 18:53:49.792410,2025-07-03 18:53:49.792410,2025-07-03 18:43:51.000,8.483333333333333,0.0,2.0,1,osrm
1005,delivered,2025-07-03 18:36:29,2025-07-03 18:50:34.564478,2025-07-03 20:00:52.400000,2025-07-03 19:59:55.400,83.44,70.2972587,8.0,1,osrm
1006,delivered,2025-07-03 18:36:58,2025-07-03 18:54:40.057112,2025-07-03 18:54:40.057112,2025-07-03 18:46:48.000,9.833333333333334,0.0,12.0,1,osrm
1007,delivered,2025-07-03 18:37:22,2025-07-03 18:49:50.090346,2025-07-03 19:32:07.600000,2025-07-03 19:35:02.100,57.66833333333333,42.29182756666667,4.0,1,osrm
1008,ready,2025-07-03 18:38:21,2025-07-03 18:50:48.902296,,,,,,1,
1009,ready,2025-07-03 18:39:55,2025-07-03 18:54:01.293582,,,,,,1,
1010,ready,2025-07-03 18:41:39,2025-07-03 18:49:11.030168,,,,,,1,
1011,delivered,2025-07-03 18:41:06,2025-07-03 18:51:17.099588,2025-07-03 18:51:17.099588,2025-07-03 18:54:30.300,13.405,0.0,20.0,1,osrm
1012,delivered,2025-07-03 18:41:48,2025-07-03 18:54:28.946924,2025-07-03 18:54:28.946924,2025-07-03 18:52:58.600,11.176666666666668,0.0,3.0,1,osrm
1013,delivered,2025-07-03 18:42:07,2025-07-03 18:51:38.552678,2025-07-03 18:51:38.552678,2025-07-03 18:51:30.900,9.398333333333333,0.0,9.0,1,osrm
1014,delivered,2025-07-03 18:43:37,2025-07-03 18:56:59.727460,2025-07-03 18:56:59.727460,2025-07-03 18:54:01.800,10.413333333333332,0.0,17.0,1,osrm
1015,delivered,2025-07-03 18:44:30,2025-07-03 18:58:33.624960,2025-07-03 18:58:33.624960,2025-07-03 18:53:11.300,8.688333333333333,0.0,18.0,1,osrm
1016,delivered,2025-07-03 18:46:01,2025-07-03 19:01:12.463969,2025-07-03 19:01:12.463969,2025-07-03 18:55:57.500,9.941666666666666,0.0,4.0,1,osrm
1017,delivered,2025-07-03 18:47:01,2025-07-03 19:00:56.144270,2025-07-03 19:00:56.144270,2025-07-03 18:56:07.800,9.113333333333333,0.0,14.0,1,osrm
1018,delivered,2025-07-03 18:47:22,2025-07-03 18:57:48.030794,2025-07-03 18:57:48.030794,2025-07-03 19:02:14.200,14.870000000000001,0.0,13.0,1,osrm
1019,delivered,2025-07-03 18:48:40,2025-07-03 18:58:45.663023,2025-07-03 18:58:45.663023,2025-07-03 18:58:45.000,10.083333333333334,0.0,11.0,1,osrm
1020,delivered,2025-07-03 18:48:22,2025-07-03 18:55:35.928426,2025-07-03 18:55:35.928426,2025-07-03 18:58:03.200,9.686666666666667,0.0,16.0,1,osrm
1021,delivered,2025-07-03 18:48:13,2025-07-03 18:58:57.055901,2025-07-03 18:58:57.055901,2025-07-03 18:57:35.300,9.371666666666666,0.0,19.0,1,osrm
1022,ready,2025-07-03 18:49:04,2025-07-03 18:56:51.186747,,,,,,1,
1023,delivered,2025-07-03 18:49:25,2025-07-03 19:04:41.353868,2025-07-03 19:04:41.353868,2025-07-03 18:56:50.100,7.418333333333334,0.0,1.0,1,osrm
1024,delivered,2025-07-03 18:49:20,2025-07-03 18:57:11.506785,2025-07-03 18:57:11.506785,2025-07-03 18:59:33.700,10.228333333333333,0.0,2.0,1,osrm
1025,delivered,2025-07-03 18:49:05,2025-07-03 18:58:25.784279,2025-07-03 18:58:25.784279,2025-07-03 18:56:48.200,7.72,0.0,15.0,1,osrm
1026,ready,2025-07-03 18:51:56,2025-07-03 19:07:25.633194,,,,,,1,
1027,delivered,2025-07-03 18:51:20,2025-07-03 19:04:41.459421,2025-07-03 19:04:41.459421,2025-07-03 19:00:01.900,8.698333333333332,0.0,10.0,1,osrm
1028,ready,2025-07-03 18:51:42,2025-07-03 19:03:05.204534,,,,,,1,
1029,ready,2025-07-03 18:51:11,2025-07-03 19:05:22.214695,,,,,,1,
1030,delivered,2025-07-03 18:52:39,2025-07-03 19:01:10.390196,2025-07-03 19:01:10.390196,2025-07-03 19:00:38.900,7.998333333333333,0.0,7.0,1,osrm
1031,delivered,2025-07-03 18:54:41,2025-07-03 19:05:56.610581,2025-07-03 19:05:56.610581,2025-07-03 18:57:12.400,2.5233333333333334,0.0,12.0,1,osrm
1032,delivered,2025-07-03 18:54:48,2025-07-03 19:09:04.481420,2025-07-03 19:09:04.481420,2025-07-03 19:03:36.300,8.805,0.0,5.0,1,osrm
1033,delivered,2025-07-03 18:54:28,2025-07-03 19:05:12.463643,2025-07-03 19:05:12.463643,2025-07-03 19:03:38.900,9.181666666666667,0.0,8.0,1,osrm
1034,ready,2025-07-03 18:59:16,2025-07-03 19:11:19.424026,,,,,,1,
