order_id,status,placement_time,ready_time,pickup_time,delivery_time,click_to_door,ready_to_pickup,courier_id,bundle_size,routing_source
0,delivered,2025-07-03 08:00:29,2025-07-03 08:10:21.704666,2025-07-03 08:11:47.400000,2025-07-03 08:15:24.500,14.925,1.4282555666666668,4,1,osrm
1,delivered,2025-07-03 08:01:26,2025-07-03 08:16:06.907306,2025-07-03 08:43:25.327314,2025-07-03 08:42:56.900,41.515,27.307000133333336,23,4,osrm
2,delivered,2025-07-03 08:01:15,2025-07-03 08:10:04.710513,2025-07-03 08:10:04.710513,2025-07-03 08:13:04.900,11.831666666666667,0.0,8,1,osrm
3,delivered,2025-07-03 08:02:02,2025-07-03 08:11:25.702057,2025-07-03 08:13:54.600000,2025-07-03 08:17:30.200,15.47,2.4816323833333334,1,1,osrm
4,delivered,2025-07-03 08:02:20,2025-07-03 08:13:22.736020,2025-07-03 08:33:00.575241,2025-07-03 08:37:29.200,35.15333333333333,19.630653683333332,1,4,osrm
5,delivered,2025-07-03 08:03:54,2025-07-03 08:12:28.083100,2025-07-03 08:33:00.575241,2025-07-03 08:37:29.200,33.586666666666666,20.541535683333333,1,4,osrm
6,delivered,2025-07-03 08:03:46,2025-07-03 08:20:03.686894,2025-07-03 08:33:00.575241,2025-07-03 08:37:29.200,33.72,12.948139116666665,1,4,osrm
7,delivered,2025-07-03 08:03:16,2025-07-03 08:18:07.587183,2025-07-03 08:40:21.192132,2025-07-03 08:42:12.800,38.94666666666667,22.22674915,28,3,osrm
8,delivered,2025-07-03 08:03:05,2025-07-03 08:08:32.523217,2025-07-03 08:11:37.800000,2025-07-03 08:13:18.500,10.225,3.087946383333333,2,1,osrm
9,delivered,2025-07-03 08:04:36,2025-07-03 08:10:08.906867,2025-07-03 08:25:11.419574,2025-07-03 08:29:51.400,25.256666666666668,15.04187845,35,3,osrm
10,delivered,2025-07-03 08:04:40,2025-07-03 08:14:42.179288,2025-07-03 08:14:42.179288,2025-07-03 08:17:45.600,13.093333333333334,0.0,32,1,osrm
11,delivered,2025-07-03 08:04:15,2025-07-03 08:17:44.223292,2025-07-03 08:19:58.000000,2025-07-03 08:24:20.700,20.095000000000002,2.2296118000000003,39,1,osrm
12,delivered,2025-07-03 08:04:33,2025-07-03 08:18:35.282128,2025-07-03 08:42:49.066263,2025-07-03 08:42:00.600,37.46,24.229735583333333,6,4,osrm
13,delivered,2025-07-03 08:05:35,2025-07-03 08:21:48.414655,2025-07-03 08:44:53.381609,2025-07-03 08:45:37.300,40.038333333333334,23.082782566666666,20,4,osrm
14,delivered,2025-07-03 08:06:20,2025-07-03 08:19:10.900620,2025-07-03 08:45:26.919945,2025-07-03 08:43:07.200,36.78666666666666,26.26698875,26,3,osrm
15,delivered,2025-07-03 08:06:51,2025-07-03 08:15:38.148338,2025-07-03 08:28:45.600000,2025-07-03 08:34:56.800,28.096666666666668,13.124194366666668,36,2,osrm
16,delivered,2025-07-03 08:06:49,2025-07-03 08:20:04.218769,2025-07-03 08:26:12.500000,2025-07-03 08:30:15.600,23.44333333333333,6.138020516666667,13,2,osrm
17,delivered,2025-07-03 08:07:10,2025-07-03 08:15:41.176144,2025-07-03 08:43:51.812084,2025-07-03 08:44:47.900,37.63166666666667,28.177265666666663,29,3,osrm
18,delivered,2025-07-03 08:07:07,2025-07-03 08:16:36.066837,2025-07-03 08:36:49.497310,2025-07-03 08:43:01.900,35.915,20.223841216666663,21,4,osrm
19,delivered,2025-07-03 08:08:25,2025-07-03 08:15:35.357350,2025-07-03 08:19:47.200000,2025-07-03 08:21:35.300,13.171666666666665,4.1973775,37,1,osrm
20,delivered,2025-07-03 08:08:32,2025-07-03 08:17:49.260636,2025-07-03 08:45:26.919945,2025-07-03 08:43:07.200,34.586666666666666,27.62765515,26,3,osrm
21,delivered,2025-07-03 08:09:31,2025-07-03 08:19:38.308140,2025-07-03 08:20:58.100000,2025-07-03 08:25:05.700,15.578333333333335,1.3298643333333333,38,1,osrm
22,delivered,2025-07-03 08:09:25,2025-07-03 08:19:41.265318,2025-07-03 08:35:06.689775,2025-07-03 08:41:25.400,32.00666666666667,15.42374095,2,3,osrm
23,delivered,2025-07-03 08:09:06,2025-07-03 08:26:24.541625,2025-07-03 08:50:11.500000,2025-07-03 08:55:22.000,46.266666666666666,23.78263958333333,17,2,osrm
24,delivered,2025-07-03 08:10:27,2025-07-03 08:22:44.318360,2025-07-03 08:29:07.222246,2025-07-03 08:35:05.000,24.633333333333333,6.381731433333333,19,4,osrm
25,delivered,2025-07-03 08:10:35,2025-07-03 08:23:37.584747,2025-07-03 08:44:53.381609,2025-07-03 08:45:37.300,35.038333333333334,21.26328103333333,20,4,osrm
26,delivered,2025-07-03 08:10:51,2025-07-03 08:23:19.095909,2025-07-03 08:39:43.100000,2025-07-03 08:46:29.200,35.63666666666666,16.400068183333335,16,3,osrm
27,delivered,2025-07-03 08:11:59,2025-07-03 08:28:44.057895,2025-07-03 08:29:07.222246,2025-07-03 08:35:05.000,23.1,0.38607251666666664,19,4,osrm
28,delivered,2025-07-03 08:11:19,2025-07-03 08:20:27.730692,2025-07-03 08:43:23.122984,2025-07-03 08:46:07.100,34.80166666666666,22.923204866666666,4,2,osrm
29,delivered,2025-07-03 08:11:48,2025-07-03 08:26:03.028253,2025-07-03 08:47:27.426268,2025-07-03 08:54:11.300,42.388333333333335,21.406633583333335,15,4,osrm
30,delivered,2025-07-03 08:12:02,2025-07-03 08:21:28.103453,2025-07-03 08:25:28.700000,2025-07-03 08:27:11.400,15.156666666666666,4.00994245,24,1,osrm
31,delivered,2025-07-03 08:12:31,2025-07-03 08:24:06.033581,2025-07-03 08:39:19.700000,2025-07-03 08:44:53.100,32.36833333333333,15.22777365,11,2,osrm
32,delivered,2025-07-03 08:13:23,2025-07-03 08:26:52.110087,2025-07-03 08:46:27.209222,2025-07-03 08:47:57.300,34.57166666666667,19.58498558333333,8,4,osrm
33,delivered,2025-07-03 08:13:12,2025-07-03 08:21:08.953554,2025-07-03 08:25:11.419574,2025-07-03 08:29:51.400,16.656666666666666,4.0411003333333335,35,3,osrm
34,delivered,2025-07-03 08:14:21,2025-07-03 08:25:11.419574,2025-07-03 08:25:11.419574,2025-07-03 08:29:51.400,15.506666666666666,0.0,35,3,osrm
35,delivered,2025-07-03 08:14:06,2025-07-03 08:26:07.023665,2025-07-03 08:39:04.100000,2025-07-03 08:44:17.100,30.185,12.951272249999999,40,3,osrm
36,delivered,2025-07-03 08:14:25,2025-07-03 08:27:55.811006,2025-07-03 08:28:45.600000,2025-07-03 08:34:56.800,20.529999999999998,0.8298165666666667,36,2,osrm
37,delivered,2025-07-03 08:15:52,2025-07-03 08:27:11.668772,2025-07-03 08:46:56.664017,2025-07-03 08:56:29.800,40.63,19.74992075,19,4,osrm
38,delivered,2025-07-03 08:15:00,2025-07-03 08:35:27.600411,2025-07-03 08:36:49.497310,2025-07-03 08:43:01.900,28.03166666666667,1.3649483166666667,21,4,osrm
39,delivered,2025-07-03 08:15:44,2025-07-03 08:33:22.755055,2025-07-03 08:37:04.400000,2025-07-03 08:40:15.000,24.516666666666666,3.694082416666667,31,1,osrm
40,delivered,2025-07-03 08:16:29,2025-07-03 08:21:52.593789,2025-07-03 08:26:12.500000,2025-07-03 08:30:15.600,13.776666666666667,4.331770183333333,13,2,osrm
41,delivered,2025-07-03 08:16:46,2025-07-03 08:29:07.222246,2025-07-03 08:29:07.222246,2025-07-03 08:35:05.000,18.316666666666666,0.0,19,4,osrm
42,delivered,2025-07-03 08:17:30,2025-07-03 08:31:09.709126,2025-07-03 08:43:25.327314,2025-07-03 08:42:56.900,25.448333333333334,12.260303133333334,23,4,osrm
43,delivered,2025-07-03 08:17:28,2025-07-03 08:30:29.569719,2025-07-03 08:39:04.100000,2025-07-03 08:44:17.100,26.81833333333333,8.575504683333332,40,3,osrm
44,delivered,2025-07-03 08:17:16,2025-07-03 08:33:26.303138,2025-07-03 08:51:34.786362,2025-07-03 08:55:07.400,37.85666666666667,18.141387066666667,34,4,osrm
45,delivered,2025-07-03 08:18:02,2025-07-03 08:23:02.000000,2025-07-03 08:29:07.222246,2025-07-03 08:35:05.000,17.05,6.087037433333333,19,4,osrm
46,delivered,2025-07-03 08:18:36,2025-07-03 08:27:22.576804,2025-07-03 08:48:21.557494,2025-07-03 08:51:45.600,33.16,20.9830115,36,3,osrm
47,delivered,2025-07-03 08:18:34,2025-07-03 08:35:11.627356,2025-07-03 08:39:19.700000,2025-07-03 08:44:53.100,26.31833333333333,4.134544066666667,11,2,osrm
48,delivered,2025-07-03 08:19:28,2025-07-03 08:35:06.689775,2025-07-03 08:35:06.689775,2025-07-03 08:41:25.400,21.956666666666667,0.0,2,3,osrm
49,delivered,2025-07-03 08:19:30,2025-07-03 08:38:21.385869,2025-07-03 08:46:56.664017,2025-07-03 08:56:29.800,36.99666666666667,8.587969133333333,19,4,osrm
50,delivered,2025-07-03 08:19:04,2025-07-03 08:36:01.873921,2025-07-03 08:43:51.812084,2025-07-03 08:44:47.900,25.73166666666667,7.832302716666666,29,3,osrm
51,delivered,2025-07-03 08:20:02,2025-07-03 08:28:10.928205,2025-07-03 08:47:27.426268,2025-07-03 08:54:11.300,34.155,19.274967716666666,15,4,osrm
52,delivered,2025-07-03 08:20:50,2025-07-03 08:35:56.280935,2025-07-03 08:49:26.000000,2025-07-03 08:53:59.500,33.15833333333333,13.49531775,31,2,osrm
53,delivered,2025-07-03 08:20:23,2025-07-03 08:31:32.101084,2025-07-03 08:56:59.227636,2025-07-03 08:57:46.600,37.39333333333333,25.4521092,9,3,osrm
54,delivered,2025-07-03 08:20:23,2025-07-03 08:33:00.575241,2025-07-03 08:33:00.575241,2025-07-03 08:37:29.200,17.103333333333335,0.0,1,4,osrm
55,delivered,2025-07-03 08:20:38,2025-07-03 08:32:48.087623,2025-07-03 08:42:49.066263,2025-07-03 08:42:00.600,21.376666666666665,10.016310666666667,6,4,osrm
56,delivered,2025-07-03 08:21:37,2025-07-03 08:32:12.995000,2025-07-03 08:57:19.028396,2025-07-03 08:59:42.900,38.098333333333336,25.1005566,12,2,osrm
57,delivered,2025-07-03 08:22:08,2025-07-03 08:32:37.379011,2025-07-03 08:43:25.327314,2025-07-03 08:42:56.900,20.815,10.799138383333334,23,4,osrm
58,delivered,2025-07-03 08:22:30,2025-07-03 08:36:49.497310,2025-07-03 08:36:49.497310,2025-07-03 08:43:01.900,20.53166666666667,0.0,21,4,osrm
59,delivered,2025-07-03 08:23:16,2025-07-03 08:33:38.023427,2025-07-03 08:36:02.800000,2025-07-03 08:38:27.200,15.186666666666667,2.4129428833333337,27,1,osrm
60,delivered,2025-07-03 08:25:29,2025-07-03 08:38:07.821048,2025-07-03 08:53:19.800000,2025-07-03 08:58:33.600,33.07666666666667,15.199649200000001,23,2,osrm
61,delivered,2025-07-03 08:25:13,2025-07-03 08:38:40.328040,2025-07-03 08:39:43.100000,2025-07-03 08:46:29.200,21.27,1.0461993333333333,16,3,osrm
62,delivered,2025-07-03 08:25:40,2025-07-03 08:36:04.009966,2025-07-03 09:00:02.805181,2025-07-03 09:04:21.500,38.69166666666667,23.979920250000003,21,3,osrm
63,delivered,2025-07-03 08:25:44,2025-07-03 08:36:52.632865,2025-07-03 09:01:14.312735,2025-07-03 09:00:52.300,35.138333333333335,24.361331166666666,29,3,osrm
64,delivered,2025-07-03 08:25:22,2025-07-03 08:40:49.187610,2025-07-03 08:44:53.381609,2025-07-03 08:45:37.300,20.255,4.069899983333333,20,4,osrm
65,delivered,2025-07-03 08:25:23,2025-07-03 08:32:17.018645,2025-07-03 08:35:06.689775,2025-07-03 08:41:25.400,16.04,2.8278521666666667,2,3,osrm
66,delivered,2025-07-03 08:26:24,2025-07-03 08:36:22.921034,2025-07-03 08:40:21.192132,2025-07-03 08:42:12.800,15.813333333333333,3.9711849666666668,28,3,osrm
67,delivered,2025-07-03 08:26:38,2025-07-03 08:34:37.065872,2025-07-03 08:46:27.209222,2025-07-03 08:47:57.300,21.321666666666665,11.835722500000001,8,4,osrm
68,delivered,2025-07-03 08:26:14,2025-07-03 08:38:53.066445,2025-07-03 08:54:09.900000,2025-07-03 08:58:52.600,32.64333333333333,15.280559250000001,2,2,osrm
69,delivered,2025-07-03 08:26:23,2025-07-03 08:46:29.693886,2025-07-03 08:46:56.664017,2025-07-03 08:56:29.800,30.113333333333333,0.4495021833333333,19,4,osrm
70,delivered,2025-07-03 08:26:40,2025-07-03 08:34:58.815399,2025-07-03 08:39:47.100000,2025-07-03 08:44:11.500,17.525,4.80474335,33,1,osrm
71,delivered,2025-07-03 08:26:25,2025-07-03 08:42:05.810606,2025-07-03 08:47:27.426268,2025-07-03 08:54:11.300,27.771666666666665,5.360261033333333,15,4,osrm
72,delivered,2025-07-03 08:27:32,2025-07-03 08:43:47.668228,2025-07-03 08:50:09.100000,2025-07-03 08:52:37.600,25.09333333333333,6.357196200000001,7,1,osrm
73,delivered,2025-07-03 08:27:07,2025-07-03 08:32:42.178056,2025-07-03 08:36:49.497310,2025-07-03 08:43:01.900,15.915,4.121987566666666,21,4,osrm
74,delivered,2025-07-03 08:27:46,2025-07-03 08:35:44.413735,2025-07-03 08:39:43.100000,2025-07-03 08:46:29.200,18.720000000000002,3.9781044166666666,16,3,osrm
75,delivered,2025-07-03 08:28:25,2025-07-03 08:40:21.192132,2025-07-03 08:40:21.192132,2025-07-03 08:42:12.800,13.796666666666665,0.0,28,3,osrm
76,delivered,2025-07-03 08:28:05,2025-07-03 08:37:07.240935,2025-07-03 08:39:04.100000,2025-07-03 08:44:17.100,16.201666666666668,1.9476510833333334,40,3,osrm
77,delivered,2025-07-03 08:29:59,2025-07-03 08:42:49.066263,2025-07-03 08:42:49.066263,2025-07-03 08:42:00.600,12.026666666666667,0.0,6,4,osrm
78,delivered,2025-07-03 08:29:21,2025-07-03 08:45:26.919945,2025-07-03 08:45:26.919945,2025-07-03 08:43:07.200,13.770000000000001,0.0,26,3,osrm
79,delivered,2025-07-03 08:29:45,2025-07-03 08:43:51.812084,2025-07-03 08:43:51.812084,2025-07-03 08:44:47.900,15.048333333333334,0.0,29,3,osrm
80,delivered,2025-07-03 08:29:35,2025-07-03 08:40:59.579880,2025-07-03 08:42:49.066263,2025-07-03 08:42:00.600,12.426666666666668,1.8247730500000001,6,4,osrm
81,delivered,2025-07-03 08:29:41,2025-07-03 08:43:23.122984,2025-07-03 08:43:23.122984,2025-07-03 08:46:07.100,16.435,0.0,4,2,osrm
82,delivered,2025-07-03 08:30:22,2025-07-03 08:43:25.327314,2025-07-03 08:43:25.327314,2025-07-03 08:42:56.900,12.581666666666667,0.0,23,4,osrm
83,delivered,2025-07-03 08:30:48,2025-07-03 08:38:59.883918,2025-07-03 09:00:19.835100,2025-07-03 09:01:05.400,30.290000000000003,21.3325197,11,4,osrm
84,delivered,2025-07-03 08:32:57,2025-07-03 08:43:08.629354,2025-07-03 08:49:26.000000,2025-07-03 08:53:59.500,21.041666666666668,6.289510766666667,31,2,osrm
85,delivered,2025-07-03 08:33:03,2025-07-03 08:46:27.209222,2025-07-03 08:46:27.209222,2025-07-03 08:47:57.300,14.905,0.0,8,4,osrm
86,delivered,2025-07-03 08:33:56,2025-07-03 08:45:43.673310,2025-07-03 08:56:59.227636,2025-07-03 08:57:46.600,23.84333333333333,11.259238766666666,9,3,osrm
87,delivered,2025-07-03 08:33:47,2025-07-03 08:46:45.045000,2025-07-03 09:08:28.118982,2025-07-03 09:18:38.500,44.858333333333334,21.717899699999997,31,4,osrm
88,delivered,2025-07-03 08:33:07,2025-07-03 08:47:47.214921,2025-07-03 09:00:19.835100,2025-07-03 09:01:05.400,27.973333333333336,12.54366965,11,4,osrm
89,delivered,2025-07-03 08:34:47,2025-07-03 08:39:47.000000,2025-07-03 08:48:21.557494,2025-07-03 08:51:45.600,16.976666666666667,8.575958233333333,36,3,osrm
90,delivered,2025-07-03 08:34:06,2025-07-03 08:50:32.707125,2025-07-03 08:52:59.100000,2025-07-03 08:55:42.500,21.608333333333334,2.43988125,5,1,osrm
91,delivered,2025-07-03 08:35:39,2025-07-03 08:41:55.614760,2025-07-03 09:06:50.283863,2025-07-03 09:12:35.000,36.93333333333333,24.911151716666666,10,4,osrm
92,delivered,2025-07-03 08:35:12,2025-07-03 08:47:14.097326,2025-07-03 08:54:13.400000,2025-07-03 08:57:52.800,22.68,6.988377900000001,18,2,osrm
93,delivered,2025-07-03 08:35:54,2025-07-03 08:48:21.557494,2025-07-03 08:48:21.557494,2025-07-03 08:51:45.600,15.860000000000001,0.0,36,3,osrm
94,delivered,2025-07-03 08:35:23,2025-07-03 08:46:56.664017,2025-07-03 08:46:56.664017,2025-07-03 08:56:29.800,21.113333333333333,0.0,19,4,osrm
95,delivered,2025-07-03 08:35:03,2025-07-03 08:47:36.790496,2025-07-03 09:14:01.569486,2025-07-03 09:16:43.700,41.67833333333333,26.412983166666667,15,4,osrm
96,delivered,2025-07-03 08:35:56,2025-07-03 08:46:14.670257,2025-07-03 09:16:45.250961,2025-07-03 09:16:13.700,40.294999999999995,30.5096784,33,4,osrm
97,delivered,2025-07-03 08:35:05,2025-07-03 08:44:53.381609,2025-07-03 08:44:53.381609,2025-07-03 08:45:37.300,10.538333333333332,0.0,20,4,osrm
98,delivered,2025-07-03 08:35:56,2025-07-03 08:47:36.998998,2025-07-03 09:15:34.048567,2025-07-03 09:20:07.200,44.18666666666666,27.95082615,6,4,osrm
99,delivered,2025-07-03 08:36:55,2025-07-03 08:49:25.838800,2025-07-03 09:12:47.260958,2025-07-03 09:17:39.900,40.748333333333335,23.35703596666667,16,3,osrm
100,delivered,2025-07-03 08:36:06,2025-07-03 08:46:01.764894,2025-07-03 08:50:11.500000,2025-07-03 08:55:22.000,19.266666666666666,4.1622517666666665,17,2,osrm
101,delivered,2025-07-03 08:36:24,2025-07-03 08:49:20.971258,2025-07-03 08:51:34.786362,2025-07-03 08:55:07.400,18.723333333333336,2.230251733333333,34,4,osrm
102,delivered,2025-07-03 08:36:09,2025-07-03 08:45:32.535694,2025-07-03 08:54:09.900000,2025-07-03 08:58:52.600,22.726666666666667,8.622738433333334,2,2,osrm
103,delivered,2025-07-03 08:36:56,2025-07-03 08:47:09.233326,2025-07-03 08:51:34.786362,2025-07-03 08:55:07.400,18.19,4.425883933333334,34,4,osrm
104,delivered,2025-07-03 08:36:12,2025-07-03 08:47:27.426268,2025-07-03 08:47:27.426268,2025-07-03 08:54:11.300,17.988333333333333,0.0,15,4,osrm
105,delivered,2025-07-03 08:37:28,2025-07-03 08:50:46.982076,2025-07-03 09:00:02.805181,2025-07-03 09:04:21.500,26.891666666666666,9.263718416666668,21,3,osrm
106,delivered,2025-07-03 08:38:52,2025-07-03 08:49:54.465163,2025-07-03 09:10:49.790742,2025-07-03 09:13:13.100,34.35166666666667,20.922092983333336,26,4,osrm
107,delivered,2025-07-03 08:38:26,2025-07-03 08:51:34.786362,2025-07-03 08:51:34.786362,2025-07-03 08:55:07.400,16.69,0.0,34,4,osrm
108,delivered,2025-07-03 08:39:50,2025-07-03 08:56:38.352251,2025-07-03 09:00:19.835100,2025-07-03 09:01:05.400,21.256666666666668,3.6913808166666664,11,4,osrm
109,delivered,2025-07-03 08:40:48,2025-07-03 08:51:20.289383,2025-07-03 08:54:13.400000,2025-07-03 08:57:52.800,17.08,2.88517695,18,2,osrm
110,delivered,2025-07-03 08:40:25,2025-07-03 08:56:17.297112,2025-07-03 09:12:47.260958,2025-07-03 09:17:39.900,37.248333333333335,16.499397433333332,16,3,osrm
111,delivered,2025-07-03 08:40:27,2025-07-03 08:48:26.871863,2025-07-03 09:01:14.312735,2025-07-03 09:00:52.300,20.421666666666667,12.7906812,29,3,osrm
112,delivered,2025-07-03 08:40:23,2025-07-03 08:54:17.303258,2025-07-03 09:15:28.104769,2025-07-03 09:16:54.900,36.531666666666666,21.18002518333333,2,4,osrm
113,delivered,2025-07-03 08:41:10,2025-07-03 08:52:33.026732,2025-07-03 08:53:19.800000,2025-07-03 08:58:33.600,17.39333333333333,0.7795544666666667,23,2,osrm
114,delivered,2025-07-03 08:41:38,2025-07-03 08:59:55.350998,2025-07-03 09:14:01.569486,2025-07-03 09:16:43.700,35.095,14.103641466666666,15,4,osrm
115,delivered,2025-07-03 08:41:25,2025-07-03 08:51:51.073233,2025-07-03 09:08:30.800000,2025-07-03 09:12:34.400,31.15666666666667,16.662112783333335,3,2,osrm
116,delivered,2025-07-03 08:42:43,2025-07-03 08:52:10.703009,2025-07-03 08:54:54.300000,2025-07-03 08:59:24.100,16.685,2.7266165166666667,38,2,osrm
117,delivered,2025-07-03 08:42:12,2025-07-03 08:57:19.110555,2025-07-03 09:30:25.479685,2025-07-03 09:33:46.400,51.57333333333334,33.10615216666667,4,4,osrm
118,delivered,2025-07-03 08:42:24,2025-07-03 08:55:35.486243,2025-07-03 09:23:36.428479,2025-07-03 09:22:16.800,39.88,28.015703933333334,28,4,osrm
119,delivered,2025-07-03 08:43:54,2025-07-03 08:56:05.057551,2025-07-03 09:19:08.862096,2025-07-03 09:23:02.700,39.144999999999996,23.063409083333333,13,4,osrm
120,delivered,2025-07-03 08:43:57,2025-07-03 08:48:57.000000,2025-07-03 08:54:54.300000,2025-07-03 08:59:24.100,15.451666666666666,5.955,38,2,osrm
121,delivered,2025-07-03 08:43:51,2025-07-03 08:56:59.227636,2025-07-03 08:56:59.227636,2025-07-03 08:57:46.600,13.926666666666668,0.0,9,3,osrm
122,delivered,2025-07-03 08:44:38,2025-07-03 08:56:15.557742,2025-07-03 09:16:45.250961,2025-07-03 09:16:13.700,31.595000000000002,20.494886983333334,33,4,osrm
123,delivered,2025-07-03 08:45:07,2025-07-03 08:57:19.028396,2025-07-03 08:57:19.028396,2025-07-03 08:59:42.900,14.598333333333333,0.0,12,2,osrm
124,delivered,2025-07-03 08:45:30,2025-07-03 08:55:06.196404,2025-07-03 09:11:05.480397,2025-07-03 09:19:04.300,33.571666666666665,15.988066550000001,32,4,osrm
125,delivered,2025-07-03 08:46:20,2025-07-03 09:02:11.213594,2025-07-03 09:10:49.790742,2025-07-03 09:13:13.100,26.884999999999998,8.642952466666666,26,4,osrm
126,delivered,2025-07-03 08:46:12,2025-07-03 08:58:05.464254,2025-07-03 08:59:11.500000,2025-07-03 09:01:46.000,15.566666666666666,1.1005957666666668,14,1,osrm
127,delivered,2025-07-03 08:46:48,2025-07-03 08:57:59.593026,2025-07-03 09:16:44.165341,2025-07-03 09:24:27.700,37.66166666666666,18.742871916666665,39,3,osrm
128,delivered,2025-07-03 08:46:32,2025-07-03 08:53:47.029975,2025-07-03 08:56:57.200000,2025-07-03 08:59:32.500,13.008333333333333,3.1695004166666667,6,1,osrm
129,delivered,2025-07-03 08:47:01,2025-07-03 08:58:20.624885,2025-07-03 09:19:05.463259,2025-07-03 09:19:21.600,32.343333333333334,20.747306233333333,22,4,osrm
130,delivered,2025-07-03 08:47:03,2025-07-03 08:55:41.163163,2025-07-03 09:06:50.283863,2025-07-03 09:12:35.000,25.533333333333335,11.152011666666668,10,4,osrm
131,delivered,2025-07-03 08:47:00,2025-07-03 09:03:00.928745,2025-07-03 09:14:01.569486,2025-07-03 09:16:43.700,29.728333333333335,11.010679016666668,15,4,osrm
132,delivered,2025-07-03 08:48:35,2025-07-03 09:01:14.312735,2025-07-03 09:01:14.312735,2025-07-03 09:00:52.300,12.288333333333332,0.0,29,3,osrm
133,delivered,2025-07-03 08:48:11,2025-07-03 08:58:16.548930,2025-07-03 09:00:37.800000,2025-07-03 09:01:28.600,13.293333333333333,2.3541845,13,1,osrm
134,delivered,2025-07-03 08:48:19,2025-07-03 08:59:40.548322,2025-07-03 09:11:05.480397,2025-07-03 09:19:04.300,30.755,11.415534583333335,32,4,osrm
135,delivered,2025-07-03 08:48:55,2025-07-03 09:05:10.423614,2025-07-03 09:08:05.803637,2025-07-03 09:13:56.400,25.023333333333333,2.923000383333333,7,4,osrm
136,delivered,2025-07-03 08:48:13,2025-07-03 09:00:32.429903,2025-07-03 09:18:39.000000,2025-07-03 09:23:51.500,35.641666666666666,18.109501616666666,23,3,osrm
137,delivered,2025-07-03 08:48:28,2025-07-03 09:00:19.835100,2025-07-03 09:00:19.835100,2025-07-03 09:01:05.400,12.623333333333333,0.0,11,4,osrm
138,delivered,2025-07-03 08:48:19,2025-07-03 09:05:47.403731,2025-07-03 09:23:36.428479,2025-07-03 09:22:16.800,33.96333333333333,17.817079133333333,28,4,osrm
139,delivered,2025-07-03 08:49:10,2025-07-03 09:02:10.869936,2025-07-03 09:18:39.000000,2025-07-03 09:23:51.500,34.69166666666667,16.4688344,23,3,osrm
140,delivered,2025-07-03 08:49:45,2025-07-03 09:04:21.991539,2025-07-03 09:08:28.118982,2025-07-03 09:18:38.500,28.891666666666666,4.10212405,31,4,osrm
141,delivered,2025-07-03 08:49:12,2025-07-03 09:00:02.805181,2025-07-03 09:00:02.805181,2025-07-03 09:04:21.500,15.158333333333333,0.0,21,3,osrm
142,delivered,2025-07-03 08:50:44,2025-07-03 09:01:29.535277,2025-07-03 09:08:30.800000,2025-07-03 09:12:34.400,21.84,7.021078716666667,3,2,osrm
143,delivered,2025-07-03 08:50:08,2025-07-03 09:04:33.956719,2025-07-03 09:21:23.650240,2025-07-03 09:27:00.600,36.876666666666665,16.82822535,29,4,osrm
144,delivered,2025-07-03 08:50:38,2025-07-03 09:02:23.487609,2025-07-03 09:30:51.304104,2025-07-03 09:32:37.700,41.995,28.46360825,40,4,osrm
145,delivered,2025-07-03 08:50:34,2025-07-03 09:03:32.651065,2025-07-03 09:06:50.283863,2025-07-03 09:12:35.000,22.016666666666666,3.2938799666666667,10,4,osrm
146,delivered,2025-07-03 08:50:46,2025-07-03 09:02:28.362348,2025-07-03 09:16:45.250961,2025-07-03 09:16:13.700,25.461666666666666,14.281476883333333,33,4,osrm
147,delivered,2025-07-03 08:51:12,2025-07-03 09:03:06.046566,2025-07-03 09:19:05.463259,2025-07-03 09:19:21.600,28.16,15.990278216666667,22,4,osrm
148,delivered,2025-07-03 08:51:41,2025-07-03 09:03:11.019993,2025-07-03 09:19:08.862096,2025-07-03 09:23:02.700,31.361666666666668,15.96403505,13,4,osrm
149,delivered,2025-07-03 08:51:37,2025-07-03 08:59:34.312565,2025-07-03 09:21:23.650240,2025-07-03 09:27:00.600,35.39333333333333,21.822294583333335,29,4,osrm
150,delivered,2025-07-03 08:51:47,2025-07-03 09:07:35.747118,2025-07-03 09:09:32.600000,2025-07-03 09:12:23.600,20.61,1.9475480333333333,30,1,osrm
151,delivered,2025-07-03 08:52:58,2025-07-03 09:03:04.133211,2025-07-03 09:15:28.104769,2025-07-03 09:16:54.900,23.948333333333334,12.399525966666666,2,4,osrm
152,delivered,2025-07-03 08:52:58,2025-07-03 09:01:16.622618,2025-07-03 09:38:08.769786,2025-07-03 09:34:49.500,41.858333333333334,36.86911946666667,41,4,osrm
153,delivered,2025-07-03 08:52:37,2025-07-03 09:04:45.490433,2025-07-03 09:11:05.480397,2025-07-03 09:19:04.300,26.455,6.333166066666666,32,4,osrm
154,delivered,2025-07-03 08:52:39,2025-07-03 09:02:34.855648,2025-07-03 09:24:11.186091,2025-07-03 09:27:50.700,35.195,21.605507383333336,9,4,osrm
155,delivered,2025-07-03 08:53:14,2025-07-03 09:08:54.985205,2025-07-03 09:09:04.263443,2025-07-03 09:14:24.800,21.18,0.1546373,41,4,osrm
156,delivered,2025-07-03 08:53:01,2025-07-03 09:06:50.283863,2025-07-03 09:06:50.283863,2025-07-03 09:12:35.000,19.566666666666666,0.0,10,4,osrm
157,delivered,2025-07-03 08:53:09,2025-07-03 09:03:17.347329,2025-07-03 09:28:00.226265,2025-07-03 09:31:09.900,38.015,24.714648933333333,20,4,osrm
158,delivered,2025-07-03 08:53:49,2025-07-03 09:03:03.710370,2025-07-03 09:08:28.118982,2025-07-03 09:18:38.500,24.825,5.4068102,31,4,osrm
159,delivered,2025-07-03 08:54:16,2025-07-03 09:08:05.803637,2025-07-03 09:10:49.790742,2025-07-03 09:13:13.100,18.951666666666664,2.733118416666667,26,4,osrm
160,delivered,2025-07-03 08:55:00,2025-07-03 09:04:48.716878,2025-07-03 09:22:31.473029,2025-07-03 09:29:16.400,34.27333333333333,17.712602516666667,1,4,osrm
161,delivered,2025-07-03 08:55:28,2025-07-03 09:03:15.393088,2025-07-03 09:30:25.479685,2025-07-03 09:33:46.400,38.306666666666665,27.168109949999998,4,4,osrm
162,delivered,2025-07-03 08:55:02,2025-07-03 09:01:56.967962,2025-07-03 09:09:04.263443,2025-07-03 09:14:24.800,19.38,7.12159135,41,4,osrm
163,delivered,2025-07-03 08:55:12,2025-07-03 09:09:13.158735,2025-07-03 09:19:08.862096,2025-07-03 09:23:02.700,27.845000000000002,9.92838935,13,4,osrm
164,delivered,2025-07-03 08:56:15,2025-07-03 09:03:27.976652,2025-07-03 09:08:40.500000,2025-07-03 09:11:23.000,15.133333333333333,5.208722466666667,8,1,osrm
165,delivered,2025-07-03 08:56:00,2025-07-03 09:04:21.528688,2025-07-03 09:19:42.800000,2025-07-03 09:26:26.000,30.433333333333334,15.354521866666666,27,4,osrm
166,delivered,2025-07-03 08:56:03,2025-07-03 09:10:00.909508,2025-07-03 09:24:11.186091,2025-07-03 09:27:50.700,31.795,14.171276383333332,9,4,osrm
167,delivered,2025-07-03 08:56:47,2025-07-03 09:11:05.480397,2025-07-03 09:11:05.480397,2025-07-03 09:19:04.300,22.288333333333334,0.0,32,4,osrm
168,delivered,2025-07-03 08:57:36,2025-07-03 09:05:59.056200,2025-07-03 09:09:04.263443,2025-07-03 09:14:24.800,16.813333333333333,3.0867873833333332,41,4,osrm
169,delivered,2025-07-03 08:57:33,2025-07-03 09:07:36.591710,2025-07-03 09:32:22.502242,2025-07-03 09:32:02.100,34.485,24.765175533333334,24,4,osrm
170,delivered,2025-07-03 08:57:40,2025-07-03 09:12:28.916852,2025-07-03 09:16:44.165341,2025-07-03 09:24:27.700,26.795,4.254141483333333,39,3,osrm
171,delivered,2025-07-03 08:57:43,2025-07-03 09:10:14.335321,2025-07-03 09:15:34.048567,2025-07-03 09:20:07.200,22.403333333333332,5.328554100000001,6,4,osrm
172,delivered,2025-07-03 08:57:58,2025-07-03 09:08:28.118982,2025-07-03 09:08:28.118982,2025-07-03 09:18:38.500,20.675,0.0,31,4,osrm
173,delivered,2025-07-03 08:58:23,2025-07-03 09:10:37.545442,2025-07-03 09:39:49.233628,2025-07-03 09:40:45.600,42.376666666666665,29.1948031,33,4,osrm
174,delivered,2025-07-03 08:58:53,2025-07-03 09:12:01.547162,2025-07-03 09:19:05.463259,2025-07-03 09:19:21.600,20.476666666666667,7.065268283333333,22,4,osrm
175,delivered,2025-07-03 08:58:13,2025-07-03 09:06:48.235620,2025-07-03 09:10:32.700000,2025-07-03 09:14:15.500,16.041666666666668,3.741073,18,1,osrm
176,delivered,2025-07-03 08:58:29,2025-07-03 09:07:19.432980,2025-07-03 09:19:42.800000,2025-07-03 09:26:26.000,27.95,12.389450333333334,27,4,osrm
177,delivered,2025-07-03 08:59:36,2025-07-03 09:14:49.850840,2025-07-03 09:30:51.304104,2025-07-03 09:32:37.700,33.028333333333336,16.024221066666666,40,4,osrm
178,delivered,2025-07-03 08:59:36,2025-07-03 09:16:45.250961,2025-07-03 09:16:45.250961,2025-07-03 09:16:13.700,16.628333333333334,0.0,33,4,osrm
179,delivered,2025-07-03 08:59:25,2025-07-03 09:14:01.569486,2025-07-03 09:14:01.569486,2025-07-03 09:16:43.700,17.311666666666667,0.0,15,4,osrm
180,delivered,2025-07-03 08:59:30,2025-07-03 09:10:49.790742,2025-07-03 09:10:49.790742,2025-07-03 09:13:13.100,13.718333333333334,0.0,26,4,osrm
181,delivered,2025-07-03 09:00:16,2025-07-03 09:10:07.404855,2025-07-03 09:27:46.454951,2025-07-03 09:28:06.500,27.841666666666665,17.650834933333332,25,3,osrm
182,delivered,2025-07-03 09:00:47,2025-07-03 09:12:51.381403,2025-07-03 09:30:51.304104,2025-07-03 09:32:37.700,31.845000000000002,17.998711683333333,40,4,osrm
183,delivered,2025-07-03 09:00:51,2025-07-03 09:15:54.168408,2025-07-03 09:39:17.658060,2025-07-03 09:43:06.600,42.26,23.3914942,11,4,osrm
184,delivered,2025-07-03 09:00:34,2025-07-03 09:16:14.724274,2025-07-03 09:37:55.700000,2025-07-03 09:42:45.200,42.18666666666666,21.682928766666667,9,2,osrm
185,delivered,2025-07-03 09:01:58,2025-07-03 09:13:50.410279,2025-07-03 09:19:42.800000,2025-07-03 09:26:26.000,24.466666666666665,5.873162016666667,27,4,osrm
186,delivered,2025-07-03 09:01:22,2025-07-03 09:14:28.390837,2025-07-03 09:22:31.473029,2025-07-03 09:29:16.400,27.90666666666667,8.051369866666667,1,4,osrm
187,delivered,2025-07-03 09:02:47,2025-07-03 09:10:21.499852,2025-07-03 09:15:28.104769,2025-07-03 09:16:54.900,14.131666666666666,5.11008195,2,4,osrm
188,delivered,2025-07-03 09:02:26,2025-07-03 09:13:55.872556,2025-07-03 09:39:17.658060,2025-07-03 09:43:06.600,40.67666666666666,25.36309173333333,11,4,osrm
189,delivered,2025-07-03 09:02:53,2025-07-03 09:19:10.273784,2025-07-03 09:37:05.622135,2025-07-03 09:43:44.800,40.86333333333334,17.92247251666667,18,3,osrm
190,delivered,2025-07-03 09:03:59,2025-07-03 09:15:28.104769,2025-07-03 09:15:28.104769,2025-07-03 09:16:54.900,12.931666666666667,0.0,2,4,osrm
191,delivered,2025-07-03 09:03:35,2025-07-03 09:16:51.608062,2025-07-03 09:39:24.288828,2025-07-03 09:41:42.400,38.123333333333335,22.544679433333332,8,4,osrm
192,delivered,2025-07-03 09:03:53,2025-07-03 09:18:28.871945,2025-07-03 09:22:31.473029,2025-07-03 09:29:16.400,25.39,4.0433514,1,4,osrm
193,delivered,2025-07-03 09:03:15,2025-07-03 09:17:36.633743,2025-07-03 09:41:45.397515,2025-07-03 09:42:23.100,39.135,24.146062866666668,30,3,osrm
194,delivered,2025-07-03 09:03:22,2025-07-03 09:15:34.048567,2025-07-03 09:15:34.048567,2025-07-03 09:20:07.200,16.753333333333334,0.0,6,4,osrm
195,delivered,2025-07-03 09:03:50,2025-07-03 09:14:03.441242,2025-07-03 09:17:35.169236,2025-07-03 09:24:09.200,20.32,3.5287999,14,4,osrm
196,delivered,2025-07-03 09:03:39,2025-07-03 09:09:04.263443,2025-07-03 09:09:04.263443,2025-07-03 09:14:24.800,10.763333333333332,0.0,41,4,osrm
197,delivered,2025-07-03 09:03:43,2025-07-03 09:12:08.784394,2025-07-03 09:18:39.000000,2025-07-03 09:23:51.500,20.141666666666666,6.503593433333333,23,3,osrm
198,delivered,2025-07-03 09:03:42,2025-07-03 09:14:40.796455,2025-07-03 09:15:34.048567,2025-07-03 09:20:07.200,16.42,0.8875352,6,4,osrm
199,delivered,2025-07-03 09:04:08,2025-07-03 09:18:11.148997,2025-07-03 09:39:17.658060,2025-07-03 09:43:06.600,38.97666666666667,21.108484383333334,11,4,osrm
200,delivered,2025-07-03 09:04:13,2025-07-03 09:16:44.165341,2025-07-03 09:16:44.165341,2025-07-03 09:24:27.700,20.245,0.0,39,3,osrm
201,delivered,2025-07-03 09:04:58,2025-07-03 09:20:18.091490,2025-07-03 09:27:46.454951,2025-07-03 09:28:06.500,23.141666666666666,7.472724349999999,25,3,osrm
202,delivered,2025-07-03 09:04:32,2025-07-03 09:12:47.260958,2025-07-03 09:12:47.260958,2025-07-03 09:17:39.900,13.131666666666666,0.0,16,3,osrm
203,delivered,2025-07-03 09:05:56,2025-07-03 09:12:30.715388,2025-07-03 09:21:23.650240,2025-07-03 09:27:00.600,21.076666666666664,8.882247533333333,29,4,osrm
204,delivered,2025-07-03 09:05:02,2025-07-03 09:18:44.390211,2025-07-03 09:23:36.428479,2025-07-03 09:22:16.800,17.246666666666666,4.867304466666667,28,4,osrm
205,delivered,2025-07-03 09:06:22,2025-07-03 09:23:36.428479,2025-07-03 09:23:36.428479,2025-07-03 09:22:16.800,15.913333333333332,0.0,28,4,osrm
206,delivered,2025-07-03 09:06:39,2025-07-03 09:19:08.862096,2025-07-03 09:19:08.862096,2025-07-03 09:23:02.700,16.395,0.0,13,4,osrm
207,delivered,2025-07-03 09:06:26,2025-07-03 09:16:42.003086,2025-07-03 09:24:07.200000,2025-07-03 09:24:59.400,18.55666666666667,7.419948566666666,36,1,osrm
208,delivered,2025-07-03 09:06:50,2025-07-03 09:21:23.650240,2025-07-03 09:21:23.650240,2025-07-03 09:27:00.600,20.176666666666666,0.0,29,4,osrm
209,delivered,2025-07-03 09:06:24,2025-07-03 09:22:31.473029,2025-07-03 09:22:31.473029,2025-07-03 09:29:16.400,22.873333333333335,0.0,1,4,osrm
210,delivered,2025-07-03 09:07:46,2025-07-03 09:16:02.335327,2025-07-03 09:46:17.275315,2025-07-03 09:49:09.800,41.39666666666667,30.2489998,21,3,osrm
211,delivered,2025-07-03 09:07:30,2025-07-03 09:18:22.947076,2025-07-03 09:19:42.800000,2025-07-03 09:26:26.000,18.933333333333334,1.3308820666666668,27,4,osrm
212,delivered,2025-07-03 09:08:51,2025-07-03 09:23:46.755231,2025-07-03 09:34:37.026082,2025-07-03 09:39:27.600,30.61,10.837847516666667,3,2,osrm
213,delivered,2025-07-03 09:08:16,2025-07-03 09:20:54.945414,2025-07-03 09:25:56.700000,2025-07-03 09:28:46.600,20.509999999999998,5.0292431,34,1,osrm
214,delivered,2025-07-03 09:09:44,2025-07-03 09:19:15.590740,2025-07-03 09:32:22.502242,2025-07-03 09:32:02.100,22.301666666666666,13.1151917,24,4,osrm
215,delivered,2025-07-03 09:09:09,2025-07-03 09:20:10.269313,2025-07-03 09:36:01.868249,2025-07-03 09:40:04.000,30.916666666666668,15.859982266666666,23,4,osrm
216,delivered,2025-07-03 09:09:22,2025-07-03 09:18:38.086948,2025-07-03 09:28:00.226265,2025-07-03 09:31:09.900,21.798333333333336,9.368988616666666,20,4,osrm
217,delivered,2025-07-03 09:09:56,2025-07-03 09:17:28.563103,2025-07-03 09:52:49.077258,2025-07-03 09:53:07.900,43.19833333333334,35.34190258333333,31,4,osrm
218,delivered,2025-07-03 09:09:05,2025-07-03 09:21:56.074475,2025-07-03 09:45:07.207396,2025-07-03 09:44:37.100,35.535,23.18554868333333,29,4,osrm
219,delivered,2025-07-03 09:09:40,2025-07-03 09:17:42.260404,2025-07-03 09:24:11.186091,2025-07-03 09:27:50.700,18.178333333333335,6.482094783333333,9,4,osrm
220,delivered,2025-07-03 09:09:12,2025-07-03 09:20:45.048737,2025-07-03 09:44:53.758463,2025-07-03 09:49:27.400,40.25666666666667,24.1451621,15,3,osrm
221,delivered,2025-07-03 09:09:59,2025-07-03 09:19:05.463259,2025-07-03 09:19:05.463259,2025-07-03 09:19:21.600,9.376666666666667,0.0,22,4,osrm
222,delivered,2025-07-03 09:10:24,2025-07-03 09:23:35.637864,2025-07-03 09:44:27.500000,2025-07-03 09:48:04.000,37.666666666666664,20.86436893333333,24,1,osrm
223,delivered,2025-07-03 09:10:41,2025-07-03 09:21:30.487929,2025-07-03 09:38:23.200000,2025-07-03 09:47:56.800,37.263333333333335,16.87853451666667,6,4,osrm
224,delivered,2025-07-03 09:10:54,2025-07-03 09:22:00.768909,2025-07-03 09:45:48.257234,2025-07-03 09:47:23.000,36.483333333333334,23.791472083333336,25,3,osrm
225,delivered,2025-07-03 09:10:19,2025-07-03 09:17:35.169236,2025-07-03 09:17:35.169236,2025-07-03 09:24:09.200,13.836666666666668,0.0,14,4,osrm
226,delivered,2025-07-03 09:11:37,2025-07-03 09:24:11.186091,2025-07-03 09:30:25.479685,2025-07-03 09:33:46.400,22.15666666666667,6.2382265666666665,4,4,osrm
227,delivered,2025-07-03 09:11:48,2025-07-03 09:22:21.275922,2025-07-03 09:39:02.100000,2025-07-03 09:47:27.200,35.65333333333333,16.6804013,19,2,osrm
228,delivered,2025-07-03 09:11:40,2025-07-03 09:21:08.308917,2025-07-03 09:37:05.622135,2025-07-03 09:43:44.800,32.08,15.9552203,18,3,osrm
229,delivered,2025-07-03 09:12:14,2025-07-03 09:25:20.101578,2025-07-03 09:38:08.769786,2025-07-03 09:34:49.500,22.591666666666665,12.811136800000002,41,4,osrm
230,delivered,2025-07-03 09:13:27,2025-07-03 09:28:00.226265,2025-07-03 09:28:00.226265,2025-07-03 09:31:09.900,17.715,0.0,20,4,osrm
231,delivered,2025-07-03 09:13:59,2025-07-03 09:30:51.304104,2025-07-03 09:30:51.304104,2025-07-03 09:32:37.700,18.645,0.0,40,4,osrm
232,delivered,2025-07-03 09:14:04,2025-07-03 09:26:28.938001,2025-07-03 09:38:47.400000,2025-07-03 09:43:44.700,29.678333333333335,12.307699983333332,12,2,osrm
233,delivered,2025-07-03 09:14:23,2025-07-03 09:26:55.041233,2025-07-03 09:36:01.868249,2025-07-03 09:40:04.000,25.683333333333334,9.1137836,23,4,osrm
234,delivered,2025-07-03 09:14:18,2025-07-03 09:23:20.427691,2025-07-03 09:44:24.257577,2025-07-03 09:50:50.300,36.538333333333334,21.063831433333334,35,2,osrm
235,delivered,2025-07-03 09:15:24,2025-07-03 09:25:13.934695,2025-07-03 09:28:00.226265,2025-07-03 09:31:09.900,15.764999999999999,2.771526166666667,20,4,osrm
236,delivered,2025-07-03 09:15:06,2025-07-03 09:30:25.479685,2025-07-03 09:30:25.479685,2025-07-03 09:33:46.400,18.673333333333336,0.0,4,4,osrm
237,delivered,2025-07-03 09:15:41,2025-07-03 09:26:12.171356,2025-07-03 09:39:51.200000,2025-07-03 09:43:00.300,27.321666666666665,13.6504774,2,1,osrm
238,delivered,2025-07-03 09:15:06,2025-07-03 09:32:22.502242,2025-07-03 09:32:22.502242,2025-07-03 09:32:02.100,16.935,0.0,24,4,osrm
239,delivered,2025-07-03 09:15:18,2025-07-03 09:23:29.174501,2025-07-03 09:49:26.400574,2025-07-03 09:49:35.100,34.285,25.953767883333335,26,4,osrm
240,delivered,2025-07-03 09:16:29,2025-07-03 09:27:54.940958,2025-07-03 09:49:26.400574,2025-07-03 09:49:35.100,33.10166666666667,21.524326933333334,26,4,osrm
241,delivered,2025-07-03 09:16:26,2025-07-03 09:27:46.454951,2025-07-03 09:27:46.454951,2025-07-03 09:28:06.500,11.675,0.0,25,3,osrm
242,delivered,2025-07-03 09:17:09,2025-07-03 09:27:03.853183,2025-07-03 09:45:07.207396,2025-07-03 09:44:37.100,27.46833333333333,18.05590355,29,4,osrm
243,delivered,2025-07-03 09:17:20,2025-07-03 09:28:20.815600,2025-07-03 09:32:22.502242,2025-07-03 09:32:02.100,14.701666666666666,4.0281107,24,4,osrm
244,delivered,2025-07-03 09:17:40,2025-07-03 09:29:01.535736,2025-07-03 09:38:08.769786,2025-07-03 09:34:49.500,17.158333333333335,9.1205675,41,4,osrm
245,delivered,2025-07-03 09:18:01,2025-07-03 09:30:27.616886,2025-07-03 09:38:23.200000,2025-07-03 09:47:56.800,29.93,7.926385233333334,6,4,osrm
246,delivered,2025-07-03 09:18:51,2025-07-03 09:30:31.787531,2025-07-03 09:48:08.300000,2025-07-03 09:57:35.900,38.748333333333335,17.60854115,23,3,osrm
247,delivered,2025-07-03 09:18:35,2025-07-03 09:33:37.566618,2025-07-03 09:39:24.288828,2025-07-03 09:41:42.400,23.123333333333335,5.778703500000001,8,4,osrm
248,delivered,2025-07-03 09:18:45,2025-07-03 09:38:08.769786,2025-07-03 09:38:08.769786,2025-07-03 09:34:49.500,16.075,0.0,41,4,osrm
249,delivered,2025-07-03 09:18:34,2025-07-03 09:32:44.710853,2025-07-03 09:45:48.257234,2025-07-03 09:47:23.000,28.816666666666666,13.05910635,25,3,osrm
250,delivered,2025-07-03 09:19:59,2025-07-03 09:33:07.902028,2025-07-03 09:36:01.868249,2025-07-03 09:40:04.000,20.083333333333332,2.8994370166666665,23,4,osrm
251,delivered,2025-07-03 09:19:20,2025-07-03 09:28:20.116147,2025-07-03 09:49:20.432715,2025-07-03 09:48:12.100,28.868333333333332,21.005276133333332,37,2,osrm
252,delivered,2025-07-03 09:19:01,2025-07-03 09:29:21.148558,2025-07-03 09:44:13.200000,2025-07-03 09:50:10.100,31.151666666666664,14.867524033333332,10,2,osrm
253,delivered,2025-07-03 09:19:22,2025-07-03 09:26:15.443019,2025-07-03 09:42:45.000000,2025-07-03 09:50:31.400,31.15666666666667,16.49261635,14,3,osrm
254,delivered,2025-07-03 09:19:46,2025-07-03 09:33:11.409351,2025-07-03 09:38:23.200000,2025-07-03 09:47:56.800,28.18,5.196510816666666,6,4,osrm
255,delivered,2025-07-03 09:19:02,2025-07-03 09:26:34.845319,2025-07-03 09:39:49.233628,2025-07-03 09:40:45.600,21.726666666666667,13.23980515,33,4,osrm
256,delivered,2025-07-03 09:20:34,2025-07-03 09:34:35.367865,2025-07-03 09:41:57.900000,2025-07-03 09:44:12.800,23.646666666666665,7.375535583333333,34,1,osrm
257,delivered,2025-07-03 09:20:18,2025-07-03 09:30:01.272534,2025-07-03 09:39:24.288828,2025-07-03 09:41:42.400,21.40666666666667,9.3836049,8,4,osrm
258,delivered,2025-07-03 09:20:44,2025-07-03 09:33:47.797390,2025-07-03 09:44:13.200000,2025-07-03 09:50:10.100,29.435,10.423376833333332,10,2,osrm
259,delivered,2025-07-03 09:20:44,2025-07-03 09:34:17.041364,2025-07-03 09:55:37.575127,2025-07-03 09:56:14.200,35.50333333333333,21.342229383333333,16,3,osrm
260,delivered,2025-07-03 09:20:07,2025-07-03 09:26:27.597669,2025-07-03 09:47:21.541569,2025-07-03 09:50:42.400,30.59,20.899065,7,3,osrm
261,delivered,2025-07-03 09:20:29,2025-07-03 09:30:05.859866,2025-07-03 09:45:23.800000,2025-07-03 09:49:00.500,28.525,15.299002233333333,5,1,osrm
262,delivered,2025-07-03 09:20:29,2025-07-03 09:33:33.299992,2025-07-03 09:37:55.700000,2025-07-03 09:42:45.200,22.27,4.373333466666667,9,2,osrm
263,delivered,2025-07-03 09:21:11,2025-07-03 09:34:37.026082,2025-07-03 09:34:37.026082,2025-07-03 09:39:27.600,18.276666666666664,0.0,3,2,osrm
264,delivered,2025-07-03 09:21:02,2025-07-03 09:35:25.750567,2025-07-03 09:52:49.077258,2025-07-03 09:53:07.900,32.098333333333336,17.388778183333333,31,4,osrm
265,delivered,2025-07-03 09:21:07,2025-07-03 09:32:05.399077,2025-07-03 09:38:47.400000,2025-07-03 09:43:44.700,22.628333333333334,6.700015383333334,12,2,osrm
266,delivered,2025-07-03 09:22:12,2025-07-03 09:33:55.304843,2025-07-03 09:39:49.233628,2025-07-03 09:40:45.600,18.56,5.898813083333334,33,4,osrm
267,delivered,2025-07-03 09:22:28,2025-07-03 09:39:49.233628,2025-07-03 09:39:49.233628,2025-07-03 09:40:45.600,18.293333333333333,0.0,33,4,osrm
268,delivered,2025-07-03 09:23:26,2025-07-03 09:36:01.868249,2025-07-03 09:41:45.397515,2025-07-03 09:42:23.100,18.951666666666664,5.725487766666666,30,3,osrm
269,delivered,2025-07-03 09:23:28,2025-07-03 09:37:56.015479,2025-07-03 09:54:00.900000,2025-07-03 10:03:39.600,40.193333333333335,16.081408683333333,36,2,osrm
270,delivered,2025-07-03 09:25:53,2025-07-03 09:37:05.622135,2025-07-03 09:37:05.622135,2025-07-03 09:43:44.800,17.863333333333333,0.0,18,3,osrm
271,delivered,2025-07-03 09:25:27,2025-07-03 09:32:56.167582,2025-07-03 09:52:49.077258,2025-07-03 09:53:07.900,27.68166666666667,19.881827933333334,31,4,osrm
272,delivered,2025-07-03 09:25:10,2025-07-03 09:38:33.959146,2025-07-03 09:39:02.100000,2025-07-03 09:47:27.200,22.28666666666667,0.46901423333333336,19,2,osrm
273,delivered,2025-07-03 09:26:35,2025-07-03 09:40:13.189624,2025-07-03 09:48:08.300000,2025-07-03 09:57:35.900,31.015,7.918506266666666,23,3,osrm
274,delivered,2025-07-03 09:26:58,2025-07-03 09:41:47.746362,2025-07-03 09:43:38.500000,2025-07-03 09:48:42.300,21.738333333333333,1.8458939666666665,13,4,osrm
275,delivered,2025-07-03 09:26:20,2025-07-03 09:35:38.130743,2025-07-03 09:43:38.600000,2025-07-03 09:45:52.100,19.535,8.007820950000001,20,1,osrm
276,delivered,2025-07-03 09:27:03,2025-07-03 09:36:55.804795,2025-07-03 09:49:26.400574,2025-07-03 09:49:35.100,22.535,12.50992965,26,4,osrm
277,delivered,2025-07-03 09:27:23,2025-07-03 09:32:54.067862,2025-07-03 09:38:23.200000,2025-07-03 09:47:56.800,20.563333333333333,5.485535633333333,6,4,osrm
278,delivered,2025-07-03 09:27:38,2025-07-03 09:41:18.940934,2025-07-03 10:04:21.166744,2025-07-03 10:03:03.600,35.42666666666666,23.037096833333333,25,3,osrm
279,delivered,2025-07-03 09:27:19,2025-07-03 09:41:45.397515,2025-07-03 09:41:45.397515,2025-07-03 09:42:23.100,15.068333333333333,0.0,30,3,osrm
280,delivered,2025-07-03 09:28:31,2025-07-03 09:38:30.053026,2025-07-03 09:53:39.800000,2025-07-03 09:58:23.300,29.871666666666666,15.162449566666668,4,1,osrm
281,delivered,2025-07-03 09:28:37,2025-07-03 09:39:17.658060,2025-07-03 09:39:17.658060,2025-07-03 09:43:06.600,14.493333333333334,0.0,11,4,osrm
282,delivered,2025-07-03 09:28:03,2025-07-03 09:39:24.288828,2025-07-03 09:39:24.288828,2025-07-03 09:41:42.400,13.656666666666666,0.0,8,4,osrm
283,delivered,2025-07-03 09:29:02,2025-07-03 09:45:48.257234,2025-07-03 09:45:48.257234,2025-07-03 09:47:23.000,18.35,0.0,25,3,osrm
284,delivered,2025-07-03 09:29:41,2025-07-03 09:44:24.257577,2025-07-03 09:44:24.257577,2025-07-03 09:50:50.300,21.154999999999998,0.0,35,2,osrm
285,delivered,2025-07-03 09:29:42,2025-07-03 09:45:07.207396,2025-07-03 09:45:07.207396,2025-07-03 09:44:37.100,14.918333333333333,0.0,29,4,osrm
286,delivered,2025-07-03 09:29:18,2025-07-03 09:40:51.506296,2025-07-03 09:44:53.758463,2025-07-03 09:49:27.400,20.15666666666667,4.037536116666667,15,3,osrm
287,delivered,2025-07-03 09:30:48,2025-07-03 09:41:27.960258,2025-07-03 09:43:38.500000,2025-07-03 09:48:42.300,17.904999999999998,2.1756623666666663,13,4,osrm
288,delivered,2025-07-03 09:30:42,2025-07-03 09:46:00.184108,2025-07-03 09:53:10.900000,2025-07-03 09:58:49.800,28.13,7.1785982,9,2,osrm
289,delivered,2025-07-03 09:30:21,2025-07-03 09:37:22.564444,2025-07-03 09:49:17.800000,2025-07-03 09:53:49.100,23.46833333333333,11.920592599999999,38,2,osrm
290,delivered,2025-07-03 09:31:08,2025-07-03 09:44:40.264973,2025-07-03 09:46:17.275315,2025-07-03 09:49:09.800,18.029999999999998,1.6168390333333333,21,3,osrm
291,delivered,2025-07-03 09:31:01,2025-07-03 09:39:07.077895,2025-07-03 09:55:37.575127,2025-07-03 09:56:14.200,25.220000000000002,16.5082872,16,3,osrm
292,delivered,2025-07-03 09:32:15,2025-07-03 09:46:36.302534,2025-07-03 09:48:08.300000,2025-07-03 09:57:35.900,25.348333333333336,1.5332911,23,3,osrm
293,delivered,2025-07-03 09:32:42,2025-07-03 09:46:13.384112,2025-07-03 09:54:00.900000,2025-07-03 10:03:39.600,30.959999999999997,7.791931466666667,36,2,osrm
294,delivered,2025-07-03 09:33:38,2025-07-03 09:42:57.974591,2025-07-03 09:43:38.500000,2025-07-03 09:48:42.300,15.071666666666665,0.6754234833333334,13,4,osrm
295,delivered,2025-07-03 09:33:38,2025-07-03 09:46:17.275315,2025-07-03 09:46:17.275315,2025-07-03 09:49:09.800,15.53,0.0,21,3,osrm
296,delivered,2025-07-03 09:33:18,2025-07-03 09:41:53.813130,2025-07-03 09:42:45.000000,2025-07-03 09:50:31.400,17.223333333333336,0.8531145,14,3,osrm
297,delivered,2025-07-03 09:33:45,2025-07-03 09:42:36.035954,2025-07-03 09:42:45.000000,2025-07-03 09:50:31.400,16.773333333333333,0.14940076666666666,14,3,osrm
298,delivered,2025-07-03 09:34:05,2025-07-03 09:44:53.758463,2025-07-03 09:44:53.758463,2025-07-03 09:49:27.400,15.373333333333333,0.0,15,3,osrm
299,delivered,2025-07-03 09:34:08,2025-07-03 09:43:50.533810,2025-07-03 09:47:21.541569,2025-07-03 09:50:42.400,16.573333333333334,3.516795983333333,7,3,osrm
300,delivered,2025-07-03 09:34:29,2025-07-03 09:49:26.400574,2025-07-03 09:49:26.400574,2025-07-03 09:49:35.100,15.101666666666667,0.0,26,4,osrm
301,delivered,2025-07-03 09:34:34,2025-07-03 09:52:49.077258,2025-07-03 09:52:49.077258,2025-07-03 09:53:07.900,18.565,0.0,31,4,osrm
302,delivered,2025-07-03 09:35:40,2025-07-03 09:47:40.121831,2025-07-03 09:53:52.700000,2025-07-03 09:58:50.900,23.18166666666667,6.20963615,2,2,osrm
303,delivered,2025-07-03 09:35:23,2025-07-03 09:47:21.541569,2025-07-03 09:47:21.541569,2025-07-03 09:50:42.400,15.323333333333332,0.0,7,3,osrm
304,delivered,2025-07-03 09:35:07,2025-07-03 09:49:20.432715,2025-07-03 09:49:20.432715,2025-07-03 09:48:12.100,13.085,0.0,37,2,osrm
305,delivered,2025-07-03 09:35:03,2025-07-03 09:46:04.565718,2025-07-03 10:07:24.112581,2025-07-03 10:14:37.900,39.58166666666667,21.32578105,18,3,osrm
306,delivered,2025-07-03 09:36:52,2025-07-03 09:50:12.001015,2025-07-03 09:53:52.700000,2025-07-03 09:58:50.900,21.98166666666667,3.6783164166666666,2,2,osrm
307,delivered,2025-07-03 09:38:38,2025-07-03 09:44:58.104093,2025-07-03 10:01:14.100000,2025-07-03 10:03:33.800,24.93,16.26659845,20,1,osrm
308,delivered,2025-07-03 09:38:14,2025-07-03 09:48:07.495716,2025-07-03 09:53:10.900000,2025-07-03 09:58:49.800,20.596666666666668,5.056738066666667,9,2,osrm
309,delivered,2025-07-03 09:38:30,2025-07-03 09:45:50.645217,2025-07-03 09:49:17.800000,2025-07-03 09:53:49.100,15.318333333333333,3.452579716666667,38,2,osrm
310,delivered,2025-07-03 09:39:56,2025-07-03 09:46:10.004085,2025-07-03 10:03:45.800000,2025-07-03 10:10:01.900,30.098333333333336,17.596598583333332,7,2,osrm
311,delivered,2025-07-03 09:39:48,2025-07-03 09:54:37.006027,2025-07-03 10:03:45.800000,2025-07-03 10:10:01.900,30.23166666666667,9.146566216666667,7,2,osrm
312,delivered,2025-07-03 09:39:37,2025-07-03 09:50:40.430423,2025-07-03 09:54:52.400000,2025-07-03 09:58:42.100,19.084999999999997,4.19949295,17,1,osrm
313,delivered,2025-07-03 09:39:21,2025-07-03 09:56:01.055625,2025-07-03 10:04:29.800000,2025-07-03 10:10:27.400,31.10666666666667,8.479072916666667,29,3,osrm
314,delivered,2025-07-03 09:39:09,2025-07-03 09:55:37.575127,2025-07-03 09:55:37.575127,2025-07-03 09:56:14.200,17.086666666666666,0.0,16,3,osrm
315,delivered,2025-07-03 09:41:24,2025-07-03 09:53:10.179191,2025-07-03 10:09:07.100000,2025-07-03 10:18:01.200,36.62,15.94868015,16,2,osrm
316,delivered,2025-07-03 09:41:16,2025-07-03 09:51:58.545209,2025-07-03 10:00:58.400000,2025-07-03 10:05:08.700,23.878333333333334,8.99757985,26,2,osrm
317,delivered,2025-07-03 09:42:15,2025-07-03 09:51:56.559878,2025-07-03 10:00:13.600000,2025-07-03 10:04:39.800,22.413333333333334,8.284002033333334,27,3,osrm
318,delivered,2025-07-03 09:43:38,2025-07-03 09:48:38.000000,2025-07-03 10:00:58.400000,2025-07-03 10:05:08.700,21.511666666666667,12.34,26,2,osrm
319,delivered,2025-07-03 09:43:29,2025-07-03 09:53:50.233458,2025-07-03 09:55:39.400000,2025-07-03 10:00:18.800,16.83,1.8194423666666668,11,2,osrm
320,delivered,2025-07-03 09:43:30,2025-07-03 09:54:37.979423,2025-07-03 10:00:13.600000,2025-07-03 10:04:39.800,21.163333333333334,5.593676283333334,27,3,osrm
321,delivered,2025-07-03 09:44:28,2025-07-03 09:54:24.075032,2025-07-03 09:55:02.200000,2025-07-03 09:56:07.300,11.655,0.6354161333333334,8,1,osrm
322,delivered,2025-07-03 09:46:01,2025-07-03 09:55:03.341587,2025-07-03 09:55:39.400000,2025-07-03 10:00:18.800,14.296666666666665,0.6009735500000001,11,2,osrm
323,delivered,2025-07-03 09:46:04,2025-07-03 09:57:45.449787,2025-07-03 10:00:13.600000,2025-07-03 10:04:39.800,18.596666666666668,2.469170216666667,27,3,osrm
324,delivered,2025-07-03 09:46:20,2025-07-03 09:57:10.403071,2025-07-03 10:09:07.100000,2025-07-03 10:18:01.200,31.686666666666667,11.944948816666665,16,2,osrm
325,delivered,2025-07-03 09:48:57,2025-07-03 10:01:18.381508,2025-07-03 10:09:47.012778,2025-07-03 10:12:48.200,23.853333333333335,8.477187833333334,1,2,osrm
326,delivered,2025-07-03 09:48:51,2025-07-03 09:57:50.169136,2025-07-03 09:58:35.600000,2025-07-03 10:01:53.600,13.043333333333333,0.7571810666666666,15,1,osrm
327,delivered,2025-07-03 09:49:49,2025-07-03 10:07:24.112581,2025-07-03 10:07:24.112581,2025-07-03 10:14:37.900,24.815,0.0,18,3,osrm
328,delivered,2025-07-03 09:49:57,2025-07-03 10:03:31.008440,2025-07-03 10:04:29.800000,2025-07-03 10:10:27.400,20.506666666666668,0.9798593333333333,29,3,osrm
329,delivered,2025-07-03 09:50:50,2025-07-03 10:02:17.527371,2025-07-03 10:04:29.800000,2025-07-03 10:10:27.400,19.623333333333335,2.2045438166666664,29,3,osrm
330,delivered,2025-07-03 09:50:50,2025-07-03 10:00:25.609219,2025-07-03 10:04:29.900000,2025-07-03 10:06:32.200,15.703333333333335,4.071513016666667,31,1,osrm
331,delivered,2025-07-03 09:50:29,2025-07-03 09:59:31.227172,2025-07-03 10:08:36.900000,2025-07-03 10:14:09.300,23.671666666666667,9.094547133333332,10,1,osrm
332,delivered,2025-07-03 09:51:09,2025-07-03 10:05:27.208892,2025-07-03 10:08:28.200000,2025-07-03 10:13:07.900,21.98166666666667,3.0165184666666667,19,2,osrm
333,delivered,2025-07-03 09:51:22,2025-07-03 10:02:04.596233,2025-07-03 10:14:14.229674,2025-07-03 10:19:34.200,28.203333333333333,12.16055735,26,2,osrm
334,delivered,2025-07-03 09:52:16,2025-07-03 10:04:21.166744,2025-07-03 10:04:21.166744,2025-07-03 10:03:03.600,10.793333333333333,0.0,25,3,osrm
335,delivered,2025-07-03 09:52:43,2025-07-03 10:05:53.548561,2025-07-03 10:09:12.500000,2025-07-03 10:12:24.400,19.69,3.3158573166666665,17,1,osrm
336,delivered,2025-07-03 09:53:31,2025-07-03 10:03:49.523650,2025-07-03 10:08:58.800000,2025-07-03 10:12:20.300,18.821666666666665,5.154605833333333,23,1,osrm
337,delivered,2025-07-03 09:53:59,2025-07-03 10:06:41.184341,2025-07-03 10:08:44.300000,2025-07-03 10:12:17.200,18.303333333333335,2.05192765,5,1,osrm
338,delivered,2025-07-03 09:54:16,2025-07-03 10:00:37.754881,2025-07-03 10:13:32.700000,2025-07-03 10:18:38.100,24.368333333333332,12.915751983333333,34,2,osrm
339,delivered,2025-07-03 09:54:45,2025-07-03 10:03:47.864141,2025-07-03 10:15:18.713653,2025-07-03 10:19:17.600,24.543333333333333,11.514158533333333,12,3,osrm
340,delivered,2025-07-03 09:56:10,2025-07-03 10:02:18.652857,2025-07-03 10:08:03.000000,2025-07-03 10:12:31.100,16.351666666666667,5.73911905,11,2,osrm
341,delivered,2025-07-03 09:56:05,2025-07-03 10:06:47.299232,2025-07-03 10:07:24.112581,2025-07-03 10:14:37.900,18.548333333333336,0.6135558166666667,18,3,osrm
342,delivered,2025-07-03 09:56:40,2025-07-03 10:07:19.362231,2025-07-03 10:15:05.133619,2025-07-03 10:20:14.000,23.566666666666666,7.762856466666666,22,2,osrm
343,delivered,2025-07-03 09:57:48,2025-07-03 10:14:59.213523,2025-07-03 10:16:12.200000,2025-07-03 10:17:56.000,20.133333333333333,1.2164412833333331,20,1,osrm
344,delivered,2025-07-03 09:57:49,2025-07-03 10:07:23.319439,2025-07-03 10:08:28.200000,2025-07-03 10:13:07.900,15.315,1.0813426833333333,19,2,osrm
345,delivered,2025-07-03 09:57:27,2025-07-03 10:09:47.942590,2025-07-03 10:09:47.942590,2025-07-03 10:11:16.500,13.825,0.0,24,1,osrm
346,delivered,2025-07-03 09:57:28,2025-07-03 10:10:37.494324,2025-07-03 10:13:32.700000,2025-07-03 10:18:38.100,21.168333333333333,2.9200946,34,2,osrm
347,delivered,2025-07-03 09:59:00,2025-07-03 10:15:05.133619,2025-07-03 10:15:05.133619,2025-07-03 10:20:14.000,21.233333333333334,0.0,22,2,osrm
348,delivered,2025-07-03 09:59:05,2025-07-03 10:12:20.893978,2025-07-03 10:24:11.900000,2025-07-03 10:29:11.100,30.101666666666667,11.850100366666668,14,2,osrm
349,delivered,2025-07-03 10:00:15,2025-07-03 10:14:22.757279,2025-07-03 10:15:18.713653,2025-07-03 10:19:17.600,19.043333333333333,0.9326062333333333,12,3,osrm
350,delivered,2025-07-03 10:01:57,2025-07-03 10:19:12.754003,2025-07-03 10:20:02.600000,2025-07-03 10:22:54.600,20.959999999999997,0.8307666166666666,7,1,osrm
351,delivered,2025-07-03 10:02:54,2025-07-03 10:09:47.012778,2025-07-03 10:09:47.012778,2025-07-03 10:12:48.200,9.903333333333334,0.0,1,2,osrm
352,delivered,2025-07-03 10:02:55,2025-07-03 10:13:04.582187,2025-07-03 10:15:14.800000,2025-07-03 10:19:00.400,16.09,2.1702968833333336,15,2,osrm
353,delivered,2025-07-03 10:02:29,2025-07-03 10:13:14.526335,2025-07-03 10:15:14.800000,2025-07-03 10:19:00.400,16.523333333333333,2.0045610833333334,15,2,osrm
354,delivered,2025-07-03 10:02:33,2025-07-03 10:14:14.229674,2025-07-03 10:14:14.229674,2025-07-03 10:19:34.200,17.02,0.0,26,2,osrm
355,delivered,2025-07-03 10:02:44,2025-07-03 10:12:43.281544,2025-07-03 10:13:19.400000,2025-07-03 10:18:46.700,16.045,0.6019742666666666,36,1,osrm
356,delivered,2025-07-03 10:03:36,2025-07-03 10:18:40.851424,2025-07-03 10:19:07.100000,2025-07-03 10:22:11.900,18.598333333333336,0.43747626666666667,29,1,osrm
357,delivered,2025-07-03 10:03:26,2025-07-03 10:13:27.592736,2025-07-03 10:16:24.600000,2025-07-03 10:19:10.600,15.743333333333334,2.9501210666666666,35,1,osrm
358,delivered,2025-07-03 10:05:23,2025-07-03 10:15:18.713653,2025-07-03 10:15:18.713653,2025-07-03 10:19:17.600,13.91,0.0,12,3,osrm
359,delivered,2025-07-03 10:06:00,2025-07-03 10:19:15.509731,2025-07-03 10:20:35.000000,2025-07-03 10:25:16.400,19.273333333333333,1.3248378166666666,32,1,osrm
360,delivered,2025-07-03 10:07:15,2025-07-03 10:16:54.519450,2025-07-03 10:18:18.600000,2025-07-03 10:20:57.900,13.715,1.4013425,31,1,osrm
361,delivered,2025-07-03 10:07:36,2025-07-03 10:16:19.910390,2025-07-03 10:19:49.700000,2025-07-03 10:21:27.900,13.865,3.4964935,2,1,osrm
362,delivered,2025-07-03 10:08:09,2025-07-03 10:16:06.815423,2025-07-03 10:18:06.000000,2025-07-03 10:20:51.000,12.7,1.9864096166666667,6,1,osrm
363,delivered,2025-07-03 10:08:16,2025-07-03 10:19:43.683007,2025-07-03 10:24:11.900000,2025-07-03 10:29:11.100,20.918333333333333,4.470283216666667,14,2,osrm
364,delivered,2025-07-03 10:08:47,2025-07-03 10:23:41.113727,2025-07-03 10:24:06.800000,2025-07-03 10:26:07.100,17.334999999999997,0.42810455,11,2,osrm
365,delivered,2025-07-03 10:09:08,2025-07-03 10:23:22.022844,2025-07-03 10:35:25.461546,2025-07-03 10:39:46.400,30.64,12.057311700000001,39,3,osrm
366,delivered,2025-07-03 10:09:39,2025-07-03 10:22:50.714825,2025-07-03 10:23:33.000000,2025-07-03 10:29:16.400,19.623333333333335,0.7047529166666667,25,2,osrm
367,delivered,2025-07-03 10:09:41,2025-07-03 10:21:53.059048,2025-07-03 10:24:06.800000,2025-07-03 10:26:07.100,16.435,2.2290158666666664,11,2,osrm
368,delivered,2025-07-03 10:12:41,2025-07-03 10:22:51.883009,2025-07-03 10:28:36.900000,2025-07-03 10:34:34.000,21.883333333333333,5.750283183333334,16,3,osrm
369,delivered,2025-07-03 10:12:36,2025-07-03 10:24:09.728518,2025-07-03 10:24:09.728518,2025-07-03 10:28:24.000,15.8,0.0,18,1,osrm
370,delivered,2025-07-03 10:13:52,2025-07-03 10:22:02.895768,2025-07-03 10:23:33.000000,2025-07-03 10:29:16.400,15.406666666666666,1.5017372,25,2,osrm
371,delivered,2025-07-03 10:14:14,2025-07-03 10:26:32.941336,2025-07-03 10:29:48.600000,2025-07-03 10:34:41.700,20.461666666666666,3.260977733333333,27,2,osrm
372,delivered,2025-07-03 10:16:33,2025-07-03 10:31:23.317676,2025-07-03 10:37:56.900000,2025-07-03 10:40:15.200,23.703333333333333,6.5597054,12,1,osrm
373,delivered,2025-07-03 10:16:02,2025-07-03 10:23:01.151876,2025-07-03 10:23:03.500000,2025-07-03 10:26:18.900,10.281666666666666,0.0391354,10,1,osrm
374,delivered,2025-07-03 10:17:20,2025-07-03 10:33:07.688239,2025-07-03 10:35:43.000000,2025-07-03 10:39:48.700,22.478333333333335,2.58852935,7,2,osrm
375,delivered,2025-07-03 10:17:48,2025-07-03 10:23:10.696372,2025-07-03 10:26:31.100000,2025-07-03 10:29:45.800,11.963333333333333,3.3400604666666664,40,1,osrm
376,delivered,2025-07-03 10:18:52,2025-07-03 10:28:23.234318,2025-07-03 10:33:43.700000,2025-07-03 10:37:29.700,18.628333333333334,5.3410947,41,2,osrm
377,delivered,2025-07-03 10:18:41,2025-07-03 10:27:17.913788,2025-07-03 10:28:36.900000,2025-07-03 10:34:34.000,15.883333333333333,1.3164368666666666,16,3,osrm
378,delivered,2025-07-03 10:19:58,2025-07-03 10:29:39.310772,2025-07-03 10:29:59.273124,2025-07-03 10:32:19.500,12.358333333333333,0.3327058666666666,36,3,osrm
379,delivered,2025-07-03 10:19:07,2025-07-03 10:29:53.268608,2025-07-03 10:29:53.268608,2025-07-03 10:33:55.800,14.813333333333333,0.0,4,1,osrm
380,delivered,2025-07-03 10:20:11,2025-07-03 10:35:46.239541,2025-07-03 10:38:55.400000,2025-07-03 10:43:33.600,23.376666666666665,3.152674316666667,22,1,osrm
381,delivered,2025-07-03 10:20:46,2025-07-03 10:29:35.170619,2025-07-03 10:29:48.600000,2025-07-03 10:34:41.700,13.928333333333335,0.22382301666666665,27,2,osrm
382,delivered,2025-07-03 10:20:40,2025-07-03 10:29:43.779844,2025-07-03 10:29:43.779844,2025-07-03 10:30:56.000,10.266666666666667,0.0,21,1,osrm
383,delivered,2025-07-03 10:20:23,2025-07-03 10:29:59.273124,2025-07-03 10:29:59.273124,2025-07-03 10:32:19.500,11.941666666666666,0.0,36,3,osrm
384,delivered,2025-07-03 10:21:26,2025-07-03 10:31:36.298455,2025-07-03 10:33:43.700000,2025-07-03 10:37:29.700,16.061666666666667,2.1233590833333333,41,2,osrm
385,delivered,2025-07-03 10:21:47,2025-07-03 10:31:41.091105,2025-07-03 10:35:43.000000,2025-07-03 10:39:48.700,18.028333333333332,4.031814916666667,7,2,osrm
386,delivered,2025-07-03 10:21:45,2025-07-03 10:29:34.667550,2025-07-03 10:29:34.667550,2025-07-03 10:32:11.300,10.438333333333333,0.0,9,1,osrm
387,delivered,2025-07-03 10:22:51,2025-07-03 10:35:25.461546,2025-07-03 10:35:25.461546,2025-07-03 10:39:46.400,16.923333333333332,0.0,39,3,osrm
388,delivered,2025-07-03 10:22:03,2025-07-03 10:33:27.829041,2025-07-03 10:36:15.700000,2025-07-03 10:39:14.100,17.185,2.7978493166666665,6,1,osrm
389,delivered,2025-07-03 10:22:09,2025-07-03 10:36:56.061237,2025-07-03 10:40:08.300000,2025-07-03 10:41:59.900,19.848333333333336,3.2039793833333334,14,1,osrm
390,delivered,2025-07-03 10:23:20,2025-07-03 10:38:50.590139,2025-07-03 10:40:07.200000,2025-07-03 10:44:48.500,21.475,1.2768310166666665,25,1,osrm
391,delivered,2025-07-03 10:23:28,2025-07-03 10:30:36.425767,2025-07-03 10:36:25.600000,2025-07-03 10:39:34.100,16.101666666666667,5.81957055,3,1,osrm
392,delivered,2025-07-03 10:24:07,2025-07-03 10:40:38.558861,2025-07-03 10:42:54.700000,2025-07-03 10:44:52.700,20.761666666666667,2.2690189833333334,16,1,osrm
393,delivered,2025-07-03 10:25:46,2025-07-03 10:39:06.738555,2025-07-03 10:40:13.800000,2025-07-03 10:44:47.300,19.021666666666665,1.1176907500000002,35,1,osrm
394,delivered,2025-07-03 10:25:26,2025-07-03 10:41:02.640274,2025-07-03 10:43:23.400000,2025-07-03 10:49:41.700,24.261666666666667,2.3459954333333335,36,2,osrm
395,delivered,2025-07-03 10:26:57,2025-07-03 10:38:29.328500,2025-07-03 10:54:32.100000,2025-07-03 10:59:42.400,32.75666666666667,16.046191666666665,9,1,osrm
396,delivered,2025-07-03 10:26:55,2025-07-03 10:40:40.297856,2025-07-03 10:54:08.000000,2025-07-03 10:59:15.500,32.34166666666667,13.4617024,21,1,osrm
397,delivered,2025-07-03 10:27:39,2025-07-03 10:41:09.210655,2025-07-03 10:45:28.900000,2025-07-03 10:48:54.100,21.251666666666665,4.32815575,28,1,osrm
398,delivered,2025-07-03 10:27:50,2025-07-03 10:43:40.720141,2025-07-03 10:43:40.720141,2025-07-03 10:46:53.800,19.063333333333333,0.0,31,1,osrm
399,delivered,2025-07-03 10:28:39,2025-07-03 10:38:38.536183,2025-07-03 10:39:35.900000,2025-07-03 10:43:23.300,14.738333333333333,0.9560636166666666,8,1,osrm
400,delivered,2025-07-03 10:29:06,2025-07-03 10:39:07.143043,2025-07-03 10:39:49.400000,2025-07-03 10:43:46.100,14.668333333333333,0.7042826166666667,10,1,osrm
401,delivered,2025-07-03 10:29:57,2025-07-03 10:41:01.245331,2025-07-03 10:43:23.400000,2025-07-03 10:49:41.700,19.745,2.3692444833333335,36,2,osrm
402,delivered,2025-07-03 10:30:40,2025-07-03 10:46:33.232063,2025-07-03 10:49:37.700000,2025-07-03 10:54:02.100,23.368333333333332,3.0744656166666666,41,1,osrm
403,delivered,2025-07-03 10:30:07,2025-07-03 10:46:31.719904,2025-07-03 10:49:35.900000,2025-07-03 10:53:07.800,23.013333333333332,3.0696682666666666,7,1,osrm
404,delivered,2025-07-03 10:31:34,2025-07-03 10:40:04.064338,2025-07-03 10:40:04.064338,2025-07-03 10:41:58.300,10.405,0.0,5,1,osrm
405,delivered,2025-07-03 10:31:36,2025-07-03 10:45:03.487399,2025-07-03 10:50:21.600000,2025-07-03 10:53:57.000,22.35,5.301876683333333,39,1,osrm
406,delivered,2025-07-03 10:32:23,2025-07-03 10:44:09.174541,2025-07-03 10:48:22.000000,2025-07-03 10:50:42.300,18.321666666666665,4.21375765,32,1,osrm
407,delivered,2025-07-03 10:33:42,2025-07-03 10:44:51.930107,2025-07-03 10:45:05.000000,2025-07-03 10:48:05.800,14.396666666666667,0.21783155,15,1,osrm
408,delivered,2025-07-03 10:35:48,2025-07-03 10:49:17.174462,2025-07-03 10:49:17.174462,2025-07-03 10:52:40.300,16.871666666666666,0.0,1,1,osrm
409,delivered,2025-07-03 10:36:23,2025-07-03 10:53:50.320714,2025-07-03 10:54:50.400000,2025-07-03 10:59:30.000,23.116666666666667,1.0013214333333333,23,1,osrm
410,delivered,2025-07-03 10:36:29,2025-07-03 10:50:08.549048,2025-07-03 10:50:08.549048,2025-07-03 10:50:13.300,13.738333333333333,0.0,24,1,osrm
411,delivered,2025-07-03 10:37:35,2025-07-03 10:48:06.754312,2025-07-03 10:58:51.600000,2025-07-03 11:03:55.400,26.34,10.747428133333333,12,1,osrm
412,delivered,2025-07-03 10:37:37,2025-07-03 10:47:38.333088,2025-07-03 10:49:46.100000,2025-07-03 10:54:17.300,16.671666666666667,2.1294485333333335,11,1,osrm
413,delivered,2025-07-03 10:37:26,2025-07-03 10:50:51.697956,2025-07-03 10:55:20.400000,2025-07-03 10:59:03.900,21.631666666666668,4.4783674,4,1,osrm
414,delivered,2025-07-03 10:37:32,2025-07-03 10:50:14.415193,2025-07-03 10:51:44.500000,2025-07-03 10:55:21.000,17.816666666666666,1.50141345,29,1,osrm
415,delivered,2025-07-03 10:38:04,2025-07-03 10:53:23.801316,2025-07-03 10:53:50.800000,2025-07-03 10:55:41.800,17.63,0.4499780666666667,27,1,osrm
416,delivered,2025-07-03 10:40:25,2025-07-03 10:56:33.058842,2025-07-03 10:58:22.800000,2025-07-03 11:02:32.800,22.13,1.8290193,26,1,osrm
417,delivered,2025-07-03 10:42:23,2025-07-03 10:55:05.312280,2025-07-03 10:55:05.312280,2025-07-03 10:59:25.500,17.041666666666668,0.0,37,1,osrm
418,delivered,2025-07-03 10:42:16,2025-07-03 10:56:02.973508,2025-07-03 10:59:25.000000,2025-07-03 11:03:34.800,21.313333333333333,3.3671081999999997,17,1,osrm
419,delivered,2025-07-03 10:44:00,2025-07-03 11:00:58.853567,2025-07-03 11:03:44.400000,2025-07-03 11:07:25.700,23.428333333333335,2.7591072166666666,19,1,osrm
420,delivered,2025-07-03 10:45:46,2025-07-03 11:01:37.832910,2025-07-03 11:04:12.000000,2025-07-03 11:09:03.400,23.290000000000003,2.5694515,8,1,osrm
421,delivered,2025-07-03 10:46:42,2025-07-03 10:55:58.154734,2025-07-03 10:58:51.900000,2025-07-03 11:03:08.800,16.446666666666665,2.895754433333333,20,1,osrm
422,delivered,2025-07-03 10:48:45,2025-07-03 10:56:26.263554,2025-07-03 10:59:13.200000,2025-07-03 11:01:55.800,13.18,2.7822741,15,1,osrm
423,delivered,2025-07-03 10:49:53,2025-07-03 10:57:46.022847,2025-07-03 10:58:48.400000,2025-07-03 11:03:00.800,13.129999999999999,1.0396192166666667,24,1,osrm
424,delivered,2025-07-03 10:52:54,2025-07-03 10:59:36.660156,2025-07-03 11:00:51.700000,2025-07-03 11:04:18.200,11.403333333333334,1.2506640666666666,33,1,osrm
425,delivered,2025-07-03 10:53:10,2025-07-03 11:06:18.467257,2025-07-03 11:09:46.300000,2025-07-03 11:12:16.100,19.101666666666667,3.46387905,41,1,osrm
426,delivered,2025-07-03 10:54:43,2025-07-03 11:02:56.036265,2025-07-03 11:03:38.700000,2025-07-03 11:05:49.000,11.1,0.71106225,35,1,osrm
427,delivered,2025-07-03 10:55:53,2025-07-03 11:09:54.169643,2025-07-03 11:09:54.169643,2025-07-03 11:11:36.200,15.72,0.0,9,1,osrm
428,delivered,2025-07-03 10:56:35,2025-07-03 11:06:05.602495,2025-07-03 11:08:56.100000,2025-07-03 11:11:18.500,14.725,2.841625083333333,4,1,osrm
429,delivered,2025-07-03 10:57:14,2025-07-03 11:12:04.047254,2025-07-03 11:13:38.700000,2025-07-03 11:16:51.300,19.621666666666666,1.5775457666666666,12,1,osrm
430,delivered,2025-07-03 10:58:22,2025-07-03 11:12:13.743713,2025-07-03 11:13:18.300000,2025-07-03 11:16:33.100,18.185,1.0759381166666666,15,1,osrm
431,delivered,2025-07-03 10:59:01,2025-07-03 11:11:27.215677,2025-07-03 11:15:15.300000,2025-07-03 11:19:11.700,20.178333333333335,3.8014053833333334,24,1,osrm
432,delivered,2025-07-03 11:00:49,2025-07-03 11:14:07.918162,2025-07-03 11:14:07.918162,2025-07-03 11:16:10.400,15.356666666666666,0.0,31,1,osrm
433,delivered,2025-07-03 11:00:19,2025-07-03 11:08:24.068420,2025-07-03 11:09:01.400000,2025-07-03 11:13:34.600,13.26,0.622193,21,1,osrm
434,delivered,2025-07-03 11:00:04,2025-07-03 11:05:04.000000,2025-07-03 11:05:04.000000,2025-07-03 11:07:39.900,7.598333333333333,0.0,22,1,osrm
435,delivered,2025-07-03 11:02:26,2025-07-03 11:12:41.693721,2025-07-03 11:13:51.600000,2025-07-03 11:18:39.300,16.221666666666668,1.16510465,17,1,osrm
436,delivered,2025-07-03 11:04:38,2025-07-03 11:17:51.706495,2025-07-03 11:18:23.400000,2025-07-03 11:22:46.800,18.146666666666665,0.5282250833333334,13,1,osrm
437,delivered,2025-07-03 11:04:50,2025-07-03 11:12:48.082204,2025-07-03 11:13:44.400000,2025-07-03 11:15:54.700,11.078333333333335,0.9386299333333333,20,1,osrm
438,delivered,2025-07-03 11:04:08,2025-07-03 11:17:58.287082,2025-07-03 11:18:03.600000,2025-07-03 11:19:43.100,15.585,0.08854863333333333,32,1,osrm
439,delivered,2025-07-03 11:05:34,2025-07-03 11:19:14.214847,2025-07-03 11:24:18.400000,2025-07-03 11:29:01.700,23.461666666666666,5.0697525500000005,14,1,osrm
440,delivered,2025-07-03 11:05:26,2025-07-03 11:17:39.765387,2025-07-03 11:19:02.800000,2025-07-03 11:21:10.800,15.746666666666666,1.3839102166666666,7,1,osrm
441,delivered,2025-07-03 11:06:05,2025-07-03 11:18:44.035156,2025-07-03 11:18:44.035156,2025-07-03 11:22:14.100,16.151666666666667,0.0,22,1,osrm
442,delivered,2025-07-03 11:06:41,2025-07-03 11:18:16.230031,2025-07-03 11:20:14.200000,2025-07-03 11:21:47.900,15.115,1.96616615,23,1,osrm
443,delivered,2025-07-03 11:08:12,2025-07-03 11:20:29.503078,2025-07-03 11:23:37.800000,2025-07-03 11:26:52.300,18.671666666666667,3.138282033333333,10,1,osrm
444,delivered,2025-07-03 11:08:16,2025-07-03 11:16:18.777859,2025-07-03 11:19:18.400000,2025-07-03 11:23:12.100,14.935,2.99370235,3,1,osrm
445,delivered,2025-07-03 11:09:43,2025-07-03 11:24:44.203928,2025-07-03 11:24:47.100000,2025-07-03 11:28:24.900,18.698333333333334,0.04826786666666667,34,1,osrm
446,delivered,2025-07-03 11:09:42,2025-07-03 11:22:35.036486,2025-07-03 11:24:32.900000,2025-07-03 11:27:39.800,17.96333333333333,1.9643918999999999,11,1,osrm
447,delivered,2025-07-03 11:09:29,2025-07-03 11:22:56.991072,2025-07-03 11:23:56.400000,2025-07-03 11:27:07.500,17.641666666666666,0.9901488,21,1,osrm
448,delivered,2025-07-03 11:12:36,2025-07-03 11:22:11.744563,2025-07-03 11:23:23.400000,2025-07-03 11:25:32.600,12.943333333333333,1.1942572833333334,18,1,osrm
449,delivered,2025-07-03 11:16:36,2025-07-03 11:23:58.725827,2025-07-03 11:23:58.725827,2025-07-03 11:27:14.700,10.645000000000001,0.0,29,1,osrm
450,delivered,2025-07-03 11:16:54,2025-07-03 11:32:26.612765,2025-07-03 11:33:20.700000,2025-07-03 11:37:04.700,20.178333333333335,0.9014539166666666,13,1,osrm
451,delivered,2025-07-03 11:17:08,2025-07-03 11:24:32.949003,2025-07-03 11:24:32.949003,2025-07-03 11:27:54.600,10.776666666666667,0.0,33,1,osrm
452,delivered,2025-07-03 11:18:01,2025-07-03 11:28:51.537146,2025-07-03 11:29:31.100000,2025-07-03 11:33:28.600,15.46,0.6593809,26,1,osrm
453,delivered,2025-07-03 11:18:34,2025-07-03 11:30:04.290049,2025-07-03 11:33:01.300000,2025-07-03 11:39:26.600,20.876666666666665,2.95016585,16,1,osrm
454,delivered,2025-07-03 11:20:19,2025-07-03 11:32:54.278158,2025-07-03 11:33:30.400000,2025-07-03 11:37:33.300,17.238333333333333,0.6020307,1,1,osrm
455,delivered,2025-07-03 11:21:19,2025-07-03 11:34:08.246500,2025-07-03 11:35:14.200000,2025-07-03 11:37:17.600,15.976666666666667,1.0992250000000001,31,1,osrm
456,delivered,2025-07-03 11:21:41,2025-07-03 11:33:27.997986,2025-07-03 11:33:49.100000,2025-07-03 11:36:57.000,15.266666666666667,0.35170023333333333,8,1,osrm
457,delivered,2025-07-03 11:21:02,2025-07-03 11:28:34.467550,2025-07-03 11:29:18.000000,2025-07-03 11:30:27.500,9.425,0.7255408333333333,2,1,osrm
458,delivered,2025-07-03 11:21:29,2025-07-03 11:32:29.678620,2025-07-03 11:34:43.000000,2025-07-03 11:36:27.800,14.979999999999999,2.222023,32,1,osrm
459,delivered,2025-07-03 11:22:22,2025-07-03 11:33:56.123918,2025-07-03 11:34:41.800000,2025-07-03 11:37:23.300,15.021666666666667,0.7612680333333334,17,1,osrm
460,delivered,2025-07-03 11:24:50,2025-07-03 11:38:17.169649,2025-07-03 11:39:05.000000,2025-07-03 11:41:20.500,16.508333333333333,0.7971725166666667,29,1,osrm
461,delivered,2025-07-03 11:26:35,2025-07-03 11:39:08.329544,2025-07-03 11:39:08.329544,2025-07-03 11:42:22.100,15.785,0.0,9,1,osrm
462,delivered,2025-07-03 11:26:56,2025-07-03 11:42:10.876237,2025-07-03 11:44:00.200000,2025-07-03 11:46:40.800,19.746666666666666,1.8220627166666667,34,1,osrm
463,delivered,2025-07-03 11:27:34,2025-07-03 11:41:55.872291,2025-07-03 11:44:49.000000,2025-07-03 11:46:18.800,18.746666666666666,2.885461816666667,33,1,osrm
464,delivered,2025-07-03 11:27:00,2025-07-03 11:35:00.702935,2025-07-03 11:35:54.600000,2025-07-03 11:38:09.300,11.155,0.8982844166666666,38,1,osrm
465,delivered,2025-07-03 11:27:18,2025-07-03 11:39:20.635768,2025-07-03 11:39:20.635768,2025-07-03 11:43:27.000,16.15,0.0,35,1,osrm
466,delivered,2025-07-03 11:36:29,2025-07-03 11:49:39.089467,2025-07-03 11:49:39.089467,2025-07-03 11:52:18.000,15.816666666666666,0.0,32,1,osrm
467,delivered,2025-07-03 11:37:27,2025-07-03 11:47:46.283731,2025-07-03 11:48:36.000000,2025-07-03 11:52:33.800,15.113333333333333,0.8286044833333333,16,1,osrm
468,delivered,2025-07-03 11:38:03,2025-07-03 11:54:25.662742,2025-07-03 11:54:25.662742,2025-07-03 11:56:20.800,18.296666666666667,0.0,29,1,osrm
469,delivered,2025-07-03 11:39:19,2025-07-03 11:49:30.610355,2025-07-03 11:49:30.610355,2025-07-03 11:51:53.400,12.573333333333332,0.0,1,1,osrm
470,delivered,2025-07-03 11:39:12,2025-07-03 11:47:10.075161,2025-07-03 11:48:57.800000,2025-07-03 11:52:21.200,13.153333333333334,1.7954139833333334,8,1,osrm
471,delivered,2025-07-03 11:40:28,2025-07-03 11:46:59.066059,2025-07-03 11:49:24.800000,2025-07-03 11:53:00.700,12.545,2.4288990166666666,17,1,osrm
472,delivered,2025-07-03 11:42:21,2025-07-03 11:52:47.786852,2025-07-03 12:10:44.400000,2025-07-03 12:17:19.200,34.97,17.943552466666667,10,1,osrm
473,delivered,2025-07-03 11:42:47,2025-07-03 11:53:14.674117,2025-07-03 11:55:51.000000,2025-07-03 11:57:02.600,14.26,2.6054313833333334,41,1,osrm
474,delivered,2025-07-03 11:43:37,2025-07-03 11:54:20.552013,2025-07-03 11:56:02.000000,2025-07-03 11:57:35.400,13.973333333333333,1.6907997833333333,23,1,osrm
475,delivered,2025-07-03 11:44:38,2025-07-03 11:49:51.349464,2025-07-03 11:49:51.349464,2025-07-03 11:51:57.600,7.326666666666667,0.0,22,1,osrm
476,delivered,2025-07-03 11:46:41,2025-07-03 11:58:35.204818,2025-07-03 12:00:29.600000,2025-07-03 12:05:11.600,18.509999999999998,1.9065863666666667,18,1,osrm
477,delivered,2025-07-03 11:50:26,2025-07-03 12:05:45.597764,2025-07-03 12:09:21.200000,2025-07-03 12:11:56.500,21.508333333333333,3.5933706,38,1,osrm
478,delivered,2025-07-03 11:53:20,2025-07-03 12:03:16.905065,2025-07-03 12:03:45.100000,2025-07-03 12:05:32.600,12.21,0.46991558333333333,1,1,osrm
479,delivered,2025-07-03 11:54:10,2025-07-03 12:07:52.135193,2025-07-03 12:10:41.300000,2025-07-03 12:12:29.500,18.325,2.81941345,27,1,osrm
480,delivered,2025-07-03 11:55:22,2025-07-03 12:05:24.356446,2025-07-03 12:05:57.300000,2025-07-03 12:08:30.500,13.141666666666667,0.5490592333333333,24,1,osrm
481,delivered,2025-07-03 11:56:13,2025-07-03 12:05:39.152784,2025-07-03 12:10:48.700000,2025-07-03 12:14:06.400,17.89,5.159120266666666,33,1,osrm
482,delivered,2025-07-03 11:58:25,2025-07-03 12:14:22.337139,2025-07-03 12:15:51.500000,2025-07-03 12:19:41.800,21.279999999999998,1.4860476833333334,25,1,osrm
483,delivered,2025-07-03 11:58:45,2025-07-03 12:12:51.194645,2025-07-03 12:14:09.900000,2025-07-03 12:16:07.300,17.371666666666666,1.3117559166666666,2,1,osrm
484,delivered,2025-07-03 11:58:54,2025-07-03 12:13:29.938433,2025-07-03 12:14:00.400000,2025-07-03 12:18:39.700,19.761666666666667,0.5076927833333333,36,1,osrm
485,delivered,2025-07-03 11:58:17,2025-07-03 12:17:14.554178,2025-07-03 12:19:59.600000,2025-07-03 12:24:16.600,25.993333333333332,2.7507637,23,1,osrm
486,delivered,2025-07-03 11:59:20,2025-07-03 12:11:18.388775,2025-07-03 12:13:25.600000,2025-07-03 12:15:21.700,16.028333333333332,2.120187083333333,16,1,osrm
487,delivered,2025-07-03 11:59:41,2025-07-03 12:11:36.533025,2025-07-03 12:13:45.100000,2025-07-03 12:14:28.100,14.785,2.142782916666667,40,1,osrm
488,delivered,2025-07-03 11:59:54,2025-07-03 12:12:18.715101,2025-07-03 12:13:48.800000,2025-07-03 12:16:44.200,16.836666666666666,1.5014149833333332,7,1,osrm
489,delivered,2025-07-03 12:00:08,2025-07-03 12:16:26.367940,2025-07-03 12:19:42.900000,2025-07-03 12:22:59.400,22.85666666666667,3.2755343333333333,34,1,osrm
490,delivered,2025-07-03 12:01:28,2025-07-03 12:16:18.039543,2025-07-03 12:19:43.100000,2025-07-03 12:21:59.500,20.525,3.4176742833333336,41,1,osrm
491,delivered,2025-07-03 12:06:08,2025-07-03 12:15:27.485473,2025-07-03 12:15:27.485473,2025-07-03 12:16:37.400,10.49,0.0,20,1,osrm
492,delivered,2025-07-03 12:06:19,2025-07-03 12:15:50.913949,2025-07-03 12:18:48.400000,2025-07-03 12:21:31.300,15.205,2.95810085,37,1,osrm
493,delivered,2025-07-03 12:07:50,2025-07-03 12:20:57.427461,2025-07-03 12:35:04.100000,2025-07-03 12:40:15.200,32.42,14.111208983333334,34,1,osrm
494,delivered,2025-07-03 12:08:24,2025-07-03 12:21:55.198653,2025-07-03 12:25:57.000000,2025-07-03 12:28:20.900,19.948333333333334,4.03002245,14,1,osrm
495,delivered,2025-07-03 12:09:39,2025-07-03 12:23:03.522892,2025-07-03 12:24:00.400000,2025-07-03 12:27:40.600,18.026666666666664,0.9479518,16,1,osrm
496,delivered,2025-07-03 12:10:28,2025-07-03 12:24:06.922593,2025-07-03 12:25:31.400000,2025-07-03 12:29:31.400,19.05666666666667,1.4079567833333333,21,1,osrm
497,delivered,2025-07-03 12:11:08,2025-07-03 12:22:33.657035,2025-07-03 12:24:37.800000,2025-07-03 12:27:16.300,16.138333333333332,2.0690494166666666,33,1,osrm
498,delivered,2025-07-03 12:12:31,2025-07-03 12:26:22.007406,2025-07-03 12:29:35.900000,2025-07-03 12:31:58.200,19.453333333333333,3.2315432333333334,25,1,osrm
499,delivered,2025-07-03 12:13:54,2025-07-03 12:27:50.030569,2025-07-03 12:28:25.600000,2025-07-03 12:30:07.900,16.231666666666666,0.59282385,10,1,osrm
500,delivered,2025-07-03 12:16:50,2025-07-03 12:26:08.987201,2025-07-03 12:29:24.500000,2025-07-03 12:33:15.300,16.421666666666667,3.25854665,30,1,osrm
501,delivered,2025-07-03 12:16:51,2025-07-03 12:25:04.616640,2025-07-03 12:30:26.200000,2025-07-03 12:34:08.800,17.296666666666667,5.359722666666667,24,1,osrm
502,delivered,2025-07-03 12:16:11,2025-07-03 12:28:53.643770,2025-07-03 12:29:04.400000,2025-07-03 12:31:52.600,15.693333333333333,0.1792705,7,1,osrm
503,delivered,2025-07-03 12:17:33,2025-07-03 12:28:19.354175,2025-07-03 12:30:57.000000,2025-07-03 12:34:36.000,17.05,2.627430416666667,29,1,osrm
504,delivered,2025-07-03 12:17:00,2025-07-03 12:24:40.863572,2025-07-03 12:24:40.863572,2025-07-03 12:26:49.100,9.818333333333333,0.0,40,1,osrm
505,delivered,2025-07-03 12:18:22,2025-07-03 12:32:41.398240,2025-07-03 12:34:34.800000,2025-07-03 12:36:58.900,18.615000000000002,1.8900293333333333,18,1,osrm
506,delivered,2025-07-03 12:18:34,2025-07-03 12:31:49.919019,2025-07-03 12:35:38.400000,2025-07-03 12:40:26.500,21.875,3.8080163500000004,37,1,osrm
507,delivered,2025-07-03 12:20:13,2025-07-03 12:36:24.047482,2025-07-03 12:39:31.600000,2025-07-03 12:42:17.100,22.06833333333333,3.1258752999999997,28,1,osrm
508,delivered,2025-07-03 12:21:59,2025-07-03 12:33:49.378055,2025-07-03 12:35:49.200000,2025-07-03 12:38:22.000,16.383333333333333,1.9970324166666666,27,1,osrm
509,delivered,2025-07-03 12:21:20,2025-07-03 12:33:33.607840,2025-07-03 12:33:55.600000,2025-07-03 12:37:21.200,16.02,0.366536,6,1,osrm
510,delivered,2025-07-03 12:22:37,2025-07-03 12:30:17.128296,2025-07-03 12:30:17.128296,2025-07-03 12:31:59.300,9.371666666666666,0.0,2,1,osrm
511,delivered,2025-07-03 12:24:41,2025-07-03 12:40:54.914580,2025-07-03 12:44:43.600000,2025-07-03 12:48:20.200,23.653333333333332,3.8114236666666668,7,1,osrm
512,delivered,2025-07-03 12:25:18,2025-07-03 12:39:08.968625,2025-07-03 12:39:08.968625,2025-07-03 12:43:10.500,17.875,0.0,36,1,osrm
513,delivered,2025-07-03 12:26:12,2025-07-03 12:40:52.824495,2025-07-03 12:43:59.600000,2025-07-03 12:46:10.000,19.966666666666665,3.1129250833333333,23,1,osrm
514,delivered,2025-07-03 12:26:00,2025-07-03 12:37:14.708896,2025-07-03 12:37:47.100000,2025-07-03 12:41:43.800,15.729999999999999,0.5398517333333334,20,1,osrm
515,delivered,2025-07-03 12:27:45,2025-07-03 12:39:33.925098,2025-07-03 12:39:33.925098,2025-07-03 12:42:32.600,14.793333333333333,0.0,8,1,osrm
516,delivered,2025-07-03 12:29:13,2025-07-03 12:42:11.512212,2025-07-03 12:43:40.400000,2025-07-03 12:46:54.600,17.69333333333333,1.4814631333333332,2,1,osrm
517,delivered,2025-07-03 12:29:58,2025-07-03 12:39:40.853125,2025-07-03 12:39:40.853125,2025-07-03 12:41:37.100,11.651666666666667,0.0,33,1,osrm
518,delivered,2025-07-03 12:29:29,2025-07-03 12:39:08.188534,2025-07-03 12:40:10.100000,2025-07-03 12:43:19.900,13.848333333333333,1.0318577666666666,40,1,osrm
519,delivered,2025-07-03 12:30:43,2025-07-03 12:48:41.601803,2025-07-03 12:48:41.601803,2025-07-03 12:52:58.500,22.258333333333333,0.0,1,1,osrm
520,delivered,2025-07-03 12:34:09,2025-07-03 12:47:09.531483,2025-07-03 12:48:31.200000,2025-07-03 12:52:05.600,17.94333333333333,1.36114195,14,1,osrm
521,delivered,2025-07-03 12:34:04,2025-07-03 12:43:58.360008,2025-07-03 12:43:58.360008,2025-07-03 12:45:21.700,11.295,0.0,30,1,osrm
522,delivered,2025-07-03 12:35:58,2025-07-03 12:43:40.130469,2025-07-03 12:44:18.500000,2025-07-03 12:46:33.100,10.585,0.6394921833333334,21,1,osrm
523,delivered,2025-07-03 12:37:15,2025-07-03 12:45:41.345962,2025-07-03 12:49:19.900000,2025-07-03 12:52:31.700,15.278333333333334,3.6425673,37,1,osrm
524,delivered,2025-07-03 12:37:02,2025-07-03 12:49:59.317775,2025-07-03 12:49:59.317775,2025-07-03 12:51:27.700,14.428333333333335,0.0,29,1,osrm
525,delivered,2025-07-03 12:41:07,2025-07-03 12:50:12.470145,2025-07-03 12:50:12.470145,2025-07-03 12:52:07.800,11.013333333333332,0.0,6,1,osrm
526,delivered,2025-07-03 12:41:53,2025-07-03 12:50:35.774745,2025-07-03 12:54:24.000000,2025-07-03 12:56:40.100,14.785,3.80375425,13,1,osrm
527,delivered,2025-07-03 12:41:35,2025-07-03 12:52:54.918722,2025-07-03 12:54:19.700000,2025-07-03 12:56:37.900,15.048333333333334,1.4130213,25,1,osrm
528,delivered,2025-07-03 12:41:37,2025-07-03 12:54:39.346365,2025-07-03 12:55:03.400000,2025-07-03 12:57:44.100,16.118333333333332,0.4008939166666667,11,1,osrm
529,delivered,2025-07-03 12:42:15,2025-07-03 12:58:03.753439,2025-07-03 13:00:03.000000,2025-07-03 13:01:48.800,19.563333333333333,1.9874426833333334,9,1,osrm
530,delivered,2025-07-03 12:42:50,2025-07-03 12:52:19.651263,2025-07-03 12:53:50.900000,2025-07-03 12:57:22.500,14.541666666666666,1.5208122833333335,36,1,osrm
531,delivered,2025-07-03 12:45:18,2025-07-03 12:55:09.777534,2025-07-03 12:56:25.900000,2025-07-03 12:58:28.400,13.173333333333334,1.2687077666666666,33,1,osrm
532,delivered,2025-07-03 12:45:02,2025-07-03 12:58:05.759354,2025-07-03 12:59:11.400000,2025-07-03 13:02:47.600,17.759999999999998,1.0940107666666667,7,1,osrm
533,delivered,2025-07-03 12:46:01,2025-07-03 12:56:30.821643,2025-07-03 13:00:52.500000,2025-07-03 13:03:26.100,17.418333333333333,4.36130595,21,1,osrm
534,delivered,2025-07-03 12:47:47,2025-07-03 13:02:15.011365,2025-07-03 13:05:18.600000,2025-07-03 13:09:13.300,21.438333333333333,3.0598105833333333,27,1,osrm
535,delivered,2025-07-03 12:48:38,2025-07-03 12:59:10.945418,2025-07-03 13:01:57.400000,2025-07-03 13:04:36.700,15.978333333333333,2.774243033333333,2,1,osrm
536,delivered,2025-07-03 12:49:11,2025-07-03 12:57:08.532336,2025-07-03 13:00:26.200000,2025-07-03 13:02:45.800,13.58,3.2944610666666665,23,1,osrm
537,delivered,2025-07-03 12:50:41,2025-07-03 13:00:29.658872,2025-07-03 13:02:40.300000,2025-07-03 13:05:29.000,14.8,2.1773521333333337,20,1,osrm
538,delivered,2025-07-03 12:50:45,2025-07-03 12:58:02.055059,2025-07-03 13:03:42.200000,2025-07-03 13:07:53.400,17.14,5.66908235,14,1,osrm
539,delivered,2025-07-03 12:51:33,2025-07-03 13:01:54.176046,2025-07-03 13:03:34.900000,2025-07-03 13:07:18.200,15.753333333333334,1.6787325666666668,6,1,osrm
540,delivered,2025-07-03 12:56:38,2025-07-03 13:10:01.265264,2025-07-03 13:10:01.265264,2025-07-03 13:13:00.500,16.375,0.0,25,1,osrm
541,delivered,2025-07-03 12:57:06,2025-07-03 13:09:11.976459,2025-07-03 13:09:11.976459,2025-07-03 13:11:18.400,14.206666666666667,0.0,40,1,osrm
542,delivered,2025-07-03 12:58:48,2025-07-03 13:10:23.508476,2025-07-03 13:10:23.508476,2025-07-03 13:11:08.300,12.338333333333333,0.0,30,1,osrm
543,delivered,2025-07-03 13:01:42,2025-07-03 13:09:48.249466,2025-07-03 13:11:19.600000,2025-07-03 13:15:10.900,13.481666666666666,1.5225088999999998,37,1,osrm
544,delivered,2025-07-03 13:01:07,2025-07-03 13:10:46.564257,2025-07-03 13:16:08.900000,2025-07-03 13:19:53.400,18.773333333333333,5.372262383333333,10,1,osrm
545,delivered,2025-07-03 13:03:55,2025-07-03 13:14:41.564085,2025-07-03 13:14:41.564085,2025-07-03 13:17:50.300,13.921666666666665,0.0,20,1,osrm
546,delivered,2025-07-03 13:04:58,2025-07-03 13:17:38.813331,2025-07-03 13:18:26.700000,2025-07-03 13:21:42.900,16.74833333333333,0.79811115,22,1,osrm
547,delivered,2025-07-03 13:04:54,2025-07-03 13:24:25.287361,2025-07-03 13:24:51.200000,2025-07-03 13:27:00.800,22.113333333333333,0.4318773166666666,25,1,osrm
548,delivered,2025-07-03 13:07:23,2025-07-03 13:17:15.636055,2025-07-03 13:19:03.400000,2025-07-03 13:20:33.000,13.166666666666666,1.7960657500000001,6,1,osrm
549,delivered,2025-07-03 13:07:58,2025-07-03 13:22:43.636083,2025-07-03 13:25:47.700000,2025-07-03 13:28:00.900,20.048333333333336,3.06773195,2,1,osrm
550,delivered,2025-07-03 13:10:35,2025-07-03 13:19:03.106523,2025-07-03 13:20:31.500000,2025-07-03 13:24:25.900,13.848333333333333,1.4732246166666667,19,1,osrm
551,delivered,2025-07-03 13:12:52,2025-07-03 13:21:41.176420,2025-07-03 13:26:59.900000,2025-07-03 13:30:15.800,17.396666666666665,5.312059666666667,21,1,osrm
552,delivered,2025-07-03 13:14:51,2025-07-03 13:20:51.542012,2025-07-03 13:25:25.400000,2025-07-03 13:28:03.000,13.2,4.5642998,7,1,osrm
553,delivered,2025-07-03 13:16:42,2025-07-03 13:26:16.490525,2025-07-03 13:31:14.300000,2025-07-03 13:33:40.200,16.970000000000002,4.963491250000001,33,1,osrm
554,delivered,2025-07-03 13:17:03,2025-07-03 13:32:06.141761,2025-07-03 13:33:31.000000,2025-07-03 13:37:05.700,20.045,1.4143039833333333,23,1,osrm
555,delivered,2025-07-03 13:19:10,2025-07-03 13:31:00.935446,2025-07-03 13:35:04.400000,2025-07-03 13:38:04.300,18.904999999999998,4.057742566666667,20,1,osrm
556,delivered,2025-07-03 13:21:43,2025-07-03 13:37:17.430447,2025-07-03 13:40:06.900000,2025-07-03 13:43:55.700,22.211666666666666,2.82449255,9,1,osrm
557,delivered,2025-07-03 13:24:59,2025-07-03 13:35:23.837518,2025-07-03 13:35:23.837518,2025-07-03 13:36:49.000,11.833333333333334,0.0,18,1,osrm
558,delivered,2025-07-03 13:24:06,2025-07-03 13:39:12.569117,2025-07-03 13:39:35.900000,2025-07-03 13:42:30.200,18.403333333333332,0.38884805,16,1,osrm
559,delivered,2025-07-03 13:29:13,2025-07-03 13:39:27.538091,2025-07-03 13:56:07.100000,2025-07-03 14:01:25.700,32.211666666666666,16.65936515,26,1,osrm
560,delivered,2025-07-03 13:31:07,2025-07-03 13:45:41.147220,2025-07-03 13:48:22.800000,2025-07-03 13:51:20.700,20.228333333333335,2.694213,23,1,osrm
561,delivered,2025-07-03 13:32:23,2025-07-03 13:49:11.645307,2025-07-03 13:49:11.645307,2025-07-03 13:50:21.600,17.976666666666667,0.0,25,1,osrm
562,delivered,2025-07-03 13:32:41,2025-07-03 13:43:54.287452,2025-07-03 13:45:29.700000,2025-07-03 13:47:41.800,15.013333333333332,1.5902091333333332,40,1,osrm
563,delivered,2025-07-03 13:32:56,2025-07-03 13:40:47.389686,2025-07-03 13:44:12.000000,2025-07-03 13:46:39.400,13.723333333333333,3.4101719,7,1,osrm
564,delivered,2025-07-03 13:32:16,2025-07-03 13:49:41.118261,2025-07-03 13:51:30.700000,2025-07-03 13:55:12.700,22.945,1.8263623166666667,12,1,osrm
565,delivered,2025-07-03 13:33:59,2025-07-03 13:43:16.754501,2025-07-03 13:44:04.700000,2025-07-03 13:48:29.400,14.506666666666666,0.7990916499999999,41,1,osrm
566,delivered,2025-07-03 13:34:26,2025-07-03 13:44:38.557069,2025-07-03 13:44:59.600000,2025-07-03 13:48:17.100,13.851666666666667,0.35071551666666667,6,1,osrm
567,delivered,2025-07-03 13:34:18,2025-07-03 13:45:16.444602,2025-07-03 13:47:06.400000,2025-07-03 13:49:20.900,15.048333333333334,1.8325899666666667,34,1,osrm
568,delivered,2025-07-03 13:37:47,2025-07-03 13:52:25.998966,2025-07-03 13:54:59.600000,2025-07-03 13:57:30.500,19.725,2.5600172333333333,16,1,osrm
569,delivered,2025-07-03 13:38:56,2025-07-03 13:52:54.444774,2025-07-03 13:54:26.300000,2025-07-03 13:56:11.300,17.255,1.5309204333333333,4,1,osrm
570,delivered,2025-07-03 13:39:17,2025-07-03 13:53:09.328228,2025-07-03 13:53:09.328228,2025-07-03 13:57:09.900,17.881666666666668,0.0,24,1,osrm
571,delivered,2025-07-03 13:41:09,2025-07-03 13:52:14.157211,2025-07-03 13:54:02.900000,2025-07-03 13:58:34.900,17.43166666666667,1.8123798166666667,1,1,osrm
572,delivered,2025-07-03 13:45:23,2025-07-03 13:56:42.686951,2025-07-03 13:58:16.600000,2025-07-03 13:59:45.400,14.373333333333333,1.5652174833333334,29,1,osrm
573,delivered,2025-07-03 13:45:14,2025-07-03 13:59:36.514763,2025-07-03 13:59:36.514763,2025-07-03 14:01:56.400,16.706666666666667,0.0,6,1,osrm
574,delivered,2025-07-03 13:48:12,2025-07-03 14:05:06.609400,2025-07-03 14:20:44.500000,2025-07-03 14:25:59.500,37.791666666666664,15.631509999999999,8,1,osrm
575,delivered,2025-07-03 13:48:03,2025-07-03 13:56:13.198369,2025-07-03 14:00:09.300000,2025-07-03 14:04:25.400,16.37333333333333,3.9350271833333332,8,1,osrm
576,delivered,2025-07-03 13:49:16,2025-07-03 14:04:56.753033,2025-07-03 14:04:56.753033,2025-07-03 14:09:02.300,19.771666666666665,0.0,41,1,osrm
577,delivered,2025-07-03 13:51:41,2025-07-03 14:06:30.283562,2025-07-03 14:11:18.900000,2025-07-03 14:15:11.700,23.511666666666667,4.810273966666667,22,1,osrm
578,delivered,2025-07-03 13:53:48,2025-07-03 14:07:42.947517,2025-07-03 14:11:02.800000,2025-07-03 14:14:46.100,20.96833333333333,3.3308747166666666,29,1,osrm
579,delivered,2025-07-03 13:54:04,2025-07-03 14:03:54.939594,2025-07-03 14:05:44.500000,2025-07-03 14:09:04.600,15.01,1.8260067666666666,19,1,osrm
580,delivered,2025-07-03 13:55:05,2025-07-03 14:07:19.748974,2025-07-03 14:08:04.900000,2025-07-03 14:11:06.900,16.031666666666666,0.7525171,4,1,osrm
581,delivered,2025-07-03 13:56:33,2025-07-03 14:09:40.348134,2025-07-03 14:10:09.700000,2025-07-03 14:12:59.300,16.438333333333333,0.4891977666666667,9,1,osrm
582,delivered,2025-07-03 13:58:47,2025-07-03 14:08:49.378004,2025-07-03 14:08:49.378004,2025-07-03 14:10:39.800,11.879999999999999,0.0,2,1,osrm
583,delivered,2025-07-03 13:58:26,2025-07-03 14:13:56.557419,2025-07-03 14:14:33.000000,2025-07-03 14:16:43.900,18.298333333333336,0.6073763499999999,28,1,osrm
584,delivered,2025-07-03 14:04:42,2025-07-03 14:15:15.758684,2025-07-03 14:23:04.300000,2025-07-03 14:29:23.900,24.698333333333334,7.809021933333333,23,1,osrm
585,delivered,2025-07-03 14:08:18,2025-07-03 14:24:53.690976,2025-07-03 14:24:53.690976,2025-07-03 14:26:50.800,18.546666666666667,0.0,12,1,osrm
586,delivered,2025-07-03 14:10:06,2025-07-03 14:17:35.501749,2025-07-03 14:18:47.000000,2025-07-03 14:23:44.600,13.643333333333334,1.1916375166666666,27,1,osrm
587,delivered,2025-07-03 14:10:43,2025-07-03 14:18:34.974865,2025-07-03 14:20:58.800000,2025-07-03 14:25:10.000,14.45,2.3970855833333333,35,1,osrm
588,delivered,2025-07-03 14:12:51,2025-07-03 14:19:09.064822,2025-07-03 14:19:51.800000,2025-07-03 14:24:30.400,11.656666666666666,0.7122529666666666,34,1,osrm
589,delivered,2025-07-03 14:15:38,2025-07-03 14:29:45.601997,2025-07-03 14:29:45.601997,2025-07-03 14:30:58.700,15.345,0.0,13,1,osrm
590,delivered,2025-07-03 14:15:50,2025-07-03 14:25:06.285889,2025-07-03 14:25:06.285889,2025-07-03 14:25:52.400,10.04,0.0,31,1,osrm
591,delivered,2025-07-03 14:17:21,2025-07-03 14:26:52.214663,2025-07-03 14:31:07.300000,2025-07-03 14:34:58.300,17.621666666666666,4.2514222833333335,40,1,osrm
592,delivered,2025-07-03 14:19:37,2025-07-03 14:34:20.290970,2025-07-03 14:35:28.800000,2025-07-03 14:38:28.700,18.861666666666668,1.1418171666666665,26,1,osrm
593,delivered,2025-07-03 14:19:12,2025-07-03 14:36:23.768507,2025-07-03 14:42:12.400000,2025-07-03 14:45:22.600,26.176666666666666,5.810524883333333,33,1,osrm
594,delivered,2025-07-03 14:20:25,2025-07-03 14:30:08.233675,2025-07-03 14:30:37.000000,2025-07-03 14:32:25.900,12.014999999999999,0.47943874999999997,6,1,osrm
595,delivered,2025-07-03 14:21:50,2025-07-03 14:37:54.672279,2025-07-03 14:40:32.800000,2025-07-03 14:44:36.600,22.776666666666664,2.6354620166666667,12,1,osrm
596,delivered,2025-07-03 14:23:24,2025-07-03 14:37:00.122077,2025-07-03 14:40:32.800000,2025-07-03 14:44:09.300,20.755,3.5446320499999997,3,1,osrm
597,delivered,2025-07-03 14:23:38,2025-07-03 14:35:34.257827,2025-07-03 14:55:34.900000,2025-07-03 15:00:58.000,37.333333333333336,20.010702883333334,40,1,osrm
598,delivered,2025-07-03 14:24:55,2025-07-03 14:33:17.940274,2025-07-03 14:34:35.600000,2025-07-03 14:38:23.800,13.479999999999999,1.2943287666666667,27,1,osrm
599,delivered,2025-07-03 14:26:58,2025-07-03 14:34:42.302479,2025-07-03 14:34:42.302479,2025-07-03 14:36:48.200,9.836666666666668,0.0,24,1,osrm
600,delivered,2025-07-03 14:27:31,2025-07-03 14:39:40.622773,2025-07-03 14:45:28.800000,2025-07-03 14:49:17.500,21.775,5.802953783333334,13,1,osrm
601,delivered,2025-07-03 14:27:11,2025-07-03 14:39:33.170953,2025-07-03 14:40:22.200000,2025-07-03 14:41:59.900,14.815,0.8171507833333334,36,1,osrm
602,delivered,2025-07-03 14:27:12,2025-07-03 14:37:05.584578,2025-07-03 14:37:51.000000,2025-07-03 14:39:35.100,12.385,0.7569237,37,1,osrm
603,delivered,2025-07-03 14:28:57,2025-07-03 14:37:56.481544,2025-07-03 14:43:29.300000,2025-07-03 14:47:47.000,18.833333333333332,5.546974266666667,16,1,osrm
604,delivered,2025-07-03 14:28:54,2025-07-03 14:36:54.845270,2025-07-03 14:38:25.500000,2025-07-03 14:41:07.600,12.226666666666667,1.5109121666666667,25,1,osrm
605,delivered,2025-07-03 14:28:56,2025-07-03 14:41:58.075700,2025-07-03 14:44:02.200000,2025-07-03 14:45:45.900,16.831666666666667,2.0687383333333336,19,1,osrm
606,delivered,2025-07-03 14:29:09,2025-07-03 14:43:08.701620,2025-07-03 14:44:00.900000,2025-07-03 14:46:41.400,17.540000000000003,0.869973,21,1,osrm
607,delivered,2025-07-03 14:29:55,2025-07-03 14:44:02.771796,2025-07-03 14:46:04.900000,2025-07-03 14:47:44.500,17.825,2.0354700666666665,6,1,osrm
608,delivered,2025-07-03 14:32:35,2025-07-03 14:46:23.755191,2025-07-03 14:49:36.900000,2025-07-03 14:52:50.900,20.265,3.2190801500000004,26,1,osrm
609,delivered,2025-07-03 14:33:25,2025-07-03 14:43:45.210306,2025-07-03 14:59:01.700000,2025-07-03 15:05:51.900,32.44833333333334,15.274828233333333,5,1,osrm
610,delivered,2025-07-03 14:34:33,2025-07-03 14:51:19.364400,2025-07-03 14:53:59.500000,2025-07-03 14:56:28.900,21.93166666666667,2.6689266666666667,38,1,osrm
611,delivered,2025-07-03 14:35:47,2025-07-03 14:44:43.536664,2025-07-03 14:49:27.800000,2025-07-03 14:54:12.100,18.418333333333333,4.737722266666666,24,1,osrm
612,delivered,2025-07-03 14:36:40,2025-07-03 14:50:20.730193,2025-07-03 14:50:20.730193,2025-07-03 14:51:05.200,14.42,0.0,22,1,osrm
613,delivered,2025-07-03 14:37:29,2025-07-03 14:48:14.775201,2025-07-03 15:04:01.700000,2025-07-03 15:10:53.300,33.405,15.782079983333334,3,1,osrm
614,delivered,2025-07-03 14:39:09,2025-07-03 14:47:45.950275,2025-07-03 14:47:51.000000,2025-07-03 14:51:05.500,11.941666666666666,0.08416208333333333,27,1,osrm
615,delivered,2025-07-03 14:40:49,2025-07-03 14:50:50.652116,2025-07-03 14:56:12.600000,2025-07-03 15:00:22.900,19.565,5.365798066666667,33,1,osrm
616,delivered,2025-07-03 14:42:18,2025-07-03 14:55:54.530693,2025-07-03 15:00:07.300000,2025-07-03 15:03:23.700,21.095000000000002,4.212821783333333,18,1,osrm
617,delivered,2025-07-03 14:42:15,2025-07-03 14:57:29.176088,2025-07-03 15:14:01.700000,2025-07-03 15:19:52.400,37.623333333333335,16.5420652,18,1,osrm
618,delivered,2025-07-03 14:43:08,2025-07-03 14:56:04.514487,2025-07-03 15:00:34.900000,2025-07-03 15:05:06.200,21.970000000000002,4.506425216666667,7,1,osrm
619,delivered,2025-07-03 14:44:45,2025-07-03 14:49:45.000000,2025-07-03 14:50:44.300000,2025-07-03 14:54:43.700,9.978333333333333,0.9883333333333333,37,1,osrm
620,delivered,2025-07-03 14:46:38,2025-07-03 15:00:48.784243,2025-07-03 15:03:37.400000,2025-07-03 15:07:17.000,20.65,2.810262616666667,28,1,osrm
621,delivered,2025-07-03 14:47:09,2025-07-03 14:52:44.573257,2025-07-03 14:54:28.900000,2025-07-03 14:57:01.700,9.878333333333334,1.73877905,31,1,osrm
622,delivered,2025-07-03 14:47:45,2025-07-03 15:05:30.564589,2025-07-03 15:11:15.200000,2025-07-03 15:14:58.800,27.23,5.7439235166666665,13,1,osrm
623,delivered,2025-07-03 14:48:17,2025-07-03 15:00:54.572020,2025-07-03 15:05:08.000000,2025-07-03 15:08:29.800,20.21333333333333,4.223799666666666,10,1,osrm
624,delivered,2025-07-03 14:49:41,2025-07-03 15:02:06.029395,2025-07-03 15:02:40.600000,2025-07-03 15:05:58.600,16.293333333333333,0.57617675,29,1,osrm
625,delivered,2025-07-03 14:49:25,2025-07-03 15:04:24.488230,2025-07-03 15:04:50.800000,2025-07-03 15:07:02.200,17.62,0.43852949999999996,4,1,osrm
626,delivered,2025-07-03 14:52:34,2025-07-03 15:03:41.596196,2025-07-03 15:03:41.596196,2025-07-03 15:05:44.500,13.175,0.0,1,1,osrm
627,delivered,2025-07-03 14:53:08,2025-07-03 15:04:20.227341,2025-07-03 15:07:26.000000,2025-07-03 15:09:34.500,16.441666666666666,3.0962109833333336,27,1,osrm
628,delivered,2025-07-03 14:53:12,2025-07-03 15:04:01.855765,2025-07-03 15:06:08.100000,2025-07-03 15:09:19.600,16.12666666666667,2.1040705833333333,14,1,osrm
629,delivered,2025-07-03 14:54:16,2025-07-03 15:06:37.831011,2025-07-03 15:09:21.400000,2025-07-03 15:11:58.500,17.708333333333332,2.7261498166666667,23,1,osrm
630,delivered,2025-07-03 14:54:27,2025-07-03 15:06:40.635579,2025-07-03 15:09:51.900000,2025-07-03 15:12:50.400,18.39,3.18774035,33,1,osrm
631,delivered,2025-07-03 14:55:42,2025-07-03 15:08:21.776622,2025-07-03 15:08:21.776622,2025-07-03 15:10:12.000,14.5,0.0,20,1,osrm
632,delivered,2025-07-03 14:56:28,2025-07-03 15:01:28.000000,2025-07-03 15:09:15.600000,2025-07-03 15:13:18.600,16.843333333333334,7.793333333333334,38,1,osrm
633,delivered,2025-07-03 14:56:42,2025-07-03 15:08:23.600493,2025-07-03 15:09:56.600000,2025-07-03 15:13:28.300,16.771666666666665,1.5499917833333332,9,1,osrm
634,delivered,2025-07-03 14:58:29,2025-07-03 15:05:39.973015,2025-07-03 15:10:06.600000,2025-07-03 15:13:14.000,14.75,4.443783083333333,17,1,osrm
635,delivered,2025-07-03 14:58:50,2025-07-03 15:19:00.114959,2025-07-03 15:19:00.114959,2025-07-03 15:21:54.800,23.08,0.0,14,1,osrm
636,delivered,2025-07-03 15:00:00,2025-07-03 15:14:22.150369,2025-07-03 15:14:51.300000,2025-07-03 15:18:12.900,18.215,0.4858271833333333,34,1,osrm
637,delivered,2025-07-03 15:03:54,2025-07-03 15:18:40.603438,2025-07-03 15:18:40.603438,2025-07-03 15:20:23.900,16.49833333333333,0.0,10,1,osrm
638,delivered,2025-07-03 15:03:09,2025-07-03 15:16:33.199694,2025-07-03 15:18:23.100000,2025-07-03 15:21:34.600,18.426666666666666,1.8316717666666666,1,1,osrm
639,delivered,2025-07-03 15:03:15,2025-07-03 15:17:14.610101,2025-07-03 15:18:54.900000,2025-07-03 15:22:04.500,18.825,1.6714983166666668,21,1,osrm
640,delivered,2025-07-03 15:04:45,2025-07-03 15:14:01.774819,2025-07-03 15:14:01.774819,2025-07-03 15:15:27.300,10.705,0.0,37,1,osrm
641,delivered,2025-07-03 15:04:44,2025-07-03 15:19:04.762640,2025-07-03 15:19:04.762640,2025-07-03 15:21:45.300,17.021666666666665,0.0,5,1,osrm
642,delivered,2025-07-03 15:07:38,2025-07-03 15:22:11.304015,2025-07-03 15:23:37.400000,2025-07-03 15:26:29.200,18.853333333333335,1.4349330833333334,2,1,osrm
643,delivered,2025-07-03 15:08:09,2025-07-03 15:20:40.336916,2025-07-03 15:23:27.400000,2025-07-03 15:25:50.700,17.695,2.7843847333333334,9,1,osrm
644,delivered,2025-07-03 15:09:09,2025-07-03 15:23:27.399173,2025-07-03 15:23:52.500000,2025-07-03 15:26:54.200,17.753333333333334,0.41834711666666663,16,1,osrm
645,delivered,2025-07-03 15:15:40,2025-07-03 15:30:50.571461,2025-07-03 15:35:35.300000,2025-07-03 15:37:54.600,22.243333333333332,4.74547565,18,1,osrm
646,delivered,2025-07-03 15:16:40,2025-07-03 15:28:41.824314,2025-07-03 15:29:02.100000,2025-07-03 15:31:21.200,14.686666666666667,0.3379281,41,1,osrm
647,delivered,2025-07-03 15:18:01,2025-07-03 15:26:38.553749,2025-07-03 15:29:33.200000,2025-07-03 15:31:50.500,13.825,2.91077085,22,1,osrm
648,delivered,2025-07-03 15:21:21,2025-07-03 15:35:48.533657,2025-07-03 15:40:45.000000,2025-07-03 15:43:12.900,21.865000000000002,4.941105716666667,9,1,osrm
649,delivered,2025-07-03 15:21:02,2025-07-03 15:37:37.034565,2025-07-03 15:40:00.300000,2025-07-03 15:43:26.000,22.4,2.38775725,2,1,osrm
650,delivered,2025-07-03 15:26:50,2025-07-03 15:35:14.348755,2025-07-03 15:35:14.348755,2025-07-03 15:37:08.400,10.306666666666667,0.0,21,1,osrm
651,delivered,2025-07-03 15:27:50,2025-07-03 15:43:19.941195,2025-07-03 15:43:31.900000,2025-07-03 15:48:01.700,20.195,0.19931341666666666,5,1,osrm
652,delivered,2025-07-03 15:28:07,2025-07-03 15:40:53.884758,2025-07-03 15:46:05.900000,2025-07-03 15:49:08.800,21.029999999999998,5.200254033333334,1,1,osrm
653,delivered,2025-07-03 15:28:43,2025-07-03 15:42:34.045457,2025-07-03 15:46:47.600000,2025-07-03 15:49:33.200,20.836666666666666,4.22590905,13,1,osrm
654,delivered,2025-07-03 15:29:04,2025-07-03 15:43:36.664475,2025-07-03 15:45:12.700000,2025-07-03 15:46:11.700,17.128333333333334,1.6005920833333334,36,1,osrm
655,delivered,2025-07-03 15:29:17,2025-07-03 15:38:05.755379,2025-07-03 15:39:35.600000,2025-07-03 15:43:59.200,14.703333333333335,1.49741035,20,1,osrm
656,delivered,2025-07-03 15:29:45,2025-07-03 15:42:37.840624,2025-07-03 15:44:49.800000,2025-07-03 15:46:13.100,16.468333333333334,2.1993229333333333,41,1,osrm
657,delivered,2025-07-03 15:31:44,2025-07-03 15:46:48.416064,2025-07-03 15:51:05.900000,2025-07-03 15:53:47.300,22.055,4.291398933333334,3,1,osrm
658,delivered,2025-07-03 15:32:53,2025-07-03 15:49:10.123481,2025-07-03 15:50:30.700000,2025-07-03 15:52:41.800,19.813333333333333,1.3429419833333334,18,1,osrm
659,delivered,2025-07-03 15:32:18,2025-07-03 15:46:55.717550,2025-07-03 15:51:47.500000,2025-07-03 15:54:02.100,21.735,4.863040833333333,7,1,osrm
660,delivered,2025-07-03 15:32:32,2025-07-03 15:41:44.174541,2025-07-03 15:46:05.000000,2025-07-03 15:48:54.400,16.37333333333333,4.3470909833333335,22,1,osrm
661,delivered,2025-07-03 15:33:33,2025-07-03 15:46:10.230033,2025-07-03 15:49:53.500000,2025-07-03 15:51:53.500,18.341666666666665,3.7211661166666667,32,1,osrm
662,delivered,2025-07-03 15:35:20,2025-07-03 15:46:35.663631,2025-07-03 16:05:13.900000,2025-07-03 16:10:01.000,34.68333333333333,18.637272816666666,29,1,osrm
663,delivered,2025-07-03 15:36:46,2025-07-03 15:48:57.866623,2025-07-03 15:49:27.600000,2025-07-03 15:55:25.300,18.654999999999998,0.49555628333333335,21,1,osrm
664,delivered,2025-07-03 15:36:29,2025-07-03 15:51:49.951624,2025-07-03 15:53:27.300000,2025-07-03 15:56:19.000,19.833333333333332,1.6224729333333334,40,1,osrm
665,delivered,2025-07-03 15:37:11,2025-07-03 15:44:59.859532,2025-07-03 15:45:44.900000,2025-07-03 15:49:05.000,11.9,0.7506744666666666,8,1,osrm
666,delivered,2025-07-03 15:40:24,2025-07-03 15:53:58.703985,2025-07-03 15:57:05.200000,2025-07-03 15:58:23.500,17.991666666666667,3.1082669166666665,31,1,osrm
667,delivered,2025-07-03 15:40:21,2025-07-03 15:53:41.987781,2025-07-03 16:10:13.400000,2025-07-03 16:13:24.100,33.05166666666666,16.523536983333333,11,4,osrm
668,delivered,2025-07-03 15:41:53,2025-07-03 15:50:58.234341,2025-07-03 15:54:48.200000,2025-07-03 15:57:12.800,15.33,3.832760983333333,11,1,osrm
669,delivered,2025-07-03 15:41:21,2025-07-03 15:56:44.834204,2025-07-03 16:02:57.800000,2025-07-03 16:06:27.200,25.103333333333335,6.2160966,18,1,osrm
670,delivered,2025-07-03 15:41:54,2025-07-03 15:52:08.696589,2025-07-03 16:12:10.716103,2025-07-03 16:14:52.700,32.97833333333333,20.033658566666666,15,2,osrm
671,delivered,2025-07-03 15:42:40,2025-07-03 15:54:48.511107,2025-07-03 16:09:29.700000,2025-07-03 16:14:08.600,31.476666666666667,14.68648155,13,2,osrm
672,delivered,2025-07-03 15:42:27,2025-07-03 15:47:27.000000,2025-07-03 15:50:39.400000,2025-07-03 15:54:42.900,12.264999999999999,3.2066666666666666,35,1,osrm
673,delivered,2025-07-03 15:43:12,2025-07-03 15:58:34.638964,2025-07-03 16:10:13.900000,2025-07-03 16:13:32.000,30.333333333333332,11.654350599999999,36,2,osrm
674,delivered,2025-07-03 15:43:56,2025-07-03 15:55:05.471654,2025-07-03 15:56:29.500000,2025-07-03 15:59:36.900,15.681666666666667,1.4004724333333334,9,1,osrm
675,delivered,2025-07-03 15:44:37,2025-07-03 15:55:40.432230,2025-07-03 16:04:33.200000,2025-07-03 16:07:31.200,22.903333333333332,8.879462833333333,35,1,osrm
676,delivered,2025-07-03 15:45:52,2025-07-03 16:02:16.336635,2025-07-03 16:10:23.500000,2025-07-03 16:17:05.800,31.23,8.119389416666667,9,2,osrm
677,delivered,2025-07-03 15:45:45,2025-07-03 15:51:55.938340,2025-07-03 16:10:23.500000,2025-07-03 16:17:05.800,31.346666666666668,18.459361,9,2,osrm
678,delivered,2025-07-03 15:46:27,2025-07-03 16:01:04.549316,2025-07-03 16:09:13.700000,2025-07-03 16:13:55.400,27.473333333333336,8.1525114,31,1,osrm
679,delivered,2025-07-03 15:46:13,2025-07-03 16:01:24.289479,2025-07-03 16:10:47.800000,2025-07-03 16:15:26.100,29.21833333333333,9.391842016666667,22,2,osrm
680,delivered,2025-07-03 15:47:28,2025-07-03 15:53:28.118618,2025-07-03 16:10:47.800000,2025-07-03 16:15:26.100,27.96833333333333,17.328023033333334,22,2,osrm
681,delivered,2025-07-03 15:48:21,2025-07-03 16:01:09.017167,2025-07-03 16:05:23.500000,2025-07-03 16:07:13.100,18.868333333333332,4.24138055,24,1,osrm
682,delivered,2025-07-03 15:48:22,2025-07-03 15:59:13.322165,2025-07-03 15:59:51.400000,2025-07-03 16:02:55.300,14.555,0.6346305833333333,23,1,osrm
683,delivered,2025-07-03 15:49:02,2025-07-03 15:57:52.055339,2025-07-03 16:14:26.800000,2025-07-03 16:18:38.300,29.605,16.57907768333333,37,1,osrm
684,delivered,2025-07-03 15:49:33,2025-07-03 15:57:39.546639,2025-07-03 16:00:34.100000,2025-07-03 16:03:47.000,14.233333333333333,2.9092226833333332,37,1,osrm
685,delivered,2025-07-03 15:49:32,2025-07-03 16:03:43.561662,2025-07-03 16:10:47.800000,2025-07-03 16:13:25.700,23.895,7.0706389666666665,27,2,osrm
686,delivered,2025-07-03 15:51:02,2025-07-03 16:06:34.427384,2025-07-03 16:10:47.800000,2025-07-03 16:13:25.700,22.395,4.222876933333334,27,2,osrm
687,delivered,2025-07-03 15:52:30,2025-07-03 16:01:06.992631,2025-07-03 16:09:29.700000,2025-07-03 16:14:08.600,21.64333333333333,8.37845615,13,2,osrm
688,delivered,2025-07-03 15:57:24,2025-07-03 16:06:32.810978,2025-07-03 16:10:13.900000,2025-07-03 16:13:32.000,16.133333333333333,3.684817033333333,36,2,osrm
689,delivered,2025-07-03 15:57:41,2025-07-03 16:12:10.716103,2025-07-03 16:12:10.716103,2025-07-03 16:14:52.700,17.195,0.0,15,2,osrm
690,delivered,2025-07-03 15:57:55,2025-07-03 16:17:14.694123,2025-07-03 16:19:37.200000,2025-07-03 16:24:35.300,26.671666666666667,2.37509795,8,2,osrm
691,delivered,2025-07-03 15:58:32,2025-07-03 16:05:49.966277,2025-07-03 16:10:13.400000,2025-07-03 16:13:24.100,14.868333333333334,4.39056205,11,4,osrm
692,delivered,2025-07-03 15:58:53,2025-07-03 16:06:28.156883,2025-07-03 16:14:59.500000,2025-07-03 16:17:18.500,18.425,8.522385283333334,12,1,osrm
693,delivered,2025-07-03 15:59:51,2025-07-03 16:08:33.368552,2025-07-03 16:09:40.400000,2025-07-03 16:12:20.700,12.495000000000001,1.1171908,1,1,osrm
694,delivered,2025-07-03 15:59:09,2025-07-03 16:07:54.179268,2025-07-03 16:10:02.700000,2025-07-03 16:13:47.600,14.643333333333334,2.1420122000000004,10,1,osrm
695,delivered,2025-07-03 15:59:50,2025-07-03 16:15:22.856975,2025-07-03 16:15:22.856975,2025-07-03 16:19:40.700,19.845000000000002,0.0,21,1,osrm
696,delivered,2025-07-03 16:00:10,2025-07-03 16:09:03.002803,2025-07-03 16:09:25.700000,2025-07-03 16:11:21.100,11.185,0.37828661666666663,6,1,osrm
697,delivered,2025-07-03 16:00:06,2025-07-03 16:18:56.427644,2025-07-03 16:19:31.900000,2025-07-03 16:22:26.500,22.341666666666665,0.5912059333333333,40,1,osrm
698,delivered,2025-07-03 16:01:11,2025-07-03 16:14:36.767564,2025-07-03 16:15:08.100000,2025-07-03 16:16:32.000,15.35,0.5222072666666667,3,1,osrm
699,delivered,2025-07-03 16:02:35,2025-07-03 16:17:43.298859,2025-07-03 16:18:40.600000,2025-07-03 16:21:36.000,19.016666666666666,0.9550190166666667,33,1,osrm
700,delivered,2025-07-03 16:02:02,2025-07-03 16:15:58.653590,2025-07-03 16:19:20.100000,2025-07-03 16:21:33.100,19.51833333333333,3.3574401666666662,18,1,osrm
701,delivered,2025-07-03 16:03:41,2025-07-03 16:12:31.842516,2025-07-03 16:15:20.700000,2025-07-03 16:20:19.300,16.638333333333332,2.8142914,5,1,osrm
702,delivered,2025-07-03 16:03:38,2025-07-03 16:11:21.973044,2025-07-03 16:13:49.600000,2025-07-03 16:15:17.300,11.655,2.4604492666666666,34,1,osrm
703,delivered,2025-07-03 16:03:27,2025-07-03 16:18:22.490318,2025-07-03 16:19:03.600000,2025-07-03 16:22:53.800,19.446666666666665,0.6851613666666666,30,1,osrm
704,delivered,2025-07-03 16:04:01,2025-07-03 16:19:47.248976,2025-07-03 16:23:56.100000,2025-07-03 16:28:51.400,24.84,4.1475170666666665,7,1,osrm
705,delivered,2025-07-03 16:05:16,2025-07-03 16:18:37.351649,2025-07-03 16:19:37.200000,2025-07-03 16:24:35.300,19.321666666666665,0.9974725166666667,8,2,osrm
706,delivered,2025-07-03 16:06:33,2025-07-03 16:18:35.666338,2025-07-03 16:39:28.267564,2025-07-03 16:41:19.700,34.77833333333333,20.8766871,2,2,osrm
707,delivered,2025-07-03 16:08:09,2025-07-03 16:20:29.646760,2025-07-03 16:42:36.349727,2025-07-03 16:47:21.800,39.21333333333334,22.111716116666667,9,3,osrm
708,delivered,2025-07-03 16:08:36,2025-07-03 16:21:19.494146,2025-07-03 16:25:20.700000,2025-07-03 16:29:53.000,21.283333333333335,4.020097566666666,27,1,osrm
709,delivered,2025-07-03 16:11:45,2025-07-03 16:19:37.321429,2025-07-03 16:25:19.100000,2025-07-03 16:27:32.800,15.796666666666665,5.696309516666667,13,1,osrm
710,delivered,2025-07-03 16:11:46,2025-07-03 16:23:59.831900,2025-07-03 16:23:59.831900,2025-07-03 16:26:10.500,14.408333333333333,0.0,31,1,osrm
711,delivered,2025-07-03 16:11:01,2025-07-03 16:23:03.969345,2025-07-03 16:23:54.200000,2025-07-03 16:24:53.500,13.875,0.8371775833333334,2,1,osrm
712,delivered,2025-07-03 16:12:28,2025-07-03 16:19:01.197868,2025-07-03 16:23:32.500000,2025-07-03 16:26:13.000,13.75,4.521702199999999,1,1,osrm
713,delivered,2025-07-03 16:12:31,2025-07-03 16:17:31.000000,2025-07-03 16:18:54.200000,2025-07-03 16:21:48.400,9.29,1.3866666666666667,41,1,osrm
714,delivered,2025-07-03 16:13:18,2025-07-03 16:24:32.541301,2025-07-03 16:24:32.541301,2025-07-03 16:25:19.300,12.021666666666667,0.0,6,1,osrm
715,delivered,2025-07-03 16:13:59,2025-07-03 16:19:41.988494,2025-07-03 16:22:38.500000,2025-07-03 16:26:24.800,12.43,2.941858433333333,22,1,osrm
716,delivered,2025-07-03 16:13:21,2025-07-03 16:18:21.000000,2025-07-03 16:19:04.400000,2025-07-03 16:22:11.200,8.836666666666668,0.7233333333333333,4,1,osrm
717,delivered,2025-07-03 16:13:43,2025-07-03 16:20:23.493413,2025-07-03 16:20:23.493413,2025-07-03 16:21:38.000,7.916666666666667,0.0,14,1,osrm
718,delivered,2025-07-03 16:13:39,2025-07-03 16:26:15.668172,2025-07-03 16:35:18.966969,2025-07-03 16:36:27.100,22.801666666666666,9.05497995,4,3,osrm
719,delivered,2025-07-03 16:16:09,2025-07-03 16:28:01.532709,2025-07-03 16:43:57.600000,2025-07-03 16:51:07.300,34.97166666666667,15.93445485,41,3,osrm
720,delivered,2025-07-03 16:17:03,2025-07-03 16:29:18.457702,2025-07-03 16:29:18.457702,2025-07-03 16:29:32.500,12.491666666666667,0.0,24,1,osrm
721,delivered,2025-07-03 16:17:50,2025-07-03 16:35:05.882035,2025-07-03 16:35:05.882035,2025-07-03 16:37:03.200,19.220000000000002,0.0,19,1,osrm
722,delivered,2025-07-03 16:18:15,2025-07-03 16:31:52.694570,2025-07-03 16:33:14.800000,2025-07-03 16:34:29.600,16.243333333333332,1.3684238333333334,36,1,osrm
723,delivered,2025-07-03 16:18:39,2025-07-03 16:35:26.630099,2025-07-03 16:45:00.100000,2025-07-03 16:49:58.200,31.32,9.557831683333335,8,2,osrm
724,delivered,2025-07-03 16:18:25,2025-07-03 16:31:01.292043,2025-07-03 16:55:19.467868,2025-07-03 17:00:36.700,42.195,24.302930416666666,11,4,osrm
725,delivered,2025-07-03 16:19:46,2025-07-03 16:35:05.532121,2025-07-03 16:55:19.467868,2025-07-03 17:00:36.700,40.845,20.23226245,11,4,osrm
726,delivered,2025-07-03 16:19:30,2025-07-03 16:36:22.573264,2025-07-03 16:46:11.704483,2025-07-03 16:52:38.100,33.135,9.81885365,23,3,osrm
727,delivered,2025-07-03 16:19:16,2025-07-03 16:37:26.418370,2025-07-03 16:55:00.000000,2025-07-03 17:00:23.000,41.11666666666667,17.55969383333333,16,2,osrm
728,delivered,2025-07-03 16:20:11,2025-07-03 16:31:31.058609,2025-07-03 16:33:42.400000,2025-07-03 16:35:29.400,15.306666666666667,2.189023183333333,11,1,osrm
729,delivered,2025-07-03 16:21:56,2025-07-03 16:30:12.871491,2025-07-03 16:46:11.704483,2025-07-03 16:52:38.100,30.701666666666664,15.980549866666667,23,3,osrm
730,delivered,2025-07-03 16:21:40,2025-07-03 16:33:51.368750,2025-07-03 16:50:10.059553,2025-07-03 16:58:34.700,36.91166666666666,16.31151338333333,21,4,osrm
731,delivered,2025-07-03 16:22:40,2025-07-03 16:38:52.963372,2025-07-03 16:38:58.400000,2025-07-03 16:44:52.900,22.215,0.09061046666666667,22,2,osrm
732,delivered,2025-07-03 16:22:34,2025-07-03 16:39:28.267564,2025-07-03 16:39:28.267564,2025-07-03 16:41:19.700,18.761666666666667,0.0,2,2,osrm
733,delivered,2025-07-03 16:23:14,2025-07-03 16:35:38.247156,2025-07-03 16:38:58.400000,2025-07-03 16:44:52.900,21.648333333333333,3.335880733333333,22,2,osrm
734,delivered,2025-07-03 16:23:14,2025-07-03 16:36:23.862318,2025-07-03 16:39:11.800000,2025-07-03 16:42:48.700,19.578333333333333,2.7989613666666666,16,1,osrm
735,delivered,2025-07-03 16:24:20,2025-07-03 16:41:17.012451,2025-07-03 16:55:28.440880,2025-07-03 17:02:04.900,37.748333333333335,14.190473816666668,4,4,osrm
736,delivered,2025-07-03 16:24:56,2025-07-03 16:37:29.253040,2025-07-03 16:56:29.990729,2025-07-03 16:58:33.500,33.625,19.012294816666667,14,4,osrm
737,delivered,2025-07-03 16:24:10,2025-07-03 16:38:16.163005,2025-07-03 16:39:20.400000,2025-07-03 16:42:43.400,18.55666666666667,1.0706165833333332,1,1,osrm
738,delivered,2025-07-03 16:24:27,2025-07-03 16:39:20.129356,2025-07-03 16:44:47.100000,2025-07-03 16:50:19.400,25.873333333333335,5.449510733333333,34,2,osrm
739,delivered,2025-07-03 16:24:00,2025-07-03 16:35:18.966969,2025-07-03 16:35:18.966969,2025-07-03 16:36:27.100,12.451666666666666,0.0,4,3,osrm
740,delivered,2025-07-03 16:24:07,2025-07-03 16:33:28.500187,2025-07-03 17:01:24.121309,2025-07-03 16:59:19.200,35.20333333333333,27.9270187,31,4,osrm
741,delivered,2025-07-03 16:24:04,2025-07-03 16:43:44.648792,2025-07-03 16:43:44.648792,2025-07-03 16:49:24.300,25.33833333333333,0.0,32,2,osrm
742,delivered,2025-07-03 16:25:45,2025-07-03 16:35:56.203317,2025-07-03 16:43:15.900000,2025-07-03 16:49:07.900,23.381666666666668,7.32827805,28,2,osrm
743,delivered,2025-07-03 16:26:09,2025-07-03 16:34:50.612517,2025-07-03 16:58:32.078563,2025-07-03 17:04:01.100,37.86833333333333,23.69110076666667,37,3,osrm
744,delivered,2025-07-03 16:26:11,2025-07-03 16:37:23.126747,2025-07-03 16:53:26.500000,2025-07-03 16:56:18.200,30.12,16.05622088333333,26,2,osrm
745,delivered,2025-07-03 16:27:52,2025-07-03 16:40:21.635305,2025-07-03 16:45:00.100000,2025-07-03 16:49:58.200,22.103333333333335,4.6410782500000005,8,2,osrm
746,delivered,2025-07-03 16:27:43,2025-07-03 16:40:37.728208,2025-07-03 16:43:57.600000,2025-07-03 16:51:07.300,23.404999999999998,3.3311965333333333,41,3,osrm
747,delivered,2025-07-03 16:28:36,2025-07-03 16:39:35.347216,2025-07-03 16:43:15.900000,2025-07-03 16:49:07.900,20.53166666666667,3.6758797333333333,28,2,osrm
748,delivered,2025-07-03 16:28:54,2025-07-03 16:42:27.476622,2025-07-03 16:50:10.059553,2025-07-03 16:58:34.700,29.678333333333335,7.709715516666666,21,4,osrm
749,delivered,2025-07-03 16:28:26,2025-07-03 16:45:46.255897,2025-07-03 16:56:36.587373,2025-07-03 16:54:00.200,25.57,10.838857933333333,17,4,osrm
750,delivered,2025-07-03 16:29:33,2025-07-03 16:40:31.437193,2025-07-03 17:01:24.121309,2025-07-03 16:59:19.200,29.77,20.8780686,31,4,osrm
751,delivered,2025-07-03 16:29:31,2025-07-03 16:41:39.100310,2025-07-03 16:43:44.648792,2025-07-03 16:49:24.300,19.888333333333332,2.0924747,32,2,osrm
752,delivered,2025-07-03 16:29:52,2025-07-03 16:46:12.644067,2025-07-03 16:53:26.500000,2025-07-03 16:56:18.200,26.436666666666667,7.230932216666667,26,2,osrm
753,delivered,2025-07-03 16:29:56,2025-07-03 16:38:48.183668,2025-07-03 17:01:18.561919,2025-07-03 17:01:19.400,31.39,22.506304183333334,24,3,osrm
754,delivered,2025-07-03 16:30:17,2025-07-03 16:38:34.072565,2025-07-03 16:42:36.349727,2025-07-03 16:47:21.800,17.08,4.0379527,9,3,osrm
755,delivered,2025-07-03 16:31:23,2025-07-03 16:41:13.187901,2025-07-03 17:05:49.037001,2025-07-03 17:10:56.800,39.56333333333334,24.597485,9,4,osrm
756,delivered,2025-07-03 16:31:38,2025-07-03 16:43:17.114625,2025-07-03 17:01:13.875929,2025-07-03 17:08:41.100,37.05166666666666,17.946021733333335,32,4,osrm
757,delivered,2025-07-03 16:31:24,2025-07-03 16:46:11.704483,2025-07-03 16:46:11.704483,2025-07-03 16:52:38.100,21.235,0.0,23,3,osrm
758,delivered,2025-07-03 16:31:10,2025-07-03 16:38:03.890846,2025-07-03 16:39:48.200000,2025-07-03 16:42:14.700,11.078333333333335,1.7384859000000001,24,1,osrm
759,delivered,2025-07-03 16:33:10,2025-07-03 16:43:04.131834,2025-07-03 16:44:47.100000,2025-07-03 16:50:19.400,17.15666666666667,1.7161361,34,2,osrm
760,delivered,2025-07-03 16:34:05,2025-07-03 16:42:36.349727,2025-07-03 16:42:36.349727,2025-07-03 16:47:21.800,13.28,0.0,9,3,osrm
761,delivered,2025-07-03 16:34:08,2025-07-03 16:41:10.582663,2025-07-03 17:02:20.851282,2025-07-03 17:12:06.100,37.968333333333334,21.171143649999998,34,4,osrm
762,delivered,2025-07-03 16:34:47,2025-07-03 16:42:45.842437,2025-07-03 17:13:00.410405,2025-07-03 17:16:03.600,41.276666666666664,30.242799466666668,10,4,osrm
763,delivered,2025-07-03 16:36:01,2025-07-03 16:50:20.942679,2025-07-03 17:04:43.144335,2025-07-03 17:10:27.100,34.434999999999995,14.370027599999998,33,3,osrm
764,delivered,2025-07-03 16:36:42,2025-07-03 16:49:00.824388,2025-07-03 16:55:00.000000,2025-07-03 17:00:23.000,23.683333333333334,5.9862602,16,2,osrm
765,delivered,2025-07-03 16:36:33,2025-07-03 16:49:02.365225,2025-07-03 17:02:20.851282,2025-07-03 17:12:06.100,35.55166666666666,13.30810095,34,4,osrm
766,delivered,2025-07-03 16:36:55,2025-07-03 16:50:50.431770,2025-07-03 16:55:28.440880,2025-07-03 17:02:04.900,25.165000000000003,4.633485166666667,4,4,osrm
767,delivered,2025-07-03 16:36:34,2025-07-03 16:49:55.909951,2025-07-03 17:03:17.400000,2025-07-03 17:09:16.400,32.70666666666667,13.358167483333334,6,3,osrm
768,delivered,2025-07-03 16:36:55,2025-07-03 16:50:15.269693,2025-07-03 17:05:49.037001,2025-07-03 17:10:56.800,34.03,15.562788466666666,9,4,osrm
769,delivered,2025-07-03 16:37:31,2025-07-03 16:55:28.440880,2025-07-03 16:55:28.440880,2025-07-03 17:02:04.900,24.565,0.0,4,4,osrm
770,delivered,2025-07-03 16:37:52,2025-07-03 16:51:57.690231,2025-07-03 17:09:24.700000,2025-07-03 17:16:12.300,38.33833333333334,17.450162816666666,16,2,osrm
771,delivered,2025-07-03 16:37:44,2025-07-03 16:42:44.000000,2025-07-03 16:43:57.600000,2025-07-03 16:51:07.300,13.388333333333332,1.2266666666666666,41,3,osrm
772,delivered,2025-07-03 16:38:37,2025-07-03 16:52:23.813762,2025-07-03 17:01:13.875929,2025-07-03 17:08:41.100,30.06833333333333,8.83436945,32,4,osrm
773,delivered,2025-07-03 16:38:08,2025-07-03 16:53:09.757969,2025-07-03 17:01:13.875929,2025-07-03 17:08:41.100,30.551666666666666,8.068632666666666,32,4,osrm
774,delivered,2025-07-03 16:39:33,2025-07-03 16:53:06.263258,2025-07-03 17:11:32.502086,2025-07-03 17:19:07.300,39.57166666666667,18.437313800000002,3,4,osrm
775,delivered,2025-07-03 16:39:34,2025-07-03 16:49:41.212665,2025-07-03 16:56:29.990729,2025-07-03 16:58:33.500,18.991666666666667,6.812967733333333,14,4,osrm
776,delivered,2025-07-03 16:39:14,2025-07-03 16:48:00.428311,2025-07-03 17:04:48.200000,2025-07-03 17:10:15.300,31.021666666666665,16.796194816666667,12,3,osrm
777,delivered,2025-07-03 16:40:56,2025-07-03 16:53:04.476403,2025-07-03 17:08:38.000000,2025-07-03 17:16:11.200,35.25333333333333,15.558726616666666,28,3,osrm
778,delivered,2025-07-03 16:40:11,2025-07-03 16:54:18.525756,2025-07-03 16:56:29.990729,2025-07-03 16:58:33.500,18.375,2.191082883333333,14,4,osrm
779,delivered,2025-07-03 16:40:36,2025-07-03 16:55:19.467868,2025-07-03 16:55:19.467868,2025-07-03 17:00:36.700,20.011666666666667,0.0,11,4,osrm
780,delivered,2025-07-03 16:40:26,2025-07-03 16:46:39.610808,2025-07-03 17:07:30.389342,2025-07-03 17:11:42.700,31.278333333333332,20.8463089,20,4,osrm
781,delivered,2025-07-03 16:40:46,2025-07-03 16:53:49.030858,2025-07-03 17:08:51.236651,2025-07-03 17:18:55.900,38.165,15.036763216666666,15,2,osrm
782,delivered,2025-07-03 16:40:36,2025-07-03 16:56:36.587373,2025-07-03 17:01:24.121309,2025-07-03 16:59:19.200,18.720000000000002,4.792232266666667,31,4,osrm
783,delivered,2025-07-03 16:40:30,2025-07-03 16:54:54.676976,2025-07-03 17:04:48.200000,2025-07-03 17:10:15.300,29.755,9.892050399999999,12,3,osrm
784,delivered,2025-07-03 16:40:24,2025-07-03 17:00:23.048131,2025-07-03 17:00:23.048131,2025-07-03 16:56:40.700,16.278333333333332,0.0,13,4,osrm
785,delivered,2025-07-03 16:40:06,2025-07-03 16:49:54.817065,2025-07-03 16:55:19.467868,2025-07-03 17:00:36.700,20.511666666666667,5.410846716666667,11,4,osrm
786,delivered,2025-07-03 16:40:58,2025-07-03 16:49:10.060789,2025-07-03 16:50:10.059553,2025-07-03 16:58:34.700,17.611666666666668,0.9999794000000001,21,4,osrm
787,delivered,2025-07-03 16:41:59,2025-07-03 16:56:45.148708,2025-07-03 17:05:58.900000,2025-07-03 17:08:53.700,26.91166666666667,9.229188200000001,23,1,osrm
788,delivered,2025-07-03 16:41:49,2025-07-03 16:58:32.078563,2025-07-03 16:58:32.078563,2025-07-03 17:04:01.100,22.201666666666664,0.0,37,3,osrm
789,delivered,2025-07-03 16:41:20,2025-07-03 16:50:10.059553,2025-07-03 16:50:10.059553,2025-07-03 16:58:34.700,17.245,0.0,21,4,osrm
790,delivered,2025-07-03 16:41:37,2025-07-03 16:53:45.894632,2025-07-03 17:02:20.851282,2025-07-03 17:12:06.100,30.485,8.582610833333332,34,4,osrm
791,delivered,2025-07-03 16:41:10,2025-07-03 16:53:54.833596,2025-07-03 17:13:03.328983,2025-07-03 17:14:12.800,33.04666666666667,19.141589783333334,13,3,osrm
792,delivered,2025-07-03 16:42:24,2025-07-03 16:55:42.976550,2025-07-03 17:04:43.144335,2025-07-03 17:10:27.100,28.051666666666666,9.002796416666666,33,3,osrm
793,delivered,2025-07-03 16:42:34,2025-07-03 16:58:30.413311,2025-07-03 17:16:58.609954,2025-07-03 17:15:41.100,33.11833333333333,18.46994405,26,3,osrm
794,delivered,2025-07-03 16:42:03,2025-07-03 17:01:24.121309,2025-07-03 17:01:24.121309,2025-07-03 16:59:19.200,17.27,0.0,31,4,osrm
795,delivered,2025-07-03 16:42:07,2025-07-03 16:52:19.647885,2025-07-03 16:58:11.980265,2025-07-03 17:02:57.700,20.845000000000002,5.872206333333334,5,4,osrm
796,delivered,2025-07-03 16:42:53,2025-07-03 16:53:54.707817,2025-07-03 16:58:11.980265,2025-07-03 17:02:57.700,20.078333333333333,4.287874133333333,5,4,osrm
797,delivered,2025-07-03 16:43:22,2025-07-03 16:50:40.322746,2025-07-03 17:08:29.900000,2025-07-03 17:14:04.700,30.711666666666666,17.826287566666668,27,2,osrm
798,delivered,2025-07-03 16:43:46,2025-07-03 16:58:11.980265,2025-07-03 16:58:32.078563,2025-07-03 17:04:01.100,20.251666666666665,0.33497163333333335,37,3,osrm
799,delivered,2025-07-03 16:44:32,2025-07-03 16:53:00.578324,2025-07-03 17:14:26.280235,2025-07-03 17:18:53.000,34.35,21.428365183333334,40,3,osrm
800,delivered,2025-07-03 16:44:20,2025-07-03 16:56:43.714249,2025-07-03 17:08:38.000000,2025-07-03 17:16:11.200,31.853333333333335,11.904762516666667,28,3,osrm
801,delivered,2025-07-03 16:44:00,2025-07-03 16:57:26.827239,2025-07-03 17:01:18.561919,2025-07-03 17:01:19.400,17.323333333333334,3.8622446666666668,24,3,osrm
802,delivered,2025-07-03 16:45:09,2025-07-03 17:01:18.561919,2025-07-03 17:01:18.561919,2025-07-03 17:01:19.400,16.173333333333332,0.0,24,3,osrm
803,delivered,2025-07-03 16:45:53,2025-07-03 16:57:43.287275,2025-07-03 17:17:00.553344,2025-07-03 17:22:06.300,36.22166666666667,19.287767816666666,17,4,osrm
804,delivered,2025-07-03 16:45:46,2025-07-03 16:56:14.769118,2025-07-03 17:11:32.502086,2025-07-03 17:19:07.300,33.355,15.295549466666667,3,4,osrm
805,delivered,2025-07-03 16:45:14,2025-07-03 16:55:14.176089,2025-07-03 17:12:06.574520,2025-07-03 17:17:31.500,32.291666666666664,16.87330718333333,7,4,osrm
806,delivered,2025-07-03 16:45:31,2025-07-03 17:00:34.964146,2025-07-03 17:07:30.389342,2025-07-03 17:11:42.700,26.195,6.923753266666667,20,4,osrm
807,delivered,2025-07-03 16:45:34,2025-07-03 16:56:29.384016,2025-07-03 17:04:35.400000,2025-07-03 17:09:49.200,24.253333333333334,8.1002664,30,4,osrm
808,delivered,2025-07-03 16:45:41,2025-07-03 16:57:51.489542,2025-07-03 17:04:35.400000,2025-07-03 17:09:49.200,24.136666666666667,6.731840966666667,30,4,osrm
809,delivered,2025-07-03 16:46:40,2025-07-03 17:01:02.359042,2025-07-03 17:03:17.400000,2025-07-03 17:09:16.400,22.60666666666667,2.250682633333333,6,3,osrm
810,delivered,2025-07-03 16:46:38,2025-07-03 17:02:40.706797,2025-07-03 17:04:35.400000,2025-07-03 17:09:49.200,23.186666666666667,1.9115533833333334,30,4,osrm
811,delivered,2025-07-03 16:46:24,2025-07-03 17:02:00.186658,2025-07-03 17:23:23.100000,2025-07-03 17:29:01.100,42.61833333333333,21.381889033333334,38,4,osrm
812,delivered,2025-07-03 16:47:38,2025-07-03 16:55:14.528957,2025-07-03 17:16:58.609954,2025-07-03 17:15:41.100,28.051666666666666,21.734683283333332,26,3,osrm
813,delivered,2025-07-03 16:47:54,2025-07-03 16:56:29.990729,2025-07-03 16:56:29.990729,2025-07-03 16:58:33.500,10.658333333333333,0.0,14,4,osrm
814,delivered,2025-07-03 16:48:07,2025-07-03 17:01:13.875929,2025-07-03 17:01:13.875929,2025-07-03 17:08:41.100,20.56833333333333,0.0,32,4,osrm
815,delivered,2025-07-03 16:48:46,2025-07-03 17:02:33.503585,2025-07-03 17:04:48.200000,2025-07-03 17:10:15.300,21.488333333333333,2.24494025,12,3,osrm
816,delivered,2025-07-03 16:48:25,2025-07-03 17:01:16.317110,2025-07-03 17:13:00.410405,2025-07-03 17:16:03.600,27.64333333333333,11.734888250000001,10,4,osrm
817,delivered,2025-07-03 16:48:39,2025-07-03 17:04:43.144335,2025-07-03 17:04:43.144335,2025-07-03 17:10:27.100,21.801666666666666,0.0,33,3,osrm
818,delivered,2025-07-03 16:49:28,2025-07-03 17:06:15.937332,2025-07-03 17:11:32.502086,2025-07-03 17:19:07.300,29.654999999999998,5.276079233333333,3,4,osrm
819,delivered,2025-07-03 16:50:35,2025-07-03 17:02:20.851282,2025-07-03 17:02:20.851282,2025-07-03 17:12:06.100,21.51833333333333,0.0,34,4,osrm
820,delivered,2025-07-03 16:51:38,2025-07-03 17:04:11.643598,2025-07-03 17:20:50.062988,2025-07-03 17:24:22.000,32.733333333333334,16.64032316666667,41,3,osrm
821,delivered,2025-07-03 16:51:47,2025-07-03 17:07:10.466105,2025-07-03 17:29:58.265137,2025-07-03 17:27:11.200,35.40333333333333,22.79665053333333,35,4,osrm
822,delivered,2025-07-03 16:52:27,2025-07-03 17:07:09.479723,2025-07-03 17:09:24.700000,2025-07-03 17:16:12.300,23.755,2.2536712833333334,16,2,osrm
823,delivered,2025-07-03 16:52:05,2025-07-03 17:00:57.313830,2025-07-03 17:27:35.442762,2025-07-03 17:32:08.800,40.06333333333334,26.635482200000002,23,4,osrm
824,delivered,2025-07-03 16:52:02,2025-07-03 16:59:59.860906,2025-07-03 17:13:03.328983,2025-07-03 17:14:12.800,22.18,13.057801283333333,13,3,osrm
825,delivered,2025-07-03 16:53:52,2025-07-03 17:00:22.025307,2025-07-03 17:03:17.400000,2025-07-03 17:09:16.400,15.406666666666666,2.9229115500000002,6,3,osrm
826,delivered,2025-07-03 16:53:52,2025-07-03 17:05:49.037001,2025-07-03 17:05:49.037001,2025-07-03 17:10:56.800,17.08,0.0,9,4,osrm
827,delivered,2025-07-03 16:53:19,2025-07-03 17:03:27.861820,2025-07-03 17:22:55.380211,2025-07-03 17:29:55.000,36.6,19.45863985,8,4,osrm
828,delivered,2025-07-03 16:53:55,2025-07-03 17:03:47.041818,2025-07-03 17:22:53.399958,2025-07-03 17:29:48.200,35.88666666666666,19.105969,18,3,osrm
829,delivered,2025-07-03 16:54:02,2025-07-03 17:01:13.912085,2025-07-03 17:29:58.265137,2025-07-03 17:27:11.200,33.153333333333336,28.73921753333333,35,4,osrm
830,delivered,2025-07-03 16:54:50,2025-07-03 17:06:38.439529,2025-07-03 17:06:38.439529,2025-07-03 17:14:05.800,19.263333333333332,0.0,25,4,osrm
831,delivered,2025-07-03 16:54:21,2025-07-03 17:01:37.691705,2025-07-03 17:05:49.037001,2025-07-03 17:10:56.800,16.596666666666668,4.1890882666666664,9,4,osrm
832,delivered,2025-07-03 16:54:15,2025-07-03 17:02:35.039040,2025-07-03 17:08:29.900000,2025-07-03 17:14:04.700,19.828333333333333,5.914349333333333,27,2,osrm
833,delivered,2025-07-03 16:55:20,2025-07-03 17:06:11.281698,2025-07-03 17:24:29.600000,2025-07-03 17:30:18.000,34.96666666666667,18.305305033333333,9,2,osrm
834,delivered,2025-07-03 16:55:47,2025-07-03 17:09:10.893130,2025-07-03 17:13:00.410405,2025-07-03 17:16:03.600,20.276666666666664,3.825287916666667,10,4,osrm
835,delivered,2025-07-03 16:55:59,2025-07-03 17:08:02.518843,2025-07-03 17:22:04.536658,2025-07-03 17:28:55.200,32.93666666666667,14.03363025,32,4,osrm
836,delivered,2025-07-03 16:55:11,2025-07-03 17:09:15.857968,2025-07-03 17:14:26.280235,2025-07-03 17:18:53.000,23.7,5.17370445,40,3,osrm
837,delivered,2025-07-03 16:56:17,2025-07-03 17:08:01.804193,2025-07-03 17:08:38.000000,2025-07-03 17:16:11.200,19.903333333333332,0.60326345,28,3,osrm
838,delivered,2025-07-03 16:56:13,2025-07-03 17:06:51.639178,2025-07-03 17:24:39.800000,2025-07-03 17:29:50.200,33.62,17.802680366666667,34,2,osrm
839,delivered,2025-07-03 16:56:20,2025-07-03 17:07:16.442866,2025-07-03 17:11:38.900000,2025-07-03 17:13:59.300,17.654999999999998,4.374285566666667,21,1,osrm
840,delivered,2025-07-03 16:56:16,2025-07-03 17:05:26.379648,2025-07-03 17:07:30.389342,2025-07-03 17:11:42.700,15.445,2.066828233333333,20,4,osrm
841,delivered,2025-07-03 16:56:49,2025-07-03 17:08:50.983935,2025-07-03 17:21:28.331737,2025-07-03 17:28:36.600,31.793333333333333,12.622463366666667,14,4,osrm
842,delivered,2025-07-03 16:58:52,2025-07-03 17:14:26.280235,2025-07-03 17:14:26.280235,2025-07-03 17:18:53.000,20.016666666666666,0.0,40,3,osrm
843,delivered,2025-07-03 16:58:48,2025-07-03 17:13:00.410405,2025-07-03 17:13:00.410405,2025-07-03 17:16:03.600,17.259999999999998,0.0,10,4,osrm
844,delivered,2025-07-03 16:58:54,2025-07-03 17:13:03.044114,2025-07-03 17:23:23.100000,2025-07-03 17:29:01.100,30.118333333333332,10.334264766666667,38,4,osrm
845,delivered,2025-07-03 16:58:27,2025-07-03 17:11:32.502086,2025-07-03 17:11:32.502086,2025-07-03 17:19:07.300,20.671666666666667,0.0,3,4,osrm
846,delivered,2025-07-03 16:59:47,2025-07-03 17:12:25.342592,2025-07-03 17:24:29.600000,2025-07-03 17:30:18.000,30.516666666666666,12.070956800000001,9,2,osrm
847,delivered,2025-07-03 16:59:52,2025-07-03 17:12:06.574520,2025-07-03 17:12:06.574520,2025-07-03 17:17:31.500,17.658333333333335,0.0,7,4,osrm
848,delivered,2025-07-03 16:59:26,2025-07-03 17:08:04.677994,2025-07-03 17:15:45.500000,2025-07-03 17:18:40.200,19.236666666666668,7.680366766666666,2,1,osrm
849,delivered,2025-07-03 16:59:00,2025-07-03 17:07:30.389342,2025-07-03 17:07:30.389342,2025-07-03 17:11:42.700,12.711666666666668,0.0,20,4,osrm
850,delivered,2025-07-03 16:59:49,2025-07-03 17:08:51.236651,2025-07-03 17:08:51.236651,2025-07-03 17:18:55.900,19.115000000000002,0.0,15,2,osrm
851,delivered,2025-07-03 17:00:43,2025-07-03 17:15:29.931789,2025-07-03 17:20:50.062988,2025-07-03 17:24:22.000,23.65,5.335519983333333,41,3,osrm
852,delivered,2025-07-03 17:01:52,2025-07-03 17:11:52.410542,2025-07-03 17:12:06.574520,2025-07-03 17:17:31.500,15.658333333333333,0.2360663,7,4,osrm
853,delivered,2025-07-03 17:01:04,2025-07-03 17:14:55.328746,2025-07-03 17:22:55.380211,2025-07-03 17:29:55.000,28.85,8.00085775,8,4,osrm
854,delivered,2025-07-03 17:01:58,2025-07-03 17:10:24.921212,2025-07-03 17:23:34.500000,2025-07-03 17:30:31.700,28.561666666666667,13.159646466666667,36,3,osrm
855,delivered,2025-07-03 17:02:10,2025-07-03 17:13:15.503003,2025-07-03 17:17:00.553344,2025-07-03 17:22:06.300,19.938333333333333,3.7508390166666667,17,4,osrm
856,delivered,2025-07-03 17:02:41,2025-07-03 17:11:38.369942,2025-07-03 17:31:37.000000,2025-07-03 17:37:46.300,35.08833333333334,19.977167633333334,19,3,osrm
857,delivered,2025-07-03 17:02:57,2025-07-03 17:16:58.609954,2025-07-03 17:16:58.609954,2025-07-03 17:15:41.100,12.735000000000001,0.0,26,3,osrm
858,delivered,2025-07-03 17:02:55,2025-07-03 17:20:50.062988,2025-07-03 17:20:50.062988,2025-07-03 17:24:22.000,21.45,0.0,41,3,osrm
859,delivered,2025-07-03 17:02:59,2025-07-03 17:11:08.933828,2025-07-03 17:23:34.500000,2025-07-03 17:30:31.700,27.545,12.426102866666668,36,3,osrm
860,delivered,2025-07-03 17:02:56,2025-07-03 17:15:45.259830,2025-07-03 17:23:23.100000,2025-07-03 17:29:01.100,26.084999999999997,7.6306695,38,4,osrm
861,delivered,2025-07-03 17:03:38,2025-07-03 17:13:03.328983,2025-07-03 17:13:03.328983,2025-07-03 17:14:12.800,10.58,0.0,13,3,osrm
862,delivered,2025-07-03 17:04:40,2025-07-03 17:18:46.002537,2025-07-03 17:24:39.800000,2025-07-03 17:29:50.200,25.17,5.896624383333333,34,2,osrm
863,delivered,2025-07-03 17:04:26,2025-07-03 17:21:28.331737,2025-07-03 17:27:35.442762,2025-07-03 17:32:08.800,27.71333333333333,6.118517083333333,23,4,osrm
864,delivered,2025-07-03 17:05:25,2025-07-03 17:15:46.263703,2025-07-03 17:17:00.553344,2025-07-03 17:22:06.300,16.688333333333333,1.2381606833333334,17,4,osrm
865,delivered,2025-07-03 17:05:52,2025-07-03 17:20:52.128498,2025-07-03 17:39:18.600000,2025-07-03 17:47:14.600,41.376666666666665,18.4411917,3,2,osrm
866,delivered,2025-07-03 17:05:24,2025-07-03 17:17:00.553344,2025-07-03 17:17:00.553344,2025-07-03 17:22:06.300,16.705,0.0,17,4,osrm
867,delivered,2025-07-03 17:06:24,2025-07-03 17:16:09.450882,2025-07-03 17:34:03.600000,2025-07-03 17:43:21.100,36.95166666666667,17.902485300000002,29,4,osrm
868,delivered,2025-07-03 17:06:14,2025-07-03 17:17:01.453056,2025-07-03 17:36:58.800000,2025-07-03 17:44:53.100,38.651666666666664,19.955782399999997,24,3,osrm
869,delivered,2025-07-03 17:06:33,2025-07-03 17:22:04.536658,2025-07-03 17:29:58.265137,2025-07-03 17:27:11.200,20.636666666666667,7.89547465,35,4,osrm
870,delivered,2025-07-03 17:07:56,2025-07-03 17:21:13.014521,2025-07-03 17:45:10.819698,2025-07-03 17:47:35.200,39.65333333333333,23.963419616666666,18,3,osrm
871,delivered,2025-07-03 17:07:06,2025-07-03 17:18:51.631630,2025-07-03 17:23:23.100000,2025-07-03 17:29:01.100,21.918333333333333,4.524472833333333,38,4,osrm
872,delivered,2025-07-03 17:08:38,2025-07-03 17:20:07.129578,2025-07-03 17:22:55.380211,2025-07-03 17:29:55.000,21.283333333333335,2.8041772166666665,8,4,osrm
873,delivered,2025-07-03 17:09:31,2025-07-03 17:19:37.938157,2025-07-03 17:37:39.487336,2025-07-03 17:42:09.200,32.63666666666667,18.025819650000003,17,4,osrm
874,delivered,2025-07-03 17:09:43,2025-07-03 17:23:42.827829,2025-07-03 17:30:16.100000,2025-07-03 17:33:37.600,23.91,6.554536183333334,12,1,osrm
875,delivered,2025-07-03 17:09:08,2025-07-03 17:27:43.124945,2025-07-03 17:45:10.819698,2025-07-03 17:47:35.200,38.45333333333333,17.461579216666667,18,3,osrm
876,delivered,2025-07-03 17:09:04,2025-07-03 17:20:34.390473,2025-07-03 17:23:49.200000,2025-07-03 17:25:03.000,15.983333333333333,3.2468254500000002,25,1,osrm
877,delivered,2025-07-03 17:09:19,2025-07-03 17:18:09.858630,2025-07-03 17:27:35.442762,2025-07-03 17:32:08.800,22.83,9.4264022,23,4,osrm
878,delivered,2025-07-03 17:09:32,2025-07-03 17:22:43.225275,2025-07-03 17:29:02.200000,2025-07-03 17:33:48.500,24.275,6.316245416666666,10,2,osrm
879,delivered,2025-07-03 17:09:14,2025-07-03 17:22:53.399958,2025-07-03 17:22:53.399958,2025-07-03 17:29:48.200,20.57,0.0,18,3,osrm
880,delivered,2025-07-03 17:09:34,2025-07-03 17:24:53.425835,2025-07-03 17:31:37.000000,2025-07-03 17:37:46.300,28.205,6.726236083333333,19,3,osrm
881,delivered,2025-07-03 17:10:43,2025-07-03 17:19:02.205791,2025-07-03 17:26:14.800000,2025-07-03 17:29:59.000,19.266666666666666,7.209903483333333,22,1,osrm
882,delivered,2025-07-03 17:10:00,2025-07-03 17:22:55.380211,2025-07-03 17:22:55.380211,2025-07-03 17:29:55.000,19.916666666666668,0.0,8,4,osrm
883,delivered,2025-07-03 17:10:38,2025-07-03 17:20:03.266767,2025-07-03 17:24:42.100000,2025-07-03 17:27:05.600,16.46,4.64722055,31,1,osrm
884,delivered,2025-07-03 17:11:21,2025-07-03 17:27:35.442762,2025-07-03 17:27:35.442762,2025-07-03 17:32:08.800,20.796666666666667,0.0,23,4,osrm
885,delivered,2025-07-03 17:11:50,2025-07-03 17:26:10.410270,2025-07-03 17:31:37.000000,2025-07-03 17:37:46.300,25.938333333333333,5.443162166666666,19,3,osrm
886,delivered,2025-07-03 17:12:56,2025-07-03 17:24:22.477955,2025-07-03 17:48:06.476366,2025-07-03 17:49:51.500,36.925,23.73330685,2,3,osrm
887,delivered,2025-07-03 17:12:53,2025-07-03 17:21:10.721243,2025-07-03 17:23:34.500000,2025-07-03 17:30:31.700,17.645,2.396312616666667,36,3,osrm
888,delivered,2025-07-03 17:13:09,2025-07-03 17:31:00.886427,2025-07-03 17:39:18.600000,2025-07-03 17:47:14.600,34.093333333333334,8.295226216666666,3,2,osrm
889,delivered,2025-07-03 17:14:06,2025-07-03 17:25:40.187155,2025-07-03 17:34:03.600000,2025-07-03 17:43:21.100,29.251666666666665,8.390214083333333,29,4,osrm
890,delivered,2025-07-03 17:14:48,2025-07-03 17:29:36.086751,2025-07-03 17:29:36.086751,2025-07-03 17:34:59.300,20.188333333333333,0.0,6,3,osrm
891,delivered,2025-07-03 17:14:59,2025-07-03 17:21:07.582959,2025-07-03 17:38:43.800000,2025-07-03 17:46:43.300,31.738333333333333,17.60361735,32,3,osrm
892,delivered,2025-07-03 17:14:15,2025-07-03 17:26:40.886730,2025-07-03 17:37:39.487336,2025-07-03 17:42:09.200,27.903333333333332,10.976676766666666,17,4,osrm
893,delivered,2025-07-03 17:14:51,2025-07-03 17:29:15.311019,2025-07-03 17:33:50.300000,2025-07-03 17:37:53.600,23.043333333333333,4.583149683333334,39,1,osrm
894,delivered,2025-07-03 17:14:34,2025-07-03 17:19:57.392398,2025-07-03 17:35:26.300000,2025-07-03 17:45:14.200,30.67,15.481793366666667,13,4,osrm
895,delivered,2025-07-03 17:14:21,2025-07-03 17:27:12.805792,2025-07-03 17:31:02.600000,2025-07-03 17:34:25.300,20.071666666666665,3.8299034666666665,26,1,osrm
896,delivered,2025-07-03 17:14:03,2025-07-03 17:29:58.265137,2025-07-03 17:29:58.265137,2025-07-03 17:27:11.200,13.136666666666667,0.0,35,4,osrm
897,delivered,2025-07-03 17:15:34,2025-07-03 17:23:04.484204,2025-07-03 17:36:58.800000,2025-07-03 17:44:53.100,29.31833333333333,13.905263266666667,24,3,osrm
898,delivered,2025-07-03 17:15:37,2025-07-03 17:27:14.400254,2025-07-03 17:29:02.200000,2025-07-03 17:33:48.500,18.191666666666666,1.7966624333333334,10,2,osrm
899,delivered,2025-07-03 17:16:04,2025-07-03 17:27:01.123824,2025-07-03 17:44:28.000000,2025-07-03 17:50:21.600,34.29333333333333,17.447936266666666,26,3,osrm
900,delivered,2025-07-03 17:16:22,2025-07-03 17:26:27.435496,2025-07-03 17:29:36.086751,2025-07-03 17:34:59.300,18.621666666666666,3.1441875833333333,6,3,osrm
901,delivered,2025-07-03 17:16:12,2025-07-03 17:26:17.957584,2025-07-03 17:36:58.800000,2025-07-03 17:44:53.100,28.685,10.680706933333333,24,3,osrm
902,delivered,2025-07-03 17:16:06,2025-07-03 17:25:21.957355,2025-07-03 17:34:03.600000,2025-07-03 17:43:21.100,27.251666666666665,8.694044083333333,29,4,osrm
903,delivered,2025-07-03 17:17:18,2025-07-03 17:26:57.429757,2025-07-03 17:49:18.391876,2025-07-03 17:50:02.100,32.735,22.34936865,27,3,osrm
904,delivered,2025-07-03 17:18:05,2025-07-03 17:29:53.688581,2025-07-03 17:35:42.900000,2025-07-03 17:40:07.300,22.038333333333334,5.820190316666666,4,1,osrm
905,delivered,2025-07-03 17:18:30,2025-07-03 17:30:44.348807,2025-07-03 17:35:26.300000,2025-07-03 17:45:14.200,26.736666666666668,4.699186549999999,13,4,osrm
906,delivered,2025-07-03 17:18:48,2025-07-03 17:26:43.395800,2025-07-03 17:39:40.800000,2025-07-03 17:44:51.900,26.065,12.956736666666666,22,2,osrm
907,delivered,2025-07-03 17:20:05,2025-07-03 17:30:14.832379,2025-07-03 17:38:43.800000,2025-07-03 17:46:43.300,26.638333333333332,8.482793683333334,32,3,osrm
908,delivered,2025-07-03 17:20:45,2025-07-03 17:33:03.252731,2025-07-03 17:39:13.700000,2025-07-03 17:43:32.400,22.790000000000003,6.17412115,20,3,osrm
909,delivered,2025-07-03 17:21:59,2025-07-03 17:37:37.709489,2025-07-03 17:38:43.800000,2025-07-03 17:46:43.300,24.738333333333333,1.1015085166666667,32,3,osrm
910,delivered,2025-07-03 17:21:11,2025-07-03 17:36:51.797876,2025-07-03 17:39:40.800000,2025-07-03 17:44:51.900,23.68166666666667,2.8167020666666667,22,2,osrm
911,delivered,2025-07-03 17:22:54,2025-07-03 17:34:48.905430,2025-07-03 17:48:32.399555,2025-07-03 17:54:01.900,31.131666666666668,13.724902083333335,9,4,osrm
912,delivered,2025-07-03 17:22:58,2025-07-03 17:35:18.920458,2025-07-03 17:48:06.476366,2025-07-03 17:49:51.500,26.891666666666666,12.792598466666668,2,3,osrm
913,delivered,2025-07-03 17:23:23,2025-07-03 17:31:04.373583,2025-07-03 17:39:13.700000,2025-07-03 17:43:32.400,20.15666666666667,8.155440283333332,20,3,osrm
914,delivered,2025-07-03 17:23:03,2025-07-03 17:35:16.730008,2025-07-03 17:37:39.487336,2025-07-03 17:42:09.200,19.103333333333335,2.3792888,17,4,osrm
915,delivered,2025-07-03 17:23:49,2025-07-03 17:30:04.328633,2025-07-03 17:36:35.400000,2025-07-03 17:38:10.100,14.351666666666667,6.517856116666667,1,1,osrm
916,delivered,2025-07-03 17:24:02,2025-07-03 17:34:51.523779,2025-07-03 17:55:23.703696,2025-07-03 17:52:37.600,28.59333333333333,20.536331949999997,5,4,osrm
917,delivered,2025-07-03 17:25:30,2025-07-03 17:33:31.082966,2025-07-03 17:51:34.568640,2025-07-03 17:57:19.700,31.828333333333333,18.058094566666668,35,3,osrm
918,delivered,2025-07-03 17:25:19,2025-07-03 17:34:59.892498,2025-07-03 17:35:26.300000,2025-07-03 17:45:14.200,19.92,0.44012503333333336,13,4,osrm
919,delivered,2025-07-03 17:25:14,2025-07-03 17:37:38.632481,2025-07-03 17:48:43.600000,2025-07-03 17:51:01.900,25.798333333333336,11.082791983333333,7,1,osrm
920,delivered,2025-07-03 17:26:27,2025-07-03 17:39:04.150097,2025-07-03 17:39:13.700000,2025-07-03 17:43:32.400,17.09,0.15916505,20,3,osrm
921,delivered,2025-07-03 17:26:32,2025-07-03 17:42:20.240236,2025-07-03 17:51:34.568640,2025-07-03 17:57:19.700,30.795,9.238806733333332,35,3,osrm
922,delivered,2025-07-03 17:27:08,2025-07-03 17:39:47.371495,2025-07-03 17:39:50.400000,2025-07-03 17:43:48.300,16.671666666666667,0.05047508333333333,16,1,osrm
923,delivered,2025-07-03 17:27:08,2025-07-03 17:37:34.032338,2025-07-03 17:44:28.000000,2025-07-03 17:50:21.600,23.226666666666667,6.899461033333334,26,3,osrm
924,delivered,2025-07-03 17:27:57,2025-07-03 17:41:52.081027,2025-07-03 17:44:28.000000,2025-07-03 17:50:21.600,22.41,2.5986495499999998,26,3,osrm
925,delivered,2025-07-03 17:27:38,2025-07-03 17:34:33.075028,2025-07-03 17:44:45.681136,2025-07-03 17:50:24.500,22.775,10.210101799999999,12,4,osrm
926,delivered,2025-07-03 17:27:42,2025-07-03 17:44:45.681136,2025-07-03 17:44:45.681136,2025-07-03 17:50:24.500,22.708333333333332,0.0,12,4,osrm
927,delivered,2025-07-03 17:28:50,2025-07-03 17:34:19.615150,2025-07-03 17:55:23.703696,2025-07-03 17:52:37.600,23.793333333333333,21.068142433333332,5,4,osrm
928,delivered,2025-07-03 17:29:11,2025-07-03 17:43:09.428386,2025-07-03 17:45:38.700000,2025-07-03 17:49:09.400,19.973333333333336,2.4878602333333335,36,1,osrm
929,delivered,2025-07-03 17:29:02,2025-07-03 17:42:38.856076,2025-07-03 17:44:45.681136,2025-07-03 17:50:24.500,21.375,2.1137509999999997,12,4,osrm
930,delivered,2025-07-03 17:29:24,2025-07-03 17:39:36.379212,2025-07-03 17:39:36.379212,2025-07-03 17:41:47.600,12.393333333333334,0.0,34,1,osrm
931,delivered,2025-07-03 17:30:05,2025-07-03 17:40:42.014628,2025-07-03 17:48:32.399555,2025-07-03 17:54:01.900,23.948333333333334,7.8397487833333335,9,4,osrm
932,delivered,2025-07-03 17:30:12,2025-07-03 17:37:39.487336,2025-07-03 17:37:39.487336,2025-07-03 17:42:09.200,11.953333333333335,0.0,17,4,osrm
933,delivered,2025-07-03 17:30:15,2025-07-03 17:42:32.401650,2025-07-03 17:44:45.681136,2025-07-03 17:50:24.500,20.158333333333335,2.2213247666666667,12,4,osrm
934,delivered,2025-07-03 17:30:08,2025-07-03 17:43:43.567940,2025-07-03 17:55:12.080742,2025-07-03 18:00:01.300,29.888333333333332,11.475213366666667,29,2,osrm
935,delivered,2025-07-03 17:31:09,2025-07-03 17:41:28.464151,2025-07-03 18:00:16.045708,2025-07-03 18:01:28.100,30.31833333333333,18.79302595,12,2,osrm
936,delivered,2025-07-03 17:31:56,2025-07-03 17:45:10.819698,2025-07-03 17:45:10.819698,2025-07-03 17:47:35.200,15.653333333333334,0.0,18,3,osrm
937,delivered,2025-07-03 17:34:05,2025-07-03 17:48:06.476366,2025-07-03 17:48:06.476366,2025-07-03 17:49:51.500,15.775,0.0,2,3,osrm
938,delivered,2025-07-03 17:34:15,2025-07-03 17:43:53.623594,2025-07-03 17:53:52.000000,2025-07-03 17:57:03.500,22.808333333333334,9.972940099999999,41,1,osrm
939,delivered,2025-07-03 17:34:45,2025-07-03 17:49:16.635303,2025-07-03 17:49:18.391876,2025-07-03 17:50:02.100,15.285,0.029276216666666667,27,3,osrm
940,delivered,2025-07-03 17:35:12,2025-07-03 17:48:32.399555,2025-07-03 17:48:32.399555,2025-07-03 17:54:01.900,18.831666666666667,0.0,9,4,osrm
941,delivered,2025-07-03 17:36:14,2025-07-03 17:48:24.832273,2025-07-03 17:48:35.600000,2025-07-03 17:54:12.300,17.971666666666668,0.17946211666666667,1,2,osrm
942,delivered,2025-07-03 17:37:18,2025-07-03 17:51:34.568640,2025-07-03 17:51:34.568640,2025-07-03 17:57:19.700,20.028333333333332,0.0,35,3,osrm
943,delivered,2025-07-03 17:39:44,2025-07-03 17:52:38.066249,2025-07-03 17:53:46.900000,2025-07-03 17:58:37.400,18.89,1.1472291833333335,23,2,osrm
944,delivered,2025-07-03 17:39:53,2025-07-03 17:49:39.769589,2025-07-03 17:59:35.800000,2025-07-03 18:05:06.800,25.23,9.933840183333333,25,3,osrm
945,delivered,2025-07-03 17:39:17,2025-07-03 17:49:18.391876,2025-07-03 17:49:18.391876,2025-07-03 17:50:02.100,10.751666666666667,0.0,27,3,osrm
946,delivered,2025-07-03 17:39:49,2025-07-03 17:52:27.165153,2025-07-03 17:53:02.500000,2025-07-03 18:00:19.000,20.5,0.5889141166666667,16,1,osrm
947,delivered,2025-07-03 17:40:26,2025-07-03 17:55:43.072257,2025-07-03 18:03:05.700000,2025-07-03 18:09:27.400,29.023333333333333,7.37712905,14,2,osrm
948,delivered,2025-07-03 17:40:43,2025-07-03 17:53:13.026533,2025-07-03 17:53:37.400000,2025-07-03 17:55:57.300,15.238333333333333,0.40622445,15,1,osrm
949,delivered,2025-07-03 17:40:44,2025-07-03 17:51:30.740862,2025-07-03 17:53:46.900000,2025-07-03 17:58:37.400,17.89,2.269318966666667,23,2,osrm
950,delivered,2025-07-03 17:40:28,2025-07-03 17:52:33.129476,2025-07-03 18:09:27.762296,2025-07-03 18:16:42.400,36.24,16.910547,29,2,osrm
951,delivered,2025-07-03 17:40:54,2025-07-03 17:49:19.751370,2025-07-03 17:55:23.703696,2025-07-03 17:52:37.600,11.726666666666667,6.065872100000001,5,4,osrm
952,delivered,2025-07-03 17:40:00,2025-07-03 17:55:23.703696,2025-07-03 17:55:23.703696,2025-07-03 17:52:37.600,12.626666666666667,0.0,5,4,osrm
953,delivered,2025-07-03 17:41:27,2025-07-03 17:57:38.940067,2025-07-03 17:59:26.900000,2025-07-03 18:02:43.100,21.26833333333333,1.7993322166666668,13,1,osrm
954,delivered,2025-07-03 17:41:16,2025-07-03 17:58:13.468917,2025-07-03 18:03:05.700000,2025-07-03 18:09:27.400,28.19,4.87051805,14,2,osrm
955,delivered,2025-07-03 17:42:20,2025-07-03 17:56:56.786756,2025-07-03 18:03:56.051630,2025-07-03 18:09:56.200,27.603333333333335,6.9877479000000005,1,3,osrm
956,delivered,2025-07-03 17:42:20,2025-07-03 17:52:15.164464,2025-07-03 18:14:08.022785,2025-07-03 18:14:18.600,31.976666666666667,21.880972016666664,16,3,osrm
957,delivered,2025-07-03 17:43:39,2025-07-03 17:55:12.080742,2025-07-03 17:55:12.080742,2025-07-03 18:00:01.300,16.371666666666666,0.0,29,2,osrm
958,delivered,2025-07-03 17:43:45,2025-07-03 17:54:29.970704,2025-07-03 17:55:49.200000,2025-07-03 17:58:11.900,14.448333333333332,1.3204882666666669,34,1,osrm
959,delivered,2025-07-03 17:44:14,2025-07-03 17:57:27.501680,2025-07-03 18:03:56.051630,2025-07-03 18:09:56.200,25.703333333333333,6.4758325,1,3,osrm
960,delivered,2025-07-03 17:44:18,2025-07-03 18:00:16.045708,2025-07-03 18:00:16.045708,2025-07-03 18:01:28.100,17.168333333333333,0.0,12,2,osrm
961,delivered,2025-07-03 17:45:14,2025-07-03 17:50:14.000000,2025-07-03 18:07:39.300000,2025-07-03 18:16:04.800,30.846666666666668,17.421666666666667,17,2,osrm
962,delivered,2025-07-03 17:45:53,2025-07-03 17:59:02.398233,2025-07-03 17:59:35.800000,2025-07-03 18:05:06.800,19.23,0.5566961166666666,25,3,osrm
963,delivered,2025-07-03 17:45:08,2025-07-03 17:57:48.581819,2025-07-03 18:08:05.700000,2025-07-03 18:12:49.400,27.69,10.285303016666667,3,3,osrm
964,delivered,2025-07-03 17:46:54,2025-07-03 17:59:40.034781,2025-07-03 18:08:05.700000,2025-07-03 18:12:49.400,25.923333333333336,8.42775365,3,3,osrm
965,delivered,2025-07-03 17:47:17,2025-07-03 18:01:12.023075,2025-07-03 18:04:09.200000,2025-07-03 18:05:32.600,18.259999999999998,2.95294875,30,1,osrm
966,delivered,2025-07-03 17:47:46,2025-07-03 17:57:05.477866,2025-07-03 18:08:21.900000,2025-07-03 18:14:15.200,26.486666666666668,11.273702233333333,23,4,osrm
967,delivered,2025-07-03 17:49:33,2025-07-03 18:04:17.242664,2025-07-03 18:14:32.800000,2025-07-03 18:20:05.600,30.543333333333333,10.259288933333332,2,2,osrm
968,delivered,2025-07-03 17:50:01,2025-07-03 18:02:54.257150,2025-07-03 18:13:55.200000,2025-07-03 18:20:11.000,30.166666666666668,11.015714166666667,4,2,osrm
969,delivered,2025-07-03 17:52:37,2025-07-03 18:03:56.051630,2025-07-03 18:03:56.051630,2025-07-03 18:09:56.200,17.32,0.0,1,3,osrm
970,delivered,2025-07-03 17:53:28,2025-07-03 18:05:27.242421,2025-07-03 18:14:32.400000,2025-07-03 18:19:12.600,25.743333333333332,9.085959650000001,11,2,osrm
971,delivered,2025-07-03 17:54:55,2025-07-03 18:05:33.225489,2025-07-03 18:08:21.900000,2025-07-03 18:14:15.200,19.336666666666666,2.81124185,23,4,osrm
972,delivered,2025-07-03 17:54:20,2025-07-03 18:06:31.813505,2025-07-03 18:07:39.300000,2025-07-03 18:16:04.800,21.746666666666666,1.1247749166666667,17,2,osrm
973,delivered,2025-07-03 17:55:17,2025-07-03 18:08:57.164915,2025-07-03 18:09:38.600000,2025-07-03 18:13:54.200,18.62,0.69058475,34,1,osrm
974,delivered,2025-07-03 17:56:19,2025-07-03 18:04:24.970587,2025-07-03 18:06:08.600000,2025-07-03 18:08:57.100,12.635,1.7271568833333333,5,1,osrm
975,delivered,2025-07-03 17:56:44,2025-07-03 18:07:37.752549,2025-07-03 18:09:22.900000,2025-07-03 18:12:31.100,15.785,1.7524575166666667,37,1,osrm
976,delivered,2025-07-03 17:57:04,2025-07-03 18:07:35.883233,2025-07-03 18:07:35.883233,2025-07-03 18:12:14.400,15.173333333333334,0.0,9,4,osrm
977,delivered,2025-07-03 17:57:37,2025-07-03 18:09:26.291973,2025-07-03 18:13:55.200000,2025-07-03 18:20:11.000,22.566666666666666,4.48180045,4,2,osrm
978,delivered,2025-07-03 17:58:23,2025-07-03 18:09:27.762296,2025-07-03 18:09:27.762296,2025-07-03 18:16:42.400,18.323333333333334,0.0,29,2,osrm
979,delivered,2025-07-03 17:59:56,2025-07-03 18:06:35.960378,2025-07-03 18:14:08.022785,2025-07-03 18:14:18.600,14.376666666666667,7.53437345,16,3,osrm
980,delivered,2025-07-03 18:00:28,2025-07-03 18:13:46.524045,2025-07-03 18:14:32.400000,2025-07-03 18:19:12.600,18.743333333333332,0.76459925,11,2,osrm
981,delivered,2025-07-03 18:00:57,2025-07-03 18:16:25.778632,2025-07-03 18:26:32.000000,2025-07-03 18:30:03.300,29.105,10.103689466666667,33,1,osrm
982,delivered,2025-07-03 18:00:57,2025-07-03 18:10:47.296549,2025-07-03 18:15:25.800000,2025-07-03 18:19:13.600,18.276666666666664,4.641724183333333,13,1,osrm
983,delivered,2025-07-03 18:00:28,2025-07-03 18:12:52.684693,2025-07-03 18:14:32.800000,2025-07-03 18:20:05.600,19.626666666666665,1.6685884500000001,2,2,osrm
984,delivered,2025-07-03 18:00:13,2025-07-03 18:10:04.945251,2025-07-03 18:18:34.500000,2025-07-03 18:24:12.200,23.986666666666668,8.492579150000001,20,2,osrm
985,delivered,2025-07-03 18:01:24,2025-07-03 18:13:54.986461,2025-07-03 18:18:50.300000,2025-07-03 18:25:27.000,24.05,4.921892316666667,41,2,osrm
986,delivered,2025-07-03 18:01:16,2025-07-03 18:12:33.299851,2025-07-03 18:12:33.299851,2025-07-03 18:15:02.100,13.768333333333334,0.0,15,2,osrm
987,delivered,2025-07-03 18:02:50,2025-07-03 18:18:01.490625,2025-07-03 18:18:34.500000,2025-07-03 18:24:12.200,21.37,0.55015625,20,2,osrm
988,delivered,2025-07-03 18:02:59,2025-07-03 18:13:15.019050,2025-07-03 18:13:17.100000,2025-07-03 18:16:03.300,13.071666666666665,0.0346825,25,1,osrm
989,delivered,2025-07-03 18:04:01,2025-07-03 18:17:51.381131,2025-07-03 18:18:05.700000,2025-07-03 18:23:36.700,19.595000000000002,0.23864781666666665,21,1,osrm
990,delivered,2025-07-03 18:04:21,2025-07-03 18:14:08.022785,2025-07-03 18:14:08.022785,2025-07-03 18:14:18.600,9.96,0.0,16,3,osrm
991,delivered,2025-07-03 18:04:44,2025-07-03 18:15:03.338876,2025-07-03 18:19:34.886899,2025-07-03 18:21:52.400,17.14,4.525800383333333,27,2,osrm
992,delivered,2025-07-03 18:04:52,2025-07-03 18:17:07.164666,2025-07-03 18:18:50.300000,2025-07-03 18:25:27.000,20.583333333333332,1.7189222333333334,41,2,osrm
993,delivered,2025-07-03 18:05:50,2025-07-03 18:12:53.748985,2025-07-03 18:15:34.300000,2025-07-03 18:18:11.800,12.363333333333333,2.6758502500000003,7,1,osrm
994,delivered,2025-07-03 18:06:27,2025-07-03 18:15:44.283137,2025-07-03 18:18:14.900000,2025-07-03 18:20:01.900,13.581666666666667,2.51028105,19,1,osrm
995,delivered,2025-07-03 18:08:53,2025-07-03 18:23:16.704925,2025-07-03 18:30:14.800000,2025-07-03 18:34:56.800,26.063333333333333,6.96825125,14,1,osrm
996,delivered,2025-07-03 18:09:42,2025-07-03 18:19:34.886899,2025-07-03 18:19:34.886899,2025-07-03 18:21:52.400,12.173333333333334,0.0,27,2,osrm
997,delivered,2025-07-03 18:09:01,2025-07-03 18:16:55.710851,2025-07-03 18:26:32.000000,2025-07-03 18:30:19.400,21.30666666666667,9.604819149999999,31,1,osrm
998,delivered,2025-07-03 18:09:51,2025-07-03 18:17:29.631967,2025-07-03 18:26:10.600000,2025-07-03 18:29:36.900,19.765,8.68280055,3,1,osrm
999,delivered,2025-07-03 18:10:36,2025-07-03 18:22:45.635764,2025-07-03 18:24:03.000000,2025-07-03 18:25:54.500,15.308333333333334,1.2894039333333334,10,1,osrm
1000,delivered,2025-07-03 18:10:58,2025-07-03 18:21:13.045659,2025-07-03 18:24:45.900000,2025-07-03 18:28:02.500,17.075,3.5475723500000003,16,1,osrm
1001,delivered,2025-07-03 18:10:24,2025-07-03 18:22:27.772044,2025-07-03 18:24:27.100000,2025-07-03 18:27:03.700,16.66166666666667,1.9887992666666667,15,1,osrm
1002,delivered,2025-07-03 18:11:14,2025-07-03 18:16:14.000000,2025-07-03 18:18:02.000000,2025-07-03 18:19:47.300,8.555,1.8,35,1,osrm
1003,delivered,2025-07-03 18:11:04,2025-07-03 18:20:34.690283,2025-07-03 18:24:35.300000,2025-07-03 18:27:50.200,16.77,4.01016195,39,1,osrm
1004,delivered,2025-07-03 18:11:07,2025-07-03 18:20:40.801612,2025-07-03 18:24:23.800000,2025-07-03 18:26:53.200,15.770000000000001,3.7166398000000003,24,1,osrm
1005,delivered,2025-07-03 18:12:47,2025-07-03 18:26:54.917077,2025-07-03 18:29:31.900000,2025-07-03 18:32:01.200,19.236666666666668,2.61638205,19,1,osrm
1006,delivered,2025-07-03 18:12:39,2025-07-03 18:27:09.250383,2025-07-03 18:28:40.600000,2025-07-03 18:30:51.100,18.201666666666664,1.5224936166666665,26,1,osrm
1007,delivered,2025-07-03 18:12:24,2025-07-03 18:26:14.328926,2025-07-03 18:28:55.200000,2025-07-03 18:33:05.200,20.686666666666667,2.6811845666666665,2,1,osrm
1008,delivered,2025-07-03 18:13:38,2025-07-03 18:19:30.435466,2025-07-03 18:23:40.600000,2025-07-03 18:25:17.100,11.651666666666667,4.1694089,22,1,osrm
1009,delivered,2025-07-03 18:14:34,2025-07-03 18:28:57.089294,2025-07-03 18:29:16.200000,2025-07-03 18:31:46.300,17.205,0.3185117666666667,35,1,osrm
1010,delivered,2025-07-03 18:14:18,2025-07-03 18:29:44.442174,2025-07-03 18:30:18.500000,2025-07-03 18:32:04.700,17.778333333333332,0.5676304333333333,4,1,osrm
1011,delivered,2025-07-03 18:16:21,2025-07-03 18:25:49.175518,2025-07-03 18:27:45.500000,2025-07-03 18:30:56.700,14.595,1.9387413666666666,40,1,osrm
1012,delivered,2025-07-03 18:16:07,2025-07-03 18:28:47.636254,2025-07-03 18:30:34.200000,2025-07-03 18:34:11.700,18.078333333333333,1.7760624333333332,7,1,osrm
1013,delivered,2025-07-03 18:16:17,2025-07-03 18:29:23.758126,2025-07-03 18:35:03.300000,2025-07-03 18:39:00.900,22.73166666666667,5.659031233333334,12,1,osrm
1014,delivered,2025-07-03 18:22:56,2025-07-03 18:33:32.346856,2025-07-03 18:33:34.000000,2025-07-03 18:36:17.000,13.35,0.027552399999999998,22,1,osrm
1015,delivered,2025-07-03 18:22:48,2025-07-03 18:35:01.758104,2025-07-03 18:35:01.758104,2025-07-03 18:37:14.200,14.436666666666667,0.0,41,1,osrm
1016,delivered,2025-07-03 18:23:25,2025-07-03 18:32:50.843708,2025-07-03 18:33:53.700000,2025-07-03 18:36:47.000,13.366666666666667,1.0476048666666666,5,1,osrm
1017,delivered,2025-07-03 18:23:49,2025-07-03 18:36:07.728847,2025-07-03 18:38:33.400000,2025-07-03 18:43:30.600,19.69333333333333,2.42785255,16,1,osrm
1018,delivered,2025-07-03 18:24:17,2025-07-03 18:35:44.346667,2025-07-03 18:39:26.400000,2025-07-03 18:42:02.000,17.75,3.7008888833333335,13,1,osrm
1019,delivered,2025-07-03 18:26:08,2025-07-03 18:38:46.519888,2025-07-03 18:39:36.000000,2025-07-03 18:43:51.800,17.73,0.8246685333333333,30,1,osrm
1020,delivered,2025-07-03 18:27:10,2025-07-03 18:44:40.567205,2025-07-03 18:44:40.567205,2025-07-03 18:48:06.300,20.938333333333333,0.0,18,1,osrm
1021,delivered,2025-07-03 18:28:30,2025-07-03 18:37:11.689755,2025-07-03 18:39:16.900000,2025-07-03 18:40:37.900,12.131666666666666,2.0868374166666666,33,1,osrm
1022,delivered,2025-07-03 18:29:43,2025-07-03 18:45:07.112870,2025-07-03 18:45:07.112870,2025-07-03 18:48:27.500,18.741666666666667,0.0,36,1,osrm
1023,delivered,2025-07-03 18:29:08,2025-07-03 18:41:16.820246,2025-07-03 18:43:52.200000,2025-07-03 18:46:18.300,17.171666666666667,2.5896625666666666,40,1,osrm
1024,delivered,2025-07-03 18:29:58,2025-07-03 18:41:52.724566,2025-07-03 18:44:20.800000,2025-07-03 18:47:10.100,17.201666666666664,2.4679239,6,1,osrm
1025,delivered,2025-07-03 18:32:07,2025-07-03 18:37:39.578757,2025-07-03 18:38:40.100000,2025-07-03 18:44:11.400,12.073333333333332,1.0086873833333334,15,1,osrm
1026,delivered,2025-07-03 18:34:11,2025-07-03 18:48:58.238296,2025-07-03 18:49:33.100000,2025-07-03 18:51:52.400,17.69,0.5810284,12,1,osrm
1027,delivered,2025-07-03 18:34:07,2025-07-03 18:42:31.463202,2025-07-03 18:43:48.000000,2025-07-03 18:47:16.400,13.156666666666666,1.2756133,34,1,osrm
1028,delivered,2025-07-03 18:37:40,2025-07-03 18:46:43.104707,2025-07-03 18:47:56.400000,2025-07-03 18:49:06.900,11.448333333333332,1.2215882166666667,9,1,osrm
1029,delivered,2025-07-03 18:40:47,2025-07-03 18:51:51.032620,2025-07-03 18:53:05.400000,2025-07-03 18:59:18.100,18.51833333333333,1.2394563333333333,15,1,osrm
1030,delivered,2025-07-03 18:41:14,2025-07-03 18:52:08.382242,2025-07-03 18:54:09.100000,2025-07-03 18:58:06.200,16.87,2.0119626333333334,38,1,osrm
1031,delivered,2025-07-03 18:41:47,2025-07-03 18:51:04.335159,2025-07-03 18:52:33.300000,2025-07-03 18:55:12.600,13.426666666666668,1.4827473500000001,37,1,osrm
1032,delivered,2025-07-03 18:42:09,2025-07-03 18:58:23.205406,2025-07-03 18:59:29.100000,2025-07-03 19:02:07.800,19.98,1.0982432333333334,32,1,osrm
1033,delivered,2025-07-03 18:44:26,2025-07-03 18:58:19.946032,2025-07-03 18:59:00.400000,2025-07-03 19:02:17.800,17.863333333333333,0.6742328000000001,9,1,osrm
1034,delivered,2025-07-03 18:46:21,2025-07-03 19:05:28.326035,2025-07-03 19:05:28.326035,2025-07-03 19:07:17.900,20.948333333333334,0.0,1,1,osrm
1035,delivered,2025-07-03 18:47:10,2025-07-03 18:56:50.651121,2025-07-03 18:58:58.100000,2025-07-03 19:01:48.100,14.635,2.124147983333333,29,1,osrm
1036,delivered,2025-07-03 18:49:44,2025-07-03 18:59:16.940236,2025-07-03 18:59:16.940236,2025-07-03 18:59:56.900,10.215,0.0,7,1,osrm
1037,delivered,2025-07-03 18:50:01,2025-07-03 19:07:49.801869,2025-07-03 19:19:46.800000,2025-07-03 19:24:04.100,34.05166666666666,11.94996885,31,1,osrm
1038,delivered,2025-07-03 18:56:02,2025-07-03 19:04:09.784226,2025-07-03 19:04:09.784226,2025-07-03 19:07:22.600,11.343333333333334,0.0,31,1,osrm
1039,delivered,2025-07-03 18:57:04,2025-07-03 19:09:50.774528,2025-07-03 19:27:37.300000,2025-07-03 19:32:10.900,35.115,17.775424533333332,14,1,osrm
1040,delivered,2025-07-03 18:57:03,2025-07-03 19:08:05.447889,2025-07-03 19:11:10.100000,2025-07-03 19:15:22.300,18.321666666666665,3.077535183333333,37,1,osrm
1041,delivered,2025-07-03 18:58:54,2025-07-03 19:10:04.878277,2025-07-03 19:27:37.300000,2025-07-03 19:33:13.300,34.32166666666667,17.54036205,22,1,osrm
