order_id,status,placement_time,ready_time,pickup_time,delivery_time,click_to_door,ready_to_pickup,courier_id,bundle_size,routing_source
0,delivered,2025-07-03 08:00:53,2025-07-03 08:06:18.558993,2025-07-03 08:11:02.900000,2025-07-03 08:14:43.000,13.833333333333334,4.739016783333333,4,1,osrm
1,delivered,2025-07-03 08:00:06,2025-07-03 08:09:31.329870,2025-07-03 08:10:29.900000,2025-07-03 08:13:15.900,13.165,0.9761688333333333,3,1,osrm
2,delivered,2025-07-03 08:00:00,2025-07-03 08:11:38.853454,2025-07-03 08:15:05.000000,2025-07-03 08:17:01.000,17.016666666666666,3.4357757666666666,15,1,osrm
3,delivered,2025-07-03 08:01:32,2025-07-03 08:13:55.832900,2025-07-03 08:14:54.300000,2025-07-03 08:16:46.500,15.241666666666667,0.9744516666666667,13,1,osrm
4,delivered,2025-07-03 08:01:02,2025-07-03 08:10:43.120359,2025-07-03 08:13:18.700000,2025-07-03 08:18:03.100,17.018333333333334,2.5929940166666667,1,1,osrm
5,delivered,2025-07-03 08:01:27,2025-07-03 08:14:14.007210,2025-07-03 08:16:00.600000,2025-07-03 08:17:50.700,16.395,1.7765464999999998,16,1,osrm
6,delivered,2025-07-03 08:01:58,2025-07-03 08:22:34.699739,2025-07-03 08:23:14.996603,2025-07-03 08:29:56.400,27.973333333333336,0.6716144,27,2,osrm
7,delivered,2025-07-03 08:02:24,2025-07-03 08:10:52.930450,2025-07-03 08:15:57.300000,2025-07-03 08:17:58.800,15.58,5.072825833333334,14,1,osrm
8,delivered,2025-07-03 08:02:52,2025-07-03 08:18:04.891707,2025-07-03 08:23:32.100000,2025-07-03 08:29:11.000,26.316666666666666,5.453471550000001,25,1,osrm
9,delivered,2025-07-03 08:03:41,2025-07-03 08:15:39.231937,2025-07-03 08:18:18.700000,2025-07-03 08:22:03.400,18.373333333333335,2.65780105,10,1,osrm
10,delivered,2025-07-03 08:03:46,2025-07-03 08:16:14.036691,2025-07-03 08:20:36.700000,2025-07-03 08:22:49.300,19.055,4.377721816666667,12,1,osrm
11,delivered,2025-07-03 08:05:36,2025-07-03 08:16:22.825841,2025-07-03 08:18:49.200000,2025-07-03 08:21:30.400,15.906666666666666,2.4395693166666663,30,1,osrm
12,delivered,2025-07-03 08:05:53,2025-07-03 08:16:20.273814,2025-07-03 08:18:11.800000,2025-07-03 08:22:04.600,16.193333333333335,1.8587697666666665,11,1,osrm
13,delivered,2025-07-03 08:05:27,2025-07-03 08:16:51.957186,2025-07-03 08:20:24.800000,2025-07-03 08:24:24.600,18.959999999999997,3.5473802333333335,32,1,osrm
14,delivered,2025-07-03 08:05:40,2025-07-03 08:21:42.261380,2025-07-03 08:24:12.900000,2025-07-03 08:26:46.400,21.10666666666667,2.5106436666666667,26,1,osrm
15,delivered,2025-07-03 08:07:53,2025-07-03 08:20:14.552320,2025-07-03 08:29:34.300000,2025-07-03 08:34:07.300,26.238333333333333,9.329127999999999,8,2,osrm
16,delivered,2025-07-03 08:07:33,2025-07-03 08:18:40.953198,2025-07-03 08:20:47.200000,2025-07-03 08:23:58.600,16.426666666666666,2.1041133666666667,31,1,osrm
17,delivered,2025-07-03 08:08:12,2025-07-03 08:14:47.881907,2025-07-03 08:14:47.881907,2025-07-03 08:17:14.100,9.035,0.0,19,1,osrm
18,delivered,2025-07-03 08:09:57,2025-07-03 08:16:30.879509,2025-07-03 08:17:57.100000,2025-07-03 08:21:56.100,11.985000000000001,1.4370081833333332,5,1,osrm
19,delivered,2025-07-03 08:09:50,2025-07-03 08:16:57.991133,2025-07-03 08:20:17.600000,2025-07-03 08:23:30.300,13.671666666666665,3.32681445,2,1,osrm
20,delivered,2025-07-03 08:10:35,2025-07-03 08:24:45.681602,2025-07-03 08:28:44.918749,2025-07-03 08:33:36.800,23.029999999999998,3.9872857833333333,38,3,osrm
21,delivered,2025-07-03 08:10:21,2025-07-03 08:21:35.876455,2025-07-03 08:23:05.400000,2025-07-03 08:25:52.000,15.516666666666667,1.4920590833333334,29,1,osrm
22,delivered,2025-07-03 08:10:34,2025-07-03 08:23:12.008782,2025-07-03 08:23:51.300000,2025-07-03 08:26:17.800,15.729999999999999,0.6548536333333334,20,1,osrm
23,delivered,2025-07-03 08:10:40,2025-07-03 08:25:01.397038,2025-07-03 08:29:34.300000,2025-07-03 08:32:02.900,21.381666666666668,4.5483827,18,1,osrm
24,delivered,2025-07-03 08:12:11,2025-07-03 08:23:14.996603,2025-07-03 08:23:14.996603,2025-07-03 08:29:56.400,17.756666666666668,0.0,27,2,osrm
25,delivered,2025-07-03 08:12:01,2025-07-03 08:23:44.009039,2025-07-03 08:27:09.700000,2025-07-03 08:30:40.800,18.663333333333334,3.428182683333333,44,2,osrm
26,delivered,2025-07-03 08:13:50,2025-07-03 08:30:15.874373,2025-07-03 08:38:26.100000,2025-07-03 08:42:41.000,28.85,8.170427116666666,19,2,osrm
27,delivered,2025-07-03 08:13:08,2025-07-03 08:25:30.644622,2025-07-03 08:29:34.300000,2025-07-03 08:34:07.300,20.988333333333333,4.060922966666667,8,2,osrm
28,delivered,2025-07-03 08:13:58,2025-07-03 08:29:05.008222,2025-07-03 08:44:34.300000,2025-07-03 08:50:16.000,36.3,15.4881963,52,2,osrm
29,delivered,2025-07-03 08:14:52,2025-07-03 08:21:28.201087,2025-07-03 08:29:11.800000,2025-07-03 08:32:01.200,17.153333333333332,7.726648549999999,9,2,osrm
30,delivered,2025-07-03 08:14:32,2025-07-03 08:24:07.265511,2025-07-03 08:28:15.400000,2025-07-03 08:32:27.300,17.921666666666667,4.135574816666667,13,1,osrm
31,delivered,2025-07-03 08:15:11,2025-07-03 08:21:40.713774,2025-07-03 08:22:51.700000,2025-07-03 08:26:02.300,10.854999999999999,1.1831037666666666,23,1,osrm
32,delivered,2025-07-03 08:16:10,2025-07-03 08:29:05.311408,2025-07-03 08:29:11.800000,2025-07-03 08:32:01.200,15.853333333333333,0.1081432,9,2,osrm
33,delivered,2025-07-03 08:16:33,2025-07-03 08:27:49.581120,2025-07-03 08:56:23.933343,2025-07-03 08:48:12.500,31.658333333333335,28.57253705,22,2,osrm
34,delivered,2025-07-03 08:16:32,2025-07-03 08:26:37.379407,2025-07-03 08:27:09.700000,2025-07-03 08:30:40.800,14.146666666666667,0.53867655,44,2,osrm
35,delivered,2025-07-03 08:16:41,2025-07-03 08:28:44.918749,2025-07-03 08:28:44.918749,2025-07-03 08:33:36.800,16.93,0.0,38,3,osrm
36,delivered,2025-07-03 08:17:01,2025-07-03 08:29:55.080777,2025-07-03 08:29:55.080777,2025-07-03 08:30:55.400,13.906666666666666,0.0,43,1,osrm
37,delivered,2025-07-03 08:17:13,2025-07-03 08:35:05.453389,2025-07-03 08:42:20.700000,2025-07-03 08:45:41.400,28.473333333333336,7.254110183333333,8,3,osrm
38,delivered,2025-07-03 08:18:16,2025-07-03 08:30:10.049796,2025-07-03 08:33:15.600000,2025-07-03 08:34:46.900,16.515,3.0925034,49,1,osrm
39,delivered,2025-07-03 08:19:03,2025-07-03 08:31:48.769631,2025-07-03 08:48:12.900000,2025-07-03 08:55:08.800,36.09666666666667,16.402172816666667,17,3,osrm
40,delivered,2025-07-03 08:19:37,2025-07-03 08:31:00.669903,2025-07-03 08:51:33.517585,2025-07-03 08:53:30.600,33.89333333333333,20.547461366666667,34,2,osrm
41,delivered,2025-07-03 08:19:44,2025-07-03 08:30:38.609878,2025-07-03 08:32:57.100000,2025-07-03 08:35:35.200,15.853333333333333,2.3081687000000004,10,1,osrm
42,delivered,2025-07-03 08:19:42,2025-07-03 08:30:09.751219,2025-07-03 08:38:20.481925,2025-07-03 08:43:49.300,24.121666666666666,8.1788451,16,3,osrm
43,delivered,2025-07-03 08:20:41,2025-07-03 08:27:45.604061,2025-07-03 08:27:45.604061,2025-07-03 08:30:32.300,9.854999999999999,0.0,33,1,osrm
44,delivered,2025-07-03 08:21:23,2025-07-03 08:35:19.549550,2025-07-03 08:43:36.600000,2025-07-03 08:46:46.600,25.39333333333333,8.284174166666666,14,1,osrm
45,delivered,2025-07-03 08:21:22,2025-07-03 08:38:14.991532,2025-07-03 08:39:20.551923,2025-07-03 08:41:48.900,20.448333333333334,1.0926731833333332,40,2,osrm
46,delivered,2025-07-03 08:22:18,2025-07-03 08:35:35.129367,2025-07-03 08:42:58.450840,2025-07-03 08:48:41.000,26.383333333333333,7.388691216666667,44,2,osrm
47,delivered,2025-07-03 08:22:03,2025-07-03 08:35:52.488946,2025-07-03 08:38:54.064591,2025-07-03 08:42:45.500,20.708333333333332,3.02626075,47,3,osrm
48,delivered,2025-07-03 08:22:15,2025-07-03 08:33:50.094822,2025-07-03 08:33:50.094822,2025-07-03 08:37:52.500,15.625,0.0,21,1,osrm
49,delivered,2025-07-03 08:23:47,2025-07-03 08:37:16.053315,2025-07-03 08:38:26.100000,2025-07-03 08:42:41.000,18.9,1.16744475,19,2,osrm
50,delivered,2025-07-03 08:23:41,2025-07-03 08:33:23.354677,2025-07-03 08:47:48.900000,2025-07-03 08:50:41.600,27.009999999999998,14.425755383333334,28,1,osrm
51,delivered,2025-07-03 08:24:32,2025-07-03 08:36:41.156773,2025-07-03 08:38:11.800000,2025-07-03 08:41:56.800,17.413333333333334,1.51072045,27,1,osrm
52,delivered,2025-07-03 08:24:10,2025-07-03 08:37:09.181355,2025-07-03 08:44:34.300000,2025-07-03 08:50:16.000,26.1,7.418644083333334,52,2,osrm
53,delivered,2025-07-03 08:24:58,2025-07-03 08:37:35.370792,2025-07-03 08:37:49.100000,2025-07-03 08:40:16.000,15.3,0.22882013333333334,7,1,osrm
54,delivered,2025-07-03 08:24:40,2025-07-03 08:36:19.932559,2025-07-03 08:41:14.500000,2025-07-03 08:42:50.700,18.178333333333335,4.909457349999999,26,1,osrm
55,delivered,2025-07-03 08:26:38,2025-07-03 08:42:36.219698,2025-07-03 08:42:43.700000,2025-07-03 08:45:31.100,18.884999999999998,0.1246717,2,1,osrm
56,delivered,2025-07-03 08:26:34,2025-07-03 08:39:20.551923,2025-07-03 08:39:20.551923,2025-07-03 08:41:48.900,15.248333333333333,0.0,40,2,osrm
57,delivered,2025-07-03 08:26:42,2025-07-03 08:42:14.565488,2025-07-03 09:07:10.379048,2025-07-03 09:03:19.300,36.62166666666667,24.930226,14,3,osrm
58,delivered,2025-07-03 08:27:55,2025-07-03 08:40:12.672181,2025-07-03 08:48:12.900000,2025-07-03 08:55:08.800,27.23,8.003796983333334,17,3,osrm
59,delivered,2025-07-03 08:27:26,2025-07-03 08:43:38.795072,2025-07-03 08:44:44.600000,2025-07-03 08:48:20.000,20.9,1.0967488,33,1,osrm
60,delivered,2025-07-03 08:27:08,2025-07-03 08:46:29.452300,2025-07-03 08:47:49.100000,2025-07-03 08:51:31.500,24.391666666666666,1.3274616666666668,37,3,osrm
61,delivered,2025-07-03 08:27:01,2025-07-03 08:38:54.064591,2025-07-03 08:38:54.064591,2025-07-03 08:42:45.500,15.741666666666667,0.0,47,3,osrm
62,delivered,2025-07-03 08:28:49,2025-07-03 08:41:03.136208,2025-07-03 08:42:20.700000,2025-07-03 08:45:41.400,16.87333333333333,1.2927298666666667,8,3,osrm
63,delivered,2025-07-03 08:28:03,2025-07-03 08:45:55.181313,2025-07-03 08:49:48.600000,2025-07-03 08:53:56.700,25.895,3.89031145,25,1,osrm
64,delivered,2025-07-03 08:28:46,2025-07-03 08:37:01.299200,2025-07-03 08:38:11.600000,2025-07-03 08:41:19.200,12.553333333333335,1.1716799999999998,23,1,osrm
65,delivered,2025-07-03 08:29:29,2025-07-03 08:38:20.481925,2025-07-03 08:38:20.481925,2025-07-03 08:43:49.300,14.338333333333333,0.0,16,3,osrm
66,delivered,2025-07-03 08:30:15,2025-07-03 08:40:14.616206,2025-07-03 08:54:17.200000,2025-07-03 08:59:57.900,29.715,14.043063233333333,45,4,osrm
67,delivered,2025-07-03 08:30:47,2025-07-03 08:45:50.289225,2025-07-03 08:47:55.000000,2025-07-03 08:50:52.600,20.09333333333333,2.0785129166666665,10,1,osrm
68,delivered,2025-07-03 08:30:18,2025-07-03 08:40:07.623758,2025-07-03 08:47:49.100000,2025-07-03 08:51:31.500,21.225,7.6912707000000005,37,3,osrm
69,delivered,2025-07-03 08:31:20,2025-07-03 08:43:18.243392,2025-07-03 08:48:37.300000,2025-07-03 08:52:52.100,21.535,5.317610133333333,15,2,osrm
70,delivered,2025-07-03 08:31:18,2025-07-03 08:41:42.289884,2025-07-03 08:50:13.600000,2025-07-03 08:52:39.100,21.351666666666667,8.521835266666667,39,2,osrm
71,delivered,2025-07-03 08:31:41,2025-07-03 08:48:07.872067,2025-07-03 08:50:15.400000,2025-07-03 08:53:13.300,21.538333333333334,2.12546555,32,1,osrm
72,delivered,2025-07-03 08:31:49,2025-07-03 08:48:56.448160,2025-07-03 08:53:31.000000,2025-07-03 08:56:00.100,24.185,4.575864,12,1,osrm
73,delivered,2025-07-03 08:31:46,2025-07-03 08:42:52.762903,2025-07-03 08:48:12.900000,2025-07-03 08:55:08.800,23.38,5.335618283333333,17,3,osrm
74,delivered,2025-07-03 08:32:51,2025-07-03 08:45:47.982808,2025-07-03 08:48:47.500000,2025-07-03 08:51:51.300,19.005,2.9919531999999998,36,1,osrm
75,delivered,2025-07-03 08:32:24,2025-07-03 08:42:58.450840,2025-07-03 08:42:58.450840,2025-07-03 08:48:41.000,16.283333333333335,0.0,44,2,osrm
76,delivered,2025-07-03 08:32:32,2025-07-03 08:45:57.664070,2025-07-03 08:54:17.200000,2025-07-03 08:59:57.900,27.43166666666667,8.325598833333334,45,4,osrm
77,delivered,2025-07-03 08:34:08,2025-07-03 08:45:33.076382,2025-07-03 08:47:09.700000,2025-07-03 08:49:53.300,15.754999999999999,1.6103936333333333,1,1,osrm
78,delivered,2025-07-03 08:34:14,2025-07-03 08:45:45.394304,2025-07-03 08:48:37.300000,2025-07-03 08:52:52.100,18.634999999999998,2.8650949333333333,15,2,osrm
79,delivered,2025-07-03 08:35:32,2025-07-03 08:44:29.310139,2025-07-03 08:44:29.310139,2025-07-03 08:46:21.600,10.826666666666666,0.0,9,1,osrm
80,delivered,2025-07-03 08:35:19,2025-07-03 08:43:48.436204,2025-07-03 09:01:11.550954,2025-07-03 09:07:04.700,31.761666666666667,17.385245833333332,33,3,osrm
81,delivered,2025-07-03 08:35:54,2025-07-03 08:46:28.597301,2025-07-03 09:02:49.100000,2025-07-03 09:07:56.900,32.04833333333333,16.34171165,34,2,osrm
82,delivered,2025-07-03 08:37:40,2025-07-03 08:52:12.650928,2025-07-03 08:53:38.200000,2025-07-03 08:57:51.900,20.198333333333334,1.4258178666666665,19,1,osrm
83,delivered,2025-07-03 08:37:36,2025-07-03 08:51:15.322116,2025-07-03 09:03:08.300000,2025-07-03 09:07:34.700,29.978333333333335,11.882964733333333,38,2,osrm
84,delivered,2025-07-03 08:38:01,2025-07-03 08:48:32.906169,2025-07-03 08:50:13.600000,2025-07-03 08:52:39.100,14.635,1.6782305166666667,39,2,osrm
85,delivered,2025-07-03 08:38:37,2025-07-03 08:53:12.726985,2025-07-03 09:03:18.200000,2025-07-03 09:08:50.600,30.226666666666667,10.091216916666667,15,3,osrm
86,delivered,2025-07-03 08:39:53,2025-07-03 08:52:36.609335,2025-07-03 08:53:36.600000,2025-07-03 08:57:41.700,17.811666666666667,0.9998444166666667,16,2,osrm
87,delivered,2025-07-03 08:39:21,2025-07-03 08:56:23.933343,2025-07-03 08:56:23.933343,2025-07-03 08:48:12.500,8.858333333333333,0.0,22,2,osrm
88,delivered,2025-07-03 08:39:08,2025-07-03 08:52:18.369819,2025-07-03 08:53:36.600000,2025-07-03 08:57:41.700,18.561666666666667,1.30383635,16,2,osrm
89,delivered,2025-07-03 08:40:53,2025-07-03 08:51:27.640638,2025-07-03 08:53:13.200000,2025-07-03 08:59:05.300,18.205,1.7593226999999998,4,2,osrm
90,delivered,2025-07-03 08:40:30,2025-07-03 08:52:04.532123,2025-07-03 08:56:13.200000,2025-07-03 08:58:48.000,18.3,4.144464616666666,47,1,osrm
91,delivered,2025-07-03 08:41:38,2025-07-03 08:52:31.727162,2025-07-03 08:54:17.200000,2025-07-03 08:59:57.900,18.331666666666667,1.7578806333333332,45,4,osrm
92,delivered,2025-07-03 08:41:20,2025-07-03 08:51:33.517585,2025-07-03 08:51:33.517585,2025-07-03 08:53:30.600,12.176666666666668,0.0,34,2,osrm
93,delivered,2025-07-03 08:41:23,2025-07-03 08:58:33.008335,2025-07-03 09:12:13.781045,2025-07-03 09:16:48.400,35.42333333333333,13.679545166666665,16,3,osrm
94,delivered,2025-07-03 08:42:16,2025-07-03 08:51:45.667265,2025-07-03 08:53:13.200000,2025-07-03 08:59:05.300,16.821666666666665,1.4588789166666667,4,2,osrm
95,delivered,2025-07-03 08:42:55,2025-07-03 08:54:20.522671,2025-07-03 09:07:40.500000,2025-07-03 09:11:17.200,28.37,13.332955483333334,9,2,osrm
96,delivered,2025-07-03 08:42:17,2025-07-03 08:53:47.915377,2025-07-03 08:53:47.915377,2025-07-03 08:54:37.000,12.333333333333334,0.0,3,1,osrm
97,delivered,2025-07-03 08:43:19,2025-07-03 08:54:11.431557,2025-07-03 09:01:11.550954,2025-07-03 09:07:04.700,23.761666666666667,7.00198995,33,3,osrm
98,delivered,2025-07-03 08:43:10,2025-07-03 08:54:35.520667,2025-07-03 09:12:13.781045,2025-07-03 09:16:48.400,33.64,17.637672966666667,16,3,osrm
99,delivered,2025-07-03 08:44:32,2025-07-03 09:01:46.027980,2025-07-03 09:26:40.244488,2025-07-03 09:28:05.800,43.56333333333334,24.903608466666665,49,3,osrm
100,delivered,2025-07-03 08:45:03,2025-07-03 08:51:42.795502,2025-07-03 08:54:23.000000,2025-07-03 08:57:55.100,12.868333333333334,2.6700749666666668,48,1,osrm
101,delivered,2025-07-03 08:45:17,2025-07-03 08:58:53.457537,2025-07-03 08:58:53.457537,2025-07-03 08:59:53.100,14.601666666666667,0.0,21,1,osrm
102,delivered,2025-07-03 08:45:39,2025-07-03 09:02:57.920712,2025-07-03 09:04:07.300000,2025-07-03 09:05:15.600,19.61,1.1563214666666668,39,1,osrm
103,delivered,2025-07-03 08:46:57,2025-07-03 08:59:07.194840,2025-07-03 09:08:46.900000,2025-07-03 09:12:10.700,25.228333333333335,9.661752666666667,29,3,osrm
104,delivered,2025-07-03 08:46:05,2025-07-03 08:54:49.737440,2025-07-03 09:16:21.402169,2025-07-03 09:23:09.500,37.075,21.527745483333334,36,3,osrm
105,delivered,2025-07-03 08:46:13,2025-07-03 08:58:53.039865,2025-07-03 09:04:57.342649,2025-07-03 09:07:01.400,20.80666666666667,6.071713066666666,49,2,osrm
106,delivered,2025-07-03 08:46:18,2025-07-03 08:58:11.160281,2025-07-03 09:08:06.100000,2025-07-03 09:14:29.000,28.183333333333334,9.915661983333333,35,2,osrm
107,delivered,2025-07-03 08:47:01,2025-07-03 08:58:46.994008,2025-07-03 09:18:39.084837,2025-07-03 09:20:35.700,33.57833333333333,19.868180483333333,10,2,osrm
108,delivered,2025-07-03 08:47:26,2025-07-03 09:01:09.011063,2025-07-03 09:03:17.300000,2025-07-03 09:08:43.400,21.290000000000003,2.13814895,43,2,osrm
109,delivered,2025-07-03 08:47:37,2025-07-03 08:56:08.391377,2025-07-03 09:07:50.600000,2025-07-03 09:13:04.700,25.461666666666666,11.70347705,54,2,osrm
110,delivered,2025-07-03 08:48:57,2025-07-03 09:06:34.212966,2025-07-03 09:09:11.600000,2025-07-03 09:13:11.900,24.248333333333335,2.6231172333333332,8,3,osrm
111,delivered,2025-07-03 08:48:54,2025-07-03 09:02:50.348138,2025-07-03 09:07:10.379048,2025-07-03 09:03:19.300,14.421666666666665,4.3338485,14,3,osrm
112,delivered,2025-07-03 08:48:46,2025-07-03 09:04:57.342649,2025-07-03 09:04:57.342649,2025-07-03 09:07:01.400,18.256666666666668,0.0,49,2,osrm
113,delivered,2025-07-03 08:48:02,2025-07-03 09:00:52.723208,2025-07-03 09:03:08.300000,2025-07-03 09:07:34.700,19.545,2.2596132,38,2,osrm
114,delivered,2025-07-03 08:48:23,2025-07-03 09:00:34.355978,2025-07-03 09:21:32.143582,2025-07-03 09:26:20.900,37.965,20.963126733333336,19,3,osrm
115,delivered,2025-07-03 08:49:21,2025-07-03 09:01:36.944835,2025-07-03 09:02:49.100000,2025-07-03 09:07:56.900,18.598333333333336,1.2025860833333333,34,2,osrm
116,delivered,2025-07-03 08:49:22,2025-07-03 09:02:44.826754,2025-07-03 09:03:28.900000,2025-07-03 09:06:07.500,16.758333333333333,0.7345541,13,1,osrm
117,delivered,2025-07-03 08:49:42,2025-07-03 09:03:11.494224,2025-07-03 09:03:18.200000,2025-07-03 09:08:50.600,19.14333333333333,0.11176293333333334,15,3,osrm
118,delivered,2025-07-03 08:50:37,2025-07-03 09:06:30.365366,2025-07-03 09:08:53.600000,2025-07-03 09:13:44.600,23.126666666666665,2.3872439,48,2,osrm
119,delivered,2025-07-03 08:50:06,2025-07-03 09:02:04.351425,2025-07-03 09:03:17.300000,2025-07-03 09:08:43.400,18.623333333333335,1.2158095833333333,43,2,osrm
120,delivered,2025-07-03 08:50:50,2025-07-03 09:02:46.976048,2025-07-03 09:22:12.931469,2025-07-03 09:26:42.800,35.88,19.432590349999998,30,3,osrm
121,delivered,2025-07-03 08:50:27,2025-07-03 08:57:32.814826,2025-07-03 09:20:29.983946,2025-07-03 09:24:42.800,34.263333333333335,22.952818666666666,51,4,osrm
122,delivered,2025-07-03 08:50:08,2025-07-03 09:01:55.101161,2025-07-03 09:08:10.800000,2025-07-03 09:13:59.800,23.863333333333333,6.261647316666667,2,2,osrm
123,delivered,2025-07-03 08:50:10,2025-07-03 09:02:58.041973,2025-07-03 09:07:40.500000,2025-07-03 09:11:17.200,21.12,4.707633783333334,9,2,osrm
124,delivered,2025-07-03 08:51:45,2025-07-03 09:02:39.226798,2025-07-03 09:05:22.100000,2025-07-03 09:08:51.000,17.1,2.7145533666666664,18,1,osrm
125,delivered,2025-07-03 08:51:38,2025-07-03 09:02:17.700318,2025-07-03 09:03:50.500000,2025-07-03 09:07:20.800,15.713333333333333,1.5466613666666666,53,1,osrm
126,delivered,2025-07-03 08:51:47,2025-07-03 09:03:18.889520,2025-07-03 09:08:10.800000,2025-07-03 09:13:59.800,22.21333333333333,4.865174666666666,2,2,osrm
127,delivered,2025-07-03 08:51:44,2025-07-03 08:56:44.000000,2025-07-03 08:58:19.700000,2025-07-03 09:01:32.900,9.815,1.595,20,1,osrm
128,delivered,2025-07-03 08:51:18,2025-07-03 09:08:00.282083,2025-07-03 09:08:00.282083,2025-07-03 09:11:01.700,19.728333333333335,0.0,45,1,osrm
129,delivered,2025-07-03 08:51:16,2025-07-03 09:07:10.379048,2025-07-03 09:07:10.379048,2025-07-03 09:03:19.300,12.055,0.0,14,3,osrm
130,delivered,2025-07-03 08:51:17,2025-07-03 09:03:23.203609,2025-07-03 09:09:11.600000,2025-07-03 09:13:11.900,21.915000000000003,5.806606516666666,8,3,osrm
131,delivered,2025-07-03 08:52:38,2025-07-03 09:01:11.550954,2025-07-03 09:01:11.550954,2025-07-03 09:07:04.700,14.445,0.0,33,3,osrm
132,delivered,2025-07-03 08:52:41,2025-07-03 09:07:09.769072,2025-07-03 09:31:21.010934,2025-07-03 09:29:36.400,36.92333333333333,24.187364366666667,25,3,osrm
133,delivered,2025-07-03 08:52:19,2025-07-03 09:06:44.772080,2025-07-03 09:07:56.100000,2025-07-03 09:10:55.200,18.603333333333335,1.1887986666666668,46,1,osrm
134,delivered,2025-07-03 08:53:02,2025-07-03 09:05:02.240933,2025-07-03 09:08:06.100000,2025-07-03 09:14:29.000,21.45,3.0643177833333337,35,2,osrm
135,delivered,2025-07-03 08:54:35,2025-07-03 09:01:16.122246,2025-07-03 09:09:26.100000,2025-07-03 09:12:35.700,18.011666666666667,8.1662959,55,1,osrm
136,delivered,2025-07-03 08:54:42,2025-07-03 09:07:17.471328,2025-07-03 09:19:26.100000,2025-07-03 09:23:26.400,28.740000000000002,12.1438112,43,2,osrm
137,delivered,2025-07-03 08:55:46,2025-07-03 09:04:02.198949,2025-07-03 09:19:52.500000,2025-07-03 09:27:51.500,32.09166666666667,15.838350850000001,53,2,osrm
138,delivered,2025-07-03 08:55:07,2025-07-03 09:07:14.329594,2025-07-03 09:08:53.600000,2025-07-03 09:13:44.600,18.626666666666665,1.6545067666666666,48,2,osrm
139,delivered,2025-07-03 08:55:38,2025-07-03 09:10:40.539082,2025-07-03 09:21:32.143582,2025-07-03 09:26:20.900,30.715,10.860075,19,3,osrm
140,delivered,2025-07-03 08:56:07,2025-07-03 09:07:04.916804,2025-07-03 09:09:16.200000,2025-07-03 09:12:08.200,16.02,2.1880532666666666,5,1,osrm
141,delivered,2025-07-03 08:56:47,2025-07-03 09:16:28.394168,2025-07-03 09:41:56.536839,2025-07-03 09:43:24.100,46.61833333333333,25.469044516666667,7,3,osrm
142,delivered,2025-07-03 08:56:15,2025-07-03 09:11:41.398433,2025-07-03 09:20:29.983946,2025-07-03 09:24:42.800,28.46333333333333,8.80975855,51,4,osrm
143,delivered,2025-07-03 08:57:46,2025-07-03 09:10:00.997036,2025-07-03 09:19:52.500000,2025-07-03 09:27:51.500,30.091666666666665,9.858382733333334,53,2,osrm
144,delivered,2025-07-03 08:57:53,2025-07-03 09:09:17.329531,2025-07-03 09:16:21.402169,2025-07-03 09:23:09.500,25.275,7.0678773,36,3,osrm
145,delivered,2025-07-03 08:58:52,2025-07-03 09:08:59.107781,2025-07-03 09:27:29.022442,2025-07-03 09:32:31.900,33.665,18.498577683333334,54,3,osrm
146,delivered,2025-07-03 08:59:40,2025-07-03 09:14:45.384872,2025-07-03 09:20:29.983946,2025-07-03 09:24:42.800,25.046666666666667,5.743317899999999,51,4,osrm
147,delivered,2025-07-03 08:59:01,2025-07-03 09:09:14.952526,2025-07-03 09:25:50.503825,2025-07-03 09:32:11.200,33.17,16.59252165,40,3,osrm
148,delivered,2025-07-03 08:59:22,2025-07-03 09:12:13.781045,2025-07-03 09:12:13.781045,2025-07-03 09:16:48.400,17.44,0.0,16,3,osrm
149,delivered,2025-07-03 09:00:20,2025-07-03 09:15:08.495313,2025-07-03 09:18:58.100000,2025-07-03 09:24:32.300,24.205,3.8267447833333335,33,3,osrm
150,delivered,2025-07-03 09:00:11,2025-07-03 09:17:56.874531,2025-07-03 09:33:24.450053,2025-07-03 09:38:34.700,38.394999999999996,15.459592033333333,14,4,osrm
151,delivered,2025-07-03 09:00:00,2025-07-03 09:13:11.535948,2025-07-03 09:35:19.993735,2025-07-03 09:35:55.400,35.92333333333333,22.14096311666667,41,3,osrm
152,delivered,2025-07-03 09:01:31,2025-07-03 09:16:36.170899,2025-07-03 09:28:05.489701,2025-07-03 09:40:02.900,38.531666666666666,11.4886467,4,4,osrm
153,delivered,2025-07-03 09:02:39,2025-07-03 09:21:38.051778,2025-07-03 09:37:07.500000,2025-07-03 09:44:00.700,41.361666666666665,15.490803699999999,29,2,osrm
154,delivered,2025-07-03 09:02:36,2025-07-03 09:11:52.869826,2025-07-03 09:38:28.789343,2025-07-03 09:39:23.900,36.79833333333333,26.59865861666667,3,3,osrm
155,delivered,2025-07-03 09:03:09,2025-07-03 09:13:27.893662,2025-07-03 09:33:57.955024,2025-07-03 09:37:59.800,34.84666666666667,20.5010227,21,4,osrm
156,delivered,2025-07-03 09:04:35,2025-07-03 09:21:32.143582,2025-07-03 09:21:32.143582,2025-07-03 09:26:20.900,21.765,0.0,19,3,osrm
157,delivered,2025-07-03 09:04:46,2025-07-03 09:17:21.826327,2025-07-03 09:19:26.100000,2025-07-03 09:23:26.400,18.673333333333336,2.0712278833333335,43,2,osrm
158,delivered,2025-07-03 09:04:10,2025-07-03 09:16:05.026701,2025-07-03 09:18:58.100000,2025-07-03 09:24:32.300,20.371666666666666,2.884554983333333,33,3,osrm
159,delivered,2025-07-03 09:04:19,2025-07-03 09:16:56.079928,2025-07-03 09:32:53.900000,2025-07-03 09:38:26.100,34.11833333333333,15.963667866666666,5,2,osrm
160,delivered,2025-07-03 09:04:21,2025-07-03 09:14:31.106347,2025-07-03 09:22:12.931469,2025-07-03 09:26:42.800,22.363333333333333,7.697085366666667,30,3,osrm
161,delivered,2025-07-03 09:04:23,2025-07-03 09:12:21.565504,2025-07-03 09:28:05.489701,2025-07-03 09:40:02.900,35.665,15.732069950000001,4,4,osrm
162,delivered,2025-07-03 09:05:42,2025-07-03 09:17:50.776357,2025-07-03 09:34:22.500000,2025-07-03 09:40:30.700,34.81166666666666,16.528727383333333,51,2,osrm
163,delivered,2025-07-03 09:05:23,2025-07-03 09:23:28.961544,2025-07-03 09:23:28.961544,2025-07-03 09:28:08.900,22.765,0.0,52,2,osrm
164,delivered,2025-07-03 09:05:40,2025-07-03 09:16:31.601499,2025-07-03 09:33:19.500000,2025-07-03 09:39:05.000,33.416666666666664,16.79830835,9,2,osrm
165,delivered,2025-07-03 09:06:01,2025-07-03 09:19:26.509049,2025-07-03 09:26:40.244488,2025-07-03 09:28:05.800,22.08,7.228923983333333,49,3,osrm
166,delivered,2025-07-03 09:06:19,2025-07-03 09:17:36.379900,2025-07-03 09:42:29.286399,2025-07-03 09:42:22.700,36.06166666666666,24.881774983333333,27,4,osrm
167,delivered,2025-07-03 09:06:59,2025-07-03 09:16:21.402169,2025-07-03 09:16:21.402169,2025-07-03 09:23:09.500,16.175,0.0,36,3,osrm
168,delivered,2025-07-03 09:06:17,2025-07-03 09:24:03.359925,2025-07-03 09:29:32.457964,2025-07-03 09:34:18.700,28.028333333333332,5.484967316666667,39,4,osrm
169,delivered,2025-07-03 09:07:09,2025-07-03 09:18:39.084837,2025-07-03 09:18:39.084837,2025-07-03 09:20:35.700,13.445,0.0,10,2,osrm
170,delivered,2025-07-03 09:07:25,2025-07-03 09:21:49.074114,2025-07-03 09:24:05.500000,2025-07-03 09:26:35.500,19.175,2.2737647666666665,46,1,osrm
171,delivered,2025-07-03 09:07:37,2025-07-03 09:22:18.795291,2025-07-03 09:30:50.500000,2025-07-03 09:34:20.800,26.73,8.528411816666667,18,2,osrm
172,delivered,2025-07-03 09:07:32,2025-07-03 09:18:22.536825,2025-07-03 09:28:05.489701,2025-07-03 09:40:02.900,32.515,9.715881266666665,4,4,osrm
173,delivered,2025-07-03 09:07:59,2025-07-03 09:19:17.041316,2025-07-03 09:33:41.600000,2025-07-03 09:41:24.400,33.42333333333333,14.4093114,20,4,osrm
174,delivered,2025-07-03 09:07:39,2025-07-03 09:20:23.757909,2025-07-03 09:38:28.789343,2025-07-03 09:39:23.900,31.748333333333335,18.083857233333333,3,3,osrm
175,delivered,2025-07-03 09:07:53,2025-07-03 09:21:39.161568,2025-07-03 09:35:19.993735,2025-07-03 09:35:55.400,28.040000000000003,13.680536116666667,41,3,osrm
176,delivered,2025-07-03 09:08:01,2025-07-03 09:19:02.452399,2025-07-03 09:33:41.600000,2025-07-03 09:41:24.400,33.39,14.652460016666668,20,4,osrm
177,delivered,2025-07-03 09:08:20,2025-07-03 09:21:00.954898,2025-07-03 09:25:50.503825,2025-07-03 09:32:11.200,23.853333333333335,4.8258154499999995,40,3,osrm
178,delivered,2025-07-03 09:08:29,2025-07-03 09:28:05.489701,2025-07-03 09:28:05.489701,2025-07-03 09:40:02.900,31.565,0.0,4,4,osrm
179,delivered,2025-07-03 09:09:05,2025-07-03 09:26:54.466739,2025-07-03 09:34:25.789151,2025-07-03 09:37:48.300,28.721666666666668,7.5220402,26,2,osrm
180,delivered,2025-07-03 09:09:44,2025-07-03 09:22:03.912501,2025-07-03 09:33:00.200000,2025-07-03 09:38:09.900,28.43166666666667,10.938124983333333,55,4,osrm
181,delivered,2025-07-03 09:09:12,2025-07-03 09:16:08.153185,2025-07-03 09:19:34.900000,2025-07-03 09:22:19.900,13.131666666666666,3.44578025,38,1,osrm
182,delivered,2025-07-03 09:09:32,2025-07-03 09:20:29.983946,2025-07-03 09:20:29.983946,2025-07-03 09:24:42.800,15.18,0.0,51,4,osrm
183,delivered,2025-07-03 09:09:41,2025-07-03 09:21:33.522188,2025-07-03 09:38:19.500000,2025-07-03 09:45:07.900,35.44833333333334,16.766296866666668,47,2,osrm
184,delivered,2025-07-03 09:09:32,2025-07-03 09:21:56.017238,2025-07-03 09:23:27.300000,2025-07-03 09:26:36.300,17.071666666666665,1.5213793666666668,11,1,osrm
185,delivered,2025-07-03 09:09:00,2025-07-03 09:16:49.478585,2025-07-03 09:24:33.000000,2025-07-03 09:29:05.300,20.08833333333333,7.725356916666667,29,1,osrm
186,delivered,2025-07-03 09:09:34,2025-07-03 09:21:01.819536,2025-07-03 09:34:22.500000,2025-07-03 09:40:30.700,30.945,13.3446744,51,2,osrm
187,delivered,2025-07-03 09:10:00,2025-07-03 09:18:34.945966,2025-07-03 09:23:28.961544,2025-07-03 09:28:08.900,18.148333333333333,4.9002596333333335,52,2,osrm
188,delivered,2025-07-03 09:10:19,2025-07-03 09:26:40.244488,2025-07-03 09:26:40.244488,2025-07-03 09:28:05.800,17.779999999999998,0.0,49,3,osrm
189,delivered,2025-07-03 09:11:35,2025-07-03 09:25:50.503825,2025-07-03 09:25:50.503825,2025-07-03 09:32:11.200,20.603333333333335,0.0,40,3,osrm
190,delivered,2025-07-03 09:11:43,2025-07-03 09:19:52.125451,2025-07-03 09:33:00.200000,2025-07-03 09:38:09.900,26.448333333333334,13.134575816666667,55,4,osrm
191,delivered,2025-07-03 09:11:08,2025-07-03 09:27:24.694633,2025-07-03 09:27:29.022442,2025-07-03 09:32:31.900,21.398333333333333,0.07213015,54,3,osrm
192,delivered,2025-07-03 09:12:43,2025-07-03 09:22:12.931469,2025-07-03 09:22:12.931469,2025-07-03 09:26:42.800,13.996666666666666,0.0,30,3,osrm
193,delivered,2025-07-03 09:12:51,2025-07-03 09:23:19.729162,2025-07-03 09:32:53.900000,2025-07-03 09:38:26.100,25.584999999999997,9.569513966666667,5,2,osrm
194,delivered,2025-07-03 09:13:35,2025-07-03 09:24:39.281478,2025-07-03 09:33:24.450053,2025-07-03 09:38:34.700,24.995,8.752809583333335,14,4,osrm
195,delivered,2025-07-03 09:13:25,2025-07-03 09:26:32.447614,2025-07-03 09:42:29.286399,2025-07-03 09:42:22.700,28.961666666666666,15.947313083333334,27,4,osrm
196,delivered,2025-07-03 09:13:40,2025-07-03 09:29:32.457964,2025-07-03 09:29:32.457964,2025-07-03 09:34:18.700,20.645,0.0,39,4,osrm
197,delivered,2025-07-03 09:14:09,2025-07-03 09:25:36.553590,2025-07-03 09:25:36.553590,2025-07-03 09:25:57.200,11.803333333333335,0.0,15,2,osrm
198,delivered,2025-07-03 09:14:43,2025-07-03 09:22:43.110820,2025-07-03 09:31:21.010934,2025-07-03 09:29:36.400,14.889999999999999,8.631668566666667,25,3,osrm
199,delivered,2025-07-03 09:14:48,2025-07-03 09:26:25.762164,2025-07-03 09:33:41.600000,2025-07-03 09:41:24.400,26.60666666666667,7.263963933333333,20,4,osrm
200,delivered,2025-07-03 09:15:46,2025-07-03 09:24:40.620561,2025-07-03 09:38:35.300000,2025-07-03 09:49:38.100,33.86833333333333,13.911323983333334,11,4,osrm
201,delivered,2025-07-03 09:15:11,2025-07-03 09:28:38.747820,2025-07-03 09:33:24.450053,2025-07-03 09:38:34.700,23.395,4.761703883333333,14,4,osrm
202,delivered,2025-07-03 09:15:19,2025-07-03 09:26:08.736715,2025-07-03 09:29:32.457964,2025-07-03 09:34:18.700,18.995,3.39535415,39,4,osrm
203,delivered,2025-07-03 09:16:42,2025-07-03 09:34:06.931934,2025-07-03 09:42:44.300000,2025-07-03 09:51:23.900,34.69833333333334,8.6228011,54,2,osrm
204,delivered,2025-07-03 09:16:32,2025-07-03 09:28:22.642024,2025-07-03 09:30:50.500000,2025-07-03 09:34:20.800,17.813333333333333,2.4642996,18,2,osrm
205,delivered,2025-07-03 09:16:12,2025-07-03 09:26:53.746731,2025-07-03 09:44:01.600000,2025-07-03 09:48:00.000,31.8,17.130887816666664,38,1,osrm
206,delivered,2025-07-03 09:17:26,2025-07-03 09:29:17.850193,2025-07-03 09:29:32.457964,2025-07-03 09:34:18.700,16.878333333333334,0.24346284999999998,39,4,osrm
207,delivered,2025-07-03 09:17:54,2025-07-03 09:34:25.789151,2025-07-03 09:34:25.789151,2025-07-03 09:37:48.300,19.904999999999998,0.0,26,2,osrm
208,delivered,2025-07-03 09:17:11,2025-07-03 09:27:32.652981,2025-07-03 09:29:40.500000,2025-07-03 09:32:47.600,15.610000000000001,2.13078365,44,1,osrm
209,delivered,2025-07-03 09:17:01,2025-07-03 09:26:45.718340,2025-07-03 09:33:00.200000,2025-07-03 09:38:09.900,21.148333333333333,6.2413609999999995,55,4,osrm
210,delivered,2025-07-03 09:17:22,2025-07-03 09:25:01.346824,2025-07-03 09:43:13.200000,2025-07-03 09:51:16.800,33.913333333333334,18.197552933333334,35,3,osrm
211,delivered,2025-07-03 09:18:10,2025-07-03 09:27:29.022442,2025-07-03 09:27:29.022442,2025-07-03 09:32:31.900,14.365,0.0,54,3,osrm
212,delivered,2025-07-03 09:18:00,2025-07-03 09:32:05.937681,2025-07-03 09:38:35.300000,2025-07-03 09:49:38.100,31.634999999999998,6.489371983333333,11,4,osrm
213,delivered,2025-07-03 09:18:10,2025-07-03 09:28:51.603439,2025-07-03 09:28:51.603439,2025-07-03 09:30:41.700,12.528333333333334,0.0,1,1,osrm
214,delivered,2025-07-03 09:18:33,2025-07-03 09:27:50.864443,2025-07-03 09:42:44.300000,2025-07-03 09:51:23.900,32.848333333333336,14.890592616666668,54,2,osrm
215,delivered,2025-07-03 09:19:12,2025-07-03 09:29:34.238939,2025-07-03 09:38:35.300000,2025-07-03 09:49:38.100,30.435,9.01768435,11,4,osrm
216,delivered,2025-07-03 09:19:24,2025-07-03 09:28:47.123130,2025-07-03 09:38:35.300000,2025-07-03 09:49:38.100,30.235,9.802947833333333,11,4,osrm
217,delivered,2025-07-03 09:19:43,2025-07-03 09:27:02.251706,2025-07-03 09:33:57.955024,2025-07-03 09:37:59.800,18.279999999999998,6.928388633333333,21,4,osrm
218,delivered,2025-07-03 09:19:41,2025-07-03 09:31:21.010934,2025-07-03 09:31:21.010934,2025-07-03 09:29:36.400,9.923333333333334,0.0,25,3,osrm
219,delivered,2025-07-03 09:20:57,2025-07-03 09:34:04.063853,2025-07-03 09:48:12.000000,2025-07-03 09:55:25.500,34.475,14.132269116666667,16,2,osrm
220,delivered,2025-07-03 09:20:31,2025-07-03 09:25:31.000000,2025-07-03 09:42:29.286399,2025-07-03 09:42:22.700,21.861666666666668,16.971439983333333,27,4,osrm
221,delivered,2025-07-03 09:20:22,2025-07-03 09:33:05.786638,2025-07-03 09:43:13.200000,2025-07-03 09:51:16.800,30.913333333333334,10.123556033333333,35,3,osrm
222,delivered,2025-07-03 09:20:35,2025-07-03 09:29:46.192841,2025-07-03 09:33:19.500000,2025-07-03 09:39:05.000,18.5,3.555119316666667,9,2,osrm
223,delivered,2025-07-03 09:20:43,2025-07-03 09:33:49.147867,2025-07-03 09:38:19.500000,2025-07-03 09:45:07.900,24.415000000000003,4.505868883333333,47,2,osrm
224,delivered,2025-07-03 09:20:55,2025-07-03 09:34:20.287828,2025-07-03 09:38:39.000000,2025-07-03 09:44:41.900,23.78166666666667,4.311869533333334,52,4,osrm
225,delivered,2025-07-03 09:20:48,2025-07-03 09:28:00.639151,2025-07-03 09:43:36.009735,2025-07-03 09:49:58.200,29.17,15.589509733333333,48,4,osrm
226,delivered,2025-07-03 09:21:09,2025-07-03 09:30:03.729991,2025-07-03 09:33:57.955024,2025-07-03 09:37:59.800,16.846666666666668,3.90375055,21,4,osrm
227,delivered,2025-07-03 09:21:21,2025-07-03 09:33:22.582980,2025-07-03 09:33:22.582980,2025-07-03 09:39:15.700,17.91166666666667,0.0,2,3,osrm
228,delivered,2025-07-03 09:22:17,2025-07-03 09:33:24.450053,2025-07-03 09:33:24.450053,2025-07-03 09:38:34.700,16.295,0.0,14,4,osrm
229,delivered,2025-07-03 09:22:15,2025-07-03 09:34:47.966641,2025-07-03 09:48:30.600000,2025-07-03 09:52:11.800,29.946666666666665,13.710555983333334,12,1,osrm
230,delivered,2025-07-03 09:22:16,2025-07-03 09:33:44.866993,2025-07-03 09:37:12.300000,2025-07-03 09:39:53.800,17.63,3.4572167833333336,19,1,osrm
231,delivered,2025-07-03 09:22:29,2025-07-03 09:36:19.042379,2025-07-03 09:52:20.400000,2025-07-03 09:57:13.000,34.733333333333334,16.022627016666668,4,4,osrm
232,delivered,2025-07-03 09:22:48,2025-07-03 09:39:55.356224,2025-07-03 09:48:46.300000,2025-07-03 09:54:39.400,31.85666666666667,8.849062933333332,53,2,osrm
233,delivered,2025-07-03 09:23:31,2025-07-03 09:35:19.993735,2025-07-03 09:35:19.993735,2025-07-03 09:35:55.400,12.406666666666666,0.0,41,3,osrm
234,delivered,2025-07-03 09:23:15,2025-07-03 09:35:28.473761,2025-07-03 09:37:07.500000,2025-07-03 09:44:00.700,20.761666666666667,1.6504373166666668,29,2,osrm
235,delivered,2025-07-03 09:23:28,2025-07-03 09:33:48.044541,2025-07-03 09:53:10.330349,2025-07-03 09:52:57.800,29.496666666666666,19.371430133333334,42,3,osrm
236,delivered,2025-07-03 09:24:58,2025-07-03 09:40:38.502496,2025-07-03 09:43:59.300000,2025-07-03 09:48:29.200,23.52,3.346625066666667,1,2,osrm
237,delivered,2025-07-03 09:24:23,2025-07-03 09:33:16.483140,2025-07-03 09:43:59.300000,2025-07-03 09:48:29.200,24.103333333333335,10.713614333333334,1,2,osrm
238,delivered,2025-07-03 09:24:30,2025-07-03 09:38:34.544727,2025-07-03 09:38:39.000000,2025-07-03 09:44:41.900,20.198333333333334,0.07425455,52,4,osrm
239,delivered,2025-07-03 09:24:21,2025-07-03 09:33:57.955024,2025-07-03 09:33:57.955024,2025-07-03 09:37:59.800,13.646666666666667,0.0,21,4,osrm
240,delivered,2025-07-03 09:24:22,2025-07-03 09:36:51.075580,2025-07-03 09:50:00.100000,2025-07-03 09:54:44.200,30.37,13.150407,21,1,osrm
241,delivered,2025-07-03 09:24:08,2025-07-03 09:38:28.789343,2025-07-03 09:38:28.789343,2025-07-03 09:39:23.900,15.264999999999999,0.0,3,3,osrm
242,delivered,2025-07-03 09:24:49,2025-07-03 09:37:06.423263,2025-07-03 09:43:36.009735,2025-07-03 09:49:58.200,25.153333333333332,6.493107866666667,48,4,osrm
243,delivered,2025-07-03 09:25:51,2025-07-03 09:33:41.948770,2025-07-03 09:52:52.726121,2025-07-03 09:55:13.200,29.37,19.179622516666665,2,2,osrm
244,delivered,2025-07-03 09:25:40,2025-07-03 09:33:45.256313,2025-07-03 09:39:40.500000,2025-07-03 09:44:48.600,19.14333333333333,5.920728116666667,31,2,osrm
245,delivered,2025-07-03 09:26:03,2025-07-03 09:39:03.735752,2025-07-03 09:53:00.800000,2025-07-03 09:57:23.600,31.34333333333333,13.9510708,31,2,osrm
246,delivered,2025-07-03 09:26:06,2025-07-03 09:39:49.440496,2025-07-03 09:43:13.200000,2025-07-03 09:51:16.800,25.18,3.395991733333333,35,3,osrm
247,delivered,2025-07-03 09:27:17,2025-07-03 09:35:27.945768,2025-07-03 09:50:49.800000,2025-07-03 09:52:53.000,25.6,15.3642372,19,2,osrm
248,delivered,2025-07-03 09:27:43,2025-07-03 09:41:56.536839,2025-07-03 09:41:56.536839,2025-07-03 09:43:24.100,15.685,0.0,7,3,osrm
249,delivered,2025-07-03 09:27:17,2025-07-03 09:36:34.788904,2025-07-03 09:38:39.000000,2025-07-03 09:44:41.900,17.415000000000003,2.070184933333333,52,4,osrm
250,delivered,2025-07-03 09:27:34,2025-07-03 09:43:03.294960,2025-07-03 09:49:02.400000,2025-07-03 09:51:23.200,23.82,5.985084,13,2,osrm
251,delivered,2025-07-03 09:28:03,2025-07-03 09:38:43.387074,2025-07-03 09:52:39.300000,2025-07-03 09:55:26.200,27.386666666666667,13.9318821,27,2,osrm
252,delivered,2025-07-03 09:28:52,2025-07-03 09:38:15.245859,2025-07-03 09:48:38.400000,2025-07-03 09:53:45.900,24.898333333333333,10.38590235,55,2,osrm
253,delivered,2025-07-03 09:28:23,2025-07-03 09:42:41.859406,2025-07-03 09:48:12.000000,2025-07-03 09:55:25.500,27.041666666666668,5.502343233333334,16,2,osrm
254,delivered,2025-07-03 09:28:25,2025-07-03 09:42:29.286399,2025-07-03 09:42:29.286399,2025-07-03 09:42:22.700,13.961666666666668,0.0,27,4,osrm
255,delivered,2025-07-03 09:28:34,2025-07-03 09:34:54.089052,2025-07-03 09:39:40.500000,2025-07-03 09:44:48.600,16.243333333333332,4.7735158,31,2,osrm
256,delivered,2025-07-03 09:29:43,2025-07-03 09:38:15.955371,2025-07-03 09:43:36.009735,2025-07-03 09:49:58.200,20.253333333333334,5.3342394,48,4,osrm
257,delivered,2025-07-03 09:30:24,2025-07-03 09:48:40.188706,2025-07-03 09:55:34.400000,2025-07-03 09:57:10.700,26.778333333333332,6.903521566666667,39,1,osrm
258,delivered,2025-07-03 09:30:24,2025-07-03 09:39:36.797229,2025-07-03 09:48:38.400000,2025-07-03 09:53:45.900,23.365000000000002,9.02671285,55,2,osrm
259,delivered,2025-07-03 09:30:29,2025-07-03 09:42:20.977423,2025-07-03 09:58:13.900000,2025-07-03 10:00:48.800,30.33,15.88204295,48,2,osrm
260,delivered,2025-07-03 09:30:47,2025-07-03 09:42:43.339388,2025-07-03 09:49:02.400000,2025-07-03 09:51:23.200,20.603333333333335,6.317676866666667,13,2,osrm
261,delivered,2025-07-03 09:31:14,2025-07-03 09:47:56.310445,2025-07-03 09:48:15.700000,2025-07-03 09:51:15.100,20.01833333333333,0.32315925,26,1,osrm
262,delivered,2025-07-03 09:31:31,2025-07-03 09:41:48.792729,2025-07-03 09:49:36.100000,2025-07-03 09:54:58.800,23.46333333333333,7.7884545166666665,14,2,osrm
263,delivered,2025-07-03 09:31:49,2025-07-03 09:44:43.323749,2025-07-03 09:59:06.200000,2025-07-03 10:04:03.300,32.23833333333333,14.38127085,37,2,osrm
264,delivered,2025-07-03 09:32:21,2025-07-03 09:44:56.252256,2025-07-03 09:52:20.400000,2025-07-03 09:57:13.000,24.866666666666667,7.4024624,4,4,osrm
265,delivered,2025-07-03 09:32:05,2025-07-03 09:44:11.791804,2025-07-03 09:59:07.900000,2025-07-03 10:06:21.400,34.27333333333333,14.9351366,15,2,osrm
266,delivered,2025-07-03 09:33:57,2025-07-03 09:45:05.264999,2025-07-03 09:49:36.100000,2025-07-03 09:54:58.800,21.029999999999998,4.513916683333333,14,2,osrm
267,delivered,2025-07-03 09:34:00,2025-07-03 09:43:36.009735,2025-07-03 09:43:36.009735,2025-07-03 09:49:58.200,15.97,0.0,48,4,osrm
268,delivered,2025-07-03 09:34:23,2025-07-03 09:47:53.141084,2025-07-03 09:50:49.800000,2025-07-03 09:52:53.000,18.5,2.9443152666666665,19,2,osrm
269,delivered,2025-07-03 09:34:35,2025-07-03 09:51:11.063212,2025-07-03 09:53:27.300000,2025-07-03 09:56:30.600,21.926666666666666,2.2706131333333333,20,1,osrm
270,delivered,2025-07-03 09:35:18,2025-07-03 09:48:44.406522,2025-07-03 09:59:07.900000,2025-07-03 10:06:21.400,31.05666666666667,10.391557966666666,15,2,osrm
271,delivered,2025-07-03 09:35:43,2025-07-03 09:50:13.913165,2025-07-03 09:52:20.400000,2025-07-03 09:57:13.000,21.5,2.1081139166666665,4,4,osrm
272,delivered,2025-07-03 09:36:49,2025-07-03 09:50:17.181008,2025-07-03 09:58:59.200000,2025-07-03 10:02:27.700,25.645,8.700316533333334,38,3,osrm
273,delivered,2025-07-03 09:36:14,2025-07-03 09:52:10.345576,2025-07-03 09:52:39.300000,2025-07-03 09:55:26.200,19.203333333333333,0.4825737333333333,27,2,osrm
274,delivered,2025-07-03 09:37:44,2025-07-03 09:52:53.078282,2025-07-03 09:53:12.800000,2025-07-03 09:55:56.500,18.208333333333332,0.32869529999999997,18,1,osrm
275,delivered,2025-07-03 09:37:18,2025-07-03 09:48:46.514499,2025-07-03 09:53:00.800000,2025-07-03 09:57:23.600,20.09333333333333,4.238091683333334,31,2,osrm
276,delivered,2025-07-03 09:38:36,2025-07-03 09:50:25.710966,2025-07-03 09:53:10.330349,2025-07-03 09:52:57.800,14.363333333333333,2.743656383333333,42,3,osrm
277,delivered,2025-07-03 09:38:52,2025-07-03 09:48:57.217904,2025-07-03 09:59:04.800000,2025-07-03 10:02:39.000,23.783333333333335,10.126368266666667,47,2,osrm
278,delivered,2025-07-03 09:38:57,2025-07-03 09:52:52.726121,2025-07-03 09:52:52.726121,2025-07-03 09:55:13.200,16.27,0.0,2,2,osrm
279,delivered,2025-07-03 09:38:53,2025-07-03 09:45:37.902498,2025-07-03 09:48:46.300000,2025-07-03 09:54:39.400,15.773333333333333,3.139958366666667,53,2,osrm
280,delivered,2025-07-03 09:38:55,2025-07-03 09:47:44.267921,2025-07-03 09:49:30.900000,2025-07-03 09:52:31.100,13.601666666666667,1.7772013166666667,25,1,osrm
281,delivered,2025-07-03 09:38:41,2025-07-03 09:55:12.356979,2025-07-03 09:59:11.800000,2025-07-03 10:03:09.200,24.470000000000002,3.9907170166666663,3,1,osrm
282,delivered,2025-07-03 09:39:15,2025-07-03 09:53:10.330349,2025-07-03 09:53:10.330349,2025-07-03 09:52:57.800,13.713333333333333,0.0,42,3,osrm
283,delivered,2025-07-03 09:41:32,2025-07-03 09:58:08.593037,2025-07-03 10:03:01.400000,2025-07-03 10:04:46.800,23.246666666666666,4.88011605,19,1,osrm
284,delivered,2025-07-03 09:41:24,2025-07-03 09:48:41.231501,2025-07-03 09:58:51.800000,2025-07-03 10:04:21.400,22.956666666666667,10.17614165,9,2,osrm
285,delivered,2025-07-03 09:42:28,2025-07-03 09:51:39.684718,2025-07-03 09:54:02.400000,2025-07-03 09:55:11.600,12.726666666666667,2.3785880333333336,32,1,osrm
286,delivered,2025-07-03 09:42:11,2025-07-03 09:47:53.112114,2025-07-03 10:04:05.200000,2025-07-03 10:06:36.400,24.423333333333336,16.201464766666668,45,1,osrm
287,delivered,2025-07-03 09:42:51,2025-07-03 09:55:38.324943,2025-07-03 09:58:51.800000,2025-07-03 10:04:21.400,21.506666666666668,3.2245842833333334,9,2,osrm
288,delivered,2025-07-03 09:43:12,2025-07-03 09:57:28.636392,2025-07-03 09:58:13.900000,2025-07-03 10:00:48.800,17.613333333333333,0.7543934666666666,48,2,osrm
289,delivered,2025-07-03 09:44:01,2025-07-03 09:49:33.302280,2025-07-03 09:49:33.302280,2025-07-03 09:52:04.600,8.06,0.0,5,1,osrm
290,delivered,2025-07-03 09:44:19,2025-07-03 09:57:15.118860,2025-07-03 09:58:59.200000,2025-07-03 10:02:27.700,18.145,1.7346856666666668,38,3,osrm
291,delivered,2025-07-03 09:44:08,2025-07-03 09:57:58.574037,2025-07-03 09:59:06.200000,2025-07-03 10:04:03.300,19.921666666666667,1.1270993833333334,37,2,osrm
292,delivered,2025-07-03 09:45:40,2025-07-03 10:01:35.296923,2025-07-03 10:03:28.600000,2025-07-03 10:06:41.200,21.02,1.8883846166666667,36,1,osrm
293,delivered,2025-07-03 09:46:25,2025-07-03 09:55:47.614359,2025-07-03 10:04:06.400000,2025-07-03 10:07:52.000,21.45,8.313094016666666,10,1,osrm
294,delivered,2025-07-03 09:46:00,2025-07-03 09:56:31.017194,2025-07-03 10:04:20.300000,2025-07-03 10:08:14.700,22.245,7.8213801,35,1,osrm
295,delivered,2025-07-03 09:46:22,2025-07-03 10:01:54.861626,2025-07-03 10:09:31.700000,2025-07-03 10:14:40.300,28.305,7.613972899999999,46,1,osrm
296,delivered,2025-07-03 09:46:36,2025-07-03 10:03:02.214732,2025-07-03 10:03:09.000000,2025-07-03 10:05:05.300,18.488333333333333,0.1130878,54,1,osrm
297,delivered,2025-07-03 09:47:19,2025-07-03 09:57:15.714168,2025-07-03 09:59:04.800000,2025-07-03 10:02:39.000,15.333333333333334,1.8180972,47,2,osrm
298,delivered,2025-07-03 09:47:02,2025-07-03 10:00:31.882684,2025-07-03 10:14:23.200000,2025-07-03 10:18:44.600,31.709999999999997,13.8552886,25,1,osrm
299,delivered,2025-07-03 09:49:39,2025-07-03 10:00:37.299758,2025-07-03 10:03:08.700000,2025-07-03 10:05:12.800,15.563333333333333,2.5233373666666665,7,1,osrm
300,delivered,2025-07-03 09:50:52,2025-07-03 10:08:00.257517,2025-07-03 10:17:22.200000,2025-07-03 10:21:10.100,30.301666666666666,9.36570805,12,1,osrm
301,delivered,2025-07-03 09:50:44,2025-07-03 10:02:59.405452,2025-07-03 10:05:22.600000,2025-07-03 10:09:39.300,18.921666666666667,2.3865758,30,1,osrm
302,delivered,2025-07-03 09:51:48,2025-07-03 10:09:39.899072,2025-07-03 10:10:56.800000,2025-07-03 10:13:29.900,21.698333333333334,1.2816821333333333,4,1,osrm
303,delivered,2025-07-03 09:51:37,2025-07-03 10:03:48.915144,2025-07-03 10:03:48.915144,2025-07-03 10:07:19.200,15.703333333333335,0.0,21,1,osrm
304,delivered,2025-07-03 09:52:46,2025-07-03 10:02:15.746005,2025-07-03 10:03:27.500000,2025-07-03 10:06:21.200,13.586666666666668,1.1958999166666666,40,1,osrm
305,delivered,2025-07-03 09:52:04,2025-07-03 10:04:44.170329,2025-07-03 10:04:44.170329,2025-07-03 10:08:06.300,16.038333333333334,0.0,12,1,osrm
306,delivered,2025-07-03 09:53:59,2025-07-03 10:03:15.445404,2025-07-03 10:03:18.600000,2025-07-03 10:07:05.900,13.115,0.0525766,5,1,osrm
307,delivered,2025-07-03 09:56:19,2025-07-03 10:05:47.961619,2025-07-03 10:09:16.700000,2025-07-03 10:10:39.000,14.333333333333334,3.4789730166666666,18,1,osrm
308,delivered,2025-07-03 09:56:57,2025-07-03 10:07:12.006254,2025-07-03 10:08:17.800000,2025-07-03 10:12:16.500,15.325,1.0965624333333333,17,2,osrm
309,delivered,2025-07-03 09:56:59,2025-07-03 10:08:11.209806,2025-07-03 10:13:18.500000,2025-07-03 10:17:06.700,20.128333333333334,5.121503233333333,8,2,osrm
310,delivered,2025-07-03 09:56:20,2025-07-03 10:13:53.218582,2025-07-03 10:13:55.200000,2025-07-03 10:16:56.700,20.611666666666668,0.03302363333333334,6,1,osrm
311,delivered,2025-07-03 09:57:13,2025-07-03 10:14:26.786109,2025-07-03 10:17:59.000000,2025-07-03 10:21:32.300,24.321666666666665,3.5368981833333333,39,1,osrm
312,delivered,2025-07-03 09:57:28,2025-07-03 10:06:33.150611,2025-07-03 10:14:19.200000,2025-07-03 10:18:12.800,20.746666666666666,7.767489816666667,1,1,osrm
313,delivered,2025-07-03 09:57:43,2025-07-03 10:12:07.062717,2025-07-03 10:13:54.800000,2025-07-03 10:16:47.700,19.078333333333333,1.7956213833333334,47,1,osrm
314,delivered,2025-07-03 09:57:12,2025-07-03 10:05:31.641707,2025-07-03 10:08:17.800000,2025-07-03 10:12:16.500,15.075,2.769304883333333,17,2,osrm
315,delivered,2025-07-03 09:58:54,2025-07-03 10:14:04.782092,2025-07-03 10:14:06.400000,2025-07-03 10:17:04.100,18.168333333333333,0.026965133333333332,19,1,osrm
316,delivered,2025-07-03 09:58:13,2025-07-03 10:11:55.424307,2025-07-03 10:17:46.200000,2025-07-03 10:22:23.700,24.178333333333335,5.8462615499999995,34,1,osrm
317,delivered,2025-07-03 09:58:23,2025-07-03 10:10:27.970478,2025-07-03 10:13:43.500000,2025-07-03 10:15:41.600,17.31,3.2588253666666662,42,1,osrm
318,delivered,2025-07-03 10:00:58,2025-07-03 10:07:29.975746,2025-07-03 10:19:42.800000,2025-07-03 10:22:48.100,21.834999999999997,12.213737566666667,54,1,osrm
319,delivered,2025-07-03 10:00:08,2025-07-03 10:12:01.210502,2025-07-03 10:19:28.400000,2025-07-03 10:23:26.400,23.30666666666667,7.4531583,11,1,osrm
320,delivered,2025-07-03 10:00:48,2025-07-03 10:16:04.555590,2025-07-03 10:19:43.800000,2025-07-03 10:24:20.800,23.546666666666667,3.6540735,15,1,osrm
321,delivered,2025-07-03 10:00:02,2025-07-03 10:12:24.528659,2025-07-03 10:18:41.800000,2025-07-03 10:21:46.600,21.743333333333332,6.2878556833333334,36,1,osrm
322,delivered,2025-07-03 10:00:22,2025-07-03 10:12:30.145030,2025-07-03 10:13:18.500000,2025-07-03 10:17:06.700,16.745,0.8059161666666667,8,2,osrm
323,delivered,2025-07-03 10:01:04,2025-07-03 10:13:38.487357,2025-07-03 10:18:53.500000,2025-07-03 10:24:07.200,23.053333333333335,5.250210716666667,7,1,osrm
324,delivered,2025-07-03 10:01:01,2025-07-03 10:10:32.548679,2025-07-03 10:13:19.300000,2025-07-03 10:16:25.600,15.41,2.779188683333333,20,1,osrm
325,delivered,2025-07-03 10:04:11,2025-07-03 10:15:17.578926,2025-07-03 10:18:15.100000,2025-07-03 10:20:11.500,16.008333333333333,2.958684566666667,31,1,osrm
326,delivered,2025-07-03 10:04:01,2025-07-03 10:11:24.499611,2025-07-03 10:12:42.900000,2025-07-03 10:14:23.600,10.376666666666667,1.3066731500000002,38,1,osrm
327,delivered,2025-07-03 10:05:47,2025-07-03 10:13:54.068885,2025-07-03 10:19:01.900000,2025-07-03 10:22:35.500,16.808333333333334,5.130518583333333,35,1,osrm
328,delivered,2025-07-03 10:05:20,2025-07-03 10:15:44.100489,2025-07-03 10:19:21.100000,2025-07-03 10:22:36.100,17.26833333333333,3.616658516666667,5,1,osrm
329,delivered,2025-07-03 10:05:16,2025-07-03 10:16:50.797043,2025-07-03 10:17:02.900000,2025-07-03 10:20:44.800,15.479999999999999,0.20171595,45,1,osrm
330,delivered,2025-07-03 10:06:55,2025-07-03 10:18:50.066034,2025-07-03 10:19:18.100000,2025-07-03 10:23:07.200,16.203333333333333,0.46723276666666663,41,1,osrm
331,delivered,2025-07-03 10:06:15,2025-07-03 10:20:56.151266,2025-07-03 10:22:46.200000,2025-07-03 10:25:15.500,19.008333333333333,1.8341455666666666,3,1,osrm
332,delivered,2025-07-03 10:07:21,2025-07-03 10:22:46.379403,2025-07-03 10:25:08.600000,2025-07-03 10:28:55.600,21.576666666666664,2.3703432833333333,18,1,osrm
333,delivered,2025-07-03 10:09:41,2025-07-03 10:19:53.659986,2025-07-03 10:19:53.659986,2025-07-03 10:20:41.500,11.008333333333333,0.0,21,1,osrm
334,delivered,2025-07-03 10:09:32,2025-07-03 10:24:11.839833,2025-07-03 10:24:11.839833,2025-07-03 10:26:57.700,17.428333333333335,0.0,37,1,osrm
335,delivered,2025-07-03 10:10:37,2025-07-03 10:22:20.073201,2025-07-03 10:23:48.600000,2025-07-03 10:28:06.000,17.483333333333334,1.4754466499999999,32,1,osrm
336,delivered,2025-07-03 10:11:41,2025-07-03 10:29:19.628270,2025-07-03 10:29:19.628270,2025-07-03 10:32:04.800,20.396666666666665,0.0,47,1,osrm
337,delivered,2025-07-03 10:12:45,2025-07-03 10:27:22.470756,2025-07-03 10:29:18.100000,2025-07-03 10:32:53.600,20.14333333333333,1.9271540666666667,6,1,osrm
338,delivered,2025-07-03 10:13:57,2025-07-03 10:23:01.282533,2025-07-03 10:23:01.900000,2025-07-03 10:25:43.600,11.776666666666667,0.010291116666666666,13,1,osrm
339,delivered,2025-07-03 10:14:31,2025-07-03 10:29:15.874936,2025-07-03 10:29:15.874936,2025-07-03 10:29:50.200,15.32,0.0,20,1,osrm
340,delivered,2025-07-03 10:14:37,2025-07-03 10:25:34.749355,2025-07-03 10:29:02.000000,2025-07-03 10:33:21.700,18.745,3.4541774166666666,24,1,osrm
341,delivered,2025-07-03 10:16:56,2025-07-03 10:28:45.509370,2025-07-03 10:28:45.509370,2025-07-03 10:33:19.800,16.396666666666665,0.0,51,1,osrm
342,delivered,2025-07-03 10:17:44,2025-07-03 10:25:58.021966,2025-07-03 10:29:16.600000,2025-07-03 10:32:08.800,14.413333333333332,3.3096339,28,1,osrm
343,delivered,2025-07-03 10:17:27,2025-07-03 10:25:01.086116,2025-07-03 10:28:10.600000,2025-07-03 10:32:04.400,14.623333333333333,3.1585647333333333,30,1,osrm
344,delivered,2025-07-03 10:19:53,2025-07-03 10:33:10.242304,2025-07-03 10:33:10.242304,2025-07-03 10:36:30.700,16.628333333333334,0.0,54,1,osrm
345,delivered,2025-07-03 10:21:34,2025-07-03 10:34:38.659112,2025-07-03 10:48:50.300000,2025-07-03 10:54:52.300,33.305,14.1940148,5,1,osrm
346,delivered,2025-07-03 10:22:11,2025-07-03 10:32:45.689825,2025-07-03 10:33:01.900000,2025-07-03 10:37:12.800,15.03,0.27016958333333335,45,1,osrm
347,delivered,2025-07-03 10:22:08,2025-07-03 10:36:49.162052,2025-07-03 10:39:28.400000,2025-07-03 10:40:58.000,18.833333333333332,2.6539658,37,1,osrm
348,delivered,2025-07-03 10:22:52,2025-07-03 10:33:10.925247,2025-07-03 10:35:18.800000,2025-07-03 10:38:34.700,15.711666666666668,2.1312458833333334,4,1,osrm
349,delivered,2025-07-03 10:24:56,2025-07-03 10:40:08.071779,2025-07-03 10:43:50.300000,2025-07-03 10:45:50.700,20.91166666666667,3.703803683333333,53,1,osrm
350,delivered,2025-07-03 10:24:33,2025-07-03 10:38:17.969990,2025-07-03 10:38:25.900000,2025-07-03 10:41:47.200,17.236666666666668,0.13216683333333334,15,1,osrm
351,delivered,2025-07-03 10:25:32,2025-07-03 10:38:24.331798,2025-07-03 10:40:08.400000,2025-07-03 10:44:31.100,18.985,1.7344700333333334,3,1,osrm
352,delivered,2025-07-03 10:26:29,2025-07-03 10:39:53.233879,2025-07-03 10:39:53.233879,2025-07-03 10:42:19.100,15.835,0.0,25,1,osrm
353,delivered,2025-07-03 10:27:48,2025-07-03 10:40:48.452106,2025-07-03 10:43:47.800000,2025-07-03 10:45:53.500,18.091666666666665,2.9891315666666665,6,1,osrm
354,delivered,2025-07-03 10:28:27,2025-07-03 10:40:23.889012,2025-07-03 10:45:18.800000,2025-07-03 10:47:38.600,19.19333333333333,4.915183133333333,51,1,osrm
355,delivered,2025-07-03 10:28:16,2025-07-03 10:37:53.434402,2025-07-03 10:38:51.700000,2025-07-03 10:42:47.500,14.525,0.9710932999999999,32,1,osrm
356,delivered,2025-07-03 10:29:57,2025-07-03 10:47:38.490172,2025-07-03 10:49:46.200000,2025-07-03 10:52:27.700,22.511666666666667,2.1284971333333336,13,1,osrm
357,delivered,2025-07-03 10:30:05,2025-07-03 10:47:05.684801,2025-07-03 10:48:31.900000,2025-07-03 10:52:51.800,22.779999999999998,1.4369199833333333,1,1,osrm
358,delivered,2025-07-03 10:30:32,2025-07-03 10:36:14.702251,2025-07-03 10:37:48.100000,2025-07-03 10:42:03.100,11.518333333333334,1.55662915,33,1,osrm
359,delivered,2025-07-03 10:31:45,2025-07-03 10:47:14.453277,2025-07-03 10:48:57.200000,2025-07-03 10:51:29.000,19.733333333333334,1.7124453833333333,19,1,osrm
360,delivered,2025-07-03 10:31:07,2025-07-03 10:43:03.396774,2025-07-03 10:43:12.000000,2025-07-03 10:46:12.700,15.095,0.1433871,55,1,osrm
361,delivered,2025-07-03 10:32:50,2025-07-03 10:43:37.349009,2025-07-03 10:43:37.349009,2025-07-03 10:46:41.900,13.865,0.0,35,1,osrm
362,delivered,2025-07-03 10:32:59,2025-07-03 10:47:43.858096,2025-07-03 10:49:47.100000,2025-07-03 10:52:57.300,19.971666666666668,2.0540317333333333,50,1,osrm
363,delivered,2025-07-03 10:34:19,2025-07-03 10:47:48.035097,2025-07-03 10:48:06.900000,2025-07-03 10:50:06.400,15.79,0.31441505,52,1,osrm
364,delivered,2025-07-03 10:34:31,2025-07-03 10:53:28.875011,2025-07-03 10:53:39.700000,2025-07-03 10:55:14.800,20.73,0.18041648333333335,17,1,osrm
365,delivered,2025-07-03 10:35:18,2025-07-03 10:53:28.641467,2025-07-03 10:53:28.641467,2025-07-03 10:55:13.800,19.93,0.0,12,1,osrm
366,delivered,2025-07-03 10:36:03,2025-07-03 10:51:37.902255,2025-07-03 10:54:20.100000,2025-07-03 10:58:24.300,22.355,2.70329575,7,1,osrm
367,delivered,2025-07-03 10:36:24,2025-07-03 10:48:47.169670,2025-07-03 10:48:47.169670,2025-07-03 10:51:36.000,15.2,0.0,2,1,osrm
368,delivered,2025-07-03 10:37:26,2025-07-03 10:55:08.153727,2025-07-03 10:59:24.700000,2025-07-03 11:01:05.900,23.665000000000003,4.275771216666667,35,1,osrm
369,delivered,2025-07-03 10:37:21,2025-07-03 10:48:54.646682,2025-07-03 10:50:10.000000,2025-07-03 10:54:19.300,16.971666666666668,1.2558886333333334,20,1,osrm
370,delivered,2025-07-03 10:37:40,2025-07-03 10:49:06.897501,2025-07-03 10:50:10.000000,2025-07-03 10:52:27.500,14.791666666666666,1.0517083166666668,23,1,osrm
371,delivered,2025-07-03 10:38:00,2025-07-03 10:46:33.868393,2025-07-03 10:49:29.800000,2025-07-03 10:53:50.700,15.845,2.93219345,44,1,osrm
372,delivered,2025-07-03 10:40:39,2025-07-03 10:51:28.258627,2025-07-03 10:53:50.300000,2025-07-03 10:57:34.300,16.921666666666667,2.3673562166666664,30,1,osrm
373,delivered,2025-07-03 10:41:02,2025-07-03 10:56:03.589958,2025-07-03 10:58:39.600000,2025-07-03 11:03:03.600,22.026666666666664,2.6001673666666667,32,1,osrm
374,delivered,2025-07-03 10:44:35,2025-07-03 10:57:52.131551,2025-07-03 10:58:27.900000,2025-07-03 11:00:58.100,16.385,0.5961408166666666,8,1,osrm
375,delivered,2025-07-03 10:46:32,2025-07-03 11:01:09.175563,2025-07-03 11:03:45.200000,2025-07-03 11:08:28.100,21.935,2.6004072833333334,13,1,osrm
376,delivered,2025-07-03 10:48:02,2025-07-03 10:57:45.545119,2025-07-03 10:59:03.200000,2025-07-03 11:02:00.900,13.981666666666666,1.2942480166666668,15,1,osrm
377,delivered,2025-07-03 10:51:22,2025-07-03 11:07:18.362824,2025-07-03 11:08:39.400000,2025-07-03 11:11:59.200,20.62,1.3506196000000001,36,1,osrm
378,delivered,2025-07-03 10:54:58,2025-07-03 11:06:15.065063,2025-07-03 11:08:47.800000,2025-07-03 11:12:29.700,17.528333333333332,2.5455822833333333,5,1,osrm
379,delivered,2025-07-03 10:55:05,2025-07-03 11:09:17.468978,2025-07-03 11:09:54.500000,2025-07-03 11:13:36.600,18.526666666666664,0.6171837,48,1,osrm
380,delivered,2025-07-03 10:56:31,2025-07-03 11:08:58.332571,2025-07-03 11:08:58.332571,2025-07-03 11:12:12.500,15.691666666666666,0.0,24,1,osrm
381,delivered,2025-07-03 10:57:14,2025-07-03 11:07:00.339745,2025-07-03 11:09:21.400000,2025-07-03 11:11:59.800,14.763333333333332,2.3510042500000004,7,1,osrm
382,delivered,2025-07-03 10:57:54,2025-07-03 11:10:50.559601,2025-07-03 11:14:54.500000,2025-07-03 11:17:14.000,19.333333333333332,4.0656733166666665,15,1,osrm
383,delivered,2025-07-03 10:58:31,2025-07-03 11:15:52.147585,2025-07-03 11:18:51.200000,2025-07-03 11:24:39.100,26.134999999999998,2.9842069166666665,34,1,osrm
384,delivered,2025-07-03 11:01:25,2025-07-03 11:13:46.360187,2025-07-03 11:13:46.360187,2025-07-03 11:14:46.100,13.351666666666667,0.0,29,1,osrm
385,delivered,2025-07-03 11:02:33,2025-07-03 11:12:56.066138,2025-07-03 11:14:02.300000,2025-07-03 11:16:32.500,13.991666666666667,1.1038977,50,1,osrm
386,delivered,2025-07-03 11:03:50,2025-07-03 11:21:03.287948,2025-07-03 11:25:52.500000,2025-07-03 11:28:38.900,24.815,4.820200866666667,39,1,osrm
387,delivered,2025-07-03 11:03:45,2025-07-03 11:13:05.482500,2025-07-03 11:15:50.400000,2025-07-03 11:19:02.200,15.286666666666667,2.7486249999999997,3,1,osrm
388,delivered,2025-07-03 11:04:50,2025-07-03 11:15:30.293772,2025-07-03 11:18:01.600000,2025-07-03 11:21:19.600,16.493333333333332,2.5217704666666667,49,1,osrm
389,delivered,2025-07-03 11:06:03,2025-07-03 11:17:48.601263,2025-07-03 11:18:49.300000,2025-07-03 11:22:25.500,16.375,1.0116456166666667,13,1,osrm
390,delivered,2025-07-03 11:06:04,2025-07-03 11:17:41.211070,2025-07-03 11:19:45.100000,2025-07-03 11:22:12.800,16.146666666666665,2.0648155,26,1,osrm
391,delivered,2025-07-03 11:06:07,2025-07-03 11:20:14.570676,2025-07-03 11:23:54.100000,2025-07-03 11:25:37.600,19.509999999999998,3.6588220666666667,44,1,osrm
392,delivered,2025-07-03 11:08:37,2025-07-03 11:23:37.959780,2025-07-03 11:28:40.000000,2025-07-03 11:34:10.300,25.555,5.034003666666666,30,1,osrm
393,delivered,2025-07-03 11:08:34,2025-07-03 11:22:29.848560,2025-07-03 11:22:37.700000,2025-07-03 11:24:44.000,16.166666666666668,0.13085733333333333,48,1,osrm
394,delivered,2025-07-03 11:08:25,2025-07-03 11:17:29.222612,2025-07-03 11:19:02.900000,2025-07-03 11:23:46.900,15.365,1.5612898,22,1,osrm
395,delivered,2025-07-03 11:08:49,2025-07-03 11:19:43.193940,2025-07-03 11:19:43.193940,2025-07-03 11:20:53.800,12.08,0.0,6,1,osrm
396,delivered,2025-07-03 11:10:34,2025-07-03 11:21:55.931123,2025-07-03 11:23:03.200000,2025-07-03 11:25:25.700,14.861666666666668,1.1211479500000001,32,1,osrm
397,delivered,2025-07-03 11:10:58,2025-07-03 11:22:53.937938,2025-07-03 11:24:18.200000,2025-07-03 11:25:48.900,14.848333333333333,1.4043677,29,1,osrm
398,delivered,2025-07-03 11:11:31,2025-07-03 11:26:21.719237,2025-07-03 11:29:01.100000,2025-07-03 11:30:51.200,19.336666666666666,2.6563460500000002,3,1,osrm
399,delivered,2025-07-03 11:11:40,2025-07-03 11:20:16.893595,2025-07-03 11:23:11.200000,2025-07-03 11:25:14.400,13.573333333333332,2.9051067500000003,24,1,osrm
400,delivered,2025-07-03 11:11:44,2025-07-03 11:19:10.779837,2025-07-03 11:21:20.300000,2025-07-03 11:23:13.200,11.486666666666668,2.1586693833333332,28,1,osrm
401,delivered,2025-07-03 11:14:35,2025-07-03 11:30:34.842776,2025-07-03 11:39:45.900000,2025-07-03 11:43:36.300,29.021666666666665,9.184287066666666,24,1,osrm
402,delivered,2025-07-03 11:14:52,2025-07-03 11:28:07.201514,2025-07-03 11:29:40.800000,2025-07-03 11:31:44.100,16.868333333333332,1.5599747666666666,33,1,osrm
403,delivered,2025-07-03 11:18:58,2025-07-03 11:33:46.305436,2025-07-03 11:36:05.900000,2025-07-03 11:39:02.900,20.081666666666667,2.3265760666666666,42,1,osrm
404,delivered,2025-07-03 11:18:24,2025-07-03 11:35:23.568709,2025-07-03 11:38:03.400000,2025-07-03 11:41:12.800,22.813333333333333,2.66385485,50,1,osrm
405,delivered,2025-07-03 11:20:13,2025-07-03 11:31:25.735783,2025-07-03 11:32:50.800000,2025-07-03 11:36:09.100,15.935,1.4177369499999999,13,1,osrm
406,delivered,2025-07-03 11:21:05,2025-07-03 11:33:33.274176,2025-07-03 11:35:42.300000,2025-07-03 11:37:01.800,15.946666666666665,2.1504304,49,1,osrm
407,delivered,2025-07-03 11:22:55,2025-07-03 11:33:43.748269,2025-07-03 11:35:09.400000,2025-07-03 11:37:59.500,15.075,1.42752885,8,1,osrm
408,delivered,2025-07-03 11:23:16,2025-07-03 11:36:35.815830,2025-07-03 11:38:31.600000,2025-07-03 11:41:28.800,18.21333333333333,1.9297361666666668,37,1,osrm
409,delivered,2025-07-03 11:23:55,2025-07-03 11:33:42.957865,2025-07-03 11:33:59.600000,2025-07-03 11:37:05.100,13.168333333333333,0.2773689166666667,22,1,osrm
410,delivered,2025-07-03 11:23:58,2025-07-03 11:38:28.539686,2025-07-03 11:39:46.500000,2025-07-03 11:42:40.500,18.708333333333332,1.2993385666666666,19,1,osrm
411,delivered,2025-07-03 11:24:51,2025-07-03 11:39:09.129494,2025-07-03 11:40:25.100000,2025-07-03 11:44:40.900,19.831666666666667,1.2661751,29,1,osrm
412,delivered,2025-07-03 11:25:19,2025-07-03 11:38:33.938978,2025-07-03 11:38:33.938978,2025-07-03 11:40:31.300,15.205,0.0,39,1,osrm
413,delivered,2025-07-03 11:26:48,2025-07-03 11:38:19.949288,2025-07-03 11:39:30.700000,2025-07-03 11:43:23.900,16.598333333333333,1.1791785333333331,53,1,osrm
414,delivered,2025-07-03 11:27:37,2025-07-03 11:33:22.547229,2025-07-03 11:33:22.547229,2025-07-03 11:36:35.900,8.981666666666666,0.0,26,1,osrm
415,delivered,2025-07-03 11:35:44,2025-07-03 11:48:35.337951,2025-07-03 11:48:35.337951,2025-07-03 11:51:22.200,15.636666666666667,0.0,35,1,osrm
416,delivered,2025-07-03 11:35:40,2025-07-03 11:43:58.015117,2025-07-03 11:44:09.100000,2025-07-03 11:47:29.000,11.816666666666666,0.18474805,20,1,osrm
417,delivered,2025-07-03 11:35:13,2025-07-03 11:47:22.508359,2025-07-03 11:48:57.400000,2025-07-03 11:54:20.100,19.118333333333332,1.5815273500000002,52,1,osrm
418,delivered,2025-07-03 11:37:36,2025-07-03 11:54:06.880732,2025-07-03 11:54:06.880732,2025-07-03 11:55:16.400,17.673333333333336,0.0,24,1,osrm
419,delivered,2025-07-03 11:38:06,2025-07-03 11:47:47.830094,2025-07-03 11:48:03.300000,2025-07-03 11:50:54.100,12.801666666666668,0.2578317666666667,13,1,osrm
420,delivered,2025-07-03 11:38:33,2025-07-03 11:54:22.119736,2025-07-03 11:54:22.119736,2025-07-03 11:57:34.200,19.02,0.0,29,1,osrm
421,delivered,2025-07-03 11:43:45,2025-07-03 11:54:39.397154,2025-07-03 11:54:39.397154,2025-07-03 11:59:09.600,15.41,0.0,39,1,osrm
422,delivered,2025-07-03 11:46:50,2025-07-03 11:56:08.670588,2025-07-03 12:00:01.000000,2025-07-03 12:03:48.000,16.966666666666665,3.8721568666666664,8,1,osrm
423,delivered,2025-07-03 11:47:18,2025-07-03 11:56:23.412708,2025-07-03 11:59:00.500000,2025-07-03 12:01:44.900,14.448333333333332,2.618121533333333,2,1,osrm
424,delivered,2025-07-03 11:52:43,2025-07-03 12:05:06.801989,2025-07-03 12:10:23.700000,2025-07-03 12:14:47.100,22.06833333333333,5.281633516666667,13,1,osrm
425,delivered,2025-07-03 11:58:09,2025-07-03 12:10:10.759989,2025-07-03 12:13:03.100000,2025-07-03 12:16:14.800,18.096666666666668,2.8723335166666666,8,1,osrm
426,delivered,2025-07-03 12:00:32,2025-07-03 12:14:42.945268,2025-07-03 12:14:42.945268,2025-07-03 12:15:49.900,15.298333333333334,0.0,2,1,osrm
427,delivered,2025-07-03 12:01:48,2025-07-03 12:15:47.006673,2025-07-03 12:20:14.100000,2025-07-03 12:24:19.200,22.52,4.45155545,41,1,osrm
428,delivered,2025-07-03 12:04:20,2025-07-03 12:17:33.483860,2025-07-03 12:20:13.400000,2025-07-03 12:22:50.600,18.509999999999998,2.6652690000000003,26,1,osrm
429,delivered,2025-07-03 12:05:42,2025-07-03 12:11:14.345808,2025-07-03 12:13:16.600000,2025-07-03 12:15:29.800,9.796666666666665,2.037569866666667,6,1,osrm
430,delivered,2025-07-03 12:05:28,2025-07-03 12:10:28.000000,2025-07-03 12:12:40.200000,2025-07-03 12:15:56.300,10.471666666666666,2.203333333333333,54,1,osrm
431,delivered,2025-07-03 12:06:24,2025-07-03 12:18:01.324269,2025-07-03 12:20:24.700000,2025-07-03 12:24:50.000,18.433333333333334,2.3895955166666667,22,1,osrm
432,delivered,2025-07-03 12:09:09,2025-07-03 12:24:58.018270,2025-07-03 12:24:58.018270,2025-07-03 12:25:42.000,16.55,0.0,13,1,osrm
433,delivered,2025-07-03 12:10:03,2025-07-03 12:20:13.613335,2025-07-03 12:24:44.900000,2025-07-03 12:28:43.800,18.68,4.521444416666667,51,1,osrm
434,delivered,2025-07-03 12:11:12,2025-07-03 12:25:38.856842,2025-07-03 12:29:06.300000,2025-07-03 12:31:58.600,20.776666666666664,3.4573859666666666,54,1,osrm
435,delivered,2025-07-03 12:11:12,2025-07-03 12:20:40.854531,2025-07-03 12:23:45.500000,2025-07-03 12:26:32.700,15.345,3.077424483333333,29,1,osrm
436,delivered,2025-07-03 12:11:03,2025-07-03 12:26:21.715525,2025-07-03 12:29:03.300000,2025-07-03 12:32:36.400,21.55666666666667,2.6930745833333334,11,1,osrm
437,delivered,2025-07-03 12:12:58,2025-07-03 12:25:55.146424,2025-07-03 12:27:55.700000,2025-07-03 12:31:01.900,18.065,2.009226266666667,39,1,osrm
438,delivered,2025-07-03 12:12:56,2025-07-03 12:24:06.497698,2025-07-03 12:24:14.900000,2025-07-03 12:28:34.600,15.643333333333334,0.14003836666666666,32,1,osrm
439,delivered,2025-07-03 12:14:30,2025-07-03 12:21:55.642783,2025-07-03 12:22:04.400000,2025-07-03 12:25:30.200,11.003333333333334,0.14595361666666667,53,1,osrm
440,delivered,2025-07-03 12:16:15,2025-07-03 12:28:39.024551,2025-07-03 12:28:51.200000,2025-07-03 12:32:50.300,16.58833333333333,0.20292415,6,1,osrm
441,delivered,2025-07-03 12:20:02,2025-07-03 12:34:30.437123,2025-07-03 12:34:30.437123,2025-07-03 12:36:48.200,16.77,0.0,48,1,osrm
442,delivered,2025-07-03 12:20:09,2025-07-03 12:30:13.783977,2025-07-03 12:33:27.700000,2025-07-03 12:36:19.400,16.173333333333332,3.2319337166666666,22,1,osrm
443,delivered,2025-07-03 12:23:28,2025-07-03 12:28:28.000000,2025-07-03 12:45:54.500000,2025-07-03 12:51:39.700,28.195,17.441666666666666,26,1,osrm
444,delivered,2025-07-03 12:25:05,2025-07-03 12:37:01.968824,2025-07-03 12:38:38.300000,2025-07-03 12:41:47.200,16.703333333333333,1.6055196,43,1,osrm
445,delivered,2025-07-03 12:26:59,2025-07-03 12:40:27.669489,2025-07-03 12:43:47.400000,2025-07-03 12:46:56.200,19.953333333333333,3.3288418500000003,20,1,osrm
446,delivered,2025-07-03 12:28:06,2025-07-03 12:39:41.112539,2025-07-03 12:40:09.200000,2025-07-03 12:42:39.300,14.555,0.46812435,34,1,osrm
447,delivered,2025-07-03 12:29:24,2025-07-03 12:37:01.485364,2025-07-03 12:38:41.700000,2025-07-03 12:41:50.200,12.436666666666667,1.6702439333333332,32,1,osrm
448,delivered,2025-07-03 12:30:45,2025-07-03 12:43:14.773175,2025-07-03 12:44:43.900000,2025-07-03 12:47:28.700,16.728333333333335,1.4854470833333333,14,1,osrm
449,delivered,2025-07-03 12:32:40,2025-07-03 12:51:08.881785,2025-07-03 12:52:28.900000,2025-07-03 12:55:51.700,23.195,1.3336369166666666,3,1,osrm
450,delivered,2025-07-03 12:36:45,2025-07-03 12:50:45.277652,2025-07-03 12:59:25.300000,2025-07-03 13:03:59.900,27.248333333333335,8.667039133333333,54,1,osrm
451,delivered,2025-07-03 12:36:01,2025-07-03 12:50:45.991683,2025-07-03 12:56:02.700000,2025-07-03 12:58:53.500,22.875,5.27847195,37,1,osrm
452,delivered,2025-07-03 12:36:08,2025-07-03 12:52:39.922971,2025-07-03 12:54:43.900000,2025-07-03 12:57:06.700,20.978333333333335,2.0662838166666666,43,1,osrm
453,delivered,2025-07-03 12:39:53,2025-07-03 12:51:13.144467,2025-07-03 12:53:15.200000,2025-07-03 12:54:42.400,14.823333333333332,2.0342588833333335,49,1,osrm
454,delivered,2025-07-03 12:39:10,2025-07-03 12:50:26.313563,2025-07-03 12:57:26.700000,2025-07-03 13:00:55.800,21.763333333333332,7.006440616666667,7,1,osrm
455,delivered,2025-07-03 12:40:19,2025-07-03 12:54:07.555539,2025-07-03 12:54:07.555539,2025-07-03 12:55:58.100,15.651666666666667,0.0,6,1,osrm
456,delivered,2025-07-03 12:40:30,2025-07-03 12:55:57.064722,2025-07-03 12:58:28.400000,2025-07-03 13:00:10.800,19.68,2.522254633333333,29,1,osrm
457,delivered,2025-07-03 12:43:34,2025-07-03 12:54:10.088400,2025-07-03 12:54:10.088400,2025-07-03 12:55:32.900,11.981666666666666,0.0,30,1,osrm
458,delivered,2025-07-03 12:43:57,2025-07-03 12:55:28.243328,2025-07-03 12:59:01.300000,2025-07-03 13:03:03.000,19.1,3.5509445333333334,10,1,osrm
459,delivered,2025-07-03 12:46:00,2025-07-03 12:53:42.014741,2025-07-03 12:53:42.014741,2025-07-03 12:55:25.900,9.431666666666667,0.0,16,1,osrm
460,delivered,2025-07-03 12:47:45,2025-07-03 13:01:25.869586,2025-07-03 13:05:03.700000,2025-07-03 13:08:00.900,20.265,3.6305069,47,1,osrm
461,delivered,2025-07-03 12:53:43,2025-07-03 13:07:25.641472,2025-07-03 13:08:52.400000,2025-07-03 13:12:50.000,19.116666666666667,1.4459754666666667,20,1,osrm
462,delivered,2025-07-03 12:53:55,2025-07-03 13:10:55.888284,2025-07-03 13:12:25.900000,2025-07-03 13:15:15.300,21.33833333333333,1.5001952666666667,7,1,osrm
463,delivered,2025-07-03 12:55:56,2025-07-03 13:07:54.601613,2025-07-03 13:08:07.200000,2025-07-03 13:11:29.300,15.555,0.20997311666666668,26,1,osrm
464,delivered,2025-07-03 13:00:12,2025-07-03 13:12:27.087854,2025-07-03 13:12:28.900000,2025-07-03 13:15:48.600,15.610000000000001,0.030202433333333334,53,1,osrm
465,delivered,2025-07-03 13:00:43,2025-07-03 13:09:12.896753,2025-07-03 13:09:12.896753,2025-07-03 13:11:22.100,10.651666666666667,0.0,30,1,osrm
466,delivered,2025-07-03 13:01:57,2025-07-03 13:20:48.080859,2025-07-03 13:24:21.100000,2025-07-03 13:28:12.700,26.261666666666667,3.5503190166666667,26,1,osrm
467,delivered,2025-07-03 13:02:50,2025-07-03 13:16:14.842489,2025-07-03 13:18:29.200000,2025-07-03 13:24:28.900,21.648333333333333,2.23929185,4,1,osrm
468,delivered,2025-07-03 13:03:21,2025-07-03 13:18:05.027229,2025-07-03 13:20:02.700000,2025-07-03 13:23:51.700,20.511666666666667,1.96121285,3,1,osrm
469,delivered,2025-07-03 13:05:42,2025-07-03 13:14:56.217547,2025-07-03 13:14:56.217547,2025-07-03 13:17:07.000,11.416666666666666,0.0,48,1,osrm
470,delivered,2025-07-03 13:13:07,2025-07-03 13:24:30.457407,2025-07-03 13:24:30.457407,2025-07-03 13:27:19.000,14.2,0.0,23,1,osrm
471,delivered,2025-07-03 13:15:41,2025-07-03 13:30:10.825628,2025-07-03 13:33:21.300000,2025-07-03 13:36:14.300,20.555,3.1745728666666664,37,1,osrm
472,delivered,2025-07-03 13:15:05,2025-07-03 13:24:00.160686,2025-07-03 13:24:00.160686,2025-07-03 13:26:00.000,10.916666666666666,0.0,14,1,osrm
473,delivered,2025-07-03 13:17:30,2025-07-03 13:29:01.116467,2025-07-03 13:33:21.100000,2025-07-03 13:38:32.900,21.048333333333336,4.333058883333334,2,1,osrm
474,delivered,2025-07-03 13:18:00,2025-07-03 13:26:56.122426,2025-07-03 13:28:34.800000,2025-07-03 13:30:44.100,12.735000000000001,1.6446262333333335,48,1,osrm
475,delivered,2025-07-03 13:19:52,2025-07-03 13:39:50.199682,2025-07-03 13:40:13.200000,2025-07-03 13:42:02.400,22.173333333333336,0.38333863333333335,10,1,osrm
476,delivered,2025-07-03 13:20:34,2025-07-03 13:37:34.703038,2025-07-03 13:53:31.800000,2025-07-03 13:59:53.000,39.31666666666667,15.951616033333332,8,1,osrm
477,delivered,2025-07-03 13:20:38,2025-07-03 13:34:23.554582,2025-07-03 13:34:23.554582,2025-07-03 13:36:16.900,15.648333333333333,0.0,29,1,osrm
478,delivered,2025-07-03 13:21:00,2025-07-03 13:35:17.956469,2025-07-03 13:38:08.800000,2025-07-03 13:40:12.800,19.21333333333333,2.8473921833333335,52,1,osrm
479,delivered,2025-07-03 13:21:53,2025-07-03 13:35:28.499963,2025-07-03 13:37:30.100000,2025-07-03 13:39:41.000,17.8,2.0266672833333335,33,1,osrm
480,delivered,2025-07-03 13:25:28,2025-07-03 13:34:23.286419,2025-07-03 13:34:23.286419,2025-07-03 13:36:25.300,10.955,0.0,11,1,osrm
481,delivered,2025-07-03 13:25:22,2025-07-03 13:36:20.281094,2025-07-03 13:40:32.600000,2025-07-03 13:42:38.200,17.27,4.2053151,26,1,osrm
482,delivered,2025-07-03 13:26:24,2025-07-03 13:39:35.201314,2025-07-03 13:39:35.201314,2025-07-03 13:40:28.400,14.073333333333332,0.0,14,1,osrm
483,delivered,2025-07-03 13:26:52,2025-07-03 13:36:16.711549,2025-07-03 13:39:18.900000,2025-07-03 13:42:24.400,15.54,3.036474183333333,39,1,osrm
484,delivered,2025-07-03 13:28:48,2025-07-03 13:39:49.233760,2025-07-03 13:39:49.233760,2025-07-03 13:41:44.200,12.936666666666667,0.0,7,1,osrm
485,delivered,2025-07-03 13:29:34,2025-07-03 13:41:11.898598,2025-07-03 13:44:09.000000,2025-07-03 13:48:25.500,18.858333333333334,2.9516900333333336,18,1,osrm
486,delivered,2025-07-03 13:30:49,2025-07-03 13:41:46.473437,2025-07-03 13:43:20.600000,2025-07-03 13:46:18.400,15.49,1.56877605,40,1,osrm
487,delivered,2025-07-03 13:30:18,2025-07-03 13:42:32.815387,2025-07-03 13:43:35.900000,2025-07-03 13:48:31.400,18.223333333333336,1.0514102166666666,17,1,osrm
488,delivered,2025-07-03 13:34:06,2025-07-03 13:45:19.288568,2025-07-03 13:48:12.800000,2025-07-03 13:49:49.600,15.726666666666667,2.8918572,38,1,osrm
489,delivered,2025-07-03 13:34:24,2025-07-03 13:49:21.193852,2025-07-03 13:49:21.193852,2025-07-03 13:54:45.800,20.363333333333333,0.0,28,1,osrm
490,delivered,2025-07-03 13:37:45,2025-07-03 13:47:00.987370,2025-07-03 13:47:53.600000,2025-07-03 13:50:28.400,12.723333333333333,0.8768771666666667,29,1,osrm
491,delivered,2025-07-03 13:39:15,2025-07-03 13:50:14.959547,2025-07-03 13:54:34.800000,2025-07-03 13:58:58.200,19.720000000000002,4.330674216666667,22,1,osrm
492,delivered,2025-07-03 13:40:31,2025-07-03 13:53:10.939014,2025-07-03 13:54:33.800000,2025-07-03 13:58:35.700,18.078333333333333,1.3810164333333332,20,1,osrm
493,delivered,2025-07-03 13:40:32,2025-07-03 13:49:49.684902,2025-07-03 13:50:18.300000,2025-07-03 13:54:03.700,13.528333333333334,0.4769183,48,1,osrm
494,delivered,2025-07-03 13:45:55,2025-07-03 13:54:57.111476,2025-07-03 13:54:57.111476,2025-07-03 13:56:56.300,11.021666666666667,0.0,23,1,osrm
495,delivered,2025-07-03 13:46:19,2025-07-03 13:58:42.809646,2025-07-03 13:59:11.800000,2025-07-03 14:02:25.400,16.106666666666666,0.4831725666666667,9,1,osrm
496,delivered,2025-07-03 13:46:20,2025-07-03 14:00:43.310980,2025-07-03 14:03:16.100000,2025-07-03 14:05:34.000,19.233333333333334,2.5464836666666666,48,1,osrm
497,delivered,2025-07-03 13:46:52,2025-07-03 13:58:36.127604,2025-07-03 13:58:36.127604,2025-07-03 14:03:10.500,16.308333333333334,0.0,49,1,osrm
498,delivered,2025-07-03 13:46:53,2025-07-03 13:52:55.382152,2025-07-03 13:53:19.100000,2025-07-03 13:56:39.400,9.773333333333333,0.39529746666666665,7,1,osrm
499,delivered,2025-07-03 13:48:59,2025-07-03 13:55:53.587237,2025-07-03 13:58:55.100000,2025-07-03 14:01:56.500,12.958333333333334,3.0252127166666667,36,1,osrm
500,delivered,2025-07-03 13:49:42,2025-07-03 13:58:55.381772,2025-07-03 13:58:55.381772,2025-07-03 14:00:59.400,11.29,0.0,6,1,osrm
501,delivered,2025-07-03 13:50:52,2025-07-03 14:02:54.851805,2025-07-03 14:04:09.100000,2025-07-03 14:05:48.400,14.94,1.2374699166666665,40,1,osrm
502,delivered,2025-07-03 13:50:10,2025-07-03 14:06:58.853866,2025-07-03 14:08:23.600000,2025-07-03 14:12:13.500,22.058333333333334,1.4124355666666666,20,1,osrm
503,delivered,2025-07-03 13:53:59,2025-07-03 14:01:43.863509,2025-07-03 14:02:56.800000,2025-07-03 14:05:13.700,11.245000000000001,1.2156081833333334,37,1,osrm
504,delivered,2025-07-03 13:54:32,2025-07-03 14:04:56.701425,2025-07-03 14:04:56.701425,2025-07-03 14:07:01.700,12.495000000000001,0.0,39,1,osrm
505,delivered,2025-07-03 13:55:24,2025-07-03 14:09:18.929633,2025-07-03 14:09:18.929633,2025-07-03 14:11:51.800,16.46333333333333,0.0,14,1,osrm
506,delivered,2025-07-03 13:55:49,2025-07-03 14:03:33.243703,2025-07-03 14:04:42.700000,2025-07-03 14:07:49.500,12.008333333333333,1.15760495,27,1,osrm
507,delivered,2025-07-03 13:55:25,2025-07-03 14:08:33.437681,2025-07-03 14:09:32.500000,2025-07-03 14:12:35.300,17.171666666666667,0.9843719833333334,7,1,osrm
508,delivered,2025-07-03 13:57:43,2025-07-03 14:09:52.503761,2025-07-03 14:09:52.503761,2025-07-03 14:10:41.000,12.966666666666667,0.0,23,1,osrm
509,delivered,2025-07-03 13:58:27,2025-07-03 14:13:35.218385,2025-07-03 14:13:35.218385,2025-07-03 14:15:20.100,16.885,0.0,41,1,osrm
510,delivered,2025-07-03 14:01:28,2025-07-03 14:17:28.172891,2025-07-03 14:18:09.200000,2025-07-03 14:21:15.900,19.798333333333336,0.6837851500000001,37,1,osrm
511,delivered,2025-07-03 14:02:21,2025-07-03 14:11:17.510161,2025-07-03 14:15:04.300000,2025-07-03 14:17:51.200,15.503333333333334,3.77983065,6,1,osrm
512,delivered,2025-07-03 14:03:15,2025-07-03 14:14:36.171131,2025-07-03 14:14:36.171131,2025-07-03 14:16:02.100,12.785,0.0,9,1,osrm
513,delivered,2025-07-03 14:04:46,2025-07-03 14:15:39.795711,2025-07-03 14:18:55.800000,2025-07-03 14:23:03.600,18.293333333333333,3.26673815,34,1,osrm
514,delivered,2025-07-03 14:07:43,2025-07-03 14:17:06.977906,2025-07-03 14:17:59.900000,2025-07-03 14:22:00.400,14.29,0.8820349000000001,32,1,osrm
515,delivered,2025-07-03 14:08:20,2025-07-03 14:15:20.029848,2025-07-03 14:17:22.100000,2025-07-03 14:20:30.700,12.178333333333335,2.0345025333333333,39,1,osrm
516,delivered,2025-07-03 14:11:49,2025-07-03 14:21:44.164563,2025-07-03 14:24:26.700000,2025-07-03 14:26:43.500,14.908333333333333,2.70892395,10,1,osrm
517,delivered,2025-07-03 14:12:53,2025-07-03 14:22:15.990119,2025-07-03 14:24:26.700000,2025-07-03 14:27:37.800,14.746666666666666,2.1784980166666665,3,1,osrm
518,delivered,2025-07-03 14:12:45,2025-07-03 14:28:11.237557,2025-07-03 14:28:23.100000,2025-07-03 14:32:27.000,19.7,0.19770738333333335,1,1,osrm
519,delivered,2025-07-03 14:13:30,2025-07-03 14:28:13.527145,2025-07-03 14:29:04.300000,2025-07-03 14:31:18.400,17.80666666666667,0.84621425,41,1,osrm
520,delivered,2025-07-03 14:13:48,2025-07-03 14:24:19.263607,2025-07-03 14:24:19.263607,2025-07-03 14:26:12.900,12.415,0.0,46,1,osrm
521,delivered,2025-07-03 14:16:10,2025-07-03 14:22:00.735112,2025-07-03 14:23:39.800000,2025-07-03 14:26:59.700,10.828333333333335,1.6510814666666667,50,1,osrm
522,delivered,2025-07-03 14:16:22,2025-07-03 14:33:07.080405,2025-07-03 14:33:09.600000,2025-07-03 14:36:52.200,20.503333333333334,0.041993249999999996,32,1,osrm
523,delivered,2025-07-03 14:17:23,2025-07-03 14:32:38.302418,2025-07-03 14:32:49.300000,2025-07-03 14:34:47.400,17.40666666666667,0.18329303333333333,34,1,osrm
524,delivered,2025-07-03 14:22:31,2025-07-03 14:32:53.065665,2025-07-03 14:33:35.900000,2025-07-03 14:35:34.600,13.06,0.7139055833333334,23,1,osrm
525,delivered,2025-07-03 14:23:15,2025-07-03 14:34:56.992593,2025-07-03 14:34:56.992593,2025-07-03 14:37:57.300,14.705,0.0,22,1,osrm
526,delivered,2025-07-03 14:27:09,2025-07-03 14:39:57.796655,2025-07-03 14:39:57.796655,2025-07-03 14:42:11.000,15.033333333333333,0.0,18,1,osrm
527,delivered,2025-07-03 14:29:16,2025-07-03 14:35:55.054637,2025-07-03 14:39:10.400000,2025-07-03 14:43:39.100,14.385,3.25575605,38,1,osrm
528,delivered,2025-07-03 14:30:31,2025-07-03 14:40:11.748727,2025-07-03 14:45:47.400000,2025-07-03 14:49:05.300,18.571666666666665,5.594187883333333,27,1,osrm
529,delivered,2025-07-03 14:30:03,2025-07-03 14:43:17.883896,2025-07-03 14:45:08.300000,2025-07-03 14:48:40.600,18.626666666666665,1.8402684,33,1,osrm
530,delivered,2025-07-03 14:30:08,2025-07-03 14:39:23.994022,2025-07-03 14:39:23.994022,2025-07-03 14:41:12.900,11.081666666666667,0.0,31,1,osrm
531,delivered,2025-07-03 14:31:46,2025-07-03 14:46:24.417687,2025-07-03 14:47:25.500000,2025-07-03 14:50:05.100,18.31833333333333,1.01803855,32,1,osrm
532,delivered,2025-07-03 14:31:03,2025-07-03 14:43:30.037748,2025-07-03 14:46:09.800000,2025-07-03 14:49:12.900,18.165000000000003,2.6627042,26,1,osrm
533,delivered,2025-07-03 14:34:10,2025-07-03 14:48:09.362281,2025-07-03 14:48:13.500000,2025-07-03 14:52:54.500,18.741666666666667,0.06896198333333332,23,1,osrm
534,delivered,2025-07-03 14:36:40,2025-07-03 14:52:35.454201,2025-07-03 14:54:39.500000,2025-07-03 14:57:44.100,21.06833333333333,2.067429983333333,40,1,osrm
535,delivered,2025-07-03 14:37:30,2025-07-03 14:49:00.134746,2025-07-03 14:49:52.900000,2025-07-03 14:52:42.000,15.2,0.8794209,22,1,osrm
536,delivered,2025-07-03 14:38:56,2025-07-03 14:48:26.342909,2025-07-03 14:48:26.342909,2025-07-03 14:51:26.200,12.503333333333334,0.0,30,1,osrm
537,delivered,2025-07-03 14:39:59,2025-07-03 14:59:11.955442,2025-07-03 14:59:11.955442,2025-07-03 15:01:18.000,21.316666666666666,0.0,50,1,osrm
538,delivered,2025-07-03 14:42:23,2025-07-03 14:54:12.579867,2025-07-03 14:54:12.579867,2025-07-03 14:56:06.700,13.728333333333333,0.0,31,1,osrm
539,delivered,2025-07-03 14:42:31,2025-07-03 14:58:35.658208,2025-07-03 14:58:35.658208,2025-07-03 15:00:47.900,18.28166666666667,0.0,17,1,osrm
540,delivered,2025-07-03 14:42:51,2025-07-03 14:54:10.020448,2025-07-03 14:54:10.020448,2025-07-03 14:57:52.600,15.026666666666667,0.0,54,1,osrm
541,delivered,2025-07-03 14:42:13,2025-07-03 14:51:08.627595,2025-07-03 14:52:01.600000,2025-07-03 14:54:13.300,12.004999999999999,0.8828734166666667,51,1,osrm
542,delivered,2025-07-03 14:44:32,2025-07-03 14:54:27.156233,2025-07-03 14:55:38.800000,2025-07-03 14:59:57.400,15.423333333333334,1.1940627833333333,49,1,osrm
543,delivered,2025-07-03 14:45:06,2025-07-03 14:55:39.809488,2025-07-03 14:57:43.700000,2025-07-03 15:01:40.200,16.57,2.064841866666667,7,1,osrm
544,delivered,2025-07-03 14:46:44,2025-07-03 15:00:36.481683,2025-07-03 15:04:47.900000,2025-07-03 15:07:47.800,21.063333333333333,4.190305283333333,35,1,osrm
545,delivered,2025-07-03 14:46:03,2025-07-03 15:00:10.771584,2025-07-03 15:04:59.400000,2025-07-03 15:08:39.600,22.61,4.8104736,9,1,osrm
546,delivered,2025-07-03 14:48:03,2025-07-03 14:57:36.133112,2025-07-03 14:58:01.000000,2025-07-03 15:02:36.400,14.556666666666667,0.4144481333333333,1,1,osrm
547,delivered,2025-07-03 14:49:16,2025-07-03 15:01:11.234357,2025-07-03 15:04:02.600000,2025-07-03 15:05:48.500,16.541666666666668,2.8560940500000003,51,1,osrm
548,delivered,2025-07-03 14:51:49,2025-07-03 14:57:14.835626,2025-07-03 14:58:56.900000,2025-07-03 15:02:02.500,10.225,1.7010729,27,1,osrm
549,delivered,2025-07-03 14:54:45,2025-07-03 15:07:01.752754,2025-07-03 15:09:08.100000,2025-07-03 15:11:06.000,16.35,2.1057874333333335,31,1,osrm
550,delivered,2025-07-03 15:02:56,2025-07-03 15:14:58.540329,2025-07-03 15:15:09.500000,2025-07-03 15:19:14.400,16.306666666666665,0.18266118333333334,3,1,osrm
551,delivered,2025-07-03 15:03:36,2025-07-03 15:12:46.483699,2025-07-03 15:14:11.800000,2025-07-03 15:17:26.100,13.835,1.42193835,50,1,osrm
552,delivered,2025-07-03 15:05:13,2025-07-03 15:17:22.690722,2025-07-03 15:33:28.700000,2025-07-03 15:39:06.500,33.891666666666666,16.100154633333332,7,1,osrm
553,delivered,2025-07-03 15:05:03,2025-07-03 15:18:13.308571,2025-07-03 15:18:23.600000,2025-07-03 15:21:44.000,16.683333333333334,0.1715238166666667,37,1,osrm
554,delivered,2025-07-03 15:09:27,2025-07-03 15:22:03.087832,2025-07-03 15:27:37.000000,2025-07-03 15:32:42.500,23.258333333333333,5.5652028,46,1,osrm
555,delivered,2025-07-03 15:10:56,2025-07-03 15:22:21.416041,2025-07-03 15:23:02.600000,2025-07-03 15:25:59.400,15.056666666666667,0.6863993166666666,26,1,osrm
556,delivered,2025-07-03 15:10:45,2025-07-03 15:22:25.526455,2025-07-03 15:23:33.600000,2025-07-03 15:25:34.900,14.831666666666667,1.1345590833333332,54,1,osrm
557,delivered,2025-07-03 15:11:15,2025-07-03 15:25:23.260788,2025-07-03 15:29:32.300000,2025-07-03 15:34:01.600,22.776666666666664,4.150653533333333,10,1,osrm
558,delivered,2025-07-03 15:13:25,2025-07-03 15:27:43.940071,2025-07-03 15:34:28.900000,2025-07-03 15:39:39.100,26.235,6.74933215,2,1,osrm
559,delivered,2025-07-03 15:14:13,2025-07-03 15:28:39.225643,2025-07-03 15:31:03.900000,2025-07-03 15:32:58.800,18.763333333333332,2.411239283333333,3,1,osrm
560,delivered,2025-07-03 15:14:06,2025-07-03 15:27:14.406999,2025-07-03 15:29:44.700000,2025-07-03 15:34:16.000,20.166666666666668,2.50488335,50,1,osrm
561,delivered,2025-07-03 15:15:22,2025-07-03 15:23:17.383450,2025-07-03 15:25:59.800000,2025-07-03 15:28:36.700,13.245000000000001,2.7069425,31,1,osrm
562,delivered,2025-07-03 15:18:53,2025-07-03 15:30:36.160134,2025-07-03 15:34:50.300000,2025-07-03 15:38:00.300,19.121666666666666,4.2356644333333335,28,1,osrm
563,delivered,2025-07-03 15:18:47,2025-07-03 15:30:37.887264,2025-07-03 15:36:48.800000,2025-07-03 15:39:21.500,20.575,6.1818789333333335,41,1,osrm
564,delivered,2025-07-03 15:18:04,2025-07-03 15:31:52.934352,2025-07-03 15:35:11.300000,2025-07-03 15:37:53.400,19.823333333333334,3.306094133333333,14,1,osrm
565,delivered,2025-07-03 15:18:04,2025-07-03 15:25:23.268840,2025-07-03 15:28:19.700000,2025-07-03 15:31:15.900,13.198333333333332,2.9405193333333335,16,1,osrm
566,delivered,2025-07-03 15:20:22,2025-07-03 15:32:06.083405,2025-07-03 15:33:33.600000,2025-07-03 15:35:38.700,15.278333333333334,1.4586099166666666,37,1,osrm
567,delivered,2025-07-03 15:21:18,2025-07-03 15:35:23.098295,2025-07-03 15:37:37.300000,2025-07-03 15:40:47.200,19.486666666666668,2.2366950833333332,31,1,osrm
568,delivered,2025-07-03 15:21:23,2025-07-03 15:35:12.245762,2025-07-03 15:49:28.900000,2025-07-03 15:54:32.900,33.165,14.277570633333333,41,1,osrm
569,delivered,2025-07-03 15:21:03,2025-07-03 15:33:03.422075,2025-07-03 15:37:16.200000,2025-07-03 15:39:14.700,18.195,4.212965416666667,39,1,osrm
570,delivered,2025-07-03 15:23:06,2025-07-03 15:35:45.213058,2025-07-03 15:38:28.700000,2025-07-03 15:42:38.000,19.533333333333335,2.7247823666666666,49,1,osrm
571,delivered,2025-07-03 15:23:25,2025-07-03 15:38:18.559184,2025-07-03 15:39:52.700000,2025-07-03 15:44:15.200,20.836666666666666,1.5690136000000001,35,1,osrm
572,delivered,2025-07-03 15:24:42,2025-07-03 15:34:48.574910,2025-07-03 15:34:48.574910,2025-07-03 15:37:30.000,12.8,0.0,22,1,osrm
573,delivered,2025-07-03 15:26:44,2025-07-03 15:38:19.024423,2025-07-03 15:39:51.600000,2025-07-03 15:43:52.200,17.136666666666667,1.5429262833333333,40,1,osrm
574,delivered,2025-07-03 15:27:01,2025-07-03 15:40:52.236505,2025-07-03 15:42:53.700000,2025-07-03 15:43:44.700,16.728333333333335,2.0243915833333332,27,1,osrm
575,delivered,2025-07-03 15:27:32,2025-07-03 15:42:28.853970,2025-07-03 15:46:05.900000,2025-07-03 15:48:56.900,21.415000000000003,3.6174338333333336,8,1,osrm
576,delivered,2025-07-03 15:27:52,2025-07-03 15:40:44.488636,2025-07-03 15:43:30.100000,2025-07-03 15:46:01.600,18.16,2.7601894000000002,3,1,osrm
577,delivered,2025-07-03 15:28:27,2025-07-03 15:35:21.016181,2025-07-03 15:39:03.100000,2025-07-03 15:42:40.800,14.229999999999999,3.7013969833333333,54,1,osrm
578,delivered,2025-07-03 15:29:04,2025-07-03 15:42:07.213948,2025-07-03 15:43:16.000000,2025-07-03 15:45:21.400,16.29,1.1464342,52,1,osrm
579,delivered,2025-07-03 15:30:55,2025-07-03 15:38:28.228735,2025-07-03 15:39:28.200000,2025-07-03 15:41:43.700,10.811666666666667,0.9995210833333333,51,1,osrm
580,delivered,2025-07-03 15:30:04,2025-07-03 15:45:36.026915,2025-07-03 15:48:01.500000,2025-07-03 15:50:27.600,20.39333333333333,2.4245514166666666,12,1,osrm
581,delivered,2025-07-03 15:30:50,2025-07-03 15:48:55.653352,2025-07-03 15:48:55.653352,2025-07-03 15:50:17.000,19.45,0.0,36,1,osrm
582,delivered,2025-07-03 15:30:05,2025-07-03 15:43:44.820607,2025-07-03 15:46:45.200000,2025-07-03 15:49:52.300,19.788333333333334,3.0063232166666665,15,1,osrm
583,delivered,2025-07-03 15:31:31,2025-07-03 15:41:14.506107,2025-07-03 15:48:09.700000,2025-07-03 15:52:27.400,20.94,6.919898216666667,6,1,osrm
584,delivered,2025-07-03 15:31:25,2025-07-03 15:42:37.999401,2025-07-03 15:49:17.400000,2025-07-03 15:54:05.300,22.671666666666667,6.65667665,37,1,osrm
585,delivered,2025-07-03 15:32:49,2025-07-03 15:42:46.516500,2025-07-03 15:43:58.300000,2025-07-03 15:46:33.800,13.746666666666666,1.1963916666666667,5,1,osrm
586,delivered,2025-07-03 15:33:16,2025-07-03 15:42:56.890358,2025-07-03 15:42:56.890358,2025-07-03 15:45:34.900,12.315,0.0,30,1,osrm
587,delivered,2025-07-03 15:33:01,2025-07-03 15:45:50.506008,2025-07-03 15:47:53.700000,2025-07-03 15:50:17.100,17.26833333333333,2.0532331999999998,11,1,osrm
588,delivered,2025-07-03 15:33:17,2025-07-03 15:40:15.038176,2025-07-03 15:42:00.800000,2025-07-03 15:44:45.400,11.473333333333333,1.7626970666666668,19,1,osrm
589,delivered,2025-07-03 15:34:03,2025-07-03 15:46:43.987815,2025-07-03 15:48:20.700000,2025-07-03 15:49:33.100,15.501666666666667,1.61186975,14,1,osrm
590,delivered,2025-07-03 15:37:33,2025-07-03 15:46:09.911521,2025-07-03 15:49:14.800000,2025-07-03 15:52:51.200,15.303333333333335,3.0814746499999996,39,1,osrm
591,delivered,2025-07-03 15:38:20,2025-07-03 15:50:07.446078,2025-07-03 15:53:01.500000,2025-07-03 15:54:57.300,16.621666666666666,2.9008987,23,1,osrm
592,delivered,2025-07-03 15:39:52,2025-07-03 15:56:22.325434,2025-07-03 15:59:04.200000,2025-07-03 16:04:34.000,24.7,2.6979094333333333,15,1,osrm
593,delivered,2025-07-03 15:40:10,2025-07-03 15:56:51.527668,2025-07-03 15:59:48.800000,2025-07-03 16:04:01.000,23.85,2.9545388666666668,55,1,osrm
594,delivered,2025-07-03 15:40:48,2025-07-03 15:51:10.702825,2025-07-03 15:53:54.400000,2025-07-03 15:57:10.000,16.366666666666667,2.7282862499999996,48,1,osrm
595,delivered,2025-07-03 15:40:26,2025-07-03 15:56:00.026559,2025-07-03 15:58:09.300000,2025-07-03 16:01:13.000,20.783333333333335,2.1545573499999997,3,1,osrm
596,delivered,2025-07-03 15:40:05,2025-07-03 15:54:11.819178,2025-07-03 16:02:17.600000,2025-07-03 16:07:47.700,27.711666666666666,8.096347033333334,37,1,osrm
597,delivered,2025-07-03 15:40:51,2025-07-03 16:00:20.930385,2025-07-03 16:02:53.300000,2025-07-03 16:07:05.900,26.248333333333335,2.5394935833333334,26,1,osrm
598,delivered,2025-07-03 15:40:53,2025-07-03 15:53:18.741711,2025-07-03 15:55:42.700000,2025-07-03 15:58:01.100,17.134999999999998,2.3993048166666666,43,1,osrm
599,delivered,2025-07-03 15:42:56,2025-07-03 15:54:07.596162,2025-07-03 15:56:16.200000,2025-07-03 15:58:40.900,15.748333333333333,2.1433972999999997,13,1,osrm
600,delivered,2025-07-03 15:42:18,2025-07-03 15:57:50.145418,2025-07-03 15:59:25.300000,2025-07-03 16:03:51.200,21.553333333333335,1.5859097,5,1,osrm
601,delivered,2025-07-03 15:44:51,2025-07-03 15:52:41.748311,2025-07-03 15:53:37.900000,2025-07-03 15:56:50.400,11.99,0.9358614833333333,49,1,osrm
602,delivered,2025-07-03 15:45:46,2025-07-03 15:55:37.899494,2025-07-03 15:57:19.000000,2025-07-03 16:01:11.100,15.418333333333333,1.6850084333333333,46,1,osrm
603,delivered,2025-07-03 15:48:14,2025-07-03 15:58:32.474023,2025-07-03 15:58:32.474023,2025-07-03 16:03:01.200,14.786666666666667,0.0,2,1,osrm
604,delivered,2025-07-03 15:50:40,2025-07-03 16:04:10.324827,2025-07-03 16:04:10.324827,2025-07-03 16:04:30.800,13.846666666666666,0.0,6,1,osrm
605,delivered,2025-07-03 15:50:22,2025-07-03 15:58:58.641483,2025-07-03 15:59:34.100000,2025-07-03 16:01:22.200,11.003333333333334,0.5909752833333334,30,1,osrm
606,delivered,2025-07-03 15:50:49,2025-07-03 15:59:19.072176,2025-07-03 15:59:19.072176,2025-07-03 16:00:36.400,9.79,0.0,1,1,osrm
607,delivered,2025-07-03 15:50:33,2025-07-03 16:03:59.749204,2025-07-03 16:03:59.749204,2025-07-03 16:06:07.000,15.566666666666666,0.0,39,1,osrm
608,delivered,2025-07-03 15:51:34,2025-07-03 16:00:23.004415,2025-07-03 16:03:21.300000,2025-07-03 16:06:37.100,15.051666666666668,2.971593083333333,25,1,osrm
609,delivered,2025-07-03 15:51:48,2025-07-03 16:04:49.627386,2025-07-03 16:04:49.627386,2025-07-03 16:05:28.400,13.673333333333334,0.0,20,1,osrm
610,delivered,2025-07-03 15:51:25,2025-07-03 16:09:14.000176,2025-07-03 16:09:14.000176,2025-07-03 16:11:35.800,20.18,0.0,7,1,osrm
611,delivered,2025-07-03 15:51:53,2025-07-03 16:03:57.911202,2025-07-03 16:03:57.911202,2025-07-03 16:05:48.100,13.918333333333333,0.0,53,1,osrm
612,delivered,2025-07-03 15:52:01,2025-07-03 16:06:48.452060,2025-07-03 16:09:50.000000,2025-07-03 16:12:22.200,20.353333333333335,3.025799,23,1,osrm
613,delivered,2025-07-03 15:52:10,2025-07-03 16:01:42.560773,2025-07-03 16:03:02.700000,2025-07-03 16:05:43.200,13.553333333333335,1.3356537833333335,41,1,osrm
614,delivered,2025-07-03 15:53:51,2025-07-03 16:05:37.052125,2025-07-03 16:08:19.400000,2025-07-03 16:12:21.700,18.511666666666667,2.7057979166666666,43,1,osrm
615,delivered,2025-07-03 15:54:00,2025-07-03 16:07:54.541356,2025-07-03 16:09:41.700000,2025-07-03 16:12:11.400,18.19,1.7859774,44,1,osrm
616,delivered,2025-07-03 15:55:41,2025-07-03 16:03:51.562285,2025-07-03 16:04:10.300000,2025-07-03 16:07:18.400,11.623333333333333,0.31229525,10,1,osrm
617,delivered,2025-07-03 15:55:09,2025-07-03 16:06:46.857323,2025-07-03 16:08:52.000000,2025-07-03 16:13:33.900,18.415000000000003,2.0857112833333336,35,1,osrm
618,delivered,2025-07-03 15:56:37,2025-07-03 16:10:48.766169,2025-07-03 16:14:35.800000,2025-07-03 16:17:03.400,20.44,3.783897183333333,27,1,osrm
619,delivered,2025-07-03 15:57:32,2025-07-03 16:03:26.230331,2025-07-03 16:03:26.230331,2025-07-03 16:07:55.100,10.385,0.0,40,1,osrm
620,delivered,2025-07-03 15:57:37,2025-07-03 16:02:37.000000,2025-07-03 16:04:34.400000,2025-07-03 16:08:17.700,10.678333333333335,1.9566666666666668,11,1,osrm
621,delivered,2025-07-03 15:59:53,2025-07-03 16:13:57.486918,2025-07-03 16:14:50.000000,2025-07-03 16:15:59.400,16.106666666666666,0.8752180333333333,45,1,osrm
622,delivered,2025-07-03 16:01:38,2025-07-03 16:16:34.670916,2025-07-03 16:19:14.900000,2025-07-03 16:23:23.300,21.755,2.6704847333333332,28,1,osrm
623,delivered,2025-07-03 16:01:26,2025-07-03 16:10:50.303701,2025-07-03 16:13:22.900000,2025-07-03 16:16:38.600,15.21,2.54327165,33,1,osrm
624,delivered,2025-07-03 16:01:08,2025-07-03 16:16:29.793797,2025-07-03 16:30:36.400000,2025-07-03 16:34:33.100,33.41833333333333,14.110103383333334,6,1,osrm
625,delivered,2025-07-03 16:03:09,2025-07-03 16:14:02.786994,2025-07-03 16:16:33.200000,2025-07-03 16:19:45.000,16.6,2.5068834333333334,3,1,osrm
626,delivered,2025-07-03 16:05:27,2025-07-03 16:14:17.000695,2025-07-03 16:14:53.400000,2025-07-03 16:17:06.600,11.66,0.6066550833333333,30,1,osrm
627,delivered,2025-07-03 16:05:46,2025-07-03 16:12:07.144764,2025-07-03 16:13:52.000000,2025-07-03 16:16:25.600,10.66,1.7475872666666667,6,1,osrm
628,delivered,2025-07-03 16:05:05,2025-07-03 16:16:04.587374,2025-07-03 16:18:29.200000,2025-07-03 16:23:05.300,18.005,2.4102104333333334,49,1,osrm
629,delivered,2025-07-03 16:05:11,2025-07-03 16:13:32.602360,2025-07-03 16:15:08.300000,2025-07-03 16:17:04.100,11.885,1.5949606666666667,1,1,osrm
630,delivered,2025-07-03 16:05:07,2025-07-03 16:14:10.130741,2025-07-03 16:14:10.130741,2025-07-03 16:14:34.300,9.455,0.0,2,1,osrm
631,delivered,2025-07-03 16:06:48,2025-07-03 16:15:29.866353,2025-07-03 16:35:57.840890,2025-07-03 16:41:16.200,34.47,20.466242283333333,29,2,osrm
632,delivered,2025-07-03 16:06:11,2025-07-03 16:17:48.013861,2025-07-03 16:32:13.500000,2025-07-03 16:38:49.100,32.635,14.424768983333333,13,2,osrm
633,delivered,2025-07-03 16:06:31,2025-07-03 16:16:41.606160,2025-07-03 16:18:33.400000,2025-07-03 16:22:03.600,15.543333333333333,1.8632306666666667,41,1,osrm
634,delivered,2025-07-03 16:06:58,2025-07-03 16:16:28.355978,2025-07-03 16:24:07.500000,2025-07-03 16:28:25.200,21.453333333333333,7.652400366666667,44,3,osrm
635,delivered,2025-07-03 16:06:42,2025-07-03 16:22:51.182142,2025-07-03 16:25:02.200000,2025-07-03 16:29:44.600,23.043333333333333,2.1836309666666667,9,2,osrm
636,delivered,2025-07-03 16:06:45,2025-07-03 16:16:03.887035,2025-07-03 16:32:13.500000,2025-07-03 16:38:49.100,32.068333333333335,16.160216083333335,13,2,osrm
637,delivered,2025-07-03 16:07:26,2025-07-03 16:21:43.803947,2025-07-03 16:23:56.200000,2025-07-03 16:29:31.600,22.09333333333333,2.206600883333333,8,2,osrm
638,delivered,2025-07-03 16:07:30,2025-07-03 16:12:51.749350,2025-07-03 16:20:04.100000,2025-07-03 16:24:08.600,16.643333333333334,7.205844166666666,26,1,osrm
639,delivered,2025-07-03 16:07:08,2025-07-03 16:28:53.509689,2025-07-03 16:28:53.509689,2025-07-03 16:31:09.000,24.016666666666666,0.0,12,1,osrm
640,delivered,2025-07-03 16:07:37,2025-07-03 16:19:02.767249,2025-07-03 16:23:56.200000,2025-07-03 16:29:31.600,21.91,4.89054585,8,2,osrm
641,delivered,2025-07-03 16:07:43,2025-07-03 16:18:37.088702,2025-07-03 16:18:37.088702,2025-07-03 16:19:35.100,11.868333333333334,0.0,10,1,osrm
642,delivered,2025-07-03 16:08:09,2025-07-03 16:18:21.616383,2025-07-03 16:45:23.891673,2025-07-03 16:40:22.000,32.21666666666667,27.0379215,14,2,osrm
643,delivered,2025-07-03 16:09:52,2025-07-03 16:21:48.788550,2025-07-03 16:38:34.500000,2025-07-03 16:50:18.900,40.44833333333334,16.7618575,7,3,osrm
644,delivered,2025-07-03 16:09:53,2025-07-03 16:23:58.444543,2025-07-03 16:29:50.000000,2025-07-03 16:33:31.400,23.64,5.859257616666667,30,1,osrm
645,delivered,2025-07-03 16:09:55,2025-07-03 16:20:13.328485,2025-07-03 16:41:13.049465,2025-07-03 16:46:31.600,36.61,20.995349666666666,50,2,osrm
646,delivered,2025-07-03 16:09:35,2025-07-03 16:23:54.354632,2025-07-03 16:49:48.272013,2025-07-03 16:45:12.400,35.623333333333335,25.898623016666665,35,3,osrm
647,delivered,2025-07-03 16:10:46,2025-07-03 16:22:18.049239,2025-07-03 16:22:18.049239,2025-07-03 16:25:39.300,14.888333333333332,0.0,46,1,osrm
648,delivered,2025-07-03 16:11:16,2025-07-03 16:21:41.349598,2025-07-03 16:24:07.500000,2025-07-03 16:28:25.200,17.153333333333332,2.4358400333333337,44,3,osrm
649,delivered,2025-07-03 16:11:08,2025-07-03 16:25:28.321348,2025-07-03 16:29:36.200000,2025-07-03 16:33:02.900,21.915000000000003,4.1313108666666665,18,1,osrm
650,delivered,2025-07-03 16:11:45,2025-07-03 16:22:58.433695,2025-07-03 16:24:46.200000,2025-07-03 16:27:23.100,15.635,1.7961050833333334,35,1,osrm
651,delivered,2025-07-03 16:12:09,2025-07-03 16:25:21.713178,2025-07-03 16:28:54.200000,2025-07-03 16:33:40.600,21.526666666666664,3.541447033333333,52,2,osrm
652,delivered,2025-07-03 16:12:54,2025-07-03 16:30:25.568725,2025-07-03 16:48:11.600000,2025-07-03 16:52:54.300,40.005,17.767187916666668,15,2,osrm
653,delivered,2025-07-03 16:12:36,2025-07-03 16:25:05.867954,2025-07-03 16:46:10.911575,2025-07-03 16:51:39.000,39.05,21.08406035,32,3,osrm
654,delivered,2025-07-03 16:12:15,2025-07-03 16:24:30.851181,2025-07-03 16:25:02.200000,2025-07-03 16:29:44.600,17.493333333333332,0.5224803166666666,9,2,osrm
655,delivered,2025-07-03 16:13:07,2025-07-03 16:25:02.808682,2025-07-03 16:28:54.200000,2025-07-03 16:33:40.600,20.56,3.856521966666667,52,2,osrm
656,delivered,2025-07-03 16:13:00,2025-07-03 16:28:54.763164,2025-07-03 16:43:08.000000,2025-07-03 16:53:10.000,40.166666666666664,14.220613933333334,41,3,osrm
657,delivered,2025-07-03 16:14:33,2025-07-03 16:26:31.294027,2025-07-03 16:28:07.500000,2025-07-03 16:31:31.700,16.978333333333335,1.6034328833333333,20,1,osrm
658,delivered,2025-07-03 16:14:57,2025-07-03 16:29:02.993062,2025-07-03 16:38:34.500000,2025-07-03 16:50:18.900,35.365,9.525115633333334,7,3,osrm
659,delivered,2025-07-03 16:14:19,2025-07-03 16:24:45.333180,2025-07-03 16:47:52.205895,2025-07-03 16:52:28.200,38.15333333333333,23.11454525,53,3,osrm
660,delivered,2025-07-03 16:15:06,2025-07-03 16:26:38.369157,2025-07-03 16:53:52.236021,2025-07-03 16:51:42.400,36.60666666666667,27.231114400000003,37,3,osrm
661,delivered,2025-07-03 16:16:12,2025-07-03 16:26:07.238060,2025-07-03 16:44:34.700000,2025-07-03 16:50:02.800,33.846666666666664,18.457698999999998,22,3,osrm
662,delivered,2025-07-03 16:16:57,2025-07-03 16:28:31.497381,2025-07-03 16:47:52.205895,2025-07-03 16:52:28.200,35.519999999999996,19.345141899999998,53,3,osrm
663,delivered,2025-07-03 16:16:10,2025-07-03 16:24:46.350796,2025-07-03 16:24:46.350796,2025-07-03 16:27:31.900,11.365,0.0,43,1,osrm
664,delivered,2025-07-03 16:19:31,2025-07-03 16:27:49.019098,2025-07-03 16:27:49.019098,2025-07-03 16:29:33.200,10.036666666666667,0.0,53,1,osrm
665,delivered,2025-07-03 16:19:14,2025-07-03 16:30:19.284370,2025-07-03 16:36:01.200000,2025-07-03 16:39:18.200,20.07,5.698593833333334,23,1,osrm
666,delivered,2025-07-03 16:20:32,2025-07-03 16:35:16.586551,2025-07-03 16:51:02.327913,2025-07-03 16:53:45.500,33.225,15.762356033333333,27,4,osrm
667,delivered,2025-07-03 16:20:41,2025-07-03 16:35:42.367379,2025-07-03 16:48:04.100000,2025-07-03 16:53:37.600,32.943333333333335,12.36221035,45,2,osrm
668,delivered,2025-07-03 16:20:15,2025-07-03 16:29:22.429265,2025-07-03 16:42:40.400000,2025-07-03 16:48:54.600,28.66,13.29951225,30,2,osrm
669,delivered,2025-07-03 16:20:09,2025-07-03 16:32:40.805019,2025-07-03 16:51:02.327913,2025-07-03 16:53:45.500,33.608333333333334,18.3587149,27,4,osrm
670,delivered,2025-07-03 16:20:00,2025-07-03 16:25:00.000000,2025-07-03 16:25:17.000000,2025-07-03 16:28:09.900,8.165,0.2833333333333333,7,1,osrm
671,delivered,2025-07-03 16:20:18,2025-07-03 16:32:07.752958,2025-07-03 16:33:28.200000,2025-07-03 16:35:50.200,15.536666666666667,1.3407840333333332,47,1,osrm
672,delivered,2025-07-03 16:21:24,2025-07-03 16:27:36.533609,2025-07-03 16:42:40.400000,2025-07-03 16:48:54.600,27.509999999999998,15.064439850000001,30,2,osrm
673,delivered,2025-07-03 16:21:39,2025-07-03 16:34:29.930571,2025-07-03 16:43:59.600000,2025-07-03 16:55:23.300,33.73833333333333,9.494490483333333,51,3,osrm
674,delivered,2025-07-03 16:21:29,2025-07-03 16:33:30.732307,2025-07-03 16:44:54.526548,2025-07-03 16:48:34.300,27.08833333333333,11.396570683333334,12,3,osrm
675,delivered,2025-07-03 16:21:08,2025-07-03 16:33:16.083795,2025-07-03 16:33:16.083795,2025-07-03 16:35:47.000,14.65,0.0,15,1,osrm
676,delivered,2025-07-03 16:21:37,2025-07-03 16:32:20.960814,2025-07-03 16:39:44.200000,2025-07-03 16:44:30.100,22.884999999999998,7.387319766666667,33,2,osrm
677,delivered,2025-07-03 16:22:04,2025-07-03 16:29:25.556724,2025-07-03 16:43:59.600000,2025-07-03 16:55:23.300,33.321666666666665,14.567387933333332,51,3,osrm
678,delivered,2025-07-03 16:23:00,2025-07-03 16:31:15.506495,2025-07-03 16:38:34.500000,2025-07-03 16:50:18.900,27.315,7.316558416666667,7,3,osrm
679,delivered,2025-07-03 16:23:06,2025-07-03 16:36:06.503710,2025-07-03 16:39:44.200000,2025-07-03 16:44:30.100,21.401666666666664,3.6282715,33,2,osrm
680,delivered,2025-07-03 16:24:47,2025-07-03 16:35:57.840890,2025-07-03 16:35:57.840890,2025-07-03 16:41:16.200,16.486666666666668,0.0,29,2,osrm
681,delivered,2025-07-03 16:24:45,2025-07-03 16:39:26.722263,2025-07-03 16:44:34.700000,2025-07-03 16:50:02.800,25.296666666666667,5.132962283333333,22,3,osrm
682,delivered,2025-07-03 16:24:25,2025-07-03 16:36:46.702087,2025-07-03 16:43:08.000000,2025-07-03 16:53:10.000,28.75,6.354965216666667,41,3,osrm
683,delivered,2025-07-03 16:24:07,2025-07-03 16:33:51.256059,2025-07-03 16:51:51.700000,2025-07-03 16:57:12.300,33.08833333333333,18.007399016666668,5,1,osrm
684,delivered,2025-07-03 16:24:23,2025-07-03 16:35:07.991344,2025-07-03 16:53:52.236021,2025-07-03 16:51:42.400,27.323333333333334,18.737411283333334,37,3,osrm
685,delivered,2025-07-03 16:24:21,2025-07-03 16:41:24.439090,2025-07-03 16:48:34.077952,2025-07-03 16:52:03.800,27.71333333333333,7.1606477,13,2,osrm
686,delivered,2025-07-03 16:25:54,2025-07-03 16:42:28.518386,2025-07-03 16:57:51.500000,2025-07-03 17:03:33.500,37.65833333333333,15.3830269,31,2,osrm
687,delivered,2025-07-03 16:25:06,2025-07-03 16:41:13.049465,2025-07-03 16:41:13.049465,2025-07-03 16:46:31.600,21.426666666666666,0.0,50,2,osrm
688,delivered,2025-07-03 16:25:36,2025-07-03 16:32:52.909393,2025-07-03 16:57:08.941947,2025-07-03 16:54:25.700,28.828333333333333,24.267209233333332,1,2,osrm
689,delivered,2025-07-03 16:27:38,2025-07-03 16:39:44.022551,2025-07-03 16:54:43.380507,2025-07-03 16:58:01.500,30.391666666666666,14.989299266666666,21,2,osrm
690,delivered,2025-07-03 16:27:51,2025-07-03 16:34:42.627776,2025-07-03 16:58:43.752189,2025-07-03 17:04:11.000,36.333333333333336,24.018740216666668,52,3,osrm
691,delivered,2025-07-03 16:27:52,2025-07-03 16:35:12.841134,2025-07-03 16:38:10.800000,2025-07-03 16:41:23.400,13.523333333333333,2.9659811,21,1,osrm
692,delivered,2025-07-03 16:27:32,2025-07-03 16:40:31.577450,2025-07-03 16:53:36.300000,2025-07-03 16:58:41.100,31.151666666666664,13.078709166666666,34,2,osrm
693,delivered,2025-07-03 16:27:33,2025-07-03 16:39:43.133966,2025-07-03 16:49:48.272013,2025-07-03 16:45:12.400,17.65666666666667,10.085634116666666,35,3,osrm
694,delivered,2025-07-03 16:28:35,2025-07-03 16:42:45.270007,2025-07-03 16:53:22.400000,2025-07-03 16:58:48.600,30.226666666666667,10.618833216666667,33,2,osrm
695,delivered,2025-07-03 16:28:27,2025-07-03 16:41:01.108681,2025-07-03 16:43:08.000000,2025-07-03 16:53:10.000,24.716666666666665,2.1148553166666666,41,3,osrm
696,delivered,2025-07-03 16:29:10,2025-07-03 16:38:40.528453,2025-07-03 16:46:10.911575,2025-07-03 16:51:39.000,22.483333333333334,7.506385366666667,32,3,osrm
697,delivered,2025-07-03 16:29:32,2025-07-03 16:45:23.891673,2025-07-03 16:45:23.891673,2025-07-03 16:40:22.000,10.833333333333334,0.0,14,2,osrm
698,delivered,2025-07-03 16:30:53,2025-07-03 16:43:09.469146,2025-07-03 16:44:54.526548,2025-07-03 16:48:34.300,17.688333333333333,1.7509567,12,3,osrm
699,delivered,2025-07-03 16:30:35,2025-07-03 16:43:26.373797,2025-07-03 16:47:53.100000,2025-07-03 16:51:11.800,20.613333333333333,4.445436716666666,38,3,osrm
700,delivered,2025-07-03 16:30:36,2025-07-03 16:38:46.611993,2025-07-03 16:54:53.930414,2025-07-03 16:59:34.300,28.971666666666668,16.121973683333334,29,3,osrm
701,delivered,2025-07-03 16:31:59,2025-07-03 16:48:03.778092,2025-07-03 16:48:32.400000,2025-07-03 16:54:55.000,22.933333333333334,0.4770318,4,2,osrm
702,delivered,2025-07-03 16:31:31,2025-07-03 16:42:47.506832,2025-07-03 16:49:10.600000,2025-07-03 16:52:50.400,21.323333333333334,6.3848861333333335,54,1,osrm
703,delivered,2025-07-03 16:31:07,2025-07-03 16:44:00.996846,2025-07-03 16:54:53.930414,2025-07-03 16:59:34.300,28.455,10.882226133333335,29,3,osrm
704,delivered,2025-07-03 16:31:26,2025-07-03 16:43:18.611546,2025-07-03 16:48:04.100000,2025-07-03 16:53:37.600,22.19333333333333,4.7581409,45,2,osrm
705,delivered,2025-07-03 16:32:32,2025-07-03 16:48:22.699868,2025-07-03 16:58:43.752189,2025-07-03 17:04:11.000,31.65,10.350872016666667,52,3,osrm
706,delivered,2025-07-03 16:32:38,2025-07-03 16:47:52.205895,2025-07-03 16:47:52.205895,2025-07-03 16:52:28.200,19.836666666666666,0.0,53,3,osrm
707,delivered,2025-07-03 16:32:26,2025-07-03 16:46:22.670301,2025-07-03 17:03:22.200000,2025-07-03 17:08:33.700,36.12833333333333,16.99216165,26,2,osrm
708,delivered,2025-07-03 16:32:25,2025-07-03 16:40:23.645850,2025-07-03 17:02:39.073945,2025-07-03 17:06:17.000,33.86666666666667,22.257134916666665,39,4,osrm
709,delivered,2025-07-03 16:32:27,2025-07-03 16:44:54.526548,2025-07-03 16:44:54.526548,2025-07-03 16:48:34.300,16.121666666666666,0.0,12,3,osrm
710,delivered,2025-07-03 16:33:50,2025-07-03 16:46:10.911575,2025-07-03 16:46:10.911575,2025-07-03 16:51:39.000,17.816666666666666,0.0,32,3,osrm
711,delivered,2025-07-03 16:34:54,2025-07-03 16:49:48.272013,2025-07-03 16:49:48.272013,2025-07-03 16:45:12.400,10.306666666666667,0.0,35,3,osrm
712,delivered,2025-07-03 16:34:08,2025-07-03 16:43:38.039719,2025-07-03 16:53:36.300000,2025-07-03 16:58:41.100,24.551666666666666,9.971004683333332,34,2,osrm
713,delivered,2025-07-03 16:35:47,2025-07-03 16:48:34.077952,2025-07-03 16:48:34.077952,2025-07-03 16:52:03.800,16.279999999999998,0.0,13,2,osrm
714,delivered,2025-07-03 16:35:08,2025-07-03 16:45:41.358743,2025-07-03 16:48:11.600000,2025-07-03 16:52:54.300,17.771666666666665,2.5040209499999997,15,2,osrm
715,delivered,2025-07-03 16:36:22,2025-07-03 16:50:21.629045,2025-07-03 16:58:48.000000,2025-07-03 17:04:59.700,28.628333333333334,8.439515916666666,23,2,osrm
716,delivered,2025-07-03 16:36:16,2025-07-03 16:43:55.295513,2025-07-03 16:43:59.600000,2025-07-03 16:55:23.300,19.121666666666666,0.07174145,51,3,osrm
717,delivered,2025-07-03 16:36:08,2025-07-03 16:47:14.471130,2025-07-03 17:04:34.700000,2025-07-03 17:10:01.200,33.88666666666667,17.337147833333333,41,3,osrm
718,delivered,2025-07-03 16:37:33,2025-07-03 16:50:05.119316,2025-07-03 16:53:22.400000,2025-07-03 16:58:48.600,21.259999999999998,3.2880114000000003,33,2,osrm
719,delivered,2025-07-03 16:37:09,2025-07-03 16:49:49.188564,2025-07-03 17:02:39.073945,2025-07-03 17:06:17.000,29.133333333333333,12.831423016666667,39,4,osrm
720,delivered,2025-07-03 16:37:17,2025-07-03 16:45:17.651657,2025-07-03 16:47:53.100000,2025-07-03 16:51:11.800,13.913333333333332,2.5908057166666665,38,3,osrm
721,delivered,2025-07-03 16:37:06,2025-07-03 16:49:49.148104,2025-07-03 17:04:34.700000,2025-07-03 17:10:01.200,32.92,14.759198266666667,41,3,osrm
722,delivered,2025-07-03 16:38:20,2025-07-03 16:53:52.236021,2025-07-03 16:53:52.236021,2025-07-03 16:51:42.400,13.373333333333333,0.0,37,3,osrm
723,delivered,2025-07-03 16:39:23,2025-07-03 16:47:55.272386,2025-07-03 16:48:32.400000,2025-07-03 16:54:55.000,15.533333333333333,0.6187935666666667,4,2,osrm
724,delivered,2025-07-03 16:40:06,2025-07-03 16:48:43.461356,2025-07-03 17:12:52.896521,2025-07-03 17:09:54.600,29.81,24.15725275,27,2,osrm
725,delivered,2025-07-03 16:40:23,2025-07-03 16:50:40.207851,2025-07-03 16:53:20.400000,2025-07-03 16:58:39.100,18.26833333333333,2.66986915,42,2,osrm
726,delivered,2025-07-03 16:40:41,2025-07-03 16:53:04.974268,2025-07-03 16:53:04.974268,2025-07-03 16:59:38.300,18.955,0.0,28,2,osrm
727,delivered,2025-07-03 16:40:48,2025-07-03 16:57:08.941947,2025-07-03 16:57:08.941947,2025-07-03 16:54:25.700,13.628333333333334,0.0,1,2,osrm
728,delivered,2025-07-03 16:41:46,2025-07-03 16:56:59.213728,2025-07-03 17:04:42.300000,2025-07-03 17:10:12.500,28.441666666666666,7.718104533333333,13,2,osrm
729,delivered,2025-07-03 16:41:12,2025-07-03 16:58:23.093521,2025-07-03 17:15:00.600000,2025-07-03 17:23:57.200,42.75333333333333,16.625107983333333,52,2,osrm
730,delivered,2025-07-03 16:41:43,2025-07-03 16:51:02.327913,2025-07-03 16:51:02.327913,2025-07-03 16:53:45.500,12.041666666666666,0.0,27,4,osrm
731,delivered,2025-07-03 16:41:45,2025-07-03 16:50:17.444312,2025-07-03 17:09:46.100000,2025-07-03 17:15:38.500,33.891666666666666,19.477594800000002,18,3,osrm
732,delivered,2025-07-03 16:42:46,2025-07-03 16:59:54.599353,2025-07-03 16:59:54.599353,2025-07-03 17:04:59.900,22.23166666666667,0.0,48,3,osrm
733,delivered,2025-07-03 16:43:39,2025-07-03 16:54:43.380507,2025-07-03 16:54:43.380507,2025-07-03 16:58:01.500,14.375,0.0,21,2,osrm
734,delivered,2025-07-03 16:43:37,2025-07-03 16:54:53.930414,2025-07-03 16:54:53.930414,2025-07-03 16:59:34.300,15.955,0.0,29,3,osrm
735,delivered,2025-07-03 16:43:03,2025-07-03 16:55:53.708327,2025-07-03 16:57:51.500000,2025-07-03 17:03:33.500,20.508333333333333,1.96319455,31,2,osrm
736,delivered,2025-07-03 16:43:02,2025-07-03 16:49:11.061200,2025-07-03 16:53:20.400000,2025-07-03 16:58:39.100,15.618333333333334,4.155646666666667,42,2,osrm
737,delivered,2025-07-03 16:44:46,2025-07-03 16:57:10.725174,2025-07-03 17:12:52.700000,2025-07-03 17:20:21.400,35.59,15.699580433333333,14,2,osrm
738,delivered,2025-07-03 16:44:24,2025-07-03 16:57:21.274722,2025-07-03 17:15:08.686523,2025-07-03 17:16:54.700,32.51166666666667,17.79019668333333,22,2,osrm
739,delivered,2025-07-03 16:44:18,2025-07-03 16:57:01.048155,2025-07-03 17:03:22.200000,2025-07-03 17:08:33.700,24.261666666666667,6.35253075,26,2,osrm
740,delivered,2025-07-03 16:44:56,2025-07-03 16:58:50.794001,2025-07-03 17:02:39.073945,2025-07-03 17:06:17.000,21.35,3.804665733333333,39,4,osrm
741,delivered,2025-07-03 16:45:29,2025-07-03 16:58:31.829027,2025-07-03 17:09:44.800000,2025-07-03 17:15:46.900,30.298333333333336,11.216182883333333,33,4,osrm
742,delivered,2025-07-03 16:45:32,2025-07-03 16:57:25.280809,2025-07-03 16:59:54.599353,2025-07-03 17:04:59.900,19.465,2.4886424000000003,48,3,osrm
743,delivered,2025-07-03 16:45:12,2025-07-03 16:54:47.430430,2025-07-03 17:09:44.800000,2025-07-03 17:15:46.900,30.581666666666667,14.9561595,33,4,osrm
744,delivered,2025-07-03 16:46:18,2025-07-03 16:56:33.513911,2025-07-03 17:13:19.300000,2025-07-03 17:22:06.000,35.8,16.763101483333333,45,2,osrm
745,delivered,2025-07-03 16:46:10,2025-07-03 17:00:39.225796,2025-07-03 17:03:36.800000,2025-07-03 17:05:59.500,19.825,2.9595700666666667,24,1,osrm
746,delivered,2025-07-03 16:46:02,2025-07-03 16:53:49.920987,2025-07-03 16:58:13.700000,2025-07-03 17:00:32.600,14.51,4.396316883333333,35,1,osrm
747,delivered,2025-07-03 16:46:59,2025-07-03 16:58:43.752189,2025-07-03 16:58:43.752189,2025-07-03 17:04:11.000,17.2,0.0,52,3,osrm
748,delivered,2025-07-03 16:46:53,2025-07-03 16:58:45.123862,2025-07-03 17:13:35.300000,2025-07-03 17:17:10.500,30.291666666666668,14.836268966666667,1,1,osrm
749,delivered,2025-07-03 16:46:02,2025-07-03 16:53:47.056862,2025-07-03 16:53:47.056862,2025-07-03 16:56:02.300,10.004999999999999,0.0,18,1,osrm
750,delivered,2025-07-03 16:47:01,2025-07-03 16:58:14.765259,2025-07-03 17:13:17.800000,2025-07-03 17:16:32.100,29.51833333333333,15.050579016666667,37,1,osrm
751,delivered,2025-07-03 16:47:57,2025-07-03 17:02:54.469880,2025-07-03 17:04:34.700000,2025-07-03 17:10:01.200,22.07,1.670502,41,3,osrm
752,delivered,2025-07-03 16:48:34,2025-07-03 16:59:44.063592,2025-07-03 17:14:39.900000,2025-07-03 17:22:55.400,34.35666666666667,14.9306068,7,2,osrm
753,delivered,2025-07-03 16:48:13,2025-07-03 16:59:32.350820,2025-07-03 17:05:17.900000,2025-07-03 17:11:17.000,23.066666666666666,5.7591529999999995,19,2,osrm
754,delivered,2025-07-03 16:49:54,2025-07-03 16:54:54.000000,2025-07-03 17:11:07.375528,2025-07-03 17:16:19.400,26.423333333333336,16.222925466666666,42,2,osrm
755,delivered,2025-07-03 16:49:08,2025-07-03 17:03:43.625254,2025-07-03 17:13:19.300000,2025-07-03 17:22:06.000,32.96666666666667,9.5945791,45,2,osrm
756,delivered,2025-07-03 16:50:15,2025-07-03 17:01:37.321614,2025-07-03 17:02:52.700000,2025-07-03 17:08:08.000,17.883333333333333,1.2563064333333334,8,1,osrm
757,delivered,2025-07-03 16:50:32,2025-07-03 17:03:57.348999,2025-07-03 17:08:43.611056,2025-07-03 17:14:18.900,23.78166666666667,4.771034283333334,11,2,osrm
758,delivered,2025-07-03 16:52:30,2025-07-03 16:57:30.000000,2025-07-03 17:10:41.600000,2025-07-03 17:13:24.800,20.913333333333334,13.193333333333333,28,2,osrm
759,delivered,2025-07-03 16:53:55,2025-07-03 17:03:58.234336,2025-07-03 17:09:44.800000,2025-07-03 17:15:46.900,21.865000000000002,5.776094400000001,33,4,osrm
760,delivered,2025-07-03 16:53:37,2025-07-03 17:02:39.073945,2025-07-03 17:02:39.073945,2025-07-03 17:06:17.000,12.666666666666666,0.0,39,4,osrm
761,delivered,2025-07-03 16:53:58,2025-07-03 17:05:07.049810,2025-07-03 17:13:24.700000,2025-07-03 17:18:50.000,24.866666666666667,8.294169833333333,55,2,osrm
762,delivered,2025-07-03 16:53:53,2025-07-03 17:08:43.611056,2025-07-03 17:08:43.611056,2025-07-03 17:14:18.900,20.43166666666667,0.0,11,2,osrm
763,delivered,2025-07-03 16:54:23,2025-07-03 17:04:44.838353,2025-07-03 17:10:41.600000,2025-07-03 17:13:24.800,19.029999999999998,5.94602745,28,2,osrm
764,delivered,2025-07-03 16:54:17,2025-07-03 17:11:40.595962,2025-07-03 17:13:24.700000,2025-07-03 17:18:50.000,24.55,1.7350673,55,2,osrm
765,delivered,2025-07-03 16:56:07,2025-07-03 17:07:00.272859,2025-07-03 17:14:39.900000,2025-07-03 17:22:55.400,26.80666666666667,7.66045235,7,2,osrm
766,delivered,2025-07-03 16:56:20,2025-07-03 17:08:30.731671,2025-07-03 17:09:15.000000,2025-07-03 17:12:39.800,16.33,0.7378054833333334,40,1,osrm
767,delivered,2025-07-03 16:56:02,2025-07-03 17:13:00.619710,2025-07-03 17:13:44.400000,2025-07-03 17:15:59.200,19.953333333333333,0.7296715,53,1,osrm
768,delivered,2025-07-03 16:56:39,2025-07-03 17:10:36.287471,2025-07-03 17:12:48.300000,2025-07-03 17:16:40.900,20.03166666666667,2.2002088166666667,35,1,osrm
769,delivered,2025-07-03 16:56:42,2025-07-03 17:07:18.261166,2025-07-03 17:09:44.800000,2025-07-03 17:15:46.900,19.081666666666667,2.4423139000000003,33,4,osrm
770,delivered,2025-07-03 16:57:24,2025-07-03 17:09:06.366245,2025-07-03 17:15:00.600000,2025-07-03 17:23:57.200,26.553333333333335,5.9038959166666665,52,2,osrm
771,delivered,2025-07-03 16:57:21,2025-07-03 17:05:47.142302,2025-07-03 17:08:09.500000,2025-07-03 17:10:36.600,13.26,2.3726283,49,1,osrm
772,delivered,2025-07-03 16:58:03,2025-07-03 17:05:53.043820,2025-07-03 17:08:54.100000,2025-07-03 17:11:47.400,13.74,3.0176030000000003,21,1,osrm
773,delivered,2025-07-03 16:58:21,2025-07-03 17:11:07.375528,2025-07-03 17:11:07.375528,2025-07-03 17:16:19.400,17.973333333333336,0.0,42,2,osrm
774,delivered,2025-07-03 16:58:58,2025-07-03 17:11:46.599928,2025-07-03 17:12:52.700000,2025-07-03 17:20:21.400,21.39,1.1016678666666666,14,2,osrm
775,delivered,2025-07-03 16:58:30,2025-07-03 17:09:21.729667,2025-07-03 17:24:04.900000,2025-07-03 17:28:43.300,30.221666666666668,14.719505550000001,21,2,osrm
776,delivered,2025-07-03 16:59:23,2025-07-03 17:11:22.970913,2025-07-03 17:18:02.100000,2025-07-03 17:22:12.800,22.83,6.652151450000001,43,2,osrm
777,delivered,2025-07-03 16:59:24,2025-07-03 17:12:52.896521,2025-07-03 17:12:52.896521,2025-07-03 17:09:54.600,10.51,0.0,27,2,osrm
778,delivered,2025-07-03 16:59:58,2025-07-03 17:09:03.222579,2025-07-03 17:20:13.300000,2025-07-03 17:24:35.600,24.626666666666665,11.167957016666666,34,1,osrm
779,delivered,2025-07-03 17:00:43,2025-07-03 17:09:48.174416,2025-07-03 17:16:05.400000,2025-07-03 17:18:49.200,18.103333333333335,6.287093066666667,15,1,osrm
780,delivered,2025-07-03 17:00:42,2025-07-03 17:12:59.706370,2025-07-03 17:14:05.300000,2025-07-03 17:17:32.600,16.843333333333334,1.0932271666666666,31,2,osrm
781,delivered,2025-07-03 17:01:49,2025-07-03 17:12:37.462941,2025-07-03 17:13:26.500000,2025-07-03 17:17:30.100,15.685,0.8172843166666667,32,1,osrm
782,delivered,2025-07-03 17:01:47,2025-07-03 17:15:08.686523,2025-07-03 17:15:08.686523,2025-07-03 17:16:54.700,15.128333333333334,0.0,22,2,osrm
783,delivered,2025-07-03 17:01:51,2025-07-03 17:15:20.276781,2025-07-03 17:18:02.100000,2025-07-03 17:22:12.800,20.363333333333333,2.69705365,43,2,osrm
784,delivered,2025-07-03 17:03:15,2025-07-03 17:13:54.249218,2025-07-03 17:30:13.300000,2025-07-03 17:32:40.500,29.425,16.317513033333334,17,2,osrm
785,delivered,2025-07-03 17:03:48,2025-07-03 17:12:53.100542,2025-07-03 17:13:30.000000,2025-07-03 17:16:51.500,13.058333333333334,0.6149909666666667,23,1,osrm
786,delivered,2025-07-03 17:03:14,2025-07-03 17:13:22.160935,2025-07-03 17:30:07.400000,2025-07-03 17:33:39.400,30.423333333333336,16.753984416666665,10,2,osrm
787,delivered,2025-07-03 17:03:05,2025-07-03 17:13:21.097682,2025-07-03 17:18:22.200000,2025-07-03 17:22:49.800,19.746666666666666,5.018371966666667,3,1,osrm
788,delivered,2025-07-03 17:03:21,2025-07-03 17:17:22.910516,2025-07-03 17:41:27.552595,2025-07-03 17:41:05.800,37.74666666666667,24.077367983333332,7,3,osrm
789,delivered,2025-07-03 17:03:44,2025-07-03 17:10:46.261763,2025-07-03 17:14:05.300000,2025-07-03 17:17:32.600,13.81,3.3173039500000003,31,2,osrm
790,delivered,2025-07-03 17:04:10,2025-07-03 17:15:51.980518,2025-07-03 17:39:07.331961,2025-07-03 17:39:07.900,34.965,23.255857383333332,3,3,osrm
791,delivered,2025-07-03 17:04:18,2025-07-03 17:12:29.275977,2025-07-03 17:14:12.600000,2025-07-03 17:16:49.700,12.528333333333334,1.72206705,17,1,osrm
792,delivered,2025-07-03 17:05:47,2025-07-03 17:15:08.174356,2025-07-03 17:18:32.600000,2025-07-03 17:24:36.800,18.83,3.4070940666666667,30,3,osrm
793,delivered,2025-07-03 17:05:09,2025-07-03 17:17:46.719048,2025-07-03 17:18:32.600000,2025-07-03 17:24:36.800,19.46333333333333,0.7646825333333334,30,3,osrm
794,delivered,2025-07-03 17:06:19,2025-07-03 17:21:16.583801,2025-07-03 17:24:06.000000,2025-07-03 17:27:42.500,21.391666666666666,2.823603316666667,4,2,osrm
795,delivered,2025-07-03 17:08:59,2025-07-03 17:21:08.162412,2025-07-03 17:33:56.200000,2025-07-03 17:39:27.900,30.48166666666667,12.800626466666667,13,3,osrm
796,delivered,2025-07-03 17:08:22,2025-07-03 17:19:44.222705,2025-07-03 17:19:44.222705,2025-07-03 17:23:25.000,15.05,0.0,8,2,osrm
797,delivered,2025-07-03 17:08:36,2025-07-03 17:23:09.282290,2025-07-03 17:30:46.600000,2025-07-03 17:34:25.600,25.826666666666664,7.621961833333333,48,2,osrm
798,delivered,2025-07-03 17:08:45,2025-07-03 17:18:48.428694,2025-07-03 17:33:32.700000,2025-07-03 17:38:48.500,30.058333333333334,14.737855099999999,14,3,osrm
799,delivered,2025-07-03 17:09:48,2025-07-03 17:19:52.815613,2025-07-03 17:36:01.131540,2025-07-03 17:41:49.000,32.016666666666666,16.138598783333332,45,2,osrm
800,delivered,2025-07-03 17:09:55,2025-07-03 17:24:30.034736,2025-07-03 17:24:30.034736,2025-07-03 17:27:38.200,17.720000000000002,0.0,40,2,osrm
801,delivered,2025-07-03 17:10:53,2025-07-03 17:19:58.837008,2025-07-03 17:19:58.837008,2025-07-03 17:22:02.000,11.15,0.0,12,1,osrm
802,delivered,2025-07-03 17:11:12,2025-07-03 17:24:34.677280,2025-07-03 17:38:33.100000,2025-07-03 17:43:58.400,32.77333333333333,13.973712,24,2,osrm
803,delivered,2025-07-03 17:11:12,2025-07-03 17:22:07.612988,2025-07-03 17:24:04.900000,2025-07-03 17:28:43.300,17.521666666666665,1.9547835333333334,21,2,osrm
804,delivered,2025-07-03 17:11:07,2025-07-03 17:16:35.561265,2025-07-03 17:37:26.500758,2025-07-03 17:41:29.200,30.37,20.84899155,30,2,osrm
805,delivered,2025-07-03 17:12:39,2025-07-03 17:22:39.354821,2025-07-03 17:33:56.200000,2025-07-03 17:39:27.900,26.815,11.280752983333334,13,3,osrm
806,delivered,2025-07-03 17:12:23,2025-07-03 17:17:23.000000,2025-07-03 17:19:44.222705,2025-07-03 17:23:25.000,11.033333333333333,2.35371175,8,2,osrm
807,delivered,2025-07-03 17:13:37,2025-07-03 17:31:26.494480,2025-07-03 17:33:56.200000,2025-07-03 17:39:27.900,25.848333333333336,2.495092,13,3,osrm
808,delivered,2025-07-03 17:13:33,2025-07-03 17:24:51.488227,2025-07-03 17:39:24.100000,2025-07-03 17:44:01.600,30.476666666666667,14.543529549999999,47,2,osrm
809,delivered,2025-07-03 17:13:55,2025-07-03 17:25:49.578763,2025-07-03 17:29:36.500000,2025-07-03 17:31:28.600,17.56,3.7820206166666663,26,1,osrm
810,delivered,2025-07-03 17:13:28,2025-07-03 17:21:41.367530,2025-07-03 17:32:06.000000,2025-07-03 17:37:02.000,23.566666666666666,10.410541166666667,54,2,osrm
811,delivered,2025-07-03 17:13:10,2025-07-03 17:26:25.683809,2025-07-03 17:28:22.800000,2025-07-03 17:31:35.900,18.43166666666667,1.9519365166666667,55,2,osrm
812,delivered,2025-07-03 17:13:37,2025-07-03 17:27:12.228110,2025-07-03 17:29:11.900000,2025-07-03 17:33:43.300,20.105,1.9945315000000001,18,2,osrm
813,delivered,2025-07-03 17:13:26,2025-07-03 17:28:17.165935,2025-07-03 17:38:33.500000,2025-07-03 17:44:10.900,30.748333333333335,10.272234416666667,28,2,osrm
814,delivered,2025-07-03 17:14:50,2025-07-03 17:22:28.943859,2025-07-03 17:25:34.700000,2025-07-03 17:28:56.900,14.115,3.0959356833333334,28,1,osrm
815,delivered,2025-07-03 17:14:19,2025-07-03 17:25:04.888388,2025-07-03 17:30:13.300000,2025-07-03 17:32:40.500,18.358333333333334,5.140193533333333,17,2,osrm
816,delivered,2025-07-03 17:14:04,2025-07-03 17:30:02.288585,2025-07-03 17:37:41.300000,2025-07-03 17:42:44.000,28.666666666666668,7.65019025,41,2,osrm
817,delivered,2025-07-03 17:14:25,2025-07-03 17:24:06.975806,2025-07-03 17:24:30.034736,2025-07-03 17:27:38.200,13.22,0.3843155,40,2,osrm
818,delivered,2025-07-03 17:15:11,2025-07-03 17:27:39.626883,2025-07-03 17:33:32.700000,2025-07-03 17:38:48.500,23.625,5.8845519500000005,14,3,osrm
819,delivered,2025-07-03 17:15:28,2025-07-03 17:25:43.039260,2025-07-03 17:28:22.800000,2025-07-03 17:31:35.900,16.131666666666668,2.662679,55,2,osrm
820,delivered,2025-07-03 17:15:27,2025-07-03 17:25:42.925777,2025-07-03 17:29:11.900000,2025-07-03 17:33:43.300,18.271666666666665,3.4829037166666668,18,2,osrm
821,delivered,2025-07-03 17:16:19,2025-07-03 17:32:02.225694,2025-07-03 17:34:34.900000,2025-07-03 17:37:01.800,20.71333333333333,2.5445717666666665,12,1,osrm
822,delivered,2025-07-03 17:17:59,2025-07-03 17:29:34.256138,2025-07-03 17:30:19.600000,2025-07-03 17:32:17.300,14.305,0.7557310333333334,16,1,osrm
823,delivered,2025-07-03 17:17:41,2025-07-03 17:28:31.631867,2025-07-03 17:28:31.631867,2025-07-03 17:30:22.300,12.688333333333333,0.0,15,1,osrm
824,delivered,2025-07-03 17:17:20,2025-07-03 17:23:23.986046,2025-07-03 17:24:06.000000,2025-07-03 17:27:42.500,10.375,0.7002325666666667,4,2,osrm
825,delivered,2025-07-03 17:18:37,2025-07-03 17:30:13.879552,2025-07-03 17:32:06.000000,2025-07-03 17:37:02.000,18.416666666666668,1.8686741333333332,54,2,osrm
826,delivered,2025-07-03 17:18:30,2025-07-03 17:33:47.875404,2025-07-03 17:33:47.875404,2025-07-03 17:38:24.300,19.904999999999998,0.0,8,2,osrm
827,delivered,2025-07-03 17:18:54,2025-07-03 17:31:11.995927,2025-07-03 17:33:47.875404,2025-07-03 17:38:24.300,19.505,2.5979912833333336,8,2,osrm
828,delivered,2025-07-03 17:18:33,2025-07-03 17:26:35.413372,2025-07-03 17:30:46.600000,2025-07-03 17:34:25.600,15.876666666666667,4.1864438,48,2,osrm
829,delivered,2025-07-03 17:19:47,2025-07-03 17:30:43.613445,2025-07-03 17:38:33.500000,2025-07-03 17:44:10.900,24.398333333333333,7.831442583333333,28,2,osrm
830,delivered,2025-07-03 17:19:39,2025-07-03 17:33:30.465916,2025-07-03 17:39:07.331961,2025-07-03 17:39:07.900,19.48166666666667,5.614434083333333,3,3,osrm
831,delivered,2025-07-03 17:21:30,2025-07-03 17:36:48.625927,2025-07-03 17:40:13.700000,2025-07-03 17:43:00.200,21.503333333333334,3.4179012166666665,20,1,osrm
832,delivered,2025-07-03 17:21:32,2025-07-03 17:26:32.000000,2025-07-03 17:47:13.249124,2025-07-03 17:50:24.900,28.881666666666668,20.6874854,19,2,osrm
833,delivered,2025-07-03 17:21:28,2025-07-03 17:41:16.477209,2025-07-03 17:49:14.300000,2025-07-03 17:52:16.400,30.80666666666667,7.963713183333334,50,1,osrm
834,delivered,2025-07-03 17:22:39,2025-07-03 17:36:30.111344,2025-07-03 17:38:33.100000,2025-07-03 17:43:58.400,21.323333333333334,2.0498109333333336,24,2,osrm
835,delivered,2025-07-03 17:22:10,2025-07-03 17:36:55.722770,2025-07-03 17:39:52.227474,2025-07-03 17:44:39.000,22.483333333333334,2.941745066666667,44,2,osrm
836,delivered,2025-07-03 17:23:43,2025-07-03 17:33:49.563248,2025-07-03 17:41:27.552595,2025-07-03 17:41:05.800,17.38,7.633155783333334,7,3,osrm
837,delivered,2025-07-03 17:23:14,2025-07-03 17:35:23.826955,2025-07-03 17:53:55.500000,2025-07-03 17:59:47.000,36.55,18.527884083333333,33,2,osrm
838,delivered,2025-07-03 17:23:59,2025-07-03 17:35:05.266529,2025-07-03 17:37:41.300000,2025-07-03 17:42:44.000,18.75,2.60055785,41,2,osrm
839,delivered,2025-07-03 17:23:26,2025-07-03 17:37:26.500758,2025-07-03 17:37:26.500758,2025-07-03 17:41:29.200,18.053333333333335,0.0,30,2,osrm
840,delivered,2025-07-03 17:24:12,2025-07-03 17:38:50.013509,2025-07-03 17:39:24.100000,2025-07-03 17:44:01.600,19.826666666666664,0.5681081833333333,47,2,osrm
841,delivered,2025-07-03 17:24:12,2025-07-03 17:33:17.908224,2025-07-03 17:33:32.700000,2025-07-03 17:38:48.500,14.608333333333333,0.24652960000000002,14,3,osrm
842,delivered,2025-07-03 17:25:17,2025-07-03 17:38:30.069310,2025-07-03 17:44:57.260114,2025-07-03 17:49:19.500,24.041666666666668,6.4531800666666665,16,2,osrm
843,delivered,2025-07-03 17:25:05,2025-07-03 17:32:17.973739,2025-07-03 17:34:56.100000,2025-07-03 17:37:09.000,12.066666666666666,2.6354376833333335,49,1,osrm
844,delivered,2025-07-03 17:26:49,2025-07-03 17:36:01.131540,2025-07-03 17:36:01.131540,2025-07-03 17:41:49.000,15.0,0.0,45,2,osrm
845,delivered,2025-07-03 17:26:15,2025-07-03 17:35:36.385127,2025-07-03 17:43:52.700000,2025-07-03 17:47:16.000,21.016666666666666,8.27191455,55,2,osrm
846,delivered,2025-07-03 17:26:11,2025-07-03 17:41:27.552595,2025-07-03 17:41:27.552595,2025-07-03 17:41:05.800,14.913333333333332,0.0,7,3,osrm
847,delivered,2025-07-03 17:26:20,2025-07-03 17:37:33.639098,2025-07-03 17:54:13.700000,2025-07-03 17:59:11.300,32.855,16.6676817,53,2,osrm
848,delivered,2025-07-03 17:27:59,2025-07-03 17:42:38.670455,2025-07-03 17:53:34.400000,2025-07-03 17:58:05.700,30.111666666666668,10.92882575,45,2,osrm
849,delivered,2025-07-03 17:27:20,2025-07-03 17:42:14.856649,2025-07-03 17:43:20.000000,2025-07-03 17:46:43.700,19.395,1.0857225166666666,11,3,osrm
850,delivered,2025-07-03 17:27:08,2025-07-03 17:39:47.326063,2025-07-03 17:54:24.216863,2025-07-03 17:58:50.600,31.709999999999997,14.614846666666667,43,2,osrm
851,delivered,2025-07-03 17:28:05,2025-07-03 17:44:28.500087,2025-07-03 17:53:13.400000,2025-07-03 17:59:02.100,30.951666666666664,8.748331883333332,37,2,osrm
852,delivered,2025-07-03 17:28:37,2025-07-03 17:39:07.331961,2025-07-03 17:39:07.331961,2025-07-03 17:39:07.900,10.514999999999999,0.0,3,3,osrm
853,delivered,2025-07-03 17:29:31,2025-07-03 17:43:54.987774,2025-07-03 17:52:30.100000,2025-07-03 17:56:51.200,27.336666666666666,8.585203766666666,5,2,osrm
854,delivered,2025-07-03 17:29:52,2025-07-03 17:40:54.282908,2025-07-03 17:48:30.100000,2025-07-03 17:54:14.400,24.373333333333335,7.596951533333334,27,3,osrm
855,delivered,2025-07-03 17:29:12,2025-07-03 17:37:32.520099,2025-07-03 17:39:47.100000,2025-07-03 17:42:45.900,13.565,2.24299835,51,3,osrm
856,delivered,2025-07-03 17:30:00,2025-07-03 17:42:04.242676,2025-07-03 17:44:51.200000,2025-07-03 17:47:59.100,17.985,2.782622066666667,26,1,osrm
857,delivered,2025-07-03 17:30:14,2025-07-03 17:35:14.000000,2025-07-03 17:38:43.800000,2025-07-03 17:44:05.200,13.853333333333333,3.496666666666667,6,1,osrm
858,delivered,2025-07-03 17:30:35,2025-07-03 17:35:35.000000,2025-07-03 17:39:47.100000,2025-07-03 17:42:45.900,12.181666666666667,4.201666666666666,51,3,osrm
859,delivered,2025-07-03 17:30:29,2025-07-03 17:43:28.795315,2025-07-03 17:54:13.832972,2025-07-03 17:56:38.900,26.165000000000003,10.750627616666666,40,2,osrm
860,delivered,2025-07-03 17:31:18,2025-07-03 17:45:15.470352,2025-07-03 17:49:33.300000,2025-07-03 17:54:55.900,23.631666666666668,4.2971608,36,2,osrm
861,delivered,2025-07-03 17:31:09,2025-07-03 17:39:36.855600,2025-07-03 17:39:36.855600,2025-07-03 17:39:37.100,8.468333333333334,0.0,22,1,osrm
862,delivered,2025-07-03 17:31:16,2025-07-03 17:46:07.353218,2025-07-03 18:03:38.400000,2025-07-03 18:10:10.700,38.91166666666666,17.517446366666665,51,2,osrm
863,delivered,2025-07-03 17:31:56,2025-07-03 17:39:52.227474,2025-07-03 17:39:52.227474,2025-07-03 17:44:39.000,12.716666666666667,0.0,44,2,osrm
864,delivered,2025-07-03 17:32:32,2025-07-03 17:45:50.077773,2025-07-03 17:53:57.493035,2025-07-03 17:58:21.300,25.821666666666665,8.1235877,24,2,osrm
865,delivered,2025-07-03 17:33:44,2025-07-03 17:51:29.878797,2025-07-03 17:52:55.900000,2025-07-03 17:58:19.400,24.59,1.4336867166666667,2,2,osrm
866,delivered,2025-07-03 17:33:56,2025-07-03 17:44:57.260114,2025-07-03 17:44:57.260114,2025-07-03 17:49:19.500,15.391666666666667,0.0,16,2,osrm
867,delivered,2025-07-03 17:33:26,2025-07-03 17:43:18.520767,2025-07-03 17:43:52.700000,2025-07-03 17:47:16.000,13.833333333333334,0.5696538833333334,55,2,osrm
868,delivered,2025-07-03 17:33:33,2025-07-03 17:41:03.485840,2025-07-03 17:43:20.000000,2025-07-03 17:46:43.700,13.178333333333335,2.275236,11,3,osrm
869,delivered,2025-07-03 17:34:17,2025-07-03 17:44:34.265379,2025-07-03 17:49:33.300000,2025-07-03 17:54:55.900,20.648333333333333,4.98391035,36,2,osrm
870,delivered,2025-07-03 17:35:03,2025-07-03 17:48:41.795042,2025-07-03 17:48:41.795042,2025-07-03 17:52:42.100,17.651666666666664,0.0,21,1,osrm
871,delivered,2025-07-03 17:35:28,2025-07-03 17:50:27.132629,2025-07-03 17:52:55.900000,2025-07-03 17:58:19.400,22.85666666666667,2.4794561833333333,2,2,osrm
872,delivered,2025-07-03 17:35:20,2025-07-03 17:49:11.077110,2025-07-03 18:03:38.400000,2025-07-03 18:10:10.700,34.845,14.4553815,51,2,osrm
873,delivered,2025-07-03 17:35:46,2025-07-03 17:47:13.249124,2025-07-03 17:47:13.249124,2025-07-03 17:50:24.900,14.648333333333333,0.0,19,2,osrm
874,delivered,2025-07-03 17:37:19,2025-07-03 17:50:25.034078,2025-07-03 17:52:30.100000,2025-07-03 17:56:51.200,19.53666666666667,2.0844320333333335,5,2,osrm
875,delivered,2025-07-03 17:37:59,2025-07-03 17:45:06.088938,2025-07-03 17:53:13.400000,2025-07-03 17:59:02.100,21.051666666666666,8.121851033333334,37,2,osrm
876,delivered,2025-07-03 17:37:32,2025-07-03 17:50:08.556000,2025-07-03 17:53:57.138522,2025-07-03 17:57:45.000,20.216666666666665,3.8097087000000003,41,2,osrm
877,delivered,2025-07-03 17:37:44,2025-07-03 17:46:54.718908,2025-07-03 17:47:30.100000,2025-07-03 17:50:37.500,12.891666666666667,0.5896848666666668,9,1,osrm
878,delivered,2025-07-03 17:38:12,2025-07-03 17:55:37.487066,2025-07-03 17:59:10.200000,2025-07-03 18:04:38.000,26.433333333333334,3.5452155666666667,29,2,osrm
879,delivered,2025-07-03 17:38:01,2025-07-03 17:50:02.714239,2025-07-03 17:53:55.500000,2025-07-03 17:59:47.000,21.766666666666666,3.8797626833333334,33,2,osrm
880,delivered,2025-07-03 17:38:39,2025-07-03 17:51:23.849224,2025-07-03 17:53:34.400000,2025-07-03 17:58:05.700,19.445,2.175846266666667,45,2,osrm
881,delivered,2025-07-03 17:38:28,2025-07-03 17:48:51.607149,2025-07-03 17:59:46.300000,2025-07-03 18:03:37.100,25.151666666666664,10.911547516666667,14,2,osrm
882,delivered,2025-07-03 17:39:05,2025-07-03 17:53:57.138522,2025-07-03 17:53:57.138522,2025-07-03 17:57:45.000,18.666666666666668,0.0,41,2,osrm
883,delivered,2025-07-03 17:39:46,2025-07-03 17:52:09.107853,2025-07-03 17:54:13.700000,2025-07-03 17:59:11.300,19.421666666666667,2.076535783333333,53,2,osrm
884,delivered,2025-07-03 17:40:49,2025-07-03 17:50:50.575996,2025-07-03 17:57:41.300000,2025-07-03 18:02:55.300,22.105,6.845400066666667,16,2,osrm
885,delivered,2025-07-03 17:41:52,2025-07-03 17:53:43.202174,2025-07-03 17:53:43.202174,2025-07-03 17:55:35.300,13.721666666666666,0.0,20,1,osrm
886,delivered,2025-07-03 17:42:46,2025-07-03 17:59:31.990899,2025-07-03 18:00:02.900000,2025-07-03 18:04:43.200,21.953333333333333,0.5151516833333333,39,3,osrm
887,delivered,2025-07-03 17:43:36,2025-07-03 17:58:56.143295,2025-07-03 17:59:46.300000,2025-07-03 18:03:37.100,20.01833333333333,0.8359450833333334,14,2,osrm
888,delivered,2025-07-03 17:43:20,2025-07-03 17:56:58.732973,2025-07-03 18:04:55.557782,2025-07-03 18:07:51.300,24.521666666666665,7.947080150000001,18,3,osrm
889,delivered,2025-07-03 17:43:27,2025-07-03 17:57:17.339854,2025-07-03 18:09:44.700000,2025-07-03 18:13:06.700,29.66166666666667,12.456002433333333,53,1,osrm
890,delivered,2025-07-03 17:43:27,2025-07-03 17:54:13.832972,2025-07-03 17:54:13.832972,2025-07-03 17:56:38.900,13.198333333333332,0.0,40,2,osrm
891,delivered,2025-07-03 17:44:47,2025-07-03 17:56:13.389937,2025-07-03 17:59:10.200000,2025-07-03 18:04:38.000,19.85,2.9468343833333335,29,2,osrm
892,delivered,2025-07-03 17:44:08,2025-07-03 17:53:29.560142,2025-07-03 17:59:30.100000,2025-07-03 18:04:26.500,20.308333333333334,6.008997633333333,8,2,osrm
893,delivered,2025-07-03 17:44:42,2025-07-03 17:58:02.006745,2025-07-03 17:59:30.100000,2025-07-03 18:04:26.500,19.741666666666667,1.4682209166666667,8,2,osrm
894,delivered,2025-07-03 17:44:30,2025-07-03 17:53:57.493035,2025-07-03 17:53:57.493035,2025-07-03 17:58:21.300,13.854999999999999,0.0,24,2,osrm
895,delivered,2025-07-03 17:45:14,2025-07-03 17:54:24.216863,2025-07-03 17:54:24.216863,2025-07-03 17:58:50.600,13.610000000000001,0.0,43,2,osrm
896,delivered,2025-07-03 17:45:20,2025-07-03 17:58:00.616952,2025-07-03 17:59:58.000000,2025-07-03 18:03:58.100,18.634999999999998,1.9563841333333334,23,3,osrm
897,delivered,2025-07-03 17:46:07,2025-07-03 17:59:14.303809,2025-07-03 18:03:05.900000,2025-07-03 18:06:30.400,20.39,3.8599365166666666,50,1,osrm
898,delivered,2025-07-03 17:46:48,2025-07-03 17:58:48.559996,2025-07-03 18:00:02.900000,2025-07-03 18:04:43.200,17.92,1.2390000666666665,39,3,osrm
899,delivered,2025-07-03 17:46:31,2025-07-03 17:53:33.406342,2025-07-03 17:54:35.600000,2025-07-03 17:56:56.600,10.426666666666668,1.0365609666666666,17,1,osrm
900,delivered,2025-07-03 17:47:56,2025-07-03 17:56:51.171248,2025-07-03 18:09:31.000000,2025-07-03 18:12:42.200,24.77,12.663812533333333,43,1,osrm
901,delivered,2025-07-03 17:47:28,2025-07-03 18:02:56.024363,2025-07-03 18:04:34.700000,2025-07-03 18:08:33.800,21.096666666666668,1.64459395,19,1,osrm
902,delivered,2025-07-03 17:47:04,2025-07-03 17:59:34.060814,2025-07-03 17:59:58.000000,2025-07-03 18:03:58.100,16.901666666666667,0.39898643333333333,23,3,osrm
903,delivered,2025-07-03 17:47:25,2025-07-03 17:57:41.840726,2025-07-03 18:08:06.000000,2025-07-03 18:12:25.100,25.001666666666665,10.402654566666666,40,1,osrm
904,delivered,2025-07-03 17:47:45,2025-07-03 17:56:18.022701,2025-07-03 17:57:41.300000,2025-07-03 18:02:55.300,15.171666666666665,1.3879549833333333,16,2,osrm
905,delivered,2025-07-03 17:48:50,2025-07-03 17:56:26.987549,2025-07-03 18:04:30.800000,2025-07-03 18:11:37.800,22.796666666666667,8.06354085,27,2,osrm
906,delivered,2025-07-03 17:50:24,2025-07-03 18:05:41.749356,2025-07-03 18:08:55.700000,2025-07-03 18:11:10.900,20.78166666666667,3.2325107333333336,2,1,osrm
907,delivered,2025-07-03 17:51:43,2025-07-03 18:05:38.999281,2025-07-03 18:08:00.000000,2025-07-03 18:10:57.300,19.238333333333333,2.3500119833333333,49,1,osrm
908,delivered,2025-07-03 17:51:40,2025-07-03 18:02:51.121440,2025-07-03 18:03:58.300000,2025-07-03 18:08:08.200,16.470000000000002,1.1196426666666668,34,1,osrm
909,delivered,2025-07-03 17:51:30,2025-07-03 18:04:18.170065,2025-07-03 18:09:55.000000,2025-07-03 18:13:56.600,22.44333333333333,5.61383225,20,1,osrm
910,delivered,2025-07-03 17:52:37,2025-07-03 18:08:32.718941,2025-07-03 18:09:23.200000,2025-07-03 18:14:27.700,21.845000000000002,0.8413509833333334,10,1,osrm
911,delivered,2025-07-03 17:52:16,2025-07-03 18:03:03.235941,2025-07-03 18:04:55.557782,2025-07-03 18:07:51.300,15.588333333333333,1.8720306833333333,18,3,osrm
912,delivered,2025-07-03 17:53:54,2025-07-03 18:05:47.532304,2025-07-03 18:09:01.700000,2025-07-03 18:13:32.900,19.648333333333333,3.236128266666667,54,1,osrm
913,delivered,2025-07-03 17:53:27,2025-07-03 18:04:55.557782,2025-07-03 18:04:55.557782,2025-07-03 18:07:51.300,14.405,0.0,18,3,osrm
914,delivered,2025-07-03 17:53:08,2025-07-03 18:00:28.770721,2025-07-03 18:07:31.300000,2025-07-03 18:10:24.200,17.27,7.04215465,45,1,osrm
915,delivered,2025-07-03 17:53:38,2025-07-03 18:05:16.341664,2025-07-03 18:07:35.000000,2025-07-03 18:11:20.000,17.7,2.3109722666666666,33,1,osrm
916,delivered,2025-07-03 17:53:07,2025-07-03 18:07:39.062556,2025-07-03 18:08:06.900000,2025-07-03 18:09:39.500,16.541666666666668,0.4639574,3,1,osrm
917,delivered,2025-07-03 17:54:42,2025-07-03 18:07:42.304552,2025-07-03 18:09:30.100000,2025-07-03 18:12:18.400,17.60666666666667,1.7965908,24,1,osrm
918,delivered,2025-07-03 17:54:33,2025-07-03 17:59:47.036830,2025-07-03 17:59:47.036830,2025-07-03 18:00:10.600,5.626666666666667,0.0,1,1,osrm
919,delivered,2025-07-03 17:54:08,2025-07-03 18:07:52.178988,2025-07-03 18:08:32.200000,2025-07-03 18:12:38.800,18.513333333333332,0.6670168666666666,5,1,osrm
920,delivered,2025-07-03 17:55:26,2025-07-03 18:05:36.812228,2025-07-03 18:08:43.700000,2025-07-03 18:11:57.500,16.525,3.1147962000000002,17,1,osrm
921,delivered,2025-07-03 17:56:59,2025-07-03 18:05:56.754811,2025-07-03 18:09:10.200000,2025-07-03 18:12:10.200,15.186666666666667,3.224086483333333,41,1,osrm
922,delivered,2025-07-03 17:56:29,2025-07-03 18:11:19.514551,2025-07-03 18:13:46.700000,2025-07-03 18:18:05.100,21.601666666666667,2.4530908166666667,42,1,osrm
923,delivered,2025-07-03 17:57:34,2025-07-03 18:14:08.426593,2025-07-03 18:14:26.100000,2025-07-03 18:17:13.100,19.651666666666664,0.29455678333333335,46,1,osrm
924,delivered,2025-07-03 17:57:24,2025-07-03 18:10:19.165518,2025-07-03 18:13:34.600000,2025-07-03 18:17:34.400,20.173333333333336,3.257241366666667,48,1,osrm
925,delivered,2025-07-03 17:57:12,2025-07-03 18:09:40.319246,2025-07-03 18:09:40.319246,2025-07-03 18:12:07.700,14.928333333333335,0.0,35,1,osrm
926,delivered,2025-07-03 17:59:06,2025-07-03 18:10:39.759124,2025-07-03 18:13:05.700000,2025-07-03 18:16:09.900,17.065,2.4323479333333333,21,1,osrm
927,delivered,2025-07-03 17:59:14,2025-07-03 18:13:55.822046,2025-07-03 18:13:55.822046,2025-07-03 18:16:59.100,17.751666666666665,0.0,9,1,osrm
928,delivered,2025-07-03 18:01:37,2025-07-03 18:11:25.083528,2025-07-03 18:13:22.100000,2025-07-03 18:16:43.800,15.113333333333333,1.9502745333333331,29,1,osrm
929,delivered,2025-07-03 18:02:38,2025-07-03 18:15:49.377636,2025-07-03 18:18:57.500000,2025-07-03 18:22:53.400,20.256666666666668,3.1353727333333334,22,1,osrm
930,delivered,2025-07-03 18:02:55,2025-07-03 18:15:41.162944,2025-07-03 18:18:09.500000,2025-07-03 18:21:17.800,18.38,2.4722842666666667,37,1,osrm
931,delivered,2025-07-03 18:03:26,2025-07-03 18:08:26.000000,2025-07-03 18:10:05.800000,2025-07-03 18:13:05.400,9.656666666666666,1.6633333333333333,26,1,osrm
932,delivered,2025-07-03 18:03:29,2025-07-03 18:15:03.557636,2025-07-03 18:18:25.800000,2025-07-03 18:20:11.700,16.711666666666666,3.3707060666666666,31,1,osrm
933,delivered,2025-07-03 18:04:11,2025-07-03 18:13:20.115654,2025-07-03 18:14:06.000000,2025-07-03 18:16:28.000,12.283333333333333,0.7647391,16,1,osrm
934,delivered,2025-07-03 18:04:12,2025-07-03 18:15:59.885370,2025-07-03 18:19:35.500000,2025-07-03 18:21:00.000,16.8,3.593577166666667,47,1,osrm
935,delivered,2025-07-03 18:05:20,2025-07-03 18:17:37.155753,2025-07-03 18:19:16.000000,2025-07-03 18:21:44.600,16.41,1.6474041166666666,12,1,osrm
936,delivered,2025-07-03 18:05:01,2025-07-03 18:14:21.534024,2025-07-03 18:16:20.900000,2025-07-03 18:18:17.000,13.266666666666667,1.9894329333333334,8,1,osrm
937,delivered,2025-07-03 18:06:18,2025-07-03 18:13:50.177067,2025-07-03 18:22:52.600000,2025-07-03 18:28:38.500,22.341666666666665,9.040382216666666,5,1,osrm
938,delivered,2025-07-03 18:08:31,2025-07-03 18:23:20.309682,2025-07-03 18:23:20.309682,2025-07-03 18:25:26.700,16.928333333333335,0.0,27,1,osrm
939,delivered,2025-07-03 18:11:43,2025-07-03 18:24:24.377331,2025-07-03 18:24:35.600000,2025-07-03 18:26:16.900,14.565,0.18704448333333332,51,1,osrm
940,delivered,2025-07-03 18:11:35,2025-07-03 18:19:41.410002,2025-07-03 18:20:28.300000,2025-07-03 18:23:29.800,11.913333333333332,0.7814999666666667,18,1,osrm
941,delivered,2025-07-03 18:11:35,2025-07-03 18:21:12.559102,2025-07-03 18:23:44.500000,2025-07-03 18:27:06.800,15.53,2.5323483,53,1,osrm
942,delivered,2025-07-03 18:11:44,2025-07-03 18:25:14.293946,2025-07-03 18:27:43.200000,2025-07-03 18:31:59.800,20.263333333333332,2.481767566666667,42,1,osrm
943,delivered,2025-07-03 18:13:43,2025-07-03 18:23:29.581162,2025-07-03 18:25:52.500000,2025-07-03 18:28:29.900,14.781666666666666,2.3819806333333333,52,1,osrm
944,delivered,2025-07-03 18:13:10,2025-07-03 18:25:49.374120,2025-07-03 18:28:56.700000,2025-07-03 18:31:41.300,18.521666666666665,3.1220980000000003,30,1,osrm
945,delivered,2025-07-03 18:14:50,2025-07-03 18:30:02.929915,2025-07-03 18:33:34.000000,2025-07-03 18:36:34.100,21.735,3.51783475,43,1,osrm
946,delivered,2025-07-03 18:14:57,2025-07-03 18:33:20.614126,2025-07-03 18:33:20.614126,2025-07-03 18:36:43.400,21.773333333333333,0.0,1,1,osrm
947,delivered,2025-07-03 18:14:17,2025-07-03 18:26:16.283648,2025-07-03 18:28:19.000000,2025-07-03 18:31:50.100,17.551666666666666,2.0452725333333333,36,1,osrm
948,delivered,2025-07-03 18:14:45,2025-07-03 18:21:57.981762,2025-07-03 18:22:48.700000,2025-07-03 18:25:51.300,11.104999999999999,0.8453039666666666,40,1,osrm
949,delivered,2025-07-03 18:15:35,2025-07-03 18:21:55.618282,2025-07-03 18:22:48.200000,2025-07-03 18:25:03.900,9.481666666666666,0.8763619666666667,23,1,osrm
950,delivered,2025-07-03 18:16:44,2025-07-03 18:30:22.696411,2025-07-03 18:33:52.300000,2025-07-03 18:37:03.600,20.326666666666664,3.49339315,37,1,osrm
951,delivered,2025-07-03 18:16:03,2025-07-03 18:30:39.762806,2025-07-03 18:33:47.800000,2025-07-03 18:36:56.800,20.896666666666665,3.1339532333333335,24,1,osrm
952,delivered,2025-07-03 18:16:30,2025-07-03 18:29:12.263944,2025-07-03 18:29:39.500000,2025-07-03 18:33:08.100,16.635,0.4539342666666667,8,1,osrm
953,delivered,2025-07-03 18:17:52,2025-07-03 18:25:48.863565,2025-07-03 18:27:50.100000,2025-07-03 18:30:58.400,13.106666666666666,2.02060725,13,1,osrm
954,delivered,2025-07-03 18:17:38,2025-07-03 18:29:57.684761,2025-07-03 18:29:57.684761,2025-07-03 18:31:30.900,13.881666666666666,0.0,54,1,osrm
955,delivered,2025-07-03 18:18:29,2025-07-03 18:31:46.915326,2025-07-03 18:34:23.300000,2025-07-03 18:37:35.500,19.108333333333334,2.606411233333333,16,1,osrm
956,delivered,2025-07-03 18:18:48,2025-07-03 18:28:50.136827,2025-07-03 18:28:50.136827,2025-07-03 18:32:22.400,13.573333333333332,0.0,46,1,osrm
957,delivered,2025-07-03 18:19:13,2025-07-03 18:30:07.861107,2025-07-03 18:33:19.300000,2025-07-03 18:36:42.000,17.483333333333334,3.1906482166666668,17,1,osrm
958,delivered,2025-07-03 18:19:40,2025-07-03 18:33:33.418036,2025-07-03 18:33:33.418036,2025-07-03 18:36:57.300,17.288333333333334,0.0,20,1,osrm
959,delivered,2025-07-03 18:20:54,2025-07-03 18:34:11.340511,2025-07-03 18:34:11.340511,2025-07-03 18:36:28.400,15.573333333333332,0.0,47,1,osrm
960,delivered,2025-07-03 18:20:59,2025-07-03 18:36:17.587631,2025-07-03 18:38:32.800000,2025-07-03 18:42:29.600,21.509999999999998,2.2535394833333333,3,1,osrm
961,delivered,2025-07-03 18:21:06,2025-07-03 18:31:48.681374,2025-07-03 18:32:24.100000,2025-07-03 18:35:51.700,14.761666666666667,0.5903104333333334,14,1,osrm
962,delivered,2025-07-03 18:21:00,2025-07-03 18:35:43.402362,2025-07-03 18:38:47.300000,2025-07-03 18:42:15.300,21.255,3.0649606333333335,38,1,osrm
963,delivered,2025-07-03 18:24:44,2025-07-03 18:40:10.347423,2025-07-03 18:44:46.600000,2025-07-03 18:48:33.900,23.831666666666667,4.604209616666666,36,1,osrm
964,delivered,2025-07-03 18:24:09,2025-07-03 18:35:35.119518,2025-07-03 18:38:19.300000,2025-07-03 18:39:59.800,15.846666666666666,2.7363413666666667,21,1,osrm
965,delivered,2025-07-03 18:26:12,2025-07-03 18:38:36.356709,2025-07-03 18:39:03.100000,2025-07-03 18:44:00.200,17.803333333333335,0.44572151666666665,7,1,osrm
966,delivered,2025-07-03 18:27:24,2025-07-03 18:34:06.908603,2025-07-03 18:38:54.900000,2025-07-03 18:43:27.500,16.058333333333334,4.799856616666667,23,1,osrm
967,delivered,2025-07-03 18:27:28,2025-07-03 18:45:11.290425,2025-07-03 18:47:43.800000,2025-07-03 18:50:35.700,23.128333333333334,2.54182625,31,1,osrm
968,delivered,2025-07-03 18:28:15,2025-07-03 18:42:06.385755,2025-07-03 18:44:39.300000,2025-07-03 18:48:24.100,20.151666666666664,2.54857075,6,1,osrm
969,delivered,2025-07-03 18:31:54,2025-07-03 18:41:27.941863,2025-07-03 18:43:45.200000,2025-07-03 18:47:58.700,16.078333333333333,2.287635616666667,18,1,osrm
970,delivered,2025-07-03 18:31:10,2025-07-03 18:42:36.494371,2025-07-03 18:43:51.800000,2025-07-03 18:46:07.500,14.958333333333334,1.2550938166666665,54,1,osrm
971,delivered,2025-07-03 18:32:31,2025-07-03 18:46:30.538334,2025-07-03 18:47:34.900000,2025-07-03 18:50:45.200,18.236666666666668,1.0726944333333333,14,1,osrm
972,delivered,2025-07-03 18:37:03,2025-07-03 18:45:12.975099,2025-07-03 18:48:48.900000,2025-07-03 18:51:41.600,14.643333333333334,3.59874835,1,1,osrm
973,delivered,2025-07-03 18:37:39,2025-07-03 18:44:26.254463,2025-07-03 18:44:39.300000,2025-07-03 18:45:39.900,8.014999999999999,0.21742561666666665,22,1,osrm
974,delivered,2025-07-03 18:37:20,2025-07-03 18:48:11.999825,2025-07-03 18:48:48.000000,2025-07-03 18:51:41.300,14.354999999999999,0.6000029166666666,21,1,osrm
975,delivered,2025-07-03 18:39:55,2025-07-03 18:49:43.438651,2025-07-03 18:49:43.438651,2025-07-03 18:51:04.500,11.158333333333333,0.0,32,1,osrm
976,delivered,2025-07-03 18:40:30,2025-07-03 18:49:55.368566,2025-07-03 18:49:55.368566,2025-07-03 18:52:48.700,12.311666666666667,0.0,26,1,osrm
977,delivered,2025-07-03 18:41:24,2025-07-03 18:50:55.389712,2025-07-03 18:52:55.700000,2025-07-03 18:55:44.400,14.34,2.0051714666666665,28,1,osrm
978,delivered,2025-07-03 18:41:00,2025-07-03 18:54:03.906308,2025-07-03 18:54:03.906308,2025-07-03 18:56:43.000,15.716666666666667,0.0,7,1,osrm
979,delivered,2025-07-03 18:41:17,2025-07-03 18:56:57.604338,2025-07-03 18:59:06.900000,2025-07-03 19:04:08.600,22.86,2.1549277,16,1,osrm
980,delivered,2025-07-03 18:41:17,2025-07-03 18:49:06.535423,2025-07-03 18:49:06.535423,2025-07-03 18:54:14.200,12.953333333333335,0.0,43,1,osrm
981,delivered,2025-07-03 18:43:55,2025-07-03 18:54:01.264081,2025-07-03 18:54:01.264081,2025-07-03 18:55:58.600,12.06,0.0,13,1,osrm
982,delivered,2025-07-03 18:50:28,2025-07-03 19:00:28.659808,2025-07-03 19:04:56.400000,2025-07-03 19:09:17.700,18.828333333333333,4.462336533333333,5,1,osrm
983,delivered,2025-07-03 18:51:21,2025-07-03 19:03:17.993567,2025-07-03 19:03:17.993567,2025-07-03 19:05:12.000,13.85,0.0,6,1,osrm
984,delivered,2025-07-03 18:53:46,2025-07-03 19:06:28.565131,2025-07-03 19:10:03.300000,2025-07-03 19:12:00.900,18.248333333333335,3.5789144833333335,54,1,osrm
985,delivered,2025-07-03 18:56:52,2025-07-03 19:09:02.016015,2025-07-03 19:09:41.800000,2025-07-03 19:13:55.100,17.051666666666666,0.6630664166666667,32,1,osrm
986,delivered,2025-07-03 18:58:14,2025-07-03 19:09:51.515662,2025-07-03 19:09:52.400000,2025-07-03 19:14:27.200,16.220000000000002,0.014738966666666665,46,1,osrm
987,delivered,2025-07-03 18:59:39,2025-07-03 19:20:12.533515,2025-07-03 19:26:04.600000,2025-07-03 19:28:18.100,28.651666666666664,5.86777475,20,1,osrm
