courier_id,orders_delivered,total_distance_km,shift_duration_hours
1,30,60.586297693920464,4.4
2,31,59.159310227063564,4.4
3,39,66.7138293468127,4.4
4,45,59.79561856061081,4.4
5,40,71.23405592063824,4.4
