courier_id,orders_delivered,total_distance_km,shift_duration_hours
1,15,96.00160000000001,4.4
2,12,101.697,4.4
3,10,136.4736,4.4
4,10,120.61540000000001,4.4
5,11,119.49629999999999,4.4
