order_id,status,placement_time,ready_time,pickup_time,delivery_time,click_to_door,ready_to_pickup,courier_id,bundle_size,routing_source
0,delivered,2025-07-03 08:00:29,2025-07-03 08:10:21.704666,2025-07-03 08:16:47.400000,2025-07-03 08:20:24.500,19.925,6.4282555666666665,16,1,osrm
1,delivered,2025-07-03 08:01:26,2025-07-03 08:16:06.907306,2025-07-03 08:43:25.327314,2025-07-03 08:48:39.400,47.223333333333336,27.307000133333336,38,4,osrm
2,delivered,2025-07-03 08:01:15,2025-07-03 08:10:04.710513,2025-07-03 08:19:47.200000,2025-07-03 08:25:17.500,24.041666666666668,9.708158116666668,41,2,osrm
3,delivered,2025-07-03 08:02:02,2025-07-03 08:11:25.702057,2025-07-03 08:25:14.700000,2025-07-03 08:28:50.300,26.805,13.816632383333333,34,1,osrm
4,delivered,2025-07-03 08:02:20,2025-07-03 08:13:22.736020,2025-07-03 08:44:53.381609,2025-07-03 08:49:21.300,47.02166666666667,31.510759816666667,34,4,osrm
5,delivered,2025-07-03 08:03:54,2025-07-03 08:12:28.083100,2025-07-03 08:43:51.812084,2025-07-03 08:46:13.800,42.330000000000005,31.395483066666667,15,4,osrm
6,delivered,2025-07-03 08:03:46,2025-07-03 08:20:03.686894,2025-07-03 08:38:06.200000,2025-07-03 08:48:01.700,44.26166666666666,18.041885100000002,11,4,osrm
7,delivered,2025-07-03 08:03:16,2025-07-03 08:18:07.587183,2025-07-03 08:45:43.673310,2025-07-03 08:57:41.700,54.42833333333333,27.60143545,28,4,osrm
8,delivered,2025-07-03 08:03:05,2025-07-03 08:08:32.523217,2025-07-03 08:16:37.800000,2025-07-03 08:18:18.500,15.225,8.087946383333334,15,1,osrm
9,delivered,2025-07-03 08:04:36,2025-07-03 08:10:08.906867,2025-07-03 08:31:32.101084,2025-07-03 08:37:15.100,32.651666666666664,21.386570283333334,1,4,osrm
10,delivered,2025-07-03 08:04:40,2025-07-03 08:14:42.179288,2025-07-03 08:23:02.900000,2025-07-03 08:26:57.900,22.298333333333336,8.3453452,2,1,osrm
11,delivered,2025-07-03 08:04:15,2025-07-03 08:17:44.223292,2025-07-03 08:26:04.300000,2025-07-03 08:30:27.000,26.2,8.3346118,11,1,osrm
12,delivered,2025-07-03 08:04:33,2025-07-03 08:18:35.282128,2025-07-03 08:42:49.066263,2025-07-03 08:46:35.900,42.04833333333333,24.229735583333333,12,4,osrm
13,delivered,2025-07-03 08:05:35,2025-07-03 08:21:48.414655,2025-07-03 08:36:04.009966,2025-07-03 08:46:53.300,41.305,14.259921850000001,31,4,osrm
14,delivered,2025-07-03 08:06:20,2025-07-03 08:19:10.900620,2025-07-03 08:49:25.838800,2025-07-03 08:52:57.800,46.63,30.248969666666667,39,4,osrm
15,delivered,2025-07-03 08:06:51,2025-07-03 08:15:38.148338,2025-07-03 08:56:38.352251,2025-07-03 09:00:54.200,54.05333333333333,41.00339855,23,4,osrm
16,delivered,2025-07-03 08:06:49,2025-07-03 08:20:04.218769,2025-07-03 08:26:12.500000,2025-07-03 08:30:15.600,23.44333333333333,6.138020516666667,13,2,osrm
17,delivered,2025-07-03 08:07:10,2025-07-03 08:15:41.176144,2025-07-03 08:55:41.163163,2025-07-03 09:05:05.500,57.925,39.999783650000005,26,4,osrm
18,delivered,2025-07-03 08:07:07,2025-07-03 08:16:36.066837,2025-07-03 08:40:15.700000,2025-07-03 08:49:53.900,42.781666666666666,23.660552716666665,8,4,osrm
19,delivered,2025-07-03 08:08:25,2025-07-03 08:15:35.357350,2025-07-03 08:30:35.400000,2025-07-03 08:32:23.500,23.975,15.000710833333333,23,1,osrm
20,delivered,2025-07-03 08:08:32,2025-07-03 08:17:49.260636,2025-07-03 08:45:26.919945,2025-07-03 08:49:07.400,40.59,27.62765515,13,3,osrm
21,delivered,2025-07-03 08:09:31,2025-07-03 08:19:38.308140,2025-07-03 08:38:07.400000,2025-07-03 08:43:23.300,33.87166666666666,18.484864333333334,16,2,osrm
22,delivered,2025-07-03 08:09:25,2025-07-03 08:19:41.265318,2025-07-03 08:54:17.303258,2025-07-03 08:58:49.200,49.40333333333333,34.60063233333334,10,4,osrm
23,delivered,2025-07-03 08:09:06,2025-07-03 08:26:24.541625,2025-07-03 08:39:43.100000,2025-07-03 08:47:30.200,38.40333333333333,13.309306249999999,21,4,osrm
24,delivered,2025-07-03 08:10:27,2025-07-03 08:22:44.318360,2025-07-03 08:38:25.400000,2025-07-03 08:43:59.200,33.53666666666667,15.684694,5,4,osrm
25,delivered,2025-07-03 08:10:35,2025-07-03 08:23:37.584747,2025-07-03 08:43:51.812084,2025-07-03 08:52:12.100,41.61833333333333,20.237122283333335,41,4,osrm
26,delivered,2025-07-03 08:10:51,2025-07-03 08:23:19.095909,2025-07-03 08:39:04.100000,2025-07-03 08:44:59.400,34.14,15.750068183333333,36,4,osrm
27,delivered,2025-07-03 08:11:59,2025-07-03 08:28:44.057895,2025-07-03 08:38:25.400000,2025-07-03 08:43:59.200,32.00333333333334,9.689035083333332,5,4,osrm
28,delivered,2025-07-03 08:11:19,2025-07-03 08:20:27.730692,2025-07-03 09:09:13.158735,2025-07-03 09:11:30.100,60.184999999999995,48.75713405,38,4,osrm
29,delivered,2025-07-03 08:11:48,2025-07-03 08:26:03.028253,2025-07-03 08:38:25.400000,2025-07-03 08:43:59.200,32.18666666666667,12.372862450000001,5,4,osrm
30,delivered,2025-07-03 08:12:02,2025-07-03 08:21:28.103453,2025-07-03 08:31:50.300000,2025-07-03 08:33:33.000,21.516666666666666,10.36994245,39,1,osrm
31,delivered,2025-07-03 08:12:31,2025-07-03 08:24:06.033581,2025-07-03 08:51:51.073233,2025-07-03 08:57:13.300,44.705000000000005,27.750660866666667,3,4,osrm
32,delivered,2025-07-03 08:13:23,2025-07-03 08:26:52.110087,2025-07-03 08:43:51.812084,2025-07-03 08:46:13.800,32.846666666666664,16.995033283333335,15,4,osrm
33,delivered,2025-07-03 08:13:12,2025-07-03 08:21:08.953554,2025-07-03 08:31:32.101084,2025-07-03 08:37:15.100,24.051666666666666,10.385792166666667,1,4,osrm
34,delivered,2025-07-03 08:14:21,2025-07-03 08:25:11.419574,2025-07-03 08:40:49.187610,2025-07-03 08:42:20.800,27.996666666666666,15.629467266666667,19,4,osrm
35,delivered,2025-07-03 08:14:06,2025-07-03 08:26:07.023665,2025-07-03 08:39:04.100000,2025-07-03 08:44:59.400,30.89,12.951272249999999,36,4,osrm
36,delivered,2025-07-03 08:14:25,2025-07-03 08:27:55.811006,2025-07-03 08:59:40.548322,2025-07-03 09:07:33.700,53.144999999999996,31.745621933333332,4,4,osrm
37,delivered,2025-07-03 08:15:52,2025-07-03 08:27:11.668772,2025-07-03 09:08:05.803637,2025-07-03 09:11:38.800,55.78,40.90224775,29,4,osrm
38,delivered,2025-07-03 08:15:00,2025-07-03 08:35:27.600411,2025-07-03 08:39:04.100000,2025-07-03 08:44:59.400,29.990000000000002,3.6083264833333333,36,4,osrm
39,delivered,2025-07-03 08:15:44,2025-07-03 08:33:22.755055,2025-07-03 08:38:07.400000,2025-07-03 08:43:23.300,27.654999999999998,4.744082416666667,16,2,osrm
40,delivered,2025-07-03 08:16:29,2025-07-03 08:21:52.593789,2025-07-03 08:26:12.500000,2025-07-03 08:30:15.600,13.776666666666667,4.331770183333333,13,2,osrm
41,delivered,2025-07-03 08:16:46,2025-07-03 08:29:07.222246,2025-07-03 08:39:04.100000,2025-07-03 08:44:59.400,28.223333333333336,9.947962566666666,36,4,osrm
42,delivered,2025-07-03 08:17:30,2025-07-03 08:31:09.709126,2025-07-03 08:43:25.327314,2025-07-03 08:48:39.400,31.15666666666667,12.260303133333334,38,4,osrm
43,delivered,2025-07-03 08:17:28,2025-07-03 08:30:29.569719,2025-07-03 08:40:15.700000,2025-07-03 08:49:53.900,32.431666666666665,9.768838016666667,8,4,osrm
44,delivered,2025-07-03 08:17:16,2025-07-03 08:33:26.303138,2025-07-03 08:51:34.786362,2025-07-03 08:56:18.600,39.04333333333333,18.141387066666667,1,4,osrm
45,delivered,2025-07-03 08:18:02,2025-07-03 08:23:02.000000,2025-07-03 08:39:43.100000,2025-07-03 08:47:30.200,29.470000000000002,16.685,21,4,osrm
46,delivered,2025-07-03 08:18:36,2025-07-03 08:27:22.576804,2025-07-03 09:01:29.535277,2025-07-03 09:09:23.500,50.791666666666664,34.11597455,15,4,osrm
47,delivered,2025-07-03 08:18:34,2025-07-03 08:35:11.627356,2025-07-03 09:03:06.046566,2025-07-03 09:05:30.100,46.934999999999995,27.906986833333335,7,4,osrm
48,delivered,2025-07-03 08:19:28,2025-07-03 08:35:06.689775,2025-07-03 08:54:17.303258,2025-07-03 08:58:49.200,39.35333333333333,19.176891383333334,10,4,osrm
49,delivered,2025-07-03 08:19:30,2025-07-03 08:38:21.385869,2025-07-03 09:05:10.423614,2025-07-03 09:08:45.900,49.265,26.817295750000003,20,4,osrm
50,delivered,2025-07-03 08:19:04,2025-07-03 08:36:01.873921,2025-07-03 08:43:51.812084,2025-07-03 08:52:12.100,33.135,7.832302716666666,41,4,osrm
51,delivered,2025-07-03 08:20:02,2025-07-03 08:28:10.928205,2025-07-03 08:38:25.400000,2025-07-03 08:43:59.200,23.953333333333333,10.241196583333334,5,4,osrm
52,delivered,2025-07-03 08:20:50,2025-07-03 08:35:56.280935,2025-07-03 08:40:15.700000,2025-07-03 08:49:53.900,29.065,4.323651083333333,8,4,osrm
53,delivered,2025-07-03 08:20:23,2025-07-03 08:31:32.101084,2025-07-03 08:44:53.381609,2025-07-03 08:49:21.300,28.971666666666668,13.354675416666668,34,4,osrm
54,delivered,2025-07-03 08:20:23,2025-07-03 08:33:00.575241,2025-07-03 08:45:43.673310,2025-07-03 08:57:41.700,37.31166666666666,12.71830115,28,4,osrm
55,delivered,2025-07-03 08:20:38,2025-07-03 08:32:48.087623,2025-07-03 08:42:49.066263,2025-07-03 08:46:35.900,25.965,10.016310666666667,12,4,osrm
56,delivered,2025-07-03 08:21:37,2025-07-03 08:32:12.995000,2025-07-03 09:18:28.871945,2025-07-03 09:23:42.300,62.08833333333334,46.26461575,17,4,osrm
57,delivered,2025-07-03 08:22:08,2025-07-03 08:32:37.379011,2025-07-03 08:43:25.327314,2025-07-03 08:48:39.400,26.523333333333333,10.799138383333334,38,4,osrm
58,delivered,2025-07-03 08:22:30,2025-07-03 08:36:49.497310,2025-07-03 08:40:15.700000,2025-07-03 08:49:53.900,27.398333333333333,3.4367115,8,4,osrm
59,delivered,2025-07-03 08:23:16,2025-07-03 08:33:38.023427,2025-07-03 09:06:48.235620,2025-07-03 09:12:32.900,49.281666666666666,33.17020321666667,2,4,osrm
60,delivered,2025-07-03 08:25:29,2025-07-03 08:38:07.821048,2025-07-03 09:33:37.566618,2025-07-03 09:31:04.800,65.59666666666666,55.4957595,2,4,osrm
61,delivered,2025-07-03 08:25:13,2025-07-03 08:38:40.328040,2025-07-03 09:10:37.545442,2025-07-03 09:18:08.200,52.919999999999995,31.953623366666665,10,4,osrm
62,delivered,2025-07-03 08:25:40,2025-07-03 08:36:04.009966,2025-07-03 08:36:04.009966,2025-07-03 08:46:53.300,21.221666666666668,0.0,31,4,osrm
63,delivered,2025-07-03 08:25:44,2025-07-03 08:36:52.632865,2025-07-03 09:01:14.312735,2025-07-03 09:10:08.500,44.40833333333333,24.361331166666666,34,4,osrm
64,delivered,2025-07-03 08:25:22,2025-07-03 08:40:49.187610,2025-07-03 08:44:53.381609,2025-07-03 08:49:21.300,23.988333333333333,4.069899983333333,34,4,osrm
65,delivered,2025-07-03 08:25:23,2025-07-03 08:32:17.018645,2025-07-03 08:54:17.303258,2025-07-03 08:58:49.200,33.43666666666667,22.00474355,10,4,osrm
66,delivered,2025-07-03 08:26:24,2025-07-03 08:36:22.921034,2025-07-03 08:43:51.812084,2025-07-03 08:46:13.800,19.83,7.4815175,15,4,osrm
67,delivered,2025-07-03 08:26:38,2025-07-03 08:34:37.065872,2025-07-03 08:36:04.009966,2025-07-03 08:46:53.300,20.255,1.4490682333333333,31,4,osrm
68,delivered,2025-07-03 08:26:14,2025-07-03 08:38:53.066445,2025-07-03 09:01:14.312735,2025-07-03 09:10:08.500,43.90833333333333,22.354104833333334,34,4,osrm
69,delivered,2025-07-03 08:26:23,2025-07-03 08:46:29.693886,2025-07-03 09:08:05.803637,2025-07-03 09:11:38.800,45.263333333333335,21.601829183333333,29,4,osrm
70,delivered,2025-07-03 08:26:40,2025-07-03 08:34:58.815399,2025-07-03 08:58:05.464254,2025-07-03 09:02:16.700,35.611666666666665,23.110814249999997,31,2,osrm
71,delivered,2025-07-03 08:26:25,2025-07-03 08:42:05.810606,2025-07-03 09:05:59.056200,2025-07-03 09:10:53.700,44.47833333333333,23.887426566666665,41,4,osrm
72,delivered,2025-07-03 08:27:32,2025-07-03 08:43:47.668228,2025-07-03 09:03:27.976652,2025-07-03 09:11:48.400,44.27333333333333,19.671807066666666,39,3,osrm
73,delivered,2025-07-03 08:27:07,2025-07-03 08:32:42.178056,2025-07-03 08:39:43.100000,2025-07-03 08:47:30.200,20.386666666666667,7.015365733333334,21,4,osrm
74,delivered,2025-07-03 08:27:46,2025-07-03 08:35:44.413735,2025-07-03 08:39:43.100000,2025-07-03 08:47:30.200,19.736666666666668,3.9781044166666666,21,4,osrm
75,delivered,2025-07-03 08:28:25,2025-07-03 08:40:21.192132,2025-07-03 09:03:17.347329,2025-07-03 09:06:55.100,38.501666666666665,22.935919950000002,8,4,osrm
76,delivered,2025-07-03 08:28:05,2025-07-03 08:37:07.240935,2025-07-03 09:09:04.263443,2025-07-03 09:16:29.100,48.401666666666664,31.950375133333335,21,4,osrm
77,delivered,2025-07-03 08:29:59,2025-07-03 08:42:49.066263,2025-07-03 08:42:49.066263,2025-07-03 08:46:35.900,16.615,0.0,12,4,osrm
78,delivered,2025-07-03 08:29:21,2025-07-03 08:45:26.919945,2025-07-03 08:49:25.838800,2025-07-03 08:52:57.800,23.613333333333333,3.9819809166666666,39,4,osrm
79,delivered,2025-07-03 08:29:45,2025-07-03 08:43:51.812084,2025-07-03 08:55:41.163163,2025-07-03 09:05:05.500,35.34166666666667,11.822517983333334,26,4,osrm
80,delivered,2025-07-03 08:29:35,2025-07-03 08:40:59.579880,2025-07-03 08:42:49.066263,2025-07-03 08:46:35.900,17.015,1.8247730500000001,12,4,osrm
81,delivered,2025-07-03 08:29:41,2025-07-03 08:43:23.122984,2025-07-03 09:03:11.019993,2025-07-03 09:09:00.000,39.31666666666667,19.798283483333332,37,4,osrm
82,delivered,2025-07-03 08:30:22,2025-07-03 08:43:25.327314,2025-07-03 08:43:25.327314,2025-07-03 08:48:39.400,18.290000000000003,0.0,38,4,osrm
83,delivered,2025-07-03 08:30:48,2025-07-03 08:38:59.883918,2025-07-03 09:00:19.835100,2025-07-03 09:02:44.300,31.938333333333333,21.3325197,36,4,osrm
84,delivered,2025-07-03 08:32:57,2025-07-03 08:43:08.629354,2025-07-03 09:33:55.304843,2025-07-03 09:41:51.300,68.905,50.77792481666667,21,4,osrm
85,delivered,2025-07-03 08:33:03,2025-07-03 08:46:27.209222,2025-07-03 08:46:27.209222,2025-07-03 08:52:29.800,19.446666666666665,0.0,2,4,osrm
86,delivered,2025-07-03 08:33:56,2025-07-03 08:45:43.673310,2025-07-03 08:45:43.673310,2025-07-03 08:57:41.700,23.761666666666667,0.0,28,4,osrm
87,delivered,2025-07-03 08:33:47,2025-07-03 08:46:45.045000,2025-07-03 09:27:54.940958,2025-07-03 09:36:13.800,62.44666666666667,41.164932633333336,38,4,osrm
88,delivered,2025-07-03 08:33:07,2025-07-03 08:47:47.214921,2025-07-03 08:59:40.548322,2025-07-03 09:07:33.700,34.445,11.888890016666666,4,4,osrm
89,delivered,2025-07-03 08:34:47,2025-07-03 08:39:47.000000,2025-07-03 09:01:29.535277,2025-07-03 09:09:23.500,34.608333333333334,21.708921283333332,15,4,osrm
90,delivered,2025-07-03 08:34:06,2025-07-03 08:50:32.707125,2025-07-03 10:38:51.300000,2025-07-03 10:46:16.600,132.17666666666668,108.30988125,13,3,osrm
91,delivered,2025-07-03 08:35:39,2025-07-03 08:41:55.614760,2025-07-03 09:15:34.048567,2025-07-03 09:25:32.000,49.88333333333333,33.640563449999995,27,4,osrm
92,delivered,2025-07-03 08:35:12,2025-07-03 08:47:14.097326,2025-07-03 09:30:01.272534,2025-07-03 09:27:02.600,51.843333333333334,42.78625346666667,25,3,osrm
93,delivered,2025-07-03 08:35:54,2025-07-03 08:48:21.557494,2025-07-03 09:03:06.046566,2025-07-03 09:05:30.100,29.601666666666667,14.741484533333333,7,4,osrm
94,delivered,2025-07-03 08:35:23,2025-07-03 08:46:56.664017,2025-07-03 09:05:10.423614,2025-07-03 09:08:45.900,33.38166666666667,18.229326616666665,20,4,osrm
95,delivered,2025-07-03 08:35:03,2025-07-03 08:47:36.790496,2025-07-03 09:39:17.658060,2025-07-03 09:45:05.000,70.03333333333333,51.68112606666667,14,4,osrm
96,delivered,2025-07-03 08:35:56,2025-07-03 08:46:14.670257,2025-07-03 09:18:11.148997,2025-07-03 09:25:03.100,49.11833333333333,31.941312333333332,19,4,osrm
97,delivered,2025-07-03 08:35:05,2025-07-03 08:44:53.381609,2025-07-03 08:55:41.163163,2025-07-03 09:05:05.500,30.008333333333333,10.796359233333334,26,4,osrm
98,delivered,2025-07-03 08:35:56,2025-07-03 08:47:36.998998,2025-07-03 09:06:50.283863,2025-07-03 09:14:31.600,38.593333333333334,19.22141441666667,14,4,osrm
99,delivered,2025-07-03 08:36:55,2025-07-03 08:49:25.838800,2025-07-03 08:49:25.838800,2025-07-03 08:52:57.800,16.046666666666667,0.0,39,4,osrm
100,delivered,2025-07-03 08:36:06,2025-07-03 08:46:01.764894,2025-07-03 09:05:59.056200,2025-07-03 09:10:53.700,34.794999999999995,19.9548551,41,4,osrm
101,delivered,2025-07-03 08:36:24,2025-07-03 08:49:20.971258,2025-07-03 08:51:34.786362,2025-07-03 08:56:18.600,19.91,2.230251733333333,1,4,osrm
102,delivered,2025-07-03 08:36:09,2025-07-03 08:45:32.535694,2025-07-03 09:01:14.312735,2025-07-03 09:10:08.500,33.99166666666667,15.696284016666668,34,4,osrm
103,delivered,2025-07-03 08:36:56,2025-07-03 08:47:09.233326,2025-07-03 08:51:34.786362,2025-07-03 08:56:18.600,19.376666666666665,4.425883933333334,1,4,osrm
104,delivered,2025-07-03 08:36:12,2025-07-03 08:47:27.426268,2025-07-03 09:28:20.815600,2025-07-03 09:30:56.700,54.745,40.889822200000005,16,4,osrm
105,delivered,2025-07-03 08:37:28,2025-07-03 08:50:46.982076,2025-07-03 09:18:46.900000,2025-07-03 09:29:02.200,51.57,27.99863206666667,32,4,osrm
106,delivered,2025-07-03 08:38:52,2025-07-03 08:49:54.465163,2025-07-03 09:10:49.900000,2025-07-03 09:18:13.100,39.35166666666667,20.92391395,30,4,osrm
107,delivered,2025-07-03 08:38:26,2025-07-03 08:51:34.786362,2025-07-03 08:51:34.786362,2025-07-03 08:56:18.600,17.876666666666665,0.0,1,4,osrm
108,delivered,2025-07-03 08:39:50,2025-07-03 08:56:38.352251,2025-07-03 09:00:19.835100,2025-07-03 09:02:44.300,22.904999999999998,3.6913808166666664,36,4,osrm
109,delivered,2025-07-03 08:40:48,2025-07-03 08:51:20.289383,2025-07-03 09:39:24.288828,2025-07-03 09:44:53.900,64.09833333333333,48.066657416666665,7,4,osrm
110,delivered,2025-07-03 08:40:25,2025-07-03 08:56:17.297112,2025-07-03 09:46:17.275315,2025-07-03 09:53:55.400,73.50666666666666,49.99963671666667,16,4,osrm
111,delivered,2025-07-03 08:40:27,2025-07-03 08:48:26.871863,2025-07-03 09:26:55.041233,2025-07-03 09:34:21.900,53.915,38.4694895,34,4,osrm
112,delivered,2025-07-03 08:40:23,2025-07-03 08:54:17.303258,2025-07-03 08:54:17.303258,2025-07-03 08:58:49.200,18.436666666666667,0.0,10,4,osrm
113,delivered,2025-07-03 08:41:10,2025-07-03 08:52:33.026732,2025-07-03 09:33:37.566618,2025-07-03 09:31:04.800,49.913333333333334,41.07566476666667,2,4,osrm
114,delivered,2025-07-03 08:41:38,2025-07-03 08:59:55.350998,2025-07-03 10:35:10.900000,2025-07-03 10:42:04.300,120.43833333333333,95.25915003333333,11,4,osrm
115,delivered,2025-07-03 08:41:25,2025-07-03 08:51:51.073233,2025-07-03 09:03:06.046566,2025-07-03 09:05:30.100,24.084999999999997,11.24955555,7,4,osrm
116,delivered,2025-07-03 08:42:43,2025-07-03 08:52:10.703009,2025-07-03 09:06:48.235620,2025-07-03 09:12:32.900,29.831666666666667,14.625543516666665,2,4,osrm
117,delivered,2025-07-03 08:42:12,2025-07-03 08:57:19.110555,2025-07-03 08:59:40.548322,2025-07-03 09:07:33.700,25.361666666666668,2.357296116666667,4,4,osrm
118,delivered,2025-07-03 08:42:24,2025-07-03 08:55:35.486243,2025-07-03 09:22:21.275922,2025-07-03 09:34:46.700,52.37833333333333,26.763161316666665,11,4,osrm
119,delivered,2025-07-03 08:43:54,2025-07-03 08:56:05.057551,2025-07-03 09:09:13.158735,2025-07-03 09:11:30.100,27.601666666666667,13.135019733333333,38,4,osrm
120,delivered,2025-07-03 08:43:57,2025-07-03 08:48:57.000000,2025-07-03 09:06:48.235620,2025-07-03 09:12:32.900,28.598333333333336,17.853927,2,4,osrm
121,delivered,2025-07-03 08:43:51,2025-07-03 08:56:59.227636,2025-07-03 09:14:40.796455,2025-07-03 09:21:41.300,37.83833333333334,17.69281365,31,4,osrm
122,delivered,2025-07-03 08:44:38,2025-07-03 08:56:15.557742,2025-07-03 10:35:10.900000,2025-07-03 10:42:04.300,117.43833333333333,98.92237096666666,11,4,osrm
123,delivered,2025-07-03 08:45:07,2025-07-03 08:57:19.028396,2025-07-03 09:04:48.716878,2025-07-03 09:09:57.800,24.846666666666668,7.494808033333333,32,4,osrm
124,delivered,2025-07-03 08:45:30,2025-07-03 08:55:06.196404,2025-07-03 09:00:19.835100,2025-07-03 09:02:44.300,17.238333333333333,5.227311599999999,36,4,osrm
125,delivered,2025-07-03 08:46:20,2025-07-03 09:02:11.213594,2025-07-03 09:21:56.074475,2025-07-03 09:30:56.600,44.61,19.74768135,3,4,osrm
126,delivered,2025-07-03 08:46:12,2025-07-03 08:58:05.464254,2025-07-03 08:58:05.464254,2025-07-03 09:02:16.700,16.078333333333333,0.0,31,2,osrm
127,delivered,2025-07-03 08:46:48,2025-07-03 08:57:59.593026,2025-07-03 09:32:44.710853,2025-07-03 09:40:30.000,53.7,34.75196378333333,1,4,osrm
128,delivered,2025-07-03 08:46:32,2025-07-03 08:53:47.029975,2025-07-03 09:38:08.769786,2025-07-03 09:44:12.700,57.67833333333333,44.362330183333334,19,4,osrm
129,delivered,2025-07-03 08:47:01,2025-07-03 08:58:20.624885,2025-07-03 09:01:29.535277,2025-07-03 09:09:23.500,22.375,3.1485065333333333,15,4,osrm
130,delivered,2025-07-03 08:47:03,2025-07-03 08:55:41.163163,2025-07-03 09:08:28.118982,2025-07-03 09:18:49.600,31.776666666666664,12.782596983333333,33,4,osrm
131,delivered,2025-07-03 08:47:00,2025-07-03 09:03:00.928745,2025-07-03 09:39:17.658060,2025-07-03 09:45:05.000,58.083333333333336,36.278821916666665,14,4,osrm
132,delivered,2025-07-03 08:48:35,2025-07-03 09:01:14.312735,2025-07-03 09:01:14.312735,2025-07-03 09:10:08.500,21.558333333333334,0.0,34,4,osrm
133,delivered,2025-07-03 08:48:11,2025-07-03 08:58:16.548930,2025-07-03 09:03:27.976652,2025-07-03 09:11:48.400,23.623333333333335,5.190462033333334,39,3,osrm
134,delivered,2025-07-03 08:48:19,2025-07-03 08:59:40.548322,2025-07-03 09:17:42.260404,2025-07-03 09:26:27.000,38.13333333333333,18.0285347,18,4,osrm
135,delivered,2025-07-03 08:48:55,2025-07-03 09:05:10.423614,2025-07-03 09:08:05.803637,2025-07-03 09:14:31.100,25.601666666666667,2.923000383333333,25,4,osrm
136,delivered,2025-07-03 08:48:13,2025-07-03 09:00:32.429903,2025-07-03 09:42:36.035954,2025-07-03 09:52:55.400,64.70666666666666,42.060100850000005,12,4,osrm
137,delivered,2025-07-03 08:48:28,2025-07-03 09:00:19.835100,2025-07-03 09:00:19.835100,2025-07-03 09:02:44.300,14.271666666666667,0.0,36,4,osrm
138,delivered,2025-07-03 08:48:19,2025-07-03 09:05:47.403731,2025-07-03 09:22:21.275922,2025-07-03 09:34:46.700,46.461666666666666,16.564536516666667,11,4,osrm
139,delivered,2025-07-03 08:49:10,2025-07-03 09:02:10.869936,2025-07-03 09:41:53.813130,2025-07-03 09:46:59.300,57.82166666666667,39.715719899999996,9,4,osrm
140,delivered,2025-07-03 08:49:45,2025-07-03 09:04:21.991539,2025-07-03 09:32:56.167582,2025-07-03 09:43:24.900,53.665,28.569600716666667,10,4,osrm
141,delivered,2025-07-03 08:49:12,2025-07-03 09:00:02.805181,2025-07-03 09:21:23.650240,2025-07-03 09:29:39.800,40.46333333333334,21.34741765,28,4,osrm
142,delivered,2025-07-03 08:50:44,2025-07-03 09:01:29.535277,2025-07-03 09:01:29.535277,2025-07-03 09:09:23.500,18.658333333333335,0.0,15,4,osrm
143,delivered,2025-07-03 08:50:08,2025-07-03 09:04:33.956719,2025-07-03 09:18:46.900000,2025-07-03 09:29:02.200,38.90333333333333,14.215721349999999,32,4,osrm
144,delivered,2025-07-03 08:50:38,2025-07-03 09:02:23.487609,2025-07-03 09:04:48.716878,2025-07-03 09:09:57.800,19.33,2.4204878166666663,32,4,osrm
145,delivered,2025-07-03 08:50:34,2025-07-03 09:03:32.651065,2025-07-03 09:06:50.283863,2025-07-03 09:14:31.600,23.959999999999997,3.2938799666666667,14,4,osrm
146,delivered,2025-07-03 08:50:46,2025-07-03 09:02:28.362348,2025-07-03 09:18:11.148997,2025-07-03 09:25:03.100,34.285,15.713110816666667,19,4,osrm
147,delivered,2025-07-03 08:51:12,2025-07-03 09:03:06.046566,2025-07-03 09:03:06.046566,2025-07-03 09:05:30.100,14.301666666666668,0.0,7,4,osrm
148,delivered,2025-07-03 08:51:41,2025-07-03 09:03:11.019993,2025-07-03 09:03:11.019993,2025-07-03 09:09:00.000,17.316666666666666,0.0,37,4,osrm
149,delivered,2025-07-03 08:51:37,2025-07-03 08:59:34.312565,2025-07-03 09:14:40.796455,2025-07-03 09:21:41.300,30.071666666666665,15.108064833333334,31,4,osrm
150,delivered,2025-07-03 08:51:47,2025-07-03 09:07:35.747118,2025-07-03 09:54:24.075032,2025-07-03 10:07:03.300,75.27166666666668,46.80546523333333,19,3,osrm
151,delivered,2025-07-03 08:52:58,2025-07-03 09:03:04.133211,2025-07-03 10:03:31.008440,2025-07-03 10:04:33.400,71.58999999999999,60.447920483333334,18,4,osrm
152,delivered,2025-07-03 08:52:58,2025-07-03 09:01:16.622618,2025-07-03 09:01:16.622618,2025-07-03 09:07:29.900,14.531666666666666,0.0,40,4,osrm
153,delivered,2025-07-03 08:52:37,2025-07-03 09:04:45.490433,2025-07-03 09:34:17.041364,2025-07-03 09:42:57.100,50.335,29.52584885,20,4,osrm
154,delivered,2025-07-03 08:52:39,2025-07-03 09:02:34.855648,2025-07-03 09:24:11.186091,2025-07-03 09:31:17.000,38.63333333333333,21.605507383333336,29,4,osrm
155,delivered,2025-07-03 08:53:14,2025-07-03 09:08:54.985205,2025-07-03 09:10:37.545442,2025-07-03 09:18:08.200,24.903333333333332,1.7093372833333333,10,4,osrm
156,delivered,2025-07-03 08:53:01,2025-07-03 09:06:50.283863,2025-07-03 09:21:23.650240,2025-07-03 09:29:39.800,36.64666666666667,14.556106283333333,28,4,osrm
157,delivered,2025-07-03 08:53:09,2025-07-03 09:03:17.347329,2025-07-03 09:03:17.347329,2025-07-03 09:06:55.100,13.768333333333334,0.0,8,4,osrm
158,delivered,2025-07-03 08:53:49,2025-07-03 09:03:03.710370,2025-07-03 09:30:27.616886,2025-07-03 09:37:59.000,44.166666666666664,27.398441933333334,4,4,osrm
159,delivered,2025-07-03 08:54:16,2025-07-03 09:08:05.803637,2025-07-03 09:21:56.074475,2025-07-03 09:30:56.600,36.67666666666666,13.8378473,3,4,osrm
160,delivered,2025-07-03 08:55:00,2025-07-03 09:04:48.716878,2025-07-03 09:04:48.716878,2025-07-03 09:09:57.800,14.963333333333333,0.0,32,4,osrm
161,delivered,2025-07-03 08:55:28,2025-07-03 09:03:15.393088,2025-07-03 09:38:30.053026,2025-07-03 09:44:17.300,48.82166666666667,35.244332299999996,8,4,osrm
162,delivered,2025-07-03 08:55:02,2025-07-03 09:01:56.967962,2025-07-03 09:10:37.545442,2025-07-03 09:18:08.200,23.103333333333335,8.676291333333333,10,4,osrm
163,delivered,2025-07-03 08:55:12,2025-07-03 09:09:13.158735,2025-07-03 09:09:13.158735,2025-07-03 09:11:30.100,16.301666666666666,0.0,38,4,osrm
164,delivered,2025-07-03 08:56:15,2025-07-03 09:03:27.976652,2025-07-03 09:03:27.976652,2025-07-03 09:11:48.400,15.556666666666667,0.0,39,3,osrm
165,delivered,2025-07-03 08:56:00,2025-07-03 09:04:21.528688,2025-07-03 09:13:50.410279,2025-07-03 09:18:22.900,22.381666666666668,9.481359849999999,35,4,osrm
166,delivered,2025-07-03 08:56:03,2025-07-03 09:10:00.909508,2025-07-03 09:24:11.186091,2025-07-03 09:31:17.000,35.233333333333334,14.171276383333332,29,4,osrm
167,delivered,2025-07-03 08:56:47,2025-07-03 09:11:05.480397,2025-07-03 09:24:11.186091,2025-07-03 09:31:17.000,34.5,13.0950949,29,4,osrm
168,delivered,2025-07-03 08:57:36,2025-07-03 09:05:59.056200,2025-07-03 09:05:59.056200,2025-07-03 09:10:53.700,13.295,0.0,41,4,osrm
169,delivered,2025-07-03 08:57:33,2025-07-03 09:07:36.591710,2025-07-03 09:28:20.815600,2025-07-03 09:30:56.700,33.395,20.73706483333333,16,4,osrm
170,delivered,2025-07-03 08:57:40,2025-07-03 09:12:28.916852,2025-07-03 09:32:44.710853,2025-07-03 09:40:30.000,42.833333333333336,20.26323335,1,4,osrm
171,delivered,2025-07-03 08:57:43,2025-07-03 09:10:14.335321,2025-07-03 09:17:28.563103,2025-07-03 09:27:01.100,29.301666666666666,7.2371297,5,4,osrm
172,delivered,2025-07-03 08:57:58,2025-07-03 09:08:28.118982,2025-07-03 09:08:28.118982,2025-07-03 09:18:49.600,20.86,0.0,33,4,osrm
173,delivered,2025-07-03 08:58:23,2025-07-03 09:10:37.545442,2025-07-03 09:10:37.545442,2025-07-03 09:18:08.200,19.753333333333334,0.0,10,4,osrm
174,delivered,2025-07-03 08:58:53,2025-07-03 09:12:01.547162,2025-07-03 09:37:22.564444,2025-07-03 09:41:30.900,42.63166666666667,25.350288033333335,22,4,osrm
175,delivered,2025-07-03 08:58:13,2025-07-03 09:06:48.235620,2025-07-03 09:06:48.235620,2025-07-03 09:12:32.900,14.331666666666667,0.0,2,4,osrm
176,delivered,2025-07-03 08:58:29,2025-07-03 09:07:19.432980,2025-07-03 09:41:18.940934,2025-07-03 09:45:14.700,46.76166666666666,33.99179923333333,25,4,osrm
177,delivered,2025-07-03 08:59:36,2025-07-03 09:14:49.850840,2025-07-03 09:30:51.304104,2025-07-03 09:38:05.800,38.49666666666667,16.024221066666666,15,4,osrm
178,delivered,2025-07-03 08:59:36,2025-07-03 09:16:45.250961,2025-07-03 09:39:17.658060,2025-07-03 09:45:05.000,45.483333333333334,22.540118316666668,14,4,osrm
179,delivered,2025-07-03 08:59:25,2025-07-03 09:14:01.569486,2025-07-03 09:57:50.169136,2025-07-03 10:03:44.200,64.32,43.80999416666667,22,2,osrm
180,delivered,2025-07-03 08:59:30,2025-07-03 09:10:49.790742,2025-07-03 09:21:56.074475,2025-07-03 09:30:56.600,31.44333333333333,11.104728883333333,3,4,osrm
181,delivered,2025-07-03 09:00:16,2025-07-03 09:10:07.404855,2025-07-03 09:27:46.454951,2025-07-03 09:31:02.600,30.776666666666664,17.650834933333332,39,4,osrm
182,delivered,2025-07-03 09:00:47,2025-07-03 09:12:51.381403,2025-07-03 10:34:18.700000,2025-07-03 10:45:20.100,104.55166666666668,81.45530995,9,4,osrm
183,delivered,2025-07-03 09:00:51,2025-07-03 09:15:54.168408,2025-07-03 09:18:11.148997,2025-07-03 09:25:03.100,24.201666666666664,2.283009816666667,19,4,osrm
184,delivered,2025-07-03 09:00:34,2025-07-03 09:16:14.724274,2025-07-03 10:38:51.300000,2025-07-03 10:46:16.600,105.71000000000001,82.60959543333334,13,3,osrm
185,delivered,2025-07-03 09:01:58,2025-07-03 09:13:50.410279,2025-07-03 09:13:50.410279,2025-07-03 09:18:22.900,16.415,0.0,35,4,osrm
186,delivered,2025-07-03 09:01:22,2025-07-03 09:14:28.390837,2025-07-03 09:30:51.304104,2025-07-03 09:38:05.800,36.730000000000004,16.381887783333333,15,4,osrm
187,delivered,2025-07-03 09:02:47,2025-07-03 09:10:21.499852,2025-07-03 10:02:17.527371,2025-07-03 10:11:04.500,68.29166666666667,51.933791983333336,32,4,osrm
188,delivered,2025-07-03 09:02:26,2025-07-03 09:13:55.872556,2025-07-03 10:35:10.900000,2025-07-03 10:42:04.300,99.63833333333334,81.2504574,11,4,osrm
189,delivered,2025-07-03 09:02:53,2025-07-03 09:19:10.273784,2025-07-03 09:27:46.454951,2025-07-03 09:31:02.600,28.16,8.60301945,39,4,osrm
190,delivered,2025-07-03 09:03:59,2025-07-03 09:15:28.104769,2025-07-03 10:03:31.008440,2025-07-03 10:04:33.400,60.57333333333334,48.04839451666667,18,4,osrm
191,delivered,2025-07-03 09:03:35,2025-07-03 09:16:51.608062,2025-07-03 09:33:37.566618,2025-07-03 09:31:04.800,27.496666666666666,16.765975933333333,2,4,osrm
192,delivered,2025-07-03 09:03:53,2025-07-03 09:18:28.871945,2025-07-03 09:18:28.871945,2025-07-03 09:23:42.300,19.821666666666665,0.0,17,4,osrm
193,delivered,2025-07-03 09:03:15,2025-07-03 09:17:36.633743,2025-07-03 09:36:01.868249,2025-07-03 09:43:09.200,39.90333333333333,18.4205751,37,4,osrm
194,delivered,2025-07-03 09:03:22,2025-07-03 09:15:34.048567,2025-07-03 09:21:23.650240,2025-07-03 09:29:39.800,26.296666666666667,5.82669455,28,4,osrm
195,delivered,2025-07-03 09:03:50,2025-07-03 09:14:03.441242,2025-07-03 09:30:27.616886,2025-07-03 09:37:59.000,34.15,16.4029274,4,4,osrm
196,delivered,2025-07-03 09:03:39,2025-07-03 09:09:04.263443,2025-07-03 09:13:50.410279,2025-07-03 09:18:22.900,14.731666666666666,4.769113933333333,35,4,osrm
197,delivered,2025-07-03 09:03:43,2025-07-03 09:12:08.784394,2025-07-03 09:41:53.813130,2025-07-03 09:46:59.300,43.27166666666667,29.750478933333333,9,4,osrm
198,delivered,2025-07-03 09:03:42,2025-07-03 09:14:40.796455,2025-07-03 09:35:25.750567,2025-07-03 09:38:31.200,34.82,20.749235199999998,30,4,osrm
199,delivered,2025-07-03 09:04:08,2025-07-03 09:18:11.148997,2025-07-03 09:18:11.148997,2025-07-03 09:25:03.100,20.918333333333333,0.0,19,4,osrm
200,delivered,2025-07-03 09:04:13,2025-07-03 09:16:44.165341,2025-07-03 10:03:31.008440,2025-07-03 10:04:33.400,60.34,46.78071831666667,18,4,osrm
201,delivered,2025-07-03 09:04:58,2025-07-03 09:20:18.091490,2025-07-03 09:27:46.454951,2025-07-03 09:31:02.600,26.076666666666664,7.472724349999999,39,4,osrm
202,delivered,2025-07-03 09:04:32,2025-07-03 09:12:47.260958,2025-07-03 09:53:50.233458,2025-07-03 10:00:31.800,55.99666666666667,41.04954166666666,36,3,osrm
203,delivered,2025-07-03 09:05:56,2025-07-03 09:12:30.715388,2025-07-03 09:27:54.940958,2025-07-03 09:36:13.800,30.296666666666667,15.4037595,38,4,osrm
204,delivered,2025-07-03 09:05:02,2025-07-03 09:18:44.390211,2025-07-03 09:22:21.275922,2025-07-03 09:34:46.700,29.745,3.61476185,11,4,osrm
205,delivered,2025-07-03 09:06:22,2025-07-03 09:23:36.428479,2025-07-03 09:23:36.428479,2025-07-03 09:27:37.700,21.261666666666667,0.0,40,4,osrm
206,delivered,2025-07-03 09:06:39,2025-07-03 09:19:08.862096,2025-07-03 09:51:58.545209,2025-07-03 09:53:41.400,47.04,32.82805188333334,35,4,osrm
207,delivered,2025-07-03 09:06:26,2025-07-03 09:16:42.003086,2025-07-03 10:24:03.300000,2025-07-03 10:24:55.500,78.49166666666666,67.35494856666666,35,1,osrm
208,delivered,2025-07-03 09:06:50,2025-07-03 09:21:23.650240,2025-07-03 09:21:23.650240,2025-07-03 09:29:39.800,22.83,0.0,28,4,osrm
209,delivered,2025-07-03 09:06:24,2025-07-03 09:22:31.473029,2025-07-03 09:46:13.384112,2025-07-03 09:55:13.100,48.818333333333335,23.69851805,26,4,osrm
210,delivered,2025-07-03 09:07:46,2025-07-03 09:16:02.335327,2025-07-03 09:46:17.275315,2025-07-03 09:53:55.400,46.156666666666666,30.2489998,16,4,osrm
211,delivered,2025-07-03 09:07:30,2025-07-03 09:18:22.947076,2025-07-03 09:32:22.502242,2025-07-03 09:38:02.300,30.538333333333334,13.9925861,33,4,osrm
212,delivered,2025-07-03 09:08:51,2025-07-03 09:23:46.755231,2025-07-03 09:51:58.545209,2025-07-03 09:53:41.400,44.84,28.196499633333335,35,4,osrm
213,delivered,2025-07-03 09:08:16,2025-07-03 09:20:54.945414,2025-07-03 10:23:30.700000,2025-07-03 10:26:36.300,78.33833333333334,62.595909766666665,17,2,osrm
214,delivered,2025-07-03 09:09:44,2025-07-03 09:19:15.590740,2025-07-03 09:33:55.304843,2025-07-03 09:41:51.300,32.12166666666666,14.661901716666668,21,4,osrm
215,delivered,2025-07-03 09:09:09,2025-07-03 09:20:10.269313,2025-07-03 09:36:01.868249,2025-07-03 09:43:09.200,34.00333333333334,15.859982266666666,37,4,osrm
216,delivered,2025-07-03 09:09:22,2025-07-03 09:18:38.086948,2025-07-03 09:18:46.900000,2025-07-03 09:29:02.200,19.67,0.14688420000000002,32,4,osrm
217,delivered,2025-07-03 09:09:56,2025-07-03 09:17:28.563103,2025-07-03 09:27:54.940958,2025-07-03 09:36:13.800,26.296666666666667,10.439630916666665,38,4,osrm
218,delivered,2025-07-03 09:09:05,2025-07-03 09:21:56.074475,2025-07-03 09:44:24.257577,2025-07-03 09:50:16.300,41.18833333333334,22.469718366666665,27,4,osrm
219,delivered,2025-07-03 09:09:40,2025-07-03 09:17:42.260404,2025-07-03 09:38:30.053026,2025-07-03 09:44:17.300,34.62166666666667,20.796543699999997,8,4,osrm
220,delivered,2025-07-03 09:09:12,2025-07-03 09:20:45.048737,2025-07-03 09:54:15.600000,2025-07-03 10:02:32.400,53.34,33.509187716666666,34,4,osrm
221,delivered,2025-07-03 09:09:59,2025-07-03 09:19:05.463259,2025-07-03 09:53:30.800000,2025-07-03 10:03:11.700,53.211666666666666,34.42227901666667,14,3,osrm
222,delivered,2025-07-03 09:10:24,2025-07-03 09:23:35.637864,2025-07-03 09:54:24.075032,2025-07-03 10:07:03.300,56.655,30.80728613333333,19,3,osrm
223,delivered,2025-07-03 09:10:41,2025-07-03 09:21:30.487929,2025-07-03 09:35:25.750567,2025-07-03 09:38:31.200,27.836666666666666,13.921043966666668,30,4,osrm
224,delivered,2025-07-03 09:10:54,2025-07-03 09:22:00.768909,2025-07-03 09:32:44.710853,2025-07-03 09:40:30.000,29.6,10.732365733333333,1,4,osrm
225,delivered,2025-07-03 09:10:19,2025-07-03 09:17:35.169236,2025-07-03 09:32:56.167582,2025-07-03 09:43:24.900,33.098333333333336,15.349972433333333,10,4,osrm
226,delivered,2025-07-03 09:11:37,2025-07-03 09:24:11.186091,2025-07-03 09:34:17.041364,2025-07-03 09:42:57.100,31.334999999999997,10.097587883333334,20,4,osrm
227,delivered,2025-07-03 09:11:48,2025-07-03 09:22:21.275922,2025-07-03 09:22:21.275922,2025-07-03 09:34:46.700,22.978333333333335,0.0,11,4,osrm
228,delivered,2025-07-03 09:11:40,2025-07-03 09:21:08.308917,2025-07-03 09:53:22.900000,2025-07-03 10:02:20.800,50.68,32.24318471666667,3,4,osrm
229,delivered,2025-07-03 09:12:14,2025-07-03 09:25:20.101578,2025-07-03 09:41:18.940934,2025-07-03 09:45:14.700,33.01166666666667,15.980655933333333,25,4,osrm
230,delivered,2025-07-03 09:13:27,2025-07-03 09:28:00.226265,2025-07-03 09:28:00.226265,2025-07-03 09:36:02.900,22.598333333333336,0.0,36,4,osrm
231,delivered,2025-07-03 09:13:59,2025-07-03 09:30:51.304104,2025-07-03 09:46:13.384112,2025-07-03 09:55:13.100,41.235,15.368000133333334,26,4,osrm
232,delivered,2025-07-03 09:14:04,2025-07-03 09:26:28.938001,2025-07-03 09:37:22.564444,2025-07-03 09:41:30.900,27.448333333333334,10.89377405,22,4,osrm
233,delivered,2025-07-03 09:14:23,2025-07-03 09:26:55.041233,2025-07-03 09:26:55.041233,2025-07-03 09:34:21.900,19.98166666666667,0.0,34,4,osrm
234,delivered,2025-07-03 09:14:18,2025-07-03 09:23:20.427691,2025-07-03 09:45:07.207396,2025-07-03 09:53:55.000,39.61666666666667,21.77966175,17,4,osrm
235,delivered,2025-07-03 09:15:24,2025-07-03 09:25:13.934695,2025-07-03 10:04:05.400000,2025-07-03 10:12:50.300,57.43833333333334,38.85775508333334,16,4,osrm
236,delivered,2025-07-03 09:15:06,2025-07-03 09:30:25.479685,2025-07-03 09:34:17.041364,2025-07-03 09:42:57.100,27.851666666666667,3.8593613166666665,20,4,osrm
237,delivered,2025-07-03 09:15:41,2025-07-03 09:26:12.171356,2025-07-03 10:43:40.720141,2025-07-03 10:42:19.600,86.64333333333335,77.47581308333334,22,2,osrm
238,delivered,2025-07-03 09:15:06,2025-07-03 09:32:22.502242,2025-07-03 09:41:18.940934,2025-07-03 09:45:14.700,30.145,8.940644866666666,25,4,osrm
239,delivered,2025-07-03 09:15:18,2025-07-03 09:23:29.174501,2025-07-03 09:28:00.226265,2025-07-03 09:36:02.900,20.748333333333335,4.5175294,36,4,osrm
240,delivered,2025-07-03 09:16:29,2025-07-03 09:27:54.940958,2025-07-03 09:32:56.167582,2025-07-03 09:43:24.900,26.93166666666667,5.020443733333334,10,4,osrm
241,delivered,2025-07-03 09:16:26,2025-07-03 09:27:46.454951,2025-07-03 09:27:46.454951,2025-07-03 09:31:02.600,14.610000000000001,0.0,39,4,osrm
242,delivered,2025-07-03 09:17:09,2025-07-03 09:27:03.853183,2025-07-03 09:45:07.207396,2025-07-03 09:53:55.000,36.766666666666666,18.05590355,17,4,osrm
243,delivered,2025-07-03 09:17:20,2025-07-03 09:28:20.815600,2025-07-03 09:38:08.769786,2025-07-03 09:44:12.700,26.878333333333334,9.799236433333334,19,4,osrm
244,delivered,2025-07-03 09:17:40,2025-07-03 09:29:01.535736,2025-07-03 09:38:08.769786,2025-07-03 09:44:12.700,26.545,9.1205675,19,4,osrm
245,delivered,2025-07-03 09:18:01,2025-07-03 09:30:27.616886,2025-07-03 09:30:27.616886,2025-07-03 09:37:59.000,19.966666666666665,0.0,4,4,osrm
246,delivered,2025-07-03 09:18:51,2025-07-03 09:30:31.787531,2025-07-03 09:41:53.813130,2025-07-03 09:46:59.300,28.138333333333332,11.367093316666667,9,4,osrm
247,delivered,2025-07-03 09:18:35,2025-07-03 09:33:37.566618,2025-07-03 09:39:24.288828,2025-07-03 09:44:53.900,26.315,5.778703500000001,7,4,osrm
248,delivered,2025-07-03 09:18:45,2025-07-03 09:38:08.769786,2025-07-03 09:38:08.769786,2025-07-03 09:44:12.700,25.461666666666666,0.0,19,4,osrm
249,delivered,2025-07-03 09:18:34,2025-07-03 09:32:44.710853,2025-07-03 09:56:01.055625,2025-07-03 10:00:18.200,41.736666666666665,23.272412866666667,33,4,osrm
250,delivered,2025-07-03 09:19:59,2025-07-03 09:33:07.902028,2025-07-03 09:36:01.868249,2025-07-03 09:43:09.200,23.17,2.8994370166666665,37,4,osrm
251,delivered,2025-07-03 09:19:20,2025-07-03 09:28:20.116147,2025-07-03 09:49:20.432715,2025-07-03 09:54:57.200,35.62,21.005276133333332,29,4,osrm
252,delivered,2025-07-03 09:19:01,2025-07-03 09:29:21.148558,2025-07-03 09:54:15.600000,2025-07-03 10:02:32.400,43.52333333333333,24.907524033333335,34,4,osrm
253,delivered,2025-07-03 09:19:22,2025-07-03 09:26:15.443019,2025-07-03 09:42:36.035954,2025-07-03 09:52:55.400,33.556666666666665,16.343215583333333,12,4,osrm
254,delivered,2025-07-03 09:19:46,2025-07-03 09:33:11.409351,2025-07-03 09:35:25.750567,2025-07-03 09:38:31.200,18.753333333333334,2.2390202666666665,30,4,osrm
255,delivered,2025-07-03 09:19:02,2025-07-03 09:26:34.845319,2025-07-03 09:51:56.559878,2025-07-03 09:59:19.300,40.288333333333334,25.361909316666665,40,4,osrm
256,delivered,2025-07-03 09:20:34,2025-07-03 09:34:35.367865,2025-07-03 10:23:30.700000,2025-07-03 10:26:36.300,66.03833333333334,48.922202250000005,17,2,osrm
257,delivered,2025-07-03 09:20:18,2025-07-03 09:30:01.272534,2025-07-03 09:39:24.288828,2025-07-03 09:44:53.900,24.598333333333336,9.3836049,7,4,osrm
258,delivered,2025-07-03 09:20:44,2025-07-03 09:33:47.797390,2025-07-03 09:54:37.500000,2025-07-03 10:04:32.100,43.80166666666666,20.828376833333333,11,4,osrm
259,delivered,2025-07-03 09:20:44,2025-07-03 09:34:17.041364,2025-07-03 09:55:37.575127,2025-07-03 09:59:34.200,38.836666666666666,21.342229383333333,24,4,osrm
260,delivered,2025-07-03 09:20:07,2025-07-03 09:26:27.597669,2025-07-03 09:26:27.597669,2025-07-03 09:34:47.800,14.68,0.0,41,4,osrm
261,delivered,2025-07-03 09:20:29,2025-07-03 09:30:05.859866,2025-07-03 09:57:10.403071,2025-07-03 10:04:40.000,44.18333333333333,27.075720083333334,7,3,osrm
262,delivered,2025-07-03 09:20:29,2025-07-03 09:33:33.299992,2025-07-03 10:38:51.300000,2025-07-03 10:46:16.600,85.79333333333334,65.30000013333333,13,3,osrm
263,delivered,2025-07-03 09:21:11,2025-07-03 09:34:37.026082,2025-07-03 09:48:38.000000,2025-07-03 09:54:50.700,33.66166666666667,14.016231966666668,30,4,osrm
264,delivered,2025-07-03 09:21:02,2025-07-03 09:35:25.750567,2025-07-03 09:35:25.750567,2025-07-03 09:38:31.200,17.486666666666668,0.0,30,4,osrm
265,delivered,2025-07-03 09:21:07,2025-07-03 09:32:05.399077,2025-07-03 09:37:22.564444,2025-07-03 09:41:30.900,20.398333333333333,5.28608945,22,4,osrm
266,delivered,2025-07-03 09:22:12,2025-07-03 09:33:55.304843,2025-07-03 09:33:55.304843,2025-07-03 09:41:51.300,19.654999999999998,0.0,21,4,osrm
267,delivered,2025-07-03 09:22:28,2025-07-03 09:39:49.233628,2025-07-03 10:23:41.113727,2025-07-03 10:25:55.700,63.461666666666666,43.864668316666666,15,4,osrm
268,delivered,2025-07-03 09:23:26,2025-07-03 09:36:01.868249,2025-07-03 09:36:01.868249,2025-07-03 09:43:09.200,19.720000000000002,0.0,37,4,osrm
269,delivered,2025-07-03 09:23:28,2025-07-03 09:37:56.015479,2025-07-03 10:34:18.700000,2025-07-03 10:45:20.100,81.86833333333334,56.37807535,9,4,osrm
270,delivered,2025-07-03 09:25:53,2025-07-03 09:37:05.622135,2025-07-03 09:53:22.900000,2025-07-03 10:02:20.800,36.46333333333334,16.287964416666668,3,4,osrm
271,delivered,2025-07-03 09:25:27,2025-07-03 09:32:56.167582,2025-07-03 09:49:26.400574,2025-07-03 09:56:59.900,31.548333333333336,16.5038832,28,4,osrm
272,delivered,2025-07-03 09:25:10,2025-07-03 09:38:33.959146,2025-07-03 10:23:22.022844,2025-07-03 10:21:20.800,56.18,44.80106163333333,11,3,osrm
273,delivered,2025-07-03 09:26:35,2025-07-03 09:40:13.189624,2025-07-03 09:54:27.300000,2025-07-03 10:03:34.400,36.99,14.235172933333333,21,4,osrm
274,delivered,2025-07-03 09:26:58,2025-07-03 09:41:47.746362,2025-07-03 10:31:41.091105,2025-07-03 10:37:44.000,70.76666666666667,49.88907905,40,3,osrm
275,delivered,2025-07-03 09:26:20,2025-07-03 09:35:38.130743,2025-07-03 10:14:12.500000,2025-07-03 10:18:35.300,52.255,38.57282095,5,2,osrm
276,delivered,2025-07-03 09:27:03,2025-07-03 09:36:55.804795,2025-07-03 10:15:18.713653,2025-07-03 10:19:27.300,52.405,38.381814299999995,4,4,osrm
277,delivered,2025-07-03 09:27:23,2025-07-03 09:32:54.067862,2025-07-03 10:14:22.757279,2025-07-03 10:14:16.600,46.89333333333333,41.47815695,41,4,osrm
278,delivered,2025-07-03 09:27:38,2025-07-03 09:41:18.940934,2025-07-03 09:51:56.559878,2025-07-03 09:59:19.300,31.688333333333333,10.626982400000001,40,4,osrm
279,delivered,2025-07-03 09:27:19,2025-07-03 09:41:45.397515,2025-07-03 10:14:59.213523,2025-07-03 10:17:52.500,50.55833333333333,33.2302668,18,2,osrm
280,delivered,2025-07-03 09:28:31,2025-07-03 09:38:30.053026,2025-07-03 09:38:30.053026,2025-07-03 09:44:17.300,15.771666666666667,0.0,8,4,osrm
281,delivered,2025-07-03 09:28:37,2025-07-03 09:39:17.658060,2025-07-03 09:39:17.658060,2025-07-03 09:45:05.000,16.466666666666665,0.0,14,4,osrm
282,delivered,2025-07-03 09:28:03,2025-07-03 09:39:24.288828,2025-07-03 09:39:24.288828,2025-07-03 09:44:53.900,16.848333333333333,0.0,7,4,osrm
283,delivered,2025-07-03 09:29:02,2025-07-03 09:45:48.257234,2025-07-03 10:02:17.527371,2025-07-03 10:11:04.500,42.041666666666664,16.487835616666665,32,4,osrm
284,delivered,2025-07-03 09:29:41,2025-07-03 09:44:24.257577,2025-07-03 09:45:07.207396,2025-07-03 09:53:55.000,24.233333333333334,0.7158303166666666,17,4,osrm
285,delivered,2025-07-03 09:29:42,2025-07-03 09:45:07.207396,2025-07-03 09:45:07.207396,2025-07-03 09:53:55.000,24.216666666666665,0.0,17,4,osrm
286,delivered,2025-07-03 09:29:18,2025-07-03 09:40:51.506296,2025-07-03 09:54:15.600000,2025-07-03 10:02:32.400,33.24,13.401561733333333,34,4,osrm
287,delivered,2025-07-03 09:30:48,2025-07-03 09:41:27.960258,2025-07-03 10:21:53.059048,2025-07-03 10:27:05.800,56.29666666666667,40.418313166666664,10,4,osrm
288,delivered,2025-07-03 09:30:42,2025-07-03 09:46:00.184108,2025-07-03 10:02:49.800000,2025-07-03 10:12:48.900,42.115,16.826931533333333,35,4,osrm
289,delivered,2025-07-03 09:30:21,2025-07-03 09:37:22.564444,2025-07-03 09:49:20.432715,2025-07-03 09:59:37.800,29.279999999999998,11.964471183333334,38,4,osrm
290,delivered,2025-07-03 09:31:08,2025-07-03 09:44:40.264973,2025-07-03 09:53:50.233458,2025-07-03 10:00:31.800,29.396666666666665,9.166141416666667,36,3,osrm
291,delivered,2025-07-03 09:31:01,2025-07-03 09:39:07.077895,2025-07-03 10:02:49.800000,2025-07-03 10:12:48.900,41.79833333333333,23.712035083333333,35,4,osrm
292,delivered,2025-07-03 09:32:15,2025-07-03 09:46:36.302534,2025-07-03 10:15:05.133619,2025-07-03 10:20:37.000,48.36666666666667,28.480518083333333,24,4,osrm
293,delivered,2025-07-03 09:32:42,2025-07-03 09:46:13.384112,2025-07-03 09:46:13.384112,2025-07-03 09:55:13.100,22.51833333333333,0.0,26,4,osrm
294,delivered,2025-07-03 09:33:38,2025-07-03 09:42:57.974591,2025-07-03 09:51:56.559878,2025-07-03 09:59:19.300,25.688333333333333,8.97642145,40,4,osrm
295,delivered,2025-07-03 09:33:38,2025-07-03 09:46:17.275315,2025-07-03 09:46:17.275315,2025-07-03 09:53:55.400,20.290000000000003,0.0,16,4,osrm
296,delivered,2025-07-03 09:33:18,2025-07-03 09:41:53.813130,2025-07-03 09:54:27.300000,2025-07-03 10:03:34.400,30.273333333333333,12.558114499999999,21,4,osrm
297,delivered,2025-07-03 09:33:45,2025-07-03 09:42:36.035954,2025-07-03 09:54:27.300000,2025-07-03 10:03:34.400,29.823333333333334,11.854400766666666,21,4,osrm
298,delivered,2025-07-03 09:34:05,2025-07-03 09:44:53.758463,2025-07-03 09:54:15.600000,2025-07-03 10:02:32.400,28.456666666666667,9.364025616666668,34,4,osrm
299,delivered,2025-07-03 09:34:08,2025-07-03 09:43:50.533810,2025-07-03 10:19:43.683007,2025-07-03 10:27:17.400,53.156666666666666,35.885819950000005,13,4,osrm
300,delivered,2025-07-03 09:34:29,2025-07-03 09:49:26.400574,2025-07-03 10:04:05.400000,2025-07-03 10:12:50.300,38.355000000000004,14.649990433333333,16,4,osrm
301,delivered,2025-07-03 09:34:34,2025-07-03 09:52:49.077258,2025-07-03 10:14:22.757279,2025-07-03 10:23:49.600,49.26,21.56133368333333,38,3,osrm
302,delivered,2025-07-03 09:35:40,2025-07-03 09:47:40.121831,2025-07-03 09:53:22.900000,2025-07-03 10:02:20.800,26.68,5.7129694833333335,3,4,osrm
303,delivered,2025-07-03 09:35:23,2025-07-03 09:47:21.541569,2025-07-03 10:19:43.683007,2025-07-03 10:27:17.400,51.906666666666666,32.36902396666667,13,4,osrm
304,delivered,2025-07-03 09:35:07,2025-07-03 09:49:20.432715,2025-07-03 09:53:30.800000,2025-07-03 10:03:11.700,28.078333333333333,4.172788083333334,14,3,osrm
305,delivered,2025-07-03 09:35:03,2025-07-03 09:46:04.565718,2025-07-03 10:21:53.059048,2025-07-03 10:25:05.600,50.04333333333333,35.80822216666666,37,4,osrm
306,delivered,2025-07-03 09:36:52,2025-07-03 09:50:12.001015,2025-07-03 09:53:22.900000,2025-07-03 10:02:20.800,25.48,3.18164975,3,4,osrm
307,delivered,2025-07-03 09:38:38,2025-07-03 09:44:58.104093,2025-07-03 09:46:17.275315,2025-07-03 09:53:55.400,15.29,1.3195203666666666,16,4,osrm
308,delivered,2025-07-03 09:38:14,2025-07-03 09:48:07.495716,2025-07-03 10:14:14.229674,2025-07-03 10:20:58.300,42.73833333333334,26.112232633333335,9,3,osrm
309,delivered,2025-07-03 09:38:30,2025-07-03 09:45:50.645217,2025-07-03 09:53:30.800000,2025-07-03 10:03:11.700,24.695,7.669246383333333,14,3,osrm
310,delivered,2025-07-03 09:39:56,2025-07-03 09:46:10.004085,2025-07-03 10:22:50.714825,2025-07-03 10:31:39.500,51.725,36.67851233333333,8,4,osrm
311,delivered,2025-07-03 09:39:48,2025-07-03 09:54:37.006027,2025-07-03 10:24:04.800000,2025-07-03 10:30:31.500,50.725,29.463232883333333,32,2,osrm
312,delivered,2025-07-03 09:39:37,2025-07-03 09:50:40.430423,2025-07-03 09:56:50.700000,2025-07-03 10:04:47.400,25.173333333333336,6.171159616666667,5,4,osrm
313,delivered,2025-07-03 09:39:21,2025-07-03 09:56:01.055625,2025-07-03 10:02:17.527371,2025-07-03 10:11:04.500,31.725,6.2745291,32,4,osrm
314,delivered,2025-07-03 09:39:09,2025-07-03 09:55:37.575127,2025-07-03 10:12:20.893978,2025-07-03 10:11:30.700,32.361666666666665,16.72198085,17,4,osrm
315,delivered,2025-07-03 09:41:24,2025-07-03 09:53:10.179191,2025-07-03 09:57:10.403071,2025-07-03 10:04:40.000,23.266666666666666,4.0037313333333335,7,3,osrm
316,delivered,2025-07-03 09:41:16,2025-07-03 09:51:58.545209,2025-07-03 09:51:58.545209,2025-07-03 09:53:41.400,12.423333333333334,0.0,35,4,osrm
317,delivered,2025-07-03 09:42:15,2025-07-03 09:51:56.559878,2025-07-03 09:51:56.559878,2025-07-03 09:59:19.300,17.071666666666665,0.0,40,4,osrm
318,delivered,2025-07-03 09:43:38,2025-07-03 09:48:38.000000,2025-07-03 09:51:58.545209,2025-07-03 09:53:41.400,10.056666666666667,3.34242015,35,4,osrm
319,delivered,2025-07-03 09:43:29,2025-07-03 09:53:50.233458,2025-07-03 10:10:37.494324,2025-07-03 10:13:44.700,30.261666666666667,16.7876811,2,2,osrm
320,delivered,2025-07-03 09:43:30,2025-07-03 09:54:37.979423,2025-07-03 10:15:23.700000,2025-07-03 10:23:02.100,39.535,20.762009616666667,22,4,osrm
321,delivered,2025-07-03 09:44:28,2025-07-03 09:54:24.075032,2025-07-03 09:54:24.075032,2025-07-03 10:07:03.300,22.58833333333333,0.0,19,3,osrm
322,delivered,2025-07-03 09:46:01,2025-07-03 09:55:03.341587,2025-07-03 10:09:47.012778,2025-07-03 10:14:12.800,28.196666666666665,14.727853183333334,28,4,osrm
323,delivered,2025-07-03 09:46:04,2025-07-03 09:57:45.449787,2025-07-03 10:15:23.700000,2025-07-03 10:23:02.100,36.968333333333334,17.63750355,22,4,osrm
324,delivered,2025-07-03 09:46:20,2025-07-03 09:57:10.403071,2025-07-03 09:57:10.403071,2025-07-03 10:04:40.000,18.333333333333332,0.0,7,3,osrm
325,delivered,2025-07-03 09:48:57,2025-07-03 10:01:18.381508,2025-07-03 10:09:47.012778,2025-07-03 10:14:12.800,25.263333333333332,8.477187833333334,28,4,osrm
326,delivered,2025-07-03 09:48:51,2025-07-03 09:57:50.169136,2025-07-03 09:57:50.169136,2025-07-03 10:03:44.200,14.886666666666667,0.0,22,2,osrm
327,delivered,2025-07-03 09:49:49,2025-07-03 10:07:24.112581,2025-07-03 10:15:23.700000,2025-07-03 10:23:02.100,33.218333333333334,7.99312365,22,4,osrm
328,delivered,2025-07-03 09:49:57,2025-07-03 10:03:31.008440,2025-07-03 10:03:31.008440,2025-07-03 10:12:08.300,22.188333333333333,0.0,23,4,osrm
329,delivered,2025-07-03 09:50:50,2025-07-03 10:02:17.527371,2025-07-03 10:02:17.527371,2025-07-03 10:11:04.500,20.241666666666667,0.0,32,4,osrm
330,delivered,2025-07-03 09:50:50,2025-07-03 10:00:25.609219,2025-07-03 10:34:04.900000,2025-07-03 10:39:44.000,48.9,33.65484635,24,3,osrm
331,delivered,2025-07-03 09:50:29,2025-07-03 09:59:31.227172,2025-07-03 10:15:18.713653,2025-07-03 10:19:27.300,28.971666666666668,15.791441350000001,4,4,osrm
332,delivered,2025-07-03 09:51:09,2025-07-03 10:05:27.208892,2025-07-03 10:19:34.200000,2025-07-03 10:27:48.500,36.65833333333333,14.116518466666667,25,4,osrm
333,delivered,2025-07-03 09:51:22,2025-07-03 10:02:04.596233,2025-07-03 10:19:43.683007,2025-07-03 10:23:29.100,32.11833333333333,17.651446233333335,36,4,osrm
334,delivered,2025-07-03 09:52:16,2025-07-03 10:04:21.166744,2025-07-03 10:23:41.113727,2025-07-03 10:25:55.700,33.66166666666667,19.332449716666666,15,4,osrm
335,delivered,2025-07-03 09:52:43,2025-07-03 10:05:53.548561,2025-07-03 10:14:12.500000,2025-07-03 10:18:35.300,25.871666666666666,8.315857316666667,5,2,osrm
336,delivered,2025-07-03 09:53:31,2025-07-03 10:03:49.523650,2025-07-03 10:39:06.738555,2025-07-03 10:40:24.400,46.89,35.286915083333334,35,3,osrm
337,delivered,2025-07-03 09:53:59,2025-07-03 10:06:41.184341,2025-07-03 10:23:22.022844,2025-07-03 10:21:20.800,27.363333333333333,16.680641716666667,11,3,osrm
338,delivered,2025-07-03 09:54:16,2025-07-03 10:00:37.754881,2025-07-03 10:09:47.012778,2025-07-03 10:14:12.800,19.946666666666665,9.154298283333333,28,4,osrm
339,delivered,2025-07-03 09:54:45,2025-07-03 10:03:47.864141,2025-07-03 10:14:22.757279,2025-07-03 10:23:49.600,29.076666666666664,10.5815523,38,3,osrm
340,delivered,2025-07-03 09:56:10,2025-07-03 10:02:18.652857,2025-07-03 10:19:34.200000,2025-07-03 10:27:48.500,31.641666666666666,17.25911905,25,4,osrm
341,delivered,2025-07-03 09:56:05,2025-07-03 10:06:47.299232,2025-07-03 10:23:41.113727,2025-07-03 10:28:33.700,32.47833333333333,16.89690825,27,4,osrm
342,delivered,2025-07-03 09:56:40,2025-07-03 10:07:19.362231,2025-07-03 10:07:19.362231,2025-07-03 10:12:36.500,15.941666666666666,0.0,29,4,osrm
343,delivered,2025-07-03 09:57:48,2025-07-03 10:14:59.213523,2025-07-03 10:14:59.213523,2025-07-03 10:17:52.500,20.075,0.0,18,2,osrm
344,delivered,2025-07-03 09:57:49,2025-07-03 10:07:23.319439,2025-07-03 10:15:05.133619,2025-07-03 10:20:37.000,22.8,7.696903000000001,24,4,osrm
345,delivered,2025-07-03 09:57:27,2025-07-03 10:09:47.942590,2025-07-03 10:32:54.700000,2025-07-03 10:40:28.900,43.031666666666666,23.112623499999998,33,2,osrm
346,delivered,2025-07-03 09:57:28,2025-07-03 10:10:37.494324,2025-07-03 10:10:37.494324,2025-07-03 10:13:44.700,16.278333333333332,0.0,2,2,osrm
347,delivered,2025-07-03 09:59:00,2025-07-03 10:15:05.133619,2025-07-03 10:19:34.200000,2025-07-03 10:27:48.500,28.808333333333334,4.484439683333333,25,4,osrm
348,delivered,2025-07-03 09:59:05,2025-07-03 10:12:20.893978,2025-07-03 10:19:43.683007,2025-07-03 10:27:17.400,28.206666666666667,7.37981715,13,4,osrm
349,delivered,2025-07-03 10:00:15,2025-07-03 10:14:22.757279,2025-07-03 10:14:22.757279,2025-07-03 10:23:49.600,23.576666666666664,0.0,38,3,osrm
350,delivered,2025-07-03 10:01:57,2025-07-03 10:19:12.754003,2025-07-03 10:38:11.300000,2025-07-03 10:41:03.300,39.105000000000004,18.975766616666665,27,1,osrm
351,delivered,2025-07-03 10:02:54,2025-07-03 10:09:47.012778,2025-07-03 10:09:47.012778,2025-07-03 10:14:12.800,11.313333333333333,0.0,28,4,osrm
352,delivered,2025-07-03 10:02:55,2025-07-03 10:13:04.582187,2025-07-03 10:40:38.558861,2025-07-03 10:39:45.200,36.836666666666666,27.5662779,19,4,osrm
353,delivered,2025-07-03 10:02:29,2025-07-03 10:13:14.526335,2025-07-03 10:40:38.558861,2025-07-03 10:39:45.200,37.269999999999996,27.4005421,19,4,osrm
354,delivered,2025-07-03 10:02:33,2025-07-03 10:14:14.229674,2025-07-03 10:14:14.229674,2025-07-03 10:20:58.300,18.421666666666667,0.0,9,3,osrm
355,delivered,2025-07-03 10:02:44,2025-07-03 10:12:43.281544,2025-07-03 10:17:47.000000,2025-07-03 10:25:19.600,22.59333333333333,5.061974266666667,19,4,osrm
356,delivered,2025-07-03 10:03:36,2025-07-03 10:18:40.851424,2025-07-03 10:53:23.801316,2025-07-03 11:00:51.900,57.265,34.715831533333336,15,3,osrm
357,delivered,2025-07-03 10:03:26,2025-07-03 10:13:27.592736,2025-07-03 10:50:05.000000,2025-07-03 10:58:28.300,55.038333333333334,36.6234544,16,4,osrm
358,delivered,2025-07-03 10:05:23,2025-07-03 10:15:18.713653,2025-07-03 10:17:47.000000,2025-07-03 10:25:19.600,19.94333333333333,2.4714391166666667,19,4,osrm
359,delivered,2025-07-03 10:06:00,2025-07-03 10:19:15.509731,2025-07-03 10:39:06.738555,2025-07-03 10:40:24.400,34.406666666666666,19.853813733333332,35,3,osrm
360,delivered,2025-07-03 10:07:15,2025-07-03 10:16:54.519450,2025-07-03 10:34:28.400000,2025-07-03 10:40:05.400,32.84,17.564675833333336,6,2,osrm
361,delivered,2025-07-03 10:07:36,2025-07-03 10:16:19.910390,2025-07-03 10:34:59.500000,2025-07-03 10:42:26.500,34.84166666666667,18.659826833333334,7,4,osrm
362,delivered,2025-07-03 10:08:09,2025-07-03 10:16:06.815423,2025-07-03 10:49:29.300000,2025-07-03 10:52:08.700,43.995,33.37474295,6,1,osrm
363,delivered,2025-07-03 10:08:16,2025-07-03 10:19:43.683007,2025-07-03 10:19:43.683007,2025-07-03 10:27:17.400,19.023333333333333,0.0,13,4,osrm
364,delivered,2025-07-03 10:08:47,2025-07-03 10:23:41.113727,2025-07-03 10:34:59.500000,2025-07-03 10:42:26.500,33.65833333333333,11.306437883333333,7,4,osrm
365,delivered,2025-07-03 10:09:08,2025-07-03 10:23:22.022844,2025-07-03 10:23:22.022844,2025-07-03 10:21:20.800,12.213333333333333,0.0,11,3,osrm
366,delivered,2025-07-03 10:09:39,2025-07-03 10:22:50.714825,2025-07-03 10:24:04.800000,2025-07-03 10:30:31.500,20.875,1.2347529166666669,32,2,osrm
367,delivered,2025-07-03 10:09:41,2025-07-03 10:21:53.059048,2025-07-03 10:31:41.091105,2025-07-03 10:37:44.000,28.05,9.800534283333333,40,3,osrm
368,delivered,2025-07-03 10:12:41,2025-07-03 10:22:51.883009,2025-07-03 10:53:23.200000,2025-07-03 11:00:15.400,47.57333333333334,30.52194985,36,3,osrm
369,delivered,2025-07-03 10:12:36,2025-07-03 10:24:09.728518,2025-07-03 10:51:17.500000,2025-07-03 10:57:11.400,44.59,27.1295247,35,4,osrm
370,delivered,2025-07-03 10:13:52,2025-07-03 10:22:02.895768,2025-07-03 10:22:50.714825,2025-07-03 10:31:39.500,17.791666666666668,0.7969842833333334,8,4,osrm
371,delivered,2025-07-03 10:14:14,2025-07-03 10:26:32.941336,2025-07-03 10:55:36.600000,2025-07-03 11:00:49.600,46.593333333333334,29.060977733333335,27,4,osrm
372,delivered,2025-07-03 10:16:33,2025-07-03 10:31:23.317676,2025-07-03 11:08:48.400000,2025-07-03 11:16:56.100,60.385,37.41803873333333,4,3,osrm
373,delivered,2025-07-03 10:16:02,2025-07-03 10:23:01.151876,2025-07-03 10:32:54.700000,2025-07-03 10:40:28.900,24.448333333333334,9.892468733333335,33,2,osrm
374,delivered,2025-07-03 10:17:20,2025-07-03 10:33:07.688239,2025-07-03 10:34:59.500000,2025-07-03 10:42:26.500,25.108333333333334,1.86352935,7,4,osrm
375,delivered,2025-07-03 10:17:48,2025-07-03 10:23:10.696372,2025-07-03 10:50:05.000000,2025-07-03 10:58:28.300,40.67166666666667,26.905060466666665,16,4,osrm
376,delivered,2025-07-03 10:18:52,2025-07-03 10:28:23.234318,2025-07-03 10:34:04.900000,2025-07-03 10:39:44.000,20.866666666666667,5.694428033333334,24,3,osrm
377,delivered,2025-07-03 10:18:41,2025-07-03 10:27:17.913788,2025-07-03 10:59:36.660156,2025-07-03 11:09:35.300,50.905,32.31243946666667,13,4,osrm
378,delivered,2025-07-03 10:19:58,2025-07-03 10:29:39.310772,2025-07-03 11:09:55.900000,2025-07-03 11:15:56.300,55.97166666666667,40.27648713333333,36,2,osrm
379,delivered,2025-07-03 10:19:07,2025-07-03 10:29:53.268608,2025-07-03 10:34:18.700000,2025-07-03 10:45:20.100,26.21833333333333,4.423856533333334,9,4,osrm
380,delivered,2025-07-03 10:20:11,2025-07-03 10:35:46.239541,2025-07-03 11:08:50.200000,2025-07-03 11:17:30.900,57.33166666666667,33.066007649999996,16,2,osrm
381,delivered,2025-07-03 10:20:46,2025-07-03 10:29:35.170619,2025-07-03 10:55:36.600000,2025-07-03 11:00:49.600,40.059999999999995,26.023823016666665,27,4,osrm
382,delivered,2025-07-03 10:20:40,2025-07-03 10:29:43.779844,2025-07-03 10:40:00.300000,2025-07-03 10:42:13.200,21.553333333333335,10.275335933333334,1,1,osrm
383,delivered,2025-07-03 10:20:23,2025-07-03 10:29:59.273124,2025-07-03 11:04:55.900000,2025-07-03 11:16:21.100,55.968333333333334,34.94378126666666,14,4,osrm
384,delivered,2025-07-03 10:21:26,2025-07-03 10:31:36.298455,2025-07-03 10:38:50.100000,2025-07-03 10:40:59.400,19.55666666666667,7.230025749999999,21,1,osrm
385,delivered,2025-07-03 10:21:47,2025-07-03 10:31:41.091105,2025-07-03 10:34:59.500000,2025-07-03 10:42:26.500,20.658333333333335,3.3068149166666667,7,4,osrm
386,delivered,2025-07-03 10:21:45,2025-07-03 10:29:34.667550,2025-07-03 10:56:33.058842,2025-07-03 10:57:44.900,35.998333333333335,26.9731882,25,3,osrm
387,delivered,2025-07-03 10:22:51,2025-07-03 10:35:25.461546,2025-07-03 10:55:36.600000,2025-07-03 11:00:49.600,37.97666666666667,20.1856409,27,4,osrm
388,delivered,2025-07-03 10:22:03,2025-07-03 10:33:27.829041,2025-07-03 11:09:55.900000,2025-07-03 11:15:56.300,53.888333333333335,36.467849316666666,36,2,osrm
389,delivered,2025-07-03 10:22:09,2025-07-03 10:36:56.061237,2025-07-03 10:40:38.558861,2025-07-03 10:39:45.200,17.603333333333335,3.7082937333333335,19,4,osrm
390,delivered,2025-07-03 10:23:20,2025-07-03 10:38:50.590139,2025-07-03 10:51:17.500000,2025-07-03 10:57:11.400,33.85666666666667,12.448497683333333,35,4,osrm
391,delivered,2025-07-03 10:23:28,2025-07-03 10:30:36.425767,2025-07-03 10:50:05.000000,2025-07-03 10:58:28.300,35.005,19.476237216666668,16,4,osrm
392,delivered,2025-07-03 10:24:07,2025-07-03 10:40:38.558861,2025-07-03 10:40:38.558861,2025-07-03 10:39:45.200,15.636666666666667,0.0,19,4,osrm
393,delivered,2025-07-03 10:25:46,2025-07-03 10:39:06.738555,2025-07-03 10:39:06.738555,2025-07-03 10:40:24.400,14.639999999999999,0.0,35,3,osrm
394,delivered,2025-07-03 10:25:26,2025-07-03 10:41:02.640274,2025-07-03 11:08:50.200000,2025-07-03 11:17:30.900,52.08166666666667,27.792662099999998,16,2,osrm
395,delivered,2025-07-03 10:26:57,2025-07-03 10:38:29.328500,2025-07-03 10:53:23.200000,2025-07-03 11:00:15.400,33.306666666666665,14.897858333333334,36,3,osrm
396,delivered,2025-07-03 10:26:55,2025-07-03 10:40:40.297856,2025-07-03 10:53:23.200000,2025-07-03 11:00:15.400,33.34,12.715035733333334,36,3,osrm
397,delivered,2025-07-03 10:27:39,2025-07-03 10:41:09.210655,2025-07-03 10:50:55.400000,2025-07-03 11:00:46.500,33.125,9.769822416666667,19,4,osrm
398,delivered,2025-07-03 10:27:50,2025-07-03 10:43:40.720141,2025-07-03 10:51:36.600000,2025-07-03 10:54:43.800,26.896666666666665,7.931330983333334,33,1,osrm
399,delivered,2025-07-03 10:28:39,2025-07-03 10:38:38.536183,2025-07-03 11:08:51.900000,2025-07-03 11:16:31.900,47.88166666666667,30.22273028333333,9,3,osrm
400,delivered,2025-07-03 10:29:06,2025-07-03 10:39:07.143043,2025-07-03 10:59:36.660156,2025-07-03 11:09:35.300,40.48833333333334,20.491951883333336,13,4,osrm
401,delivered,2025-07-03 10:29:57,2025-07-03 10:41:01.245331,2025-07-03 11:08:48.400000,2025-07-03 11:16:56.100,46.985,27.78591115,4,3,osrm
402,delivered,2025-07-03 10:30:40,2025-07-03 10:46:33.232063,2025-07-03 11:24:47.500000,2025-07-03 11:33:47.800,63.13,38.23779895,39,3,osrm
403,delivered,2025-07-03 10:30:07,2025-07-03 10:46:31.719904,2025-07-03 11:24:47.500000,2025-07-03 11:33:47.800,63.68,38.2630016,39,3,osrm
404,delivered,2025-07-03 10:31:34,2025-07-03 10:40:04.064338,2025-07-03 11:12:04.047254,2025-07-03 11:09:25.300,37.855000000000004,31.999715266666666,32,3,osrm
405,delivered,2025-07-03 10:31:36,2025-07-03 10:45:03.487399,2025-07-03 10:51:17.500000,2025-07-03 10:57:11.400,25.59,6.233543350000001,35,4,osrm
406,delivered,2025-07-03 10:32:23,2025-07-03 10:44:09.174541,2025-07-03 11:19:43.000000,2025-07-03 11:28:24.300,56.02166666666667,35.56375765,29,4,osrm
407,delivered,2025-07-03 10:33:42,2025-07-03 10:44:51.930107,2025-07-03 10:50:05.000000,2025-07-03 10:58:28.300,24.771666666666665,5.21783155,16,4,osrm
408,delivered,2025-07-03 10:35:48,2025-07-03 10:49:17.174462,2025-07-03 11:21:33.900000,2025-07-03 11:31:39.600,55.86,32.278758966666665,37,3,osrm
409,delivered,2025-07-03 10:36:23,2025-07-03 10:53:50.320714,2025-07-03 11:19:43.000000,2025-07-03 11:28:24.300,52.02166666666667,25.8779881,29,4,osrm
410,delivered,2025-07-03 10:36:29,2025-07-03 10:50:08.549048,2025-07-03 10:56:21.700000,2025-07-03 10:58:43.100,22.235,6.219182533333334,4,1,osrm
411,delivered,2025-07-03 10:37:35,2025-07-03 10:48:06.754312,2025-07-03 10:59:36.660156,2025-07-03 11:09:35.300,32.005,11.498430733333333,13,4,osrm
412,delivered,2025-07-03 10:37:37,2025-07-03 10:47:38.333088,2025-07-03 11:08:51.900000,2025-07-03 11:16:31.900,38.915,21.2261152,9,3,osrm
413,delivered,2025-07-03 10:37:26,2025-07-03 10:50:51.697956,2025-07-03 11:05:06.100000,2025-07-03 11:09:07.500,31.691666666666666,14.240034066666668,33,2,osrm
414,delivered,2025-07-03 10:37:32,2025-07-03 10:50:14.415193,2025-07-03 10:56:33.058842,2025-07-03 10:57:44.900,20.215,6.310727483333333,25,3,osrm
415,delivered,2025-07-03 10:38:04,2025-07-03 10:53:23.801316,2025-07-03 11:05:06.100000,2025-07-03 11:09:07.500,31.058333333333334,11.704978066666666,33,2,osrm
416,delivered,2025-07-03 10:40:25,2025-07-03 10:56:33.058842,2025-07-03 10:56:33.058842,2025-07-03 10:57:44.900,17.331666666666667,0.0,25,3,osrm
417,delivered,2025-07-03 10:42:23,2025-07-03 10:55:05.312280,2025-07-03 11:21:33.900000,2025-07-03 11:31:39.600,49.276666666666664,26.476462,37,3,osrm
418,delivered,2025-07-03 10:42:16,2025-07-03 10:56:02.973508,2025-07-03 11:04:55.900000,2025-07-03 11:16:21.100,34.085,8.882108200000001,14,4,osrm
419,delivered,2025-07-03 10:44:00,2025-07-03 11:00:58.853567,2025-07-03 11:28:51.537146,2025-07-03 11:30:38.700,46.644999999999996,27.87805965,17,3,osrm
420,delivered,2025-07-03 10:45:46,2025-07-03 11:01:37.832910,2025-07-03 11:32:26.612765,2025-07-03 11:40:09.200,54.38666666666666,30.812997583333335,1,3,osrm
421,delivered,2025-07-03 10:46:42,2025-07-03 10:55:58.154734,2025-07-03 11:08:51.900000,2025-07-03 11:16:31.900,29.831666666666667,12.895754433333334,9,3,osrm
422,delivered,2025-07-03 10:48:45,2025-07-03 10:56:26.263554,2025-07-03 11:29:00.300000,2025-07-03 11:35:03.200,46.30333333333333,32.5672741,4,4,osrm
423,delivered,2025-07-03 10:49:53,2025-07-03 10:57:46.022847,2025-07-03 11:08:48.400000,2025-07-03 11:16:56.100,27.051666666666666,11.039619216666667,4,3,osrm
424,delivered,2025-07-03 10:52:54,2025-07-03 10:59:36.660156,2025-07-03 11:16:30.600000,2025-07-03 11:21:40.000,28.766666666666666,16.8989974,15,3,osrm
425,delivered,2025-07-03 10:53:10,2025-07-03 11:06:18.467257,2025-07-03 11:10:54.900000,2025-07-03 11:13:24.700,20.245,4.607212383333334,18,1,osrm
426,delivered,2025-07-03 10:54:43,2025-07-03 11:02:56.036265,2025-07-03 11:12:04.047254,2025-07-03 11:09:25.300,14.705,9.133516483333333,32,3,osrm
427,delivered,2025-07-03 10:55:53,2025-07-03 11:09:54.169643,2025-07-03 11:19:43.000000,2025-07-03 11:28:24.300,32.52166666666667,9.813839283333333,29,4,osrm
428,delivered,2025-07-03 10:56:35,2025-07-03 11:06:05.602495,2025-07-03 11:37:49.700000,2025-07-03 11:42:57.300,46.37166666666667,31.734958416666665,6,2,osrm
429,delivered,2025-07-03 10:57:14,2025-07-03 11:12:04.047254,2025-07-03 11:12:04.047254,2025-07-03 11:09:25.300,12.188333333333333,0.0,32,3,osrm
430,delivered,2025-07-03 10:58:22,2025-07-03 11:12:13.743713,2025-07-03 11:24:47.500000,2025-07-03 11:33:47.800,35.43,12.562604783333335,39,3,osrm
431,delivered,2025-07-03 10:59:01,2025-07-03 11:11:27.215677,2025-07-03 11:19:43.000000,2025-07-03 11:28:24.300,29.388333333333332,8.26307205,29,4,osrm
432,delivered,2025-07-03 11:00:49,2025-07-03 11:14:07.918162,2025-07-03 11:37:49.700000,2025-07-03 11:40:51.400,40.04,23.69636396666667,41,1,osrm
433,delivered,2025-07-03 11:00:19,2025-07-03 11:08:24.068420,2025-07-03 11:09:42.700000,2025-07-03 11:14:10.300,13.854999999999999,1.3105263333333332,25,1,osrm
434,delivered,2025-07-03 11:00:04,2025-07-03 11:05:04.000000,2025-07-03 11:32:26.612765,2025-07-03 11:40:09.200,40.086666666666666,27.376879416666668,1,3,osrm
435,delivered,2025-07-03 11:02:26,2025-07-03 11:12:41.693721,2025-07-03 11:29:08.000000,2025-07-03 11:34:46.700,32.345,16.438437983333333,20,4,osrm
436,delivered,2025-07-03 11:04:38,2025-07-03 11:17:51.706495,2025-07-03 11:45:52.900000,2025-07-03 11:50:16.300,45.638333333333335,28.01989175,33,1,osrm
437,delivered,2025-07-03 11:04:50,2025-07-03 11:12:48.082204,2025-07-03 11:28:51.537146,2025-07-03 11:30:38.700,25.811666666666667,16.057582366666665,17,3,osrm
438,delivered,2025-07-03 11:04:08,2025-07-03 11:17:58.287082,2025-07-03 11:24:26.300000,2025-07-03 11:26:05.800,21.96333333333333,6.466881966666667,28,1,osrm
439,delivered,2025-07-03 11:05:34,2025-07-03 11:19:14.214847,2025-07-03 11:19:14.214847,2025-07-03 11:22:30.700,16.945,0.0,11,3,osrm
440,delivered,2025-07-03 11:05:26,2025-07-03 11:17:39.765387,2025-07-03 11:37:49.700000,2025-07-03 11:42:57.300,37.52166666666667,20.165576883333333,6,2,osrm
441,delivered,2025-07-03 11:06:05,2025-07-03 11:18:44.035156,2025-07-03 11:23:40.800000,2025-07-03 11:27:18.900,21.23166666666667,4.946080733333333,22,1,osrm
442,delivered,2025-07-03 11:06:41,2025-07-03 11:18:16.230031,2025-07-03 11:21:33.900000,2025-07-03 11:31:39.600,24.976666666666667,3.2944994833333334,37,3,osrm
443,delivered,2025-07-03 11:08:12,2025-07-03 11:20:29.503078,2025-07-03 11:49:41.100000,2025-07-03 11:55:04.500,46.875,29.193282033333332,34,2,osrm
444,delivered,2025-07-03 11:08:16,2025-07-03 11:16:18.777859,2025-07-03 11:29:08.000000,2025-07-03 11:34:46.700,26.511666666666667,12.820369016666666,20,4,osrm
445,delivered,2025-07-03 11:09:43,2025-07-03 11:24:44.203928,2025-07-03 11:39:19.600000,2025-07-03 11:43:24.500,33.69166666666667,14.589934533333333,29,2,osrm
446,delivered,2025-07-03 11:09:42,2025-07-03 11:22:35.036486,2025-07-03 11:29:17.800000,2025-07-03 11:32:11.900,22.498333333333335,6.712725233333333,32,1,osrm
447,delivered,2025-07-03 11:09:29,2025-07-03 11:22:56.991072,2025-07-03 11:39:19.600000,2025-07-03 11:43:24.500,33.925,16.376815466666667,29,2,osrm
448,delivered,2025-07-03 11:12:36,2025-07-03 11:22:11.744563,2025-07-03 11:49:39.089467,2025-07-03 11:50:34.200,37.97,27.4557484,40,2,osrm
449,delivered,2025-07-03 11:16:36,2025-07-03 11:23:58.725827,2025-07-03 11:34:36.300000,2025-07-03 11:37:54.800,21.313333333333333,10.626236216666666,21,1,osrm
450,delivered,2025-07-03 11:16:54,2025-07-03 11:32:26.612765,2025-07-03 11:38:10.300000,2025-07-03 11:41:54.300,25.005,5.728120583333333,38,1,osrm
451,delivered,2025-07-03 11:17:08,2025-07-03 11:24:32.949003,2025-07-03 11:29:08.000000,2025-07-03 11:34:46.700,17.645,4.584183283333333,20,4,osrm
452,delivered,2025-07-03 11:18:01,2025-07-03 11:28:51.537146,2025-07-03 11:38:35.600000,2025-07-03 11:43:30.900,25.498333333333335,9.7343809,19,2,osrm
453,delivered,2025-07-03 11:18:34,2025-07-03 11:30:04.290049,2025-07-03 11:58:35.204818,2025-07-03 12:06:48.500,48.24166666666667,28.51524615,7,4,osrm
454,delivered,2025-07-03 11:20:19,2025-07-03 11:32:54.278158,2025-07-03 11:45:11.900000,2025-07-03 11:49:14.800,28.93,12.293697366666667,7,1,osrm
455,delivered,2025-07-03 11:21:19,2025-07-03 11:34:08.246500,2025-07-03 11:53:57.800000,2025-07-03 11:56:01.200,34.70333333333333,19.825891666666667,3,1,osrm
456,delivered,2025-07-03 11:21:41,2025-07-03 11:33:27.997986,2025-07-03 11:44:26.300000,2025-07-03 11:47:34.200,25.886666666666667,10.971700233333333,18,1,osrm
457,delivered,2025-07-03 11:21:02,2025-07-03 11:28:34.467550,2025-07-03 11:38:35.600000,2025-07-03 11:43:30.900,22.48166666666667,10.018874166666667,19,2,osrm
458,delivered,2025-07-03 11:21:29,2025-07-03 11:32:29.678620,2025-07-03 11:53:14.674117,2025-07-03 11:54:21.800,32.88,20.749924949999997,22,3,osrm
459,delivered,2025-07-03 11:22:22,2025-07-03 11:33:56.123918,2025-07-03 11:46:08.700000,2025-07-03 11:49:16.600,26.91,12.209601366666668,16,1,osrm
460,delivered,2025-07-03 11:24:50,2025-07-03 11:38:17.169649,2025-07-03 11:48:38.000000,2025-07-03 11:55:07.700,30.295,10.347172516666665,13,2,osrm
461,delivered,2025-07-03 11:26:35,2025-07-03 11:39:08.329544,2025-07-03 11:39:48.800000,2025-07-03 11:43:40.100,17.084999999999997,0.6745076,30,1,osrm
462,delivered,2025-07-03 11:26:56,2025-07-03 11:42:10.876237,2025-07-03 12:05:24.356446,2025-07-03 12:02:42.700,35.77833333333333,23.22467015,18,2,osrm
463,delivered,2025-07-03 11:27:34,2025-07-03 11:41:55.872291,2025-07-03 11:49:41.100000,2025-07-03 11:55:04.500,27.508333333333333,7.75379515,34,2,osrm
464,delivered,2025-07-03 11:27:00,2025-07-03 11:35:00.702935,2025-07-03 11:54:20.552013,2025-07-03 11:54:33.900,27.565,19.330817966666665,26,2,osrm
465,delivered,2025-07-03 11:27:18,2025-07-03 11:39:20.635768,2025-07-03 11:59:14.700000,2025-07-03 12:09:27.800,42.163333333333334,19.901070533333332,37,2,osrm
466,delivered,2025-07-03 11:36:29,2025-07-03 11:49:39.089467,2025-07-03 12:00:54.500000,2025-07-03 12:03:46.200,27.28666666666667,11.256842216666666,36,1,osrm
467,delivered,2025-07-03 11:37:27,2025-07-03 11:47:46.283731,2025-07-03 11:54:24.500000,2025-07-03 11:58:27.900,21.015,6.636937816666667,15,1,osrm
468,delivered,2025-07-03 11:38:03,2025-07-03 11:54:25.662742,2025-07-03 12:04:11.000000,2025-07-03 12:06:48.200,28.753333333333334,9.755620966666667,30,1,osrm
469,delivered,2025-07-03 11:39:19,2025-07-03 11:49:30.610355,2025-07-03 11:58:20.700000,2025-07-03 12:01:41.300,22.371666666666666,8.834827416666666,33,1,osrm
470,delivered,2025-07-03 11:39:12,2025-07-03 11:47:10.075161,2025-07-03 11:56:34.700000,2025-07-03 11:59:58.100,20.76833333333333,9.410413983333333,9,1,osrm
471,delivered,2025-07-03 11:40:28,2025-07-03 11:46:59.066059,2025-07-03 11:53:38.000000,2025-07-03 11:57:07.500,16.658333333333335,6.648899016666666,28,1,osrm
472,delivered,2025-07-03 11:42:21,2025-07-03 11:52:47.786852,2025-07-03 12:14:14.700000,2025-07-03 12:20:49.500,38.475,21.44855246666667,39,1,osrm
473,delivered,2025-07-03 11:42:47,2025-07-03 11:53:14.674117,2025-07-03 12:01:56.900000,2025-07-03 12:04:37.700,21.845000000000002,8.703764716666665,17,2,osrm
474,delivered,2025-07-03 11:43:37,2025-07-03 11:54:20.552013,2025-07-03 12:01:56.900000,2025-07-03 12:04:37.700,21.011666666666667,7.6057997833333335,17,2,osrm
475,delivered,2025-07-03 11:44:38,2025-07-03 11:49:51.349464,2025-07-03 12:16:26.367940,2025-07-03 12:10:38.700,26.011666666666667,26.583641266666667,11,2,osrm
476,delivered,2025-07-03 11:46:41,2025-07-03 11:58:35.204818,2025-07-03 12:15:51.500000,2025-07-03 12:20:16.900,33.598333333333336,17.271586366666668,14,1,osrm
477,delivered,2025-07-03 11:50:26,2025-07-03 12:05:45.597764,2025-07-03 12:14:04.500000,2025-07-03 12:16:39.800,26.23,8.315037266666668,5,1,osrm
478,delivered,2025-07-03 11:53:20,2025-07-03 12:03:16.905065,2025-07-03 12:08:54.200000,2025-07-03 12:10:41.700,17.361666666666668,5.62158225,20,1,osrm
479,delivered,2025-07-03 11:54:10,2025-07-03 12:07:52.135193,2025-07-03 12:14:12.200000,2025-07-03 12:16:00.400,21.84,6.33441345,10,1,osrm
480,delivered,2025-07-03 11:55:22,2025-07-03 12:05:24.356446,2025-07-03 12:10:54.600000,2025-07-03 12:13:27.800,18.096666666666668,5.504059233333334,8,1,osrm
481,delivered,2025-07-03 11:56:13,2025-07-03 12:05:39.152784,2025-07-03 12:18:48.800000,2025-07-03 12:24:18.300,28.08833333333333,13.160786933333332,6,2,osrm
482,delivered,2025-07-03 11:58:25,2025-07-03 12:14:22.337139,2025-07-03 12:20:44.400000,2025-07-03 12:24:51.300,26.438333333333333,6.36771435,27,1,osrm
483,delivered,2025-07-03 11:58:45,2025-07-03 12:12:51.194645,2025-07-03 12:20:04.000000,2025-07-03 12:22:01.400,23.273333333333333,7.213422583333334,35,1,osrm
484,delivered,2025-07-03 11:58:54,2025-07-03 12:13:29.938433,2025-07-03 12:19:04.500000,2025-07-03 12:23:43.800,24.83,5.576026116666667,2,1,osrm
485,delivered,2025-07-03 11:58:17,2025-07-03 12:17:14.554178,2025-07-03 12:45:57.000000,2025-07-03 12:50:56.100,52.651666666666664,28.707430366666664,4,2,osrm
486,delivered,2025-07-03 11:59:20,2025-07-03 12:11:18.388775,2025-07-03 12:13:25.600000,2025-07-03 12:15:21.700,16.028333333333332,2.120187083333333,34,1,osrm
487,delivered,2025-07-03 11:59:41,2025-07-03 12:11:36.533025,2025-07-03 12:19:11.900000,2025-07-03 12:19:54.900,20.23166666666667,7.589449583333334,19,1,osrm
488,delivered,2025-07-03 11:59:54,2025-07-03 12:12:18.715101,2025-07-03 12:18:48.800000,2025-07-03 12:24:18.300,24.404999999999998,6.5014149833333335,6,2,osrm
489,delivered,2025-07-03 12:00:08,2025-07-03 12:16:26.367940,2025-07-03 12:18:35.600000,2025-07-03 12:21:52.100,21.735,2.1538676666666663,7,1,osrm
490,delivered,2025-07-03 12:01:28,2025-07-03 12:16:18.039543,2025-07-03 12:44:31.600000,2025-07-03 12:52:37.400,51.156666666666666,28.226007616666667,7,2,osrm
491,delivered,2025-07-03 12:06:08,2025-07-03 12:15:27.485473,2025-07-03 12:21:02.000000,2025-07-03 12:23:26.200,17.303333333333335,5.575242116666667,30,1,osrm
492,delivered,2025-07-03 12:06:19,2025-07-03 12:15:50.913949,2025-07-03 12:24:33.100000,2025-07-03 12:27:16.000,20.95,8.70310085,40,1,osrm
493,delivered,2025-07-03 12:07:50,2025-07-03 12:20:57.427461,2025-07-03 12:50:51.500000,2025-07-03 12:57:42.100,49.86833333333333,29.901208983333333,6,3,osrm
494,delivered,2025-07-03 12:08:24,2025-07-03 12:21:55.198653,2025-07-03 12:55:09.777534,2025-07-03 12:58:10.400,49.77333333333333,33.24298135,22,3,osrm
495,delivered,2025-07-03 12:09:39,2025-07-03 12:23:03.522892,2025-07-03 12:38:07.400000,2025-07-03 12:41:47.600,32.14333333333333,15.064618466666667,14,1,osrm
496,delivered,2025-07-03 12:10:28,2025-07-03 12:24:06.922593,2025-07-03 12:52:36.700000,2025-07-03 13:00:02.100,49.568333333333335,28.496290116666668,12,2,osrm
497,delivered,2025-07-03 12:11:08,2025-07-03 12:22:33.657035,2025-07-03 12:43:58.360008,2025-07-03 12:47:36.100,36.468333333333334,21.411716216666665,29,2,osrm
498,delivered,2025-07-03 12:12:31,2025-07-03 12:26:22.007406,2025-07-03 12:29:37.800000,2025-07-03 12:32:00.100,19.485,3.2632099,31,1,osrm
499,delivered,2025-07-03 12:13:54,2025-07-03 12:27:50.030569,2025-07-03 12:33:25.600000,2025-07-03 12:35:07.900,21.23166666666667,5.59282385,39,1,osrm
500,delivered,2025-07-03 12:16:50,2025-07-03 12:26:08.987201,2025-07-03 12:40:19.300000,2025-07-03 12:44:10.100,27.334999999999997,14.171879983333334,15,1,osrm
501,delivered,2025-07-03 12:16:51,2025-07-03 12:25:04.616640,2025-07-03 12:29:13.200000,2025-07-03 12:32:55.800,16.08,4.143056,19,2,osrm
502,delivered,2025-07-03 12:16:11,2025-07-03 12:28:53.643770,2025-07-03 12:42:23.700000,2025-07-03 12:45:11.900,29.015,13.500937166666667,26,1,osrm
503,delivered,2025-07-03 12:17:33,2025-07-03 12:28:19.354175,2025-07-03 12:55:49.200000,2025-07-03 12:59:28.200,41.919999999999995,27.497430416666667,15,1,osrm
504,delivered,2025-07-03 12:17:00,2025-07-03 12:24:40.863572,2025-07-03 12:29:13.200000,2025-07-03 12:32:55.800,15.93,4.538940466666667,19,2,osrm
505,delivered,2025-07-03 12:18:22,2025-07-03 12:32:41.398240,2025-07-03 12:45:08.900000,2025-07-03 12:47:33.000,29.183333333333334,12.458362666666666,38,1,osrm
506,delivered,2025-07-03 12:18:34,2025-07-03 12:31:49.919019,2025-07-03 12:52:36.700000,2025-07-03 13:00:02.100,41.468333333333334,20.77968301666667,12,2,osrm
507,delivered,2025-07-03 12:20:13,2025-07-03 12:36:24.047482,2025-07-03 12:43:40.400000,2025-07-03 12:47:03.500,26.841666666666665,7.272541966666666,37,3,osrm
508,delivered,2025-07-03 12:21:59,2025-07-03 12:33:49.378055,2025-07-03 12:45:57.000000,2025-07-03 12:50:56.100,28.951666666666664,12.127032416666667,4,2,osrm
509,delivered,2025-07-03 12:21:20,2025-07-03 12:33:33.607840,2025-07-03 12:34:19.100000,2025-07-03 12:37:33.200,16.220000000000002,0.7582026666666667,10,1,osrm
510,delivered,2025-07-03 12:22:37,2025-07-03 12:30:17.128296,2025-07-03 12:37:38.800000,2025-07-03 12:41:19.600,18.709999999999997,7.361195066666666,32,1,osrm
511,delivered,2025-07-03 12:24:41,2025-07-03 12:40:54.914580,2025-07-03 12:54:06.400000,2025-07-03 12:58:14.100,33.55166666666666,13.191423666666667,36,1,osrm
512,delivered,2025-07-03 12:25:18,2025-07-03 12:39:08.968625,2025-07-03 12:58:13.600000,2025-07-03 13:05:20.000,40.03333333333333,19.077189583333332,3,2,osrm
513,delivered,2025-07-03 12:26:12,2025-07-03 12:40:52.824495,2025-07-03 12:53:44.400000,2025-07-03 12:56:46.700,30.578333333333333,12.85959175,24,2,osrm
514,delivered,2025-07-03 12:26:00,2025-07-03 12:37:14.708896,2025-07-03 12:50:51.500000,2025-07-03 12:57:42.100,31.701666666666664,13.613185066666667,6,3,osrm
515,delivered,2025-07-03 12:27:45,2025-07-03 12:39:33.925098,2025-07-03 12:58:13.600000,2025-07-03 13:05:20.000,37.583333333333336,18.661248366666666,3,2,osrm
516,delivered,2025-07-03 12:29:13,2025-07-03 12:42:11.512212,2025-07-03 13:00:22.300000,2025-07-03 13:03:36.500,34.391666666666666,18.17979646666667,39,1,osrm
517,delivered,2025-07-03 12:29:58,2025-07-03 12:39:40.853125,2025-07-03 12:53:33.100000,2025-07-03 12:56:37.100,26.651666666666664,13.87078125,8,1,osrm
518,delivered,2025-07-03 12:29:29,2025-07-03 12:39:08.188534,2025-07-03 12:56:02.400000,2025-07-03 12:59:12.200,29.720000000000002,16.903524433333335,26,1,osrm
519,delivered,2025-07-03 12:30:43,2025-07-03 12:48:41.601803,2025-07-03 12:50:51.500000,2025-07-03 12:57:42.100,26.985,2.16496995,6,3,osrm
520,delivered,2025-07-03 12:34:09,2025-07-03 12:47:09.531483,2025-07-03 13:10:01.265264,2025-07-03 13:09:24.900,35.265,22.862229683333332,20,2,osrm
521,delivered,2025-07-03 12:34:04,2025-07-03 12:43:58.360008,2025-07-03 12:43:58.360008,2025-07-03 12:47:36.100,13.535,0.0,29,2,osrm
522,delivered,2025-07-03 12:35:58,2025-07-03 12:43:40.130469,2025-07-03 12:53:44.400000,2025-07-03 12:56:46.700,20.811666666666667,10.07115885,24,2,osrm
523,delivered,2025-07-03 12:37:15,2025-07-03 12:45:41.345962,2025-07-03 13:02:06.900000,2025-07-03 13:05:18.700,28.061666666666667,16.425900633333335,9,1,osrm
524,delivered,2025-07-03 12:37:02,2025-07-03 12:49:59.317775,2025-07-03 12:57:38.800000,2025-07-03 13:01:27.700,24.428333333333335,7.658037083333334,41,1,osrm
525,delivered,2025-07-03 12:41:07,2025-07-03 12:50:12.470145,2025-07-03 13:05:50.700000,2025-07-03 13:09:45.900,28.648333333333333,15.637164250000001,30,1,osrm
526,delivered,2025-07-03 12:41:53,2025-07-03 12:50:35.774745,2025-07-03 13:04:24.000000,2025-07-03 13:06:40.100,24.785,13.803754249999999,18,1,osrm
527,delivered,2025-07-03 12:41:35,2025-07-03 12:52:54.918722,2025-07-03 13:01:25.900000,2025-07-03 13:04:01.800,22.446666666666665,8.516354633333332,2,2,osrm
528,delivered,2025-07-03 12:41:37,2025-07-03 12:54:39.346365,2025-07-03 13:16:57.400000,2025-07-03 13:21:34.100,39.95166666666667,22.300893916666666,39,2,osrm
529,delivered,2025-07-03 12:42:15,2025-07-03 12:58:03.753439,2025-07-03 13:08:42.200000,2025-07-03 13:10:28.000,28.216666666666665,10.640776016666667,19,1,osrm
530,delivered,2025-07-03 12:42:50,2025-07-03 12:52:19.651263,2025-07-03 13:13:34.900000,2025-07-03 13:19:56.300,37.105000000000004,21.254145616666666,38,2,osrm
531,delivered,2025-07-03 12:45:18,2025-07-03 12:55:09.777534,2025-07-03 13:01:25.900000,2025-07-03 13:04:01.800,18.73,6.268707766666666,2,2,osrm
532,delivered,2025-07-03 12:45:02,2025-07-03 12:58:05.759354,2025-07-03 13:18:34.900000,2025-07-03 13:26:34.300,41.538333333333334,20.485677433333333,30,2,osrm
533,delivered,2025-07-03 12:46:01,2025-07-03 12:56:30.821643,2025-07-03 13:18:50.000000,2025-07-03 13:23:56.100,37.91833333333333,22.319639283333334,13,3,osrm
534,delivered,2025-07-03 12:47:47,2025-07-03 13:02:15.011365,2025-07-03 13:18:34.900000,2025-07-03 13:26:34.300,38.788333333333334,16.33147725,30,2,osrm
535,delivered,2025-07-03 12:48:38,2025-07-03 12:59:10.945418,2025-07-03 13:16:57.400000,2025-07-03 13:21:34.100,32.934999999999995,17.774243033333335,39,2,osrm
536,delivered,2025-07-03 12:49:11,2025-07-03 12:57:08.532336,2025-07-03 13:09:38.800000,2025-07-03 13:11:58.400,22.790000000000003,12.504461066666666,37,1,osrm
537,delivered,2025-07-03 12:50:41,2025-07-03 13:00:29.658872,2025-07-03 13:14:15.900000,2025-07-03 13:17:04.600,26.39333333333333,13.770685466666666,2,1,osrm
538,delivered,2025-07-03 12:50:45,2025-07-03 12:58:02.055059,2025-07-03 13:14:59.500000,2025-07-03 13:20:22.400,29.623333333333335,16.957415683333334,41,3,osrm
539,delivered,2025-07-03 12:51:33,2025-07-03 13:01:54.176046,2025-07-03 13:13:34.900000,2025-07-03 13:19:56.300,28.388333333333332,11.678732566666667,38,2,osrm
540,delivered,2025-07-03 12:56:38,2025-07-03 13:10:01.265264,2025-07-03 13:13:02.000000,2025-07-03 13:16:54.500,20.275,3.0122456,21,1,osrm
541,delivered,2025-07-03 12:57:06,2025-07-03 13:09:11.976459,2025-07-03 13:19:05.200000,2025-07-03 13:21:48.900,24.715,9.887059016666665,11,1,osrm
542,delivered,2025-07-03 12:58:48,2025-07-03 13:10:23.508476,2025-07-03 13:18:30.300000,2025-07-03 13:22:49.100,24.01833333333333,8.113192066666667,20,2,osrm
543,delivered,2025-07-03 13:01:42,2025-07-03 13:09:48.249466,2025-07-03 13:15:51.600000,2025-07-03 13:19:42.900,18.015,6.055842233333333,35,1,osrm
544,delivered,2025-07-03 13:01:07,2025-07-03 13:10:46.564257,2025-07-03 13:29:52.000000,2025-07-03 13:33:36.500,32.49166666666667,19.090595716666666,38,1,osrm
545,delivered,2025-07-03 13:03:55,2025-07-03 13:14:41.564085,2025-07-03 13:23:50.000000,2025-07-03 13:27:01.500,23.108333333333334,9.140598583333334,29,1,osrm
546,delivered,2025-07-03 13:04:58,2025-07-03 13:17:38.813331,2025-07-03 13:28:26.700000,2025-07-03 13:31:42.900,26.748333333333335,10.79811115,34,1,osrm
547,delivered,2025-07-03 13:04:54,2025-07-03 13:24:25.287361,2025-07-03 13:34:26.000000,2025-07-03 13:36:35.600,31.69333333333333,10.011877316666666,27,1,osrm
548,delivered,2025-07-03 13:07:23,2025-07-03 13:17:15.636055,2025-07-03 13:28:30.300000,2025-07-03 13:29:59.900,22.615000000000002,11.244399083333333,21,1,osrm
549,delivered,2025-07-03 13:07:58,2025-07-03 13:22:43.636083,2025-07-03 13:35:03.100000,2025-07-03 13:37:16.300,29.305,12.324398616666667,20,1,osrm
550,delivered,2025-07-03 13:10:35,2025-07-03 13:19:03.106523,2025-07-03 13:35:31.500000,2025-07-03 13:39:25.900,28.848333333333336,16.473224616666666,11,1,osrm
551,delivered,2025-07-03 13:12:52,2025-07-03 13:21:41.176420,2025-07-03 13:33:26.600000,2025-07-03 13:36:42.500,23.841666666666665,11.757059666666667,3,1,osrm
552,delivered,2025-07-03 13:14:51,2025-07-03 13:20:51.542012,2025-07-03 13:34:48.500000,2025-07-03 13:37:26.100,22.584999999999997,13.9492998,25,1,osrm
553,delivered,2025-07-03 13:16:42,2025-07-03 13:26:16.490525,2025-07-03 13:40:06.900000,2025-07-03 13:42:32.800,25.846666666666668,13.840157916666668,19,1,osrm
554,delivered,2025-07-03 13:17:03,2025-07-03 13:32:06.141761,2025-07-03 13:43:21.300000,2025-07-03 13:46:56.000,29.883333333333333,11.252637316666666,7,1,osrm
555,delivered,2025-07-03 13:19:10,2025-07-03 13:31:00.935446,2025-07-03 13:44:59.600000,2025-07-03 13:47:59.500,28.825,13.977742566666667,18,1,osrm
556,delivered,2025-07-03 13:21:43,2025-07-03 13:37:17.430447,2025-07-03 13:49:57.000000,2025-07-03 13:53:45.800,32.04666666666667,12.659492550000001,26,1,osrm
557,delivered,2025-07-03 13:24:59,2025-07-03 13:35:23.837518,2025-07-03 13:45:55.000000,2025-07-03 13:47:55.500,22.941666666666666,10.519374699999998,33,1,osrm
558,delivered,2025-07-03 13:24:06,2025-07-03 13:39:12.569117,2025-07-03 13:48:06.800000,2025-07-03 13:51:01.100,26.918333333333333,8.903848049999999,32,1,osrm
559,delivered,2025-07-03 13:29:13,2025-07-03 13:39:27.538091,2025-07-03 14:10:58.800000,2025-07-03 14:16:17.400,47.07333333333334,31.521031816666667,18,1,osrm
560,delivered,2025-07-03 13:31:07,2025-07-03 13:45:41.147220,2025-07-03 13:59:44.500000,2025-07-03 14:02:42.400,31.59,14.055879666666668,9,1,osrm
561,delivered,2025-07-03 13:32:23,2025-07-03 13:49:11.645307,2025-07-03 13:55:07.200000,2025-07-03 13:58:09.400,25.773333333333333,5.9259115499999995,16,2,osrm
562,delivered,2025-07-03 13:32:41,2025-07-03 13:43:54.287452,2025-07-03 13:55:07.200000,2025-07-03 13:58:09.400,25.473333333333336,11.215209133333333,16,2,osrm
563,delivered,2025-07-03 13:32:56,2025-07-03 13:40:47.389686,2025-07-03 13:53:53.400000,2025-07-03 13:56:20.800,23.413333333333334,13.1001719,41,1,osrm
564,delivered,2025-07-03 13:32:16,2025-07-03 13:49:41.118261,2025-07-03 14:00:20.300000,2025-07-03 14:04:18.900,32.04833333333333,10.653028983333334,23,1,osrm
565,delivered,2025-07-03 13:33:59,2025-07-03 13:43:16.754501,2025-07-03 13:54:04.700000,2025-07-03 13:58:29.400,24.506666666666668,10.799091650000001,30,1,osrm
566,delivered,2025-07-03 13:34:26,2025-07-03 13:44:38.557069,2025-07-03 13:50:01.300000,2025-07-03 13:53:18.800,18.88,5.37904885,20,1,osrm
567,delivered,2025-07-03 13:34:18,2025-07-03 13:45:16.444602,2025-07-03 13:58:32.300000,2025-07-03 14:00:46.800,26.48,13.264256633333334,6,1,osrm
568,delivered,2025-07-03 13:37:47,2025-07-03 13:52:25.998966,2025-07-03 14:10:10.500000,2025-07-03 14:12:41.400,34.906666666666666,17.741683899999998,27,1,osrm
569,delivered,2025-07-03 13:38:56,2025-07-03 13:52:54.444774,2025-07-03 13:58:47.000000,2025-07-03 14:00:32.000,21.6,5.8759204333333335,38,1,osrm
570,delivered,2025-07-03 13:39:17,2025-07-03 13:53:09.328228,2025-07-03 14:08:04.900000,2025-07-03 14:12:09.900,32.88166666666667,14.9261962,4,1,osrm
571,delivered,2025-07-03 13:41:09,2025-07-03 13:52:14.157211,2025-07-03 14:04:28.000000,2025-07-03 14:08:48.500,27.658333333333335,12.230713150000001,13,1,osrm
572,delivered,2025-07-03 13:45:23,2025-07-03 13:56:42.686951,2025-07-03 14:03:49.000000,2025-07-03 14:05:17.800,19.913333333333334,7.105217483333333,19,1,osrm
573,delivered,2025-07-03 13:45:14,2025-07-03 13:59:36.514763,2025-07-03 14:08:18.200000,2025-07-03 14:11:56.400,26.706666666666667,8.69475395,28,1,osrm
574,delivered,2025-07-03 13:48:12,2025-07-03 14:05:06.609400,2025-07-03 14:35:34.257827,2025-07-03 14:43:16.500,55.075,30.46080711666667,26,2,osrm
575,delivered,2025-07-03 13:48:03,2025-07-03 13:56:13.198369,2025-07-03 14:10:32.300000,2025-07-03 14:14:48.400,26.756666666666668,14.318360516666667,8,1,osrm
576,delivered,2025-07-03 13:49:16,2025-07-03 14:04:56.753033,2025-07-03 14:14:44.500000,2025-07-03 14:19:02.300,29.771666666666665,9.795782783333333,30,1,osrm
577,delivered,2025-07-03 13:51:41,2025-07-03 14:06:30.283562,2025-07-03 14:23:04.300000,2025-07-03 14:27:24.900,35.73166666666667,16.566940633333335,5,1,osrm
578,delivered,2025-07-03 13:53:48,2025-07-03 14:07:42.947517,2025-07-03 14:21:07.100000,2025-07-03 14:24:50.400,31.040000000000003,13.402541383333332,40,1,osrm
579,delivered,2025-07-03 13:54:04,2025-07-03 14:03:54.939594,2025-07-03 14:25:50.300000,2025-07-03 14:29:10.400,35.10666666666667,21.922673433333333,35,1,osrm
580,delivered,2025-07-03 13:55:05,2025-07-03 14:07:19.748974,2025-07-03 14:18:28.900000,2025-07-03 14:21:24.800,26.33,11.1525171,7,1,osrm
581,delivered,2025-07-03 13:56:33,2025-07-03 14:09:40.348134,2025-07-03 14:18:47.000000,2025-07-03 14:21:36.600,25.06,9.110864433333335,37,1,osrm
582,delivered,2025-07-03 13:58:47,2025-07-03 14:08:49.378004,2025-07-03 14:18:28.900000,2025-07-03 14:20:39.800,21.88,9.658699933333333,26,1,osrm
583,delivered,2025-07-03 13:58:26,2025-07-03 14:13:56.557419,2025-07-03 14:23:58.200000,2025-07-03 14:26:09.100,27.71833333333333,10.027376349999999,21,1,osrm
584,delivered,2025-07-03 14:04:42,2025-07-03 14:15:15.758684,2025-07-03 14:44:43.536664,2025-07-03 14:50:59.300,46.288333333333334,29.462966333333334,3,4,osrm
585,delivered,2025-07-03 14:08:18,2025-07-03 14:24:53.690976,2025-07-03 14:28:47.000000,2025-07-03 14:31:50.800,23.546666666666667,3.888483733333333,23,1,osrm
586,delivered,2025-07-03 14:10:06,2025-07-03 14:17:35.501749,2025-07-03 14:29:08.900000,2025-07-03 14:34:06.500,24.008333333333333,11.556637516666665,9,1,osrm
587,delivered,2025-07-03 14:10:43,2025-07-03 14:18:34.974865,2025-07-03 14:30:58.800000,2025-07-03 14:35:10.000,24.45,12.397085583333334,29,1,osrm
588,delivered,2025-07-03 14:12:51,2025-07-03 14:19:09.064822,2025-07-03 14:39:40.622773,2025-07-03 14:41:22.300,28.521666666666665,20.52596585,37,2,osrm
589,delivered,2025-07-03 14:15:38,2025-07-03 14:29:45.601997,2025-07-03 14:33:49.400000,2025-07-03 14:35:54.900,20.28166666666667,4.06330005,10,1,osrm
590,delivered,2025-07-03 14:15:50,2025-07-03 14:25:06.285889,2025-07-03 14:33:40.600000,2025-07-03 14:35:39.600,19.826666666666664,8.57190185,36,1,osrm
591,delivered,2025-07-03 14:17:21,2025-07-03 14:26:52.214663,2025-07-03 14:50:50.652116,2025-07-03 14:56:03.900,38.715,23.97395755,10,2,osrm
592,delivered,2025-07-03 14:19:37,2025-07-03 14:34:20.290970,2025-07-03 15:04:20.227341,2025-07-03 15:07:14.300,47.62166666666667,29.998939516666667,37,2,osrm
593,delivered,2025-07-03 14:19:12,2025-07-03 14:36:23.768507,2025-07-03 14:44:43.536664,2025-07-03 14:50:59.300,31.788333333333334,8.329469283333333,3,4,osrm
594,delivered,2025-07-03 14:20:25,2025-07-03 14:30:08.233675,2025-07-03 14:37:51.000000,2025-07-03 14:40:40.500,20.258333333333333,7.712772083333333,27,2,osrm
595,delivered,2025-07-03 14:21:50,2025-07-03 14:37:54.672279,2025-07-03 14:49:15.300000,2025-07-03 14:55:07.300,33.288333333333334,11.343795349999999,21,2,osrm
596,delivered,2025-07-03 14:23:24,2025-07-03 14:37:00.122077,2025-07-03 14:49:15.300000,2025-07-03 14:55:07.300,31.721666666666668,12.252965383333333,21,2,osrm
597,delivered,2025-07-03 14:23:38,2025-07-03 14:35:34.257827,2025-07-03 14:35:34.257827,2025-07-03 14:43:16.500,19.641666666666666,0.0,26,2,osrm
598,delivered,2025-07-03 14:24:55,2025-07-03 14:33:17.940274,2025-07-03 14:58:29.300000,2025-07-03 15:07:38.600,42.72666666666667,25.189328766666666,5,3,osrm
599,delivered,2025-07-03 14:26:58,2025-07-03 14:34:42.302479,2025-07-03 14:48:59.500000,2025-07-03 14:52:04.000,25.1,14.286625350000001,32,1,osrm
600,delivered,2025-07-03 14:27:31,2025-07-03 14:39:40.622773,2025-07-03 14:53:03.800000,2025-07-03 14:57:43.900,30.215,13.386287116666667,12,2,osrm
601,delivered,2025-07-03 14:27:11,2025-07-03 14:39:33.170953,2025-07-03 14:58:29.300000,2025-07-03 15:07:38.600,40.46,18.935484116666665,5,3,osrm
602,delivered,2025-07-03 14:27:12,2025-07-03 14:37:05.584578,2025-07-03 14:49:00.100000,2025-07-03 14:53:51.900,26.665000000000003,11.908590366666665,36,2,osrm
603,delivered,2025-07-03 14:28:57,2025-07-03 14:37:56.481544,2025-07-03 14:40:42.300000,2025-07-03 14:45:03.300,16.105,2.7636409333333334,15,1,osrm
604,delivered,2025-07-03 14:28:54,2025-07-03 14:36:54.845270,2025-07-03 14:50:20.730193,2025-07-03 14:51:59.900,23.098333333333336,13.431415383333333,35,3,osrm
605,delivered,2025-07-03 14:28:56,2025-07-03 14:41:58.075700,2025-07-03 14:53:47.000000,2025-07-03 14:55:30.700,26.578333333333333,11.815405,19,1,osrm
606,delivered,2025-07-03 14:29:09,2025-07-03 14:43:08.701620,2025-07-03 15:03:59.500000,2025-07-03 15:08:05.500,38.94166666666667,20.846639666666665,38,2,osrm
607,delivered,2025-07-03 14:29:55,2025-07-03 14:44:02.771796,2025-07-03 14:52:28.400000,2025-07-03 14:54:08.000,24.216666666666665,8.427136733333333,31,1,osrm
608,delivered,2025-07-03 14:32:35,2025-07-03 14:46:23.755191,2025-07-03 15:13:37.400000,2025-07-03 15:19:03.900,46.48166666666667,27.227413483333333,16,3,osrm
609,delivered,2025-07-03 14:33:25,2025-07-03 14:43:45.210306,2025-07-03 15:20:14.600000,2025-07-03 15:30:55.800,57.513333333333335,36.489828233333334,21,3,osrm
610,delivered,2025-07-03 14:34:33,2025-07-03 14:51:19.364400,2025-07-03 15:03:59.500000,2025-07-03 15:08:05.500,33.541666666666664,12.668926666666666,38,2,osrm
611,delivered,2025-07-03 14:35:47,2025-07-03 14:44:43.536664,2025-07-03 14:59:27.800000,2025-07-03 15:10:50.000,35.05,14.737722266666667,28,3,osrm
612,delivered,2025-07-03 14:36:40,2025-07-03 14:50:20.730193,2025-07-03 14:52:51.000000,2025-07-03 14:57:36.500,20.941666666666666,2.504496783333333,34,2,osrm
613,delivered,2025-07-03 14:37:29,2025-07-03 14:48:14.775201,2025-07-03 15:20:47.700000,2025-07-03 15:31:31.500,54.041666666666664,32.54874665,22,2,osrm
614,delivered,2025-07-03 14:39:09,2025-07-03 14:47:45.950275,2025-07-03 14:52:51.000000,2025-07-03 14:57:36.500,18.458333333333332,5.084162083333334,34,2,osrm
615,delivered,2025-07-03 14:40:49,2025-07-03 14:50:50.652116,2025-07-03 15:06:13.000000,2025-07-03 15:10:23.300,29.571666666666665,15.372464733333334,35,1,osrm
616,delivered,2025-07-03 14:42:18,2025-07-03 14:55:54.530693,2025-07-03 15:25:07.300000,2025-07-03 15:28:23.700,46.095,29.212821783333332,6,1,osrm
617,delivered,2025-07-03 14:42:15,2025-07-03 14:57:29.176088,2025-07-03 15:20:47.700000,2025-07-03 15:31:31.500,49.275,23.30873186666667,22,2,osrm
618,delivered,2025-07-03 14:43:08,2025-07-03 14:56:04.514487,2025-07-03 15:20:14.600000,2025-07-03 15:30:55.800,47.79666666666667,24.168091883333332,21,3,osrm
619,delivered,2025-07-03 14:44:45,2025-07-03 14:49:45.000000,2025-07-03 15:09:36.200000,2025-07-03 15:13:32.300,28.788333333333334,19.853333333333335,33,1,osrm
620,delivered,2025-07-03 14:46:38,2025-07-03 15:00:48.784243,2025-07-03 15:13:37.400000,2025-07-03 15:19:03.900,32.431666666666665,12.810262616666668,16,3,osrm
621,delivered,2025-07-03 14:47:09,2025-07-03 14:52:44.573257,2025-07-03 15:14:50.600000,2025-07-03 15:21:00.200,33.85333333333333,22.100445716666666,1,2,osrm
622,delivered,2025-07-03 14:47:45,2025-07-03 15:05:30.564589,2025-07-03 15:20:14.600000,2025-07-03 15:30:55.800,43.18,14.733923516666666,21,3,osrm
623,delivered,2025-07-03 14:48:17,2025-07-03 15:00:54.572020,2025-07-03 15:14:01.100000,2025-07-03 15:17:22.900,29.098333333333336,13.108799666666666,24,1,osrm
624,delivered,2025-07-03 14:49:41,2025-07-03 15:02:06.029395,2025-07-03 15:13:15.200000,2025-07-03 15:16:33.200,26.87,11.152843416666666,3,1,osrm
625,delivered,2025-07-03 14:49:25,2025-07-03 15:04:24.488230,2025-07-03 15:29:46.300000,2025-07-03 15:31:51.600,42.443333333333335,25.363529500000002,30,1,osrm
626,delivered,2025-07-03 14:52:34,2025-07-03 15:03:41.596196,2025-07-03 15:23:05.900000,2025-07-03 15:27:35.900,35.031666666666666,19.4050634,23,2,osrm
627,delivered,2025-07-03 14:53:08,2025-07-03 15:04:20.227341,2025-07-03 15:13:22.800000,2025-07-03 15:17:51.000,24.716666666666665,9.042877650000001,4,3,osrm
628,delivered,2025-07-03 14:53:12,2025-07-03 15:04:01.855765,2025-07-03 15:13:22.800000,2025-07-03 15:17:51.000,24.65,9.349070583333335,4,3,osrm
629,delivered,2025-07-03 14:54:16,2025-07-03 15:06:37.831011,2025-07-03 15:17:32.800000,2025-07-03 15:20:09.900,25.898333333333333,10.916149816666666,7,1,osrm
630,delivered,2025-07-03 14:54:27,2025-07-03 15:06:40.635579,2025-07-03 15:20:09.300000,2025-07-03 15:23:07.800,28.68,13.47774035,34,1,osrm
631,delivered,2025-07-03 14:55:42,2025-07-03 15:08:21.776622,2025-07-03 15:34:03.500000,2025-07-03 15:38:32.900,42.848333333333336,25.69538963333333,18,2,osrm
632,delivered,2025-07-03 14:56:28,2025-07-03 15:01:28.000000,2025-07-03 15:20:03.700000,2025-07-03 15:24:06.700,27.645,18.595000000000002,38,1,osrm
633,delivered,2025-07-03 14:56:42,2025-07-03 15:08:23.600493,2025-07-03 15:29:47.200000,2025-07-03 15:33:18.900,36.615,21.393325116666666,15,1,osrm
634,delivered,2025-07-03 14:58:29,2025-07-03 15:05:39.973015,2025-07-03 15:21:54.400000,2025-07-03 15:25:01.800,26.546666666666667,16.24044975,5,1,osrm
635,delivered,2025-07-03 14:58:50,2025-07-03 15:19:00.114959,2025-07-03 15:38:59.700000,2025-07-03 15:43:43.000,44.88333333333333,19.993084016666668,13,2,osrm
636,delivered,2025-07-03 15:00:00,2025-07-03 15:14:22.150369,2025-07-03 15:23:05.900000,2025-07-03 15:27:35.900,27.598333333333336,8.729160516666667,23,2,osrm
637,delivered,2025-07-03 15:03:54,2025-07-03 15:18:40.603438,2025-07-03 15:42:34.045457,2025-07-03 15:39:39.900,35.765,23.890700316666667,31,2,osrm
638,delivered,2025-07-03 15:03:09,2025-07-03 15:16:33.199694,2025-07-03 15:32:58.200000,2025-07-03 15:38:35.100,35.434999999999995,16.416671766666667,33,2,osrm
639,delivered,2025-07-03 15:03:15,2025-07-03 15:17:14.610101,2025-07-03 15:33:27.400000,2025-07-03 15:37:42.700,34.461666666666666,16.213164983333332,35,2,osrm
640,delivered,2025-07-03 15:04:45,2025-07-03 15:14:01.774819,2025-07-03 15:32:58.200000,2025-07-03 15:38:35.100,33.835,18.940419683333335,33,2,osrm
641,delivered,2025-07-03 15:04:44,2025-07-03 15:19:04.762640,2025-07-03 15:38:59.400000,2025-07-03 15:42:38.900,37.915,19.910622666666665,41,1,osrm
642,delivered,2025-07-03 15:07:38,2025-07-03 15:22:11.304015,2025-07-03 15:33:37.400000,2025-07-03 15:36:29.200,28.853333333333335,11.434933083333334,9,1,osrm
643,delivered,2025-07-03 15:08:09,2025-07-03 15:20:40.336916,2025-07-03 15:33:27.400000,2025-07-03 15:37:42.700,29.561666666666667,12.784384733333333,35,2,osrm
644,delivered,2025-07-03 15:09:09,2025-07-03 15:23:27.399173,2025-07-03 15:35:45.900000,2025-07-03 15:38:47.600,29.64333333333333,12.308347116666665,34,1,osrm
645,delivered,2025-07-03 15:15:40,2025-07-03 15:30:50.571461,2025-07-03 15:51:03.300000,2025-07-03 15:55:12.000,39.53333333333333,20.212142316666664,39,2,osrm
646,delivered,2025-07-03 15:16:40,2025-07-03 15:28:41.824314,2025-07-03 15:34:03.500000,2025-07-03 15:38:32.900,21.881666666666668,5.3612614333333335,18,2,osrm
647,delivered,2025-07-03 15:18:01,2025-07-03 15:26:38.553749,2025-07-03 15:29:08.200000,2025-07-03 15:31:25.500,13.408333333333333,2.4941041833333335,40,1,osrm
648,delivered,2025-07-03 15:21:21,2025-07-03 15:35:48.533657,2025-07-03 15:51:03.300000,2025-07-03 15:55:12.000,33.85,15.246105716666667,39,2,osrm
649,delivered,2025-07-03 15:21:02,2025-07-03 15:37:37.034565,2025-07-03 15:49:48.500000,2025-07-03 15:53:14.200,32.20333333333333,12.191090583333333,35,1,osrm
650,delivered,2025-07-03 15:26:50,2025-07-03 15:35:14.348755,2025-07-03 15:44:59.859532,2025-07-03 15:50:02.500,23.208333333333332,9.75851295,17,2,osrm
651,delivered,2025-07-03 15:27:50,2025-07-03 15:43:19.941195,2025-07-03 16:21:19.494146,2025-07-03 16:24:08.600,56.309999999999995,37.99254918333334,11,4,osrm
652,delivered,2025-07-03 15:28:07,2025-07-03 15:40:53.884758,2025-07-03 16:01:44.800000,2025-07-03 16:06:01.000,37.9,20.848587366666667,17,2,osrm
653,delivered,2025-07-03 15:28:43,2025-07-03 15:42:34.045457,2025-07-03 15:42:34.045457,2025-07-03 15:39:39.900,10.948333333333332,0.0,31,2,osrm
654,delivered,2025-07-03 15:29:04,2025-07-03 15:43:36.664475,2025-07-03 15:55:12.700000,2025-07-03 15:58:02.100,28.96833333333333,11.600592083333334,12,2,osrm
655,delivered,2025-07-03 15:29:17,2025-07-03 15:38:05.755379,2025-07-03 15:49:49.800000,2025-07-03 15:54:13.400,24.94,11.734077016666667,18,1,osrm
656,delivered,2025-07-03 15:29:45,2025-07-03 15:42:37.840624,2025-07-03 16:06:28.156883,2025-07-03 16:07:48.600,38.059999999999995,23.838604316666665,10,3,osrm
657,delivered,2025-07-03 15:31:44,2025-07-03 15:46:48.416064,2025-07-03 16:01:44.800000,2025-07-03 16:06:01.000,34.28333333333333,14.939732266666665,17,2,osrm
658,delivered,2025-07-03 15:32:53,2025-07-03 15:49:10.123481,2025-07-03 15:50:46.700000,2025-07-03 15:54:38.300,21.755,1.60960865,31,2,osrm
659,delivered,2025-07-03 15:32:18,2025-07-03 15:46:55.717550,2025-07-03 16:13:32.500000,2025-07-03 16:21:01.500,48.725,26.613040833333333,28,4,osrm
660,delivered,2025-07-03 15:32:32,2025-07-03 15:41:44.174541,2025-07-03 15:55:12.700000,2025-07-03 15:58:02.100,25.501666666666665,13.475424316666667,12,2,osrm
661,delivered,2025-07-03 15:33:33,2025-07-03 15:46:10.230033,2025-07-03 15:50:46.700000,2025-07-03 15:54:38.300,21.08833333333333,4.6078327833333335,31,2,osrm
662,delivered,2025-07-03 15:35:20,2025-07-03 15:46:35.663631,2025-07-03 16:20:23.493413,2025-07-03 16:27:43.800,52.39666666666667,33.797163033333334,5,2,osrm
663,delivered,2025-07-03 15:36:46,2025-07-03 15:48:57.866623,2025-07-03 16:20:29.646760,2025-07-03 16:27:06.500,50.34166666666667,31.529668949999998,38,4,osrm
664,delivered,2025-07-03 15:36:29,2025-07-03 15:51:49.951624,2025-07-03 15:57:08.300000,2025-07-03 16:00:00.000,23.516666666666666,5.305806266666666,40,1,osrm
665,delivered,2025-07-03 15:37:11,2025-07-03 15:44:59.859532,2025-07-03 15:49:18.700000,2025-07-03 15:52:12.400,15.023333333333333,4.3140078,9,1,osrm
666,delivered,2025-07-03 15:40:24,2025-07-03 15:53:58.703985,2025-07-03 16:06:28.156883,2025-07-03 16:07:48.600,27.41,12.490881633333334,10,3,osrm
667,delivered,2025-07-03 15:40:21,2025-07-03 15:53:41.987781,2025-07-03 16:05:13.900000,2025-07-03 16:09:52.500,29.525,11.531870316666668,36,3,osrm
668,delivered,2025-07-03 15:41:53,2025-07-03 15:50:58.234341,2025-07-03 16:07:24.000000,2025-07-03 16:09:48.600,27.926666666666666,16.42942765,5,1,osrm
669,delivered,2025-07-03 15:41:21,2025-07-03 15:56:44.834204,2025-07-03 16:23:57.800000,2025-07-03 16:31:10.600,49.82666666666667,27.2160966,40,3,osrm
670,delivered,2025-07-03 15:41:54,2025-07-03 15:52:08.696589,2025-07-03 15:56:39.000000,2025-07-03 15:59:33.100,17.651666666666664,4.50505685,16,4,osrm
671,delivered,2025-07-03 15:42:40,2025-07-03 15:54:48.511107,2025-07-03 16:35:05.532121,2025-07-03 16:33:40.200,51.00333333333333,40.28368356666667,39,4,osrm
672,delivered,2025-07-03 15:42:27,2025-07-03 15:47:27.000000,2025-07-03 16:19:23.400000,2025-07-03 16:28:13.700,45.77833333333333,31.94,7,3,osrm
673,delivered,2025-07-03 15:43:12,2025-07-03 15:58:34.638964,2025-07-03 16:13:32.500000,2025-07-03 16:21:01.500,37.825,14.9643506,28,4,osrm
674,delivered,2025-07-03 15:43:56,2025-07-03 15:55:05.471654,2025-07-03 16:19:23.400000,2025-07-03 16:28:13.700,44.294999999999995,24.298805766666664,7,3,osrm
675,delivered,2025-07-03 15:44:37,2025-07-03 15:55:40.432230,2025-07-03 16:36:22.573264,2025-07-03 16:36:32.400,51.92333333333333,40.702350566666674,4,3,osrm
676,delivered,2025-07-03 15:45:52,2025-07-03 16:02:16.336635,2025-07-03 16:21:19.494146,2025-07-03 16:24:08.600,38.276666666666664,19.052625183333337,11,4,osrm
677,delivered,2025-07-03 15:45:45,2025-07-03 15:51:55.938340,2025-07-03 16:20:29.646760,2025-07-03 16:27:06.500,41.358333333333334,28.561806999999998,38,4,osrm
678,delivered,2025-07-03 15:46:27,2025-07-03 16:01:04.549316,2025-07-03 16:38:48.183668,2025-07-03 16:39:11.600,52.74333333333333,37.7272392,37,3,osrm
679,delivered,2025-07-03 15:46:13,2025-07-03 16:01:24.289479,2025-07-03 16:14:50.400000,2025-07-03 16:23:56.600,37.72666666666667,13.43517535,26,3,osrm
680,delivered,2025-07-03 15:47:28,2025-07-03 15:53:28.118618,2025-07-03 16:05:13.900000,2025-07-03 16:09:52.500,22.408333333333335,11.763023033333333,36,3,osrm
681,delivered,2025-07-03 15:48:21,2025-07-03 16:01:09.017167,2025-07-03 16:11:34.600000,2025-07-03 16:13:24.200,25.053333333333335,10.426380550000001,30,1,osrm
682,delivered,2025-07-03 15:48:22,2025-07-03 15:59:13.322165,2025-07-03 16:09:19.200000,2025-07-03 16:12:23.100,24.01833333333333,10.097963916666666,4,1,osrm
683,delivered,2025-07-03 15:49:02,2025-07-03 15:57:52.055339,2025-07-03 16:36:22.573264,2025-07-03 16:37:30.100,48.468333333333334,38.50863208333333,14,4,osrm
684,delivered,2025-07-03 15:49:33,2025-07-03 15:57:39.546639,2025-07-03 16:18:34.800000,2025-07-03 16:23:52.100,34.318333333333335,20.92088935,37,3,osrm
685,delivered,2025-07-03 15:49:32,2025-07-03 16:03:43.561662,2025-07-03 16:18:34.800000,2025-07-03 16:23:52.100,34.335,14.8539723,37,3,osrm
686,delivered,2025-07-03 15:51:02,2025-07-03 16:06:34.427384,2025-07-03 16:18:34.800000,2025-07-03 16:23:52.100,32.835,12.006210266666667,37,3,osrm
687,delivered,2025-07-03 15:52:30,2025-07-03 16:01:06.992631,2025-07-03 16:35:05.532121,2025-07-03 16:33:40.200,41.169999999999995,33.97565816666666,39,4,osrm
688,delivered,2025-07-03 15:57:24,2025-07-03 16:06:32.810978,2025-07-03 16:13:32.500000,2025-07-03 16:21:01.500,23.625,6.994817033333334,28,4,osrm
689,delivered,2025-07-03 15:57:41,2025-07-03 16:12:10.716103,2025-07-03 16:14:50.400000,2025-07-03 16:23:56.600,26.259999999999998,2.6613982833333334,26,3,osrm
690,delivered,2025-07-03 15:57:55,2025-07-03 16:17:14.694123,2025-07-03 16:38:48.183668,2025-07-03 16:39:11.600,41.276666666666664,21.558159083333333,37,3,osrm
691,delivered,2025-07-03 15:58:32,2025-07-03 16:05:49.966277,2025-07-03 16:35:18.966969,2025-07-03 16:34:28.900,35.94833333333334,29.483344866666666,10,4,osrm
692,delivered,2025-07-03 15:58:53,2025-07-03 16:06:28.156883,2025-07-03 16:06:28.156883,2025-07-03 16:07:48.600,8.926666666666668,0.0,10,3,osrm
693,delivered,2025-07-03 15:59:51,2025-07-03 16:08:33.368552,2025-07-03 16:08:38.000000,2025-07-03 16:11:18.300,11.455,0.07719079999999999,23,1,osrm
694,delivered,2025-07-03 15:59:09,2025-07-03 16:07:54.179268,2025-07-03 16:35:05.532121,2025-07-03 16:33:40.200,34.519999999999996,27.189214216666667,39,4,osrm
695,delivered,2025-07-03 15:59:50,2025-07-03 16:15:22.856975,2025-07-03 16:40:21.635305,2025-07-03 16:48:15.300,48.42166666666667,24.979638833333336,6,4,osrm
696,delivered,2025-07-03 16:00:10,2025-07-03 16:09:03.002803,2025-07-03 16:14:40.000000,2025-07-03 16:16:35.400,16.423333333333332,5.6166199500000005,9,1,osrm
697,delivered,2025-07-03 16:00:06,2025-07-03 16:18:56.427644,2025-07-03 16:46:12.644067,2025-07-03 16:38:52.700,38.77833333333333,27.27027371666667,36,3,osrm
698,delivered,2025-07-03 16:01:11,2025-07-03 16:14:36.767564,2025-07-03 16:39:07.400000,2025-07-03 16:45:47.600,44.61,24.510540600000002,41,4,osrm
699,delivered,2025-07-03 16:02:35,2025-07-03 16:17:43.298859,2025-07-03 16:19:23.400000,2025-07-03 16:28:13.700,25.645,1.66835235,7,3,osrm
700,delivered,2025-07-03 16:02:02,2025-07-03 16:15:58.653590,2025-07-03 16:39:07.400000,2025-07-03 16:45:47.600,43.76,23.1457735,41,4,osrm
701,delivered,2025-07-03 16:03:41,2025-07-03 16:12:31.842516,2025-07-03 16:37:29.253040,2025-07-03 16:37:02.000,33.35,24.956842066666663,16,4,osrm
702,delivered,2025-07-03 16:03:38,2025-07-03 16:11:21.973044,2025-07-03 16:50:10.059553,2025-07-03 17:02:28.700,58.845,38.80144181666667,20,4,osrm
703,delivered,2025-07-03 16:03:27,2025-07-03 16:18:22.490318,2025-07-03 16:43:44.648792,2025-07-03 16:43:12.000,39.75,25.369307900000003,18,3,osrm
704,delivered,2025-07-03 16:04:01,2025-07-03 16:19:47.248976,2025-07-03 16:25:02.700000,2025-07-03 16:31:40.500,27.658333333333335,5.257517066666667,30,2,osrm
705,delivered,2025-07-03 16:05:16,2025-07-03 16:18:37.351649,2025-07-03 16:23:57.800000,2025-07-03 16:31:10.600,25.91,5.34080585,40,3,osrm
706,delivered,2025-07-03 16:06:33,2025-07-03 16:18:35.666338,2025-07-03 16:21:37.500000,2025-07-03 16:29:16.700,22.728333333333335,3.0305610333333335,17,3,osrm
707,delivered,2025-07-03 16:08:09,2025-07-03 16:20:29.646760,2025-07-03 16:37:29.253040,2025-07-03 16:37:02.000,28.883333333333333,16.993438,16,4,osrm
708,delivered,2025-07-03 16:08:36,2025-07-03 16:21:19.494146,2025-07-03 16:21:37.500000,2025-07-03 16:29:16.700,20.678333333333335,0.30009756666666665,17,3,osrm
709,delivered,2025-07-03 16:11:45,2025-07-03 16:19:37.321429,2025-07-03 16:27:46.300000,2025-07-03 16:30:00.000,18.25,8.14964285,35,1,osrm
710,delivered,2025-07-03 16:11:46,2025-07-03 16:23:59.831900,2025-07-03 16:38:33.400000,2025-07-03 16:41:10.500,29.408333333333335,14.559468333333333,33,1,osrm
711,delivered,2025-07-03 16:11:01,2025-07-03 16:23:03.969345,2025-07-03 16:51:57.690231,2025-07-03 16:57:35.300,46.57166666666667,28.8953481,14,4,osrm
712,delivered,2025-07-03 16:12:28,2025-07-03 16:19:01.197868,2025-07-03 16:45:46.255897,2025-07-03 16:50:55.100,38.45166666666667,26.75096715,30,3,osrm
713,delivered,2025-07-03 16:12:31,2025-07-03 16:17:31.000000,2025-07-03 16:51:57.690231,2025-07-03 16:57:35.300,45.07166666666667,34.444837183333334,14,4,osrm
714,delivered,2025-07-03 16:13:18,2025-07-03 16:24:32.541301,2025-07-03 16:51:57.690231,2025-07-03 16:57:35.300,44.288333333333334,27.419148833333335,14,4,osrm
715,delivered,2025-07-03 16:13:59,2025-07-03 16:19:41.988494,2025-07-03 16:23:57.800000,2025-07-03 16:31:10.600,17.19333333333333,4.2635251,40,3,osrm
716,delivered,2025-07-03 16:13:21,2025-07-03 16:18:21.000000,2025-07-03 16:53:04.476403,2025-07-03 16:57:13.200,43.87,34.72460671666667,2,4,osrm
717,delivered,2025-07-03 16:13:43,2025-07-03 16:20:23.493413,2025-07-03 16:40:31.437193,2025-07-03 16:39:45.600,26.043333333333333,20.132396333333336,22,4,osrm
718,delivered,2025-07-03 16:13:39,2025-07-03 16:26:15.668172,2025-07-03 16:40:37.728208,2025-07-03 16:40:10.200,26.52,14.367667266666666,34,4,osrm
719,delivered,2025-07-03 16:16:09,2025-07-03 16:28:01.532709,2025-07-03 16:38:49.700000,2025-07-03 16:42:30.500,26.358333333333334,10.802788183333332,13,3,osrm
720,delivered,2025-07-03 16:17:03,2025-07-03 16:29:18.457702,2025-07-03 16:39:13.200000,2025-07-03 16:40:24.600,23.36,9.912371633333333,35,1,osrm
721,delivered,2025-07-03 16:17:50,2025-07-03 16:35:05.882035,2025-07-03 17:05:49.037001,2025-07-03 17:12:55.000,55.083333333333336,30.719249433333335,10,4,osrm
722,delivered,2025-07-03 16:18:15,2025-07-03 16:31:52.694570,2025-07-03 16:39:07.400000,2025-07-03 16:45:47.600,27.543333333333333,7.2450905,41,4,osrm
723,delivered,2025-07-03 16:18:39,2025-07-03 16:35:26.630099,2025-07-03 16:40:21.635305,2025-07-03 16:48:15.300,29.605,4.916753433333333,6,4,osrm
724,delivered,2025-07-03 16:18:25,2025-07-03 16:31:01.292043,2025-07-03 16:36:22.573264,2025-07-03 16:37:30.100,19.084999999999997,5.354687016666667,14,4,osrm
725,delivered,2025-07-03 16:19:46,2025-07-03 16:35:05.532121,2025-07-03 16:35:05.532121,2025-07-03 16:33:40.200,13.903333333333334,0.0,39,4,osrm
726,delivered,2025-07-03 16:19:30,2025-07-03 16:36:22.573264,2025-07-03 16:50:50.431770,2025-07-03 16:56:53.900,37.39833333333333,14.464308433333334,3,4,osrm
727,delivered,2025-07-03 16:19:16,2025-07-03 16:37:26.418370,2025-07-03 16:40:21.635305,2025-07-03 16:48:15.300,28.988333333333333,2.92028225,6,4,osrm
728,delivered,2025-07-03 16:20:11,2025-07-03 16:31:31.058609,2025-07-03 16:53:00.578324,2025-07-03 16:59:01.300,38.83833333333334,21.49199525,37,4,osrm
729,delivered,2025-07-03 16:21:56,2025-07-03 16:30:12.871491,2025-07-03 16:50:50.431770,2025-07-03 16:56:53.900,34.965,20.626004650000002,3,4,osrm
730,delivered,2025-07-03 16:21:40,2025-07-03 16:33:51.368750,2025-07-03 16:39:07.400000,2025-07-03 16:45:47.600,24.126666666666665,5.2671875,41,4,osrm
731,delivered,2025-07-03 16:22:40,2025-07-03 16:38:52.963372,2025-07-03 17:03:17.400000,2025-07-03 17:09:28.000,46.8,24.40727713333333,24,4,osrm
732,delivered,2025-07-03 16:22:34,2025-07-03 16:39:28.267564,2025-07-03 17:13:00.410405,2025-07-03 17:17:09.200,54.586666666666666,33.53571401666667,6,4,osrm
733,delivered,2025-07-03 16:23:14,2025-07-03 16:35:38.247156,2025-07-03 17:02:35.039040,2025-07-03 17:07:54.100,44.66833333333333,26.9465314,28,3,osrm
734,delivered,2025-07-03 16:23:14,2025-07-03 16:36:23.862318,2025-07-03 17:27:14.400254,2025-07-03 17:31:10.800,67.94666666666667,50.84229893333334,18,3,osrm
735,delivered,2025-07-03 16:24:20,2025-07-03 16:41:17.012451,2025-07-03 17:20:50.062988,2025-07-03 17:25:33.400,61.223333333333336,39.55084228333333,20,4,osrm
736,delivered,2025-07-03 16:24:56,2025-07-03 16:37:29.253040,2025-07-03 16:37:29.253040,2025-07-03 16:37:02.000,12.1,0.0,16,4,osrm
737,delivered,2025-07-03 16:24:10,2025-07-03 16:38:16.163005,2025-07-03 16:40:11.700000,2025-07-03 16:43:34.700,19.41166666666667,1.9256165833333334,29,1,osrm
738,delivered,2025-07-03 16:24:27,2025-07-03 16:39:20.129356,2025-07-03 17:24:22.477955,2025-07-03 17:27:29.000,63.03333333333333,45.03914331666667,11,4,osrm
739,delivered,2025-07-03 16:24:00,2025-07-03 16:35:18.966969,2025-07-03 16:40:31.437193,2025-07-03 16:45:35.300,21.58833333333333,5.2078370666666665,32,3,osrm
740,delivered,2025-07-03 16:24:07,2025-07-03 16:33:28.500187,2025-07-03 16:38:49.700000,2025-07-03 16:42:30.500,18.391666666666666,5.3533302166666665,13,3,osrm
741,delivered,2025-07-03 16:24:04,2025-07-03 16:43:44.648792,2025-07-03 16:43:44.648792,2025-07-03 16:43:12.000,19.133333333333333,0.0,18,3,osrm
742,delivered,2025-07-03 16:25:45,2025-07-03 16:35:56.203317,2025-07-03 16:53:04.476403,2025-07-03 16:57:13.200,31.470000000000002,17.137884766666666,2,4,osrm
743,delivered,2025-07-03 16:26:09,2025-07-03 16:34:50.612517,2025-07-03 17:13:00.410405,2025-07-03 17:17:09.200,51.00333333333333,38.163298133333335,6,4,osrm
744,delivered,2025-07-03 16:26:11,2025-07-03 16:37:23.126747,2025-07-03 16:46:12.644067,2025-07-03 16:38:52.700,12.695,8.825288666666667,36,3,osrm
745,delivered,2025-07-03 16:27:52,2025-07-03 16:40:21.635305,2025-07-03 16:40:21.635305,2025-07-03 16:48:15.300,20.388333333333332,0.0,6,4,osrm
746,delivered,2025-07-03 16:27:43,2025-07-03 16:40:37.728208,2025-07-03 16:40:37.728208,2025-07-03 16:40:10.200,12.453333333333335,0.0,34,4,osrm
747,delivered,2025-07-03 16:28:36,2025-07-03 16:39:35.347216,2025-07-03 16:53:04.476403,2025-07-03 16:57:13.200,28.62,13.48548645,2,4,osrm
748,delivered,2025-07-03 16:28:54,2025-07-03 16:42:27.476622,2025-07-03 16:50:10.059553,2025-07-03 17:02:28.700,33.57833333333333,7.709715516666666,20,4,osrm
749,delivered,2025-07-03 16:28:26,2025-07-03 16:45:46.255897,2025-07-03 16:45:46.255897,2025-07-03 16:50:55.100,22.485,0.0,30,3,osrm
750,delivered,2025-07-03 16:29:33,2025-07-03 16:40:31.437193,2025-07-03 16:45:46.255897,2025-07-03 16:50:55.100,21.368333333333332,5.246978400000001,30,3,osrm
751,delivered,2025-07-03 16:29:31,2025-07-03 16:41:39.100310,2025-07-03 16:43:44.648792,2025-07-03 16:43:12.000,13.683333333333334,2.0924747,18,3,osrm
752,delivered,2025-07-03 16:29:52,2025-07-03 16:46:12.644067,2025-07-03 16:46:12.644067,2025-07-03 16:38:52.700,9.011666666666667,0.0,36,3,osrm
753,delivered,2025-07-03 16:29:56,2025-07-03 16:38:48.183668,2025-07-03 16:38:48.183668,2025-07-03 16:39:11.600,9.26,0.0,37,3,osrm
754,delivered,2025-07-03 16:30:17,2025-07-03 16:38:34.072565,2025-07-03 17:03:03.100000,2025-07-03 17:10:18.300,40.02166666666667,24.483790583333334,29,4,osrm
755,delivered,2025-07-03 16:31:23,2025-07-03 16:41:13.187901,2025-07-03 17:01:37.691705,2025-07-03 17:07:58.000,36.583333333333336,20.408396733333333,21,4,osrm
756,delivered,2025-07-03 16:31:38,2025-07-03 16:43:17.114625,2025-07-03 17:21:07.582959,2025-07-03 17:30:37.200,58.986666666666665,37.841138900000004,24,4,osrm
757,delivered,2025-07-03 16:31:24,2025-07-03 16:46:11.704483,2025-07-03 16:50:50.431770,2025-07-03 16:56:53.900,25.498333333333335,4.645454783333333,3,4,osrm
758,delivered,2025-07-03 16:31:10,2025-07-03 16:38:03.890846,2025-07-03 16:53:00.578324,2025-07-03 16:59:01.300,27.855,14.9447913,37,4,osrm
759,delivered,2025-07-03 16:33:10,2025-07-03 16:43:04.131834,2025-07-03 17:14:55.328746,2025-07-03 17:20:06.000,46.93333333333333,31.85328186666667,31,4,osrm
760,delivered,2025-07-03 16:34:05,2025-07-03 16:42:36.349727,2025-07-03 18:17:51.381131,2025-07-03 18:31:41.700,117.61166666666666,95.2505234,33,4,osrm
761,delivered,2025-07-03 16:34:08,2025-07-03 16:41:10.582663,2025-07-03 17:37:37.709489,2025-07-03 17:42:57.700,68.82833333333333,56.45211376666667,33,4,osrm
762,delivered,2025-07-03 16:34:47,2025-07-03 16:42:45.842437,2025-07-03 17:21:30.000000,2025-07-03 17:32:26.900,57.665,38.73595938333334,12,4,osrm
763,delivered,2025-07-03 16:36:01,2025-07-03 16:50:20.942679,2025-07-03 17:04:43.144335,2025-07-03 17:09:00.600,32.99333333333333,14.370027599999998,16,3,osrm
764,delivered,2025-07-03 16:36:42,2025-07-03 16:49:00.824388,2025-07-03 17:29:36.086751,2025-07-03 17:36:56.800,60.24666666666667,40.587706049999994,27,3,osrm
765,delivered,2025-07-03 16:36:33,2025-07-03 16:49:02.365225,2025-07-03 16:53:54.707817,2025-07-03 17:04:01.700,27.478333333333335,4.872376533333334,34,4,osrm
766,delivered,2025-07-03 16:36:55,2025-07-03 16:50:50.431770,2025-07-03 16:50:50.431770,2025-07-03 16:56:53.900,19.98166666666667,0.0,3,4,osrm
767,delivered,2025-07-03 16:36:34,2025-07-03 16:49:55.909951,2025-07-03 17:03:17.400000,2025-07-03 17:09:28.000,32.9,13.358167483333334,24,4,osrm
768,delivered,2025-07-03 16:36:55,2025-07-03 16:50:15.269693,2025-07-03 17:05:49.037001,2025-07-03 17:12:55.000,36.0,15.562788466666666,10,4,osrm
769,delivered,2025-07-03 16:37:31,2025-07-03 16:55:28.440880,2025-07-03 17:20:50.062988,2025-07-03 17:25:33.400,48.04,25.360368466666667,20,4,osrm
770,delivered,2025-07-03 16:37:52,2025-07-03 16:51:57.690231,2025-07-03 16:51:57.690231,2025-07-03 16:57:35.300,19.721666666666668,0.0,14,4,osrm
771,delivered,2025-07-03 16:37:44,2025-07-03 16:42:44.000000,2025-07-03 17:21:28.331737,2025-07-03 17:15:02.100,37.30166666666666,38.73886228333333,2,4,osrm
772,delivered,2025-07-03 16:38:37,2025-07-03 16:52:23.813762,2025-07-03 18:08:06.000000,2025-07-03 18:19:24.200,100.78666666666666,75.70310396666667,17,4,osrm
773,delivered,2025-07-03 16:38:08,2025-07-03 16:53:09.757969,2025-07-03 17:31:00.886427,2025-07-03 17:38:53.000,60.75,37.85214096666667,31,4,osrm
774,delivered,2025-07-03 16:39:33,2025-07-03 16:53:06.263258,2025-07-03 17:26:17.957584,2025-07-03 17:31:43.800,52.18,33.19490543333333,39,4,osrm
775,delivered,2025-07-03 16:39:34,2025-07-03 16:49:41.212665,2025-07-03 17:03:03.100000,2025-07-03 17:10:18.300,30.738333333333333,13.364788916666667,29,4,osrm
776,delivered,2025-07-03 16:39:14,2025-07-03 16:48:00.428311,2025-07-03 17:19:02.205791,2025-07-03 17:24:31.500,45.291666666666664,31.029624666666667,33,4,osrm
777,delivered,2025-07-03 16:40:56,2025-07-03 16:53:04.476403,2025-07-03 16:53:04.476403,2025-07-03 16:57:13.200,16.28666666666667,0.0,2,4,osrm
778,delivered,2025-07-03 16:40:11,2025-07-03 16:54:18.525756,2025-07-03 17:19:57.392398,2025-07-03 17:28:25.100,48.235,25.647777366666666,16,4,osrm
779,delivered,2025-07-03 16:40:36,2025-07-03 16:55:19.467868,2025-07-03 17:26:43.395800,2025-07-03 17:35:32.600,54.943333333333335,31.398798866666667,38,4,osrm
780,delivered,2025-07-03 16:40:26,2025-07-03 16:46:39.610808,2025-07-03 17:05:26.379648,2025-07-03 17:13:57.300,33.52166666666667,18.779480666666664,1,4,osrm
781,delivered,2025-07-03 16:40:46,2025-07-03 16:53:49.030858,2025-07-03 17:06:38.439529,2025-07-03 17:18:04.200,37.30333333333333,12.82347785,8,4,osrm
782,delivered,2025-07-03 16:40:36,2025-07-03 16:56:36.587373,2025-07-03 17:21:28.331737,2025-07-03 17:23:42.200,43.10333333333333,24.862406066666665,25,4,osrm
783,delivered,2025-07-03 16:40:30,2025-07-03 16:54:54.676976,2025-07-03 17:19:02.205791,2025-07-03 17:24:31.500,44.025,24.12548025,33,4,osrm
784,delivered,2025-07-03 16:40:24,2025-07-03 17:00:23.048131,2025-07-03 17:08:02.518843,2025-07-03 17:14:31.500,34.125,7.6578452,17,4,osrm
785,delivered,2025-07-03 16:40:06,2025-07-03 16:49:54.817065,2025-07-03 17:15:29.931789,2025-07-03 17:25:19.900,45.23166666666667,25.5852454,13,4,osrm
786,delivered,2025-07-03 16:40:58,2025-07-03 16:49:10.060789,2025-07-03 17:13:15.503003,2025-07-03 17:16:34.200,35.60333333333333,24.090703566666665,32,4,osrm
787,delivered,2025-07-03 16:41:59,2025-07-03 16:56:45.148708,2025-07-03 18:11:17.600000,2025-07-03 18:20:04.300,98.08833333333334,74.54085486666666,13,2,osrm
788,delivered,2025-07-03 16:41:49,2025-07-03 16:58:32.078563,2025-07-03 17:37:37.709489,2025-07-03 17:42:57.700,61.144999999999996,39.09384876666666,33,4,osrm
789,delivered,2025-07-03 16:41:20,2025-07-03 16:50:10.059553,2025-07-03 17:07:10.466105,2025-07-03 17:13:16.600,31.94333333333333,17.00677586666667,18,4,osrm
790,delivered,2025-07-03 16:41:37,2025-07-03 16:53:45.894632,2025-07-03 17:03:03.100000,2025-07-03 17:10:18.300,28.688333333333333,9.286756133333334,29,4,osrm
791,delivered,2025-07-03 16:41:10,2025-07-03 16:53:54.833596,2025-07-03 17:13:03.328983,2025-07-03 17:14:39.300,33.48833333333333,19.141589783333334,9,3,osrm
792,delivered,2025-07-03 16:42:24,2025-07-03 16:55:42.976550,2025-07-03 17:04:43.144335,2025-07-03 17:09:00.600,26.61,9.002796416666666,16,3,osrm
793,delivered,2025-07-03 16:42:34,2025-07-03 16:58:30.413311,2025-07-03 17:16:58.609954,2025-07-03 17:16:04.500,33.50833333333333,18.46994405,37,3,osrm
794,delivered,2025-07-03 16:42:03,2025-07-03 17:01:24.121309,2025-07-03 17:01:24.121309,2025-07-03 17:08:46.100,26.71833333333333,0.0,5,4,osrm
795,delivered,2025-07-03 16:42:07,2025-07-03 16:52:19.647885,2025-07-03 16:58:11.980265,2025-07-03 17:05:44.100,23.618333333333332,5.872206333333334,33,4,osrm
796,delivered,2025-07-03 16:42:53,2025-07-03 16:53:54.707817,2025-07-03 16:58:11.980265,2025-07-03 17:05:44.100,22.851666666666667,4.287874133333333,33,4,osrm
797,delivered,2025-07-03 16:43:22,2025-07-03 16:50:40.322746,2025-07-03 17:02:35.039040,2025-07-03 17:07:54.100,24.535,11.911938233333332,28,3,osrm
798,delivered,2025-07-03 16:43:46,2025-07-03 16:58:11.980265,2025-07-03 16:58:11.980265,2025-07-03 17:05:44.100,21.96833333333333,0.0,33,4,osrm
799,delivered,2025-07-03 16:44:32,2025-07-03 16:53:00.578324,2025-07-03 16:53:00.578324,2025-07-03 16:59:01.300,14.488333333333333,0.0,37,4,osrm
800,delivered,2025-07-03 16:44:20,2025-07-03 16:56:43.714249,2025-07-03 17:20:03.266767,2025-07-03 17:22:50.400,38.50666666666667,23.3258753,41,3,osrm
801,delivered,2025-07-03 16:44:00,2025-07-03 16:57:26.827239,2025-07-03 17:05:26.379648,2025-07-03 17:13:57.300,29.955,7.99254015,1,4,osrm
802,delivered,2025-07-03 16:45:09,2025-07-03 17:01:18.561919,2025-07-03 17:26:17.957584,2025-07-03 17:31:43.800,46.580000000000005,24.98992775,39,4,osrm
803,delivered,2025-07-03 16:45:53,2025-07-03 16:57:43.287275,2025-07-03 17:17:00.553344,2025-07-03 17:22:36.500,36.725,19.287767816666666,30,4,osrm
804,delivered,2025-07-03 16:45:46,2025-07-03 16:56:14.769118,2025-07-03 17:17:01.453056,2025-07-03 17:23:07.000,37.35,20.77806563333333,26,4,osrm
805,delivered,2025-07-03 16:45:14,2025-07-03 16:55:14.176089,2025-07-03 17:45:10.819698,2025-07-03 17:53:57.800,68.73,49.944060150000006,18,4,osrm
806,delivered,2025-07-03 16:45:31,2025-07-03 17:00:34.964146,2025-07-03 17:05:26.379648,2025-07-03 17:13:57.300,28.438333333333333,4.856925033333334,1,4,osrm
807,delivered,2025-07-03 16:45:34,2025-07-03 16:56:29.384016,2025-07-03 17:34:51.523779,2025-07-03 17:38:19.400,52.75666666666667,38.36899605,37,4,osrm
808,delivered,2025-07-03 16:45:41,2025-07-03 16:57:51.489542,2025-07-03 17:01:24.121309,2025-07-03 17:08:46.100,23.084999999999997,3.543862783333333,5,4,osrm
809,delivered,2025-07-03 16:46:40,2025-07-03 17:01:02.359042,2025-07-03 17:03:17.400000,2025-07-03 17:09:28.000,22.8,2.250682633333333,24,4,osrm
810,delivered,2025-07-03 16:46:38,2025-07-03 17:02:40.706797,2025-07-03 17:26:57.429757,2025-07-03 17:31:51.300,45.22166666666667,24.278716,10,3,osrm
811,delivered,2025-07-03 16:46:24,2025-07-03 17:02:00.186658,2025-07-03 17:39:04.150097,2025-07-03 17:39:25.500,53.025,37.066057316666665,26,4,osrm
812,delivered,2025-07-03 16:47:38,2025-07-03 16:55:14.528957,2025-07-03 17:16:58.609954,2025-07-03 17:16:04.500,28.441666666666666,21.734683283333332,37,3,osrm
813,delivered,2025-07-03 16:47:54,2025-07-03 16:56:29.990729,2025-07-03 16:56:29.990729,2025-07-03 17:03:13.800,15.33,0.0,39,4,osrm
814,delivered,2025-07-03 16:48:07,2025-07-03 17:01:13.875929,2025-07-03 17:31:00.886427,2025-07-03 17:38:53.000,50.766666666666666,29.7835083,31,4,osrm
815,delivered,2025-07-03 16:48:46,2025-07-03 17:02:33.503585,2025-07-03 17:19:02.205791,2025-07-03 17:24:31.500,35.75833333333333,16.4783701,33,4,osrm
816,delivered,2025-07-03 16:48:25,2025-07-03 17:01:16.317110,2025-07-03 17:21:30.000000,2025-07-03 17:32:26.900,44.031666666666666,20.228048166666667,12,4,osrm
817,delivered,2025-07-03 16:48:39,2025-07-03 17:04:43.144335,2025-07-03 17:04:43.144335,2025-07-03 17:09:00.600,20.36,0.0,16,3,osrm
818,delivered,2025-07-03 16:49:28,2025-07-03 17:06:15.937332,2025-07-03 17:54:33.300000,2025-07-03 18:02:48.900,73.34833333333333,48.289377800000004,24,4,osrm
819,delivered,2025-07-03 16:50:35,2025-07-03 17:02:20.851282,2025-07-03 17:19:57.392398,2025-07-03 17:28:25.100,37.835,17.609018600000002,16,4,osrm
820,delivered,2025-07-03 16:51:38,2025-07-03 17:04:11.643598,2025-07-03 17:20:50.062988,2025-07-03 17:25:33.400,33.92333333333333,16.64032316666667,20,4,osrm
821,delivered,2025-07-03 16:51:47,2025-07-03 17:07:10.466105,2025-07-03 17:22:04.536658,2025-07-03 17:29:51.400,38.07333333333334,14.901175883333334,29,4,osrm
822,delivered,2025-07-03 16:52:27,2025-07-03 17:07:09.479723,2025-07-03 17:39:04.150097,2025-07-03 17:39:25.500,46.975,31.9111729,26,4,osrm
823,delivered,2025-07-03 16:52:05,2025-07-03 17:00:57.313830,2025-07-03 17:21:28.331737,2025-07-03 17:23:42.200,31.62,20.516965116666665,25,4,osrm
824,delivered,2025-07-03 16:52:02,2025-07-03 16:59:59.860906,2025-07-03 17:13:03.328983,2025-07-03 17:14:39.300,22.621666666666666,13.057801283333333,9,3,osrm
825,delivered,2025-07-03 16:53:52,2025-07-03 17:00:22.025307,2025-07-03 17:03:17.400000,2025-07-03 17:09:28.000,15.6,2.9229115500000002,24,4,osrm
826,delivered,2025-07-03 16:53:52,2025-07-03 17:05:49.037001,2025-07-03 17:05:49.037001,2025-07-03 17:12:55.000,19.05,0.0,10,4,osrm
827,delivered,2025-07-03 16:53:19,2025-07-03 17:03:27.861820,2025-07-03 17:14:55.328746,2025-07-03 17:20:06.000,26.783333333333335,11.4577821,31,4,osrm
828,delivered,2025-07-03 16:53:55,2025-07-03 17:03:47.041818,2025-07-03 17:31:04.373583,2025-07-03 17:38:30.700,44.595,27.28886275,23,4,osrm
829,delivered,2025-07-03 16:54:02,2025-07-03 17:01:13.912085,2025-07-03 17:22:04.536658,2025-07-03 17:29:51.400,35.82333333333334,20.843742883333334,29,4,osrm
830,delivered,2025-07-03 16:54:50,2025-07-03 17:06:38.439529,2025-07-03 17:06:38.439529,2025-07-03 17:18:04.200,23.236666666666668,0.0,8,4,osrm
831,delivered,2025-07-03 16:54:21,2025-07-03 17:01:37.691705,2025-07-03 17:05:49.037001,2025-07-03 17:12:55.000,18.566666666666666,4.1890882666666664,10,4,osrm
832,delivered,2025-07-03 16:54:15,2025-07-03 17:02:35.039040,2025-07-03 17:02:35.039040,2025-07-03 17:07:54.100,13.651666666666667,0.0,28,3,osrm
833,delivered,2025-07-03 16:55:20,2025-07-03 17:06:11.281698,2025-07-03 17:53:54.400000,2025-07-03 18:03:34.300,68.23833333333333,47.71863836666667,22,3,osrm
834,delivered,2025-07-03 16:55:47,2025-07-03 17:09:10.893130,2025-07-03 17:21:07.582959,2025-07-03 17:30:37.200,34.836666666666666,11.944830483333334,24,4,osrm
835,delivered,2025-07-03 16:55:59,2025-07-03 17:08:02.518843,2025-07-03 17:22:04.536658,2025-07-03 17:29:51.400,33.873333333333335,14.03363025,29,4,osrm
836,delivered,2025-07-03 16:55:11,2025-07-03 17:09:15.857968,2025-07-03 17:48:35.200000,2025-07-03 17:57:26.900,62.265,39.3223672,13,4,osrm
837,delivered,2025-07-03 16:56:17,2025-07-03 17:08:01.804193,2025-07-03 17:20:03.266767,2025-07-03 17:22:50.400,26.55666666666667,12.024376233333333,41,3,osrm
838,delivered,2025-07-03 16:56:13,2025-07-03 17:06:51.639178,2025-07-03 17:35:16.730008,2025-07-03 17:42:35.600,46.376666666666665,28.418180500000002,30,2,osrm
839,delivered,2025-07-03 16:56:20,2025-07-03 17:07:16.442866,2025-07-03 17:53:58.000000,2025-07-03 17:57:44.200,61.40333333333333,46.6926189,2,2,osrm
840,delivered,2025-07-03 16:56:16,2025-07-03 17:05:26.379648,2025-07-03 17:05:26.379648,2025-07-03 17:13:57.300,17.688333333333333,0.0,1,4,osrm
841,delivered,2025-07-03 16:56:49,2025-07-03 17:08:50.983935,2025-07-03 17:34:51.523779,2025-07-03 17:38:19.400,41.50666666666667,26.0089974,37,4,osrm
842,delivered,2025-07-03 16:58:52,2025-07-03 17:14:26.280235,2025-07-03 17:51:34.568640,2025-07-03 17:56:31.000,57.65,37.13814008333333,32,4,osrm
843,delivered,2025-07-03 16:58:48,2025-07-03 17:13:00.410405,2025-07-03 17:13:00.410405,2025-07-03 17:17:09.200,18.353333333333335,0.0,6,4,osrm
844,delivered,2025-07-03 16:58:54,2025-07-03 17:13:03.044114,2025-07-03 17:52:38.066249,2025-07-03 17:53:49.400,54.92333333333333,39.58370225,41,4,osrm
845,delivered,2025-07-03 16:58:27,2025-07-03 17:11:32.502086,2025-07-03 17:17:01.453056,2025-07-03 17:23:07.000,24.666666666666668,5.482516166666667,26,4,osrm
846,delivered,2025-07-03 16:59:47,2025-07-03 17:12:25.342592,2025-07-03 17:53:54.400000,2025-07-03 18:03:34.300,63.788333333333334,41.48429013333334,22,3,osrm
847,delivered,2025-07-03 16:59:52,2025-07-03 17:12:06.574520,2025-07-03 18:08:31.000000,2025-07-03 18:21:39.800,81.79666666666667,56.407091333333334,20,3,osrm
848,delivered,2025-07-03 16:59:26,2025-07-03 17:08:04.677994,2025-07-03 17:48:41.000000,2025-07-03 17:53:24.300,53.97166666666667,40.60536676666666,31,2,osrm
849,delivered,2025-07-03 16:59:00,2025-07-03 17:07:30.389342,2025-07-03 18:05:27.242421,2025-07-03 18:07:40.300,68.67166666666667,57.94755131666667,5,4,osrm
850,delivered,2025-07-03 16:59:49,2025-07-03 17:08:51.236651,2025-07-03 17:30:14.832379,2025-07-03 17:39:44.000,39.916666666666664,21.393262133333334,32,4,osrm
851,delivered,2025-07-03 17:00:43,2025-07-03 17:15:29.931789,2025-07-03 17:26:43.395800,2025-07-03 17:35:32.600,34.82666666666667,11.224400183333334,38,4,osrm
852,delivered,2025-07-03 17:01:52,2025-07-03 17:11:52.410542,2025-07-03 18:17:51.381131,2025-07-03 18:21:16.600,79.41000000000001,65.98284315,15,4,osrm
853,delivered,2025-07-03 17:01:04,2025-07-03 17:14:55.328746,2025-07-03 17:24:22.477955,2025-07-03 17:27:29.000,26.416666666666668,9.452486816666667,11,4,osrm
854,delivered,2025-07-03 17:01:58,2025-07-03 17:10:24.921212,2025-07-03 17:50:30.200000,2025-07-03 17:59:11.300,57.22166666666667,40.0879798,37,4,osrm
855,delivered,2025-07-03 17:02:10,2025-07-03 17:13:15.503003,2025-07-03 17:23:43.000000,2025-07-03 17:27:22.500,25.208333333333332,10.458283283333333,1,4,osrm
856,delivered,2025-07-03 17:02:41,2025-07-03 17:11:38.369942,2025-07-03 17:39:36.379212,2025-07-03 17:45:21.800,42.68,27.966821166666666,36,4,osrm
857,delivered,2025-07-03 17:02:57,2025-07-03 17:16:58.609954,2025-07-03 17:16:58.609954,2025-07-03 17:16:04.500,13.125,0.0,37,3,osrm
858,delivered,2025-07-03 17:02:55,2025-07-03 17:20:50.062988,2025-07-03 17:26:43.395800,2025-07-03 17:35:32.600,32.626666666666665,5.8888802,38,4,osrm
859,delivered,2025-07-03 17:02:59,2025-07-03 17:11:08.933828,2025-07-03 17:45:30.200000,2025-07-03 17:49:21.200,46.37,34.3544362,4,4,osrm
860,delivered,2025-07-03 17:02:56,2025-07-03 17:15:45.259830,2025-07-03 17:52:38.066249,2025-07-03 17:53:49.400,50.89,36.880106983333334,41,4,osrm
861,delivered,2025-07-03 17:03:38,2025-07-03 17:13:03.328983,2025-07-03 17:13:03.328983,2025-07-03 17:14:39.300,11.021666666666667,0.0,9,3,osrm
862,delivered,2025-07-03 17:04:40,2025-07-03 17:18:46.002537,2025-07-03 17:37:39.487336,2025-07-03 17:39:25.000,34.75,18.891413316666668,19,4,osrm
863,delivered,2025-07-03 17:04:26,2025-07-03 17:21:28.331737,2025-07-03 17:21:28.331737,2025-07-03 17:23:42.200,19.27,0.0,25,4,osrm
864,delivered,2025-07-03 17:05:25,2025-07-03 17:15:46.263703,2025-07-03 17:29:58.265137,2025-07-03 17:33:07.300,27.705,14.2000239,8,4,osrm
865,delivered,2025-07-03 17:05:52,2025-07-03 17:20:52.128498,2025-07-03 17:31:00.886427,2025-07-03 17:34:15.000,28.383333333333333,10.145965483333333,17,4,osrm
866,delivered,2025-07-03 17:05:24,2025-07-03 17:17:00.553344,2025-07-03 17:29:58.265137,2025-07-03 17:33:07.300,27.721666666666668,12.961863216666666,8,4,osrm
867,delivered,2025-07-03 17:06:24,2025-07-03 17:16:09.450882,2025-07-03 17:21:30.000000,2025-07-03 17:32:26.900,26.048333333333336,5.342485300000001,12,4,osrm
868,delivered,2025-07-03 17:06:14,2025-07-03 17:17:01.453056,2025-07-03 17:26:17.957584,2025-07-03 17:31:43.800,25.496666666666666,9.275075466666667,39,4,osrm
869,delivered,2025-07-03 17:06:33,2025-07-03 17:22:04.536658,2025-07-03 17:29:58.265137,2025-07-03 17:33:07.300,26.571666666666665,7.89547465,8,4,osrm
870,delivered,2025-07-03 17:07:56,2025-07-03 17:21:13.014521,2025-07-03 17:21:30.000000,2025-07-03 17:32:26.900,24.515,0.2830913166666667,12,4,osrm
871,delivered,2025-07-03 17:07:06,2025-07-03 17:18:51.631630,2025-07-03 17:33:03.252731,2025-07-03 17:34:59.500,27.891666666666666,14.193685016666667,28,4,osrm
872,delivered,2025-07-03 17:08:38,2025-07-03 17:20:07.129578,2025-07-03 17:54:29.970704,2025-07-03 17:58:09.500,49.525,34.38068543333333,38,4,osrm
873,delivered,2025-07-03 17:09:31,2025-07-03 17:19:37.938157,2025-07-03 17:37:39.487336,2025-07-03 17:39:25.000,29.9,18.025819650000003,19,4,osrm
874,delivered,2025-07-03 17:09:43,2025-07-03 17:23:42.827829,2025-07-03 18:14:41.600000,2025-07-03 18:18:03.100,68.33500000000001,50.97953618333334,30,1,osrm
875,delivered,2025-07-03 17:09:08,2025-07-03 17:27:43.124945,2025-07-03 18:17:51.381131,2025-07-03 18:31:41.700,82.56166666666667,50.1376031,33,4,osrm
876,delivered,2025-07-03 17:09:04,2025-07-03 17:20:34.390473,2025-07-03 17:53:58.000000,2025-07-03 17:57:44.200,48.669999999999995,33.39349211666667,2,2,osrm
877,delivered,2025-07-03 17:09:19,2025-07-03 17:18:09.858630,2025-07-03 17:26:57.429757,2025-07-03 17:31:51.300,22.538333333333334,8.792852116666667,10,3,osrm
878,delivered,2025-07-03 17:09:32,2025-07-03 17:22:43.225275,2025-07-03 17:27:14.400254,2025-07-03 17:31:10.800,21.646666666666665,4.519582983333334,18,3,osrm
879,delivered,2025-07-03 17:09:14,2025-07-03 17:22:53.399958,2025-07-03 17:22:53.399958,2025-07-03 17:27:46.200,18.53666666666667,0.0,35,4,osrm
880,delivered,2025-07-03 17:09:34,2025-07-03 17:24:53.425835,2025-07-03 17:39:36.379212,2025-07-03 17:45:21.800,35.79666666666667,14.715889616666667,36,4,osrm
881,delivered,2025-07-03 17:10:43,2025-07-03 17:19:02.205791,2025-07-03 17:19:02.205791,2025-07-03 17:24:31.500,13.808333333333334,0.0,33,4,osrm
882,delivered,2025-07-03 17:10:00,2025-07-03 17:22:55.380211,2025-07-03 17:35:18.920458,2025-07-03 17:42:36.200,32.60333333333333,12.392337450000001,2,4,osrm
883,delivered,2025-07-03 17:10:38,2025-07-03 17:20:03.266767,2025-07-03 17:20:03.266767,2025-07-03 17:22:50.400,12.206666666666667,0.0,41,3,osrm
884,delivered,2025-07-03 17:11:21,2025-07-03 17:27:35.442762,2025-07-03 17:34:51.523779,2025-07-03 17:38:19.400,26.973333333333336,7.26801695,37,4,osrm
885,delivered,2025-07-03 17:11:50,2025-07-03 17:26:10.410270,2025-07-03 17:29:36.086751,2025-07-03 17:36:56.800,25.113333333333333,3.4279413499999998,27,3,osrm
886,delivered,2025-07-03 17:12:56,2025-07-03 17:24:22.477955,2025-07-03 17:35:18.920458,2025-07-03 17:42:36.200,29.67,10.940708383333334,2,4,osrm
887,delivered,2025-07-03 17:12:53,2025-07-03 17:21:10.721243,2025-07-03 17:50:30.200000,2025-07-03 17:59:11.300,46.305,29.32464595,37,4,osrm
888,delivered,2025-07-03 17:13:09,2025-07-03 17:31:00.886427,2025-07-03 17:31:00.886427,2025-07-03 17:38:53.000,25.733333333333334,0.0,31,4,osrm
889,delivered,2025-07-03 17:14:06,2025-07-03 17:25:40.187155,2025-07-03 18:14:06.100000,2025-07-03 18:23:31.900,69.43166666666666,48.43188075,9,4,osrm
890,delivered,2025-07-03 17:14:48,2025-07-03 17:29:36.086751,2025-07-03 17:29:36.086751,2025-07-03 17:36:56.800,22.146666666666665,0.0,27,3,osrm
891,delivered,2025-07-03 17:14:59,2025-07-03 17:21:07.582959,2025-07-03 17:21:07.582959,2025-07-03 17:30:37.200,15.636666666666667,0.0,24,4,osrm
892,delivered,2025-07-03 17:14:15,2025-07-03 17:26:40.886730,2025-07-03 17:37:39.487336,2025-07-03 17:39:25.000,25.166666666666668,10.976676766666666,19,4,osrm
893,delivered,2025-07-03 17:14:51,2025-07-03 17:29:15.311019,2025-07-03 17:53:32.400000,2025-07-03 17:57:35.700,42.745,24.284816350000003,8,1,osrm
894,delivered,2025-07-03 17:14:34,2025-07-03 17:19:57.392398,2025-07-03 17:31:00.886427,2025-07-03 17:38:53.000,24.316666666666666,11.058233816666666,31,4,osrm
895,delivered,2025-07-03 17:14:21,2025-07-03 17:27:12.805792,2025-07-03 17:53:44.500000,2025-07-03 17:57:07.200,42.769999999999996,26.5282368,17,1,osrm
896,delivered,2025-07-03 17:14:03,2025-07-03 17:29:58.265137,2025-07-03 17:29:58.265137,2025-07-03 17:33:07.300,19.071666666666665,0.0,8,4,osrm
897,delivered,2025-07-03 17:15:34,2025-07-03 17:23:04.484204,2025-07-03 18:05:27.242421,2025-07-03 18:07:40.300,52.105000000000004,42.37930361666667,5,4,osrm
898,delivered,2025-07-03 17:15:37,2025-07-03 17:27:14.400254,2025-07-03 17:27:14.400254,2025-07-03 17:31:10.800,15.563333333333333,0.0,18,3,osrm
899,delivered,2025-07-03 17:16:04,2025-07-03 17:27:01.123824,2025-07-03 17:27:01.123824,2025-07-03 17:34:25.000,18.35,0.0,7,4,osrm
900,delivered,2025-07-03 17:16:22,2025-07-03 17:26:27.435496,2025-07-03 17:51:14.800000,2025-07-03 17:56:59.000,40.61666666666667,24.7894084,26,2,osrm
901,delivered,2025-07-03 17:16:12,2025-07-03 17:26:17.957584,2025-07-03 17:26:17.957584,2025-07-03 17:31:43.800,15.53,0.0,39,4,osrm
902,delivered,2025-07-03 17:16:06,2025-07-03 17:25:21.957355,2025-07-03 17:53:11.700000,2025-07-03 18:04:44.500,48.641666666666666,27.829044083333333,39,4,osrm
903,delivered,2025-07-03 17:17:18,2025-07-03 17:26:57.429757,2025-07-03 17:26:57.429757,2025-07-03 17:31:51.300,14.555,0.0,10,3,osrm
904,delivered,2025-07-03 17:18:05,2025-07-03 17:29:53.688581,2025-07-03 18:23:11.200000,2025-07-03 18:30:44.700,72.66166666666666,53.29185698333333,4,2,osrm
905,delivered,2025-07-03 17:18:30,2025-07-03 17:30:44.348807,2025-07-03 17:31:00.886427,2025-07-03 17:34:15.000,15.75,0.275627,17,4,osrm
906,delivered,2025-07-03 17:18:48,2025-07-03 17:26:43.395800,2025-07-03 17:26:43.395800,2025-07-03 17:35:32.600,16.743333333333332,0.0,38,4,osrm
907,delivered,2025-07-03 17:20:05,2025-07-03 17:30:14.832379,2025-07-03 17:45:10.819698,2025-07-03 17:53:57.800,33.88,14.933121983333333,18,4,osrm
908,delivered,2025-07-03 17:20:45,2025-07-03 17:33:03.252731,2025-07-03 17:39:04.150097,2025-07-03 17:39:25.500,18.675,6.0149561,26,4,osrm
909,delivered,2025-07-03 17:21:59,2025-07-03 17:37:37.709489,2025-07-03 17:37:37.709489,2025-07-03 17:42:57.700,20.978333333333335,0.0,33,4,osrm
910,delivered,2025-07-03 17:21:11,2025-07-03 17:36:51.797876,2025-07-03 18:05:33.225489,2025-07-03 18:08:58.200,47.78666666666666,28.69046021666667,27,4,osrm
911,delivered,2025-07-03 17:22:54,2025-07-03 17:34:48.905430,2025-07-03 18:03:41.300000,2025-07-03 18:12:50.200,49.93666666666666,28.873242833333332,18,3,osrm
912,delivered,2025-07-03 17:22:58,2025-07-03 17:35:18.920458,2025-07-03 17:54:29.970704,2025-07-03 17:58:09.500,35.19166666666667,19.184170766666668,38,4,osrm
913,delivered,2025-07-03 17:23:23,2025-07-03 17:31:04.373583,2025-07-03 17:52:38.066249,2025-07-03 17:53:49.400,30.44,21.56154443333333,41,4,osrm
914,delivered,2025-07-03 17:23:03,2025-07-03 17:35:16.730008,2025-07-03 17:35:16.730008,2025-07-03 17:42:35.600,19.543333333333333,0.0,30,2,osrm
915,delivered,2025-07-03 17:23:49,2025-07-03 17:30:04.328633,2025-07-03 18:11:17.600000,2025-07-03 18:20:04.300,56.255,41.22118945,13,2,osrm
916,delivered,2025-07-03 17:24:02,2025-07-03 17:34:51.523779,2025-07-03 17:34:51.523779,2025-07-03 17:38:19.400,14.29,0.0,37,4,osrm
917,delivered,2025-07-03 17:25:30,2025-07-03 17:33:31.082966,2025-07-03 17:51:34.568640,2025-07-03 17:56:31.000,31.016666666666666,18.058094566666668,32,4,osrm
918,delivered,2025-07-03 17:25:19,2025-07-03 17:34:59.892498,2025-07-03 17:52:27.165153,2025-07-03 18:04:02.900,38.73166666666667,17.45454425,23,4,osrm
919,delivered,2025-07-03 17:25:14,2025-07-03 17:37:38.632481,2025-07-03 17:50:30.200000,2025-07-03 17:59:11.300,33.955,12.859458649999999,37,4,osrm
920,delivered,2025-07-03 17:26:27,2025-07-03 17:39:04.150097,2025-07-03 17:39:04.150097,2025-07-03 17:39:25.500,12.975,0.0,26,4,osrm
921,delivered,2025-07-03 17:26:32,2025-07-03 17:42:20.240236,2025-07-03 17:48:35.200000,2025-07-03 17:57:26.900,30.915000000000003,6.2493294,13,4,osrm
922,delivered,2025-07-03 17:27:08,2025-07-03 17:39:47.371495,2025-07-03 17:48:41.000000,2025-07-03 17:53:24.300,26.271666666666665,8.893808416666667,31,2,osrm
923,delivered,2025-07-03 17:27:08,2025-07-03 17:37:34.032338,2025-07-03 18:09:26.291973,2025-07-03 18:15:41.600,48.559999999999995,31.870993916666666,8,3,osrm
924,delivered,2025-07-03 17:27:57,2025-07-03 17:41:52.081027,2025-07-03 18:09:27.762296,2025-07-03 18:15:57.900,48.015,27.594687816666667,21,3,osrm
925,delivered,2025-07-03 17:27:38,2025-07-03 17:34:33.075028,2025-07-03 17:45:30.200000,2025-07-03 17:49:21.200,21.720000000000002,10.952082866666666,4,4,osrm
926,delivered,2025-07-03 17:27:42,2025-07-03 17:44:45.681136,2025-07-03 17:50:30.200000,2025-07-03 17:59:11.300,31.488333333333333,5.741981066666667,37,4,osrm
927,delivered,2025-07-03 17:28:50,2025-07-03 17:34:19.615150,2025-07-03 18:07:19.400000,2025-07-03 18:15:53.800,47.06333333333334,32.99641416666667,36,4,osrm
928,delivered,2025-07-03 17:29:11,2025-07-03 17:43:09.428386,2025-07-03 17:53:54.400000,2025-07-03 18:03:34.300,34.388333333333335,10.749526900000001,22,3,osrm
929,delivered,2025-07-03 17:29:02,2025-07-03 17:42:38.856076,2025-07-03 17:45:30.200000,2025-07-03 17:49:21.200,20.32,2.8557320666666666,4,4,osrm
930,delivered,2025-07-03 17:29:24,2025-07-03 17:39:36.379212,2025-07-03 17:51:14.800000,2025-07-03 17:56:59.000,27.583333333333332,11.640346466666667,26,2,osrm
931,delivered,2025-07-03 17:30:05,2025-07-03 17:40:42.014628,2025-07-03 18:17:07.164666,2025-07-03 18:14:31.600,44.443333333333335,36.419167300000005,37,4,osrm
932,delivered,2025-07-03 17:30:12,2025-07-03 17:37:39.487336,2025-07-03 17:37:39.487336,2025-07-03 17:39:25.000,9.216666666666667,0.0,19,4,osrm
933,delivered,2025-07-03 17:30:15,2025-07-03 17:42:32.401650,2025-07-03 17:45:30.200000,2025-07-03 17:49:21.200,19.103333333333335,2.9633058333333335,4,4,osrm
934,delivered,2025-07-03 17:30:08,2025-07-03 17:43:43.567940,2025-07-03 18:03:41.300000,2025-07-03 18:12:50.200,42.70333333333333,19.962201,18,3,osrm
935,delivered,2025-07-03 17:31:09,2025-07-03 17:41:28.464151,2025-07-03 18:13:54.986461,2025-07-03 18:20:45.600,49.61,32.4420385,32,3,osrm
936,delivered,2025-07-03 17:31:56,2025-07-03 17:45:10.819698,2025-07-03 17:53:11.700000,2025-07-03 18:04:44.500,32.80833333333333,8.0146717,39,4,osrm
937,delivered,2025-07-03 17:34:05,2025-07-03 17:48:06.476366,2025-07-03 17:54:29.970704,2025-07-03 17:58:09.500,24.075,6.391572300000001,38,4,osrm
938,delivered,2025-07-03 17:34:15,2025-07-03 17:43:53.623594,2025-07-03 18:13:52.000000,2025-07-03 18:18:16.300,44.02166666666667,29.972940100000002,23,4,osrm
939,delivered,2025-07-03 17:34:45,2025-07-03 17:49:16.635303,2025-07-03 18:27:09.250383,2025-07-03 18:28:04.200,53.32,37.876918,14,4,osrm
940,delivered,2025-07-03 17:35:12,2025-07-03 17:48:32.399555,2025-07-03 18:17:07.164666,2025-07-03 18:14:31.600,39.32666666666667,28.579418516666667,37,4,osrm
941,delivered,2025-07-03 17:36:14,2025-07-03 17:48:24.832273,2025-07-03 18:07:19.400000,2025-07-03 18:15:53.800,39.663333333333334,18.909462116666667,36,4,osrm
942,delivered,2025-07-03 17:37:18,2025-07-03 17:51:34.568640,2025-07-03 17:51:34.568640,2025-07-03 17:56:31.000,19.216666666666665,0.0,32,4,osrm
943,delivered,2025-07-03 17:39:44,2025-07-03 17:52:38.066249,2025-07-03 17:52:38.066249,2025-07-03 17:53:49.400,14.09,0.0,41,4,osrm
944,delivered,2025-07-03 17:39:53,2025-07-03 17:49:39.769589,2025-07-03 17:59:02.398233,2025-07-03 18:03:37.900,23.748333333333335,9.377144066666666,34,3,osrm
945,delivered,2025-07-03 17:39:17,2025-07-03 17:49:18.391876,2025-07-03 18:29:44.442174,2025-07-03 18:31:21.100,52.068333333333335,40.434171633333335,5,4,osrm
946,delivered,2025-07-03 17:39:49,2025-07-03 17:52:27.165153,2025-07-03 18:08:31.000000,2025-07-03 18:21:39.800,41.84666666666667,16.063914116666666,20,3,osrm
947,delivered,2025-07-03 17:40:26,2025-07-03 17:55:43.072257,2025-07-03 18:14:06.100000,2025-07-03 18:23:31.900,43.098333333333336,18.38379571666667,9,4,osrm
948,delivered,2025-07-03 17:40:43,2025-07-03 17:53:13.026533,2025-07-03 18:22:30.800000,2025-07-03 18:24:50.700,44.12833333333333,29.29622445,10,1,osrm
949,delivered,2025-07-03 17:40:44,2025-07-03 17:51:30.740862,2025-07-03 18:25:09.600000,2025-07-03 18:28:31.300,47.788333333333334,33.6476523,41,2,osrm
950,delivered,2025-07-03 17:40:28,2025-07-03 17:52:33.129476,2025-07-03 18:09:27.762296,2025-07-03 18:15:57.900,35.498333333333335,16.910547,21,3,osrm
951,delivered,2025-07-03 17:40:54,2025-07-03 17:49:19.751370,2025-07-03 18:07:19.400000,2025-07-03 18:15:53.800,34.99666666666667,17.994143833333332,36,4,osrm
952,delivered,2025-07-03 17:40:00,2025-07-03 17:55:23.703696,2025-07-03 18:07:19.400000,2025-07-03 18:15:53.800,35.89666666666667,11.928271733333334,36,4,osrm
953,delivered,2025-07-03 17:41:27,2025-07-03 17:57:38.940067,2025-07-03 18:14:57.700000,2025-07-03 18:18:13.900,36.781666666666666,17.312665550000002,19,1,osrm
954,delivered,2025-07-03 17:41:16,2025-07-03 17:58:13.468917,2025-07-03 18:08:06.000000,2025-07-03 18:19:24.200,38.13666666666666,9.87551805,17,4,osrm
955,delivered,2025-07-03 17:42:20,2025-07-03 17:56:56.786756,2025-07-03 18:13:11.700000,2025-07-03 18:20:07.500,37.791666666666664,16.248554066666667,29,4,osrm
956,delivered,2025-07-03 17:42:20,2025-07-03 17:52:15.164464,2025-07-03 18:13:52.000000,2025-07-03 18:18:16.300,35.93833333333334,21.6139256,23,4,osrm
957,delivered,2025-07-03 17:43:39,2025-07-03 17:55:12.080742,2025-07-03 18:03:41.300000,2025-07-03 18:12:50.200,29.186666666666667,8.486987633333333,18,3,osrm
958,delivered,2025-07-03 17:43:45,2025-07-03 17:54:29.970704,2025-07-03 17:54:29.970704,2025-07-03 17:58:09.500,14.408333333333333,0.0,38,4,osrm
959,delivered,2025-07-03 17:44:14,2025-07-03 17:57:27.501680,2025-07-03 18:13:11.700000,2025-07-03 18:20:07.500,35.891666666666666,15.736638666666666,29,4,osrm
960,delivered,2025-07-03 17:44:18,2025-07-03 18:00:16.045708,2025-07-03 18:13:54.986461,2025-07-03 18:20:45.600,36.46,13.64901255,32,3,osrm
961,delivered,2025-07-03 17:45:14,2025-07-03 17:50:14.000000,2025-07-03 18:17:51.381131,2025-07-03 18:21:16.600,36.04333333333333,27.62301885,15,4,osrm
962,delivered,2025-07-03 17:45:53,2025-07-03 17:59:02.398233,2025-07-03 18:05:27.242421,2025-07-03 18:07:40.300,21.788333333333334,6.414069799999999,5,4,osrm
963,delivered,2025-07-03 17:45:08,2025-07-03 17:57:48.581819,2025-07-03 18:17:51.381131,2025-07-03 18:31:41.700,46.56166666666666,20.0466552,33,4,osrm
964,delivered,2025-07-03 17:46:54,2025-07-03 17:59:40.034781,2025-07-03 18:14:06.100000,2025-07-03 18:23:31.900,36.63166666666667,14.434420316666666,9,4,osrm
965,delivered,2025-07-03 17:47:17,2025-07-03 18:01:12.023075,2025-07-03 18:14:08.022785,2025-07-03 18:16:36.000,29.316666666666666,12.9333285,26,4,osrm
966,delivered,2025-07-03 17:47:46,2025-07-03 17:57:05.477866,2025-07-03 18:05:33.225489,2025-07-03 18:08:58.200,21.203333333333333,8.462460383333333,27,4,osrm
967,delivered,2025-07-03 17:49:33,2025-07-03 18:04:17.242664,2025-07-03 18:45:07.112870,2025-07-03 18:46:04.000,56.516666666666666,40.8311701,30,4,osrm
968,delivered,2025-07-03 17:50:01,2025-07-03 18:02:54.257150,2025-07-03 18:09:26.291973,2025-07-03 18:15:41.600,25.676666666666666,6.5339137166666665,8,3,osrm
969,delivered,2025-07-03 17:52:37,2025-07-03 18:03:56.051630,2025-07-03 18:13:11.700000,2025-07-03 18:20:07.500,27.508333333333333,9.260806166666667,29,4,osrm
970,delivered,2025-07-03 17:53:28,2025-07-03 18:05:27.242421,2025-07-03 18:05:27.242421,2025-07-03 18:07:40.300,14.205,0.0,5,4,osrm
971,delivered,2025-07-03 17:54:55,2025-07-03 18:05:33.225489,2025-07-03 18:09:27.762296,2025-07-03 18:14:59.100,20.06833333333333,3.9089467833333336,38,3,osrm
972,delivered,2025-07-03 17:54:20,2025-07-03 18:06:31.813505,2025-07-03 18:29:23.758126,2025-07-03 18:36:27.200,42.12,22.865743683333335,36,3,osrm
973,delivered,2025-07-03 17:55:17,2025-07-03 18:08:57.164915,2025-07-03 18:38:46.519888,2025-07-03 18:39:59.900,44.715,29.822582883333332,34,3,osrm
974,delivered,2025-07-03 17:56:19,2025-07-03 18:04:24.970587,2025-07-03 18:41:46.000000,2025-07-03 18:45:52.400,49.556666666666665,37.35049021666667,14,2,osrm
975,delivered,2025-07-03 17:56:44,2025-07-03 18:07:37.752549,2025-07-03 18:48:58.238296,2025-07-03 18:48:31.900,51.79833333333333,41.34142911666667,13,4,osrm
976,delivered,2025-07-03 17:57:04,2025-07-03 18:07:35.883233,2025-07-03 18:14:06.100000,2025-07-03 18:23:31.900,26.465,6.503612783333334,9,4,osrm
977,delivered,2025-07-03 17:57:37,2025-07-03 18:09:26.291973,2025-07-03 18:09:26.291973,2025-07-03 18:15:41.600,18.076666666666664,0.0,8,3,osrm
978,delivered,2025-07-03 17:58:23,2025-07-03 18:09:27.762296,2025-07-03 18:09:27.762296,2025-07-03 18:15:57.900,17.581666666666667,0.0,21,3,osrm
979,delivered,2025-07-03 17:59:56,2025-07-03 18:06:35.960378,2025-07-03 18:13:52.000000,2025-07-03 18:18:16.300,18.33833333333333,7.267327033333333,23,4,osrm
980,delivered,2025-07-03 18:00:28,2025-07-03 18:13:46.524045,2025-07-03 18:38:46.519888,2025-07-03 18:39:59.900,39.531666666666666,24.999930716666665,34,3,osrm
981,delivered,2025-07-03 18:00:57,2025-07-03 18:16:25.778632,2025-07-03 18:51:25.600000,2025-07-03 18:57:27.800,56.513333333333335,34.997022799999996,7,3,osrm
982,delivered,2025-07-03 18:00:57,2025-07-03 18:10:47.296549,2025-07-03 18:39:31.900000,2025-07-03 18:44:37.700,43.67833333333333,28.74339085,41,3,osrm
983,delivered,2025-07-03 18:00:28,2025-07-03 18:12:52.684693,2025-07-03 18:45:07.112870,2025-07-03 18:46:04.000,45.6,32.240469616666665,30,4,osrm
984,delivered,2025-07-03 18:00:13,2025-07-03 18:10:04.945251,2025-07-03 18:34:12.800000,2025-07-03 18:39:50.500,39.625,24.130912483333336,20,2,osrm
985,delivered,2025-07-03 18:01:24,2025-07-03 18:13:54.986461,2025-07-03 18:28:57.600000,2025-07-03 18:31:17.800,29.896666666666665,15.043558983333332,17,1,osrm
986,delivered,2025-07-03 18:01:16,2025-07-03 18:12:33.299851,2025-07-03 18:29:44.442174,2025-07-03 18:31:21.100,30.084999999999997,17.185705383333335,5,4,osrm
987,delivered,2025-07-03 18:02:50,2025-07-03 18:18:01.490625,2025-07-03 18:34:12.800000,2025-07-03 18:39:50.500,37.00833333333333,16.188489583333332,20,2,osrm
988,delivered,2025-07-03 18:02:59,2025-07-03 18:13:15.019050,2025-07-03 18:23:11.200000,2025-07-03 18:30:44.700,27.761666666666667,9.936349166666668,4,2,osrm
989,delivered,2025-07-03 18:04:01,2025-07-03 18:17:51.381131,2025-07-03 18:29:23.758126,2025-07-03 18:36:27.200,32.43666666666667,11.539616583333332,36,3,osrm
990,delivered,2025-07-03 18:04:21,2025-07-03 18:14:08.022785,2025-07-03 18:27:09.250383,2025-07-03 18:28:04.200,23.720000000000002,13.020459966666666,14,4,osrm
991,delivered,2025-07-03 18:04:44,2025-07-03 18:15:03.338876,2025-07-03 18:38:38.700000,2025-07-03 18:44:03.800,39.330000000000005,23.589352066666667,6,3,osrm
992,delivered,2025-07-03 18:04:52,2025-07-03 18:17:07.164666,2025-07-03 18:17:07.164666,2025-07-03 18:14:31.600,9.66,0.0,37,4,osrm
993,delivered,2025-07-03 18:05:50,2025-07-03 18:12:53.748985,2025-07-03 18:13:52.000000,2025-07-03 18:18:16.300,12.438333333333333,0.97085025,23,4,osrm
994,delivered,2025-07-03 18:06:27,2025-07-03 18:15:44.283137,2025-07-03 18:25:09.600000,2025-07-03 18:28:31.300,22.071666666666665,9.421947716666667,41,2,osrm
995,delivered,2025-07-03 18:08:53,2025-07-03 18:23:16.704925,2025-07-03 18:51:32.000000,2025-07-03 18:58:42.000,49.81666666666667,28.254917916666667,20,2,osrm
996,delivered,2025-07-03 18:09:42,2025-07-03 18:19:34.886899,2025-07-03 18:38:38.700000,2025-07-03 18:44:03.800,34.36333333333334,19.063551683333333,6,3,osrm
997,delivered,2025-07-03 18:09:01,2025-07-03 18:16:55.710851,2025-07-03 18:51:32.000000,2025-07-03 18:58:42.000,49.68333333333333,34.604819150000004,20,2,osrm
998,delivered,2025-07-03 18:09:51,2025-07-03 18:17:29.631967,2025-07-03 18:51:25.600000,2025-07-03 18:56:29.200,46.63666666666666,33.93280055,27,4,osrm
999,delivered,2025-07-03 18:10:36,2025-07-03 18:22:45.635764,2025-07-03 18:38:40.600000,2025-07-03 18:42:06.200,31.503333333333334,15.916070600000001,19,2,osrm
1000,delivered,2025-07-03 18:10:58,2025-07-03 18:21:13.045659,2025-07-03 18:52:08.382242,2025-07-03 18:57:45.400,46.79,30.922276383333333,9,4,osrm
1001,delivered,2025-07-03 18:10:24,2025-07-03 18:22:27.772044,2025-07-03 18:51:25.600000,2025-07-03 18:57:27.800,47.06333333333334,28.96379926666667,7,3,osrm
1002,delivered,2025-07-03 18:11:14,2025-07-03 18:16:14.000000,2025-07-03 18:48:58.238296,2025-07-03 18:48:31.900,37.29833333333333,32.737304933333334,13,4,osrm
1003,delivered,2025-07-03 18:11:04,2025-07-03 18:20:34.690283,2025-07-03 18:30:32.800000,2025-07-03 18:33:47.700,22.728333333333335,9.968495283333334,12,1,osrm
1004,delivered,2025-07-03 18:11:07,2025-07-03 18:20:40.801612,2025-07-03 18:51:25.600000,2025-07-03 18:56:29.200,45.37,30.7466398,27,4,osrm
1005,delivered,2025-07-03 18:12:47,2025-07-03 18:26:54.917077,2025-07-03 18:39:31.900000,2025-07-03 18:44:37.700,31.845000000000002,12.61638205,41,3,osrm
1006,delivered,2025-07-03 18:12:39,2025-07-03 18:27:09.250383,2025-07-03 18:33:40.600000,2025-07-03 18:39:36.100,26.951666666666664,6.522493616666667,25,4,osrm
1007,delivered,2025-07-03 18:12:24,2025-07-03 18:26:14.328926,2025-07-03 18:52:42.900000,2025-07-03 18:56:52.900,44.48166666666667,26.476184566666667,18,1,osrm
1008,delivered,2025-07-03 18:13:38,2025-07-03 18:19:30.435466,2025-07-03 18:33:40.600000,2025-07-03 18:39:36.100,25.96833333333333,14.1694089,25,4,osrm
1009,delivered,2025-07-03 18:14:34,2025-07-03 18:28:57.089294,2025-07-03 18:51:25.600000,2025-07-03 18:56:29.200,41.919999999999995,22.475178433333333,27,4,osrm
1010,delivered,2025-07-03 18:14:18,2025-07-03 18:29:44.442174,2025-07-03 18:38:40.600000,2025-07-03 18:42:06.200,27.803333333333335,8.935963766666667,19,2,osrm
1011,delivered,2025-07-03 18:16:21,2025-07-03 18:25:49.175518,2025-07-03 18:31:14.800000,2025-07-03 18:34:26.000,18.083333333333332,5.4270747,21,1,osrm
1012,delivered,2025-07-03 18:16:07,2025-07-03 18:28:47.636254,2025-07-03 18:39:31.900000,2025-07-03 18:44:37.700,28.511666666666667,10.7377291,41,3,osrm
1013,delivered,2025-07-03 18:16:17,2025-07-03 18:29:23.758126,2025-07-03 18:44:40.567205,2025-07-03 18:48:19.300,32.038333333333334,15.280151316666666,35,2,osrm
1014,delivered,2025-07-03 18:22:56,2025-07-03 18:33:32.346856,2025-07-03 18:38:38.700000,2025-07-03 18:44:03.800,21.13,5.105885733333333,6,3,osrm
1015,delivered,2025-07-03 18:22:48,2025-07-03 18:35:01.758104,2025-07-03 18:53:50.300000,2025-07-03 18:57:15.900,34.465,18.8090316,3,1,osrm
1016,delivered,2025-07-03 18:23:25,2025-07-03 18:32:50.843708,2025-07-03 18:53:53.700000,2025-07-03 18:56:47.000,33.36666666666667,21.047604866666667,19,1,osrm
1017,delivered,2025-07-03 18:23:49,2025-07-03 18:36:07.728847,2025-07-03 18:48:39.300000,2025-07-03 18:53:30.900,29.698333333333334,12.526185883333333,34,1,osrm
1018,delivered,2025-07-03 18:24:17,2025-07-03 18:35:44.346667,2025-07-03 18:41:46.000000,2025-07-03 18:45:52.400,21.59,6.02755555,14,2,osrm
1019,delivered,2025-07-03 18:26:08,2025-07-03 18:38:46.519888,2025-07-03 18:45:32.300000,2025-07-03 18:49:48.100,23.668333333333333,6.7630018666666665,38,1,osrm
1020,delivered,2025-07-03 18:27:10,2025-07-03 18:44:40.567205,2025-07-03 18:44:40.567205,2025-07-03 18:48:19.300,21.154999999999998,0.0,35,2,osrm
1021,delivered,2025-07-03 18:28:30,2025-07-03 18:37:11.689755,2025-07-03 18:48:58.238296,2025-07-03 18:48:31.900,20.03166666666667,11.775809016666667,13,4,osrm
1022,delivered,2025-07-03 18:29:43,2025-07-03 18:45:07.112870,2025-07-03 18:45:07.112870,2025-07-03 18:46:04.000,16.35,0.0,30,4,osrm
1023,delivered,2025-07-03 18:29:08,2025-07-03 18:41:16.820246,2025-07-03 18:52:08.382242,2025-07-03 18:57:45.400,28.623333333333335,10.8593666,9,4,osrm
1024,delivered,2025-07-03 18:29:58,2025-07-03 18:41:52.724566,2025-07-03 18:45:07.112870,2025-07-03 18:46:04.000,16.1,3.239805066666667,30,4,osrm
1025,delivered,2025-07-03 18:32:07,2025-07-03 18:37:39.578757,2025-07-03 18:55:01.500000,2025-07-03 19:00:02.100,27.918333333333333,17.36535405,15,1,osrm
1026,delivered,2025-07-03 18:34:11,2025-07-03 18:48:58.238296,2025-07-03 18:54:39.900000,2025-07-03 18:56:59.200,22.803333333333335,5.694361733333333,33,1,osrm
1027,delivered,2025-07-03 18:34:07,2025-07-03 18:42:31.463202,2025-07-03 18:53:48.000000,2025-07-03 18:57:16.400,23.15666666666667,11.2756133,39,1,osrm
1028,delivered,2025-07-03 18:37:40,2025-07-03 18:46:43.104707,2025-07-03 18:55:28.300000,2025-07-03 18:56:38.800,18.98,8.753254883333334,41,1,osrm
1029,delivered,2025-07-03 18:40:47,2025-07-03 18:51:51.032620,2025-07-03 19:08:05.400000,2025-07-03 19:14:18.100,33.51833333333333,16.239456333333333,15,1,osrm
1030,delivered,2025-07-03 18:41:14,2025-07-03 18:52:08.382242,2025-07-03 19:04:22.900000,2025-07-03 19:08:20.000,27.1,12.241962633333333,34,1,osrm
1031,delivered,2025-07-03 18:41:47,2025-07-03 18:51:04.335159,2025-07-03 19:03:40.800000,2025-07-03 19:06:20.100,24.551666666666666,12.60774735,12,1,osrm
1032,delivered,2025-07-03 18:42:09,2025-07-03 18:58:23.205406,2025-07-03 19:09:29.100000,2025-07-03 19:12:07.800,29.98,11.098243233333333,8,1,osrm
1033,delivered,2025-07-03 18:44:26,2025-07-03 18:58:19.946032,2025-07-03 19:09:00.400000,2025-07-03 19:12:17.800,27.863333333333333,10.6742328,41,1,osrm
1034,delivered,2025-07-03 18:46:21,2025-07-03 19:05:28.326035,2025-07-03 19:13:46.800000,2025-07-03 19:17:17.900,30.948333333333334,8.307899416666666,38,1,osrm
1035,delivered,2025-07-03 18:47:10,2025-07-03 18:56:50.651121,2025-07-03 19:08:40.600000,2025-07-03 19:11:30.600,24.34333333333333,11.832481316666668,20,1,osrm
1036,delivered,2025-07-03 18:49:44,2025-07-03 18:59:16.940236,2025-07-03 19:09:04.800000,2025-07-03 19:10:54.100,21.168333333333333,9.797662733333334,31,1,osrm
1037,delivered,2025-07-03 18:50:01,2025-07-03 19:07:49.801869,2025-07-03 19:19:46.800000,2025-07-03 19:24:04.100,34.05166666666666,11.94996885,21,1,osrm
1038,delivered,2025-07-03 18:56:02,2025-07-03 19:04:09.784226,2025-07-03 19:13:56.800000,2025-07-03 19:17:29.000,21.45,9.783596233333332,7,1,osrm
1039,delivered,2025-07-03 18:57:04,2025-07-03 19:09:50.774528,2025-07-03 19:37:42.100000,2025-07-03 19:42:15.700,45.195,27.855424533333334,2,1,osrm
1040,delivered,2025-07-03 18:57:03,2025-07-03 19:08:05.447889,2025-07-03 19:21:10.100000,2025-07-03 19:25:22.300,28.321666666666665,13.077535183333334,12,1,osrm
1041,delivered,2025-07-03 18:58:54,2025-07-03 19:10:04.878277,2025-07-03 19:43:12.300000,2025-07-03 19:48:48.300,49.905,33.123695383333335,11,1,osrm
