order_id,status,placement_time,ready_time,pickup_time,delivery_time,click_to_door,ready_to_pickup,courier_id,bundle_size,routing_source
0,delivered,2025-07-03 08:00:29,2025-07-03 08:10:21.704666,2025-07-03 08:16:47.400000,2025-07-03 08:20:24.500,19.925,6.4282555666666665,15,1,osrm
1,delivered,2025-07-03 08:01:26,2025-07-03 08:16:06.907306,2025-07-03 08:43:25.327314,2025-07-03 08:48:39.400,47.223333333333336,27.307000133333336,29,4,osrm
2,delivered,2025-07-03 08:01:15,2025-07-03 08:10:04.710513,2025-07-03 08:10:04.710513,2025-07-03 08:13:04.900,11.831666666666667,0.0,8,1,osrm
3,delivered,2025-07-03 08:02:02,2025-07-03 08:11:25.702057,2025-07-03 08:13:54.600000,2025-07-03 08:17:30.200,15.47,2.4816323833333334,1,1,osrm
4,delivered,2025-07-03 08:02:20,2025-07-03 08:13:22.736020,2025-07-03 08:44:53.381609,2025-07-03 08:49:02.300,46.705000000000005,31.510759816666667,3,4,osrm
5,delivered,2025-07-03 08:03:54,2025-07-03 08:12:28.083100,2025-07-03 08:43:51.812084,2025-07-03 08:46:13.800,42.330000000000005,31.395483066666667,10,4,osrm
6,delivered,2025-07-03 08:03:46,2025-07-03 08:20:03.686894,2025-07-03 08:29:34.900000,2025-07-03 08:37:32.700,33.778333333333336,9.520218433333334,1,4,osrm
7,delivered,2025-07-03 08:03:16,2025-07-03 08:18:07.587183,2025-07-03 08:45:43.673310,2025-07-03 08:56:59.400,53.723333333333336,27.60143545,18,4,osrm
8,delivered,2025-07-03 08:03:05,2025-07-03 08:08:32.523217,2025-07-03 08:11:37.800000,2025-07-03 08:13:18.500,10.225,3.087946383333333,2,1,osrm
9,delivered,2025-07-03 08:04:36,2025-07-03 08:10:08.906867,2025-07-03 08:31:32.101084,2025-07-03 08:40:59.400,36.39,21.386570283333334,9,4,osrm
10,delivered,2025-07-03 08:04:40,2025-07-03 08:14:42.179288,2025-07-03 08:14:42.179288,2025-07-03 08:17:45.600,13.093333333333334,0.0,26,1,osrm
11,delivered,2025-07-03 08:04:15,2025-07-03 08:17:44.223292,2025-07-03 09:06:48.235620,2025-07-03 09:11:24.100,67.15166666666667,49.06687213333333,11,4,osrm
12,delivered,2025-07-03 08:04:33,2025-07-03 08:18:35.282128,2025-07-03 08:42:49.066263,2025-07-03 08:46:35.900,42.04833333333333,24.229735583333333,22,4,osrm
13,delivered,2025-07-03 08:05:35,2025-07-03 08:21:48.414655,2025-07-03 08:36:04.009966,2025-07-03 08:46:53.300,41.305,14.259921850000001,4,4,osrm
14,delivered,2025-07-03 08:06:20,2025-07-03 08:19:10.900620,2025-07-03 08:49:25.838800,2025-07-03 08:53:57.200,47.62,30.248969666666667,13,4,osrm
15,delivered,2025-07-03 08:06:51,2025-07-03 08:15:38.148338,2025-07-03 09:00:19.835100,2025-07-03 09:05:48.000,58.95,44.694779366666666,24,4,osrm
16,delivered,2025-07-03 08:06:49,2025-07-03 08:20:04.218769,2025-07-03 09:04:45.490433,2025-07-03 09:08:26.200,61.62,44.68786106666666,21,4,osrm
17,delivered,2025-07-03 08:07:10,2025-07-03 08:15:41.176144,2025-07-03 08:50:46.982076,2025-07-03 09:00:19.200,53.15333333333333,35.09676553333334,17,4,osrm
18,delivered,2025-07-03 08:07:07,2025-07-03 08:16:36.066837,2025-07-03 08:36:49.497310,2025-07-03 08:45:08.500,38.025,20.223841216666663,20,4,osrm
19,delivered,2025-07-03 08:08:25,2025-07-03 08:15:35.357350,2025-07-03 08:24:34.000000,2025-07-03 08:26:22.100,17.951666666666664,8.9773775,5,1,osrm
20,delivered,2025-07-03 08:08:32,2025-07-03 08:17:49.260636,2025-07-03 08:45:26.919945,2025-07-03 08:48:07.200,39.586666666666666,27.62765515,7,3,osrm
21,delivered,2025-07-03 08:09:31,2025-07-03 08:19:38.308140,2025-07-03 09:02:10.869936,2025-07-03 09:08:18.500,58.791666666666664,42.5426966,29,4,osrm
22,delivered,2025-07-03 08:09:25,2025-07-03 08:19:41.265318,2025-07-03 08:35:06.689775,2025-07-03 08:41:25.400,32.00666666666667,15.42374095,12,3,osrm
23,delivered,2025-07-03 08:09:06,2025-07-03 08:26:24.541625,2025-07-03 09:01:56.967962,2025-07-03 09:08:25.900,59.33166666666667,35.540438949999995,5,4,osrm
24,delivered,2025-07-03 08:10:27,2025-07-03 08:22:44.318360,2025-07-03 08:29:07.222246,2025-07-03 08:35:05.300,24.638333333333332,6.381731433333333,14,4,osrm
25,delivered,2025-07-03 08:10:35,2025-07-03 08:23:37.584747,2025-07-03 08:45:43.673310,2025-07-03 08:50:16.900,39.69833333333334,22.10147605,30,4,osrm
26,delivered,2025-07-03 08:10:51,2025-07-03 08:23:19.095909,2025-07-03 08:35:27.600411,2025-07-03 08:39:59.400,29.14,12.1417417,19,4,osrm
27,delivered,2025-07-03 08:11:59,2025-07-03 08:28:44.057895,2025-07-03 09:01:16.622618,2025-07-03 09:07:52.900,55.89833333333333,32.54274538333333,30,4,osrm
28,delivered,2025-07-03 08:11:19,2025-07-03 08:20:27.730692,2025-07-03 08:56:05.057551,2025-07-03 09:03:19.900,52.015,35.62211431666666,12,3,osrm
29,delivered,2025-07-03 08:11:48,2025-07-03 08:26:03.028253,2025-07-03 11:21:10.700000,2025-07-03 11:29:35.200,197.7866666666667,175.12786245,14,4,osrm
30,delivered,2025-07-03 08:12:02,2025-07-03 08:21:28.103453,2025-07-03 08:27:30.800000,2025-07-03 08:29:13.500,17.191666666666666,6.04494245,22,1,osrm
31,delivered,2025-07-03 08:12:31,2025-07-03 08:24:06.033581,2025-07-03 08:51:51.073233,2025-07-03 08:57:13.300,44.705000000000005,27.750660866666667,15,4,osrm
32,delivered,2025-07-03 08:13:23,2025-07-03 08:26:52.110087,2025-07-03 08:43:51.812084,2025-07-03 08:46:13.800,32.846666666666664,16.995033283333335,10,4,osrm
33,delivered,2025-07-03 08:13:12,2025-07-03 08:21:08.953554,2025-07-03 08:25:11.419574,2025-07-03 08:29:51.400,16.656666666666666,4.0411003333333335,29,3,osrm
34,delivered,2025-07-03 08:14:21,2025-07-03 08:25:11.419574,2025-07-03 08:36:01.873921,2025-07-03 08:44:18.600,29.959999999999997,10.840905783333334,25,4,osrm
35,delivered,2025-07-03 08:14:06,2025-07-03 08:26:07.023665,2025-07-03 08:35:27.600411,2025-07-03 08:39:59.400,25.89,9.342945766666666,19,4,osrm
36,delivered,2025-07-03 08:14:25,2025-07-03 08:27:55.811006,2025-07-03 09:00:19.835100,2025-07-03 09:05:48.000,51.38333333333333,32.400401566666666,24,4,osrm
37,delivered,2025-07-03 08:15:52,2025-07-03 08:27:11.668772,2025-07-03 10:50:13.800000,2025-07-03 10:59:53.700,164.02833333333334,143.03552046666667,26,3,osrm
38,delivered,2025-07-03 08:15:00,2025-07-03 08:35:27.600411,2025-07-03 08:35:27.600411,2025-07-03 08:39:59.400,24.990000000000002,0.0,19,4,osrm
39,delivered,2025-07-03 08:15:44,2025-07-03 08:33:22.755055,2025-07-03 09:12:08.784394,2025-07-03 09:15:23.500,59.65833333333333,38.76715565,8,4,osrm
40,delivered,2025-07-03 08:16:29,2025-07-03 08:21:52.593789,2025-07-03 08:56:38.352251,2025-07-03 09:01:24.400,44.92333333333333,34.76264103333333,14,4,osrm
41,delivered,2025-07-03 08:16:46,2025-07-03 08:29:07.222246,2025-07-03 08:35:27.600411,2025-07-03 08:39:59.400,23.223333333333336,6.339636083333334,19,4,osrm
42,delivered,2025-07-03 08:17:30,2025-07-03 08:31:09.709126,2025-07-03 08:43:25.327314,2025-07-03 08:48:39.400,31.15666666666667,12.260303133333334,29,4,osrm
43,delivered,2025-07-03 08:17:28,2025-07-03 08:30:29.569719,2025-07-03 08:36:49.497310,2025-07-03 08:45:08.500,27.675,6.3321265166666665,20,4,osrm
44,delivered,2025-07-03 08:17:16,2025-07-03 08:33:26.303138,2025-07-03 08:51:34.786362,2025-07-03 08:56:56.000,39.666666666666664,18.141387066666667,1,4,osrm
45,delivered,2025-07-03 08:18:02,2025-07-03 08:23:02.000000,2025-07-03 09:19:15.590740,2025-07-03 09:20:31.100,62.485,56.22651233333333,6,4,osrm
46,delivered,2025-07-03 08:18:36,2025-07-03 08:27:22.576804,2025-07-03 09:01:29.535277,2025-07-03 09:09:23.500,50.791666666666664,34.11597455,10,4,osrm
47,delivered,2025-07-03 08:18:34,2025-07-03 08:35:11.627356,2025-07-03 09:03:06.046566,2025-07-03 09:05:30.100,46.934999999999995,27.906986833333335,28,4,osrm
48,delivered,2025-07-03 08:19:28,2025-07-03 08:35:06.689775,2025-07-03 08:35:06.689775,2025-07-03 08:41:25.400,21.956666666666667,0.0,12,3,osrm
49,delivered,2025-07-03 08:19:30,2025-07-03 08:38:21.385869,2025-07-03 09:21:56.074475,2025-07-03 09:26:50.700,67.345,43.57814343333334,29,4,osrm
50,delivered,2025-07-03 08:19:04,2025-07-03 08:36:01.873921,2025-07-03 08:45:43.673310,2025-07-03 08:50:16.900,31.215,9.696656483333333,30,4,osrm
51,delivered,2025-07-03 08:20:02,2025-07-03 08:28:10.928205,2025-07-03 09:01:16.622618,2025-07-03 09:07:52.900,47.848333333333336,33.09490688333333,30,4,osrm
52,delivered,2025-07-03 08:20:50,2025-07-03 08:35:56.280935,2025-07-03 08:36:49.497310,2025-07-03 08:45:08.500,24.308333333333334,0.8869395833333333,20,4,osrm
53,delivered,2025-07-03 08:20:23,2025-07-03 08:31:32.101084,2025-07-03 08:44:53.381609,2025-07-03 08:49:02.300,28.654999999999998,13.354675416666668,3,4,osrm
54,delivered,2025-07-03 08:20:23,2025-07-03 08:33:00.575241,2025-07-03 08:56:59.227636,2025-07-03 09:05:39.000,45.266666666666666,23.977539916666668,2,4,osrm
55,delivered,2025-07-03 08:20:38,2025-07-03 08:32:48.087623,2025-07-03 08:42:49.066263,2025-07-03 08:46:35.900,25.965,10.016310666666667,22,4,osrm
56,delivered,2025-07-03 08:21:37,2025-07-03 08:32:12.995000,2025-07-03 09:18:28.871945,2025-07-03 09:24:53.400,63.27333333333333,46.26461575,20,4,osrm
57,delivered,2025-07-03 08:22:08,2025-07-03 08:32:37.379011,2025-07-03 08:43:25.327314,2025-07-03 08:48:39.400,26.523333333333333,10.799138383333334,29,4,osrm
58,delivered,2025-07-03 08:22:30,2025-07-03 08:36:49.497310,2025-07-03 08:36:49.497310,2025-07-03 08:45:08.500,22.641666666666666,0.0,20,4,osrm
59,delivered,2025-07-03 08:23:16,2025-07-03 08:33:38.023427,2025-07-03 09:06:48.235620,2025-07-03 09:11:24.100,48.135,33.17020321666667,11,4,osrm
60,delivered,2025-07-03 08:25:29,2025-07-03 08:38:07.821048,2025-07-03 09:33:37.566618,2025-07-03 09:31:53.900,66.415,55.4957595,22,4,osrm
61,delivered,2025-07-03 08:25:13,2025-07-03 08:38:40.328040,2025-07-03 09:01:56.967962,2025-07-03 09:08:25.900,43.215,23.277332033333334,5,4,osrm
62,delivered,2025-07-03 08:25:40,2025-07-03 08:36:04.009966,2025-07-03 08:36:04.009966,2025-07-03 08:46:53.300,21.221666666666668,0.0,4,4,osrm
63,delivered,2025-07-03 08:25:44,2025-07-03 08:36:52.632865,2025-07-03 09:01:14.312735,2025-07-03 09:10:08.500,44.40833333333333,24.361331166666666,3,4,osrm
64,delivered,2025-07-03 08:25:22,2025-07-03 08:40:49.187610,2025-07-03 08:44:53.381609,2025-07-03 08:49:02.300,23.671666666666667,4.069899983333333,3,4,osrm
65,delivered,2025-07-03 08:25:23,2025-07-03 08:32:17.018645,2025-07-03 08:35:06.689775,2025-07-03 08:41:25.400,16.04,2.8278521666666667,12,3,osrm
66,delivered,2025-07-03 08:26:24,2025-07-03 08:36:22.921034,2025-07-03 08:43:51.812084,2025-07-03 08:46:13.800,19.83,7.4815175,10,4,osrm
67,delivered,2025-07-03 08:26:38,2025-07-03 08:34:37.065872,2025-07-03 08:55:41.163163,2025-07-03 09:02:57.800,36.330000000000005,21.068288183333333,20,4,osrm
68,delivered,2025-07-03 08:26:14,2025-07-03 08:38:53.066445,2025-07-03 09:01:14.312735,2025-07-03 09:10:08.500,43.90833333333333,22.354104833333334,3,4,osrm
69,delivered,2025-07-03 08:26:23,2025-07-03 08:46:29.693886,2025-07-03 09:23:20.427691,2025-07-03 09:29:19.500,62.94166666666667,36.845563416666664,24,4,osrm
70,delivered,2025-07-03 08:26:40,2025-07-03 08:34:58.815399,2025-07-03 08:58:05.464254,2025-07-03 09:02:16.700,35.611666666666665,23.110814249999997,4,2,osrm
71,delivered,2025-07-03 08:26:25,2025-07-03 08:42:05.810606,2025-07-03 11:43:56.100000,2025-07-03 11:48:41.900,202.28166666666667,181.83815656666667,26,4,osrm
72,delivered,2025-07-03 08:27:32,2025-07-03 08:43:47.668228,2025-07-03 09:03:27.976652,2025-07-03 09:11:48.400,44.27333333333333,19.671807066666666,13,3,osrm
73,delivered,2025-07-03 08:27:07,2025-07-03 08:32:42.178056,2025-07-03 10:51:01.400000,2025-07-03 10:59:34.800,152.4633333333333,138.32036573333335,30,4,osrm
74,delivered,2025-07-03 08:27:46,2025-07-03 08:35:44.413735,2025-07-03 11:58:57.800000,2025-07-03 12:03:47.700,216.02833333333334,203.22310441666664,25,4,osrm
75,delivered,2025-07-03 08:28:25,2025-07-03 08:40:21.192132,2025-07-03 08:55:41.163163,2025-07-03 09:02:57.800,34.54666666666667,15.332850516666667,20,4,osrm
76,delivered,2025-07-03 08:28:05,2025-07-03 08:37:07.240935,2025-07-03 09:26:34.845319,2025-07-03 09:32:56.800,64.86333333333333,49.46007306666667,8,4,osrm
77,delivered,2025-07-03 08:29:59,2025-07-03 08:42:49.066263,2025-07-03 08:42:49.066263,2025-07-03 08:46:35.900,16.615,0.0,22,4,osrm
78,delivered,2025-07-03 08:29:21,2025-07-03 08:45:26.919945,2025-07-03 08:49:25.838800,2025-07-03 08:53:57.200,24.603333333333335,3.9819809166666666,13,4,osrm
79,delivered,2025-07-03 08:29:45,2025-07-03 08:43:51.812084,2025-07-03 08:50:46.982076,2025-07-03 09:00:19.200,30.57,6.9194998666666665,17,4,osrm
80,delivered,2025-07-03 08:29:35,2025-07-03 08:40:59.579880,2025-07-03 08:42:49.066263,2025-07-03 08:46:35.900,17.015,1.8247730500000001,22,4,osrm
81,delivered,2025-07-03 08:29:41,2025-07-03 08:43:23.122984,2025-07-03 08:56:05.057551,2025-07-03 09:03:19.900,33.64833333333333,12.69890945,12,3,osrm
82,delivered,2025-07-03 08:30:22,2025-07-03 08:43:25.327314,2025-07-03 08:43:25.327314,2025-07-03 08:48:39.400,18.290000000000003,0.0,29,4,osrm
83,delivered,2025-07-03 08:30:48,2025-07-03 08:38:59.883918,2025-07-03 08:56:38.352251,2025-07-03 09:01:24.400,30.60666666666667,17.641138883333333,14,4,osrm
84,delivered,2025-07-03 08:32:57,2025-07-03 08:43:08.629354,2025-07-03 12:01:57.700000,2025-07-03 12:08:49.400,215.87333333333333,198.8178441,26,4,osrm
85,delivered,2025-07-03 08:33:03,2025-07-03 08:46:27.209222,2025-07-03 08:55:41.163163,2025-07-03 09:02:57.800,29.913333333333334,9.232565683333332,20,4,osrm
86,delivered,2025-07-03 08:33:56,2025-07-03 08:45:43.673310,2025-07-03 08:45:43.673310,2025-07-03 08:56:59.400,23.05666666666667,0.0,18,4,osrm
87,delivered,2025-07-03 08:33:47,2025-07-03 08:46:45.045000,2025-07-03 09:15:34.048567,2025-07-03 09:23:32.400,49.75666666666667,28.816726116666665,12,4,osrm
88,delivered,2025-07-03 08:33:07,2025-07-03 08:47:47.214921,2025-07-03 08:47:47.214921,2025-07-03 08:50:55.000,17.8,0.0,27,3,osrm
89,delivered,2025-07-03 08:34:47,2025-07-03 08:39:47.000000,2025-07-03 09:01:29.535277,2025-07-03 09:09:23.500,34.608333333333334,21.708921283333332,10,4,osrm
90,delivered,2025-07-03 08:34:06,2025-07-03 08:50:32.707125,2025-07-03 09:33:33.299992,2025-07-03 09:40:24.400,66.30666666666667,43.00988111666666,4,3,osrm
91,delivered,2025-07-03 08:35:39,2025-07-03 08:41:55.614760,2025-07-03 09:10:14.335321,2025-07-03 09:21:36.000,45.95,28.31200935,15,4,osrm
92,delivered,2025-07-03 08:35:12,2025-07-03 08:47:14.097326,2025-07-03 09:30:01.272534,2025-07-03 09:28:21.300,53.155,42.78625346666667,26,3,osrm
93,delivered,2025-07-03 08:35:54,2025-07-03 08:48:21.557494,2025-07-03 09:12:01.547162,2025-07-03 09:13:25.900,37.531666666666666,23.666494466666666,26,4,osrm
94,delivered,2025-07-03 08:35:23,2025-07-03 08:46:56.664017,2025-07-03 09:21:56.074475,2025-07-03 09:26:50.700,51.461666666666666,34.9901743,29,4,osrm
95,delivered,2025-07-03 08:35:03,2025-07-03 08:47:36.790496,2025-07-03 11:17:49.700000,2025-07-03 11:28:07.700,173.07833333333335,150.21515839999998,18,4,osrm
96,delivered,2025-07-03 08:35:56,2025-07-03 08:46:14.670257,2025-07-03 09:18:11.700000,2025-07-03 09:26:53.200,50.95333333333333,31.95049571666667,25,4,osrm
97,delivered,2025-07-03 08:35:05,2025-07-03 08:44:53.381609,2025-07-03 08:50:46.982076,2025-07-03 09:00:19.200,25.236666666666668,5.893341116666666,17,4,osrm
98,delivered,2025-07-03 08:35:56,2025-07-03 08:47:36.998998,2025-07-03 09:14:40.796455,2025-07-03 09:20:30.500,44.575,27.06329095,4,4,osrm
99,delivered,2025-07-03 08:36:55,2025-07-03 08:49:25.838800,2025-07-03 08:49:25.838800,2025-07-03 08:53:57.200,17.03666666666667,0.0,13,4,osrm
100,delivered,2025-07-03 08:36:06,2025-07-03 08:46:01.764894,2025-07-03 09:01:56.967962,2025-07-03 09:08:25.900,32.33166666666667,15.920051133333335,5,4,osrm
101,delivered,2025-07-03 08:36:24,2025-07-03 08:49:20.971258,2025-07-03 08:51:34.786362,2025-07-03 08:56:56.000,20.533333333333335,2.230251733333333,1,4,osrm
102,delivered,2025-07-03 08:36:09,2025-07-03 08:45:32.535694,2025-07-03 09:01:14.312735,2025-07-03 09:10:08.500,33.99166666666667,15.696284016666668,3,4,osrm
103,delivered,2025-07-03 08:36:56,2025-07-03 08:47:09.233326,2025-07-03 08:51:34.786362,2025-07-03 08:56:56.000,20.0,4.425883933333334,1,4,osrm
104,delivered,2025-07-03 08:36:12,2025-07-03 08:47:27.426268,2025-07-03 09:01:16.622618,2025-07-03 09:07:52.900,31.68166666666667,13.819939166666668,30,4,osrm
105,delivered,2025-07-03 08:37:28,2025-07-03 08:50:46.982076,2025-07-03 08:50:46.982076,2025-07-03 09:00:19.200,22.853333333333335,0.0,17,4,osrm
106,delivered,2025-07-03 08:38:52,2025-07-03 08:49:54.465163,2025-07-03 09:23:20.427691,2025-07-03 09:29:19.500,50.458333333333336,33.4327088,24,4,osrm
107,delivered,2025-07-03 08:38:26,2025-07-03 08:51:34.786362,2025-07-03 08:51:34.786362,2025-07-03 08:56:56.000,18.5,0.0,1,4,osrm
108,delivered,2025-07-03 08:39:50,2025-07-03 08:56:38.352251,2025-07-03 08:56:38.352251,2025-07-03 09:01:24.400,21.573333333333334,0.0,14,4,osrm
109,delivered,2025-07-03 08:40:48,2025-07-03 08:51:20.289383,2025-07-03 09:30:01.272534,2025-07-03 09:28:21.300,47.555,38.68305251666666,26,3,osrm
110,delivered,2025-07-03 08:40:25,2025-07-03 08:56:17.297112,2025-07-03 09:46:17.275315,2025-07-03 09:54:01.600,73.61,49.99963671666667,5,4,osrm
111,delivered,2025-07-03 08:40:27,2025-07-03 08:48:26.871863,2025-07-03 09:41:45.397515,2025-07-03 09:49:49.700,69.37833333333333,53.30876086666667,18,3,osrm
112,delivered,2025-07-03 08:40:23,2025-07-03 08:54:17.303258,2025-07-03 10:58:00.800000,2025-07-03 11:05:54.200,145.52,123.7249457,12,4,osrm
113,delivered,2025-07-03 08:41:10,2025-07-03 08:52:33.026732,2025-07-03 09:33:37.566618,2025-07-03 09:31:53.900,50.73166666666667,41.07566476666667,22,4,osrm
114,delivered,2025-07-03 08:41:38,2025-07-03 08:59:55.350998,2025-07-03 11:22:59.100000,2025-07-03 11:34:15.400,172.62333333333333,143.06248336666667,26,4,osrm
115,delivered,2025-07-03 08:41:25,2025-07-03 08:51:51.073233,2025-07-03 09:03:06.046566,2025-07-03 09:05:30.100,24.084999999999997,11.24955555,28,4,osrm
116,delivered,2025-07-03 08:42:43,2025-07-03 08:52:10.703009,2025-07-03 08:52:10.703009,2025-07-03 08:58:43.900,16.015,0.0,19,4,osrm
117,delivered,2025-07-03 08:42:12,2025-07-03 08:57:19.110555,2025-07-03 09:00:19.835100,2025-07-03 09:05:48.000,23.6,3.01207575,24,4,osrm
118,delivered,2025-07-03 08:42:24,2025-07-03 08:55:35.486243,2025-07-03 09:22:21.275922,2025-07-03 09:32:07.300,49.72166666666667,26.763161316666665,21,4,osrm
119,delivered,2025-07-03 08:43:54,2025-07-03 08:56:05.057551,2025-07-03 08:56:05.057551,2025-07-03 09:03:19.900,19.43166666666667,0.0,12,3,osrm
120,delivered,2025-07-03 08:43:57,2025-07-03 08:48:57.000000,2025-07-03 08:52:10.703009,2025-07-03 08:58:43.900,14.781666666666666,3.2283834833333334,19,4,osrm
121,delivered,2025-07-03 08:43:51,2025-07-03 08:56:59.227636,2025-07-03 09:06:50.283863,2025-07-03 09:14:31.600,30.676666666666666,9.850937116666667,16,4,osrm
122,delivered,2025-07-03 08:44:38,2025-07-03 08:56:15.557742,2025-07-03 12:14:23.000000,2025-07-03 12:21:46.400,217.14,198.12403763333333,1,4,osrm
123,delivered,2025-07-03 08:45:07,2025-07-03 08:57:19.028396,2025-07-03 09:04:48.716878,2025-07-03 09:10:32.700,25.428333333333335,7.494808033333333,22,4,osrm
124,delivered,2025-07-03 08:45:30,2025-07-03 08:55:06.196404,2025-07-03 08:56:38.352251,2025-07-03 09:01:24.400,15.906666666666666,1.5359307833333333,14,4,osrm
125,delivered,2025-07-03 08:46:20,2025-07-03 09:02:11.213594,2025-07-03 09:21:56.074475,2025-07-03 09:26:50.700,40.51166666666666,19.74768135,29,4,osrm
126,delivered,2025-07-03 08:46:12,2025-07-03 08:58:05.464254,2025-07-03 08:58:05.464254,2025-07-03 09:02:16.700,16.078333333333333,0.0,4,2,osrm
127,delivered,2025-07-03 08:46:48,2025-07-03 08:57:59.593026,2025-07-03 09:22:00.768909,2025-07-03 09:28:09.900,41.365,24.019598050000003,28,4,osrm
128,delivered,2025-07-03 08:46:32,2025-07-03 08:53:47.029975,2025-07-03 09:26:34.845319,2025-07-03 09:32:56.800,46.413333333333334,32.7969224,8,4,osrm
129,delivered,2025-07-03 08:47:01,2025-07-03 08:58:20.624885,2025-07-03 09:12:01.547162,2025-07-03 09:13:25.900,26.415000000000003,13.68203795,26,4,osrm
130,delivered,2025-07-03 08:47:03,2025-07-03 08:55:41.163163,2025-07-03 08:55:41.163163,2025-07-03 09:02:57.800,15.913333333333332,0.0,20,4,osrm
131,delivered,2025-07-03 08:47:00,2025-07-03 09:03:00.928745,2025-07-03 11:22:59.100000,2025-07-03 11:34:15.400,167.25666666666666,139.96952091666665,26,4,osrm
132,delivered,2025-07-03 08:48:35,2025-07-03 09:01:14.312735,2025-07-03 09:01:14.312735,2025-07-03 09:10:08.500,21.558333333333334,0.0,3,4,osrm
133,delivered,2025-07-03 08:48:11,2025-07-03 08:58:16.548930,2025-07-03 09:03:27.976652,2025-07-03 09:11:48.400,23.623333333333335,5.190462033333334,13,3,osrm
134,delivered,2025-07-03 08:48:19,2025-07-03 08:59:40.548322,2025-07-03 09:04:45.490433,2025-07-03 09:08:26.200,20.12,5.082368516666667,21,4,osrm
135,delivered,2025-07-03 08:48:55,2025-07-03 09:05:10.423614,2025-07-03 09:23:20.427691,2025-07-03 09:29:19.500,40.40833333333333,18.166734616666666,24,4,osrm
136,delivered,2025-07-03 08:48:13,2025-07-03 09:00:32.429903,2025-07-03 09:12:08.784394,2025-07-03 09:15:23.500,27.175,11.605908183333334,8,4,osrm
137,delivered,2025-07-03 08:48:28,2025-07-03 09:00:19.835100,2025-07-03 09:00:19.835100,2025-07-03 09:05:48.000,17.333333333333332,0.0,24,4,osrm
138,delivered,2025-07-03 08:48:19,2025-07-03 09:05:47.403731,2025-07-03 09:22:21.275922,2025-07-03 09:32:07.300,43.805,16.564536516666667,21,4,osrm
139,delivered,2025-07-03 08:49:10,2025-07-03 09:02:10.869936,2025-07-03 09:12:08.784394,2025-07-03 09:15:23.500,26.225,9.965240966666666,8,4,osrm
140,delivered,2025-07-03 08:49:45,2025-07-03 09:04:21.991539,2025-07-03 09:21:30.487929,2025-07-03 09:32:48.600,43.059999999999995,17.1416065,3,4,osrm
141,delivered,2025-07-03 08:49:12,2025-07-03 09:00:02.805181,2025-07-03 09:27:54.940958,2025-07-03 09:35:46.500,46.575,27.868929616666666,11,4,osrm
142,delivered,2025-07-03 08:50:44,2025-07-03 09:01:29.535277,2025-07-03 09:01:29.535277,2025-07-03 09:09:23.500,18.658333333333335,0.0,10,4,osrm
143,delivered,2025-07-03 08:50:08,2025-07-03 09:04:33.956719,2025-07-03 09:52:49.077258,2025-07-03 10:01:42.000,71.56666666666666,48.25200898333333,16,4,osrm
144,delivered,2025-07-03 08:50:38,2025-07-03 09:02:23.487609,2025-07-03 09:04:48.716878,2025-07-03 09:10:32.700,19.91166666666667,2.4204878166666663,22,4,osrm
145,delivered,2025-07-03 08:50:34,2025-07-03 09:03:32.651065,2025-07-03 09:14:40.796455,2025-07-03 09:20:30.500,29.941666666666666,11.135756500000001,4,4,osrm
146,delivered,2025-07-03 08:50:46,2025-07-03 09:02:28.362348,2025-07-03 09:18:11.700000,2025-07-03 09:26:53.200,36.12,15.7222942,25,4,osrm
147,delivered,2025-07-03 08:51:12,2025-07-03 09:03:06.046566,2025-07-03 09:12:01.547162,2025-07-03 09:13:25.900,22.23166666666667,8.925009933333333,26,4,osrm
148,delivered,2025-07-03 08:51:41,2025-07-03 09:03:11.019993,2025-07-03 09:34:37.026082,2025-07-03 09:42:16.700,50.595,31.433434816666665,15,4,osrm
149,delivered,2025-07-03 08:51:37,2025-07-03 08:59:34.312565,2025-07-03 09:28:00.226265,2025-07-03 09:30:41.800,39.080000000000005,28.431895,5,4,osrm
150,delivered,2025-07-03 08:51:47,2025-07-03 09:07:35.747118,2025-07-03 09:54:24.075032,2025-07-03 10:04:22.700,72.595,46.80546523333333,6,3,osrm
151,delivered,2025-07-03 08:52:58,2025-07-03 09:03:04.133211,2025-07-03 09:32:44.710853,2025-07-03 09:37:59.900,45.031666666666666,29.67629403333333,7,4,osrm
152,delivered,2025-07-03 08:52:58,2025-07-03 09:01:16.622618,2025-07-03 09:01:16.622618,2025-07-03 09:07:52.900,14.915,0.0,30,4,osrm
153,delivered,2025-07-03 08:52:37,2025-07-03 09:04:45.490433,2025-07-03 09:04:45.490433,2025-07-03 09:08:26.200,15.82,0.0,21,4,osrm
154,delivered,2025-07-03 08:52:39,2025-07-03 09:02:34.855648,2025-07-03 09:26:27.597669,2025-07-03 09:31:30.300,38.855000000000004,23.879033683333333,14,4,osrm
155,delivered,2025-07-03 08:53:14,2025-07-03 09:08:54.985205,2025-07-03 11:20:15.300000,2025-07-03 11:25:37.600,152.39333333333335,131.33857991666667,29,4,osrm
156,delivered,2025-07-03 08:53:01,2025-07-03 09:06:50.283863,2025-07-03 09:18:38.086948,2025-07-03 09:27:36.500,34.59166666666667,11.796718083333333,18,4,osrm
157,delivered,2025-07-03 08:53:09,2025-07-03 09:03:17.347329,2025-07-03 09:59:31.227172,2025-07-03 10:08:17.600,75.14333333333335,56.23133071666667,1,4,osrm
158,delivered,2025-07-03 08:53:49,2025-07-03 09:03:03.710370,2025-07-03 09:21:30.487929,2025-07-03 09:32:48.600,38.99333333333333,18.44629265,3,4,osrm
159,delivered,2025-07-03 08:54:16,2025-07-03 09:08:05.803637,2025-07-03 09:10:49.790742,2025-07-03 09:19:02.500,24.775,2.733118416666667,7,4,osrm
160,delivered,2025-07-03 08:55:00,2025-07-03 09:04:48.716878,2025-07-03 09:04:48.716878,2025-07-03 09:10:32.700,15.545,0.0,22,4,osrm
161,delivered,2025-07-03 08:55:28,2025-07-03 09:03:15.393088,2025-07-03 09:04:45.490433,2025-07-03 09:08:26.200,12.97,1.5016224166666667,21,4,osrm
162,delivered,2025-07-03 08:55:02,2025-07-03 09:01:56.967962,2025-07-03 09:01:56.967962,2025-07-03 09:08:25.900,13.398333333333333,0.0,5,4,osrm
163,delivered,2025-07-03 08:55:12,2025-07-03 09:09:13.158735,2025-07-03 09:23:46.755231,2025-07-03 09:30:00.200,34.80333333333333,14.5599416,30,4,osrm
164,delivered,2025-07-03 08:56:15,2025-07-03 09:03:27.976652,2025-07-03 09:03:27.976652,2025-07-03 09:11:48.400,15.556666666666667,0.0,13,3,osrm
165,delivered,2025-07-03 08:56:00,2025-07-03 09:04:21.528688,2025-07-03 09:48:38.500000,2025-07-03 09:54:26.200,58.43666666666666,44.2828552,7,4,osrm
166,delivered,2025-07-03 08:56:03,2025-07-03 09:10:00.909508,2025-07-03 09:46:00.184108,2025-07-03 09:53:27.000,57.4,35.98791000000001,30,4,osrm
167,delivered,2025-07-03 08:56:47,2025-07-03 09:11:05.480397,2025-07-03 09:38:30.053026,2025-07-03 09:47:00.100,50.218333333333334,27.409543816666666,23,4,osrm
168,delivered,2025-07-03 08:57:36,2025-07-03 09:05:59.056200,2025-07-03 09:19:15.590740,2025-07-03 09:20:31.100,22.918333333333333,13.275575666666667,6,4,osrm
169,delivered,2025-07-03 08:57:33,2025-07-03 09:07:36.591710,2025-07-03 11:20:15.300000,2025-07-03 11:25:37.600,148.07666666666668,132.64513816666667,29,4,osrm
170,delivered,2025-07-03 08:57:40,2025-07-03 09:12:28.916852,2025-07-03 09:22:00.768909,2025-07-03 09:28:09.900,30.498333333333335,9.530867616666665,28,4,osrm
171,delivered,2025-07-03 08:57:43,2025-07-03 09:10:14.335321,2025-07-03 09:21:23.650240,2025-07-03 09:30:23.200,32.67,11.15524865,1,4,osrm
172,delivered,2025-07-03 08:57:58,2025-07-03 09:08:28.118982,2025-07-03 09:10:14.335321,2025-07-03 09:21:36.000,23.633333333333333,1.7702723166666667,15,4,osrm
173,delivered,2025-07-03 08:58:23,2025-07-03 09:10:37.545442,2025-07-03 12:05:24.356446,2025-07-03 12:11:38.200,193.25333333333336,174.7801834,18,4,osrm
174,delivered,2025-07-03 08:58:53,2025-07-03 09:12:01.547162,2025-07-03 09:12:01.547162,2025-07-03 09:13:25.900,14.548333333333334,0.0,26,4,osrm
175,delivered,2025-07-03 08:58:13,2025-07-03 09:06:48.235620,2025-07-03 09:06:48.235620,2025-07-03 09:11:24.100,13.185,0.0,11,4,osrm
176,delivered,2025-07-03 08:58:29,2025-07-03 09:07:19.432980,2025-07-03 11:51:33.900000,2025-07-03 11:58:29.300,180.005,164.241117,21,4,osrm
177,delivered,2025-07-03 08:59:36,2025-07-03 09:14:49.850840,2025-07-03 09:30:51.304104,2025-07-03 09:38:03.600,38.46,16.024221066666666,17,4,osrm
178,delivered,2025-07-03 08:59:36,2025-07-03 09:16:45.250961,2025-07-03 11:17:49.700000,2025-07-03 11:28:07.700,148.52833333333334,121.07415065,18,4,osrm
179,delivered,2025-07-03 08:59:25,2025-07-03 09:14:01.569486,2025-07-03 12:14:23.000000,2025-07-03 12:21:46.400,202.35666666666665,180.35717523333332,1,4,osrm
180,delivered,2025-07-03 08:59:30,2025-07-03 09:10:49.790742,2025-07-03 09:10:49.790742,2025-07-03 09:19:02.500,19.541666666666668,0.0,7,4,osrm
181,delivered,2025-07-03 09:00:16,2025-07-03 09:10:07.404855,2025-07-03 09:27:46.454951,2025-07-03 09:31:02.600,30.776666666666664,17.650834933333332,13,4,osrm
182,delivered,2025-07-03 09:00:47,2025-07-03 09:12:51.381403,2025-07-03 11:05:20.400000,2025-07-03 11:10:47.700,130.01166666666666,112.48364328333334,5,4,osrm
183,delivered,2025-07-03 09:00:51,2025-07-03 09:15:54.168408,2025-07-03 09:18:11.700000,2025-07-03 09:26:53.200,26.03666666666667,2.2921932,25,4,osrm
184,delivered,2025-07-03 09:00:34,2025-07-03 09:16:14.724274,2025-07-03 09:33:33.299992,2025-07-03 09:40:24.400,39.84,17.3095953,4,3,osrm
185,delivered,2025-07-03 09:01:58,2025-07-03 09:13:50.410279,2025-07-03 10:51:01.400000,2025-07-03 10:59:34.800,117.61333333333333,97.18316201666667,30,4,osrm
186,delivered,2025-07-03 09:01:22,2025-07-03 09:14:28.390837,2025-07-03 09:30:51.304104,2025-07-03 09:38:03.600,36.693333333333335,16.381887783333333,17,4,osrm
187,delivered,2025-07-03 09:02:47,2025-07-03 09:10:21.499852,2025-07-03 10:58:11.800000,2025-07-03 11:07:45.500,124.975,107.83833580000001,14,4,osrm
188,delivered,2025-07-03 09:02:26,2025-07-03 09:13:55.872556,2025-07-03 12:14:23.000000,2025-07-03 12:21:46.400,199.34,180.45212406666667,1,4,osrm
189,delivered,2025-07-03 09:02:53,2025-07-03 09:19:10.273784,2025-07-03 09:27:46.454951,2025-07-03 09:31:02.600,28.16,8.60301945,13,4,osrm
190,delivered,2025-07-03 09:03:59,2025-07-03 09:15:28.104769,2025-07-03 09:32:44.710853,2025-07-03 09:37:59.900,34.015,17.276768066666666,7,4,osrm
191,delivered,2025-07-03 09:03:35,2025-07-03 09:16:51.608062,2025-07-03 09:33:37.566618,2025-07-03 09:31:53.900,28.315,16.765975933333333,22,4,osrm
192,delivered,2025-07-03 09:03:53,2025-07-03 09:18:28.871945,2025-07-03 09:18:28.871945,2025-07-03 09:24:53.400,21.006666666666668,0.0,20,4,osrm
193,delivered,2025-07-03 09:03:15,2025-07-03 09:17:36.633743,2025-07-03 09:36:01.868249,2025-07-03 09:43:30.600,40.26,18.4205751,12,4,osrm
194,delivered,2025-07-03 09:03:22,2025-07-03 09:15:34.048567,2025-07-03 09:18:38.086948,2025-07-03 09:27:36.500,24.241666666666667,3.06730635,18,4,osrm
195,delivered,2025-07-03 09:03:50,2025-07-03 09:14:03.441242,2025-07-03 09:49:26.400574,2025-07-03 09:56:10.700,52.345,35.382655533333335,4,4,osrm
196,delivered,2025-07-03 09:03:39,2025-07-03 09:09:04.263443,2025-07-03 12:00:54.600000,2025-07-03 12:05:44.600,182.09333333333333,171.83894261666669,14,4,osrm
197,delivered,2025-07-03 09:03:43,2025-07-03 09:12:08.784394,2025-07-03 09:12:08.784394,2025-07-03 09:15:23.500,11.675,0.0,8,4,osrm
198,delivered,2025-07-03 09:03:42,2025-07-03 09:14:40.796455,2025-07-03 09:14:40.796455,2025-07-03 09:20:30.500,16.808333333333334,0.0,4,4,osrm
199,delivered,2025-07-03 09:04:08,2025-07-03 09:18:11.148997,2025-07-03 09:18:11.700000,2025-07-03 09:26:53.200,22.753333333333334,0.009183383333333333,25,4,osrm
200,delivered,2025-07-03 09:04:13,2025-07-03 09:16:44.165341,2025-07-03 09:32:44.710853,2025-07-03 09:37:59.900,33.781666666666666,16.00909186666667,7,4,osrm
201,delivered,2025-07-03 09:04:58,2025-07-03 09:20:18.091490,2025-07-03 09:27:46.454951,2025-07-03 09:31:02.600,26.076666666666664,7.472724349999999,13,4,osrm
202,delivered,2025-07-03 09:04:32,2025-07-03 09:12:47.260958,2025-07-03 09:53:50.233458,2025-07-03 09:58:42.000,54.166666666666664,41.04954166666666,24,3,osrm
203,delivered,2025-07-03 09:05:56,2025-07-03 09:12:30.715388,2025-07-03 09:15:34.048567,2025-07-03 09:23:32.400,17.60666666666667,3.0555529833333335,12,4,osrm
204,delivered,2025-07-03 09:05:02,2025-07-03 09:18:44.390211,2025-07-03 09:22:21.275922,2025-07-03 09:32:07.300,27.08833333333333,3.61476185,21,4,osrm
205,delivered,2025-07-03 09:06:22,2025-07-03 09:23:36.428479,2025-07-03 09:23:36.428479,2025-07-03 09:25:48.900,19.448333333333334,0.0,19,4,osrm
206,delivered,2025-07-03 09:06:39,2025-07-03 09:19:08.862096,2025-07-03 09:34:37.026082,2025-07-03 09:42:16.700,35.62833333333333,15.469399766666667,15,4,osrm
207,delivered,2025-07-03 09:06:26,2025-07-03 09:16:42.003086,2025-07-03 12:14:49.700000,2025-07-03 12:18:01.700,191.595,178.1282819,15,2,osrm
208,delivered,2025-07-03 09:06:50,2025-07-03 09:21:23.650240,2025-07-03 09:21:23.650240,2025-07-03 09:30:23.200,23.553333333333335,0.0,1,4,osrm
209,delivered,2025-07-03 09:06:24,2025-07-03 09:22:31.473029,2025-07-03 09:46:13.384112,2025-07-03 09:56:31.700,50.12833333333333,23.69851805,8,4,osrm
210,delivered,2025-07-03 09:07:46,2025-07-03 09:16:02.335327,2025-07-03 09:46:17.275315,2025-07-03 09:54:01.600,46.26,30.2489998,5,4,osrm
211,delivered,2025-07-03 09:07:30,2025-07-03 09:18:22.947076,2025-07-03 09:19:15.590740,2025-07-03 09:20:31.100,13.018333333333334,0.8773944,6,4,osrm
212,delivered,2025-07-03 09:08:51,2025-07-03 09:23:46.755231,2025-07-03 09:34:37.026082,2025-07-03 09:42:16.700,33.428333333333335,10.837847516666667,15,4,osrm
213,delivered,2025-07-03 09:08:16,2025-07-03 09:20:54.945414,2025-07-03 09:34:35.367865,2025-07-03 09:37:00.700,28.745,13.673707516666667,6,2,osrm
214,delivered,2025-07-03 09:09:44,2025-07-03 09:19:15.590740,2025-07-03 09:26:34.845319,2025-07-03 09:32:56.800,23.21333333333333,7.32090965,8,4,osrm
215,delivered,2025-07-03 09:09:09,2025-07-03 09:20:10.269313,2025-07-03 09:36:01.868249,2025-07-03 09:43:30.600,34.36,15.859982266666666,12,4,osrm
216,delivered,2025-07-03 09:09:22,2025-07-03 09:18:38.086948,2025-07-03 09:27:54.940958,2025-07-03 09:35:46.500,26.408333333333335,9.280900166666667,11,4,osrm
217,delivered,2025-07-03 09:09:56,2025-07-03 09:17:28.563103,2025-07-03 09:21:23.650240,2025-07-03 09:30:23.200,20.453333333333333,3.91811895,1,4,osrm
218,delivered,2025-07-03 09:09:05,2025-07-03 09:21:56.074475,2025-07-03 09:21:56.074475,2025-07-03 09:26:50.700,17.761666666666667,0.0,29,4,osrm
219,delivered,2025-07-03 09:09:40,2025-07-03 09:17:42.260404,2025-07-03 09:24:11.186091,2025-07-03 09:27:18.100,17.634999999999998,6.482094783333333,10,4,osrm
220,delivered,2025-07-03 09:09:12,2025-07-03 09:20:45.048737,2025-07-03 09:44:53.758463,2025-07-03 09:50:11.200,40.986666666666665,24.1451621,26,4,osrm
221,delivered,2025-07-03 09:09:59,2025-07-03 09:19:05.463259,2025-07-03 09:45:50.645217,2025-07-03 09:50:34.600,40.593333333333334,26.75303263333333,14,3,osrm
222,delivered,2025-07-03 09:10:24,2025-07-03 09:23:35.637864,2025-07-03 09:54:24.075032,2025-07-03 10:04:22.700,53.97833333333333,30.80728613333333,6,3,osrm
223,delivered,2025-07-03 09:10:41,2025-07-03 09:21:30.487929,2025-07-03 09:21:30.487929,2025-07-03 09:32:48.600,22.126666666666665,0.0,3,4,osrm
224,delivered,2025-07-03 09:10:54,2025-07-03 09:22:00.768909,2025-07-03 09:22:00.768909,2025-07-03 09:28:09.900,17.265,0.0,28,4,osrm
225,delivered,2025-07-03 09:10:19,2025-07-03 09:17:35.169236,2025-07-03 09:21:30.487929,2025-07-03 09:32:48.600,22.493333333333332,3.9219782166666666,3,4,osrm
226,delivered,2025-07-03 09:11:37,2025-07-03 09:24:11.186091,2025-07-03 09:38:30.053026,2025-07-03 09:47:00.100,35.385,14.314448916666667,23,4,osrm
227,delivered,2025-07-03 09:11:48,2025-07-03 09:22:21.275922,2025-07-03 09:22:21.275922,2025-07-03 09:32:07.300,20.321666666666665,0.0,21,4,osrm
228,delivered,2025-07-03 09:11:40,2025-07-03 09:21:08.308917,2025-07-03 09:50:12.001015,2025-07-03 09:52:48.700,41.144999999999996,29.061534966666667,20,4,osrm
229,delivered,2025-07-03 09:12:14,2025-07-03 09:25:20.101578,2025-07-03 09:48:38.500000,2025-07-03 09:54:26.200,42.20333333333333,23.306640366666667,7,4,osrm
230,delivered,2025-07-03 09:13:27,2025-07-03 09:28:00.226265,2025-07-03 09:28:00.226265,2025-07-03 09:30:41.800,17.246666666666666,0.0,5,4,osrm
231,delivered,2025-07-03 09:13:59,2025-07-03 09:30:51.304104,2025-07-03 09:46:13.384112,2025-07-03 09:56:31.700,42.544999999999995,15.368000133333334,8,4,osrm
232,delivered,2025-07-03 09:14:04,2025-07-03 09:26:28.938001,2025-07-03 09:49:20.432715,2025-07-03 09:56:30.900,42.44833333333334,22.85824523333333,19,4,osrm
233,delivered,2025-07-03 09:14:23,2025-07-03 09:26:55.041233,2025-07-03 09:41:45.397515,2025-07-03 09:49:49.700,35.445,14.839271366666667,18,3,osrm
234,delivered,2025-07-03 09:14:18,2025-07-03 09:23:20.427691,2025-07-03 09:23:20.427691,2025-07-03 09:29:19.500,15.025,0.0,24,4,osrm
235,delivered,2025-07-03 09:15:24,2025-07-03 09:25:13.934695,2025-07-03 09:28:00.226265,2025-07-03 09:30:41.800,15.296666666666665,2.771526166666667,5,4,osrm
236,delivered,2025-07-03 09:15:06,2025-07-03 09:30:25.479685,2025-07-03 09:47:21.541569,2025-07-03 09:58:53.900,43.79833333333333,16.934364733333332,21,4,osrm
237,delivered,2025-07-03 09:15:41,2025-07-03 09:26:12.171356,2025-07-03 12:29:09.100000,2025-07-03 12:35:56.000,200.25,182.94881073333332,25,2,osrm
238,delivered,2025-07-03 09:15:06,2025-07-03 09:32:22.502242,2025-07-03 09:48:38.500000,2025-07-03 09:54:26.200,39.336666666666666,16.266629299999998,7,4,osrm
239,delivered,2025-07-03 09:15:18,2025-07-03 09:23:29.174501,2025-07-03 09:27:54.940958,2025-07-03 09:35:46.500,20.475,4.42944095,11,4,osrm
240,delivered,2025-07-03 09:16:29,2025-07-03 09:27:54.940958,2025-07-03 09:49:26.400574,2025-07-03 09:59:02.500,42.55833333333333,21.524326933333334,22,4,osrm
241,delivered,2025-07-03 09:16:26,2025-07-03 09:27:46.454951,2025-07-03 09:27:46.454951,2025-07-03 09:31:02.600,14.610000000000001,0.0,13,4,osrm
242,delivered,2025-07-03 09:17:09,2025-07-03 09:27:03.853183,2025-07-03 10:25:26.400000,2025-07-03 10:32:42.100,75.55166666666668,58.375780283333334,3,4,osrm
243,delivered,2025-07-03 09:17:20,2025-07-03 09:28:20.815600,2025-07-03 12:00:54.600000,2025-07-03 12:05:44.600,168.41,152.56307333333334,14,4,osrm
244,delivered,2025-07-03 09:17:40,2025-07-03 09:29:01.535736,2025-07-03 11:43:56.100000,2025-07-03 11:48:41.900,151.03166666666667,134.9094044,26,4,osrm
245,delivered,2025-07-03 09:18:01,2025-07-03 09:30:27.616886,2025-07-03 10:14:22.757279,2025-07-03 10:18:32.600,60.526666666666664,43.91900655,11,4,osrm
246,delivered,2025-07-03 09:18:51,2025-07-03 09:30:31.787531,2025-07-03 10:18:25.400000,2025-07-03 10:28:24.100,69.55166666666668,47.893541150000004,18,4,osrm
247,delivered,2025-07-03 09:18:35,2025-07-03 09:33:37.566618,2025-07-03 09:33:37.566618,2025-07-03 09:31:53.900,13.315,0.0,22,4,osrm
248,delivered,2025-07-03 09:18:45,2025-07-03 09:38:08.769786,2025-07-03 12:05:54.600000,2025-07-03 12:10:40.700,171.92833333333334,147.7638369,19,4,osrm
249,delivered,2025-07-03 09:18:34,2025-07-03 09:32:44.710853,2025-07-03 09:32:44.710853,2025-07-03 09:37:59.900,19.43166666666667,0.0,7,4,osrm
250,delivered,2025-07-03 09:19:59,2025-07-03 09:33:07.902028,2025-07-03 09:36:01.868249,2025-07-03 09:43:30.600,23.526666666666664,2.8994370166666665,12,4,osrm
251,delivered,2025-07-03 09:19:20,2025-07-03 09:28:20.116147,2025-07-03 10:00:25.609219,2025-07-03 10:08:23.100,49.05166666666666,32.0915512,29,4,osrm
252,delivered,2025-07-03 09:19:01,2025-07-03 09:29:21.148558,2025-07-03 09:44:53.758463,2025-07-03 09:50:11.200,31.17,15.543498416666667,26,4,osrm
253,delivered,2025-07-03 09:19:22,2025-07-03 09:26:15.443019,2025-07-03 10:09:01.000000,2025-07-03 10:19:15.400,59.89,42.75928301666667,24,4,osrm
254,delivered,2025-07-03 09:19:46,2025-07-03 09:33:11.409351,2025-07-03 09:59:31.227172,2025-07-03 10:08:17.600,48.526666666666664,26.33029701666667,1,4,osrm
255,delivered,2025-07-03 09:19:02,2025-07-03 09:26:34.845319,2025-07-03 09:26:34.845319,2025-07-03 09:32:56.800,13.913333333333332,0.0,8,4,osrm
256,delivered,2025-07-03 09:20:34,2025-07-03 09:34:35.367865,2025-07-03 09:34:35.367865,2025-07-03 09:37:00.700,16.445,0.0,6,2,osrm
257,delivered,2025-07-03 09:20:18,2025-07-03 09:30:01.272534,2025-07-03 09:30:01.272534,2025-07-03 09:28:21.300,8.055,0.0,26,3,osrm
258,delivered,2025-07-03 09:20:44,2025-07-03 09:33:47.797390,2025-07-03 09:40:51.506296,2025-07-03 09:49:08.400,28.40666666666667,7.0618151000000005,25,4,osrm
259,delivered,2025-07-03 09:20:44,2025-07-03 09:34:17.041364,2025-07-03 09:47:21.541569,2025-07-03 09:58:53.900,38.165,13.075003416666668,21,4,osrm
260,delivered,2025-07-03 09:20:07,2025-07-03 09:26:27.597669,2025-07-03 09:26:27.597669,2025-07-03 09:31:30.300,11.388333333333332,0.0,14,4,osrm
261,delivered,2025-07-03 09:20:29,2025-07-03 09:30:05.859866,2025-07-03 09:57:10.403071,2025-07-03 10:04:59.900,44.515,27.075720083333334,9,3,osrm
262,delivered,2025-07-03 09:20:29,2025-07-03 09:33:33.299992,2025-07-03 09:33:33.299992,2025-07-03 09:40:24.400,19.923333333333336,0.0,4,3,osrm
263,delivered,2025-07-03 09:21:11,2025-07-03 09:34:37.026082,2025-07-03 09:51:58.545209,2025-07-03 09:56:23.800,35.21333333333334,17.35865211666667,11,3,osrm
264,delivered,2025-07-03 09:21:02,2025-07-03 09:35:25.750567,2025-07-03 10:14:22.757279,2025-07-03 10:18:32.600,57.51,38.95011186666667,11,4,osrm
265,delivered,2025-07-03 09:21:07,2025-07-03 09:32:05.399077,2025-07-03 09:45:50.645217,2025-07-03 09:50:34.600,29.459999999999997,13.754102333333332,14,3,osrm
266,delivered,2025-07-03 09:22:12,2025-07-03 09:33:55.304843,2025-07-03 12:06:11.200000,2025-07-03 12:12:44.800,170.54666666666665,152.26491928333334,27,3,osrm
267,delivered,2025-07-03 09:22:28,2025-07-03 09:39:49.233628,2025-07-03 12:01:57.700000,2025-07-03 12:08:49.400,166.35666666666665,142.14110620000002,26,4,osrm
268,delivered,2025-07-03 09:23:26,2025-07-03 09:36:01.868249,2025-07-03 09:36:01.868249,2025-07-03 09:43:30.600,20.076666666666664,0.0,12,4,osrm
269,delivered,2025-07-03 09:23:28,2025-07-03 09:37:56.015479,2025-07-03 12:13:37.500000,2025-07-03 12:23:42.400,180.23999999999998,155.69140868333335,7,3,osrm
270,delivered,2025-07-03 09:25:53,2025-07-03 09:37:05.622135,2025-07-03 09:50:12.001015,2025-07-03 09:52:48.700,26.928333333333335,13.106314666666666,20,4,osrm
271,delivered,2025-07-03 09:25:27,2025-07-03 09:32:56.167582,2025-07-03 09:49:26.400574,2025-07-03 09:56:10.700,30.728333333333335,16.5038832,4,4,osrm
272,delivered,2025-07-03 09:25:10,2025-07-03 09:38:33.959146,2025-07-03 10:06:41.184341,2025-07-03 10:07:05.400,41.92333333333333,28.120419916666666,18,2,osrm
273,delivered,2025-07-03 09:26:35,2025-07-03 09:40:13.189624,2025-07-03 10:18:25.400000,2025-07-03 10:29:47.900,63.215,38.203506266666665,7,4,osrm
274,delivered,2025-07-03 09:26:58,2025-07-03 09:41:47.746362,2025-07-03 09:48:38.500000,2025-07-03 09:54:26.200,27.470000000000002,6.845893966666667,7,4,osrm
275,delivered,2025-07-03 09:26:20,2025-07-03 09:35:38.130743,2025-07-03 10:05:53.548561,2025-07-03 10:08:14.500,41.90833333333333,30.25696363333333,27,2,osrm
276,delivered,2025-07-03 09:27:03,2025-07-03 09:36:55.804795,2025-07-03 09:49:26.400574,2025-07-03 09:59:02.500,31.991666666666667,12.50992965,22,4,osrm
277,delivered,2025-07-03 09:27:23,2025-07-03 09:32:54.067862,2025-07-03 10:15:18.713653,2025-07-03 10:21:52.800,54.49666666666667,42.41076318333333,8,3,osrm
278,delivered,2025-07-03 09:27:38,2025-07-03 09:41:18.940934,2025-07-03 11:51:33.900000,2025-07-03 11:58:29.300,150.855,130.24931776666668,21,4,osrm
279,delivered,2025-07-03 09:27:19,2025-07-03 09:41:45.397515,2025-07-03 09:41:45.397515,2025-07-03 09:49:49.700,22.511666666666667,0.0,18,3,osrm
280,delivered,2025-07-03 09:28:31,2025-07-03 09:38:30.053026,2025-07-03 09:46:00.184108,2025-07-03 09:53:43.100,25.201666666666664,7.5021847,13,4,osrm
281,delivered,2025-07-03 09:28:37,2025-07-03 09:39:17.658060,2025-07-03 11:22:59.100000,2025-07-03 11:34:15.400,125.64,103.690699,26,4,osrm
282,delivered,2025-07-03 09:28:03,2025-07-03 09:39:24.288828,2025-07-03 10:29:43.779844,2025-07-03 10:36:18.400,68.25666666666667,50.324850266666665,22,3,osrm
283,delivered,2025-07-03 09:29:02,2025-07-03 09:45:48.257234,2025-07-03 11:12:13.743713,2025-07-03 11:24:04.100,115.03500000000001,86.42477465,22,4,osrm
284,delivered,2025-07-03 09:29:41,2025-07-03 09:44:24.257577,2025-07-03 10:50:13.800000,2025-07-03 10:59:53.700,90.21166666666666,65.82570704999999,26,3,osrm
285,delivered,2025-07-03 09:29:42,2025-07-03 09:45:07.207396,2025-07-03 10:25:26.400000,2025-07-03 10:32:42.100,63.001666666666665,40.31987673333333,3,4,osrm
286,delivered,2025-07-03 09:29:18,2025-07-03 09:40:51.506296,2025-07-03 09:44:53.758463,2025-07-03 09:50:11.200,20.886666666666667,4.037536116666667,26,4,osrm
287,delivered,2025-07-03 09:30:48,2025-07-03 09:41:27.960258,2025-07-03 10:07:24.112581,2025-07-03 10:12:43.600,41.92666666666666,25.93587205,13,3,osrm
288,delivered,2025-07-03 09:30:42,2025-07-03 09:46:00.184108,2025-07-03 09:46:00.184108,2025-07-03 09:53:27.000,22.75,0.0,30,4,osrm
289,delivered,2025-07-03 09:30:21,2025-07-03 09:37:22.564444,2025-07-03 09:49:20.432715,2025-07-03 09:56:30.900,26.165000000000003,11.964471183333334,19,4,osrm
290,delivered,2025-07-03 09:31:08,2025-07-03 09:44:40.264973,2025-07-03 09:53:50.233458,2025-07-03 09:58:42.000,27.566666666666666,9.166141416666667,24,3,osrm
291,delivered,2025-07-03 09:31:01,2025-07-03 09:39:07.077895,2025-07-03 10:12:20.893978,2025-07-03 10:13:46.700,42.76166666666666,33.23026805,5,4,osrm
292,delivered,2025-07-03 09:32:15,2025-07-03 09:46:36.302534,2025-07-03 10:18:25.400000,2025-07-03 10:28:24.100,56.151666666666664,31.8182911,18,4,osrm
293,delivered,2025-07-03 09:32:42,2025-07-03 09:46:13.384112,2025-07-03 09:46:13.384112,2025-07-03 09:56:31.700,23.828333333333333,0.0,8,4,osrm
294,delivered,2025-07-03 09:33:38,2025-07-03 09:42:57.974591,2025-07-03 10:33:07.688239,2025-07-03 10:30:30.400,56.873333333333335,50.161894133333334,20,4,osrm
295,delivered,2025-07-03 09:33:38,2025-07-03 09:46:17.275315,2025-07-03 09:46:17.275315,2025-07-03 09:54:01.600,20.39333333333333,0.0,5,4,osrm
296,delivered,2025-07-03 09:33:18,2025-07-03 09:41:53.813130,2025-07-03 10:15:05.133619,2025-07-03 10:25:03.800,51.763333333333335,33.18867481666667,30,4,osrm
297,delivered,2025-07-03 09:33:45,2025-07-03 09:42:36.035954,2025-07-03 10:07:45.000000,2025-07-03 10:17:32.600,43.79333333333333,25.149400766666666,19,4,osrm
298,delivered,2025-07-03 09:34:05,2025-07-03 09:44:53.758463,2025-07-03 09:44:53.758463,2025-07-03 09:50:11.200,16.103333333333335,0.0,26,4,osrm
299,delivered,2025-07-03 09:34:08,2025-07-03 09:43:50.533810,2025-07-03 09:46:00.184108,2025-07-03 09:53:27.000,19.316666666666666,2.1608383,30,4,osrm
300,delivered,2025-07-03 09:34:29,2025-07-03 09:49:26.400574,2025-07-03 09:49:26.400574,2025-07-03 09:59:02.500,24.558333333333334,0.0,22,4,osrm
301,delivered,2025-07-03 09:34:34,2025-07-03 09:52:49.077258,2025-07-03 10:15:18.713653,2025-07-03 10:21:52.800,47.31333333333334,22.493939916666665,8,3,osrm
302,delivered,2025-07-03 09:35:40,2025-07-03 09:47:40.121831,2025-07-03 09:50:12.001015,2025-07-03 09:52:48.700,17.145,2.5313197333333335,20,4,osrm
303,delivered,2025-07-03 09:35:23,2025-07-03 09:47:21.541569,2025-07-03 09:47:21.541569,2025-07-03 09:58:53.900,23.515,0.0,21,4,osrm
304,delivered,2025-07-03 09:35:07,2025-07-03 09:49:20.432715,2025-07-03 10:00:25.609219,2025-07-03 10:08:23.100,33.26833333333333,11.086275066666667,29,4,osrm
305,delivered,2025-07-03 09:35:03,2025-07-03 09:46:04.565718,2025-07-03 10:51:01.400000,2025-07-03 10:59:34.800,84.53,64.94723803333333,30,4,osrm
306,delivered,2025-07-03 09:36:52,2025-07-03 09:50:12.001015,2025-07-03 09:50:12.001015,2025-07-03 09:52:48.700,15.945,0.0,20,4,osrm
307,delivered,2025-07-03 09:38:38,2025-07-03 09:44:58.104093,2025-07-03 10:00:37.754881,2025-07-03 10:06:31.000,27.883333333333333,15.660846466666667,23,4,osrm
308,delivered,2025-07-03 09:38:14,2025-07-03 09:48:07.495716,2025-07-03 10:19:43.683007,2025-07-03 10:28:59.300,50.755,31.603121516666665,29,4,osrm
309,delivered,2025-07-03 09:38:30,2025-07-03 09:45:50.645217,2025-07-03 10:00:25.609219,2025-07-03 10:08:23.100,29.884999999999998,14.582733366666668,29,4,osrm
310,delivered,2025-07-03 09:39:56,2025-07-03 09:46:10.004085,2025-07-03 10:29:00.100000,2025-07-03 10:38:26.400,58.50666666666667,42.83493191666666,17,4,osrm
311,delivered,2025-07-03 09:39:48,2025-07-03 09:54:37.006027,2025-07-03 10:29:00.100000,2025-07-03 10:38:26.400,58.64,34.38489955,17,4,osrm
312,delivered,2025-07-03 09:39:37,2025-07-03 09:50:40.430423,2025-07-03 10:58:11.800000,2025-07-03 11:07:45.500,88.14166666666667,67.52282628333333,14,4,osrm
313,delivered,2025-07-03 09:39:21,2025-07-03 09:56:01.055625,2025-07-03 10:58:00.800000,2025-07-03 11:05:54.200,86.55333333333333,61.99573958333334,12,4,osrm
314,delivered,2025-07-03 09:39:09,2025-07-03 09:55:37.575127,2025-07-03 10:19:43.683007,2025-07-03 10:26:13.800,47.080000000000005,24.101798,25,4,osrm
315,delivered,2025-07-03 09:41:24,2025-07-03 09:53:10.179191,2025-07-03 09:57:10.403071,2025-07-03 10:04:59.900,23.598333333333336,4.0037313333333335,9,3,osrm
316,delivered,2025-07-03 09:41:16,2025-07-03 09:51:58.545209,2025-07-03 10:09:47.942590,2025-07-03 10:16:17.100,35.01833333333333,17.823289683333332,14,3,osrm
317,delivered,2025-07-03 09:42:15,2025-07-03 09:51:56.559878,2025-07-03 12:00:54.600000,2025-07-03 12:05:44.600,143.49333333333334,128.96733536666667,14,4,osrm
318,delivered,2025-07-03 09:43:38,2025-07-03 09:48:38.000000,2025-07-03 10:09:47.942590,2025-07-03 10:16:17.100,32.651666666666664,21.165709833333334,14,3,osrm
319,delivered,2025-07-03 09:43:29,2025-07-03 09:53:50.233458,2025-07-03 10:00:37.754881,2025-07-03 10:06:31.000,23.033333333333335,6.792023716666667,23,4,osrm
320,delivered,2025-07-03 09:43:30,2025-07-03 09:54:37.979423,2025-07-03 11:43:56.100000,2025-07-03 11:48:41.900,125.19833333333332,109.30200961666667,26,4,osrm
321,delivered,2025-07-03 09:44:28,2025-07-03 09:54:24.075032,2025-07-03 09:54:24.075032,2025-07-03 10:04:22.700,19.91166666666667,0.0,6,3,osrm
322,delivered,2025-07-03 09:46:01,2025-07-03 09:55:03.341587,2025-07-03 10:11:27.600000,2025-07-03 10:16:50.100,30.81833333333333,16.404306883333334,22,4,osrm
323,delivered,2025-07-03 09:46:04,2025-07-03 09:57:45.449787,2025-07-03 11:20:15.300000,2025-07-03 11:25:37.600,99.56,82.49750354999999,29,4,osrm
324,delivered,2025-07-03 09:46:20,2025-07-03 09:57:10.403071,2025-07-03 09:57:10.403071,2025-07-03 10:04:59.900,18.665000000000003,0.0,9,3,osrm
325,delivered,2025-07-03 09:48:57,2025-07-03 10:01:18.381508,2025-07-03 10:11:27.600000,2025-07-03 10:16:50.100,27.884999999999998,10.153641533333333,22,4,osrm
326,delivered,2025-07-03 09:48:51,2025-07-03 09:57:50.169136,2025-07-03 11:17:49.700000,2025-07-03 11:28:07.700,99.27833333333334,79.99218106666667,18,4,osrm
327,delivered,2025-07-03 09:49:49,2025-07-03 10:07:24.112581,2025-07-03 10:07:24.112581,2025-07-03 10:12:43.600,22.91,0.0,13,3,osrm
328,delivered,2025-07-03 09:49:57,2025-07-03 10:03:31.008440,2025-07-03 10:58:00.800000,2025-07-03 11:05:54.200,75.95333333333333,54.496526,12,4,osrm
329,delivered,2025-07-03 09:50:50,2025-07-03 10:02:17.527371,2025-07-03 11:12:13.743713,2025-07-03 11:24:04.100,93.235,69.93693903333333,22,4,osrm
330,delivered,2025-07-03 09:50:50,2025-07-03 10:00:25.609219,2025-07-03 10:00:25.609219,2025-07-03 10:08:23.100,17.551666666666666,0.0,29,4,osrm
331,delivered,2025-07-03 09:50:29,2025-07-03 09:59:31.227172,2025-07-03 09:59:31.227172,2025-07-03 10:08:17.600,17.81,0.0,1,4,osrm
332,delivered,2025-07-03 09:51:09,2025-07-03 10:05:27.208892,2025-07-03 10:07:45.000000,2025-07-03 10:17:32.600,26.39333333333333,2.296518466666667,19,4,osrm
333,delivered,2025-07-03 09:51:22,2025-07-03 10:02:04.596233,2025-07-03 10:19:43.683007,2025-07-03 10:26:13.800,34.86333333333334,17.651446233333335,25,4,osrm
334,delivered,2025-07-03 09:52:16,2025-07-03 10:04:21.166744,2025-07-03 12:05:24.356446,2025-07-03 12:11:38.200,139.37,121.05316169999999,18,4,osrm
335,delivered,2025-07-03 09:52:43,2025-07-03 10:05:53.548561,2025-07-03 10:05:53.548561,2025-07-03 10:08:14.500,15.525,0.0,27,2,osrm
336,delivered,2025-07-03 09:53:31,2025-07-03 10:03:49.523650,2025-07-03 10:25:26.400000,2025-07-03 10:32:42.100,39.184999999999995,21.614605833333332,3,4,osrm
337,delivered,2025-07-03 09:53:59,2025-07-03 10:06:41.184341,2025-07-03 10:06:41.184341,2025-07-03 10:07:05.400,13.106666666666666,0.0,18,2,osrm
338,delivered,2025-07-03 09:54:16,2025-07-03 10:00:37.754881,2025-07-03 10:11:27.600000,2025-07-03 10:16:50.100,22.56833333333333,10.830751983333332,22,4,osrm
339,delivered,2025-07-03 09:54:45,2025-07-03 10:03:47.864141,2025-07-03 10:27:17.913788,2025-07-03 10:31:13.500,36.475,23.50082745,13,4,osrm
340,delivered,2025-07-03 09:56:10,2025-07-03 10:02:18.652857,2025-07-03 10:18:25.400000,2025-07-03 10:28:24.100,32.235,16.112452383333334,18,4,osrm
341,delivered,2025-07-03 09:56:05,2025-07-03 10:06:47.299232,2025-07-03 10:07:24.112581,2025-07-03 10:12:43.600,16.643333333333334,0.6135558166666667,13,3,osrm
342,delivered,2025-07-03 09:56:40,2025-07-03 10:07:19.362231,2025-07-03 10:18:25.400000,2025-07-03 10:29:47.900,33.13166666666667,11.100629483333334,7,4,osrm
343,delivered,2025-07-03 09:57:48,2025-07-03 10:14:59.213523,2025-07-03 10:38:10.400000,2025-07-03 10:46:49.600,49.026666666666664,23.186441283333334,27,4,osrm
344,delivered,2025-07-03 09:57:49,2025-07-03 10:07:23.319439,2025-07-03 10:18:25.400000,2025-07-03 10:28:24.100,30.584999999999997,11.034676016666667,18,4,osrm
345,delivered,2025-07-03 09:57:27,2025-07-03 10:09:47.942590,2025-07-03 10:09:47.942590,2025-07-03 10:16:17.100,18.834999999999997,0.0,14,3,osrm
346,delivered,2025-07-03 09:57:28,2025-07-03 10:10:37.494324,2025-07-03 10:50:08.549048,2025-07-03 10:52:39.900,55.19833333333334,39.51757873333334,2,2,osrm
347,delivered,2025-07-03 09:59:00,2025-07-03 10:15:05.133619,2025-07-03 10:18:25.400000,2025-07-03 10:29:47.900,30.798333333333336,3.3377730166666666,7,4,osrm
348,delivered,2025-07-03 09:59:05,2025-07-03 10:12:20.893978,2025-07-03 10:19:43.683007,2025-07-03 10:28:59.300,29.904999999999998,7.37981715,29,4,osrm
349,delivered,2025-07-03 10:00:15,2025-07-03 10:14:22.757279,2025-07-03 10:27:17.913788,2025-07-03 10:31:13.500,30.975,12.91927515,13,4,osrm
350,delivered,2025-07-03 10:01:57,2025-07-03 10:19:12.754003,2025-07-03 12:14:23.000000,2025-07-03 12:21:46.400,139.82333333333332,115.17076661666667,1,4,osrm
351,delivered,2025-07-03 10:02:54,2025-07-03 10:09:47.012778,2025-07-03 10:11:27.600000,2025-07-03 10:16:50.100,13.935,1.6764537,22,4,osrm
352,delivered,2025-07-03 10:02:55,2025-07-03 10:13:04.582187,2025-07-03 10:40:38.558861,2025-07-03 10:46:44.000,43.81666666666667,27.5662779,25,4,osrm
353,delivered,2025-07-03 10:02:29,2025-07-03 10:13:14.526335,2025-07-03 10:40:38.558861,2025-07-03 10:46:44.000,44.25,27.4005421,25,4,osrm
354,delivered,2025-07-03 10:02:33,2025-07-03 10:14:14.229674,2025-07-03 10:29:34.667550,2025-07-03 10:38:52.200,36.32,15.340631266666666,2,3,osrm
355,delivered,2025-07-03 10:02:44,2025-07-03 10:12:43.281544,2025-07-03 10:19:54.600000,2025-07-03 10:27:27.200,24.720000000000002,7.188640933333334,27,4,osrm
356,delivered,2025-07-03 10:03:36,2025-07-03 10:18:40.851424,2025-07-03 12:13:37.500000,2025-07-03 12:23:42.400,140.10666666666665,114.94414293333332,7,3,osrm
357,delivered,2025-07-03 10:03:26,2025-07-03 10:13:27.592736,2025-07-03 10:44:51.930107,2025-07-03 10:51:40.500,48.24166666666667,31.40562285,7,4,osrm
358,delivered,2025-07-03 10:05:23,2025-07-03 10:15:18.713653,2025-07-03 10:27:17.913788,2025-07-03 10:31:13.500,25.841666666666665,11.986668916666668,13,4,osrm
359,delivered,2025-07-03 10:06:00,2025-07-03 10:19:15.509731,2025-07-03 10:25:26.400000,2025-07-03 10:32:42.100,26.701666666666664,6.181504483333333,3,4,osrm
360,delivered,2025-07-03 10:07:15,2025-07-03 10:16:54.519450,2025-07-03 10:29:43.779844,2025-07-03 10:36:18.400,29.05666666666667,12.821006566666666,22,3,osrm
361,delivered,2025-07-03 10:07:36,2025-07-03 10:16:19.910390,2025-07-03 11:51:33.900000,2025-07-03 11:58:29.300,110.88833333333334,95.23316016666666,21,4,osrm
362,delivered,2025-07-03 10:08:09,2025-07-03 10:16:06.815423,2025-07-03 10:49:01.400000,2025-07-03 10:51:46.400,43.623333333333335,32.90974295,21,1,osrm
363,delivered,2025-07-03 10:08:16,2025-07-03 10:19:43.683007,2025-07-03 10:29:34.667550,2025-07-03 10:38:52.200,30.603333333333335,9.849742383333334,2,3,osrm
364,delivered,2025-07-03 10:08:47,2025-07-03 10:23:41.113727,2025-07-03 10:39:39.900000,2025-07-03 10:45:28.300,36.68833333333334,15.979771216666668,18,4,osrm
365,delivered,2025-07-03 10:09:08,2025-07-03 10:23:22.022844,2025-07-03 10:41:09.210655,2025-07-03 10:47:41.600,38.559999999999995,17.786463516666668,19,2,osrm
366,delivered,2025-07-03 10:09:39,2025-07-03 10:22:50.714825,2025-07-03 10:29:00.100000,2025-07-03 10:38:26.400,28.790000000000003,6.156419583333333,17,4,osrm
367,delivered,2025-07-03 10:09:41,2025-07-03 10:21:53.059048,2025-07-03 10:39:39.900000,2025-07-03 10:45:28.300,35.788333333333334,17.780682533333334,18,4,osrm
368,delivered,2025-07-03 10:12:41,2025-07-03 10:22:51.883009,2025-07-03 10:54:08.000000,2025-07-03 11:01:50.400,49.156666666666666,31.26861651666667,20,4,osrm
369,delivered,2025-07-03 10:12:36,2025-07-03 10:24:09.728518,2025-07-03 10:51:32.800000,2025-07-03 11:01:28.000,48.86666666666667,27.3845247,4,4,osrm
370,delivered,2025-07-03 10:13:52,2025-07-03 10:22:02.895768,2025-07-03 10:29:00.100000,2025-07-03 10:38:26.400,24.573333333333334,6.953403866666666,17,4,osrm
371,delivered,2025-07-03 10:14:14,2025-07-03 10:26:32.941336,2025-07-03 10:40:32.300000,2025-07-03 10:46:46.700,32.545,13.989311066666666,12,4,osrm
372,delivered,2025-07-03 10:16:33,2025-07-03 10:31:23.317676,2025-07-03 11:09:29.800000,2025-07-03 11:21:11.400,64.64,38.10803873333334,30,4,osrm
373,delivered,2025-07-03 10:16:02,2025-07-03 10:23:01.151876,2025-07-03 10:40:52.500000,2025-07-03 10:49:11.400,33.156666666666666,17.85580206666667,14,4,osrm
374,delivered,2025-07-03 10:17:20,2025-07-03 10:33:07.688239,2025-07-03 10:39:39.900000,2025-07-03 10:45:28.300,28.138333333333332,6.536862683333334,18,4,osrm
375,delivered,2025-07-03 10:17:48,2025-07-03 10:23:10.696372,2025-07-03 10:44:51.930107,2025-07-03 10:51:40.500,33.875,21.687228916666665,7,4,osrm
376,delivered,2025-07-03 10:18:52,2025-07-03 10:28:23.234318,2025-07-03 11:04:27.000000,2025-07-03 11:13:29.600,54.626666666666665,36.06276136666667,9,4,osrm
377,delivered,2025-07-03 10:18:41,2025-07-03 10:27:17.913788,2025-07-03 10:40:40.297856,2025-07-03 10:46:28.000,27.783333333333335,13.3730678,10,4,osrm
378,delivered,2025-07-03 10:19:58,2025-07-03 10:29:39.310772,2025-07-03 10:38:10.400000,2025-07-03 10:46:49.600,26.86,8.5181538,27,4,osrm
379,delivered,2025-07-03 10:19:07,2025-07-03 10:29:53.268608,2025-07-03 11:05:20.400000,2025-07-03 11:10:47.700,51.67833333333333,35.452189866666664,5,4,osrm
380,delivered,2025-07-03 10:20:11,2025-07-03 10:35:46.239541,2025-07-03 11:10:51.000000,2025-07-03 11:22:53.700,62.711666666666666,35.07934098333333,3,4,osrm
381,delivered,2025-07-03 10:20:46,2025-07-03 10:29:35.170619,2025-07-03 10:40:32.300000,2025-07-03 10:46:46.700,26.011666666666667,10.95215635,12,4,osrm
382,delivered,2025-07-03 10:20:40,2025-07-03 10:29:43.779844,2025-07-03 10:29:43.779844,2025-07-03 10:36:18.400,15.639999999999999,0.0,22,3,osrm
383,delivered,2025-07-03 10:20:23,2025-07-03 10:29:59.273124,2025-07-03 10:38:10.400000,2025-07-03 10:46:49.600,26.44333333333333,8.185447933333332,27,4,osrm
384,delivered,2025-07-03 10:21:26,2025-07-03 10:31:36.298455,2025-07-03 11:04:27.000000,2025-07-03 11:13:29.600,52.059999999999995,32.84502575,9,4,osrm
385,delivered,2025-07-03 10:21:47,2025-07-03 10:31:41.091105,2025-07-03 10:51:01.400000,2025-07-03 10:59:34.800,37.79666666666667,19.33848158333333,30,4,osrm
386,delivered,2025-07-03 10:21:45,2025-07-03 10:29:34.667550,2025-07-03 10:56:33.058842,2025-07-03 10:54:55.500,33.175,26.9731882,16,3,osrm
387,delivered,2025-07-03 10:22:51,2025-07-03 10:35:25.461546,2025-07-03 10:40:32.300000,2025-07-03 10:46:46.700,23.928333333333335,5.113974233333334,12,4,osrm
388,delivered,2025-07-03 10:22:03,2025-07-03 10:33:27.829041,2025-07-03 10:38:10.400000,2025-07-03 10:46:49.600,24.776666666666664,4.7095159833333335,27,4,osrm
389,delivered,2025-07-03 10:22:09,2025-07-03 10:36:56.061237,2025-07-03 10:40:38.558861,2025-07-03 10:46:44.000,24.583333333333332,3.7082937333333335,25,4,osrm
390,delivered,2025-07-03 10:23:20,2025-07-03 10:38:50.590139,2025-07-03 10:51:32.800000,2025-07-03 11:01:28.000,38.13333333333333,12.703497683333334,4,4,osrm
391,delivered,2025-07-03 10:23:28,2025-07-03 10:30:36.425767,2025-07-03 10:44:51.930107,2025-07-03 10:51:40.500,28.208333333333332,14.258405666666667,7,4,osrm
392,delivered,2025-07-03 10:24:07,2025-07-03 10:40:38.558861,2025-07-03 10:40:38.558861,2025-07-03 10:46:44.000,22.616666666666667,0.0,25,4,osrm
393,delivered,2025-07-03 10:25:46,2025-07-03 10:39:06.738555,2025-07-03 10:50:13.800000,2025-07-03 10:59:53.700,34.12833333333334,11.117690750000001,26,3,osrm
394,delivered,2025-07-03 10:25:26,2025-07-03 10:41:02.640274,2025-07-03 11:09:29.800000,2025-07-03 11:21:11.400,55.75666666666667,28.4526621,30,4,osrm
395,delivered,2025-07-03 10:26:57,2025-07-03 10:38:29.328500,2025-07-03 10:54:08.000000,2025-07-03 11:01:50.400,34.89,15.644525,20,4,osrm
396,delivered,2025-07-03 10:26:55,2025-07-03 10:40:40.297856,2025-07-03 10:54:08.000000,2025-07-03 11:01:50.400,34.92333333333333,13.4617024,20,4,osrm
397,delivered,2025-07-03 10:27:39,2025-07-03 10:41:09.210655,2025-07-03 10:41:09.210655,2025-07-03 10:47:41.600,20.043333333333333,0.0,19,2,osrm
398,delivered,2025-07-03 10:27:50,2025-07-03 10:43:40.720141,2025-07-03 12:29:09.100000,2025-07-03 12:35:56.000,128.1,105.47299765,25,2,osrm
399,delivered,2025-07-03 10:28:39,2025-07-03 10:38:38.536183,2025-07-03 10:58:11.800000,2025-07-03 11:07:45.500,39.108333333333334,19.55439695,14,4,osrm
400,delivered,2025-07-03 10:29:06,2025-07-03 10:39:07.143043,2025-07-03 10:51:32.800000,2025-07-03 11:01:28.000,32.36666666666667,12.42761595,4,4,osrm
401,delivered,2025-07-03 10:29:57,2025-07-03 10:41:01.245331,2025-07-03 11:09:29.800000,2025-07-03 11:21:11.400,51.24,28.47591115,30,4,osrm
402,delivered,2025-07-03 10:30:40,2025-07-03 10:46:33.232063,2025-07-03 10:51:54.500000,2025-07-03 11:02:30.200,31.836666666666666,5.354465616666667,28,3,osrm
403,delivered,2025-07-03 10:30:07,2025-07-03 10:46:31.719904,2025-07-03 10:58:00.800000,2025-07-03 11:05:54.200,35.78666666666666,11.484668266666667,12,4,osrm
404,delivered,2025-07-03 10:31:34,2025-07-03 10:40:04.064338,2025-07-03 11:14:25.900000,2025-07-03 11:20:12.500,48.641666666666666,34.3639277,20,3,osrm
405,delivered,2025-07-03 10:31:36,2025-07-03 10:45:03.487399,2025-07-03 10:54:08.000000,2025-07-03 11:01:50.400,30.240000000000002,9.075210016666666,20,4,osrm
406,delivered,2025-07-03 10:32:23,2025-07-03 10:44:09.174541,2025-07-03 11:20:15.300000,2025-07-03 11:25:37.600,53.24333333333333,36.10209098333333,29,4,osrm
407,delivered,2025-07-03 10:33:42,2025-07-03 10:44:51.930107,2025-07-03 10:44:51.930107,2025-07-03 10:51:40.500,17.975,0.0,7,4,osrm
408,delivered,2025-07-03 10:35:48,2025-07-03 10:49:17.174462,2025-07-03 11:14:50.400000,2025-07-03 11:27:20.500,51.541666666666664,25.553758966666667,28,4,osrm
409,delivered,2025-07-03 10:36:23,2025-07-03 10:53:50.320714,2025-07-03 11:14:50.400000,2025-07-03 11:27:20.500,50.958333333333336,21.00132143333333,28,4,osrm
410,delivered,2025-07-03 10:36:29,2025-07-03 10:50:08.549048,2025-07-03 10:50:08.549048,2025-07-03 10:52:39.900,16.181666666666665,0.0,2,2,osrm
411,delivered,2025-07-03 10:37:35,2025-07-03 10:48:06.754312,2025-07-03 11:05:51.700000,2025-07-03 11:11:09.600,33.57666666666667,17.7490948,6,2,osrm
412,delivered,2025-07-03 10:37:37,2025-07-03 10:47:38.333088,2025-07-03 10:58:11.800000,2025-07-03 11:07:45.500,30.141666666666666,10.557781866666666,14,4,osrm
413,delivered,2025-07-03 10:37:26,2025-07-03 10:50:51.697956,2025-07-03 11:05:20.400000,2025-07-03 11:10:47.700,33.361666666666665,14.4783674,5,4,osrm
414,delivered,2025-07-03 10:37:32,2025-07-03 10:50:14.415193,2025-07-03 10:56:33.058842,2025-07-03 10:54:55.500,17.391666666666666,6.310727483333333,16,3,osrm
415,delivered,2025-07-03 10:38:04,2025-07-03 10:53:23.801316,2025-07-03 11:05:20.400000,2025-07-03 11:10:47.700,32.72833333333333,11.9433114,5,4,osrm
416,delivered,2025-07-03 10:40:25,2025-07-03 10:56:33.058842,2025-07-03 10:56:33.058842,2025-07-03 10:54:55.500,14.508333333333333,0.0,16,3,osrm
417,delivered,2025-07-03 10:42:23,2025-07-03 10:55:05.312280,2025-07-03 11:14:50.400000,2025-07-03 11:27:20.500,44.958333333333336,19.751462,28,4,osrm
418,delivered,2025-07-03 10:42:16,2025-07-03 10:56:02.973508,2025-07-03 11:26:33.400000,2025-07-03 11:30:43.200,48.45333333333333,30.5071082,19,1,osrm
419,delivered,2025-07-03 10:44:00,2025-07-03 11:00:58.853567,2025-07-03 11:04:27.000000,2025-07-03 11:13:29.600,29.493333333333332,3.4691072166666665,9,4,osrm
420,delivered,2025-07-03 10:45:46,2025-07-03 11:01:37.832910,2025-07-03 11:32:26.612765,2025-07-03 11:38:05.600,52.32666666666667,30.812997583333335,24,3,osrm
421,delivered,2025-07-03 10:46:42,2025-07-03 10:55:58.154734,2025-07-03 11:38:17.169649,2025-07-03 11:40:13.000,53.516666666666666,42.31691525,17,3,osrm
422,delivered,2025-07-03 10:48:45,2025-07-03 10:56:26.263554,2025-07-03 11:13:43.700000,2025-07-03 11:19:10.900,30.43166666666667,17.29060743333333,24,2,osrm
423,delivered,2025-07-03 10:49:53,2025-07-03 10:57:46.022847,2025-07-03 11:09:29.800000,2025-07-03 11:21:11.400,31.30666666666667,11.729619216666666,30,4,osrm
424,delivered,2025-07-03 10:52:54,2025-07-03 10:59:36.660156,2025-07-03 11:22:03.700000,2025-07-03 11:30:43.500,37.825,22.450664066666665,16,4,osrm
425,delivered,2025-07-03 10:53:10,2025-07-03 11:06:18.467257,2025-07-03 11:33:30.200000,2025-07-03 11:36:00.000,42.833333333333336,27.19554571666667,30,1,osrm
426,delivered,2025-07-03 10:54:43,2025-07-03 11:02:56.036265,2025-07-03 11:14:25.900000,2025-07-03 11:20:12.500,25.491666666666667,11.497728916666667,20,3,osrm
427,delivered,2025-07-03 10:55:53,2025-07-03 11:09:54.169643,2025-07-03 11:21:10.700000,2025-07-03 11:29:35.200,33.70333333333333,11.27550595,14,4,osrm
428,delivered,2025-07-03 10:56:35,2025-07-03 11:06:05.602495,2025-07-03 11:22:59.100000,2025-07-03 11:34:15.400,37.67333333333333,16.891625083333334,26,4,osrm
429,delivered,2025-07-03 10:57:14,2025-07-03 11:12:04.047254,2025-07-03 11:14:25.900000,2025-07-03 11:20:12.500,22.975,2.3642124333333334,20,3,osrm
430,delivered,2025-07-03 10:58:22,2025-07-03 11:12:13.743713,2025-07-03 11:38:17.169649,2025-07-03 11:40:13.000,41.85,26.057098933333336,17,3,osrm
431,delivered,2025-07-03 10:59:01,2025-07-03 11:11:27.215677,2025-07-03 11:21:10.700000,2025-07-03 11:29:35.200,30.57,9.724738716666668,14,4,osrm
432,delivered,2025-07-03 11:00:49,2025-07-03 11:14:07.918162,2025-07-03 11:17:49.700000,2025-07-03 11:28:07.700,27.311666666666667,3.6963639666666666,18,4,osrm
433,delivered,2025-07-03 11:00:19,2025-07-03 11:08:24.068420,2025-07-03 11:38:36.000000,2025-07-03 11:43:03.600,42.74333333333333,30.198859666666667,8,1,osrm
434,delivered,2025-07-03 11:00:04,2025-07-03 11:05:04.000000,2025-07-03 11:32:26.612765,2025-07-03 11:38:05.600,38.026666666666664,27.376879416666668,24,3,osrm
435,delivered,2025-07-03 11:02:26,2025-07-03 11:12:41.693721,2025-07-03 11:30:51.700000,2025-07-03 11:39:12.700,36.77833333333333,18.166771316666665,21,4,osrm
436,delivered,2025-07-03 11:04:38,2025-07-03 11:17:51.706495,2025-07-03 11:40:09.700000,2025-07-03 11:46:08.200,41.50333333333333,22.299891749999997,18,2,osrm
437,delivered,2025-07-03 11:04:50,2025-07-03 11:12:48.082204,2025-07-03 11:13:43.700000,2025-07-03 11:19:10.900,14.348333333333333,0.9269632666666666,24,2,osrm
438,delivered,2025-07-03 11:04:08,2025-07-03 11:17:58.287082,2025-07-03 11:45:38.600000,2025-07-03 11:50:14.500,46.108333333333334,27.671881966666668,25,2,osrm
439,delivered,2025-07-03 11:05:34,2025-07-03 11:19:14.214847,2025-07-03 11:30:51.700000,2025-07-03 11:39:12.700,33.645,11.62475255,21,4,osrm
440,delivered,2025-07-03 11:05:26,2025-07-03 11:17:39.765387,2025-07-03 11:17:49.700000,2025-07-03 11:28:52.500,23.441666666666666,0.16557688333333334,10,4,osrm
441,delivered,2025-07-03 11:06:05,2025-07-03 11:18:44.035156,2025-07-03 11:47:13.800000,2025-07-03 11:50:51.900,44.781666666666666,28.496080733333333,7,1,osrm
442,delivered,2025-07-03 11:06:41,2025-07-03 11:18:16.230031,2025-07-03 11:21:10.700000,2025-07-03 11:29:35.200,22.903333333333332,2.9078328166666667,14,4,osrm
443,delivered,2025-07-03 11:08:12,2025-07-03 11:20:29.503078,2025-07-03 11:58:20.500000,2025-07-03 12:03:43.900,55.531666666666666,37.8499487,8,2,osrm
444,delivered,2025-07-03 11:08:16,2025-07-03 11:16:18.777859,2025-07-03 11:30:51.700000,2025-07-03 11:39:12.700,30.945,14.548702350000001,21,4,osrm
445,delivered,2025-07-03 11:09:43,2025-07-03 11:24:44.203928,2025-07-03 11:24:44.203928,2025-07-03 11:22:23.300,12.671666666666665,0.0,4,3,osrm
446,delivered,2025-07-03 11:09:42,2025-07-03 11:22:35.036486,2025-07-03 11:54:25.662742,2025-07-03 12:03:42.500,54.00833333333333,31.843770933333335,23,3,osrm
447,delivered,2025-07-03 11:09:29,2025-07-03 11:22:56.991072,2025-07-03 11:24:44.203928,2025-07-03 11:22:23.300,12.905,1.7868809333333333,4,3,osrm
448,delivered,2025-07-03 11:12:36,2025-07-03 11:22:11.744563,2025-07-03 11:40:09.700000,2025-07-03 11:46:08.200,33.53666666666667,17.96592395,18,2,osrm
449,delivered,2025-07-03 11:16:36,2025-07-03 11:23:58.725827,2025-07-03 12:01:42.900000,2025-07-03 12:05:28.400,48.873333333333335,37.73623621666666,29,1,osrm
450,delivered,2025-07-03 11:16:54,2025-07-03 11:32:26.612765,2025-07-03 11:32:26.612765,2025-07-03 11:38:05.600,21.19333333333333,0.0,24,3,osrm
451,delivered,2025-07-03 11:17:08,2025-07-03 11:24:32.949003,2025-07-03 11:43:51.600000,2025-07-03 11:51:34.400,34.440000000000005,19.310849949999998,19,3,osrm
452,delivered,2025-07-03 11:18:01,2025-07-03 11:28:51.537146,2025-07-03 11:54:35.800000,2025-07-03 12:01:30.900,43.498333333333335,25.737714233333335,15,3,osrm
453,delivered,2025-07-03 11:18:34,2025-07-03 11:30:04.290049,2025-07-03 11:58:35.204818,2025-07-03 12:08:05.800,49.53,28.51524615,5,4,osrm
454,delivered,2025-07-03 11:20:19,2025-07-03 11:32:54.278158,2025-07-03 12:00:46.800000,2025-07-03 12:04:49.700,44.51166666666666,27.875364033333334,20,1,osrm
455,delivered,2025-07-03 11:21:19,2025-07-03 11:34:08.246500,2025-07-03 11:45:42.200000,2025-07-03 11:51:05.300,29.771666666666665,11.565891666666666,27,4,osrm
456,delivered,2025-07-03 11:21:41,2025-07-03 11:33:27.997986,2025-07-03 11:45:38.600000,2025-07-03 11:50:14.500,28.558333333333334,12.176700233333333,25,2,osrm
457,delivered,2025-07-03 11:21:02,2025-07-03 11:28:34.467550,2025-07-03 11:54:35.800000,2025-07-03 12:01:30.900,40.48166666666667,26.0222075,15,3,osrm
458,delivered,2025-07-03 11:21:29,2025-07-03 11:32:29.678620,2025-07-03 11:43:56.100000,2025-07-03 11:48:41.900,27.215,11.440356333333334,26,4,osrm
459,delivered,2025-07-03 11:22:22,2025-07-03 11:33:56.123918,2025-07-03 12:13:37.500000,2025-07-03 12:23:42.400,61.34,39.68960136666667,7,3,osrm
460,delivered,2025-07-03 11:24:50,2025-07-03 11:38:17.169649,2025-07-03 11:38:17.169649,2025-07-03 11:40:13.000,15.383333333333333,0.0,17,3,osrm
461,delivered,2025-07-03 11:26:35,2025-07-03 11:39:08.329544,2025-07-03 11:54:25.662742,2025-07-03 12:03:42.500,37.125,15.288886633333334,23,3,osrm
462,delivered,2025-07-03 11:26:56,2025-07-03 11:42:10.876237,2025-07-03 12:05:24.356446,2025-07-03 12:11:38.200,44.70333333333333,23.22467015,18,4,osrm
463,delivered,2025-07-03 11:27:34,2025-07-03 11:41:55.872291,2025-07-03 11:58:20.500000,2025-07-03 12:03:43.900,36.165,16.410461816666665,8,2,osrm
464,delivered,2025-07-03 11:27:00,2025-07-03 11:35:00.702935,2025-07-03 12:06:11.200000,2025-07-03 12:12:44.800,45.74666666666667,31.174951083333333,27,3,osrm
465,delivered,2025-07-03 11:27:18,2025-07-03 11:39:20.635768,2025-07-03 11:58:35.204818,2025-07-03 12:08:05.800,40.79666666666667,19.2428175,5,4,osrm
466,delivered,2025-07-03 11:36:29,2025-07-03 11:49:39.089467,2025-07-03 12:16:57.300000,2025-07-03 12:19:49.000,43.333333333333336,27.303508883333333,25,1,osrm
467,delivered,2025-07-03 11:37:27,2025-07-03 11:47:46.283731,2025-07-03 12:12:15.400000,2025-07-03 12:16:13.200,38.769999999999996,24.485271150000003,28,1,osrm
468,delivered,2025-07-03 11:38:03,2025-07-03 11:54:25.662742,2025-07-03 11:54:25.662742,2025-07-03 12:03:42.500,25.658333333333335,0.0,23,3,osrm
469,delivered,2025-07-03 11:39:19,2025-07-03 11:49:30.610355,2025-07-03 12:13:10.300000,2025-07-03 12:20:20.200,41.019999999999996,23.66149408333333,29,3,osrm
470,delivered,2025-07-03 11:39:12,2025-07-03 11:47:10.075161,2025-07-03 11:58:57.800000,2025-07-03 12:03:47.700,24.595000000000002,11.795413983333333,25,4,osrm
471,delivered,2025-07-03 11:40:28,2025-07-03 11:46:59.066059,2025-07-03 12:24:02.900000,2025-07-03 12:40:27.300,59.98833333333334,37.06389901666667,27,4,osrm
472,delivered,2025-07-03 11:42:21,2025-07-03 11:52:47.786852,2025-07-03 12:14:22.337139,2025-07-03 12:20:40.200,38.32,21.575838116666667,30,3,osrm
473,delivered,2025-07-03 11:42:47,2025-07-03 11:53:14.674117,2025-07-03 12:05:54.600000,2025-07-03 12:10:40.700,27.895,12.665431383333333,19,4,osrm
474,delivered,2025-07-03 11:43:37,2025-07-03 11:54:20.552013,2025-07-03 12:05:54.600000,2025-07-03 12:10:40.700,27.061666666666667,11.567466450000001,19,4,osrm
475,delivered,2025-07-03 11:44:38,2025-07-03 11:49:51.349464,2025-07-03 12:16:26.367940,2025-07-03 12:16:13.800,31.596666666666668,26.583641266666667,9,2,osrm
476,delivered,2025-07-03 11:46:41,2025-07-03 11:58:35.204818,2025-07-03 12:14:22.337139,2025-07-03 12:20:40.200,33.986666666666665,15.785538683333334,30,3,osrm
477,delivered,2025-07-03 11:50:26,2025-07-03 12:05:45.597764,2025-07-03 12:24:02.900000,2025-07-03 12:40:27.300,50.02166666666667,18.2883706,27,4,osrm
478,delivered,2025-07-03 11:53:20,2025-07-03 12:03:16.905065,2025-07-03 12:34:10.400000,2025-07-03 12:35:57.900,42.63166666666667,30.89158225,12,1,osrm
479,delivered,2025-07-03 11:54:10,2025-07-03 12:07:52.135193,2025-07-03 12:42:11.512212,2025-07-03 12:43:53.800,49.730000000000004,34.32295031666667,18,3,osrm
480,delivered,2025-07-03 11:55:22,2025-07-03 12:05:24.356446,2025-07-03 12:06:11.200000,2025-07-03 12:12:44.800,17.38,0.7807259,27,3,osrm
481,delivered,2025-07-03 11:56:13,2025-07-03 12:05:39.152784,2025-07-03 12:13:10.300000,2025-07-03 12:20:20.200,24.12,7.5191202666666666,29,3,osrm
482,delivered,2025-07-03 11:58:25,2025-07-03 12:14:22.337139,2025-07-03 12:31:49.919019,2025-07-03 12:34:20.500,35.925,17.459698,3,2,osrm
483,delivered,2025-07-03 11:58:45,2025-07-03 12:12:51.194645,2025-07-03 12:42:38.500000,2025-07-03 12:45:34.000,46.81666666666667,29.788422583333332,4,3,osrm
484,delivered,2025-07-03 11:58:54,2025-07-03 12:13:29.938433,2025-07-03 12:24:02.900000,2025-07-03 12:40:27.300,41.555,10.549359449999999,27,4,osrm
485,delivered,2025-07-03 11:58:17,2025-07-03 12:17:14.554178,2025-07-03 12:52:54.918722,2025-07-03 12:56:16.300,57.98833333333334,35.6727424,13,3,osrm
486,delivered,2025-07-03 11:59:20,2025-07-03 12:11:18.388775,2025-07-03 12:42:38.500000,2025-07-03 12:45:34.000,46.233333333333334,31.335187083333334,4,3,osrm
487,delivered,2025-07-03 11:59:41,2025-07-03 12:11:36.533025,2025-07-03 12:14:49.700000,2025-07-03 12:18:01.700,18.345000000000002,3.2194495833333336,15,2,osrm
488,delivered,2025-07-03 11:59:54,2025-07-03 12:12:18.715101,2025-07-03 12:13:10.300000,2025-07-03 12:20:20.200,20.436666666666667,0.8597483166666666,29,3,osrm
489,delivered,2025-07-03 12:00:08,2025-07-03 12:16:26.367940,2025-07-03 12:16:26.367940,2025-07-03 12:16:13.800,16.096666666666668,0.0,9,2,osrm
490,delivered,2025-07-03 12:01:28,2025-07-03 12:16:18.039543,2025-07-03 12:42:11.512212,2025-07-03 12:52:38.500,51.175,25.89121115,6,4,osrm
491,delivered,2025-07-03 12:06:08,2025-07-03 12:15:27.485473,2025-07-03 12:47:19.200000,2025-07-03 12:51:42.200,45.57,31.861908783333334,15,2,osrm
492,delivered,2025-07-03 12:06:19,2025-07-03 12:15:50.913949,2025-07-03 12:39:08.188534,2025-07-03 12:39:34.100,33.251666666666665,23.287909749999997,17,2,osrm
493,delivered,2025-07-03 12:07:50,2025-07-03 12:20:57.427461,2025-07-03 12:29:14.700000,2025-07-03 12:34:59.100,27.151666666666664,8.28787565,28,2,osrm
494,delivered,2025-07-03 12:08:24,2025-07-03 12:21:55.198653,2025-07-03 12:57:28.500000,2025-07-03 13:02:48.600,54.41,35.55502245,2,3,osrm
495,delivered,2025-07-03 12:09:39,2025-07-03 12:23:03.522892,2025-07-03 12:24:02.900000,2025-07-03 12:40:27.300,30.805,0.9896184666666666,27,4,osrm
496,delivered,2025-07-03 12:10:28,2025-07-03 12:24:06.922593,2025-07-03 12:29:14.700000,2025-07-03 12:34:59.100,24.51833333333333,5.1296234499999995,28,2,osrm
497,delivered,2025-07-03 12:11:08,2025-07-03 12:22:33.657035,2025-07-03 12:42:11.512212,2025-07-03 12:52:38.500,41.50833333333333,19.630919616666667,6,4,osrm
498,delivered,2025-07-03 12:12:31,2025-07-03 12:26:22.007406,2025-07-03 12:42:11.512212,2025-07-03 12:43:53.800,31.38,15.825080100000001,18,3,osrm
499,delivered,2025-07-03 12:13:54,2025-07-03 12:27:50.030569,2025-07-03 12:42:38.500000,2025-07-03 12:45:34.000,31.666666666666668,14.80782385,4,3,osrm
500,delivered,2025-07-03 12:16:50,2025-07-03 12:26:08.987201,2025-07-03 12:36:09.200000,2025-07-03 12:40:00.000,23.166666666666668,10.00354665,13,1,osrm
501,delivered,2025-07-03 12:16:51,2025-07-03 12:25:04.616640,2025-07-03 12:49:06.400000,2025-07-03 12:52:49.000,35.96666666666667,24.029722666666665,25,2,osrm
502,delivered,2025-07-03 12:16:11,2025-07-03 12:28:53.643770,2025-07-03 12:47:19.200000,2025-07-03 12:51:42.200,35.519999999999996,18.425937166666664,15,2,osrm
503,delivered,2025-07-03 12:17:33,2025-07-03 12:28:19.354175,2025-07-03 12:57:28.500000,2025-07-03 13:02:48.600,45.26,29.152430416666668,2,3,osrm
504,delivered,2025-07-03 12:17:00,2025-07-03 12:24:40.863572,2025-07-03 12:49:06.400000,2025-07-03 12:52:49.000,35.81666666666667,24.425607133333333,25,2,osrm
505,delivered,2025-07-03 12:18:22,2025-07-03 12:32:41.398240,2025-07-03 13:04:48.700000,2025-07-03 13:07:12.800,48.84666666666667,32.121696,8,2,osrm
506,delivered,2025-07-03 12:18:34,2025-07-03 12:31:49.919019,2025-07-03 12:31:49.919019,2025-07-03 12:34:20.500,15.775,0.0,3,2,osrm
507,delivered,2025-07-03 12:20:13,2025-07-03 12:36:24.047482,2025-07-03 12:42:11.512212,2025-07-03 12:52:38.500,32.425,5.791078833333333,6,4,osrm
508,delivered,2025-07-03 12:21:59,2025-07-03 12:33:49.378055,2025-07-03 12:52:54.918722,2025-07-03 12:56:16.300,34.288333333333334,19.09234445,13,3,osrm
509,delivered,2025-07-03 12:21:20,2025-07-03 12:33:33.607840,2025-07-03 13:04:04.000000,2025-07-03 13:07:29.600,46.16,30.506536,24,1,osrm
510,delivered,2025-07-03 12:22:37,2025-07-03 12:30:17.128296,2025-07-03 12:49:59.317775,2025-07-03 12:48:48.800,26.196666666666665,19.70315798333333,11,2,osrm
511,delivered,2025-07-03 12:24:41,2025-07-03 12:40:54.914580,2025-07-03 13:10:28.900000,2025-07-03 13:14:36.600,49.92666666666666,29.566423666666665,30,1,osrm
512,delivered,2025-07-03 12:25:18,2025-07-03 12:39:08.968625,2025-07-03 13:01:10.200000,2025-07-03 13:08:03.800,42.763333333333335,22.020522916666668,23,2,osrm
513,delivered,2025-07-03 12:26:12,2025-07-03 12:40:52.824495,2025-07-03 12:50:46.800000,2025-07-03 12:53:49.100,27.618333333333332,9.89959175,12,2,osrm
514,delivered,2025-07-03 12:26:00,2025-07-03 12:37:14.708896,2025-07-03 13:00:51.500000,2025-07-03 13:06:09.400,40.156666666666666,23.613185066666667,20,2,osrm
515,delivered,2025-07-03 12:27:45,2025-07-03 12:39:33.925098,2025-07-03 13:01:10.200000,2025-07-03 13:08:03.800,40.31333333333334,21.6045817,23,2,osrm
516,delivered,2025-07-03 12:29:13,2025-07-03 12:42:11.512212,2025-07-03 12:42:11.512212,2025-07-03 12:52:38.500,23.425,0.0,6,4,osrm
517,delivered,2025-07-03 12:29:58,2025-07-03 12:39:40.853125,2025-07-03 12:49:33.000000,2025-07-03 12:52:37.000,22.65,9.869114583333333,1,1,osrm
518,delivered,2025-07-03 12:29:29,2025-07-03 12:39:08.188534,2025-07-03 12:39:08.188534,2025-07-03 12:39:34.100,10.085,0.0,17,2,osrm
519,delivered,2025-07-03 12:30:43,2025-07-03 12:48:41.601803,2025-07-03 13:00:51.500000,2025-07-03 13:06:09.400,35.440000000000005,12.16496995,20,2,osrm
520,delivered,2025-07-03 12:34:09,2025-07-03 12:47:09.531483,2025-07-03 13:10:01.265264,2025-07-03 13:10:14.700,36.095,22.862229683333332,21,2,osrm
521,delivered,2025-07-03 12:34:04,2025-07-03 12:43:58.360008,2025-07-03 12:43:58.360008,2025-07-03 12:47:49.200,13.753333333333334,0.0,19,4,osrm
522,delivered,2025-07-03 12:35:58,2025-07-03 12:43:40.130469,2025-07-03 12:50:46.800000,2025-07-03 12:53:49.100,17.851666666666667,7.11115885,12,2,osrm
523,delivered,2025-07-03 12:37:15,2025-07-03 12:45:41.345962,2025-07-03 12:50:45.600000,2025-07-03 12:53:51.300,16.605,5.070900633333333,24,1,osrm
524,delivered,2025-07-03 12:37:02,2025-07-03 12:49:59.317775,2025-07-03 12:49:59.317775,2025-07-03 12:48:48.800,11.78,0.0,11,2,osrm
525,delivered,2025-07-03 12:41:07,2025-07-03 12:50:12.470145,2025-07-03 13:13:26.600000,2025-07-03 13:17:21.800,36.24666666666667,23.23549758333333,14,1,osrm
526,delivered,2025-07-03 12:41:53,2025-07-03 12:50:35.774745,2025-07-03 13:06:04.200000,2025-07-03 13:08:20.300,26.455,15.47375425,6,1,osrm
527,delivered,2025-07-03 12:41:35,2025-07-03 12:52:54.918722,2025-07-03 13:06:25.900000,2025-07-03 13:09:01.800,27.446666666666665,13.516354633333332,1,2,osrm
528,delivered,2025-07-03 12:41:37,2025-07-03 12:54:39.346365,2025-07-03 13:05:03.000000,2025-07-03 13:09:56.400,28.323333333333334,10.39422725,27,2,osrm
529,delivered,2025-07-03 12:42:15,2025-07-03 12:58:03.753439,2025-07-03 13:04:48.700000,2025-07-03 13:07:12.800,24.96333333333333,6.7491093499999995,8,2,osrm
530,delivered,2025-07-03 12:42:50,2025-07-03 12:52:19.651263,2025-07-03 13:14:11.400000,2025-07-03 13:20:32.800,37.71333333333334,21.86247895,22,2,osrm
531,delivered,2025-07-03 12:45:18,2025-07-03 12:55:09.777534,2025-07-03 13:06:25.900000,2025-07-03 13:09:01.800,23.73,11.268707766666667,1,2,osrm
532,delivered,2025-07-03 12:45:02,2025-07-03 12:58:05.759354,2025-07-03 13:31:00.935446,2025-07-03 13:33:41.300,48.655,32.919601533333335,30,3,osrm
533,delivered,2025-07-03 12:46:01,2025-07-03 12:56:30.821643,2025-07-03 13:17:51.100000,2025-07-03 13:25:53.200,39.87,21.337972616666665,11,3,osrm
534,delivered,2025-07-03 12:47:47,2025-07-03 13:02:15.011365,2025-07-03 13:31:00.935446,2025-07-03 13:33:41.300,45.905,28.765401349999998,30,3,osrm
535,delivered,2025-07-03 12:48:38,2025-07-03 12:59:10.945418,2025-07-03 13:17:51.100000,2025-07-03 13:25:53.200,37.25333333333333,18.66924303333333,11,3,osrm
536,delivered,2025-07-03 12:49:11,2025-07-03 12:57:08.532336,2025-07-03 13:06:57.400000,2025-07-03 13:09:17.000,20.1,9.814461066666667,3,1,osrm
537,delivered,2025-07-03 12:50:41,2025-07-03 13:00:29.658872,2025-07-03 13:14:29.000000,2025-07-03 13:17:17.700,26.611666666666668,13.9890188,19,1,osrm
538,delivered,2025-07-03 12:50:45,2025-07-03 12:58:02.055059,2025-07-03 13:17:03.900000,2025-07-03 13:24:53.300,34.138333333333335,19.030749016666668,10,3,osrm
539,delivered,2025-07-03 12:51:33,2025-07-03 13:01:54.176046,2025-07-03 13:14:11.400000,2025-07-03 13:20:32.800,28.996666666666666,12.2870659,22,2,osrm
540,delivered,2025-07-03 12:56:38,2025-07-03 13:10:01.265264,2025-07-03 13:13:02.000000,2025-07-03 13:16:54.500,20.275,3.0122456,9,1,osrm
541,delivered,2025-07-03 12:57:06,2025-07-03 13:09:11.976459,2025-07-03 13:18:50.800000,2025-07-03 13:21:34.500,24.475,9.647059016666667,24,1,osrm
542,delivered,2025-07-03 12:58:48,2025-07-03 13:10:23.508476,2025-07-03 13:32:21.000000,2025-07-03 13:34:25.900,35.63166666666667,21.958192066666665,20,1,osrm
543,delivered,2025-07-03 13:01:42,2025-07-03 13:09:48.249466,2025-07-03 13:17:47.100000,2025-07-03 13:22:20.500,20.641666666666666,7.980842233333333,17,1,osrm
544,delivered,2025-07-03 13:01:07,2025-07-03 13:10:46.564257,2025-07-03 13:31:08.900000,2025-07-03 13:34:53.400,33.77333333333333,20.372262383333336,9,1,osrm
545,delivered,2025-07-03 13:03:55,2025-07-03 13:14:41.564085,2025-07-03 13:29:38.800000,2025-07-03 13:32:50.300,28.921666666666667,14.953931916666667,19,1,osrm
546,delivered,2025-07-03 13:04:58,2025-07-03 13:17:38.813331,2025-07-03 13:29:12.000000,2025-07-03 13:31:47.100,26.81833333333333,11.553111150000001,3,1,osrm
547,delivered,2025-07-03 13:04:54,2025-07-03 13:24:25.287361,2025-07-03 13:40:18.500000,2025-07-03 13:42:28.100,37.568333333333335,15.886877316666666,27,1,osrm
548,delivered,2025-07-03 13:07:23,2025-07-03 13:17:15.636055,2025-07-03 13:26:58.700000,2025-07-03 13:31:17.500,23.908333333333335,9.717732416666667,5,2,osrm
549,delivered,2025-07-03 13:07:58,2025-07-03 13:22:43.636083,2025-07-03 13:35:30.400000,2025-07-03 13:37:43.600,29.759999999999998,12.779398616666667,22,1,osrm
550,delivered,2025-07-03 13:10:35,2025-07-03 13:19:03.106523,2025-07-03 13:30:31.500000,2025-07-03 13:34:25.900,23.848333333333336,11.473224616666666,18,1,osrm
551,delivered,2025-07-03 13:12:52,2025-07-03 13:21:41.176420,2025-07-03 13:43:26.600000,2025-07-03 13:46:42.500,33.84166666666667,21.757059666666667,30,1,osrm
552,delivered,2025-07-03 13:14:51,2025-07-03 13:20:51.542012,2025-07-03 13:41:39.300000,2025-07-03 13:47:34.100,32.718333333333334,20.795966466666666,13,2,osrm
553,delivered,2025-07-03 13:16:42,2025-07-03 13:26:16.490525,2025-07-03 13:44:37.400000,2025-07-03 13:50:07.600,33.42666666666666,18.34849125,10,2,osrm
554,delivered,2025-07-03 13:17:03,2025-07-03 13:32:06.141761,2025-07-03 13:43:49.800000,2025-07-03 13:47:24.500,30.358333333333334,11.727637316666666,4,1,osrm
555,delivered,2025-07-03 13:19:10,2025-07-03 13:31:00.935446,2025-07-03 13:35:04.400000,2025-07-03 13:38:04.300,18.904999999999998,4.057742566666667,25,1,osrm
556,delivered,2025-07-03 13:21:43,2025-07-03 13:37:17.430447,2025-07-03 13:56:42.686951,2025-07-03 14:00:16.600,38.559999999999995,19.420941733333333,18,2,osrm
557,delivered,2025-07-03 13:24:59,2025-07-03 13:35:23.837518,2025-07-03 13:41:39.300000,2025-07-03 13:47:34.100,22.584999999999997,6.2577080333333335,13,2,osrm
558,delivered,2025-07-03 13:24:06,2025-07-03 13:39:12.569117,2025-07-03 13:49:35.900000,2025-07-03 13:52:30.200,28.403333333333332,10.38884805,25,1,osrm
559,delivered,2025-07-03 13:29:13,2025-07-03 13:39:27.538091,2025-07-03 14:15:15.758684,2025-07-03 14:18:57.400,49.74,35.80367655,18,2,osrm
560,delivered,2025-07-03 13:31:07,2025-07-03 13:45:41.147220,2025-07-03 14:15:10.300000,2025-07-03 14:20:35.300,49.47166666666667,29.485879666666666,8,2,osrm
561,delivered,2025-07-03 13:32:23,2025-07-03 13:49:11.645307,2025-07-03 14:03:32.300000,2025-07-03 14:06:34.500,34.19166666666667,14.344244883333333,1,2,osrm
562,delivered,2025-07-03 13:32:41,2025-07-03 13:43:54.287452,2025-07-03 14:03:32.300000,2025-07-03 14:06:34.500,33.891666666666666,19.633542466666665,1,2,osrm
563,delivered,2025-07-03 13:32:56,2025-07-03 13:40:47.389686,2025-07-03 13:53:09.200000,2025-07-03 13:56:17.700,23.361666666666668,12.363505233333333,3,1,osrm
564,delivered,2025-07-03 13:32:16,2025-07-03 13:49:41.118261,2025-07-03 14:11:07.100000,2025-07-03 14:18:08.600,45.876666666666665,21.433028983333333,9,3,osrm
565,delivered,2025-07-03 13:33:59,2025-07-03 13:43:16.754501,2025-07-03 13:55:28.400000,2025-07-03 13:59:53.100,25.901666666666664,12.194091649999999,20,1,osrm
566,delivered,2025-07-03 13:34:26,2025-07-03 13:44:38.557069,2025-07-03 14:04:27.800000,2025-07-03 14:08:12.600,33.776666666666664,19.820715516666667,23,2,osrm
567,delivered,2025-07-03 13:34:18,2025-07-03 13:45:16.444602,2025-07-03 14:08:48.700000,2025-07-03 14:11:03.200,36.75333333333333,23.537589966666665,19,1,osrm
568,delivered,2025-07-03 13:37:47,2025-07-03 13:52:25.998966,2025-07-03 14:04:27.800000,2025-07-03 14:08:12.600,30.426666666666666,12.030017233333332,23,2,osrm
569,delivered,2025-07-03 13:38:56,2025-07-03 13:52:54.444774,2025-07-03 13:58:47.000000,2025-07-03 14:00:32.000,21.6,5.8759204333333335,26,1,osrm
570,delivered,2025-07-03 13:39:17,2025-07-03 13:53:09.328228,2025-07-03 14:13:04.900000,2025-07-03 14:17:09.900,37.88166666666667,19.9261962,26,1,osrm
571,delivered,2025-07-03 13:41:09,2025-07-03 13:52:14.157211,2025-07-03 14:09:28.000000,2025-07-03 14:13:48.500,32.65833333333333,17.23071315,16,1,osrm
572,delivered,2025-07-03 13:45:23,2025-07-03 13:56:42.686951,2025-07-03 14:03:16.600000,2025-07-03 14:04:45.400,19.373333333333335,6.565217483333333,27,1,osrm
573,delivered,2025-07-03 13:45:14,2025-07-03 13:59:36.514763,2025-07-03 14:08:18.200000,2025-07-03 14:11:56.400,26.706666666666667,8.69475395,14,1,osrm
574,delivered,2025-07-03 13:48:12,2025-07-03 14:05:06.609400,2025-07-03 14:05:20.300000,2025-07-03 14:11:48.700,23.611666666666668,0.22817666666666667,25,2,osrm
575,delivered,2025-07-03 13:48:03,2025-07-03 13:56:13.198369,2025-07-03 14:00:09.300000,2025-07-03 14:04:25.400,16.37333333333333,3.9350271833333332,6,1,osrm
576,delivered,2025-07-03 13:49:16,2025-07-03 14:04:56.753033,2025-07-03 14:15:10.300000,2025-07-03 14:20:35.300,31.321666666666665,10.225782783333333,8,2,osrm
577,delivered,2025-07-03 13:51:41,2025-07-03 14:06:30.283562,2025-07-03 14:36:23.768507,2025-07-03 14:35:36.600,43.92666666666666,29.89141575,26,2,osrm
578,delivered,2025-07-03 13:53:48,2025-07-03 14:07:42.947517,2025-07-03 14:11:07.100000,2025-07-03 14:18:08.600,24.34333333333333,3.4025413833333333,9,3,osrm
579,delivered,2025-07-03 13:54:04,2025-07-03 14:03:54.939594,2025-07-03 14:31:18.900000,2025-07-03 14:34:39.000,40.583333333333336,27.3993401,17,1,osrm
580,delivered,2025-07-03 13:55:05,2025-07-03 14:07:19.748974,2025-07-03 14:23:28.900000,2025-07-03 14:28:25.000,33.333333333333336,16.1525171,25,2,osrm
581,delivered,2025-07-03 13:56:33,2025-07-03 14:09:40.348134,2025-07-03 14:20:09.700000,2025-07-03 14:22:59.300,26.438333333333333,10.489197766666667,15,1,osrm
582,delivered,2025-07-03 13:58:47,2025-07-03 14:08:49.378004,2025-07-03 14:23:28.900000,2025-07-03 14:28:25.000,29.633333333333333,14.658699933333333,25,2,osrm
583,delivered,2025-07-03 13:58:26,2025-07-03 14:13:56.557419,2025-07-03 14:23:58.200000,2025-07-03 14:26:09.100,27.71833333333333,10.027376349999999,11,1,osrm
584,delivered,2025-07-03 14:04:42,2025-07-03 14:15:15.758684,2025-07-03 14:15:15.758684,2025-07-03 14:18:57.400,14.256666666666666,0.0,18,2,osrm
585,delivered,2025-07-03 14:08:18,2025-07-03 14:24:53.690976,2025-07-03 14:49:02.200000,2025-07-03 14:53:47.900,45.498333333333335,24.141817066666665,28,2,osrm
586,delivered,2025-07-03 14:10:06,2025-07-03 14:17:35.501749,2025-07-03 14:20:11.800000,2025-07-03 14:25:09.400,15.056666666666667,2.60497085,5,1,osrm
587,delivered,2025-07-03 14:10:43,2025-07-03 14:18:34.974865,2025-07-03 14:23:04.300000,2025-07-03 14:29:26.200,18.720000000000002,4.48875225,28,2,osrm
588,delivered,2025-07-03 14:12:51,2025-07-03 14:19:09.064822,2025-07-03 14:24:51.800000,2025-07-03 14:29:30.400,16.656666666666666,5.712252966666667,10,1,osrm
589,delivered,2025-07-03 14:15:38,2025-07-03 14:29:45.601997,2025-07-03 14:43:28.100000,2025-07-03 14:45:33.600,29.926666666666666,13.70830005,22,1,osrm
590,delivered,2025-07-03 14:15:50,2025-07-03 14:25:06.285889,2025-07-03 14:33:40.600000,2025-07-03 14:35:39.600,19.826666666666664,8.57190185,29,1,osrm
591,delivered,2025-07-03 14:17:21,2025-07-03 14:26:52.214663,2025-07-03 14:48:03.800000,2025-07-03 14:51:54.800,34.56333333333334,21.19308895,21,1,osrm
592,delivered,2025-07-03 14:19:37,2025-07-03 14:34:20.290970,2025-07-03 15:04:01.855765,2025-07-03 15:10:54.000,51.28333333333333,29.692746583333335,20,4,osrm
593,delivered,2025-07-03 14:19:12,2025-07-03 14:36:23.768507,2025-07-03 14:36:23.768507,2025-07-03 14:35:36.600,16.41,0.0,26,2,osrm
594,delivered,2025-07-03 14:20:25,2025-07-03 14:30:08.233675,2025-07-03 14:39:00.100000,2025-07-03 14:41:49.600,21.41,8.86443875,6,2,osrm
595,delivered,2025-07-03 14:21:50,2025-07-03 14:37:54.672279,2025-07-03 14:53:12.200000,2025-07-03 14:59:04.200,37.236666666666665,15.292128683333335,1,2,osrm
596,delivered,2025-07-03 14:23:24,2025-07-03 14:37:00.122077,2025-07-03 14:53:12.200000,2025-07-03 14:59:04.200,35.669999999999995,16.201298716666667,1,2,osrm
597,delivered,2025-07-03 14:23:38,2025-07-03 14:35:34.257827,2025-07-03 15:06:15.200000,2025-07-03 15:17:16.300,53.638333333333335,30.682369549999997,16,4,osrm
598,delivered,2025-07-03 14:24:55,2025-07-03 14:33:17.940274,2025-07-03 15:05:59.000000,2025-07-03 15:15:08.300,50.22166666666667,32.68432876666667,5,3,osrm
599,delivered,2025-07-03 14:26:58,2025-07-03 14:34:42.302479,2025-07-03 14:51:19.364400,2025-07-03 14:56:20.400,29.373333333333335,16.617698683333334,8,3,osrm
600,delivered,2025-07-03 14:27:31,2025-07-03 14:39:40.622773,2025-07-03 15:07:32.800000,2025-07-03 15:14:39.300,47.138333333333335,27.86962045,28,2,osrm
601,delivered,2025-07-03 14:27:11,2025-07-03 14:39:33.170953,2025-07-03 15:05:59.000000,2025-07-03 15:15:08.300,47.955000000000005,26.430484116666666,5,3,osrm
602,delivered,2025-07-03 14:27:12,2025-07-03 14:37:05.584578,2025-07-03 14:50:20.730193,2025-07-03 14:51:59.900,24.798333333333336,13.252426916666668,14,3,osrm
603,delivered,2025-07-03 14:28:57,2025-07-03 14:37:56.481544,2025-07-03 14:55:47.900000,2025-07-03 15:01:40.000,32.71666666666667,17.85697426666667,6,2,osrm
604,delivered,2025-07-03 14:28:54,2025-07-03 14:36:54.845270,2025-07-03 14:50:20.730193,2025-07-03 14:51:59.900,23.098333333333336,13.431415383333333,14,3,osrm
605,delivered,2025-07-03 14:28:56,2025-07-03 14:41:58.075700,2025-07-03 14:49:02.200000,2025-07-03 14:53:47.900,24.865000000000002,7.068738333333333,28,2,osrm
606,delivered,2025-07-03 14:29:09,2025-07-03 14:43:08.701620,2025-07-03 15:05:39.973015,2025-07-03 15:11:53.800,42.74666666666667,22.521189916666668,21,3,osrm
607,delivered,2025-07-03 14:29:55,2025-07-03 14:44:02.771796,2025-07-03 14:46:04.900000,2025-07-03 14:47:44.500,17.825,2.0354700666666665,12,1,osrm
608,delivered,2025-07-03 14:32:35,2025-07-03 14:46:23.755191,2025-07-03 15:15:15.800000,2025-07-03 15:24:17.300,51.705000000000005,28.867413483333333,6,4,osrm
609,delivered,2025-07-03 14:33:25,2025-07-03 14:43:45.210306,2025-07-03 15:20:14.600000,2025-07-03 15:32:08.100,58.718333333333334,36.489828233333334,24,4,osrm
610,delivered,2025-07-03 14:34:33,2025-07-03 14:51:19.364400,2025-07-03 15:05:39.973015,2025-07-03 15:11:53.800,37.34666666666667,14.343476916666667,21,3,osrm
611,delivered,2025-07-03 14:35:47,2025-07-03 14:44:43.536664,2025-07-03 15:20:14.600000,2025-07-03 15:32:08.100,56.35166666666667,35.51772226666667,24,4,osrm
612,delivered,2025-07-03 14:36:40,2025-07-03 14:50:20.730193,2025-07-03 14:52:51.000000,2025-07-03 14:57:36.500,20.941666666666666,2.504496783333333,17,2,osrm
613,delivered,2025-07-03 14:37:29,2025-07-03 14:48:14.775201,2025-07-03 15:19:55.200000,2025-07-03 15:33:48.500,56.325,31.67374665,19,4,osrm
614,delivered,2025-07-03 14:39:09,2025-07-03 14:47:45.950275,2025-07-03 14:52:51.000000,2025-07-03 14:57:36.500,18.458333333333332,5.084162083333334,17,2,osrm
615,delivered,2025-07-03 14:40:49,2025-07-03 14:50:50.652116,2025-07-03 15:04:01.855765,2025-07-03 15:10:54.000,30.083333333333332,13.186727483333334,20,4,osrm
616,delivered,2025-07-03 14:42:18,2025-07-03 14:55:54.530693,2025-07-03 15:15:15.800000,2025-07-03 15:24:17.300,41.98833333333334,19.35448845,6,4,osrm
617,delivered,2025-07-03 14:42:15,2025-07-03 14:57:29.176088,2025-07-03 15:06:15.200000,2025-07-03 15:17:16.300,35.02166666666667,8.7670652,16,4,osrm
618,delivered,2025-07-03 14:43:08,2025-07-03 14:56:04.514487,2025-07-03 15:20:14.600000,2025-07-03 15:32:08.100,49.001666666666665,24.168091883333332,24,4,osrm
619,delivered,2025-07-03 14:44:45,2025-07-03 14:49:45.000000,2025-07-03 15:10:59.000000,2025-07-03 15:14:55.100,30.168333333333333,21.233333333333334,18,1,osrm
620,delivered,2025-07-03 14:46:38,2025-07-03 15:00:48.784243,2025-07-03 15:15:15.800000,2025-07-03 15:24:17.300,37.655,14.450262616666667,6,4,osrm
621,delivered,2025-07-03 14:47:09,2025-07-03 14:52:44.573257,2025-07-03 15:15:15.800000,2025-07-03 15:24:17.300,37.138333333333335,22.520445716666664,6,4,osrm
622,delivered,2025-07-03 14:47:45,2025-07-03 15:05:30.564589,2025-07-03 15:20:14.600000,2025-07-03 15:32:08.100,44.385,14.733923516666666,24,4,osrm
623,delivered,2025-07-03 14:48:17,2025-07-03 15:00:54.572020,2025-07-03 15:28:36.200000,2025-07-03 15:31:58.000,43.68333333333333,27.693799666666667,22,1,osrm
624,delivered,2025-07-03 14:49:41,2025-07-03 15:02:06.029395,2025-07-03 15:07:40.600000,2025-07-03 15:10:58.600,21.293333333333333,5.57617675,1,1,osrm
625,delivered,2025-07-03 14:49:25,2025-07-03 15:04:24.488230,2025-07-03 15:23:17.300000,2025-07-03 15:29:53.900,40.48166666666667,18.880196166666668,14,2,osrm
626,delivered,2025-07-03 14:52:34,2025-07-03 15:03:41.596196,2025-07-03 15:42:34.045457,2025-07-03 15:43:28.900,50.915,38.874154350000005,6,3,osrm
627,delivered,2025-07-03 14:53:08,2025-07-03 15:04:20.227341,2025-07-03 15:15:03.700000,2025-07-03 15:19:31.900,26.398333333333333,10.724544316666668,12,3,osrm
628,delivered,2025-07-03 14:53:12,2025-07-03 15:04:01.855765,2025-07-03 15:15:03.700000,2025-07-03 15:19:31.900,26.331666666666667,11.03073725,12,3,osrm
629,delivered,2025-07-03 14:54:16,2025-07-03 15:06:37.831011,2025-07-03 15:30:16.200000,2025-07-03 15:32:53.300,38.62166666666667,23.63948315,11,1,osrm
630,delivered,2025-07-03 14:54:27,2025-07-03 15:06:40.635579,2025-07-03 15:10:45.100000,2025-07-03 15:13:43.600,19.276666666666664,4.074407016666666,27,1,osrm
631,delivered,2025-07-03 14:55:42,2025-07-03 15:08:21.776622,2025-07-03 15:35:09.700000,2025-07-03 15:41:28.600,45.776666666666664,26.798722966666666,25,3,osrm
632,delivered,2025-07-03 14:56:28,2025-07-03 15:01:28.000000,2025-07-03 15:15:03.700000,2025-07-03 15:19:31.900,23.065,13.595,12,3,osrm
633,delivered,2025-07-03 14:56:42,2025-07-03 15:08:23.600493,2025-07-03 15:23:17.300000,2025-07-03 15:29:53.900,33.19833333333334,14.894991783333333,14,2,osrm
634,delivered,2025-07-03 14:58:29,2025-07-03 15:05:39.973015,2025-07-03 15:05:39.973015,2025-07-03 15:11:53.800,13.413333333333332,0.0,21,3,osrm
635,delivered,2025-07-03 14:58:50,2025-07-03 15:19:00.114959,2025-07-03 15:50:57.800000,2025-07-03 16:04:20.200,65.50333333333333,31.961417349999998,23,4,osrm
636,delivered,2025-07-03 15:00:00,2025-07-03 15:14:22.150369,2025-07-03 15:42:34.045457,2025-07-03 15:43:28.900,43.48166666666667,28.198251466666665,6,3,osrm
637,delivered,2025-07-03 15:03:54,2025-07-03 15:18:40.603438,2025-07-03 15:35:09.700000,2025-07-03 15:41:28.600,37.57666666666667,16.484942699999998,25,3,osrm
638,delivered,2025-07-03 15:03:09,2025-07-03 15:16:33.199694,2025-07-03 15:32:58.200000,2025-07-03 15:38:35.100,35.434999999999995,16.416671766666667,5,2,osrm
639,delivered,2025-07-03 15:03:15,2025-07-03 15:17:14.610101,2025-07-03 15:33:54.900000,2025-07-03 15:38:10.200,34.919999999999995,16.671498316666668,28,2,osrm
640,delivered,2025-07-03 15:04:45,2025-07-03 15:14:01.774819,2025-07-03 15:32:58.200000,2025-07-03 15:38:35.100,33.835,18.940419683333335,5,2,osrm
641,delivered,2025-07-03 15:04:44,2025-07-03 15:19:04.762640,2025-07-03 15:50:57.800000,2025-07-03 16:04:20.200,59.60333333333333,31.883956,23,4,osrm
642,delivered,2025-07-03 15:07:38,2025-07-03 15:22:11.304015,2025-07-03 15:30:24.700000,2025-07-03 15:33:16.500,25.641666666666666,8.223266416666666,13,1,osrm
643,delivered,2025-07-03 15:08:09,2025-07-03 15:20:40.336916,2025-07-03 15:33:54.900000,2025-07-03 15:38:10.200,30.02,13.242718066666667,28,2,osrm
644,delivered,2025-07-03 15:09:09,2025-07-03 15:23:27.399173,2025-07-03 15:29:16.100000,2025-07-03 15:32:17.800,23.146666666666665,5.81168045,16,1,osrm
645,delivered,2025-07-03 15:15:40,2025-07-03 15:30:50.571461,2025-07-03 15:51:41.000000,2025-07-03 15:55:49.700,40.16166666666666,20.84047565,17,2,osrm
646,delivered,2025-07-03 15:16:40,2025-07-03 15:28:41.824314,2025-07-03 15:35:09.700000,2025-07-03 15:41:28.600,24.81,6.464594766666666,25,3,osrm
647,delivered,2025-07-03 15:18:01,2025-07-03 15:26:38.553749,2025-07-03 15:31:14.600000,2025-07-03 15:33:31.900,15.514999999999999,4.60077085,8,1,osrm
648,delivered,2025-07-03 15:21:21,2025-07-03 15:35:48.533657,2025-07-03 15:51:41.000000,2025-07-03 15:55:49.700,34.47833333333333,15.874439050000001,17,2,osrm
649,delivered,2025-07-03 15:21:02,2025-07-03 15:37:37.034565,2025-07-03 15:45:00.300000,2025-07-03 15:48:26.000,27.4,7.387757250000001,13,1,osrm
650,delivered,2025-07-03 15:26:50,2025-07-03 15:35:14.348755,2025-07-03 15:50:57.800000,2025-07-03 16:04:20.200,37.50333333333333,15.724187416666666,23,4,osrm
651,delivered,2025-07-03 15:27:50,2025-07-03 15:43:19.941195,2025-07-03 16:21:37.500000,2025-07-03 16:30:23.000,62.55,38.29264675,5,4,osrm
652,delivered,2025-07-03 15:28:07,2025-07-03 15:40:53.884758,2025-07-03 16:02:53.900000,2025-07-03 16:07:10.100,39.05166666666666,22.00025403333333,5,2,osrm
653,delivered,2025-07-03 15:28:43,2025-07-03 15:42:34.045457,2025-07-03 15:42:34.045457,2025-07-03 15:43:28.900,14.764999999999999,0.0,6,3,osrm
654,delivered,2025-07-03 15:29:04,2025-07-03 15:43:36.664475,2025-07-03 15:55:12.700000,2025-07-03 15:58:02.100,28.96833333333333,11.600592083333334,30,2,osrm
655,delivered,2025-07-03 15:29:17,2025-07-03 15:38:05.755379,2025-07-03 15:44:49.300000,2025-07-03 15:49:12.900,19.93166666666667,6.7257436833333335,22,1,osrm
656,delivered,2025-07-03 15:29:45,2025-07-03 15:42:37.840624,2025-07-03 16:06:28.156883,2025-07-03 16:07:48.600,38.059999999999995,23.838604316666665,7,3,osrm
657,delivered,2025-07-03 15:31:44,2025-07-03 15:46:48.416064,2025-07-03 16:02:53.900000,2025-07-03 16:07:10.100,35.434999999999995,16.091398933333334,5,2,osrm
658,delivered,2025-07-03 15:32:53,2025-07-03 15:49:10.123481,2025-07-03 16:05:46.700000,2025-07-03 16:11:59.900,39.115,16.60960865,26,3,osrm
659,delivered,2025-07-03 15:32:18,2025-07-03 15:46:55.717550,2025-07-03 16:19:33.100000,2025-07-03 16:27:02.100,54.735,32.623040833333334,6,4,osrm
660,delivered,2025-07-03 15:32:32,2025-07-03 15:41:44.174541,2025-07-03 15:55:12.700000,2025-07-03 15:58:02.100,25.501666666666665,13.475424316666667,30,2,osrm
661,delivered,2025-07-03 15:33:33,2025-07-03 15:46:10.230033,2025-07-03 16:05:46.700000,2025-07-03 16:11:59.900,38.44833333333334,19.607832783333333,26,3,osrm
662,delivered,2025-07-03 15:35:20,2025-07-03 15:46:35.663631,2025-07-03 16:19:01.197868,2025-07-03 16:30:18.200,54.97,32.42557061666667,11,4,osrm
663,delivered,2025-07-03 15:36:46,2025-07-03 15:48:57.866623,2025-07-03 16:20:29.646760,2025-07-03 16:25:50.400,49.07333333333334,31.529668949999998,2,4,osrm
664,delivered,2025-07-03 15:36:29,2025-07-03 15:51:49.951624,2025-07-03 15:55:02.200000,2025-07-03 15:57:53.900,21.415000000000003,3.2041396,25,1,osrm
665,delivered,2025-07-03 15:37:11,2025-07-03 15:44:59.859532,2025-07-03 16:06:34.427384,2025-07-03 16:10:51.900,33.681666666666665,21.576130866666666,13,4,osrm
666,delivered,2025-07-03 15:40:24,2025-07-03 15:53:58.703985,2025-07-03 16:06:28.156883,2025-07-03 16:07:48.600,27.41,12.490881633333334,7,3,osrm
667,delivered,2025-07-03 15:40:21,2025-07-03 15:53:41.987781,2025-07-03 16:05:49.966277,2025-07-03 16:14:47.000,34.43333333333333,12.132974933333333,9,4,osrm
668,delivered,2025-07-03 15:41:53,2025-07-03 15:50:58.234341,2025-07-03 15:53:36.200000,2025-07-03 15:56:00.800,14.129999999999999,2.632760983333333,4,1,osrm
669,delivered,2025-07-03 15:41:21,2025-07-03 15:56:44.834204,2025-07-03 16:23:57.800000,2025-07-03 16:36:02.700,54.695,27.2160966,16,4,osrm
670,delivered,2025-07-03 15:41:54,2025-07-03 15:52:08.696589,2025-07-03 16:05:13.900000,2025-07-03 16:13:03.200,31.153333333333332,13.086723516666666,8,4,osrm
671,delivered,2025-07-03 15:42:40,2025-07-03 15:54:48.511107,2025-07-03 16:35:05.532121,2025-07-03 16:39:26.000,56.766666666666666,40.28368356666667,10,4,osrm
672,delivered,2025-07-03 15:42:27,2025-07-03 15:47:27.000000,2025-07-03 16:31:31.058609,2025-07-03 16:36:42.100,54.251666666666665,44.067643483333335,8,4,osrm
673,delivered,2025-07-03 15:43:12,2025-07-03 15:58:34.638964,2025-07-03 16:19:33.100000,2025-07-03 16:27:02.100,43.835,20.974350599999998,6,4,osrm
674,delivered,2025-07-03 15:43:56,2025-07-03 15:55:05.471654,2025-07-03 16:31:31.058609,2025-07-03 16:36:42.100,52.76833333333333,36.426449250000005,8,4,osrm
675,delivered,2025-07-03 15:44:37,2025-07-03 15:55:40.432230,2025-07-03 16:31:01.292043,2025-07-03 16:35:37.500,51.00833333333333,35.34766355,26,4,osrm
676,delivered,2025-07-03 15:45:52,2025-07-03 16:02:16.336635,2025-07-03 16:21:37.500000,2025-07-03 16:30:23.000,44.516666666666666,19.35272275,5,4,osrm
677,delivered,2025-07-03 15:45:45,2025-07-03 15:51:55.938340,2025-07-03 16:20:29.646760,2025-07-03 16:25:50.400,40.09,28.561806999999998,2,4,osrm
678,delivered,2025-07-03 15:46:27,2025-07-03 16:01:04.549316,2025-07-03 16:23:57.800000,2025-07-03 16:36:02.700,49.595,22.8875114,16,4,osrm
679,delivered,2025-07-03 15:46:13,2025-07-03 16:01:24.289479,2025-07-03 16:19:01.197868,2025-07-03 16:30:18.200,44.086666666666666,17.615139816666666,11,4,osrm
680,delivered,2025-07-03 15:47:28,2025-07-03 15:53:28.118618,2025-07-03 16:05:13.900000,2025-07-03 16:13:03.200,25.586666666666666,11.763023033333333,8,4,osrm
681,delivered,2025-07-03 15:48:21,2025-07-03 16:01:09.017167,2025-07-03 16:05:46.700000,2025-07-03 16:11:59.900,23.648333333333333,4.628047216666667,26,3,osrm
682,delivered,2025-07-03 15:48:22,2025-07-03 15:59:13.322165,2025-07-03 16:10:56.800000,2025-07-03 16:14:00.100,25.634999999999998,11.724630583333333,10,1,osrm
683,delivered,2025-07-03 15:49:02,2025-07-03 15:57:52.055339,2025-07-03 16:36:22.573264,2025-07-03 16:37:30.100,48.468333333333334,38.50863208333333,27,4,osrm
684,delivered,2025-07-03 15:49:33,2025-07-03 15:57:39.546639,2025-07-03 16:18:34.800000,2025-07-03 16:23:52.100,34.318333333333335,20.92088935,14,3,osrm
685,delivered,2025-07-03 15:49:32,2025-07-03 16:03:43.561662,2025-07-03 16:18:34.800000,2025-07-03 16:23:52.100,34.335,14.8539723,14,3,osrm
686,delivered,2025-07-03 15:51:02,2025-07-03 16:06:34.427384,2025-07-03 16:18:34.800000,2025-07-03 16:23:52.100,32.835,12.006210266666667,14,3,osrm
687,delivered,2025-07-03 15:52:30,2025-07-03 16:01:06.992631,2025-07-03 16:31:01.292043,2025-07-03 16:35:37.500,43.125,29.9049902,26,4,osrm
688,delivered,2025-07-03 15:57:24,2025-07-03 16:06:32.810978,2025-07-03 16:40:31.437193,2025-07-03 16:42:55.900,45.531666666666666,33.97710358333333,21,4,osrm
689,delivered,2025-07-03 15:57:41,2025-07-03 16:12:10.716103,2025-07-03 16:19:01.197868,2025-07-03 16:30:18.200,32.62,6.84136275,11,4,osrm
690,delivered,2025-07-03 15:57:55,2025-07-03 16:17:14.694123,2025-07-03 16:23:57.800000,2025-07-03 16:36:02.700,38.12833333333333,6.7184312833333335,16,4,osrm
691,delivered,2025-07-03 15:58:32,2025-07-03 16:05:49.966277,2025-07-03 16:19:33.100000,2025-07-03 16:27:02.100,28.501666666666665,13.718895383333335,6,4,osrm
692,delivered,2025-07-03 15:58:53,2025-07-03 16:06:28.156883,2025-07-03 16:06:28.156883,2025-07-03 16:07:48.600,8.926666666666668,0.0,7,3,osrm
693,delivered,2025-07-03 15:59:51,2025-07-03 16:08:33.368552,2025-07-03 16:55:14.528957,2025-07-03 17:05:37.500,65.775,46.686006750000004,21,4,osrm
694,delivered,2025-07-03 15:59:09,2025-07-03 16:07:54.179268,2025-07-03 16:31:01.292043,2025-07-03 16:35:37.500,36.475,23.11854625,26,4,osrm
695,delivered,2025-07-03 15:59:50,2025-07-03 16:15:22.856975,2025-07-03 16:40:21.635305,2025-07-03 16:51:22.600,51.54333333333333,24.979638833333336,6,4,osrm
696,delivered,2025-07-03 16:00:10,2025-07-03 16:09:03.002803,2025-07-03 16:39:35.347216,2025-07-03 16:49:45.100,49.585,30.53907355,5,4,osrm
697,delivered,2025-07-03 16:00:06,2025-07-03 16:18:56.427644,2025-07-03 16:46:12.644067,2025-07-03 16:48:14.100,48.135,27.27027371666667,12,3,osrm
698,delivered,2025-07-03 16:01:11,2025-07-03 16:14:36.767564,2025-07-03 16:33:51.368750,2025-07-03 16:39:31.300,38.33833333333334,19.2433531,30,4,osrm
699,delivered,2025-07-03 16:02:35,2025-07-03 16:17:43.298859,2025-07-03 16:31:31.058609,2025-07-03 16:36:42.100,34.11833333333333,13.795995833333334,8,4,osrm
700,delivered,2025-07-03 16:02:02,2025-07-03 16:15:58.653590,2025-07-03 16:33:51.368750,2025-07-03 16:39:31.300,37.48833333333334,17.878586,30,4,osrm
701,delivered,2025-07-03 16:03:41,2025-07-03 16:12:31.842516,2025-07-03 16:37:29.253040,2025-07-03 16:37:02.000,33.35,24.956842066666663,18,4,osrm
702,delivered,2025-07-03 16:03:38,2025-07-03 16:11:21.973044,2025-07-03 16:50:10.059553,2025-07-03 17:03:21.300,59.72166666666667,38.80144181666667,10,4,osrm
703,delivered,2025-07-03 16:03:27,2025-07-03 16:18:22.490318,2025-07-03 16:43:44.648792,2025-07-03 16:47:50.600,44.39333333333333,25.369307900000003,15,3,osrm
704,delivered,2025-07-03 16:04:01,2025-07-03 16:19:47.248976,2025-07-03 16:35:05.532121,2025-07-03 16:39:26.000,35.416666666666664,15.304719083333334,10,4,osrm
705,delivered,2025-07-03 16:05:16,2025-07-03 16:18:37.351649,2025-07-03 16:23:57.800000,2025-07-03 16:36:02.700,30.778333333333332,5.34080585,16,4,osrm
706,delivered,2025-07-03 16:06:33,2025-07-03 16:18:35.666338,2025-07-03 16:21:37.500000,2025-07-03 16:30:23.000,23.833333333333332,3.0305610333333335,5,4,osrm
707,delivered,2025-07-03 16:08:09,2025-07-03 16:20:29.646760,2025-07-03 16:37:29.253040,2025-07-03 16:37:02.000,28.883333333333333,16.993438,18,4,osrm
708,delivered,2025-07-03 16:08:36,2025-07-03 16:21:19.494146,2025-07-03 16:21:37.500000,2025-07-03 16:30:23.000,21.783333333333335,0.30009756666666665,5,4,osrm
709,delivered,2025-07-03 16:11:45,2025-07-03 16:19:37.321429,2025-07-03 16:43:04.131834,2025-07-03 16:47:57.100,36.20166666666667,23.44684008333333,29,3,osrm
710,delivered,2025-07-03 16:11:46,2025-07-03 16:23:59.831900,2025-07-03 18:34:41.200000,2025-07-03 18:43:39.900,151.89833333333334,130.68946833333334,23,4,osrm
711,delivered,2025-07-03 16:11:01,2025-07-03 16:23:03.969345,2025-07-03 17:07:09.479723,2025-07-03 17:10:37.300,59.605000000000004,44.09183963333333,29,4,osrm
712,delivered,2025-07-03 16:12:28,2025-07-03 16:19:01.197868,2025-07-03 16:35:18.966969,2025-07-03 16:40:49.100,28.351666666666667,16.29615168333333,19,4,osrm
713,delivered,2025-07-03 16:12:31,2025-07-03 16:17:31.000000,2025-07-03 16:51:57.690231,2025-07-03 16:57:35.300,45.07166666666667,34.444837183333334,27,4,osrm
714,delivered,2025-07-03 16:13:18,2025-07-03 16:24:32.541301,2025-07-03 17:07:09.479723,2025-07-03 17:10:37.300,57.32166666666667,42.61564036666667,29,4,osrm
715,delivered,2025-07-03 16:13:59,2025-07-03 16:19:41.988494,2025-07-03 16:22:59.400000,2025-07-03 16:32:30.900,18.53166666666667,3.2901917666666667,3,4,osrm
716,delivered,2025-07-03 16:13:21,2025-07-03 16:18:21.000000,2025-07-03 16:53:04.476403,2025-07-03 16:54:30.900,41.165,34.72460671666667,26,3,osrm
717,delivered,2025-07-03 16:13:43,2025-07-03 16:20:23.493413,2025-07-03 16:45:46.255897,2025-07-03 16:47:37.800,33.913333333333334,25.379374733333336,2,4,osrm
718,delivered,2025-07-03 16:13:39,2025-07-03 16:26:15.668172,2025-07-03 16:40:31.437193,2025-07-03 16:42:55.900,29.28166666666667,14.262817016666666,21,4,osrm
719,delivered,2025-07-03 16:16:09,2025-07-03 16:28:01.532709,2025-07-03 16:45:46.255897,2025-07-03 16:52:46.700,36.62833333333333,17.745386466666666,4,4,osrm
720,delivered,2025-07-03 16:17:03,2025-07-03 16:29:18.457702,2025-07-03 19:39:10.700000,2025-07-03 19:40:22.100,203.31833333333333,189.87070496666666,22,1,osrm
721,delivered,2025-07-03 16:17:50,2025-07-03 16:35:05.882035,2025-07-03 17:05:49.037001,2025-07-03 17:07:42.600,49.876666666666665,30.719249433333335,17,4,osrm
722,delivered,2025-07-03 16:18:15,2025-07-03 16:31:52.694570,2025-07-03 16:33:51.368750,2025-07-03 16:39:31.300,21.271666666666665,1.9779030000000002,30,4,osrm
723,delivered,2025-07-03 16:18:39,2025-07-03 16:35:26.630099,2025-07-03 16:40:21.635305,2025-07-03 16:51:22.600,32.72666666666667,4.916753433333333,6,4,osrm
724,delivered,2025-07-03 16:18:25,2025-07-03 16:31:01.292043,2025-07-03 16:36:22.573264,2025-07-03 16:37:30.100,19.084999999999997,5.354687016666667,27,4,osrm
725,delivered,2025-07-03 16:19:46,2025-07-03 16:35:05.532121,2025-07-03 16:50:50.431770,2025-07-03 16:58:08.300,38.37166666666667,15.748327483333332,14,4,osrm
726,delivered,2025-07-03 16:19:30,2025-07-03 16:36:22.573264,2025-07-03 16:36:22.573264,2025-07-03 16:37:30.100,18.001666666666665,0.0,27,4,osrm
727,delivered,2025-07-03 16:19:16,2025-07-03 16:37:26.418370,2025-07-03 16:40:21.635305,2025-07-03 16:51:22.600,32.11,2.92028225,6,4,osrm
728,delivered,2025-07-03 16:20:11,2025-07-03 16:31:31.058609,2025-07-03 16:31:31.058609,2025-07-03 16:36:42.100,16.518333333333334,0.0,8,4,osrm
729,delivered,2025-07-03 16:21:56,2025-07-03 16:30:12.871491,2025-07-03 16:50:50.431770,2025-07-03 16:58:08.300,36.205000000000005,20.626004650000002,14,4,osrm
730,delivered,2025-07-03 16:21:40,2025-07-03 16:33:51.368750,2025-07-03 16:33:51.368750,2025-07-03 16:39:31.300,17.855,0.0,30,4,osrm
731,delivered,2025-07-03 16:22:40,2025-07-03 16:38:52.963372,2025-07-03 17:01:02.359042,2025-07-03 17:04:51.200,42.18666666666666,22.1565945,25,4,osrm
732,delivered,2025-07-03 16:22:34,2025-07-03 16:39:28.267564,2025-07-03 17:13:00.410405,2025-07-03 17:17:09.200,54.586666666666666,33.53571401666667,12,4,osrm
733,delivered,2025-07-03 16:23:14,2025-07-03 16:35:38.247156,2025-07-03 17:01:02.359042,2025-07-03 17:04:40.100,41.434999999999995,25.401864766666666,1,4,osrm
734,delivered,2025-07-03 16:23:14,2025-07-03 16:36:23.862318,2025-07-03 17:27:14.400254,2025-07-03 17:31:10.800,67.94666666666667,50.84229893333334,13,3,osrm
735,delivered,2025-07-03 16:24:20,2025-07-03 16:41:17.012451,2025-07-03 17:04:11.643598,2025-07-03 17:10:40.400,46.34,22.910519116666666,7,4,osrm
736,delivered,2025-07-03 16:24:56,2025-07-03 16:37:29.253040,2025-07-03 16:37:29.253040,2025-07-03 16:37:02.000,12.1,0.0,18,4,osrm
737,delivered,2025-07-03 16:24:10,2025-07-03 16:38:16.163005,2025-07-03 17:16:58.609954,2025-07-03 17:22:31.000,58.35,38.70744915,25,4,osrm
738,delivered,2025-07-03 16:24:27,2025-07-03 16:39:20.129356,2025-07-03 16:43:04.131834,2025-07-03 16:47:57.100,23.501666666666665,3.7333746333333333,29,3,osrm
739,delivered,2025-07-03 16:24:00,2025-07-03 16:35:18.966969,2025-07-03 17:01:24.121309,2025-07-03 16:56:21.700,32.361666666666665,26.08590566666667,9,4,osrm
740,delivered,2025-07-03 16:24:07,2025-07-03 16:33:28.500187,2025-07-03 16:45:46.255897,2025-07-03 16:52:46.700,28.66166666666667,12.2959285,4,4,osrm
741,delivered,2025-07-03 16:24:04,2025-07-03 16:43:44.648792,2025-07-03 16:43:44.648792,2025-07-03 16:47:50.600,23.776666666666664,0.0,15,3,osrm
742,delivered,2025-07-03 16:25:45,2025-07-03 16:35:56.203317,2025-07-03 16:53:04.476403,2025-07-03 16:54:30.900,28.765,17.137884766666666,26,3,osrm
743,delivered,2025-07-03 16:26:09,2025-07-03 16:34:50.612517,2025-07-03 17:13:00.410405,2025-07-03 17:17:09.200,51.00333333333333,38.163298133333335,12,4,osrm
744,delivered,2025-07-03 16:26:11,2025-07-03 16:37:23.126747,2025-07-03 16:46:12.644067,2025-07-03 16:48:14.100,22.051666666666666,8.825288666666667,12,3,osrm
745,delivered,2025-07-03 16:27:52,2025-07-03 16:40:21.635305,2025-07-03 16:40:21.635305,2025-07-03 16:51:22.600,23.509999999999998,0.0,6,4,osrm
746,delivered,2025-07-03 16:27:43,2025-07-03 16:40:37.728208,2025-07-03 17:02:40.706797,2025-07-03 17:04:12.100,36.485,22.04964315,5,4,osrm
747,delivered,2025-07-03 16:28:36,2025-07-03 16:39:35.347216,2025-07-03 16:39:35.347216,2025-07-03 16:49:45.100,21.151666666666664,0.0,5,4,osrm
748,delivered,2025-07-03 16:28:54,2025-07-03 16:42:27.476622,2025-07-03 16:50:10.059553,2025-07-03 17:03:21.300,34.455000000000005,7.709715516666666,10,4,osrm
749,delivered,2025-07-03 16:28:26,2025-07-03 16:45:46.255897,2025-07-03 16:45:46.255897,2025-07-03 16:52:46.700,24.345000000000002,0.0,4,4,osrm
750,delivered,2025-07-03 16:29:33,2025-07-03 16:40:31.437193,2025-07-03 17:01:24.121309,2025-07-03 16:56:21.700,26.811666666666667,20.8780686,9,4,osrm
751,delivered,2025-07-03 16:29:31,2025-07-03 16:41:39.100310,2025-07-03 16:43:44.648792,2025-07-03 16:47:50.600,18.326666666666664,2.0924747,15,3,osrm
752,delivered,2025-07-03 16:29:52,2025-07-03 16:46:12.644067,2025-07-03 16:46:12.644067,2025-07-03 16:48:14.100,18.368333333333332,0.0,12,3,osrm
753,delivered,2025-07-03 16:29:56,2025-07-03 16:38:48.183668,2025-07-03 17:11:32.502086,2025-07-03 17:17:36.100,47.66833333333333,32.7386403,9,4,osrm
754,delivered,2025-07-03 16:30:17,2025-07-03 16:38:34.072565,2025-07-03 17:30:14.832379,2025-07-03 17:40:27.900,70.18166666666666,51.67933023333333,20,4,osrm
755,delivered,2025-07-03 16:31:23,2025-07-03 16:41:13.187901,2025-07-03 17:01:37.691705,2025-07-03 17:07:45.700,36.37833333333333,20.408396733333333,15,4,osrm
756,delivered,2025-07-03 16:31:38,2025-07-03 16:43:17.114625,2025-07-03 17:30:44.348807,2025-07-03 17:43:02.300,71.405,47.45390303333333,8,4,osrm
757,delivered,2025-07-03 16:31:24,2025-07-03 16:46:11.704483,2025-07-03 17:36:51.797876,2025-07-03 17:38:37.000,67.21666666666667,50.66822321666667,2,4,osrm
758,delivered,2025-07-03 16:31:10,2025-07-03 16:38:03.890846,2025-07-03 17:09:15.857968,2025-07-03 17:07:50.900,36.681666666666665,31.199452033333333,16,3,osrm
759,delivered,2025-07-03 16:33:10,2025-07-03 16:43:04.131834,2025-07-03 16:43:04.131834,2025-07-03 16:47:57.100,14.785,0.0,29,3,osrm
760,delivered,2025-07-03 16:34:05,2025-07-03 16:42:36.349727,2025-07-03 19:21:16.900000,2025-07-03 19:29:17.900,175.215,158.67583788333334,21,4,osrm
761,delivered,2025-07-03 16:34:08,2025-07-03 16:41:10.582663,2025-07-03 18:33:11.700000,2025-07-03 18:41:47.800,127.66333333333334,112.01862228333333,13,4,osrm
762,delivered,2025-07-03 16:34:47,2025-07-03 16:42:45.842437,2025-07-03 17:27:52.300000,2025-07-03 17:37:47.400,63.00666666666667,45.10762605,18,4,osrm
763,delivered,2025-07-03 16:36:01,2025-07-03 16:50:20.942679,2025-07-03 17:14:26.280235,2025-07-03 17:15:27.100,39.434999999999995,24.088959266666667,30,4,osrm
764,delivered,2025-07-03 16:36:42,2025-07-03 16:49:00.824388,2025-07-03 17:26:10.410270,2025-07-03 17:30:08.700,53.445,37.1597647,27,4,osrm
765,delivered,2025-07-03 16:36:33,2025-07-03 16:49:02.365225,2025-07-03 16:54:12.200000,2025-07-03 17:04:23.000,27.833333333333332,5.163912916666666,18,4,osrm
766,delivered,2025-07-03 16:36:55,2025-07-03 16:50:50.431770,2025-07-03 16:50:50.431770,2025-07-03 16:58:08.300,21.221666666666668,0.0,14,4,osrm
767,delivered,2025-07-03 16:36:34,2025-07-03 16:49:55.909951,2025-07-03 17:01:02.359042,2025-07-03 17:04:51.200,28.28666666666667,11.107484849999999,25,4,osrm
768,delivered,2025-07-03 16:36:55,2025-07-03 16:50:15.269693,2025-07-03 17:05:49.037001,2025-07-03 17:07:42.600,30.793333333333333,15.562788466666666,17,4,osrm
769,delivered,2025-07-03 16:37:31,2025-07-03 16:55:28.440880,2025-07-03 17:20:50.062988,2025-07-03 17:28:44.700,51.22833333333333,25.360368466666667,11,4,osrm
770,delivered,2025-07-03 16:37:52,2025-07-03 16:51:57.690231,2025-07-03 17:07:09.479723,2025-07-03 17:10:37.300,32.755,15.196491533333333,29,4,osrm
771,delivered,2025-07-03 16:37:44,2025-07-03 16:42:44.000000,2025-07-03 17:18:09.858630,2025-07-03 17:26:42.800,48.980000000000004,35.43097716666667,1,4,osrm
772,delivered,2025-07-03 16:38:37,2025-07-03 16:52:23.813762,2025-07-03 17:25:40.187155,2025-07-03 17:33:21.000,54.733333333333334,33.272889883333335,30,4,osrm
773,delivered,2025-07-03 16:38:08,2025-07-03 16:53:09.757969,2025-07-03 19:10:04.878277,2025-07-03 19:20:00.200,161.87,136.9186718,19,4,osrm
774,delivered,2025-07-03 16:39:33,2025-07-03 16:53:06.263258,2025-07-03 17:17:01.453056,2025-07-03 17:22:54.900,43.365,23.91982996666667,26,4,osrm
775,delivered,2025-07-03 16:39:34,2025-07-03 16:49:41.212665,2025-07-03 16:56:29.990729,2025-07-03 17:03:45.900,24.198333333333334,6.812967733333333,19,4,osrm
776,delivered,2025-07-03 16:39:14,2025-07-03 16:48:00.428311,2025-07-03 17:19:02.205791,2025-07-03 17:24:31.500,45.291666666666664,31.029624666666667,22,4,osrm
777,delivered,2025-07-03 16:40:56,2025-07-03 16:53:04.476403,2025-07-03 16:53:04.476403,2025-07-03 16:54:30.900,13.581666666666667,0.0,26,3,osrm
778,delivered,2025-07-03 16:40:11,2025-07-03 16:54:18.525756,2025-07-03 17:30:14.832379,2025-07-03 17:40:27.900,60.281666666666666,35.93844371666667,20,4,osrm
779,delivered,2025-07-03 16:40:36,2025-07-03 16:55:19.467868,2025-07-03 17:27:01.123824,2025-07-03 17:30:16.800,49.68,31.694265933333334,29,3,osrm
780,delivered,2025-07-03 16:40:26,2025-07-03 16:46:39.610808,2025-07-03 17:07:30.389342,2025-07-03 17:13:40.000,33.233333333333334,20.8463089,4,4,osrm
781,delivered,2025-07-03 16:40:46,2025-07-03 16:53:49.030858,2025-07-03 19:08:29.400000,2025-07-03 19:16:51.400,156.09,134.67281903333333,13,4,osrm
782,delivered,2025-07-03 16:40:36,2025-07-03 16:56:36.587373,2025-07-03 17:01:24.121309,2025-07-03 17:07:30.300,26.904999999999998,4.792232266666667,11,4,osrm
783,delivered,2025-07-03 16:40:30,2025-07-03 16:54:54.676976,2025-07-03 17:19:02.205791,2025-07-03 17:24:31.500,44.025,24.12548025,22,4,osrm
784,delivered,2025-07-03 16:40:24,2025-07-03 17:00:23.048131,2025-07-03 17:43:43.567940,2025-07-03 17:54:55.200,74.52,43.341996816666665,30,4,osrm
785,delivered,2025-07-03 16:40:06,2025-07-03 16:49:54.817065,2025-07-03 17:04:11.643598,2025-07-03 17:10:40.400,30.573333333333334,14.280442216666668,7,4,osrm
786,delivered,2025-07-03 16:40:58,2025-07-03 16:49:10.060789,2025-07-03 16:50:10.059553,2025-07-03 17:03:21.300,22.388333333333332,0.9999794000000001,10,4,osrm
787,delivered,2025-07-03 16:41:59,2025-07-03 16:56:45.148708,2025-07-03 19:29:05.600000,2025-07-03 19:32:01.000,170.03333333333333,152.34085486666666,25,1,osrm
788,delivered,2025-07-03 16:41:49,2025-07-03 16:58:32.078563,2025-07-03 17:19:57.392398,2025-07-03 17:32:11.900,50.38166666666667,21.421897249999997,6,4,osrm
789,delivered,2025-07-03 16:41:20,2025-07-03 16:50:10.059553,2025-07-03 17:07:10.466105,2025-07-03 17:14:21.100,33.01833333333333,17.00677586666667,13,4,osrm
790,delivered,2025-07-03 16:41:37,2025-07-03 16:53:45.894632,2025-07-03 16:56:29.990729,2025-07-03 17:03:45.900,22.148333333333333,2.73493495,19,4,osrm
791,delivered,2025-07-03 16:41:10,2025-07-03 16:53:54.833596,2025-07-03 16:55:14.528957,2025-07-03 17:05:37.500,24.458333333333332,1.3282560166666668,21,4,osrm
792,delivered,2025-07-03 16:42:24,2025-07-03 16:55:42.976550,2025-07-03 17:14:26.280235,2025-07-03 17:15:27.100,33.05166666666666,18.721728083333335,30,4,osrm
793,delivered,2025-07-03 16:42:34,2025-07-03 16:58:30.413311,2025-07-03 16:58:30.413311,2025-07-03 17:06:21.300,23.788333333333334,0.0,20,4,osrm
794,delivered,2025-07-03 16:42:03,2025-07-03 17:01:24.121309,2025-07-03 17:01:24.121309,2025-07-03 17:07:30.300,25.455,0.0,11,4,osrm
795,delivered,2025-07-03 16:42:07,2025-07-03 16:52:19.647885,2025-07-03 16:58:11.980265,2025-07-03 17:05:39.900,23.548333333333336,5.872206333333334,22,4,osrm
796,delivered,2025-07-03 16:42:53,2025-07-03 16:53:54.707817,2025-07-03 16:58:11.980265,2025-07-03 17:05:39.900,22.78166666666667,4.287874133333333,22,4,osrm
797,delivered,2025-07-03 16:43:22,2025-07-03 16:50:40.322746,2025-07-03 17:29:53.688581,2025-07-03 17:37:31.500,54.15833333333333,39.222763916666665,9,3,osrm
798,delivered,2025-07-03 16:43:46,2025-07-03 16:58:11.980265,2025-07-03 16:58:11.980265,2025-07-03 17:05:39.900,21.898333333333333,0.0,22,4,osrm
799,delivered,2025-07-03 16:44:32,2025-07-03 16:53:00.578324,2025-07-03 17:09:15.857968,2025-07-03 17:07:50.900,23.315,16.25466073333333,16,3,osrm
800,delivered,2025-07-03 16:44:20,2025-07-03 16:56:43.714249,2025-07-03 17:20:03.266767,2025-07-03 17:22:50.400,38.50666666666667,23.3258753,16,3,osrm
801,delivered,2025-07-03 16:44:00,2025-07-03 16:57:26.827239,2025-07-03 17:11:32.502086,2025-07-03 17:17:36.100,33.60166666666667,14.094580783333333,9,4,osrm
802,delivered,2025-07-03 16:45:09,2025-07-03 17:01:18.561919,2025-07-03 17:11:32.502086,2025-07-03 17:17:36.100,32.45166666666667,10.232336116666666,9,4,osrm
803,delivered,2025-07-03 16:45:53,2025-07-03 16:57:43.287275,2025-07-03 17:17:00.553344,2025-07-03 17:28:08.200,42.25333333333333,19.287767816666666,5,4,osrm
804,delivered,2025-07-03 16:45:46,2025-07-03 16:56:14.769118,2025-07-03 17:26:17.957584,2025-07-03 17:32:42.400,46.940000000000005,30.0531411,19,4,osrm
805,delivered,2025-07-03 16:45:14,2025-07-03 16:55:14.176089,2025-07-03 17:25:40.187155,2025-07-03 17:33:21.000,48.11666666666667,30.433517766666668,30,4,osrm
806,delivered,2025-07-03 16:45:31,2025-07-03 17:00:34.964146,2025-07-03 17:07:30.389342,2025-07-03 17:13:40.000,28.15,6.923753266666667,4,4,osrm
807,delivered,2025-07-03 16:45:34,2025-07-03 16:56:29.384016,2025-07-03 17:02:40.706797,2025-07-03 17:04:12.100,18.634999999999998,6.188713016666667,5,4,osrm
808,delivered,2025-07-03 16:45:41,2025-07-03 16:57:51.489542,2025-07-03 17:02:40.706797,2025-07-03 17:04:12.100,18.51833333333333,4.820287583333334,5,4,osrm
809,delivered,2025-07-03 16:46:40,2025-07-03 17:01:02.359042,2025-07-03 17:01:02.359042,2025-07-03 17:04:51.200,18.186666666666667,0.0,25,4,osrm
810,delivered,2025-07-03 16:46:38,2025-07-03 17:02:40.706797,2025-07-03 17:02:40.706797,2025-07-03 17:04:12.100,17.56833333333333,0.0,5,4,osrm
811,delivered,2025-07-03 16:46:24,2025-07-03 17:02:00.186658,2025-07-03 17:02:00.186658,2025-07-03 17:00:24.800,14.013333333333332,0.0,23,4,osrm
812,delivered,2025-07-03 16:47:38,2025-07-03 16:55:14.528957,2025-07-03 17:16:58.609954,2025-07-03 17:22:31.000,34.88333333333333,21.734683283333332,25,4,osrm
813,delivered,2025-07-03 16:47:54,2025-07-03 16:56:29.990729,2025-07-03 16:56:29.990729,2025-07-03 17:03:45.900,15.865,0.0,19,4,osrm
814,delivered,2025-07-03 16:48:07,2025-07-03 17:01:13.875929,2025-07-03 17:56:56.786756,2025-07-03 18:01:26.700,73.32833333333333,55.715180450000005,22,4,osrm
815,delivered,2025-07-03 16:48:46,2025-07-03 17:02:33.503585,2025-07-03 17:19:02.205791,2025-07-03 17:24:31.500,35.75833333333333,16.4783701,22,4,osrm
816,delivered,2025-07-03 16:48:25,2025-07-03 17:01:16.317110,2025-07-03 17:30:44.348807,2025-07-03 17:43:02.300,54.62166666666667,29.46719495,8,4,osrm
817,delivered,2025-07-03 16:48:39,2025-07-03 17:04:43.144335,2025-07-03 17:14:26.280235,2025-07-03 17:15:27.100,26.801666666666666,9.718931666666666,30,4,osrm
818,delivered,2025-07-03 16:49:28,2025-07-03 17:06:15.937332,2025-07-03 17:17:01.453056,2025-07-03 17:22:54.900,33.44833333333334,10.758595399999999,26,4,osrm
819,delivered,2025-07-03 16:50:35,2025-07-03 17:02:20.851282,2025-07-03 17:13:00.410405,2025-07-03 17:17:09.200,26.57,10.659318716666666,12,4,osrm
820,delivered,2025-07-03 16:51:38,2025-07-03 17:04:11.643598,2025-07-03 17:20:50.062988,2025-07-03 17:28:44.700,37.111666666666665,16.64032316666667,11,4,osrm
821,delivered,2025-07-03 16:51:47,2025-07-03 17:07:10.466105,2025-07-03 17:07:10.466105,2025-07-03 17:14:21.100,22.56833333333333,0.0,13,4,osrm
822,delivered,2025-07-03 16:52:27,2025-07-03 17:07:09.479723,2025-07-03 17:18:51.631630,2025-07-03 17:25:21.000,32.9,11.702531783333335,17,4,osrm
823,delivered,2025-07-03 16:52:05,2025-07-03 17:00:57.313830,2025-07-03 17:18:09.858630,2025-07-03 17:26:42.800,34.63,17.209079999999997,1,4,osrm
824,delivered,2025-07-03 16:52:02,2025-07-03 16:59:59.860906,2025-07-03 17:16:58.609954,2025-07-03 17:22:31.000,30.483333333333334,16.9791508,25,4,osrm
825,delivered,2025-07-03 16:53:52,2025-07-03 17:00:22.025307,2025-07-03 17:01:02.359042,2025-07-03 17:04:51.200,10.986666666666668,0.6722289166666666,25,4,osrm
826,delivered,2025-07-03 16:53:52,2025-07-03 17:05:49.037001,2025-07-03 17:05:49.037001,2025-07-03 17:07:42.600,13.843333333333334,0.0,17,4,osrm
827,delivered,2025-07-03 16:53:19,2025-07-03 17:03:27.861820,2025-07-03 17:22:55.380211,2025-07-03 17:30:30.200,37.18666666666666,19.45863985,28,4,osrm
828,delivered,2025-07-03 16:53:55,2025-07-03 17:03:47.041818,2025-07-03 17:39:04.150097,2025-07-03 17:44:25.200,50.50333333333333,35.285137983333335,25,4,osrm
829,delivered,2025-07-03 16:54:02,2025-07-03 17:01:13.912085,2025-07-03 17:07:10.466105,2025-07-03 17:14:21.100,20.31833333333333,5.9425669999999995,13,4,osrm
830,delivered,2025-07-03 16:54:50,2025-07-03 17:06:38.439529,2025-07-03 17:30:14.832379,2025-07-03 17:40:27.900,45.63166666666667,23.606547499999998,20,4,osrm
831,delivered,2025-07-03 16:54:21,2025-07-03 17:01:37.691705,2025-07-03 17:05:49.037001,2025-07-03 17:07:42.600,13.360000000000001,4.1890882666666664,17,4,osrm
832,delivered,2025-07-03 16:54:15,2025-07-03 17:02:35.039040,2025-07-03 17:29:53.688581,2025-07-03 17:37:31.500,43.275,27.310825683333334,9,3,osrm
833,delivered,2025-07-03 16:55:20,2025-07-03 17:06:11.281698,2025-07-03 17:56:11.100000,2025-07-03 18:05:51.000,70.51666666666667,49.9969717,29,3,osrm
834,delivered,2025-07-03 16:55:47,2025-07-03 17:09:10.893130,2025-07-03 19:08:55.300000,2025-07-03 19:18:30.500,142.725,119.74011449999999,25,4,osrm
835,delivered,2025-07-03 16:55:59,2025-07-03 17:08:02.518843,2025-07-03 17:34:48.905430,2025-07-03 17:44:49.300,48.83833333333334,26.773109783333332,16,4,osrm
836,delivered,2025-07-03 16:55:11,2025-07-03 17:09:15.857968,2025-07-03 17:09:15.857968,2025-07-03 17:07:50.900,12.665,0.0,16,3,osrm
837,delivered,2025-07-03 16:56:17,2025-07-03 17:08:01.804193,2025-07-03 17:20:03.266767,2025-07-03 17:22:50.400,26.55666666666667,12.024376233333333,16,3,osrm
838,delivered,2025-07-03 16:56:13,2025-07-03 17:06:51.639178,2025-07-03 17:37:39.487336,2025-07-03 17:42:20.700,46.12833333333333,30.7974693,26,4,osrm
839,delivered,2025-07-03 16:56:20,2025-07-03 17:07:16.442866,2025-07-03 19:00:20.000000,2025-07-03 19:04:50.100,128.50166666666667,113.05928556666666,24,3,osrm
840,delivered,2025-07-03 16:56:16,2025-07-03 17:05:26.379648,2025-07-03 17:07:30.389342,2025-07-03 17:13:40.000,17.4,2.066828233333333,4,4,osrm
841,delivered,2025-07-03 16:56:49,2025-07-03 17:08:50.983935,2025-07-03 17:34:51.523779,2025-07-03 17:37:09.200,40.336666666666666,26.0089974,23,3,osrm
842,delivered,2025-07-03 16:58:52,2025-07-03 17:14:26.280235,2025-07-03 17:14:26.280235,2025-07-03 17:15:27.100,16.585,0.0,30,4,osrm
843,delivered,2025-07-03 16:58:48,2025-07-03 17:13:00.410405,2025-07-03 17:13:00.410405,2025-07-03 17:17:09.200,18.353333333333335,0.0,12,4,osrm
844,delivered,2025-07-03 16:58:54,2025-07-03 17:13:03.044114,2025-07-03 17:31:04.373583,2025-07-03 17:37:36.100,38.70166666666667,18.022157816666667,14,4,osrm
845,delivered,2025-07-03 16:58:27,2025-07-03 17:11:32.502086,2025-07-03 17:26:17.957584,2025-07-03 17:32:42.400,34.25666666666667,14.757591633333334,19,4,osrm
846,delivered,2025-07-03 16:59:47,2025-07-03 17:12:25.342592,2025-07-03 17:56:11.100000,2025-07-03 18:05:51.000,66.06666666666666,43.76262346666667,29,3,osrm
847,delivered,2025-07-03 16:59:52,2025-07-03 17:12:06.574520,2025-07-03 17:25:40.187155,2025-07-03 17:33:21.000,33.483333333333334,13.560210583333333,30,4,osrm
848,delivered,2025-07-03 16:59:26,2025-07-03 17:08:04.677994,2025-07-03 17:53:32.800000,2025-07-03 17:58:16.100,58.835,45.4687001,3,2,osrm
849,delivered,2025-07-03 16:59:00,2025-07-03 17:07:30.389342,2025-07-03 17:07:30.389342,2025-07-03 17:13:40.000,14.666666666666666,0.0,4,4,osrm
850,delivered,2025-07-03 16:59:49,2025-07-03 17:08:51.236651,2025-07-03 19:19:02.700000,2025-07-03 19:27:38.800,147.82999999999998,130.19105581666665,20,2,osrm
851,delivered,2025-07-03 17:00:43,2025-07-03 17:15:29.931789,2025-07-03 17:27:01.123824,2025-07-03 17:30:16.800,29.563333333333333,11.51986725,29,3,osrm
852,delivered,2025-07-03 17:01:52,2025-07-03 17:11:52.410542,2025-07-03 17:27:52.300000,2025-07-03 17:37:47.400,35.92333333333333,15.998157633333333,18,4,osrm
853,delivered,2025-07-03 17:01:04,2025-07-03 17:14:55.328746,2025-07-03 17:22:55.380211,2025-07-03 17:30:30.200,29.436666666666667,8.00085775,28,4,osrm
854,delivered,2025-07-03 17:01:58,2025-07-03 17:10:24.921212,2025-07-03 17:54:03.600000,2025-07-03 18:02:44.700,60.77833333333333,43.64464646666667,26,4,osrm
855,delivered,2025-07-03 17:02:10,2025-07-03 17:13:15.503003,2025-07-03 17:40:42.014628,2025-07-03 17:42:50.900,40.681666666666665,27.441860416666668,29,4,osrm
856,delivered,2025-07-03 17:02:41,2025-07-03 17:11:38.369942,2025-07-03 17:39:36.379212,2025-07-03 17:46:52.800,44.19666666666667,27.966821166666666,24,4,osrm
857,delivered,2025-07-03 17:02:57,2025-07-03 17:16:58.609954,2025-07-03 17:16:58.609954,2025-07-03 17:22:31.000,19.566666666666666,0.0,25,4,osrm
858,delivered,2025-07-03 17:02:55,2025-07-03 17:20:50.062988,2025-07-03 17:36:51.797876,2025-07-03 17:38:37.000,35.7,16.0289148,2,4,osrm
859,delivered,2025-07-03 17:02:59,2025-07-03 17:11:08.933828,2025-07-03 17:45:06.000000,2025-07-03 17:48:57.000,45.96666666666667,33.951102866666666,13,4,osrm
860,delivered,2025-07-03 17:02:56,2025-07-03 17:15:45.259830,2025-07-03 17:31:04.373583,2025-07-03 17:37:36.100,34.66833333333333,15.31856255,14,4,osrm
861,delivered,2025-07-03 17:03:38,2025-07-03 17:13:03.328983,2025-07-03 18:15:03.338876,2025-07-03 18:14:32.900,70.91499999999999,62.00016488333333,15,2,osrm
862,delivered,2025-07-03 17:04:40,2025-07-03 17:18:46.002537,2025-07-03 17:37:39.487336,2025-07-03 17:42:20.700,37.67833333333333,18.891413316666668,26,4,osrm
863,delivered,2025-07-03 17:04:26,2025-07-03 17:21:28.331737,2025-07-03 17:43:53.623594,2025-07-03 17:47:00.000,42.56666666666667,22.421530949999998,27,4,osrm
864,delivered,2025-07-03 17:05:25,2025-07-03 17:15:46.263703,2025-07-03 17:17:00.553344,2025-07-03 17:28:08.200,22.720000000000002,1.2381606833333334,5,4,osrm
865,delivered,2025-07-03 17:05:52,2025-07-03 17:20:52.128498,2025-07-03 18:33:11.700000,2025-07-03 18:41:47.800,95.93,72.3261917,13,4,osrm
866,delivered,2025-07-03 17:05:24,2025-07-03 17:17:00.553344,2025-07-03 17:17:00.553344,2025-07-03 17:28:08.200,22.736666666666668,0.0,5,4,osrm
867,delivered,2025-07-03 17:06:24,2025-07-03 17:16:09.450882,2025-07-03 17:19:57.392398,2025-07-03 17:32:11.900,25.798333333333336,3.799025266666667,6,4,osrm
868,delivered,2025-07-03 17:06:14,2025-07-03 17:17:01.453056,2025-07-03 17:26:17.957584,2025-07-03 17:32:42.400,26.473333333333336,9.275075466666667,19,4,osrm
869,delivered,2025-07-03 17:06:33,2025-07-03 17:22:04.536658,2025-07-03 18:00:16.045708,2025-07-03 17:55:43.100,49.16833333333333,38.1918175,18,4,osrm
870,delivered,2025-07-03 17:07:56,2025-07-03 17:21:13.014521,2025-07-03 17:56:56.786756,2025-07-03 18:01:26.700,53.51166666666666,35.72953725,22,4,osrm
871,delivered,2025-07-03 17:07:06,2025-07-03 17:18:51.631630,2025-07-03 17:31:04.373583,2025-07-03 17:37:36.100,30.501666666666665,12.212365883333332,14,4,osrm
872,delivered,2025-07-03 17:08:38,2025-07-03 17:20:07.129578,2025-07-03 17:22:55.380211,2025-07-03 17:30:30.200,21.87,2.8041772166666665,28,4,osrm
873,delivered,2025-07-03 17:09:31,2025-07-03 17:19:37.938157,2025-07-03 17:37:39.487336,2025-07-03 17:42:20.700,32.82833333333333,18.025819650000003,26,4,osrm
874,delivered,2025-07-03 17:09:43,2025-07-03 17:23:42.827829,2025-07-03 19:20:08.200000,2025-07-03 19:23:29.700,133.77833333333334,116.42286951666667,6,1,osrm
875,delivered,2025-07-03 17:09:08,2025-07-03 17:27:43.124945,2025-07-03 17:27:52.300000,2025-07-03 17:37:47.400,28.65666666666667,0.15291758333333333,18,4,osrm
876,delivered,2025-07-03 17:09:04,2025-07-03 17:20:34.390473,2025-07-03 19:00:20.000000,2025-07-03 19:04:50.100,115.76833333333335,99.76015878333332,24,3,osrm
877,delivered,2025-07-03 17:09:19,2025-07-03 17:18:09.858630,2025-07-03 17:26:57.429757,2025-07-03 17:34:09.600,24.84333333333333,8.792852116666667,10,4,osrm
878,delivered,2025-07-03 17:09:32,2025-07-03 17:22:43.225275,2025-07-03 17:27:14.400254,2025-07-03 17:31:10.800,21.646666666666665,4.519582983333334,13,3,osrm
879,delivered,2025-07-03 17:09:14,2025-07-03 17:22:53.399958,2025-07-03 17:22:53.399958,2025-07-03 17:27:35.300,18.355,0.0,15,3,osrm
880,delivered,2025-07-03 17:09:34,2025-07-03 17:24:53.425835,2025-07-03 17:39:36.379212,2025-07-03 17:46:52.800,37.31333333333334,14.715889616666667,24,4,osrm
881,delivered,2025-07-03 17:10:43,2025-07-03 17:19:02.205791,2025-07-03 17:19:02.205791,2025-07-03 17:24:31.500,13.808333333333334,0.0,22,4,osrm
882,delivered,2025-07-03 17:10:00,2025-07-03 17:22:55.380211,2025-07-03 17:22:55.380211,2025-07-03 17:30:30.200,20.503333333333334,0.0,28,4,osrm
883,delivered,2025-07-03 17:10:38,2025-07-03 17:20:03.266767,2025-07-03 17:20:03.266767,2025-07-03 17:22:50.400,12.206666666666667,0.0,16,3,osrm
884,delivered,2025-07-03 17:11:21,2025-07-03 17:27:35.442762,2025-07-03 17:27:35.442762,2025-07-03 17:34:46.800,23.43,0.0,7,4,osrm
885,delivered,2025-07-03 17:11:50,2025-07-03 17:26:10.410270,2025-07-03 17:26:10.410270,2025-07-03 17:30:08.700,18.311666666666667,0.0,27,4,osrm
886,delivered,2025-07-03 17:12:56,2025-07-03 17:24:22.477955,2025-07-03 17:54:29.970704,2025-07-03 18:05:04.300,52.138333333333335,30.12487915,8,4,osrm
887,delivered,2025-07-03 17:12:53,2025-07-03 17:21:10.721243,2025-07-03 17:54:03.600000,2025-07-03 18:02:44.700,49.861666666666665,32.88131261666667,26,4,osrm
888,delivered,2025-07-03 17:13:09,2025-07-03 17:31:00.886427,2025-07-03 19:14:29.100000,2025-07-03 19:21:45.200,128.60333333333332,103.47022621666666,18,4,osrm
889,delivered,2025-07-03 17:14:06,2025-07-03 17:25:40.187155,2025-07-03 17:25:40.187155,2025-07-03 17:33:21.000,19.25,0.0,30,4,osrm
890,delivered,2025-07-03 17:14:48,2025-07-03 17:29:36.086751,2025-07-03 17:29:36.086751,2025-07-03 17:30:16.200,15.47,0.0,21,4,osrm
891,delivered,2025-07-03 17:14:59,2025-07-03 17:21:07.582959,2025-07-03 17:30:44.348807,2025-07-03 17:43:02.300,28.055,9.612764133333334,8,4,osrm
892,delivered,2025-07-03 17:14:15,2025-07-03 17:26:40.886730,2025-07-03 17:26:40.886730,2025-07-03 17:32:49.900,18.581666666666667,0.0,3,4,osrm
893,delivered,2025-07-03 17:14:51,2025-07-03 17:29:15.311019,2025-07-03 18:53:50.500000,2025-07-03 18:59:49.700,104.97833333333332,84.58648301666668,25,2,osrm
894,delivered,2025-07-03 17:14:34,2025-07-03 17:19:57.392398,2025-07-03 17:19:57.392398,2025-07-03 17:32:11.900,17.631666666666668,0.0,6,4,osrm
895,delivered,2025-07-03 17:14:21,2025-07-03 17:27:12.805792,2025-07-03 19:14:23.900000,2025-07-03 19:17:46.600,123.42666666666668,107.18490346666667,5,1,osrm
896,delivered,2025-07-03 17:14:03,2025-07-03 17:29:58.265137,2025-07-03 17:40:42.014628,2025-07-03 17:42:50.900,28.798333333333336,10.729158183333334,29,4,osrm
897,delivered,2025-07-03 17:15:34,2025-07-03 17:23:04.484204,2025-07-03 17:59:02.398233,2025-07-03 18:03:25.200,47.85333333333333,35.96523381666667,16,3,osrm
898,delivered,2025-07-03 17:15:37,2025-07-03 17:27:14.400254,2025-07-03 17:27:14.400254,2025-07-03 17:31:10.800,15.563333333333333,0.0,13,3,osrm
899,delivered,2025-07-03 17:16:04,2025-07-03 17:27:01.123824,2025-07-03 17:27:01.123824,2025-07-03 17:30:16.800,14.213333333333333,0.0,29,3,osrm
900,delivered,2025-07-03 17:16:22,2025-07-03 17:26:27.435496,2025-07-03 17:39:36.379212,2025-07-03 17:46:52.800,30.513333333333332,13.149061933333334,24,4,osrm
901,delivered,2025-07-03 17:16:12,2025-07-03 17:26:17.957584,2025-07-03 17:26:17.957584,2025-07-03 17:32:42.400,16.506666666666668,0.0,19,4,osrm
902,delivered,2025-07-03 17:16:06,2025-07-03 17:25:21.957355,2025-07-03 17:27:52.300000,2025-07-03 17:37:47.400,21.69,2.50571075,18,4,osrm
903,delivered,2025-07-03 17:17:18,2025-07-03 17:26:57.429757,2025-07-03 17:26:57.429757,2025-07-03 17:34:09.600,16.86,0.0,10,4,osrm
904,delivered,2025-07-03 17:18:05,2025-07-03 17:29:53.688581,2025-07-03 17:29:53.688581,2025-07-03 17:37:31.500,19.441666666666666,0.0,9,3,osrm
905,delivered,2025-07-03 17:18:30,2025-07-03 17:30:44.348807,2025-07-03 17:30:44.348807,2025-07-03 17:43:02.300,24.538333333333334,0.0,8,4,osrm
906,delivered,2025-07-03 17:18:48,2025-07-03 17:26:43.395800,2025-07-03 17:36:51.797876,2025-07-03 17:38:37.000,19.816666666666666,10.1400346,2,4,osrm
907,delivered,2025-07-03 17:20:05,2025-07-03 17:30:14.832379,2025-07-03 17:30:14.832379,2025-07-03 17:40:27.900,20.381666666666668,0.0,20,4,osrm
908,delivered,2025-07-03 17:20:45,2025-07-03 17:33:03.252731,2025-07-03 17:52:38.066249,2025-07-03 18:00:02.800,39.29666666666667,19.5802253,14,4,osrm
909,delivered,2025-07-03 17:21:59,2025-07-03 17:37:37.709489,2025-07-03 19:08:55.300000,2025-07-03 19:18:30.500,116.525,91.29317518333333,25,4,osrm
910,delivered,2025-07-03 17:21:11,2025-07-03 17:36:51.797876,2025-07-03 17:36:51.797876,2025-07-03 17:38:37.000,17.433333333333334,0.0,2,4,osrm
911,delivered,2025-07-03 17:22:54,2025-07-03 17:34:48.905430,2025-07-03 17:43:43.567940,2025-07-03 17:54:55.200,32.02,8.911041833333334,30,4,osrm
912,delivered,2025-07-03 17:22:58,2025-07-03 17:35:18.920458,2025-07-03 17:54:29.970704,2025-07-03 18:05:04.300,42.105000000000004,19.184170766666668,8,4,osrm
913,delivered,2025-07-03 17:23:23,2025-07-03 17:31:04.373583,2025-07-03 17:39:04.150097,2025-07-03 17:44:25.200,21.03666666666667,7.996275233333334,25,4,osrm
914,delivered,2025-07-03 17:23:03,2025-07-03 17:35:16.730008,2025-07-03 18:34:41.200000,2025-07-03 18:43:39.900,80.615,59.4078332,23,4,osrm
915,delivered,2025-07-03 17:23:49,2025-07-03 17:30:04.328633,2025-07-03 19:25:32.300000,2025-07-03 19:34:19.000,130.5,115.46618945,7,2,osrm
916,delivered,2025-07-03 17:24:02,2025-07-03 17:34:51.523779,2025-07-03 17:43:53.623594,2025-07-03 17:47:00.000,22.966666666666665,9.034996916666667,27,4,osrm
917,delivered,2025-07-03 17:25:30,2025-07-03 17:33:31.082966,2025-07-03 18:12:52.684693,2025-07-03 18:14:49.200,49.32,39.360028783333334,12,4,osrm
918,delivered,2025-07-03 17:25:19,2025-07-03 17:34:59.892498,2025-07-03 19:19:02.700000,2025-07-03 19:26:45.600,121.44333333333334,104.0467917,27,2,osrm
919,delivered,2025-07-03 17:25:14,2025-07-03 17:37:38.632481,2025-07-03 17:54:03.600000,2025-07-03 18:02:44.700,37.51166666666666,16.41612531666667,26,4,osrm
920,delivered,2025-07-03 17:26:27,2025-07-03 17:39:04.150097,2025-07-03 17:52:38.066249,2025-07-03 18:00:02.800,33.596666666666664,13.5652692,14,4,osrm
921,delivered,2025-07-03 17:26:32,2025-07-03 17:42:20.240236,2025-07-03 18:12:52.684693,2025-07-03 18:14:49.200,48.28666666666666,30.54074095,12,4,osrm
922,delivered,2025-07-03 17:27:08,2025-07-03 17:39:47.371495,2025-07-03 17:53:32.800000,2025-07-03 17:58:16.100,31.134999999999998,13.757141749999999,3,2,osrm
923,delivered,2025-07-03 17:27:08,2025-07-03 17:37:34.032338,2025-07-03 18:09:26.291973,2025-07-03 18:16:48.400,49.67333333333333,31.870993916666666,30,4,osrm
924,delivered,2025-07-03 17:27:57,2025-07-03 17:41:52.081027,2025-07-03 18:09:27.762296,2025-07-03 18:17:09.200,49.20333333333333,27.594687816666667,21,4,osrm
925,delivered,2025-07-03 17:27:38,2025-07-03 17:34:33.075028,2025-07-03 17:45:06.000000,2025-07-03 17:48:57.000,21.316666666666666,10.548749533333334,13,4,osrm
926,delivered,2025-07-03 17:27:42,2025-07-03 17:44:45.681136,2025-07-03 17:54:03.600000,2025-07-03 18:02:44.700,35.044999999999995,9.298647733333333,26,4,osrm
927,delivered,2025-07-03 17:28:50,2025-07-03 17:34:19.615150,2025-07-03 18:01:12.023075,2025-07-03 18:02:12.900,33.38166666666667,26.873465416666665,25,4,osrm
928,delivered,2025-07-03 17:29:11,2025-07-03 17:43:09.428386,2025-07-03 17:56:11.100000,2025-07-03 18:05:51.000,36.666666666666664,13.027860233333334,29,3,osrm
929,delivered,2025-07-03 17:29:02,2025-07-03 17:42:38.856076,2025-07-03 17:45:06.000000,2025-07-03 17:48:57.000,19.916666666666668,2.4523987333333332,13,4,osrm
930,delivered,2025-07-03 17:29:24,2025-07-03 17:39:36.379212,2025-07-03 17:39:36.379212,2025-07-03 17:46:52.800,17.48,0.0,24,4,osrm
931,delivered,2025-07-03 17:30:05,2025-07-03 17:40:42.014628,2025-07-03 18:00:16.045708,2025-07-03 17:55:43.100,25.634999999999998,19.567184666666666,18,4,osrm
932,delivered,2025-07-03 17:30:12,2025-07-03 17:37:39.487336,2025-07-03 17:37:39.487336,2025-07-03 17:42:20.700,12.145000000000001,0.0,26,4,osrm
933,delivered,2025-07-03 17:30:15,2025-07-03 17:42:32.401650,2025-07-03 17:45:06.000000,2025-07-03 17:48:57.000,18.7,2.5599725,13,4,osrm
934,delivered,2025-07-03 17:30:08,2025-07-03 17:43:43.567940,2025-07-03 17:43:43.567940,2025-07-03 17:54:55.200,24.78666666666667,0.0,30,4,osrm
935,delivered,2025-07-03 17:31:09,2025-07-03 17:41:28.464151,2025-07-03 18:00:16.045708,2025-07-03 17:55:43.100,24.56833333333333,18.79302595,18,4,osrm
936,delivered,2025-07-03 17:31:56,2025-07-03 17:45:10.819698,2025-07-03 17:56:56.786756,2025-07-03 18:01:26.700,29.511666666666667,11.766117633333332,22,4,osrm
937,delivered,2025-07-03 17:34:05,2025-07-03 17:48:06.476366,2025-07-03 17:54:29.970704,2025-07-03 18:05:04.300,30.988333333333333,6.391572300000001,8,4,osrm
938,delivered,2025-07-03 17:34:15,2025-07-03 17:43:53.623594,2025-07-03 17:43:53.623594,2025-07-03 17:47:00.000,12.75,0.0,27,4,osrm
939,delivered,2025-07-03 17:34:45,2025-07-03 17:49:16.635303,2025-07-03 18:27:09.250383,2025-07-03 18:27:35.300,52.83833333333334,37.876918,18,4,osrm
940,delivered,2025-07-03 17:35:12,2025-07-03 17:48:32.399555,2025-07-03 18:17:07.164666,2025-07-03 18:24:37.300,49.42166666666667,28.579418516666667,20,4,osrm
941,delivered,2025-07-03 17:36:14,2025-07-03 17:48:24.832273,2025-07-03 18:11:56.300000,2025-07-03 18:22:05.900,45.865,23.524462116666665,13,4,osrm
942,delivered,2025-07-03 17:37:18,2025-07-03 17:51:34.568640,2025-07-03 18:04:17.242664,2025-07-03 18:07:50.600,30.543333333333333,12.711233733333334,6,4,osrm
943,delivered,2025-07-03 17:39:44,2025-07-03 17:52:38.066249,2025-07-03 17:52:38.066249,2025-07-03 18:00:02.800,20.313333333333333,0.0,14,4,osrm
944,delivered,2025-07-03 17:39:53,2025-07-03 17:49:39.769589,2025-07-03 17:59:02.398233,2025-07-03 18:03:25.200,23.53666666666667,9.377144066666666,16,3,osrm
945,delivered,2025-07-03 17:39:17,2025-07-03 17:49:18.391876,2025-07-03 18:29:44.442174,2025-07-03 18:30:05.400,50.806666666666665,40.434171633333335,24,3,osrm
946,delivered,2025-07-03 17:39:49,2025-07-03 17:52:27.165153,2025-07-03 18:33:11.700000,2025-07-03 18:41:47.800,61.980000000000004,40.74224745,13,4,osrm
947,delivered,2025-07-03 17:40:26,2025-07-03 17:55:43.072257,2025-07-03 19:08:05.400000,2025-07-03 19:16:45.500,96.325,72.37212905,3,4,osrm
948,delivered,2025-07-03 17:40:43,2025-07-03 17:53:13.026533,2025-07-03 18:22:30.800000,2025-07-03 18:24:50.700,44.12833333333333,29.29622445,9,1,osrm
949,delivered,2025-07-03 17:40:44,2025-07-03 17:51:30.740862,2025-07-03 17:52:38.066249,2025-07-03 18:00:02.800,19.313333333333333,1.1220897833333334,14,4,osrm
950,delivered,2025-07-03 17:40:28,2025-07-03 17:52:33.129476,2025-07-03 18:09:27.762296,2025-07-03 18:17:09.200,36.68666666666666,16.910547,21,4,osrm
951,delivered,2025-07-03 17:40:54,2025-07-03 17:49:19.751370,2025-07-03 18:10:34.300000,2025-07-03 18:17:06.800,36.21333333333334,21.242477166666667,1,4,osrm
952,delivered,2025-07-03 17:40:00,2025-07-03 17:55:23.703696,2025-07-03 18:11:56.300000,2025-07-03 18:22:05.900,42.098333333333336,16.543271733333334,13,4,osrm
953,delivered,2025-07-03 17:41:27,2025-07-03 17:57:38.940067,2025-07-03 18:25:47.200000,2025-07-03 18:29:16.200,47.82,28.13766555,5,1,osrm
954,delivered,2025-07-03 17:41:16,2025-07-03 17:58:13.468917,2025-07-03 19:10:04.878277,2025-07-03 19:20:00.200,98.73666666666666,71.85682266666666,19,4,osrm
955,delivered,2025-07-03 17:42:20,2025-07-03 17:56:56.786756,2025-07-03 17:56:56.786756,2025-07-03 18:01:26.700,19.111666666666668,0.0,22,4,osrm
956,delivered,2025-07-03 17:42:20,2025-07-03 17:52:15.164464,2025-07-03 18:15:01.900000,2025-07-03 18:22:21.400,40.02333333333333,22.778925599999997,26,4,osrm
957,delivered,2025-07-03 17:43:39,2025-07-03 17:55:12.080742,2025-07-03 18:17:07.164666,2025-07-03 18:24:37.300,40.97166666666667,21.9180654,20,4,osrm
958,delivered,2025-07-03 17:43:45,2025-07-03 17:54:29.970704,2025-07-03 17:54:29.970704,2025-07-03 18:05:04.300,21.321666666666665,0.0,8,4,osrm
959,delivered,2025-07-03 17:44:14,2025-07-03 17:57:27.501680,2025-07-03 19:21:16.900000,2025-07-03 19:29:17.900,105.065,83.82330533333334,21,4,osrm
960,delivered,2025-07-03 17:44:18,2025-07-03 18:00:16.045708,2025-07-03 18:03:11.100000,2025-07-03 18:10:54.300,26.605,2.917571533333333,11,3,osrm
961,delivered,2025-07-03 17:45:14,2025-07-03 17:50:14.000000,2025-07-03 19:08:55.300000,2025-07-03 19:18:30.500,93.275,78.68833333333333,25,4,osrm
962,delivered,2025-07-03 17:45:53,2025-07-03 17:59:02.398233,2025-07-03 17:59:02.398233,2025-07-03 18:03:25.200,17.53666666666667,0.0,16,3,osrm
963,delivered,2025-07-03 17:45:08,2025-07-03 17:57:48.581819,2025-07-03 19:29:02.700000,2025-07-03 19:37:24.100,112.26833333333335,91.23530301666666,26,2,osrm
964,delivered,2025-07-03 17:46:54,2025-07-03 17:59:40.034781,2025-07-03 19:14:29.100000,2025-07-03 19:21:45.200,94.85333333333332,74.81775365,18,4,osrm
965,delivered,2025-07-03 17:47:17,2025-07-03 18:01:12.023075,2025-07-03 18:11:56.300000,2025-07-03 18:22:05.900,34.815000000000005,10.73794875,13,4,osrm
966,delivered,2025-07-03 17:47:46,2025-07-03 17:57:05.477866,2025-07-03 18:09:26.291973,2025-07-03 18:16:48.400,29.040000000000003,12.346901783333333,30,4,osrm
967,delivered,2025-07-03 17:49:33,2025-07-03 18:04:17.242664,2025-07-03 18:12:52.684693,2025-07-03 18:14:49.200,25.27,8.590700483333334,12,4,osrm
968,delivered,2025-07-03 17:50:01,2025-07-03 18:02:54.257150,2025-07-03 18:09:26.291973,2025-07-03 18:16:48.400,26.790000000000003,6.5339137166666665,30,4,osrm
969,delivered,2025-07-03 17:52:37,2025-07-03 18:03:56.051630,2025-07-03 19:08:29.400000,2025-07-03 19:16:51.400,84.24,64.55580616666667,13,4,osrm
970,delivered,2025-07-03 17:53:28,2025-07-03 18:05:27.242421,2025-07-03 18:38:46.519888,2025-07-03 18:46:25.300,52.955000000000005,33.321291116666664,5,4,osrm
971,delivered,2025-07-03 17:54:55,2025-07-03 18:05:33.225489,2025-07-03 18:09:27.762296,2025-07-03 18:17:09.200,22.236666666666668,3.9089467833333336,21,4,osrm
972,delivered,2025-07-03 17:54:20,2025-07-03 18:06:31.813505,2025-07-03 19:19:02.700000,2025-07-03 19:26:45.600,92.42666666666668,72.51477491666667,27,2,osrm
973,delivered,2025-07-03 17:55:17,2025-07-03 18:08:57.164915,2025-07-03 18:38:46.519888,2025-07-03 18:46:25.300,51.138333333333335,29.822582883333332,5,4,osrm
974,delivered,2025-07-03 17:56:19,2025-07-03 18:04:24.970587,2025-07-03 18:35:44.346667,2025-07-03 18:42:48.600,46.49333333333333,31.322934666666665,26,4,osrm
975,delivered,2025-07-03 17:56:44,2025-07-03 18:07:37.752549,2025-07-03 18:48:58.238296,2025-07-03 18:49:06.800,52.38,41.34142911666667,27,4,osrm
976,delivered,2025-07-03 17:57:04,2025-07-03 18:07:35.883233,2025-07-03 18:45:44.600000,2025-07-03 18:53:06.700,56.044999999999995,38.14527945,22,4,osrm
977,delivered,2025-07-03 17:57:37,2025-07-03 18:09:26.291973,2025-07-03 18:26:14.328926,2025-07-03 18:31:01.200,33.403333333333336,16.800615883333332,28,3,osrm
978,delivered,2025-07-03 17:58:23,2025-07-03 18:09:27.762296,2025-07-03 18:26:14.328926,2025-07-03 18:31:01.200,32.63666666666667,16.7761105,28,3,osrm
979,delivered,2025-07-03 17:59:56,2025-07-03 18:06:35.960378,2025-07-03 18:15:01.900000,2025-07-03 18:22:21.400,22.423333333333336,8.432327033333333,26,4,osrm
980,delivered,2025-07-03 18:00:28,2025-07-03 18:13:46.524045,2025-07-03 18:38:46.519888,2025-07-03 18:46:25.300,45.955000000000005,24.999930716666665,5,4,osrm
981,delivered,2025-07-03 18:00:57,2025-07-03 18:16:25.778632,2025-07-03 18:49:22.900000,2025-07-03 18:57:58.000,57.016666666666666,32.9520228,14,4,osrm
982,delivered,2025-07-03 18:00:57,2025-07-03 18:10:47.296549,2025-07-03 18:34:25.900000,2025-07-03 18:42:02.100,41.085,23.64339085,16,4,osrm
983,delivered,2025-07-03 18:00:28,2025-07-03 18:12:52.684693,2025-07-03 18:12:52.684693,2025-07-03 18:14:49.200,14.353333333333333,0.0,12,4,osrm
984,delivered,2025-07-03 18:00:13,2025-07-03 18:10:04.945251,2025-07-03 18:34:41.200000,2025-07-03 18:43:39.900,43.44833333333334,24.604245816666666,23,4,osrm
985,delivered,2025-07-03 18:01:24,2025-07-03 18:13:54.986461,2025-07-03 18:29:33.400000,2025-07-03 18:36:10.100,34.76833333333333,15.64022565,4,2,osrm
986,delivered,2025-07-03 18:01:16,2025-07-03 18:12:33.299851,2025-07-03 18:29:44.442174,2025-07-03 18:36:45.400,35.49,17.185705383333335,8,3,osrm
987,delivered,2025-07-03 18:02:50,2025-07-03 18:18:01.490625,2025-07-03 18:34:41.200000,2025-07-03 18:43:39.900,40.83166666666667,16.66182291666667,23,4,osrm
988,delivered,2025-07-03 18:02:59,2025-07-03 18:13:15.019050,2025-07-03 18:43:11.200000,2025-07-03 18:51:32.900,48.565000000000005,29.936349166666666,17,2,osrm
989,delivered,2025-07-03 18:04:01,2025-07-03 18:17:51.381131,2025-07-03 18:51:51.032620,2025-07-03 19:02:09.500,58.141666666666666,33.99419148333333,30,4,osrm
990,delivered,2025-07-03 18:04:21,2025-07-03 18:14:08.022785,2025-07-03 18:28:40.600000,2025-07-03 18:34:04.100,29.71833333333333,14.542953583333334,29,4,osrm
991,delivered,2025-07-03 18:04:44,2025-07-03 18:15:03.338876,2025-07-03 18:15:03.338876,2025-07-03 18:14:32.900,9.815,0.0,15,2,osrm
992,delivered,2025-07-03 18:04:52,2025-07-03 18:17:07.164666,2025-07-03 18:29:33.400000,2025-07-03 18:36:10.100,31.301666666666666,12.437255566666666,4,2,osrm
993,delivered,2025-07-03 18:05:50,2025-07-03 18:12:53.748985,2025-07-03 18:28:40.600000,2025-07-03 18:34:04.100,28.235,15.780850249999999,29,4,osrm
994,delivered,2025-07-03 18:06:27,2025-07-03 18:15:44.283137,2025-07-03 18:54:01.300000,2025-07-03 18:59:50.200,53.38666666666666,38.28361438333333,13,2,osrm
995,delivered,2025-07-03 18:08:53,2025-07-03 18:23:16.704925,2025-07-03 18:49:27.100000,2025-07-03 18:59:30.700,50.62833333333333,26.17325125,8,4,osrm
996,delivered,2025-07-03 18:09:42,2025-07-03 18:19:34.886899,2025-07-03 18:59:16.940236,2025-07-03 19:00:54.000,51.2,39.70088895,16,3,osrm
997,delivered,2025-07-03 18:09:01,2025-07-03 18:16:55.710851,2025-07-03 18:49:27.100000,2025-07-03 18:59:30.700,50.495,32.523152483333334,8,4,osrm
998,delivered,2025-07-03 18:09:51,2025-07-03 18:17:29.631967,2025-07-03 18:49:22.900000,2025-07-03 18:57:58.000,48.11666666666667,31.88780055,14,4,osrm
999,delivered,2025-07-03 18:10:36,2025-07-03 18:22:45.635764,2025-07-03 18:33:40.600000,2025-07-03 18:39:36.100,29.001666666666665,10.916070600000001,12,4,osrm
1000,delivered,2025-07-03 18:10:58,2025-07-03 18:21:13.045659,2025-07-03 18:49:22.900000,2025-07-03 18:57:58.000,47.0,28.164239016666667,14,4,osrm
1001,delivered,2025-07-03 18:10:24,2025-07-03 18:22:27.772044,2025-07-03 18:49:27.100000,2025-07-03 18:59:30.700,49.111666666666665,26.988799266666668,8,4,osrm
1002,delivered,2025-07-03 18:11:14,2025-07-03 18:16:14.000000,2025-07-03 18:48:58.238296,2025-07-03 18:49:06.800,37.88,32.737304933333334,27,4,osrm
1003,delivered,2025-07-03 18:11:04,2025-07-03 18:20:34.690283,2025-07-03 18:59:24.400000,2025-07-03 19:04:46.000,53.7,38.82849528333334,5,2,osrm
1004,delivered,2025-07-03 18:11:07,2025-07-03 18:20:40.801612,2025-07-03 18:49:27.100000,2025-07-03 18:59:30.700,48.394999999999996,28.7716398,8,4,osrm
1005,delivered,2025-07-03 18:12:47,2025-07-03 18:26:54.917077,2025-07-03 18:35:44.346667,2025-07-03 18:42:48.600,30.026666666666664,8.8238265,26,4,osrm
1006,delivered,2025-07-03 18:12:39,2025-07-03 18:27:09.250383,2025-07-03 18:33:40.600000,2025-07-03 18:39:36.100,26.951666666666664,6.522493616666667,12,4,osrm
1007,delivered,2025-07-03 18:12:24,2025-07-03 18:26:14.328926,2025-07-03 18:26:14.328926,2025-07-03 18:31:01.200,18.62,0.0,28,3,osrm
1008,delivered,2025-07-03 18:13:38,2025-07-03 18:19:30.435466,2025-07-03 18:33:40.600000,2025-07-03 18:39:36.100,25.96833333333333,14.1694089,12,4,osrm
1009,delivered,2025-07-03 18:14:34,2025-07-03 18:28:57.089294,2025-07-03 18:49:22.900000,2025-07-03 18:57:58.000,43.4,20.43017843333333,14,4,osrm
1010,delivered,2025-07-03 18:14:18,2025-07-03 18:29:44.442174,2025-07-03 18:33:40.600000,2025-07-03 18:39:36.100,25.301666666666666,3.9359637666666667,12,4,osrm
1011,delivered,2025-07-03 18:16:21,2025-07-03 18:25:49.175518,2025-07-03 19:06:32.200000,2025-07-03 19:09:43.400,53.373333333333335,40.7170747,4,1,osrm
1012,delivered,2025-07-03 18:16:07,2025-07-03 18:28:47.636254,2025-07-03 18:35:44.346667,2025-07-03 18:42:48.600,26.69333333333333,6.945173550000001,26,4,osrm
1013,delivered,2025-07-03 18:16:17,2025-07-03 18:29:23.758126,2025-07-03 18:51:51.032620,2025-07-03 19:02:09.500,45.875,22.4545749,30,4,osrm
1014,delivered,2025-07-03 18:22:56,2025-07-03 18:33:32.346856,2025-07-03 18:59:16.940236,2025-07-03 19:00:54.000,37.96666666666667,25.743223,16,3,osrm
1015,delivered,2025-07-03 18:22:48,2025-07-03 18:35:01.758104,2025-07-03 19:09:15.200000,2025-07-03 19:12:40.800,49.88,34.224031599999996,26,1,osrm
1016,delivered,2025-07-03 18:23:25,2025-07-03 18:32:50.843708,2025-07-03 18:53:50.500000,2025-07-03 18:59:49.700,36.41166666666666,20.994271533333333,25,2,osrm
1017,delivered,2025-07-03 18:23:49,2025-07-03 18:36:07.728847,2025-07-03 18:43:11.200000,2025-07-03 18:51:32.900,27.73166666666667,7.057852550000001,17,2,osrm
1018,delivered,2025-07-03 18:24:17,2025-07-03 18:35:44.346667,2025-07-03 18:35:44.346667,2025-07-03 18:42:48.600,18.526666666666664,0.0,26,4,osrm
1019,delivered,2025-07-03 18:26:08,2025-07-03 18:38:46.519888,2025-07-03 18:38:46.519888,2025-07-03 18:46:25.300,20.288333333333334,0.0,5,4,osrm
1020,delivered,2025-07-03 18:27:10,2025-07-03 18:44:40.567205,2025-07-03 18:51:51.032620,2025-07-03 19:02:09.500,34.99166666666667,7.174423583333334,30,4,osrm
1021,delivered,2025-07-03 18:28:30,2025-07-03 18:37:11.689755,2025-07-03 18:48:58.238296,2025-07-03 18:49:06.800,20.613333333333333,11.775809016666667,27,4,osrm
1022,delivered,2025-07-03 18:29:43,2025-07-03 18:45:07.112870,2025-07-03 19:10:44.000000,2025-07-03 19:17:53.400,48.17333333333333,25.6147855,2,3,osrm
1023,delivered,2025-07-03 18:29:08,2025-07-03 18:41:16.820246,2025-07-03 18:52:08.382242,2025-07-03 18:59:04.500,29.941666666666666,10.8593666,12,4,osrm
1024,delivered,2025-07-03 18:29:58,2025-07-03 18:41:52.724566,2025-07-03 19:10:44.000000,2025-07-03 19:17:53.400,47.92333333333333,28.854590566666666,2,3,osrm
1025,delivered,2025-07-03 18:32:07,2025-07-03 18:37:39.578757,2025-07-03 18:54:01.300000,2025-07-03 18:59:50.200,27.720000000000002,16.362020716666667,13,2,osrm
1026,delivered,2025-07-03 18:34:11,2025-07-03 18:48:58.238296,2025-07-03 18:48:58.238296,2025-07-03 18:49:06.800,14.93,0.0,27,4,osrm
1027,delivered,2025-07-03 18:34:07,2025-07-03 18:42:31.463202,2025-07-03 19:17:10.400000,2025-07-03 19:20:38.800,46.53,34.64894663333334,24,1,osrm
1028,delivered,2025-07-03 18:37:40,2025-07-03 18:46:43.104707,2025-07-03 19:00:20.000000,2025-07-03 19:04:50.100,27.168333333333333,13.61492155,24,3,osrm
1029,delivered,2025-07-03 18:40:47,2025-07-03 18:51:51.032620,2025-07-03 19:08:29.400000,2025-07-03 19:16:51.400,36.07333333333334,16.639456333333335,13,4,osrm
1030,delivered,2025-07-03 18:41:14,2025-07-03 18:52:08.382242,2025-07-03 18:52:08.382242,2025-07-03 18:59:04.500,17.841666666666665,0.0,12,4,osrm
1031,delivered,2025-07-03 18:41:47,2025-07-03 18:51:04.335159,2025-07-03 19:23:57.000000,2025-07-03 19:26:36.300,44.82166666666667,32.87774735,17,1,osrm
1032,delivered,2025-07-03 18:42:09,2025-07-03 18:58:23.205406,2025-07-03 18:59:24.400000,2025-07-03 19:04:46.000,22.616666666666667,1.0199099,5,2,osrm
1033,delivered,2025-07-03 18:44:26,2025-07-03 18:58:19.946032,2025-07-03 19:19:40.800000,2025-07-03 19:23:50.400,39.406666666666666,21.34756613333333,28,2,osrm
1034,delivered,2025-07-03 18:46:21,2025-07-03 19:05:28.326035,2025-07-03 19:29:58.500000,2025-07-03 19:33:29.600,47.14333333333333,24.502899416666665,23,1,osrm
1035,delivered,2025-07-03 18:47:10,2025-07-03 18:56:50.651121,2025-07-03 19:19:40.800000,2025-07-03 19:23:50.400,36.67333333333333,22.83581465,28,2,osrm
1036,delivered,2025-07-03 18:49:44,2025-07-03 18:59:16.940236,2025-07-03 18:59:16.940236,2025-07-03 19:00:54.000,11.166666666666666,0.0,16,3,osrm
1037,delivered,2025-07-03 18:50:01,2025-07-03 19:07:49.801869,2025-07-03 19:15:03.300000,2025-07-03 19:22:48.700,32.795,7.22496885,11,4,osrm
1038,delivered,2025-07-03 18:56:02,2025-07-03 19:04:09.784226,2025-07-03 19:10:44.000000,2025-07-03 19:17:53.400,21.85666666666667,6.5702629,2,3,osrm
1039,delivered,2025-07-03 18:57:04,2025-07-03 19:09:50.774528,2025-07-03 19:26:16.900000,2025-07-03 19:33:15.000,36.18333333333333,16.435424533333332,10,4,osrm
1040,delivered,2025-07-03 18:57:03,2025-07-03 19:08:05.447889,2025-07-03 19:26:16.900000,2025-07-03 19:33:15.000,36.2,18.19086851666667,10,4,osrm
1041,delivered,2025-07-03 18:58:54,2025-07-03 19:10:04.878277,2025-07-03 19:29:02.700000,2025-07-03 19:37:24.100,38.501666666666665,18.963695383333334,26,2,osrm
