order_id,restaurant_id,created_at,ready_at,rest_lat,rest_lon,dest_lat,dest_lon
0,16,2025-07-03 08:00:31,2025-07-03 08:10:19.341393,24.13661247276418,-110.30150726021985,24.133143251691415,-110.32679356913718
1,2,2025-07-03 08:00:20,2025-07-03 08:11:11.792243,24.12919295209637,-110.30843613862686,24.158145327525514,-110.31005439359707
2,8,2025-07-03 08:00:03,2025-07-03 08:15:00.594227,24.13432328664966,-110.32720613045257,24.144235771336646,-110.3104368275842
3,17,2025-07-03 08:02:07,2025-07-03 08:11:01.402708,24.131451615962472,-110.32348659210822,24.143640128126837,-110.30854445906753
4,14,2025-07-03 08:04:40,2025-07-03 08:14:17.263612,24.15170827353591,-110.3128095952917,24.134287439752466,-110.31871164219166
5,14,2025-07-03 08:04:27,2025-07-03 08:17:04.205926,24.15170827353591,-110.3128095952917,24.13723987751109,-110.32828141735052
6,7,2025-07-03 08:04:56,2025-07-03 08:18:26.159194,24.148183327575858,-110.30262459951864,24.13380030931073,-110.3207704893062
7,12,2025-07-03 08:04:52,2025-07-03 08:15:40.508810,24.145106324785893,-110.30204570898285,24.14242086365576,-110.32162006878937
8,15,2025-07-03 08:05:10,2025-07-03 08:18:10.544237,24.131306102278938,-110.32333616519577,24.1474381331234,-110.30185364496228
9,6,2025-07-03 08:05:49,2025-07-03 08:17:41.979588,24.13364467115009,-110.30566340731718,24.13316045767116,-110.33172019419511
10,23,2025-07-03 08:05:12,2025-07-03 08:19:52.121306,24.134561147288878,-110.32788662820818,24.149221933818666,-110.31015639082436
11,12,2025-07-03 08:06:15,2025-07-03 08:27:58.103096,24.145106324785893,-110.30204570898285,24.129997787905047,-110.32107367113461
12,10,2025-07-03 08:07:22,2025-07-03 08:23:59.949695,24.129774332166285,-110.3269074937901,24.143205794254534,-110.31197573286664
13,21,2025-07-03 08:07:38,2025-07-03 08:15:23.103873,24.144872215792645,-110.32081765205396,24.13025655266858,-110.3100325414594
14,20,2025-07-03 08:07:59,2025-07-03 08:16:34.364246,24.147748218913893,-110.29935426122582,24.130297051439833,-110.31723448700743
15,6,2025-07-03 08:07:47,2025-07-03 08:13:22.068728,24.13364467115009,-110.30566340731718,24.152750590874536,-110.31391468448098
16,2,2025-07-03 08:09:51,2025-07-03 08:20:15.018135,24.12919295209637,-110.30843613862686,24.14790905930286,-110.32054450191788
17,16,2025-07-03 08:10:05,2025-07-03 08:22:20.512219,24.13661247276418,-110.30150726021985,24.15629091791685,-110.31210949136536
18,13,2025-07-03 08:10:14,2025-07-03 08:20:55.316460,24.1299510372196,-110.3179380484236,24.148539280120218,-110.31800388785115
19,2,2025-07-03 08:10:39,2025-07-03 08:25:18.143054,24.12919295209637,-110.30843613862686,24.153069276522572,-110.30675220197217
20,17,2025-07-03 08:11:16,2025-07-03 08:17:41.148775,24.131451615962472,-110.32348659210822,24.155828436893387,-110.31312096417187
21,10,2025-07-03 08:12:17,2025-07-03 08:23:46.938772,24.129774332166285,-110.3269074937901,24.13476803259405,-110.30811113797249
22,4,2025-07-03 08:12:53,2025-07-03 08:27:50.886886,24.127392474130485,-110.31706979271745,24.144280984966628,-110.30276124917943
23,16,2025-07-03 08:13:07,2025-07-03 08:23:38.660205,24.13661247276418,-110.30150726021985,24.14379316268537,-110.32201246524454
24,2,2025-07-03 08:14:02,2025-07-03 08:23:00.125079,24.12919295209637,-110.30843613862686,24.147736796701185,-110.2945191681242
25,3,2025-07-03 08:16:29,2025-07-03 08:31:09.616017,24.14285231984407,-110.32451362805041,24.157893557467226,-110.31061953922864
26,5,2025-07-03 08:16:55,2025-07-03 08:30:34.702872,24.14128897181552,-110.31463390889023,24.141845666316815,-110.3155573783261
27,2,2025-07-03 08:17:30,2025-07-03 08:31:26.801189,24.12919295209637,-110.30843613862686,24.147224319175063,-110.30589660982537
28,10,2025-07-03 08:17:39,2025-07-03 08:31:46.669142,24.129774332166285,-110.3269074937901,24.136171127780656,-110.30649824384557
29,0,2025-07-03 08:17:36,2025-07-03 08:29:28.648162,24.150277490122807,-110.3121193752678,24.132177189990397,-110.31729563894774
30,8,2025-07-03 08:17:38,2025-07-03 08:27:07.249976,24.13432328664966,-110.32720613045257,24.149508701380416,-110.31014251165192
31,6,2025-07-03 08:18:03,2025-07-03 08:26:21.090249,24.13364467115009,-110.30566340731718,24.132436944834797,-110.3334947506713
32,9,2025-07-03 08:18:44,2025-07-03 08:27:46.372874,24.14119117471582,-110.30079340133237,24.133179554086276,-110.32777726072814
33,10,2025-07-03 08:19:57,2025-07-03 08:30:40.537407,24.129774332166285,-110.3269074937901,24.149647911874812,-110.3079744175057
34,11,2025-07-03 08:19:19,2025-07-03 08:30:09.342951,24.134884034642383,-110.31012277961037,24.136202830244336,-110.31026230039704
35,16,2025-07-03 08:19:34,2025-07-03 08:33:13.107025,24.13661247276418,-110.30150726021985,24.138744842633194,-110.3252773741548
36,7,2025-07-03 08:20:56,2025-07-03 08:32:31.784936,24.148183327575858,-110.30262459951864,24.134040592211544,-110.31582139353297
37,14,2025-07-03 08:20:48,2025-07-03 08:27:15.375861,24.15170827353591,-110.3128095952917,24.131816023259407,-110.31414713101614
38,12,2025-07-03 08:21:11,2025-07-03 08:32:42.140184,24.145106324785893,-110.30204570898285,24.13633231747101,-110.31901681863451
39,15,2025-07-03 08:21:34,2025-07-03 08:35:59.037917,24.131306102278938,-110.32333616519577,24.151071679681632,-110.30774449310113
40,12,2025-07-03 08:21:45,2025-07-03 08:32:58.774246,24.145106324785893,-110.30204570898285,24.13292121772419,-110.3260416688714
41,6,2025-07-03 08:21:20,2025-07-03 08:37:27.973610,24.13364467115009,-110.30566340731718,24.1399814200103,-110.32809268996935
42,17,2025-07-03 08:23:18,2025-07-03 08:33:00.627149,24.131451615962472,-110.32348659210822,24.14802929248822,-110.30366361499816
43,10,2025-07-03 08:23:31,2025-07-03 08:37:23.807507,24.129774332166285,-110.3269074937901,24.143348871336794,-110.31340793569497
44,16,2025-07-03 08:24:30,2025-07-03 08:37:19.486079,24.13661247276418,-110.30150726021985,24.127496580202827,-110.31767443704992
45,23,2025-07-03 08:24:33,2025-07-03 08:35:21.457986,24.134561147288878,-110.32788662820818,24.137191755295973,-110.30834396730556
46,20,2025-07-03 08:25:59,2025-07-03 08:34:38.709229,24.147748218913893,-110.29935426122582,24.13469133000679,-110.31326636785721
47,23,2025-07-03 08:25:22,2025-07-03 08:33:02.610324,24.134561147288878,-110.32788662820818,24.158393777716036,-110.30940499402017
48,15,2025-07-03 08:25:29,2025-07-03 08:38:55.136225,24.131306102278938,-110.32333616519577,24.153757585798896,-110.31223012596507
49,0,2025-07-03 08:25:13,2025-07-03 08:39:48.470414,24.150277490122807,-110.3121193752678,24.13243344649224,-110.30636260027032
50,5,2025-07-03 08:25:18,2025-07-03 08:38:48.032701,24.14128897181552,-110.31463390889023,24.14267492561544,-110.31599357089358
51,10,2025-07-03 08:26:31,2025-07-03 08:35:28.374844,24.129774332166285,-110.3269074937901,24.144121686476296,-110.31071004389526
52,7,2025-07-03 08:26:00,2025-07-03 08:37:23.520666,24.148183327575858,-110.30262459951864,24.140382754583076,-110.3219229670328
53,17,2025-07-03 08:26:30,2025-07-03 08:38:44.830583,24.131451615962472,-110.32348659210822,24.150292097794065,-110.30900737370115
54,20,2025-07-03 08:27:42,2025-07-03 08:41:52.085748,24.147748218913893,-110.29935426122582,24.13736857479315,-110.32184520897762
55,14,2025-07-03 08:27:21,2025-07-03 08:41:27.853002,24.15170827353591,-110.3128095952917,24.129587182197135,-110.30748402423825
56,10,2025-07-03 08:27:13,2025-07-03 08:40:51.282393,24.129774332166285,-110.3269074937901,24.1412284272174,-110.29852657361377
57,6,2025-07-03 08:28:01,2025-07-03 08:39:19.909083,24.13364467115009,-110.30566340731718,24.134643861597247,-110.33289678613075
58,3,2025-07-03 08:28:43,2025-07-03 08:41:28.035132,24.14285231984407,-110.32451362805041,24.135810831481123,-110.30672132671127
59,7,2025-07-03 08:28:08,2025-07-03 08:36:51.316057,24.148183327575858,-110.30262459951864,24.128220541526066,-110.31091286480361
60,20,2025-07-03 08:28:28,2025-07-03 08:40:18.584052,24.147748218913893,-110.29935426122582,24.13416989884416,-110.32155774511988
61,17,2025-07-03 08:28:01,2025-07-03 08:42:52.691930,24.131451615962472,-110.32348659210822,24.149334621149986,-110.31658682105605
62,0,2025-07-03 08:29:33,2025-07-03 08:39:06.523019,24.150277490122807,-110.3121193752678,24.13077199114825,-110.32373962808325
63,16,2025-07-03 08:29:01,2025-07-03 08:37:53.522041,24.13661247276418,-110.30150726021985,24.145731030993336,-110.31933804598272
64,7,2025-07-03 08:30:31,2025-07-03 08:41:06.184244,24.148183327575858,-110.30262459951864,24.128336698665844,-110.32123161826894
65,14,2025-07-03 08:30:34,2025-07-03 08:41:47.648631,24.15170827353591,-110.3128095952917,24.134185911812903,-110.30828649866446
66,12,2025-07-03 08:31:42,2025-07-03 08:45:13.532232,24.145106324785893,-110.30204570898285,24.12970373840546,-110.31517149143582
67,17,2025-07-03 08:31:11,2025-07-03 08:37:54.650782,24.131451615962472,-110.32348659210822,24.137880426022697,-110.30128919976062
68,21,2025-07-03 08:31:23,2025-07-03 08:43:48.673847,24.144872215792645,-110.32081765205396,24.151117226211813,-110.2994863691079
69,21,2025-07-03 08:31:42,2025-07-03 08:43:14.475341,24.144872215792645,-110.32081765205396,24.144630633618355,-110.30018728602556
70,7,2025-07-03 08:32:54,2025-07-03 08:46:07.236950,24.148183327575858,-110.30262459951864,24.147372513223736,-110.32073775007592
71,17,2025-07-03 08:32:34,2025-07-03 08:39:58.855225,24.131451615962472,-110.32348659210822,24.146926149399377,-110.30577227700763
72,9,2025-07-03 08:32:56,2025-07-03 08:44:36.823282,24.14119117471582,-110.30079340133237,24.146446303657275,-110.32079638262333
73,10,2025-07-03 08:34:22,2025-07-03 08:43:50.997761,24.129774332166285,-110.3269074937901,24.144007763179975,-110.31406127794486
74,7,2025-07-03 08:35:54,2025-07-03 08:47:21.383567,24.148183327575858,-110.30262459951864,24.13922691247341,-110.32737295885494
75,19,2025-07-03 08:35:09,2025-07-03 08:47:52.455903,24.138572185098703,-110.31375032971341,24.13952595773043,-110.31461884532834
76,23,2025-07-03 08:35:49,2025-07-03 08:48:29.326791,24.134561147288878,-110.32788662820818,24.13314604778128,-110.3088529291904
77,9,2025-07-03 08:35:46,2025-07-03 08:51:24.226093,24.14119117471582,-110.30079340133237,24.132565457863663,-110.32810501014454
78,14,2025-07-03 08:36:04,2025-07-03 08:50:31.098520,24.15170827353591,-110.3128095952917,24.13641912849917,-110.3291742283886
79,15,2025-07-03 08:36:12,2025-07-03 08:49:40.107776,24.131306102278938,-110.32333616519577,24.13840947392292,-110.30344653654119
80,7,2025-07-03 08:36:41,2025-07-03 08:51:37.556446,24.148183327575858,-110.30262459951864,24.134709620349536,-110.32581800206661
81,12,2025-07-03 08:36:05,2025-07-03 08:41:23.286158,24.145106324785893,-110.30204570898285,24.1294449349537,-110.3161293024858
82,3,2025-07-03 08:36:43,2025-07-03 08:50:45.844582,24.14285231984407,-110.32451362805041,24.155160357533862,-110.30521250400048
83,12,2025-07-03 08:37:23,2025-07-03 08:42:49.179279,24.145106324785893,-110.30204570898285,24.13456856116878,-110.32246503674821
84,0,2025-07-03 08:37:54,2025-07-03 08:47:51.242909,24.150277490122807,-110.3121193752678,24.13180687943333,-110.31997153829971
85,10,2025-07-03 08:37:52,2025-07-03 08:48:06.635404,24.129774332166285,-110.3269074937901,24.156701959722927,-110.30919044631773
86,21,2025-07-03 08:38:16,2025-07-03 08:55:35.933824,24.144872215792645,-110.32081765205396,24.147651016693473,-110.29596526191877
87,16,2025-07-03 08:38:48,2025-07-03 08:46:36.992806,24.13661247276418,-110.30150726021985,24.140503216071806,-110.32515714892057
88,9,2025-07-03 08:38:56,2025-07-03 08:55:02.923368,24.14119117471582,-110.30079340133237,24.12935174429792,-110.31653443303907
89,20,2025-07-03 08:38:15,2025-07-03 08:50:09.269439,24.147748218913893,-110.29935426122582,24.13326754797251,-110.3207521554757
90,11,2025-07-03 08:39:28,2025-07-03 08:52:07.052472,24.134884034642383,-110.31012277961037,24.15139914368273,-110.29964413293786
91,17,2025-07-03 08:39:54,2025-07-03 08:49:07.165773,24.131451615962472,-110.32348659210822,24.150307398282738,-110.30478895384601
92,16,2025-07-03 08:40:46,2025-07-03 08:57:29.184367,24.13661247276418,-110.30150726021985,24.13822343818435,-110.32571626131549
93,7,2025-07-03 08:40:17,2025-07-03 08:51:35.467084,24.148183327575858,-110.30262459951864,24.126914322263552,-110.31312000288275
94,20,2025-07-03 08:40:09,2025-07-03 08:46:08.875002,24.147748218913893,-110.29935426122582,24.12702177105031,-110.31211795830758
95,7,2025-07-03 08:41:05,2025-07-03 08:56:26.619223,24.148183327575858,-110.30262459951864,24.13271299339973,-110.32238111468749
96,4,2025-07-03 08:41:51,2025-07-03 08:55:04.210012,24.127392474130485,-110.31706979271745,24.15683210500227,-110.30849880520691
97,10,2025-07-03 08:41:24,2025-07-03 08:49:52.147839,24.129774332166285,-110.3269074937901,24.1452368671449,-110.31621827321935
98,23,2025-07-03 08:41:18,2025-07-03 08:55:42.837621,24.134561147288878,-110.32788662820818,24.14917537202359,-110.30831575330511
99,13,2025-07-03 08:42:54,2025-07-03 08:47:54.000000,24.1299510372196,-110.3179380484236,24.144324537451343,-110.29974967672646
100,16,2025-07-03 08:42:48,2025-07-03 08:50:37.708715,24.13661247276418,-110.30150726021985,24.130336373323445,-110.32702945971535
101,13,2025-07-03 08:42:10,2025-07-03 08:53:20.508825,24.1299510372196,-110.3179380484236,24.148604922657068,-110.30725905860508
102,19,2025-07-03 08:42:24,2025-07-03 08:53:49.444699,24.138572185098703,-110.31375032971341,24.133120159133917,-110.33237495183629
103,6,2025-07-03 08:43:35,2025-07-03 08:55:56.512697,24.13364467115009,-110.30566340731718,24.147546813675408,-110.31758217784596
104,7,2025-07-03 08:43:18,2025-07-03 08:52:46.692019,24.148183327575858,-110.30262459951864,24.142463826715087,-110.3200250840161
105,23,2025-07-03 08:43:14,2025-07-03 08:57:45.149216,24.134561147288878,-110.32788662820818,24.130005621233412,-110.30936152402252
106,23,2025-07-03 08:43:57,2025-07-03 08:49:35.348515,24.134561147288878,-110.32788662820818,24.140252676774065,-110.31021590209747
107,0,2025-07-03 08:43:35,2025-07-03 09:01:35.421027,24.150277490122807,-110.3121193752678,24.12668767165115,-110.31284824421405
108,5,2025-07-03 08:43:15,2025-07-03 08:53:57.201992,24.14128897181552,-110.31463390889023,24.14078757332966,-110.31315880698554
109,20,2025-07-03 08:44:12,2025-07-03 08:52:49.083581,24.147748218913893,-110.29935426122582,24.13880177845477,-110.31681892714919
110,17,2025-07-03 08:44:28,2025-07-03 08:52:46.631671,24.131451615962472,-110.32348659210822,24.137643430705708,-110.30369925971884
111,12,2025-07-03 08:44:46,2025-07-03 08:54:41.382038,24.145106324785893,-110.30204570898285,24.136875189942227,-110.32064759096511
112,8,2025-07-03 08:44:23,2025-07-03 09:01:38.042929,24.13432328664966,-110.32720613045257,24.146355782799045,-110.31305581421783
113,10,2025-07-03 08:44:40,2025-07-03 09:00:35.781262,24.129774332166285,-110.3269074937901,24.142612857461966,-110.3064959016007
114,3,2025-07-03 08:44:45,2025-07-03 08:58:53.861352,24.14285231984407,-110.32451362805041,24.142983385992054,-110.3036677173171
115,16,2025-07-03 08:45:33,2025-07-03 08:55:24.237690,24.13661247276418,-110.30150726021985,24.14458436730903,-110.3206965262207
116,12,2025-07-03 08:45:48,2025-07-03 08:56:00.282542,24.145106324785893,-110.30204570898285,24.134763685800795,-110.32438243217712
117,2,2025-07-03 08:46:57,2025-07-03 09:02:49.133416,24.12919295209637,-110.30843613862686,24.14675353686664,-110.31767137325157
118,17,2025-07-03 08:47:25,2025-07-03 09:00:08.391115,24.131451615962472,-110.32348659210822,24.15111982832474,-110.30433106617306
119,7,2025-07-03 08:47:09,2025-07-03 08:53:46.872914,24.148183327575858,-110.30262459951864,24.137487247199992,-110.31856130637956
120,10,2025-07-03 08:47:34,2025-07-03 09:00:28.239368,24.129774332166285,-110.3269074937901,24.144034858596825,-110.31379075304882
121,0,2025-07-03 08:48:43,2025-07-03 08:59:10.438346,24.150277490122807,-110.3121193752678,24.131804600477924,-110.32478864963076
122,10,2025-07-03 08:49:59,2025-07-03 09:06:58.278431,24.129774332166285,-110.3269074937901,24.140260375690886,-110.31188088074198
123,20,2025-07-03 08:49:24,2025-07-03 09:06:12.206898,24.147748218913893,-110.29935426122582,24.134915850543397,-110.31230141257662
124,24,2025-07-03 08:49:18,2025-07-03 09:05:32.704617,24.14128818256923,-110.32032635915687,24.152106904947626,-110.30303445696389
125,24,2025-07-03 08:49:09,2025-07-03 09:01:33.048590,24.14128818256923,-110.32032635915687,24.151088155379288,-110.30494075945701
126,3,2025-07-03 08:49:47,2025-07-03 09:01:08.497668,24.14285231984407,-110.32451362805041,24.145810128951048,-110.30618062045318
127,17,2025-07-03 08:50:39,2025-07-03 09:05:17.122146,24.131451615962472,-110.32348659210822,24.148264011834133,-110.30782510169256
128,19,2025-07-03 08:50:36,2025-07-03 09:01:55.395451,24.138572185098703,-110.31375032971341,24.137436917269596,-110.31257828365834
129,7,2025-07-03 08:50:15,2025-07-03 08:56:32.538994,24.148183327575858,-110.30262459951864,24.14431881707028,-110.32122571822782
130,0,2025-07-03 08:51:08,2025-07-03 09:01:50.990723,24.150277490122807,-110.3121193752678,24.13161524823769,-110.31011400638867
131,9,2025-07-03 08:51:15,2025-07-03 09:02:52.318682,24.14119117471582,-110.30079340133237,24.157852301770347,-110.31012350444237
132,23,2025-07-03 08:51:25,2025-07-03 09:04:51.951798,24.134561147288878,-110.32788662820818,24.14026873689274,-110.3056640494849
133,7,2025-07-03 08:52:31,2025-07-03 09:04:38.814562,24.148183327575858,-110.30262459951864,24.139556284633397,-110.31872158955933
134,9,2025-07-03 08:52:03,2025-07-03 09:01:29.961772,24.14119117471582,-110.30079340133237,24.138108104742184,-110.32087564468536
135,0,2025-07-03 08:52:34,2025-07-03 09:00:41.770413,24.150277490122807,-110.3121193752678,24.12955190985614,-110.32180517213814
136,20,2025-07-03 08:53:39,2025-07-03 09:01:30.059982,24.147748218913893,-110.29935426122582,24.13931985899956,-110.32099411980161
137,20,2025-07-03 08:53:20,2025-07-03 09:02:17.565150,24.147748218913893,-110.29935426122582,24.14040235922338,-110.31729105614886
138,16,2025-07-03 08:54:12,2025-07-03 09:06:26.844168,24.13661247276418,-110.30150726021985,24.144229681975098,-110.32096355477762
139,0,2025-07-03 08:54:26,2025-07-03 09:08:51.495297,24.150277490122807,-110.3121193752678,24.134808629093566,-110.32469445455357
140,10,2025-07-03 08:54:32,2025-07-03 09:03:53.717199,24.129774332166285,-110.3269074937901,24.13847379339669,-110.30685222146292
141,5,2025-07-03 08:54:50,2025-07-03 09:08:47.600092,24.14128897181552,-110.31463390889023,24.14212981871547,-110.31512722915944
142,14,2025-07-03 08:55:59,2025-07-03 09:04:14.977340,24.15170827353591,-110.3128095952917,24.132680134094254,-110.32242030905269
143,4,2025-07-03 08:56:46,2025-07-03 09:06:50.344961,24.127392474130485,-110.31706979271745,24.14289514709953,-110.29775501622959
144,2,2025-07-03 08:56:10,2025-07-03 09:07:42.190021,24.12919295209637,-110.30843613862686,24.141956450282002,-110.32446167574439
145,21,2025-07-03 08:56:03,2025-07-03 09:09:54.488321,24.144872215792645,-110.32081765205396,24.126680272238104,-110.31700372125393
146,6,2025-07-03 08:56:28,2025-07-03 09:08:33.392137,24.13364467115009,-110.30566340731718,24.13196224968081,-110.3262930449244
147,20,2025-07-03 08:56:26,2025-07-03 09:10:06.595554,24.147748218913893,-110.29935426122582,24.12517792064676,-110.31254217017667
148,13,2025-07-03 08:57:43,2025-07-03 09:02:43.000000,24.1299510372196,-110.3179380484236,24.14621504700637,-110.30669736046491
149,3,2025-07-03 08:57:09,2025-07-03 09:08:53.434403,24.14285231984407,-110.32451362805041,24.147133551671956,-110.29946058815632
150,8,2025-07-03 08:57:14,2025-07-03 09:08:05.424262,24.13432328664966,-110.32720613045257,24.140884420123115,-110.30949698803342
151,21,2025-07-03 08:57:35,2025-07-03 09:07:35.623846,24.144872215792645,-110.32081765205396,24.13069265353365,-110.30814185961836
152,7,2025-07-03 08:57:43,2025-07-03 09:04:18.951624,24.148183327575858,-110.30262459951864,24.13002233704782,-110.32178485322636
153,20,2025-07-03 08:57:56,2025-07-03 09:08:54.591322,24.147748218913893,-110.29935426122582,24.14075516005671,-110.3179918009429
154,9,2025-07-03 08:57:45,2025-07-03 09:09:19.219754,24.14119117471582,-110.30079340133237,24.130996032275018,-110.31639525986593
155,6,2025-07-03 08:57:38,2025-07-03 09:11:29.906404,24.13364467115009,-110.30566340731718,24.130008458119264,-110.32658133771837
156,10,2025-07-03 08:58:05,2025-07-03 09:04:55.629557,24.129774332166285,-110.3269074937901,24.140915800850653,-110.30494339415388
157,13,2025-07-03 08:58:44,2025-07-03 09:11:53.171632,24.1299510372196,-110.3179380484236,24.15213637717098,-110.30942666521
158,23,2025-07-03 08:58:31,2025-07-03 09:06:08.409576,24.134561147288878,-110.32788662820818,24.141114488820055,-110.30866337466219
159,17,2025-07-03 08:59:38,2025-07-03 09:12:43.411064,24.131451615962472,-110.32348659210822,24.152961556643003,-110.31334034619178
160,10,2025-07-03 08:59:25,2025-07-03 09:08:10.531877,24.129774332166285,-110.3269074937901,24.15396376153766,-110.30925780908912
161,10,2025-07-03 08:59:20,2025-07-03 09:12:20.575626,24.129774332166285,-110.3269074937901,24.132858023433958,-110.30557959843007
162,15,2025-07-03 09:00:14,2025-07-03 09:14:17.768646,24.131306102278938,-110.32333616519577,24.14520454572588,-110.30459301214334
163,0,2025-07-03 09:00:44,2025-07-03 09:14:36.645241,24.150277490122807,-110.3121193752678,24.128595242543067,-110.31360699771585
164,8,2025-07-03 09:01:03,2025-07-03 09:10:07.325144,24.13432328664966,-110.32720613045257,24.1368240936292,-110.30739257144727
165,17,2025-07-03 09:01:42,2025-07-03 09:15:07.764320,24.131451615962472,-110.32348659210822,24.138113696748125,-110.30249453339142
166,12,2025-07-03 09:01:40,2025-07-03 09:10:31.310465,24.145106324785893,-110.30204570898285,24.12587348981573,-110.31270462393111
167,4,2025-07-03 09:01:21,2025-07-03 09:15:48.826339,24.127392474130485,-110.31706979271745,24.151154836401133,-110.31764477147088
168,20,2025-07-03 09:01:50,2025-07-03 09:21:44.687944,24.147748218913893,-110.29935426122582,24.135971529801687,-110.31710801209807
169,10,2025-07-03 09:02:26,2025-07-03 09:12:13.820935,24.129774332166285,-110.3269074937901,24.156656847763223,-110.3084391708947
170,0,2025-07-03 09:02:11,2025-07-03 09:08:26.687405,24.150277490122807,-110.3121193752678,24.13346330981222,-110.33283734783181
171,10,2025-07-03 09:02:44,2025-07-03 09:13:04.392817,24.129774332166285,-110.3269074937901,24.14317343627777,-110.31248787569643
172,16,2025-07-03 09:02:36,2025-07-03 09:14:16.037284,24.13661247276418,-110.30150726021985,24.14909862159514,-110.31491602856184
173,0,2025-07-03 09:02:42,2025-07-03 09:14:54.847275,24.150277490122807,-110.3121193752678,24.128531517083516,-110.31986405659354
174,20,2025-07-03 09:03:55,2025-07-03 09:11:11.673263,24.147748218913893,-110.29935426122582,24.140580347764484,-110.3169454856365
175,1,2025-07-03 09:03:22,2025-07-03 09:20:30.771952,24.13176809355878,-110.31428807129782,24.153932306996747,-110.30707092571755
176,9,2025-07-03 09:03:13,2025-07-03 09:15:50.846752,24.14119117471582,-110.30079340133237,24.141983269775753,-110.31893567943959
177,2,2025-07-03 09:03:25,2025-07-03 09:13:53.596401,24.12919295209637,-110.30843613862686,24.150258444695176,-110.31091414490062
178,20,2025-07-03 09:04:37,2025-07-03 09:18:27.761099,24.147748218913893,-110.29935426122582,24.14336601326917,-110.31756460772382
179,10,2025-07-03 09:04:10,2025-07-03 09:17:04.039960,24.129774332166285,-110.3269074937901,24.14209121099129,-110.30125090119496
180,13,2025-07-03 09:04:06,2025-07-03 09:14:35.493951,24.1299510372196,-110.3179380484236,24.14389679652166,-110.30441745423366
181,20,2025-07-03 09:04:52,2025-07-03 09:18:24.137658,24.147748218913893,-110.29935426122582,24.138033567752696,-110.32976726285737
182,20,2025-07-03 09:04:07,2025-07-03 09:13:54.002108,24.147748218913893,-110.29935426122582,24.141398043091737,-110.31665594698585
183,17,2025-07-03 09:04:30,2025-07-03 09:13:49.439332,24.131451615962472,-110.32348659210822,24.14303129198964,-110.30798510326093
184,21,2025-07-03 09:05:27,2025-07-03 09:18:15.052919,24.144872215792645,-110.32081765205396,24.158327536991376,-110.30869294975334
185,8,2025-07-03 09:05:26,2025-07-03 09:18:20.530957,24.13432328664966,-110.32720613045257,24.139261346442776,-110.30971059233477
186,24,2025-07-03 09:05:40,2025-07-03 09:25:29.348335,24.14128818256923,-110.32032635915687,24.143971926349764,-110.29864750529084
187,20,2025-07-03 09:05:01,2025-07-03 09:16:32.401841,24.147748218913893,-110.29935426122582,24.13187193853504,-110.33021107416994
188,2,2025-07-03 09:05:48,2025-07-03 09:17:12.251816,24.12919295209637,-110.30843613862686,24.13087231092572,-110.32647260685043
189,1,2025-07-03 09:06:35,2025-07-03 09:23:32.817334,24.13176809355878,-110.31428807129782,24.156278645264024,-110.31094355393222
190,1,2025-07-03 09:06:58,2025-07-03 09:18:11.781419,24.13176809355878,-110.31428807129782,24.151041417085487,-110.3113260735446
191,4,2025-07-03 09:06:25,2025-07-03 09:18:34.046124,24.127392474130485,-110.31706979271745,24.14554892455207,-110.29558629867421
192,5,2025-07-03 09:06:27,2025-07-03 09:21:37.590412,24.14128897181552,-110.31463390889023,24.141551499777364,-110.314618110669
193,14,2025-07-03 09:06:53,2025-07-03 09:14:49.386526,24.15170827353591,-110.3128095952917,24.13609891102729,-110.32194047588881
194,13,2025-07-03 09:06:09,2025-07-03 09:21:07.144247,24.1299510372196,-110.3179380484236,24.14758011857418,-110.30387055621479
195,10,2025-07-03 09:06:21,2025-07-03 09:19:17.396225,24.129774332166285,-110.3269074937901,24.147192511690694,-110.30824207080279
196,16,2025-07-03 09:06:19,2025-07-03 09:20:59.914023,24.13661247276418,-110.30150726021985,24.13890466458352,-110.31989820057328
197,3,2025-07-03 09:07:03,2025-07-03 09:17:40.693790,24.14285231984407,-110.32451362805041,24.146284345181073,-110.30161895928453
198,5,2025-07-03 09:07:36,2025-07-03 09:20:30.864014,24.14128897181552,-110.31463390889023,24.141939022521047,-110.31390541750177
199,20,2025-07-03 09:08:35,2025-07-03 09:20:01.176155,24.147748218913893,-110.29935426122582,24.137359677707135,-110.31562453215115
200,23,2025-07-03 09:08:26,2025-07-03 09:19:47.490461,24.134561147288878,-110.32788662820818,24.14806114377711,-110.30400675985929
201,7,2025-07-03 09:09:56,2025-07-03 09:23:13.431866,24.148183327575858,-110.30262459951864,24.139137135084166,-110.3291674837141
202,2,2025-07-03 09:09:29,2025-07-03 09:25:15.849849,24.12919295209637,-110.30843613862686,24.14367427494627,-110.3200614204311
203,23,2025-07-03 09:10:16,2025-07-03 09:27:17.192291,24.134561147288878,-110.32788662820818,24.14457295193416,-110.31085979787959
204,19,2025-07-03 09:10:56,2025-07-03 09:25:10.240090,24.138572185098703,-110.31375032971341,24.14701336759606,-110.29717445419494
205,21,2025-07-03 09:10:57,2025-07-03 09:22:22.003852,24.144872215792645,-110.32081765205396,24.130979708898224,-110.3068074847976
206,12,2025-07-03 09:11:09,2025-07-03 09:24:01.204763,24.145106324785893,-110.30204570898285,24.13816395084346,-110.32862796824983
207,14,2025-07-03 09:11:23,2025-07-03 09:20:57.650633,24.15170827353591,-110.3128095952917,24.128394861449653,-110.31591665258274
208,7,2025-07-03 09:12:42,2025-07-03 09:27:12.672776,24.148183327575858,-110.30262459951864,24.131455286926478,-110.32132618084579
209,12,2025-07-03 09:12:19,2025-07-03 09:21:51.866162,24.145106324785893,-110.30204570898285,24.131181028995254,-110.32106911702088
210,4,2025-07-03 09:13:39,2025-07-03 09:25:49.880644,24.127392474130485,-110.31706979271745,24.14413823640807,-110.30836355066474
211,16,2025-07-03 09:13:27,2025-07-03 09:24:28.900492,24.13661247276418,-110.30150726021985,24.14209104929838,-110.32310938900245
212,4,2025-07-03 09:13:19,2025-07-03 09:24:04.269243,24.127392474130485,-110.31706979271745,24.15343613414529,-110.31023413360465
213,13,2025-07-03 09:14:48,2025-07-03 09:27:27.675179,24.1299510372196,-110.3179380484236,24.147044453872997,-110.30583927021274
214,8,2025-07-03 09:14:36,2025-07-03 09:27:19.470080,24.13432328664966,-110.32720613045257,24.14626279374126,-110.2936871151843
215,11,2025-07-03 09:14:20,2025-07-03 09:27:43.079616,24.134884034642383,-110.31012277961037,24.15335093769799,-110.30662769895241
216,4,2025-07-03 09:14:23,2025-07-03 09:30:09.131532,24.127392474130485,-110.31706979271745,24.14809743844379,-110.3051623176374
217,17,2025-07-03 09:15:57,2025-07-03 09:31:29.487012,24.131451615962472,-110.32348659210822,24.143773854447524,-110.29629809014376
218,10,2025-07-03 09:15:24,2025-07-03 09:27:08.352072,24.129774332166285,-110.3269074937901,24.150949587282504,-110.30401586567979
219,16,2025-07-03 09:15:38,2025-07-03 09:27:05.242000,24.13661247276418,-110.30150726021985,24.13611741780638,-110.32317544787111
220,10,2025-07-03 09:16:12,2025-07-03 09:32:19.729257,24.129774332166285,-110.3269074937901,24.151312365728426,-110.3021373587686
221,16,2025-07-03 09:16:25,2025-07-03 09:30:12.881220,24.13661247276418,-110.30150726021985,24.135417852640924,-110.33051451366826
222,9,2025-07-03 09:16:20,2025-07-03 09:28:37.159702,24.14119117471582,-110.30079340133237,24.13532351990086,-110.31898709362098
223,12,2025-07-03 09:17:35,2025-07-03 09:27:50.287637,24.145106324785893,-110.30204570898285,24.143394056286528,-110.32464320419538
224,12,2025-07-03 09:17:09,2025-07-03 09:27:16.527908,24.145106324785893,-110.30204570898285,24.129550197651355,-110.31795451095824
225,20,2025-07-03 09:17:20,2025-07-03 09:26:47.419178,24.147748218913893,-110.29935426122582,24.13468923076195,-110.31708996079047
226,23,2025-07-03 09:17:17,2025-07-03 09:28:07.973059,24.134561147288878,-110.32788662820818,24.146063236179774,-110.30404141212338
227,10,2025-07-03 09:17:16,2025-07-03 09:33:40.028419,24.129774332166285,-110.3269074937901,24.146025443737948,-110.31566054605005
228,17,2025-07-03 09:17:12,2025-07-03 09:30:59.439151,24.131451615962472,-110.32348659210822,24.15273975016382,-110.31563209524049
229,10,2025-07-03 09:17:15,2025-07-03 09:31:39.698131,24.129774332166285,-110.3269074937901,24.14863386247898,-110.31887956813203
230,7,2025-07-03 09:18:47,2025-07-03 09:30:24.885706,24.148183327575858,-110.30262459951864,24.144312038945504,-110.32330702943469
231,2,2025-07-03 09:18:25,2025-07-03 09:32:58.676622,24.12919295209637,-110.30843613862686,24.133656897351553,-110.32862424197867
232,13,2025-07-03 09:18:53,2025-07-03 09:26:50.891691,24.1299510372196,-110.3179380484236,24.14709673949757,-110.29692256009457
233,18,2025-07-03 09:18:30,2025-07-03 09:25:05.483690,24.133988098825625,-110.31359765519944,24.13498025649235,-110.33249115769976
234,23,2025-07-03 09:18:15,2025-07-03 09:23:15.000000,24.134561147288878,-110.32788662820818,24.14643996061573,-110.30413218167294
235,18,2025-07-03 09:18:15,2025-07-03 09:28:10.691262,24.133988098825625,-110.31359765519944,24.151988641735194,-110.31048244174923
236,3,2025-07-03 09:19:05,2025-07-03 09:34:01.286456,24.14285231984407,-110.32451362805041,24.15220555244414,-110.3003189288842
237,7,2025-07-03 09:21:39,2025-07-03 09:33:04.255306,24.148183327575858,-110.30262459951864,24.1284693992775,-110.31805531872617
238,10,2025-07-03 09:21:06,2025-07-03 09:35:46.426260,24.129774332166285,-110.3269074937901,24.146290678495795,-110.30820306539952
239,4,2025-07-03 09:22:46,2025-07-03 09:30:48.743538,24.127392474130485,-110.31706979271745,24.149739239654487,-110.30492135269157
240,24,2025-07-03 09:22:26,2025-07-03 09:36:34.169222,24.14128818256923,-110.32032635915687,24.147857427230733,-110.30329177855167
241,11,2025-07-03 09:22:42,2025-07-03 09:33:48.760854,24.134884034642383,-110.31012277961037,24.13581065279156,-110.31138114009961
242,4,2025-07-03 09:22:23,2025-07-03 09:33:49.271037,24.127392474130485,-110.31706979271745,24.143700938669078,-110.30388440700784
243,0,2025-07-03 09:23:04,2025-07-03 09:31:55.452849,24.150277490122807,-110.3121193752678,24.135635105620903,-110.32948712554393
244,13,2025-07-03 09:23:47,2025-07-03 09:31:05.552641,24.1299510372196,-110.3179380484236,24.145899146237657,-110.30937061673957
245,7,2025-07-03 09:23:14,2025-07-03 09:30:22.600446,24.148183327575858,-110.30262459951864,24.128881450724826,-110.32248361553337
246,9,2025-07-03 09:24:58,2025-07-03 09:40:46.505722,24.14119117471582,-110.30079340133237,24.138655751148367,-110.32451774184483
247,9,2025-07-03 09:24:48,2025-07-03 09:37:14.336865,24.14119117471582,-110.30079340133237,24.15787644463237,-110.30829911162216
248,11,2025-07-03 09:24:31,2025-07-03 09:38:23.061590,24.134884034642383,-110.31012277961037,24.13460411439195,-110.33031494547669
249,16,2025-07-03 09:24:18,2025-07-03 09:36:18.979543,24.13661247276418,-110.30150726021985,24.15575031018901,-110.3069499104011
250,24,2025-07-03 09:25:19,2025-07-03 09:35:56.361736,24.14128818256923,-110.32032635915687,24.138249850688243,-110.30060443466094
251,0,2025-07-03 09:25:39,2025-07-03 09:40:39.567496,24.150277490122807,-110.3121193752678,24.13201624774632,-110.3125174557766
252,16,2025-07-03 09:25:17,2025-07-03 09:40:54.463195,24.13661247276418,-110.30150726021985,24.144943631127582,-110.32201032087693
253,9,2025-07-03 09:26:00,2025-07-03 09:36:54.893573,24.14119117471582,-110.30079340133237,24.143444876029182,-110.32005997877991
254,7,2025-07-03 09:26:24,2025-07-03 09:38:09.136560,24.148183327575858,-110.30262459951864,24.142342573846268,-110.32644176447694
255,12,2025-07-03 09:26:45,2025-07-03 09:42:49.243830,24.145106324785893,-110.30204570898285,24.1268328168116,-110.31099080150562
256,20,2025-07-03 09:27:26,2025-07-03 09:40:48.531371,24.147748218913893,-110.29935426122582,24.129613611370985,-110.3182196219084
257,9,2025-07-03 09:27:31,2025-07-03 09:38:08.027269,24.14119117471582,-110.30079340133237,24.154956253891285,-110.31288534928782
258,13,2025-07-03 09:27:35,2025-07-03 09:39:38.981542,24.1299510372196,-110.3179380484236,24.14626553989657,-110.30990077271522
259,4,2025-07-03 09:27:12,2025-07-03 09:41:39.318974,24.127392474130485,-110.31706979271745,24.145399845196252,-110.31230202316144
260,6,2025-07-03 09:28:54,2025-07-03 09:41:22.729163,24.13364467115009,-110.30566340731718,24.15239389319108,-110.30052138644997
261,7,2025-07-03 09:28:36,2025-07-03 09:35:52.918159,24.148183327575858,-110.30262459951864,24.133682458123502,-110.3169428066346
262,3,2025-07-03 09:28:13,2025-07-03 09:43:08.533927,24.14285231984407,-110.32451362805041,24.130301502928454,-110.3111757198071
263,17,2025-07-03 09:28:55,2025-07-03 09:35:59.158659,24.131451615962472,-110.32348659210822,24.13608532609864,-110.30599889822955
264,4,2025-07-03 09:29:06,2025-07-03 09:40:29.058124,24.127392474130485,-110.31706979271745,24.152120700115596,-110.30103190831332
265,0,2025-07-03 09:29:08,2025-07-03 09:43:10.253438,24.150277490122807,-110.3121193752678,24.132222681377453,-110.32305291935391
266,23,2025-07-03 09:29:25,2025-07-03 09:42:52.965228,24.134561147288878,-110.32788662820818,24.12820009148896,-110.3096181149454
267,4,2025-07-03 09:29:42,2025-07-03 09:44:10.029042,24.127392474130485,-110.31706979271745,24.152027657929203,-110.30607366610771
268,12,2025-07-03 09:29:40,2025-07-03 09:41:35.679647,24.145106324785893,-110.30204570898285,24.14027035116291,-110.32576718088276
269,10,2025-07-03 09:29:45,2025-07-03 09:37:38.150505,24.129774332166285,-110.3269074937901,24.14573976535856,-110.30503489237044
270,16,2025-07-03 09:29:27,2025-07-03 09:45:37.785099,24.13661247276418,-110.30150726021985,24.152038200746208,-110.31109596842033
271,3,2025-07-03 09:30:32,2025-07-03 09:39:52.605331,24.14285231984407,-110.32451362805041,24.140868592916135,-110.2998815606151
272,17,2025-07-03 09:30:54,2025-07-03 09:45:54.961037,24.131451615962472,-110.32348659210822,24.145899772465302,-110.30838746495239
273,17,2025-07-03 09:30:06,2025-07-03 09:40:26.681367,24.131451615962472,-110.32348659210822,24.13326533925511,-110.30526253513123
274,18,2025-07-03 09:32:56,2025-07-03 09:37:56.000000,24.133988098825625,-110.31359765519944,24.155934660954973,-110.31082806843037
275,10,2025-07-03 09:32:09,2025-07-03 09:41:09.155163,24.129774332166285,-110.3269074937901,24.14783344049159,-110.31736582460667
276,5,2025-07-03 09:33:59,2025-07-03 09:44:06.674645,24.14128897181552,-110.31463390889023,24.14024873151149,-110.31341697687473
277,24,2025-07-03 09:33:30,2025-07-03 09:49:58.741358,24.14128818256923,-110.32032635915687,24.14479962847364,-110.30201728871744
278,10,2025-07-03 09:33:37,2025-07-03 09:50:12.057113,24.129774332166285,-110.3269074937901,24.15292621979188,-110.31126052685258
279,13,2025-07-03 09:33:59,2025-07-03 09:46:36.478654,24.1299510372196,-110.3179380484236,24.151342056599646,-110.29871606998397
280,14,2025-07-03 09:33:57,2025-07-03 09:45:40.709521,24.15170827353591,-110.3128095952917,24.13042802922596,-110.31416737003971
281,15,2025-07-03 09:34:58,2025-07-03 09:48:02.572967,24.131306102278938,-110.32333616519577,24.149593495537417,-110.30033133667729
282,10,2025-07-03 09:34:42,2025-07-03 09:41:41.172449,24.129774332166285,-110.3269074937901,24.146847940047692,-110.31312517944552
283,17,2025-07-03 09:35:32,2025-07-03 09:48:17.778921,24.131451615962472,-110.32348659210822,24.150119542438144,-110.31705159174982
284,11,2025-07-03 09:35:14,2025-07-03 09:41:44.128566,24.134884034642383,-110.31012277961037,24.135560357232034,-110.3114975949107
285,7,2025-07-03 09:36:11,2025-07-03 09:46:58.217674,24.148183327575858,-110.30262459951864,24.13332532234863,-110.31293264954785
286,4,2025-07-03 09:36:40,2025-07-03 09:51:20.527358,24.127392474130485,-110.31706979271745,24.145460190921998,-110.3042184626376
287,17,2025-07-03 09:37:00,2025-07-03 09:50:03.665792,24.131451615962472,-110.32348659210822,24.153820168260303,-110.30478023313181
288,23,2025-07-03 09:37:13,2025-07-03 09:45:30.188958,24.134561147288878,-110.32788662820818,24.150663828510435,-110.31304348508277
289,20,2025-07-03 09:37:05,2025-07-03 09:50:07.816324,24.147748218913893,-110.29935426122582,24.13496012332344,-110.31726709967917
290,2,2025-07-03 09:37:27,2025-07-03 09:50:58.698492,24.12919295209637,-110.30843613862686,24.1464082248835,-110.31751791888836
291,17,2025-07-03 09:37:04,2025-07-03 09:45:59.072233,24.131451615962472,-110.32348659210822,24.142104462590687,-110.30638363309046
292,19,2025-07-03 09:38:35,2025-07-03 09:46:52.858449,24.138572185098703,-110.31375032971341,24.156487457175164,-110.31072431615284
293,17,2025-07-03 09:38:28,2025-07-03 09:48:41.102980,24.131451615962472,-110.32348659210822,24.151034298376487,-110.31344979063279
294,6,2025-07-03 09:39:22,2025-07-03 09:53:58.510699,24.13364467115009,-110.30566340731718,24.13708479452477,-110.3271169670065
295,20,2025-07-03 09:40:19,2025-07-03 10:00:28.379231,24.147748218913893,-110.29935426122582,24.14357833952567,-110.31792946587595
296,8,2025-07-03 09:41:39,2025-07-03 09:51:11.333297,24.13432328664966,-110.32720613045257,24.15553167857831,-110.31179706277084
297,3,2025-07-03 09:41:42,2025-07-03 09:51:22.261822,24.14285231984407,-110.32451362805041,24.129919735304586,-110.30947858179438
298,12,2025-07-03 09:42:14,2025-07-03 09:53:14.823522,24.145106324785893,-110.30204570898285,24.131394414764937,-110.3277755504656
299,12,2025-07-03 09:43:01,2025-07-03 09:52:42.984403,24.145106324785893,-110.30204570898285,24.129831606618318,-110.31985983131891
300,8,2025-07-03 09:43:58,2025-07-03 09:59:42.635998,24.13432328664966,-110.32720613045257,24.13887352447101,-110.30318397557986
301,23,2025-07-03 09:43:11,2025-07-03 09:54:59.649697,24.134561147288878,-110.32788662820818,24.149662161264626,-110.30155618340903
302,7,2025-07-03 09:44:42,2025-07-03 09:59:52.772625,24.148183327575858,-110.30262459951864,24.131947297976588,-110.31544464436588
303,9,2025-07-03 09:44:46,2025-07-03 09:55:48.224587,24.14119117471582,-110.30079340133237,24.131344861289858,-110.32679271166613
304,8,2025-07-03 09:44:23,2025-07-03 09:57:04.283439,24.13432328664966,-110.32720613045257,24.146955671104553,-110.29407096965652
305,10,2025-07-03 09:44:59,2025-07-03 09:57:25.031838,24.129774332166285,-110.3269074937901,24.152192406959646,-110.31250978563935
306,5,2025-07-03 09:45:29,2025-07-03 09:52:19.703722,24.14128897181552,-110.31463390889023,24.1491536457332,-110.29707112863316
307,4,2025-07-03 09:46:24,2025-07-03 09:54:51.992350,24.127392474130485,-110.31706979271745,24.14286613661765,-110.30015427408215
308,9,2025-07-03 09:48:03,2025-07-03 09:58:51.961491,24.14119117471582,-110.30079340133237,24.13689527766151,-110.3213387994163
309,16,2025-07-03 09:48:12,2025-07-03 10:01:28.559276,24.13661247276418,-110.30150726021985,24.13354031193164,-110.32444849570551
310,13,2025-07-03 09:49:19,2025-07-03 10:00:58.483861,24.1299510372196,-110.3179380484236,24.14720788472833,-110.30748598766402
311,13,2025-07-03 09:49:55,2025-07-03 10:05:21.827579,24.1299510372196,-110.3179380484236,24.147427571267723,-110.30645657462325
312,2,2025-07-03 09:50:21,2025-07-03 10:01:43.995867,24.12919295209637,-110.30843613862686,24.15422258188527,-110.31440064059275
313,17,2025-07-03 09:50:50,2025-07-03 09:57:32.620415,24.131451615962472,-110.32348659210822,24.148576164929096,-110.30753731828966
314,23,2025-07-03 09:50:50,2025-07-03 10:07:16.734280,24.134561147288878,-110.32788662820818,24.149189127018055,-110.29969983293847
315,4,2025-07-03 09:50:40,2025-07-03 10:05:29.059024,24.127392474130485,-110.31706979271745,24.142176036767378,-110.30463686190606
316,7,2025-07-03 09:50:25,2025-07-03 10:01:35.519637,24.148183327575858,-110.30262459951864,24.14483970577237,-110.32139499220767
317,20,2025-07-03 09:51:03,2025-07-03 10:01:41.753380,24.147748218913893,-110.29935426122582,24.14161535008517,-110.31681962821565
318,7,2025-07-03 09:53:28,2025-07-03 10:02:51.899052,24.148183327575858,-110.30262459951864,24.131186232458457,-110.31504171027868
319,0,2025-07-03 09:54:36,2025-07-03 10:00:54.738813,24.150277490122807,-110.3121193752678,24.13171670958063,-110.31688579751271
320,4,2025-07-03 09:54:42,2025-07-03 10:06:01.142506,24.127392474130485,-110.31706979271745,24.15349369399928,-110.30469499618032
321,17,2025-07-03 09:55:02,2025-07-03 10:05:51.889030,24.131451615962472,-110.32348659210822,24.143447418228252,-110.30282174514404
322,22,2025-07-03 09:56:06,2025-07-03 10:06:48.390216,24.146193208009095,-110.31344489650564,24.128395959235387,-110.30909555903325
323,8,2025-07-03 09:58:22,2025-07-03 10:11:28.774035,24.13432328664966,-110.32720613045257,24.1411194685047,-110.3073913914784
324,19,2025-07-03 09:59:17,2025-07-03 10:04:17.000000,24.138572185098703,-110.31375032971341,24.137781696342127,-110.31219228399529
325,10,2025-07-03 09:59:38,2025-07-03 10:12:44.983847,24.129774332166285,-110.3269074937901,24.145315873299236,-110.31021821892804
326,20,2025-07-03 10:00:25,2025-07-03 10:08:23.942359,24.147748218913893,-110.29935426122582,24.138340069912676,-110.32147546850247
327,9,2025-07-03 10:00:21,2025-07-03 10:11:52.843489,24.14119117471582,-110.30079340133237,24.13527987901228,-110.33144960363403
328,9,2025-07-03 10:00:09,2025-07-03 10:12:20.917774,24.14119117471582,-110.30079340133237,24.140280250622965,-110.32443105323492
329,2,2025-07-03 10:01:58,2025-07-03 10:10:33.896816,24.12919295209637,-110.30843613862686,24.142572593342347,-110.32507747763034
330,21,2025-07-03 10:01:41,2025-07-03 10:13:41.854326,24.144872215792645,-110.32081765205396,24.13057517348904,-110.30676635516
331,17,2025-07-03 10:02:12,2025-07-03 10:19:22.506755,24.131451615962472,-110.32348659210822,24.148415107677245,-110.31375537158863
332,20,2025-07-03 10:03:36,2025-07-03 10:20:18.677298,24.147748218913893,-110.29935426122582,24.138167933808255,-110.31838282525536
333,8,2025-07-03 10:03:05,2025-07-03 10:15:43.732147,24.13432328664966,-110.32720613045257,24.138872676073852,-110.30643353036783
334,11,2025-07-03 10:04:09,2025-07-03 10:18:32.448261,24.134884034642383,-110.31012277961037,24.136249438513254,-110.31142510378285
335,12,2025-07-03 10:04:13,2025-07-03 10:12:11.926137,24.145106324785893,-110.30204570898285,24.13027908589548,-110.32055818539283
336,15,2025-07-03 10:05:20,2025-07-03 10:16:08.907771,24.131306102278938,-110.32333616519577,24.138678372132784,-110.30287035325236
337,13,2025-07-03 10:05:23,2025-07-03 10:20:42.428315,24.1299510372196,-110.3179380484236,24.148501147498436,-110.31788777423999
338,11,2025-07-03 10:05:25,2025-07-03 10:18:30.322642,24.134884034642383,-110.31012277961037,24.154026755610946,-110.31212943722542
339,4,2025-07-03 10:06:10,2025-07-03 10:18:38.560431,24.127392474130485,-110.31706979271745,24.148419110435178,-110.3040278685978
340,16,2025-07-03 10:06:50,2025-07-03 10:20:39.801195,24.13661247276418,-110.30150726021985,24.1326094016291,-110.32466786730177
341,12,2025-07-03 10:06:07,2025-07-03 10:22:15.343361,24.145106324785893,-110.30204570898285,24.141004173352957,-110.32029157875832
342,23,2025-07-03 10:07:47,2025-07-03 10:18:32.180711,24.134561147288878,-110.32788662820818,24.134439568683234,-110.3098184829314
343,8,2025-07-03 10:07:56,2025-07-03 10:24:37.848237,24.13432328664966,-110.32720613045257,24.140941444318916,-110.30252147870607
344,24,2025-07-03 10:08:54,2025-07-03 10:23:41.107037,24.14128818256923,-110.32032635915687,24.15769715661221,-110.3098544395138
345,9,2025-07-03 10:09:52,2025-07-03 10:17:46.920210,24.14119117471582,-110.30079340133237,24.136421465896767,-110.32073862263292
346,4,2025-07-03 10:10:46,2025-07-03 10:23:57.506932,24.127392474130485,-110.31706979271745,24.143218930314433,-110.29792716782035
347,8,2025-07-03 10:10:17,2025-07-03 10:20:22.163452,24.13432328664966,-110.32720613045257,24.1366276739838,-110.30496297620795
348,1,2025-07-03 10:11:02,2025-07-03 10:25:38.597792,24.13176809355878,-110.31428807129782,24.15299520992983,-110.31013858189067
349,7,2025-07-03 10:12:09,2025-07-03 10:23:00.083380,24.148183327575858,-110.30262459951864,24.141019090890655,-110.32153138144149
350,0,2025-07-03 10:12:07,2025-07-03 10:21:27.995172,24.150277490122807,-110.3121193752678,24.13122663924833,-110.32423004472905
351,7,2025-07-03 10:13:32,2025-07-03 10:19:34.165812,24.148183327575858,-110.30262459951864,24.130670097710148,-110.31050981167932
352,14,2025-07-03 10:13:32,2025-07-03 10:25:35.330466,24.15170827353591,-110.3128095952917,24.12955472699631,-110.3151079725588
353,20,2025-07-03 10:13:26,2025-07-03 10:27:34.035857,24.147748218913893,-110.29935426122582,24.141029961624923,-110.32100316374809
354,24,2025-07-03 10:15:59,2025-07-03 10:23:48.848382,24.14128818256923,-110.32032635915687,24.1365736526224,-110.30154705383501
355,9,2025-07-03 10:15:56,2025-07-03 10:25:59.445891,24.14119117471582,-110.30079340133237,24.13328131506269,-110.31788778132784
356,22,2025-07-03 10:15:13,2025-07-03 10:27:56.481929,24.146193208009095,-110.31344489650564,24.128042552315957,-110.31975270135024
357,9,2025-07-03 10:15:23,2025-07-03 10:27:21.009175,24.14119117471582,-110.30079340133237,24.138474078202766,-110.3234766995096
358,2,2025-07-03 10:16:12,2025-07-03 10:26:52.590425,24.12919295209637,-110.30843613862686,24.135736914217713,-110.3262177546877
359,1,2025-07-03 10:16:24,2025-07-03 10:28:09.200774,24.13176809355878,-110.31428807129782,24.14566159174201,-110.30188433638287
360,3,2025-07-03 10:16:42,2025-07-03 10:34:47.226503,24.14285231984407,-110.32451362805041,24.13371177190821,-110.30895701275274
361,5,2025-07-03 10:17:00,2025-07-03 10:35:03.179406,24.14128897181552,-110.31463390889023,24.14434173134048,-110.31685977421881
362,7,2025-07-03 10:17:48,2025-07-03 10:31:04.600126,24.148183327575858,-110.30262459951864,24.137545310521585,-110.32378380097585
363,8,2025-07-03 10:17:30,2025-07-03 10:28:59.237257,24.13432328664966,-110.32720613045257,24.150491085282766,-110.31501997538918
364,17,2025-07-03 10:17:56,2025-07-03 10:34:15.693587,24.131451615962472,-110.32348659210822,24.14693815181227,-110.30991501226089
365,23,2025-07-03 10:18:03,2025-07-03 10:33:49.528609,24.134561147288878,-110.32788662820818,24.147926987547972,-110.31328863025982
366,10,2025-07-03 10:18:24,2025-07-03 10:32:22.915135,24.129774332166285,-110.3269074937901,24.132908648203536,-110.30803445391207
367,9,2025-07-03 10:19:19,2025-07-03 10:35:10.461690,24.14119117471582,-110.30079340133237,24.126161025986615,-110.31106718565003
368,15,2025-07-03 10:19:03,2025-07-03 10:32:07.900152,24.131306102278938,-110.32333616519577,24.141247060880584,-110.3057480076
369,10,2025-07-03 10:19:21,2025-07-03 10:32:13.388528,24.129774332166285,-110.3269074937901,24.1471349110081,-110.30798127173863
370,23,2025-07-03 10:20:39,2025-07-03 10:28:17.461672,24.134561147288878,-110.32788662820818,24.13883605241569,-110.30280685197822
371,10,2025-07-03 10:20:49,2025-07-03 10:30:22.685250,24.129774332166285,-110.3269074937901,24.147876879730504,-110.30047542101056
372,1,2025-07-03 10:22:20,2025-07-03 10:38:03.085755,24.13176809355878,-110.31428807129782,24.14505790274725,-110.300862372667
373,20,2025-07-03 10:23:12,2025-07-03 10:36:48.140530,24.147748218913893,-110.29935426122582,24.134830049805775,-110.31193756553711
374,5,2025-07-03 10:24:40,2025-07-03 10:38:48.521568,24.14128897181552,-110.31463390889023,24.141703400565383,-110.3149299955623
375,7,2025-07-03 10:25:40,2025-07-03 10:33:17.414363,24.148183327575858,-110.30262459951864,24.125607513708538,-110.31036205061888
376,13,2025-07-03 10:26:10,2025-07-03 10:33:02.368032,24.1299510372196,-110.3179380484236,24.1573175215431,-110.3083935662292
377,13,2025-07-03 10:27:31,2025-07-03 10:37:58.205624,24.1299510372196,-110.3179380484236,24.154192690412312,-110.31309792383071
378,7,2025-07-03 10:27:13,2025-07-03 10:36:41.011203,24.148183327575858,-110.30262459951864,24.13979281720061,-110.32350606591338
379,9,2025-07-03 10:28:34,2025-07-03 10:39:27.103460,24.14119117471582,-110.30079340133237,24.143763501661976,-110.32074823045039
380,6,2025-07-03 10:28:05,2025-07-03 10:39:01.982261,24.13364467115009,-110.30566340731718,24.15069844312131,-110.2993392852947
381,1,2025-07-03 10:29:06,2025-07-03 10:44:29.658510,24.13176809355878,-110.31428807129782,24.15025619671062,-110.31823144815111
382,3,2025-07-03 10:30:32,2025-07-03 10:42:13.842592,24.14285231984407,-110.32451362805041,24.151069126475285,-110.3015198003402
383,9,2025-07-03 10:30:36,2025-07-03 10:41:12.249559,24.14119117471582,-110.30079340133237,24.14142462111582,-110.32390586668491
384,3,2025-07-03 10:30:39,2025-07-03 10:45:14.150173,24.14285231984407,-110.32451362805041,24.141825793298064,-110.30571852961346
385,14,2025-07-03 10:32:22,2025-07-03 10:41:01.427940,24.15170827353591,-110.3128095952917,24.130899041628698,-110.30899043012957
386,12,2025-07-03 10:32:26,2025-07-03 10:42:03.687209,24.145106324785893,-110.30204570898285,24.132809978564175,-110.31570414259508
387,14,2025-07-03 10:33:24,2025-07-03 10:46:44.655590,24.15170827353591,-110.3128095952917,24.132846165576602,-110.30720400464075
388,2,2025-07-03 10:34:41,2025-07-03 10:41:54.253752,24.12919295209637,-110.30843613862686,24.14332259950441,-110.29604554041195
389,19,2025-07-03 10:35:35,2025-07-03 10:46:22.487216,24.138572185098703,-110.31375032971341,24.137601440202502,-110.3124942145436
390,23,2025-07-03 10:35:33,2025-07-03 10:53:44.468927,24.134561147288878,-110.32788662820818,24.148536457163175,-110.30667364498619
391,1,2025-07-03 10:35:14,2025-07-03 10:47:21.365433,24.13176809355878,-110.31428807129782,24.153038365238693,-110.30626239303176
392,23,2025-07-03 10:36:47,2025-07-03 10:49:25.768279,24.134561147288878,-110.32788662820818,24.13501618752296,-110.3064140727929
393,6,2025-07-03 10:38:55,2025-07-03 10:48:55.656097,24.13364467115009,-110.30566340731718,24.144814240126443,-110.32244378740401
394,13,2025-07-03 10:40:36,2025-07-03 10:51:38.784932,24.1299510372196,-110.3179380484236,24.140366961342213,-110.30202679671055
395,2,2025-07-03 10:41:45,2025-07-03 10:46:45.000000,24.12919295209637,-110.30843613862686,24.14933084075519,-110.31485218074731
396,2,2025-07-03 10:41:22,2025-07-03 10:54:27.387206,24.12919295209637,-110.30843613862686,24.148629701850492,-110.30984650058731
397,17,2025-07-03 10:43:34,2025-07-03 10:57:51.567382,24.131451615962472,-110.32348659210822,24.15349220585575,-110.3093221343285
398,20,2025-07-03 10:44:11,2025-07-03 10:56:41.214608,24.147748218913893,-110.29935426122582,24.136907810831104,-110.31570819196219
399,22,2025-07-03 10:45:34,2025-07-03 10:55:33.898927,24.146193208009095,-110.31344489650564,24.131615582947607,-110.32544904194822
400,17,2025-07-03 10:45:24,2025-07-03 10:54:32.124174,24.131451615962472,-110.32348659210822,24.142950734369418,-110.30578971812989
401,12,2025-07-03 10:47:06,2025-07-03 10:57:05.954376,24.145106324785893,-110.30204570898285,24.130533196568535,-110.32742108904878
402,13,2025-07-03 10:48:55,2025-07-03 10:59:36.479052,24.1299510372196,-110.3179380484236,24.15006159281051,-110.30914131973014
403,16,2025-07-03 10:48:18,2025-07-03 11:02:57.632097,24.13661247276418,-110.30150726021985,24.140777569226774,-110.32244754606278
404,17,2025-07-03 10:48:07,2025-07-03 10:59:47.818801,24.131451615962472,-110.32348659210822,24.148813561191552,-110.30277124326895
405,1,2025-07-03 10:49:22,2025-07-03 11:03:43.245178,24.13176809355878,-110.31428807129782,24.153895447656545,-110.30617554961424
406,14,2025-07-03 10:53:38,2025-07-03 11:01:39.285960,24.15170827353591,-110.3128095952917,24.133052045404305,-110.32434691806411
407,23,2025-07-03 10:53:04,2025-07-03 11:01:16.349581,24.134561147288878,-110.32788662820818,24.135039742548088,-110.30929406292243
408,7,2025-07-03 10:55:26,2025-07-03 11:11:10.380393,24.148183327575858,-110.30262459951864,24.125804300316403,-110.31120177425723
409,6,2025-07-03 10:55:13,2025-07-03 11:00:13.000000,24.13364467115009,-110.30566340731718,24.129813524213503,-110.32630792369837
410,20,2025-07-03 11:01:14,2025-07-03 11:13:58.560623,24.147748218913893,-110.29935426122582,24.14178416054009,-110.316500076213
411,23,2025-07-03 11:02:42,2025-07-03 11:14:03.532716,24.134561147288878,-110.32788662820818,24.152298262764084,-110.31083731768095
412,8,2025-07-03 11:03:48,2025-07-03 11:13:06.300677,24.13432328664966,-110.32720613045257,24.1428151878109,-110.29661773405348
413,9,2025-07-03 11:03:12,2025-07-03 11:10:38.464725,24.14119117471582,-110.30079340133237,24.14251324400556,-110.32126762153759
414,20,2025-07-03 11:04:17,2025-07-03 11:13:43.345645,24.147748218913893,-110.29935426122582,24.137543463474184,-110.3185243695087
415,24,2025-07-03 11:06:36,2025-07-03 11:17:34.727048,24.14128818256923,-110.32032635915687,24.1422449352984,-110.29764531806318
416,9,2025-07-03 11:08:38,2025-07-03 11:20:02.751205,24.14119117471582,-110.30079340133237,24.131296521283,-110.31836822724834
417,17,2025-07-03 11:10:27,2025-07-03 11:27:00.523654,24.131451615962472,-110.32348659210822,24.151140889426898,-110.31121239551382
418,17,2025-07-03 11:11:45,2025-07-03 11:26:25.220055,24.131451615962472,-110.32348659210822,24.145225006538716,-110.31144051429993
419,8,2025-07-03 11:12:40,2025-07-03 11:23:55.162861,24.13432328664966,-110.32720613045257,24.138982872264037,-110.30455109435822
420,23,2025-07-03 11:12:29,2025-07-03 11:23:31.920575,24.134561147288878,-110.32788662820818,24.141962759327768,-110.30944674837629
421,7,2025-07-03 11:15:04,2025-07-03 11:27:22.023791,24.148183327575858,-110.30262459951864,24.13442119595389,-110.32560044119973
422,6,2025-07-03 11:15:18,2025-07-03 11:23:23.995325,24.13364467115009,-110.30566340731718,24.149426911439313,-110.29670683563128
423,13,2025-07-03 11:21:27,2025-07-03 11:36:36.603104,24.1299510372196,-110.3179380484236,24.147207025484402,-110.30098620075397
424,0,2025-07-03 11:22:50,2025-07-03 11:27:50.000000,24.150277490122807,-110.3121193752678,24.132316117254657,-110.32789623116021
425,10,2025-07-03 11:22:09,2025-07-03 11:34:28.079924,24.129774332166285,-110.3269074937901,24.14017490583667,-110.30091834620465
426,17,2025-07-03 11:26:15,2025-07-03 11:36:57.988347,24.131451615962472,-110.32348659210822,24.139509941536858,-110.30375275975683
427,23,2025-07-03 11:27:48,2025-07-03 11:36:43.603851,24.134561147288878,-110.32788662820818,24.139574291471142,-110.30890154866479
428,17,2025-07-03 11:27:27,2025-07-03 11:40:46.814101,24.131451615962472,-110.32348659210822,24.14905760210784,-110.31194290507818
429,12,2025-07-03 11:28:07,2025-07-03 11:40:19.263663,24.145106324785893,-110.30204570898285,24.12516620263811,-110.31172912756693
430,3,2025-07-03 11:28:22,2025-07-03 11:34:13.725565,24.14285231984407,-110.32451362805041,24.143040629934664,-110.30353461333836
431,0,2025-07-03 11:28:18,2025-07-03 11:37:46.474339,24.150277490122807,-110.3121193752678,24.134306432438386,-110.33107858879805
432,6,2025-07-03 11:29:41,2025-07-03 11:46:35.940865,24.13364467115009,-110.30566340731718,24.13674226835042,-110.32637236289578
433,17,2025-07-03 11:32:01,2025-07-03 11:44:42.126666,24.131451615962472,-110.32348659210822,24.14343065425409,-110.2960871789275
434,7,2025-07-03 11:32:01,2025-07-03 11:41:54.087188,24.148183327575858,-110.30262459951864,24.125132515631247,-110.3115727130349
435,2,2025-07-03 11:32:19,2025-07-03 11:43:58.810033,24.12919295209637,-110.30843613862686,24.147127153051795,-110.3103677100495
436,9,2025-07-03 11:32:35,2025-07-03 11:38:54.587685,24.14119117471582,-110.30079340133237,24.130016478597945,-110.31895070209025
437,19,2025-07-03 11:32:25,2025-07-03 11:47:01.132921,24.138572185098703,-110.31375032971341,24.139219467746546,-110.31207168915832
438,16,2025-07-03 11:36:32,2025-07-03 11:47:27.594888,24.13661247276418,-110.30150726021985,24.125888895384417,-110.31633062747332
439,13,2025-07-03 11:36:30,2025-07-03 11:46:32.494246,24.1299510372196,-110.3179380484236,24.152700280143936,-110.30577312176253
440,16,2025-07-03 11:37:06,2025-07-03 11:42:06.000000,24.13661247276418,-110.30150726021985,24.135541076895244,-110.3279937415122
441,8,2025-07-03 11:38:18,2025-07-03 11:56:44.809731,24.13432328664966,-110.32720613045257,24.13240078540997,-110.30877236236896
442,24,2025-07-03 11:39:15,2025-07-03 11:53:20.122284,24.14128818256923,-110.32032635915687,24.15285307816228,-110.3030229230376
443,23,2025-07-03 11:39:00,2025-07-03 11:53:57.894960,24.134561147288878,-110.32788662820818,24.14136515958791,-110.31113475368224
444,17,2025-07-03 11:42:57,2025-07-03 11:51:50.177849,24.131451615962472,-110.32348659210822,24.136810470978386,-110.3056026990986
445,20,2025-07-03 11:46:10,2025-07-03 11:54:29.737603,24.147748218913893,-110.29935426122582,24.14308428664696,-110.31881979831456
446,20,2025-07-03 11:46:50,2025-07-03 12:02:07.059544,24.147748218913893,-110.29935426122582,24.127997639227644,-110.31791679902855
447,21,2025-07-03 11:47:56,2025-07-03 12:01:15.257991,24.144872215792645,-110.32081765205396,24.142591768961292,-110.30211103758631
448,17,2025-07-03 11:47:20,2025-07-03 12:01:44.440580,24.131451615962472,-110.32348659210822,24.143627240003482,-110.30635913022253
449,18,2025-07-03 11:47:41,2025-07-03 11:59:06.320096,24.133988098825625,-110.31359765519944,24.149664465546596,-110.29671623261616
450,2,2025-07-03 11:49:32,2025-07-03 12:00:40.053115,24.12919295209637,-110.30843613862686,24.147059297065766,-110.30498280367254
451,8,2025-07-03 11:49:44,2025-07-03 11:59:59.072589,24.13432328664966,-110.32720613045257,24.13966326311208,-110.30645164101827
452,9,2025-07-03 11:50:24,2025-07-03 11:58:15.401461,24.14119117471582,-110.30079340133237,24.133527054809754,-110.31729108184837
453,19,2025-07-03 11:51:22,2025-07-03 12:01:46.188738,24.138572185098703,-110.31375032971341,24.152035381950466,-110.2996626377087
454,8,2025-07-03 11:52:40,2025-07-03 12:02:09.040834,24.13432328664966,-110.32720613045257,24.148225183438313,-110.30424049607012
455,6,2025-07-03 11:54:48,2025-07-03 12:04:15.125935,24.13364467115009,-110.30566340731718,24.151694795388593,-110.30348470825349
456,7,2025-07-03 11:56:42,2025-07-03 12:09:16.868501,24.148183327575858,-110.30262459951864,24.132529618455543,-110.3135851420843
457,9,2025-07-03 11:56:18,2025-07-03 12:13:20.332688,24.14119117471582,-110.30079340133237,24.14074196387844,-110.3237774665331
458,11,2025-07-03 12:01:55,2025-07-03 12:08:06.872785,24.134884034642383,-110.31012277961037,24.149173485774305,-110.29703656251085
459,8,2025-07-03 12:04:41,2025-07-03 12:20:27.863381,24.13432328664966,-110.32720613045257,24.151069590047342,-110.29975744964514
460,16,2025-07-03 12:07:49,2025-07-03 12:17:27.811117,24.13661247276418,-110.30150726021985,24.129081171045804,-110.3194548987512
461,23,2025-07-03 12:09:10,2025-07-03 12:23:31.103050,24.134561147288878,-110.32788662820818,24.14147981394866,-110.30457267151306
462,23,2025-07-03 12:10:11,2025-07-03 12:23:26.951663,24.134561147288878,-110.32788662820818,24.13617947143266,-110.30822938299282
463,0,2025-07-03 12:11:16,2025-07-03 12:26:16.760018,24.150277490122807,-110.3121193752678,24.12975077088006,-110.32359090181528
464,10,2025-07-03 12:14:31,2025-07-03 12:25:26.013431,24.129774332166285,-110.3269074937901,24.139449248306814,-110.30457603512725
465,11,2025-07-03 12:15:49,2025-07-03 12:31:33.605116,24.134884034642383,-110.31012277961037,24.134442946965553,-110.33024764004078
466,14,2025-07-03 12:16:26,2025-07-03 12:24:40.588331,24.15170827353591,-110.3128095952917,24.1296500070458,-110.3088515654373
467,14,2025-07-03 12:17:52,2025-07-03 12:28:25.321294,24.15170827353591,-110.3128095952917,24.13194343783748,-110.32747667169988
468,10,2025-07-03 12:17:06,2025-07-03 12:23:32.427492,24.129774332166285,-110.3269074937901,24.156043434052297,-110.30917056493733
469,10,2025-07-03 12:18:14,2025-07-03 12:31:30.294255,24.129774332166285,-110.3269074937901,24.15266939793388,-110.31473127971445
470,8,2025-07-03 12:18:27,2025-07-03 12:37:14.362751,24.13432328664966,-110.32720613045257,24.14449485928014,-110.30942406454021
471,7,2025-07-03 12:19:23,2025-07-03 12:29:40.412367,24.148183327575858,-110.30262459951864,24.129716502146383,-110.31415535671394
472,17,2025-07-03 12:22:18,2025-07-03 12:30:33.657587,24.131451615962472,-110.32348659210822,24.141470589456393,-110.3083212771159
473,10,2025-07-03 12:27:19,2025-07-03 12:39:45.634588,24.129774332166285,-110.3269074937901,24.137699180608376,-110.30984579195194
474,2,2025-07-03 12:28:35,2025-07-03 12:39:21.961006,24.12919295209637,-110.30843613862686,24.147949072651052,-110.3068440307218
475,7,2025-07-03 12:29:32,2025-07-03 12:42:24.946921,24.148183327575858,-110.30262459951864,24.134359284711092,-110.31681194363449
476,0,2025-07-03 12:31:17,2025-07-03 12:39:36.909848,24.150277490122807,-110.3121193752678,24.128812983200877,-110.31291604850011
477,12,2025-07-03 12:31:32,2025-07-03 12:41:19.174945,24.145106324785893,-110.30204570898285,24.133425170307003,-110.32470681901312
478,7,2025-07-03 12:32:45,2025-07-03 12:44:03.596953,24.148183327575858,-110.30262459951864,24.14311833989113,-110.32427819213059
479,17,2025-07-03 12:33:03,2025-07-03 12:44:05.496194,24.131451615962472,-110.32348659210822,24.156867979344913,-110.31163131701354
480,10,2025-07-03 12:34:08,2025-07-03 12:39:08.000000,24.129774332166285,-110.3269074937901,24.141112112689402,-110.31136782255578
481,22,2025-07-03 12:37:46,2025-07-03 12:52:11.699296,24.146193208009095,-110.31344489650564,24.134097031224755,-110.33178502113508
482,13,2025-07-03 12:38:03,2025-07-03 12:54:26.387289,24.1299510372196,-110.3179380484236,24.148267328307064,-110.3199049168255
483,15,2025-07-03 12:38:05,2025-07-03 12:51:25.004500,24.131306102278938,-110.32333616519577,24.138566551486175,-110.30349596128937
484,16,2025-07-03 12:39:18,2025-07-03 12:51:23.970104,24.13661247276418,-110.30150726021985,24.131679109871286,-110.31927985325964
485,16,2025-07-03 12:40:39,2025-07-03 12:55:08.026635,24.13661247276418,-110.30150726021985,24.142922129480528,-110.31898053971821
486,3,2025-07-03 12:40:46,2025-07-03 12:46:54.475660,24.14285231984407,-110.32451362805041,24.13687742239443,-110.306937471972
487,17,2025-07-03 12:41:36,2025-07-03 12:54:38.578694,24.131451615962472,-110.32348659210822,24.15504659348711,-110.3114532798577
488,3,2025-07-03 12:42:34,2025-07-03 12:54:47.543265,24.14285231984407,-110.32451362805041,24.13733243474521,-110.30207181546369
489,20,2025-07-03 12:42:28,2025-07-03 12:54:24.533263,24.147748218913893,-110.29935426122582,24.129013472047415,-110.31823192917567
490,12,2025-07-03 12:42:20,2025-07-03 12:51:46.112484,24.145106324785893,-110.30204570898285,24.131605262241674,-110.32919734406202
491,9,2025-07-03 12:44:33,2025-07-03 12:55:46.528936,24.14119117471582,-110.30079340133237,24.13806946588667,-110.31943726763357
492,10,2025-07-03 12:46:56,2025-07-03 12:56:37.418491,24.129774332166285,-110.3269074937901,24.143499444295973,-110.312608198996
493,8,2025-07-03 12:46:32,2025-07-03 12:59:28.484864,24.13432328664966,-110.32720613045257,24.138951729854117,-110.30381489147251
494,21,2025-07-03 12:47:14,2025-07-03 13:02:01.356221,24.144872215792645,-110.32081765205396,24.148411777989633,-110.30270877688837
495,4,2025-07-03 12:48:44,2025-07-03 12:54:53.498653,24.127392474130485,-110.31706979271745,24.14313192156422,-110.30557940218834
496,3,2025-07-03 12:49:37,2025-07-03 13:02:19.891254,24.14285231984407,-110.32451362805041,24.155294388127526,-110.3082415827057
497,10,2025-07-03 12:49:42,2025-07-03 13:00:04.401710,24.129774332166285,-110.3269074937901,24.14062566827034,-110.31167417187464
498,19,2025-07-03 12:51:08,2025-07-03 13:01:59.611669,24.138572185098703,-110.31375032971341,24.13240786211486,-110.33348228064212
499,8,2025-07-03 12:52:04,2025-07-03 13:00:10.224369,24.13432328664966,-110.32720613045257,24.153423315475678,-110.31117857062526
500,7,2025-07-03 12:55:49,2025-07-03 13:06:12.845300,24.148183327575858,-110.30262459951864,24.140131882706022,-110.3226848101797
501,17,2025-07-03 12:56:42,2025-07-03 13:12:13.717035,24.131451615962472,-110.32348659210822,24.141027834284742,-110.30593796883284
502,10,2025-07-03 12:56:19,2025-07-03 13:05:32.970437,24.129774332166285,-110.3269074937901,24.136080393814687,-110.30820776813269
503,4,2025-07-03 12:57:46,2025-07-03 13:05:27.289364,24.127392474130485,-110.31706979271745,24.146506596914175,-110.31749765688902
504,2,2025-07-03 13:03:14,2025-07-03 13:10:31.507406,24.12919295209637,-110.30843613862686,24.143871817769565,-110.32137753147562
505,12,2025-07-03 13:05:07,2025-07-03 13:12:47.991369,24.145106324785893,-110.30204570898285,24.128858652950246,-110.31913529882183
506,10,2025-07-03 13:06:13,2025-07-03 13:17:55.552717,24.129774332166285,-110.3269074937901,24.14081164453152,-110.30315226655163
507,10,2025-07-03 13:07:55,2025-07-03 13:20:44.242264,24.129774332166285,-110.3269074937901,24.144356445515307,-110.31070959328896
508,14,2025-07-03 13:07:06,2025-07-03 13:18:59.063447,24.15170827353591,-110.3128095952917,24.1366322840213,-110.32852531959476
509,7,2025-07-03 13:08:36,2025-07-03 13:19:43.661300,24.148183327575858,-110.30262459951864,24.14052470678981,-110.32789846174161
510,16,2025-07-03 13:08:56,2025-07-03 13:23:03.611722,24.13661247276418,-110.30150726021985,24.142231896018657,-110.32088595299584
511,20,2025-07-03 13:09:59,2025-07-03 13:25:54.996875,24.147748218913893,-110.29935426122582,24.135451873073727,-110.32029782359119
512,23,2025-07-03 13:10:37,2025-07-03 13:27:03.492575,24.134561147288878,-110.32788662820818,24.136357525516157,-110.30487245197736
513,20,2025-07-03 13:13:01,2025-07-03 13:20:19.212965,24.147748218913893,-110.29935426122582,24.140758469986732,-110.3178497770331
514,0,2025-07-03 13:14:03,2025-07-03 13:23:48.252777,24.150277490122807,-110.3121193752678,24.13083483135883,-110.30884318143899
515,10,2025-07-03 13:15:59,2025-07-03 13:29:45.729797,24.129774332166285,-110.3269074937901,24.150269114246395,-110.31176314783359
516,5,2025-07-03 13:15:22,2025-07-03 13:27:20.104693,24.14128897181552,-110.31463390889023,24.141258424179995,-110.31404517809291
517,19,2025-07-03 13:17:21,2025-07-03 13:33:41.485719,24.138572185098703,-110.31375032971341,24.147412525060993,-110.29724731444745
518,9,2025-07-03 13:18:53,2025-07-03 13:32:18.779301,24.14119117471582,-110.30079340133237,24.13356459595539,-110.32244286609522
519,20,2025-07-03 13:19:48,2025-07-03 13:25:53.180875,24.147748218913893,-110.29935426122582,24.136823007424425,-110.31390241448437
520,20,2025-07-03 13:25:34,2025-07-03 13:35:16.177005,24.147748218913893,-110.29935426122582,24.139158207896546,-110.3260620429622
521,13,2025-07-03 13:26:17,2025-07-03 13:36:21.211663,24.1299510372196,-110.3179380484236,24.148131355248736,-110.32069165069949
522,23,2025-07-03 13:26:52,2025-07-03 13:44:14.334548,24.134561147288878,-110.32788662820818,24.13829251807924,-110.30048812163434
523,8,2025-07-03 13:26:02,2025-07-03 13:40:31.493159,24.13432328664966,-110.32720613045257,24.137266259607078,-110.30317037458765
524,8,2025-07-03 13:28:57,2025-07-03 13:41:24.581693,24.13432328664966,-110.32720613045257,24.13794601062976,-110.30493646728087
525,19,2025-07-03 13:39:06,2025-07-03 13:52:10.711693,24.138572185098703,-110.31375032971341,24.140203392174453,-110.31301842623976
526,7,2025-07-03 13:39:36,2025-07-03 13:48:51.873840,24.148183327575858,-110.30262459951864,24.13192181510249,-110.31401118066427
527,10,2025-07-03 13:39:59,2025-07-03 13:54:44.672451,24.129774332166285,-110.3269074937901,24.145920241557505,-110.30805216463142
528,9,2025-07-03 13:40:29,2025-07-03 13:56:36.838085,24.14119117471582,-110.30079340133237,24.134735993539216,-110.32202705490546
529,6,2025-07-03 13:41:16,2025-07-03 13:53:43.351046,24.13364467115009,-110.30566340731718,24.130124805318683,-110.32727535190539
530,10,2025-07-03 13:42:42,2025-07-03 14:00:00.206811,24.129774332166285,-110.3269074937901,24.144316626733126,-110.30586852951485
531,8,2025-07-03 13:43:30,2025-07-03 13:53:06.750384,24.13432328664966,-110.32720613045257,24.146380836941574,-110.3070543091836
532,3,2025-07-03 13:44:14,2025-07-03 13:58:59.884961,24.14285231984407,-110.32451362805041,24.133926076538756,-110.30825369827153
533,7,2025-07-03 13:44:02,2025-07-03 13:54:47.488481,24.148183327575858,-110.30262459951864,24.129692143945785,-110.31804077658391
534,10,2025-07-03 13:44:27,2025-07-03 13:55:20.909935,24.129774332166285,-110.3269074937901,24.135609977490855,-110.30790481597495
535,3,2025-07-03 13:49:04,2025-07-03 14:07:37.816523,24.14285231984407,-110.32451362805041,24.13236200214734,-110.30634101723062
536,0,2025-07-03 13:51:26,2025-07-03 14:03:31.224426,24.150277490122807,-110.3121193752678,24.129858540592323,-110.31156219500647
537,20,2025-07-03 13:51:34,2025-07-03 14:06:51.569642,24.147748218913893,-110.29935426122582,24.140683866824087,-110.32063384517593
538,9,2025-07-03 13:54:07,2025-07-03 14:05:22.362250,24.14119117471582,-110.30079340133237,24.139321518228606,-110.32513642864076
539,1,2025-07-03 13:55:45,2025-07-03 14:09:11.098289,24.13176809355878,-110.31428807129782,24.1568542167005,-110.30817874452907
540,10,2025-07-03 13:56:26,2025-07-03 14:07:42.658681,24.129774332166285,-110.3269074937901,24.149064350570416,-110.30897317411016
541,16,2025-07-03 13:56:57,2025-07-03 14:11:21.584191,24.13661247276418,-110.30150726021985,24.13268039561489,-110.32434360827197
542,3,2025-07-03 13:57:55,2025-07-03 14:11:58.139161,24.14285231984407,-110.32451362805041,24.15636191926705,-110.31151562745634
543,0,2025-07-03 13:58:34,2025-07-03 14:17:03.063153,24.150277490122807,-110.3121193752678,24.128002177028193,-110.31609807816125
544,10,2025-07-03 13:58:14,2025-07-03 14:06:39.102295,24.129774332166285,-110.3269074937901,24.14103818443524,-110.31111402841303
545,10,2025-07-03 13:58:27,2025-07-03 14:11:30.484016,24.129774332166285,-110.3269074937901,24.134662814794208,-110.30396137348735
546,21,2025-07-03 13:58:44,2025-07-03 14:08:25.866685,24.144872215792645,-110.32081765205396,24.138316273444133,-110.30212955261483
547,0,2025-07-03 13:59:35,2025-07-03 14:09:09.483752,24.150277490122807,-110.3121193752678,24.134509336327547,-110.32505216888143
548,16,2025-07-03 14:00:48,2025-07-03 14:09:02.595486,24.13661247276418,-110.30150726021985,24.13402090670215,-110.32281842199383
549,5,2025-07-03 14:02:22,2025-07-03 14:18:46.150601,24.14128897181552,-110.31463390889023,24.1428764169852,-110.31513907799477
550,12,2025-07-03 14:06:27,2025-07-03 14:21:21.077762,24.145106324785893,-110.30204570898285,24.127032845053606,-110.31300758241429
551,7,2025-07-03 14:07:15,2025-07-03 14:20:33.506491,24.148183327575858,-110.30262459951864,24.132462194009044,-110.31866074619165
552,19,2025-07-03 14:08:55,2025-07-03 14:21:34.922496,24.138572185098703,-110.31375032971341,24.139073217892207,-110.31398878499368
553,18,2025-07-03 14:11:36,2025-07-03 14:27:19.548742,24.133988098825625,-110.31359765519944,24.14793870940903,-110.294535201927
554,12,2025-07-03 14:13:29,2025-07-03 14:24:28.177817,24.145106324785893,-110.30204570898285,24.128829109706373,-110.31129690401389
555,7,2025-07-03 14:13:58,2025-07-03 14:27:22.828493,24.148183327575858,-110.30262459951864,24.12787923377675,-110.31396420329283
556,12,2025-07-03 14:13:32,2025-07-03 14:26:33.518317,24.145106324785893,-110.30204570898285,24.133977935165362,-110.32000958393697
557,20,2025-07-03 14:18:44,2025-07-03 14:30:03.409352,24.147748218913893,-110.29935426122582,24.143052430975555,-110.32441591582594
558,4,2025-07-03 14:18:30,2025-07-03 14:26:46.963212,24.127392474130485,-110.31706979271745,24.146350721513716,-110.31673546428695
559,2,2025-07-03 14:19:00,2025-07-03 14:34:38.778305,24.12919295209637,-110.30843613862686,24.138078997281536,-110.32599984798406
560,6,2025-07-03 14:20:06,2025-07-03 14:31:43.739396,24.13364467115009,-110.30566340731718,24.141645535349202,-110.32704557582433
561,9,2025-07-03 14:22:47,2025-07-03 14:36:19.829848,24.14119117471582,-110.30079340133237,24.138453293296983,-110.32124897953541
562,13,2025-07-03 14:24:05,2025-07-03 14:33:44.182674,24.1299510372196,-110.3179380484236,24.147827477314774,-110.30047636400171
563,10,2025-07-03 14:24:40,2025-07-03 14:34:14.139959,24.129774332166285,-110.3269074937901,24.14409361672433,-110.31329675923703
564,20,2025-07-03 14:25:06,2025-07-03 14:33:54.494108,24.147748218913893,-110.29935426122582,24.13872368401817,-110.32773116845055
565,20,2025-07-03 14:25:06,2025-07-03 14:34:37.970431,24.147748218913893,-110.29935426122582,24.139144849066557,-110.31527650373417
566,20,2025-07-03 14:27:01,2025-07-03 14:39:44.196378,24.147748218913893,-110.29935426122582,24.131712379963982,-110.32599354086184
567,2,2025-07-03 14:27:10,2025-07-03 14:44:40.947243,24.12919295209637,-110.30843613862686,24.149624516266368,-110.30041792900252
568,4,2025-07-03 14:28:48,2025-07-03 14:43:27.843454,24.127392474130485,-110.31706979271745,24.144998141292305,-110.30362442950707
569,4,2025-07-03 14:30:24,2025-07-03 14:45:53.457640,24.127392474130485,-110.31706979271745,24.149901391061434,-110.31354561969273
570,6,2025-07-03 14:31:19,2025-07-03 14:48:14.492100,24.13364467115009,-110.30566340731718,24.141370015605474,-110.32290345031964
571,23,2025-07-03 14:36:34,2025-07-03 14:48:47.933335,24.134561147288878,-110.32788662820818,24.154050918925858,-110.31026066141992
572,8,2025-07-03 14:36:25,2025-07-03 14:50:57.587535,24.13432328664966,-110.32720613045257,24.144367330315884,-110.31108414133554
573,12,2025-07-03 14:37:35,2025-07-03 14:50:56.990884,24.145106324785893,-110.30204570898285,24.135327021016508,-110.31940142577433
574,12,2025-07-03 14:38:41,2025-07-03 14:48:40.823654,24.145106324785893,-110.30204570898285,24.133932196669512,-110.3186049421605
575,24,2025-07-03 14:40:33,2025-07-03 14:53:52.810757,24.14128818256923,-110.32032635915687,24.150053967463606,-110.29710124145544
576,13,2025-07-03 14:40:14,2025-07-03 14:48:09.785414,24.1299510372196,-110.3179380484236,24.15582140331166,-110.30597752609279
577,7,2025-07-03 14:41:11,2025-07-03 14:52:58.030329,24.148183327575858,-110.30262459951864,24.13646998084839,-110.32666724839022
578,6,2025-07-03 14:41:01,2025-07-03 14:55:14.989572,24.13364467115009,-110.30566340731718,24.14237544825429,-110.32418123679876
579,11,2025-07-03 14:42:45,2025-07-03 14:59:58.305873,24.134884034642383,-110.31012277961037,24.130526391538208,-110.32781650054343
580,7,2025-07-03 14:44:59,2025-07-03 14:58:55.754463,24.148183327575858,-110.30262459951864,24.137771000842204,-110.32235711146916
581,19,2025-07-03 14:44:56,2025-07-03 14:53:04.983495,24.138572185098703,-110.31375032971341,24.14986519948482,-110.29757276908626
582,17,2025-07-03 14:44:56,2025-07-03 14:53:31.402967,24.131451615962472,-110.32348659210822,24.14160945166165,-110.30806674343825
583,15,2025-07-03 14:46:56,2025-07-03 14:55:13.251563,24.131306102278938,-110.32333616519577,24.14948796705194,-110.30042807501769
584,15,2025-07-03 14:47:33,2025-07-03 14:59:24.742350,24.131306102278938,-110.32333616519577,24.13683221484364,-110.30259591207397
585,19,2025-07-03 14:50:27,2025-07-03 15:06:01.915235,24.138572185098703,-110.31375032971341,24.13716699497845,-110.31285926485954
586,7,2025-07-03 14:51:31,2025-07-03 15:07:20.152318,24.148183327575858,-110.30262459951864,24.12507476177946,-110.31300413324281
587,15,2025-07-03 14:51:32,2025-07-03 14:57:51.808785,24.131306102278938,-110.32333616519577,24.145032527858096,-110.30441546685039
588,0,2025-07-03 14:53:17,2025-07-03 15:05:47.960321,24.150277490122807,-110.3121193752678,24.146574025474678,-110.29367280602244
589,2,2025-07-03 14:55:45,2025-07-03 15:07:50.880188,24.12919295209637,-110.30843613862686,24.13425218377816,-110.32693624461345
590,15,2025-07-03 14:59:08,2025-07-03 15:10:52.733471,24.131306102278938,-110.32333616519577,24.151909608520853,-110.31366900620202
591,4,2025-07-03 15:00:28,2025-07-03 15:17:30.190541,24.127392474130485,-110.31706979271745,24.14004168495019,-110.30356386028535
592,10,2025-07-03 15:00:14,2025-07-03 15:06:08.393338,24.129774332166285,-110.3269074937901,24.145517308120937,-110.30472854639504
593,1,2025-07-03 15:01:44,2025-07-03 15:07:38.570081,24.13176809355878,-110.31428807129782,24.155439036000796,-110.30548375286854
594,15,2025-07-03 15:03:07,2025-07-03 15:12:28.494782,24.131306102278938,-110.32333616519577,24.144307575328963,-110.29920835918128
595,10,2025-07-03 15:06:08,2025-07-03 15:18:33.234477,24.129774332166285,-110.3269074937901,24.144629583579007,-110.31438734700603
596,15,2025-07-03 15:09:30,2025-07-03 15:22:36.931096,24.131306102278938,-110.32333616519577,24.138851543305297,-110.30055179831224
597,16,2025-07-03 15:10:15,2025-07-03 15:23:31.281998,24.13661247276418,-110.30150726021985,24.152126155809228,-110.31302617617688
598,5,2025-07-03 15:11:47,2025-07-03 15:23:14.227263,24.14128897181552,-110.31463390889023,24.141074653102606,-110.31411334954527
599,7,2025-07-03 15:11:09,2025-07-03 15:25:39.681855,24.148183327575858,-110.30262459951864,24.129118618350816,-110.31957193622189
600,14,2025-07-03 15:15:43,2025-07-03 15:30:13.500193,24.15170827353591,-110.3128095952917,24.126905230197515,-110.31021890771208
601,14,2025-07-03 15:19:39,2025-07-03 15:33:08.340674,24.15170827353591,-110.3128095952917,24.129980027199924,-110.32061467231344
602,7,2025-07-03 15:20:35,2025-07-03 15:32:53.235371,24.148183327575858,-110.30262459951864,24.132367932086098,-110.32409166386572
603,16,2025-07-03 15:23:32,2025-07-03 15:37:24.535884,24.13661247276418,-110.30150726021985,24.1381934013313,-110.32153921064686
604,10,2025-07-03 15:23:27,2025-07-03 15:44:32.072856,24.129774332166285,-110.3269074937901,24.1435071177066,-110.31034309254997
605,5,2025-07-03 15:24:42,2025-07-03 15:35:15.953365,24.14128897181552,-110.31463390889023,24.142633994203507,-110.3163375090577
606,5,2025-07-03 15:25:35,2025-07-03 15:40:13.869855,24.14128897181552,-110.31463390889023,24.140772310368526,-110.31283149223853
607,10,2025-07-03 15:27:25,2025-07-03 15:42:37.271682,24.129774332166285,-110.3269074937901,24.13462273562015,-110.3050734623789
608,2,2025-07-03 15:27:19,2025-07-03 15:34:04.185989,24.12919295209637,-110.30843613862686,24.155131136606588,-110.31116725695404
609,8,2025-07-03 15:27:57,2025-07-03 15:40:53.648037,24.13432328664966,-110.32720613045257,24.147602348972107,-110.31055282198616
610,20,2025-07-03 15:28:08,2025-07-03 15:41:09.464997,24.147748218913893,-110.29935426122582,24.13207012959572,-110.31392721502554
611,11,2025-07-03 15:28:34,2025-07-03 15:38:35.512104,24.134884034642383,-110.31012277961037,24.156151174975015,-110.30771942367001
612,18,2025-07-03 15:28:36,2025-07-03 15:36:27.085873,24.133988098825625,-110.31359765519944,24.154836629986125,-110.31040473916102
613,13,2025-07-03 15:29:11,2025-07-03 15:44:34.619466,24.1299510372196,-110.3179380484236,24.151157430608336,-110.31664054607914
614,24,2025-07-03 15:29:12,2025-07-03 15:44:00.132197,24.14128818256923,-110.32032635915687,24.142638582402896,-110.30171787523963
615,4,2025-07-03 15:30:21,2025-07-03 15:44:09.148559,24.127392474130485,-110.31706979271745,24.151960368353446,-110.30973298217063
616,2,2025-07-03 15:31:05,2025-07-03 15:46:43.660145,24.12919295209637,-110.30843613862686,24.13440371744546,-110.3326786074675
617,10,2025-07-03 15:31:03,2025-07-03 15:45:19.697170,24.129774332166285,-110.3269074937901,24.145553006841574,-110.31071458697932
618,0,2025-07-03 15:33:30,2025-07-03 15:41:01.237817,24.150277490122807,-110.3121193752678,24.129963010459143,-110.31623939903287
619,17,2025-07-03 15:35:21,2025-07-03 15:50:04.786422,24.131451615962472,-110.32348659210822,24.15066631785109,-110.30441787856815
620,9,2025-07-03 15:37:49,2025-07-03 15:43:46.880518,24.14119117471582,-110.30079340133237,24.142312314408528,-110.32021960827286
621,19,2025-07-03 15:38:59,2025-07-03 15:50:11.039487,24.138572185098703,-110.31375032971341,24.14423240359041,-110.29528747425232
622,20,2025-07-03 15:38:00,2025-07-03 15:51:24.041316,24.147748218913893,-110.29935426122582,24.135627538015186,-110.32602960942278
623,15,2025-07-03 15:39:10,2025-07-03 15:51:07.116353,24.131306102278938,-110.32333616519577,24.148987393715956,-110.2991354296258
624,9,2025-07-03 15:40:11,2025-07-03 15:47:48.494989,24.14119117471582,-110.30079340133237,24.139271681213064,-110.3231835216147
625,23,2025-07-03 15:40:31,2025-07-03 15:53:04.482639,24.134561147288878,-110.32788662820818,24.132314444416465,-110.30736460784351
626,5,2025-07-03 15:41:07,2025-07-03 15:55:30.397010,24.14128897181552,-110.31463390889023,24.14039582307605,-110.31415220632587
627,10,2025-07-03 15:41:40,2025-07-03 15:50:04.976790,24.129774332166285,-110.3269074937901,24.138649223591077,-110.31075632360456
628,7,2025-07-03 15:41:06,2025-07-03 15:51:44.614577,24.148183327575858,-110.30262459951864,24.127047287246675,-110.31868036518628
629,3,2025-07-03 15:41:46,2025-07-03 15:55:10.712427,24.14285231984407,-110.32451362805041,24.125229522632335,-110.31142666165327
630,9,2025-07-03 15:41:27,2025-07-03 15:51:45.144181,24.14119117471582,-110.30079340133237,24.129583724247286,-110.32122688634908
631,20,2025-07-03 15:41:36,2025-07-03 15:57:55.791419,24.147748218913893,-110.29935426122582,24.147631085718928,-110.31921558050054
632,20,2025-07-03 15:42:05,2025-07-03 15:51:54.420687,24.147748218913893,-110.29935426122582,24.14289016201393,-110.32157438221851
633,1,2025-07-03 15:45:56,2025-07-03 15:54:19.065647,24.13176809355878,-110.31428807129782,24.15140732716092,-110.31297219834067
634,16,2025-07-03 15:47:49,2025-07-03 16:01:27.105468,24.13661247276418,-110.30150726021985,24.143870461159704,-110.32180962934643
635,23,2025-07-03 15:47:49,2025-07-03 16:00:18.387187,24.134561147288878,-110.32788662820818,24.1443113165004,-110.30901159178985
636,20,2025-07-03 15:48:12,2025-07-03 15:57:49.441315,24.147748218913893,-110.29935426122582,24.139417168491953,-110.32341178443153
637,20,2025-07-03 15:48:36,2025-07-03 16:04:01.181506,24.147748218913893,-110.29935426122582,24.137862483892413,-110.31578667343912
638,3,2025-07-03 15:50:10,2025-07-03 15:58:58.576670,24.14285231984407,-110.32451362805041,24.1420972132233,-110.29850475057918
639,7,2025-07-03 15:51:34,2025-07-03 16:05:40.703894,24.148183327575858,-110.30262459951864,24.132762280864064,-110.32877017508487
640,2,2025-07-03 15:53:38,2025-07-03 16:08:14.198087,24.12919295209637,-110.30843613862686,24.14644244564488,-110.32198964222384
641,15,2025-07-03 15:53:33,2025-07-03 16:09:56.892538,24.131306102278938,-110.32333616519577,24.144657793372023,-110.29508356464424
642,3,2025-07-03 15:54:04,2025-07-03 16:06:15.771406,24.14285231984407,-110.32451362805041,24.148918351632457,-110.30436167369837
643,10,2025-07-03 15:54:09,2025-07-03 16:11:01.127782,24.129774332166285,-110.3269074937901,24.141064650129007,-110.31262567613486
644,17,2025-07-03 15:55:11,2025-07-03 16:05:51.270642,24.131451615962472,-110.32348659210822,24.148304423035263,-110.31421036405207
645,23,2025-07-03 15:56:04,2025-07-03 16:07:08.482435,24.134561147288878,-110.32788662820818,24.13946283893858,-110.30024615374136
646,14,2025-07-03 15:56:43,2025-07-03 16:07:07.359421,24.15170827353591,-110.3128095952917,24.139683422632864,-110.29893738327426
647,13,2025-07-03 15:56:47,2025-07-03 16:08:27.493924,24.1299510372196,-110.3179380484236,24.144429126935805,-110.29720090600874
648,7,2025-07-03 15:56:42,2025-07-03 16:10:56.132448,24.148183327575858,-110.30262459951864,24.138638211855522,-110.32026689005411
649,4,2025-07-03 15:56:33,2025-07-03 16:06:21.101069,24.127392474130485,-110.31706979271745,24.15418231645418,-110.30700985716989
650,7,2025-07-03 15:56:40,2025-07-03 16:09:13.866906,24.148183327575858,-110.30262459951864,24.13171927022137,-110.31831677676345
651,20,2025-07-03 15:56:05,2025-07-03 16:03:24.786742,24.147748218913893,-110.29935426122582,24.142896207130498,-110.31716096165114
652,20,2025-07-03 15:56:13,2025-07-03 16:05:55.010993,24.147748218913893,-110.29935426122582,24.13672861372701,-110.31556362233083
653,17,2025-07-03 15:56:29,2025-07-03 16:12:59.678193,24.131451615962472,-110.32348659210822,24.151000102261776,-110.31725156681428
654,19,2025-07-03 15:57:57,2025-07-03 16:12:43.620264,24.138572185098703,-110.31375032971341,24.139048550033806,-110.3123743432278
655,16,2025-07-03 15:57:05,2025-07-03 16:08:56.016111,24.13661247276418,-110.30150726021985,24.129323691134253,-110.31926965414345
656,16,2025-07-03 15:58:33,2025-07-03 16:08:26.936813,24.13661247276418,-110.30150726021985,24.13108152401503,-110.32288495811459
657,10,2025-07-03 15:59:58,2025-07-03 16:12:09.293067,24.129774332166285,-110.3269074937901,24.148738335225897,-110.30804607206709
658,24,2025-07-03 16:00:16,2025-07-03 16:13:03.383585,24.14128818256923,-110.32032635915687,24.141770258490126,-110.2984719271246
659,15,2025-07-03 16:01:44,2025-07-03 16:09:23.049710,24.131306102278938,-110.32333616519577,24.141220260634803,-110.30645080119737
660,10,2025-07-03 16:01:30,2025-07-03 16:19:16.286729,24.129774332166285,-110.3269074937901,24.143715306275165,-110.30890174690389
661,3,2025-07-03 16:01:15,2025-07-03 16:12:13.618539,24.14285231984407,-110.32451362805041,24.147451342475225,-110.30449912810946
662,2,2025-07-03 16:01:21,2025-07-03 16:11:54.799311,24.12919295209637,-110.30843613862686,24.14298007936726,-110.32419362767023
663,12,2025-07-03 16:02:28,2025-07-03 16:11:23.449970,24.145106324785893,-110.30204570898285,24.13513623559786,-110.33120290242941
664,24,2025-07-03 16:03:26,2025-07-03 16:13:55.467771,24.14128818256923,-110.32032635915687,24.14037045814397,-110.29888177719496
665,14,2025-07-03 16:03:33,2025-07-03 16:17:30.834301,24.15170827353591,-110.3128095952917,24.12770498615323,-110.313441628698
666,17,2025-07-03 16:03:17,2025-07-03 16:17:49.806032,24.131451615962472,-110.32348659210822,24.14797169925467,-110.30305500254869
667,11,2025-07-03 16:03:14,2025-07-03 16:12:49.603407,24.134884034642383,-110.31012277961037,24.157657630895628,-110.30790949413779
668,16,2025-07-03 16:03:38,2025-07-03 16:21:05.425192,24.13661247276418,-110.30150726021985,24.138494539546485,-110.32367789610579
669,10,2025-07-03 16:04:53,2025-07-03 16:21:16.625129,24.129774332166285,-110.3269074937901,24.141984104475313,-110.30118406033522
670,9,2025-07-03 16:04:36,2025-07-03 16:15:24.823157,24.14119117471582,-110.30079340133237,24.131273154751785,-110.3227878588492
671,15,2025-07-03 16:04:25,2025-07-03 16:16:05.845209,24.131306102278938,-110.32333616519577,24.149611294589793,-110.3091214948797
672,8,2025-07-03 16:05:18,2025-07-03 16:22:24.687453,24.13432328664966,-110.32720613045257,24.145624987192964,-110.2953445193535
673,23,2025-07-03 16:05:05,2025-07-03 16:12:25.396046,24.134561147288878,-110.32788662820818,24.14688276889909,-110.30526227817323
674,21,2025-07-03 16:05:57,2025-07-03 16:21:52.969518,24.144872215792645,-110.32081765205396,24.1494211667198,-110.29952539278126
675,7,2025-07-03 16:05:12,2025-07-03 16:12:14.714166,24.148183327575858,-110.30262459951864,24.13863232726609,-110.32232215852407
676,2,2025-07-03 16:05:42,2025-07-03 16:11:36.951766,24.12919295209637,-110.30843613862686,24.14815225865625,-110.3176525718244
677,20,2025-07-03 16:06:20,2025-07-03 16:16:02.688342,24.147748218913893,-110.29935426122582,24.135098106859335,-110.33097365947671
678,15,2025-07-03 16:07:27,2025-07-03 16:23:00.981015,24.131306102278938,-110.32333616519577,24.153098680974256,-110.31348123941238
679,15,2025-07-03 16:07:19,2025-07-03 16:14:19.915831,24.131306102278938,-110.32333616519577,24.145472893405973,-110.30037460148581
680,6,2025-07-03 16:07:22,2025-07-03 16:16:10.486264,24.13364467115009,-110.30566340731718,24.15102981874445,-110.30070944206625
681,17,2025-07-03 16:07:05,2025-07-03 16:12:05.000000,24.131451615962472,-110.32348659210822,24.15594893925545,-110.30603086287896
682,19,2025-07-03 16:08:24,2025-07-03 16:20:41.995471,24.138572185098703,-110.31375032971341,24.13876856070226,-110.31419495608924
683,5,2025-07-03 16:09:28,2025-07-03 16:19:30.766381,24.14128897181552,-110.31463390889023,24.142166010200953,-110.31628828964702
684,14,2025-07-03 16:09:45,2025-07-03 16:17:26.287579,24.15170827353591,-110.3128095952917,24.13056321966811,-110.32910579495766
685,13,2025-07-03 16:10:19,2025-07-03 16:21:34.016641,24.1299510372196,-110.3179380484236,24.145768685015838,-110.3040549191732
686,19,2025-07-03 16:10:07,2025-07-03 16:23:28.904774,24.138572185098703,-110.31375032971341,24.137420114437653,-110.31382511863022
687,23,2025-07-03 16:10:57,2025-07-03 16:18:27.698978,24.134561147288878,-110.32788662820818,24.13819685764406,-110.30800799571954
688,10,2025-07-03 16:11:31,2025-07-03 16:24:51.126002,24.129774332166285,-110.3269074937901,24.134630621517957,-110.30688484506979
689,21,2025-07-03 16:12:19,2025-07-03 16:26:05.323131,24.144872215792645,-110.32081765205396,24.14782706911989,-110.30158551702048
690,15,2025-07-03 16:12:30,2025-07-03 16:24:59.970935,24.131306102278938,-110.32333616519577,24.14791016392193,-110.29632612546887
691,3,2025-07-03 16:13:29,2025-07-03 16:24:28.863806,24.14285231984407,-110.32451362805041,24.14552816032736,-110.2981119410638
692,23,2025-07-03 16:13:33,2025-07-03 16:31:37.314058,24.134561147288878,-110.32788662820818,24.15209654193125,-110.3004909692221
693,19,2025-07-03 16:14:55,2025-07-03 16:29:36.018117,24.138572185098703,-110.31375032971341,24.157623153233374,-110.3112325125832
694,0,2025-07-03 16:15:21,2025-07-03 16:26:20.639056,24.150277490122807,-110.3121193752678,24.136376438408583,-110.32528778489694
695,12,2025-07-03 16:16:15,2025-07-03 16:31:33.308897,24.145106324785893,-110.30204570898285,24.135661571006434,-110.32111940907724
696,11,2025-07-03 16:16:58,2025-07-03 16:26:47.352309,24.134884034642383,-110.31012277961037,24.151826546874705,-110.30373394876719
697,14,2025-07-03 16:17:32,2025-07-03 16:25:24.028922,24.15170827353591,-110.3128095952917,24.133790974920693,-110.304122100113
698,3,2025-07-03 16:17:40,2025-07-03 16:26:28.264562,24.14285231984407,-110.32451362805041,24.139829054362327,-110.30283129028376
699,13,2025-07-03 16:18:22,2025-07-03 16:26:29.739541,24.1299510372196,-110.3179380484236,24.152753967989998,-110.31533321718831
700,23,2025-07-03 16:19:51,2025-07-03 16:27:28.176539,24.134561147288878,-110.32788662820818,24.13882464487012,-110.30278530403403
701,10,2025-07-03 16:19:00,2025-07-03 16:34:40.440375,24.129774332166285,-110.3269074937901,24.135904730692772,-110.30666960968841
702,4,2025-07-03 16:19:08,2025-07-03 16:34:18.758192,24.127392474130485,-110.31706979271745,24.15308966512674,-110.31461887016503
703,2,2025-07-03 16:20:59,2025-07-03 16:30:53.718489,24.12919295209637,-110.30843613862686,24.14536886382231,-110.30006859267073
704,17,2025-07-03 16:21:27,2025-07-03 16:31:40.913916,24.131451615962472,-110.32348659210822,24.146431251289407,-110.30894820701171
705,13,2025-07-03 16:22:04,2025-07-03 16:32:06.305607,24.1299510372196,-110.3179380484236,24.138939607739715,-110.30139020896905
706,20,2025-07-03 16:24:38,2025-07-03 16:39:03.406618,24.147748218913893,-110.29935426122582,24.135035991553178,-110.31298735921607
707,20,2025-07-03 16:24:52,2025-07-03 16:39:23.866103,24.147748218913893,-110.29935426122582,24.133384238791894,-110.33294205888191
708,2,2025-07-03 16:24:14,2025-07-03 16:39:32.791323,24.12919295209637,-110.30843613862686,24.15497681225977,-110.31282990824968
709,16,2025-07-03 16:25:12,2025-07-03 16:38:20.567705,24.13661247276418,-110.30150726021985,24.131109142412672,-110.32176555933026
710,10,2025-07-03 16:25:40,2025-07-03 16:40:12.191429,24.129774332166285,-110.3269074937901,24.1461892476687,-110.30465747716354
711,21,2025-07-03 16:27:19,2025-07-03 16:40:07.051320,24.144872215792645,-110.32081765205396,24.156134543692463,-110.30603890089978
712,2,2025-07-03 16:27:07,2025-07-03 16:40:11.540190,24.12919295209637,-110.30843613862686,24.151891468483065,-110.30354000234257
713,17,2025-07-03 16:27:01,2025-07-03 16:42:09.574592,24.131451615962472,-110.32348659210822,24.149187065095727,-110.29703473716714
714,17,2025-07-03 16:27:28,2025-07-03 16:42:26.746061,24.131451615962472,-110.32348659210822,24.142112691489473,-110.30106818659834
715,7,2025-07-03 16:28:33,2025-07-03 16:36:20.401757,24.148183327575858,-110.30262459951864,24.1393876316492,-110.32945587337727
716,13,2025-07-03 16:28:19,2025-07-03 16:42:18.081908,24.1299510372196,-110.3179380484236,24.152908964770656,-110.31165907038907
717,4,2025-07-03 16:30:15,2025-07-03 16:41:39.952843,24.127392474130485,-110.31706979271745,24.15267935345057,-110.30689269770981
718,12,2025-07-03 16:30:42,2025-07-03 16:45:07.941631,24.145106324785893,-110.30204570898285,24.134399786694797,-110.32532131664527
719,16,2025-07-03 16:32:56,2025-07-03 16:47:51.267229,24.13661247276418,-110.30150726021985,24.150576104687378,-110.31323523905026
720,13,2025-07-03 16:32:34,2025-07-03 16:42:40.688684,24.1299510372196,-110.3179380484236,24.14442185802545,-110.29867394874323
721,20,2025-07-03 16:32:16,2025-07-03 16:41:03.098717,24.147748218913893,-110.29935426122582,24.131360345000576,-110.32180319377542
722,17,2025-07-03 16:33:12,2025-07-03 16:45:29.733179,24.131451615962472,-110.32348659210822,24.140387735155397,-110.30518318467523
723,15,2025-07-03 16:33:21,2025-07-03 16:46:23.988565,24.131306102278938,-110.32333616519577,24.14910292875037,-110.305573091714
724,14,2025-07-03 16:33:50,2025-07-03 16:46:17.714851,24.15170827353591,-110.3128095952917,24.135236935643174,-110.30348845166456
725,0,2025-07-03 16:35:01,2025-07-03 16:47:44.005772,24.150277490122807,-110.3121193752678,24.13843279750625,-110.32682129552865
726,20,2025-07-03 16:35:24,2025-07-03 16:45:35.155904,24.147748218913893,-110.29935426122582,24.136297413535523,-110.31411103015962
727,1,2025-07-03 16:36:36,2025-07-03 16:47:14.687110,24.13176809355878,-110.31428807129782,24.155155804776413,-110.30887363724773
728,17,2025-07-03 16:36:41,2025-07-03 16:47:48.966234,24.131451615962472,-110.32348659210822,24.13418471901314,-110.30409856189041
729,9,2025-07-03 16:36:22,2025-07-03 16:50:46.961503,24.14119117471582,-110.30079340133237,24.1271450267399,-110.31299577516899
730,9,2025-07-03 16:36:47,2025-07-03 16:52:22.458945,24.14119117471582,-110.30079340133237,24.139082471483835,-110.3192560646128
731,0,2025-07-03 16:36:17,2025-07-03 16:44:03.378015,24.150277490122807,-110.3121193752678,24.132892573516454,-110.32105564535242
732,23,2025-07-03 16:37:44,2025-07-03 16:54:21.206699,24.134561147288878,-110.32788662820818,24.144363599137577,-110.3030551091335
733,20,2025-07-03 16:37:01,2025-07-03 16:52:53.758187,24.147748218913893,-110.29935426122582,24.14048818070476,-110.31766767132328
734,11,2025-07-03 16:37:41,2025-07-03 16:50:20.646333,24.134884034642383,-110.31012277961037,24.137203635915913,-110.31130412828607
735,15,2025-07-03 16:37:46,2025-07-03 16:51:34.128195,24.131306102278938,-110.32333616519577,24.150101314682267,-110.3038190570356
736,10,2025-07-03 16:38:31,2025-07-03 16:48:03.521912,24.129774332166285,-110.3269074937901,24.14510111929681,-110.31472700862474
737,23,2025-07-03 16:38:27,2025-07-03 16:48:11.971332,24.134561147288878,-110.32788662820818,24.153506553538477,-110.31339771899033
738,3,2025-07-03 16:38:37,2025-07-03 16:46:55.427802,24.14285231984407,-110.32451362805041,24.13868118582372,-110.30649993444416
739,10,2025-07-03 16:38:06,2025-07-03 16:49:01.287528,24.129774332166285,-110.3269074937901,24.14253596650985,-110.31140263005456
740,20,2025-07-03 16:39:41,2025-07-03 16:49:34.951242,24.147748218913893,-110.29935426122582,24.136254607382657,-110.32077906216378
741,8,2025-07-03 16:40:51,2025-07-03 16:51:30.784066,24.13432328664966,-110.32720613045257,24.14810015316189,-110.31245254509406
742,14,2025-07-03 16:40:28,2025-07-03 16:54:26.531919,24.15170827353591,-110.3128095952917,24.136780421000033,-110.32939446733836
743,23,2025-07-03 16:41:58,2025-07-03 16:54:51.623711,24.134561147288878,-110.32788662820818,24.12990825670795,-110.30850966649139
744,7,2025-07-03 16:42:08,2025-07-03 16:53:55.895022,24.148183327575858,-110.30262459951864,24.13033608202744,-110.31010797921466
745,1,2025-07-03 16:43:51,2025-07-03 16:57:43.581560,24.13176809355878,-110.31428807129782,24.15836627542996,-110.31056598657499
746,11,2025-07-03 16:44:04,2025-07-03 17:00:57.384531,24.134884034642383,-110.31012277961037,24.137512388256226,-110.31109131121168
747,20,2025-07-03 16:44:41,2025-07-03 16:59:49.936741,24.147748218913893,-110.29935426122582,24.131252380023028,-110.31308525264718
748,18,2025-07-03 16:44:17,2025-07-03 16:56:49.050210,24.133988098825625,-110.31359765519944,24.154457630444195,-110.31073885441623
749,16,2025-07-03 16:45:31,2025-07-03 16:57:03.004430,24.13661247276418,-110.30150726021985,24.15562459985445,-110.30493962115804
750,8,2025-07-03 16:45:27,2025-07-03 16:54:17.957412,24.13432328664966,-110.32720613045257,24.15428352707855,-110.30708276028209
751,6,2025-07-03 16:46:29,2025-07-03 16:57:54.246367,24.13364467115009,-110.30566340731718,24.143418203775305,-110.32153098454995
752,3,2025-07-03 16:46:37,2025-07-03 17:01:28.485237,24.14285231984407,-110.32451362805041,24.134122519483505,-110.30868379458173
753,7,2025-07-03 16:46:10,2025-07-03 17:00:03.990855,24.148183327575858,-110.30262459951864,24.14423482295897,-110.32417948264464
754,23,2025-07-03 16:47:27,2025-07-03 16:59:23.804691,24.134561147288878,-110.32788662820818,24.133946402765336,-110.30580582389334
755,17,2025-07-03 16:47:18,2025-07-03 16:52:18.000000,24.131451615962472,-110.32348659210822,24.141860863902306,-110.30689117743795
756,2,2025-07-03 16:48:24,2025-07-03 16:59:56.831683,24.12919295209637,-110.30843613862686,24.15558307172977,-110.30585187593897
757,10,2025-07-03 16:48:55,2025-07-03 17:01:07.648629,24.129774332166285,-110.3269074937901,24.14468600861833,-110.31519268580661
758,5,2025-07-03 16:48:14,2025-07-03 17:02:17.348637,24.14128897181552,-110.31463390889023,24.143830233304826,-110.31663397192862
759,24,2025-07-03 16:48:45,2025-07-03 17:03:42.466010,24.14128818256923,-110.32032635915687,24.143148544328817,-110.2981562851526
760,7,2025-07-03 16:48:53,2025-07-03 17:01:35.886161,24.148183327575858,-110.30262459951864,24.126555223368683,-110.3122263185343
761,23,2025-07-03 16:49:43,2025-07-03 17:03:23.448693,24.134561147288878,-110.32788662820818,24.14860040078337,-110.30124380643812
762,10,2025-07-03 16:49:41,2025-07-03 17:01:28.607689,24.129774332166285,-110.3269074937901,24.13974979431681,-110.3085318435834
763,14,2025-07-03 16:49:19,2025-07-03 17:03:29.418646,24.15170827353591,-110.3128095952917,24.13433253231662,-110.32041282588585
764,16,2025-07-03 16:50:21,2025-07-03 17:00:57.940732,24.13661247276418,-110.30150726021985,24.154915621317237,-110.30443952158625
765,17,2025-07-03 16:50:56,2025-07-03 17:04:15.620636,24.131451615962472,-110.32348659210822,24.1440312272242,-110.30820532905237
766,2,2025-07-03 16:50:30,2025-07-03 17:00:42.639227,24.12919295209637,-110.30843613862686,24.148521085835647,-110.32038525101584
767,4,2025-07-03 16:50:36,2025-07-03 17:01:44.066600,24.127392474130485,-110.31706979271745,24.14793233081281,-110.30918815410804
768,16,2025-07-03 16:50:32,2025-07-03 16:55:32.000000,24.13661247276418,-110.30150726021985,24.1325401424544,-110.32147639276796
769,15,2025-07-03 16:51:59,2025-07-03 17:04:37.589299,24.131306102278938,-110.32333616519577,24.154407231343164,-110.30857439958336
770,23,2025-07-03 16:51:13,2025-07-03 17:00:19.889350,24.134561147288878,-110.32788662820818,24.146415915868737,-110.29761797026299
771,10,2025-07-03 16:52:53,2025-07-03 17:04:15.000839,24.129774332166285,-110.3269074937901,24.135473120929177,-110.3097785912781
772,8,2025-07-03 16:52:00,2025-07-03 17:01:42.431688,24.13432328664966,-110.32720613045257,24.140825400818557,-110.30037081116953
773,16,2025-07-03 16:52:24,2025-07-03 17:06:31.060569,24.13661247276418,-110.30150726021985,24.137448671789677,-110.3217051937546
774,15,2025-07-03 16:52:40,2025-07-03 17:07:01.453008,24.131306102278938,-110.32333616519577,24.155046333278012,-110.30792674716291
775,23,2025-07-03 16:52:36,2025-07-03 17:06:55.459319,24.134561147288878,-110.32788662820818,24.148684268447564,-110.31075297883831
776,10,2025-07-03 16:52:57,2025-07-03 17:09:56.466907,24.129774332166285,-110.3269074937901,24.150968479816516,-110.31688372177547
777,2,2025-07-03 16:53:20,2025-07-03 17:04:19.678396,24.12919295209637,-110.30843613862686,24.139299960231344,-110.32365507998347
778,8,2025-07-03 16:53:37,2025-07-03 17:06:39.751422,24.13432328664966,-110.32720613045257,24.135092606144063,-110.30385385198863
779,8,2025-07-03 16:53:39,2025-07-03 17:07:39.545680,24.13432328664966,-110.32720613045257,24.13070307285233,-110.30893568996936
780,7,2025-07-03 16:53:11,2025-07-03 17:07:12.941531,24.148183327575858,-110.30262459951864,24.132077430626186,-110.31790690150001
781,14,2025-07-03 16:53:51,2025-07-03 17:00:22.347114,24.15170827353591,-110.3128095952917,24.129100505975433,-110.31046622102467
782,16,2025-07-03 16:53:30,2025-07-03 17:00:34.315825,24.13661247276418,-110.30150726021985,24.14004412142219,-110.32056118509736
783,0,2025-07-03 16:53:09,2025-07-03 16:58:09.000000,24.150277490122807,-110.3121193752678,24.129126001491617,-110.32521214506032
784,8,2025-07-03 16:54:15,2025-07-03 17:07:08.490104,24.13432328664966,-110.32720613045257,24.143979639867325,-110.30073675051625
785,14,2025-07-03 16:54:57,2025-07-03 17:02:55.099714,24.15170827353591,-110.3128095952917,24.130696014653378,-110.32608179358809
786,4,2025-07-03 16:55:46,2025-07-03 17:11:56.474595,24.127392474130485,-110.31706979271745,24.140231873642822,-110.30202316515887
787,12,2025-07-03 16:55:00,2025-07-03 17:12:00.571908,24.145106324785893,-110.30204570898285,24.140386075724624,-110.3273686602544
788,18,2025-07-03 16:55:34,2025-07-03 17:05:44.497090,24.133988098825625,-110.31359765519944,24.132111063185604,-110.33204442346702
789,15,2025-07-03 16:55:42,2025-07-03 17:08:00.460082,24.131306102278938,-110.32333616519577,24.14488241930235,-110.30200949095496
790,21,2025-07-03 16:55:15,2025-07-03 17:07:41.190617,24.144872215792645,-110.32081765205396,24.142588935172345,-110.29807491027378
791,8,2025-07-03 16:55:55,2025-07-03 17:07:04.256723,24.13432328664966,-110.32720613045257,24.15043204561298,-110.31624455847748
792,20,2025-07-03 16:56:12,2025-07-03 17:12:16.969341,24.147748218913893,-110.29935426122582,24.13831911503559,-110.32646090803425
793,14,2025-07-03 16:56:07,2025-07-03 17:05:44.722375,24.15170827353591,-110.3128095952917,24.128294294860943,-110.32280834630275
794,20,2025-07-03 16:57:30,2025-07-03 17:06:00.282226,24.147748218913893,-110.29935426122582,24.13295700874657,-110.31416026884011
795,4,2025-07-03 16:57:00,2025-07-03 17:08:42.843145,24.127392474130485,-110.31706979271745,24.144248114531344,-110.30658308515703
796,16,2025-07-03 16:57:36,2025-07-03 17:09:46.078969,24.13661247276418,-110.30150726021985,24.13448355556887,-110.32739956316271
797,16,2025-07-03 16:58:43,2025-07-03 17:12:15.100012,24.13661247276418,-110.30150726021985,24.132383824404762,-110.32437054457095
798,1,2025-07-03 16:58:17,2025-07-03 17:14:15.958880,24.13176809355878,-110.31428807129782,24.156039729005105,-110.31142076254983
799,18,2025-07-03 16:58:16,2025-07-03 17:10:19.065875,24.133988098825625,-110.31359765519944,24.150448897195872,-110.29859534528099
800,20,2025-07-03 16:58:19,2025-07-03 17:10:18.386016,24.147748218913893,-110.29935426122582,24.14032531200276,-110.32539134470451
801,10,2025-07-03 16:58:34,2025-07-03 17:09:55.752329,24.129774332166285,-110.3269074937901,24.148097616888723,-110.31489973104775
802,6,2025-07-03 16:59:15,2025-07-03 17:10:45.123249,24.13364467115009,-110.30566340731718,24.144968018063558,-110.32305367137101
803,2,2025-07-03 16:59:35,2025-07-03 17:11:01.233772,24.12919295209637,-110.30843613862686,24.147554824500368,-110.31565286602918
804,14,2025-07-03 16:59:28,2025-07-03 17:07:20.495486,24.15170827353591,-110.3128095952917,24.13490793007414,-110.3039920789475
805,9,2025-07-03 16:59:37,2025-07-03 17:13:40.239365,24.14119117471582,-110.30079340133237,24.131027707117067,-110.32970668307478
806,5,2025-07-03 17:00:29,2025-07-03 17:11:29.420934,24.14128897181552,-110.31463390889023,24.142956212287693,-110.31462768791104
807,5,2025-07-03 17:00:16,2025-07-03 17:10:39.176213,24.14128897181552,-110.31463390889023,24.140819808125713,-110.31428549027574
808,21,2025-07-03 17:00:02,2025-07-03 17:08:56.919936,24.144872215792645,-110.32081765205396,24.143969355274585,-110.30146750869821
809,1,2025-07-03 17:01:18,2025-07-03 17:15:01.533183,24.13176809355878,-110.31428807129782,24.149910672059487,-110.31709039171089
810,3,2025-07-03 17:01:56,2025-07-03 17:11:43.914703,24.14285231984407,-110.32451362805041,24.135904820259658,-110.30604649452403
811,14,2025-07-03 17:01:14,2025-07-03 17:08:35.057124,24.15170827353591,-110.3128095952917,24.133433996070632,-110.3094804996724
812,17,2025-07-03 17:02:28,2025-07-03 17:16:03.848743,24.131451615962472,-110.32348659210822,24.147112180846985,-110.2989087892865
813,12,2025-07-03 17:02:25,2025-07-03 17:14:39.725567,24.145106324785893,-110.30204570898285,24.13045530795858,-110.31897673664267
814,3,2025-07-03 17:02:20,2025-07-03 17:14:57.783810,24.14285231984407,-110.32451362805041,24.130182210962015,-110.31056479951788
815,23,2025-07-03 17:05:34,2025-07-03 17:17:22.686370,24.134561147288878,-110.32788662820818,24.15304652875049,-110.31174224122155
816,17,2025-07-03 17:05:21,2025-07-03 17:15:37.606952,24.131451615962472,-110.32348659210822,24.154029093332973,-110.30845390883826
817,20,2025-07-03 17:05:13,2025-07-03 17:13:17.138231,24.147748218913893,-110.29935426122582,24.138451187304362,-110.31668763659783
818,23,2025-07-03 17:05:51,2025-07-03 17:15:10.216470,24.134561147288878,-110.32788662820818,24.140590630203413,-110.31027933912077
819,12,2025-07-03 17:05:20,2025-07-03 17:16:57.289391,24.145106324785893,-110.30204570898285,24.135844738353306,-110.32334821065925
820,0,2025-07-03 17:06:59,2025-07-03 17:14:14.368094,24.150277490122807,-110.3121193752678,24.13654769416798,-110.32557434699895
821,19,2025-07-03 17:06:15,2025-07-03 17:21:38.565463,24.138572185098703,-110.31375032971341,24.158478242737235,-110.30905910025432
822,8,2025-07-03 17:06:08,2025-07-03 17:18:18.356488,24.13432328664966,-110.32720613045257,24.13736570229807,-110.30926017902377
823,9,2025-07-03 17:06:21,2025-07-03 17:18:58.040885,24.14119117471582,-110.30079340133237,24.148670241617154,-110.31937241125686
824,10,2025-07-03 17:07:20,2025-07-03 17:18:47.325977,24.129774332166285,-110.3269074937901,24.147073599398336,-110.30691063523257
825,8,2025-07-03 17:07:52,2025-07-03 17:14:33.486393,24.13432328664966,-110.32720613045257,24.147102110486433,-110.30737514710731
826,14,2025-07-03 17:08:27,2025-07-03 17:18:53.722771,24.15170827353591,-110.3128095952917,24.13282900921136,-110.3225737626643
827,14,2025-07-03 17:08:10,2025-07-03 17:19:13.763102,24.15170827353591,-110.3128095952917,24.130204474829572,-110.31206483411579
828,1,2025-07-03 17:09:53,2025-07-03 17:26:19.812637,24.13176809355878,-110.31428807129782,24.14890672055395,-110.29758999736048
829,20,2025-07-03 17:09:02,2025-07-03 17:25:50.324351,24.147748218913893,-110.29935426122582,24.14465975676738,-110.32017748341522
830,20,2025-07-03 17:09:55,2025-07-03 17:22:35.422963,24.147748218913893,-110.29935426122582,24.135997853747046,-110.31770707934639
831,8,2025-07-03 17:10:01,2025-07-03 17:16:59.068723,24.13432328664966,-110.32720613045257,24.134284856483237,-110.30797824770947
832,15,2025-07-03 17:10:35,2025-07-03 17:24:04.234892,24.131306102278938,-110.32333616519577,24.153801613174114,-110.31317875857486
833,17,2025-07-03 17:11:45,2025-07-03 17:22:08.977646,24.131451615962472,-110.32348659210822,24.151152647668486,-110.30338284438217
834,6,2025-07-03 17:11:59,2025-07-03 17:20:06.509269,24.13364467115009,-110.30566340731718,24.151621237509325,-110.31149052304276
835,3,2025-07-03 17:11:15,2025-07-03 17:22:13.393470,24.14285231984407,-110.32451362805041,24.146661806693306,-110.2967254695329
836,23,2025-07-03 17:11:23,2025-07-03 17:25:02.682426,24.134561147288878,-110.32788662820818,24.146220292094796,-110.30908523773088
837,9,2025-07-03 17:11:35,2025-07-03 17:24:58.028621,24.14119117471582,-110.30079340133237,24.1388575472942,-110.32447630479808
838,19,2025-07-03 17:11:47,2025-07-03 17:24:23.623159,24.138572185098703,-110.31375032971341,24.137170722051458,-110.31370778440655
839,7,2025-07-03 17:11:14,2025-07-03 17:21:55.370571,24.148183327575858,-110.30262459951864,24.13379155936572,-110.332189841724
840,20,2025-07-03 17:12:02,2025-07-03 17:23:23.362527,24.147748218913893,-110.29935426122582,24.141235439401836,-110.32651091649208
841,20,2025-07-03 17:12:52,2025-07-03 17:26:40.943809,24.147748218913893,-110.29935426122582,24.141050466179603,-110.31915082119797
842,23,2025-07-03 17:13:08,2025-07-03 17:22:46.482219,24.134561147288878,-110.32788662820818,24.132646578684952,-110.3067136136922
843,16,2025-07-03 17:13:43,2025-07-03 17:25:54.939720,24.13661247276418,-110.30150726021985,24.143044606529518,-110.32455478717391
844,4,2025-07-03 17:13:14,2025-07-03 17:26:08.598529,24.127392474130485,-110.31706979271745,24.148741192567442,-110.30328156013697
845,20,2025-07-03 17:14:23,2025-07-03 17:24:48.249747,24.147748218913893,-110.29935426122582,24.135786857743522,-110.31550620540041
846,16,2025-07-03 17:14:05,2025-07-03 17:26:21.063831,24.13661247276418,-110.30150726021985,24.15026053624832,-110.31860019311537
847,14,2025-07-03 17:14:34,2025-07-03 17:30:54.703682,24.15170827353591,-110.3128095952917,24.133228327828373,-110.33316165574628
848,9,2025-07-03 17:15:21,2025-07-03 17:30:25.009988,24.14119117471582,-110.30079340133237,24.138776613726332,-110.32778078287328
849,8,2025-07-03 17:15:30,2025-07-03 17:24:49.211658,24.13432328664966,-110.32720613045257,24.14262130815334,-110.30461247387736
850,0,2025-07-03 17:16:58,2025-07-03 17:29:52.032986,24.150277490122807,-110.3121193752678,24.131244885200708,-110.31157927884261
851,3,2025-07-03 17:16:33,2025-07-03 17:34:47.118567,24.14285231984407,-110.32451362805041,24.1488508055124,-110.30720270997307
852,7,2025-07-03 17:16:19,2025-07-03 17:28:05.490563,24.148183327575858,-110.30262459951864,24.13904633431476,-110.32505063262656
853,10,2025-07-03 17:17:46,2025-07-03 17:23:47.140605,24.129774332166285,-110.3269074937901,24.151035036683847,-110.30699722122455
854,6,2025-07-03 17:17:34,2025-07-03 17:22:37.313182,24.13364467115009,-110.30566340731718,24.152480841736455,-110.30518942980878
855,23,2025-07-03 17:18:11,2025-07-03 17:26:38.129049,24.134561147288878,-110.32788662820818,24.147534533782924,-110.30109208894372
856,13,2025-07-03 17:19:40,2025-07-03 17:31:22.100145,24.1299510372196,-110.3179380484236,24.154883798055245,-110.31388673124792
857,23,2025-07-03 17:20:51,2025-07-03 17:31:44.081811,24.134561147288878,-110.32788662820818,24.14728075326493,-110.31040795553979
858,21,2025-07-03 17:20:51,2025-07-03 17:30:46.979780,24.144872215792645,-110.32081765205396,24.140358771218416,-110.30047342212096
859,14,2025-07-03 17:20:08,2025-07-03 17:31:40.173145,24.15170827353591,-110.3128095952917,24.132635737481614,-110.32146622411858
860,12,2025-07-03 17:20:47,2025-07-03 17:35:16.822815,24.145106324785893,-110.30204570898285,24.12784066692169,-110.3123777516628
861,18,2025-07-03 17:21:28,2025-07-03 17:38:53.693518,24.133988098825625,-110.31359765519944,24.153554611847508,-110.31338964952307
862,16,2025-07-03 17:21:44,2025-07-03 17:27:32.443851,24.13661247276418,-110.30150726021985,24.14439670486269,-110.32278520773309
863,9,2025-07-03 17:21:57,2025-07-03 17:29:57.554182,24.14119117471582,-110.30079340133237,24.129920297208777,-110.32191228582303
864,16,2025-07-03 17:21:40,2025-07-03 17:35:43.575817,24.13661247276418,-110.30150726021985,24.14778542815192,-110.31692700819109
865,20,2025-07-03 17:22:54,2025-07-03 17:29:31.803475,24.147748218913893,-110.29935426122582,24.13587841367843,-110.3142487586852
866,9,2025-07-03 17:22:54,2025-07-03 17:34:28.011949,24.14119117471582,-110.30079340133237,24.141910879872153,-110.32486070373784
867,23,2025-07-03 17:22:45,2025-07-03 17:34:05.265808,24.134561147288878,-110.32788662820818,24.150003011088295,-110.30631398136826
868,8,2025-07-03 17:22:33,2025-07-03 17:37:06.717098,24.13432328664966,-110.32720613045257,24.139147198083975,-110.306557632863
869,10,2025-07-03 17:22:39,2025-07-03 17:38:02.119776,24.129774332166285,-110.3269074937901,24.142996932116446,-110.3138425619035
870,23,2025-07-03 17:23:32,2025-07-03 17:35:43.996625,24.134561147288878,-110.32788662820818,24.144404131722776,-110.30731357100126
871,16,2025-07-03 17:23:40,2025-07-03 17:37:51.315153,24.13661247276418,-110.30150726021985,24.142532229103637,-110.32105128193122
872,14,2025-07-03 17:24:50,2025-07-03 17:36:14.895915,24.15170827353591,-110.3128095952917,24.12904676701967,-110.31971445225322
873,23,2025-07-03 17:24:06,2025-07-03 17:37:27.605593,24.134561147288878,-110.32788662820818,24.133823564638867,-110.30882511186952
874,2,2025-07-03 17:25:01,2025-07-03 17:34:23.837236,24.12919295209637,-110.30843613862686,24.15436187434175,-110.30910824118358
875,7,2025-07-03 17:25:26,2025-07-03 17:37:12.299597,24.148183327575858,-110.30262459951864,24.137366692875826,-110.32719635919221
876,23,2025-07-03 17:25:26,2025-07-03 17:35:44.368646,24.134561147288878,-110.32788662820818,24.142854848409197,-110.29685907089977
877,14,2025-07-03 17:25:39,2025-07-03 17:37:12.646453,24.15170827353591,-110.3128095952917,24.132820991816395,-110.30678851794158
878,2,2025-07-03 17:27:33,2025-07-03 17:37:24.546292,24.12919295209637,-110.30843613862686,24.153112705445878,-110.30191678507991
879,21,2025-07-03 17:27:51,2025-07-03 17:44:02.291691,24.144872215792645,-110.32081765205396,24.133630057844474,-110.30591338167311
880,19,2025-07-03 17:27:15,2025-07-03 17:41:11.222720,24.138572185098703,-110.31375032971341,24.139170917855047,-110.31337864155132
881,21,2025-07-03 17:28:48,2025-07-03 17:36:31.243869,24.144872215792645,-110.32081765205396,24.132112419933367,-110.30517089453727
882,4,2025-07-03 17:28:43,2025-07-03 17:38:07.587565,24.127392474130485,-110.31706979271745,24.14625516510981,-110.31174513320836
883,2,2025-07-03 17:28:09,2025-07-03 17:33:41.575835,24.12919295209637,-110.30843613862686,24.14174329979728,-110.32227850612466
884,1,2025-07-03 17:28:30,2025-07-03 17:39:07.850981,24.13176809355878,-110.31428807129782,24.142722161298256,-110.29907007498002
885,16,2025-07-03 17:29:45,2025-07-03 17:48:05.264707,24.13661247276418,-110.30150726021985,24.144797020064853,-110.3195747437879
886,7,2025-07-03 17:29:23,2025-07-03 17:46:59.805215,24.148183327575858,-110.30262459951864,24.13525964877199,-110.31939895284216
887,10,2025-07-03 17:29:58,2025-07-03 17:43:58.300450,24.129774332166285,-110.3269074937901,24.13797766863275,-110.30969069465345
888,13,2025-07-03 17:29:51,2025-07-03 17:42:48.368192,24.1299510372196,-110.3179380484236,24.15114407287207,-110.30413014039243
889,0,2025-07-03 17:29:31,2025-07-03 17:43:01.505897,24.150277490122807,-110.3121193752678,24.1294526419622,-110.32416789663061
890,6,2025-07-03 17:30:02,2025-07-03 17:39:27.826827,24.13364467115009,-110.30566340731718,24.14509561361348,-110.32098552277792
891,2,2025-07-03 17:30:06,2025-07-03 17:40:22.188425,24.12919295209637,-110.30843613862686,24.143139206630167,-110.32036138258671
892,5,2025-07-03 17:30:46,2025-07-03 17:41:14.202886,24.14128897181552,-110.31463390889023,24.14266172038016,-110.31470758577589
893,15,2025-07-03 17:30:03,2025-07-03 17:39:22.634015,24.131306102278938,-110.32333616519577,24.15082182797221,-110.30706564887763
894,2,2025-07-03 17:30:50,2025-07-03 17:44:46.210315,24.12919295209637,-110.30843613862686,24.149128013965598,-110.30318995238888
895,14,2025-07-03 17:30:38,2025-07-03 17:41:05.785738,24.15170827353591,-110.3128095952917,24.132789738043797,-110.31300153004038
896,4,2025-07-03 17:31:48,2025-07-03 17:45:27.113376,24.127392474130485,-110.31706979271745,24.1449978378242,-110.29636710445975
897,4,2025-07-03 17:31:33,2025-07-03 17:43:53.320339,24.127392474130485,-110.31706979271745,24.146776161203793,-110.32057594415723
898,10,2025-07-03 17:31:54,2025-07-03 17:43:08.741002,24.129774332166285,-110.3269074937901,24.14796241916487,-110.30149497217758
899,10,2025-07-03 17:31:49,2025-07-03 17:45:16.089105,24.129774332166285,-110.3269074937901,24.140395062667398,-110.31165066211396
900,23,2025-07-03 17:32:03,2025-07-03 17:43:51.741398,24.134561147288878,-110.32788662820818,24.154197745840353,-110.31254364971933
901,2,2025-07-03 17:32:21,2025-07-03 17:42:42.274159,24.12919295209637,-110.30843613862686,24.149695751531027,-110.3074808600578
902,7,2025-07-03 17:32:44,2025-07-03 17:39:50.670997,24.148183327575858,-110.30262459951864,24.130150259613664,-110.31042318169722
903,20,2025-07-03 17:34:59,2025-07-03 17:46:47.086574,24.147748218913893,-110.29935426122582,24.14006920549422,-110.31702580228412
904,15,2025-07-03 17:34:34,2025-07-03 17:46:23.703220,24.131306102278938,-110.32333616519577,24.14830761281164,-110.30742227951636
905,15,2025-07-03 17:34:55,2025-07-03 17:43:46.596775,24.131306102278938,-110.32333616519577,24.14158514225289,-110.30833843454953
906,12,2025-07-03 17:34:14,2025-07-03 17:45:57.343022,24.145106324785893,-110.30204570898285,24.136289059727346,-110.32705558858508
907,22,2025-07-03 17:34:28,2025-07-03 17:46:09.969987,24.146193208009095,-110.31344489650564,24.133356757366922,-110.32680303518983
908,23,2025-07-03 17:34:11,2025-07-03 17:42:49.695851,24.134561147288878,-110.32788662820818,24.128648286303278,-110.31047879243746
909,21,2025-07-03 17:34:49,2025-07-03 17:48:37.446910,24.144872215792645,-110.32081765205396,24.12989338386882,-110.30734273610723
910,15,2025-07-03 17:34:09,2025-07-03 17:48:26.833581,24.131306102278938,-110.32333616519577,24.15203548756155,-110.3139760475223
911,14,2025-07-03 17:34:59,2025-07-03 17:44:36.553159,24.15170827353591,-110.3128095952917,24.13051259214645,-110.31713116951896
912,14,2025-07-03 17:35:49,2025-07-03 17:49:02.781776,24.15170827353591,-110.3128095952917,24.131520522966635,-110.3118067407223
913,10,2025-07-03 17:35:39,2025-07-03 17:50:44.391904,24.129774332166285,-110.3269074937901,24.147993556802476,-110.30247702421966
914,16,2025-07-03 17:35:34,2025-07-03 17:49:07.330053,24.13661247276418,-110.30150726021985,24.13823821921649,-110.3292680814399
915,20,2025-07-03 17:36:36,2025-07-03 17:45:59.611151,24.147748218913893,-110.29935426122582,24.13384760693962,-110.31530792350111
916,13,2025-07-03 17:36:46,2025-07-03 17:50:38.524832,24.1299510372196,-110.3179380484236,24.14814610088875,-110.31411420608251
917,20,2025-07-03 17:36:47,2025-07-03 17:46:19.213107,24.147748218913893,-110.29935426122582,24.131695917503073,-110.32982019530345
918,0,2025-07-03 17:37:14,2025-07-03 17:49:47.392739,24.150277490122807,-110.3121193752678,24.12962212353214,-110.3197473214238
919,13,2025-07-03 17:37:49,2025-07-03 17:48:44.678207,24.1299510372196,-110.3179380484236,24.15082510837381,-110.30792666381164
920,12,2025-07-03 17:37:13,2025-07-03 17:42:35.482241,24.145106324785893,-110.30204570898285,24.13263486146649,-110.31788563299865
921,23,2025-07-03 17:38:40,2025-07-03 17:52:52.089306,24.134561147288878,-110.32788662820818,24.13445587690213,-110.30946300194871
922,20,2025-07-03 17:38:14,2025-07-03 17:51:31.334216,24.147748218913893,-110.29935426122582,24.13754008920364,-110.3187970165237
923,14,2025-07-03 17:38:20,2025-07-03 17:53:12.565467,24.15170827353591,-110.3128095952917,24.13004180466367,-110.32287872759699
924,23,2025-07-03 17:38:45,2025-07-03 17:47:38.992802,24.134561147288878,-110.32788662820818,24.144303725561194,-110.30335151243457
925,23,2025-07-03 17:38:10,2025-07-03 17:49:23.607248,24.134561147288878,-110.32788662820818,24.144599327793543,-110.30601612552701
926,3,2025-07-03 17:38:38,2025-07-03 17:53:21.106873,24.14285231984407,-110.32451362805041,24.144845558756618,-110.30600136258386
927,6,2025-07-03 17:39:17,2025-07-03 17:54:53.473720,24.13364467115009,-110.30566340731718,24.152077574912713,-110.31265743949027
928,2,2025-07-03 17:39:08,2025-07-03 17:52:28.467222,24.12919295209637,-110.30843613862686,24.149704164949764,-110.3019608004406
929,14,2025-07-03 17:39:53,2025-07-03 17:57:37.583264,24.15170827353591,-110.3128095952917,24.131370040568218,-110.31506306292911
930,20,2025-07-03 17:39:19,2025-07-03 17:52:00.323396,24.147748218913893,-110.29935426122582,24.128961387997567,-110.3176618942975
931,10,2025-07-03 17:40:39,2025-07-03 17:48:51.445209,24.129774332166285,-110.3269074937901,24.15068221962794,-110.31166166421042
932,7,2025-07-03 17:40:41,2025-07-03 18:00:50.817800,24.148183327575858,-110.30262459951864,24.138770351327313,-110.32015834756508
933,1,2025-07-03 17:40:23,2025-07-03 17:49:38.937631,24.13176809355878,-110.31428807129782,24.152913361819085,-110.31131628972649
934,8,2025-07-03 17:40:51,2025-07-03 17:53:14.647483,24.13432328664966,-110.32720613045257,24.145199342774298,-110.31237669242495
935,9,2025-07-03 17:40:13,2025-07-03 17:53:28.447217,24.14119117471582,-110.30079340133237,24.12738764555871,-110.31607989508892
936,6,2025-07-03 17:41:27,2025-07-03 17:59:04.740595,24.13364467115009,-110.30566340731718,24.14699759362805,-110.32022660249376
937,9,2025-07-03 17:41:30,2025-07-03 17:47:22.208647,24.14119117471582,-110.30079340133237,24.14190123531999,-110.31996117081516
938,20,2025-07-03 17:42:31,2025-07-03 17:52:16.670312,24.147748218913893,-110.29935426122582,24.12925000217653,-110.32011807488931
939,2,2025-07-03 17:42:34,2025-07-03 18:00:39.697634,24.12919295209637,-110.30843613862686,24.148634742603317,-110.29567470979356
940,17,2025-07-03 17:44:09,2025-07-03 17:56:18.218892,24.131451615962472,-110.32348659210822,24.141988548702663,-110.29713847446571
941,22,2025-07-03 17:45:51,2025-07-03 17:57:25.817596,24.146193208009095,-110.31344489650564,24.129144197357267,-110.31974037198125
942,16,2025-07-03 17:45:41,2025-07-03 18:01:00.184391,24.13661247276418,-110.30150726021985,24.132050947215,-110.33031786725958
943,15,2025-07-03 17:45:16,2025-07-03 17:59:22.618380,24.131306102278938,-110.32333616519577,24.15143494276899,-110.29892223156351
944,6,2025-07-03 17:45:47,2025-07-03 17:54:30.775535,24.13364467115009,-110.30566340731718,24.13167594559316,-110.32401440748055
945,12,2025-07-03 17:45:11,2025-07-03 18:00:09.270962,24.145106324785893,-110.30204570898285,24.13316877569217,-110.32623661025256
946,10,2025-07-03 17:45:46,2025-07-03 17:55:14.345228,24.129774332166285,-110.3269074937901,24.142303670546212,-110.2991598451317
947,9,2025-07-03 17:45:44,2025-07-03 17:53:41.992151,24.14119117471582,-110.30079340133237,24.140021632864265,-110.32366355477427
948,23,2025-07-03 17:46:34,2025-07-03 18:03:02.245563,24.134561147288878,-110.32788662820818,24.153818701227795,-110.30930879615458
949,4,2025-07-03 17:46:36,2025-07-03 18:00:49.741087,24.127392474130485,-110.31706979271745,24.145108748494934,-110.31355061092854
950,16,2025-07-03 17:46:21,2025-07-03 18:01:32.597685,24.13661247276418,-110.30150726021985,24.14352079124118,-110.32318455749463
951,6,2025-07-03 17:47:59,2025-07-03 18:07:46.398110,24.13364467115009,-110.30566340731718,24.14874234241198,-110.31908059501967
952,8,2025-07-03 17:47:30,2025-07-03 18:03:19.622328,24.13432328664966,-110.32720613045257,24.144298275846847,-110.30766346128284
953,20,2025-07-03 17:50:24,2025-07-03 18:01:40.542516,24.147748218913893,-110.29935426122582,24.132900934855982,-110.31048701375671
954,23,2025-07-03 17:51:43,2025-07-03 18:06:45.191822,24.134561147288878,-110.32788662820818,24.14869986460553,-110.31382522672453
955,20,2025-07-03 17:52:10,2025-07-03 18:05:56.947105,24.147748218913893,-110.29935426122582,24.138561449701502,-110.32849903144749
956,21,2025-07-03 17:54:20,2025-07-03 18:05:53.487995,24.144872215792645,-110.32081765205396,24.127192645603255,-110.309444661663
957,10,2025-07-03 17:54:14,2025-07-03 18:11:44.616750,24.129774332166285,-110.3269074937901,24.141610372400677,-110.3126345594805
958,14,2025-07-03 17:55:28,2025-07-03 18:10:21.781051,24.15170827353591,-110.3128095952917,24.13212405227447,-110.32351202155475
959,17,2025-07-03 17:55:11,2025-07-03 18:04:22.161952,24.131451615962472,-110.32348659210822,24.146013704283153,-110.29832258718112
960,9,2025-07-03 17:56:57,2025-07-03 18:09:10.111083,24.14119117471582,-110.30079340133237,24.13529087702401,-110.32584145133814
961,8,2025-07-03 17:56:26,2025-07-03 18:03:34.180333,24.13432328664966,-110.32720613045257,24.144616001274997,-110.30881771201899
962,19,2025-07-03 17:56:53,2025-07-03 18:09:29.294885,24.138572185098703,-110.31375032971341,24.13839749810057,-110.31236054621212
963,19,2025-07-03 17:57:23,2025-07-03 18:14:58.673356,24.138572185098703,-110.31375032971341,24.139692139246616,-110.31386441648398
964,20,2025-07-03 17:57:53,2025-07-03 18:16:01.712233,24.147748218913893,-110.29935426122582,24.136653299464438,-110.3278915599051
965,9,2025-07-03 17:58:41,2025-07-03 18:10:06.041496,24.14119117471582,-110.30079340133237,24.136216506110813,-110.32269332755276
966,9,2025-07-03 17:59:06,2025-07-03 18:06:10.451755,24.14119117471582,-110.30079340133237,24.13796398020888,-110.32372125581351
967,23,2025-07-03 17:59:58,2025-07-03 18:13:59.471491,24.134561147288878,-110.32788662820818,24.148928421239788,-110.30071561733021
968,19,2025-07-03 17:59:20,2025-07-03 18:12:10.148367,24.138572185098703,-110.31375032971341,24.14958483540005,-110.29657444161451
969,23,2025-07-03 17:59:32,2025-07-03 18:17:35.888612,24.134561147288878,-110.32788662820818,24.145380375450614,-110.31320145112696
970,15,2025-07-03 18:02:04,2025-07-03 18:15:18.837043,24.131306102278938,-110.32333616519577,24.152273121553826,-110.30282874792384
971,21,2025-07-03 18:04:28,2025-07-03 18:16:33.416370,24.144872215792645,-110.32081765205396,24.12842952362829,-110.31058233408672
972,17,2025-07-03 18:04:58,2025-07-03 18:19:46.871290,24.131451615962472,-110.32348659210822,24.149088252586623,-110.31450375603315
973,7,2025-07-03 18:05:29,2025-07-03 18:15:05.554326,24.148183327575858,-110.30262459951864,24.129586864288218,-110.32548235478693
974,20,2025-07-03 18:07:12,2025-07-03 18:22:21.329347,24.147748218913893,-110.29935426122582,24.1442718989928,-110.31708307941982
975,16,2025-07-03 18:07:40,2025-07-03 18:19:10.316500,24.13661247276418,-110.30150726021985,24.135699840273844,-110.32316223791986
976,12,2025-07-03 18:08:37,2025-07-03 18:17:22.839019,24.145106324785893,-110.30204570898285,24.12982773596633,-110.3251901675163
977,17,2025-07-03 18:10:36,2025-07-03 18:25:55.140691,24.131451615962472,-110.32348659210822,24.151647876798386,-110.30494692784961
978,16,2025-07-03 18:11:27,2025-07-03 18:20:09.900296,24.13661247276418,-110.30150726021985,24.128602221814003,-110.31918891422715
979,0,2025-07-03 18:11:20,2025-07-03 18:22:15.187607,24.150277490122807,-110.3121193752678,24.134911558910513,-110.33004138123351
980,18,2025-07-03 18:12:30,2025-07-03 18:24:32.074561,24.133988098825625,-110.31359765519944,24.145957734714905,-110.30003912195927
981,4,2025-07-03 18:13:44,2025-07-03 18:24:46.804646,24.127392474130485,-110.31706979271745,24.144674444232866,-110.2974584452899
982,15,2025-07-03 18:13:10,2025-07-03 18:23:55.256555,24.131306102278938,-110.32333616519577,24.152127765486085,-110.30035664349758
983,4,2025-07-03 18:14:25,2025-07-03 18:26:23.267554,24.127392474130485,-110.31706979271745,24.1542760428996,-110.31354297511041
984,14,2025-07-03 18:15:42,2025-07-03 18:28:04.425894,24.15170827353591,-110.3128095952917,24.130915796616556,-110.31990714255629
985,19,2025-07-03 18:15:50,2025-07-03 18:26:08.883103,24.138572185098703,-110.31375032971341,24.138867614066314,-110.31367304649177
986,8,2025-07-03 18:17:34,2025-07-03 18:34:45.408489,24.13432328664966,-110.32720613045257,24.137082250896214,-110.30805689730585
987,10,2025-07-03 18:18:29,2025-07-03 18:32:20.900147,24.129774332166285,-110.3269074937901,24.13915980565388,-110.3112087751294
988,7,2025-07-03 18:19:15,2025-07-03 18:29:18.640442,24.148183327575858,-110.30262459951864,24.136880109121684,-110.32892193015059
989,20,2025-07-03 18:20:11,2025-07-03 18:30:05.381712,24.147748218913893,-110.29935426122582,24.140226351518045,-110.32471242306448
990,16,2025-07-03 18:21:33,2025-07-03 18:26:44.230160,24.13661247276418,-110.30150726021985,24.130552558975992,-110.32482312127122
991,17,2025-07-03 18:22:05,2025-07-03 18:40:53.293130,24.131451615962472,-110.32348659210822,24.14548775558551,-110.30591379267484
992,13,2025-07-03 18:24:47,2025-07-03 18:34:22.667705,24.1299510372196,-110.3179380484236,24.14946490122578,-110.3158199208564
993,5,2025-07-03 18:25:57,2025-07-03 18:38:28.422434,24.14128897181552,-110.31463390889023,24.14285987901998,-110.31560354252665
994,6,2025-07-03 18:25:43,2025-07-03 18:38:39.329492,24.13364467115009,-110.30566340731718,24.147646961061575,-110.31744607617479
995,11,2025-07-03 18:26:51,2025-07-03 18:34:46.450427,24.134884034642383,-110.31012277961037,24.13412139311448,-110.31064508655643
996,1,2025-07-03 18:26:30,2025-07-03 18:40:01.051156,24.13176809355878,-110.31428807129782,24.150105775095955,-110.31050900088997
997,23,2025-07-03 18:26:07,2025-07-03 18:41:42.212957,24.134561147288878,-110.32788662820818,24.148272293147066,-110.30694511929501
998,23,2025-07-03 18:26:19,2025-07-03 18:40:15.839006,24.134561147288878,-110.32788662820818,24.13406651287088,-110.30440548108977
999,7,2025-07-03 18:30:35,2025-07-03 18:43:15.717232,24.148183327575858,-110.30262459951864,24.130347095465435,-110.31300491569469
1000,21,2025-07-03 18:31:27,2025-07-03 18:42:36.834577,24.144872215792645,-110.32081765205396,24.140916764291454,-110.30076601356876
1001,20,2025-07-03 18:34:41,2025-07-03 18:51:37.380143,24.147748218913893,-110.29935426122582,24.13482497132205,-110.31623873286051
1002,12,2025-07-03 18:34:48,2025-07-03 18:39:48.000000,24.145106324785893,-110.30204570898285,24.141667486281637,-110.32510277873395
1003,10,2025-07-03 18:35:22,2025-07-03 18:44:11.584176,24.129774332166285,-110.3269074937901,24.1351656788567,-110.3084142033573
1004,10,2025-07-03 18:35:22,2025-07-03 18:53:49.792410,24.129774332166285,-110.3269074937901,24.140995962224647,-110.31136463886305
1005,19,2025-07-03 18:36:29,2025-07-03 18:50:34.564478,24.138572185098703,-110.31375032971341,24.138825062436904,-110.31138015465477
1006,10,2025-07-03 18:36:58,2025-07-03 18:54:40.057112,24.129774332166285,-110.3269074937901,24.146318870693403,-110.31740694137106
1007,16,2025-07-03 18:37:22,2025-07-03 18:49:50.090346,24.13661247276418,-110.30150726021985,24.131605506729436,-110.31887847289201
1008,20,2025-07-03 18:38:21,2025-07-03 18:50:48.902296,24.147748218913893,-110.29935426122582,24.1369438592848,-110.3157956368647
1009,20,2025-07-03 18:39:55,2025-07-03 18:54:01.293582,24.147748218913893,-110.29935426122582,24.13067216539747,-110.32600640773599
1010,20,2025-07-03 18:41:39,2025-07-03 18:49:11.030168,24.147748218913893,-110.29935426122582,24.137334875957684,-110.31522099683146
1011,7,2025-07-03 18:41:06,2025-07-03 18:51:17.099588,24.148183327575858,-110.30262459951864,24.133130556503733,-110.33333112071236
1012,4,2025-07-03 18:41:48,2025-07-03 18:54:28.946924,24.127392474130485,-110.31706979271745,24.146081937628992,-110.30570751363247
1013,2,2025-07-03 18:42:07,2025-07-03 18:51:38.552678,24.12919295209637,-110.30843613862686,24.154648917751135,-110.30484771251072
1014,10,2025-07-03 18:43:37,2025-07-03 18:56:59.727460,24.129774332166285,-110.3269074937901,24.150141881891525,-110.29997624338287
1015,12,2025-07-03 18:44:30,2025-07-03 18:58:33.624960,24.145106324785893,-110.30204570898285,24.12822660965777,-110.30905249871387
1016,4,2025-07-03 18:46:01,2025-07-03 19:01:12.463969,24.127392474130485,-110.31706979271745,24.14600368635956,-110.3080757544055
1017,10,2025-07-03 18:47:01,2025-07-03 19:00:56.144270,24.129774332166285,-110.3269074937901,24.12920142440668,-110.30835382769737
1018,13,2025-07-03 18:47:22,2025-07-03 18:57:48.030794,24.1299510372196,-110.3179380484236,24.152736662129623,-110.30786391842351
1019,4,2025-07-03 18:48:40,2025-07-03 18:58:45.663023,24.127392474130485,-110.31706979271745,24.14880049650816,-110.31209440931549
1020,2,2025-07-03 18:48:22,2025-07-03 18:55:35.928426,24.12919295209637,-110.30843613862686,24.153590214002314,-110.31061909567778
1021,4,2025-07-03 18:48:13,2025-07-03 18:58:57.055901,24.127392474130485,-110.31706979271745,24.14042026835407,-110.30283702252284
1022,23,2025-07-03 18:49:04,2025-07-03 18:56:51.186747,24.134561147288878,-110.32788662820818,24.135339461288627,-110.30400755780236
1023,10,2025-07-03 18:49:25,2025-07-03 19:04:41.353868,24.129774332166285,-110.3269074937901,24.14427177772427,-110.3146676253896
1024,7,2025-07-03 18:49:20,2025-07-03 18:57:11.506785,24.148183327575858,-110.30262459951864,24.131260208638388,-110.33056404168343
1025,10,2025-07-03 18:49:05,2025-07-03 18:58:25.784279,24.129774332166285,-110.3269074937901,24.146605478393745,-110.31208917105954
1026,23,2025-07-03 18:51:56,2025-07-03 19:07:25.633194,24.134561147288878,-110.32788662820818,24.143919260725472,-110.30410879167515
1027,1,2025-07-03 18:51:20,2025-07-03 19:04:41.459421,24.13176809355878,-110.31428807129782,24.150034826633323,-110.31805931332704
1028,20,2025-07-03 18:51:42,2025-07-03 19:03:05.204534,24.147748218913893,-110.29935426122582,24.134860853467817,-110.3160891977003
1029,20,2025-07-03 18:51:11,2025-07-03 19:05:22.214695,24.147748218913893,-110.29935426122582,24.131678810553606,-110.30799753627387
1030,2,2025-07-03 18:52:39,2025-07-03 19:01:10.390196,24.12919295209637,-110.30843613862686,24.149377936044342,-110.31411552798835
1031,5,2025-07-03 18:54:41,2025-07-03 19:05:56.610581,24.14128897181552,-110.31463390889023,24.144010640665595,-110.31596177965649
1032,12,2025-07-03 18:54:48,2025-07-03 19:09:04.481420,24.145106324785893,-110.30204570898285,24.130926581236107,-110.32651897670225
1033,8,2025-07-03 18:54:28,2025-07-03 19:05:12.463643,24.13432328664966,-110.32720613045257,24.15598693022679,-110.30646150892424
1034,20,2025-07-03 18:59:16,2025-07-03 19:11:19.424026,24.147748218913893,-110.29935426122582,24.128813691939516,-110.31655733580587
