order_id,restaurant_id,created_at,ready_at,rest_lat,rest_lon,dest_lat,dest_lon
0,19,2025-07-03 08:01:54,2025-07-03 08:16:15.855572,24.15433202682739,-110.30733495307709,24.137185300702725,-110.32841446808727
1,9,2025-07-03 08:02:37,2025-07-03 08:14:25.719674,24.15034627638478,-110.29769382478108,24.137111100564102,-110.31383722009762
2,3,2025-07-03 08:02:23,2025-07-03 08:15:26.953129,24.137144815917814,-110.32889868255089,24.13967905247066,-110.30008644168826
3,21,2025-07-03 08:02:05,2025-07-03 08:09:11.012676,24.129329522540864,-110.31634739204236,24.147759908568144,-110.31542215004269
4,19,2025-07-03 08:03:02,2025-07-03 08:15:17.902531,24.15433202682739,-110.30733495307709,24.13186264107651,-110.30758043688576
5,23,2025-07-03 08:03:14,2025-07-03 08:14:16.112188,24.15862836081559,-110.31023098211561,24.12592616031285,-110.31344302862371
6,13,2025-07-03 08:05:08,2025-07-03 08:17:27.706471,24.143044438562143,-110.3034502642352,24.127323207033623,-110.31244027657347
7,19,2025-07-03 08:05:49,2025-07-03 08:14:59.877507,24.15433202682739,-110.30733495307709,24.13137576226983,-110.31193433684538
8,3,2025-07-03 08:06:34,2025-07-03 08:15:18.726555,24.137144815917814,-110.32889868255089,24.14163258119569,-110.30598140985258
9,23,2025-07-03 08:06:51,2025-07-03 08:17:49.261858,24.15862836081559,-110.31023098211561,24.132510889586275,-110.31929179899913
10,9,2025-07-03 08:06:45,2025-07-03 08:22:07.841513,24.15034627638478,-110.29769382478108,24.138336351113022,-110.32592012421766
11,14,2025-07-03 08:07:48,2025-07-03 08:18:22.025647,24.15501463349806,-110.3112282286923,24.137791705491995,-110.31857207371134
12,14,2025-07-03 08:07:19,2025-07-03 08:18:58.800999,24.15501463349806,-110.3112282286923,24.13595816521245,-110.30795263140891
13,20,2025-07-03 08:07:52,2025-07-03 08:22:49.850249,24.135613654618368,-110.30555291810683,24.145858093781708,-110.32118872838365
14,14,2025-07-03 08:09:30,2025-07-03 08:24:30.274832,24.15501463349806,-110.3112282286923,24.146721947938605,-110.29487329100137
15,23,2025-07-03 08:09:25,2025-07-03 08:19:06.323538,24.15862836081559,-110.31023098211561,24.141372784354413,-110.31885570214016
16,1,2025-07-03 08:09:04,2025-07-03 08:23:00.140320,24.137298378582507,-110.30224973910845,24.15604068684237,-110.3055884620255
17,16,2025-07-03 08:10:15,2025-07-03 08:21:55.735133,24.13755113057298,-110.30212098653547,24.143274489784787,-110.32388133474593
18,7,2025-07-03 08:10:43,2025-07-03 08:22:36.668873,24.14434663347047,-110.31666899093233,24.14805378281417,-110.29818705933552
19,4,2025-07-03 08:10:09,2025-07-03 08:20:29.561685,24.131442924658263,-110.32825402654262,24.152464387507678,-110.30545885661223
20,0,2025-07-03 08:11:18,2025-07-03 08:20:57.147540,24.136087705761437,-110.32116689486283,24.14884661300255,-110.30159943564797
21,4,2025-07-03 08:11:26,2025-07-03 08:22:24.111359,24.131442924658263,-110.32825402654262,24.135308745243922,-110.3084379626034
22,0,2025-07-03 08:12:17,2025-07-03 08:27:38.805934,24.136087705761437,-110.32116689486283,24.149201227122248,-110.3035789373276
23,4,2025-07-03 08:13:36,2025-07-03 08:29:04.489506,24.131442924658263,-110.32825402654262,24.136968897326085,-110.30612308405418
24,18,2025-07-03 08:13:37,2025-07-03 08:22:38.212131,24.143523335518026,-110.32225325724811,24.135146268316213,-110.30381395300827
25,16,2025-07-03 08:13:47,2025-07-03 08:32:17.802841,24.13755113057298,-110.30212098653547,24.13227025844006,-110.32176977233051
26,10,2025-07-03 08:14:10,2025-07-03 08:21:50.771179,24.15354386539215,-110.30529269293778,24.13328794898605,-110.33474437546626
27,9,2025-07-03 08:15:35,2025-07-03 08:25:10.383046,24.15034627638478,-110.29769382478108,24.141629417483806,-110.3256679816514
28,16,2025-07-03 08:15:01,2025-07-03 08:21:03.016935,24.13755113057298,-110.30212098653547,24.146768824553522,-110.31804163123316
29,1,2025-07-03 08:16:43,2025-07-03 08:31:03.057895,24.137298378582507,-110.30224973910845,24.13594191578294,-110.32250003310652
30,3,2025-07-03 08:16:34,2025-07-03 08:25:56.602096,24.137144815917814,-110.32889868255089,24.13350508455183,-110.30754152088655
31,3,2025-07-03 08:16:04,2025-07-03 08:30:22.162482,24.137144815917814,-110.32889868255089,24.13761165055363,-110.30586407717027
32,19,2025-07-03 08:16:16,2025-07-03 08:26:15.971440,24.15433202682739,-110.30733495307709,24.138312145848012,-110.32754388524249
33,6,2025-07-03 08:16:06,2025-07-03 08:29:23.782487,24.132245223224192,-110.3223621365107,24.15185420967652,-110.30229842707429
34,18,2025-07-03 08:16:38,2025-07-03 08:27:26.210309,24.143523335518026,-110.32225325724811,24.143649546495855,-110.29585341752896
35,16,2025-07-03 08:17:21,2025-07-03 08:24:18.512106,24.13755113057298,-110.30212098653547,24.140326926589598,-110.32115786842758
36,19,2025-07-03 08:17:14,2025-07-03 08:27:42.945319,24.15433202682739,-110.30733495307709,24.133709069662384,-110.30387948837789
37,4,2025-07-03 08:17:13,2025-07-03 08:32:07.317450,24.131442924658263,-110.32825402654262,24.137850408647086,-110.31025296693055
38,21,2025-07-03 08:18:32,2025-07-03 08:31:58.810576,24.129329522540864,-110.31634739204236,24.146963561986862,-110.31231391857676
39,9,2025-07-03 08:18:54,2025-07-03 08:35:17.928331,24.15034627638478,-110.29769382478108,24.139593740419087,-110.31333243632251
40,8,2025-07-03 08:18:52,2025-07-03 08:29:51.956919,24.148193886681828,-110.31413073456456,24.134721279199407,-110.32764179282168
41,9,2025-07-03 08:19:01,2025-07-03 08:31:27.424954,24.15034627638478,-110.29769382478108,24.146135453102893,-110.31845739211595
42,12,2025-07-03 08:19:22,2025-07-03 08:30:13.998101,24.135979395873864,-110.31095715788078,24.146570518760228,-110.29396819720225
43,17,2025-07-03 08:19:08,2025-07-03 08:34:14.290936,24.139591737490434,-110.31658928074611,24.14763057261525,-110.29543435507874
44,10,2025-07-03 08:20:10,2025-07-03 08:34:35.431946,24.15354386539215,-110.30529269293778,24.129441082179973,-110.30896274198744
45,4,2025-07-03 08:20:55,2025-07-03 08:30:03.828971,24.131442924658263,-110.32825402654262,24.143947761249812,-110.31006342621085
46,19,2025-07-03 08:20:28,2025-07-03 08:32:11.709196,24.15433202682739,-110.30733495307709,24.13215638364517,-110.30818325129712
47,10,2025-07-03 08:20:21,2025-07-03 08:31:19.363926,24.15354386539215,-110.30529269293778,24.13291623603337,-110.31319138646322
48,3,2025-07-03 08:20:58,2025-07-03 08:34:07.531357,24.137144815917814,-110.32889868255089,24.127812829254953,-110.31016271337715
49,3,2025-07-03 08:21:25,2025-07-03 08:33:30.384368,24.137144815917814,-110.32889868255089,24.142108835506278,-110.31075904582099
50,9,2025-07-03 08:22:22,2025-07-03 08:32:32.040584,24.15034627638478,-110.29769382478108,24.12819031721558,-110.31510306988274
51,12,2025-07-03 08:22:31,2025-07-03 08:31:30.080483,24.135979395873864,-110.31095715788078,24.156633711131278,-110.30640707313667
52,19,2025-07-03 08:22:43,2025-07-03 08:35:29.846550,24.15433202682739,-110.30733495307709,24.125828958972978,-110.3163633337388
53,10,2025-07-03 08:23:31,2025-07-03 08:39:01.676343,24.15354386539215,-110.30529269293778,24.136608634926077,-110.31705449614705
54,24,2025-07-03 08:23:25,2025-07-03 08:29:10.901883,24.127608811528862,-110.30946235167666,24.13539724124494,-110.33083565274734
55,19,2025-07-03 08:23:06,2025-07-03 08:32:19.855370,24.15433202682739,-110.30733495307709,24.134741117743854,-110.30940069777758
56,9,2025-07-03 08:24:15,2025-07-03 08:38:42.676863,24.15034627638478,-110.29769382478108,24.138546948301062,-110.31581736288885
57,1,2025-07-03 08:24:33,2025-07-03 08:36:13.883782,24.137298378582507,-110.30224973910845,24.1536007998357,-110.31325332706618
58,21,2025-07-03 08:25:43,2025-07-03 08:39:09.226366,24.129329522540864,-110.31634739204236,24.15112120021074,-110.31737885176159
59,21,2025-07-03 08:25:41,2025-07-03 08:35:33.223321,24.129329522540864,-110.31634739204236,24.145209896311645,-110.30348733363805
60,9,2025-07-03 08:25:02,2025-07-03 08:32:44.284202,24.15034627638478,-110.29769382478108,24.136074518741626,-110.31298082828042
61,4,2025-07-03 08:26:22,2025-07-03 08:35:31.399393,24.131442924658263,-110.32825402654262,24.144398751400733,-110.31314973986132
62,1,2025-07-03 08:26:25,2025-07-03 08:38:06.875680,24.137298378582507,-110.30224973910845,24.1510664614751,-110.31465064697059
63,4,2025-07-03 08:26:38,2025-07-03 08:34:14.313841,24.131442924658263,-110.32825402654262,24.147717301145995,-110.30655701598926
64,17,2025-07-03 08:26:47,2025-07-03 08:37:54.339625,24.139591737490434,-110.31658928074611,24.149524675457123,-110.30053364480307
65,19,2025-07-03 08:27:31,2025-07-03 08:40:03.636487,24.15433202682739,-110.30733495307709,24.133081137049757,-110.30961062503083
66,15,2025-07-03 08:27:51,2025-07-03 08:37:48.571664,24.13944555726902,-110.30752500649528,24.157597479201854,-110.30825927210172
67,22,2025-07-03 08:27:06,2025-07-03 08:37:56.338715,24.136549288952132,-110.30770841886384,24.134256102537062,-110.33047164581505
68,21,2025-07-03 08:27:41,2025-07-03 08:44:23.784501,24.129329522540864,-110.31634739204236,24.15324247676342,-110.31432457048147
69,18,2025-07-03 08:27:39,2025-07-03 08:36:04.149433,24.143523335518026,-110.32225325724811,24.147718682171337,-110.30219498052983
70,21,2025-07-03 08:28:36,2025-07-03 08:42:49.437164,24.129329522540864,-110.31634739204236,24.15196563384547,-110.31573747063815
71,1,2025-07-03 08:29:17,2025-07-03 08:40:18.525329,24.137298378582507,-110.30224973910845,24.15096782792989,-110.31571069614616
72,10,2025-07-03 08:30:04,2025-07-03 08:38:02.078927,24.15354386539215,-110.30529269293778,24.134347732548875,-110.33249819492416
73,24,2025-07-03 08:30:16,2025-07-03 08:47:00.212489,24.127608811528862,-110.30946235167666,24.14220979991043,-110.32227727244927
74,2,2025-07-03 08:31:57,2025-07-03 08:45:20.639383,24.153310929190944,-110.31300843909432,24.13716548488243,-110.32700217284476
75,2,2025-07-03 08:31:37,2025-07-03 08:46:50.408210,24.153310929190944,-110.31300843909432,24.13484706828687,-110.32807087454844
76,15,2025-07-03 08:32:51,2025-07-03 08:43:28.943863,24.13944555726902,-110.30752500649528,24.139539184215288,-110.32828857911188
77,0,2025-07-03 08:34:12,2025-07-03 08:51:15.450192,24.136087705761437,-110.32116689486283,24.147296919141784,-110.30671810030529
78,1,2025-07-03 08:34:40,2025-07-03 08:45:56.334865,24.137298378582507,-110.30224973910845,24.15386906050128,-110.31327632507784
79,6,2025-07-03 08:35:26,2025-07-03 08:53:24.702540,24.132245223224192,-110.3223621365107,24.14545098518101,-110.30916843903532
80,19,2025-07-03 08:35:28,2025-07-03 08:41:59.809624,24.15433202682739,-110.30733495307709,24.136008180857623,-110.31283664520133
81,4,2025-07-03 08:35:36,2025-07-03 08:44:28.721659,24.131442924658263,-110.32825402654262,24.139043993783826,-110.30953345423937
82,6,2025-07-03 08:36:45,2025-07-03 08:47:53.698310,24.132245223224192,-110.3223621365107,24.147091592322727,-110.3035345855366
83,18,2025-07-03 08:36:32,2025-07-03 08:46:23.785054,24.143523335518026,-110.32225325724811,24.129180174573197,-110.3080696143385
84,16,2025-07-03 08:36:26,2025-07-03 08:49:25.147114,24.13755113057298,-110.30212098653547,24.153713900417113,-110.31332640612563
85,3,2025-07-03 08:37:29,2025-07-03 08:44:50.032673,24.137144815917814,-110.32889868255089,24.136534834914585,-110.30612962373229
86,4,2025-07-03 08:37:29,2025-07-03 08:50:25.631467,24.131442924658263,-110.32825402654262,24.148644341998263,-110.31457267350943
87,2,2025-07-03 08:37:54,2025-07-03 08:49:03.185986,24.153310929190944,-110.31300843909432,24.133828217872384,-110.32167528412924
88,23,2025-07-03 08:37:52,2025-07-03 08:48:29.664960,24.15862836081559,-110.31023098211561,24.136217566046724,-110.30289943774099
89,2,2025-07-03 08:38:00,2025-07-03 08:52:40.254336,24.153310929190944,-110.31300843909432,24.129351556055223,-110.31059824300519
90,4,2025-07-03 08:39:17,2025-07-03 08:54:42.433443,24.131442924658263,-110.32825402654262,24.143915912486904,-110.30528566675817
91,23,2025-07-03 08:39:26,2025-07-03 08:51:42.803820,24.15862836081559,-110.31023098211561,24.142328216591807,-110.32171764501817
92,14,2025-07-03 08:39:01,2025-07-03 08:46:54.028447,24.15501463349806,-110.3112282286923,24.13841152255784,-110.30422446217979
93,21,2025-07-03 08:39:51,2025-07-03 08:52:45.415149,24.129329522540864,-110.31634739204236,24.151623810823306,-110.29926998499043
94,0,2025-07-03 08:40:23,2025-07-03 08:52:33.070367,24.136087705761437,-110.32116689486283,24.147468558666805,-110.29628755903839
95,19,2025-07-03 08:40:02,2025-07-03 08:52:53.238194,24.15433202682739,-110.30733495307709,24.132040053479145,-110.31230347286842
96,4,2025-07-03 08:41:31,2025-07-03 08:53:23.468277,24.131442924658263,-110.32825402654262,24.141006151448607,-110.31167083861439
97,6,2025-07-03 08:41:04,2025-07-03 08:48:21.357128,24.132245223224192,-110.3223621365107,24.14286145653035,-110.30210904664256
98,4,2025-07-03 08:42:57,2025-07-03 08:58:03.862578,24.131442924658263,-110.32825402654262,24.149111148505785,-110.3135598945756
99,24,2025-07-03 08:42:35,2025-07-03 08:54:26.887040,24.127608811528862,-110.30946235167666,24.153900198160205,-110.31424012170704
100,2,2025-07-03 08:43:25,2025-07-03 08:52:11.750794,24.153310929190944,-110.31300843909432,24.130598642653016,-110.32351180294312
101,14,2025-07-03 08:44:21,2025-07-03 08:54:13.257759,24.15501463349806,-110.3112282286923,24.132840132582086,-110.30981494374419
102,0,2025-07-03 08:44:33,2025-07-03 08:59:53.984315,24.136087705761437,-110.32116689486283,24.152764675084132,-110.31047009679777
103,6,2025-07-03 08:44:08,2025-07-03 08:52:38.296341,24.132245223224192,-110.3223621365107,24.144757017699224,-110.2953661443897
104,9,2025-07-03 08:44:43,2025-07-03 08:59:10.512250,24.15034627638478,-110.29769382478108,24.144154942980848,-110.3177725417016
105,0,2025-07-03 08:44:30,2025-07-03 09:00:54.667532,24.136087705761437,-110.32116689486283,24.152767844408142,-110.30591647691399
106,16,2025-07-03 08:45:52,2025-07-03 08:58:38.394006,24.13755113057298,-110.30212098653547,24.14071282389855,-110.32651779371534
107,4,2025-07-03 08:45:31,2025-07-03 08:54:47.703616,24.131442924658263,-110.32825402654262,24.13864276019996,-110.30848331830687
108,21,2025-07-03 08:45:48,2025-07-03 09:00:10.038289,24.129329522540864,-110.31634739204236,24.14424016109217,-110.29593951504519
109,3,2025-07-03 08:45:48,2025-07-03 09:01:48.820386,24.137144815917814,-110.32889868255089,24.144854716512345,-110.31072363002441
110,13,2025-07-03 08:46:50,2025-07-03 08:58:45.667389,24.143044438562143,-110.3034502642352,24.134426338356768,-110.32603820779073
111,9,2025-07-03 08:47:59,2025-07-03 08:59:01.475697,24.15034627638478,-110.29769382478108,24.140783899012703,-110.3172661415078
112,2,2025-07-03 08:47:12,2025-07-03 08:59:58.751845,24.153310929190944,-110.31300843909432,24.133628687727214,-110.31891702314896
113,4,2025-07-03 08:48:32,2025-07-03 09:01:42.083150,24.131442924658263,-110.32825402654262,24.13347184676411,-110.30942017366921
114,19,2025-07-03 08:48:23,2025-07-03 09:01:10.953446,24.15433202682739,-110.30733495307709,24.13468547071472,-110.3116116858342
115,16,2025-07-03 08:48:51,2025-07-03 09:00:04.717268,24.13755113057298,-110.30212098653547,24.148936419968255,-110.31642286602286
116,0,2025-07-03 08:48:45,2025-07-03 09:01:43.108205,24.136087705761437,-110.32116689486283,24.153436695734534,-110.3116322919661
117,10,2025-07-03 08:49:13,2025-07-03 08:56:37.151152,24.15354386539215,-110.30529269293778,24.14171206892611,-110.32425680814531
118,6,2025-07-03 08:49:22,2025-07-03 09:02:05.183713,24.132245223224192,-110.3223621365107,24.14806111871049,-110.2964251929696
119,19,2025-07-03 08:49:21,2025-07-03 09:02:14.785298,24.15433202682739,-110.30733495307709,24.139454593100524,-110.3199542411637
120,10,2025-07-03 08:49:08,2025-07-03 09:03:04.954199,24.15354386539215,-110.30529269293778,24.13763822228612,-110.31440110626008
121,6,2025-07-03 08:49:06,2025-07-03 09:00:52.568056,24.132245223224192,-110.3223621365107,24.14723051572192,-110.31228279249055
122,16,2025-07-03 08:49:56,2025-07-03 08:55:54.394759,24.13755113057298,-110.30212098653547,24.13737795268405,-110.32258765193076
123,18,2025-07-03 08:49:46,2025-07-03 09:01:41.299566,24.143523335518026,-110.32225325724811,24.142676774196072,-110.30252145940139
124,1,2025-07-03 08:50:06,2025-07-03 09:00:47.045527,24.137298378582507,-110.30224973910845,24.13549528480246,-110.32450588610517
125,1,2025-07-03 08:50:43,2025-07-03 08:57:59.091069,24.137298378582507,-110.30224973910845,24.153435780426392,-110.31444398980389
126,23,2025-07-03 08:51:56,2025-07-03 08:59:38.588196,24.15862836081559,-110.31023098211561,24.127307377450443,-110.31041780902967
127,14,2025-07-03 08:51:37,2025-07-03 09:07:31.851578,24.15501463349806,-110.3112282286923,24.131679562513796,-110.32497536628888
128,3,2025-07-03 08:51:36,2025-07-03 09:06:56.685519,24.137144815917814,-110.32889868255089,24.14231218358391,-110.30838885855148
129,9,2025-07-03 08:51:01,2025-07-03 09:00:41.469414,24.15034627638478,-110.29769382478108,24.14079389784683,-110.31546502157543
130,18,2025-07-03 08:51:07,2025-07-03 09:01:27.095900,24.143523335518026,-110.32225325724811,24.13553361281189,-110.30512055624446
131,14,2025-07-03 08:52:08,2025-07-03 09:05:38.016801,24.15501463349806,-110.3112282286923,24.132457152407238,-110.33061230185488
132,19,2025-07-03 08:52:24,2025-07-03 09:02:01.917241,24.15433202682739,-110.30733495307709,24.138144670025167,-110.31994837670439
133,4,2025-07-03 08:52:39,2025-07-03 09:06:16.398116,24.131442924658263,-110.32825402654262,24.147706351691873,-110.31479709319348
134,2,2025-07-03 08:53:02,2025-07-03 09:08:04.102045,24.153310929190944,-110.31300843909432,24.12814807716157,-110.32261804709171
135,10,2025-07-03 08:53:38,2025-07-03 09:03:55.218089,24.15354386539215,-110.30529269293778,24.132584420341132,-110.31140876000298
136,9,2025-07-03 08:53:03,2025-07-03 09:04:58.963682,24.15034627638478,-110.29769382478108,24.134386544804965,-110.30684445862785
137,3,2025-07-03 08:53:54,2025-07-03 09:07:02.151502,24.137144815917814,-110.32889868255089,24.14392202772033,-110.30211619998977
138,3,2025-07-03 08:53:16,2025-07-03 09:05:56.856450,24.137144815917814,-110.32889868255089,24.143189083580964,-110.30577563545553
139,10,2025-07-03 08:53:42,2025-07-03 09:06:42.551261,24.15354386539215,-110.30529269293778,24.138686616279177,-110.31805177230565
140,23,2025-07-03 08:54:39,2025-07-03 09:08:23.806109,24.15862836081559,-110.31023098211561,24.13512411081957,-110.31884357170236
141,19,2025-07-03 08:54:38,2025-07-03 09:04:54.603141,24.15433202682739,-110.30733495307709,24.139364661807818,-110.31849916234242
142,20,2025-07-03 08:54:06,2025-07-03 09:01:41.527047,24.135613654618368,-110.30555291810683,24.132440466785305,-110.33320689854914
143,9,2025-07-03 08:54:32,2025-07-03 09:12:53.623327,24.15034627638478,-110.29769382478108,24.13073351379667,-110.32536499353085
144,4,2025-07-03 08:55:39,2025-07-03 09:04:28.567462,24.131442924658263,-110.32825402654262,24.141953514514103,-110.31067095820019
145,21,2025-07-03 08:55:04,2025-07-03 09:05:34.227142,24.129329522540864,-110.31634739204236,24.14276122491186,-110.29647140041286
146,6,2025-07-03 08:56:35,2025-07-03 09:09:14.672593,24.132245223224192,-110.3223621365107,24.151449172605698,-110.30649535980449
147,2,2025-07-03 08:56:49,2025-07-03 09:09:11.204831,24.153310929190944,-110.31300843909432,24.134602725345253,-110.30849220172816
148,16,2025-07-03 08:56:41,2025-07-03 09:12:22.139476,24.13755113057298,-110.30212098653547,24.13502304904329,-110.32979678317358
149,4,2025-07-03 08:57:10,2025-07-03 09:11:22.405138,24.131442924658263,-110.32825402654262,24.141296372773095,-110.31189025222882
150,14,2025-07-03 08:57:14,2025-07-03 09:10:46.271032,24.15501463349806,-110.3112282286923,24.134136822810873,-110.30387603656824
151,1,2025-07-03 08:57:39,2025-07-03 09:11:16.221343,24.137298378582507,-110.30224973910845,24.13882849900413,-110.3295326813057
152,3,2025-07-03 08:57:33,2025-07-03 09:13:01.229407,24.137144815917814,-110.32889868255089,24.13222113377358,-110.31097870200843
153,23,2025-07-03 08:57:48,2025-07-03 09:09:24.148384,24.15862836081559,-110.31023098211561,24.137331602405624,-110.31497372045843
154,19,2025-07-03 08:58:47,2025-07-03 09:09:45.684087,24.15433202682739,-110.30733495307709,24.136974879228383,-110.32206730421379
155,19,2025-07-03 08:58:05,2025-07-03 09:04:21.436630,24.15433202682739,-110.30733495307709,24.13159346257517,-110.31557358608843
156,6,2025-07-03 08:58:27,2025-07-03 09:06:30.800802,24.132245223224192,-110.3223621365107,24.1406611078739,-110.29953186408437
157,19,2025-07-03 08:59:42,2025-07-03 09:10:42.981333,24.15433202682739,-110.30733495307709,24.132709401767357,-110.31454729037729
158,10,2025-07-03 08:59:13,2025-07-03 09:11:21.486384,24.15354386539215,-110.30529269293778,24.13366314731913,-110.30572431219603
159,3,2025-07-03 08:59:54,2025-07-03 09:08:20.325125,24.137144815917814,-110.32889868255089,24.14742188189181,-110.30392208382555
160,4,2025-07-03 08:59:53,2025-07-03 09:12:44.165058,24.131442924658263,-110.32825402654262,24.13846155759157,-110.31043908188549
161,3,2025-07-03 08:59:39,2025-07-03 09:09:23.956931,24.137144815917814,-110.32889868255089,24.14531464508429,-110.30866160446621
162,23,2025-07-03 08:59:29,2025-07-03 09:10:54.123345,24.15862836081559,-110.31023098211561,24.14061505080998,-110.31648676000091
163,4,2025-07-03 09:00:38,2025-07-03 09:11:50.965085,24.131442924658263,-110.32825402654262,24.15554267436122,-110.30721882956836
164,4,2025-07-03 09:00:15,2025-07-03 09:10:06.597217,24.131442924658263,-110.32825402654262,24.147755383026414,-110.30505639350795
165,9,2025-07-03 09:01:37,2025-07-03 09:15:06.384262,24.15034627638478,-110.29769382478108,24.143100429330858,-110.32159413130039
166,24,2025-07-03 09:02:16,2025-07-03 09:13:37.847660,24.127608811528862,-110.30946235167666,24.147621536581365,-110.29831640908326
167,14,2025-07-03 09:02:07,2025-07-03 09:17:58.458127,24.15501463349806,-110.3112282286923,24.139003832381203,-110.3240638760195
168,19,2025-07-03 09:02:19,2025-07-03 09:18:49.003418,24.15433202682739,-110.30733495307709,24.13626757943424,-110.3214507871167
169,19,2025-07-03 09:02:49,2025-07-03 09:16:20.829126,24.15433202682739,-110.30733495307709,24.125365020111328,-110.31178193071027
170,9,2025-07-03 09:02:00,2025-07-03 09:11:43.554396,24.15034627638478,-110.29769382478108,24.13939758331593,-110.31586007866386
171,1,2025-07-03 09:03:38,2025-07-03 09:19:33.295100,24.137298378582507,-110.30224973910845,24.129787391085838,-110.32260596393364
172,9,2025-07-03 09:03:34,2025-07-03 09:18:55.077121,24.15034627638478,-110.29769382478108,24.14241354998865,-110.31461190633841
173,18,2025-07-03 09:03:47,2025-07-03 09:12:52.175581,24.143523335518026,-110.32225325724811,24.1258363140821,-110.31498214745818
174,9,2025-07-03 09:03:34,2025-07-03 09:14:30.234426,24.15034627638478,-110.29769382478108,24.140062805431636,-110.31732676233565
175,4,2025-07-03 09:03:49,2025-07-03 09:18:45.459084,24.131442924658263,-110.32825402654262,24.14545128370532,-110.30863131355513
176,4,2025-07-03 09:04:45,2025-07-03 09:19:34.335485,24.131442924658263,-110.32825402654262,24.1454386366985,-110.29586668500585
177,6,2025-07-03 09:04:22,2025-07-03 09:19:03.981382,24.132245223224192,-110.3223621365107,24.147460046324213,-110.30920378023552
178,10,2025-07-03 09:04:45,2025-07-03 09:20:00.417029,24.15354386539215,-110.30529269293778,24.138157600913452,-110.31553286928573
179,24,2025-07-03 09:04:25,2025-07-03 09:15:29.284348,24.127608811528862,-110.30946235167666,24.13988646411375,-110.32770328705496
180,3,2025-07-03 09:06:41,2025-07-03 09:17:38.548030,24.137144815917814,-110.32889868255089,24.131872870475874,-110.30563970851567
181,11,2025-07-03 09:06:50,2025-07-03 09:24:20.712508,24.13261392072067,-110.31358374101376,24.147933474558958,-110.30312994592109
182,8,2025-07-03 09:06:27,2025-07-03 09:15:04.775277,24.148193886681828,-110.31413073456456,24.13583765389523,-110.32976184680119
183,23,2025-07-03 09:07:06,2025-07-03 09:16:16.402799,24.15862836081559,-110.31023098211561,24.14272903735401,-110.32195542895927
184,0,2025-07-03 09:07:40,2025-07-03 09:18:49.170161,24.136087705761437,-110.32116689486283,24.149425509302556,-110.30715004032066
185,10,2025-07-03 09:08:16,2025-07-03 09:21:10.567537,24.15354386539215,-110.30529269293778,24.135301455941583,-110.3085433635704
186,3,2025-07-03 09:08:36,2025-07-03 09:20:29.883279,24.137144815917814,-110.32889868255089,24.125671416111917,-110.31340498383872
187,4,2025-07-03 09:08:43,2025-07-03 09:19:33.195794,24.131442924658263,-110.32825402654262,24.146816680108902,-110.31448413850926
188,21,2025-07-03 09:08:47,2025-07-03 09:24:43.583979,24.129329522540864,-110.31634739204236,24.154328756879796,-110.31271680957614
189,23,2025-07-03 09:09:40,2025-07-03 09:24:11.342466,24.15862836081559,-110.31023098211561,24.14081586704503,-110.31636384878679
190,23,2025-07-03 09:10:30,2025-07-03 09:17:10.960364,24.15862836081559,-110.31023098211561,24.139612721441758,-110.31106738274521
191,18,2025-07-03 09:10:46,2025-07-03 09:20:47.436974,24.143523335518026,-110.32225325724811,24.131907697320326,-110.3070532696647
192,18,2025-07-03 09:10:17,2025-07-03 09:21:54.867052,24.143523335518026,-110.32225325724811,24.127543742887497,-110.31296294696479
193,3,2025-07-03 09:10:52,2025-07-03 09:23:08.555780,24.137144815917814,-110.32889868255089,24.130319371766312,-110.3077454555756
194,24,2025-07-03 09:10:19,2025-07-03 09:23:02.870364,24.127608811528862,-110.30946235167666,24.134077586450758,-110.33127095042099
195,9,2025-07-03 09:10:46,2025-07-03 09:22:37.076300,24.15034627638478,-110.29769382478108,24.14556377136944,-110.3193343406195
196,23,2025-07-03 09:11:00,2025-07-03 09:24:56.687607,24.15862836081559,-110.31023098211561,24.139389394137154,-110.31222823043582
197,2,2025-07-03 09:11:34,2025-07-03 09:26:01.966928,24.153310929190944,-110.31300843909432,24.132580025235477,-110.31148541419405
198,24,2025-07-03 09:11:39,2025-07-03 09:27:41.581036,24.127608811528862,-110.30946235167666,24.155821367125608,-110.3104061601514
199,16,2025-07-03 09:11:35,2025-07-03 09:21:14.214541,24.13755113057298,-110.30212098653547,24.140253077041272,-110.32218994201511
200,0,2025-07-03 09:11:23,2025-07-03 09:24:19.065342,24.136087705761437,-110.32116689486283,24.153615860698626,-110.30402505381977
201,24,2025-07-03 09:11:33,2025-07-03 09:24:08.112415,24.127608811528862,-110.30946235167666,24.154187353688076,-110.3125176397389
202,4,2025-07-03 09:12:16,2025-07-03 09:23:22.252893,24.131442924658263,-110.32825402654262,24.14305804123922,-110.30700015484778
203,3,2025-07-03 09:12:19,2025-07-03 09:25:25.794527,24.137144815917814,-110.32889868255089,24.154331138086423,-110.31101684241634
204,2,2025-07-03 09:12:55,2025-07-03 09:29:56.255958,24.153310929190944,-110.31300843909432,24.13020346219924,-110.32264446327511
205,9,2025-07-03 09:12:23,2025-07-03 09:19:13.393073,24.15034627638478,-110.29769382478108,24.132823488985395,-110.3188057871404
206,15,2025-07-03 09:13:25,2025-07-03 09:26:19.270934,24.13944555726902,-110.30752500649528,24.13091443707498,-110.3274514357601
207,9,2025-07-03 09:14:49,2025-07-03 09:29:22.703528,24.15034627638478,-110.29769382478108,24.141782362531217,-110.32685643890491
208,3,2025-07-03 09:14:04,2025-07-03 09:23:31.735428,24.137144815917814,-110.32889868255089,24.1383761157566,-110.30986469185396
209,9,2025-07-03 09:14:47,2025-07-03 09:27:17.546487,24.15034627638478,-110.29769382478108,24.13829196278636,-110.32079995377876
210,9,2025-07-03 09:14:37,2025-07-03 09:23:12.280365,24.15034627638478,-110.29769382478108,24.13075096682655,-110.31944658719573
211,23,2025-07-03 09:14:33,2025-07-03 09:28:08.250039,24.15862836081559,-110.31023098211561,24.133361917034417,-110.31275238361046
212,7,2025-07-03 09:15:00,2025-07-03 09:27:11.806588,24.14434663347047,-110.31666899093233,24.14797117821398,-110.2967208256758
213,16,2025-07-03 09:15:35,2025-07-03 09:23:48.129494,24.13755113057298,-110.30212098653547,24.13307470733405,-110.32937692776531
214,9,2025-07-03 09:15:34,2025-07-03 09:30:51.872093,24.15034627638478,-110.29769382478108,24.131855764481184,-110.31389027255881
215,23,2025-07-03 09:15:43,2025-07-03 09:27:33.385510,24.15862836081559,-110.31023098211561,24.14100959158179,-110.30286855799878
216,19,2025-07-03 09:16:52,2025-07-03 09:29:45.018862,24.15433202682739,-110.30733495307709,24.13152998011934,-110.31000035966456
217,24,2025-07-03 09:16:02,2025-07-03 09:30:04.888786,24.127608811528862,-110.30946235167666,24.15164438993935,-110.3108559023248
218,14,2025-07-03 09:16:59,2025-07-03 09:30:04.318996,24.15501463349806,-110.3112282286923,24.141715965681783,-110.3253309585403
219,20,2025-07-03 09:16:23,2025-07-03 09:27:08.520699,24.135613654618368,-110.30555291810683,24.14660472733267,-110.32115607268538
220,19,2025-07-03 09:17:48,2025-07-03 09:32:52.011041,24.15433202682739,-110.30733495307709,24.132024182667777,-110.30877239682312
221,3,2025-07-03 09:17:51,2025-07-03 09:29:32.569248,24.137144815917814,-110.32889868255089,24.14750429370455,-110.30570088251035
222,10,2025-07-03 09:17:20,2025-07-03 09:36:35.959794,24.15354386539215,-110.30529269293778,24.13597191167073,-110.31160932990313
223,23,2025-07-03 09:17:27,2025-07-03 09:30:10.608211,24.15862836081559,-110.31023098211561,24.14081884426391,-110.30142504788522
224,2,2025-07-03 09:17:10,2025-07-03 09:27:33.943450,24.153310929190944,-110.31300843909432,24.129872872218414,-110.3214183902231
225,21,2025-07-03 09:17:21,2025-07-03 09:28:14.986401,24.129329522540864,-110.31634739204236,24.144017545562004,-110.30548655259999
226,3,2025-07-03 09:18:52,2025-07-03 09:26:04.778438,24.137144815917814,-110.32889868255089,24.148728278054072,-110.31151692457541
227,18,2025-07-03 09:18:39,2025-07-03 09:24:42.537145,24.143523335518026,-110.32225325724811,24.149638399833226,-110.30127514197056
228,4,2025-07-03 09:18:24,2025-07-03 09:30:33.802315,24.131442924658263,-110.32825402654262,24.15225695051954,-110.30643400351374
229,4,2025-07-03 09:18:38,2025-07-03 09:30:08.032164,24.131442924658263,-110.32825402654262,24.14428702532658,-110.31400582984664
230,9,2025-07-03 09:19:04,2025-07-03 09:33:33.387504,24.15034627638478,-110.29769382478108,24.12862425763888,-110.31150557365709
231,12,2025-07-03 09:19:56,2025-07-03 09:31:13.764769,24.135979395873864,-110.31095715788078,24.13371991808262,-110.33078398985312
232,2,2025-07-03 09:19:35,2025-07-03 09:30:21.166704,24.153310929190944,-110.31300843909432,24.12879876884308,-110.3152086388055
233,0,2025-07-03 09:20:53,2025-07-03 09:27:24.772265,24.136087705761437,-110.32116689486283,24.14653128762329,-110.3045111887476
234,4,2025-07-03 09:20:26,2025-07-03 09:26:34.364143,24.131442924658263,-110.32825402654262,24.143441190824934,-110.31360000860244
235,23,2025-07-03 09:20:57,2025-07-03 09:27:52.979738,24.15862836081559,-110.31023098211561,24.13808259405979,-110.31280312454672
236,24,2025-07-03 09:20:21,2025-07-03 09:32:26.002659,24.127608811528862,-110.30946235167666,24.14752154687005,-110.30901193142678
237,18,2025-07-03 09:20:17,2025-07-03 09:41:07.368306,24.143523335518026,-110.32225325724811,24.148403279208523,-110.2984559894068
238,23,2025-07-03 09:20:16,2025-07-03 09:36:08.889924,24.15862836081559,-110.31023098211561,24.141840834117275,-110.30012075099692
239,23,2025-07-03 09:20:52,2025-07-03 09:30:35.387472,24.15862836081559,-110.31023098211561,24.14008256862989,-110.31627185567332
240,23,2025-07-03 09:21:44,2025-07-03 09:35:21.591119,24.15862836081559,-110.31023098211561,24.132161246823422,-110.31490724370826
241,3,2025-07-03 09:21:10,2025-07-03 09:30:35.940306,24.137144815917814,-110.32889868255089,24.142209828813574,-110.31156631053689
242,2,2025-07-03 09:21:42,2025-07-03 09:35:24.812829,24.153310929190944,-110.31300843909432,24.13343414672126,-110.3170850342257
243,4,2025-07-03 09:21:19,2025-07-03 09:31:02.641431,24.131442924658263,-110.32825402654262,24.15215969203992,-110.30341051186481
244,16,2025-07-03 09:21:20,2025-07-03 09:36:41.553953,24.13755113057298,-110.30212098653547,24.136091872116012,-110.32858491481636
245,21,2025-07-03 09:21:51,2025-07-03 09:30:53.742592,24.129329522540864,-110.31634739204236,24.147456704098538,-110.30092649318898
246,22,2025-07-03 09:21:28,2025-07-03 09:33:13.864513,24.136549288952132,-110.30770841886384,24.154542095887432,-110.30927139482536
247,23,2025-07-03 09:21:43,2025-07-03 09:35:07.216580,24.15862836081559,-110.31023098211561,24.137662812563697,-110.3063604233833
248,13,2025-07-03 09:22:15,2025-07-03 09:34:21.866475,24.143044438562143,-110.3034502642352,24.125977829984734,-110.31671849707789
249,10,2025-07-03 09:22:27,2025-07-03 09:34:07.750861,24.15354386539215,-110.30529269293778,24.12920973331203,-110.3129181043976
250,24,2025-07-03 09:22:08,2025-07-03 09:35:04.688488,24.127608811528862,-110.30946235167666,24.148514221300797,-110.31475514051189
251,9,2025-07-03 09:22:00,2025-07-03 09:37:33.283851,24.15034627638478,-110.29769382478108,24.136070511420375,-110.32553800038157
252,6,2025-07-03 09:22:00,2025-07-03 09:34:16.272053,24.132245223224192,-110.3223621365107,24.147760308328465,-110.30013053523409
253,11,2025-07-03 09:23:36,2025-07-03 09:40:09.107266,24.13261392072067,-110.31358374101376,24.152222993281033,-110.30127723996935
254,23,2025-07-03 09:23:32,2025-07-03 09:34:38.772100,24.15862836081559,-110.31023098211561,24.133108476436426,-110.32230215376957
255,14,2025-07-03 09:23:16,2025-07-03 09:33:05.078659,24.15501463349806,-110.3112282286923,24.12894550622161,-110.30907408631182
256,4,2025-07-03 09:23:23,2025-07-03 09:34:10.130268,24.131442924658263,-110.32825402654262,24.141960219768126,-110.31221260651435
257,21,2025-07-03 09:23:51,2025-07-03 09:37:08.410200,24.129329522540864,-110.31634739204236,24.151444433317195,-110.31379123028901
258,13,2025-07-03 09:23:20,2025-07-03 09:31:14.118294,24.143044438562143,-110.3034502642352,24.137996814296375,-110.3256189266038
259,23,2025-07-03 09:24:03,2025-07-03 09:33:26.412860,24.15862836081559,-110.31023098211561,24.139299124285138,-110.30700528605095
260,23,2025-07-03 09:24:17,2025-07-03 09:35:41.293624,24.15862836081559,-110.31023098211561,24.12808061790106,-110.30848810042183
261,9,2025-07-03 09:25:10,2025-07-03 09:38:32.371124,24.15034627638478,-110.29769382478108,24.139562127488272,-110.31605143470699
262,6,2025-07-03 09:25:43,2025-07-03 09:31:04.217219,24.132245223224192,-110.3223621365107,24.14225773756197,-110.30718826132482
263,14,2025-07-03 09:26:13,2025-07-03 09:40:32.684413,24.15501463349806,-110.3112282286923,24.132180139770274,-110.31804507205962
264,3,2025-07-03 09:26:25,2025-07-03 09:34:25.836801,24.137144815917814,-110.32889868255089,24.148449594521395,-110.31427958006054
265,16,2025-07-03 09:27:40,2025-07-03 09:45:46.453385,24.13755113057298,-110.30212098653547,24.13241501370544,-110.32791168182615
266,4,2025-07-03 09:27:28,2025-07-03 09:38:24.687112,24.131442924658263,-110.32825402654262,24.14910876736471,-110.30537645885803
267,2,2025-07-03 09:27:24,2025-07-03 09:44:27.085074,24.153310929190944,-110.31300843909432,24.12914748451591,-110.31509877222398
268,21,2025-07-03 09:27:58,2025-07-03 09:40:30.713007,24.129329522540864,-110.31634739204236,24.146918008437567,-110.3067579056138
269,4,2025-07-03 09:28:16,2025-07-03 09:40:46.740721,24.131442924658263,-110.32825402654262,24.13988739276203,-110.30791317402935
270,3,2025-07-03 09:28:50,2025-07-03 09:43:44.656837,24.137144815917814,-110.32889868255089,24.147548712461187,-110.30171473256603
271,23,2025-07-03 09:28:42,2025-07-03 09:41:53.424400,24.15862836081559,-110.31023098211561,24.142951344139234,-110.32117686073002
272,3,2025-07-03 09:28:01,2025-07-03 09:37:21.148661,24.137144815917814,-110.32889868255089,24.149193976623938,-110.30901436404422
273,4,2025-07-03 09:28:30,2025-07-03 09:40:05.923646,24.131442924658263,-110.32825402654262,24.1425739805821,-110.29672438863008
274,24,2025-07-03 09:29:57,2025-07-03 09:41:10.311898,24.127608811528862,-110.30946235167666,24.153748423098055,-110.30892272074912
275,23,2025-07-03 09:29:13,2025-07-03 09:37:12.345270,24.15862836081559,-110.31023098211561,24.136370710448833,-110.32524112189628
276,0,2025-07-03 09:29:53,2025-07-03 09:36:52.744462,24.136087705761437,-110.32116689486283,24.153766759213624,-110.30246530779587
277,18,2025-07-03 09:30:15,2025-07-03 09:43:18.028258,24.143523335518026,-110.32225325724811,24.148106688820054,-110.30480077265595
278,24,2025-07-03 09:30:36,2025-07-03 09:41:36.514364,24.127608811528862,-110.30946235167666,24.147711918834236,-110.31648477870917
279,20,2025-07-03 09:31:01,2025-07-03 09:46:44.121556,24.135613654618368,-110.30555291810683,24.158498879086974,-110.30903026395215
280,24,2025-07-03 09:32:48,2025-07-03 09:44:09.211772,24.127608811528862,-110.30946235167666,24.149776182284388,-110.3174028358886
281,6,2025-07-03 09:33:08,2025-07-03 09:41:40.162513,24.132245223224192,-110.3223621365107,24.150373520997444,-110.29924810384107
282,14,2025-07-03 09:33:05,2025-07-03 09:45:30.745273,24.15501463349806,-110.3112282286923,24.1323510781023,-110.30788356667962
283,4,2025-07-03 09:34:46,2025-07-03 09:49:33.054808,24.131442924658263,-110.32825402654262,24.147592498307244,-110.29404202062666
284,19,2025-07-03 09:34:05,2025-07-03 09:45:11.268506,24.15433202682739,-110.30733495307709,24.129728744214397,-110.30757815321556
285,18,2025-07-03 09:34:01,2025-07-03 09:47:04.685358,24.143523335518026,-110.32225325724811,24.156541098186317,-110.3083011287746
286,14,2025-07-03 09:35:57,2025-07-03 09:50:57.980726,24.15501463349806,-110.3112282286923,24.133180718088052,-110.31607760005497
287,2,2025-07-03 09:35:42,2025-07-03 09:45:15.689978,24.153310929190944,-110.31300843909432,24.134849900321704,-110.31238856284513
288,4,2025-07-03 09:36:58,2025-07-03 09:46:39.019629,24.131442924658263,-110.32825402654262,24.15093189314624,-110.30966720074565
289,14,2025-07-03 09:37:31,2025-07-03 09:48:17.457529,24.15501463349806,-110.3112282286923,24.133221230433815,-110.32280045813552
290,4,2025-07-03 09:37:58,2025-07-03 09:49:04.610394,24.131442924658263,-110.32825402654262,24.139488939714376,-110.30447559943902
291,11,2025-07-03 09:38:33,2025-07-03 09:54:38.746313,24.13261392072067,-110.31358374101376,24.149842662755862,-110.30675457822797
292,0,2025-07-03 09:38:17,2025-07-03 09:49:53.337875,24.136087705761437,-110.32116689486283,24.139699302102272,-110.30042065934462
293,22,2025-07-03 09:38:34,2025-07-03 09:53:29.449021,24.136549288952132,-110.30770841886384,24.1329587112551,-110.33191345571366
294,2,2025-07-03 09:38:47,2025-07-03 09:50:58.938000,24.153310929190944,-110.31300843909432,24.134212285575803,-110.31026694576248
295,10,2025-07-03 09:39:50,2025-07-03 09:50:20.765286,24.15354386539215,-110.30529269293778,24.1334745042708,-110.32009904328382
296,9,2025-07-03 09:40:33,2025-07-03 09:53:07.064451,24.15034627638478,-110.29769382478108,24.13120705259792,-110.326139616758
297,9,2025-07-03 09:40:40,2025-07-03 09:50:38.283263,24.15034627638478,-110.29769382478108,24.130921325834702,-110.32753565454881
298,13,2025-07-03 09:40:31,2025-07-03 09:56:47.625866,24.143044438562143,-110.3034502642352,24.144943064056115,-110.32314779294421
299,23,2025-07-03 09:40:16,2025-07-03 09:52:31.575246,24.15862836081559,-110.31023098211561,24.132269965194556,-110.32760997562934
300,19,2025-07-03 09:41:16,2025-07-03 09:51:01.693024,24.15433202682739,-110.30733495307709,24.13398067161112,-110.32158534965568
301,20,2025-07-03 09:42:21,2025-07-03 09:56:59.057152,24.135613654618368,-110.30555291810683,24.153312850499297,-110.31010259332224
302,9,2025-07-03 09:42:28,2025-07-03 09:53:54.808575,24.15034627638478,-110.29769382478108,24.13934304007932,-110.32155592678497
303,6,2025-07-03 09:42:23,2025-07-03 09:55:19.057987,24.132245223224192,-110.3223621365107,24.14333452055655,-110.30687582096682
304,20,2025-07-03 09:44:02,2025-07-03 09:55:30.263524,24.135613654618368,-110.30555291810683,24.15146512929882,-110.31628999623777
305,18,2025-07-03 09:44:32,2025-07-03 09:57:23.640741,24.143523335518026,-110.32225325724811,24.126689046463916,-110.31358901096122
306,4,2025-07-03 09:44:52,2025-07-03 09:58:19.341373,24.131442924658263,-110.32825402654262,24.144948022340685,-110.30137109958109
307,16,2025-07-03 09:45:11,2025-07-03 09:50:11.000000,24.13755113057298,-110.30212098653547,24.148862668683293,-110.31809448201955
308,6,2025-07-03 09:45:10,2025-07-03 09:51:46.712182,24.132245223224192,-110.3223621365107,24.148703593933263,-110.31060609895398
309,18,2025-07-03 09:45:32,2025-07-03 09:55:54.669066,24.143523335518026,-110.32225325724811,24.14265536892115,-110.3031848739037
310,23,2025-07-03 09:46:23,2025-07-03 09:56:53.037343,24.15862836081559,-110.31023098211561,24.13864114316755,-110.30277946100057
311,23,2025-07-03 09:46:26,2025-07-03 09:56:25.076439,24.15862836081559,-110.31023098211561,24.141029100053974,-110.318379732076
312,21,2025-07-03 09:46:10,2025-07-03 10:01:52.671257,24.129329522540864,-110.31634739204236,24.152575887227208,-110.31353991541003
313,19,2025-07-03 09:47:26,2025-07-03 09:58:26.326480,24.15433202682739,-110.30733495307709,24.131067565770625,-110.32714755030291
314,6,2025-07-03 09:48:34,2025-07-03 10:01:34.925434,24.132245223224192,-110.3223621365107,24.152620510928884,-110.30095834613157
315,10,2025-07-03 09:48:44,2025-07-03 10:00:05.248298,24.15354386539215,-110.30529269293778,24.13625004341526,-110.32867226572102
316,24,2025-07-03 09:50:37,2025-07-03 10:03:02.396931,24.127608811528862,-110.30946235167666,24.14679172201805,-110.31369747881097
317,9,2025-07-03 09:50:57,2025-07-03 10:01:51.258879,24.15034627638478,-110.29769382478108,24.13964645117982,-110.31745336891139
318,4,2025-07-03 09:50:12,2025-07-03 10:03:38.879169,24.131442924658263,-110.32825402654262,24.144914063223563,-110.3134588472865
319,4,2025-07-03 09:51:56,2025-07-03 10:00:40.936864,24.131442924658263,-110.32825402654262,24.143663665775208,-110.31397077514733
320,0,2025-07-03 09:51:16,2025-07-03 10:06:40.637315,24.136087705761437,-110.32116689486283,24.15464642470838,-110.31032685221926
321,1,2025-07-03 09:52:07,2025-07-03 10:01:16.789010,24.137298378582507,-110.30224973910845,24.1353978167048,-110.32225754389196
322,3,2025-07-03 09:52:11,2025-07-03 10:05:46.969645,24.137144815917814,-110.32889868255089,24.14000202865046,-110.30387464701559
323,3,2025-07-03 09:52:54,2025-07-03 10:06:14.746405,24.137144815917814,-110.32889868255089,24.139294323980213,-110.30803470726381
324,4,2025-07-03 09:53:15,2025-07-03 10:10:03.282231,24.131442924658263,-110.32825402654262,24.140118455531784,-110.30839852406841
325,21,2025-07-03 09:53:04,2025-07-03 10:04:17.940318,24.129329522540864,-110.31634739204236,24.13897728801244,-110.29966388853263
326,19,2025-07-03 09:54:57,2025-07-03 10:06:56.698558,24.15433202682739,-110.30733495307709,24.12727698325247,-110.3154070000942
327,4,2025-07-03 09:56:34,2025-07-03 10:04:01.296142,24.131442924658263,-110.32825402654262,24.15095637504095,-110.31153547299695
328,3,2025-07-03 09:56:25,2025-07-03 10:12:01.965332,24.137144815917814,-110.32889868255089,24.13727254055243,-110.30911115054936
329,24,2025-07-03 09:56:17,2025-07-03 10:08:48.427724,24.127608811528862,-110.30946235167666,24.155682408524584,-110.311422248796
330,0,2025-07-03 09:56:26,2025-07-03 10:09:37.464410,24.136087705761437,-110.32116689486283,24.148956526208046,-110.30197997601279
331,3,2025-07-03 09:57:48,2025-07-03 10:08:21.552233,24.137144815917814,-110.32889868255089,24.151467278265198,-110.30351306425197
332,11,2025-07-03 09:59:40,2025-07-03 10:13:35.204193,24.13261392072067,-110.31358374101376,24.146202952228776,-110.29911735926856
333,24,2025-07-03 10:00:18,2025-07-03 10:13:35.496241,24.127608811528862,-110.30946235167666,24.151781611202928,-110.3069527701187
334,23,2025-07-03 10:00:26,2025-07-03 10:11:16.071609,24.15862836081559,-110.31023098211561,24.14190931676244,-110.29917593882851
335,2,2025-07-03 10:01:11,2025-07-03 10:15:13.609379,24.153310929190944,-110.31300843909432,24.148120255976952,-110.2943276707259
336,15,2025-07-03 10:02:18,2025-07-03 10:20:32.697518,24.13944555726902,-110.30752500649528,24.12947663521953,-110.32398969247193
337,24,2025-07-03 10:03:07,2025-07-03 10:08:19.511866,24.127608811528862,-110.30946235167666,24.146704346125965,-110.3019280998471
338,11,2025-07-03 10:05:28,2025-07-03 10:16:49.286846,24.13261392072067,-110.31358374101376,24.14497177012728,-110.29916582760958
339,14,2025-07-03 10:07:48,2025-07-03 10:23:31.843490,24.15501463349806,-110.3112282286923,24.134138345339963,-110.32798174703271
340,19,2025-07-03 10:07:54,2025-07-03 10:17:43.907606,24.15433202682739,-110.30733495307709,24.137792045554196,-110.33031873274763
341,9,2025-07-03 10:08:55,2025-07-03 10:21:09.631758,24.15034627638478,-110.29769382478108,24.133604873446554,-110.32275269674484
342,13,2025-07-03 10:08:24,2025-07-03 10:23:49.583963,24.143044438562143,-110.3034502642352,24.13308346307619,-110.3285375563953
343,10,2025-07-03 10:08:58,2025-07-03 10:24:32.698832,24.15354386539215,-110.30529269293778,24.1297840364726,-110.32180799405651
344,3,2025-07-03 10:09:26,2025-07-03 10:24:15.346628,24.137144815917814,-110.32889868255089,24.138358105562038,-110.30936801172658
345,0,2025-07-03 10:11:50,2025-07-03 10:21:20.081767,24.136087705761437,-110.32116689486283,24.152122965020876,-110.31017037022993
346,9,2025-07-03 10:11:27,2025-07-03 10:21:47.846882,24.15034627638478,-110.29769382478108,24.134416659167837,-110.32968041834444
347,14,2025-07-03 10:12:49,2025-07-03 10:27:58.896100,24.15501463349806,-110.3112282286923,24.12731395896072,-110.31114685041634
348,19,2025-07-03 10:12:59,2025-07-03 10:24:35.525220,24.15433202682739,-110.30733495307709,24.130644158957836,-110.31703924963502
349,24,2025-07-03 10:12:35,2025-07-03 10:23:03.219972,24.127608811528862,-110.30946235167666,24.146302272089738,-110.2988517064346
350,1,2025-07-03 10:13:55,2025-07-03 10:24:13.742260,24.137298378582507,-110.30224973910845,24.13855322112981,-110.32152753703963
351,20,2025-07-03 10:13:18,2025-07-03 10:23:15.346837,24.135613654618368,-110.30555291810683,24.140287296357762,-110.32534109139422
352,21,2025-07-03 10:14:00,2025-07-03 10:20:11.362838,24.129329522540864,-110.31634739204236,24.147473017460936,-110.31574043435617
353,2,2025-07-03 10:15:02,2025-07-03 10:26:13.332168,24.153310929190944,-110.31300843909432,24.135561181767002,-110.32673688684399
354,21,2025-07-03 10:15:35,2025-07-03 10:28:48.342418,24.129329522540864,-110.31634739204236,24.15169502755124,-110.3043994065824
355,23,2025-07-03 10:16:56,2025-07-03 10:33:57.551818,24.15862836081559,-110.31023098211561,24.138060065572684,-110.32423721815127
356,16,2025-07-03 10:16:20,2025-07-03 10:26:26.108100,24.13755113057298,-110.30212098653547,24.156346150862404,-110.31164589144662
357,14,2025-07-03 10:18:52,2025-07-03 10:27:34.149629,24.15501463349806,-110.3112282286923,24.13661197762186,-110.31339159124839
358,0,2025-07-03 10:18:15,2025-07-03 10:28:08.923726,24.136087705761437,-110.32116689486283,24.144479961181926,-110.30140475022212
359,14,2025-07-03 10:20:45,2025-07-03 10:30:38.980833,24.15501463349806,-110.3112282286923,24.126681831150233,-110.31184479373925
360,21,2025-07-03 10:20:59,2025-07-03 10:30:43.506394,24.129329522540864,-110.31634739204236,24.144929064846025,-110.30550420556213
361,14,2025-07-03 10:20:35,2025-07-03 10:25:35.000000,24.15501463349806,-110.3112282286923,24.135492734951328,-110.31114866201345
362,19,2025-07-03 10:24:59,2025-07-03 10:38:05.738900,24.15433202682739,-110.30733495307709,24.138677237377482,-110.32216168672147
363,23,2025-07-03 10:25:42,2025-07-03 10:41:56.835903,24.15862836081559,-110.31023098211561,24.141599931652593,-110.32502353532593
364,1,2025-07-03 10:25:38,2025-07-03 10:36:29.736216,24.137298378582507,-110.30224973910845,24.145637946203912,-110.31882309296493
365,4,2025-07-03 10:26:27,2025-07-03 10:39:35.065913,24.131442924658263,-110.32825402654262,24.149762045171258,-110.31318593542889
366,4,2025-07-03 10:26:22,2025-07-03 10:48:28.139382,24.131442924658263,-110.32825402654262,24.142017312630475,-110.3074377050647
367,13,2025-07-03 10:28:35,2025-07-03 10:40:05.365687,24.143044438562143,-110.3034502642352,24.138682883490194,-110.32497713150492
368,16,2025-07-03 10:28:29,2025-07-03 10:36:21.826806,24.13755113057298,-110.30212098653547,24.14025213458092,-110.32332252948005
369,2,2025-07-03 10:29:42,2025-07-03 10:45:10.781228,24.153310929190944,-110.31300843909432,24.129927518348147,-110.31675427999225
370,1,2025-07-03 10:29:24,2025-07-03 10:39:55.508747,24.137298378582507,-110.30224973910845,24.141410970227057,-110.3199547195959
371,1,2025-07-03 10:29:28,2025-07-03 10:42:51.539009,24.137298378582507,-110.30224973910845,24.152596474635484,-110.31589219526721
372,19,2025-07-03 10:35:19,2025-07-03 10:51:42.696639,24.15433202682739,-110.30733495307709,24.139059822560213,-110.31719029699626
373,9,2025-07-03 10:35:18,2025-07-03 10:51:01.250255,24.15034627638478,-110.29769382478108,24.137928245480904,-110.31441060706842
374,16,2025-07-03 10:36:42,2025-07-03 10:45:00.846756,24.13755113057298,-110.30212098653547,24.152791814177224,-110.31509483475902
375,4,2025-07-03 10:36:52,2025-07-03 10:45:01.849192,24.131442924658263,-110.32825402654262,24.146190254859608,-110.3057850921952
376,9,2025-07-03 10:37:30,2025-07-03 10:50:55.179518,24.15034627638478,-110.29769382478108,24.13827870167859,-110.32250877651356
377,10,2025-07-03 10:38:37,2025-07-03 10:54:05.964043,24.15354386539215,-110.30529269293778,24.144147795220334,-110.32364394901336
378,24,2025-07-03 10:38:22,2025-07-03 10:47:57.452350,24.127608811528862,-110.30946235167666,24.13214747247109,-110.32857913055184
379,9,2025-07-03 10:40:05,2025-07-03 10:47:00.142434,24.15034627638478,-110.29769382478108,24.126630505024043,-110.31584149389829
380,3,2025-07-03 10:40:01,2025-07-03 10:54:34.888902,24.137144815917814,-110.32889868255089,24.134067584727024,-110.31095549315006
381,4,2025-07-03 10:41:30,2025-07-03 10:53:21.201197,24.131442924658263,-110.32825402654262,24.14096068767889,-110.3061160644593
382,24,2025-07-03 10:43:24,2025-07-03 10:54:13.330146,24.127608811528862,-110.30946235167666,24.146865498837926,-110.31425249824336
383,3,2025-07-03 10:44:51,2025-07-03 11:01:32.180440,24.137144815917814,-110.32889868255089,24.12934632146627,-110.30834454050569
384,20,2025-07-03 10:44:04,2025-07-03 10:57:06.880692,24.135613654618368,-110.30555291810683,24.156404916039083,-110.30950069526769
385,18,2025-07-03 10:44:01,2025-07-03 10:56:09.413676,24.143523335518026,-110.32225325724811,24.13773527031838,-110.30467424751875
386,10,2025-07-03 10:44:32,2025-07-03 10:58:26.455565,24.15354386539215,-110.30529269293778,24.14265460116501,-110.32261357539085
387,14,2025-07-03 10:45:36,2025-07-03 10:59:07.191845,24.15501463349806,-110.3112282286923,24.144434709871753,-110.29607261492207
388,6,2025-07-03 10:46:19,2025-07-03 11:01:32.678570,24.132245223224192,-110.3223621365107,24.1528275502917,-110.30558591274504
389,11,2025-07-03 10:46:26,2025-07-03 10:59:12.172541,24.13261392072067,-110.31358374101376,24.15085438191767,-110.30894980975552
390,9,2025-07-03 10:49:45,2025-07-03 11:01:56.244903,24.15034627638478,-110.29769382478108,24.14592219231693,-110.31808216519089
391,23,2025-07-03 10:52:20,2025-07-03 11:03:26.066887,24.15862836081559,-110.31023098211561,24.133568913305833,-110.31630592455318
392,21,2025-07-03 10:57:45,2025-07-03 11:12:30.393633,24.129329522540864,-110.31634739204236,24.15721564201665,-110.30751845306503
393,23,2025-07-03 10:59:41,2025-07-03 11:15:33.925208,24.15862836081559,-110.31023098211561,24.12620911974861,-110.31694439054186
394,6,2025-07-03 11:03:54,2025-07-03 11:15:27.871107,24.132245223224192,-110.3223621365107,24.14392143055063,-110.30378133066922
395,2,2025-07-03 11:06:09,2025-07-03 11:15:32.049221,24.153310929190944,-110.31300843909432,24.130601859358663,-110.32851623679365
396,16,2025-07-03 11:07:21,2025-07-03 11:23:47.151210,24.13755113057298,-110.30212098653547,24.14724858106387,-110.31834047715957
397,4,2025-07-03 11:08:36,2025-07-03 11:17:02.650490,24.131442924658263,-110.32825402654262,24.145772488604592,-110.29824123747764
398,18,2025-07-03 11:08:50,2025-07-03 11:14:11.063992,24.143523335518026,-110.32225325724811,24.146625808791068,-110.29911393178963
399,10,2025-07-03 11:09:11,2025-07-03 11:15:52.068085,24.15354386539215,-110.30529269293778,24.130688494051988,-110.31142532773947
400,14,2025-07-03 11:14:58,2025-07-03 11:23:52.826526,24.15501463349806,-110.3112282286923,24.132534709368446,-110.31505777139968
401,23,2025-07-03 11:14:05,2025-07-03 11:27:09.765071,24.15862836081559,-110.31023098211561,24.13842609761216,-110.3093853888442
402,10,2025-07-03 11:17:12,2025-07-03 11:33:08.461932,24.15354386539215,-110.30529269293778,24.145087029598898,-110.32141179627011
403,24,2025-07-03 11:18:34,2025-07-03 11:29:39.411493,24.127608811528862,-110.30946235167666,24.144451702411676,-110.29537871325428
404,13,2025-07-03 11:19:16,2025-07-03 11:30:16.319134,24.143044438562143,-110.3034502642352,24.126268122888263,-110.31497468490963
405,1,2025-07-03 11:22:24,2025-07-03 11:35:21.028877,24.137298378582507,-110.30224973910845,24.14078401614323,-110.32589836150474
406,14,2025-07-03 11:22:12,2025-07-03 11:36:56.668448,24.15501463349806,-110.3112282286923,24.135766529255847,-110.32190661392872
407,16,2025-07-03 11:24:25,2025-07-03 11:37:45.118157,24.13755113057298,-110.30212098653547,24.135455764236067,-110.32475094150188
408,14,2025-07-03 11:24:44,2025-07-03 11:31:53.594074,24.15501463349806,-110.3112282286923,24.128292992477494,-110.31783037679313
409,1,2025-07-03 11:26:03,2025-07-03 11:35:01.508632,24.137298378582507,-110.30224973910845,24.136465617123797,-110.32835271616511
410,3,2025-07-03 11:27:50,2025-07-03 11:44:53.198908,24.137144815917814,-110.32889868255089,24.140461882499977,-110.30622020525746
411,2,2025-07-03 11:32:11,2025-07-03 11:41:12.943555,24.153310929190944,-110.31300843909432,24.133953457271822,-110.31175439336425
412,11,2025-07-03 11:35:49,2025-07-03 11:45:15.793420,24.13261392072067,-110.31358374101376,24.15184462070412,-110.30537723350503
413,14,2025-07-03 11:38:41,2025-07-03 11:55:32.700113,24.15501463349806,-110.3112282286923,24.134225622176128,-110.32241074554692
414,18,2025-07-03 11:40:50,2025-07-03 11:51:47.229236,24.143523335518026,-110.32225325724811,24.126613689841783,-110.31165448974731
415,18,2025-07-03 11:44:51,2025-07-03 11:59:09.815055,24.143523335518026,-110.32225325724811,24.14725735305796,-110.30369630476591
416,2,2025-07-03 11:46:42,2025-07-03 12:02:05.456141,24.153310929190944,-110.31300843909432,24.132103000369252,-110.31209246749876
417,19,2025-07-03 11:47:34,2025-07-03 12:01:20.501234,24.15433202682739,-110.30733495307709,24.133290590263897,-110.31764478455764
418,6,2025-07-03 11:50:19,2025-07-03 12:03:39.141948,24.132245223224192,-110.3223621365107,24.152864350570745,-110.31471057623666
419,24,2025-07-03 11:50:37,2025-07-03 11:57:06.511475,24.127608811528862,-110.30946235167666,24.145267739070846,-110.31946897188134
420,6,2025-07-03 11:51:22,2025-07-03 12:00:30.095043,24.132245223224192,-110.3223621365107,24.14194193688962,-110.30653920682487
421,2,2025-07-03 11:51:22,2025-07-03 12:01:34.329072,24.153310929190944,-110.31300843909432,24.13555804498838,-110.30638872864344
422,23,2025-07-03 11:55:59,2025-07-03 12:11:25.910203,24.15862836081559,-110.31023098211561,24.12667571184381,-110.31643413841931
423,8,2025-07-03 11:58:32,2025-07-03 12:13:14.813398,24.148193886681828,-110.31413073456456,24.12598108292066,-110.31684315238698
424,2,2025-07-03 11:59:03,2025-07-03 12:06:13.248236,24.153310929190944,-110.31300843909432,24.136204942636567,-110.30696388972667
425,4,2025-07-03 12:00:21,2025-07-03 12:14:39.129589,24.131442924658263,-110.32825402654262,24.141360857304655,-110.30420889489179
426,0,2025-07-03 12:01:26,2025-07-03 12:16:18.941925,24.136087705761437,-110.32116689486283,24.154832234778702,-110.31352974087834
427,3,2025-07-03 12:02:55,2025-07-03 12:17:00.575650,24.137144815917814,-110.32889868255089,24.145308982741767,-110.31056473724558
428,9,2025-07-03 12:03:21,2025-07-03 12:11:06.097769,24.15034627638478,-110.29769382478108,24.133698810041203,-110.31840305139268
429,4,2025-07-03 12:04:56,2025-07-03 12:18:57.586200,24.131442924658263,-110.32825402654262,24.150325472813307,-110.30039596410364
430,23,2025-07-03 12:06:05,2025-07-03 12:22:42.482188,24.15862836081559,-110.31023098211561,24.137848631810655,-110.32042170643888
431,2,2025-07-03 12:06:37,2025-07-03 12:18:31.368022,24.153310929190944,-110.31300843909432,24.135831036892313,-110.31984745313993
432,23,2025-07-03 12:06:34,2025-07-03 12:24:10.681209,24.15862836081559,-110.31023098211561,24.127915537705434,-110.31963087645296
433,3,2025-07-03 12:07:15,2025-07-03 12:21:05.784037,24.137144815917814,-110.32889868255089,24.14379309144496,-110.31004704219183
434,3,2025-07-03 12:09:42,2025-07-03 12:22:56.145151,24.137144815917814,-110.32889868255089,24.13161209745587,-110.30812044231878
435,9,2025-07-03 12:10:50,2025-07-03 12:28:56.898693,24.15034627638478,-110.29769382478108,24.132575152533185,-110.31806091481845
436,20,2025-07-03 12:13:44,2025-07-03 12:26:36.949388,24.135613654618368,-110.30555291810683,24.133457683315203,-110.32521150560325
437,23,2025-07-03 12:13:50,2025-07-03 12:24:27.472980,24.15862836081559,-110.31023098211561,24.14017762394622,-110.31786889494805
438,21,2025-07-03 12:23:48,2025-07-03 12:36:27.188874,24.129329522540864,-110.31634739204236,24.147238559282712,-110.3040147673954
439,9,2025-07-03 12:28:17,2025-07-03 12:40:28.375494,24.15034627638478,-110.29769382478108,24.146667613187194,-110.31591163409655
440,11,2025-07-03 12:30:30,2025-07-03 12:43:21.760270,24.13261392072067,-110.31358374101376,24.15407585192483,-110.31328576738329
441,10,2025-07-03 12:31:18,2025-07-03 12:41:12.668369,24.15354386539215,-110.30529269293778,24.1409162185817,-110.32318975717303
442,6,2025-07-03 12:32:29,2025-07-03 12:45:27.111852,24.132245223224192,-110.3223621365107,24.151694181858936,-110.30558981166622
443,9,2025-07-03 12:32:01,2025-07-03 12:43:39.201423,24.15034627638478,-110.29769382478108,24.13543587846068,-110.31310434198024
444,6,2025-07-03 12:32:34,2025-07-03 12:51:31.553959,24.132245223224192,-110.3223621365107,24.147696283387607,-110.30375646396391
445,10,2025-07-03 12:33:09,2025-07-03 12:48:40.840538,24.15354386539215,-110.30529269293778,24.135288879787318,-110.31808473185913
446,19,2025-07-03 12:34:41,2025-07-03 12:49:57.210303,24.15433202682739,-110.30733495307709,24.129720877198107,-110.31249323337666
447,2,2025-07-03 12:35:59,2025-07-03 12:46:45.061203,24.153310929190944,-110.31300843909432,24.13569670539213,-110.30249424421284
448,10,2025-07-03 12:37:52,2025-07-03 12:50:29.379740,24.15354386539215,-110.30529269293778,24.12682198832242,-110.31458750473378
449,12,2025-07-03 12:38:11,2025-07-03 12:51:34.223350,24.135979395873864,-110.31095715788078,24.1467442164526,-110.2962196649623
450,23,2025-07-03 12:39:21,2025-07-03 12:46:40.722185,24.15862836081559,-110.31023098211561,24.138740163537413,-110.310091082572
451,4,2025-07-03 12:40:59,2025-07-03 12:54:24.289709,24.131442924658263,-110.32825402654262,24.14974701907392,-110.31679229984431
452,3,2025-07-03 12:42:25,2025-07-03 12:55:14.335999,24.137144815917814,-110.32889868255089,24.13100844184588,-110.31036486486983
453,14,2025-07-03 12:43:03,2025-07-03 12:52:54.601573,24.15501463349806,-110.3112282286923,24.139492344976127,-110.32272513891704
454,16,2025-07-03 12:44:24,2025-07-03 12:55:43.165814,24.13755113057298,-110.30212098653547,24.129006004807728,-110.3227919969193
455,6,2025-07-03 12:45:34,2025-07-03 12:56:42.638918,24.132245223224192,-110.3223621365107,24.149802780655985,-110.29961123675206
456,16,2025-07-03 12:46:18,2025-07-03 12:54:42.688400,24.13755113057298,-110.30212098653547,24.14085079014154,-110.3232685987295
457,4,2025-07-03 12:47:57,2025-07-03 12:59:17.775605,24.131442924658263,-110.32825402654262,24.13274576912757,-110.3061143110523
458,14,2025-07-03 12:49:19,2025-07-03 13:02:31.220269,24.15501463349806,-110.3112282286923,24.13317429022913,-110.31092080584658
459,10,2025-07-03 12:50:18,2025-07-03 13:01:21.292557,24.15354386539215,-110.30529269293778,24.12738121336043,-110.32062188291884
460,3,2025-07-03 12:50:39,2025-07-03 13:05:02.271903,24.137144815917814,-110.32889868255089,24.13814982669147,-110.30502346295906
461,15,2025-07-03 12:52:30,2025-07-03 13:00:11.891802,24.13944555726902,-110.30752500649528,24.136588941517648,-110.32721804680668
462,4,2025-07-03 12:52:26,2025-07-03 13:06:31.235418,24.131442924658263,-110.32825402654262,24.143130899795388,-110.31401228825648
463,21,2025-07-03 12:54:50,2025-07-03 13:02:44.720213,24.129329522540864,-110.31634739204236,24.153160262881826,-110.31224999310284
464,24,2025-07-03 12:54:04,2025-07-03 13:04:41.593685,24.127608811528862,-110.30946235167666,24.15093197371089,-110.30687429588271
465,9,2025-07-03 12:55:14,2025-07-03 13:10:12.004171,24.15034627638478,-110.29769382478108,24.1378090358911,-110.31970280681814
466,19,2025-07-03 12:58:50,2025-07-03 13:11:34.655079,24.15433202682739,-110.30733495307709,24.13717637852462,-110.32083644972704
467,9,2025-07-03 12:58:21,2025-07-03 13:13:05.268740,24.15034627638478,-110.29769382478108,24.133745633456563,-110.32139799710103
468,21,2025-07-03 13:00:00,2025-07-03 13:12:07.896810,24.129329522540864,-110.31634739204236,24.147310747346957,-110.31451458707485
469,3,2025-07-03 13:01:35,2025-07-03 13:14:54.033622,24.137144815917814,-110.32889868255089,24.145264716188894,-110.30204809504067
470,24,2025-07-03 13:02:33,2025-07-03 13:13:16.141308,24.127608811528862,-110.30946235167666,24.151412778489142,-110.30782198199162
471,3,2025-07-03 13:06:15,2025-07-03 13:22:05.215605,24.137144815917814,-110.32889868255089,24.156616114616043,-110.30950321466635
472,14,2025-07-03 13:06:50,2025-07-03 13:19:59.172334,24.15501463349806,-110.3112282286923,24.131467551801304,-110.31322031287947
473,22,2025-07-03 13:07:08,2025-07-03 13:22:12.344640,24.136549288952132,-110.30770841886384,24.141747248771452,-110.32498353161277
474,20,2025-07-03 13:07:40,2025-07-03 13:18:42.404273,24.135613654618368,-110.30555291810683,24.14682757276766,-110.32157037625193
475,4,2025-07-03 13:07:08,2025-07-03 13:14:54.197660,24.131442924658263,-110.32825402654262,24.147615611927357,-110.30666456977835
476,9,2025-07-03 13:09:11,2025-07-03 13:18:28.946165,24.15034627638478,-110.29769382478108,24.14273610723043,-110.32103688861466
477,1,2025-07-03 13:13:23,2025-07-03 13:23:26.823383,24.137298378582507,-110.30224973910845,24.143985568575612,-110.3233303357109
478,6,2025-07-03 13:14:49,2025-07-03 13:25:16.235795,24.132245223224192,-110.3223621365107,24.154300814948947,-110.30629423170761
479,8,2025-07-03 13:14:27,2025-07-03 13:29:12.864929,24.148193886681828,-110.31413073456456,24.13065263237975,-110.3068363866905
480,14,2025-07-03 13:15:37,2025-07-03 13:21:45.314719,24.15501463349806,-110.3112282286923,24.138655610123664,-110.30083433330425
481,3,2025-07-03 13:16:32,2025-07-03 13:28:52.019113,24.137144815917814,-110.32889868255089,24.147473131878634,-110.31313610173989
482,18,2025-07-03 13:17:24,2025-07-03 13:29:50.094968,24.143523335518026,-110.32225325724811,24.131388660301504,-110.30602414650194
483,23,2025-07-03 13:18:47,2025-07-03 13:36:05.103331,24.15862836081559,-110.31023098211561,24.135329520079882,-110.30552008646488
484,9,2025-07-03 13:18:00,2025-07-03 13:36:17.046952,24.15034627638478,-110.29769382478108,24.143866326337378,-110.31616733224644
485,1,2025-07-03 13:19:50,2025-07-03 13:30:54.900581,24.137298378582507,-110.30224973910845,24.14477965043786,-110.31882684084609
486,19,2025-07-03 13:23:29,2025-07-03 13:35:23.601783,24.15433202682739,-110.30733495307709,24.128305952163753,-110.31887021925739
487,23,2025-07-03 13:24:00,2025-07-03 13:34:37.144960,24.15862836081559,-110.31023098211561,24.137540613505355,-110.3115719874718
488,19,2025-07-03 13:24:02,2025-07-03 13:35:21.511735,24.15433202682739,-110.30733495307709,24.14247960316655,-110.32287337669788
489,10,2025-07-03 13:25:17,2025-07-03 13:34:56.763895,24.15354386539215,-110.30529269293778,24.145517737660313,-110.3215956726919
490,19,2025-07-03 13:25:15,2025-07-03 13:38:51.043891,24.15433202682739,-110.30733495307709,24.13865313304872,-110.31997080920702
491,9,2025-07-03 13:27:10,2025-07-03 13:36:58.295480,24.15034627638478,-110.29769382478108,24.13186379998699,-110.31536595142929
492,18,2025-07-03 13:27:32,2025-07-03 13:44:01.047498,24.143523335518026,-110.32225325724811,24.140156766229314,-110.3007001486903
493,9,2025-07-03 13:27:00,2025-07-03 13:35:16.571192,24.15034627638478,-110.29769382478108,24.135471746992838,-110.318688814759
494,9,2025-07-03 13:27:13,2025-07-03 13:39:38.221176,24.15034627638478,-110.29769382478108,24.13758927529031,-110.3170491882804
495,23,2025-07-03 13:27:38,2025-07-03 13:40:05.657122,24.15862836081559,-110.31023098211561,24.133894072869495,-110.31924768490302
496,14,2025-07-03 13:28:36,2025-07-03 13:35:00.542201,24.15501463349806,-110.3112282286923,24.136081605314615,-110.31366699710962
497,2,2025-07-03 13:28:46,2025-07-03 13:40:38.151531,24.153310929190944,-110.31300843909432,24.138135858805963,-110.3280490282468
498,19,2025-07-03 13:28:44,2025-07-03 13:41:37.413581,24.15433202682739,-110.30733495307709,24.126468303541564,-110.31513958573713
499,17,2025-07-03 13:28:09,2025-07-03 13:39:40.036575,24.139591737490434,-110.31658928074611,24.144089409656303,-110.29584902992428
500,16,2025-07-03 13:31:31,2025-07-03 13:43:03.933597,24.13755113057298,-110.30212098653547,24.145790332081088,-110.32147416612041
501,9,2025-07-03 13:31:35,2025-07-03 13:42:50.895078,24.15034627638478,-110.29769382478108,24.135880980546577,-110.31041275782387
502,14,2025-07-03 13:32:04,2025-07-03 13:38:58.565631,24.15501463349806,-110.3112282286923,24.14411907040887,-110.2960816406059
503,1,2025-07-03 13:33:32,2025-07-03 13:42:59.369942,24.137298378582507,-110.30224973910845,24.132308760551506,-110.32813020847053
504,10,2025-07-03 13:34:52,2025-07-03 13:47:00.369000,24.15354386539215,-110.30529269293778,24.139602963182792,-110.31672446695082
505,10,2025-07-03 13:40:39,2025-07-03 13:54:24.460526,24.15354386539215,-110.30529269293778,24.138197634233354,-110.3198835120388
506,3,2025-07-03 13:43:01,2025-07-03 13:57:29.707471,24.137144815917814,-110.32889868255089,24.145193991990197,-110.30920874575436
507,24,2025-07-03 13:44:39,2025-07-03 13:52:20.430096,24.127608811528862,-110.30946235167666,24.146289710420387,-110.30485066283244
508,6,2025-07-03 13:45:35,2025-07-03 14:00:45.878503,24.132245223224192,-110.3223621365107,24.155610971109738,-110.30789145223756
509,0,2025-07-03 13:46:11,2025-07-03 13:55:44.007656,24.136087705761437,-110.32116689486283,24.15396765317795,-110.30424969138578
510,13,2025-07-03 13:46:11,2025-07-03 13:56:47.358409,24.143044438562143,-110.3034502642352,24.127245161831485,-110.31385705947967
511,17,2025-07-03 13:48:09,2025-07-03 14:00:24.647498,24.139591737490434,-110.31658928074611,24.14921272531287,-110.29968543169332
512,21,2025-07-03 13:52:07,2025-07-03 14:00:53.054072,24.129329522540864,-110.31634739204236,24.14932090050209,-110.31246748577924
513,23,2025-07-03 13:54:49,2025-07-03 14:08:08.735952,24.15862836081559,-110.31023098211561,24.14019547014623,-110.31506464097716
514,19,2025-07-03 13:54:06,2025-07-03 14:09:33.964873,24.15433202682739,-110.30733495307709,24.135047357907787,-110.3191547608958
515,9,2025-07-03 13:56:54,2025-07-03 14:09:11.269135,24.15034627638478,-110.29769382478108,24.13312443453996,-110.3059773795251
516,21,2025-07-03 13:57:25,2025-07-03 14:04:29.102457,24.129329522540864,-110.31634739204236,24.152593197691864,-110.30987487431373
517,21,2025-07-03 13:57:26,2025-07-03 14:11:12.081971,24.129329522540864,-110.31634739204236,24.144452132588974,-110.30242492886347
518,4,2025-07-03 13:59:36,2025-07-03 14:14:44.375332,24.131442924658263,-110.32825402654262,24.136555330016318,-110.30970532647179
519,6,2025-07-03 13:59:43,2025-07-03 14:10:43.231489,24.132245223224192,-110.3223621365107,24.150295126740293,-110.30054058028611
520,24,2025-07-03 14:01:00,2025-07-03 14:13:54.454879,24.127608811528862,-110.30946235167666,24.147831370260132,-110.304448755864
521,14,2025-07-03 14:03:56,2025-07-03 14:15:13.417188,24.15501463349806,-110.3112282286923,24.131955215537335,-110.31468300260079
522,22,2025-07-03 14:04:12,2025-07-03 14:16:47.583893,24.136549288952132,-110.30770841886384,24.14069810530272,-110.32626357568799
523,10,2025-07-03 14:05:51,2025-07-03 14:17:57.061408,24.15354386539215,-110.30529269293778,24.137939373424985,-110.32221387128779
524,20,2025-07-03 14:07:22,2025-07-03 14:19:05.696119,24.135613654618368,-110.30555291810683,24.15459611176975,-110.31395628989084
525,9,2025-07-03 14:07:25,2025-07-03 14:20:44.093446,24.15034627638478,-110.29769382478108,24.13080505257061,-110.30635525041623
526,0,2025-07-03 14:08:34,2025-07-03 14:22:42.730431,24.136087705761437,-110.32116689486283,24.147600326855763,-110.30091188583563
527,9,2025-07-03 14:11:18,2025-07-03 14:19:21.859131,24.15034627638478,-110.29769382478108,24.13658071035126,-110.31983333390238
528,21,2025-07-03 14:11:39,2025-07-03 14:22:08.789528,24.129329522540864,-110.31634739204236,24.14524191700951,-110.30433024539421
529,3,2025-07-03 14:12:12,2025-07-03 14:25:01.629611,24.137144815917814,-110.32889868255089,24.144891114265107,-110.30351060247355
530,1,2025-07-03 14:14:00,2025-07-03 14:30:01.576143,24.137298378582507,-110.30224973910845,24.133925824497673,-110.33075962022369
531,14,2025-07-03 14:15:04,2025-07-03 14:20:04.000000,24.15501463349806,-110.3112282286923,24.135652378228084,-110.31623055843417
532,20,2025-07-03 14:16:56,2025-07-03 14:28:52.400109,24.135613654618368,-110.30555291810683,24.142095098977272,-110.32638039673654
533,14,2025-07-03 14:16:07,2025-07-03 14:26:42.456591,24.15501463349806,-110.3112282286923,24.133211669107745,-110.31089514973532
534,22,2025-07-03 14:17:16,2025-07-03 14:27:54.671362,24.136549288952132,-110.30770841886384,24.155486768469316,-110.30601954348764
535,15,2025-07-03 14:18:06,2025-07-03 14:34:25.881876,24.13944555726902,-110.30752500649528,24.132584640393738,-110.32707946813719
536,8,2025-07-03 14:19:35,2025-07-03 14:32:41.882975,24.148193886681828,-110.31413073456456,24.12978048050654,-110.31667577531327
537,11,2025-07-03 14:22:46,2025-07-03 14:35:15.733112,24.13261392072067,-110.31358374101376,24.147435951009474,-110.29873434030328
538,9,2025-07-03 14:23:09,2025-07-03 14:31:54.726471,24.15034627638478,-110.29769382478108,24.146921292706143,-110.31958278126075
539,19,2025-07-03 14:25:41,2025-07-03 14:37:52.962959,24.15433202682739,-110.30733495307709,24.135392841605096,-110.31617224158306
540,17,2025-07-03 14:26:09,2025-07-03 14:36:59.325758,24.139591737490434,-110.31658928074611,24.14333349079922,-110.29862700630845
541,23,2025-07-03 14:26:42,2025-07-03 14:39:55.807501,24.15862836081559,-110.31023098211561,24.134753047798327,-110.33331766132763
542,19,2025-07-03 14:31:52,2025-07-03 14:42:24.885865,24.15433202682739,-110.30733495307709,24.134591021572877,-110.31287235005793
543,9,2025-07-03 14:32:50,2025-07-03 14:47:16.642665,24.15034627638478,-110.29769382478108,24.14204417483784,-110.31899365605864
544,16,2025-07-03 14:32:05,2025-07-03 14:43:44.543678,24.13755113057298,-110.30212098653547,24.146346126775295,-110.32195413173291
545,16,2025-07-03 14:33:15,2025-07-03 14:49:53.051018,24.13755113057298,-110.30212098653547,24.157258089511615,-110.30819867663615
546,4,2025-07-03 14:33:24,2025-07-03 14:46:30.824529,24.131442924658263,-110.32825402654262,24.138209475199595,-110.31075989102949
547,3,2025-07-03 14:34:31,2025-07-03 14:44:04.985689,24.137144815917814,-110.32889868255089,24.145803370158905,-110.29836574571618
548,9,2025-07-03 14:35:13,2025-07-03 14:53:56.948130,24.15034627638478,-110.29769382478108,24.14084791347519,-110.31755661785238
549,20,2025-07-03 14:37:13,2025-07-03 14:49:51.489281,24.135613654618368,-110.30555291810683,24.15466411635776,-110.31212627491387
550,1,2025-07-03 14:40:03,2025-07-03 14:56:57.752320,24.137298378582507,-110.30224973910845,24.154163024967403,-110.31144997534022
551,15,2025-07-03 14:40:50,2025-07-03 14:50:51.901315,24.13944555726902,-110.30752500649528,24.157791804176593,-110.3111640020534
552,3,2025-07-03 14:42:03,2025-07-03 14:52:24.882616,24.137144815917814,-110.32889868255089,24.14264887323058,-110.30768524707241
553,3,2025-07-03 14:42:51,2025-07-03 14:51:21.190836,24.137144815917814,-110.32889868255089,24.147558530642275,-110.30045265083811
554,24,2025-07-03 14:42:09,2025-07-03 14:59:49.911137,24.127608811528862,-110.30946235167666,24.14637414052798,-110.30541164644963
555,3,2025-07-03 14:44:49,2025-07-03 14:54:48.712323,24.137144815917814,-110.32889868255089,24.139849941322364,-110.30908468299155
556,3,2025-07-03 14:44:34,2025-07-03 14:56:00.157749,24.137144815917814,-110.32889868255089,24.13288649388208,-110.30994744539646
557,23,2025-07-03 14:45:53,2025-07-03 14:58:23.537969,24.15862836081559,-110.31023098211561,24.144020254597308,-110.32404587687961
558,20,2025-07-03 14:46:48,2025-07-03 14:59:48.451188,24.135613654618368,-110.30555291810683,24.13611407195773,-110.32464776410731
559,2,2025-07-03 14:47:08,2025-07-03 14:56:55.364562,24.153310929190944,-110.31300843909432,24.135138926570985,-110.30971461819074
560,4,2025-07-03 14:47:34,2025-07-03 15:00:08.656249,24.131442924658263,-110.32825402654262,24.143884736426575,-110.30996477848404
561,24,2025-07-03 14:48:42,2025-07-03 14:59:59.273632,24.127608811528862,-110.30946235167666,24.151025664051595,-110.3164862949088
562,4,2025-07-03 14:49:16,2025-07-03 15:03:17.490585,24.131442924658263,-110.32825402654262,24.152932732494385,-110.30764738968256
563,24,2025-07-03 14:49:16,2025-07-03 15:05:08.367137,24.127608811528862,-110.30946235167666,24.150666854171362,-110.30542923900664
564,6,2025-07-03 14:52:22,2025-07-03 15:07:22.867379,24.132245223224192,-110.3223621365107,24.15010165627649,-110.30650699444519
565,2,2025-07-03 14:56:13,2025-07-03 15:09:55.640811,24.153310929190944,-110.31300843909432,24.129356627043457,-110.32273140331078
566,23,2025-07-03 14:56:49,2025-07-03 15:15:25.669312,24.15862836081559,-110.31023098211561,24.140482542204598,-110.32244128261966
567,18,2025-07-03 14:59:32,2025-07-03 15:10:25.965814,24.143523335518026,-110.32225325724811,24.12657989724721,-110.31111823571302
568,23,2025-07-03 15:00:43,2025-07-03 15:12:59.284629,24.15862836081559,-110.31023098211561,24.13327706000302,-110.30466980791672
569,9,2025-07-03 15:01:08,2025-07-03 15:09:21.877856,24.15034627638478,-110.29769382478108,24.134834297414884,-110.3158210059562
570,24,2025-07-03 15:02:54,2025-07-03 15:16:10.955651,24.127608811528862,-110.30946235167666,24.131578672325848,-110.32839400200464
571,16,2025-07-03 15:04:25,2025-07-03 15:16:45.455078,24.13755113057298,-110.30212098653547,24.154802889096093,-110.30847134548728
572,12,2025-07-03 15:05:10,2025-07-03 15:12:55.117876,24.135979395873864,-110.31095715788078,24.15531631565396,-110.30976577617712
573,3,2025-07-03 15:07:48,2025-07-03 15:18:45.234888,24.137144815917814,-110.32889868255089,24.148813964960933,-110.29804940398888
574,23,2025-07-03 15:07:49,2025-07-03 15:21:39.263070,24.15862836081559,-110.31023098211561,24.13755565210747,-110.32235245348575
575,1,2025-07-03 15:09:21,2025-07-03 15:19:06.123096,24.137298378582507,-110.30224973910845,24.134429894374453,-110.32022262184904
576,4,2025-07-03 15:09:01,2025-07-03 15:20:02.695394,24.131442924658263,-110.32825402654262,24.14405752136667,-110.31225072986864
577,21,2025-07-03 15:09:25,2025-07-03 15:24:51.910435,24.129329522540864,-110.31634739204236,24.149730312897436,-110.30181676155671
578,4,2025-07-03 15:10:16,2025-07-03 15:23:08.073883,24.131442924658263,-110.32825402654262,24.143372169176647,-110.30393551503492
579,1,2025-07-03 15:10:54,2025-07-03 15:23:45.799652,24.137298378582507,-110.30224973910845,24.13602806595485,-110.32265848771266
580,3,2025-07-03 15:11:57,2025-07-03 15:27:18.049468,24.137144815917814,-110.32889868255089,24.135664097114237,-110.30432438714753
581,24,2025-07-03 15:12:37,2025-07-03 15:28:34.570889,24.127608811528862,-110.30946235167666,24.14742668890741,-110.29340400003906
582,1,2025-07-03 15:14:54,2025-07-03 15:32:07.717755,24.137298378582507,-110.30224973910845,24.13794965736226,-110.32487192390471
583,9,2025-07-03 15:15:12,2025-07-03 15:25:13.924163,24.15034627638478,-110.29769382478108,24.13279643816154,-110.30767971736228
584,6,2025-07-03 15:16:09,2025-07-03 15:32:03.697203,24.132245223224192,-110.3223621365107,24.144077201910555,-110.30368702528892
585,10,2025-07-03 15:18:16,2025-07-03 15:34:49.371657,24.15354386539215,-110.30529269293778,24.13606867141849,-110.31100121739729
586,11,2025-07-03 15:23:39,2025-07-03 15:37:13.248155,24.13261392072067,-110.31358374101376,24.146681673809233,-110.29487722529326
587,9,2025-07-03 15:24:16,2025-07-03 15:36:20.318830,24.15034627638478,-110.29769382478108,24.135418945483927,-110.31180876330181
588,24,2025-07-03 15:25:22,2025-07-03 15:38:38.240919,24.127608811528862,-110.30946235167666,24.142379590249522,-110.32341378942304
589,3,2025-07-03 15:25:10,2025-07-03 15:32:36.976528,24.137144815917814,-110.32889868255089,24.134100193930827,-110.30650931734068
590,0,2025-07-03 15:26:58,2025-07-03 15:41:35.054993,24.136087705761437,-110.32116689486283,24.14160738520707,-110.30353839948872
591,6,2025-07-03 15:28:11,2025-07-03 15:37:17.285340,24.132245223224192,-110.3223621365107,24.1477637990587,-110.31208410900854
592,15,2025-07-03 15:28:15,2025-07-03 15:43:58.122449,24.13944555726902,-110.30752500649528,24.12817704308224,-110.32226328593912
593,24,2025-07-03 15:30:54,2025-07-03 15:36:11.512936,24.127608811528862,-110.30946235167666,24.151312894558068,-110.31488699836186
594,22,2025-07-03 15:34:39,2025-07-03 15:40:18.262063,24.136549288952132,-110.30770841886384,24.156214161474004,-110.31102165612975
595,19,2025-07-03 15:35:17,2025-07-03 15:48:45.914986,24.15433202682739,-110.30733495307709,24.12520845410005,-110.31334765825504
596,4,2025-07-03 15:37:04,2025-07-03 15:44:34.183261,24.131442924658263,-110.32825402654262,24.152882247487415,-110.31448969126916
597,18,2025-07-03 15:38:20,2025-07-03 15:51:42.983876,24.143523335518026,-110.32225325724811,24.154453518528573,-110.30540015879245
598,19,2025-07-03 15:39:29,2025-07-03 15:50:59.393889,24.15433202682739,-110.30733495307709,24.131667756908588,-110.31812989866225
599,22,2025-07-03 15:40:57,2025-07-03 15:51:47.891372,24.136549288952132,-110.30770841886384,24.143612138275852,-110.32516343133507
600,21,2025-07-03 15:40:52,2025-07-03 15:54:30.155869,24.129329522540864,-110.31634739204236,24.145413316144875,-110.3078060380712
601,11,2025-07-03 15:40:32,2025-07-03 15:47:17.072134,24.13261392072067,-110.31358374101376,24.147696154580498,-110.30328095802933
602,19,2025-07-03 15:43:59,2025-07-03 15:57:59.213055,24.15433202682739,-110.30733495307709,24.130864163092614,-110.31630114224431
603,2,2025-07-03 15:43:46,2025-07-03 15:54:02.635907,24.153310929190944,-110.31300843909432,24.129672081759534,-110.30872547617855
604,4,2025-07-03 15:44:44,2025-07-03 15:54:09.686842,24.131442924658263,-110.32825402654262,24.142750881848425,-110.29795680412326
605,8,2025-07-03 15:44:00,2025-07-03 15:53:51.522453,24.148193886681828,-110.31413073456456,24.128007267752636,-110.31668080352576
606,19,2025-07-03 15:46:08,2025-07-03 15:57:32.623117,24.15433202682739,-110.30733495307709,24.139020680234744,-110.31923012107359
607,4,2025-07-03 15:47:46,2025-07-03 16:01:18.323587,24.131442924658263,-110.32825402654262,24.140997257704203,-110.31119644438472
608,10,2025-07-03 15:47:56,2025-07-03 15:58:45.553050,24.15354386539215,-110.30529269293778,24.14122036428025,-110.32281118295262
609,3,2025-07-03 15:48:47,2025-07-03 15:59:48.042733,24.137144815917814,-110.32889868255089,24.15150381526018,-110.31656460032208
610,4,2025-07-03 15:48:35,2025-07-03 16:00:35.281980,24.131442924658263,-110.32825402654262,24.139879759117413,-110.31091523827901
611,23,2025-07-03 15:48:47,2025-07-03 16:00:55.673502,24.15862836081559,-110.31023098211561,24.130582567933214,-110.32413329293436
612,3,2025-07-03 15:49:10,2025-07-03 15:58:10.864200,24.137144815917814,-110.32889868255089,24.12989205916172,-110.30778903146748
613,23,2025-07-03 15:49:31,2025-07-03 16:02:54.712146,24.15862836081559,-110.31023098211561,24.13085918017306,-110.30973296287348
614,1,2025-07-03 15:49:24,2025-07-03 16:02:56.605515,24.137298378582507,-110.30224973910845,24.139046260769526,-110.32659432683913
615,3,2025-07-03 15:50:41,2025-07-03 16:08:06.812149,24.137144815917814,-110.32889868255089,24.141587006943396,-110.3082701344704
616,17,2025-07-03 15:51:04,2025-07-03 16:00:29.822387,24.139591737490434,-110.31658928074611,24.141315769047015,-110.29794281926617
617,19,2025-07-03 15:51:50,2025-07-03 16:08:21.585162,24.15433202682739,-110.30733495307709,24.132207777504732,-110.33065594149191
618,3,2025-07-03 15:53:44,2025-07-03 16:04:23.212992,24.137144815917814,-110.32889868255089,24.13007137614908,-110.30750105730966
619,16,2025-07-03 15:53:48,2025-07-03 16:08:52.103001,24.13755113057298,-110.30212098653547,24.129641610657334,-110.32212331914785
620,19,2025-07-03 15:53:28,2025-07-03 16:06:02.192710,24.15433202682739,-110.30733495307709,24.137464689972166,-110.3145165289187
621,22,2025-07-03 15:54:24,2025-07-03 16:06:25.259733,24.136549288952132,-110.30770841886384,24.15649112532158,-110.31095897726239
622,4,2025-07-03 15:54:52,2025-07-03 16:04:40.946045,24.131442924658263,-110.32825402654262,24.147013868090685,-110.31337951743384
623,17,2025-07-03 15:54:21,2025-07-03 16:08:22.032771,24.139591737490434,-110.31658928074611,24.14640055883264,-110.29568136283372
624,21,2025-07-03 15:56:57,2025-07-03 16:07:44.581720,24.129329522540864,-110.31634739204236,24.14891461670397,-110.31453860962269
625,1,2025-07-03 15:56:04,2025-07-03 16:09:17.092262,24.137298378582507,-110.30224973910845,24.143589942457837,-110.3194970853874
626,20,2025-07-03 15:56:09,2025-07-03 16:07:07.215718,24.135613654618368,-110.30555291810683,24.14533107639343,-110.32220377902914
627,10,2025-07-03 15:56:17,2025-07-03 16:05:23.541048,24.15354386539215,-110.30529269293778,24.128945073964157,-110.31574293446293
628,4,2025-07-03 15:57:52,2025-07-03 16:11:15.503300,24.131442924658263,-110.32825402654262,24.139828209103666,-110.31140490617209
629,11,2025-07-03 15:58:04,2025-07-03 16:12:09.097891,24.13261392072067,-110.31358374101376,24.154125553665043,-110.31046275303294
630,2,2025-07-03 16:00:50,2025-07-03 16:13:30.891895,24.153310929190944,-110.31300843909432,24.14170755630125,-110.29760284287963
631,23,2025-07-03 16:00:40,2025-07-03 16:10:54.238989,24.15862836081559,-110.31023098211561,24.135334139581737,-110.31969691875821
632,14,2025-07-03 16:01:00,2025-07-03 16:17:12.761347,24.15501463349806,-110.3112282286923,24.131240886993506,-110.32399471030516
633,24,2025-07-03 16:02:08,2025-07-03 16:11:17.105008,24.127608811528862,-110.30946235167666,24.15225827174773,-110.31262101543757
634,23,2025-07-03 16:02:44,2025-07-03 16:15:24.971977,24.15862836081559,-110.31023098211561,24.13836167899375,-110.31445578819202
635,14,2025-07-03 16:03:21,2025-07-03 16:19:20.432538,24.15501463349806,-110.3112282286923,24.136667601888508,-110.3050626896259
636,4,2025-07-03 16:03:57,2025-07-03 16:17:25.327397,24.131442924658263,-110.32825402654262,24.149009082436763,-110.30754965123282
637,9,2025-07-03 16:05:12,2025-07-03 16:19:01.097091,24.15034627638478,-110.29769382478108,24.13970831499482,-110.32280563507935
638,23,2025-07-03 16:05:28,2025-07-03 16:11:17.359482,24.15862836081559,-110.31023098211561,24.138194192002985,-110.31662122095015
639,23,2025-07-03 16:05:49,2025-07-03 16:14:09.705543,24.15862836081559,-110.31023098211561,24.142022208683596,-110.31782897137313
640,14,2025-07-03 16:06:31,2025-07-03 16:18:39.409667,24.15501463349806,-110.3112282286923,24.132823941699105,-110.31338038236078
641,13,2025-07-03 16:06:12,2025-07-03 16:12:21.496520,24.143044438562143,-110.3034502642352,24.125622476938805,-110.31296096511399
642,1,2025-07-03 16:08:53,2025-07-03 16:25:26.865825,24.137298378582507,-110.30224973910845,24.13755976348522,-110.32578955826303
643,1,2025-07-03 16:08:22,2025-07-03 16:23:32.478749,24.137298378582507,-110.30224973910845,24.158050645208917,-110.30880281351743
644,24,2025-07-03 16:09:58,2025-07-03 16:27:15.616738,24.127608811528862,-110.30946235167666,24.151210459650738,-110.30386989383629
645,9,2025-07-03 16:09:38,2025-07-03 16:28:13.372846,24.15034627638478,-110.29769382478108,24.140084345242585,-110.32158588213709
646,9,2025-07-03 16:09:38,2025-07-03 16:21:00.063050,24.15034627638478,-110.29769382478108,24.132188989895422,-110.3066433652403
647,1,2025-07-03 16:10:28,2025-07-03 16:24:03.692216,24.137298378582507,-110.30224973910845,24.133503585833225,-110.33271340151714
648,13,2025-07-03 16:10:37,2025-07-03 16:26:11.163992,24.143044438562143,-110.3034502642352,24.139752848164676,-110.32724193833813
649,19,2025-07-03 16:11:28,2025-07-03 16:25:49.652864,24.15433202682739,-110.30733495307709,24.13001935643059,-110.31148139328191
650,21,2025-07-03 16:11:26,2025-07-03 16:27:38.042838,24.129329522540864,-110.31634739204236,24.146426619514628,-110.2969074005027
651,19,2025-07-03 16:12:57,2025-07-03 16:17:57.000000,24.15433202682739,-110.30733495307709,24.125791449156917,-110.3108188451644
652,1,2025-07-03 16:12:26,2025-07-03 16:26:03.663855,24.137298378582507,-110.30224973910845,24.14681575677937,-110.31937252812152
653,0,2025-07-03 16:12:53,2025-07-03 16:23:42.025829,24.136087705761437,-110.32116689486283,24.15273423386761,-110.30666380632624
654,16,2025-07-03 16:13:54,2025-07-03 16:27:42.870076,24.13755113057298,-110.30212098653547,24.141789140206896,-110.32030065417953
655,4,2025-07-03 16:13:21,2025-07-03 16:18:21.000000,24.131442924658263,-110.32825402654262,24.14451619918421,-110.31416511875754
656,9,2025-07-03 16:13:48,2025-07-03 16:28:56.308179,24.15034627638478,-110.29769382478108,24.13605341446733,-110.31101764603224
657,19,2025-07-03 16:13:47,2025-07-03 16:29:26.049973,24.15433202682739,-110.30733495307709,24.133150884944012,-110.32278745606087
658,4,2025-07-03 16:13:04,2025-07-03 16:26:14.240943,24.131442924658263,-110.32825402654262,24.13437300729516,-110.31005049353695
659,23,2025-07-03 16:13:09,2025-07-03 16:23:51.406002,24.15862836081559,-110.31023098211561,24.13730810624612,-110.32365432530048
660,10,2025-07-03 16:14:54,2025-07-03 16:24:06.249785,24.15354386539215,-110.30529269293778,24.130673795424606,-110.32252326606016
661,14,2025-07-03 16:15:19,2025-07-03 16:31:14.138483,24.15501463349806,-110.3112282286923,24.136142476268056,-110.30289179390707
662,24,2025-07-03 16:15:44,2025-07-03 16:29:55.950758,24.127608811528862,-110.30946235167666,24.148915914695394,-110.30426622052576
663,1,2025-07-03 16:16:55,2025-07-03 16:30:55.510092,24.137298378582507,-110.30224973910845,24.13617741338971,-110.3206703418339
664,24,2025-07-03 16:16:58,2025-07-03 16:25:49.698527,24.127608811528862,-110.30946235167666,24.150944356847724,-110.31290146484044
665,14,2025-07-03 16:16:27,2025-07-03 16:23:14.223743,24.15501463349806,-110.3112282286923,24.13502340325389,-110.32403326225402
666,19,2025-07-03 16:16:07,2025-07-03 16:27:38.937738,24.15433202682739,-110.30733495307709,24.132821722748965,-110.32082088831766
667,3,2025-07-03 16:16:32,2025-07-03 16:27:52.439087,24.137144815917814,-110.32889868255089,24.137312803852506,-110.30464994688495
668,15,2025-07-03 16:17:59,2025-07-03 16:25:39.877806,24.13944555726902,-110.30752500649528,24.135440842692496,-110.32837572034356
669,9,2025-07-03 16:17:30,2025-07-03 16:28:49.963871,24.15034627638478,-110.29769382478108,24.146555778365006,-110.31569501970918
670,10,2025-07-03 16:18:27,2025-07-03 16:24:20.991618,24.15354386539215,-110.30529269293778,24.14317952343375,-110.32082740915632
671,6,2025-07-03 16:19:41,2025-07-03 16:35:51.101003,24.132245223224192,-110.3223621365107,24.151242188286048,-110.30525446851614
672,4,2025-07-03 16:19:56,2025-07-03 16:32:23.192562,24.131442924658263,-110.32825402654262,24.145524960672887,-110.30384010128222
673,6,2025-07-03 16:19:50,2025-07-03 16:29:49.728238,24.132245223224192,-110.3223621365107,24.144727139505765,-110.29872345343495
674,4,2025-07-03 16:19:53,2025-07-03 16:26:10.618070,24.131442924658263,-110.32825402654262,24.142466938643807,-110.30646694368458
675,23,2025-07-03 16:20:52,2025-07-03 16:29:38.299492,24.15862836081559,-110.31023098211561,24.14083900739119,-110.30455440713017
676,4,2025-07-03 16:20:39,2025-07-03 16:31:47.213201,24.131442924658263,-110.32825402654262,24.151004309631396,-110.31412364120062
677,7,2025-07-03 16:20:16,2025-07-03 16:31:52.874967,24.14434663347047,-110.31666899093233,24.127351647874953,-110.30898331353082
678,3,2025-07-03 16:21:48,2025-07-03 16:35:19.376517,24.137144815917814,-110.32889868255089,24.150241441863464,-110.30893564399568
679,24,2025-07-03 16:22:40,2025-07-03 16:38:32.189833,24.127608811528862,-110.30946235167666,24.14832579017348,-110.31150648486701
680,14,2025-07-03 16:23:11,2025-07-03 16:35:16.357834,24.15501463349806,-110.3112282286923,24.128103046663213,-110.3091279772178
681,19,2025-07-03 16:23:02,2025-07-03 16:35:02.543229,24.15433202682739,-110.30733495307709,24.130611627279833,-110.31609822302535
682,1,2025-07-03 16:23:35,2025-07-03 16:37:56.599574,24.137298378582507,-110.30224973910845,24.131106248396023,-110.32017871000522
683,4,2025-07-03 16:25:32,2025-07-03 16:35:05.765667,24.131442924658263,-110.32825402654262,24.135295364995102,-110.30316616527867
684,3,2025-07-03 16:25:01,2025-07-03 16:36:39.035056,24.137144815917814,-110.32889868255089,24.141682147810208,-110.30976840518436
685,3,2025-07-03 16:25:36,2025-07-03 16:37:46.720608,24.137144815917814,-110.32889868255089,24.145010157057506,-110.3032653142848
686,14,2025-07-03 16:26:12,2025-07-03 16:33:16.182080,24.15501463349806,-110.3112282286923,24.137330838211458,-110.30720822480667
687,11,2025-07-03 16:26:37,2025-07-03 16:37:46.498388,24.13261392072067,-110.31358374101376,24.147983184881785,-110.30047683697
688,21,2025-07-03 16:26:26,2025-07-03 16:38:05.030167,24.129329522540864,-110.31634739204236,24.149725092314828,-110.31870181414402
689,18,2025-07-03 16:27:45,2025-07-03 16:38:41.860549,24.143523335518026,-110.32225325724811,24.13409197959218,-110.30625920620552
690,19,2025-07-03 16:27:15,2025-07-03 16:38:55.007364,24.15433202682739,-110.30733495307709,24.135866403940305,-110.32439595825073
691,19,2025-07-03 16:28:39,2025-07-03 16:42:46.391904,24.15433202682739,-110.30733495307709,24.13473935011255,-110.31645264980509
692,4,2025-07-03 16:29:19,2025-07-03 16:42:51.097707,24.131442924658263,-110.32825402654262,24.158747519376753,-110.3101120489673
693,23,2025-07-03 16:29:18,2025-07-03 16:41:33.982145,24.15862836081559,-110.31023098211561,24.14105170737028,-110.31711233921781
694,4,2025-07-03 16:31:59,2025-07-03 16:47:25.858555,24.131442924658263,-110.32825402654262,24.146903157679837,-110.30465382049252
695,17,2025-07-03 16:31:59,2025-07-03 16:42:20.618724,24.139591737490434,-110.31658928074611,24.133851307511897,-110.33472558331117
696,23,2025-07-03 16:31:39,2025-07-03 16:49:36.503677,24.15862836081559,-110.31023098211561,24.138802581757187,-110.31497808510693
697,4,2025-07-03 16:32:54,2025-07-03 16:40:20.442809,24.131442924658263,-110.32825402654262,24.142234456948493,-110.30911926256923
698,3,2025-07-03 16:33:35,2025-07-03 16:43:12.268533,24.137144815917814,-110.32889868255089,24.12785783780192,-110.31096971829533
699,6,2025-07-03 16:33:27,2025-07-03 16:48:41.614113,24.132245223224192,-110.3223621365107,24.147360609004394,-110.29696998901947
700,14,2025-07-03 16:33:45,2025-07-03 16:50:21.527716,24.15501463349806,-110.3112282286923,24.131655117932905,-110.31562152713691
701,14,2025-07-03 16:34:53,2025-07-03 16:53:45.567348,24.15501463349806,-110.3112282286923,24.138073007282426,-110.31862127403082
702,9,2025-07-03 16:34:24,2025-07-03 16:50:42.270012,24.15034627638478,-110.29769382478108,24.130303502584443,-110.31624180566183
703,15,2025-07-03 16:35:37,2025-07-03 16:47:37.971921,24.13944555726902,-110.30752500649528,24.157137377489562,-110.31145989986116
704,12,2025-07-03 16:35:38,2025-07-03 16:45:43.367378,24.135979395873864,-110.31095715788078,24.14675592844494,-110.29468440099691
705,24,2025-07-03 16:36:21,2025-07-03 16:48:18.761700,24.127608811528862,-110.30946235167666,24.145857917112682,-110.31511116116413
706,3,2025-07-03 16:36:37,2025-07-03 16:48:51.431966,24.137144815917814,-110.32889868255089,24.14283596437624,-110.31087103743788
707,16,2025-07-03 16:36:22,2025-07-03 16:51:08.487447,24.13755113057298,-110.30212098653547,24.130788326756477,-110.32874299336346
708,24,2025-07-03 16:37:10,2025-07-03 16:48:40.631966,24.127608811528862,-110.30946235167666,24.151892120660133,-110.30939343411967
709,24,2025-07-03 16:38:11,2025-07-03 16:52:40.219970,24.127608811528862,-110.30946235167666,24.14326123441416,-110.31889691146503
710,16,2025-07-03 16:38:01,2025-07-03 16:45:24.366942,24.13755113057298,-110.30212098653547,24.144693261732236,-110.31894747160318
711,16,2025-07-03 16:39:54,2025-07-03 17:01:48.142621,24.13755113057298,-110.30212098653547,24.142761217448015,-110.32152226598967
712,10,2025-07-03 16:39:56,2025-07-03 16:54:47.500230,24.15354386539215,-110.30529269293778,24.138141714664272,-110.3225321802921
713,15,2025-07-03 16:39:39,2025-07-03 16:48:24.775798,24.13944555726902,-110.30752500649528,24.133512771847244,-110.33198676971696
714,3,2025-07-03 16:40:58,2025-07-03 16:57:58.124010,24.137144815917814,-110.32889868255089,24.14508630261389,-110.31103406397484
715,23,2025-07-03 16:40:11,2025-07-03 16:54:58.865975,24.15862836081559,-110.31023098211561,24.13976078360776,-110.31106187534385
716,14,2025-07-03 16:40:34,2025-07-03 16:49:48.819289,24.15501463349806,-110.3112282286923,24.143926824329455,-110.29690780487333
717,20,2025-07-03 16:40:49,2025-07-03 16:57:54.500247,24.135613654618368,-110.30555291810683,24.1337461624065,-110.32579244210763
718,9,2025-07-03 16:41:25,2025-07-03 16:51:48.520839,24.15034627638478,-110.29769382478108,24.14810560314025,-110.31692611542123
719,16,2025-07-03 16:41:55,2025-07-03 16:53:42.611599,24.13755113057298,-110.30212098653547,24.150915501010964,-110.31629384490007
720,24,2025-07-03 16:41:45,2025-07-03 16:54:19.337331,24.127608811528862,-110.30946235167666,24.142121637686444,-110.29829677562384
721,23,2025-07-03 16:42:05,2025-07-03 16:53:45.193841,24.15862836081559,-110.31023098211561,24.134920815631194,-110.3164074798096
722,21,2025-07-03 16:43:47,2025-07-03 17:01:59.426483,24.129329522540864,-110.31634739204236,24.146149968408317,-110.307084408801
723,21,2025-07-03 16:43:55,2025-07-03 16:56:06.131655,24.129329522540864,-110.31634739204236,24.14922721750854,-110.2972572006166
724,23,2025-07-03 16:43:20,2025-07-03 16:52:42.516968,24.15862836081559,-110.31023098211561,24.133474611629733,-110.33403165412278
725,23,2025-07-03 16:44:53,2025-07-03 16:58:28.057773,24.15862836081559,-110.31023098211561,24.127787185804433,-110.3182097705048
726,23,2025-07-03 16:44:06,2025-07-03 16:53:57.623445,24.15862836081559,-110.31023098211561,24.130282657119476,-110.32161485594114
727,16,2025-07-03 16:45:55,2025-07-03 16:58:40.586806,24.13755113057298,-110.30212098653547,24.150611682525575,-110.31522068060627
728,4,2025-07-03 16:45:12,2025-07-03 17:04:06.085681,24.131442924658263,-110.32825402654262,24.154627427841,-110.30426683484293
729,1,2025-07-03 16:45:06,2025-07-03 16:55:17.310451,24.137298378582507,-110.30224973910845,24.133496011549255,-110.3258991651496
730,18,2025-07-03 16:45:06,2025-07-03 16:58:58.097443,24.143523335518026,-110.32225325724811,24.144441883275846,-110.29600207044786
731,18,2025-07-03 16:46:37,2025-07-03 16:55:47.478199,24.143523335518026,-110.32225325724811,24.13947643075395,-110.30446676281207
732,22,2025-07-03 16:46:23,2025-07-03 17:04:51.771031,24.136549288952132,-110.30770841886384,24.13224744812879,-110.32833220681964
733,1,2025-07-03 16:46:01,2025-07-03 16:53:27.658710,24.137298378582507,-110.30224973910845,24.151134364075933,-110.31589330607228
734,2,2025-07-03 16:47:20,2025-07-03 16:55:39.500686,24.153310929190944,-110.31300843909432,24.129301398855635,-110.3120544613861
735,4,2025-07-03 16:47:29,2025-07-03 16:58:25.095540,24.131442924658263,-110.32825402654262,24.14455943448002,-110.30760153276877
736,20,2025-07-03 16:47:19,2025-07-03 17:03:22.040662,24.135613654618368,-110.30555291810683,24.156871145710856,-110.30841347970498
737,16,2025-07-03 16:48:45,2025-07-03 17:04:37.111157,24.13755113057298,-110.30212098653547,24.14435169788048,-110.32200809660962
738,14,2025-07-03 16:48:54,2025-07-03 17:01:55.305269,24.15501463349806,-110.3112282286923,24.131248200059293,-110.31504581689386
739,6,2025-07-03 16:48:00,2025-07-03 17:02:56.440146,24.132245223224192,-110.3223621365107,24.14460658045147,-110.30381878051969
740,22,2025-07-03 16:48:40,2025-07-03 16:55:47.866211,24.136549288952132,-110.30770841886384,24.14030698304425,-110.3257114608147
741,0,2025-07-03 16:48:42,2025-07-03 17:00:12.622759,24.136087705761437,-110.32116689486283,24.152095247071657,-110.31041441263467
742,21,2025-07-03 16:49:05,2025-07-03 16:59:22.445043,24.129329522540864,-110.31634739204236,24.15665619401489,-110.31214480788104
743,16,2025-07-03 16:49:35,2025-07-03 17:03:34.342465,24.13755113057298,-110.30212098653547,24.150199837808646,-110.3153565607402
744,4,2025-07-03 16:49:29,2025-07-03 16:59:04.618581,24.131442924658263,-110.32825402654262,24.14758479541648,-110.30228307209852
745,4,2025-07-03 16:49:52,2025-07-03 17:04:01.433209,24.131442924658263,-110.32825402654262,24.14361802422923,-110.31176612478598
746,3,2025-07-03 16:49:32,2025-07-03 17:02:21.034678,24.137144815917814,-110.32889868255089,24.138830771564812,-110.30940804166974
747,16,2025-07-03 16:50:07,2025-07-03 17:02:49.012780,24.13755113057298,-110.30212098653547,24.129696919111034,-110.32595262292513
748,2,2025-07-03 16:50:38,2025-07-03 16:59:08.500152,24.153310929190944,-110.31300843909432,24.134542663840136,-110.32148432801388
749,9,2025-07-03 16:50:03,2025-07-03 17:04:50.010048,24.15034627638478,-110.29769382478108,24.127183034539023,-110.31634703551072
750,19,2025-07-03 16:51:43,2025-07-03 17:05:12.176801,24.15433202682739,-110.30733495307709,24.13537476517152,-110.32943842904785
751,14,2025-07-03 16:51:41,2025-07-03 17:03:50.768474,24.15501463349806,-110.3112282286923,24.132144584949685,-110.31218541700937
752,23,2025-07-03 16:51:35,2025-07-03 17:03:15.837489,24.15862836081559,-110.31023098211561,24.140551503416756,-110.30522211017048
753,9,2025-07-03 16:51:14,2025-07-03 17:00:12.929801,24.15034627638478,-110.29769382478108,24.14230530732225,-110.31676779771654
754,10,2025-07-03 16:52:42,2025-07-03 17:01:11.754293,24.15354386539215,-110.30529269293778,24.128908901835157,-110.3126207691796
755,19,2025-07-03 16:52:20,2025-07-03 17:04:51.163861,24.15433202682739,-110.30733495307709,24.13347836200596,-110.31455386835874
756,22,2025-07-03 16:52:52,2025-07-03 17:05:25.893890,24.136549288952132,-110.30770841886384,24.129799884588657,-110.32511940960275
757,10,2025-07-03 16:52:00,2025-07-03 17:01:07.686200,24.15354386539215,-110.30529269293778,24.130383173210465,-110.32557434693038
758,0,2025-07-03 16:53:35,2025-07-03 17:03:52.173593,24.136087705761437,-110.32116689486283,24.150104421795778,-110.3081583647006
759,2,2025-07-03 16:53:22,2025-07-03 17:09:15.896797,24.153310929190944,-110.31300843909432,24.133959733326407,-110.31736656084091
760,24,2025-07-03 16:53:11,2025-07-03 17:04:04.314194,24.127608811528862,-110.30946235167666,24.149033828322633,-110.30995897562815
761,16,2025-07-03 16:53:46,2025-07-03 17:05:47.101087,24.13755113057298,-110.30212098653547,24.140067911921914,-110.321688645537
762,4,2025-07-03 16:53:25,2025-07-03 17:08:08.160957,24.131442924658263,-110.32825402654262,24.139106426992075,-110.30853480089836
763,1,2025-07-03 16:53:14,2025-07-03 17:08:32.039082,24.137298378582507,-110.30224973910845,24.14307227751578,-110.32149609596883
764,2,2025-07-03 16:54:53,2025-07-03 17:05:14.937496,24.153310929190944,-110.31300843909432,24.125269957277673,-110.31340091948825
765,21,2025-07-03 16:54:47,2025-07-03 17:03:49.355528,24.129329522540864,-110.31634739204236,24.14449261384336,-110.30454507431196
766,22,2025-07-03 16:54:29,2025-07-03 17:08:45.436425,24.136549288952132,-110.30770841886384,24.141605536027388,-110.32505690424115
767,13,2025-07-03 16:54:18,2025-07-03 17:08:08.761680,24.143044438562143,-110.3034502642352,24.129566367009343,-110.31897173704316
768,4,2025-07-03 16:54:45,2025-07-03 17:07:42.672657,24.131442924658263,-110.32825402654262,24.137065831196107,-110.30409119558205
769,10,2025-07-03 16:55:19,2025-07-03 17:04:01.984190,24.15354386539215,-110.30529269293778,24.131332834736547,-110.32222109266964
770,1,2025-07-03 16:55:39,2025-07-03 17:09:03.343515,24.137298378582507,-110.30224973910845,24.13648931573173,-110.32713527909871
771,24,2025-07-03 16:55:54,2025-07-03 17:08:51.944974,24.127608811528862,-110.30946235167666,24.13490532634685,-110.33012992067037
772,2,2025-07-03 16:57:12,2025-07-03 17:12:12.751501,24.153310929190944,-110.31300843909432,24.133935745682958,-110.31620197631136
773,0,2025-07-03 16:57:46,2025-07-03 17:07:45.448350,24.136087705761437,-110.32116689486283,24.142774185186955,-110.3043525617227
774,0,2025-07-03 16:57:00,2025-07-03 17:08:46.128164,24.136087705761437,-110.32116689486283,24.149260185466677,-110.2977632361329
775,14,2025-07-03 16:57:46,2025-07-03 17:10:29.812155,24.15501463349806,-110.3112282286923,24.134620324315332,-110.30925801027925
776,14,2025-07-03 16:59:13,2025-07-03 17:14:08.953305,24.15501463349806,-110.3112282286923,24.136231722651548,-110.3172682872167
777,3,2025-07-03 16:59:11,2025-07-03 17:09:33.652682,24.137144815917814,-110.32889868255089,24.136850765169687,-110.30749754986613
778,10,2025-07-03 17:00:19,2025-07-03 17:11:11.173348,24.15354386539215,-110.30529269293778,24.130440891094146,-110.31153650672398
779,22,2025-07-03 17:00:29,2025-07-03 17:11:19.923279,24.136549288952132,-110.30770841886384,24.155696501383154,-110.308993161898
780,2,2025-07-03 17:00:29,2025-07-03 17:10:25.866913,24.153310929190944,-110.31300843909432,24.135985359850547,-110.30323154410351
781,19,2025-07-03 17:00:57,2025-07-03 17:10:26.280759,24.15433202682739,-110.30733495307709,24.12679217099245,-110.31238603174877
782,1,2025-07-03 17:00:07,2025-07-03 17:15:40.612992,24.137298378582507,-110.30224973910845,24.129012528162956,-110.32291457368113
783,20,2025-07-03 17:00:52,2025-07-03 17:10:18.103999,24.135613654618368,-110.30555291810683,24.132218363619373,-110.32995405255011
784,21,2025-07-03 17:01:13,2025-07-03 17:10:49.289504,24.129329522540864,-110.31634739204236,24.144806551047143,-110.29627002260074
785,19,2025-07-03 17:01:47,2025-07-03 17:09:46.742686,24.15433202682739,-110.30733495307709,24.130666300086077,-110.30831079095955
786,8,2025-07-03 17:01:35,2025-07-03 17:12:15.190964,24.148193886681828,-110.31413073456456,24.127756434493705,-110.31305631775311
787,18,2025-07-03 17:01:27,2025-07-03 17:12:02.359687,24.143523335518026,-110.32225325724811,24.153044879699817,-110.30691774535815
788,13,2025-07-03 17:02:39,2025-07-03 17:14:48.737305,24.143044438562143,-110.3034502642352,24.134676700741014,-110.32004634467116
789,22,2025-07-03 17:02:26,2025-07-03 17:19:19.197618,24.136549288952132,-110.30770841886384,24.15678897755065,-110.30937395880895
790,3,2025-07-03 17:03:23,2025-07-03 17:12:32.732187,24.137144815917814,-110.32889868255089,24.137241086623476,-110.3101189455614
791,24,2025-07-03 17:03:44,2025-07-03 17:16:28.152119,24.127608811528862,-110.30946235167666,24.145462766563096,-110.31368663141409
792,10,2025-07-03 17:03:24,2025-07-03 17:12:28.102041,24.15354386539215,-110.30529269293778,24.12698336480879,-110.31616661135506
793,14,2025-07-03 17:03:00,2025-07-03 17:15:58.194564,24.15501463349806,-110.3112282286923,24.13715999955038,-110.31489356880044
794,10,2025-07-03 17:03:12,2025-07-03 17:16:16.493216,24.15354386539215,-110.30529269293778,24.1374960230061,-110.32482276484218
795,3,2025-07-03 17:05:55,2025-07-03 17:20:20.720125,24.137144815917814,-110.32889868255089,24.143783288160417,-110.3039992583588
796,9,2025-07-03 17:05:36,2025-07-03 17:12:19.942507,24.15034627638478,-110.29769382478108,24.144772864610264,-110.31850804677298
797,4,2025-07-03 17:05:06,2025-07-03 17:18:49.305219,24.131442924658263,-110.32825402654262,24.148023481555104,-110.31744157182666
798,8,2025-07-03 17:05:58,2025-07-03 17:18:11.973926,24.148193886681828,-110.31413073456456,24.147906423960926,-110.2956692803569
799,24,2025-07-03 17:05:03,2025-07-03 17:16:14.963798,24.127608811528862,-110.30946235167666,24.149450139618956,-110.30557957011001
800,6,2025-07-03 17:05:48,2025-07-03 17:19:30.044358,24.132245223224192,-110.3223621365107,24.139504387391746,-110.30518630521355
801,6,2025-07-03 17:06:29,2025-07-03 17:18:25.662988,24.132245223224192,-110.3223621365107,24.144066545828974,-110.30127840435219
802,7,2025-07-03 17:06:12,2025-07-03 17:15:40.041237,24.14434663347047,-110.31666899093233,24.150126563737373,-110.29796931305061
803,19,2025-07-03 17:06:45,2025-07-03 17:20:00.372879,24.15433202682739,-110.30733495307709,24.12932426617903,-110.31972512834683
804,4,2025-07-03 17:06:21,2025-07-03 17:16:53.636559,24.131442924658263,-110.32825402654262,24.148564186433546,-110.29661064558161
805,0,2025-07-03 17:06:11,2025-07-03 17:11:11.000000,24.136087705761437,-110.32116689486283,24.155694058661204,-110.30875612637705
806,3,2025-07-03 17:07:59,2025-07-03 17:19:54.901558,24.137144815917814,-110.32889868255089,24.155702744340413,-110.31193803489256
807,7,2025-07-03 17:07:51,2025-07-03 17:19:49.043255,24.14434663347047,-110.31666899093233,24.126014403194883,-110.31290027554694
808,9,2025-07-03 17:07:16,2025-07-03 17:21:53.804793,24.15034627638478,-110.29769382478108,24.14433182722717,-110.31564914660824
809,13,2025-07-03 17:08:41,2025-07-03 17:18:26.565270,24.143044438562143,-110.3034502642352,24.126518471126975,-110.31398472521806
810,1,2025-07-03 17:08:27,2025-07-03 17:19:47.834871,24.137298378582507,-110.30224973910845,24.136731821136546,-110.32113265118761
811,18,2025-07-03 17:08:34,2025-07-03 17:18:18.166928,24.143523335518026,-110.32225325724811,24.124440562852143,-110.31219473551464
812,18,2025-07-03 17:09:13,2025-07-03 17:16:48.007978,24.143523335518026,-110.32225325724811,24.145813914489793,-110.30188447320289
813,24,2025-07-03 17:09:54,2025-07-03 17:18:43.901405,24.127608811528862,-110.30946235167666,24.145222201939454,-110.31339242236322
814,3,2025-07-03 17:10:40,2025-07-03 17:23:16.149708,24.137144815917814,-110.32889868255089,24.145986123260613,-110.31019168289427
815,9,2025-07-03 17:10:12,2025-07-03 17:17:11.505960,24.15034627638478,-110.29769382478108,24.142080645230838,-110.31686100744164
816,9,2025-07-03 17:10:56,2025-07-03 17:26:07.262299,24.15034627638478,-110.29769382478108,24.14447128651221,-110.32390527008896
817,0,2025-07-03 17:11:58,2025-07-03 17:17:35.764304,24.136087705761437,-110.32116689486283,24.154050191792386,-110.3091040187627
818,6,2025-07-03 17:11:09,2025-07-03 17:25:56.700790,24.132245223224192,-110.3223621365107,24.155657029871143,-110.30730029702403
819,16,2025-07-03 17:11:37,2025-07-03 17:23:39.881504,24.13755113057298,-110.30212098653547,24.151558958935134,-110.31635974121451
820,14,2025-07-03 17:12:45,2025-07-03 17:26:33.891496,24.15501463349806,-110.3112282286923,24.13644529177718,-110.30619873914519
821,8,2025-07-03 17:12:08,2025-07-03 17:23:59.588952,24.148193886681828,-110.31413073456456,24.13389918920355,-110.32935273392431
822,3,2025-07-03 17:12:17,2025-07-03 17:22:35.197017,24.137144815917814,-110.32889868255089,24.14351362581088,-110.31151336819964
823,3,2025-07-03 17:12:08,2025-07-03 17:24:51.764092,24.137144815917814,-110.32889868255089,24.145834655995003,-110.30885056431799
824,22,2025-07-03 17:12:30,2025-07-03 17:25:37.298665,24.136549288952132,-110.30770841886384,24.154990311674542,-110.31134616170291
825,24,2025-07-03 17:12:26,2025-07-03 17:23:11.424306,24.127608811528862,-110.30946235167666,24.150302787887938,-110.31594075455986
826,19,2025-07-03 17:12:20,2025-07-03 17:27:11.300062,24.15433202682739,-110.30733495307709,24.131482191103938,-110.31422552535052
827,24,2025-07-03 17:13:38,2025-07-03 17:24:31.102378,24.127608811528862,-110.30946235167666,24.148437444715338,-110.29868891802292
828,8,2025-07-03 17:13:18,2025-07-03 17:24:00.279597,24.148193886681828,-110.31413073456456,24.14639365582109,-110.29436344187751
829,19,2025-07-03 17:13:46,2025-07-03 17:31:45.844877,24.15433202682739,-110.30733495307709,24.12895598154786,-110.31186143621909
830,4,2025-07-03 17:13:46,2025-07-03 17:21:44.995248,24.131442924658263,-110.32825402654262,24.148322088162836,-110.30173784594813
831,23,2025-07-03 17:13:52,2025-07-03 17:25:41.459405,24.15862836081559,-110.31023098211561,24.129829738926357,-110.3238085333388
832,17,2025-07-03 17:14:38,2025-07-03 17:29:13.452624,24.139591737490434,-110.31658928074611,24.153953101276052,-110.3046955533558
833,9,2025-07-03 17:14:12,2025-07-03 17:19:49.443890,24.15034627638478,-110.29769382478108,24.13719615269285,-110.3115606309902
834,2,2025-07-03 17:15:15,2025-07-03 17:29:22.561308,24.153310929190944,-110.31300843909432,24.1311469125183,-110.31571283021867
835,0,2025-07-03 17:15:20,2025-07-03 17:24:23.920568,24.136087705761437,-110.32116689486283,24.153336890748527,-110.31139989577886
836,24,2025-07-03 17:15:45,2025-07-03 17:24:52.499167,24.127608811528862,-110.30946235167666,24.147807900682576,-110.31793267373769
837,21,2025-07-03 17:15:42,2025-07-03 17:31:03.269136,24.129329522540864,-110.31634739204236,24.15436058640999,-110.31172554111643
838,4,2025-07-03 17:16:14,2025-07-03 17:26:14.854292,24.131442924658263,-110.32825402654262,24.14981537065947,-110.30872872870543
839,19,2025-07-03 17:16:43,2025-07-03 17:27:41.874574,24.15433202682739,-110.30733495307709,24.134430259227063,-110.32358862046796
840,9,2025-07-03 17:17:44,2025-07-03 17:27:14.114577,24.15034627638478,-110.29769382478108,24.136128861800714,-110.32143083131461
841,2,2025-07-03 17:17:45,2025-07-03 17:29:54.235973,24.153310929190944,-110.31300843909432,24.141577991133214,-110.29925082789082
842,4,2025-07-03 17:17:35,2025-07-03 17:35:18.206710,24.131442924658263,-110.32825402654262,24.1292697507777,-110.30914074159499
843,21,2025-07-03 17:17:05,2025-07-03 17:30:17.293310,24.129329522540864,-110.31634739204236,24.146482220484707,-110.29904876580929
844,18,2025-07-03 17:17:00,2025-07-03 17:26:50.699461,24.143523335518026,-110.32225325724811,24.151098479405967,-110.30541526540391
845,14,2025-07-03 17:17:27,2025-07-03 17:30:12.560100,24.15501463349806,-110.3112282286923,24.137046543724438,-110.32151606977156
846,9,2025-07-03 17:17:16,2025-07-03 17:29:57.722597,24.15034627638478,-110.29769382478108,24.137958229683605,-110.31395676796349
847,6,2025-07-03 17:18:30,2025-07-03 17:35:10.516495,24.132245223224192,-110.3223621365107,24.152146002844123,-110.30733851937846
848,3,2025-07-03 17:18:02,2025-07-03 17:32:46.257346,24.137144815917814,-110.32889868255089,24.134257908967093,-110.30413947361649
849,24,2025-07-03 17:18:20,2025-07-03 17:25:32.186469,24.127608811528862,-110.30946235167666,24.14686392917655,-110.31795774729854
850,13,2025-07-03 17:18:24,2025-07-03 17:31:41.778956,24.143044438562143,-110.3034502642352,24.13141660929204,-110.3179886030862
851,21,2025-07-03 17:19:35,2025-07-03 17:33:57.071784,24.129329522540864,-110.31634739204236,24.14700922212805,-110.30464280027404
852,16,2025-07-03 17:19:23,2025-07-03 17:35:36.828025,24.13755113057298,-110.30212098653547,24.13293123724253,-110.32197109969367
853,14,2025-07-03 17:19:13,2025-07-03 17:32:24.379476,24.15501463349806,-110.3112282286923,24.135369131812435,-110.31411775695811
854,9,2025-07-03 17:20:25,2025-07-03 17:34:24.670066,24.15034627638478,-110.29769382478108,24.139510023239446,-110.31354949392468
855,14,2025-07-03 17:20:28,2025-07-03 17:32:38.034694,24.15501463349806,-110.3112282286923,24.136260453590797,-110.31985920866954
856,12,2025-07-03 17:20:44,2025-07-03 17:27:50.151487,24.135979395873864,-110.31095715788078,24.154212868392722,-110.31410831962044
857,1,2025-07-03 17:21:13,2025-07-03 17:33:44.999381,24.137298378582507,-110.30224973910845,24.153701108918813,-110.31449299034665
858,23,2025-07-03 17:21:26,2025-07-03 17:37:01.268892,24.15862836081559,-110.31023098211561,24.1395442948186,-110.3092823110564
859,23,2025-07-03 17:21:32,2025-07-03 17:34:31.500208,24.15862836081559,-110.31023098211561,24.140368483491613,-110.3232168107604
860,23,2025-07-03 17:22:03,2025-07-03 17:35:23.847895,24.15862836081559,-110.31023098211561,24.140675770110132,-110.30098111780028
861,23,2025-07-03 17:22:07,2025-07-03 17:34:49.395288,24.15862836081559,-110.31023098211561,24.12929585774079,-110.30952442519323
862,19,2025-07-03 17:23:06,2025-07-03 17:37:20.380966,24.15433202682739,-110.30733495307709,24.131398721475875,-110.32010664762538
863,13,2025-07-03 17:23:38,2025-07-03 17:32:34.447806,24.143044438562143,-110.3034502642352,24.135762999264266,-110.32979671211744
864,2,2025-07-03 17:23:09,2025-07-03 17:31:59.141446,24.153310929190944,-110.31300843909432,24.12846900648306,-110.31093218948527
865,19,2025-07-03 17:23:18,2025-07-03 17:34:23.336967,24.15433202682739,-110.30733495307709,24.131646958340895,-110.31389443392281
866,2,2025-07-03 17:24:03,2025-07-03 17:34:27.984451,24.153310929190944,-110.31300843909432,24.129622302231535,-110.31248304788186
867,21,2025-07-03 17:24:08,2025-07-03 17:32:44.537926,24.129329522540864,-110.31634739204236,24.152786855834457,-110.31494134221265
868,13,2025-07-03 17:24:14,2025-07-03 17:35:56.000397,24.143044438562143,-110.3034502642352,24.132617039871196,-110.32341829871832
869,23,2025-07-03 17:24:25,2025-07-03 17:33:14.231280,24.15862836081559,-110.31023098211561,24.125612481202957,-110.3116962902886
870,18,2025-07-03 17:24:36,2025-07-03 17:34:47.153076,24.143523335518026,-110.32225325724811,24.142419496515988,-110.30092406922181
871,5,2025-07-03 17:26:37,2025-07-03 17:39:12.978638,24.139829292999558,-110.31250410029048,24.149754059122795,-110.2972301508218
872,14,2025-07-03 17:26:52,2025-07-03 17:39:34.685654,24.15501463349806,-110.3112282286923,24.135892826030958,-110.32259950626741
873,23,2025-07-03 17:26:26,2025-07-03 17:41:22.723866,24.15862836081559,-110.31023098211561,24.14051598948532,-110.32334615361414
874,10,2025-07-03 17:27:29,2025-07-03 17:39:53.536947,24.15354386539215,-110.30529269293778,24.12719595337561,-110.31227463444884
875,23,2025-07-03 17:28:15,2025-07-03 17:38:55.866886,24.15862836081559,-110.31023098211561,24.14026164458012,-110.31609007650194
876,0,2025-07-03 17:28:25,2025-07-03 17:41:30.698243,24.136087705761437,-110.32116689486283,24.154984218200504,-110.30473856542345
877,19,2025-07-03 17:28:48,2025-07-03 17:42:01.215521,24.15433202682739,-110.30733495307709,24.13675187110991,-110.32410450922018
878,2,2025-07-03 17:29:00,2025-07-03 17:42:11.322408,24.153310929190944,-110.31300843909432,24.133570143770893,-110.32496380327287
879,23,2025-07-03 17:29:51,2025-07-03 17:44:22.001186,24.15862836081559,-110.31023098211561,24.129248264779623,-110.3157556775863
880,23,2025-07-03 17:29:28,2025-07-03 17:38:54.398495,24.15862836081559,-110.31023098211561,24.139125448202712,-110.31458535817305
881,3,2025-07-03 17:29:28,2025-07-03 17:36:16.562631,24.137144815917814,-110.32889868255089,24.142571599633296,-110.3074548511705
882,6,2025-07-03 17:30:39,2025-07-03 17:42:21.224496,24.132245223224192,-110.3223621365107,24.14153591803197,-110.3056919322568
883,4,2025-07-03 17:30:11,2025-07-03 17:40:58.684680,24.131442924658263,-110.32825402654262,24.15335349790081,-110.31129966550019
884,9,2025-07-03 17:30:03,2025-07-03 17:45:26.295133,24.15034627638478,-110.29769382478108,24.145467578189752,-110.31753202809752
885,23,2025-07-03 17:30:15,2025-07-03 17:41:35.016393,24.15862836081559,-110.31023098211561,24.133610103141027,-110.31902700768369
886,24,2025-07-03 17:30:55,2025-07-03 17:42:29.039475,24.127608811528862,-110.30946235167666,24.148966724278402,-110.3128198252847
887,20,2025-07-03 17:31:25,2025-07-03 17:42:53.839428,24.135613654618368,-110.30555291810683,24.134007164007706,-110.32710460015299
888,22,2025-07-03 17:31:37,2025-07-03 17:40:46.956619,24.136549288952132,-110.30770841886384,24.136333875167114,-110.32821991925094
889,14,2025-07-03 17:31:53,2025-07-03 17:46:29.446507,24.15501463349806,-110.3112282286923,24.128342186439674,-110.31183278383031
890,2,2025-07-03 17:32:59,2025-07-03 17:40:10.584287,24.153310929190944,-110.31300843909432,24.136646517644675,-110.32505078303507
891,19,2025-07-03 17:33:10,2025-07-03 17:45:04.205840,24.15433202682739,-110.30733495307709,24.134392537114152,-110.32494375041692
892,0,2025-07-03 17:33:01,2025-07-03 17:48:12.779151,24.136087705761437,-110.32116689486283,24.151687770475597,-110.3051047136575
893,8,2025-07-03 17:33:09,2025-07-03 17:44:35.957904,24.148193886681828,-110.31413073456456,24.128325030009115,-110.3157285255075
894,3,2025-07-03 17:34:42,2025-07-03 17:45:48.102849,24.137144815917814,-110.32889868255089,24.15017221283532,-110.3158633793285
895,18,2025-07-03 17:34:55,2025-07-03 17:44:15.196568,24.143523335518026,-110.32225325724811,24.151096535472888,-110.30012515906422
896,3,2025-07-03 17:35:46,2025-07-03 17:49:40.797206,24.137144815917814,-110.32889868255089,24.14370120617263,-110.30654894347177
897,14,2025-07-03 17:35:05,2025-07-03 17:45:47.826858,24.15501463349806,-110.3112282286923,24.129901363299243,-110.32632570103868
898,2,2025-07-03 17:35:08,2025-07-03 17:47:43.161560,24.153310929190944,-110.31300843909432,24.128927611677273,-110.31313889858741
899,24,2025-07-03 17:36:15,2025-07-03 17:54:59.561075,24.127608811528862,-110.30946235167666,24.133847664758402,-110.33158815224846
900,24,2025-07-03 17:36:08,2025-07-03 17:46:07.380919,24.127608811528862,-110.30946235167666,24.14747307049301,-110.31884152562665
901,9,2025-07-03 17:36:25,2025-07-03 17:52:30.636851,24.15034627638478,-110.29769382478108,24.140544289597425,-110.32364451590908
902,10,2025-07-03 17:36:01,2025-07-03 17:53:39.740590,24.15354386539215,-110.30529269293778,24.134792043628934,-110.31481196116826
903,3,2025-07-03 17:36:12,2025-07-03 17:52:35.585106,24.137144815917814,-110.32889868255089,24.14387616696994,-110.3104058407743
904,23,2025-07-03 17:37:10,2025-07-03 17:54:01.266577,24.15862836081559,-110.31023098211561,24.13666925856018,-110.30804329645119
905,20,2025-07-03 17:38:11,2025-07-03 17:52:57.196470,24.135613654618368,-110.30555291810683,24.154993270614582,-110.30993081880281
906,10,2025-07-03 17:38:44,2025-07-03 17:47:56.834598,24.15354386539215,-110.30529269293778,24.139228454305695,-110.31750507610147
907,3,2025-07-03 17:39:31,2025-07-03 17:51:09.737117,24.137144815917814,-110.32889868255089,24.147020878129975,-110.30122795189646
908,21,2025-07-03 17:39:29,2025-07-03 17:51:54.511669,24.129329522540864,-110.31634739204236,24.15118787530812,-110.31609101097239
909,16,2025-07-03 17:40:26,2025-07-03 17:52:27.813742,24.13755113057298,-110.30212098653547,24.133486940048165,-110.32026521612472
910,4,2025-07-03 17:40:16,2025-07-03 17:45:51.235452,24.131442924658263,-110.32825402654262,24.138553721802722,-110.30742699854957
911,23,2025-07-03 17:40:43,2025-07-03 17:51:23.889453,24.15862836081559,-110.31023098211561,24.134877287072545,-110.32390393684032
912,9,2025-07-03 17:41:41,2025-07-03 17:49:09.313442,24.15034627638478,-110.29769382478108,24.12782994884061,-110.31024913644602
913,2,2025-07-03 17:41:17,2025-07-03 17:52:36.553207,24.153310929190944,-110.31300843909432,24.1284771329399,-110.31590676254632
914,6,2025-07-03 17:42:53,2025-07-03 18:01:05.891218,24.132245223224192,-110.3223621365107,24.143872620236287,-110.30781189606269
915,4,2025-07-03 17:42:29,2025-07-03 17:55:24.040873,24.131442924658263,-110.32825402654262,24.151126152703952,-110.30394035431249
916,9,2025-07-03 17:44:11,2025-07-03 17:57:44.054962,24.15034627638478,-110.29769382478108,24.136969231802237,-110.32143145693021
917,9,2025-07-03 17:45:33,2025-07-03 18:01:57.116975,24.15034627638478,-110.29769382478108,24.133761186574368,-110.31301583709225
918,24,2025-07-03 17:46:29,2025-07-03 17:59:59.770192,24.127608811528862,-110.30946235167666,24.13879922842872,-110.32463884002834
919,10,2025-07-03 17:46:34,2025-07-03 18:03:22.313564,24.15354386539215,-110.30529269293778,24.136150174133157,-110.3204579569
920,1,2025-07-03 17:46:46,2025-07-03 17:57:49.535833,24.137298378582507,-110.30224973910845,24.152612355244827,-110.31193087760458
921,6,2025-07-03 17:46:39,2025-07-03 18:00:01.022418,24.132245223224192,-110.3223621365107,24.146445051314856,-110.3048928101731
922,21,2025-07-03 17:47:15,2025-07-03 17:56:54.166827,24.129329522540864,-110.31634739204236,24.15269012520443,-110.3106105325916
923,9,2025-07-03 17:47:03,2025-07-03 18:01:53.573445,24.15034627638478,-110.29769382478108,24.133767135744307,-110.32043186285915
924,6,2025-07-03 17:47:58,2025-07-03 17:59:42.731866,24.132245223224192,-110.3223621365107,24.14338605555837,-110.30163663348769
925,23,2025-07-03 17:47:06,2025-07-03 17:58:16.843708,24.15862836081559,-110.31023098211561,24.138128363969727,-110.31148409282451
926,12,2025-07-03 17:47:46,2025-07-03 18:03:52.455698,24.135979395873864,-110.31095715788078,24.134755506661193,-110.33392411269884
927,18,2025-07-03 17:47:03,2025-07-03 17:57:14.888522,24.143523335518026,-110.32225325724811,24.150854744702414,-110.3018643191828
928,19,2025-07-03 17:47:05,2025-07-03 18:00:38.938017,24.15433202682739,-110.30733495307709,24.136204782907285,-110.32107361993832
929,0,2025-07-03 17:48:37,2025-07-03 17:59:07.120310,24.136087705761437,-110.32116689486283,24.15006497499061,-110.30106596913345
930,12,2025-07-03 17:50:05,2025-07-03 18:00:00.353527,24.135979395873864,-110.31095715788078,24.158953834639753,-110.30988434188347
931,21,2025-07-03 17:50:48,2025-07-03 18:05:13.411484,24.129329522540864,-110.31634739204236,24.141384671638274,-110.30149669542365
932,3,2025-07-03 17:50:47,2025-07-03 17:59:55.177001,24.137144815917814,-110.32889868255089,24.137151347624176,-110.30587360266499
933,24,2025-07-03 17:50:27,2025-07-03 18:07:19.402640,24.127608811528862,-110.30946235167666,24.1544282182913,-110.30446080173417
934,12,2025-07-03 17:52:01,2025-07-03 18:07:19.002167,24.135979395873864,-110.31095715788078,24.133968216489134,-110.33012148922721
935,9,2025-07-03 17:52:13,2025-07-03 18:04:29.008421,24.15034627638478,-110.29769382478108,24.1339065591687,-110.32750423829506
936,9,2025-07-03 17:53:50,2025-07-03 18:01:14.743022,24.15034627638478,-110.29769382478108,24.142526488450027,-110.31741130799148
937,9,2025-07-03 17:53:23,2025-07-03 18:13:33.223882,24.15034627638478,-110.29769382478108,24.129141166477776,-110.31361758431726
938,18,2025-07-03 17:53:01,2025-07-03 18:07:37.743580,24.143523335518026,-110.32225325724811,24.136673755767504,-110.304538560599
939,14,2025-07-03 17:53:31,2025-07-03 18:06:35.694404,24.15501463349806,-110.3112282286923,24.130978653236475,-110.32403115307216
940,4,2025-07-03 17:53:36,2025-07-03 18:05:54.518297,24.131442924658263,-110.32825402654262,24.14492127800272,-110.3140863050752
941,23,2025-07-03 17:55:05,2025-07-03 18:05:39.640000,24.15862836081559,-110.31023098211561,24.131824767470224,-110.32370944424034
942,24,2025-07-03 17:56:22,2025-07-03 18:12:15.764440,24.127608811528862,-110.30946235167666,24.147896189085067,-110.29583994278806
943,19,2025-07-03 17:57:28,2025-07-03 18:08:49.178799,24.15433202682739,-110.30733495307709,24.134941108230176,-110.31679800103937
944,4,2025-07-03 17:57:58,2025-07-03 18:09:53.837846,24.131442924658263,-110.32825402654262,24.143718970226647,-110.30509690237874
945,1,2025-07-03 17:58:54,2025-07-03 18:11:19.972247,24.137298378582507,-110.30224973910845,24.13552076872051,-110.32615457265075
946,6,2025-07-03 17:58:11,2025-07-03 18:07:29.126536,24.132245223224192,-110.3223621365107,24.142684783288974,-110.29679428344612
947,20,2025-07-03 17:59:50,2025-07-03 18:09:44.119386,24.135613654618368,-110.30555291810683,24.14045146291361,-110.32812315387132
948,23,2025-07-03 17:59:05,2025-07-03 18:12:25.950636,24.15862836081559,-110.31023098211561,24.13508602165175,-110.31155547936197
949,4,2025-07-03 17:59:43,2025-07-03 18:13:32.377913,24.131442924658263,-110.32825402654262,24.145340688121124,-110.31137590490887
950,4,2025-07-03 18:01:54,2025-07-03 18:13:05.096451,24.131442924658263,-110.32825402654262,24.14317797946051,-110.29804223790993
951,13,2025-07-03 18:01:28,2025-07-03 18:10:26.200977,24.143044438562143,-110.3034502642352,24.13505189161138,-110.32113770564102
952,9,2025-07-03 18:01:15,2025-07-03 18:07:29.963124,24.15034627638478,-110.29769382478108,24.13846181329504,-110.31446913367985
953,23,2025-07-03 18:03:57,2025-07-03 18:15:28.249302,24.15862836081559,-110.31023098211561,24.13121119115423,-110.31647024328817
954,10,2025-07-03 18:03:23,2025-07-03 18:19:48.682727,24.15354386539215,-110.30529269293778,24.132178799215513,-110.33071369282275
955,19,2025-07-03 18:03:35,2025-07-03 18:16:46.884703,24.15433202682739,-110.30733495307709,24.13097117626534,-110.30964877017948
956,23,2025-07-03 18:05:07,2025-07-03 18:12:49.259709,24.15862836081559,-110.31023098211561,24.130179010012462,-110.32645133802222
957,0,2025-07-03 18:05:32,2025-07-03 18:18:38.513220,24.136087705761437,-110.32116689486283,24.155441754508978,-110.31289119498223
958,23,2025-07-03 18:05:02,2025-07-03 18:10:53.441357,24.15862836081559,-110.31023098211561,24.143558836258034,-110.32494203120683
959,23,2025-07-03 18:06:33,2025-07-03 18:20:54.193424,24.15862836081559,-110.31023098211561,24.138447901242035,-110.30568801547142
960,4,2025-07-03 18:07:32,2025-07-03 18:21:59.856111,24.131442924658263,-110.32825402654262,24.14265221753713,-110.3137926307434
961,21,2025-07-03 18:07:29,2025-07-03 18:17:33.624217,24.129329522540864,-110.31634739204236,24.1342115040557,-110.3337501500428
962,18,2025-07-03 18:08:19,2025-07-03 18:14:51.728537,24.143523335518026,-110.32225325724811,24.14279402550731,-110.302288360106
963,1,2025-07-03 18:08:02,2025-07-03 18:15:54.315097,24.137298378582507,-110.30224973910845,24.139858427583437,-110.32066432271665
964,1,2025-07-03 18:09:11,2025-07-03 18:17:03.609443,24.137298378582507,-110.30224973910845,24.130793241587835,-110.32276463326785
965,23,2025-07-03 18:10:57,2025-07-03 18:25:14.988717,24.15862836081559,-110.31023098211561,24.138586733074142,-110.29990668004629
966,14,2025-07-03 18:10:40,2025-07-03 18:23:53.276932,24.15501463349806,-110.3112282286923,24.12917565667854,-110.31282922706706
967,10,2025-07-03 18:11:31,2025-07-03 18:18:42.374941,24.15354386539215,-110.30529269293778,24.129958388921953,-110.31802815886007
968,9,2025-07-03 18:12:44,2025-07-03 18:26:02.119366,24.15034627638478,-110.29769382478108,24.150948691474365,-110.31607912227163
969,10,2025-07-03 18:13:47,2025-07-03 18:28:38.921853,24.15354386539215,-110.30529269293778,24.138311599754164,-110.31643995513268
970,3,2025-07-03 18:14:52,2025-07-03 18:27:41.158618,24.137144815917814,-110.32889868255089,24.141080566772455,-110.30732859128607
971,4,2025-07-03 18:14:38,2025-07-03 18:22:42.259557,24.131442924658263,-110.32825402654262,24.14247342850209,-110.3100704225689
972,9,2025-07-03 18:14:31,2025-07-03 18:25:25.164143,24.15034627638478,-110.29769382478108,24.14363929015566,-110.31790248671882
973,8,2025-07-03 18:14:00,2025-07-03 18:27:57.990964,24.148193886681828,-110.31413073456456,24.128013973865478,-110.32000282508686
974,3,2025-07-03 18:15:10,2025-07-03 18:30:10.364292,24.137144815917814,-110.32889868255089,24.15125327013517,-110.29913553409116
975,13,2025-07-03 18:17:59,2025-07-03 18:28:49.876013,24.143044438562143,-110.3034502642352,24.139484005859384,-110.32238560684696
976,16,2025-07-03 18:18:39,2025-07-03 18:30:32.697290,24.13755113057298,-110.30212098653547,24.133383034555738,-110.32537844572656
977,9,2025-07-03 18:19:29,2025-07-03 18:33:31.919083,24.15034627638478,-110.29769382478108,24.14250593631715,-110.3183856776259
978,2,2025-07-03 18:20:32,2025-07-03 18:30:46.282275,24.153310929190944,-110.31300843909432,24.137229348294586,-110.32305803570621
979,4,2025-07-03 18:21:59,2025-07-03 18:31:43.199382,24.131442924658263,-110.32825402654262,24.14144595257287,-110.31296897064915
980,20,2025-07-03 18:21:10,2025-07-03 18:31:26.492988,24.135613654618368,-110.30555291810683,24.144385749413125,-110.32401833765371
981,2,2025-07-03 18:24:17,2025-07-03 18:39:04.405624,24.153310929190944,-110.31300843909432,24.130801900895158,-110.31835622159356
982,9,2025-07-03 18:25:41,2025-07-03 18:34:11.594244,24.15034627638478,-110.29769382478108,24.131238975367715,-110.31643977228514
983,18,2025-07-03 18:25:55,2025-07-03 18:40:32.515318,24.143523335518026,-110.32225325724811,24.146113232891068,-110.29377375690922
984,4,2025-07-03 18:25:56,2025-07-03 18:39:09.624378,24.131442924658263,-110.32825402654262,24.146548762748573,-110.31347139184095
985,14,2025-07-03 18:26:52,2025-07-03 18:40:04.640898,24.15501463349806,-110.3112282286923,24.125730943574922,-110.31457027900035
986,0,2025-07-03 18:27:28,2025-07-03 18:35:06.418194,24.136087705761437,-110.32116689486283,24.14387077215891,-110.29696701915177
987,23,2025-07-03 18:28:02,2025-07-03 18:42:10.267753,24.15862836081559,-110.31023098211561,24.13174218042195,-110.32959384134638
988,23,2025-07-03 18:29:48,2025-07-03 18:44:25.236310,24.15862836081559,-110.31023098211561,24.1367184984455,-110.32387886617313
989,9,2025-07-03 18:31:25,2025-07-03 18:44:18.734357,24.15034627638478,-110.29769382478108,24.134061912890065,-110.31650802872069
990,14,2025-07-03 18:32:14,2025-07-03 18:45:24.226413,24.15501463349806,-110.3112282286923,24.135421319317608,-110.31951002309731
991,9,2025-07-03 18:33:27,2025-07-03 18:44:57.601205,24.15034627638478,-110.29769382478108,24.147436386007413,-110.3212547997752
992,3,2025-07-03 18:34:28,2025-07-03 18:53:40.167775,24.137144815917814,-110.32889868255089,24.143133753559386,-110.3087748006776
993,1,2025-07-03 18:34:00,2025-07-03 18:46:41.578076,24.137298378582507,-110.30224973910845,24.14955801660594,-110.31641943950468
994,6,2025-07-03 18:38:41,2025-07-03 18:51:38.327274,24.132245223224192,-110.3223621365107,24.15198815481229,-110.30899389166039
995,10,2025-07-03 18:38:53,2025-07-03 18:54:01.490944,24.15354386539215,-110.30529269293778,24.134922369466832,-110.32316570048116
996,22,2025-07-03 18:39:43,2025-07-03 18:53:02.962220,24.136549288952132,-110.30770841886384,24.129912544169585,-110.32607041237239
997,23,2025-07-03 18:39:01,2025-07-03 18:51:28.204363,24.15862836081559,-110.31023098211561,24.1360998170665,-110.31857752745152
998,10,2025-07-03 18:41:08,2025-07-03 18:55:23.144826,24.15354386539215,-110.30529269293778,24.13911684926193,-110.31847957052645
999,3,2025-07-03 18:42:39,2025-07-03 18:56:31.052604,24.137144815917814,-110.32889868255089,24.142537879623955,-110.30793259024327
1000,8,2025-07-03 18:45:48,2025-07-03 18:58:52.407210,24.148193886681828,-110.31413073456456,24.132440975783588,-110.3310327380969
1001,0,2025-07-03 18:46:48,2025-07-03 19:00:22.077725,24.136087705761437,-110.32116689486283,24.149979843465545,-110.30870928049126
1002,2,2025-07-03 18:47:18,2025-07-03 18:58:55.969192,24.153310929190944,-110.31300843909432,24.134054465637217,-110.31182280157186
1003,9,2025-07-03 18:49:03,2025-07-03 19:04:31.842262,24.15034627638478,-110.29769382478108,24.134042147698654,-110.30634851384048
1004,8,2025-07-03 18:50:14,2025-07-03 19:00:42.683189,24.148193886681828,-110.31413073456456,24.127090767682937,-110.31609592403196
1005,10,2025-07-03 18:51:44,2025-07-03 18:57:24.882310,24.15354386539215,-110.30529269293778,24.13969598219384,-110.32871892263373
1006,23,2025-07-03 18:53:59,2025-07-03 19:07:11.652463,24.15862836081559,-110.31023098211561,24.138302479390127,-110.30623808374499
1007,3,2025-07-03 18:54:22,2025-07-03 19:01:38.207080,24.137144815917814,-110.32889868255089,24.1491854633509,-110.31195224009907
1008,4,2025-07-03 18:56:30,2025-07-03 19:07:30.504216,24.131442924658263,-110.32825402654262,24.13973045764991,-110.30556701313064
1009,17,2025-07-03 18:56:30,2025-07-03 19:06:37.401144,24.139591737490434,-110.31658928074611,24.145252145081024,-110.29709353022552
1010,6,2025-07-03 18:57:25,2025-07-03 19:10:33.498926,24.132245223224192,-110.3223621365107,24.15117433276539,-110.30087634466318
1011,6,2025-07-03 18:57:09,2025-07-03 19:08:31.911735,24.132245223224192,-110.3223621365107,24.151931444798034,-110.30309066769975
1012,4,2025-07-03 18:58:39,2025-07-03 19:06:55.194456,24.131442924658263,-110.32825402654262,24.143414841941276,-110.31145598826383
1013,24,2025-07-03 18:59:16,2025-07-03 19:10:21.468706,24.127608811528862,-110.30946235167666,24.147811633704798,-110.31668395165971
