order_id,status,placement_time,ready_time,pickup_time,delivery_time,click_to_door,ready_to_pickup,courier_id,bundle_size,routing_source
0,delivered,2025-07-03 08:00:52,2025-07-03 08:10:43.787669,2025-07-03 08:11:07.000000,2025-07-03 08:13:29.700,12.628333333333334,0.38687218333333334,5,1,osrm
1,delivered,2025-07-03 08:01:02,2025-07-03 08:10:21.169219,2025-07-03 08:10:58.600000,2025-07-03 08:14:39.600,13.626666666666667,0.6238463500000001,2,1,osrm
2,delivered,2025-07-03 08:01:14,2025-07-03 08:11:02.810062,2025-07-03 08:32:30.312812,2025-07-03 08:40:22.800,39.14666666666667,21.458379166666667,4,4,osrm
3,delivered,2025-07-03 08:01:20,2025-07-03 08:12:13.218465,2025-07-03 08:15:43.000000,2025-07-03 08:18:05.600,16.76,3.4963589166666664,12,1,osrm
4,delivered,2025-07-03 08:02:19,2025-07-03 08:19:13.539076,2025-07-03 08:46:03.678253,2025-07-03 08:46:00.600,43.693333333333335,26.83565295,13,4,osrm
5,delivered,2025-07-03 08:03:58,2025-07-03 08:18:37.905290,2025-07-03 09:07:08.025287,2025-07-03 09:11:47.100,67.81833333333333,48.50199995,19,4,osrm
6,delivered,2025-07-03 08:03:03,2025-07-03 08:19:26.151032,2025-07-03 08:32:30.312812,2025-07-03 08:40:22.800,37.330000000000005,13.069363000000001,4,4,osrm
7,delivered,2025-07-03 08:04:40,2025-07-03 08:18:40.243824,2025-07-03 10:22:21.500000,2025-07-03 10:31:38.200,146.97,123.68760293333334,14,4,osrm
8,delivered,2025-07-03 08:04:12,2025-07-03 08:18:53.801032,2025-07-03 08:46:20.003301,2025-07-03 08:57:02.400,52.84,27.436704483333333,14,4,osrm
9,delivered,2025-07-03 08:06:11,2025-07-03 08:22:05.668432,2025-07-03 11:05:18.000000,2025-07-03 11:17:40.100,191.485,163.20552613333334,9,3,osrm
10,delivered,2025-07-03 08:07:22,2025-07-03 08:16:39.432885,2025-07-03 08:45:56.875866,2025-07-03 08:53:50.100,46.468333333333334,29.29071635,19,4,osrm
11,delivered,2025-07-03 08:07:31,2025-07-03 08:13:58.290703,2025-07-03 08:15:58.600000,2025-07-03 08:18:19.900,10.815,2.00515495,11,1,osrm
12,delivered,2025-07-03 08:07:58,2025-07-03 08:19:13.631967,2025-07-03 08:21:38.900000,2025-07-03 08:24:35.100,16.618333333333332,2.4211338833333333,8,1,osrm
13,delivered,2025-07-03 08:08:33,2025-07-03 08:21:15.634952,2025-07-03 08:53:31.375763,2025-07-03 08:55:10.700,46.62833333333333,32.26234685,16,4,osrm
14,delivered,2025-07-03 08:10:44,2025-07-03 08:22:32.687908,2025-07-03 08:58:14.712169,2025-07-03 09:07:02.800,56.31333333333334,35.70040435,15,4,osrm
15,delivered,2025-07-03 08:10:17,2025-07-03 08:21:13.778559,2025-07-03 08:42:58.962465,2025-07-03 08:53:07.000,42.833333333333336,21.7530651,9,4,osrm
16,delivered,2025-07-03 08:10:41,2025-07-03 08:17:50.186011,2025-07-03 08:40:25.223226,2025-07-03 08:43:53.200,33.20333333333333,22.583953583333333,15,4,osrm
17,delivered,2025-07-03 08:10:23,2025-07-03 08:26:04.502339,2025-07-03 10:41:15.712284,2025-07-03 10:50:12.400,159.82333333333332,135.18683241666665,15,4,osrm
18,delivered,2025-07-03 08:11:06,2025-07-03 08:24:07.028495,2025-07-03 11:05:59.848570,2025-07-03 11:16:49.200,185.72,161.88033458333334,3,4,osrm
19,delivered,2025-07-03 08:11:54,2025-07-03 08:20:54.003797,2025-07-03 08:40:12.299684,2025-07-03 08:46:20.800,34.44666666666667,19.30493145,11,4,osrm
20,delivered,2025-07-03 08:11:59,2025-07-03 08:24:41.264474,2025-07-03 08:43:25.769824,2025-07-03 08:47:00.100,35.01833333333333,18.741755833333333,3,4,osrm
21,delivered,2025-07-03 08:12:44,2025-07-03 08:24:13.142012,2025-07-03 08:49:30.894661,2025-07-03 09:02:25.500,49.69166666666667,25.295877483333335,17,4,osrm
22,delivered,2025-07-03 08:13:11,2025-07-03 08:24:42.610251,2025-07-03 08:42:58.962465,2025-07-03 08:53:07.000,39.93333333333333,18.2725369,9,4,osrm
23,delivered,2025-07-03 08:13:30,2025-07-03 08:26:40.738815,2025-07-03 08:46:03.678253,2025-07-03 08:46:00.600,32.51,19.382323966666668,13,4,osrm
24,delivered,2025-07-03 08:13:11,2025-07-03 08:27:57.197058,2025-07-03 08:46:48.019134,2025-07-03 08:56:04.100,42.885,18.847034599999997,7,4,osrm
25,delivered,2025-07-03 08:13:50,2025-07-03 08:24:43.816973,2025-07-03 08:46:51.976434,2025-07-03 08:55:12.100,41.36833333333333,22.135991016666665,2,4,osrm
26,delivered,2025-07-03 08:14:14,2025-07-03 08:31:39.186501,2025-07-03 11:16:41.100000,2025-07-03 11:25:38.400,191.40666666666667,165.03189165,17,3,osrm
27,delivered,2025-07-03 08:15:55,2025-07-03 08:29:11.115535,2025-07-03 08:40:12.299684,2025-07-03 08:46:20.800,30.43,11.019735816666667,11,4,osrm
28,delivered,2025-07-03 08:15:46,2025-07-03 08:29:02.567551,2025-07-03 08:40:25.223226,2025-07-03 08:43:53.200,28.12,11.377594583333332,15,4,osrm
29,delivered,2025-07-03 08:16:08,2025-07-03 08:23:23.092729,2025-07-03 08:54:27.682865,2025-07-03 08:51:21.300,35.22166666666667,31.07650226666667,6,4,osrm
30,delivered,2025-07-03 08:16:10,2025-07-03 08:34:12.241958,2025-07-03 08:42:58.962465,2025-07-03 08:53:07.000,36.95,8.778675116666667,9,4,osrm
31,delivered,2025-07-03 08:17:30,2025-07-03 08:32:47.273998,2025-07-03 08:45:56.875866,2025-07-03 08:53:50.100,36.335,13.160031133333332,19,4,osrm
32,delivered,2025-07-03 08:17:56,2025-07-03 08:24:06.064909,2025-07-03 08:39:01.099622,2025-07-03 08:48:20.900,30.415000000000003,14.917245216666666,10,4,osrm
33,delivered,2025-07-03 08:17:01,2025-07-03 08:25:59.242424,2025-07-03 08:57:55.554862,2025-07-03 08:59:20.700,42.32833333333333,31.938540633333332,4,4,osrm
34,delivered,2025-07-03 08:17:32,2025-07-03 08:31:14.253581,2025-07-03 08:46:48.019134,2025-07-03 08:56:04.100,38.535,15.562759216666667,7,4,osrm
35,delivered,2025-07-03 08:17:59,2025-07-03 08:29:45.849566,2025-07-03 11:00:46.800000,2025-07-03 11:10:56.900,172.965,151.01584056666667,15,2,osrm
36,delivered,2025-07-03 08:18:19,2025-07-03 08:26:25.149925,2025-07-03 08:49:46.051490,2025-07-03 08:49:05.600,30.776666666666664,23.348359416666664,18,3,osrm
37,delivered,2025-07-03 08:18:21,2025-07-03 08:32:37.818423,2025-07-03 09:20:50.700992,2025-07-03 09:27:49.900,69.48166666666665,48.21470948333333,15,4,osrm
38,delivered,2025-07-03 08:18:29,2025-07-03 08:32:30.312812,2025-07-03 08:32:30.312812,2025-07-03 08:40:22.800,21.896666666666665,0.0,4,4,osrm
39,delivered,2025-07-03 08:19:54,2025-07-03 08:30:30.329130,2025-07-03 08:46:51.976434,2025-07-03 08:55:12.100,35.30166666666666,16.3607884,2,4,osrm
40,delivered,2025-07-03 08:19:13,2025-07-03 08:33:15.677570,2025-07-03 09:06:56.058069,2025-07-03 09:10:38.000,51.416666666666664,33.67300831666667,12,4,osrm
41,delivered,2025-07-03 08:19:17,2025-07-03 08:34:22.148973,2025-07-03 08:54:27.682865,2025-07-03 08:51:21.300,32.071666666666665,20.092231533333333,6,4,osrm
42,delivered,2025-07-03 08:19:40,2025-07-03 08:30:50.742687,2025-07-03 08:32:30.312812,2025-07-03 08:40:22.800,20.71333333333333,1.6595020833333334,4,4,osrm
43,delivered,2025-07-03 08:20:39,2025-07-03 08:35:33.440162,2025-07-03 08:58:14.712169,2025-07-03 09:07:02.800,46.39666666666667,22.687866783333334,15,4,osrm
44,delivered,2025-07-03 08:20:29,2025-07-03 08:34:51.921388,2025-07-03 08:49:30.894661,2025-07-03 09:02:25.500,41.94166666666667,14.64955455,17,4,osrm
45,delivered,2025-07-03 08:21:10,2025-07-03 08:35:00.929404,2025-07-03 08:43:25.769824,2025-07-03 08:47:00.100,25.834999999999997,8.414007,3,4,osrm
46,delivered,2025-07-03 08:21:03,2025-07-03 08:27:27.932618,2025-07-03 09:02:31.633904,2025-07-03 09:15:40.200,54.62,35.0616881,11,4,osrm
47,delivered,2025-07-03 08:21:45,2025-07-03 08:35:12.914726,2025-07-03 08:43:25.769824,2025-07-03 08:47:00.100,25.251666666666665,8.214251633333333,3,4,osrm
48,delivered,2025-07-03 08:21:02,2025-07-03 08:29:38.327590,2025-07-03 09:02:31.633904,2025-07-03 09:15:40.200,54.63666666666666,32.888438566666665,11,4,osrm
49,delivered,2025-07-03 08:21:46,2025-07-03 08:26:46.000000,2025-07-03 08:46:20.003301,2025-07-03 08:57:02.400,35.27333333333333,19.566721683333334,14,4,osrm
50,delivered,2025-07-03 08:22:15,2025-07-03 08:34:49.346463,2025-07-03 08:58:14.712169,2025-07-03 09:07:02.800,44.79666666666667,23.422761766666667,15,4,osrm
51,delivered,2025-07-03 08:22:40,2025-07-03 08:31:55.979461,2025-07-03 09:10:40.162743,2025-07-03 09:19:40.100,57.001666666666665,38.736388033333334,18,4,osrm
52,delivered,2025-07-03 08:22:31,2025-07-03 08:35:06.129410,2025-07-03 09:06:56.058069,2025-07-03 09:10:38.000,48.11666666666667,31.832144316666664,12,4,osrm
53,delivered,2025-07-03 08:23:35,2025-07-03 08:35:34.567397,2025-07-03 08:46:48.019134,2025-07-03 08:56:04.100,32.485,11.224195616666666,7,4,osrm
54,delivered,2025-07-03 08:23:29,2025-07-03 08:33:41.915698,2025-07-03 09:07:08.025287,2025-07-03 09:11:47.100,48.30166666666666,33.43515981666666,19,4,osrm
55,delivered,2025-07-03 08:23:32,2025-07-03 08:33:35.644131,2025-07-03 08:39:01.099622,2025-07-03 08:48:20.900,24.815,5.424258183333333,10,4,osrm
56,delivered,2025-07-03 08:24:21,2025-07-03 08:39:01.099622,2025-07-03 08:39:01.099622,2025-07-03 08:48:20.900,23.998333333333335,0.0,10,4,osrm
57,delivered,2025-07-03 08:24:08,2025-07-03 08:35:43.396488,2025-07-03 08:39:01.099622,2025-07-03 08:48:20.900,24.215,3.2950522333333336,10,4,osrm
58,delivered,2025-07-03 08:24:52,2025-07-03 08:33:59.557046,2025-07-03 08:40:12.299684,2025-07-03 08:46:20.800,21.48,6.2123773,11,4,osrm
59,delivered,2025-07-03 08:24:04,2025-07-03 08:32:22.581694,2025-07-03 08:54:27.682865,2025-07-03 08:51:21.300,27.288333333333334,22.085019516666666,6,4,osrm
60,delivered,2025-07-03 08:25:53,2025-07-03 08:42:23.574070,2025-07-03 10:55:02.452785,2025-07-03 10:58:37.200,152.73666666666668,132.64797858333333,13,4,osrm
61,delivered,2025-07-03 08:25:25,2025-07-03 08:37:06.448157,2025-07-03 08:40:25.223226,2025-07-03 08:43:53.200,18.470000000000002,3.312917816666667,15,4,osrm
62,delivered,2025-07-03 08:25:57,2025-07-03 08:31:39.894758,2025-07-03 09:09:45.976811,2025-07-03 09:18:30.300,52.555,38.10136755,7,4,osrm
63,delivered,2025-07-03 08:25:36,2025-07-03 08:40:12.299684,2025-07-03 08:40:12.299684,2025-07-03 08:46:20.800,20.746666666666666,0.0,11,4,osrm
64,delivered,2025-07-03 08:26:06,2025-07-03 08:37:30.647788,2025-07-03 08:57:37.454901,2025-07-03 09:02:58.500,36.875,20.113451883333333,20,4,osrm
65,delivered,2025-07-03 08:26:56,2025-07-03 08:36:02.333192,2025-07-03 10:58:18.800000,2025-07-03 11:14:39.100,167.71833333333333,142.2744468,2,4,osrm
66,delivered,2025-07-03 08:26:07,2025-07-03 08:42:28.432022,2025-07-03 11:10:21.800000,2025-07-03 11:17:43.000,171.6,147.8894663,13,4,osrm
67,delivered,2025-07-03 08:26:53,2025-07-03 08:39:36.185534,2025-07-03 08:59:33.221064,2025-07-03 09:05:18.600,38.42666666666666,19.95059216666667,8,4,osrm
68,delivered,2025-07-03 08:26:30,2025-07-03 08:40:15.901322,2025-07-03 09:09:45.976811,2025-07-03 09:18:30.300,52.005,29.50125815,7,4,osrm
69,delivered,2025-07-03 08:26:03,2025-07-03 08:36:18.705566,2025-07-03 08:46:51.976434,2025-07-03 08:55:12.100,29.151666666666664,10.554514466666665,2,4,osrm
70,delivered,2025-07-03 08:27:55,2025-07-03 08:35:35.253641,2025-07-03 08:49:30.894661,2025-07-03 09:02:25.500,34.50833333333333,13.927350333333333,17,4,osrm
71,delivered,2025-07-03 08:27:54,2025-07-03 08:36:45.545586,2025-07-03 08:57:37.454901,2025-07-03 09:02:58.500,35.075,20.86515525,20,4,osrm
72,delivered,2025-07-03 08:27:45,2025-07-03 08:40:29.839627,2025-07-03 11:04:28.800000,2025-07-03 11:13:14.400,165.48999999999998,143.98267288333332,11,4,osrm
73,delivered,2025-07-03 08:28:46,2025-07-03 08:42:21.437245,2025-07-03 08:45:56.875866,2025-07-03 08:53:50.100,25.06833333333333,3.5906436833333335,19,4,osrm
74,delivered,2025-07-03 08:28:52,2025-07-03 08:41:10.143042,2025-07-03 08:42:47.682195,2025-07-03 08:48:27.000,19.583333333333332,1.62565255,5,4,osrm
75,delivered,2025-07-03 08:28:28,2025-07-03 08:44:14.134019,2025-07-03 09:24:14.239941,2025-07-03 09:31:23.500,62.925,40.00176536666667,14,4,osrm
76,delivered,2025-07-03 08:28:20,2025-07-03 08:40:25.223226,2025-07-03 08:40:25.223226,2025-07-03 08:43:53.200,15.553333333333335,0.0,15,4,osrm
77,delivered,2025-07-03 08:29:08,2025-07-03 08:41:29.522019,2025-07-03 09:09:17.171750,2025-07-03 09:13:03.000,43.916666666666664,27.794162183333334,6,4,osrm
78,delivered,2025-07-03 08:29:25,2025-07-03 08:40:37.244340,2025-07-03 09:08:40.542850,2025-07-03 09:09:57.300,40.538333333333334,28.05497516666667,10,4,osrm
79,delivered,2025-07-03 08:29:30,2025-07-03 08:43:25.769824,2025-07-03 08:43:25.769824,2025-07-03 08:47:00.100,17.501666666666665,0.0,3,4,osrm
80,delivered,2025-07-03 08:30:39,2025-07-03 08:45:36.469475,2025-07-03 08:46:20.003301,2025-07-03 08:57:02.400,26.39,0.7255637666666667,14,4,osrm
81,delivered,2025-07-03 08:32:31,2025-07-03 08:51:51.526201,2025-07-03 09:02:31.633904,2025-07-03 09:15:40.200,43.15333333333333,10.668461716666666,11,4,osrm
82,delivered,2025-07-03 08:32:31,2025-07-03 08:44:36.867061,2025-07-03 09:29:43.219677,2025-07-03 09:31:15.500,58.74166666666667,45.105876933333334,2,4,osrm
83,delivered,2025-07-03 08:32:37,2025-07-03 08:46:20.003301,2025-07-03 08:46:20.003301,2025-07-03 08:57:02.400,24.423333333333336,0.0,14,4,osrm
84,delivered,2025-07-03 08:32:19,2025-07-03 08:49:30.894661,2025-07-03 08:49:30.894661,2025-07-03 09:02:25.500,30.108333333333334,0.0,17,4,osrm
85,delivered,2025-07-03 08:33:31,2025-07-03 08:42:58.962465,2025-07-03 08:42:58.962465,2025-07-03 08:53:07.000,19.6,0.0,9,4,osrm
86,delivered,2025-07-03 08:33:18,2025-07-03 08:42:47.682195,2025-07-03 08:42:47.682195,2025-07-03 08:48:27.000,15.15,0.0,5,4,osrm
87,delivered,2025-07-03 08:33:00,2025-07-03 08:45:38.485631,2025-07-03 09:08:40.542850,2025-07-03 09:09:57.300,36.955000000000005,23.034286983333335,10,4,osrm
88,delivered,2025-07-03 08:34:07,2025-07-03 08:41:02.651553,2025-07-03 08:53:31.375763,2025-07-03 08:55:10.700,21.061666666666667,12.478736833333333,16,4,osrm
89,delivered,2025-07-03 08:34:07,2025-07-03 08:46:51.976434,2025-07-03 08:46:51.976434,2025-07-03 08:55:12.100,21.084999999999997,0.0,2,4,osrm
90,delivered,2025-07-03 08:34:27,2025-07-03 08:46:03.678253,2025-07-03 08:46:03.678253,2025-07-03 08:46:00.600,11.56,0.0,13,4,osrm
91,delivered,2025-07-03 08:35:05,2025-07-03 08:45:56.998286,2025-07-03 08:46:03.678253,2025-07-03 08:46:00.600,10.926666666666668,0.11133278333333332,13,4,osrm
92,delivered,2025-07-03 08:35:42,2025-07-03 08:42:57.929616,2025-07-03 09:30:31.484755,2025-07-03 09:39:23.700,63.695,47.559252316666665,16,4,osrm
93,delivered,2025-07-03 08:35:21,2025-07-03 08:46:48.019134,2025-07-03 08:46:48.019134,2025-07-03 08:56:04.100,20.71833333333333,0.0,7,4,osrm
94,delivered,2025-07-03 08:35:17,2025-07-03 08:45:28.214402,2025-07-03 10:48:07.500000,2025-07-03 11:00:33.700,145.27833333333334,122.65475996666667,6,4,osrm
95,delivered,2025-07-03 08:36:46,2025-07-03 08:52:16.787784,2025-07-03 08:53:31.375763,2025-07-03 08:55:10.700,18.41166666666667,1.2431329833333333,16,4,osrm
96,delivered,2025-07-03 08:36:49,2025-07-03 08:45:56.875866,2025-07-03 08:45:56.875866,2025-07-03 08:53:50.100,17.018333333333334,0.0,19,4,osrm
97,delivered,2025-07-03 08:36:45,2025-07-03 08:47:56.797651,2025-07-03 11:11:12.700000,2025-07-03 11:18:40.000,161.91666666666666,143.26503915,20,3,osrm
98,delivered,2025-07-03 08:37:15,2025-07-03 08:51:30.825054,2025-07-03 10:21:29.500000,2025-07-03 10:32:15.500,115.00833333333334,89.97791576666667,11,4,osrm
99,delivered,2025-07-03 08:37:43,2025-07-03 08:48:27.132968,2025-07-03 08:49:46.051490,2025-07-03 08:49:05.600,11.376666666666667,1.3153086999999999,18,3,osrm
100,delivered,2025-07-03 08:37:38,2025-07-03 08:49:46.051490,2025-07-03 08:49:46.051490,2025-07-03 08:49:05.600,11.46,0.0,18,3,osrm
101,delivered,2025-07-03 08:39:43,2025-07-03 08:47:57.543260,2025-07-03 11:11:12.700000,2025-07-03 11:18:40.000,158.95,143.25261233333333,20,3,osrm
102,delivered,2025-07-03 08:39:11,2025-07-03 08:54:27.682865,2025-07-03 08:54:27.682865,2025-07-03 08:51:21.300,12.171666666666665,0.0,6,4,osrm
103,delivered,2025-07-03 08:39:51,2025-07-03 08:53:31.375763,2025-07-03 08:53:31.375763,2025-07-03 08:55:10.700,15.328333333333335,0.0,16,4,osrm
104,delivered,2025-07-03 08:39:11,2025-07-03 08:51:35.821117,2025-07-03 09:25:53.286058,2025-07-03 09:31:19.600,52.14333333333333,34.29108235,4,4,osrm
105,delivered,2025-07-03 08:40:24,2025-07-03 08:50:02.978548,2025-07-03 09:07:46.662204,2025-07-03 09:11:03.100,30.651666666666664,17.72806093333333,9,4,osrm
106,delivered,2025-07-03 08:40:03,2025-07-03 08:53:58.599535,2025-07-03 09:22:20.452499,2025-07-03 09:25:30.200,45.45333333333333,28.364216066666664,5,4,osrm
107,delivered,2025-07-03 08:40:00,2025-07-03 08:51:46.001833,2025-07-03 09:14:04.237857,2025-07-03 09:20:06.900,40.115,22.303933733333334,1,4,osrm
108,delivered,2025-07-03 08:40:13,2025-07-03 08:48:19.500403,2025-07-03 10:29:48.200000,2025-07-03 10:39:28.100,119.25166666666668,101.47832661666666,13,4,osrm
109,delivered,2025-07-03 08:41:23,2025-07-03 08:54:02.951023,2025-07-03 08:57:55.554862,2025-07-03 08:59:20.700,17.961666666666666,3.87673065,4,4,osrm
110,delivered,2025-07-03 08:41:15,2025-07-03 08:57:10.230351,2025-07-03 10:20:52.200000,2025-07-03 10:28:20.900,107.09833333333333,83.69949414999999,7,4,osrm
111,delivered,2025-07-03 08:41:36,2025-07-03 08:52:45.834639,2025-07-03 08:57:37.454901,2025-07-03 09:02:58.500,21.375,4.8603377000000005,20,4,osrm
112,delivered,2025-07-03 08:41:03,2025-07-03 08:49:05.617493,2025-07-03 09:14:04.237857,2025-07-03 09:20:06.900,39.065000000000005,24.977006066666668,1,4,osrm
113,delivered,2025-07-03 08:42:25,2025-07-03 08:50:20.903984,2025-07-03 09:07:46.662204,2025-07-03 09:11:03.100,28.634999999999998,17.429303666666666,9,4,osrm
114,delivered,2025-07-03 08:42:46,2025-07-03 08:51:05.821013,2025-07-03 09:08:40.542850,2025-07-03 09:09:57.300,27.188333333333333,17.578697283333334,10,4,osrm
115,delivered,2025-07-03 08:42:37,2025-07-03 08:51:05.466541,2025-07-03 09:07:08.025287,2025-07-03 09:11:47.100,29.168333333333333,16.042645766666666,19,4,osrm
116,delivered,2025-07-03 08:42:22,2025-07-03 08:57:37.454901,2025-07-03 08:57:37.454901,2025-07-03 09:02:58.500,20.608333333333334,0.0,20,4,osrm
117,delivered,2025-07-03 08:42:03,2025-07-03 08:54:55.935319,2025-07-03 08:59:33.221064,2025-07-03 09:05:18.600,23.259999999999998,4.621429083333334,8,4,osrm
118,delivered,2025-07-03 08:43:38,2025-07-03 08:54:35.830336,2025-07-03 09:11:39.596489,2025-07-03 09:24:03.700,40.42833333333333,17.062769216666666,13,4,osrm
119,delivered,2025-07-03 08:43:45,2025-07-03 08:54:28.640261,2025-07-03 08:59:33.221064,2025-07-03 09:05:18.600,21.56,5.0763467166666665,8,4,osrm
120,delivered,2025-07-03 08:43:01,2025-07-03 08:57:55.554862,2025-07-03 08:57:55.554862,2025-07-03 08:59:20.700,16.328333333333333,0.0,4,4,osrm
121,delivered,2025-07-03 08:43:08,2025-07-03 08:54:06.394834,2025-07-03 09:18:51.701352,2025-07-03 09:25:16.200,42.13666666666666,24.755108633333336,8,4,osrm
122,delivered,2025-07-03 08:44:38,2025-07-03 08:52:55.967891,2025-07-03 09:10:40.162743,2025-07-03 09:19:40.100,35.035,17.736580866666667,18,4,osrm
123,delivered,2025-07-03 08:44:08,2025-07-03 08:54:08.385959,2025-07-03 08:57:55.554862,2025-07-03 08:59:20.700,15.211666666666668,3.7861483833333334,4,4,osrm
124,delivered,2025-07-03 08:45:46,2025-07-03 08:55:11.002629,2025-07-03 09:11:39.596489,2025-07-03 09:24:03.700,38.294999999999995,16.476564333333332,13,4,osrm
125,delivered,2025-07-03 08:45:35,2025-07-03 08:55:30.706292,2025-07-03 09:17:41.492049,2025-07-03 09:26:38.700,41.06166666666666,22.179762616666668,3,4,osrm
126,delivered,2025-07-03 08:45:44,2025-07-03 08:56:55.419923,2025-07-03 09:06:56.058069,2025-07-03 09:10:38.000,24.9,10.010635766666667,12,4,osrm
127,delivered,2025-07-03 08:46:04,2025-07-03 09:01:48.025765,2025-07-03 09:09:17.171750,2025-07-03 09:13:03.000,26.983333333333334,7.485766416666666,6,4,osrm
128,delivered,2025-07-03 08:47:25,2025-07-03 09:01:05.297887,2025-07-03 09:30:31.484755,2025-07-03 09:39:23.700,51.97833333333333,29.4364478,16,4,osrm
129,delivered,2025-07-03 08:47:02,2025-07-03 08:56:27.259307,2025-07-03 10:43:43.600000,2025-07-03 10:54:38.000,127.6,107.27234488333333,9,4,osrm
130,delivered,2025-07-03 08:47:47,2025-07-03 08:59:34.950495,2025-07-03 09:29:40.021740,2025-07-03 09:38:19.800,50.54666666666667,30.084520750000003,9,4,osrm
131,delivered,2025-07-03 08:47:02,2025-07-03 08:59:33.221064,2025-07-03 08:59:33.221064,2025-07-03 09:05:18.600,18.276666666666664,0.0,8,4,osrm
132,delivered,2025-07-03 08:47:08,2025-07-03 08:57:39.653465,2025-07-03 09:07:55.766690,2025-07-03 09:12:24.500,25.275,10.26855375,2,4,osrm
133,delivered,2025-07-03 08:48:38,2025-07-03 08:58:14.712169,2025-07-03 08:58:14.712169,2025-07-03 09:07:02.800,18.413333333333334,0.0,15,4,osrm
134,delivered,2025-07-03 08:48:06,2025-07-03 08:56:19.048764,2025-07-03 09:17:41.492049,2025-07-03 09:26:38.700,38.544999999999995,21.374054750000003,3,4,osrm
135,delivered,2025-07-03 08:49:01,2025-07-03 09:01:46.218035,2025-07-03 10:22:21.500000,2025-07-03 10:31:38.200,102.61999999999999,80.58803275,14,4,osrm
136,delivered,2025-07-03 08:49:18,2025-07-03 08:57:39.196460,2025-07-03 09:34:08.123768,2025-07-03 09:38:06.700,48.81166666666666,36.482121799999994,11,4,osrm
137,delivered,2025-07-03 08:49:21,2025-07-03 09:04:11.384607,2025-07-03 09:22:20.452499,2025-07-03 09:25:30.200,36.15333333333333,18.151131533333334,5,4,osrm
138,delivered,2025-07-03 08:50:35,2025-07-03 08:59:56.288196,2025-07-03 09:23:52.543612,2025-07-03 09:19:14.500,28.658333333333335,23.937590266666668,16,3,osrm
139,delivered,2025-07-03 08:50:15,2025-07-03 09:04:24.809075,2025-07-03 09:20:50.700992,2025-07-03 09:27:49.900,37.58166666666667,16.43153195,15,4,osrm
140,delivered,2025-07-03 08:50:28,2025-07-03 09:02:31.633904,2025-07-03 09:02:31.633904,2025-07-03 09:15:40.200,25.203333333333333,0.0,11,4,osrm
141,delivered,2025-07-03 08:50:40,2025-07-03 09:02:47.794920,2025-07-03 09:09:45.976811,2025-07-03 09:18:30.300,27.83833333333333,6.969698183333334,7,4,osrm
142,delivered,2025-07-03 08:51:37,2025-07-03 09:06:56.058069,2025-07-03 09:06:56.058069,2025-07-03 09:10:38.000,19.016666666666666,0.0,12,4,osrm
143,delivered,2025-07-03 08:51:23,2025-07-03 09:02:04.726189,2025-07-03 09:29:59.973603,2025-07-03 09:32:18.600,40.92666666666666,27.92079023333333,17,4,osrm
144,delivered,2025-07-03 08:51:10,2025-07-03 09:01:18.585651,2025-07-03 09:48:59.234655,2025-07-03 09:58:56.100,67.76833333333333,47.6774834,13,4,osrm
145,delivered,2025-07-03 08:51:31,2025-07-03 09:03:44.576441,2025-07-03 09:54:45.203200,2025-07-03 09:58:18.500,66.79166666666667,51.010445983333334,11,4,osrm
146,delivered,2025-07-03 08:52:07,2025-07-03 09:07:01.514113,2025-07-03 09:17:41.492049,2025-07-03 09:26:38.700,34.52833333333333,10.666298933333334,3,4,osrm
147,delivered,2025-07-03 08:52:07,2025-07-03 08:59:45.495975,2025-07-03 09:29:59.973603,2025-07-03 09:32:18.600,40.193333333333335,30.2412938,17,4,osrm
148,delivered,2025-07-03 08:52:01,2025-07-03 09:08:00.245399,2025-07-03 09:09:17.171750,2025-07-03 09:13:03.000,21.033333333333335,1.28210585,6,4,osrm
149,delivered,2025-07-03 08:52:29,2025-07-03 09:04:57.944101,2025-07-03 10:20:52.200000,2025-07-03 10:28:20.900,95.865,75.90426498333333,7,4,osrm
150,delivered,2025-07-03 08:52:32,2025-07-03 09:04:04.467757,2025-07-03 09:29:18.195817,2025-07-03 09:24:49.300,32.288333333333334,25.228800999999997,12,4,osrm
151,delivered,2025-07-03 08:52:06,2025-07-03 09:07:59.380827,2025-07-03 09:10:40.162743,2025-07-03 09:19:40.100,27.56833333333333,2.6796986,18,4,osrm
152,delivered,2025-07-03 08:53:38,2025-07-03 09:02:52.286327,2025-07-03 09:36:36.878766,2025-07-03 09:35:55.700,42.294999999999995,33.74320731666667,10,4,osrm
153,delivered,2025-07-03 08:54:57,2025-07-03 09:10:40.162743,2025-07-03 09:10:40.162743,2025-07-03 09:19:40.100,24.71833333333333,0.0,18,4,osrm
154,delivered,2025-07-03 08:54:20,2025-07-03 09:01:15.669852,2025-07-03 09:22:20.452499,2025-07-03 09:25:30.200,31.17,21.079710783333333,5,4,osrm
155,delivered,2025-07-03 08:54:56,2025-07-03 09:07:55.766690,2025-07-03 09:07:55.766690,2025-07-03 09:12:24.500,17.475,0.0,2,4,osrm
156,delivered,2025-07-03 08:54:04,2025-07-03 09:09:27.711139,2025-07-03 10:55:30.900000,2025-07-03 11:02:11.700,128.12833333333333,106.05314768333332,12,3,osrm
157,delivered,2025-07-03 08:54:39,2025-07-03 09:13:25.207846,2025-07-03 11:10:21.800000,2025-07-03 11:17:43.000,143.06666666666666,116.94320256666667,13,4,osrm
158,delivered,2025-07-03 08:55:37,2025-07-03 09:08:40.542850,2025-07-03 09:08:40.542850,2025-07-03 09:09:57.300,14.338333333333333,0.0,10,4,osrm
159,delivered,2025-07-03 08:55:46,2025-07-03 09:06:55.766408,2025-07-03 09:54:45.203200,2025-07-03 09:58:18.500,62.541666666666664,47.823946533333334,11,4,osrm
160,delivered,2025-07-03 08:56:55,2025-07-03 09:09:17.171750,2025-07-03 09:09:17.171750,2025-07-03 09:13:03.000,16.133333333333333,0.0,6,4,osrm
161,delivered,2025-07-03 08:56:07,2025-07-03 09:11:44.537585,2025-07-03 09:50:01.645034,2025-07-03 09:54:11.500,58.075,38.28512415,20,4,osrm
162,delivered,2025-07-03 08:56:38,2025-07-03 09:08:00.318979,2025-07-03 09:29:43.219677,2025-07-03 09:31:15.500,34.625,21.715011633333333,2,4,osrm
163,delivered,2025-07-03 08:56:30,2025-07-03 09:08:34.051532,2025-07-03 11:10:21.800000,2025-07-03 11:17:43.000,141.21666666666667,121.79580779999999,13,4,osrm
164,delivered,2025-07-03 08:57:55,2025-07-03 09:11:10.013637,2025-07-03 09:34:08.123768,2025-07-03 09:38:06.700,40.195,22.96850218333333,11,4,osrm
165,delivered,2025-07-03 08:57:57,2025-07-03 09:06:40.201258,2025-07-03 09:29:40.021740,2025-07-03 09:38:19.800,40.38,22.997008033333334,9,4,osrm
166,delivered,2025-07-03 08:57:25,2025-07-03 09:09:45.976811,2025-07-03 09:09:45.976811,2025-07-03 09:18:30.300,21.08833333333333,0.0,7,4,osrm
167,delivered,2025-07-03 08:58:53,2025-07-03 09:11:49.951712,2025-07-03 09:18:51.701352,2025-07-03 09:25:16.200,26.386666666666667,7.029160666666667,8,4,osrm
168,delivered,2025-07-03 08:58:28,2025-07-03 09:07:32.471151,2025-07-03 09:07:55.766690,2025-07-03 09:12:24.500,13.941666666666666,0.38825898333333336,2,4,osrm
169,delivered,2025-07-03 08:58:30,2025-07-03 09:09:15.520705,2025-07-03 09:18:51.701352,2025-07-03 09:25:16.200,26.77,9.603010783333334,8,4,osrm
170,delivered,2025-07-03 08:58:55,2025-07-03 09:13:24.387176,2025-07-03 09:30:47.763158,2025-07-03 09:37:18.000,38.38333333333333,17.3895997,1,4,osrm
171,delivered,2025-07-03 08:58:39,2025-07-03 09:10:57.421191,2025-07-03 11:16:41.100000,2025-07-03 11:25:38.400,146.98999999999998,125.72798015,17,3,osrm
172,delivered,2025-07-03 08:58:47,2025-07-03 09:07:46.662204,2025-07-03 09:07:46.662204,2025-07-03 09:11:03.100,12.268333333333334,0.0,9,4,osrm
173,delivered,2025-07-03 08:59:24,2025-07-03 09:07:08.025287,2025-07-03 09:07:08.025287,2025-07-03 09:11:47.100,12.385,0.0,19,4,osrm
174,delivered,2025-07-03 08:59:13,2025-07-03 09:10:29.070060,2025-07-03 09:44:47.659536,2025-07-03 09:43:26.700,44.22833333333333,34.3098246,6,4,osrm
175,delivered,2025-07-03 08:59:41,2025-07-03 09:22:04.153866,2025-07-03 10:30:35.300000,2025-07-03 10:42:40.800,102.99666666666667,68.51910223333333,1,4,osrm
176,delivered,2025-07-03 08:59:39,2025-07-03 09:15:10.499509,2025-07-03 09:20:50.700992,2025-07-03 09:27:49.900,28.18166666666667,5.670024716666666,15,4,osrm
177,delivered,2025-07-03 08:59:30,2025-07-03 09:07:01.686237,2025-07-03 10:11:34.838335,2025-07-03 10:08:16.300,68.77166666666668,64.55253496666667,7,3,osrm
178,delivered,2025-07-03 08:59:19,2025-07-03 09:10:34.391507,2025-07-03 10:18:45.100000,2025-07-03 10:22:04.100,82.75166666666668,68.17847488333334,9,1,osrm
179,delivered,2025-07-03 08:59:02,2025-07-03 09:06:55.133998,2025-07-03 09:11:39.596489,2025-07-03 09:24:03.700,25.028333333333332,4.741041516666667,13,4,osrm
180,delivered,2025-07-03 09:00:05,2025-07-03 09:11:50.385263,2025-07-03 09:14:04.237857,2025-07-03 09:20:06.900,20.03166666666667,2.230876566666667,1,4,osrm
181,delivered,2025-07-03 09:00:26,2025-07-03 09:11:56.883953,2025-07-03 09:34:08.123768,2025-07-03 09:38:06.700,37.67833333333333,22.18733025,11,4,osrm
182,delivered,2025-07-03 09:00:14,2025-07-03 09:11:24.364366,2025-07-03 09:36:36.878766,2025-07-03 09:35:55.700,35.695,25.208573333333334,10,4,osrm
183,delivered,2025-07-03 09:00:17,2025-07-03 09:12:41.507753,2025-07-03 09:29:59.973603,2025-07-03 09:32:18.600,32.026666666666664,17.30776416666667,17,4,osrm
184,delivered,2025-07-03 09:00:08,2025-07-03 09:20:50.700992,2025-07-03 09:20:50.700992,2025-07-03 09:27:49.900,27.698333333333334,0.0,15,4,osrm
185,delivered,2025-07-03 09:03:56,2025-07-03 09:18:08.001196,2025-07-03 09:38:05.078902,2025-07-03 09:44:08.300,40.205000000000005,19.9512951,12,3,osrm
186,delivered,2025-07-03 09:03:02,2025-07-03 09:11:39.596489,2025-07-03 09:11:39.596489,2025-07-03 09:24:03.700,21.028333333333332,0.0,13,4,osrm
187,delivered,2025-07-03 09:03:46,2025-07-03 09:14:04.237857,2025-07-03 09:14:04.237857,2025-07-03 09:20:06.900,16.348333333333333,0.0,1,4,osrm
188,delivered,2025-07-03 09:03:35,2025-07-03 09:13:33.696295,2025-07-03 09:47:37.775592,2025-07-03 09:50:17.800,46.71333333333334,34.067988283333335,15,4,osrm
189,delivered,2025-07-03 09:04:13,2025-07-03 09:18:22.440132,2025-07-03 11:16:41.100000,2025-07-03 11:25:38.400,141.42333333333332,118.3109978,17,3,osrm
190,delivered,2025-07-03 09:04:18,2025-07-03 09:16:33.159922,2025-07-03 10:43:43.600000,2025-07-03 10:54:38.000,110.33333333333333,87.1740013,9,4,osrm
191,delivered,2025-07-03 09:04:47,2025-07-03 09:22:55.994199,2025-07-03 10:41:15.712284,2025-07-03 10:50:12.400,105.42333333333333,78.32863475,15,4,osrm
192,delivered,2025-07-03 09:05:37,2025-07-03 09:15:28.084624,2025-07-03 09:38:55.434644,2025-07-03 09:47:56.600,42.32666666666667,23.455833666666667,8,4,osrm
193,delivered,2025-07-03 09:05:53,2025-07-03 09:17:41.492049,2025-07-03 09:17:41.492049,2025-07-03 09:26:38.700,20.761666666666667,0.0,3,4,osrm
194,delivered,2025-07-03 09:05:30,2025-07-03 09:20:12.036513,2025-07-03 10:58:18.800000,2025-07-03 11:14:39.100,129.15166666666667,98.11272478333333,2,4,osrm
195,delivered,2025-07-03 09:05:51,2025-07-03 09:18:09.675542,2025-07-03 09:43:54.200000,2025-07-03 09:51:25.400,45.57333333333334,25.742074300000002,14,4,osrm
196,delivered,2025-07-03 09:06:50,2025-07-03 09:14:07.427528,2025-07-03 09:24:14.239941,2025-07-03 09:31:23.500,24.558333333333334,10.113540216666667,14,4,osrm
197,delivered,2025-07-03 09:06:29,2025-07-03 09:16:48.854540,2025-07-03 09:36:36.878766,2025-07-03 09:35:55.700,29.445,19.800403766666665,10,4,osrm
198,delivered,2025-07-03 09:06:27,2025-07-03 09:13:23.382988,2025-07-03 09:30:47.763158,2025-07-03 09:37:18.000,30.85,17.406336166666666,1,4,osrm
199,delivered,2025-07-03 09:06:41,2025-07-03 09:18:51.701352,2025-07-03 09:18:51.701352,2025-07-03 09:25:16.200,18.586666666666666,0.0,8,4,osrm
200,delivered,2025-07-03 09:07:56,2025-07-03 09:25:07.718815,2025-07-03 09:29:40.021740,2025-07-03 09:38:19.800,30.396666666666665,4.5383820833333335,9,4,osrm
201,delivered,2025-07-03 09:08:29,2025-07-03 09:22:02.617571,2025-07-03 10:48:07.500000,2025-07-03 11:00:33.700,112.07833333333333,86.08137381666667,6,4,osrm
202,delivered,2025-07-03 09:08:04,2025-07-03 09:18:43.144739,2025-07-03 10:11:34.838335,2025-07-03 10:08:16.300,60.205000000000005,52.86155993333333,7,3,osrm
203,delivered,2025-07-03 09:08:19,2025-07-03 09:21:29.204637,2025-07-03 10:01:29.343469,2025-07-03 10:00:27.400,52.14,40.00231386666667,10,4,osrm
204,delivered,2025-07-03 09:08:56,2025-07-03 09:20:42.787646,2025-07-03 09:54:14.711949,2025-07-03 10:01:56.800,53.013333333333335,33.532071716666664,16,4,osrm
205,delivered,2025-07-03 09:09:19,2025-07-03 09:22:20.452499,2025-07-03 09:22:20.452499,2025-07-03 09:25:30.200,16.186666666666667,0.0,5,4,osrm
206,delivered,2025-07-03 09:09:07,2025-07-03 09:23:52.543612,2025-07-03 09:23:52.543612,2025-07-03 09:19:14.500,10.125,0.0,16,3,osrm
207,delivered,2025-07-03 09:09:06,2025-07-03 09:16:03.257246,2025-07-03 10:30:35.300000,2025-07-03 10:42:40.800,93.58,74.5340459,1,4,osrm
208,delivered,2025-07-03 09:09:41,2025-07-03 09:22:07.108833,2025-07-03 09:23:52.543612,2025-07-03 09:19:14.500,9.558333333333334,1.7572463166666668,16,3,osrm
209,delivered,2025-07-03 09:10:39,2025-07-03 09:20:39.034724,2025-07-03 09:30:47.763158,2025-07-03 09:37:18.000,26.65,10.1454739,1,4,osrm
210,delivered,2025-07-03 09:10:56,2025-07-03 09:17:01.873299,2025-07-03 09:25:53.286058,2025-07-03 09:31:19.600,20.39333333333333,8.856879316666667,4,4,osrm
211,delivered,2025-07-03 09:11:19,2025-07-03 09:25:29.510535,2025-07-03 09:38:55.434644,2025-07-03 09:47:56.600,36.626666666666665,13.432068483333333,8,4,osrm
212,delivered,2025-07-03 09:11:07,2025-07-03 09:24:26.531801,2025-07-03 10:57:02.946386,2025-07-03 10:58:08.200,107.02,92.60690975000001,18,4,osrm
213,delivered,2025-07-03 09:11:16,2025-07-03 09:24:08.648977,2025-07-03 09:29:18.195817,2025-07-03 09:24:49.300,13.555,5.159114,12,4,osrm
214,delivered,2025-07-03 09:11:56,2025-07-03 09:26:30.965406,2025-07-03 09:45:44.100000,2025-07-03 09:54:35.300,42.655,19.218909900000003,2,4,osrm
215,delivered,2025-07-03 09:12:24,2025-07-03 09:22:57.166605,2025-07-03 10:10:25.000000,2025-07-03 10:18:17.800,65.89666666666668,47.463889916666666,5,4,osrm
216,delivered,2025-07-03 09:12:37,2025-07-03 09:23:01.046567,2025-07-03 09:54:45.203200,2025-07-03 09:58:18.500,45.69166666666667,31.735943883333334,11,4,osrm
217,delivered,2025-07-03 09:12:58,2025-07-03 09:25:51.061561,2025-07-03 11:04:28.800000,2025-07-03 11:13:14.400,120.27333333333333,98.62897398333332,11,4,osrm
218,delivered,2025-07-03 09:13:10,2025-07-03 09:19:18.758899,2025-07-03 09:24:14.239941,2025-07-03 09:31:23.500,18.225,4.9246840333333335,14,4,osrm
219,delivered,2025-07-03 09:13:39,2025-07-03 09:24:14.239941,2025-07-03 09:24:14.239941,2025-07-03 09:31:23.500,17.741666666666667,0.0,14,4,osrm
220,delivered,2025-07-03 09:13:43,2025-07-03 09:29:19.147556,2025-07-03 10:20:52.200000,2025-07-03 10:28:20.900,74.63166666666666,51.550874066666665,7,4,osrm
221,delivered,2025-07-03 09:13:56,2025-07-03 09:28:12.857722,2025-07-03 09:44:11.219238,2025-07-03 09:56:37.300,42.68833333333334,15.972691933333333,4,4,osrm
222,delivered,2025-07-03 09:14:42,2025-07-03 09:29:59.973603,2025-07-03 09:29:59.973603,2025-07-03 09:32:18.600,17.61,0.0,17,4,osrm
223,delivered,2025-07-03 09:14:35,2025-07-03 09:25:53.286058,2025-07-03 09:25:53.286058,2025-07-03 09:31:19.600,16.743333333333332,0.0,4,4,osrm
224,delivered,2025-07-03 09:14:49,2025-07-03 09:23:27.115871,2025-07-03 09:25:53.286058,2025-07-03 09:31:19.600,16.51,2.4361697833333333,4,4,osrm
225,delivered,2025-07-03 09:14:58,2025-07-03 09:31:29.522083,2025-07-03 09:50:01.645034,2025-07-03 09:54:11.500,39.225,18.53538251666667,20,4,osrm
226,delivered,2025-07-03 09:15:20,2025-07-03 09:26:24.868992,2025-07-03 09:29:43.219677,2025-07-03 09:31:15.500,15.925,3.30584475,2,4,osrm
227,delivered,2025-07-03 09:15:11,2025-07-03 09:26:23.904131,2025-07-03 10:43:43.600000,2025-07-03 10:54:38.000,99.45,77.32826448333334,9,4,osrm
228,delivered,2025-07-03 09:15:41,2025-07-03 09:30:05.648366,2025-07-03 09:47:37.775592,2025-07-03 09:50:17.800,34.61333333333334,17.535453766666667,15,4,osrm
229,delivered,2025-07-03 09:15:14,2025-07-03 09:29:18.195817,2025-07-03 09:29:18.195817,2025-07-03 09:24:49.300,9.588333333333333,0.0,12,4,osrm
230,delivered,2025-07-03 09:15:23,2025-07-03 09:29:49.794504,2025-07-03 11:11:12.700000,2025-07-03 11:18:40.000,123.28333333333333,101.38175826666667,20,3,osrm
231,delivered,2025-07-03 09:16:57,2025-07-03 09:32:08.270019,2025-07-03 09:47:37.775592,2025-07-03 09:50:17.800,33.346666666666664,15.491759550000001,15,4,osrm
232,delivered,2025-07-03 09:16:58,2025-07-03 09:32:08.691268,2025-07-03 10:57:02.946386,2025-07-03 10:58:08.200,101.17,84.90425196666666,18,4,osrm
233,delivered,2025-07-03 09:16:04,2025-07-03 09:21:04.000000,2025-07-03 11:05:59.848570,2025-07-03 11:16:49.200,120.75333333333333,104.9308095,3,4,osrm
234,delivered,2025-07-03 09:16:22,2025-07-03 09:21:22.000000,2025-07-03 10:41:15.712284,2025-07-03 10:50:12.400,93.83999999999999,79.89520473333333,15,4,osrm
235,delivered,2025-07-03 09:16:46,2025-07-03 09:30:56.305000,2025-07-03 10:01:29.343469,2025-07-03 10:00:27.400,43.690000000000005,30.55064115,10,4,osrm
236,delivered,2025-07-03 09:17:35,2025-07-03 09:31:10.666860,2025-07-03 10:10:25.000000,2025-07-03 10:18:17.800,60.71333333333334,39.23888566666667,5,4,osrm
237,delivered,2025-07-03 09:17:16,2025-07-03 09:30:30.384940,2025-07-03 09:51:00.400000,2025-07-03 09:57:26.500,40.175,20.500251,9,3,osrm
238,delivered,2025-07-03 09:18:43,2025-07-03 09:31:58.617632,2025-07-03 09:31:58.617632,2025-07-03 09:31:59.600,13.276666666666667,0.0,20,4,osrm
239,delivered,2025-07-03 09:18:32,2025-07-03 09:29:56.596687,2025-07-03 10:01:29.343469,2025-07-03 10:00:27.400,41.92333333333333,31.5457797,10,4,osrm
240,delivered,2025-07-03 09:18:33,2025-07-03 09:27:28.895877,2025-07-03 10:30:35.300000,2025-07-03 10:42:40.800,84.13000000000001,63.10673538333333,1,4,osrm
241,delivered,2025-07-03 09:18:03,2025-07-03 09:31:43.347055,2025-07-03 09:38:55.434644,2025-07-03 09:47:56.600,29.89333333333333,7.201459816666667,8,4,osrm
242,delivered,2025-07-03 09:18:45,2025-07-03 09:38:55.434644,2025-07-03 09:38:55.434644,2025-07-03 09:47:56.600,29.19333333333333,0.0,8,4,osrm
243,delivered,2025-07-03 09:18:17,2025-07-03 09:28:38.207859,2025-07-03 09:54:14.711949,2025-07-03 10:01:56.800,43.663333333333334,25.6084015,16,4,osrm
244,delivered,2025-07-03 09:18:02,2025-07-03 09:29:40.021740,2025-07-03 09:29:40.021740,2025-07-03 09:38:19.800,20.296666666666667,0.0,9,4,osrm
245,delivered,2025-07-03 09:18:56,2025-07-03 09:37:42.801444,2025-07-03 09:45:44.100000,2025-07-03 09:54:35.300,35.655,8.0216426,2,4,osrm
246,delivered,2025-07-03 09:19:36,2025-07-03 09:34:49.133441,2025-07-03 10:10:25.000000,2025-07-03 10:18:17.800,58.69666666666667,35.597775983333335,5,4,osrm
247,delivered,2025-07-03 09:19:51,2025-07-03 09:36:19.084756,2025-07-03 09:44:11.219238,2025-07-03 09:56:37.300,36.77166666666667,7.868908033333333,4,4,osrm
248,delivered,2025-07-03 09:19:13,2025-07-03 09:30:47.763158,2025-07-03 09:30:47.763158,2025-07-03 09:37:18.000,18.083333333333332,0.0,1,4,osrm
249,delivered,2025-07-03 09:19:32,2025-07-03 09:29:43.219677,2025-07-03 09:29:43.219677,2025-07-03 09:31:15.500,11.725,0.0,2,4,osrm
250,delivered,2025-07-03 09:19:08,2025-07-03 09:28:50.872910,2025-07-03 09:43:54.200000,2025-07-03 09:51:25.400,32.29,15.0554515,14,4,osrm
251,delivered,2025-07-03 09:19:23,2025-07-03 09:27:55.848860,2025-07-03 09:52:29.581215,2025-07-03 09:58:00.100,38.61833333333333,24.562205916666667,17,4,osrm
252,delivered,2025-07-03 09:20:21,2025-07-03 09:34:08.123768,2025-07-03 09:34:08.123768,2025-07-03 09:38:06.700,17.761666666666667,0.0,11,4,osrm
253,delivered,2025-07-03 09:20:55,2025-07-03 09:27:36.499627,2025-07-03 09:45:44.100000,2025-07-03 09:54:35.300,33.67166666666667,18.126672883333335,2,4,osrm
254,delivered,2025-07-03 09:20:09,2025-07-03 09:35:10.113334,2025-07-03 09:56:55.902121,2025-07-03 10:06:19.100,46.16833333333333,21.76314645,6,4,osrm
255,delivered,2025-07-03 09:20:33,2025-07-03 09:29:03.375294,2025-07-03 09:30:31.484755,2025-07-03 09:39:23.700,18.845000000000002,1.4684910166666667,16,4,osrm
256,delivered,2025-07-03 09:21:52,2025-07-03 09:33:07.703638,2025-07-03 10:20:23.900000,2025-07-03 10:29:26.400,67.57333333333334,47.26993936666667,19,3,osrm
257,delivered,2025-07-03 09:21:02,2025-07-03 09:29:43.083756,2025-07-03 09:54:14.711949,2025-07-03 10:01:56.800,40.913333333333334,24.52713655,16,4,osrm
258,delivered,2025-07-03 09:21:31,2025-07-03 09:36:36.878766,2025-07-03 09:36:36.878766,2025-07-03 09:35:55.700,14.411666666666667,0.0,10,4,osrm
259,delivered,2025-07-03 09:21:48,2025-07-03 09:32:13.863610,2025-07-03 10:21:50.600000,2025-07-03 10:23:55.700,62.12833333333333,49.61227316666667,8,1,osrm
260,delivered,2025-07-03 09:21:54,2025-07-03 09:31:25.483360,2025-07-03 09:50:01.645034,2025-07-03 09:54:11.500,32.291666666666664,18.602694566666667,20,4,osrm
261,delivered,2025-07-03 09:22:50,2025-07-03 09:37:13.364195,2025-07-03 11:05:59.848570,2025-07-03 11:16:49.200,113.98666666666666,88.77473958333333,3,4,osrm
262,delivered,2025-07-03 09:22:15,2025-07-03 09:31:03.191933,2025-07-03 09:50:46.745612,2025-07-03 09:57:51.000,35.6,19.72589465,1,4,osrm
263,delivered,2025-07-03 09:23:21,2025-07-03 09:37:10.073652,2025-07-03 09:44:47.659536,2025-07-03 09:43:26.700,20.095000000000002,7.6264314,6,4,osrm
264,delivered,2025-07-03 09:23:54,2025-07-03 09:40:04.442648,2025-07-03 09:55:17.010674,2025-07-03 09:54:57.600,31.06,15.209467100000001,7,4,osrm
265,delivered,2025-07-03 09:23:09,2025-07-03 09:31:50.051716,2025-07-03 09:43:54.200000,2025-07-03 09:51:25.400,28.273333333333333,12.069138066666666,14,4,osrm
266,delivered,2025-07-03 09:23:05,2025-07-03 09:29:06.691193,2025-07-03 09:49:46.400000,2025-07-03 09:55:08.900,32.065000000000005,20.66181345,18,3,osrm
267,delivered,2025-07-03 09:24:46,2025-07-03 09:43:24.025571,2025-07-03 10:21:29.500000,2025-07-03 10:32:15.500,67.49166666666666,38.09124048333333,11,4,osrm
268,delivered,2025-07-03 09:24:14,2025-07-03 09:36:22.818202,2025-07-03 10:20:23.900000,2025-07-03 10:29:26.400,65.20666666666666,44.01802996666667,19,3,osrm
269,delivered,2025-07-03 09:24:37,2025-07-03 09:35:06.760998,2025-07-03 10:59:56.348226,2025-07-03 11:11:14.100,106.61833333333334,84.82645380000001,5,4,osrm
270,delivered,2025-07-03 09:24:46,2025-07-03 09:35:09.792117,2025-07-03 09:44:11.219238,2025-07-03 09:56:37.300,31.855,9.02378535,4,4,osrm
271,delivered,2025-07-03 09:25:11,2025-07-03 09:38:07.125510,2025-07-03 10:10:25.000000,2025-07-03 10:18:17.800,53.11333333333334,32.297908166666666,5,4,osrm
272,delivered,2025-07-03 09:25:19,2025-07-03 09:30:31.484755,2025-07-03 09:30:31.484755,2025-07-03 09:39:23.700,14.078333333333335,0.0,16,4,osrm
273,delivered,2025-07-03 09:25:48,2025-07-03 09:39:50.234319,2025-07-03 10:04:30.594090,2025-07-03 10:08:51.600,43.059999999999995,24.67266285,15,4,osrm
274,delivered,2025-07-03 09:26:12,2025-07-03 09:34:37.528322,2025-07-03 09:56:55.902121,2025-07-03 10:06:19.100,40.11833333333333,22.30622998333333,6,4,osrm
275,delivered,2025-07-03 09:26:27,2025-07-03 09:37:41.763909,2025-07-03 09:44:47.659536,2025-07-03 09:43:26.700,16.995,7.09826045,6,4,osrm
276,delivered,2025-07-03 09:26:42,2025-07-03 09:40:01.721040,2025-07-03 09:49:46.400000,2025-07-03 09:55:08.900,28.448333333333334,9.744649333333333,18,3,osrm
277,delivered,2025-07-03 09:26:00,2025-07-03 09:40:45.074827,2025-07-03 09:49:46.400000,2025-07-03 09:55:08.900,29.148333333333333,9.022086216666667,18,3,osrm
278,delivered,2025-07-03 09:27:15,2025-07-03 09:40:26.460573,2025-07-03 10:02:09.803497,2025-07-03 10:05:47.400,38.54,21.72238206666667,12,4,osrm
279,delivered,2025-07-03 09:27:37,2025-07-03 09:41:45.510868,2025-07-03 10:04:21.868203,2025-07-03 10:07:45.400,40.14,22.605955583333333,8,3,osrm
280,delivered,2025-07-03 09:27:17,2025-07-03 09:38:14.784596,2025-07-03 09:51:00.400000,2025-07-03 09:57:26.500,30.158333333333335,12.760256733333334,9,3,osrm
281,delivered,2025-07-03 09:27:19,2025-07-03 09:38:05.078902,2025-07-03 09:38:05.078902,2025-07-03 09:44:08.300,16.821666666666665,0.0,12,3,osrm
282,delivered,2025-07-03 09:28:44,2025-07-03 09:40:01.473158,2025-07-03 09:48:59.234655,2025-07-03 09:58:56.100,30.201666666666664,8.962691616666666,13,4,osrm
283,delivered,2025-07-03 09:28:37,2025-07-03 09:44:47.659536,2025-07-03 09:44:47.659536,2025-07-03 09:43:26.700,14.828333333333335,0.0,6,4,osrm
284,delivered,2025-07-03 09:29:15,2025-07-03 09:37:38.860869,2025-07-03 09:48:59.234655,2025-07-03 09:58:56.100,29.685,11.3395631,13,4,osrm
285,delivered,2025-07-03 09:29:50,2025-07-03 09:38:27.890619,2025-07-03 11:04:28.800000,2025-07-03 11:13:14.400,103.40666666666667,86.01515635000001,11,4,osrm
286,delivered,2025-07-03 09:29:31,2025-07-03 09:43:02.109993,2025-07-03 09:56:55.902121,2025-07-03 10:06:19.100,36.80166666666666,13.896535466666668,6,4,osrm
287,delivered,2025-07-03 09:30:58,2025-07-03 09:47:37.775592,2025-07-03 09:47:37.775592,2025-07-03 09:50:17.800,19.33,0.0,15,4,osrm
288,delivered,2025-07-03 09:30:22,2025-07-03 09:46:22.131295,2025-07-03 10:04:21.868203,2025-07-03 10:07:45.400,37.39,17.995615133333335,8,3,osrm
289,delivered,2025-07-03 09:31:29,2025-07-03 09:45:22.686048,2025-07-03 09:45:44.100000,2025-07-03 09:54:35.300,23.105,0.35689919999999997,2,4,osrm
290,delivered,2025-07-03 09:32:29,2025-07-03 09:43:45.453774,2025-07-03 09:52:29.581215,2025-07-03 09:58:00.100,25.51833333333333,8.735457349999999,17,4,osrm
291,delivered,2025-07-03 09:32:06,2025-07-03 09:42:15.957707,2025-07-03 09:55:17.010674,2025-07-03 09:54:57.600,22.86,13.017549449999999,7,4,osrm
292,delivered,2025-07-03 09:33:57,2025-07-03 09:47:48.352956,2025-07-03 10:04:30.594090,2025-07-03 10:08:51.600,34.91,16.7040189,15,4,osrm
293,delivered,2025-07-03 09:33:09,2025-07-03 09:47:55.377870,2025-07-03 09:52:29.581215,2025-07-03 09:58:00.100,24.851666666666667,4.57005575,17,4,osrm
294,delivered,2025-07-03 09:33:30,2025-07-03 09:47:04.702584,2025-07-03 10:02:09.803497,2025-07-03 10:05:47.400,32.29,15.085015216666667,12,4,osrm
295,delivered,2025-07-03 09:33:13,2025-07-03 09:43:11.624803,2025-07-03 09:43:54.200000,2025-07-03 09:51:25.400,18.206666666666667,0.7095866166666667,14,4,osrm
296,delivered,2025-07-03 09:34:59,2025-07-03 09:43:00.116217,2025-07-03 09:50:46.745612,2025-07-03 09:57:51.000,22.866666666666667,7.777156583333333,1,4,osrm
297,delivered,2025-07-03 09:34:48,2025-07-03 09:44:11.219238,2025-07-03 09:44:11.219238,2025-07-03 09:56:37.300,21.821666666666665,0.0,4,4,osrm
298,delivered,2025-07-03 09:34:39,2025-07-03 09:43:46.196399,2025-07-03 10:22:21.500000,2025-07-03 10:31:38.200,56.986666666666665,38.588393350000004,14,4,osrm
299,delivered,2025-07-03 09:35:22,2025-07-03 09:48:59.234655,2025-07-03 09:48:59.234655,2025-07-03 09:58:56.100,23.56833333333333,0.0,13,4,osrm
300,delivered,2025-07-03 09:36:02,2025-07-03 09:50:42.441246,2025-07-03 10:55:02.452785,2025-07-03 10:58:37.200,82.58666666666666,64.33352565,13,4,osrm
301,delivered,2025-07-03 09:37:46,2025-07-03 09:47:47.771930,2025-07-03 10:05:00.427557,2025-07-03 10:09:26.500,31.675,17.210927116666667,14,2,osrm
302,delivered,2025-07-03 09:37:16,2025-07-03 09:48:53.200187,2025-07-03 09:50:46.745612,2025-07-03 09:57:51.000,20.583333333333332,1.8924237499999998,1,4,osrm
303,delivered,2025-07-03 09:37:50,2025-07-03 09:50:01.645034,2025-07-03 09:50:01.645034,2025-07-03 09:54:11.500,16.358333333333334,0.0,20,4,osrm
304,delivered,2025-07-03 09:38:41,2025-07-03 09:53:06.481022,2025-07-03 10:21:29.500000,2025-07-03 10:32:15.500,53.575,28.383649633333334,11,4,osrm
305,delivered,2025-07-03 09:38:17,2025-07-03 09:50:46.745612,2025-07-03 09:50:46.745612,2025-07-03 09:57:51.000,19.566666666666666,0.0,1,4,osrm
306,delivered,2025-07-03 09:39:50,2025-07-03 09:48:32.411846,2025-07-03 10:08:59.149082,2025-07-03 10:16:42.100,36.86833333333333,20.445620599999998,18,4,osrm
307,delivered,2025-07-03 09:40:49,2025-07-03 09:57:41.520393,2025-07-03 10:09:41.300000,2025-07-03 10:15:27.000,34.63333333333333,11.996326783333334,4,2,osrm
308,delivered,2025-07-03 09:40:03,2025-07-03 09:52:29.581215,2025-07-03 09:52:29.581215,2025-07-03 09:58:00.100,17.951666666666664,0.0,17,4,osrm
309,delivered,2025-07-03 09:40:28,2025-07-03 09:53:22.565005,2025-07-03 11:05:18.000000,2025-07-03 11:17:40.100,97.20166666666667,71.92391658333332,9,3,osrm
310,delivered,2025-07-03 09:41:34,2025-07-03 09:50:43.559149,2025-07-03 09:51:00.400000,2025-07-03 09:57:26.500,15.875,0.28068085000000004,9,3,osrm
311,delivered,2025-07-03 09:41:22,2025-07-03 09:54:33.542838,2025-07-03 10:02:09.803497,2025-07-03 10:05:47.400,24.423333333333336,7.604344316666666,12,4,osrm
312,delivered,2025-07-03 09:42:32,2025-07-03 09:53:02.504547,2025-07-03 10:11:00.700000,2025-07-03 10:20:18.500,37.775,17.969924216666666,1,4,osrm
313,delivered,2025-07-03 09:42:33,2025-07-03 09:54:14.711949,2025-07-03 09:54:14.711949,2025-07-03 10:01:56.800,19.396666666666665,0.0,16,4,osrm
314,delivered,2025-07-03 09:43:44,2025-07-03 09:55:02.646607,2025-07-03 10:13:18.085658,2025-07-03 10:20:43.200,36.986666666666665,18.257317516666667,13,4,osrm
315,delivered,2025-07-03 09:43:38,2025-07-03 09:57:24.729199,2025-07-03 10:24:21.600000,2025-07-03 10:35:51.900,52.23166666666667,26.947846683333335,6,2,osrm
316,delivered,2025-07-03 09:43:36,2025-07-03 09:55:17.010674,2025-07-03 09:55:17.010674,2025-07-03 09:54:57.600,11.360000000000001,0.0,7,4,osrm
317,delivered,2025-07-03 09:44:37,2025-07-03 09:54:45.203200,2025-07-03 09:54:45.203200,2025-07-03 09:58:18.500,13.691666666666666,0.0,11,4,osrm
318,delivered,2025-07-03 09:44:18,2025-07-03 09:56:35.546497,2025-07-03 10:13:46.200000,2025-07-03 10:19:31.900,35.23166666666667,17.177558383333334,12,3,osrm
319,delivered,2025-07-03 09:44:28,2025-07-03 10:01:29.343469,2025-07-03 10:01:29.343469,2025-07-03 10:00:27.400,15.99,0.0,10,4,osrm
320,delivered,2025-07-03 09:44:58,2025-07-03 09:56:50.613954,2025-07-03 10:21:07.794381,2025-07-03 10:28:26.000,43.46666666666667,24.28634045,3,4,osrm
321,delivered,2025-07-03 09:46:37,2025-07-03 09:56:26.703818,2025-07-03 10:29:48.200000,2025-07-03 10:39:28.100,52.85166666666667,33.3582697,13,4,osrm
322,delivered,2025-07-03 09:46:53,2025-07-03 09:54:58.267459,2025-07-03 11:04:28.800000,2025-07-03 11:13:14.400,86.35666666666665,69.50887568333333,11,4,osrm
323,delivered,2025-07-03 09:46:06,2025-07-03 09:58:39.118803,2025-07-03 10:08:46.900000,2025-07-03 10:14:29.200,28.386666666666667,10.129686616666667,10,2,osrm
324,delivered,2025-07-03 09:47:21,2025-07-03 10:02:09.803497,2025-07-03 10:02:09.803497,2025-07-03 10:05:47.400,18.44,0.0,12,4,osrm
325,delivered,2025-07-03 09:47:19,2025-07-03 10:05:00.427557,2025-07-03 10:05:00.427557,2025-07-03 10:09:26.500,22.125,0.0,14,2,osrm
326,delivered,2025-07-03 09:47:55,2025-07-03 09:57:16.160248,2025-07-03 10:31:20.997153,2025-07-03 10:38:52.800,50.96333333333334,34.080615083333335,10,4,osrm
327,delivered,2025-07-03 09:48:23,2025-07-03 09:59:12.198979,2025-07-03 10:11:00.700000,2025-07-03 10:20:18.500,31.925,11.808350350000001,1,4,osrm
328,delivered,2025-07-03 09:48:58,2025-07-03 10:02:34.382462,2025-07-03 10:13:46.200000,2025-07-03 10:19:31.900,30.565,11.196958966666667,12,3,osrm
329,delivered,2025-07-03 09:48:29,2025-07-03 10:00:59.136970,2025-07-03 10:21:36.754092,2025-07-03 10:28:38.700,40.16166666666666,20.626952033333335,20,4,osrm
330,delivered,2025-07-03 09:48:03,2025-07-03 10:05:13.643903,2025-07-03 10:11:00.700000,2025-07-03 10:20:18.500,32.25833333333333,5.784268283333334,1,4,osrm
331,delivered,2025-07-03 09:48:54,2025-07-03 10:03:22.992785,2025-07-03 10:08:59.149082,2025-07-03 10:16:42.100,27.801666666666666,5.60260495,18,4,osrm
332,delivered,2025-07-03 09:48:41,2025-07-03 09:58:31.083335,2025-07-03 10:04:30.594090,2025-07-03 10:08:51.600,20.176666666666666,5.991845916666667,15,4,osrm
333,delivered,2025-07-03 09:49:45,2025-07-03 09:56:55.902121,2025-07-03 09:56:55.902121,2025-07-03 10:06:19.100,16.568333333333335,0.0,6,4,osrm
334,delivered,2025-07-03 09:49:30,2025-07-03 09:56:27.141304,2025-07-03 10:20:23.900000,2025-07-03 10:29:26.400,39.940000000000005,23.945978266666668,19,3,osrm
335,delivered,2025-07-03 09:49:08,2025-07-03 10:02:45.842569,2025-07-03 10:09:41.300000,2025-07-03 10:15:27.000,26.316666666666666,6.924290516666667,4,2,osrm
336,delivered,2025-07-03 09:49:51,2025-07-03 10:02:59.877411,2025-07-03 10:21:17.100000,2025-07-03 10:27:42.000,37.85,18.28704315,15,2,osrm
337,delivered,2025-07-03 09:49:36,2025-07-03 10:05:52.588891,2025-07-03 10:21:07.794381,2025-07-03 10:28:26.000,38.833333333333336,15.253424833333334,3,4,osrm
338,delivered,2025-07-03 09:50:20,2025-07-03 10:04:30.594090,2025-07-03 10:04:30.594090,2025-07-03 10:08:51.600,18.526666666666664,0.0,15,4,osrm
339,delivered,2025-07-03 09:50:15,2025-07-03 09:56:52.842016,2025-07-03 10:21:36.754092,2025-07-03 10:28:38.700,38.394999999999996,24.731867933333334,20,4,osrm
340,delivered,2025-07-03 09:51:53,2025-07-03 09:58:48.698977,2025-07-03 10:13:18.085658,2025-07-03 10:20:43.200,28.836666666666666,14.489778016666666,13,4,osrm
341,delivered,2025-07-03 09:52:15,2025-07-03 09:59:24.592256,2025-07-03 10:20:01.501729,2025-07-03 10:22:22.900,30.131666666666668,20.61515788333333,16,2,osrm
342,delivered,2025-07-03 09:53:53,2025-07-03 10:00:27.978862,2025-07-03 10:31:20.997153,2025-07-03 10:38:52.800,44.99666666666667,30.883638183333336,10,4,osrm
343,delivered,2025-07-03 09:53:01,2025-07-03 10:04:01.637794,2025-07-03 10:24:21.600000,2025-07-03 10:35:51.900,42.848333333333336,20.332703433333332,6,2,osrm
344,delivered,2025-07-03 09:54:27,2025-07-03 10:10:59.944008,2025-07-03 10:11:00.700000,2025-07-03 10:20:18.500,25.858333333333334,0.012599866666666666,1,4,osrm
345,delivered,2025-07-03 09:54:58,2025-07-03 10:04:21.868203,2025-07-03 10:04:21.868203,2025-07-03 10:07:45.400,12.79,0.0,8,3,osrm
346,delivered,2025-07-03 09:55:51,2025-07-03 10:06:19.565093,2025-07-03 10:21:07.794381,2025-07-03 10:28:26.000,32.583333333333336,14.803821466666667,3,4,osrm
347,delivered,2025-07-03 09:55:36,2025-07-03 10:08:26.504699,2025-07-03 10:20:52.200000,2025-07-03 10:28:20.900,32.748333333333335,12.428255016666666,7,4,osrm
348,delivered,2025-07-03 09:56:53,2025-07-03 10:08:16.461641,2025-07-03 10:13:18.085658,2025-07-03 10:20:43.200,23.836666666666666,5.02706695,13,4,osrm
349,delivered,2025-07-03 09:56:26,2025-07-03 10:03:45.480939,2025-07-03 10:08:59.149082,2025-07-03 10:16:42.100,20.26833333333333,5.227802383333333,18,4,osrm
350,delivered,2025-07-03 09:57:58,2025-07-03 10:08:22.075231,2025-07-03 10:58:58.500000,2025-07-03 11:01:22.500,63.40833333333333,50.60707948333334,1,1,osrm
351,delivered,2025-07-03 09:57:50,2025-07-03 10:11:00.002320,2025-07-03 10:21:29.500000,2025-07-03 10:32:15.500,34.425,10.491627999999999,11,4,osrm
352,delivered,2025-07-03 09:57:26,2025-07-03 10:11:52.599240,2025-07-03 10:13:46.200000,2025-07-03 10:19:31.900,22.098333333333336,1.893346,12,3,osrm
353,delivered,2025-07-03 09:58:14,2025-07-03 10:08:40.640688,2025-07-03 10:08:46.900000,2025-07-03 10:14:29.200,16.253333333333334,0.10432186666666667,10,2,osrm
354,delivered,2025-07-03 09:58:43,2025-07-03 10:13:18.085658,2025-07-03 10:13:18.085658,2025-07-03 10:20:43.200,22.003333333333334,0.0,13,4,osrm
355,delivered,2025-07-03 09:58:35,2025-07-03 10:10:58.729125,2025-07-03 10:36:33.900000,2025-07-03 10:41:14.000,42.65,25.58618125,8,2,osrm
356,delivered,2025-07-03 09:59:33,2025-07-03 10:08:39.148804,2025-07-03 10:48:07.500000,2025-07-03 11:00:33.700,61.01166666666666,39.47251993333334,6,4,osrm
357,delivered,2025-07-03 09:59:23,2025-07-03 10:11:34.838335,2025-07-03 10:11:34.838335,2025-07-03 10:08:16.300,8.888333333333332,0.0,7,3,osrm
358,delivered,2025-07-03 09:59:05,2025-07-03 10:06:24.693912,2025-07-03 10:21:17.100000,2025-07-03 10:27:42.000,28.616666666666667,14.8734348,15,2,osrm
359,delivered,2025-07-03 10:00:09,2025-07-03 10:08:59.149082,2025-07-03 10:08:59.149082,2025-07-03 10:16:42.100,16.551666666666666,0.0,18,4,osrm
360,delivered,2025-07-03 10:02:56,2025-07-03 10:21:07.794381,2025-07-03 10:21:07.794381,2025-07-03 10:28:26.000,25.5,0.0,3,4,osrm
361,delivered,2025-07-03 10:03:32,2025-07-03 10:13:32.032584,2025-07-03 10:17:38.641099,2025-07-03 10:30:01.300,26.488333333333333,4.110141916666667,2,4,osrm
362,delivered,2025-07-03 10:03:43,2025-07-03 10:13:27.049869,2025-07-03 10:31:20.997153,2025-07-03 10:38:52.800,35.163333333333334,17.899121400000002,10,4,osrm
363,delivered,2025-07-03 10:04:01,2025-07-03 10:17:38.641099,2025-07-03 10:21:36.754092,2025-07-03 10:28:38.700,24.628333333333334,3.968549883333333,20,4,osrm
364,delivered,2025-07-03 10:05:39,2025-07-03 10:17:59.239996,2025-07-03 10:55:02.452785,2025-07-03 10:58:37.200,52.97,37.053546483333335,13,4,osrm
365,delivered,2025-07-03 10:05:00,2025-07-03 10:10:06.587216,2025-07-03 10:22:21.500000,2025-07-03 10:31:38.200,26.636666666666667,12.2485464,14,4,osrm
366,delivered,2025-07-03 10:07:03,2025-07-03 10:18:34.377727,2025-07-03 10:55:30.900000,2025-07-03 11:02:11.700,55.144999999999996,36.942037883333334,12,3,osrm
367,delivered,2025-07-03 10:08:59,2025-07-03 10:19:19.027710,2025-07-03 10:38:27.800000,2025-07-03 10:41:41.300,32.705,19.146204833333336,12,1,osrm
368,delivered,2025-07-03 10:09:43,2025-07-03 10:25:49.791561,2025-07-03 10:41:14.300000,2025-07-03 10:46:24.500,36.69166666666667,15.408473983333332,2,2,osrm
369,delivered,2025-07-03 10:09:01,2025-07-03 10:21:36.754092,2025-07-03 10:21:36.754092,2025-07-03 10:28:38.700,19.628333333333334,0.0,20,4,osrm
370,delivered,2025-07-03 10:09:59,2025-07-03 10:20:01.501729,2025-07-03 10:20:01.501729,2025-07-03 10:22:22.900,12.398333333333333,0.0,16,2,osrm
371,delivered,2025-07-03 10:10:18,2025-07-03 10:22:43.624870,2025-07-03 10:59:56.348226,2025-07-03 11:11:14.100,60.934999999999995,37.21205593333333,5,4,osrm
372,delivered,2025-07-03 10:11:22,2025-07-03 10:25:14.496131,2025-07-03 10:42:42.100000,2025-07-03 10:56:14.100,44.86833333333333,17.460064483333333,20,4,osrm
373,delivered,2025-07-03 10:11:28,2025-07-03 10:19:54.263710,2025-07-03 10:37:56.069697,2025-07-03 10:46:14.300,34.77166666666667,18.030099783333334,4,4,osrm
374,delivered,2025-07-03 10:11:55,2025-07-03 10:23:10.495151,2025-07-03 10:42:02.205362,2025-07-03 10:49:45.700,37.845,18.86183685,7,4,osrm
375,delivered,2025-07-03 10:12:14,2025-07-03 10:22:22.161682,2025-07-03 11:05:18.000000,2025-07-03 11:17:40.100,65.435,42.93063863333334,9,3,osrm
376,delivered,2025-07-03 10:13:16,2025-07-03 10:29:35.208831,2025-07-03 10:48:29.666520,2025-07-03 10:51:48.200,38.53666666666666,18.90762815,14,3,osrm
377,delivered,2025-07-03 10:13:43,2025-07-03 10:28:42.467046,2025-07-03 10:30:35.300000,2025-07-03 10:42:40.800,28.96333333333333,1.8805492333333333,1,4,osrm
378,delivered,2025-07-03 10:14:39,2025-07-03 10:22:49.132830,2025-07-03 10:44:02.500000,2025-07-03 10:48:27.800,33.81333333333333,21.222786166666666,5,1,osrm
379,delivered,2025-07-03 10:14:54,2025-07-03 10:29:45.642554,2025-07-03 10:42:02.205362,2025-07-03 10:49:45.700,34.861666666666665,12.2760468,7,4,osrm
380,delivered,2025-07-03 10:15:56,2025-07-03 10:24:38.272202,2025-07-03 10:29:48.200000,2025-07-03 10:39:28.100,23.535,5.1654633,13,4,osrm
381,delivered,2025-07-03 10:15:16,2025-07-03 10:28:13.960680,2025-07-03 10:29:48.200000,2025-07-03 10:39:28.100,24.201666666666664,1.5706553333333335,13,4,osrm
382,delivered,2025-07-03 10:16:20,2025-07-03 10:31:20.997153,2025-07-03 10:31:20.997153,2025-07-03 10:38:52.800,22.546666666666667,0.0,10,4,osrm
383,delivered,2025-07-03 10:17:30,2025-07-03 10:29:55.655563,2025-07-03 10:37:56.069697,2025-07-03 10:46:14.300,28.738333333333333,8.006902233333333,4,4,osrm
384,delivered,2025-07-03 10:18:47,2025-07-03 10:23:47.000000,2025-07-03 10:41:07.000000,2025-07-03 10:50:49.800,32.04666666666667,17.333333333333332,3,4,osrm
385,delivered,2025-07-03 10:19:51,2025-07-03 10:34:08.675863,2025-07-03 10:48:29.666520,2025-07-03 10:51:48.200,31.953333333333333,14.349844283333335,14,3,osrm
386,delivered,2025-07-03 10:19:46,2025-07-03 10:32:47.238388,2025-07-03 10:42:42.100000,2025-07-03 10:56:14.100,36.468333333333334,9.9143602,20,4,osrm
387,delivered,2025-07-03 10:20:50,2025-07-03 10:30:53.683839,2025-07-03 10:42:02.205362,2025-07-03 10:49:45.700,28.928333333333335,11.142025383333333,7,4,osrm
388,delivered,2025-07-03 10:20:03,2025-07-03 10:35:52.639126,2025-07-03 10:37:56.069697,2025-07-03 10:46:14.300,26.188333333333333,2.0571761833333335,4,4,osrm
389,delivered,2025-07-03 10:21:20,2025-07-03 10:33:38.297770,2025-07-03 10:49:44.915123,2025-07-03 10:55:37.000,34.28333333333333,16.110289216666665,10,3,osrm
390,delivered,2025-07-03 10:23:38,2025-07-03 10:41:15.712284,2025-07-03 10:41:15.712284,2025-07-03 10:50:12.400,26.573333333333334,0.0,15,4,osrm
391,delivered,2025-07-03 10:25:40,2025-07-03 10:37:56.069697,2025-07-03 10:37:56.069697,2025-07-03 10:46:14.300,20.571666666666665,0.0,4,4,osrm
392,delivered,2025-07-03 10:26:56,2025-07-03 10:38:21.732544,2025-07-03 10:49:44.915123,2025-07-03 10:55:37.000,28.683333333333334,11.386376316666666,10,3,osrm
393,delivered,2025-07-03 10:27:05,2025-07-03 10:37:35.568634,2025-07-03 10:42:42.100000,2025-07-03 10:56:14.100,29.151666666666664,5.1088561,20,4,osrm
394,delivered,2025-07-03 10:27:01,2025-07-03 10:35:50.714399,2025-07-03 10:36:33.900000,2025-07-03 10:41:14.000,14.216666666666667,0.7197600166666667,8,2,osrm
395,delivered,2025-07-03 10:28:06,2025-07-03 10:44:47.253866,2025-07-03 10:44:47.253866,2025-07-03 10:56:20.500,28.241666666666667,0.0,19,4,osrm
396,delivered,2025-07-03 10:29:47,2025-07-03 10:42:02.205362,2025-07-03 10:42:02.205362,2025-07-03 10:49:45.700,19.978333333333335,0.0,7,4,osrm
397,delivered,2025-07-03 10:29:17,2025-07-03 10:41:14.361193,2025-07-03 10:43:43.600000,2025-07-03 10:54:38.000,25.35,2.4873134500000003,9,4,osrm
398,delivered,2025-07-03 10:30:34,2025-07-03 10:43:48.906636,2025-07-03 11:01:02.600000,2025-07-03 11:04:58.600,34.41,17.228222733333332,17,2,osrm
399,delivered,2025-07-03 10:30:02,2025-07-03 10:35:53.098431,2025-07-03 10:58:18.800000,2025-07-03 11:14:39.100,44.61833333333333,22.428359483333335,2,4,osrm
400,delivered,2025-07-03 10:31:32,2025-07-03 10:40:35.834274,2025-07-03 10:41:14.300000,2025-07-03 10:46:24.500,14.875,0.6410954333333333,2,2,osrm
401,delivered,2025-07-03 10:31:25,2025-07-03 10:40:34.577283,2025-07-03 10:59:22.400000,2025-07-03 11:03:59.200,32.57,18.797045283333333,7,1,osrm
402,delivered,2025-07-03 10:32:59,2025-07-03 10:45:25.517369,2025-07-03 11:06:08.600000,2025-07-03 11:09:26.400,36.45666666666667,20.71804385,14,1,osrm
403,delivered,2025-07-03 10:32:46,2025-07-03 10:40:31.971894,2025-07-03 10:42:42.100000,2025-07-03 10:56:14.100,23.46833333333333,2.168801766666667,20,4,osrm
404,delivered,2025-07-03 10:35:19,2025-07-03 10:51:38.254474,2025-07-03 11:11:27.900000,2025-07-03 11:14:34.500,39.25833333333333,19.827425433333335,18,1,osrm
405,delivered,2025-07-03 10:36:49,2025-07-03 10:47:42.837669,2025-07-03 10:48:07.500000,2025-07-03 11:00:33.700,23.745,0.41103885,6,4,osrm
406,delivered,2025-07-03 10:36:02,2025-07-03 10:57:02.946386,2025-07-03 10:57:02.946386,2025-07-03 10:58:08.200,22.103333333333335,0.0,18,4,osrm
407,delivered,2025-07-03 10:37:33,2025-07-03 10:51:34.947349,2025-07-03 11:06:29.200000,2025-07-03 11:10:44.800,33.196666666666665,14.90421085,8,2,osrm
408,delivered,2025-07-03 10:37:30,2025-07-03 10:48:29.666520,2025-07-03 10:48:29.666520,2025-07-03 10:51:48.200,14.303333333333335,0.0,14,3,osrm
409,delivered,2025-07-03 10:37:55,2025-07-03 10:49:44.915123,2025-07-03 10:49:44.915123,2025-07-03 10:55:37.000,17.7,0.0,10,3,osrm
410,delivered,2025-07-03 10:39:41,2025-07-03 10:51:56.490984,2025-07-03 10:51:56.490984,2025-07-03 10:53:55.200,14.236666666666668,0.0,16,4,osrm
411,delivered,2025-07-03 10:39:39,2025-07-03 10:53:16.550800,2025-07-03 11:11:27.800000,2025-07-03 11:16:59.900,37.348333333333336,18.187486666666665,6,1,osrm
412,delivered,2025-07-03 10:39:00,2025-07-03 10:49:20.279128,2025-07-03 11:09:04.100000,2025-07-03 11:13:11.700,34.195,19.730347866666666,4,1,osrm
413,delivered,2025-07-03 10:40:01,2025-07-03 10:52:55.351381,2025-07-03 10:55:30.900000,2025-07-03 11:02:11.700,22.178333333333335,2.5924769833333334,12,3,osrm
414,delivered,2025-07-03 10:40:59,2025-07-03 10:57:05.201356,2025-07-03 10:59:56.348226,2025-07-03 11:11:14.100,30.251666666666665,2.8524478333333336,5,4,osrm
415,delivered,2025-07-03 10:42:02,2025-07-03 10:47:03.805784,2025-07-03 11:09:58.017609,2025-07-03 11:13:40.300,31.638333333333332,22.90353041666667,16,3,osrm
416,delivered,2025-07-03 10:42:50,2025-07-03 10:58:54.742878,2025-07-03 11:17:27.724668,2025-07-03 11:24:15.100,41.41833333333333,18.5496965,7,4,osrm
417,delivered,2025-07-03 10:43:57,2025-07-03 10:55:02.452785,2025-07-03 10:55:02.452785,2025-07-03 10:58:37.200,14.67,0.0,13,4,osrm
418,delivered,2025-07-03 10:44:50,2025-07-03 10:58:12.945185,2025-07-03 11:06:29.200000,2025-07-03 11:10:44.800,25.913333333333334,8.270913583333334,8,2,osrm
419,delivered,2025-07-03 10:45:30,2025-07-03 10:58:29.189972,2025-07-03 11:01:02.600000,2025-07-03 11:04:58.600,19.476666666666667,2.5568338,17,2,osrm
420,delivered,2025-07-03 10:47:44,2025-07-03 10:59:56.348226,2025-07-03 10:59:56.348226,2025-07-03 11:11:14.100,23.501666666666665,0.0,5,4,osrm
421,delivered,2025-07-03 10:47:43,2025-07-03 11:05:54.628590,2025-07-03 11:18:29.800000,2025-07-03 11:20:06.600,32.39333333333333,12.586190166666666,8,1,osrm
422,delivered,2025-07-03 10:49:26,2025-07-03 11:09:58.017609,2025-07-03 11:09:58.017609,2025-07-03 11:13:40.300,24.238333333333333,0.0,16,3,osrm
423,delivered,2025-07-03 10:50:08,2025-07-03 11:00:14.163783,2025-07-03 11:00:46.800000,2025-07-03 11:10:56.900,20.815,0.5439369500000001,15,2,osrm
424,delivered,2025-07-03 10:53:32,2025-07-03 11:05:02.700687,2025-07-03 11:09:58.017609,2025-07-03 11:13:40.300,20.138333333333332,4.9219487,16,3,osrm
425,delivered,2025-07-03 10:55:36,2025-07-03 11:05:59.848570,2025-07-03 11:05:59.848570,2025-07-03 11:16:49.200,21.220000000000002,0.0,3,4,osrm
426,delivered,2025-07-03 10:55:24,2025-07-03 11:07:36.923420,2025-07-03 11:21:45.300000,2025-07-03 11:23:31.300,28.121666666666666,14.139609666666667,19,1,osrm
427,delivered,2025-07-03 10:59:18,2025-07-03 11:06:36.933748,2025-07-03 11:16:23.600000,2025-07-03 11:17:54.900,18.615000000000002,9.777770866666666,1,1,osrm
428,delivered,2025-07-03 10:59:25,2025-07-03 11:16:48.289183,2025-07-03 11:20:09.000000,2025-07-03 11:23:49.600,24.41,3.3451802833333333,10,1,osrm
429,delivered,2025-07-03 11:01:16,2025-07-03 11:18:22.936515,2025-07-03 11:25:07.900000,2025-07-03 11:27:39.100,26.384999999999998,6.749391416666667,16,1,osrm
430,delivered,2025-07-03 11:01:35,2025-07-03 11:13:04.035577,2025-07-03 11:17:27.724668,2025-07-03 11:24:15.100,22.668333333333333,4.394818183333333,7,4,osrm
431,delivered,2025-07-03 11:01:20,2025-07-03 11:16:32.249647,2025-07-03 11:26:04.600000,2025-07-03 11:30:48.200,29.470000000000002,9.53917255,15,2,osrm
432,delivered,2025-07-03 11:01:16,2025-07-03 11:12:57.004400,2025-07-03 11:17:27.724668,2025-07-03 11:24:15.100,22.985,4.512004466666666,7,4,osrm
433,delivered,2025-07-03 11:04:44,2025-07-03 11:17:27.724668,2025-07-03 11:17:27.724668,2025-07-03 11:24:15.100,19.51833333333333,0.0,7,4,osrm
434,delivered,2025-07-03 11:10:26,2025-07-03 11:26:04.202921,2025-07-03 11:31:04.300000,2025-07-03 11:35:22.800,24.946666666666665,5.001617983333333,20,2,osrm
435,delivered,2025-07-03 11:10:59,2025-07-03 11:26:30.692952,2025-07-03 11:29:11.000000,2025-07-03 11:32:59.400,22.006666666666668,2.6717841333333334,13,1,osrm
436,delivered,2025-07-03 11:11:14,2025-07-03 11:16:39.773289,2025-07-03 11:23:46.100000,2025-07-03 11:28:56.100,17.701666666666664,7.105445183333333,11,2,osrm
437,delivered,2025-07-03 11:11:23,2025-07-03 11:21:02.622085,2025-07-03 11:26:04.600000,2025-07-03 11:30:48.200,19.42,5.03296525,15,2,osrm
438,delivered,2025-07-03 11:11:16,2025-07-03 11:22:14.225425,2025-07-03 11:23:46.100000,2025-07-03 11:28:56.100,17.668333333333333,1.5312429166666666,11,2,osrm
439,delivered,2025-07-03 11:17:24,2025-07-03 11:28:35.330719,2025-07-03 11:35:54.000000,2025-07-03 11:38:57.900,21.565,7.311154683333333,10,1,osrm
440,delivered,2025-07-03 11:17:21,2025-07-03 11:25:52.154804,2025-07-03 11:31:04.300000,2025-07-03 11:35:22.800,18.029999999999998,5.202419933333333,20,2,osrm
441,delivered,2025-07-03 11:20:54,2025-07-03 11:36:25.169321,2025-07-03 11:41:01.500000,2025-07-03 11:44:27.500,23.558333333333334,4.605511316666666,15,1,osrm
442,delivered,2025-07-03 11:20:30,2025-07-03 11:33:48.122803,2025-07-03 11:34:09.100000,2025-07-03 11:37:04.400,16.573333333333334,0.34961995,17,1,osrm
443,delivered,2025-07-03 11:20:37,2025-07-03 11:28:17.971390,2025-07-03 11:29:41.400000,2025-07-03 11:34:48.400,14.19,1.3904768333333335,9,1,osrm
444,delivered,2025-07-03 11:22:38,2025-07-03 11:33:39.937073,2025-07-03 11:35:05.000000,2025-07-03 11:38:52.800,16.246666666666666,1.41771545,2,1,osrm
445,delivered,2025-07-03 11:22:15,2025-07-03 11:32:00.016109,2025-07-03 11:35:48.500000,2025-07-03 11:40:42.500,18.458333333333332,3.80806485,7,1,osrm
446,delivered,2025-07-03 11:22:49,2025-07-03 11:37:30.530525,2025-07-03 11:40:55.600000,2025-07-03 11:44:22.100,21.551666666666666,3.4178245833333336,11,1,osrm
447,delivered,2025-07-03 11:26:19,2025-07-03 11:37:08.567655,2025-07-03 11:56:45.500000,2025-07-03 12:02:47.200,36.47,19.61553908333333,19,1,osrm
448,delivered,2025-07-03 11:29:53,2025-07-03 11:41:44.551692,2025-07-03 11:44:36.900000,2025-07-03 11:46:48.200,16.92,2.8724718,14,1,osrm
449,delivered,2025-07-03 11:31:28,2025-07-03 11:42:16.485614,2025-07-03 11:45:05.000000,2025-07-03 11:49:10.100,17.701666666666664,2.8085731,20,1,osrm
450,delivered,2025-07-03 11:32:54,2025-07-03 11:43:12.639915,2025-07-03 11:46:11.800000,2025-07-03 11:50:38.800,17.746666666666666,2.986001416666667,12,1,osrm
451,delivered,2025-07-03 11:32:09,2025-07-03 11:42:10.897613,2025-07-03 11:49:41.400000,2025-07-03 11:53:05.500,20.941666666666666,7.508373116666666,16,2,osrm
452,delivered,2025-07-03 11:35:50,2025-07-03 11:47:56.661606,2025-07-03 12:01:32.800000,2025-07-03 12:03:59.300,28.154999999999998,13.602306566666666,6,1,osrm
453,delivered,2025-07-03 11:36:44,2025-07-03 11:50:40.232753,2025-07-03 11:50:40.232753,2025-07-03 11:54:07.300,17.388333333333332,0.0,10,1,osrm
454,delivered,2025-07-03 11:36:26,2025-07-03 11:49:31.739492,2025-07-03 11:49:41.400000,2025-07-03 11:53:05.500,16.658333333333335,0.16100846666666666,16,2,osrm
455,delivered,2025-07-03 11:38:24,2025-07-03 11:48:16.132261,2025-07-03 11:54:41.400000,2025-07-03 11:59:37.000,21.216666666666665,6.421128983333333,3,2,osrm
456,delivered,2025-07-03 11:42:24,2025-07-03 11:50:27.262349,2025-07-03 11:50:27.262349,2025-07-03 11:53:32.300,11.138333333333332,0.0,8,1,osrm
457,delivered,2025-07-03 11:42:00,2025-07-03 11:55:26.552561,2025-07-03 11:55:47.600000,2025-07-03 11:57:57.400,15.956666666666667,0.35079065000000004,9,1,osrm
458,delivered,2025-07-03 11:43:48,2025-07-03 11:56:52.499823,2025-07-03 11:59:18.800000,2025-07-03 12:04:01.500,20.225,2.4383362833333333,1,1,osrm
459,delivered,2025-07-03 11:43:14,2025-07-03 11:52:51.038563,2025-07-03 11:54:41.400000,2025-07-03 11:59:37.000,16.383333333333333,1.8393572833333331,3,2,osrm
460,delivered,2025-07-03 11:44:47,2025-07-03 11:55:22.344007,2025-07-03 11:58:15.800000,2025-07-03 12:00:00.400,15.223333333333333,2.890933216666667,18,1,osrm
461,delivered,2025-07-03 11:45:37,2025-07-03 11:51:59.184875,2025-07-03 11:55:20.800000,2025-07-03 11:57:26.400,11.823333333333332,3.3602520833333336,15,1,osrm
462,delivered,2025-07-03 11:46:53,2025-07-03 11:54:56.753730,2025-07-03 11:58:45.300000,2025-07-03 12:02:46.400,15.889999999999999,3.8091044999999997,12,1,osrm
463,delivered,2025-07-03 11:46:08,2025-07-03 12:02:17.674677,2025-07-03 12:05:36.000000,2025-07-03 12:08:02.000,21.9,3.30542205,10,1,osrm
464,delivered,2025-07-03 11:48:21,2025-07-03 12:01:30.942718,2025-07-03 12:04:08.000000,2025-07-03 12:08:26.900,20.098333333333336,2.6176213666666666,8,1,osrm
465,delivered,2025-07-03 11:50:02,2025-07-03 11:59:01.562465,2025-07-03 11:59:36.400000,2025-07-03 12:01:39.100,11.618333333333334,0.5806255833333334,20,1,osrm
466,delivered,2025-07-03 11:51:14,2025-07-03 12:00:28.369663,2025-07-03 12:00:34.100000,2025-07-03 12:04:03.100,12.818333333333333,0.09550561666666667,14,1,osrm
467,delivered,2025-07-03 11:53:28,2025-07-03 12:04:42.795993,2025-07-03 12:08:48.900000,2025-07-03 12:14:22.400,20.90666666666667,4.10173345,17,1,osrm
468,delivered,2025-07-03 11:53:26,2025-07-03 12:05:05.674904,2025-07-03 12:06:58.400000,2025-07-03 12:09:45.800,16.33,1.8787516,13,1,osrm
469,delivered,2025-07-03 11:56:29,2025-07-03 12:13:18.940772,2025-07-03 12:15:32.800000,2025-07-03 12:19:54.300,23.421666666666667,2.2309871333333335,14,1,osrm
470,delivered,2025-07-03 12:00:01,2025-07-03 12:10:12.443226,2025-07-03 12:10:12.443226,2025-07-03 12:12:46.100,12.751666666666667,0.0,15,1,osrm
471,delivered,2025-07-03 12:01:09,2025-07-03 12:16:55.874633,2025-07-03 12:20:19.300000,2025-07-03 12:21:34.000,20.416666666666668,3.3904227833333334,16,1,osrm
472,delivered,2025-07-03 12:01:53,2025-07-03 12:12:53.562635,2025-07-03 12:13:08.900000,2025-07-03 12:18:09.100,16.268333333333334,0.25562275,11,1,osrm
473,delivered,2025-07-03 12:05:28,2025-07-03 12:14:11.415308,2025-07-03 12:14:11.415308,2025-07-03 12:16:45.500,11.291666666666666,0.0,1,1,osrm
474,delivered,2025-07-03 12:08:57,2025-07-03 12:22:33.752503,2025-07-03 12:25:31.000000,2025-07-03 12:29:35.000,20.633333333333333,2.95412495,17,1,osrm
475,delivered,2025-07-03 12:10:42,2025-07-03 12:24:33.366497,2025-07-03 12:29:52.100000,2025-07-03 12:34:13.000,23.516666666666666,5.3122250499999994,14,1,osrm
476,delivered,2025-07-03 12:11:12,2025-07-03 12:24:04.336324,2025-07-03 12:24:18.700000,2025-07-03 12:27:13.200,16.02,0.23939459999999999,15,1,osrm
477,delivered,2025-07-03 12:11:13,2025-07-03 12:26:41.939884,2025-07-03 12:30:01.500000,2025-07-03 12:34:44.000,23.516666666666666,3.326001933333333,1,1,osrm
478,delivered,2025-07-03 12:12:26,2025-07-03 12:23:32.582993,2025-07-03 12:24:29.300000,2025-07-03 12:27:52.100,15.435,0.94528345,12,1,osrm
479,delivered,2025-07-03 12:13:33,2025-07-03 12:27:22.726105,2025-07-03 12:40:11.000000,2025-07-03 12:44:51.900,31.315,12.804564916666667,11,1,osrm
480,delivered,2025-07-03 12:16:19,2025-07-03 12:29:48.127766,2025-07-03 12:29:48.127766,2025-07-03 12:29:49.300,13.504999999999999,0.0,18,1,osrm
481,delivered,2025-07-03 12:18:58,2025-07-03 12:29:22.934756,2025-07-03 12:47:40.100000,2025-07-03 12:54:05.300,35.12166666666667,18.2860874,3,2,osrm
482,delivered,2025-07-03 12:19:49,2025-07-03 12:35:42.703748,2025-07-03 12:40:16.000000,2025-07-03 12:44:26.400,24.623333333333335,4.554937533333333,2,1,osrm
483,delivered,2025-07-03 12:20:09,2025-07-03 12:29:14.137881,2025-07-03 12:30:41.400000,2025-07-03 12:33:59.800,13.846666666666666,1.45436865,13,1,osrm
484,delivered,2025-07-03 12:21:34,2025-07-03 12:34:10.954103,2025-07-03 12:34:31.300000,2025-07-03 12:36:28.700,14.911666666666667,0.33909828333333336,16,1,osrm
485,delivered,2025-07-03 12:24:14,2025-07-03 12:37:01.035055,2025-07-03 12:39:27.200000,2025-07-03 12:40:18.500,16.075,2.4360824166666664,5,1,osrm
486,delivered,2025-07-03 12:26:12,2025-07-03 12:38:27.109796,2025-07-03 12:39:27.200000,2025-07-03 12:40:26.500,14.241666666666667,1.0015034,7,1,osrm
487,delivered,2025-07-03 12:28:23,2025-07-03 12:38:32.371980,2025-07-03 12:41:01.200000,2025-07-03 12:44:27.700,16.078333333333333,2.480467,17,1,osrm
488,delivered,2025-07-03 12:29:23,2025-07-03 12:46:38.996993,2025-07-03 12:50:01.800000,2025-07-03 12:53:50.500,24.458333333333332,3.3800501166666668,9,1,osrm
489,delivered,2025-07-03 12:31:36,2025-07-03 12:46:11.011574,2025-07-03 12:50:05.400000,2025-07-03 12:53:40.900,22.081666666666667,3.9064737666666667,18,1,osrm
490,delivered,2025-07-03 12:33:16,2025-07-03 12:47:28.876241,2025-07-03 12:51:41.700000,2025-07-03 12:54:18.700,21.045,4.213729316666667,10,1,osrm
491,delivered,2025-07-03 12:35:16,2025-07-03 12:44:04.706750,2025-07-03 12:47:40.100000,2025-07-03 12:54:05.300,18.821666666666665,3.5898875,3,2,osrm
492,delivered,2025-07-03 12:35:00,2025-07-03 12:45:32.412381,2025-07-03 12:45:41.400000,2025-07-03 12:48:40.100,13.668333333333333,0.14979365,1,1,osrm
493,delivered,2025-07-03 12:36:16,2025-07-03 12:53:09.588718,2025-07-03 12:59:43.300000,2025-07-03 13:03:56.100,27.668333333333333,6.5618547,1,1,osrm
494,delivered,2025-07-03 12:37:21,2025-07-03 12:47:14.569095,2025-07-03 12:49:13.500000,2025-07-03 12:50:22.700,13.028333333333334,1.9821817499999999,19,1,osrm
495,delivered,2025-07-03 12:38:22,2025-07-03 12:52:44.963893,2025-07-03 12:54:44.200000,2025-07-03 12:56:13.200,17.853333333333335,1.98726845,11,1,osrm
496,delivered,2025-07-03 12:38:40,2025-07-03 12:50:36.565183,2025-07-03 12:50:36.565183,2025-07-03 12:52:32.900,13.881666666666666,0.0,12,1,osrm
497,delivered,2025-07-03 12:45:15,2025-07-03 12:55:34.227427,2025-07-03 12:55:34.227427,2025-07-03 12:58:45.300,13.504999999999999,0.0,14,1,osrm
498,delivered,2025-07-03 12:47:47,2025-07-03 13:01:31.736396,2025-07-03 13:14:23.900000,2025-07-03 13:21:58.900,34.19833333333334,12.8693934,3,3,osrm
499,delivered,2025-07-03 12:48:59,2025-07-03 13:02:26.357276,2025-07-03 13:03:22.100000,2025-07-03 13:04:55.700,15.945,0.9290454,16,1,osrm
500,delivered,2025-07-03 12:48:31,2025-07-03 12:59:14.788468,2025-07-03 13:04:41.100000,2025-07-03 13:10:25.900,21.915000000000003,5.438525533333333,10,1,osrm
501,delivered,2025-07-03 12:49:31,2025-07-03 13:09:22.583690,2025-07-03 13:24:35.774716,2025-07-03 13:32:26.200,42.919999999999995,15.219850433333333,20,3,osrm
502,delivered,2025-07-03 12:49:10,2025-07-03 13:02:05.557665,2025-07-03 13:04:04.300000,2025-07-03 13:06:58.200,17.803333333333335,1.9790389166666666,18,1,osrm
503,delivered,2025-07-03 12:49:20,2025-07-03 12:59:13.928347,2025-07-03 13:14:23.900000,2025-07-03 13:21:58.900,32.64833333333333,15.166194216666666,3,3,osrm
504,delivered,2025-07-03 12:50:22,2025-07-03 13:05:57.155139,2025-07-03 13:11:13.200000,2025-07-03 13:14:46.900,24.415000000000003,5.26741435,11,1,osrm
505,delivered,2025-07-03 12:52:22,2025-07-03 13:06:11.571470,2025-07-03 13:28:11.000000,2025-07-03 13:35:10.800,42.81333333333334,21.9904755,14,2,osrm
506,delivered,2025-07-03 12:53:36,2025-07-03 13:04:26.855691,2025-07-03 13:04:26.855691,2025-07-03 13:07:06.700,13.511666666666667,0.0,12,1,osrm
507,delivered,2025-07-03 12:53:34,2025-07-03 13:05:35.433944,2025-07-03 13:07:36.200000,2025-07-03 13:08:44.500,15.175,2.0127676,13,1,osrm
508,delivered,2025-07-03 12:54:11,2025-07-03 13:09:49.880658,2025-07-03 13:33:44.548112,2025-07-03 13:35:55.100,41.735,23.911124233333332,16,3,osrm
509,delivered,2025-07-03 12:54:50,2025-07-03 13:12:44.625964,2025-07-03 13:15:05.900000,2025-07-03 13:20:25.200,25.586666666666666,2.3545672666666664,9,2,osrm
510,delivered,2025-07-03 12:57:11,2025-07-03 13:10:40.563118,2025-07-03 13:24:35.774716,2025-07-03 13:32:26.200,35.25333333333333,13.9201933,20,3,osrm
511,delivered,2025-07-03 12:57:58,2025-07-03 13:13:41.444179,2025-07-03 13:34:47.818669,2025-07-03 13:38:39.200,40.68666666666666,21.1062415,18,2,osrm
512,delivered,2025-07-03 12:58:52,2025-07-03 13:09:32.424747,2025-07-03 13:26:31.500000,2025-07-03 13:30:48.800,31.946666666666665,16.98458755,6,2,osrm
513,delivered,2025-07-03 12:59:02,2025-07-03 13:15:05.299923,2025-07-03 13:15:05.299923,2025-07-03 13:17:22.200,18.336666666666666,0.0,15,1,osrm
514,delivered,2025-07-03 13:01:07,2025-07-03 13:21:49.711565,2025-07-03 13:28:11.000000,2025-07-03 13:35:10.800,34.06333333333333,6.3548072499999995,14,2,osrm
515,delivered,2025-07-03 13:01:33,2025-07-03 13:14:57.671974,2025-07-03 13:15:05.900000,2025-07-03 13:20:25.200,18.87,0.13713376666666666,9,2,osrm
516,delivered,2025-07-03 13:01:14,2025-07-03 13:13:00.436677,2025-07-03 13:32:26.900000,2025-07-03 13:39:15.400,38.02333333333333,19.44105538333333,5,2,osrm
517,delivered,2025-07-03 13:01:59,2025-07-03 13:14:57.698507,2025-07-03 13:31:35.900000,2025-07-03 13:36:14.100,34.251666666666665,16.636691550000002,10,2,osrm
518,delivered,2025-07-03 13:02:00,2025-07-03 13:18:06.073814,2025-07-03 13:29:30.700000,2025-07-03 13:31:45.100,29.751666666666665,11.410436433333333,4,1,osrm
519,delivered,2025-07-03 13:04:14,2025-07-03 13:17:11.694703,2025-07-03 13:31:35.900000,2025-07-03 13:36:14.100,32.001666666666665,14.403421616666666,10,2,osrm
520,delivered,2025-07-03 13:04:14,2025-07-03 13:14:19.737372,2025-07-03 13:32:53.100000,2025-07-03 13:40:00.200,35.769999999999996,18.5560438,8,2,osrm
521,delivered,2025-07-03 13:08:49,2025-07-03 13:17:41.661190,2025-07-03 13:42:02.806804,2025-07-03 13:39:45.000,30.933333333333334,24.3524269,7,2,osrm
522,delivered,2025-07-03 13:09:23,2025-07-03 13:16:10.077711,2025-07-03 13:33:44.548112,2025-07-03 13:35:55.100,26.535,17.574506683333333,16,3,osrm
523,delivered,2025-07-03 13:10:47,2025-07-03 13:19:03.954178,2025-07-03 13:26:31.500000,2025-07-03 13:30:48.800,20.029999999999998,7.459097033333333,6,2,osrm
524,delivered,2025-07-03 13:11:11,2025-07-03 13:27:04.579201,2025-07-03 13:32:26.900000,2025-07-03 13:39:15.400,28.073333333333334,5.372013316666667,5,2,osrm
525,delivered,2025-07-03 13:11:03,2025-07-03 13:28:12.045253,2025-07-03 13:29:35.866529,2025-07-03 13:35:31.200,24.470000000000002,1.3970212666666666,12,2,osrm
526,delivered,2025-07-03 13:11:48,2025-07-03 13:23:48.646728,2025-07-03 13:32:53.100000,2025-07-03 13:40:00.200,28.203333333333333,9.0742212,8,2,osrm
527,delivered,2025-07-03 13:12:17,2025-07-03 13:24:32.350072,2025-07-03 13:25:54.700000,2025-07-03 13:26:33.600,14.276666666666667,1.3724988,2,1,osrm
528,delivered,2025-07-03 13:13:46,2025-07-03 13:24:35.774716,2025-07-03 13:24:35.774716,2025-07-03 13:32:26.200,18.67,0.0,20,3,osrm
529,delivered,2025-07-03 13:19:00,2025-07-03 13:42:02.806804,2025-07-03 13:42:02.806804,2025-07-03 13:39:45.000,20.75,0.0,7,2,osrm
530,delivered,2025-07-03 13:20:05,2025-07-03 13:33:44.548112,2025-07-03 13:33:44.548112,2025-07-03 13:35:55.100,15.835,0.0,16,3,osrm
531,delivered,2025-07-03 13:22:12,2025-07-03 13:29:35.866529,2025-07-03 13:29:35.866529,2025-07-03 13:35:31.200,13.32,0.0,12,2,osrm
532,delivered,2025-07-03 13:22:53,2025-07-03 13:34:47.818669,2025-07-03 13:34:47.818669,2025-07-03 13:38:39.200,15.770000000000001,0.0,18,2,osrm
533,delivered,2025-07-03 13:23:39,2025-07-03 13:32:18.612091,2025-07-03 13:50:24.900000,2025-07-03 13:53:14.400,29.59,18.104798483333333,10,1,osrm
534,delivered,2025-07-03 13:24:36,2025-07-03 13:38:30.434307,2025-07-03 13:52:21.300000,2025-07-03 13:55:24.700,30.811666666666667,13.84776155,3,1,osrm
535,delivered,2025-07-03 13:25:07,2025-07-03 13:37:17.194487,2025-07-03 13:40:26.500000,2025-07-03 13:42:46.600,17.66,3.1550918833333332,15,1,osrm
536,delivered,2025-07-03 13:28:30,2025-07-03 13:42:20.502855,2025-07-03 13:46:01.600000,2025-07-03 13:49:31.800,21.029999999999998,3.684952416666667,4,1,osrm
537,delivered,2025-07-03 13:28:43,2025-07-03 13:43:13.407463,2025-07-03 13:45:12.100000,2025-07-03 13:47:50.500,19.125,1.97820895,12,1,osrm
538,delivered,2025-07-03 13:29:32,2025-07-03 13:42:48.350002,2025-07-03 13:48:34.800000,2025-07-03 13:50:58.800,21.446666666666665,5.7741666333333335,2,1,osrm
539,delivered,2025-07-03 13:30:44,2025-07-03 13:45:07.457550,2025-07-03 14:00:33.800000,2025-07-03 14:05:22.100,34.635,15.439040833333333,4,1,osrm
540,delivered,2025-07-03 13:33:52,2025-07-03 13:40:44.430300,2025-07-03 13:56:37.700000,2025-07-03 14:02:22.400,28.506666666666668,15.887828333333333,17,1,osrm
541,delivered,2025-07-03 13:35:48,2025-07-03 13:48:31.757678,2025-07-03 13:50:05.800000,2025-07-03 13:53:51.100,18.051666666666666,1.5673720333333334,7,1,osrm
542,delivered,2025-07-03 13:35:07,2025-07-03 13:43:09.280776,2025-07-03 13:45:38.500000,2025-07-03 13:47:18.300,12.188333333333333,2.4869870666666665,14,1,osrm
543,delivered,2025-07-03 13:35:21,2025-07-03 13:49:09.176011,2025-07-03 13:50:50.500000,2025-07-03 13:52:53.600,17.543333333333333,1.68873315,8,1,osrm
544,delivered,2025-07-03 13:36:54,2025-07-03 13:49:26.974308,2025-07-03 13:49:35.000000,2025-07-03 13:50:34.400,13.673333333333334,0.13376153333333332,9,1,osrm
545,delivered,2025-07-03 13:46:03,2025-07-03 14:00:30.481542,2025-07-03 14:00:30.481542,2025-07-03 14:00:56.300,14.888333333333332,0.0,9,1,osrm
546,delivered,2025-07-03 13:48:20,2025-07-03 13:59:09.130137,2025-07-03 14:04:45.100000,2025-07-03 14:07:28.800,19.146666666666665,5.599497716666666,11,1,osrm
547,delivered,2025-07-03 13:49:38,2025-07-03 14:05:15.033100,2025-07-03 14:07:13.100000,2025-07-03 14:08:51.700,19.228333333333335,1.9677816666666668,7,1,osrm
548,delivered,2025-07-03 13:50:04,2025-07-03 14:01:36.170882,2025-07-03 14:04:48.400000,2025-07-03 14:08:06.800,18.046666666666667,3.2038186333333334,18,1,osrm
549,delivered,2025-07-03 13:50:01,2025-07-03 13:58:46.447994,2025-07-03 14:06:52.200000,2025-07-03 14:09:06.000,19.083333333333332,8.095866766666667,2,1,osrm
550,delivered,2025-07-03 13:51:19,2025-07-03 14:02:14.739180,2025-07-03 14:15:39.600000,2025-07-03 14:19:20.800,28.029999999999998,13.414347,4,1,osrm
551,delivered,2025-07-03 13:52:55,2025-07-03 14:07:53.043461,2025-07-03 14:12:42.800000,2025-07-03 14:15:50.000,22.916666666666668,4.82927565,1,1,osrm
552,delivered,2025-07-03 13:53:40,2025-07-03 14:03:47.737247,2025-07-03 14:04:59.900000,2025-07-03 14:07:52.900,14.215,1.20271255,8,1,osrm
553,delivered,2025-07-03 13:59:29,2025-07-03 14:07:07.634021,2025-07-03 14:09:21.100000,2025-07-03 14:12:01.000,12.533333333333333,2.2244329833333336,12,1,osrm
554,delivered,2025-07-03 13:59:40,2025-07-03 14:08:27.532651,2025-07-03 14:09:00.500000,2025-07-03 14:13:18.400,13.639999999999999,0.5494558166666667,14,1,osrm
555,delivered,2025-07-03 14:04:32,2025-07-03 14:16:48.008858,2025-07-03 14:20:00.800000,2025-07-03 14:24:53.000,20.35,3.2131857,8,1,osrm
556,delivered,2025-07-03 14:05:58,2025-07-03 14:17:53.442694,2025-07-03 14:23:12.900000,2025-07-03 14:25:49.500,19.858333333333334,5.324288433333334,11,1,osrm
557,delivered,2025-07-03 14:06:47,2025-07-03 14:19:21.200795,2025-07-03 14:19:21.200795,2025-07-03 14:23:54.800,17.13,0.0,18,1,osrm
558,delivered,2025-07-03 14:07:38,2025-07-03 14:20:25.143424,2025-07-03 14:21:21.100000,2025-07-03 14:23:19.000,15.683333333333334,0.9326095999999999,3,1,osrm
559,delivered,2025-07-03 14:07:50,2025-07-03 14:18:49.112483,2025-07-03 14:21:48.100000,2025-07-03 14:25:12.900,17.381666666666668,2.9831252833333335,7,1,osrm
560,delivered,2025-07-03 14:08:15,2025-07-03 14:23:31.489831,2025-07-03 14:25:10.300000,2025-07-03 14:29:34.300,21.321666666666665,1.64683615,15,1,osrm
561,delivered,2025-07-03 14:09:09,2025-07-03 14:18:19.434867,2025-07-03 14:18:53.300000,2025-07-03 14:22:06.500,12.958333333333334,0.5644188833333333,5,1,osrm
562,delivered,2025-07-03 14:14:33,2025-07-03 14:24:35.343493,2025-07-03 14:24:35.343493,2025-07-03 14:27:45.500,13.208333333333334,0.0,12,1,osrm
563,delivered,2025-07-03 14:15:18,2025-07-03 14:20:45.649657,2025-07-03 14:23:21.400000,2025-07-03 14:25:57.300,10.655,2.59583905,16,1,osrm
564,delivered,2025-07-03 14:17:27,2025-07-03 14:34:12.378426,2025-07-03 14:34:26.300000,2025-07-03 14:38:29.800,21.046666666666667,0.23202623333333333,11,1,osrm
565,delivered,2025-07-03 14:20:43,2025-07-03 14:33:25.029088,2025-07-03 14:33:29.500000,2025-07-03 14:35:04.100,14.351666666666667,0.0745152,17,1,osrm
566,delivered,2025-07-03 14:20:48,2025-07-03 14:31:04.048906,2025-07-03 14:34:39.900000,2025-07-03 14:38:17.100,17.485,3.597518233333333,9,1,osrm
567,delivered,2025-07-03 14:21:25,2025-07-03 14:31:11.238680,2025-07-03 14:36:29.400000,2025-07-03 14:38:45.900,17.348333333333336,5.302688666666667,18,1,osrm
568,delivered,2025-07-03 14:22:35,2025-07-03 14:36:33.932054,2025-07-03 14:39:25.900000,2025-07-03 14:42:15.700,19.678333333333335,2.8661324333333336,2,1,osrm
569,delivered,2025-07-03 14:23:59,2025-07-03 14:39:25.180001,2025-07-03 14:41:32.600000,2025-07-03 14:42:48.000,18.816666666666666,2.12366665,6,1,osrm
570,delivered,2025-07-03 14:25:18,2025-07-03 14:38:58.063404,2025-07-03 14:39:33.300000,2025-07-03 14:42:21.600,17.06,0.5872765999999999,12,1,osrm
571,delivered,2025-07-03 14:26:15,2025-07-03 14:35:02.232222,2025-07-03 14:35:42.600000,2025-07-03 14:40:32.100,14.285,0.6727963,8,1,osrm
572,delivered,2025-07-03 14:31:39,2025-07-03 14:48:36.696330,2025-07-03 15:08:23.673862,2025-07-03 15:13:54.000,42.25,19.782958866666668,5,2,osrm
573,delivered,2025-07-03 14:31:54,2025-07-03 14:37:34.018761,2025-07-03 14:41:01.200000,2025-07-03 14:43:18.800,11.413333333333332,3.45302065,15,1,osrm
574,delivered,2025-07-03 14:32:20,2025-07-03 14:45:36.485020,2025-07-03 14:46:45.400000,2025-07-03 14:49:17.100,16.951666666666668,1.148583,17,1,osrm
575,delivered,2025-07-03 14:33:38,2025-07-03 14:43:45.349157,2025-07-03 14:47:20.000000,2025-07-03 14:48:57.200,15.32,3.57751405,1,1,osrm
576,delivered,2025-07-03 14:33:41,2025-07-03 14:43:05.093668,2025-07-03 14:43:36.200000,2025-07-03 14:46:02.600,12.360000000000001,0.5184388666666666,7,1,osrm
577,delivered,2025-07-03 14:34:59,2025-07-03 14:47:46.303879,2025-07-03 14:49:20.200000,2025-07-03 14:53:14.300,18.255,1.5649353499999998,8,1,osrm
578,delivered,2025-07-03 14:37:26,2025-07-03 14:52:22.076592,2025-07-03 14:54:46.400000,2025-07-03 14:56:50.000,19.4,2.4053901333333334,4,1,osrm
579,delivered,2025-07-03 14:41:23,2025-07-03 14:55:41.601245,2025-07-03 14:55:41.601245,2025-07-03 14:58:59.700,17.611666666666668,0.0,10,1,osrm
580,delivered,2025-07-03 14:44:36,2025-07-03 14:59:37.231399,2025-07-03 15:01:08.600000,2025-07-03 15:04:06.600,19.509999999999998,1.5228100166666667,19,1,osrm
581,delivered,2025-07-03 14:44:46,2025-07-03 14:54:52.685068,2025-07-03 15:10:28.400000,2025-07-03 15:17:15.700,32.495,15.595248866666667,7,2,osrm
582,delivered,2025-07-03 14:44:19,2025-07-03 15:01:28.695856,2025-07-03 15:08:16.900000,2025-07-03 15:15:10.500,30.858333333333334,6.8034023999999995,9,2,osrm
583,delivered,2025-07-03 14:44:04,2025-07-03 14:58:24.073152,2025-07-03 15:15:50.500000,2025-07-03 15:18:53.100,34.818333333333335,17.44044746666667,2,2,osrm
584,delivered,2025-07-03 14:45:12,2025-07-03 14:58:51.682916,2025-07-03 15:27:14.741551,2025-07-03 15:24:58.700,39.77833333333333,28.384310583333335,18,3,osrm
585,delivered,2025-07-03 14:46:32,2025-07-03 14:54:34.614285,2025-07-03 15:10:27.500000,2025-07-03 15:17:45.600,31.226666666666667,15.881428583333333,10,2,osrm
586,delivered,2025-07-03 14:46:59,2025-07-03 14:57:50.311606,2025-07-03 14:59:42.000000,2025-07-03 15:01:46.200,14.786666666666667,1.8614732333333335,16,1,osrm
587,delivered,2025-07-03 14:50:31,2025-07-03 15:08:15.508718,2025-07-03 15:08:16.900000,2025-07-03 15:15:10.500,24.658333333333335,0.023188033333333333,9,2,osrm
588,delivered,2025-07-03 14:51:36,2025-07-03 15:01:17.006133,2025-07-03 15:15:36.479153,2025-07-03 15:19:58.600,28.376666666666665,14.324550333333333,16,4,osrm
589,delivered,2025-07-03 14:51:37,2025-07-03 15:03:04.295164,2025-07-03 15:10:28.400000,2025-07-03 15:17:15.700,25.645,7.401747266666666,7,2,osrm
590,delivered,2025-07-03 14:52:30,2025-07-03 15:01:34.978040,2025-07-03 15:03:28.700000,2025-07-03 15:06:17.100,13.785,1.8953659999999999,8,1,osrm
591,delivered,2025-07-03 14:53:30,2025-07-03 15:08:23.673862,2025-07-03 15:08:23.673862,2025-07-03 15:13:54.000,20.4,0.0,5,2,osrm
592,delivered,2025-07-03 14:55:09,2025-07-03 15:11:28.060356,2025-07-03 15:15:50.500000,2025-07-03 15:18:53.100,23.735,4.373994066666667,2,2,osrm
593,delivered,2025-07-03 14:59:03,2025-07-03 15:12:49.048672,2025-07-03 15:24:57.600000,2025-07-03 15:31:27.500,32.40833333333333,12.142522133333333,5,2,osrm
594,delivered,2025-07-03 14:59:56,2025-07-03 15:11:56.770057,2025-07-03 15:15:36.479153,2025-07-03 15:19:58.600,20.043333333333333,3.6618182666666663,16,4,osrm
595,delivered,2025-07-03 15:00:54,2025-07-03 15:09:10.111488,2025-07-03 15:24:57.600000,2025-07-03 15:31:27.500,30.558333333333334,15.7914752,5,2,osrm
596,delivered,2025-07-03 15:00:47,2025-07-03 15:08:38.467144,2025-07-03 15:10:27.500000,2025-07-03 15:17:45.600,16.976666666666667,1.8172142666666666,10,2,osrm
597,delivered,2025-07-03 15:02:34,2025-07-03 15:12:49.365499,2025-07-03 15:27:14.741551,2025-07-03 15:24:58.700,22.41166666666667,14.422934199999998,18,3,osrm
598,delivered,2025-07-03 15:03:54,2025-07-03 15:13:45.017743,2025-07-03 15:17:33.100000,2025-07-03 15:20:33.000,16.65,3.80137095,12,1,osrm
599,delivered,2025-07-03 15:03:50,2025-07-03 15:21:05.551037,2025-07-03 15:29:54.600000,2025-07-03 15:34:21.900,30.53166666666667,8.817482716666666,4,1,osrm
600,delivered,2025-07-03 15:03:33,2025-07-03 15:19:20.861676,2025-07-03 15:19:42.300000,2025-07-03 15:20:15.400,16.706666666666667,0.35730540000000005,11,1,osrm
601,delivered,2025-07-03 15:04:36,2025-07-03 15:15:36.479153,2025-07-03 15:15:36.479153,2025-07-03 15:19:58.600,15.376666666666667,0.0,16,4,osrm
602,delivered,2025-07-03 15:06:17,2025-07-03 15:19:38.007282,2025-07-03 15:21:07.800000,2025-07-03 15:24:30.700,18.228333333333335,1.4965453,8,1,osrm
603,delivered,2025-07-03 15:06:15,2025-07-03 15:18:45.639559,2025-07-03 15:26:41.200000,2025-07-03 15:30:09.400,23.90666666666667,7.926007350000001,20,1,osrm
604,delivered,2025-07-03 15:07:00,2025-07-03 15:21:32.221967,2025-07-03 15:25:01.100000,2025-07-03 15:27:31.900,20.53166666666667,3.48130055,15,1,osrm
605,delivered,2025-07-03 15:10:56,2025-07-03 15:16:31.210216,2025-07-03 15:21:02.400000,2025-07-03 15:24:12.700,13.278333333333334,4.519829733333333,3,1,osrm
606,delivered,2025-07-03 15:10:48,2025-07-03 15:27:14.741551,2025-07-03 15:27:14.741551,2025-07-03 15:24:58.700,14.178333333333335,0.0,18,3,osrm
607,delivered,2025-07-03 15:12:14,2025-07-03 15:21:31.453184,2025-07-03 15:25:56.500000,2025-07-03 15:28:59.900,16.765,4.417446933333333,19,1,osrm
608,delivered,2025-07-03 15:12:26,2025-07-03 15:27:35.283554,2025-07-03 15:48:59.471590,2025-07-03 15:56:26.200,44.00333333333333,21.403133933333333,18,3,osrm
609,delivered,2025-07-03 15:13:23,2025-07-03 15:23:12.360292,2025-07-03 15:28:24.200000,2025-07-03 15:30:35.700,17.211666666666666,5.197328466666666,10,2,osrm
610,delivered,2025-07-03 15:15:10,2025-07-03 15:29:09.544274,2025-07-03 15:35:36.300000,2025-07-03 15:36:21.300,21.188333333333333,6.4459287666666665,8,1,osrm
611,delivered,2025-07-03 15:19:26,2025-07-03 15:31:31.337643,2025-07-03 15:48:59.471590,2025-07-03 15:56:26.200,37.00333333333333,17.468899116666666,18,3,osrm
612,delivered,2025-07-03 15:19:04,2025-07-03 15:27:49.005118,2025-07-03 15:28:24.200000,2025-07-03 15:30:35.700,11.528333333333334,0.5865813666666667,10,2,osrm
613,delivered,2025-07-03 15:20:34,2025-07-03 15:29:52.932384,2025-07-03 15:55:57.145031,2025-07-03 15:57:21.300,36.788333333333334,26.070210783333334,13,4,osrm
614,delivered,2025-07-03 15:22:03,2025-07-03 15:38:37.218144,2025-07-03 15:56:45.100000,2025-07-03 16:01:41.200,39.63666666666666,18.131364266666665,12,2,osrm
615,delivered,2025-07-03 15:23:32,2025-07-03 15:35:23.623498,2025-07-03 15:40:07.400000,2025-07-03 15:43:26.200,19.903333333333332,4.729608366666667,11,1,osrm
616,delivered,2025-07-03 15:23:35,2025-07-03 15:37:43.470034,2025-07-03 15:51:39.300000,2025-07-03 15:55:34.700,31.995,13.930499433333333,20,3,osrm
617,delivered,2025-07-03 15:24:42,2025-07-03 15:40:47.778255,2025-07-03 15:55:57.145031,2025-07-03 15:57:21.300,32.655,15.156112933333333,13,4,osrm
618,delivered,2025-07-03 15:24:20,2025-07-03 15:36:42.650147,2025-07-03 15:57:23.130704,2025-07-03 16:00:50.900,36.515,20.67467595,4,2,osrm
619,delivered,2025-07-03 15:24:25,2025-07-03 15:35:10.681262,2025-07-03 15:51:06.000000,2025-07-03 15:57:22.100,32.95166666666667,15.921978966666668,8,2,osrm
620,delivered,2025-07-03 15:24:55,2025-07-03 15:37:06.440492,2025-07-03 15:41:00.800000,2025-07-03 15:44:04.800,19.163333333333334,3.9059918000000002,6,1,osrm
621,delivered,2025-07-03 15:25:02,2025-07-03 15:36:29.014143,2025-07-03 15:57:06.300000,2025-07-03 15:59:59.800,34.96333333333334,20.62143095,10,1,osrm
622,delivered,2025-07-03 15:27:17,2025-07-03 15:42:00.224054,2025-07-03 15:53:14.200000,2025-07-03 15:57:13.800,29.946666666666665,11.232932433333334,11,1,osrm
623,delivered,2025-07-03 15:27:41,2025-07-03 15:39:32.700795,2025-07-03 15:55:57.145031,2025-07-03 15:57:21.300,29.671666666666667,16.407403933333335,13,4,osrm
624,delivered,2025-07-03 15:27:24,2025-07-03 15:38:24.617976,2025-07-03 15:51:06.000000,2025-07-03 15:57:22.100,29.96833333333333,12.6897004,8,2,osrm
625,delivered,2025-07-03 15:28:09,2025-07-03 15:39:46.253514,2025-07-03 15:40:45.284525,2025-07-03 15:43:14.600,15.093333333333334,0.9838501833333333,12,2,osrm
626,delivered,2025-07-03 15:30:59,2025-07-03 15:46:36.105033,2025-07-03 15:52:31.500000,2025-07-03 15:54:38.600,23.66,5.92324945,7,1,osrm
627,delivered,2025-07-03 15:31:06,2025-07-03 15:40:45.284525,2025-07-03 15:40:45.284525,2025-07-03 15:43:14.600,12.143333333333334,0.0,12,2,osrm
628,delivered,2025-07-03 15:31:12,2025-07-03 15:41:08.161346,2025-07-03 15:47:56.800000,2025-07-03 15:49:21.200,18.153333333333332,6.810644233333333,14,1,osrm
629,delivered,2025-07-03 15:33:35,2025-07-03 15:48:59.471590,2025-07-03 15:48:59.471590,2025-07-03 15:56:26.200,22.853333333333335,0.0,18,3,osrm
630,delivered,2025-07-03 15:33:03,2025-07-03 15:44:13.571530,2025-07-03 15:59:04.700000,2025-07-03 16:03:01.700,29.978333333333335,14.852141166666666,15,1,osrm
631,delivered,2025-07-03 15:33:58,2025-07-03 15:46:16.547377,2025-07-03 16:12:43.957190,2025-07-03 16:14:56.600,40.97666666666667,26.456830216666667,7,3,osrm
632,delivered,2025-07-03 15:33:04,2025-07-03 15:46:35.514658,2025-07-03 15:53:21.100000,2025-07-03 15:55:26.700,22.378333333333334,6.7597557,17,1,osrm
633,delivered,2025-07-03 15:35:09,2025-07-03 15:43:54.586646,2025-07-03 15:45:27.700000,2025-07-03 15:49:07.000,13.966666666666667,1.5518892333333334,5,1,osrm
634,delivered,2025-07-03 15:37:49,2025-07-03 15:48:26.860395,2025-07-03 15:51:39.300000,2025-07-03 15:55:34.700,17.761666666666667,3.20732675,20,3,osrm
635,delivered,2025-07-03 15:38:57,2025-07-03 15:46:33.013296,2025-07-03 15:56:00.800000,2025-07-03 15:59:26.200,20.486666666666668,9.463111733333333,16,1,osrm
636,delivered,2025-07-03 15:40:31,2025-07-03 15:55:57.145031,2025-07-03 15:55:57.145031,2025-07-03 15:57:21.300,16.83833333333333,0.0,13,4,osrm
637,delivered,2025-07-03 15:41:07,2025-07-03 15:46:47.953517,2025-07-03 15:51:39.300000,2025-07-03 15:55:34.700,14.461666666666668,4.855774716666667,20,3,osrm
638,delivered,2025-07-03 15:41:56,2025-07-03 15:51:37.523916,2025-07-03 16:08:51.900000,2025-07-03 16:14:17.500,32.358333333333334,17.2396014,13,2,osrm
639,delivered,2025-07-03 15:41:52,2025-07-03 15:56:17.239633,2025-07-03 15:56:45.100000,2025-07-03 16:01:41.200,19.82,0.46433945,12,2,osrm
640,delivered,2025-07-03 15:43:17,2025-07-03 15:56:10.943132,2025-07-03 16:14:44.200000,2025-07-03 16:22:27.700,39.17833333333333,18.554281133333333,15,2,osrm
641,delivered,2025-07-03 15:45:20,2025-07-03 15:57:23.130704,2025-07-03 15:57:23.130704,2025-07-03 16:00:50.900,15.514999999999999,0.0,4,2,osrm
642,delivered,2025-07-03 15:47:22,2025-07-03 15:56:48.183714,2025-07-03 16:12:43.957190,2025-07-03 16:14:56.600,27.576666666666664,15.929557933333333,7,3,osrm
643,delivered,2025-07-03 15:50:05,2025-07-03 16:03:33.394466,2025-07-03 16:10:08.000000,2025-07-03 16:12:05.800,22.013333333333332,6.5767589,10,1,osrm
644,delivered,2025-07-03 15:50:57,2025-07-03 15:57:42.453043,2025-07-03 15:58:45.400000,2025-07-03 16:03:23.000,12.433333333333334,1.04911595,3,1,osrm
645,delivered,2025-07-03 15:50:48,2025-07-03 15:59:58.473694,2025-07-03 16:01:51.500000,2025-07-03 16:05:21.600,14.56,1.8837717666666667,5,1,osrm
646,delivered,2025-07-03 15:52:14,2025-07-03 16:05:18.228057,2025-07-03 16:10:40.600000,2025-07-03 16:15:22.100,23.134999999999998,5.3728657166666665,11,2,osrm
647,delivered,2025-07-03 15:52:38,2025-07-03 16:01:51.778038,2025-07-03 16:22:20.700000,2025-07-03 16:32:43.000,40.083333333333336,20.482032699999998,18,4,osrm
648,delivered,2025-07-03 15:52:04,2025-07-03 16:04:47.049911,2025-07-03 16:09:38.800000,2025-07-03 16:13:12.400,21.14,4.862501483333333,19,1,osrm
649,delivered,2025-07-03 15:53:40,2025-07-03 16:06:55.159475,2025-07-03 16:10:40.600000,2025-07-03 16:15:22.100,21.701666666666664,3.7573420833333335,11,2,osrm
650,delivered,2025-07-03 15:54:03,2025-07-03 16:04:51.348241,2025-07-03 16:20:40.700000,2025-07-03 16:26:49.600,32.776666666666664,15.822529316666667,8,2,osrm
651,delivered,2025-07-03 15:55:02,2025-07-03 16:09:21.384187,2025-07-03 16:13:39.600000,2025-07-03 16:17:30.900,22.48166666666667,4.303596883333333,12,2,osrm
652,delivered,2025-07-03 15:56:08,2025-07-03 16:06:46.268675,2025-07-03 16:08:51.900000,2025-07-03 16:14:17.500,18.158333333333335,2.0938554166666665,13,2,osrm
653,delivered,2025-07-03 15:56:06,2025-07-03 16:10:05.276281,2025-07-03 16:24:10.400000,2025-07-03 16:31:59.900,35.89833333333333,14.085395316666668,16,4,osrm
654,delivered,2025-07-03 15:56:09,2025-07-03 16:11:04.786356,2025-07-03 16:22:20.700000,2025-07-03 16:32:43.000,36.56666666666667,11.265227399999999,18,4,osrm
655,delivered,2025-07-03 15:57:30,2025-07-03 16:16:26.643570,2025-07-03 16:24:10.400000,2025-07-03 16:31:59.900,34.498333333333335,7.729273833333334,16,4,osrm
656,delivered,2025-07-03 15:57:43,2025-07-03 16:08:10.795846,2025-07-03 16:21:10.400000,2025-07-03 16:24:53.600,27.176666666666666,12.993402566666667,1,1,osrm
657,delivered,2025-07-03 15:59:14,2025-07-03 16:08:08.393419,2025-07-03 16:22:20.700000,2025-07-03 16:32:43.000,33.483333333333334,14.205109683333335,18,4,osrm
658,delivered,2025-07-03 15:59:41,2025-07-03 16:10:42.444491,2025-07-03 16:32:16.526636,2025-07-03 16:34:19.000,34.63333333333333,21.56803575,17,3,osrm
659,delivered,2025-07-03 15:59:24,2025-07-03 16:15:18.914238,2025-07-03 16:40:36.850662,2025-07-03 16:44:35.600,45.193333333333335,25.2989404,14,4,osrm
660,delivered,2025-07-03 16:00:25,2025-07-03 16:13:31.948152,2025-07-03 16:14:44.200000,2025-07-03 16:22:27.700,22.045,1.2041974666666666,15,2,osrm
661,delivered,2025-07-03 16:00:46,2025-07-03 16:12:43.957190,2025-07-03 16:12:43.957190,2025-07-03 16:14:56.600,14.176666666666668,0.0,7,3,osrm
662,delivered,2025-07-03 16:01:20,2025-07-03 16:12:19.067742,2025-07-03 16:13:39.600000,2025-07-03 16:17:30.900,16.181666666666665,1.3422043,12,2,osrm
663,delivered,2025-07-03 16:02:32,2025-07-03 16:11:59.460218,2025-07-03 16:45:59.537841,2025-07-03 16:43:42.100,41.16833333333333,34.001293716666666,11,4,osrm
664,delivered,2025-07-03 16:03:55,2025-07-03 16:15:45.685739,2025-07-03 16:32:16.526636,2025-07-03 16:34:19.000,30.4,16.51401495,17,3,osrm
665,delivered,2025-07-03 16:04:01,2025-07-03 16:15:26.311934,2025-07-03 16:20:40.700000,2025-07-03 16:26:49.600,22.81,5.239801099999999,8,2,osrm
666,delivered,2025-07-03 16:04:12,2025-07-03 16:11:46.209298,2025-07-03 16:24:10.400000,2025-07-03 16:31:59.900,27.798333333333336,12.403178366666667,16,4,osrm
667,delivered,2025-07-03 16:05:33,2025-07-03 16:19:11.408800,2025-07-03 16:45:59.537841,2025-07-03 16:43:42.100,38.151666666666664,26.80215068333333,11,4,osrm
668,delivered,2025-07-03 16:06:29,2025-07-03 16:23:00.657541,2025-07-03 16:42:10.896984,2025-07-03 16:47:58.200,41.486666666666665,19.17065738333333,12,3,osrm
669,delivered,2025-07-03 16:06:58,2025-07-03 16:19:09.687228,2025-07-03 16:22:20.700000,2025-07-03 16:32:43.000,25.75,3.1835462000000003,18,4,osrm
670,delivered,2025-07-03 16:06:18,2025-07-03 16:21:43.599160,2025-07-03 16:47:52.409870,2025-07-03 16:53:56.800,47.64666666666667,26.146845166666665,17,3,osrm
671,delivered,2025-07-03 16:07:38,2025-07-03 16:20:10.094370,2025-07-03 16:40:36.850662,2025-07-03 16:44:35.600,36.96,20.4459382,14,4,osrm
672,delivered,2025-07-03 16:08:35,2025-07-03 16:24:32.316530,2025-07-03 16:49:41.862660,2025-07-03 16:54:24.500,45.825,25.159102166666667,9,4,osrm
673,delivered,2025-07-03 16:09:54,2025-07-03 16:20:13.464131,2025-07-03 16:25:29.200000,2025-07-03 16:28:29.100,18.584999999999997,5.262264483333333,10,1,osrm
674,delivered,2025-07-03 16:09:59,2025-07-03 16:22:31.735971,2025-07-03 16:49:41.862660,2025-07-03 16:54:24.500,44.425,27.168778149999998,9,4,osrm
675,delivered,2025-07-03 16:10:50,2025-07-03 16:24:01.995686,2025-07-03 18:39:38.200000,2025-07-03 18:45:41.500,154.85833333333332,135.60340523333332,19,3,osrm
676,delivered,2025-07-03 16:10:57,2025-07-03 16:23:36.301529,2025-07-03 16:41:07.066215,2025-07-03 16:46:24.500,35.458333333333336,17.512744766666668,4,4,osrm
677,delivered,2025-07-03 16:11:38,2025-07-03 16:22:24.116858,2025-07-03 16:54:43.304556,2025-07-03 17:04:49.200,53.18666666666666,32.31979496666666,14,4,osrm
678,delivered,2025-07-03 16:11:26,2025-07-03 16:21:20.501439,2025-07-03 16:40:36.850662,2025-07-03 16:44:35.600,33.16,19.27248705,14,4,osrm
679,delivered,2025-07-03 16:11:33,2025-07-03 16:22:17.902859,2025-07-03 16:24:10.400000,2025-07-03 16:31:59.900,20.448333333333334,1.87495235,16,4,osrm
680,delivered,2025-07-03 16:11:57,2025-07-03 16:28:05.052698,2025-07-03 16:47:30.958552,2025-07-03 16:50:43.900,38.781666666666666,19.431764233333336,7,4,osrm
681,delivered,2025-07-03 16:14:22,2025-07-03 16:32:16.526636,2025-07-03 16:32:16.526636,2025-07-03 16:34:19.000,19.95,0.0,17,3,osrm
682,delivered,2025-07-03 16:14:06,2025-07-03 16:23:22.605878,2025-07-03 18:40:28.800000,2025-07-03 18:48:32.700,154.44500000000002,137.10323536666667,16,2,osrm
683,delivered,2025-07-03 16:14:19,2025-07-03 16:23:44.444052,2025-07-03 16:44:35.296261,2025-07-03 16:55:45.200,41.43666666666666,20.847536816666665,2,4,osrm
684,delivered,2025-07-03 16:14:15,2025-07-03 16:29:40.075173,2025-07-03 16:54:43.304556,2025-07-03 17:04:49.200,50.57,25.053823050000002,14,4,osrm
685,delivered,2025-07-03 16:15:51,2025-07-03 16:32:04.760199,2025-07-03 16:41:07.066215,2025-07-03 16:46:24.500,30.558333333333334,9.0384336,4,4,osrm
686,delivered,2025-07-03 16:15:52,2025-07-03 16:35:35.280302,2025-07-03 16:56:35.836493,2025-07-03 17:05:22.200,49.50333333333333,21.00926985,3,3,osrm
687,delivered,2025-07-03 16:15:40,2025-07-03 16:29:10.074233,2025-07-03 17:00:16.577237,2025-07-03 17:11:19.800,55.663333333333334,31.108383399999997,11,4,osrm
688,delivered,2025-07-03 16:16:58,2025-07-03 16:22:34.620278,2025-07-03 16:59:34.521153,2025-07-03 17:03:38.700,46.67833333333333,36.99834791666667,15,3,osrm
689,delivered,2025-07-03 16:16:32,2025-07-03 16:26:26.204193,2025-07-03 16:45:59.537841,2025-07-03 16:43:42.100,27.168333333333333,19.555560800000002,11,4,osrm
690,delivered,2025-07-03 16:17:59,2025-07-03 16:35:58.354393,2025-07-03 16:44:35.296261,2025-07-03 16:55:45.200,37.769999999999996,8.6156978,2,4,osrm
691,delivered,2025-07-03 16:17:05,2025-07-03 16:29:54.552402,2025-07-03 16:41:07.066215,2025-07-03 16:46:24.500,29.325,11.208563550000001,4,4,osrm
692,delivered,2025-07-03 16:18:10,2025-07-03 16:26:26.493648,2025-07-03 16:56:18.150176,2025-07-03 17:00:33.900,42.39833333333333,29.86094213333333,5,3,osrm
693,delivered,2025-07-03 16:18:22,2025-07-03 16:31:56.624492,2025-07-03 17:15:33.984541,2025-07-03 17:17:59.500,59.625,43.62266748333333,18,4,osrm
694,delivered,2025-07-03 16:20:07,2025-07-03 16:31:21.817399,2025-07-03 17:05:01.698641,2025-07-03 17:15:23.400,55.27333333333333,33.66468736666666,12,4,osrm
695,delivered,2025-07-03 16:20:34,2025-07-03 16:31:43.459576,2025-07-03 16:51:09.557377,2025-07-03 16:58:04.200,37.50333333333333,19.434963349999997,18,3,osrm
696,delivered,2025-07-03 16:20:11,2025-07-03 16:31:33.672933,2025-07-03 16:47:52.409870,2025-07-03 16:53:56.800,33.763333333333335,16.312282283333335,17,3,osrm
697,delivered,2025-07-03 16:21:32,2025-07-03 16:29:05.096292,2025-07-03 16:51:09.557377,2025-07-03 16:58:04.200,36.53666666666666,22.074351416666666,18,3,osrm
698,delivered,2025-07-03 16:22:54,2025-07-03 16:35:46.549536,2025-07-03 18:21:25.340850,2025-07-03 18:22:43.600,119.82666666666667,105.6465219,9,4,osrm
699,delivered,2025-07-03 16:22:25,2025-07-03 16:31:49.111671,2025-07-03 17:15:33.984541,2025-07-03 17:17:59.500,55.575,43.747881166666666,18,4,osrm
700,delivered,2025-07-03 16:23:25,2025-07-03 16:35:49.925750,2025-07-03 16:49:41.862660,2025-07-03 16:54:24.500,30.991666666666667,13.865615166666666,9,4,osrm
701,delivered,2025-07-03 16:23:18,2025-07-03 16:32:35.006060,2025-07-03 16:59:34.521153,2025-07-03 17:03:38.700,40.345,26.991918216666665,15,3,osrm
702,delivered,2025-07-03 16:23:25,2025-07-03 16:35:44.408424,2025-07-03 17:05:01.698641,2025-07-03 17:15:23.400,51.973333333333336,29.288170283333333,12,4,osrm
703,delivered,2025-07-03 16:23:47,2025-07-03 16:34:39.873496,2025-07-03 17:01:06.071253,2025-07-03 17:02:56.600,39.16,26.436629283333332,1,4,osrm
704,delivered,2025-07-03 16:23:53,2025-07-03 16:35:59.101659,2025-07-03 16:54:43.304556,2025-07-03 17:04:49.200,40.93666666666666,18.73671495,14,4,osrm
705,delivered,2025-07-03 16:24:49,2025-07-03 16:30:47.338714,2025-07-03 16:51:08.301179,2025-07-03 16:57:46.700,32.961666666666666,20.349374416666667,20,4,osrm
706,delivered,2025-07-03 16:25:26,2025-07-03 16:36:13.619914,2025-07-03 16:42:10.896984,2025-07-03 16:47:58.200,22.53666666666667,5.954617833333333,12,3,osrm
707,delivered,2025-07-03 16:25:06,2025-07-03 16:36:22.113534,2025-07-03 17:05:01.698641,2025-07-03 17:15:23.400,50.29,28.659751783333334,12,4,osrm
708,delivered,2025-07-03 16:26:42,2025-07-03 16:40:36.850662,2025-07-03 16:40:36.850662,2025-07-03 16:44:35.600,17.89333333333333,0.0,14,4,osrm
709,delivered,2025-07-03 16:26:44,2025-07-03 16:48:27.755399,2025-07-03 18:58:38.200000,2025-07-03 19:01:58.200,155.23666666666668,130.17407668333334,15,2,osrm
710,delivered,2025-07-03 16:26:09,2025-07-03 16:39:01.680240,2025-07-03 16:56:13.831627,2025-07-03 17:07:34.900,41.431666666666665,17.20252311666667,16,4,osrm
711,delivered,2025-07-03 16:26:09,2025-07-03 16:38:39.690947,2025-07-03 17:03:17.701452,2025-07-03 17:07:45.900,41.615,24.633508416666665,10,4,osrm
712,delivered,2025-07-03 16:26:59,2025-07-03 16:41:27.127823,2025-07-03 17:05:20.995765,2025-07-03 17:12:55.300,45.93833333333334,23.897799033333335,7,4,osrm
713,delivered,2025-07-03 16:27:00,2025-07-03 16:32:00.000000,2025-07-03 17:01:19.412145,2025-07-03 17:05:06.400,38.10666666666667,29.32353575,6,4,osrm
714,delivered,2025-07-03 16:27:52,2025-07-03 16:45:59.537841,2025-07-03 16:45:59.537841,2025-07-03 16:43:42.100,15.835,0.0,11,4,osrm
715,delivered,2025-07-03 16:27:16,2025-07-03 16:39:58.126546,2025-07-03 16:44:35.296261,2025-07-03 16:55:45.200,28.486666666666668,4.61949525,2,4,osrm
716,delivered,2025-07-03 16:27:19,2025-07-03 16:36:11.558659,2025-07-03 17:17:06.162323,2025-07-03 17:19:36.600,52.29333333333333,40.91006106666667,5,4,osrm
717,delivered,2025-07-03 16:28:47,2025-07-03 16:42:10.896984,2025-07-03 16:42:10.896984,2025-07-03 16:47:58.200,19.186666666666667,0.0,12,3,osrm
718,delivered,2025-07-03 16:28:45,2025-07-03 16:42:05.105912,2025-07-03 18:19:17.400000,2025-07-03 18:24:22.900,115.63166666666666,97.20490146666666,2,4,osrm
719,delivered,2025-07-03 16:28:45,2025-07-03 16:42:17.658966,2025-07-03 18:58:38.200000,2025-07-03 19:01:58.200,153.22,136.34235056666665,15,2,osrm
720,delivered,2025-07-03 16:28:19,2025-07-03 16:44:35.296261,2025-07-03 16:44:35.296261,2025-07-03 16:55:45.200,27.436666666666667,0.0,2,4,osrm
721,delivered,2025-07-03 16:28:25,2025-07-03 16:44:03.923710,2025-07-03 17:07:40.764010,2025-07-03 17:17:02.600,48.626666666666665,23.614005000000002,13,4,osrm
722,delivered,2025-07-03 16:28:07,2025-07-03 16:39:06.283667,2025-07-03 16:51:08.301179,2025-07-03 16:57:46.700,29.66166666666667,12.0336252,20,4,osrm
723,delivered,2025-07-03 16:30:51,2025-07-03 16:43:24.744349,2025-07-03 17:03:17.701452,2025-07-03 17:07:45.900,36.915,19.882618383333334,10,4,osrm
724,delivered,2025-07-03 16:30:50,2025-07-03 16:40:38.165695,2025-07-03 16:56:35.836493,2025-07-03 17:05:22.200,34.53666666666666,15.961179966666666,3,3,osrm
725,delivered,2025-07-03 16:30:10,2025-07-03 16:46:13.124434,2025-07-03 16:47:30.958552,2025-07-03 16:50:43.900,20.565,1.2972353,7,4,osrm
726,delivered,2025-07-03 16:31:41,2025-07-03 16:47:30.958552,2025-07-03 16:47:30.958552,2025-07-03 16:50:43.900,19.048333333333336,0.0,7,4,osrm
727,delivered,2025-07-03 16:31:52,2025-07-03 16:43:01.276391,2025-07-03 16:56:18.150176,2025-07-03 17:00:33.900,28.698333333333334,13.28122975,5,3,osrm
728,delivered,2025-07-03 16:31:55,2025-07-03 16:41:07.066215,2025-07-03 16:41:07.066215,2025-07-03 16:46:24.500,14.491666666666667,0.0,4,4,osrm
729,delivered,2025-07-03 16:32:49,2025-07-03 16:42:52.066309,2025-07-03 17:16:57.272482,2025-07-03 17:23:24.000,50.583333333333336,34.08676955,8,4,osrm
730,delivered,2025-07-03 16:32:39,2025-07-03 16:45:25.668712,2025-07-03 16:56:13.831627,2025-07-03 17:07:34.900,34.931666666666665,10.80271525,16,4,osrm
731,delivered,2025-07-03 16:32:45,2025-07-03 16:50:26.100300,2025-07-03 18:10:27.760292,2025-07-03 18:12:40.000,99.91666666666667,80.02766653333333,18,4,osrm
732,delivered,2025-07-03 16:32:42,2025-07-03 16:49:21.121886,2025-07-03 17:15:33.984541,2025-07-03 17:17:59.500,45.291666666666664,26.21437758333333,18,4,osrm
733,delivered,2025-07-03 16:34:05,2025-07-03 16:46:40.397047,2025-07-03 17:01:19.412145,2025-07-03 17:05:06.400,31.023333333333333,14.650251633333333,6,4,osrm
734,delivered,2025-07-03 16:34:52,2025-07-03 16:40:50.451991,2025-07-03 16:47:30.958552,2025-07-03 16:50:43.900,15.865,6.67510935,7,4,osrm
735,delivered,2025-07-03 16:34:33,2025-07-03 16:46:39.859921,2025-07-03 17:06:35.406172,2025-07-03 17:12:39.300,38.105000000000004,19.92577085,17,4,osrm
736,delivered,2025-07-03 16:35:31,2025-07-03 16:48:08.956154,2025-07-03 17:07:40.764010,2025-07-03 17:17:02.600,41.526666666666664,19.530130933333332,13,4,osrm
737,delivered,2025-07-03 16:35:08,2025-07-03 16:47:52.409870,2025-07-03 16:47:52.409870,2025-07-03 16:53:56.800,18.813333333333333,0.0,17,3,osrm
738,delivered,2025-07-03 16:35:57,2025-07-03 16:50:26.510593,2025-07-03 18:37:24.900000,2025-07-03 18:47:24.100,131.45166666666668,106.97315678333332,14,4,osrm
739,delivered,2025-07-03 16:36:45,2025-07-03 16:49:24.365917,2025-07-03 18:12:26.108069,2025-07-03 18:19:06.200,102.35333333333332,83.02903586666666,20,4,osrm
740,delivered,2025-07-03 16:36:04,2025-07-03 16:51:28.412759,2025-07-03 17:01:19.412145,2025-07-03 17:05:06.400,29.040000000000003,9.849989766666665,6,4,osrm
741,delivered,2025-07-03 16:36:21,2025-07-03 16:50:33.707886,2025-07-03 16:56:13.831627,2025-07-03 17:07:34.900,31.23166666666667,5.668729016666666,16,4,osrm
742,delivered,2025-07-03 16:37:03,2025-07-03 16:51:27.121252,2025-07-03 18:43:11.900000,2025-07-03 18:50:12.300,133.155,111.74631246666667,6,3,osrm
743,delivered,2025-07-03 16:37:56,2025-07-03 16:49:41.862660,2025-07-03 16:49:41.862660,2025-07-03 16:54:24.500,16.475,0.0,9,4,osrm
744,delivered,2025-07-03 16:38:46,2025-07-03 16:49:34.418044,2025-07-03 18:21:21.200000,2025-07-03 18:35:55.800,117.16333333333334,91.77969926666667,4,4,osrm
745,delivered,2025-07-03 16:38:44,2025-07-03 16:50:13.404617,2025-07-03 17:20:12.398923,2025-07-03 17:22:25.200,43.68666666666666,29.983238433333334,19,4,osrm
746,delivered,2025-07-03 16:38:06,2025-07-03 16:48:47.770756,2025-07-03 18:20:20.900000,2025-07-03 18:29:20.100,111.235,91.55215406666666,19,4,osrm
747,delivered,2025-07-03 16:39:23,2025-07-03 16:52:09.978796,2025-07-03 18:50:19.400000,2025-07-03 18:58:16.500,138.89166666666668,118.15702006666668,5,3,osrm
748,delivered,2025-07-03 16:39:03,2025-07-03 16:49:43.755594,2025-07-03 17:14:14.944838,2025-07-03 17:21:38.600,42.593333333333334,24.519820733333333,2,4,osrm
749,delivered,2025-07-03 16:40:44,2025-07-03 16:51:09.557377,2025-07-03 16:51:09.557377,2025-07-03 16:58:04.200,17.336666666666666,0.0,18,3,osrm
750,delivered,2025-07-03 16:41:42,2025-07-03 17:00:48.632065,2025-07-03 18:36:15.300000,2025-07-03 18:47:36.500,125.90833333333333,95.44446558333334,9,3,osrm
751,delivered,2025-07-03 16:41:05,2025-07-03 16:53:27.819137,2025-07-03 17:25:45.783644,2025-07-03 17:31:11.700,50.111666666666665,32.29940845,16,4,osrm
752,delivered,2025-07-03 16:42:16,2025-07-03 16:52:10.353942,2025-07-03 17:00:16.577237,2025-07-03 17:11:19.800,29.063333333333333,8.103721583333334,11,4,osrm
753,delivered,2025-07-03 16:42:26,2025-07-03 16:56:35.836493,2025-07-03 16:56:35.836493,2025-07-03 17:05:22.200,22.936666666666667,0.0,3,3,osrm
754,delivered,2025-07-03 16:42:04,2025-07-03 16:56:18.150176,2025-07-03 16:56:18.150176,2025-07-03 17:00:33.900,18.498333333333335,0.0,5,3,osrm
755,delivered,2025-07-03 16:43:41,2025-07-03 16:54:43.304556,2025-07-03 16:54:43.304556,2025-07-03 17:04:49.200,21.136666666666667,0.0,14,4,osrm
756,delivered,2025-07-03 16:43:13,2025-07-03 16:53:51.084725,2025-07-03 18:19:17.400000,2025-07-03 18:24:22.900,101.16499999999999,85.43858791666666,2,4,osrm
757,delivered,2025-07-03 16:43:34,2025-07-03 16:55:07.775128,2025-07-03 17:20:02.812058,2025-07-03 17:24:04.500,40.50833333333333,24.917282166666666,1,4,osrm
758,delivered,2025-07-03 16:43:32,2025-07-03 16:53:30.034072,2025-07-03 17:16:57.272482,2025-07-03 17:23:24.000,39.86666666666667,23.4539735,8,4,osrm
759,delivered,2025-07-03 16:44:20,2025-07-03 16:55:16.672549,2025-07-03 17:05:20.995765,2025-07-03 17:12:55.300,28.58833333333333,10.0720536,7,4,osrm
760,delivered,2025-07-03 16:44:04,2025-07-03 16:49:04.000000,2025-07-03 17:17:06.162323,2025-07-03 17:19:36.600,35.54333333333333,28.036038716666667,5,4,osrm
761,delivered,2025-07-03 16:44:58,2025-07-03 16:55:40.648625,2025-07-03 17:00:16.577237,2025-07-03 17:11:19.800,26.363333333333333,4.5988102,11,4,osrm
762,delivered,2025-07-03 16:44:19,2025-07-03 16:52:30.736211,2025-07-03 17:17:25.148100,2025-07-03 17:22:36.000,38.28333333333333,24.906864816666666,9,4,osrm
763,delivered,2025-07-03 16:44:36,2025-07-03 16:51:08.301179,2025-07-03 16:51:08.301179,2025-07-03 16:57:46.700,13.178333333333335,0.0,20,4,osrm
764,delivered,2025-07-03 16:44:12,2025-07-03 16:56:26.980286,2025-07-03 17:06:35.406172,2025-07-03 17:12:39.300,28.455,10.140431433333333,17,4,osrm
765,delivered,2025-07-03 16:45:48,2025-07-03 17:02:24.057624,2025-07-03 17:07:40.764010,2025-07-03 17:17:02.600,31.243333333333332,5.278439766666667,13,4,osrm
766,delivered,2025-07-03 16:45:41,2025-07-03 16:51:04.541156,2025-07-03 17:06:35.406172,2025-07-03 17:12:39.300,26.971666666666668,15.514416933333333,17,4,osrm
767,delivered,2025-07-03 16:45:19,2025-07-03 16:58:27.097343,2025-07-03 17:05:20.995765,2025-07-03 17:12:55.300,27.605,6.898307033333333,7,4,osrm
768,delivered,2025-07-03 16:45:35,2025-07-03 16:50:38.857240,2025-07-03 17:01:06.071253,2025-07-03 17:02:56.600,17.36,10.453566883333334,1,4,osrm
769,delivered,2025-07-03 16:45:10,2025-07-03 17:03:55.844237,2025-07-03 18:19:17.400000,2025-07-03 18:24:22.900,99.21499999999999,75.35926271666668,2,4,osrm
770,delivered,2025-07-03 16:46:13,2025-07-03 16:53:16.198167,2025-07-03 18:39:38.200000,2025-07-03 18:45:41.500,119.475,106.36669721666667,19,3,osrm
771,delivered,2025-07-03 16:46:29,2025-07-03 16:59:34.521153,2025-07-03 16:59:34.521153,2025-07-03 17:03:38.700,17.16166666666667,0.0,15,3,osrm
772,delivered,2025-07-03 16:46:43,2025-07-03 16:57:14.374743,2025-07-03 18:55:54.100000,2025-07-03 18:59:00.900,132.29833333333332,118.66208761666667,17,1,osrm
773,delivered,2025-07-03 16:46:56,2025-07-03 17:01:19.412145,2025-07-03 17:03:17.701452,2025-07-03 17:07:45.900,20.831666666666667,1.9714884499999998,10,4,osrm
774,delivered,2025-07-03 16:46:17,2025-07-03 17:01:13.155726,2025-07-03 17:01:13.155726,2025-07-03 17:03:34.000,17.283333333333335,0.0,8,4,osrm
775,delivered,2025-07-03 16:47:15,2025-07-03 17:01:06.071253,2025-07-03 17:01:06.071253,2025-07-03 17:02:56.600,15.693333333333333,0.0,1,4,osrm
776,delivered,2025-07-03 16:47:56,2025-07-03 16:56:13.831627,2025-07-03 16:56:13.831627,2025-07-03 17:07:34.900,19.648333333333333,0.0,16,4,osrm
777,delivered,2025-07-03 16:47:52,2025-07-03 17:03:18.826674,2025-07-03 17:14:14.944838,2025-07-03 17:21:38.600,33.776666666666664,10.935302733333334,2,4,osrm
778,delivered,2025-07-03 16:47:31,2025-07-03 16:59:07.867377,2025-07-03 17:20:02.812058,2025-07-03 17:24:04.500,36.55833333333333,20.915744683333333,1,4,osrm
779,delivered,2025-07-03 16:48:36,2025-07-03 17:00:12.216668,2025-07-03 18:16:17.800000,2025-07-03 18:25:17.400,96.69,76.09305553333334,8,4,osrm
780,delivered,2025-07-03 16:48:37,2025-07-03 17:00:16.577237,2025-07-03 17:00:16.577237,2025-07-03 17:11:19.800,22.71333333333333,0.0,11,4,osrm
781,delivered,2025-07-03 16:49:34,2025-07-03 17:03:17.701452,2025-07-03 17:03:17.701452,2025-07-03 17:07:45.900,18.198333333333334,0.0,10,4,osrm
782,delivered,2025-07-03 16:50:59,2025-07-03 17:02:40.807943,2025-07-03 18:37:24.900000,2025-07-03 18:47:24.100,116.41833333333334,94.73486761666666,14,4,osrm
783,delivered,2025-07-03 16:50:00,2025-07-03 17:05:38.199988,2025-07-03 17:35:22.193588,2025-07-03 17:38:49.300,48.82166666666667,29.733226666666667,13,4,osrm
784,delivered,2025-07-03 16:51:42,2025-07-03 17:04:18.488364,2025-07-03 17:26:57.095170,2025-07-03 17:31:31.600,39.82666666666667,22.643446766666667,6,3,osrm
785,delivered,2025-07-03 16:52:39,2025-07-03 17:06:11.875914,2025-07-03 17:31:04.839462,2025-07-03 17:31:37.700,38.97833333333333,24.8827258,17,4,osrm
786,delivered,2025-07-03 16:53:54,2025-07-03 17:04:43.158834,2025-07-03 17:37:17.693810,2025-07-03 17:43:36.600,49.71,32.57558293333333,2,4,osrm
787,delivered,2025-07-03 16:53:53,2025-07-03 17:05:01.698641,2025-07-03 17:05:01.698641,2025-07-03 17:15:23.400,21.506666666666668,0.0,12,4,osrm
788,delivered,2025-07-03 16:53:50,2025-07-03 17:00:38.244831,2025-07-03 17:17:25.148100,2025-07-03 17:22:36.000,28.766666666666666,16.78172115,9,4,osrm
789,delivered,2025-07-03 16:54:37,2025-07-03 17:05:20.995765,2025-07-03 17:05:20.995765,2025-07-03 17:12:55.300,18.305,0.0,7,4,osrm
790,delivered,2025-07-03 16:54:49,2025-07-03 17:06:35.406172,2025-07-03 17:06:35.406172,2025-07-03 17:12:39.300,17.83833333333333,0.0,17,4,osrm
791,delivered,2025-07-03 16:55:41,2025-07-03 17:04:09.272845,2025-07-03 17:24:53.900000,2025-07-03 17:32:19.900,36.64833333333333,20.743785916666663,4,4,osrm
792,delivered,2025-07-03 16:55:11,2025-07-03 17:10:32.056177,2025-07-03 17:25:39.800000,2025-07-03 17:30:21.000,35.166666666666664,15.129063716666668,3,4,osrm
793,delivered,2025-07-03 16:55:04,2025-07-03 17:07:40.764010,2025-07-03 17:07:40.764010,2025-07-03 17:17:02.600,21.976666666666667,0.0,13,4,osrm
794,delivered,2025-07-03 16:55:39,2025-07-03 17:14:14.944838,2025-07-03 17:14:14.944838,2025-07-03 17:21:38.600,25.993333333333332,0.0,2,4,osrm
795,delivered,2025-07-03 16:56:22,2025-07-03 17:10:51.625965,2025-07-03 17:30:53.061888,2025-07-03 17:34:38.700,38.27833333333333,20.02393205,15,4,osrm
796,delivered,2025-07-03 16:56:59,2025-07-03 17:04:02.901730,2025-07-03 17:14:14.944838,2025-07-03 17:21:38.600,24.66,10.200718466666666,2,4,osrm
797,delivered,2025-07-03 16:57:38,2025-07-03 17:11:20.920990,2025-07-03 17:48:09.979316,2025-07-03 17:55:12.700,57.57833333333333,36.81763876666666,15,4,osrm
798,delivered,2025-07-03 16:58:29,2025-07-03 17:10:14.930177,2025-07-03 17:39:17.756214,2025-07-03 17:42:22.200,43.88666666666666,29.04710061666667,19,4,osrm
799,delivered,2025-07-03 16:58:21,2025-07-03 17:15:43.730158,2025-07-03 17:45:24.004462,2025-07-03 17:51:33.600,53.21,29.6712384,3,4,osrm
800,delivered,2025-07-03 16:59:40,2025-07-03 17:15:16.033056,2025-07-03 17:51:23.218204,2025-07-03 17:58:14.300,58.57166666666667,36.11975246666667,18,3,osrm
801,delivered,2025-07-03 16:59:53,2025-07-03 17:16:51.002816,2025-07-03 17:26:57.095170,2025-07-03 17:31:31.600,31.64333333333333,10.101539233333334,6,3,osrm
802,delivered,2025-07-03 16:59:31,2025-07-03 17:11:32.864605,2025-07-03 18:36:15.300000,2025-07-03 18:47:36.500,108.09166666666667,84.70725658333335,9,3,osrm
803,delivered,2025-07-03 17:00:41,2025-07-03 17:12:08.807376,2025-07-03 18:12:26.108069,2025-07-03 18:19:06.200,78.42,60.28834488333334,20,4,osrm
804,delivered,2025-07-03 17:00:10,2025-07-03 17:15:11.659903,2025-07-03 17:29:13.947034,2025-07-03 17:36:32.800,36.38,14.03811885,10,4,osrm
805,delivered,2025-07-03 17:01:29,2025-07-03 17:12:38.441268,2025-07-03 17:24:53.900000,2025-07-03 17:32:19.900,30.848333333333336,12.257645533333335,4,4,osrm
806,delivered,2025-07-03 17:02:53,2025-07-03 17:16:53.393372,2025-07-03 17:45:50.041343,2025-07-03 17:51:09.800,48.28,28.944132850000003,5,4,osrm
807,delivered,2025-07-03 17:02:08,2025-07-03 17:14:47.937413,2025-07-03 17:30:53.061888,2025-07-03 17:34:38.700,32.51166666666667,16.085407916666664,15,4,osrm
808,delivered,2025-07-03 17:02:54,2025-07-03 17:12:27.332119,2025-07-03 17:17:06.162323,2025-07-03 17:19:36.600,16.71,4.647170066666666,5,4,osrm
809,delivered,2025-07-03 17:03:32,2025-07-03 17:11:13.452638,2025-07-03 17:34:24.560701,2025-07-03 17:37:20.600,33.809999999999995,23.18513438333333,20,4,osrm
810,delivered,2025-07-03 17:03:50,2025-07-03 17:17:49.963579,2025-07-03 17:50:34.861140,2025-07-03 17:55:26.400,51.60666666666667,32.74829268333333,6,4,osrm
811,delivered,2025-07-03 17:03:59,2025-07-03 17:17:06.162323,2025-07-03 17:17:06.162323,2025-07-03 17:19:36.600,15.626666666666667,0.0,5,4,osrm
812,delivered,2025-07-03 17:04:58,2025-07-03 17:17:46.368767,2025-07-03 17:24:53.900000,2025-07-03 17:32:19.900,27.365000000000002,7.12552055,4,4,osrm
813,delivered,2025-07-03 17:04:49,2025-07-03 17:19:17.582659,2025-07-03 17:51:35.988578,2025-07-03 17:59:30.400,54.690000000000005,32.30676531666667,11,4,osrm
814,delivered,2025-07-03 17:04:32,2025-07-03 17:15:33.984541,2025-07-03 17:15:33.984541,2025-07-03 17:17:59.500,13.458333333333334,0.0,18,4,osrm
815,delivered,2025-07-03 17:04:52,2025-07-03 17:19:41.077304,2025-07-03 17:48:09.979316,2025-07-03 17:55:12.700,50.345,28.4817002,15,4,osrm
816,delivered,2025-07-03 17:04:02,2025-07-03 17:13:30.168632,2025-07-03 17:48:01.191926,2025-07-03 17:55:06.200,51.07,34.5170549,4,4,osrm
817,delivered,2025-07-03 17:04:26,2025-07-03 17:17:41.787005,2025-07-03 17:34:24.560701,2025-07-03 17:37:20.600,32.91,16.712894933333335,20,4,osrm
818,delivered,2025-07-03 17:05:32,2025-07-03 17:10:48.736158,2025-07-03 17:16:57.272482,2025-07-03 17:23:24.000,17.866666666666667,6.142272066666666,8,4,osrm
819,delivered,2025-07-03 17:05:24,2025-07-03 17:14:27.318356,2025-07-03 18:21:21.200000,2025-07-03 18:35:55.800,90.53,66.8980274,4,4,osrm
820,delivered,2025-07-03 17:05:45,2025-07-03 17:16:25.662883,2025-07-03 17:25:39.800000,2025-07-03 17:30:21.000,24.6,9.235618616666667,3,4,osrm
821,delivered,2025-07-03 17:05:49,2025-07-03 17:19:09.546277,2025-07-03 17:39:17.756214,2025-07-03 17:42:22.200,36.55333333333333,20.136832283333334,19,4,osrm
822,delivered,2025-07-03 17:05:44,2025-07-03 17:20:12.398923,2025-07-03 17:20:12.398923,2025-07-03 17:22:25.200,16.686666666666667,0.0,19,4,osrm
823,delivered,2025-07-03 17:06:24,2025-07-03 17:17:25.148100,2025-07-03 17:20:12.398923,2025-07-03 17:22:25.200,16.02,2.7875137166666666,19,4,osrm
824,delivered,2025-07-03 17:06:11,2025-07-03 17:20:44.472887,2025-07-03 17:56:04.200000,2025-07-03 18:06:33.100,60.36833333333333,35.32878521666667,2,4,osrm
825,delivered,2025-07-03 17:06:15,2025-07-03 17:19:58.737709,2025-07-03 17:25:45.783644,2025-07-03 17:31:11.700,24.945,5.784098916666666,16,4,osrm
826,delivered,2025-07-03 17:07:24,2025-07-03 17:17:06.252888,2025-07-03 17:25:39.800000,2025-07-03 17:30:21.000,22.95,8.559118533333333,3,4,osrm
827,delivered,2025-07-03 17:07:07,2025-07-03 17:18:02.639680,2025-07-03 17:20:02.812058,2025-07-03 17:24:04.500,16.958333333333332,2.0028729666666667,1,4,osrm
828,delivered,2025-07-03 17:07:42,2025-07-03 17:19:27.420148,2025-07-03 17:45:24.004462,2025-07-03 17:51:33.600,43.86,25.9430719,3,4,osrm
829,delivered,2025-07-03 17:08:06,2025-07-03 17:16:57.272482,2025-07-03 17:16:57.272482,2025-07-03 17:23:24.000,15.3,0.0,8,4,osrm
830,delivered,2025-07-03 17:08:56,2025-07-03 17:20:02.812058,2025-07-03 17:20:02.812058,2025-07-03 17:24:04.500,15.141666666666667,0.0,1,4,osrm
831,delivered,2025-07-03 17:08:26,2025-07-03 17:22:00.223623,2025-07-03 17:56:04.200000,2025-07-03 18:06:33.100,58.11833333333333,34.06627295,2,4,osrm
832,delivered,2025-07-03 17:09:56,2025-07-03 17:23:24.883891,2025-07-03 17:25:45.783644,2025-07-03 17:31:11.700,21.261666666666667,2.348329216666667,16,4,osrm
833,delivered,2025-07-03 17:09:31,2025-07-03 17:23:05.239876,2025-07-03 17:36:40.273095,2025-07-03 17:42:14.100,32.718333333333334,13.583886983333334,14,4,osrm
834,delivered,2025-07-03 17:09:41,2025-07-03 17:17:31.094352,2025-07-03 17:40:15.615877,2025-07-03 17:41:51.200,32.17,22.742025416666667,9,4,osrm
835,delivered,2025-07-03 17:09:18,2025-07-03 17:17:41.530926,2025-07-03 17:38:41.906337,2025-07-03 17:46:19.700,37.02833333333333,21.00625685,12,4,osrm
836,delivered,2025-07-03 17:10:54,2025-07-03 17:26:55.156837,2025-07-03 17:54:27.100000,2025-07-03 18:02:53.200,51.986666666666665,27.53238605,8,4,osrm
837,delivered,2025-07-03 17:10:16,2025-07-03 17:27:18.919097,2025-07-03 17:40:15.615877,2025-07-03 17:41:51.200,31.586666666666666,12.944946333333332,9,4,osrm
838,delivered,2025-07-03 17:10:11,2025-07-03 17:22:15.075667,2025-07-03 17:49:26.007189,2025-07-03 17:53:24.300,43.22166666666667,27.182192033333333,17,4,osrm
839,delivered,2025-07-03 17:10:52,2025-07-03 17:17:06.757304,2025-07-03 18:43:11.900000,2025-07-03 18:50:12.300,99.33833333333334,86.0857116,6,3,osrm
840,delivered,2025-07-03 17:11:20,2025-07-03 17:24:00.519233,2025-07-03 17:29:13.947034,2025-07-03 17:36:32.800,25.21333333333333,5.223796683333333,10,4,osrm
841,delivered,2025-07-03 17:11:47,2025-07-03 17:22:00.956150,2025-07-03 17:51:23.218204,2025-07-03 17:58:14.300,46.455000000000005,29.371034233333333,18,3,osrm
842,delivered,2025-07-03 17:11:40,2025-07-03 17:23:56.144015,2025-07-03 17:45:50.041343,2025-07-03 17:51:09.800,39.49666666666667,21.8982888,5,4,osrm
843,delivered,2025-07-03 17:11:59,2025-07-03 17:29:13.947034,2025-07-03 17:29:13.947034,2025-07-03 17:36:32.800,24.563333333333333,0.0,10,4,osrm
844,delivered,2025-07-03 17:11:37,2025-07-03 17:24:09.562739,2025-07-03 17:35:22.193588,2025-07-03 17:38:49.300,27.205,11.21051415,13,4,osrm
845,delivered,2025-07-03 17:12:12,2025-07-03 17:23:21.346345,2025-07-03 17:54:27.100000,2025-07-03 18:02:53.200,50.68666666666666,31.09589425,8,4,osrm
846,delivered,2025-07-03 17:12:00,2025-07-03 17:19:31.682066,2025-07-03 17:31:04.839462,2025-07-03 17:31:37.700,19.628333333333334,11.552623266666666,17,4,osrm
847,delivered,2025-07-03 17:12:25,2025-07-03 17:20:13.911426,2025-07-03 18:19:17.400000,2025-07-03 18:24:22.900,71.96499999999999,59.0581429,2,4,osrm
848,delivered,2025-07-03 17:12:50,2025-07-03 17:29:08.390286,2025-07-03 17:51:35.988578,2025-07-03 17:59:30.400,46.67333333333333,22.45997153333333,11,4,osrm
849,delivered,2025-07-03 17:12:16,2025-07-03 17:28:36.717681,2025-07-03 17:38:41.906337,2025-07-03 17:46:19.700,34.06166666666667,10.0864776,12,4,osrm
850,delivered,2025-07-03 17:13:57,2025-07-03 17:29:07.896078,2025-07-03 17:31:04.839462,2025-07-03 17:31:37.700,17.678333333333335,1.9490564,17,4,osrm
851,delivered,2025-07-03 17:14:18,2025-07-03 17:30:09.153326,2025-07-03 17:52:54.571651,2025-07-03 17:55:48.100,41.501666666666665,22.756972083333334,16,4,osrm
852,delivered,2025-07-03 17:14:48,2025-07-03 17:21:39.417479,2025-07-03 17:49:45.012014,2025-07-03 17:58:28.600,43.67666666666666,28.09324225,13,3,osrm
853,delivered,2025-07-03 17:14:47,2025-07-03 17:24:40.902617,2025-07-03 17:24:53.900000,2025-07-03 17:32:19.900,17.548333333333336,0.21662304999999998,4,4,osrm
854,delivered,2025-07-03 17:14:42,2025-07-03 17:25:33.796649,2025-07-03 17:25:39.800000,2025-07-03 17:30:21.000,15.65,0.10005585,3,4,osrm
855,delivered,2025-07-03 17:14:00,2025-07-03 17:31:38.253987,2025-07-03 17:52:54.571651,2025-07-03 17:55:48.100,41.80166666666666,21.271961066666666,16,4,osrm
856,delivered,2025-07-03 17:15:19,2025-07-03 17:29:04.422785,2025-07-03 17:54:01.700000,2025-07-03 18:03:22.500,48.05833333333333,24.95462025,14,3,osrm
857,delivered,2025-07-03 17:15:11,2025-07-03 17:25:35.977227,2025-07-03 17:47:06.248426,2025-07-03 17:47:20.300,32.155,21.504519983333335,7,4,osrm
858,delivered,2025-07-03 17:15:15,2025-07-03 17:29:27.958756,2025-07-03 17:48:01.191926,2025-07-03 17:55:06.200,39.85333333333333,18.553886166666665,4,4,osrm
859,delivered,2025-07-03 17:15:13,2025-07-03 17:33:51.533756,2025-07-03 18:39:38.200000,2025-07-03 18:45:41.500,90.475,65.77777073333333,19,3,osrm
860,delivered,2025-07-03 17:15:18,2025-07-03 17:22:49.260729,2025-07-03 17:54:01.700000,2025-07-03 18:03:22.500,48.075,31.20732118333333,14,3,osrm
861,delivered,2025-07-03 17:15:10,2025-07-03 17:25:45.783644,2025-07-03 17:25:45.783644,2025-07-03 17:31:11.700,16.028333333333332,0.0,16,4,osrm
862,delivered,2025-07-03 17:15:40,2025-07-03 17:33:31.998270,2025-07-03 17:48:01.191926,2025-07-03 17:55:06.200,39.43666666666666,14.486560933333333,4,4,osrm
863,delivered,2025-07-03 17:16:12,2025-07-03 17:25:25.343689,2025-07-03 17:30:53.061888,2025-07-03 17:34:38.700,18.445,5.461969983333334,15,4,osrm
864,delivered,2025-07-03 17:17:00,2025-07-03 17:29:28.532092,2025-07-03 17:58:31.110946,2025-07-03 18:00:25.300,43.42166666666667,29.0429809,10,4,osrm
865,delivered,2025-07-03 17:17:26,2025-07-03 17:30:53.061888,2025-07-03 17:30:53.061888,2025-07-03 17:34:38.700,17.211666666666666,0.0,15,4,osrm
866,delivered,2025-07-03 17:17:46,2025-07-03 17:26:35.779764,2025-07-03 17:29:13.947034,2025-07-03 17:36:32.800,18.779999999999998,2.636121166666667,10,4,osrm
867,delivered,2025-07-03 17:17:15,2025-07-03 17:26:57.095170,2025-07-03 17:26:57.095170,2025-07-03 17:31:31.600,14.276666666666667,0.0,6,3,osrm
868,delivered,2025-07-03 17:19:59,2025-07-03 17:31:04.839462,2025-07-03 17:31:04.839462,2025-07-03 17:31:37.700,11.645000000000001,0.0,17,4,osrm
869,delivered,2025-07-03 17:19:54,2025-07-03 17:30:48.882621,2025-07-03 17:54:27.100000,2025-07-03 18:02:53.200,42.986666666666665,23.636956316666666,8,4,osrm
870,delivered,2025-07-03 17:19:25,2025-07-03 17:30:33.441409,2025-07-03 17:47:06.248426,2025-07-03 17:47:20.300,27.921666666666667,16.546783616666666,7,4,osrm
871,delivered,2025-07-03 17:19:43,2025-07-03 17:34:20.975518,2025-07-03 17:56:04.200000,2025-07-03 18:06:33.100,46.835,21.720408033333335,2,4,osrm
872,delivered,2025-07-03 17:19:58,2025-07-03 17:35:22.193588,2025-07-03 17:35:22.193588,2025-07-03 17:38:49.300,18.855,0.0,13,4,osrm
873,delivered,2025-07-03 17:19:53,2025-07-03 17:31:29.306932,2025-07-03 17:49:26.007189,2025-07-03 17:53:24.300,33.52166666666667,17.945004283333333,17,4,osrm
874,delivered,2025-07-03 17:20:52,2025-07-03 17:32:13.714332,2025-07-03 17:35:22.193588,2025-07-03 17:38:49.300,17.955,3.141320933333333,13,4,osrm
875,delivered,2025-07-03 17:20:57,2025-07-03 17:33:22.336399,2025-07-03 17:40:15.615877,2025-07-03 17:41:51.200,20.903333333333332,6.8879912999999995,9,4,osrm
876,delivered,2025-07-03 17:20:21,2025-07-03 17:31:16.786752,2025-07-03 17:45:50.041343,2025-07-03 17:51:09.800,30.813333333333333,14.554243183333334,5,4,osrm
877,delivered,2025-07-03 17:22:36,2025-07-03 17:33:43.066515,2025-07-03 17:54:27.100000,2025-07-03 18:02:53.200,40.28666666666666,20.733891416666665,8,4,osrm
878,delivered,2025-07-03 17:22:25,2025-07-03 17:38:38.633610,2025-07-03 18:20:20.900000,2025-07-03 18:29:20.100,66.91833333333334,41.70443983333333,19,4,osrm
879,delivered,2025-07-03 17:22:02,2025-07-03 17:37:37.460873,2025-07-03 17:47:06.248426,2025-07-03 17:47:20.300,25.305,9.47979255,7,4,osrm
880,delivered,2025-07-03 17:22:34,2025-07-03 17:34:24.560701,2025-07-03 17:34:24.560701,2025-07-03 17:37:20.600,14.776666666666667,0.0,20,4,osrm
881,delivered,2025-07-03 17:22:21,2025-07-03 17:32:53.539435,2025-07-03 17:37:17.693810,2025-07-03 17:43:36.600,21.259999999999998,4.402572916666667,2,4,osrm
882,delivered,2025-07-03 17:22:09,2025-07-03 17:38:23.668866,2025-07-03 17:48:09.979316,2025-07-03 17:55:12.700,33.06166666666667,9.771840833333332,15,4,osrm
883,delivered,2025-07-03 17:23:25,2025-07-03 17:32:07.629891,2025-07-03 17:37:17.693810,2025-07-03 17:43:36.600,20.19333333333333,5.167731983333334,2,4,osrm
884,delivered,2025-07-03 17:23:14,2025-07-03 17:33:15.877215,2025-07-03 18:20:20.900000,2025-07-03 18:29:20.100,66.10166666666666,47.083713083333336,19,4,osrm
885,delivered,2025-07-03 17:23:40,2025-07-03 17:36:40.273095,2025-07-03 17:36:40.273095,2025-07-03 17:42:14.100,18.56833333333333,0.0,14,4,osrm
886,delivered,2025-07-03 17:24:55,2025-07-03 17:36:17.208130,2025-07-03 18:04:50.300000,2025-07-03 18:07:36.900,42.69833333333334,28.551531166666667,4,1,osrm
887,delivered,2025-07-03 17:25:24,2025-07-03 17:37:06.276873,2025-07-03 18:16:17.800000,2025-07-03 18:25:17.400,59.89,39.192052116666666,8,4,osrm
888,delivered,2025-07-03 17:25:16,2025-07-03 17:41:30.403768,2025-07-03 17:56:04.200000,2025-07-03 18:06:33.100,41.285,14.563270533333334,2,4,osrm
889,delivered,2025-07-03 17:25:51,2025-07-03 17:39:16.008530,2025-07-03 17:59:22.400000,2025-07-03 18:08:13.500,42.375,20.1065245,19,4,osrm
890,delivered,2025-07-03 17:25:36,2025-07-03 17:30:36.000000,2025-07-03 18:20:20.900000,2025-07-03 18:29:20.100,63.735,49.748333333333335,19,4,osrm
891,delivered,2025-07-03 17:26:37,2025-07-03 17:36:31.867865,2025-07-03 18:37:24.900000,2025-07-03 18:47:24.100,80.78500000000001,60.883868916666664,14,4,osrm
892,delivered,2025-07-03 17:26:20,2025-07-03 17:40:15.615877,2025-07-03 17:40:15.615877,2025-07-03 17:41:51.200,15.520000000000001,0.0,9,4,osrm
893,delivered,2025-07-03 17:26:06,2025-07-03 17:36:47.028166,2025-07-03 17:51:35.988578,2025-07-03 17:59:30.400,33.406666666666666,14.816006866666667,11,4,osrm
894,delivered,2025-07-03 17:27:06,2025-07-03 17:38:41.906337,2025-07-03 17:38:41.906337,2025-07-03 17:46:19.700,19.228333333333335,0.0,12,4,osrm
895,delivered,2025-07-03 17:27:04,2025-07-03 17:37:17.693810,2025-07-03 17:37:17.693810,2025-07-03 17:43:36.600,16.543333333333333,0.0,2,4,osrm
896,delivered,2025-07-03 17:27:37,2025-07-03 17:40:41.027331,2025-07-03 17:58:31.110946,2025-07-03 18:00:25.300,32.805,17.834726916666668,10,4,osrm
897,delivered,2025-07-03 17:27:04,2025-07-03 17:43:58.497515,2025-07-03 18:03:11.913982,2025-07-03 18:14:26.700,47.37833333333333,19.223607783333332,7,4,osrm
898,delivered,2025-07-03 17:27:54,2025-07-03 17:41:07.955942,2025-07-03 17:45:24.004462,2025-07-03 17:51:33.600,23.66,4.2674753333333335,3,4,osrm
899,delivered,2025-07-03 17:29:03,2025-07-03 17:40:40.366054,2025-07-03 18:03:11.913982,2025-07-03 18:14:26.700,45.394999999999996,22.5257988,7,4,osrm
900,delivered,2025-07-03 17:29:55,2025-07-03 17:34:55.000000,2025-07-03 17:38:41.906337,2025-07-03 17:46:19.700,16.41166666666667,3.7817722833333334,12,4,osrm
901,delivered,2025-07-03 17:29:56,2025-07-03 17:43:37.518353,2025-07-03 18:43:11.900000,2025-07-03 18:50:12.300,80.27166666666668,59.573027450000005,6,3,osrm
902,delivered,2025-07-03 17:30:34,2025-07-03 17:39:17.756214,2025-07-03 17:39:17.756214,2025-07-03 17:42:22.200,11.803333333333335,0.0,19,4,osrm
903,delivered,2025-07-03 17:30:00,2025-07-03 17:39:43.936655,2025-07-03 17:49:26.007189,2025-07-03 17:53:24.300,23.404999999999998,9.701175566666667,17,4,osrm
904,delivered,2025-07-03 17:31:57,2025-07-03 17:46:17.290674,2025-07-03 18:04:26.000000,2025-07-03 18:10:59.200,39.03666666666666,18.145155433333333,5,3,osrm
905,delivered,2025-07-03 17:31:59,2025-07-03 17:45:23.547174,2025-07-03 18:11:17.342494,2025-07-03 18:19:23.700,47.41166666666666,25.896588666666666,16,4,osrm
906,delivered,2025-07-03 17:31:41,2025-07-03 17:42:17.930751,2025-07-03 18:04:26.000000,2025-07-03 18:10:59.200,39.30333333333333,22.13448748333333,5,3,osrm
907,delivered,2025-07-03 17:31:26,2025-07-03 17:43:10.402179,2025-07-03 17:54:01.700000,2025-07-03 18:03:22.500,31.941666666666666,10.854963683333333,14,3,osrm
908,delivered,2025-07-03 17:31:21,2025-07-03 17:49:45.012014,2025-07-03 17:49:45.012014,2025-07-03 17:58:28.600,27.126666666666665,0.0,13,3,osrm
909,delivered,2025-07-03 17:31:09,2025-07-03 17:36:09.000000,2025-07-03 18:05:27.300000,2025-07-03 18:15:26.900,44.29833333333333,29.305,17,3,osrm
910,delivered,2025-07-03 17:31:51,2025-07-03 17:41:31.539267,2025-07-03 17:49:45.012014,2025-07-03 17:58:28.600,26.626666666666665,8.224545783333333,13,3,osrm
911,delivered,2025-07-03 17:31:17,2025-07-03 17:43:12.344044,2025-07-03 18:04:26.000000,2025-07-03 18:10:59.200,39.70333333333333,21.22759926666667,5,3,osrm
912,delivered,2025-07-03 17:31:07,2025-07-03 17:38:26.893492,2025-07-03 18:50:19.400000,2025-07-03 18:58:16.500,87.15833333333333,71.87510846666667,5,3,osrm
913,delivered,2025-07-03 17:32:09,2025-07-03 17:46:40.017656,2025-07-03 18:05:27.300000,2025-07-03 18:15:26.900,43.29833333333333,18.788039066666666,17,3,osrm
914,delivered,2025-07-03 17:32:21,2025-07-03 17:46:42.642645,2025-07-03 18:35:19.400000,2025-07-03 18:46:27.300,74.105,48.612622583333334,1,3,osrm
915,delivered,2025-07-03 17:32:15,2025-07-03 17:47:06.248426,2025-07-03 17:47:06.248426,2025-07-03 17:47:20.300,15.088333333333333,0.0,7,4,osrm
916,delivered,2025-07-03 17:32:53,2025-07-03 17:45:50.041343,2025-07-03 17:45:50.041343,2025-07-03 17:51:09.800,18.279999999999998,0.0,5,4,osrm
917,delivered,2025-07-03 17:32:53,2025-07-03 17:44:48.147249,2025-07-03 18:06:46.044621,2025-07-03 18:12:44.600,39.86,21.9649562,12,4,osrm
918,delivered,2025-07-03 17:33:15,2025-07-03 17:44:52.511480,2025-07-03 18:50:19.400000,2025-07-03 18:58:16.500,85.025,65.448142,5,3,osrm
919,delivered,2025-07-03 17:33:52,2025-07-03 17:45:24.004462,2025-07-03 17:45:24.004462,2025-07-03 17:51:33.600,17.69333333333333,0.0,3,4,osrm
920,delivered,2025-07-03 17:33:11,2025-07-03 17:51:23.218204,2025-07-03 17:51:23.218204,2025-07-03 17:58:14.300,25.055,0.0,18,3,osrm
921,delivered,2025-07-03 17:34:52,2025-07-03 17:52:27.385106,2025-07-03 18:07:11.600000,2025-07-03 18:08:57.000,34.083333333333336,14.736914899999999,6,1,osrm
922,delivered,2025-07-03 17:34:50,2025-07-03 17:47:02.021875,2025-07-03 17:59:22.400000,2025-07-03 18:08:13.500,33.391666666666666,12.339635416666665,19,4,osrm
923,delivered,2025-07-03 17:34:17,2025-07-03 17:48:09.979316,2025-07-03 17:48:09.979316,2025-07-03 17:55:12.700,20.928333333333335,0.0,15,4,osrm
924,delivered,2025-07-03 17:34:19,2025-07-03 17:45:43.236362,2025-07-03 17:59:22.400000,2025-07-03 18:08:13.500,33.90833333333333,13.6527273,19,4,osrm
925,delivered,2025-07-03 17:35:01,2025-07-03 17:49:26.007189,2025-07-03 17:49:26.007189,2025-07-03 17:53:24.300,18.388333333333332,0.0,17,4,osrm
926,delivered,2025-07-03 17:36:55,2025-07-03 17:51:35.988578,2025-07-03 17:51:35.988578,2025-07-03 17:59:30.400,22.59,0.0,11,4,osrm
927,delivered,2025-07-03 17:36:25,2025-07-03 17:51:43.617125,2025-07-03 18:11:13.927528,2025-07-03 18:22:52.500,46.458333333333336,19.505173383333332,11,4,osrm
928,delivered,2025-07-03 17:36:44,2025-07-03 17:49:45.079144,2025-07-03 18:19:41.500000,2025-07-03 18:27:52.200,51.13666666666666,29.9403476,13,4,osrm
929,delivered,2025-07-03 17:37:29,2025-07-03 17:52:54.571651,2025-07-03 17:52:54.571651,2025-07-03 17:55:48.100,18.31833333333333,0.0,16,4,osrm
930,delivered,2025-07-03 17:38:49,2025-07-03 17:52:29.401362,2025-07-03 17:58:31.110946,2025-07-03 18:00:25.300,21.605,6.028493066666667,10,4,osrm
931,delivered,2025-07-03 17:38:31,2025-07-03 17:50:34.861140,2025-07-03 17:50:34.861140,2025-07-03 17:55:26.400,16.923333333333332,0.0,6,4,osrm
932,delivered,2025-07-03 17:39:20,2025-07-03 17:52:51.522697,2025-07-03 17:59:22.400000,2025-07-03 18:08:13.500,28.891666666666666,6.5146217166666665,19,4,osrm
933,delivered,2025-07-03 17:39:25,2025-07-03 17:57:56.863231,2025-07-03 18:05:27.300000,2025-07-03 18:15:26.900,36.031666666666666,7.507279483333334,17,3,osrm
934,delivered,2025-07-03 17:39:09,2025-07-03 17:48:01.191926,2025-07-03 17:48:01.191926,2025-07-03 17:55:06.200,15.953333333333335,0.0,4,4,osrm
935,delivered,2025-07-03 17:40:15,2025-07-03 17:51:33.789788,2025-07-03 18:11:17.342494,2025-07-03 18:19:23.700,39.144999999999996,19.72587843333333,16,4,osrm
936,delivered,2025-07-03 17:41:28,2025-07-03 17:53:43.140773,2025-07-03 18:03:11.913982,2025-07-03 18:14:26.700,32.97833333333333,9.479553483333332,7,4,osrm
937,delivered,2025-07-03 17:41:02,2025-07-03 17:55:15.340063,2025-07-03 18:12:24.300000,2025-07-03 18:19:55.000,38.88333333333333,17.149332283333333,10,4,osrm
938,delivered,2025-07-03 17:43:53,2025-07-03 17:58:31.110946,2025-07-03 17:58:31.110946,2025-07-03 18:00:25.300,16.538333333333334,0.0,10,4,osrm
939,delivered,2025-07-03 17:43:03,2025-07-03 17:55:14.603973,2025-07-03 18:16:17.800000,2025-07-03 18:25:17.400,42.24,21.053267116666667,8,4,osrm
940,delivered,2025-07-03 17:44:30,2025-07-03 17:56:11.317669,2025-07-03 18:10:27.760292,2025-07-03 18:12:40.000,28.166666666666668,14.274043716666666,18,4,osrm
941,delivered,2025-07-03 17:45:59,2025-07-03 17:55:20.679219,2025-07-03 18:06:46.044621,2025-07-03 18:12:44.600,26.759999999999998,11.4227567,12,4,osrm
942,delivered,2025-07-03 17:46:16,2025-07-03 17:52:25.485382,2025-07-03 18:16:31.400000,2025-07-03 18:18:25.600,32.16,24.098576966666666,15,1,osrm
943,delivered,2025-07-03 17:47:24,2025-07-03 17:55:58.587262,2025-07-03 18:20:12.890645,2025-07-03 18:20:54.100,33.501666666666665,24.238389716666667,14,4,osrm
944,delivered,2025-07-03 17:47:42,2025-07-03 17:56:54.786543,2025-07-03 18:11:13.927528,2025-07-03 18:22:52.500,35.175,14.319016416666667,11,4,osrm
945,delivered,2025-07-03 17:47:19,2025-07-03 17:58:38.358012,2025-07-03 18:12:26.108069,2025-07-03 18:19:06.200,31.78666666666667,13.795834283333333,20,4,osrm
946,delivered,2025-07-03 17:48:40,2025-07-03 18:04:55.048332,2025-07-03 18:16:17.800000,2025-07-03 18:25:17.400,36.623333333333335,11.379194466666666,8,4,osrm
947,delivered,2025-07-03 17:50:22,2025-07-03 18:05:01.252723,2025-07-03 18:21:21.200000,2025-07-03 18:35:55.800,45.56333333333334,16.332454616666666,4,4,osrm
948,delivered,2025-07-03 17:51:46,2025-07-03 17:59:39.013295,2025-07-03 18:20:12.890645,2025-07-03 18:20:54.100,29.134999999999998,20.5646225,14,4,osrm
949,delivered,2025-07-03 17:51:17,2025-07-03 18:06:28.057043,2025-07-03 18:12:24.300000,2025-07-03 18:19:55.000,28.633333333333333,5.937382616666667,10,4,osrm
950,delivered,2025-07-03 17:52:45,2025-07-03 18:06:46.044621,2025-07-03 18:06:46.044621,2025-07-03 18:12:44.600,19.993333333333332,0.0,12,4,osrm
951,delivered,2025-07-03 17:53:52,2025-07-03 18:09:44.454432,2025-07-03 18:23:38.600000,2025-07-03 18:30:35.100,36.718333333333334,13.902426133333334,7,2,osrm
952,delivered,2025-07-03 17:53:26,2025-07-03 18:10:27.760292,2025-07-03 18:10:27.760292,2025-07-03 18:12:40.000,19.233333333333334,0.0,18,4,osrm
953,delivered,2025-07-03 17:54:51,2025-07-03 18:09:52.292054,2025-07-03 18:23:38.600000,2025-07-03 18:30:35.100,35.735,13.7717991,7,2,osrm
954,delivered,2025-07-03 17:54:25,2025-07-03 18:03:11.913982,2025-07-03 18:03:11.913982,2025-07-03 18:14:26.700,20.028333333333332,0.0,7,4,osrm
955,delivered,2025-07-03 17:55:05,2025-07-03 18:10:12.544208,2025-07-03 18:12:24.300000,2025-07-03 18:19:55.000,24.833333333333332,2.195929866666667,10,4,osrm
956,delivered,2025-07-03 17:55:45,2025-07-03 18:11:13.927528,2025-07-03 18:11:13.927528,2025-07-03 18:22:52.500,27.125,0.0,11,4,osrm
957,delivered,2025-07-03 17:55:29,2025-07-03 18:04:10.465537,2025-07-03 18:10:27.760292,2025-07-03 18:12:40.000,17.183333333333334,6.288245916666667,18,4,osrm
958,delivered,2025-07-03 17:57:34,2025-07-03 18:08:45.234759,2025-07-03 18:12:24.300000,2025-07-03 18:19:55.000,22.35,3.6510873499999996,10,4,osrm
959,delivered,2025-07-03 17:57:01,2025-07-03 18:12:26.108069,2025-07-03 18:12:26.108069,2025-07-03 18:19:06.200,22.086666666666666,0.0,20,4,osrm
960,delivered,2025-07-03 17:58:57,2025-07-03 18:11:17.342494,2025-07-03 18:11:17.342494,2025-07-03 18:19:23.700,20.445,0.0,16,4,osrm
961,delivered,2025-07-03 17:58:18,2025-07-03 18:08:37.057435,2025-07-03 18:26:21.000000,2025-07-03 18:31:32.200,33.236666666666665,17.732376083333335,18,2,osrm
962,delivered,2025-07-03 18:00:55,2025-07-03 18:14:14.999550,2025-07-03 18:34:44.100000,2025-07-03 18:40:49.000,39.9,20.4850075,5,2,osrm
963,delivered,2025-07-03 18:00:56,2025-07-03 18:09:25.857909,2025-07-03 18:21:21.200000,2025-07-03 18:35:55.800,34.99666666666667,11.922368183333333,4,4,osrm
964,delivered,2025-07-03 18:00:41,2025-07-03 18:07:37.291381,2025-07-03 18:11:17.342494,2025-07-03 18:19:23.700,18.711666666666666,3.6675185499999996,16,4,osrm
965,delivered,2025-07-03 18:00:17,2025-07-03 18:15:18.887070,2025-07-03 18:20:12.890645,2025-07-03 18:20:54.100,20.618333333333332,4.900059583333333,14,4,osrm
966,delivered,2025-07-03 18:00:54,2025-07-03 18:13:43.965611,2025-07-03 18:33:09.434786,2025-07-03 18:43:50.600,42.943333333333335,19.424486249999998,15,4,osrm
967,delivered,2025-07-03 18:01:25,2025-07-03 18:17:25.187126,2025-07-03 18:30:39.600000,2025-07-03 18:35:18.600,33.89333333333333,13.240214566666667,10,2,osrm
968,delivered,2025-07-03 18:02:26,2025-07-03 18:13:30.622208,2025-07-03 18:40:28.800000,2025-07-03 18:48:32.700,46.111666666666665,26.969629866666665,16,2,osrm
969,delivered,2025-07-03 18:03:21,2025-07-03 18:11:06.780532,2025-07-03 18:38:23.700000,2025-07-03 18:42:46.800,39.43,27.281991133333335,12,1,osrm
970,delivered,2025-07-03 18:04:37,2025-07-03 18:11:22.394120,2025-07-03 18:33:09.434786,2025-07-03 18:43:50.600,39.22666666666667,21.7840111,15,4,osrm
971,delivered,2025-07-03 18:04:34,2025-07-03 18:21:25.340850,2025-07-03 18:21:25.340850,2025-07-03 18:22:43.600,18.16,0.0,9,4,osrm
972,delivered,2025-07-03 18:05:45,2025-07-03 18:10:45.000000,2025-07-03 18:11:13.927528,2025-07-03 18:22:52.500,17.125,0.48212546666666667,11,4,osrm
973,delivered,2025-07-03 18:06:08,2025-07-03 18:20:59.168724,2025-07-03 18:21:25.340850,2025-07-03 18:22:43.600,16.593333333333334,0.4362021,9,4,osrm
974,delivered,2025-07-03 18:07:35,2025-07-03 18:19:47.137526,2025-07-03 18:26:21.000000,2025-07-03 18:31:32.200,23.953333333333333,6.564374566666667,18,2,osrm
975,delivered,2025-07-03 18:07:24,2025-07-03 18:20:19.081948,2025-07-03 18:39:50.982866,2025-07-03 18:44:07.600,36.72666666666667,19.531681966666667,2,4,osrm
976,delivered,2025-07-03 18:07:03,2025-07-03 18:15:59.781284,2025-07-03 18:21:25.340850,2025-07-03 18:22:43.600,15.676666666666668,5.425992766666667,9,4,osrm
977,delivered,2025-07-03 18:08:28,2025-07-03 18:20:12.890645,2025-07-03 18:20:12.890645,2025-07-03 18:20:54.100,12.435,0.0,14,4,osrm
978,delivered,2025-07-03 18:08:39,2025-07-03 18:17:19.825404,2025-07-03 18:49:20.707450,2025-07-03 18:45:21.200,36.70333333333333,32.014700766666664,7,2,osrm
979,delivered,2025-07-03 18:08:39,2025-07-03 18:19:42.916771,2025-07-03 18:42:47.159105,2025-07-03 18:42:58.300,34.32166666666667,23.070705566666668,17,4,osrm
980,delivered,2025-07-03 18:09:34,2025-07-03 18:21:42.627220,2025-07-03 18:42:47.159105,2025-07-03 18:42:58.300,33.405,21.075531416666667,17,4,osrm
981,delivered,2025-07-03 18:11:02,2025-07-03 18:25:16.538661,2025-07-03 18:47:27.914580,2025-07-03 18:47:35.500,36.55833333333333,22.18959865,13,2,osrm
982,delivered,2025-07-03 18:12:38,2025-07-03 18:26:23.318499,2025-07-03 18:26:23.318499,2025-07-03 18:37:55.100,25.285,0.0,3,4,osrm
983,delivered,2025-07-03 18:13:06,2025-07-03 18:22:49.854261,2025-07-03 18:34:44.100000,2025-07-03 18:40:49.000,27.716666666666665,11.904095649999999,5,2,osrm
984,delivered,2025-07-03 18:14:04,2025-07-03 18:27:04.026567,2025-07-03 18:51:57.000000,2025-07-03 18:54:42.700,40.644999999999996,24.882890550000003,11,1,osrm
985,delivered,2025-07-03 18:15:18,2025-07-03 18:22:52.309913,2025-07-03 18:39:50.982866,2025-07-03 18:44:07.600,28.826666666666664,16.97788255,2,4,osrm
986,delivered,2025-07-03 18:17:03,2025-07-03 18:33:48.400058,2025-07-03 18:53:30.000000,2025-07-03 19:01:18.600,44.26,19.693332366666667,20,2,osrm
987,delivered,2025-07-03 18:18:42,2025-07-03 18:29:32.317903,2025-07-03 18:36:15.300000,2025-07-03 18:47:36.500,28.908333333333335,6.716368283333334,9,3,osrm
988,delivered,2025-07-03 18:19:09,2025-07-03 18:28:15.000161,2025-07-03 18:30:39.600000,2025-07-03 18:35:18.600,16.16,2.409997316666667,10,2,osrm
989,delivered,2025-07-03 18:19:10,2025-07-03 18:33:09.434786,2025-07-03 18:33:09.434786,2025-07-03 18:43:50.600,24.676666666666666,0.0,15,4,osrm
990,delivered,2025-07-03 18:20:27,2025-07-03 18:33:58.990700,2025-07-03 18:42:47.159105,2025-07-03 18:42:58.300,22.521666666666665,8.80280675,17,4,osrm
991,delivered,2025-07-03 18:21:49,2025-07-03 18:32:18.111608,2025-07-03 18:33:09.434786,2025-07-03 18:43:50.600,22.026666666666664,0.8553862999999999,15,4,osrm
992,delivered,2025-07-03 18:21:21,2025-07-03 18:33:33.200947,2025-07-03 18:53:53.800000,2025-07-03 18:56:18.600,34.96,20.34331755,7,1,osrm
993,delivered,2025-07-03 18:22:39,2025-07-03 18:34:36.704344,2025-07-03 18:49:44.100000,2025-07-03 18:57:12.200,34.55333333333333,15.123260933333334,3,2,osrm
994,delivered,2025-07-03 18:24:35,2025-07-03 18:39:54.904847,2025-07-03 19:00:53.000000,2025-07-03 19:01:25.900,36.848333333333336,20.96825255,6,1,osrm
995,delivered,2025-07-03 18:24:59,2025-07-03 18:42:47.159105,2025-07-03 18:42:47.159105,2025-07-03 18:42:58.300,17.988333333333333,0.0,17,4,osrm
996,delivered,2025-07-03 18:25:58,2025-07-03 18:39:50.982866,2025-07-03 18:39:50.982866,2025-07-03 18:44:07.600,18.16,0.0,2,4,osrm
997,delivered,2025-07-03 18:26:02,2025-07-03 18:34:38.330575,2025-07-03 18:37:24.900000,2025-07-03 18:47:24.100,21.368333333333332,2.776157083333333,14,4,osrm
998,delivered,2025-07-03 18:26:29,2025-07-03 18:39:08.873892,2025-07-03 18:49:44.100000,2025-07-03 18:57:12.200,30.720000000000002,10.5871018,3,2,osrm
999,delivered,2025-07-03 18:27:38,2025-07-03 18:32:38.000000,2025-07-03 18:35:19.400000,2025-07-03 18:46:27.300,18.821666666666665,2.69,1,3,osrm
1000,delivered,2025-07-03 18:28:57,2025-07-03 18:41:01.612705,2025-07-03 18:57:58.800000,2025-07-03 19:02:08.900,33.19833333333334,16.95312158333333,4,1,osrm
1001,delivered,2025-07-03 18:29:11,2025-07-03 18:43:22.759998,2025-07-03 18:54:36.600000,2025-07-03 18:59:44.700,30.561666666666667,11.2306667,19,2,osrm
1002,delivered,2025-07-03 18:29:05,2025-07-03 18:47:27.914580,2025-07-03 18:47:27.914580,2025-07-03 18:47:35.500,18.508333333333333,0.0,13,2,osrm
1003,delivered,2025-07-03 18:29:22,2025-07-03 18:48:59.647862,2025-07-03 18:53:30.000000,2025-07-03 19:01:18.600,31.94333333333333,4.505868966666667,20,2,osrm
1004,delivered,2025-07-03 18:29:28,2025-07-03 18:38:24.820079,2025-07-03 18:39:50.982866,2025-07-03 18:44:07.600,14.66,1.4360464499999999,2,4,osrm
1005,delivered,2025-07-03 18:31:37,2025-07-03 18:45:37.079177,2025-07-03 19:04:32.287172,2025-07-03 19:05:48.800,34.19666666666667,18.92013325,13,2,osrm
1006,delivered,2025-07-03 18:32:18,2025-07-03 18:49:20.707450,2025-07-03 18:49:20.707450,2025-07-03 18:45:21.200,13.053333333333335,0.0,7,2,osrm
1007,delivered,2025-07-03 18:32:55,2025-07-03 18:49:59.090887,2025-07-03 19:13:05.959825,2025-07-03 19:19:32.200,46.62,23.114482300000002,10,3,osrm
1008,delivered,2025-07-03 18:33:29,2025-07-03 18:45:22.501609,2025-07-03 18:53:51.900000,2025-07-03 18:59:40.300,26.188333333333333,8.489973183333333,2,1,osrm
1009,delivered,2025-07-03 18:36:59,2025-07-03 18:46:55.942268,2025-07-03 19:01:34.900000,2025-07-03 19:03:36.300,26.621666666666666,14.649295533333333,16,1,osrm
1010,delivered,2025-07-03 18:36:40,2025-07-03 18:45:00.280517,2025-07-03 19:07:31.498118,2025-07-03 19:07:17.200,30.62,22.52029335,8,2,osrm
1011,delivered,2025-07-03 18:36:38,2025-07-03 18:45:16.642254,2025-07-03 19:07:53.500000,2025-07-03 19:12:40.400,36.04,22.614295766666665,11,2,osrm
1012,delivered,2025-07-03 18:39:50,2025-07-03 18:56:24.145884,2025-07-03 19:13:05.959825,2025-07-03 19:19:32.200,39.70333333333333,16.696899016666666,10,3,osrm
1013,delivered,2025-07-03 18:39:02,2025-07-03 18:52:59.002979,2025-07-03 18:54:36.600000,2025-07-03 18:59:44.700,20.711666666666666,1.6266170166666667,19,2,osrm
1014,delivered,2025-07-03 18:39:03,2025-07-03 18:48:58.397583,2025-07-03 19:00:20.400000,2025-07-03 19:03:00.500,23.958333333333332,11.366706950000001,18,1,osrm
1015,delivered,2025-07-03 18:43:50,2025-07-03 18:54:21.432147,2025-07-03 18:59:12.000000,2025-07-03 19:02:54.300,19.071666666666665,4.84279755,9,1,osrm
1016,delivered,2025-07-03 18:44:37,2025-07-03 19:01:17.009107,2025-07-03 19:07:53.500000,2025-07-03 19:12:40.400,28.05666666666667,6.60818155,11,2,osrm
1017,delivered,2025-07-03 18:48:54,2025-07-03 19:04:03.636901,2025-07-03 19:09:42.700000,2025-07-03 19:11:47.000,22.883333333333333,5.65105165,12,1,osrm
1018,delivered,2025-07-03 18:50:38,2025-07-03 19:00:00.479519,2025-07-03 19:10:01.600000,2025-07-03 19:11:46.700,21.145,10.018674683333334,7,1,osrm
1019,delivered,2025-07-03 18:52:14,2025-07-03 19:04:32.287172,2025-07-03 19:04:32.287172,2025-07-03 19:05:48.800,13.58,0.0,13,2,osrm
1020,delivered,2025-07-03 18:53:11,2025-07-03 19:02:47.518663,2025-07-03 19:09:18.100000,2025-07-03 19:12:01.800,18.846666666666668,6.50968895,19,1,osrm
1021,delivered,2025-07-03 18:54:34,2025-07-03 19:07:31.498118,2025-07-03 19:07:31.498118,2025-07-03 19:07:17.200,12.72,0.0,8,2,osrm
1022,delivered,2025-07-03 18:58:20,2025-07-03 19:13:05.959825,2025-07-03 19:13:05.959825,2025-07-03 19:19:32.200,21.203333333333333,0.0,10,3,osrm
