order_id,status,placement_time,ready_time,pickup_time,delivery_time,click_to_door,ready_to_pickup,courier_id,bundle_size,routing_source
0,delivered,2025-07-03 08:00:07,2025-07-03 08:09:56.657590,2025-07-03 08:10:27.000000,2025-07-03 08:14:10.400,14.056666666666667,0.5057068333333333,3,1,osrm
1,delivered,2025-07-03 08:00:02,2025-07-03 08:05:54.972078,2025-07-03 08:10:34.600000,2025-07-03 08:14:15.800,14.229999999999999,4.660465366666667,2,1,osrm
2,delivered,2025-07-03 08:01:00,2025-07-03 08:18:58.906095,2025-07-03 08:18:58.906095,2025-07-03 08:21:35.500,20.591666666666665,0.0,31,1,osrm
3,delivered,2025-07-03 08:02:54,2025-07-03 08:15:19.766922,2025-07-03 08:19:34.100000,2025-07-03 08:21:37.300,18.721666666666668,4.238884633333333,5,1,osrm
4,delivered,2025-07-03 08:03:03,2025-07-03 08:14:14.638835,2025-07-03 08:15:15.000000,2025-07-03 08:18:50.900,15.798333333333334,1.0060194166666667,12,1,osrm
5,delivered,2025-07-03 08:04:07,2025-07-03 08:18:25.003938,2025-07-03 08:18:48.800000,2025-07-03 08:20:58.100,16.851666666666667,0.3966010333333333,8,1,osrm
6,delivered,2025-07-03 08:04:45,2025-07-03 08:14:37.288083,2025-07-03 08:16:31.800000,2025-07-03 08:19:22.000,14.616666666666667,1.90853195,10,1,osrm
7,delivered,2025-07-03 08:04:15,2025-07-03 08:17:05.093907,2025-07-03 08:18:46.100000,2025-07-03 08:22:43.200,18.470000000000002,1.6834348833333335,4,1,osrm
8,delivered,2025-07-03 08:05:38,2025-07-03 08:17:19.095453,2025-07-03 08:18:35.200000,2025-07-03 08:23:48.500,18.175,1.2684091166666667,9,1,osrm
9,delivered,2025-07-03 08:05:53,2025-07-03 08:13:54.071830,2025-07-03 08:15:27.000000,2025-07-03 08:19:12.600,13.326666666666666,1.5488028333333332,11,1,osrm
10,delivered,2025-07-03 08:07:37,2025-07-03 08:16:52.773378,2025-07-03 08:20:05.900000,2025-07-03 08:24:01.700,16.41166666666667,3.218777033333333,25,1,osrm
11,delivered,2025-07-03 08:07:47,2025-07-03 08:19:58.343232,2025-07-03 08:20:27.000000,2025-07-03 08:22:59.900,15.215,0.4776128,33,1,osrm
12,delivered,2025-07-03 08:08:45,2025-07-03 08:19:20.247837,2025-07-03 08:20:27.000000,2025-07-03 08:22:02.800,13.296666666666665,1.1125360499999999,32,1,osrm
13,delivered,2025-07-03 08:08:56,2025-07-03 08:24:16.073899,2025-07-03 08:44:48.185021,2025-07-03 08:46:02.700,37.111666666666665,20.535185366666667,20,3,osrm
14,delivered,2025-07-03 08:08:57,2025-07-03 08:22:00.836149,2025-07-03 08:29:13.200000,2025-07-03 08:32:29.300,23.538333333333334,7.206064183333334,26,2,osrm
15,delivered,2025-07-03 08:09:50,2025-07-03 08:19:45.069283,2025-07-03 08:19:57.700000,2025-07-03 08:22:11.400,12.356666666666666,0.21051195,40,1,osrm
16,delivered,2025-07-03 08:10:44,2025-07-03 08:20:33.115147,2025-07-03 08:32:35.400000,2025-07-03 08:34:51.200,24.12,12.038080883333333,44,4,osrm
17,delivered,2025-07-03 08:10:49,2025-07-03 08:19:08.428097,2025-07-03 08:24:41.600000,2025-07-03 08:28:40.000,17.85,5.552865049999999,14,1,osrm
18,delivered,2025-07-03 08:11:10,2025-07-03 08:25:13.466726,2025-07-03 08:34:50.700000,2025-07-03 08:39:33.500,28.391666666666666,9.620554566666668,51,1,osrm
19,delivered,2025-07-03 08:11:51,2025-07-03 08:24:55.536190,2025-07-03 08:45:01.776549,2025-07-03 08:47:01.000,35.166666666666664,20.10400598333333,29,3,osrm
20,delivered,2025-07-03 08:11:36,2025-07-03 08:24:45.682251,2025-07-03 08:29:50.000000,2025-07-03 08:33:56.300,22.33833333333333,5.071962483333333,56,1,osrm
21,delivered,2025-07-03 08:12:50,2025-07-03 08:26:15.604727,2025-07-03 08:29:54.700000,2025-07-03 08:33:01.800,20.196666666666665,3.6515878833333333,36,1,osrm
22,delivered,2025-07-03 08:12:47,2025-07-03 08:23:54.607183,2025-07-03 08:40:58.663108,2025-07-03 08:45:34.500,32.791666666666664,17.06759875,57,3,osrm
23,delivered,2025-07-03 08:12:46,2025-07-03 08:20:12.226063,2025-07-03 08:40:41.757440,2025-07-03 08:46:19.100,33.55166666666666,20.492189616666668,6,2,osrm
24,delivered,2025-07-03 08:12:16,2025-07-03 08:18:27.916256,2025-07-03 08:19:59.500000,2025-07-03 08:23:47.800,11.53,1.5263957333333333,7,1,osrm
25,delivered,2025-07-03 08:12:20,2025-07-03 08:26:40.477643,2025-07-03 08:56:35.053061,2025-07-03 08:47:01.600,34.693333333333335,29.909590299999998,49,2,osrm
26,delivered,2025-07-03 08:13:50,2025-07-03 08:23:50.553735,2025-07-03 08:24:44.000000,2025-07-03 08:29:59.500,16.158333333333335,0.8907710833333333,23,1,osrm
27,delivered,2025-07-03 08:13:59,2025-07-03 08:24:00.738833,2025-07-03 08:38:48.800000,2025-07-03 08:44:49.900,30.848333333333336,14.80101945,42,4,osrm
28,delivered,2025-07-03 08:13:23,2025-07-03 08:21:46.542724,2025-07-03 08:33:50.900000,2025-07-03 08:37:48.200,24.42,12.072621266666665,17,2,osrm
29,delivered,2025-07-03 08:14:59,2025-07-03 08:25:26.631733,2025-07-03 08:34:00.200000,2025-07-03 08:38:58.800,23.996666666666666,8.559471116666666,4,4,osrm
30,delivered,2025-07-03 08:14:17,2025-07-03 08:25:42.672976,2025-07-03 08:49:12.257826,2025-07-03 08:52:28.900,38.19833333333334,23.493080833333334,43,3,osrm
31,delivered,2025-07-03 08:15:34,2025-07-03 08:26:25.016664,2025-07-03 08:28:44.700000,2025-07-03 08:32:15.100,16.685,2.3280556,43,1,osrm
32,delivered,2025-07-03 08:15:19,2025-07-03 08:20:19.000000,2025-07-03 08:28:41.908487,2025-07-03 08:31:09.400,15.84,8.381808116666667,59,2,osrm
33,delivered,2025-07-03 08:15:30,2025-07-03 08:28:41.908487,2025-07-03 08:28:41.908487,2025-07-03 08:31:09.400,15.656666666666666,0.0,59,2,osrm
34,delivered,2025-07-03 08:17:12,2025-07-03 08:31:10.551905,2025-07-03 08:32:35.400000,2025-07-03 08:34:51.200,17.653333333333332,1.4141349166666666,44,4,osrm
35,delivered,2025-07-03 08:17:43,2025-07-03 08:31:11.714297,2025-07-03 08:33:50.900000,2025-07-03 08:37:48.200,20.086666666666666,2.6530950499999997,17,2,osrm
36,delivered,2025-07-03 08:17:40,2025-07-03 08:27:06.705676,2025-07-03 08:29:13.200000,2025-07-03 08:32:29.300,14.821666666666665,2.1082387333333332,26,2,osrm
37,delivered,2025-07-03 08:17:29,2025-07-03 08:33:26.156090,2025-07-03 08:43:04.400000,2025-07-03 08:48:22.900,30.898333333333333,9.6373985,31,2,osrm
38,delivered,2025-07-03 08:17:20,2025-07-03 08:26:00.071976,2025-07-03 08:34:00.200000,2025-07-03 08:38:58.800,21.646666666666665,8.002133733333332,4,4,osrm
39,delivered,2025-07-03 08:17:50,2025-07-03 08:27:06.023645,2025-07-03 08:49:04.383077,2025-07-03 08:49:18.200,31.470000000000002,21.9726572,32,2,osrm
40,delivered,2025-07-03 08:17:33,2025-07-03 08:31:10.296222,2025-07-03 08:56:43.366771,2025-07-03 08:53:10.800,35.63,25.551175816666667,51,3,osrm
41,delivered,2025-07-03 08:17:44,2025-07-03 08:29:47.475296,2025-07-03 08:34:00.200000,2025-07-03 08:38:58.800,21.246666666666666,4.2120784,4,4,osrm
42,delivered,2025-07-03 08:18:49,2025-07-03 08:33:11.849784,2025-07-03 08:38:48.800000,2025-07-03 08:44:49.900,26.015,5.615836933333333,42,4,osrm
43,delivered,2025-07-03 08:19:02,2025-07-03 08:31:46.530800,2025-07-03 08:43:03.700000,2025-07-03 08:47:39.400,28.623333333333335,11.286153333333335,47,3,osrm
44,delivered,2025-07-03 08:19:07,2025-07-03 08:31:30.930488,2025-07-03 08:51:54.453166,2025-07-03 08:55:48.800,36.69666666666667,20.392044633333335,4,2,osrm
45,delivered,2025-07-03 08:19:07,2025-07-03 08:30:07.159873,2025-07-03 08:33:57.300000,2025-07-03 08:39:04.100,19.951666666666664,3.8356687833333334,33,1,osrm
46,delivered,2025-07-03 08:19:00,2025-07-03 08:32:52.959692,2025-07-03 08:43:13.371409,2025-07-03 08:44:27.200,25.453333333333333,10.340195283333333,25,2,osrm
47,delivered,2025-07-03 08:20:20,2025-07-03 08:35:17.160053,2025-07-03 08:49:03.275789,2025-07-03 08:52:34.300,32.23833333333333,13.7685956,21,2,osrm
48,delivered,2025-07-03 08:20:23,2025-07-03 08:32:09.916719,2025-07-03 08:50:07.768387,2025-07-03 08:57:56.000,37.55,17.964194466666665,39,3,osrm
49,delivered,2025-07-03 08:22:36,2025-07-03 08:33:35.287481,2025-07-03 08:42:19.000000,2025-07-03 08:48:19.300,25.721666666666668,8.728541983333335,3,1,osrm
50,delivered,2025-07-03 08:22:52,2025-07-03 08:42:02.768381,2025-07-03 08:43:48.400000,2025-07-03 08:47:35.700,24.728333333333335,1.7605269833333332,18,1,osrm
51,delivered,2025-07-03 08:22:54,2025-07-03 08:35:02.289556,2025-07-03 08:38:39.200000,2025-07-03 08:42:13.400,19.323333333333334,3.615174066666667,10,1,osrm
52,delivered,2025-07-03 08:23:14,2025-07-03 08:42:01.128807,2025-07-03 08:44:25.570956,2025-07-03 08:47:42.100,24.46833333333333,2.40736915,44,2,osrm
53,delivered,2025-07-03 08:24:26,2025-07-03 08:37:43.343524,2025-07-03 08:55:47.479318,2025-07-03 09:02:02.900,37.615,18.0689299,1,3,osrm
54,delivered,2025-07-03 08:24:58,2025-07-03 08:34:13.865440,2025-07-03 08:45:01.776549,2025-07-03 08:47:01.000,22.05,10.798518483333334,29,3,osrm
55,delivered,2025-07-03 08:24:02,2025-07-03 08:34:01.342786,2025-07-03 08:49:12.257826,2025-07-03 08:52:28.900,28.448333333333334,15.181917333333333,43,3,osrm
56,delivered,2025-07-03 08:25:37,2025-07-03 08:36:49.523396,2025-07-03 08:47:19.000000,2025-07-03 08:54:15.700,28.645,10.491276733333333,12,2,osrm
57,delivered,2025-07-03 08:25:35,2025-07-03 08:35:23.275369,2025-07-03 08:48:05.800000,2025-07-03 08:54:46.400,29.19,12.70874385,54,2,osrm
58,delivered,2025-07-03 08:25:37,2025-07-03 08:39:41.314126,2025-07-03 08:42:52.100000,2025-07-03 08:47:39.900,22.048333333333336,3.179764566666667,28,1,osrm
59,delivered,2025-07-03 08:25:55,2025-07-03 08:36:56.524215,2025-07-03 08:39:33.800000,2025-07-03 08:39:26.700,13.528333333333334,2.6212630833333335,58,1,osrm
60,delivered,2025-07-03 08:25:23,2025-07-03 08:33:53.262022,2025-07-03 08:48:51.579305,2025-07-03 08:56:00.100,30.618333333333332,14.971954716666666,23,2,osrm
61,delivered,2025-07-03 08:26:55,2025-07-03 08:40:58.663108,2025-07-03 08:40:58.663108,2025-07-03 08:45:34.500,18.658333333333335,0.0,57,3,osrm
62,delivered,2025-07-03 08:26:04,2025-07-03 08:44:48.185021,2025-07-03 08:44:48.185021,2025-07-03 08:46:02.700,19.978333333333335,0.0,20,3,osrm
63,delivered,2025-07-03 08:26:43,2025-07-03 08:34:21.938238,2025-07-03 08:34:21.938238,2025-07-03 08:35:00.300,8.288333333333334,0.0,18,1,osrm
64,delivered,2025-07-03 08:27:02,2025-07-03 08:37:03.214114,2025-07-03 08:38:48.800000,2025-07-03 08:44:49.900,17.798333333333336,1.7597647666666667,42,4,osrm
65,delivered,2025-07-03 08:28:22,2025-07-03 08:40:39.631376,2025-07-03 08:43:04.400000,2025-07-03 08:48:22.900,20.015,2.4128103999999997,31,2,osrm
66,delivered,2025-07-03 08:28:39,2025-07-03 08:41:49.938597,2025-07-03 08:44:48.185021,2025-07-03 08:46:02.700,17.395,2.970773733333333,20,3,osrm
67,delivered,2025-07-03 08:28:54,2025-07-03 08:43:13.371409,2025-07-03 08:43:13.371409,2025-07-03 08:44:27.200,15.553333333333335,0.0,25,2,osrm
68,delivered,2025-07-03 08:28:01,2025-07-03 08:40:27.897483,2025-07-03 08:58:13.800000,2025-07-03 09:04:51.600,36.843333333333334,17.76504195,33,1,osrm
69,delivered,2025-07-03 08:28:52,2025-07-03 08:37:28.077746,2025-07-03 08:40:58.663108,2025-07-03 08:45:34.500,16.708333333333332,3.5097560333333333,57,3,osrm
70,delivered,2025-07-03 08:28:01,2025-07-03 08:44:25.570956,2025-07-03 08:44:25.570956,2025-07-03 08:47:42.100,19.685,0.0,44,2,osrm
71,delivered,2025-07-03 08:29:11,2025-07-03 08:34:11.000000,2025-07-03 08:44:37.000000,2025-07-03 08:48:36.100,19.418333333333333,10.433333333333334,36,1,osrm
72,delivered,2025-07-03 08:29:47,2025-07-03 08:46:43.292666,2025-07-03 08:52:57.600000,2025-07-03 08:59:47.200,30.003333333333334,6.2384555666666675,26,2,osrm
73,delivered,2025-07-03 08:29:26,2025-07-03 08:40:41.757440,2025-07-03 08:40:41.757440,2025-07-03 08:46:19.100,16.885,0.0,6,2,osrm
74,delivered,2025-07-03 08:29:05,2025-07-03 08:40:52.159008,2025-07-03 08:43:04.700000,2025-07-03 08:42:48.600,13.726666666666667,2.209016533333333,1,2,osrm
75,delivered,2025-07-03 08:29:36,2025-07-03 08:39:17.072455,2025-07-03 08:43:16.400000,2025-07-03 08:46:32.000,16.933333333333334,3.9887924166666666,2,1,osrm
76,delivered,2025-07-03 08:29:01,2025-07-03 08:41:22.237462,2025-07-03 08:44:44.900000,2025-07-03 08:48:18.300,19.288333333333334,3.377708966666667,8,1,osrm
77,delivered,2025-07-03 08:30:53,2025-07-03 08:44:32.160966,2025-07-03 08:47:19.000000,2025-07-03 08:54:15.700,23.378333333333334,2.7806505666666665,12,2,osrm
78,delivered,2025-07-03 08:30:26,2025-07-03 08:40:07.550275,2025-07-03 08:43:04.700000,2025-07-03 08:42:48.600,12.376666666666667,2.9524954166666664,1,2,osrm
79,delivered,2025-07-03 08:31:10,2025-07-03 08:38:51.032921,2025-07-03 08:55:06.000000,2025-07-03 09:00:54.400,29.740000000000002,16.24945131666667,13,2,osrm
80,delivered,2025-07-03 08:31:41,2025-07-03 08:46:01.452224,2025-07-03 09:09:19.010202,2025-07-03 09:16:25.200,44.736666666666665,23.292632966666666,54,4,osrm
81,delivered,2025-07-03 08:31:02,2025-07-03 08:44:23.053680,2025-07-03 08:58:29.500000,2025-07-03 09:02:43.100,31.685,14.107438666666667,58,2,osrm
82,delivered,2025-07-03 08:32:52,2025-07-03 08:45:01.776549,2025-07-03 08:45:01.776549,2025-07-03 08:47:01.000,14.15,0.0,29,3,osrm
83,delivered,2025-07-03 08:32:04,2025-07-03 08:40:19.594994,2025-07-03 08:43:10.800000,2025-07-03 08:43:51.700,11.795,2.8534167666666668,22,1,osrm
84,delivered,2025-07-03 08:32:35,2025-07-03 08:43:19.135096,2025-07-03 08:50:07.768387,2025-07-03 08:57:56.000,25.35,6.81055485,39,3,osrm
85,delivered,2025-07-03 08:33:47,2025-07-03 08:53:43.876507,2025-07-03 08:59:35.876319,2025-07-03 09:03:43.600,29.94333333333333,5.866663533333334,2,2,osrm
86,delivered,2025-07-03 08:33:32,2025-07-03 08:52:53.389039,2025-07-03 09:16:27.341488,2025-07-03 09:15:57.600,42.42666666666666,23.56587415,23,3,osrm
87,delivered,2025-07-03 08:33:57,2025-07-03 08:49:12.257826,2025-07-03 08:49:12.257826,2025-07-03 08:52:28.900,18.53166666666667,0.0,43,3,osrm
88,delivered,2025-07-03 08:34:40,2025-07-03 08:50:10.941485,2025-07-03 08:55:47.479318,2025-07-03 09:02:02.900,27.381666666666668,5.608963883333333,1,3,osrm
89,delivered,2025-07-03 08:34:16,2025-07-03 08:48:55.590189,2025-07-03 09:04:25.202851,2025-07-03 09:08:52.200,34.60333333333333,15.493544366666667,9,3,osrm
90,delivered,2025-07-03 08:35:34,2025-07-03 08:49:03.275789,2025-07-03 08:49:03.275789,2025-07-03 08:52:34.300,17.005,0.0,21,2,osrm
91,delivered,2025-07-03 08:35:59,2025-07-03 08:47:44.092046,2025-07-03 08:48:05.800000,2025-07-03 08:54:46.400,18.790000000000003,0.36179923333333336,54,2,osrm
92,delivered,2025-07-03 08:36:11,2025-07-03 08:45:51.274219,2025-07-03 09:08:46.693805,2025-07-03 09:11:39.900,35.48166666666667,22.923659766666667,46,3,osrm
93,delivered,2025-07-03 08:36:22,2025-07-03 08:45:44.337840,2025-07-03 08:52:57.600000,2025-07-03 08:59:47.200,23.42,7.221036,26,2,osrm
94,delivered,2025-07-03 08:36:01,2025-07-03 08:49:04.383077,2025-07-03 08:49:04.383077,2025-07-03 08:49:18.200,13.286666666666667,0.0,32,2,osrm
95,delivered,2025-07-03 08:37:15,2025-07-03 08:48:51.579305,2025-07-03 08:48:51.579305,2025-07-03 08:56:00.100,18.751666666666665,0.0,23,2,osrm
96,delivered,2025-07-03 08:37:17,2025-07-03 08:52:48.490125,2025-07-03 09:07:57.800000,2025-07-03 09:13:44.200,36.45333333333333,15.155164583333335,52,3,osrm
97,delivered,2025-07-03 08:37:36,2025-07-03 08:52:14.654444,2025-07-03 08:56:43.366771,2025-07-03 08:53:10.800,15.58,4.478538783333334,51,3,osrm
98,delivered,2025-07-03 08:37:27,2025-07-03 08:48:33.650075,2025-07-03 08:58:22.900000,2025-07-03 09:01:45.400,24.30666666666667,9.820832083333332,5,2,osrm
99,delivered,2025-07-03 08:38:48,2025-07-03 08:52:17.813582,2025-07-03 09:04:00.457318,2025-07-03 09:06:46.800,27.98,11.710728933333334,24,3,osrm
100,delivered,2025-07-03 08:39:58,2025-07-03 08:51:20.297156,2025-07-03 08:55:06.000000,2025-07-03 09:00:54.400,20.94,3.761714066666667,13,2,osrm
101,delivered,2025-07-03 08:39:11,2025-07-03 08:56:35.053061,2025-07-03 08:56:35.053061,2025-07-03 08:47:01.600,7.843333333333334,0.0,49,2,osrm
102,delivered,2025-07-03 08:40:12,2025-07-03 08:50:54.155241,2025-07-03 08:58:22.900000,2025-07-03 09:02:14.600,22.043333333333333,7.479079316666667,17,1,osrm
103,delivered,2025-07-03 08:40:03,2025-07-03 08:51:44.918879,2025-07-03 09:09:17.002211,2025-07-03 09:14:27.800,34.413333333333334,17.534722199999997,41,3,osrm
104,delivered,2025-07-03 08:40:17,2025-07-03 08:53:38.442981,2025-07-03 09:09:48.955623,2025-07-03 09:14:29.900,34.215,16.1752107,4,2,osrm
105,delivered,2025-07-03 08:41:24,2025-07-03 08:55:03.150370,2025-07-03 08:58:54.400000,2025-07-03 09:02:20.500,20.941666666666666,3.8541605,59,1,osrm
106,delivered,2025-07-03 08:41:44,2025-07-03 08:53:42.450881,2025-07-03 08:53:42.450881,2025-07-03 08:55:27.600,13.726666666666667,0.0,53,1,osrm
107,delivered,2025-07-03 08:41:56,2025-07-03 08:50:07.768387,2025-07-03 08:50:07.768387,2025-07-03 08:57:56.000,16.0,0.0,39,3,osrm
108,delivered,2025-07-03 08:42:47,2025-07-03 08:56:26.761667,2025-07-03 08:58:22.900000,2025-07-03 09:01:45.400,18.973333333333336,1.9356388833333333,5,2,osrm
109,delivered,2025-07-03 08:42:05,2025-07-03 08:55:06.407590,2025-07-03 09:15:58.112964,2025-07-03 09:23:08.500,41.05833333333333,20.86175623333333,38,2,osrm
110,delivered,2025-07-03 08:43:33,2025-07-03 08:51:54.453166,2025-07-03 08:51:54.453166,2025-07-03 08:55:48.800,12.263333333333332,0.0,4,2,osrm
111,delivered,2025-07-03 08:44:19,2025-07-03 08:51:38.721976,2025-07-03 08:52:50.200000,2025-07-03 08:52:38.800,8.33,1.1913004,22,1,osrm
112,delivered,2025-07-03 08:44:36,2025-07-03 08:52:16.183694,2025-07-03 09:11:11.511817,2025-07-03 09:12:42.000,28.1,18.922135383333334,27,2,osrm
113,delivered,2025-07-03 08:44:44,2025-07-03 08:59:17.179620,2025-07-03 09:08:06.300000,2025-07-03 09:13:48.900,29.081666666666667,8.818672999999999,35,3,osrm
114,delivered,2025-07-03 08:44:40,2025-07-03 08:55:47.479318,2025-07-03 08:55:47.479318,2025-07-03 09:02:02.900,17.381666666666668,0.0,1,3,osrm
115,delivered,2025-07-03 08:44:21,2025-07-03 08:56:43.366771,2025-07-03 08:56:43.366771,2025-07-03 08:53:10.800,8.83,0.0,51,3,osrm
116,delivered,2025-07-03 08:45:53,2025-07-03 08:55:03.906313,2025-07-03 09:09:19.010202,2025-07-03 09:16:25.200,30.53666666666667,14.251731483333334,54,4,osrm
117,delivered,2025-07-03 08:45:07,2025-07-03 08:50:07.000000,2025-07-03 08:52:42.300000,2025-07-03 08:55:21.800,10.246666666666666,2.5883333333333334,52,1,osrm
118,delivered,2025-07-03 08:45:42,2025-07-03 08:57:16.082482,2025-07-03 09:07:50.800000,2025-07-03 09:12:13.500,26.525,10.5786253,36,2,osrm
119,delivered,2025-07-03 08:46:36,2025-07-03 09:02:43.434029,2025-07-03 09:08:06.300000,2025-07-03 09:13:48.900,27.215,5.381099516666667,35,3,osrm
120,delivered,2025-07-03 08:46:11,2025-07-03 08:57:00.325712,2025-07-03 08:58:15.500000,2025-07-03 09:02:05.800,15.913333333333332,1.2529048,55,1,osrm
121,delivered,2025-07-03 08:46:21,2025-07-03 08:56:36.572952,2025-07-03 08:59:33.558537,2025-07-03 09:04:39.400,18.30666666666667,2.9497597499999997,30,2,osrm
122,delivered,2025-07-03 08:46:53,2025-07-03 08:57:17.180692,2025-07-03 09:20:25.565047,2025-07-03 09:22:04.600,35.193333333333335,23.139739249999998,58,3,osrm
123,delivered,2025-07-03 08:46:41,2025-07-03 08:59:40.828804,2025-07-03 09:12:08.900000,2025-07-03 09:22:12.800,35.53,12.467853266666667,17,3,osrm
124,delivered,2025-07-03 08:46:38,2025-07-03 08:56:59.913079,2025-07-03 09:12:57.800000,2025-07-03 09:21:06.300,34.47166666666667,15.964782016666668,49,3,osrm
125,delivered,2025-07-03 08:46:33,2025-07-03 08:59:15.591909,2025-07-03 08:59:15.591909,2025-07-03 09:02:47.400,16.24,0.0,38,1,osrm
126,delivered,2025-07-03 08:47:40,2025-07-03 09:02:10.037604,2025-07-03 09:12:57.800000,2025-07-03 09:21:06.300,33.43833333333333,10.796039933333333,49,3,osrm
127,delivered,2025-07-03 08:47:45,2025-07-03 08:59:35.876319,2025-07-03 08:59:35.876319,2025-07-03 09:03:43.600,15.976666666666667,0.0,2,2,osrm
128,delivered,2025-07-03 08:47:23,2025-07-03 09:03:02.999761,2025-07-03 09:13:40.000000,2025-07-03 09:18:55.400,31.540000000000003,10.61667065,10,2,osrm
129,delivered,2025-07-03 08:47:08,2025-07-03 08:56:25.686280,2025-07-03 08:59:04.600000,2025-07-03 09:01:13.600,14.093333333333334,2.648562,49,1,osrm
130,delivered,2025-07-03 08:48:04,2025-07-03 08:58:47.483758,2025-07-03 08:59:12.800000,2025-07-03 09:02:25.200,14.353333333333333,0.42193736666666665,37,1,osrm
131,delivered,2025-07-03 08:48:07,2025-07-03 08:57:08.216613,2025-07-03 08:58:29.500000,2025-07-03 09:02:43.100,14.601666666666667,1.3547231166666667,58,2,osrm
132,delivered,2025-07-03 08:48:25,2025-07-03 09:00:19.780468,2025-07-03 09:12:08.900000,2025-07-03 09:22:12.800,33.79666666666667,11.818658866666668,17,3,osrm
133,delivered,2025-07-03 08:48:18,2025-07-03 09:02:57.787242,2025-07-03 09:13:49.100000,2025-07-03 09:18:40.400,30.373333333333335,10.855212633333334,42,2,osrm
134,delivered,2025-07-03 08:48:04,2025-07-03 09:00:13.750463,2025-07-03 09:05:30.400000,2025-07-03 09:09:43.800,21.663333333333334,5.277492283333333,15,1,osrm
135,delivered,2025-07-03 08:49:21,2025-07-03 08:59:31.829741,2025-07-03 09:15:19.800000,2025-07-03 09:19:07.400,29.773333333333333,15.799504316666667,32,2,osrm
136,delivered,2025-07-03 08:49:56,2025-07-03 08:56:42.368088,2025-07-03 09:07:57.800000,2025-07-03 09:13:44.200,23.803333333333335,11.257198533333334,52,3,osrm
137,delivered,2025-07-03 08:50:04,2025-07-03 08:59:59.764249,2025-07-03 09:04:00.457318,2025-07-03 09:06:46.800,16.71333333333333,4.01155115,24,3,osrm
138,delivered,2025-07-03 08:50:22,2025-07-03 09:01:37.685821,2025-07-03 09:17:23.103087,2025-07-03 09:20:01.600,29.66,15.756954433333334,5,4,osrm
139,delivered,2025-07-03 08:50:23,2025-07-03 09:00:09.019177,2025-07-03 09:09:17.002211,2025-07-03 09:14:27.800,24.08,9.133050566666666,41,3,osrm
140,delivered,2025-07-03 08:50:36,2025-07-03 08:55:49.156473,2025-07-03 09:17:24.814771,2025-07-03 09:21:12.200,30.603333333333335,21.594304966666666,22,4,osrm
141,delivered,2025-07-03 08:51:27,2025-07-03 09:01:05.104319,2025-07-03 09:21:52.931540,2025-07-03 09:26:29.300,35.038333333333334,20.79712035,24,4,osrm
142,delivered,2025-07-03 08:51:59,2025-07-03 09:07:49.523079,2025-07-03 09:13:40.000000,2025-07-03 09:18:55.400,26.94,5.841282016666667,10,2,osrm
143,delivered,2025-07-03 08:51:03,2025-07-03 09:05:55.076700,2025-07-03 09:08:29.300000,2025-07-03 09:12:59.000,21.933333333333334,2.5703883333333333,39,4,osrm
144,delivered,2025-07-03 08:52:11,2025-07-03 09:06:19.008716,2025-07-03 09:20:25.565047,2025-07-03 09:22:04.600,29.89333333333333,14.109272183333333,58,3,osrm
145,delivered,2025-07-03 08:52:10,2025-07-03 09:06:37.552097,2025-07-03 09:08:46.693805,2025-07-03 09:11:39.900,19.498333333333335,2.1523618,46,3,osrm
146,delivered,2025-07-03 08:52:48,2025-07-03 08:59:33.558537,2025-07-03 08:59:33.558537,2025-07-03 09:04:39.400,11.856666666666666,0.0,30,2,osrm
147,delivered,2025-07-03 08:52:40,2025-07-03 09:01:04.356293,2025-07-03 09:07:57.800000,2025-07-03 09:13:44.200,21.07,6.89072845,52,3,osrm
148,delivered,2025-07-03 08:52:54,2025-07-03 09:04:56.841191,2025-07-03 09:13:41.600000,2025-07-03 09:21:51.000,28.95,8.745980150000001,2,3,osrm
149,delivered,2025-07-03 08:53:08,2025-07-03 09:03:11.577106,2025-07-03 09:28:33.794035,2025-07-03 09:29:37.900,36.498333333333335,25.370282149999998,9,4,osrm
150,delivered,2025-07-03 08:53:26,2025-07-03 09:01:44.523743,2025-07-03 09:04:25.202851,2025-07-03 09:08:52.200,15.436666666666667,2.6779851333333338,9,3,osrm
151,delivered,2025-07-03 08:53:37,2025-07-03 09:04:05.117409,2025-07-03 09:08:29.300000,2025-07-03 09:12:59.000,19.366666666666667,4.403043183333334,39,4,osrm
152,delivered,2025-07-03 08:54:23,2025-07-03 09:04:00.457318,2025-07-03 09:04:00.457318,2025-07-03 09:06:46.800,12.396666666666667,0.0,24,3,osrm
153,delivered,2025-07-03 08:54:30,2025-07-03 09:06:27.444932,2025-07-03 09:18:44.800000,2025-07-03 09:22:45.100,28.251666666666665,12.289251133333332,18,2,osrm
154,delivered,2025-07-03 08:54:48,2025-07-03 09:07:48.227802,2025-07-03 09:07:50.800000,2025-07-03 09:12:13.500,17.425,0.04286996666666667,36,2,osrm
155,delivered,2025-07-03 08:55:19,2025-07-03 09:06:42.311561,2025-07-03 09:24:03.300000,2025-07-03 09:31:05.400,35.77333333333333,17.349807316666666,40,2,osrm
156,delivered,2025-07-03 08:55:16,2025-07-03 09:05:02.969101,2025-07-03 09:09:19.010202,2025-07-03 09:16:25.200,21.153333333333332,4.267351683333334,54,4,osrm
157,delivered,2025-07-03 08:55:21,2025-07-03 09:09:21.490848,2025-07-03 09:25:12.106831,2025-07-03 09:28:29.900,33.14833333333333,15.843599716666667,3,2,osrm
158,delivered,2025-07-03 08:55:32,2025-07-03 09:09:48.955623,2025-07-03 09:09:48.955623,2025-07-03 09:14:29.900,18.965,0.0,4,2,osrm
159,delivered,2025-07-03 08:55:30,2025-07-03 09:07:57.375838,2025-07-03 09:12:08.900000,2025-07-03 09:22:12.800,26.71333333333333,4.192069366666667,17,3,osrm
160,delivered,2025-07-03 08:55:45,2025-07-03 09:12:49.212558,2025-07-03 09:18:11.500000,2025-07-03 09:22:22.500,26.625,5.371457366666666,29,3,osrm
161,delivered,2025-07-03 08:56:40,2025-07-03 09:07:56.851777,2025-07-03 09:08:06.300000,2025-07-03 09:13:48.900,17.148333333333333,0.15747038333333335,35,3,osrm
162,delivered,2025-07-03 08:56:02,2025-07-03 09:03:12.142997,2025-07-03 09:08:29.300000,2025-07-03 09:12:59.000,16.95,5.285950049999999,39,4,osrm
163,delivered,2025-07-03 08:56:37,2025-07-03 09:08:46.797943,2025-07-03 09:08:46.797943,2025-07-03 09:10:40.900,14.065,0.0,40,1,osrm
164,delivered,2025-07-03 08:56:00,2025-07-03 09:07:30.603526,2025-07-03 09:28:33.794035,2025-07-03 09:29:37.900,33.63166666666667,21.05317515,9,4,osrm
165,delivered,2025-07-03 08:57:05,2025-07-03 09:11:21.208664,2025-07-03 09:23:48.500000,2025-07-03 09:29:44.100,32.651666666666664,12.4548556,19,2,osrm
166,delivered,2025-07-03 08:57:00,2025-07-03 09:10:01.547622,2025-07-03 09:26:06.834586,2025-07-03 09:31:06.400,34.10666666666667,16.088116066666668,52,3,osrm
167,delivered,2025-07-03 08:57:38,2025-07-03 09:06:52.521434,2025-07-03 09:13:41.600000,2025-07-03 09:21:51.000,24.216666666666665,6.8179761,2,3,osrm
168,delivered,2025-07-03 08:57:10,2025-07-03 09:12:06.015772,2025-07-03 09:12:16.600000,2025-07-03 09:16:09.600,18.993333333333332,0.1764038,37,1,osrm
169,delivered,2025-07-03 08:57:10,2025-07-03 09:04:25.202851,2025-07-03 09:04:25.202851,2025-07-03 09:08:52.200,11.703333333333335,0.0,9,3,osrm
170,delivered,2025-07-03 08:57:24,2025-07-03 09:09:55.928588,2025-07-03 09:16:27.341488,2025-07-03 09:15:57.600,18.56,6.523548333333333,23,3,osrm
171,delivered,2025-07-03 08:57:49,2025-07-03 09:08:46.693805,2025-07-03 09:08:46.693805,2025-07-03 09:11:39.900,13.848333333333333,0.0,46,3,osrm
172,delivered,2025-07-03 08:57:01,2025-07-03 09:08:48.989042,2025-07-03 09:24:12.973370,2025-07-03 09:30:11.900,33.181666666666665,15.3997388,33,3,osrm
173,delivered,2025-07-03 08:57:46,2025-07-03 09:10:07.656941,2025-07-03 09:36:33.301186,2025-07-03 09:34:33.000,36.78333333333333,26.427404083333332,26,3,osrm
174,delivered,2025-07-03 08:58:12,2025-07-03 09:09:19.010202,2025-07-03 09:09:19.010202,2025-07-03 09:16:25.200,18.220000000000002,0.0,54,4,osrm
175,delivered,2025-07-03 08:58:54,2025-07-03 09:13:13.134273,2025-07-03 09:24:03.300000,2025-07-03 09:31:05.400,32.190000000000005,10.836095449999998,40,2,osrm
176,delivered,2025-07-03 08:58:52,2025-07-03 09:07:22.529459,2025-07-03 09:12:57.800000,2025-07-03 09:21:06.300,22.238333333333333,5.58784235,49,3,osrm
177,delivered,2025-07-03 08:58:11,2025-07-03 09:09:17.002211,2025-07-03 09:09:17.002211,2025-07-03 09:14:27.800,16.279999999999998,0.0,41,3,osrm
178,delivered,2025-07-03 08:58:38,2025-07-03 09:12:39.157436,2025-07-03 09:13:49.100000,2025-07-03 09:18:40.400,20.040000000000003,1.1657094000000001,42,2,osrm
179,delivered,2025-07-03 08:59:03,2025-07-03 09:11:11.511817,2025-07-03 09:11:11.511817,2025-07-03 09:12:42.000,13.65,0.0,27,2,osrm
180,delivered,2025-07-03 08:59:17,2025-07-03 09:10:13.751865,2025-07-03 09:23:51.800000,2025-07-03 09:27:53.900,28.615000000000002,13.634135583333334,21,1,osrm
181,delivered,2025-07-03 09:00:30,2025-07-03 09:11:12.011563,2025-07-03 09:13:36.200000,2025-07-03 09:16:42.200,16.203333333333333,2.4031406166666667,45,1,osrm
182,delivered,2025-07-03 09:00:43,2025-07-03 09:10:33.035939,2025-07-03 09:18:11.500000,2025-07-03 09:22:22.500,21.658333333333335,7.6410676833333335,29,3,osrm
183,delivered,2025-07-03 09:00:35,2025-07-03 09:10:53.627820,2025-07-03 09:21:52.931540,2025-07-03 09:26:29.300,25.904999999999998,10.988395333333333,24,4,osrm
184,delivered,2025-07-03 09:00:46,2025-07-03 09:15:21.228264,2025-07-03 09:18:11.500000,2025-07-03 09:22:22.500,21.608333333333334,2.837862266666667,29,3,osrm
185,delivered,2025-07-03 09:00:47,2025-07-03 09:17:06.167940,2025-07-03 09:18:37.700000,2025-07-03 09:22:10.500,21.391666666666666,1.5255343333333333,20,2,osrm
186,delivered,2025-07-03 09:01:38,2025-07-03 09:21:52.931540,2025-07-03 09:21:52.931540,2025-07-03 09:26:29.300,24.855,0.0,24,4,osrm
187,delivered,2025-07-03 09:01:24,2025-07-03 09:11:36.874318,2025-07-03 09:15:19.800000,2025-07-03 09:19:07.400,17.723333333333336,3.715428033333333,32,2,osrm
188,delivered,2025-07-03 09:01:34,2025-07-03 09:12:51.354090,2025-07-03 09:24:03.700000,2025-07-03 09:27:35.500,26.025,11.205765166666668,31,2,osrm
189,delivered,2025-07-03 09:02:44,2025-07-03 09:13:23.490419,2025-07-03 09:24:02.100000,2025-07-03 09:27:19.200,24.586666666666666,10.643493016666667,50,3,osrm
190,delivered,2025-07-03 09:02:31,2025-07-03 09:07:48.227947,2025-07-03 09:08:02.000000,2025-07-03 09:13:39.300,11.138333333333332,0.22953421666666665,31,1,osrm
191,delivered,2025-07-03 09:02:13,2025-07-03 09:16:27.341488,2025-07-03 09:16:27.341488,2025-07-03 09:15:57.600,13.743333333333334,0.0,23,3,osrm
192,delivered,2025-07-03 09:02:38,2025-07-03 09:14:46.217696,2025-07-03 09:28:16.600000,2025-07-03 09:39:19.100,36.684999999999995,13.506371733333333,25,3,osrm
193,delivered,2025-07-03 09:03:38,2025-07-03 09:19:58.977327,2025-07-03 09:24:03.700000,2025-07-03 09:27:35.500,23.958333333333332,4.078711216666666,31,2,osrm
194,delivered,2025-07-03 09:03:27,2025-07-03 09:17:18.435086,2025-07-03 09:18:37.700000,2025-07-03 09:22:10.500,18.725,1.3210819,20,2,osrm
195,delivered,2025-07-03 09:03:59,2025-07-03 09:17:23.103087,2025-07-03 09:17:23.103087,2025-07-03 09:20:01.600,16.043333333333333,0.0,5,4,osrm
196,delivered,2025-07-03 09:03:01,2025-07-03 09:13:56.149658,2025-07-03 09:26:06.834586,2025-07-03 09:31:06.400,28.09,12.178082133333334,52,3,osrm
197,delivered,2025-07-03 09:04:20,2025-07-03 09:21:14.750537,2025-07-03 09:34:00.186650,2025-07-03 09:38:24.600,34.07666666666667,12.75726855,43,2,osrm
198,delivered,2025-07-03 09:05:01,2025-07-03 09:18:11.112883,2025-07-03 09:28:54.200000,2025-07-03 09:34:18.300,29.288333333333334,10.718118616666667,48,2,osrm
199,delivered,2025-07-03 09:06:19,2025-07-03 09:19:00.741010,2025-07-03 09:24:12.973370,2025-07-03 09:30:11.900,23.881666666666668,5.203872666666667,33,3,osrm
200,delivered,2025-07-03 09:06:04,2025-07-03 09:21:32.267223,2025-07-03 09:28:33.794035,2025-07-03 09:29:37.900,23.565,7.025446866666667,9,4,osrm
201,delivered,2025-07-03 09:06:41,2025-07-03 09:19:35.056652,2025-07-03 09:39:39.083331,2025-07-03 09:41:30.200,34.82,20.06711131666667,38,3,osrm
202,delivered,2025-07-03 09:06:22,2025-07-03 09:22:33.109476,2025-07-03 09:24:02.100000,2025-07-03 09:27:19.200,20.953333333333333,1.4831754,50,3,osrm
203,delivered,2025-07-03 09:06:33,2025-07-03 09:16:28.883958,2025-07-03 09:18:44.800000,2025-07-03 09:22:45.100,16.201666666666668,2.265267366666667,18,2,osrm
204,delivered,2025-07-03 09:06:30,2025-07-03 09:20:25.035818,2025-07-03 09:39:39.083331,2025-07-03 09:41:30.200,35.00333333333333,19.234125216666666,38,3,osrm
205,delivered,2025-07-03 09:07:13,2025-07-03 09:19:59.845852,2025-07-03 09:19:59.845852,2025-07-03 09:20:36.200,13.386666666666667,0.0,7,1,osrm
206,delivered,2025-07-03 09:07:45,2025-07-03 09:19:11.598541,2025-07-03 09:28:16.600000,2025-07-03 09:39:19.100,31.56833333333333,9.08335765,25,3,osrm
207,delivered,2025-07-03 09:07:42,2025-07-03 09:18:12.398442,2025-07-03 09:21:52.931540,2025-07-03 09:26:29.300,18.788333333333334,3.6755516333333333,24,4,osrm
208,delivered,2025-07-03 09:08:22,2025-07-03 09:23:48.487093,2025-07-03 09:24:21.800000,2025-07-03 09:28:57.600,20.59333333333333,0.5552151166666667,56,3,osrm
209,delivered,2025-07-03 09:08:44,2025-07-03 09:15:58.112964,2025-07-03 09:15:58.112964,2025-07-03 09:23:08.500,14.408333333333333,0.0,38,2,osrm
210,delivered,2025-07-03 09:08:17,2025-07-03 09:18:13.298018,2025-07-03 09:22:52.700000,2025-07-03 09:26:16.700,17.995,4.6566997,16,1,osrm
211,delivered,2025-07-03 09:09:46,2025-07-03 09:20:25.565047,2025-07-03 09:20:25.565047,2025-07-03 09:22:04.600,12.31,0.0,58,3,osrm
212,delivered,2025-07-03 09:09:54,2025-07-03 09:19:48.041278,2025-07-03 09:24:02.100000,2025-07-03 09:27:19.200,17.42,4.2343120333333335,50,3,osrm
213,delivered,2025-07-03 09:09:13,2025-07-03 09:17:24.814771,2025-07-03 09:17:24.814771,2025-07-03 09:21:12.200,11.986666666666668,0.0,22,4,osrm
214,delivered,2025-07-03 09:10:09,2025-07-03 09:24:12.973370,2025-07-03 09:24:12.973370,2025-07-03 09:30:11.900,20.048333333333336,0.0,33,3,osrm
215,delivered,2025-07-03 09:10:07,2025-07-03 09:22:06.533844,2025-07-03 09:23:14.800000,2025-07-03 09:26:52.500,16.758333333333333,1.1377692666666666,36,1,osrm
216,delivered,2025-07-03 09:11:42,2025-07-03 09:27:24.449165,2025-07-03 09:38:44.373608,2025-07-03 09:43:39.800,31.96333333333333,11.33207405,36,2,osrm
217,delivered,2025-07-03 09:11:26,2025-07-03 09:22:25.165834,2025-07-03 09:38:32.000000,2025-07-03 09:47:36.400,36.17333333333333,16.113902766666666,21,3,osrm
218,delivered,2025-07-03 09:11:39,2025-07-03 09:25:12.106831,2025-07-03 09:25:12.106831,2025-07-03 09:28:29.900,16.848333333333333,0.0,3,2,osrm
219,delivered,2025-07-03 09:11:48,2025-07-03 09:22:41.159805,2025-07-03 09:24:21.800000,2025-07-03 09:28:57.600,17.16,1.6773365833333334,56,3,osrm
220,delivered,2025-07-03 09:12:26,2025-07-03 09:25:13.486423,2025-07-03 09:38:52.405222,2025-07-03 09:42:43.400,30.290000000000003,13.64864665,37,2,osrm
221,delivered,2025-07-03 09:12:11,2025-07-03 09:28:33.794035,2025-07-03 09:28:33.794035,2025-07-03 09:29:37.900,17.448333333333334,0.0,9,4,osrm
222,delivered,2025-07-03 09:12:25,2025-07-03 09:22:35.075915,2025-07-03 09:23:46.600000,2025-07-03 09:27:33.400,15.139999999999999,1.1920680833333333,55,1,osrm
223,delivered,2025-07-03 09:12:41,2025-07-03 09:28:14.815926,2025-07-03 09:34:18.200000,2025-07-03 09:37:22.200,24.686666666666667,6.056401233333333,29,2,osrm
224,delivered,2025-07-03 09:12:35,2025-07-03 09:23:16.742918,2025-07-03 09:24:21.800000,2025-07-03 09:28:57.600,16.37666666666667,1.0842847,56,3,osrm
225,delivered,2025-07-03 09:12:14,2025-07-03 09:17:14.000000,2025-07-03 09:33:05.455640,2025-07-03 09:41:18.800,29.08,15.857594,46,3,osrm
226,delivered,2025-07-03 09:13:19,2025-07-03 09:21:10.200421,2025-07-03 09:34:26.132308,2025-07-03 09:42:02.300,28.721666666666668,13.26553145,12,3,osrm
227,delivered,2025-07-03 09:13:46,2025-07-03 09:26:51.828340,2025-07-03 09:44:25.600000,2025-07-03 09:50:16.900,36.515,17.562861,1,2,osrm
228,delivered,2025-07-03 09:13:47,2025-07-03 09:30:17.881963,2025-07-03 09:38:24.100000,2025-07-03 09:44:22.600,30.59333333333333,8.103633949999999,47,2,osrm
229,delivered,2025-07-03 09:14:02,2025-07-03 09:24:47.908886,2025-07-03 09:24:47.908886,2025-07-03 09:25:44.500,11.708333333333334,0.0,34,1,osrm
230,delivered,2025-07-03 09:14:29,2025-07-03 09:30:52.578989,2025-07-03 09:42:29.000000,2025-07-03 09:47:15.400,32.77333333333333,11.60701685,18,2,osrm
231,delivered,2025-07-03 09:14:20,2025-07-03 09:22:30.900500,2025-07-03 09:38:32.000000,2025-07-03 09:47:36.400,33.27333333333333,16.018325,21,3,osrm
232,delivered,2025-07-03 09:14:04,2025-07-03 09:21:05.987306,2025-07-03 09:23:48.500000,2025-07-03 09:29:44.100,15.668333333333333,2.7085449,19,2,osrm
233,delivered,2025-07-03 09:14:02,2025-07-03 09:24:32.578695,2025-07-03 09:28:16.600000,2025-07-03 09:39:19.100,25.285,3.733688416666667,25,3,osrm
234,delivered,2025-07-03 09:14:49,2025-07-03 09:24:38.413257,2025-07-03 09:29:16.800000,2025-07-03 09:32:37.500,17.808333333333334,4.6397790500000005,8,2,osrm
235,delivered,2025-07-03 09:15:49,2025-07-03 09:29:00.388331,2025-07-03 09:48:32.027315,2025-07-03 09:50:04.700,34.26166666666666,19.5273164,40,2,osrm
236,delivered,2025-07-03 09:16:02,2025-07-03 09:25:40.314083,2025-07-03 09:38:32.000000,2025-07-03 09:47:36.400,31.573333333333334,12.86143195,21,3,osrm
237,delivered,2025-07-03 09:16:26,2025-07-03 09:27:02.553662,2025-07-03 09:28:54.200000,2025-07-03 09:34:18.300,17.871666666666666,1.8607723,48,2,osrm
238,delivered,2025-07-03 09:16:53,2025-07-03 09:27:37.087398,2025-07-03 09:43:13.100000,2025-07-03 09:48:38.300,31.755,15.600210033333333,35,3,osrm
239,delivered,2025-07-03 09:17:37,2025-07-03 09:28:24.411483,2025-07-03 09:36:33.301186,2025-07-03 09:34:33.000,16.933333333333334,8.148161716666667,26,3,osrm
240,delivered,2025-07-03 09:17:47,2025-07-03 09:30:04.028942,2025-07-03 09:33:05.455640,2025-07-03 09:41:18.800,23.529999999999998,3.0237782999999996,46,3,osrm
241,delivered,2025-07-03 09:17:46,2025-07-03 09:26:06.834586,2025-07-03 09:26:06.834586,2025-07-03 09:31:06.400,13.34,0.0,52,3,osrm
242,delivered,2025-07-03 09:17:09,2025-07-03 09:22:16.106752,2025-07-03 09:38:40.100000,2025-07-03 09:44:07.100,26.96833333333333,16.399887466666666,9,2,osrm
243,delivered,2025-07-03 09:17:56,2025-07-03 09:30:44.448251,2025-07-03 09:34:18.200000,2025-07-03 09:37:22.200,19.436666666666667,3.56252915,29,2,osrm
244,delivered,2025-07-03 09:18:40,2025-07-03 09:32:44.797979,2025-07-03 09:38:34.800000,2025-07-03 09:44:10.500,25.508333333333333,5.833367016666667,34,4,osrm
245,delivered,2025-07-03 09:19:59,2025-07-03 09:34:26.132308,2025-07-03 09:34:26.132308,2025-07-03 09:42:02.300,22.055,0.0,12,3,osrm
246,delivered,2025-07-03 09:19:15,2025-07-03 09:26:33.367320,2025-07-03 09:29:16.800000,2025-07-03 09:32:37.500,13.375,2.723878,8,2,osrm
247,delivered,2025-07-03 09:20:52,2025-07-03 09:31:40.322628,2025-07-03 09:57:19.981336,2025-07-03 09:52:32.800,31.68,25.660978466666666,17,3,osrm
248,delivered,2025-07-03 09:20:04,2025-07-03 09:29:30.764882,2025-07-03 09:48:21.628927,2025-07-03 09:49:27.700,29.395,18.847734083333332,13,3,osrm
249,delivered,2025-07-03 09:21:01,2025-07-03 09:31:21.458074,2025-07-03 09:48:21.628927,2025-07-03 09:49:27.700,28.445,17.00284755,13,3,osrm
250,delivered,2025-07-03 09:21:35,2025-07-03 09:32:43.100229,2025-07-03 09:42:48.800000,2025-07-03 09:47:05.100,25.501666666666665,10.094996183333334,4,3,osrm
251,delivered,2025-07-03 09:21:14,2025-07-03 09:28:24.485951,2025-07-03 09:47:49.995805,2025-07-03 09:50:34.200,29.336666666666666,19.42516423333333,30,3,osrm
252,delivered,2025-07-03 09:22:19,2025-07-03 09:34:00.186650,2025-07-03 09:34:00.186650,2025-07-03 09:38:24.600,16.093333333333334,0.0,43,2,osrm
253,delivered,2025-07-03 09:22:07,2025-07-03 09:38:44.373608,2025-07-03 09:38:44.373608,2025-07-03 09:43:39.800,21.546666666666667,0.0,36,2,osrm
254,delivered,2025-07-03 09:22:01,2025-07-03 09:33:15.824663,2025-07-03 09:50:44.703276,2025-07-03 09:51:31.900,29.515,17.481310216666667,29,3,osrm
255,delivered,2025-07-03 09:22:00,2025-07-03 09:35:20.211723,2025-07-03 09:38:34.200000,2025-07-03 09:42:24.100,20.401666666666664,3.23313795,23,2,osrm
256,delivered,2025-07-03 09:22:17,2025-07-03 09:37:28.006963,2025-07-03 09:38:40.100000,2025-07-03 09:44:07.100,21.834999999999997,1.2015506166666665,9,2,osrm
257,delivered,2025-07-03 09:23:45,2025-07-03 09:36:33.301186,2025-07-03 09:36:33.301186,2025-07-03 09:34:33.000,10.8,0.0,26,3,osrm
258,delivered,2025-07-03 09:23:50,2025-07-03 09:36:39.289835,2025-07-03 09:38:34.800000,2025-07-03 09:44:10.500,20.341666666666665,1.9251694166666666,34,4,osrm
259,delivered,2025-07-03 09:23:44,2025-07-03 09:34:56.124751,2025-07-03 09:38:34.800000,2025-07-03 09:44:10.500,20.441666666666666,3.6445874833333334,34,4,osrm
260,delivered,2025-07-03 09:23:49,2025-07-03 09:32:26.295486,2025-07-03 09:47:48.900000,2025-07-03 09:58:40.000,34.85,15.3767419,19,3,osrm
261,delivered,2025-07-03 09:23:41,2025-07-03 09:38:38.804008,2025-07-03 09:52:19.000000,2025-07-03 10:01:48.800,38.13,13.669933200000001,34,2,osrm
262,delivered,2025-07-03 09:24:13,2025-07-03 09:37:23.061598,2025-07-03 09:40:20.100000,2025-07-03 09:43:47.700,19.578333333333333,2.9506400333333334,11,1,osrm
263,delivered,2025-07-03 09:24:24,2025-07-03 09:39:29.760874,2025-07-03 09:43:13.100000,2025-07-03 09:48:38.300,24.238333333333333,3.7223187666666666,35,3,osrm
264,delivered,2025-07-03 09:24:02,2025-07-03 09:33:05.455640,2025-07-03 09:33:05.455640,2025-07-03 09:41:18.800,17.279999999999998,0.0,46,3,osrm
265,delivered,2025-07-03 09:24:07,2025-07-03 09:32:05.573953,2025-07-03 09:47:48.900000,2025-07-03 09:58:40.000,34.55,15.722100783333333,19,3,osrm
266,delivered,2025-07-03 09:25:27,2025-07-03 09:39:58.318826,2025-07-03 09:47:49.995805,2025-07-03 09:50:34.200,25.12,7.861282983333334,30,3,osrm
267,delivered,2025-07-03 09:26:00,2025-07-03 09:37:27.366813,2025-07-03 09:38:24.100000,2025-07-03 09:44:22.600,18.376666666666665,0.9455531166666666,47,2,osrm
268,delivered,2025-07-03 09:26:42,2025-07-03 09:38:07.410872,2025-07-03 09:54:34.700000,2025-07-03 10:00:45.800,34.06333333333333,16.4548188,37,4,osrm
269,delivered,2025-07-03 09:27:00,2025-07-03 09:37:46.551537,2025-07-03 09:42:48.800000,2025-07-03 09:47:05.100,20.084999999999997,5.0374743833333335,4,3,osrm
270,delivered,2025-07-03 09:27:43,2025-07-03 09:40:22.619208,2025-07-03 09:42:48.800000,2025-07-03 09:47:05.100,19.368333333333332,2.4363465333333334,4,3,osrm
271,delivered,2025-07-03 09:27:51,2025-07-03 09:38:52.405222,2025-07-03 09:38:52.405222,2025-07-03 09:42:43.400,14.873333333333333,0.0,37,2,osrm
272,delivered,2025-07-03 09:27:27,2025-07-03 09:38:06.909349,2025-07-03 09:38:34.800000,2025-07-03 09:44:10.500,16.725,0.4648441833333333,34,4,osrm
273,delivered,2025-07-03 09:27:28,2025-07-03 09:39:39.083331,2025-07-03 09:39:39.083331,2025-07-03 09:41:30.200,14.036666666666667,0.0,38,3,osrm
274,delivered,2025-07-03 09:27:36,2025-07-03 09:37:26.034170,2025-07-03 09:39:17.400000,2025-07-03 09:43:11.800,15.596666666666666,1.8560971666666668,51,1,osrm
275,delivered,2025-07-03 09:28:37,2025-07-03 09:40:41.845073,2025-07-03 09:44:25.600000,2025-07-03 09:50:16.900,21.665000000000003,3.7292487833333334,1,2,osrm
276,delivered,2025-07-03 09:28:10,2025-07-03 09:39:19.830381,2025-07-03 10:01:04.413976,2025-07-03 09:57:00.200,28.836666666666666,21.743059916666667,50,3,osrm
277,delivered,2025-07-03 09:28:04,2025-07-03 09:36:32.188700,2025-07-03 09:52:19.000000,2025-07-03 10:01:48.800,33.74666666666666,15.780188333333333,34,2,osrm
278,delivered,2025-07-03 09:28:11,2025-07-03 09:37:41.912469,2025-07-03 09:52:29.000000,2025-07-03 09:59:03.600,30.876666666666665,14.784792183333334,14,2,osrm
279,delivered,2025-07-03 09:29:45,2025-07-03 09:38:21.953166,2025-07-03 09:38:34.200000,2025-07-03 09:42:24.100,12.651666666666667,0.2041139,23,2,osrm
280,delivered,2025-07-03 09:29:05,2025-07-03 09:37:16.932409,2025-07-03 09:39:40.000000,2025-07-03 09:42:36.000,13.516666666666667,2.38445985,50,1,osrm
281,delivered,2025-07-03 09:30:49,2025-07-03 09:40:09.426591,2025-07-03 09:43:13.100000,2025-07-03 09:48:38.300,17.821666666666665,3.0612234833333334,35,3,osrm
282,delivered,2025-07-03 09:30:15,2025-07-03 09:41:47.087157,2025-07-03 09:42:29.000000,2025-07-03 09:47:15.400,17.006666666666668,0.6985473833333333,18,2,osrm
283,delivered,2025-07-03 09:30:59,2025-07-03 09:45:41.701688,2025-07-03 09:52:47.300000,2025-07-03 09:57:48.000,26.816666666666666,7.0933052000000005,52,1,osrm
284,delivered,2025-07-03 09:30:25,2025-07-03 09:43:40.208881,2025-07-03 09:47:48.900000,2025-07-03 09:58:40.000,28.25,4.144851983333333,19,3,osrm
285,delivered,2025-07-03 09:31:25,2025-07-03 09:48:55.171107,2025-07-03 09:57:19.981336,2025-07-03 09:52:32.800,21.13,8.413503816666667,17,3,osrm
286,delivered,2025-07-03 09:31:59,2025-07-03 09:38:58.377342,2025-07-03 09:54:34.700000,2025-07-03 10:00:45.800,28.779999999999998,15.605377633333335,37,4,osrm
287,delivered,2025-07-03 09:32:01,2025-07-03 09:48:10.874694,2025-07-03 09:48:10.874694,2025-07-03 09:53:05.800,21.08,0.0,42,1,osrm
288,delivered,2025-07-03 09:32:23,2025-07-03 09:49:09.877643,2025-07-03 10:03:51.700000,2025-07-03 10:07:43.900,35.348333333333336,14.697039283333334,7,1,osrm
289,delivered,2025-07-03 09:32:06,2025-07-03 09:48:21.628927,2025-07-03 09:48:21.628927,2025-07-03 09:49:27.700,17.361666666666668,0.0,13,3,osrm
290,delivered,2025-07-03 09:32:48,2025-07-03 09:48:42.841584,2025-07-03 09:48:43.600000,2025-07-03 09:53:20.700,20.545,0.012640266666666667,56,2,osrm
291,delivered,2025-07-03 09:33:10,2025-07-03 09:51:05.623676,2025-07-03 09:53:48.500000,2025-07-03 09:59:52.000,26.7,2.7146054000000004,8,2,osrm
292,delivered,2025-07-03 09:34:58,2025-07-03 09:48:32.027315,2025-07-03 09:48:32.027315,2025-07-03 09:50:04.700,15.111666666666668,0.0,40,2,osrm
293,delivered,2025-07-03 09:34:58,2025-07-03 09:47:49.995805,2025-07-03 09:47:49.995805,2025-07-03 09:50:34.200,15.603333333333333,0.0,30,3,osrm
294,delivered,2025-07-03 09:34:36,2025-07-03 09:46:41.642403,2025-07-03 10:03:42.500000,2025-07-03 10:06:01.000,31.416666666666668,17.014293283333334,20,1,osrm
295,delivered,2025-07-03 09:35:00,2025-07-03 09:49:21.385434,2025-07-03 09:57:40.600000,2025-07-03 10:03:49.300,28.821666666666665,8.320242766666667,53,1,osrm
296,delivered,2025-07-03 09:35:17,2025-07-03 09:50:44.703276,2025-07-03 09:50:44.703276,2025-07-03 09:51:31.900,16.24833333333333,0.0,29,3,osrm
297,delivered,2025-07-03 09:35:42,2025-07-03 09:48:21.310183,2025-07-03 09:48:32.400000,2025-07-03 09:50:55.300,15.221666666666666,0.18483028333333335,39,1,osrm
298,delivered,2025-07-03 09:35:32,2025-07-03 09:50:05.400539,2025-07-03 09:54:34.100000,2025-07-03 09:59:17.200,23.753333333333334,4.478324349999999,11,2,osrm
299,delivered,2025-07-03 09:36:15,2025-07-03 09:46:54.114402,2025-07-03 09:57:58.200000,2025-07-03 10:03:45.500,27.508333333333333,11.0680933,58,2,osrm
300,delivered,2025-07-03 09:36:48,2025-07-03 09:50:28.333393,2025-07-03 09:53:58.300000,2025-07-03 09:57:07.300,20.321666666666665,3.4994434500000002,26,1,osrm
301,delivered,2025-07-03 09:37:36,2025-07-03 09:50:15.151571,2025-07-03 10:02:56.600000,2025-07-03 10:06:02.500,28.441666666666666,12.690807150000001,30,1,osrm
302,delivered,2025-07-03 09:38:41,2025-07-03 09:53:02.706190,2025-07-03 09:53:28.300000,2025-07-03 09:57:32.100,18.851666666666667,0.42656350000000004,46,2,osrm
303,delivered,2025-07-03 09:38:51,2025-07-03 09:51:19.812074,2025-07-03 09:58:24.853024,2025-07-03 10:03:57.300,25.105,7.084015833333334,13,2,osrm
304,delivered,2025-07-03 09:38:24,2025-07-03 09:48:28.487325,2025-07-03 09:50:44.703276,2025-07-03 09:51:31.900,13.131666666666666,2.27026585,29,3,osrm
305,delivered,2025-07-03 09:38:39,2025-07-03 09:48:26.742448,2025-07-03 09:48:43.600000,2025-07-03 09:53:20.700,14.695,0.28095919999999996,56,2,osrm
306,delivered,2025-07-03 09:38:40,2025-07-03 09:52:36.335464,2025-07-03 09:53:46.100000,2025-07-03 09:57:44.400,19.073333333333334,1.1627422666666667,51,1,osrm
307,delivered,2025-07-03 09:38:59,2025-07-03 09:54:26.448708,2025-07-03 09:57:58.200000,2025-07-03 10:03:45.500,24.775,3.5291882,58,2,osrm
308,delivered,2025-07-03 09:38:19,2025-07-03 09:52:55.268928,2025-07-03 09:54:34.700000,2025-07-03 10:00:45.800,22.446666666666665,1.6571845333333333,37,4,osrm
309,delivered,2025-07-03 09:39:05,2025-07-03 09:53:08.999441,2025-07-03 09:53:48.500000,2025-07-03 09:59:52.000,20.783333333333335,0.65834265,8,2,osrm
310,delivered,2025-07-03 09:40:38,2025-07-03 09:54:54.363833,2025-07-03 10:05:04.200000,2025-07-03 10:09:10.300,28.538333333333334,10.163936116666667,23,1,osrm
311,delivered,2025-07-03 09:40:11,2025-07-03 09:51:29.568223,2025-07-03 09:53:28.300000,2025-07-03 09:57:32.100,17.351666666666667,1.97886295,46,2,osrm
312,delivered,2025-07-03 09:40:38,2025-07-03 09:50:35.493227,2025-07-03 09:52:29.000000,2025-07-03 09:59:03.600,18.426666666666666,1.8917795499999999,14,2,osrm
313,delivered,2025-07-03 09:40:42,2025-07-03 09:50:37.561833,2025-07-03 09:54:34.100000,2025-07-03 09:59:17.200,18.586666666666666,3.942302783333333,11,2,osrm
314,delivered,2025-07-03 09:41:46,2025-07-03 09:51:50.724035,2025-07-03 10:02:43.800000,2025-07-03 10:06:25.300,24.654999999999998,10.884599416666667,12,1,osrm
315,delivered,2025-07-03 09:41:53,2025-07-03 09:52:09.528294,2025-07-03 10:01:04.413976,2025-07-03 09:57:00.200,15.120000000000001,8.914761366666665,50,3,osrm
316,delivered,2025-07-03 09:42:03,2025-07-03 09:54:57.146417,2025-07-03 09:54:57.146417,2025-07-03 10:00:00.300,17.955,0.0,48,2,osrm
317,delivered,2025-07-03 09:42:18,2025-07-03 09:52:50.224687,2025-07-03 09:53:07.500000,2025-07-03 09:57:49.500,15.525,0.28792188333333335,36,1,osrm
318,delivered,2025-07-03 09:42:36,2025-07-03 09:57:19.981336,2025-07-03 09:57:19.981336,2025-07-03 09:52:32.800,9.946666666666665,0.0,17,3,osrm
319,delivered,2025-07-03 09:43:41,2025-07-03 09:49:25.913583,2025-07-03 09:54:57.146417,2025-07-03 10:00:00.300,16.321666666666665,5.520547233333334,48,2,osrm
320,delivered,2025-07-03 09:44:17,2025-07-03 09:51:59.973761,2025-07-03 09:53:45.100000,2025-07-03 09:56:24.200,12.120000000000001,1.7521039833333334,24,1,osrm
321,delivered,2025-07-03 09:45:12,2025-07-03 09:53:11.164371,2025-07-03 09:58:01.277070,2025-07-03 10:02:42.200,17.503333333333334,4.835211650000001,4,2,osrm
322,delivered,2025-07-03 09:45:46,2025-07-03 10:02:34.907998,2025-07-03 10:04:03.000000,2025-07-03 10:06:42.900,20.948333333333334,1.4682000333333332,35,1,osrm
323,delivered,2025-07-03 09:46:34,2025-07-03 09:59:04.179163,2025-07-03 10:05:43.300000,2025-07-03 10:09:56.900,23.381666666666668,6.65201395,5,1,osrm
324,delivered,2025-07-03 09:46:25,2025-07-03 10:01:04.413976,2025-07-03 10:01:04.413976,2025-07-03 09:57:00.200,10.586666666666668,0.0,50,3,osrm
325,delivered,2025-07-03 09:47:04,2025-07-03 10:02:54.344301,2025-07-03 10:02:54.344301,2025-07-03 10:02:12.600,15.143333333333334,0.0,9,2,osrm
326,delivered,2025-07-03 09:48:46,2025-07-03 10:01:05.646836,2025-07-03 10:03:01.200000,2025-07-03 10:04:35.100,15.818333333333333,1.9258860666666666,55,1,osrm
327,delivered,2025-07-03 09:48:05,2025-07-03 10:02:15.411659,2025-07-03 10:04:27.300000,2025-07-03 10:07:34.700,19.495,2.1981390166666666,47,1,osrm
328,delivered,2025-07-03 09:48:58,2025-07-03 09:58:25.371549,2025-07-03 10:04:35.500000,2025-07-03 10:08:38.100,19.668333333333333,6.168807516666666,38,1,osrm
329,delivered,2025-07-03 09:48:58,2025-07-03 10:00:53.722104,2025-07-03 10:02:21.100000,2025-07-03 10:05:28.200,16.503333333333334,1.4562982666666668,42,1,osrm
330,delivered,2025-07-03 09:48:09,2025-07-03 09:55:55.413394,2025-07-03 10:02:42.200000,2025-07-03 10:06:33.300,18.404999999999998,6.779776766666667,27,1,osrm
331,delivered,2025-07-03 09:49:19,2025-07-03 10:09:31.323940,2025-07-03 10:09:31.323940,2025-07-03 10:10:25.400,21.10666666666667,0.0,44,1,osrm
332,delivered,2025-07-03 09:50:46,2025-07-03 10:03:36.793325,2025-07-03 10:04:41.700000,2025-07-03 10:06:05.000,15.316666666666666,1.0817779166666668,56,1,osrm
333,delivered,2025-07-03 09:50:24,2025-07-03 10:02:02.638325,2025-07-03 10:05:40.400000,2025-07-03 10:09:22.100,18.96833333333333,3.62936125,25,1,osrm
334,delivered,2025-07-03 09:52:11,2025-07-03 09:58:01.277070,2025-07-03 09:58:01.277070,2025-07-03 10:02:42.200,10.520000000000001,0.0,4,2,osrm
335,delivered,2025-07-03 09:52:21,2025-07-03 10:13:05.914019,2025-07-03 10:13:05.914019,2025-07-03 10:17:30.600,25.16,0.0,9,1,osrm
336,delivered,2025-07-03 09:52:21,2025-07-03 10:04:18.895482,2025-07-03 10:04:39.400000,2025-07-03 10:08:42.100,16.351666666666667,0.3417419666666667,1,1,osrm
337,delivered,2025-07-03 09:52:46,2025-07-03 10:02:01.825981,2025-07-03 10:05:16.400000,2025-07-03 10:07:43.200,14.953333333333335,3.2429003166666663,33,1,osrm
338,delivered,2025-07-03 09:53:10,2025-07-03 10:06:46.522283,2025-07-03 10:08:01.200000,2025-07-03 10:10:48.000,17.633333333333333,1.2446286166666667,51,1,osrm
339,delivered,2025-07-03 09:53:11,2025-07-03 09:58:24.853024,2025-07-03 09:58:24.853024,2025-07-03 10:03:57.300,10.771666666666667,0.0,13,2,osrm
340,delivered,2025-07-03 09:54:56,2025-07-03 10:08:19.860837,2025-07-03 10:08:19.860837,2025-07-03 10:12:03.100,17.118333333333332,0.0,50,1,osrm
341,delivered,2025-07-03 09:55:12,2025-07-03 10:03:23.339257,2025-07-03 10:03:43.600000,2025-07-03 10:07:01.600,11.826666666666666,0.33767905000000004,43,1,osrm
342,delivered,2025-07-03 09:56:15,2025-07-03 10:05:54.668694,2025-07-03 10:07:55.500000,2025-07-03 10:11:01.700,14.778333333333334,2.0138551,26,1,osrm
343,delivered,2025-07-03 09:57:05,2025-07-03 10:12:11.488749,2025-07-03 10:13:37.500000,2025-07-03 10:16:14.800,19.163333333333334,1.43352085,16,1,osrm
344,delivered,2025-07-03 09:57:40,2025-07-03 10:15:36.927077,2025-07-03 10:17:54.300000,2025-07-03 10:22:17.200,24.62,2.2895487166666664,20,1,osrm
345,delivered,2025-07-03 09:57:58,2025-07-03 10:08:08.892753,2025-07-03 10:08:08.892753,2025-07-03 10:13:04.700,15.111666666666668,0.0,36,1,osrm
346,delivered,2025-07-03 09:58:46,2025-07-03 10:11:35.266803,2025-07-03 10:14:36.900000,2025-07-03 10:15:37.100,16.851666666666667,3.02721995,29,1,osrm
347,delivered,2025-07-03 09:58:05,2025-07-03 10:07:41.307434,2025-07-03 10:07:41.307434,2025-07-03 10:09:12.800,11.129999999999999,0.0,21,1,osrm
348,delivered,2025-07-03 10:00:54,2025-07-03 10:10:16.388358,2025-07-03 10:13:41.400000,2025-07-03 10:18:07.500,17.225,3.4168607,49,1,osrm
349,delivered,2025-07-03 10:00:03,2025-07-03 10:11:00.613695,2025-07-03 10:13:48.500000,2025-07-03 10:17:02.100,16.985,2.798105083333333,37,1,osrm
350,delivered,2025-07-03 10:00:23,2025-07-03 10:15:03.033212,2025-07-03 10:18:54.500000,2025-07-03 10:20:40.700,20.295,3.8577798000000003,38,1,osrm
351,delivered,2025-07-03 10:00:49,2025-07-03 10:13:21.852198,2025-07-03 10:13:51.700000,2025-07-03 10:17:25.300,16.605,0.4974633666666667,59,1,osrm
352,delivered,2025-07-03 10:00:23,2025-07-03 10:15:13.883809,2025-07-03 10:18:36.800000,2025-07-03 10:20:27.600,20.076666666666664,3.381936516666667,3,1,osrm
353,delivered,2025-07-03 10:01:58,2025-07-03 10:10:34.906449,2025-07-03 10:19:30.000000,2025-07-03 10:22:52.400,20.90666666666667,8.91822585,46,1,osrm
354,delivered,2025-07-03 10:02:38,2025-07-03 10:17:54.243648,2025-07-03 10:18:35.400000,2025-07-03 10:22:54.600,20.276666666666664,0.6859392,42,1,osrm
355,delivered,2025-07-03 10:02:30,2025-07-03 10:13:32.430294,2025-07-03 10:18:07.500000,2025-07-03 10:22:05.000,19.583333333333332,4.5844951,43,1,osrm
356,delivered,2025-07-03 10:03:44,2025-07-03 10:18:32.743963,2025-07-03 10:18:32.743963,2025-07-03 10:21:43.200,17.986666666666668,0.0,11,1,osrm
357,delivered,2025-07-03 10:03:26,2025-07-03 10:16:51.236230,2025-07-03 10:19:30.000000,2025-07-03 10:24:20.100,20.901666666666664,2.646062833333333,17,1,osrm
358,delivered,2025-07-03 10:03:19,2025-07-03 10:16:36.465124,2025-07-03 10:17:22.200000,2025-07-03 10:19:34.400,16.256666666666668,0.7622479333333333,22,1,osrm
359,delivered,2025-07-03 10:04:15,2025-07-03 10:19:28.529098,2025-07-03 10:19:28.529098,2025-07-03 10:19:09.600,14.91,0.0,48,1,osrm
360,delivered,2025-07-03 10:05:32,2025-07-03 10:16:52.731943,2025-07-03 10:18:19.300000,2025-07-03 10:21:14.900,15.715,1.4428009499999999,27,1,osrm
361,delivered,2025-07-03 10:05:22,2025-07-03 10:17:45.697154,2025-07-03 10:18:12.800000,2025-07-03 10:22:53.400,17.523333333333333,0.4517141,33,1,osrm
362,delivered,2025-07-03 10:06:01,2025-07-03 10:20:30.607658,2025-07-03 10:23:41.400000,2025-07-03 10:26:20.000,20.316666666666666,3.1798723666666664,36,1,osrm
363,delivered,2025-07-03 10:06:56,2025-07-03 10:19:03.076465,2025-07-03 10:19:03.076465,2025-07-03 10:20:55.400,13.99,0.0,32,1,osrm
364,delivered,2025-07-03 10:07:02,2025-07-03 10:18:15.028659,2025-07-03 10:18:36.600000,2025-07-03 10:20:45.800,13.729999999999999,0.35952235,21,1,osrm
365,delivered,2025-07-03 10:08:32,2025-07-03 10:17:45.708396,2025-07-03 10:18:25.000000,2025-07-03 10:24:09.900,15.631666666666666,0.6548600666666666,14,1,osrm
366,delivered,2025-07-03 10:08:58,2025-07-03 10:21:36.589060,2025-07-03 10:25:05.600000,2025-07-03 10:28:28.300,19.505,3.483515666666667,54,1,osrm
367,delivered,2025-07-03 10:10:45,2025-07-03 10:16:30.707995,2025-07-03 10:17:39.900000,2025-07-03 10:22:08.800,11.396666666666667,1.1532000833333333,8,1,osrm
368,delivered,2025-07-03 10:10:10,2025-07-03 10:24:31.505038,2025-07-03 10:24:31.505038,2025-07-03 10:25:28.900,15.315,0.0,40,1,osrm
369,delivered,2025-07-03 10:10:16,2025-07-03 10:22:40.587999,2025-07-03 10:24:40.100000,2025-07-03 10:27:38.000,17.366666666666667,1.9918666833333334,57,1,osrm
370,delivered,2025-07-03 10:11:54,2025-07-03 10:19:22.167277,2025-07-03 10:19:32.100000,2025-07-03 10:23:49.400,11.923333333333334,0.16554538333333332,2,1,osrm
371,delivered,2025-07-03 10:11:13,2025-07-03 10:20:23.767580,2025-07-03 10:23:14.900000,2025-07-03 10:23:43.800,12.513333333333332,2.852207,45,1,osrm
372,delivered,2025-07-03 10:12:25,2025-07-03 10:29:18.799573,2025-07-03 10:29:58.200000,2025-07-03 10:31:09.800,18.746666666666666,0.6566737833333334,50,1,osrm
373,delivered,2025-07-03 10:12:39,2025-07-03 10:25:34.132813,2025-07-03 10:29:55.700000,2025-07-03 10:32:29.900,19.848333333333336,4.359453116666667,29,1,osrm
374,delivered,2025-07-03 10:14:27,2025-07-03 10:25:21.749574,2025-07-03 10:29:31.500000,2025-07-03 10:31:30.300,17.055,4.1625071,16,1,osrm
375,delivered,2025-07-03 10:16:52,2025-07-03 10:27:56.311918,2025-07-03 10:29:51.600000,2025-07-03 10:31:32.000,14.666666666666666,1.9214680333333334,59,1,osrm
376,delivered,2025-07-03 10:18:58,2025-07-03 10:33:31.042800,2025-07-03 10:33:31.042800,2025-07-03 10:34:35.500,15.625,0.0,45,1,osrm
377,delivered,2025-07-03 10:18:16,2025-07-03 10:26:35.915259,2025-07-03 10:29:12.400000,2025-07-03 10:30:46.100,12.501666666666667,2.6080790166666667,30,1,osrm
378,delivered,2025-07-03 10:18:28,2025-07-03 10:27:48.708388,2025-07-03 10:27:59.700000,2025-07-03 10:33:00.700,14.545,0.18319353333333332,9,1,osrm
379,delivered,2025-07-03 10:19:22,2025-07-03 10:30:14.697704,2025-07-03 10:34:27.700000,2025-07-03 10:35:45.700,16.395,4.216704933333333,32,1,osrm
380,delivered,2025-07-03 10:20:31,2025-07-03 10:28:41.448260,2025-07-03 10:28:41.448260,2025-07-03 10:31:09.600,10.643333333333334,0.0,41,1,osrm
381,delivered,2025-07-03 10:21:05,2025-07-03 10:36:54.538856,2025-07-03 10:38:08.300000,2025-07-03 10:41:46.800,20.696666666666665,1.2293524,13,1,osrm
382,delivered,2025-07-03 10:22:31,2025-07-03 10:37:40.036212,2025-07-03 10:39:12.400000,2025-07-03 10:40:59.700,18.478333333333335,1.5393964666666666,40,1,osrm
383,delivered,2025-07-03 10:22:53,2025-07-03 10:35:46.043631,2025-07-03 10:37:22.700000,2025-07-03 10:36:23.600,13.51,1.6109394833333333,24,1,osrm
384,delivered,2025-07-03 10:22:40,2025-07-03 10:32:29.508007,2025-07-03 10:34:23.800000,2025-07-03 10:35:22.500,12.708333333333334,1.9048665500000002,42,1,osrm
385,delivered,2025-07-03 10:22:50,2025-07-03 10:37:26.656905,2025-07-03 10:38:24.600000,2025-07-03 10:41:38.600,18.81,0.96571825,54,1,osrm
386,delivered,2025-07-03 10:23:37,2025-07-03 10:40:01.520551,2025-07-03 10:40:01.520551,2025-07-03 10:42:20.700,18.728333333333335,0.0,26,1,osrm
387,delivered,2025-07-03 10:23:17,2025-07-03 10:35:33.582680,2025-07-03 10:39:26.500000,2025-07-03 10:41:25.300,18.138333333333332,3.881955333333333,23,1,osrm
388,delivered,2025-07-03 10:24:25,2025-07-03 10:35:54.064630,2025-07-03 10:39:41.500000,2025-07-03 10:43:58.400,19.55666666666667,3.7905895000000003,12,1,osrm
389,delivered,2025-07-03 10:24:43,2025-07-03 10:37:39.258343,2025-07-03 10:37:39.258343,2025-07-03 10:41:48.800,17.096666666666668,0.0,58,1,osrm
390,delivered,2025-07-03 10:25:47,2025-07-03 10:39:08.027003,2025-07-03 10:39:08.027003,2025-07-03 10:40:59.400,15.206666666666667,0.0,28,1,osrm
391,delivered,2025-07-03 10:26:29,2025-07-03 10:31:29.000000,2025-07-03 10:32:14.500000,2025-07-03 10:36:43.600,10.243333333333334,0.7583333333333333,17,1,osrm
392,delivered,2025-07-03 10:26:24,2025-07-03 10:34:38.192190,2025-07-03 10:34:38.192190,2025-07-03 10:36:37.300,10.221666666666666,0.0,51,1,osrm
393,delivered,2025-07-03 10:26:39,2025-07-03 10:34:41.755093,2025-07-03 10:34:41.755093,2025-07-03 10:36:02.200,9.386666666666667,0.0,20,1,osrm
394,delivered,2025-07-03 10:27:19,2025-07-03 10:41:52.145102,2025-07-03 10:42:36.200000,2025-07-03 10:44:09.800,16.846666666666668,0.7342483000000001,33,1,osrm
395,delivered,2025-07-03 10:27:31,2025-07-03 10:40:49.335711,2025-07-03 10:43:07.700000,2025-07-03 10:45:46.600,18.259999999999998,2.3060714833333336,10,1,osrm
396,delivered,2025-07-03 10:29:31,2025-07-03 10:38:04.119753,2025-07-03 10:39:40.100000,2025-07-03 10:41:52.600,12.360000000000001,1.5996707833333335,6,1,osrm
397,delivered,2025-07-03 10:29:59,2025-07-03 10:38:47.233083,2025-07-03 10:38:47.233083,2025-07-03 10:41:22.200,11.386666666666667,0.0,57,1,osrm
398,delivered,2025-07-03 10:29:21,2025-07-03 10:39:34.289119,2025-07-03 10:39:34.289119,2025-07-03 10:42:37.800,13.28,0.0,35,1,osrm
399,delivered,2025-07-03 10:29:46,2025-07-03 10:35:41.309751,2025-07-03 10:38:52.600000,2025-07-03 10:43:53.200,14.120000000000001,3.1881708166666667,46,1,osrm
400,delivered,2025-07-03 10:29:30,2025-07-03 10:41:01.493124,2025-07-03 10:44:04.300000,2025-07-03 10:46:44.600,17.243333333333332,3.0467812666666663,8,1,osrm
401,delivered,2025-07-03 10:30:07,2025-07-03 10:40:29.850325,2025-07-03 10:44:19.000000,2025-07-03 10:45:14.300,15.121666666666666,3.81916125,27,1,osrm
402,delivered,2025-07-03 10:30:03,2025-07-03 10:40:41.996456,2025-07-03 10:42:52.500000,2025-07-03 10:46:50.500,16.791666666666668,2.175059066666667,41,1,osrm
403,delivered,2025-07-03 10:31:38,2025-07-03 10:41:43.363334,2025-07-03 10:43:08.300000,2025-07-03 10:46:44.900,15.115,1.4156111,14,1,osrm
404,delivered,2025-07-03 10:31:07,2025-07-03 10:44:32.760205,2025-07-03 10:44:32.760205,2025-07-03 10:47:36.700,16.495,0.0,3,1,osrm
405,delivered,2025-07-03 10:31:35,2025-07-03 10:43:48.351652,2025-07-03 10:44:41.200000,2025-07-03 10:46:53.100,15.301666666666668,0.8808058,16,1,osrm
406,delivered,2025-07-03 10:34:48,2025-07-03 10:50:24.137936,2025-07-03 10:53:08.300000,2025-07-03 10:58:00.600,23.209999999999997,2.7360344,12,1,osrm
407,delivered,2025-07-03 10:35:55,2025-07-03 10:46:10.283569,2025-07-03 10:47:28.600000,2025-07-03 10:49:28.400,13.556666666666667,1.3052738499999998,36,1,osrm
408,delivered,2025-07-03 10:36:56,2025-07-03 10:52:14.823030,2025-07-03 10:54:02.600000,2025-07-03 10:57:39.500,20.725,1.7962828333333334,6,1,osrm
409,delivered,2025-07-03 10:38:55,2025-07-03 10:48:26.254355,2025-07-03 10:49:02.900000,2025-07-03 10:50:49.100,11.901666666666667,0.6107607500000001,20,1,osrm
410,delivered,2025-07-03 10:39:27,2025-07-03 10:47:54.593043,2025-07-03 10:49:21.100000,2025-07-03 10:50:50.700,11.395000000000001,1.4417826166666667,38,1,osrm
411,delivered,2025-07-03 10:39:14,2025-07-03 10:51:06.895062,2025-07-03 10:54:39.600000,2025-07-03 10:57:40.200,18.436666666666667,3.5450823,40,1,osrm
412,delivered,2025-07-03 10:40:32,2025-07-03 10:53:24.521503,2025-07-03 10:53:34.700000,2025-07-03 10:56:22.400,15.84,0.16964161666666666,21,1,osrm
413,delivered,2025-07-03 10:40:04,2025-07-03 10:48:16.116150,2025-07-03 10:48:16.116150,2025-07-03 10:50:03.300,9.988333333333333,0.0,39,1,osrm
414,delivered,2025-07-03 10:41:57,2025-07-03 10:56:11.861181,2025-07-03 10:58:06.700000,2025-07-03 11:02:56.000,20.983333333333334,1.9139803166666667,41,1,osrm
415,delivered,2025-07-03 10:44:57,2025-07-03 10:58:29.675615,2025-07-03 10:58:29.675615,2025-07-03 10:58:06.400,13.156666666666666,0.0,8,1,osrm
416,delivered,2025-07-03 10:45:27,2025-07-03 10:53:56.244051,2025-07-03 11:09:22.700000,2025-07-03 11:14:52.900,29.43166666666667,15.440932483333334,5,1,osrm
417,delivered,2025-07-03 10:47:34,2025-07-03 10:56:54.078796,2025-07-03 10:58:02.200000,2025-07-03 10:57:44.200,10.17,1.1353534,3,1,osrm
418,delivered,2025-07-03 10:48:19,2025-07-03 11:03:51.488934,2025-07-03 11:04:46.700000,2025-07-03 11:08:32.700,20.228333333333335,0.9201844333333333,20,1,osrm
419,delivered,2025-07-03 10:50:13,2025-07-03 11:01:07.710500,2025-07-03 11:03:45.700000,2025-07-03 11:05:15.400,15.04,2.6331583333333333,11,1,osrm
420,delivered,2025-07-03 10:50:20,2025-07-03 11:03:08.561284,2025-07-03 11:03:21.300000,2025-07-03 11:07:14.900,16.915,0.21231193333333334,59,1,osrm
421,delivered,2025-07-03 10:51:43,2025-07-03 11:07:39.514722,2025-07-03 11:08:52.000000,2025-07-03 11:12:27.900,20.748333333333335,1.2080879666666666,29,1,osrm
422,delivered,2025-07-03 10:53:37,2025-07-03 10:58:37.000000,2025-07-03 10:58:37.000000,2025-07-03 11:01:49.700,8.211666666666666,0.0,55,1,osrm
423,delivered,2025-07-03 10:54:45,2025-07-03 11:08:58.009639,2025-07-03 11:08:58.009639,2025-07-03 11:12:34.400,17.823333333333334,0.0,21,1,osrm
424,delivered,2025-07-03 10:54:41,2025-07-03 11:00:48.823542,2025-07-03 11:04:46.700000,2025-07-03 11:07:36.900,12.931666666666667,3.9646076333333338,18,1,osrm
425,delivered,2025-07-03 10:55:45,2025-07-03 11:11:07.330729,2025-07-03 11:13:35.000000,2025-07-03 11:18:41.400,22.94,2.461154516666667,55,1,osrm
426,delivered,2025-07-03 10:56:42,2025-07-03 11:09:34.462872,2025-07-03 11:25:38.800000,2025-07-03 11:31:39.100,34.95166666666667,16.072285466666667,34,1,osrm
427,delivered,2025-07-03 11:01:07,2025-07-03 11:06:07.000000,2025-07-03 11:07:45.400000,2025-07-03 11:10:15.100,9.135,1.6400000000000001,34,1,osrm
428,delivered,2025-07-03 11:03:38,2025-07-03 11:15:32.438108,2025-07-03 11:18:04.000000,2025-07-03 11:19:19.400,15.69,2.526031533333333,33,1,osrm
429,delivered,2025-07-03 11:04:32,2025-07-03 11:14:02.904347,2025-07-03 11:14:02.904347,2025-07-03 11:16:39.100,12.118333333333334,0.0,50,1,osrm
430,delivered,2025-07-03 11:07:10,2025-07-03 11:18:30.947054,2025-07-03 11:18:30.947054,2025-07-03 11:20:57.400,13.79,0.0,13,1,osrm
431,delivered,2025-07-03 11:08:57,2025-07-03 11:20:10.822498,2025-07-03 11:25:51.900000,2025-07-03 11:28:38.200,19.686666666666667,5.684625033333333,14,1,osrm
432,delivered,2025-07-03 11:09:37,2025-07-03 11:25:27.349602,2025-07-03 11:30:53.100000,2025-07-03 11:33:43.600,24.11,5.4291733,12,1,osrm
433,delivered,2025-07-03 11:10:34,2025-07-03 11:20:33.050033,2025-07-03 11:22:50.500000,2025-07-03 11:26:06.300,15.538333333333332,2.2908327833333333,17,1,osrm
434,delivered,2025-07-03 11:15:31,2025-07-03 11:30:57.948630,2025-07-03 11:33:11.800000,2025-07-03 11:36:35.700,21.078333333333333,2.230856166666667,32,1,osrm
435,delivered,2025-07-03 11:17:07,2025-07-03 11:27:23.731464,2025-07-03 11:31:09.100000,2025-07-03 11:35:00.000,17.883333333333333,3.7561422666666666,18,1,osrm
436,delivered,2025-07-03 11:17:33,2025-07-03 11:26:39.540660,2025-07-03 11:28:36.100000,2025-07-03 11:29:40.400,12.123333333333333,1.9426556666666668,25,1,osrm
437,delivered,2025-07-03 11:18:14,2025-07-03 11:28:06.676580,2025-07-03 11:28:24.500000,2025-07-03 11:31:09.700,12.928333333333335,0.29705699999999996,54,1,osrm
438,delivered,2025-07-03 11:18:59,2025-07-03 11:31:53.490880,2025-07-03 11:33:42.100000,2025-07-03 11:37:02.900,18.065,1.810152,26,1,osrm
439,delivered,2025-07-03 11:18:02,2025-07-03 11:26:45.476111,2025-07-03 11:28:24.500000,2025-07-03 11:32:57.500,14.925,1.65039815,20,1,osrm
440,delivered,2025-07-03 11:21:13,2025-07-03 11:29:44.584472,2025-07-03 11:29:44.584472,2025-07-03 11:30:45.900,9.548333333333334,0.0,50,1,osrm
441,delivered,2025-07-03 11:23:09,2025-07-03 11:33:55.102054,2025-07-03 11:33:55.102054,2025-07-03 11:32:03.100,8.901666666666667,0.0,38,1,osrm
442,delivered,2025-07-03 11:25:20,2025-07-03 11:37:59.529200,2025-07-03 11:38:24.700000,2025-07-03 11:41:14.100,15.901666666666667,0.41951333333333335,14,1,osrm
443,delivered,2025-07-03 11:25:37,2025-07-03 11:41:32.883905,2025-07-03 11:43:14.300000,2025-07-03 11:47:27.900,21.848333333333336,1.69026825,20,1,osrm
444,delivered,2025-07-03 11:26:47,2025-07-03 11:40:46.565712,2025-07-03 11:43:32.200000,2025-07-03 11:45:25.700,18.645,2.7605714666666668,13,1,osrm
445,delivered,2025-07-03 11:27:25,2025-07-03 11:38:54.910982,2025-07-03 11:39:23.600000,2025-07-03 11:42:05.100,14.668333333333333,0.47815030000000003,25,1,osrm
446,delivered,2025-07-03 11:27:34,2025-07-03 11:39:10.523475,2025-07-03 11:54:29.100000,2025-07-03 12:00:35.200,33.02,15.309608749999999,14,1,osrm
447,delivered,2025-07-03 11:27:57,2025-07-03 11:38:55.887133,2025-07-03 11:38:55.887133,2025-07-03 11:37:17.500,9.341666666666667,0.0,33,1,osrm
448,delivered,2025-07-03 11:29:04,2025-07-03 11:42:30.865099,2025-07-03 11:45:24.200000,2025-07-03 11:49:09.300,20.08833333333333,2.8889150166666666,24,1,osrm
449,delivered,2025-07-03 11:32:50,2025-07-03 11:45:26.052075,2025-07-03 11:48:11.200000,2025-07-03 11:49:59.200,17.153333333333332,2.7524654166666664,17,1,osrm
450,delivered,2025-07-03 11:34:16,2025-07-03 11:44:16.682981,2025-07-03 11:44:16.682981,2025-07-03 11:47:57.700,13.695,0.0,41,1,osrm
451,delivered,2025-07-03 11:35:51,2025-07-03 11:42:18.331227,2025-07-03 11:43:58.400000,2025-07-03 11:47:07.900,11.281666666666666,1.6678128833333332,11,1,osrm
452,delivered,2025-07-03 11:38:25,2025-07-03 11:47:56.517540,2025-07-03 11:48:54.400000,2025-07-03 11:51:23.000,12.966666666666667,0.9647076666666667,44,1,osrm
453,delivered,2025-07-03 11:39:21,2025-07-03 11:52:57.386334,2025-07-03 11:53:18.800000,2025-07-03 11:56:13.800,16.88,0.3568944333333333,25,1,osrm
454,delivered,2025-07-03 11:42:59,2025-07-03 11:56:59.769592,2025-07-03 11:58:31.700000,2025-07-03 12:01:48.300,18.821666666666665,1.5321734666666667,41,1,osrm
455,delivered,2025-07-03 11:42:16,2025-07-03 11:51:16.305674,2025-07-03 11:53:01.200000,2025-07-03 11:55:42.700,13.445,1.7482387666666668,4,1,osrm
456,delivered,2025-07-03 11:42:33,2025-07-03 11:59:59.338526,2025-07-03 11:59:59.338526,2025-07-03 12:01:36.800,19.063333333333333,0.0,13,1,osrm
457,delivered,2025-07-03 11:45:43,2025-07-03 11:51:35.822871,2025-07-03 11:52:50.300000,2025-07-03 11:56:30.200,10.786666666666667,1.2412854833333333,38,1,osrm
458,delivered,2025-07-03 11:48:41,2025-07-03 12:00:11.159337,2025-07-03 12:04:38.100000,2025-07-03 12:07:42.000,19.016666666666666,4.449011049999999,18,1,osrm
459,delivered,2025-07-03 11:50:13,2025-07-03 12:03:30.942911,2025-07-03 12:03:54.600000,2025-07-03 12:06:01.000,15.8,0.39428481666666665,55,1,osrm
460,delivered,2025-07-03 11:51:30,2025-07-03 12:07:38.077026,2025-07-03 12:08:05.300000,2025-07-03 12:13:36.800,22.113333333333333,0.45371623333333333,5,1,osrm
461,delivered,2025-07-03 11:52:29,2025-07-03 12:04:29.397821,2025-07-03 12:04:29.397821,2025-07-03 12:04:53.900,12.415,0.0,1,1,osrm
462,delivered,2025-07-03 11:52:24,2025-07-03 12:07:35.602941,2025-07-03 12:07:47.000000,2025-07-03 12:10:09.200,17.753333333333334,0.18995098333333335,38,1,osrm
463,delivered,2025-07-03 11:52:48,2025-07-03 12:04:11.555438,2025-07-03 12:04:11.555438,2025-07-03 12:07:29.600,14.693333333333333,0.0,23,1,osrm
464,delivered,2025-07-03 11:53:20,2025-07-03 12:10:24.977371,2025-07-03 12:14:15.300000,2025-07-03 12:16:45.800,23.43,3.8387104833333336,49,1,osrm
465,delivered,2025-07-03 11:54:10,2025-07-03 12:07:18.241472,2025-07-03 12:09:48.600000,2025-07-03 12:14:26.900,20.28166666666667,2.505975466666667,7,1,osrm
466,delivered,2025-07-03 11:55:59,2025-07-03 12:05:59.333517,2025-07-03 12:08:26.800000,2025-07-03 12:10:30.500,14.525,2.457774716666667,50,1,osrm
467,delivered,2025-07-03 11:55:59,2025-07-03 12:10:45.879876,2025-07-03 12:13:27.500000,2025-07-03 12:17:29.500,21.508333333333333,2.6936687333333333,57,1,osrm
468,delivered,2025-07-03 11:55:12,2025-07-03 12:06:46.175017,2025-07-03 12:07:49.300000,2025-07-03 12:11:49.300,16.621666666666666,1.05208305,40,1,osrm
469,delivered,2025-07-03 11:59:15,2025-07-03 12:07:42.361134,2025-07-03 12:09:48.600000,2025-07-03 12:13:16.800,14.03,2.1039811,9,1,osrm
470,delivered,2025-07-03 12:01:07,2025-07-03 12:06:45.305863,2025-07-03 12:09:09.400000,2025-07-03 12:09:24.400,8.29,2.4015689499999997,54,1,osrm
471,delivered,2025-07-03 12:03:13,2025-07-03 12:18:06.751846,2025-07-03 12:18:26.900000,2025-07-03 12:21:53.100,18.668333333333333,0.3358025666666667,4,1,osrm
472,delivered,2025-07-03 12:03:19,2025-07-03 12:21:20.184020,2025-07-03 12:22:44.100000,2025-07-03 12:26:27.400,23.14,1.3985996666666667,10,1,osrm
473,delivered,2025-07-03 12:04:45,2025-07-03 12:15:42.885180,2025-07-03 12:17:57.300000,2025-07-03 12:20:59.900,16.24833333333333,2.2402469999999997,18,1,osrm
474,delivered,2025-07-03 12:05:42,2025-07-03 12:14:20.137204,2025-07-03 12:14:20.137204,2025-07-03 12:16:50.000,11.133333333333333,0.0,30,1,osrm
475,delivered,2025-07-03 12:06:12,2025-07-03 12:16:47.446344,2025-07-03 12:18:05.300000,2025-07-03 12:21:01.100,14.818333333333333,1.2975609333333333,23,1,osrm
476,delivered,2025-07-03 12:08:58,2025-07-03 12:22:50.697593,2025-07-03 12:24:06.000000,2025-07-03 12:27:32.400,18.573333333333334,1.2550401166666667,32,1,osrm
477,delivered,2025-07-03 12:09:18,2025-07-03 12:14:31.095085,2025-07-03 12:15:00.800000,2025-07-03 12:18:21.600,9.06,0.4950819166666667,8,1,osrm
478,delivered,2025-07-03 12:09:05,2025-07-03 12:22:47.290659,2025-07-03 12:24:27.100000,2025-07-03 12:28:28.900,19.398333333333333,1.6634890166666667,2,1,osrm
479,delivered,2025-07-03 12:10:10,2025-07-03 12:23:48.350006,2025-07-03 12:24:48.600000,2025-07-03 12:27:55.500,17.758333333333333,1.0041665666666666,21,1,osrm
480,delivered,2025-07-03 12:12:48,2025-07-03 12:20:15.504298,2025-07-03 12:23:11.100000,2025-07-03 12:27:18.500,14.508333333333333,2.9265950333333333,5,1,osrm
481,delivered,2025-07-03 12:17:14,2025-07-03 12:28:24.583775,2025-07-03 12:28:26.900000,2025-07-03 12:32:59.800,15.763333333333332,0.038603750000000006,49,1,osrm
482,delivered,2025-07-03 12:20:57,2025-07-03 12:35:00.541756,2025-07-03 12:35:00.541756,2025-07-03 12:38:51.200,17.903333333333332,0.0,29,1,osrm
483,delivered,2025-07-03 12:20:14,2025-07-03 12:29:19.850093,2025-07-03 12:29:19.850093,2025-07-03 12:32:37.200,12.386666666666667,0.0,57,1,osrm
484,delivered,2025-07-03 12:22:45,2025-07-03 12:33:17.430530,2025-07-03 12:34:11.300000,2025-07-03 12:37:32.000,14.783333333333333,0.8978245,16,1,osrm
485,delivered,2025-07-03 12:23:22,2025-07-03 12:35:33.642834,2025-07-03 12:38:38.500000,2025-07-03 12:42:33.200,19.186666666666667,3.080952766666667,51,1,osrm
486,delivered,2025-07-03 12:29:34,2025-07-03 12:43:04.790595,2025-07-03 12:43:04.790595,2025-07-03 12:45:59.700,16.428333333333335,0.0,57,1,osrm
487,delivered,2025-07-03 12:30:21,2025-07-03 12:42:01.805223,2025-07-03 12:44:56.400000,2025-07-03 12:48:17.800,17.946666666666665,2.90991295,10,1,osrm
488,delivered,2025-07-03 12:37:36,2025-07-03 12:50:16.711465,2025-07-03 12:52:14.100000,2025-07-03 12:56:14.200,18.636666666666667,1.9564755833333334,36,1,osrm
489,delivered,2025-07-03 12:38:28,2025-07-03 12:48:47.249898,2025-07-03 12:48:47.249898,2025-07-03 12:51:43.400,13.256666666666666,0.0,35,1,osrm
490,delivered,2025-07-03 12:41:28,2025-07-03 12:53:04.852596,2025-07-03 12:53:10.400000,2025-07-03 12:58:35.000,17.116666666666667,0.09245673333333333,9,1,osrm
491,delivered,2025-07-03 12:42:27,2025-07-03 12:59:16.791911,2025-07-03 12:59:16.791911,2025-07-03 13:02:02.400,19.59,0.0,25,1,osrm
492,delivered,2025-07-03 12:42:23,2025-07-03 12:53:28.924902,2025-07-03 12:54:08.800000,2025-07-03 12:58:00.100,15.618333333333334,0.6645849666666667,2,1,osrm
493,delivered,2025-07-03 12:43:31,2025-07-03 12:52:13.766310,2025-07-03 12:54:09.600000,2025-07-03 12:57:58.600,14.46,1.9305615,51,1,osrm
494,delivered,2025-07-03 12:43:41,2025-07-03 12:56:33.070945,2025-07-03 12:58:38.400000,2025-07-03 13:00:38.800,16.96333333333333,2.0888175833333333,23,1,osrm
495,delivered,2025-07-03 12:44:53,2025-07-03 12:54:15.371068,2025-07-03 12:54:15.371068,2025-07-03 12:57:06.100,12.218333333333334,0.0,59,1,osrm
496,delivered,2025-07-03 12:45:50,2025-07-03 12:56:35.725277,2025-07-03 12:59:22.200000,2025-07-03 13:03:27.100,17.618333333333332,2.774578716666667,12,1,osrm
497,delivered,2025-07-03 12:45:44,2025-07-03 13:01:03.951379,2025-07-03 13:03:34.400000,2025-07-03 13:07:03.600,21.326666666666664,2.507477016666667,48,1,osrm
498,delivered,2025-07-03 12:52:50,2025-07-03 13:02:21.166926,2025-07-03 13:03:04.800000,2025-07-03 13:07:59.900,15.165,0.7272179,3,1,osrm
499,delivered,2025-07-03 12:52:01,2025-07-03 13:04:51.958041,2025-07-03 13:04:51.958041,2025-07-03 13:03:10.200,11.153333333333334,0.0,6,1,osrm
500,delivered,2025-07-03 12:52:03,2025-07-03 13:05:52.923646,2025-07-03 13:08:01.200000,2025-07-03 13:08:51.000,16.8,2.1379392333333334,20,1,osrm
501,delivered,2025-07-03 12:54:00,2025-07-03 13:04:25.047725,2025-07-03 13:04:25.047725,2025-07-03 13:08:36.700,14.611666666666668,0.0,21,1,osrm
502,delivered,2025-07-03 12:55:02,2025-07-03 13:05:15.663530,2025-07-03 13:09:49.900000,2025-07-03 13:14:04.300,19.038333333333334,4.570607833333333,28,1,osrm
503,delivered,2025-07-03 12:55:38,2025-07-03 13:09:27.016492,2025-07-03 13:09:27.016492,2025-07-03 13:11:06.300,15.471666666666666,0.0,49,1,osrm
504,delivered,2025-07-03 12:55:51,2025-07-03 13:08:21.525310,2025-07-03 13:08:25.600000,2025-07-03 13:11:23.200,15.536666666666667,0.0679115,1,1,osrm
505,delivered,2025-07-03 12:57:37,2025-07-03 13:09:50.878624,2025-07-03 13:09:50.878624,2025-07-03 13:12:22.100,14.751666666666667,0.0,33,1,osrm
506,delivered,2025-07-03 12:58:12,2025-07-03 13:07:32.303886,2025-07-03 13:08:47.900000,2025-07-03 13:07:21.900,9.165,1.2599352333333333,2,1,osrm
507,delivered,2025-07-03 13:00:03,2025-07-03 13:16:08.097178,2025-07-03 13:18:40.500000,2025-07-03 13:24:06.500,24.058333333333334,2.540047033333333,48,1,osrm
508,delivered,2025-07-03 13:00:51,2025-07-03 13:18:31.988974,2025-07-03 13:19:12.200000,2025-07-03 13:23:06.400,22.256666666666668,0.6701837666666666,24,1,osrm
509,delivered,2025-07-03 13:00:32,2025-07-03 13:11:11.714668,2025-07-03 13:13:54.300000,2025-07-03 13:15:37.800,15.096666666666666,2.7097555333333334,23,1,osrm
510,delivered,2025-07-03 13:00:50,2025-07-03 13:14:31.044225,2025-07-03 13:14:31.044225,2025-07-03 13:16:24.200,15.57,0.0,44,1,osrm
511,delivered,2025-07-03 13:00:53,2025-07-03 13:16:15.633202,2025-07-03 13:17:53.000000,2025-07-03 13:22:31.600,21.64333333333333,1.6227799666666667,36,1,osrm
512,delivered,2025-07-03 13:02:36,2025-07-03 13:16:31.741472,2025-07-03 13:19:28.000000,2025-07-03 13:23:12.700,20.611666666666668,2.9376421333333336,3,1,osrm
513,delivered,2025-07-03 13:03:02,2025-07-03 13:11:51.020701,2025-07-03 13:13:35.700000,2025-07-03 13:15:47.000,12.75,1.7446549833333334,6,1,osrm
514,delivered,2025-07-03 13:05:21,2025-07-03 13:18:35.946646,2025-07-03 13:19:17.100000,2025-07-03 13:21:38.700,16.295,0.6858892333333333,20,1,osrm
515,delivered,2025-07-03 13:06:15,2025-07-03 13:21:46.277176,2025-07-03 13:22:53.000000,2025-07-03 13:26:23.300,20.138333333333332,1.1120470666666666,5,1,osrm
516,delivered,2025-07-03 13:10:42,2025-07-03 13:23:47.920179,2025-07-03 13:23:47.920179,2025-07-03 13:22:56.200,12.236666666666668,0.0,1,1,osrm
517,delivered,2025-07-03 13:11:05,2025-07-03 13:18:37.903954,2025-07-03 13:19:20.800000,2025-07-03 13:23:04.900,11.998333333333333,0.7149341,51,1,osrm
518,delivered,2025-07-03 13:12:05,2025-07-03 13:24:13.699305,2025-07-03 13:25:08.500000,2025-07-03 13:26:03.300,13.971666666666666,0.9133449166666666,49,1,osrm
519,delivered,2025-07-03 13:13:33,2025-07-03 13:26:31.756591,2025-07-03 13:27:30.000000,2025-07-03 13:26:06.700,12.561666666666667,0.9707234833333334,8,1,osrm
520,delivered,2025-07-03 13:18:47,2025-07-03 13:30:04.725905,2025-07-03 13:32:57.300000,2025-07-03 13:35:55.200,17.136666666666667,2.8762349166666668,20,1,osrm
521,delivered,2025-07-03 13:20:54,2025-07-03 13:34:33.946950,2025-07-03 13:34:33.946950,2025-07-03 13:38:37.900,17.73166666666667,0.0,37,1,osrm
522,delivered,2025-07-03 13:20:01,2025-07-03 13:30:57.939105,2025-07-03 13:33:29.700000,2025-07-03 13:37:42.100,17.685,2.52934825,3,1,osrm
523,delivered,2025-07-03 13:24:49,2025-07-03 13:36:52.188086,2025-07-03 13:38:56.900000,2025-07-03 13:41:48.500,16.991666666666667,2.0785318999999998,23,1,osrm
524,delivered,2025-07-03 13:26:59,2025-07-03 13:38:59.924419,2025-07-03 13:39:27.400000,2025-07-03 13:42:02.500,15.058333333333334,0.45792635,28,1,osrm
525,delivered,2025-07-03 13:28:10,2025-07-03 13:41:29.290385,2025-07-03 13:43:01.200000,2025-07-03 13:42:20.600,14.176666666666668,1.5318269166666667,30,1,osrm
526,delivered,2025-07-03 13:31:08,2025-07-03 13:41:07.691517,2025-07-03 13:44:41.100000,2025-07-03 13:48:30.800,17.38,3.55680805,38,1,osrm
527,delivered,2025-07-03 13:34:12,2025-07-03 13:43:11.542348,2025-07-03 13:43:46.800000,2025-07-03 13:47:23.100,13.185,0.5876275333333333,25,1,osrm
528,delivered,2025-07-03 13:36:52,2025-07-03 13:50:13.299031,2025-07-03 13:53:51.000000,2025-07-03 13:57:19.900,20.465,3.628349483333333,33,1,osrm
529,delivered,2025-07-03 13:40:18,2025-07-03 13:53:16.756411,2025-07-03 13:53:49.000000,2025-07-03 13:57:17.900,16.99833333333333,0.53739315,15,1,osrm
530,delivered,2025-07-03 13:41:32,2025-07-03 13:55:47.005559,2025-07-03 13:59:34.200000,2025-07-03 14:02:31.500,20.991666666666667,3.786574016666667,1,1,osrm
531,delivered,2025-07-03 13:42:22,2025-07-03 13:56:58.748903,2025-07-03 13:59:39.200000,2025-07-03 14:04:10.100,21.801666666666666,2.67418495,54,1,osrm
532,delivered,2025-07-03 13:42:14,2025-07-03 13:56:23.935977,2025-07-03 13:59:30.600000,2025-07-03 14:04:30.200,22.27,3.11106705,25,1,osrm
533,delivered,2025-07-03 13:43:17,2025-07-03 13:54:12.224144,2025-07-03 13:54:12.224144,2025-07-03 13:52:33.400,9.273333333333333,0.0,30,1,osrm
534,delivered,2025-07-03 13:43:48,2025-07-03 13:50:20.801707,2025-07-03 13:54:16.500000,2025-07-03 13:58:07.800,14.33,3.9283048833333334,20,1,osrm
535,delivered,2025-07-03 13:45:26,2025-07-03 13:54:11.059892,2025-07-03 13:54:11.059892,2025-07-03 13:55:13.900,9.798333333333334,0.0,51,1,osrm
536,delivered,2025-07-03 13:46:18,2025-07-03 13:57:00.923987,2025-07-03 13:58:04.400000,2025-07-03 14:01:20.800,15.046666666666665,1.05793355,38,1,osrm
537,delivered,2025-07-03 13:46:26,2025-07-03 13:52:38.396829,2025-07-03 13:52:48.600000,2025-07-03 13:55:47.700,9.361666666666668,0.17005284999999998,6,1,osrm
538,delivered,2025-07-03 13:47:05,2025-07-03 14:05:45.893044,2025-07-03 14:08:26.500000,2025-07-03 14:11:11.400,24.10666666666667,2.6767826,20,1,osrm
539,delivered,2025-07-03 13:47:16,2025-07-03 13:59:49.577298,2025-07-03 13:59:49.577298,2025-07-03 14:01:19.100,14.051666666666668,0.0,3,1,osrm
540,delivered,2025-07-03 13:48:56,2025-07-03 14:01:54.713113,2025-07-03 14:05:40.900000,2025-07-03 14:08:50.300,19.904999999999998,3.7697814500000004,30,1,osrm
541,delivered,2025-07-03 13:49:55,2025-07-03 13:54:55.000000,2025-07-03 13:54:55.000000,2025-07-03 13:58:40.600,8.76,0.0,29,1,osrm
542,delivered,2025-07-03 13:50:24,2025-07-03 13:59:37.190532,2025-07-03 13:59:45.000000,2025-07-03 14:04:25.500,14.025,0.1301578,8,1,osrm
543,delivered,2025-07-03 13:51:30,2025-07-03 14:07:30.511496,2025-07-03 14:11:26.600000,2025-07-03 14:14:42.600,23.209999999999997,3.9348084,15,1,osrm
544,delivered,2025-07-03 13:52:46,2025-07-03 14:05:55.257485,2025-07-03 14:14:04.400000,2025-07-03 14:18:34.700,25.811666666666667,8.15237525,59,1,osrm
545,delivered,2025-07-03 13:55:43,2025-07-03 14:04:18.363198,2025-07-03 14:04:18.363198,2025-07-03 14:06:39.300,10.938333333333333,0.0,10,1,osrm
546,delivered,2025-07-03 13:55:49,2025-07-03 14:04:32.610412,2025-07-03 14:04:32.610412,2025-07-03 14:05:07.800,9.313333333333333,0.0,40,1,osrm
547,delivered,2025-07-03 13:56:37,2025-07-03 14:12:38.223442,2025-07-03 14:13:00.300000,2025-07-03 14:14:52.100,18.251666666666665,0.3679426333333333,1,1,osrm
548,delivered,2025-07-03 13:56:00,2025-07-03 14:08:53.467980,2025-07-03 14:08:53.467980,2025-07-03 14:10:08.400,14.139999999999999,0.0,51,1,osrm
549,delivered,2025-07-03 13:59:56,2025-07-03 14:17:00.983755,2025-07-03 14:18:03.700000,2025-07-03 14:20:25.300,20.488333333333333,1.04527075,4,1,osrm
550,delivered,2025-07-03 14:00:09,2025-07-03 14:16:27.372183,2025-07-03 14:19:19.900000,2025-07-03 14:24:17.800,24.146666666666665,2.8754636166666665,31,1,osrm
551,delivered,2025-07-03 14:01:14,2025-07-03 14:13:29.326706,2025-07-03 14:13:29.326706,2025-07-03 14:13:50.400,12.606666666666666,0.0,8,1,osrm
552,delivered,2025-07-03 14:01:39,2025-07-03 14:14:47.120029,2025-07-03 14:14:47.120029,2025-07-03 14:16:15.000,14.6,0.0,33,1,osrm
553,delivered,2025-07-03 14:06:58,2025-07-03 14:20:15.319465,2025-07-03 14:25:08.300000,2025-07-03 14:29:41.300,22.721666666666668,4.883008916666666,1,1,osrm
554,delivered,2025-07-03 14:06:06,2025-07-03 14:16:55.503793,2025-07-03 14:18:27.400000,2025-07-03 14:21:46.100,15.668333333333333,1.53160345,24,1,osrm
555,delivered,2025-07-03 14:06:17,2025-07-03 14:19:46.509645,2025-07-03 14:25:24.800000,2025-07-03 14:29:21.900,23.081666666666667,5.638172583333333,8,1,osrm
556,delivered,2025-07-03 14:08:34,2025-07-03 14:17:33.334737,2025-07-03 14:19:54.800000,2025-07-03 14:23:32.400,14.973333333333333,2.3577543833333334,32,1,osrm
557,delivered,2025-07-03 14:09:11,2025-07-03 14:21:45.044492,2025-07-03 14:24:04.400000,2025-07-03 14:26:47.700,17.611666666666668,2.3225917999999997,51,1,osrm
558,delivered,2025-07-03 14:12:44,2025-07-03 14:20:06.481311,2025-07-03 14:24:26.600000,2025-07-03 14:28:12.700,15.478333333333333,4.335311483333333,2,1,osrm
559,delivered,2025-07-03 14:15:29,2025-07-03 14:27:23.408763,2025-07-03 14:37:56.600000,2025-07-03 14:43:16.700,27.795,10.553187283333333,11,1,osrm
560,delivered,2025-07-03 14:16:19,2025-07-03 14:25:48.535552,2025-07-03 14:28:44.700000,2025-07-03 14:31:59.500,15.675,2.9360741333333333,43,1,osrm
561,delivered,2025-07-03 14:17:16,2025-07-03 14:31:43.657232,2025-07-03 14:34:18.100000,2025-07-03 14:35:58.400,18.706666666666667,2.5740461333333333,17,1,osrm
562,delivered,2025-07-03 14:21:20,2025-07-03 14:37:48.325583,2025-07-03 14:54:53.700000,2025-07-03 14:58:49.900,37.498333333333335,17.089573616666666,5,1,osrm
563,delivered,2025-07-03 14:22:41,2025-07-03 14:34:03.780936,2025-07-03 14:44:09.200000,2025-07-03 14:49:49.400,27.14,10.090317733333334,31,1,osrm
564,delivered,2025-07-03 14:23:55,2025-07-03 14:39:07.668603,2025-07-03 14:42:56.600000,2025-07-03 14:47:19.500,23.408333333333335,3.8155232833333335,28,1,osrm
565,delivered,2025-07-03 14:23:14,2025-07-03 14:36:07.719406,2025-07-03 14:45:12.800000,2025-07-03 14:48:39.100,25.418333333333333,9.084676566666667,52,1,osrm
566,delivered,2025-07-03 14:23:20,2025-07-03 14:30:33.866238,2025-07-03 14:33:31.100000,2025-07-03 14:34:24.600,11.076666666666666,2.9538960333333337,52,1,osrm
567,delivered,2025-07-03 14:27:39,2025-07-03 14:36:38.809017,2025-07-03 14:39:00.500000,2025-07-03 14:42:29.000,14.833333333333334,2.361516383333333,38,1,osrm
568,delivered,2025-07-03 14:28:23,2025-07-03 14:35:13.172308,2025-07-03 14:38:13.100000,2025-07-03 14:43:38.500,15.258333333333333,2.9987948666666666,35,1,osrm
569,delivered,2025-07-03 14:28:07,2025-07-03 14:38:22.737097,2025-07-03 14:39:34.400000,2025-07-03 14:41:36.200,13.486666666666668,1.1943817166666666,29,1,osrm
570,delivered,2025-07-03 14:30:33,2025-07-03 14:40:06.738837,2025-07-03 14:43:31.100000,2025-07-03 14:47:04.600,16.526666666666667,3.406019383333333,43,1,osrm
571,delivered,2025-07-03 14:30:09,2025-07-03 14:43:14.089272,2025-07-03 14:43:23.700000,2025-07-03 14:46:20.300,16.188333333333333,0.1601788,34,1,osrm
572,delivered,2025-07-03 14:31:28,2025-07-03 14:40:22.408908,2025-07-03 14:43:57.400000,2025-07-03 14:43:45.000,12.283333333333333,3.583184866666667,55,1,osrm
573,delivered,2025-07-03 14:35:28,2025-07-03 14:46:27.528968,2025-07-03 14:47:53.100000,2025-07-03 14:49:44.700,14.278333333333334,1.4261838666666666,39,1,osrm
574,delivered,2025-07-03 14:36:23,2025-07-03 14:47:52.619294,2025-07-03 14:48:12.200000,2025-07-03 14:50:52.100,14.485000000000001,0.3263451,20,1,osrm
575,delivered,2025-07-03 14:37:50,2025-07-03 14:49:38.179964,2025-07-03 14:49:38.179964,2025-07-03 14:52:17.600,14.46,0.0,36,1,osrm
576,delivered,2025-07-03 14:37:40,2025-07-03 14:47:49.622709,2025-07-03 14:48:53.600000,2025-07-03 14:53:15.200,15.586666666666668,1.0662881833333333,13,1,osrm
577,delivered,2025-07-03 14:37:03,2025-07-03 14:50:52.776850,2025-07-03 14:53:07.200000,2025-07-03 14:55:27.700,18.41166666666667,2.2403858333333333,46,1,osrm
578,delivered,2025-07-03 14:38:49,2025-07-03 14:48:21.735689,2025-07-03 14:55:08.300000,2025-07-03 14:59:31.100,20.701666666666664,6.776071849999999,2,1,osrm
579,delivered,2025-07-03 14:39:41,2025-07-03 14:51:26.004480,2025-07-03 14:59:53.700000,2025-07-03 15:04:53.000,25.2,8.461592,39,1,osrm
580,delivered,2025-07-03 14:39:14,2025-07-03 14:53:15.969387,2025-07-03 14:53:33.100000,2025-07-03 14:56:51.700,17.628333333333334,0.28551021666666665,53,1,osrm
581,delivered,2025-07-03 14:39:47,2025-07-03 14:50:39.751007,2025-07-03 14:53:32.000000,2025-07-03 14:55:23.400,15.606666666666666,2.8708165500000002,55,1,osrm
582,delivered,2025-07-03 14:40:38,2025-07-03 14:53:44.382499,2025-07-03 14:54:20.200000,2025-07-03 14:58:15.700,17.628333333333334,0.59695835,30,1,osrm
583,delivered,2025-07-03 14:40:24,2025-07-03 14:49:22.340207,2025-07-03 14:49:22.340207,2025-07-03 14:53:12.200,12.803333333333335,0.0,51,1,osrm
584,delivered,2025-07-03 14:40:58,2025-07-03 14:54:38.231194,2025-07-03 14:54:44.100000,2025-07-03 14:58:22.100,17.401666666666664,0.09781343333333334,35,1,osrm
585,delivered,2025-07-03 14:42:34,2025-07-03 15:01:20.357044,2025-07-03 15:03:18.000000,2025-07-03 15:06:30.200,23.936666666666667,1.9607159333333333,50,1,osrm
586,delivered,2025-07-03 14:42:02,2025-07-03 14:52:41.457096,2025-07-03 14:53:38.500000,2025-07-03 14:56:10.300,14.138333333333332,0.9507150666666667,7,1,osrm
587,delivered,2025-07-03 14:43:08,2025-07-03 14:57:16.284828,2025-07-03 14:58:25.900000,2025-07-03 15:02:43.900,19.598333333333336,1.1602528666666667,17,1,osrm
588,delivered,2025-07-03 14:43:20,2025-07-03 14:52:21.654229,2025-07-03 14:54:27.900000,2025-07-03 14:55:58.800,12.646666666666667,2.1040961833333336,33,1,osrm
589,delivered,2025-07-03 14:44:27,2025-07-03 14:57:28.144605,2025-07-03 15:04:18.400000,2025-07-03 15:09:22.400,24.923333333333336,6.837589916666667,29,1,osrm
590,delivered,2025-07-03 14:44:01,2025-07-03 14:56:12.194936,2025-07-03 14:58:27.600000,2025-07-03 15:01:41.500,17.675,2.256751066666667,19,1,osrm
591,delivered,2025-07-03 14:44:09,2025-07-03 14:55:12.475485,2025-07-03 14:57:56.600000,2025-07-03 15:00:56.600,16.793333333333333,2.7354085833333333,8,1,osrm
592,delivered,2025-07-03 14:45:34,2025-07-03 14:53:32.623672,2025-07-03 14:59:48.700000,2025-07-03 15:04:41.600,19.126666666666665,6.2679388,23,1,osrm
593,delivered,2025-07-03 14:47:00,2025-07-03 14:55:20.166583,2025-07-03 14:58:31.400000,2025-07-03 15:01:38.900,14.648333333333333,3.1872236166666665,3,1,osrm
594,delivered,2025-07-03 14:48:17,2025-07-03 14:59:21.918859,2025-07-03 14:59:21.918859,2025-07-03 15:00:07.200,11.836666666666668,0.0,31,1,osrm
595,delivered,2025-07-03 14:48:47,2025-07-03 15:01:09.980875,2025-07-03 15:02:43.600000,2025-07-03 15:06:09.300,17.371666666666666,1.56031875,27,1,osrm
596,delivered,2025-07-03 14:49:52,2025-07-03 15:01:06.555440,2025-07-03 15:03:06.500000,2025-07-03 15:06:02.500,16.175,1.9990759999999999,44,1,osrm
597,delivered,2025-07-03 14:50:23,2025-07-03 15:02:21.218457,2025-07-03 15:03:51.300000,2025-07-03 15:05:07.400,14.74,1.50135905,10,1,osrm
598,delivered,2025-07-03 14:51:07,2025-07-03 15:02:40.846432,2025-07-03 15:02:40.846432,2025-07-03 15:05:55.300,14.805,0.0,51,1,osrm
599,delivered,2025-07-03 14:53:44,2025-07-03 15:04:16.716515,2025-07-03 15:04:16.716515,2025-07-03 15:05:51.500,12.125,0.0,40,1,osrm
600,delivered,2025-07-03 14:54:48,2025-07-03 15:03:50.698536,2025-07-03 15:03:50.698536,2025-07-03 15:06:46.300,11.971666666666666,0.0,14,1,osrm
601,delivered,2025-07-03 14:55:37,2025-07-03 15:07:24.133425,2025-07-03 15:09:40.400000,2025-07-03 15:13:39.600,18.043333333333333,2.2711095833333332,22,1,osrm
602,delivered,2025-07-03 14:55:56,2025-07-03 15:07:33.434372,2025-07-03 15:07:49.400000,2025-07-03 15:11:45.500,15.825,0.2660938,45,1,osrm
603,delivered,2025-07-03 14:59:40,2025-07-03 15:15:05.681634,2025-07-03 15:17:49.400000,2025-07-03 15:21:23.400,21.723333333333336,2.7286394333333335,51,1,osrm
604,delivered,2025-07-03 15:00:43,2025-07-03 15:12:10.618244,2025-07-03 15:13:49.000000,2025-07-03 15:15:45.400,15.04,1.6396959333333332,17,1,osrm
605,delivered,2025-07-03 15:01:03,2025-07-03 15:07:34.299383,2025-07-03 15:09:40.500000,2025-07-03 15:14:08.200,13.086666666666668,2.1033436166666664,5,1,osrm
606,delivered,2025-07-03 15:02:24,2025-07-03 15:15:54.685167,2025-07-03 15:18:41.600000,2025-07-03 15:22:44.100,20.334999999999997,2.781913883333333,27,1,osrm
607,delivered,2025-07-03 15:02:39,2025-07-03 15:18:54.214507,2025-07-03 15:18:54.214507,2025-07-03 15:17:57.700,15.311666666666667,0.0,2,1,osrm
608,delivered,2025-07-03 15:04:55,2025-07-03 15:14:03.829058,2025-07-03 15:14:19.600000,2025-07-03 15:19:19.100,14.401666666666667,0.2628490333333333,31,1,osrm
609,delivered,2025-07-03 15:04:06,2025-07-03 15:17:58.778901,2025-07-03 15:17:58.778901,2025-07-03 15:19:56.300,15.838333333333333,0.0,7,1,osrm
610,delivered,2025-07-03 15:05:58,2025-07-03 15:22:40.025026,2025-07-03 15:23:35.900000,2025-07-03 15:23:54.300,17.938333333333333,0.9312495666666667,36,1,osrm
611,delivered,2025-07-03 15:05:06,2025-07-03 15:15:31.435679,2025-07-03 15:19:06.300000,2025-07-03 15:21:48.200,16.703333333333333,3.5810720166666665,44,1,osrm
612,delivered,2025-07-03 15:08:54,2025-07-03 15:18:11.804151,2025-07-03 15:21:05.500000,2025-07-03 15:24:47.300,15.888333333333332,2.8949308166666667,11,1,osrm
613,delivered,2025-07-03 15:08:24,2025-07-03 15:23:26.231318,2025-07-03 15:23:26.231318,2025-07-03 15:28:03.200,19.653333333333332,0.0,41,1,osrm
614,delivered,2025-07-03 15:08:37,2025-07-03 15:25:24.389728,2025-07-03 15:28:38.700000,2025-07-03 15:31:47.100,23.168333333333333,3.2385045333333333,29,1,osrm
615,delivered,2025-07-03 15:12:00,2025-07-03 15:22:20.302279,2025-07-03 15:23:00.300000,2025-07-03 15:26:56.200,14.936666666666667,0.6666286833333334,8,1,osrm
616,delivered,2025-07-03 15:12:25,2025-07-03 15:24:54.497299,2025-07-03 15:24:54.600000,2025-07-03 15:29:04.800,16.663333333333334,0.0017116833333333332,45,1,osrm
617,delivered,2025-07-03 15:12:05,2025-07-03 15:23:08.747086,2025-07-03 15:25:37.100000,2025-07-03 15:29:19.500,17.241666666666667,2.4725485666666667,38,1,osrm
618,delivered,2025-07-03 15:13:20,2025-07-03 15:26:49.484004,2025-07-03 15:28:50.000000,2025-07-03 15:30:33.700,17.228333333333335,2.0085999333333335,42,1,osrm
619,delivered,2025-07-03 15:16:52,2025-07-03 15:33:52.893805,2025-07-03 15:33:52.893805,2025-07-03 15:36:31.100,19.651666666666664,0.0,34,1,osrm
620,delivered,2025-07-03 15:17:07,2025-07-03 15:27:40.915531,2025-07-03 15:28:15.700000,2025-07-03 15:33:53.700,16.778333333333332,0.57974115,15,1,osrm
621,delivered,2025-07-03 15:19:14,2025-07-03 15:31:30.139099,2025-07-03 15:33:32.300000,2025-07-03 15:36:46.700,17.545,2.0360150166666666,20,1,osrm
622,delivered,2025-07-03 15:21:07,2025-07-03 15:29:01.433070,2025-07-03 15:31:01.500000,2025-07-03 15:34:34.200,13.453333333333335,2.0011155,13,1,osrm
623,delivered,2025-07-03 15:21:27,2025-07-03 15:34:53.853198,2025-07-03 15:34:53.853198,2025-07-03 15:36:40.700,15.228333333333333,0.0,58,1,osrm
624,delivered,2025-07-03 15:21:32,2025-07-03 15:35:30.840967,2025-07-03 15:38:28.400000,2025-07-03 15:42:15.000,20.716666666666665,2.959317216666667,28,1,osrm
625,delivered,2025-07-03 15:24:43,2025-07-03 15:35:32.861718,2025-07-03 15:38:42.900000,2025-07-03 15:42:07.100,17.401666666666664,3.1673047000000003,23,1,osrm
626,delivered,2025-07-03 15:24:11,2025-07-03 15:29:24.912885,2025-07-03 15:29:24.912885,2025-07-03 15:29:44.900,5.5649999999999995,0.0,10,1,osrm
627,delivered,2025-07-03 15:25:20,2025-07-03 15:33:51.434397,2025-07-03 15:33:51.434397,2025-07-03 15:35:50.500,10.508333333333333,0.0,59,1,osrm
628,delivered,2025-07-03 15:26:08,2025-07-03 15:43:24.025592,2025-07-03 15:44:18.500000,2025-07-03 15:47:49.500,21.691666666666666,0.9079067999999999,42,1,osrm
629,delivered,2025-07-03 15:27:42,2025-07-03 15:37:30.059230,2025-07-03 15:38:35.300000,2025-07-03 15:41:17.700,13.595,1.0873461666666666,39,1,osrm
630,delivered,2025-07-03 15:28:43,2025-07-03 15:39:03.634526,2025-07-03 15:39:03.634526,2025-07-03 15:41:37.300,12.905,0.0,44,1,osrm
631,delivered,2025-07-03 15:29:12,2025-07-03 15:46:06.874764,2025-07-03 15:48:26.400000,2025-07-03 15:50:44.400,21.540000000000003,2.3254206,38,1,osrm
632,delivered,2025-07-03 15:30:35,2025-07-03 15:39:12.233502,2025-07-03 15:39:25.400000,2025-07-03 15:42:35.500,12.008333333333333,0.21944163333333336,35,1,osrm
633,delivered,2025-07-03 15:30:50,2025-07-03 15:43:39.151931,2025-07-03 15:44:19.700000,2025-07-03 15:48:30.700,17.678333333333335,0.67580115,31,1,osrm
634,delivered,2025-07-03 15:30:39,2025-07-03 15:41:24.520913,2025-07-03 15:43:51.500000,2025-07-03 15:47:55.600,17.276666666666664,2.4496514499999997,57,1,osrm
635,delivered,2025-07-03 15:33:07,2025-07-03 15:46:45.832903,2025-07-03 15:48:18.800000,2025-07-03 15:51:39.700,18.545,1.5494516166666665,45,1,osrm
636,delivered,2025-07-03 15:33:35,2025-07-03 15:42:58.834467,2025-07-03 15:45:17.300000,2025-07-03 15:48:05.500,14.508333333333333,2.3077588833333333,36,1,osrm
637,delivered,2025-07-03 15:34:24,2025-07-03 15:40:09.669110,2025-07-03 15:43:43.500000,2025-07-03 15:47:36.700,13.211666666666668,3.563848166666667,11,1,osrm
638,delivered,2025-07-03 15:34:31,2025-07-03 15:43:24.885659,2025-07-03 15:44:13.000000,2025-07-03 15:47:34.000,13.05,0.8019056833333333,17,1,osrm
639,delivered,2025-07-03 15:34:37,2025-07-03 15:50:36.077419,2025-07-03 15:53:42.100000,2025-07-03 15:55:47.900,21.18166666666667,3.10037635,14,1,osrm
640,delivered,2025-07-03 15:34:45,2025-07-03 15:45:38.692982,2025-07-03 15:48:47.600000,2025-07-03 15:52:03.900,17.315,3.1484503,32,1,osrm
641,delivered,2025-07-03 15:35:47,2025-07-03 15:48:33.081563,2025-07-03 15:48:33.081563,2025-07-03 15:52:09.300,16.371666666666666,0.0,40,1,osrm
642,delivered,2025-07-03 15:36:10,2025-07-03 15:49:29.676311,2025-07-03 15:49:29.676311,2025-07-03 15:51:31.500,15.358333333333333,0.0,30,1,osrm
643,delivered,2025-07-03 15:37:09,2025-07-03 15:48:22.752553,2025-07-03 15:48:22.752553,2025-07-03 15:51:03.800,13.913333333333332,0.0,46,1,osrm
644,delivered,2025-07-03 15:37:15,2025-07-03 15:49:33.124689,2025-07-03 15:49:33.124689,2025-07-03 15:52:15.000,15.0,0.0,20,1,osrm
645,delivered,2025-07-03 15:37:57,2025-07-03 15:46:38.659684,2025-07-03 15:48:36.000000,2025-07-03 15:48:35.300,10.638333333333332,1.9556719333333334,5,1,osrm
646,delivered,2025-07-03 15:39:21,2025-07-03 15:46:14.967114,2025-07-03 15:49:01.600000,2025-07-03 15:54:03.300,14.705,2.777214766666667,27,1,osrm
647,delivered,2025-07-03 15:40:47,2025-07-03 15:57:31.832842,2025-07-03 15:58:18.800000,2025-07-03 16:01:04.500,20.291666666666668,0.7827859666666667,11,1,osrm
648,delivered,2025-07-03 15:40:53,2025-07-03 15:53:47.122869,2025-07-03 15:53:53.600000,2025-07-03 15:57:19.700,16.445,0.10795218333333333,24,1,osrm
649,delivered,2025-07-03 15:41:06,2025-07-03 15:54:08.212044,2025-07-03 15:54:08.212044,2025-07-03 15:55:22.900,14.281666666666666,0.0,1,1,osrm
650,delivered,2025-07-03 15:43:12,2025-07-03 15:49:35.793753,2025-07-03 15:49:35.793753,2025-07-03 15:53:10.900,9.981666666666666,0.0,6,1,osrm
651,delivered,2025-07-03 15:44:10,2025-07-03 16:01:43.836266,2025-07-03 16:02:39.600000,2025-07-03 16:05:59.300,21.821666666666665,0.9293955666666667,6,1,osrm
652,delivered,2025-07-03 15:44:57,2025-07-03 15:59:46.093342,2025-07-03 15:59:46.093342,2025-07-03 16:03:28.500,18.525,0.0,3,1,osrm
653,delivered,2025-07-03 15:45:19,2025-07-03 15:57:59.633495,2025-07-03 15:58:44.700000,2025-07-03 16:02:23.600,17.076666666666664,0.7511084166666666,8,1,osrm
654,delivered,2025-07-03 15:45:42,2025-07-03 15:59:56.909483,2025-07-03 15:59:56.909483,2025-07-03 16:03:05.800,17.396666666666665,0.0,17,1,osrm
655,delivered,2025-07-03 15:47:13,2025-07-03 15:54:49.330412,2025-07-03 15:54:49.330412,2025-07-03 15:56:47.600,9.576666666666666,0.0,44,1,osrm
656,delivered,2025-07-03 15:48:46,2025-07-03 16:01:16.570966,2025-07-03 16:04:33.900000,2025-07-03 16:06:01.400,17.256666666666668,3.2888172333333334,45,1,osrm
657,delivered,2025-07-03 15:49:03,2025-07-03 16:04:43.605733,2025-07-03 16:04:43.605733,2025-07-03 16:05:40.400,16.62333333333333,0.0,20,1,osrm
658,delivered,2025-07-03 15:49:13,2025-07-03 15:57:39.960896,2025-07-03 15:59:16.800000,2025-07-03 16:02:45.600,13.543333333333333,1.6139850666666669,34,1,osrm
659,delivered,2025-07-03 15:49:52,2025-07-03 16:02:10.370929,2025-07-03 16:03:15.200000,2025-07-03 16:06:45.200,16.886666666666667,1.0804845166666666,40,1,osrm
660,delivered,2025-07-03 15:50:57,2025-07-03 16:01:10.878493,2025-07-03 16:03:24.000000,2025-07-03 16:07:13.700,16.278333333333332,2.2186917833333335,38,1,osrm
661,delivered,2025-07-03 15:50:27,2025-07-03 16:03:19.374483,2025-07-03 16:03:19.374483,2025-07-03 16:06:15.500,15.808333333333334,0.0,46,1,osrm
662,delivered,2025-07-03 15:51:15,2025-07-03 16:03:32.098122,2025-07-03 16:03:34.100000,2025-07-03 16:08:19.400,17.073333333333334,0.03336463333333333,7,1,osrm
663,delivered,2025-07-03 15:51:50,2025-07-03 16:04:17.408117,2025-07-03 16:04:17.408117,2025-07-03 16:08:10.300,16.33833333333333,0.0,32,1,osrm
664,delivered,2025-07-03 15:52:53,2025-07-03 16:03:07.744658,2025-07-03 16:03:07.744658,2025-07-03 16:05:58.200,13.086666666666668,0.0,47,1,osrm
665,delivered,2025-07-03 15:52:09,2025-07-03 16:05:12.937410,2025-07-03 16:08:29.900000,2025-07-03 16:11:13.700,19.078333333333333,3.2827098333333335,12,1,osrm
666,delivered,2025-07-03 15:53:40,2025-07-03 16:02:07.965904,2025-07-03 16:04:28.800000,2025-07-03 16:05:33.400,11.889999999999999,2.347234933333333,43,1,osrm
667,delivered,2025-07-03 15:53:34,2025-07-03 16:05:29.074702,2025-07-03 16:08:13.800000,2025-07-03 16:10:47.300,17.221666666666668,2.7454216333333337,58,1,osrm
668,delivered,2025-07-03 15:53:45,2025-07-03 16:07:19.173060,2025-07-03 16:08:20.600000,2025-07-03 16:12:55.300,19.171666666666667,1.0237823333333333,36,1,osrm
669,delivered,2025-07-03 15:54:54,2025-07-03 16:08:32.608082,2025-07-03 16:08:32.608082,2025-07-03 16:07:33.800,12.663333333333332,0.0,29,1,osrm
670,delivered,2025-07-03 15:54:21,2025-07-03 16:07:15.120729,2025-07-03 16:08:15.400000,2025-07-03 16:09:14.400,14.889999999999999,1.0046545166666667,52,1,osrm
671,delivered,2025-07-03 15:55:34,2025-07-03 16:08:14.294687,2025-07-03 16:08:14.294687,2025-07-03 16:09:53.800,14.33,0.0,24,1,osrm
672,delivered,2025-07-03 15:55:55,2025-07-03 16:10:05.411650,2025-07-03 16:12:28.700000,2025-07-03 16:11:38.200,15.72,2.388139166666667,51,1,osrm
673,delivered,2025-07-03 15:56:17,2025-07-03 16:09:01.414494,2025-07-03 16:09:01.414494,2025-07-03 16:11:20.600,15.06,0.0,59,1,osrm
674,delivered,2025-07-03 15:57:46,2025-07-03 16:08:19.045153,2025-07-03 16:08:46.100000,2025-07-03 16:07:44.400,9.973333333333333,0.45091411666666664,5,1,osrm
675,delivered,2025-07-03 15:58:42,2025-07-03 16:11:18.837145,2025-07-03 16:13:44.700000,2025-07-03 16:16:54.100,18.201666666666664,2.431047583333333,3,1,osrm
676,delivered,2025-07-03 15:58:42,2025-07-03 16:15:10.172406,2025-07-03 16:17:11.200000,2025-07-03 16:19:54.200,21.203333333333333,2.0171265666666667,47,1,osrm
677,delivered,2025-07-03 15:58:22,2025-07-03 16:12:34.937552,2025-07-03 16:14:28.800000,2025-07-03 16:15:47.300,17.421666666666667,1.8977074666666667,11,1,osrm
678,delivered,2025-07-03 15:58:24,2025-07-03 16:12:49.899030,2025-07-03 16:13:43.400000,2025-07-03 16:18:29.200,20.086666666666666,0.8916828333333334,34,1,osrm
679,delivered,2025-07-03 15:59:07,2025-07-03 16:12:42.882392,2025-07-03 16:12:50.700000,2025-07-03 16:14:54.000,15.783333333333333,0.13029346666666666,55,1,osrm
680,delivered,2025-07-03 15:59:38,2025-07-03 16:11:53.039718,2025-07-03 16:14:49.000000,2025-07-03 16:19:39.600,20.026666666666664,2.932671366666667,22,1,osrm
681,delivered,2025-07-03 15:59:30,2025-07-03 16:09:49.961286,2025-07-03 16:09:49.961286,2025-07-03 16:13:30.400,14.006666666666666,0.0,10,1,osrm
682,delivered,2025-07-03 16:02:48,2025-07-03 16:12:18.305778,2025-07-03 16:12:45.700000,2025-07-03 16:16:36.400,13.806666666666667,0.45657036666666667,17,1,osrm
683,delivered,2025-07-03 16:03:36,2025-07-03 16:19:37.956313,2025-07-03 16:19:37.956313,2025-07-03 16:22:51.800,19.263333333333332,0.0,31,1,osrm
684,delivered,2025-07-03 16:03:48,2025-07-03 16:15:14.096690,2025-07-03 16:18:24.300000,2025-07-03 16:16:59.100,13.185,3.1700551666666663,44,1,osrm
685,delivered,2025-07-03 16:03:33,2025-07-03 16:12:54.775389,2025-07-03 16:13:00.800000,2025-07-03 16:16:05.200,12.536666666666667,0.10041018333333333,35,1,osrm
686,delivered,2025-07-03 16:04:04,2025-07-03 16:09:04.000000,2025-07-03 16:09:04.000000,2025-07-03 16:08:16.100,4.201666666666666,0.0,57,1,osrm
687,delivered,2025-07-03 16:04:53,2025-07-03 16:16:18.730683,2025-07-03 16:18:57.600000,2025-07-03 16:22:28.500,17.591666666666665,2.64782195,46,1,osrm
688,delivered,2025-07-03 16:04:01,2025-07-03 16:19:30.083010,2025-07-03 16:19:30.083010,2025-07-03 16:24:49.000,20.8,0.0,5,1,osrm
689,delivered,2025-07-03 16:04:30,2025-07-03 16:16:26.922281,2025-07-03 16:18:03.600000,2025-07-03 16:22:11.600,17.69333333333333,1.6112953166666666,20,1,osrm
690,delivered,2025-07-03 16:05:34,2025-07-03 16:21:24.503003,2025-07-03 16:48:23.213482,2025-07-03 16:45:04.500,39.50833333333333,26.978507983333333,24,2,osrm
691,delivered,2025-07-03 16:05:38,2025-07-03 16:17:38.485685,2025-07-03 16:19:17.800000,2025-07-03 16:22:11.100,16.551666666666666,1.6552385833333332,16,1,osrm
692,delivered,2025-07-03 16:05:15,2025-07-03 16:18:25.133910,2025-07-03 16:18:25.500000,2025-07-03 16:21:20.200,16.086666666666666,0.0061015,40,1,osrm
693,delivered,2025-07-03 16:06:44,2025-07-03 16:20:40.630435,2025-07-03 16:22:05.300000,2025-07-03 16:25:13.700,18.495,1.4111594166666668,36,1,osrm
694,delivered,2025-07-03 16:08:14,2025-07-03 16:21:30.111425,2025-07-03 16:27:58.200000,2025-07-03 16:32:46.500,24.541666666666668,6.468142916666666,41,2,osrm
695,delivered,2025-07-03 16:08:08,2025-07-03 16:22:56.990541,2025-07-03 16:28:35.000000,2025-07-03 16:33:08.800,25.013333333333332,5.633490983333333,26,2,osrm
696,delivered,2025-07-03 16:09:12,2025-07-03 16:23:00.307329,2025-07-03 16:32:58.200000,2025-07-03 16:37:53.600,28.69333333333333,9.964877849999999,23,3,osrm
697,delivered,2025-07-03 16:09:49,2025-07-03 16:16:57.790638,2025-07-03 16:18:25.400000,2025-07-03 16:21:47.600,11.976666666666667,1.4601560333333334,21,1,osrm
698,delivered,2025-07-03 16:10:10,2025-07-03 16:20:08.220830,2025-07-03 16:28:53.500000,2025-07-03 16:31:41.500,21.525,8.754652833333333,10,2,osrm
699,delivered,2025-07-03 16:10:09,2025-07-03 16:25:55.788092,2025-07-03 16:28:12.000000,2025-07-03 16:31:32.000,21.383333333333333,2.2701984666666664,14,1,osrm
700,delivered,2025-07-03 16:10:15,2025-07-03 16:21:34.462777,2025-07-03 16:22:42.200000,2025-07-03 16:27:23.400,17.14,1.1289537166666668,54,1,osrm
701,delivered,2025-07-03 16:11:25,2025-07-03 16:20:18.650029,2025-07-03 16:24:22.600000,2025-07-03 16:29:58.200,18.553333333333335,4.0658328500000005,30,2,osrm
702,delivered,2025-07-03 16:11:28,2025-07-03 16:26:51.068063,2025-07-03 16:43:27.743731,2025-07-03 16:48:03.900,36.598333333333336,16.611261133333333,27,3,osrm
703,delivered,2025-07-03 16:12:30,2025-07-03 16:20:13.668975,2025-07-03 16:33:51.400000,2025-07-03 16:35:48.900,23.315,13.628850416666667,40,1,osrm
704,delivered,2025-07-03 16:12:57,2025-07-03 16:26:59.277261,2025-07-03 16:28:53.500000,2025-07-03 16:31:41.500,18.741666666666667,1.9037123166666667,10,2,osrm
705,delivered,2025-07-03 16:13:10,2025-07-03 16:29:41.930553,2025-07-03 16:38:02.400000,2025-07-03 16:42:39.300,29.488333333333333,8.34115745,44,1,osrm
706,delivered,2025-07-03 16:13:18,2025-07-03 16:21:48.426797,2025-07-03 16:23:25.900000,2025-07-03 16:26:39.800,13.363333333333333,1.6245533833333332,42,1,osrm
707,delivered,2025-07-03 16:14:04,2025-07-03 16:23:53.978338,2025-07-03 16:43:13.662111,2025-07-03 16:42:02.200,27.970000000000002,19.328062883333335,42,3,osrm
708,delivered,2025-07-03 16:14:10,2025-07-03 16:25:55.796714,2025-07-03 16:29:20.523005,2025-07-03 16:30:50.800,16.68,3.41210485,52,2,osrm
709,delivered,2025-07-03 16:14:41,2025-07-03 16:27:49.817771,2025-07-03 16:44:08.300000,2025-07-03 16:49:57.500,35.275,16.30803715,12,2,osrm
710,delivered,2025-07-03 16:15:55,2025-07-03 16:27:28.294645,2025-07-03 16:27:58.200000,2025-07-03 16:32:46.500,16.858333333333334,0.49842258333333334,41,2,osrm
711,delivered,2025-07-03 16:15:50,2025-07-03 16:21:38.828807,2025-07-03 16:24:22.600000,2025-07-03 16:29:58.200,14.136666666666667,2.7295198833333334,30,2,osrm
712,delivered,2025-07-03 16:16:44,2025-07-03 16:29:17.566938,2025-07-03 16:29:17.566938,2025-07-03 16:30:47.400,14.056666666666667,0.0,1,1,osrm
713,delivered,2025-07-03 16:16:30,2025-07-03 16:28:28.472945,2025-07-03 16:34:12.500000,2025-07-03 16:37:53.300,21.388333333333332,5.73378425,28,1,osrm
714,delivered,2025-07-03 16:16:45,2025-07-03 16:27:46.802885,2025-07-03 16:41:20.200000,2025-07-03 16:44:36.200,27.853333333333335,13.556618583333334,35,1,osrm
715,delivered,2025-07-03 16:16:54,2025-07-03 16:24:32.131319,2025-07-03 16:38:25.900000,2025-07-03 16:43:21.000,26.45,13.896144683333334,36,1,osrm
716,delivered,2025-07-03 16:17:35,2025-07-03 16:31:14.408369,2025-07-03 16:33:58.800000,2025-07-03 16:36:20.200,18.753333333333334,2.7398605166666665,47,1,osrm
717,delivered,2025-07-03 16:17:25,2025-07-03 16:34:49.024239,2025-07-03 16:42:26.800000,2025-07-03 16:47:56.400,30.523333333333333,7.6295960166666665,46,2,osrm
718,delivered,2025-07-03 16:17:04,2025-07-03 16:26:36.455396,2025-07-03 16:28:35.000000,2025-07-03 16:33:08.800,16.08,1.9757434,26,2,osrm
719,delivered,2025-07-03 16:17:40,2025-07-03 16:29:20.523005,2025-07-03 16:29:20.523005,2025-07-03 16:30:50.800,13.18,0.0,52,2,osrm
720,delivered,2025-07-03 16:17:35,2025-07-03 16:29:11.046573,2025-07-03 16:38:25.500000,2025-07-03 16:44:08.500,26.558333333333334,9.24089045,13,2,osrm
721,delivered,2025-07-03 16:18:19,2025-07-03 16:30:51.164823,2025-07-03 16:40:05.500000,2025-07-03 16:39:32.100,21.21833333333333,9.238919616666667,30,1,osrm
722,delivered,2025-07-03 16:18:41,2025-07-03 16:31:30.230167,2025-07-03 16:49:13.200000,2025-07-03 16:56:43.200,38.03666666666666,17.716163883333333,56,2,osrm
723,delivered,2025-07-03 16:18:00,2025-07-03 16:36:38.575564,2025-07-03 16:38:02.600000,2025-07-03 16:42:53.900,24.898333333333333,1.4004072666666665,54,1,osrm
724,delivered,2025-07-03 16:19:52,2025-07-03 16:27:18.931485,2025-07-03 16:38:04.800000,2025-07-03 16:43:35.400,23.723333333333336,10.76447525,22,2,osrm
725,delivered,2025-07-03 16:19:58,2025-07-03 16:35:23.804869,2025-07-03 16:45:15.400000,2025-07-03 16:49:38.600,29.676666666666666,9.859918850000001,26,1,osrm
726,delivered,2025-07-03 16:20:55,2025-07-03 16:32:46.316898,2025-07-03 16:32:58.200000,2025-07-03 16:37:53.600,16.976666666666667,0.19805170000000002,23,3,osrm
727,delivered,2025-07-03 16:21:55,2025-07-03 16:30:21.539933,2025-07-03 16:53:05.937554,2025-07-03 16:55:24.800,33.49666666666666,22.73996035,19,3,osrm
728,delivered,2025-07-03 16:21:40,2025-07-03 16:28:03.418772,2025-07-03 16:28:25.900000,2025-07-03 16:32:53.600,11.226666666666667,0.37468713333333337,50,1,osrm
729,delivered,2025-07-03 16:22:49,2025-07-03 16:35:37.767285,2025-07-03 16:38:25.500000,2025-07-03 16:44:08.500,21.325,2.7955452500000004,13,2,osrm
730,delivered,2025-07-03 16:22:58,2025-07-03 16:30:46.693205,2025-07-03 16:33:44.100000,2025-07-03 16:36:18.100,13.335,2.9567799166666666,25,1,osrm
731,delivered,2025-07-03 16:23:53,2025-07-03 16:36:17.932061,2025-07-03 16:38:04.800000,2025-07-03 16:43:35.400,19.706666666666667,1.7811323166666668,22,2,osrm
732,delivered,2025-07-03 16:23:01,2025-07-03 16:41:51.485783,2025-07-03 16:44:08.300000,2025-07-03 16:49:57.500,26.941666666666666,2.2802369500000004,12,2,osrm
733,delivered,2025-07-03 16:25:15,2025-07-03 16:34:28.894121,2025-07-03 16:49:20.500000,2025-07-03 16:55:30.700,30.261666666666667,14.860097983333333,11,2,osrm
734,delivered,2025-07-03 16:26:15,2025-07-03 16:40:56.627200,2025-07-03 16:49:20.500000,2025-07-03 16:55:30.700,29.261666666666667,8.397879999999999,11,2,osrm
735,delivered,2025-07-03 16:26:14,2025-07-03 16:38:07.136526,2025-07-03 16:49:13.200000,2025-07-03 16:56:43.200,30.486666666666668,11.1010579,56,2,osrm
736,delivered,2025-07-03 16:27:19,2025-07-03 16:38:53.238915,2025-07-03 16:44:16.100000,2025-07-03 16:47:36.400,20.290000000000003,5.381018083333333,39,1,osrm
737,delivered,2025-07-03 16:27:54,2025-07-03 16:36:28.216360,2025-07-03 16:38:29.100000,2025-07-03 16:44:07.100,16.218333333333334,2.0147273333333335,29,2,osrm
738,delivered,2025-07-03 16:27:54,2025-07-03 16:42:36.630839,2025-07-03 16:43:06.300000,2025-07-03 16:49:08.800,21.246666666666666,0.49448601666666664,52,2,osrm
739,delivered,2025-07-03 16:27:52,2025-07-03 16:42:48.117690,2025-07-03 16:48:14.300000,2025-07-03 16:52:13.000,24.35,5.436371833333333,28,2,osrm
740,delivered,2025-07-03 16:28:33,2025-07-03 16:40:43.416144,2025-07-03 16:43:06.300000,2025-07-03 16:49:08.800,20.596666666666668,2.3813976,52,2,osrm
741,delivered,2025-07-03 16:28:00,2025-07-03 16:44:45.803049,2025-07-03 16:44:45.803049,2025-07-03 16:43:41.600,15.693333333333333,0.0,55,2,osrm
742,delivered,2025-07-03 16:28:04,2025-07-03 16:41:13.266029,2025-07-03 16:44:45.803049,2025-07-03 16:43:41.600,15.626666666666667,3.542283666666667,55,2,osrm
743,delivered,2025-07-03 16:28:32,2025-07-03 16:35:04.008285,2025-07-03 16:37:58.200000,2025-07-03 16:43:17.800,14.763333333333332,2.90319525,34,1,osrm
744,delivered,2025-07-03 16:28:30,2025-07-03 16:40:41.037446,2025-07-03 16:43:27.743731,2025-07-03 16:48:03.900,19.565,2.7784380833333335,27,3,osrm
745,delivered,2025-07-03 16:28:29,2025-07-03 16:40:36.165346,2025-07-03 16:48:02.400000,2025-07-03 16:53:33.500,25.075,7.437244233333333,47,3,osrm
746,delivered,2025-07-03 16:29:12,2025-07-03 16:42:50.732317,2025-07-03 16:44:00.100000,2025-07-03 16:46:08.100,16.935,1.15612805,20,1,osrm
747,delivered,2025-07-03 16:29:09,2025-07-03 16:36:59.683339,2025-07-03 16:38:29.100000,2025-07-03 16:44:07.100,14.968333333333334,1.4902776833333333,29,2,osrm
748,delivered,2025-07-03 16:29:38,2025-07-03 16:43:13.662111,2025-07-03 16:43:13.662111,2025-07-03 16:42:02.200,12.403333333333334,0.0,42,3,osrm
749,delivered,2025-07-03 16:29:57,2025-07-03 16:44:54.317574,2025-07-03 16:53:05.937554,2025-07-03 16:55:24.800,25.46333333333333,8.193666333333333,19,3,osrm
750,delivered,2025-07-03 16:29:23,2025-07-03 16:40:54.227531,2025-07-03 16:43:13.662111,2025-07-03 16:42:02.200,12.653333333333334,2.3239096666666668,42,3,osrm
751,delivered,2025-07-03 16:29:10,2025-07-03 16:39:06.962527,2025-07-03 16:50:14.100000,2025-07-03 16:54:30.500,25.341666666666665,11.118957883333334,4,2,osrm
752,delivered,2025-07-03 16:30:18,2025-07-03 16:45:36.387481,2025-07-03 16:48:14.300000,2025-07-03 16:52:13.000,21.916666666666668,2.6318753166666666,28,2,osrm
753,delivered,2025-07-03 16:30:36,2025-07-03 16:41:33.547889,2025-07-03 16:53:58.100000,2025-07-03 16:56:18.000,25.7,12.409201849999999,44,1,osrm
754,delivered,2025-07-03 16:30:11,2025-07-03 16:42:22.572756,2025-07-03 16:42:45.400000,2025-07-03 16:48:13.900,18.048333333333336,0.38045406666666665,18,2,osrm
755,delivered,2025-07-03 16:30:48,2025-07-03 16:44:14.324915,2025-07-03 16:48:59.900000,2025-07-03 16:53:08.600,22.34333333333333,4.75958475,23,1,osrm
756,delivered,2025-07-03 16:30:46,2025-07-03 16:44:26.455612,2025-07-03 16:47:48.100000,2025-07-03 16:51:40.300,20.904999999999998,3.3607397999999997,25,1,osrm
757,delivered,2025-07-03 16:30:40,2025-07-03 16:38:50.160700,2025-07-03 16:42:26.800000,2025-07-03 16:47:56.400,17.273333333333333,3.610655,46,2,osrm
758,delivered,2025-07-03 16:30:29,2025-07-03 16:35:33.707797,2025-07-03 16:37:11.800000,2025-07-03 16:41:47.500,11.308333333333334,1.63487005,2,1,osrm
759,delivered,2025-07-03 16:31:12,2025-07-03 16:39:28.116474,2025-07-03 16:39:28.116474,2025-07-03 16:43:36.700,12.411666666666667,0.0,17,1,osrm
760,delivered,2025-07-03 16:31:46,2025-07-03 16:46:06.948918,2025-07-03 16:48:02.400000,2025-07-03 16:53:33.500,21.791666666666668,1.9241847,47,3,osrm
761,delivered,2025-07-03 16:32:00,2025-07-03 16:40:34.570105,2025-07-03 16:53:25.900000,2025-07-03 16:58:27.800,26.46333333333333,12.85549825,2,2,osrm
762,delivered,2025-07-03 16:32:20,2025-07-03 16:42:26.874206,2025-07-03 16:44:26.100000,2025-07-03 16:48:51.000,16.516666666666666,1.9870965666666665,9,1,osrm
763,delivered,2025-07-03 16:33:56,2025-07-03 16:42:26.402644,2025-07-03 16:44:44.007078,2025-07-03 16:49:35.500,15.658333333333333,2.2934072333333333,10,2,osrm
764,delivered,2025-07-03 16:33:50,2025-07-03 16:48:23.213482,2025-07-03 16:48:23.213482,2025-07-03 16:45:04.500,11.241666666666667,0.0,24,2,osrm
765,delivered,2025-07-03 16:34:27,2025-07-03 16:45:16.360732,2025-07-03 16:50:14.100000,2025-07-03 16:54:30.500,20.058333333333334,4.962321133333333,4,2,osrm
766,delivered,2025-07-03 16:34:46,2025-07-03 16:47:29.901404,2025-07-03 16:53:25.900000,2025-07-03 16:58:27.800,23.696666666666665,5.933309933333334,2,2,osrm
767,delivered,2025-07-03 16:35:46,2025-07-03 16:43:27.743731,2025-07-03 16:43:27.743731,2025-07-03 16:48:03.900,12.298333333333334,0.0,27,3,osrm
768,delivered,2025-07-03 16:35:40,2025-07-03 16:42:54.791657,2025-07-03 17:02:29.104408,2025-07-03 17:05:04.700,29.41166666666667,19.571879183333333,16,2,osrm
769,delivered,2025-07-03 16:36:35,2025-07-03 16:52:14.806011,2025-07-03 16:54:21.600000,2025-07-03 16:58:30.200,21.92,2.11323315,8,1,osrm
770,delivered,2025-07-03 16:37:29,2025-07-03 16:51:22.482148,2025-07-03 16:58:50.400000,2025-07-03 17:03:56.000,26.45,7.465297533333333,15,3,osrm
771,delivered,2025-07-03 16:37:24,2025-07-03 16:44:44.007078,2025-07-03 16:44:44.007078,2025-07-03 16:49:35.500,12.191666666666666,0.0,10,2,osrm
772,delivered,2025-07-03 16:40:57,2025-07-03 16:51:27.749961,2025-07-03 16:59:32.500000,2025-07-03 17:04:47.300,23.83833333333333,8.079167316666666,21,2,osrm
773,delivered,2025-07-03 16:41:11,2025-07-03 16:53:05.937554,2025-07-03 16:53:05.937554,2025-07-03 16:55:24.800,14.229999999999999,0.0,19,3,osrm
774,delivered,2025-07-03 16:41:22,2025-07-03 16:57:53.096277,2025-07-03 16:59:00.200000,2025-07-03 17:03:24.800,22.046666666666667,1.1183953833333333,9,1,osrm
775,delivered,2025-07-03 16:41:41,2025-07-03 16:51:14.112960,2025-07-03 16:53:32.400000,2025-07-03 16:57:12.000,15.516666666666667,2.3047839999999997,3,1,osrm
776,delivered,2025-07-03 16:41:30,2025-07-03 16:53:11.680803,2025-07-03 16:54:16.000000,2025-07-03 16:58:26.800,16.946666666666665,1.0719866166666667,17,1,osrm
777,delivered,2025-07-03 16:41:11,2025-07-03 16:58:04.949037,2025-07-03 16:59:32.500000,2025-07-03 17:04:47.300,23.605,1.4591827166666667,21,2,osrm
778,delivered,2025-07-03 16:41:59,2025-07-03 16:50:30.632341,2025-07-03 16:53:48.500000,2025-07-03 16:56:48.600,14.826666666666666,3.297794316666667,41,1,osrm
779,delivered,2025-07-03 16:42:49,2025-07-03 16:52:00.771731,2025-07-03 17:08:05.100000,2025-07-03 17:12:58.100,30.151666666666664,16.072137816666665,36,2,osrm
780,delivered,2025-07-03 16:42:22,2025-07-03 16:55:56.157877,2025-07-03 17:04:26.500000,2025-07-03 17:08:47.900,26.43166666666667,8.50570205,47,2,osrm
781,delivered,2025-07-03 16:43:42,2025-07-03 17:00:30.016082,2025-07-03 17:03:45.455227,2025-07-03 17:08:57.100,25.251666666666665,3.2573190833333334,34,2,osrm
782,delivered,2025-07-03 16:44:10,2025-07-03 16:55:32.136672,2025-07-03 17:03:22.700000,2025-07-03 17:06:30.800,22.346666666666668,7.842722133333334,54,3,osrm
783,delivered,2025-07-03 16:44:15,2025-07-03 16:52:51.701185,2025-07-03 17:08:59.500000,2025-07-03 17:10:35.300,26.33833333333333,16.12998025,27,2,osrm
784,delivered,2025-07-03 16:44:07,2025-07-03 16:54:22.453617,2025-07-03 16:54:22.453617,2025-07-03 16:55:50.800,11.729999999999999,0.0,48,1,osrm
785,delivered,2025-07-03 16:44:59,2025-07-03 16:57:15.210550,2025-07-03 17:08:59.500000,2025-07-03 17:10:35.300,25.605,11.7381575,27,2,osrm
786,delivered,2025-07-03 16:45:27,2025-07-03 16:54:43.284562,2025-07-03 16:54:43.284562,2025-07-03 16:55:13.600,9.776666666666667,0.0,42,1,osrm
787,delivered,2025-07-03 16:46:57,2025-07-03 17:00:21.109113,2025-07-03 17:04:04.100000,2025-07-03 17:05:10.900,18.23166666666667,3.716514783333333,1,1,osrm
788,delivered,2025-07-03 16:46:12,2025-07-03 16:57:44.640738,2025-07-03 16:58:50.400000,2025-07-03 17:03:56.000,17.733333333333334,1.0959877,15,3,osrm
789,delivered,2025-07-03 16:46:25,2025-07-03 16:56:50.255128,2025-07-03 17:08:23.900000,2025-07-03 17:13:09.400,26.740000000000002,11.560747866666667,11,1,osrm
790,delivered,2025-07-03 16:47:57,2025-07-03 17:02:15.035093,2025-07-03 17:17:30.300000,2025-07-03 17:23:02.800,35.09666666666667,15.254415116666667,34,4,osrm
791,delivered,2025-07-03 16:47:48,2025-07-03 17:02:29.104408,2025-07-03 17:02:29.104408,2025-07-03 17:05:04.700,17.278333333333332,0.0,16,2,osrm
792,delivered,2025-07-03 16:47:26,2025-07-03 16:57:43.800117,2025-07-03 16:58:46.000000,2025-07-03 17:02:18.800,14.879999999999999,1.0366647166666667,39,1,osrm
793,delivered,2025-07-03 16:48:25,2025-07-03 17:01:56.342174,2025-07-03 17:18:25.273843,2025-07-03 17:22:11.100,33.76833333333333,16.482194483333334,54,2,osrm
794,delivered,2025-07-03 16:48:15,2025-07-03 17:02:13.531666,2025-07-03 17:04:21.900000,2025-07-03 17:06:45.100,18.501666666666665,2.1394722333333336,25,1,osrm
795,delivered,2025-07-03 16:48:25,2025-07-03 16:56:10.777377,2025-07-03 16:59:22.400000,2025-07-03 17:02:23.900,13.981666666666666,3.1937103833333333,38,1,osrm
796,delivered,2025-07-03 16:49:24,2025-07-03 16:59:50.212401,2025-07-03 17:08:17.100000,2025-07-03 17:10:23.200,20.986666666666668,8.44812665,31,1,osrm
797,delivered,2025-07-03 16:49:44,2025-07-03 17:00:48.677885,2025-07-03 17:03:11.300000,2025-07-03 17:06:46.900,17.048333333333332,2.37703525,33,3,osrm
798,delivered,2025-07-03 16:49:04,2025-07-03 16:59:58.171085,2025-07-03 17:03:52.432202,2025-07-03 17:06:59.800,17.93,3.90435195,22,2,osrm
799,delivered,2025-07-03 16:50:46,2025-07-03 17:07:58.332861,2025-07-03 17:14:30.397759,2025-07-03 17:17:35.500,26.825,6.5344149666666675,24,2,osrm
800,delivered,2025-07-03 16:50:11,2025-07-03 17:03:25.835817,2025-07-03 17:04:10.400000,2025-07-03 17:08:05.000,17.9,0.7427363833333334,32,2,osrm
801,delivered,2025-07-03 16:50:40,2025-07-03 17:00:58.960949,2025-07-03 17:03:26.700000,2025-07-03 17:09:55.100,19.251666666666665,2.4623175166666664,23,2,osrm
802,delivered,2025-07-03 16:50:39,2025-07-03 17:04:52.517346,2025-07-03 17:08:05.100000,2025-07-03 17:12:58.100,22.31833333333333,3.2097108999999997,36,2,osrm
803,delivered,2025-07-03 16:50:26,2025-07-03 17:08:17.209026,2025-07-03 17:19:08.978792,2025-07-03 17:22:55.800,32.49666666666666,10.862829433333333,1,3,osrm
804,delivered,2025-07-03 16:51:00,2025-07-03 17:02:26.655539,2025-07-03 17:08:31.900000,2025-07-03 17:14:59.000,23.983333333333334,6.087407683333334,7,2,osrm
805,delivered,2025-07-03 16:51:37,2025-07-03 16:58:24.709798,2025-07-03 17:04:10.400000,2025-07-03 17:08:05.000,16.466666666666665,5.761503366666667,32,2,osrm
806,delivered,2025-07-03 16:51:53,2025-07-03 17:07:51.480694,2025-07-03 17:08:26.400000,2025-07-03 17:11:03.400,19.173333333333336,0.5819884333333333,8,1,osrm
807,delivered,2025-07-03 16:51:13,2025-07-03 17:00:41.861908,2025-07-03 17:08:46.312596,2025-07-03 17:13:15.500,22.041666666666668,8.074178133333334,12,2,osrm
808,delivered,2025-07-03 16:52:20,2025-07-03 17:06:52.238948,2025-07-03 17:08:58.500000,2025-07-03 17:10:46.900,18.448333333333334,2.1043508666666666,48,1,osrm
809,delivered,2025-07-03 16:52:19,2025-07-03 16:59:36.734100,2025-07-03 17:03:11.300000,2025-07-03 17:06:46.900,14.465,3.5760983333333334,33,3,osrm
810,delivered,2025-07-03 16:52:12,2025-07-03 17:04:25.599452,2025-07-03 17:17:35.800000,2025-07-03 17:26:00.200,33.803333333333335,13.170009133333334,20,3,osrm
811,delivered,2025-07-03 16:53:41,2025-07-03 17:00:12.198931,2025-07-03 17:03:22.700000,2025-07-03 17:06:30.800,12.83,3.1750178166666667,54,3,osrm
812,delivered,2025-07-03 16:53:29,2025-07-03 17:10:21.190509,2025-07-03 17:24:29.035812,2025-07-03 17:26:15.300,32.77166666666667,14.13075505,48,4,osrm
813,delivered,2025-07-03 16:54:55,2025-07-03 17:03:52.432202,2025-07-03 17:03:52.432202,2025-07-03 17:06:59.800,12.08,0.0,22,2,osrm
814,delivered,2025-07-03 16:54:19,2025-07-03 17:11:54.430575,2025-07-03 17:17:51.900000,2025-07-03 17:24:04.500,29.758333333333333,5.95782375,6,3,osrm
815,delivered,2025-07-03 16:54:05,2025-07-03 17:02:23.979017,2025-07-03 17:04:26.500000,2025-07-03 17:08:47.900,14.715,2.0420163833333334,47,2,osrm
816,delivered,2025-07-03 16:54:37,2025-07-03 17:12:15.122650,2025-07-03 17:18:25.000000,2025-07-03 17:21:54.900,27.298333333333336,6.164622499999999,46,2,osrm
817,delivered,2025-07-03 16:55:39,2025-07-03 17:06:33.041824,2025-07-03 17:08:31.900000,2025-07-03 17:14:59.000,19.333333333333332,1.9809696,7,2,osrm
818,delivered,2025-07-03 16:55:07,2025-07-03 17:13:00.029146,2025-07-03 17:29:40.055367,2025-07-03 17:32:49.600,37.71,16.667103683333334,57,3,osrm
819,delivered,2025-07-03 16:55:58,2025-07-03 17:08:46.312596,2025-07-03 17:08:46.312596,2025-07-03 17:13:15.500,17.291666666666668,0.0,12,2,osrm
820,delivered,2025-07-03 16:55:41,2025-07-03 17:11:32.463906,2025-07-03 17:13:10.700000,2025-07-03 17:16:35.000,20.9,1.6372682333333333,37,1,osrm
821,delivered,2025-07-03 16:55:07,2025-07-03 17:03:45.455227,2025-07-03 17:03:45.455227,2025-07-03 17:08:57.100,13.835,0.0,34,2,osrm
822,delivered,2025-07-03 16:55:06,2025-07-03 17:05:24.982066,2025-07-03 17:07:39.600000,2025-07-03 17:10:27.600,15.360000000000001,2.2436322333333334,18,1,osrm
823,delivered,2025-07-03 16:55:32,2025-07-03 17:08:22.280605,2025-07-03 17:09:35.200000,2025-07-03 17:13:30.700,17.978333333333335,1.21532325,19,1,osrm
824,delivered,2025-07-03 16:56:56,2025-07-03 17:08:05.047064,2025-07-03 17:08:26.900000,2025-07-03 17:11:08.600,14.21,0.3642156,44,1,osrm
825,delivered,2025-07-03 16:56:16,2025-07-03 17:08:24.690419,2025-07-03 17:09:07.300000,2025-07-03 17:13:57.700,17.695,0.7101596833333333,41,1,osrm
826,delivered,2025-07-03 16:56:47,2025-07-03 17:12:53.753516,2025-07-03 17:23:27.300000,2025-07-03 17:27:26.700,30.66166666666667,10.559108066666665,31,3,osrm
827,delivered,2025-07-03 16:57:06,2025-07-03 17:12:23.446337,2025-07-03 17:13:14.000000,2025-07-03 17:17:26.000,20.333333333333332,0.84256105,15,2,osrm
828,delivered,2025-07-03 17:00:42,2025-07-03 17:11:58.566078,2025-07-03 17:13:14.000000,2025-07-03 17:17:26.000,16.733333333333334,1.2572320333333333,15,2,osrm
829,delivered,2025-07-03 17:01:02,2025-07-03 17:06:49.883342,2025-07-03 17:08:11.300000,2025-07-03 17:13:24.000,12.366666666666667,1.3569442999999999,26,1,osrm
830,delivered,2025-07-03 17:01:29,2025-07-03 17:13:25.456893,2025-07-03 17:17:30.300000,2025-07-03 17:23:02.800,21.563333333333333,4.08071845,34,4,osrm
831,delivered,2025-07-03 17:01:31,2025-07-03 17:15:37.737087,2025-07-03 17:19:47.000000,2025-07-03 17:24:01.500,22.508333333333333,4.1543818833333335,16,2,osrm
832,delivered,2025-07-03 17:01:37,2025-07-03 17:15:38.643612,2025-07-03 17:17:30.300000,2025-07-03 17:23:02.800,21.43,1.8609398000000001,34,4,osrm
833,delivered,2025-07-03 17:02:07,2025-07-03 17:12:37.365073,2025-07-03 17:17:35.800000,2025-07-03 17:26:00.200,23.886666666666667,4.973915450000001,20,3,osrm
834,delivered,2025-07-03 17:02:16,2025-07-03 17:12:22.498154,2025-07-03 17:17:30.300000,2025-07-03 17:23:02.800,20.779999999999998,5.130030766666667,34,4,osrm
835,delivered,2025-07-03 17:02:55,2025-07-03 17:16:22.626378,2025-07-03 17:18:25.000000,2025-07-03 17:21:54.900,18.998333333333335,2.0395603666666666,46,2,osrm
836,delivered,2025-07-03 17:03:13,2025-07-03 17:17:20.730218,2025-07-03 17:24:09.591178,2025-07-03 17:27:01.900,23.815,6.814349333333333,18,2,osrm
837,delivered,2025-07-03 17:03:27,2025-07-03 17:18:25.273843,2025-07-03 17:18:25.273843,2025-07-03 17:22:11.100,18.735,0.0,54,2,osrm
838,delivered,2025-07-03 17:03:06,2025-07-03 17:17:25.149151,2025-07-03 17:19:08.978792,2025-07-03 17:22:55.800,19.83,1.7304940166666667,1,3,osrm
839,delivered,2025-07-03 17:03:44,2025-07-03 17:15:21.303322,2025-07-03 17:17:51.900000,2025-07-03 17:24:04.500,20.341666666666665,2.5099446333333333,6,3,osrm
840,delivered,2025-07-03 17:03:27,2025-07-03 17:12:51.399322,2025-07-03 17:23:03.500000,2025-07-03 17:29:56.100,26.485,10.201677966666667,44,2,osrm
841,delivered,2025-07-03 17:03:29,2025-07-03 17:15:36.968191,2025-07-03 17:24:05.100000,2025-07-03 17:27:14.500,23.758333333333333,8.468863483333333,58,1,osrm
842,delivered,2025-07-03 17:04:48,2025-07-03 17:19:08.632582,2025-07-03 17:19:11.000000,2025-07-03 17:24:17.100,19.485,0.03945696666666666,33,1,osrm
843,delivered,2025-07-03 17:04:20,2025-07-03 17:13:19.103236,2025-07-03 17:24:54.200000,2025-07-03 17:29:14.300,24.904999999999998,11.584946066666667,27,1,osrm
844,delivered,2025-07-03 17:05:34,2025-07-03 17:14:30.397759,2025-07-03 17:14:30.397759,2025-07-03 17:17:35.500,12.025,0.0,24,2,osrm
845,delivered,2025-07-03 17:05:19,2025-07-03 17:17:50.557664,2025-07-03 17:24:00.400000,2025-07-03 17:29:33.900,24.248333333333335,6.164038933333333,50,2,osrm
846,delivered,2025-07-03 17:05:33,2025-07-03 17:16:38.283411,2025-07-03 17:34:51.190439,2025-07-03 17:40:29.200,34.93666666666666,18.215117133333333,22,3,osrm
847,delivered,2025-07-03 17:06:11,2025-07-03 17:15:51.062375,2025-07-03 17:19:47.000000,2025-07-03 17:24:01.500,17.841666666666665,3.93229375,16,2,osrm
848,delivered,2025-07-03 17:06:01,2025-07-03 17:18:01.087882,2025-07-03 17:32:34.200000,2025-07-03 17:42:11.300,36.17166666666667,14.551868633333333,41,4,osrm
849,delivered,2025-07-03 17:06:54,2025-07-03 17:19:08.582271,2025-07-03 17:23:30.000000,2025-07-03 17:28:19.500,21.425,4.35696215,30,3,osrm
850,delivered,2025-07-03 17:06:50,2025-07-03 17:16:43.491566,2025-07-03 17:29:40.055367,2025-07-03 17:32:49.600,25.993333333333332,12.942730016666667,57,3,osrm
851,delivered,2025-07-03 17:07:37,2025-07-03 17:18:13.082343,2025-07-03 17:18:13.082343,2025-07-03 17:19:52.600,12.26,0.0,23,1,osrm
852,delivered,2025-07-03 17:07:05,2025-07-03 17:15:51.527011,2025-07-03 17:17:35.800000,2025-07-03 17:26:00.200,18.92,1.7378831499999998,20,3,osrm
853,delivered,2025-07-03 17:07:51,2025-07-03 17:23:50.450482,2025-07-03 17:33:04.200000,2025-07-03 17:38:53.000,31.033333333333335,9.229158633333332,6,3,osrm
854,delivered,2025-07-03 17:07:17,2025-07-03 17:20:41.147443,2025-07-03 17:42:56.916106,2025-07-03 17:45:12.900,37.931666666666665,22.26281105,31,2,osrm
855,delivered,2025-07-03 17:07:05,2025-07-03 17:14:29.267510,2025-07-03 17:23:30.000000,2025-07-03 17:28:19.500,21.241666666666667,9.012208166666666,30,3,osrm
856,delivered,2025-07-03 17:07:27,2025-07-03 17:21:18.334805,2025-07-03 17:32:34.200000,2025-07-03 17:42:11.300,34.73833333333334,11.264419916666666,41,4,osrm
857,delivered,2025-07-03 17:07:07,2025-07-03 17:22:57.807629,2025-07-03 17:24:29.035812,2025-07-03 17:26:15.300,19.138333333333332,1.5204697166666667,48,4,osrm
858,delivered,2025-07-03 17:08:49,2025-07-03 17:17:40.678518,2025-07-03 17:33:15.060534,2025-07-03 17:39:31.000,30.7,15.5730336,16,4,osrm
859,delivered,2025-07-03 17:08:36,2025-07-03 17:16:36.257396,2025-07-03 17:18:48.300000,2025-07-03 17:21:36.400,13.006666666666666,2.200710066666667,22,1,osrm
860,delivered,2025-07-03 17:08:57,2025-07-03 17:22:24.202423,2025-07-03 17:33:15.060534,2025-07-03 17:39:31.000,30.566666666666666,10.847635183333333,16,4,osrm
861,delivered,2025-07-03 17:08:08,2025-07-03 17:22:23.504212,2025-07-03 17:23:03.500000,2025-07-03 17:29:56.100,21.801666666666666,0.6665964666666666,44,2,osrm
862,delivered,2025-07-03 17:08:36,2025-07-03 17:21:23.051860,2025-07-03 17:22:45.400000,2025-07-03 17:21:37.600,13.026666666666667,1.372469,49,1,osrm
863,delivered,2025-07-03 17:08:53,2025-07-03 17:23:00.982579,2025-07-03 17:23:27.300000,2025-07-03 17:27:26.700,18.561666666666667,0.43862368333333335,31,3,osrm
864,delivered,2025-07-03 17:09:08,2025-07-03 17:21:41.144919,2025-07-03 17:38:53.600000,2025-07-03 17:46:11.500,37.05833333333333,17.207584683333334,28,2,osrm
865,delivered,2025-07-03 17:09:20,2025-07-03 17:19:08.978792,2025-07-03 17:19:08.978792,2025-07-03 17:22:55.800,13.596666666666666,0.0,1,3,osrm
866,delivered,2025-07-03 17:09:08,2025-07-03 17:24:38.667497,2025-07-03 17:38:53.600000,2025-07-03 17:46:11.500,37.05833333333333,14.24887505,28,2,osrm
867,delivered,2025-07-03 17:10:15,2025-07-03 17:24:18.879553,2025-07-03 17:31:29.200000,2025-07-03 17:35:00.300,24.755,7.17200745,37,1,osrm
868,delivered,2025-07-03 17:11:46,2025-07-03 17:24:09.591178,2025-07-03 17:24:09.591178,2025-07-03 17:27:01.900,15.264999999999999,0.0,18,2,osrm
869,delivered,2025-07-03 17:11:14,2025-07-03 17:21:54.023082,2025-07-03 17:24:00.400000,2025-07-03 17:29:33.900,18.331666666666667,2.106281966666667,50,2,osrm
870,delivered,2025-07-03 17:12:28,2025-07-03 17:28:07.753659,2025-07-03 17:38:11.400000,2025-07-03 17:44:40.300,32.205,10.06077235,42,2,osrm
871,delivered,2025-07-03 17:12:47,2025-07-03 17:25:33.492326,2025-07-03 17:42:06.800000,2025-07-03 17:49:27.400,36.67333333333333,16.5551279,43,3,osrm
872,delivered,2025-07-03 17:12:29,2025-07-03 17:29:01.282267,2025-07-03 17:46:17.612276,2025-07-03 17:50:54.400,38.42333333333333,17.272166816666665,55,3,osrm
873,delivered,2025-07-03 17:12:22,2025-07-03 17:27:52.554157,2025-07-03 17:55:07.780004,2025-07-03 17:57:48.200,45.43666666666666,27.253764116666666,7,3,osrm
874,delivered,2025-07-03 17:13:09,2025-07-03 17:25:49.421621,2025-07-03 17:28:49.300000,2025-07-03 17:31:45.100,18.601666666666667,2.9979729833333333,17,1,osrm
875,delivered,2025-07-03 17:13:57,2025-07-03 17:25:20.171720,2025-07-03 17:44:27.450209,2025-07-03 17:51:09.100,37.20166666666667,19.12130815,49,4,osrm
876,delivered,2025-07-03 17:13:33,2025-07-03 17:27:20.727811,2025-07-03 17:44:27.450209,2025-07-03 17:51:09.100,37.60166666666667,17.112039966666668,49,4,osrm
877,delivered,2025-07-03 17:13:18,2025-07-03 17:27:32.122467,2025-07-03 17:50:14.342456,2025-07-03 17:51:06.600,37.809999999999995,22.703666483333333,47,2,osrm
878,delivered,2025-07-03 17:14:47,2025-07-03 17:26:30.717897,2025-07-03 17:38:37.400000,2025-07-03 17:45:22.000,30.583333333333332,12.111368383333334,30,2,osrm
879,delivered,2025-07-03 17:14:46,2025-07-03 17:21:42.345001,2025-07-03 17:38:37.400000,2025-07-03 17:45:22.000,30.6,16.917583316666665,30,2,osrm
880,delivered,2025-07-03 17:14:59,2025-07-03 17:30:23.028093,2025-07-03 17:33:02.600000,2025-07-03 17:36:01.300,21.038333333333334,2.6595317833333336,14,1,osrm
881,delivered,2025-07-03 17:15:20,2025-07-03 17:28:25.409757,2025-07-03 17:33:04.200000,2025-07-03 17:38:53.000,23.55,4.64650405,6,3,osrm
882,delivered,2025-07-03 17:15:31,2025-07-03 17:26:59.194474,2025-07-03 17:45:47.555188,2025-07-03 17:47:26.600,31.926666666666666,18.806011899999998,46,3,osrm
883,delivered,2025-07-03 17:16:28,2025-07-03 17:25:47.741917,2025-07-03 17:28:28.200000,2025-07-03 17:31:19.700,14.861666666666668,2.6743013833333333,56,1,osrm
884,delivered,2025-07-03 17:16:54,2025-07-03 17:29:40.055367,2025-07-03 17:29:40.055367,2025-07-03 17:32:49.600,15.926666666666668,0.0,57,3,osrm
885,delivered,2025-07-03 17:16:45,2025-07-03 17:26:05.663500,2025-07-03 17:45:14.207229,2025-07-03 17:49:40.700,32.928333333333335,19.142395483333335,19,3,osrm
886,delivered,2025-07-03 17:16:14,2025-07-03 17:29:55.258799,2025-07-03 17:29:55.258799,2025-07-03 17:30:14.900,14.014999999999999,0.0,47,1,osrm
887,delivered,2025-07-03 17:17:56,2025-07-03 17:30:35.024714,2025-07-03 17:33:04.200000,2025-07-03 17:38:53.000,20.95,2.486254766666667,6,3,osrm
888,delivered,2025-07-03 17:17:37,2025-07-03 17:33:13.664373,2025-07-03 17:48:59.700000,2025-07-03 17:55:14.900,37.63166666666667,15.76726045,27,2,osrm
889,delivered,2025-07-03 17:18:01,2025-07-03 17:32:20.348316,2025-07-03 17:44:00.100000,2025-07-03 17:48:20.500,30.325,11.662528066666665,53,3,osrm
890,delivered,2025-07-03 17:18:57,2025-07-03 17:28:30.681981,2025-07-03 17:34:51.190439,2025-07-03 17:40:29.200,21.53666666666667,6.3418076333333335,22,3,osrm
891,delivered,2025-07-03 17:18:04,2025-07-03 17:24:29.035812,2025-07-03 17:24:29.035812,2025-07-03 17:26:15.300,8.188333333333334,0.0,48,4,osrm
892,delivered,2025-07-03 17:18:28,2025-07-03 17:30:17.705369,2025-07-03 17:32:34.200000,2025-07-03 17:42:11.300,23.721666666666668,2.2749105166666665,41,4,osrm
893,delivered,2025-07-03 17:18:01,2025-07-03 17:29:16.073608,2025-07-03 17:46:32.563258,2025-07-03 17:49:03.400,31.040000000000003,17.2748275,37,2,osrm
894,delivered,2025-07-03 17:19:41,2025-07-03 17:34:51.190439,2025-07-03 17:34:51.190439,2025-07-03 17:40:29.200,20.803333333333335,0.0,22,3,osrm
895,delivered,2025-07-03 17:19:14,2025-07-03 17:33:15.060534,2025-07-03 17:33:15.060534,2025-07-03 17:39:31.000,20.283333333333335,0.0,16,4,osrm
896,delivered,2025-07-03 17:19:00,2025-07-03 17:34:21.771472,2025-07-03 17:45:14.207229,2025-07-03 17:49:40.700,30.678333333333335,10.873929283333332,19,3,osrm
897,delivered,2025-07-03 17:20:59,2025-07-03 17:38:15.864256,2025-07-03 17:43:27.000000,2025-07-03 17:49:34.000,28.583333333333332,5.185595733333333,12,2,osrm
898,delivered,2025-07-03 17:20:24,2025-07-03 17:36:54.348530,2025-07-03 17:45:47.555188,2025-07-03 17:47:26.600,27.043333333333333,8.886777633333333,46,3,osrm
899,delivered,2025-07-03 17:21:18,2025-07-03 17:30:13.933590,2025-07-03 17:38:52.400000,2025-07-03 17:41:39.300,20.355,8.641106833333334,59,2,osrm
900,delivered,2025-07-03 17:22:22,2025-07-03 17:35:39.745795,2025-07-03 17:43:27.000000,2025-07-03 17:49:34.000,27.2,7.787570083333334,12,2,osrm
901,delivered,2025-07-03 17:22:57,2025-07-03 17:34:36.554120,2025-07-03 17:42:06.800000,2025-07-03 17:49:27.400,26.506666666666668,7.504098,43,3,osrm
902,delivered,2025-07-03 17:22:18,2025-07-03 17:34:07.140226,2025-07-03 17:38:22.600000,2025-07-03 17:41:43.900,19.43166666666667,4.257662900000001,15,2,osrm
903,delivered,2025-07-03 17:22:09,2025-07-03 17:33:19.516606,2025-07-03 17:38:52.400000,2025-07-03 17:41:39.300,19.505,5.548056566666667,59,2,osrm
904,delivered,2025-07-03 17:22:13,2025-07-03 17:33:24.263883,2025-07-03 17:38:11.400000,2025-07-03 17:44:40.300,22.455,4.78560195,42,2,osrm
905,delivered,2025-07-03 17:23:17,2025-07-03 17:37:29.241545,2025-07-03 17:54:01.300000,2025-07-03 17:59:14.800,35.96333333333334,16.534307583333334,54,2,osrm
906,delivered,2025-07-03 17:24:55,2025-07-03 17:36:22.282550,2025-07-03 17:49:00.100000,2025-07-03 17:52:11.100,27.26833333333333,12.630290833333333,40,1,osrm
907,delivered,2025-07-03 17:24:47,2025-07-03 17:36:37.390920,2025-07-03 17:38:22.600000,2025-07-03 17:41:43.900,16.948333333333334,1.7534846666666666,15,2,osrm
908,delivered,2025-07-03 17:25:38,2025-07-03 17:33:28.044086,2025-07-03 17:44:27.450209,2025-07-03 17:51:09.100,25.51833333333333,10.990102049999999,49,4,osrm
909,delivered,2025-07-03 17:25:56,2025-07-03 17:36:05.964783,2025-07-03 17:48:28.600000,2025-07-03 17:52:51.400,26.923333333333336,12.377253616666668,48,3,osrm
910,delivered,2025-07-03 17:25:14,2025-07-03 17:37:59.173929,2025-07-03 17:43:39.100000,2025-07-03 17:46:25.200,21.186666666666667,5.665434516666666,13,1,osrm
911,delivered,2025-07-03 17:26:32,2025-07-03 17:45:14.207229,2025-07-03 17:45:14.207229,2025-07-03 17:49:40.700,23.145,0.0,19,3,osrm
912,delivered,2025-07-03 17:26:53,2025-07-03 17:40:42.556158,2025-07-03 17:43:36.700000,2025-07-03 17:44:56.400,18.05666666666667,2.902397366666667,54,1,osrm
913,delivered,2025-07-03 17:26:40,2025-07-03 17:37:07.539466,2025-07-03 17:55:07.780004,2025-07-03 17:57:48.200,31.136666666666667,18.004008966666667,7,3,osrm
914,delivered,2025-07-03 17:27:44,2025-07-03 17:39:16.776475,2025-07-03 17:54:45.200000,2025-07-03 17:57:09.100,29.418333333333333,15.473725416666667,33,1,osrm
915,delivered,2025-07-03 17:27:09,2025-07-03 17:37:10.530764,2025-07-03 17:42:06.800000,2025-07-03 17:49:27.400,22.30666666666667,4.937820599999999,43,3,osrm
916,delivered,2025-07-03 17:27:10,2025-07-03 17:41:23.363749,2025-07-03 17:47:50.200000,2025-07-03 17:51:56.300,24.771666666666665,6.44727085,25,3,osrm
917,delivered,2025-07-03 17:27:35,2025-07-03 17:36:21.033896,2025-07-03 17:38:28.200000,2025-07-03 17:42:40.300,15.088333333333333,2.1194350666666666,20,1,osrm
918,delivered,2025-07-03 17:27:54,2025-07-03 17:42:56.916106,2025-07-03 17:42:56.916106,2025-07-03 17:45:12.900,17.315,0.0,31,2,osrm
919,delivered,2025-07-03 17:28:35,2025-07-03 17:39:13.911741,2025-07-03 17:48:41.200000,2025-07-03 17:51:58.200,23.386666666666667,9.454804316666667,10,1,osrm
920,delivered,2025-07-03 17:28:32,2025-07-03 17:41:26.380679,2025-07-03 17:48:28.600000,2025-07-03 17:52:51.400,24.323333333333334,7.036988683333333,48,3,osrm
921,delivered,2025-07-03 17:28:17,2025-07-03 17:44:27.450209,2025-07-03 17:44:27.450209,2025-07-03 17:51:09.100,22.868333333333332,0.0,49,4,osrm
922,delivered,2025-07-03 17:28:55,2025-07-03 17:46:32.563258,2025-07-03 17:46:32.563258,2025-07-03 17:49:03.400,20.14,0.0,37,2,osrm
923,delivered,2025-07-03 17:28:27,2025-07-03 17:39:22.194448,2025-07-03 17:49:03.700000,2025-07-03 17:54:36.200,26.153333333333332,9.6917592,23,2,osrm
924,delivered,2025-07-03 17:28:48,2025-07-03 17:42:10.116847,2025-07-03 17:52:47.700000,2025-07-03 17:58:59.900,30.198333333333334,10.626385883333334,20,2,osrm
925,delivered,2025-07-03 17:29:25,2025-07-03 17:45:15.137966,2025-07-03 17:53:55.700000,2025-07-03 17:58:22.300,28.955,8.6760339,41,2,osrm
926,delivered,2025-07-03 17:29:57,2025-07-03 17:43:12.133567,2025-07-03 17:43:43.900000,2025-07-03 17:46:21.300,16.404999999999998,0.52944055,9,1,osrm
927,delivered,2025-07-03 17:30:53,2025-07-03 17:45:47.555188,2025-07-03 17:45:47.555188,2025-07-03 17:47:26.600,16.56,0.0,46,3,osrm
928,delivered,2025-07-03 17:31:04,2025-07-03 17:42:36.951157,2025-07-03 17:47:50.200000,2025-07-03 17:51:56.300,20.871666666666666,5.22081405,25,3,osrm
929,delivered,2025-07-03 17:31:01,2025-07-03 17:48:18.373831,2025-07-03 17:48:59.700000,2025-07-03 17:55:14.900,24.23166666666667,0.6887694833333333,27,2,osrm
930,delivered,2025-07-03 17:32:56,2025-07-03 17:48:27.890043,2025-07-03 17:50:02.800000,2025-07-03 17:53:03.300,20.121666666666666,1.5818326166666667,3,2,osrm
931,delivered,2025-07-03 17:32:55,2025-07-03 17:40:21.998594,2025-07-03 17:48:22.900000,2025-07-03 17:51:25.200,18.503333333333334,8.015023433333333,36,1,osrm
932,delivered,2025-07-03 17:32:37,2025-07-03 17:45:24.992365,2025-07-03 17:49:03.700000,2025-07-03 17:54:36.200,21.986666666666668,3.6451272500000003,23,2,osrm
933,delivered,2025-07-03 17:33:01,2025-07-03 17:41:31.489172,2025-07-03 17:46:17.612276,2025-07-03 17:50:54.400,17.89,4.7687184,55,3,osrm
934,delivered,2025-07-03 17:33:37,2025-07-03 17:45:14.853424,2025-07-03 17:52:47.700000,2025-07-03 17:58:59.900,25.381666666666668,7.5474429333333335,20,2,osrm
935,delivered,2025-07-03 17:33:08,2025-07-03 17:45:24.991044,2025-07-03 17:57:49.500000,2025-07-03 18:03:16.300,30.138333333333332,12.408482600000001,32,1,osrm
936,delivered,2025-07-03 17:33:03,2025-07-03 17:42:35.574375,2025-07-03 17:44:00.100000,2025-07-03 17:48:20.500,15.291666666666666,1.4087604166666667,53,3,osrm
937,delivered,2025-07-03 17:34:19,2025-07-03 17:46:37.355871,2025-07-03 17:48:15.500000,2025-07-03 17:52:04.800,17.763333333333332,1.6357354833333335,24,1,osrm
938,delivered,2025-07-03 17:34:08,2025-07-03 17:39:21.429539,2025-07-03 17:44:00.100000,2025-07-03 17:48:20.500,14.208333333333334,4.644507683333333,53,3,osrm
939,delivered,2025-07-03 17:34:25,2025-07-03 17:46:42.728392,2025-07-03 17:46:42.728392,2025-07-03 17:53:58.300,19.555,0.0,45,3,osrm
940,delivered,2025-07-03 17:35:28,2025-07-03 17:55:07.780004,2025-07-03 17:55:07.780004,2025-07-03 17:57:48.200,22.336666666666666,0.0,7,3,osrm
941,delivered,2025-07-03 17:35:59,2025-07-03 17:46:17.612276,2025-07-03 17:46:17.612276,2025-07-03 17:50:54.400,14.923333333333334,0.0,55,3,osrm
942,delivered,2025-07-03 17:36:25,2025-07-03 17:46:45.422432,2025-07-03 17:48:02.000000,2025-07-03 17:49:44.800,13.33,1.2762928,2,1,osrm
943,delivered,2025-07-03 17:37:06,2025-07-03 17:50:14.342456,2025-07-03 17:50:14.342456,2025-07-03 17:51:06.600,14.01,0.0,47,2,osrm
944,delivered,2025-07-03 17:37:13,2025-07-03 17:45:44.532669,2025-07-03 17:57:29.200000,2025-07-03 18:04:10.600,26.959999999999997,11.744455516666667,13,2,osrm
945,delivered,2025-07-03 17:38:29,2025-07-03 17:44:55.784404,2025-07-03 17:50:03.200000,2025-07-03 17:54:21.400,15.873333333333333,5.123593266666666,50,1,osrm
946,delivered,2025-07-03 17:38:00,2025-07-03 17:50:03.236248,2025-07-03 17:57:29.200000,2025-07-03 18:04:10.600,26.176666666666666,7.4327292,13,2,osrm
947,delivered,2025-07-03 17:38:01,2025-07-03 17:49:56.850429,2025-07-03 17:50:02.800000,2025-07-03 17:53:03.300,15.038333333333332,0.09915951666666666,3,2,osrm
948,delivered,2025-07-03 17:39:27,2025-07-03 17:55:51.249476,2025-07-03 17:59:07.100000,2025-07-03 18:03:50.000,24.383333333333333,3.2641754,12,1,osrm
949,delivered,2025-07-03 17:40:58,2025-07-03 17:53:46.407038,2025-07-03 17:58:16.700000,2025-07-03 18:03:21.000,22.383333333333333,4.5048827,9,3,osrm
950,delivered,2025-07-03 17:40:13,2025-07-03 17:52:23.428631,2025-07-03 17:57:49.700000,2025-07-03 18:04:52.700,24.66166666666667,5.43785615,52,2,osrm
951,delivered,2025-07-03 17:41:03,2025-07-03 17:54:03.161045,2025-07-03 18:08:46.500000,2025-07-03 18:12:59.500,31.941666666666666,14.722315916666668,41,1,osrm
952,delivered,2025-07-03 17:41:05,2025-07-03 17:53:18.991754,2025-07-03 17:54:01.300000,2025-07-03 17:59:14.800,18.163333333333334,0.7051374333333332,54,2,osrm
953,delivered,2025-07-03 17:42:21,2025-07-03 17:53:32.856216,2025-07-03 18:04:37.400000,2025-07-03 18:07:35.700,25.245,11.075729733333333,17,3,osrm
954,delivered,2025-07-03 17:42:16,2025-07-03 17:52:44.424817,2025-07-03 17:53:55.700000,2025-07-03 17:58:22.300,16.105,1.1879197166666666,41,2,osrm
955,delivered,2025-07-03 17:43:48,2025-07-03 17:49:45.921108,2025-07-03 17:57:49.700000,2025-07-03 18:04:52.700,21.078333333333333,8.062981533333334,52,2,osrm
956,delivered,2025-07-03 17:43:13,2025-07-03 17:59:10.779711,2025-07-03 18:08:45.500000,2025-07-03 18:13:26.000,30.216666666666665,9.578671483333332,31,1,osrm
957,delivered,2025-07-03 17:44:03,2025-07-03 17:54:31.721486,2025-07-03 18:11:04.200000,2025-07-03 18:15:41.900,31.648333333333333,16.541308566666668,33,1,osrm
958,delivered,2025-07-03 17:44:47,2025-07-03 17:55:53.691183,2025-07-03 17:59:17.700000,2025-07-03 18:05:01.300,20.238333333333333,3.40014695,6,1,osrm
959,delivered,2025-07-03 17:44:34,2025-07-03 17:55:08.571396,2025-07-03 18:08:02.300000,2025-07-03 18:09:16.400,24.706666666666667,12.895476733333334,5,1,osrm
960,delivered,2025-07-03 17:44:40,2025-07-03 17:57:31.657457,2025-07-03 17:57:31.657457,2025-07-03 17:56:51.000,12.183333333333334,0.0,2,1,osrm
961,delivered,2025-07-03 17:44:34,2025-07-03 17:57:08.742035,2025-07-03 17:58:16.700000,2025-07-03 18:03:21.000,18.783333333333335,1.13263275,9,3,osrm
962,delivered,2025-07-03 17:46:50,2025-07-03 18:06:23.958981,2025-07-03 18:09:06.800000,2025-07-03 18:13:28.900,26.648333333333333,2.714016983333333,35,1,osrm
963,delivered,2025-07-03 17:46:55,2025-07-03 18:01:35.243291,2025-07-03 18:03:14.900000,2025-07-03 18:05:34.400,18.65666666666667,1.66094515,14,1,osrm
964,delivered,2025-07-03 17:48:23,2025-07-03 18:00:12.935638,2025-07-03 18:08:02.300000,2025-07-03 18:08:53.800,20.513333333333332,7.822739366666667,46,1,osrm
965,delivered,2025-07-03 17:48:57,2025-07-03 18:01:12.836670,2025-07-03 18:04:37.400000,2025-07-03 18:07:35.700,18.645,3.4093888333333333,17,3,osrm
966,delivered,2025-07-03 17:48:17,2025-07-03 17:57:03.566017,2025-07-03 18:08:44.400000,2025-07-03 18:12:31.800,24.246666666666666,11.680566383333334,28,1,osrm
967,delivered,2025-07-03 17:48:55,2025-07-03 17:59:32.575096,2025-07-03 18:09:11.200000,2025-07-03 18:12:15.400,23.34,9.6437484,58,1,osrm
968,delivered,2025-07-03 17:49:16,2025-07-03 18:02:45.552254,2025-07-03 18:02:50.100000,2025-07-03 18:04:58.500,15.708333333333334,0.07579576666666667,4,1,osrm
969,delivered,2025-07-03 17:51:32,2025-07-03 18:02:27.721279,2025-07-03 18:02:27.721279,2025-07-03 18:05:03.100,13.518333333333334,0.0,11,1,osrm
970,delivered,2025-07-03 17:51:20,2025-07-03 18:07:21.230748,2025-07-03 18:09:07.300000,2025-07-03 18:10:31.600,19.19333333333333,1.7678208666666668,26,1,osrm
971,delivered,2025-07-03 17:51:19,2025-07-03 17:56:41.029260,2025-07-03 18:07:12.800000,2025-07-03 18:10:03.400,18.740000000000002,10.529512333333335,51,1,osrm
972,delivered,2025-07-03 17:52:06,2025-07-03 18:07:00.771817,2025-07-03 18:08:55.500000,2025-07-03 18:14:26.600,22.34333333333333,1.9121363833333334,19,1,osrm
973,delivered,2025-07-03 17:53:49,2025-07-03 18:05:36.389747,2025-07-03 18:08:09.600000,2025-07-03 18:11:45.500,17.941666666666666,2.5535042166666666,16,1,osrm
974,delivered,2025-07-03 17:53:47,2025-07-03 18:03:33.170084,2025-07-03 18:08:28.700000,2025-07-03 18:11:03.600,17.276666666666664,4.9254986,7,1,osrm
975,delivered,2025-07-03 17:53:53,2025-07-03 18:02:55.702497,2025-07-03 18:03:43.700000,2025-07-03 18:09:02.800,15.163333333333332,0.7999583833333334,3,1,osrm
976,delivered,2025-07-03 17:54:15,2025-07-03 18:06:06.912539,2025-07-03 18:08:37.700000,2025-07-03 18:12:23.000,18.133333333333333,2.51312435,54,1,osrm
977,delivered,2025-07-03 17:55:59,2025-07-03 18:06:51.336425,2025-07-03 18:09:53.300000,2025-07-03 18:13:21.000,17.366666666666667,3.03272625,2,1,osrm
978,delivered,2025-07-03 17:55:42,2025-07-03 18:05:35.565879,2025-07-03 18:07:40.700000,2025-07-03 18:10:18.800,14.613333333333333,2.0855686833333333,37,1,osrm
979,delivered,2025-07-03 17:56:39,2025-07-03 18:11:24.763059,2025-07-03 18:14:07.300000,2025-07-03 18:16:52.100,20.21833333333333,2.7089490166666668,49,1,osrm
980,delivered,2025-07-03 17:56:18,2025-07-03 18:06:15.703726,2025-07-03 18:08:02.100000,2025-07-03 18:10:41.000,14.383333333333333,1.7732712333333334,30,1,osrm
981,delivered,2025-07-03 17:56:44,2025-07-03 18:12:14.744813,2025-07-03 18:13:18.500000,2025-07-03 18:16:54.200,20.17,1.06258645,53,1,osrm
982,delivered,2025-07-03 17:57:20,2025-07-03 18:09:06.211686,2025-07-03 18:13:48.700000,2025-07-03 18:18:49.200,21.486666666666668,4.708138566666666,12,1,osrm
983,delivered,2025-07-03 17:57:57,2025-07-03 18:08:11.122295,2025-07-03 18:09:03.200000,2025-07-03 18:11:45.300,13.805,0.86796175,1,1,osrm
984,delivered,2025-07-03 17:58:08,2025-07-03 18:07:40.110410,2025-07-03 18:08:38.100000,2025-07-03 18:09:54.400,11.773333333333333,0.9664931666666666,18,1,osrm
985,delivered,2025-07-03 17:58:15,2025-07-03 18:14:46.102162,2025-07-03 18:14:46.102162,2025-07-03 18:18:06.400,19.85666666666667,0.0,50,1,osrm
986,delivered,2025-07-03 17:58:08,2025-07-03 18:08:48.466236,2025-07-03 18:09:00.200000,2025-07-03 18:11:51.500,13.725,0.19556273333333335,43,1,osrm
987,delivered,2025-07-03 17:59:09,2025-07-03 18:14:45.625522,2025-07-03 18:14:45.625522,2025-07-03 18:16:08.700,16.995,0.0,56,1,osrm
988,delivered,2025-07-03 17:59:55,2025-07-03 18:09:41.132664,2025-07-03 18:24:30.200000,2025-07-03 18:31:32.600,31.626666666666665,14.817788933333333,30,1,osrm
989,delivered,2025-07-03 18:00:43,2025-07-03 18:11:41.650102,2025-07-03 18:13:36.800000,2025-07-03 18:15:46.800,15.063333333333333,1.9191649666666666,13,1,osrm
990,delivered,2025-07-03 18:00:02,2025-07-03 18:19:21.576389,2025-07-03 18:19:21.576389,2025-07-03 18:23:24.700,23.378333333333334,0.0,39,2,osrm
991,delivered,2025-07-03 18:01:19,2025-07-03 18:11:38.045140,2025-07-03 18:12:49.700000,2025-07-03 18:15:56.300,14.621666666666666,1.1942476666666666,6,1,osrm
992,delivered,2025-07-03 18:03:29,2025-07-03 18:16:08.020262,2025-07-03 18:19:03.751820,2025-07-03 18:24:42.000,21.216666666666665,2.9288593,57,4,osrm
993,delivered,2025-07-03 18:03:44,2025-07-03 18:20:15.243688,2025-07-03 18:24:59.600000,2025-07-03 18:28:05.100,24.351666666666667,4.739271866666667,51,1,osrm
994,delivered,2025-07-03 18:04:23,2025-07-03 18:20:17.153520,2025-07-03 18:23:09.300000,2025-07-03 18:24:38.900,20.265,2.8691079999999998,10,1,osrm
995,delivered,2025-07-03 18:04:43,2025-07-03 18:14:13.683173,2025-07-03 18:14:13.683173,2025-07-03 18:12:27.700,7.745,0.0,29,1,osrm
996,delivered,2025-07-03 18:05:44,2025-07-03 18:16:36.574386,2025-07-03 18:23:45.500000,2025-07-03 18:26:42.500,20.975,7.148760233333333,7,1,osrm
997,delivered,2025-07-03 18:05:12,2025-07-03 18:14:21.166543,2025-07-03 18:14:21.166543,2025-07-03 18:16:52.300,11.671666666666665,0.0,24,1,osrm
998,delivered,2025-07-03 18:05:11,2025-07-03 18:14:26.663871,2025-07-03 18:14:26.663871,2025-07-03 18:16:42.600,11.526666666666667,0.0,9,1,osrm
999,delivered,2025-07-03 18:05:39,2025-07-03 18:18:27.510624,2025-07-03 18:19:21.576389,2025-07-03 18:23:24.700,17.761666666666667,0.9010960833333334,39,2,osrm
1000,delivered,2025-07-03 18:06:57,2025-07-03 18:18:01.956998,2025-07-03 18:18:01.956998,2025-07-03 18:21:46.700,14.828333333333335,0.0,59,1,osrm
1001,delivered,2025-07-03 18:06:26,2025-07-03 18:12:11.403196,2025-07-03 18:13:18.100000,2025-07-03 18:15:45.000,9.316666666666666,1.1116134,42,1,osrm
1002,delivered,2025-07-03 18:07:48,2025-07-03 18:19:03.751820,2025-07-03 18:19:03.751820,2025-07-03 18:24:42.000,16.9,0.0,57,4,osrm
1003,delivered,2025-07-03 18:09:03,2025-07-03 18:18:14.214158,2025-07-03 18:19:03.751820,2025-07-03 18:24:42.000,15.65,0.8256277,57,4,osrm
1004,delivered,2025-07-03 18:10:12,2025-07-03 18:24:55.607742,2025-07-03 18:24:55.607742,2025-07-03 18:28:22.100,18.168333333333333,0.0,40,1,osrm
1005,delivered,2025-07-03 18:10:37,2025-07-03 18:22:29.556582,2025-07-03 18:23:12.800000,2025-07-03 18:28:27.200,17.836666666666666,0.7207236333333333,16,1,osrm
1006,delivered,2025-07-03 18:11:48,2025-07-03 18:25:35.264596,2025-07-03 18:29:10.300000,2025-07-03 18:33:54.700,22.111666666666668,3.5839234,24,1,osrm
1007,delivered,2025-07-03 18:12:24,2025-07-03 18:24:17.200564,2025-07-03 18:24:17.200564,2025-07-03 18:23:35.000,11.183333333333334,0.0,23,1,osrm
1008,delivered,2025-07-03 18:12:07,2025-07-03 18:27:08.106540,2025-07-03 18:28:29.500000,2025-07-03 18:32:19.600,20.209999999999997,1.3565576666666668,56,1,osrm
1009,delivered,2025-07-03 18:14:52,2025-07-03 18:28:44.752210,2025-07-03 18:28:44.752210,2025-07-03 18:30:50.900,15.981666666666666,0.0,36,1,osrm
1010,delivered,2025-07-03 18:15:57,2025-07-03 18:25:02.037035,2025-07-03 18:28:55.900000,2025-07-03 18:31:32.900,15.598333333333333,3.8977160833333335,22,1,osrm
1011,delivered,2025-07-03 18:15:02,2025-07-03 18:31:34.738325,2025-07-03 18:33:26.400000,2025-07-03 18:36:47.500,21.758333333333333,1.8610279166666668,48,1,osrm
1012,delivered,2025-07-03 18:17:15,2025-07-03 18:26:36.538179,2025-07-03 18:28:25.500000,2025-07-03 18:31:41.100,14.435,1.81603035,18,1,osrm
1013,delivered,2025-07-03 18:17:49,2025-07-03 18:33:14.741165,2025-07-03 18:34:09.600000,2025-07-03 18:36:01.700,18.211666666666666,0.9143139166666666,10,1,osrm
1014,delivered,2025-07-03 18:18:18,2025-07-03 18:30:04.947693,2025-07-03 18:32:44.000000,2025-07-03 18:35:56.500,17.641666666666666,2.6508717833333337,45,1,osrm
1015,delivered,2025-07-03 18:18:04,2025-07-03 18:32:19.164161,2025-07-03 18:34:10.500000,2025-07-03 18:38:17.200,20.220000000000002,1.8555973166666666,19,1,osrm
1016,delivered,2025-07-03 18:18:07,2025-07-03 18:33:30.962696,2025-07-03 18:34:30.400000,2025-07-03 18:39:43.300,21.605,0.9906217333333333,59,1,osrm
1017,delivered,2025-07-03 18:19:24,2025-07-03 18:28:08.764340,2025-07-03 18:28:08.764340,2025-07-03 18:30:23.600,10.993333333333334,0.0,15,1,osrm
1018,delivered,2025-07-03 18:21:53,2025-07-03 18:31:47.624676,2025-07-03 18:33:04.600000,2025-07-03 18:36:28.800,14.596666666666666,1.2829220666666667,21,1,osrm
1019,delivered,2025-07-03 18:23:08,2025-07-03 18:44:24.740030,2025-07-03 18:44:24.740030,2025-07-03 18:47:19.900,24.198333333333334,0.0,5,1,osrm
1020,delivered,2025-07-03 18:24:09,2025-07-03 18:37:27.154334,2025-07-03 18:38:44.100000,2025-07-03 18:38:16.500,14.125,1.2824277666666668,12,1,osrm
1021,delivered,2025-07-03 18:24:54,2025-07-03 18:36:13.912044,2025-07-03 18:38:22.500000,2025-07-03 18:39:58.400,15.073333333333332,2.1431326,28,1,osrm
1022,delivered,2025-07-03 18:24:39,2025-07-03 18:40:22.575989,2025-07-03 18:42:36.400000,2025-07-03 18:47:23.300,22.738333333333333,2.2304001833333333,31,1,osrm
1023,delivered,2025-07-03 18:27:41,2025-07-03 18:39:49.470160,2025-07-03 18:39:49.470160,2025-07-03 18:41:52.400,14.19,0.0,58,1,osrm
1024,delivered,2025-07-03 18:27:22,2025-07-03 18:39:12.916577,2025-07-03 18:39:12.916577,2025-07-03 18:40:24.300,13.038333333333332,0.0,53,1,osrm
1025,delivered,2025-07-03 18:29:31,2025-07-03 18:37:04.373227,2025-07-03 18:39:07.400000,2025-07-03 18:40:45.600,11.243333333333334,2.050446216666667,4,1,osrm
1026,delivered,2025-07-03 18:31:43,2025-07-03 18:43:55.977724,2025-07-03 18:43:55.977724,2025-07-03 18:45:44.500,14.025,0.0,27,1,osrm
1027,delivered,2025-07-03 18:33:46,2025-07-03 18:49:19.223346,2025-07-03 18:49:19.223346,2025-07-03 18:51:22.800,17.613333333333333,0.0,11,1,osrm
1028,delivered,2025-07-03 18:33:35,2025-07-03 18:41:09.901628,2025-07-03 18:42:12.800000,2025-07-03 18:45:45.400,12.173333333333334,1.0483062,33,1,osrm
1029,delivered,2025-07-03 18:34:55,2025-07-03 18:45:38.193315,2025-07-03 18:47:44.000000,2025-07-03 18:51:04.700,16.16166666666667,2.096778083333333,48,1,osrm
1030,delivered,2025-07-03 18:35:57,2025-07-03 18:45:54.499102,2025-07-03 18:48:17.800000,2025-07-03 18:51:20.800,15.396666666666667,2.3883482999999996,7,1,osrm
1031,delivered,2025-07-03 18:36:03,2025-07-03 18:45:57.175484,2025-07-03 18:47:58.100000,2025-07-03 18:52:12.800,16.163333333333334,2.0154085999999998,17,1,osrm
1032,delivered,2025-07-03 18:38:27,2025-07-03 18:50:12.234801,2025-07-03 18:54:00.300000,2025-07-03 18:54:54.500,16.458333333333332,3.8010866500000002,53,1,osrm
1033,delivered,2025-07-03 18:40:39,2025-07-03 18:52:27.054961,2025-07-03 18:53:05.200000,2025-07-03 18:56:20.400,15.69,0.63575065,58,1,osrm
1034,delivered,2025-07-03 18:40:33,2025-07-03 18:55:44.236179,2025-07-03 18:58:29.700000,2025-07-03 19:02:13.600,21.676666666666666,2.75773035,24,1,osrm
1035,delivered,2025-07-03 18:42:18,2025-07-03 18:50:09.280454,2025-07-03 18:53:30.000000,2025-07-03 18:52:37.500,10.325,3.345325766666667,6,1,osrm
1036,delivered,2025-07-03 18:45:35,2025-07-03 18:52:32.603540,2025-07-03 18:54:22.800000,2025-07-03 18:57:33.200,11.97,1.8366076666666666,4,1,osrm
1037,delivered,2025-07-03 18:45:38,2025-07-03 18:52:21.265232,2025-07-03 18:52:34.100000,2025-07-03 18:55:28.400,9.84,0.21391280000000001,10,1,osrm
1038,delivered,2025-07-03 18:47:17,2025-07-03 19:01:10.508727,2025-07-03 19:05:08.600000,2025-07-03 19:08:53.400,21.60666666666667,3.9681878833333335,11,1,osrm
1039,delivered,2025-07-03 18:48:06,2025-07-03 19:00:32.652641,2025-07-03 19:02:49.500000,2025-07-03 19:04:53.200,16.78666666666667,2.280789316666667,49,1,osrm
1040,delivered,2025-07-03 18:48:45,2025-07-03 18:58:11.617729,2025-07-03 19:00:51.100000,2025-07-03 19:04:54.100,16.151666666666667,2.65803785,31,1,osrm
1041,delivered,2025-07-03 18:50:33,2025-07-03 19:03:36.404542,2025-07-03 19:08:29.700000,2025-07-03 19:13:25.700,22.878333333333334,4.888257633333334,58,1,osrm
1042,delivered,2025-07-03 18:52:07,2025-07-03 19:00:29.049554,2025-07-03 19:02:56.700000,2025-07-03 19:05:09.200,13.036666666666667,2.4608407666666663,26,1,osrm
1043,delivered,2025-07-03 18:53:10,2025-07-03 19:06:54.920439,2025-07-03 19:10:16.000000,2025-07-03 19:13:19.000,20.15,3.351326016666667,47,1,osrm
1044,delivered,2025-07-03 18:54:28,2025-07-03 19:07:35.553238,2025-07-03 19:09:59.000000,2025-07-03 19:13:25.600,18.959999999999997,2.3907793666666666,18,1,osrm
1045,delivered,2025-07-03 18:57:38,2025-07-03 19:12:41.159815,2025-07-03 19:16:30.700000,2025-07-03 19:20:01.300,22.388333333333332,3.8256697500000003,6,1,osrm
1046,delivered,2025-07-03 18:57:45,2025-07-03 19:11:02.405285,2025-07-03 19:13:15.100000,2025-07-03 19:16:42.200,18.953333333333333,2.2115785833333335,24,1,osrm
