order_id,status,placement_time,ready_time,pickup_time,delivery_time,click_to_door,ready_to_pickup,courier_id,bundle_size,routing_source
0,delivered,2025-07-03 08:00:27,2025-07-03 08:07:49.633562,2025-07-03 08:25:15.811293,2025-07-03 08:29:16.700,28.828333333333333,17.436295516666668,23,2,osrm
1,delivered,2025-07-03 08:00:54,2025-07-03 08:14:41.583669,2025-07-03 08:15:28.400000,2025-07-03 08:19:27.700,18.561666666666667,0.7802721833333333,14,1,osrm
2,delivered,2025-07-03 08:00:46,2025-07-03 08:07:17.760955,2025-07-03 08:10:31.300000,2025-07-03 08:12:55.300,12.155,3.22565075,3,1,osrm
3,delivered,2025-07-03 08:00:27,2025-07-03 08:10:52.315366,2025-07-03 08:15:28.400000,2025-07-03 08:18:35.800,18.146666666666665,4.601410566666667,13,1,osrm
4,delivered,2025-07-03 08:01:25,2025-07-03 08:15:14.175270,2025-07-03 08:24:52.600000,2025-07-03 08:30:25.600,29.009999999999998,9.640412166666666,6,2,osrm
5,delivered,2025-07-03 08:01:30,2025-07-03 08:10:18.697662,2025-07-03 08:10:28.700000,2025-07-03 08:13:32.300,12.038333333333332,0.16670563333333333,6,1,osrm
6,delivered,2025-07-03 08:01:19,2025-07-03 08:09:42.566510,2025-07-03 08:13:28.100000,2025-07-03 08:18:21.200,17.03666666666667,3.7588915,1,1,osrm
7,delivered,2025-07-03 08:04:48,2025-07-03 08:16:28.246782,2025-07-03 08:24:52.600000,2025-07-03 08:30:25.600,25.626666666666665,8.405886966666667,6,2,osrm
8,delivered,2025-07-03 08:04:39,2025-07-03 08:14:13.373907,2025-07-03 08:16:15.100000,2025-07-03 08:20:05.300,15.438333333333333,2.0287682166666667,16,1,osrm
9,delivered,2025-07-03 08:04:33,2025-07-03 08:19:00.385977,2025-07-03 08:20:08.300000,2025-07-03 08:22:58.400,18.423333333333336,1.1319003833333334,9,2,osrm
10,delivered,2025-07-03 08:06:16,2025-07-03 08:21:17.942606,2025-07-03 08:43:23.810793,2025-07-03 08:46:23.200,40.12,22.097803116666668,22,4,osrm
11,delivered,2025-07-03 08:07:45,2025-07-03 08:20:17.014333,2025-07-03 08:25:21.700000,2025-07-03 08:29:58.500,22.225,5.07809445,3,1,osrm
12,delivered,2025-07-03 08:07:20,2025-07-03 08:22:21.076862,2025-07-03 08:39:47.200000,2025-07-03 08:44:54.900,37.58166666666667,17.435385633333333,3,3,osrm
13,delivered,2025-07-03 08:08:20,2025-07-03 08:17:37.364654,2025-07-03 08:20:08.300000,2025-07-03 08:22:58.400,14.639999999999999,2.5155891,9,2,osrm
14,delivered,2025-07-03 08:09:37,2025-07-03 08:24:25.829502,2025-07-03 08:30:17.900000,2025-07-03 08:33:51.100,24.235,5.867841633333333,13,1,osrm
15,delivered,2025-07-03 08:11:49,2025-07-03 08:20:15.742823,2025-07-03 08:20:15.742823,2025-07-03 08:21:59.700,10.178333333333335,0.0,27,1,osrm
16,delivered,2025-07-03 08:11:25,2025-07-03 08:18:28.005964,2025-07-03 08:39:41.969157,2025-07-03 08:40:22.000,28.95,21.232719883333335,2,3,osrm
17,delivered,2025-07-03 08:11:36,2025-07-03 08:22:07.852258,2025-07-03 08:24:24.700000,2025-07-03 08:27:13.600,15.626666666666667,2.2807957,17,1,osrm
18,delivered,2025-07-03 08:12:36,2025-07-03 08:25:15.811293,2025-07-03 08:25:15.811293,2025-07-03 08:29:16.700,16.678333333333335,0.0,23,2,osrm
19,delivered,2025-07-03 08:13:06,2025-07-03 08:23:17.070108,2025-07-03 08:25:46.600000,2025-07-03 08:29:58.400,16.87333333333333,2.4921648666666667,22,1,osrm
20,delivered,2025-07-03 08:13:34,2025-07-03 08:29:37.099283,2025-07-03 08:39:41.969157,2025-07-03 08:40:22.000,26.8,10.081164566666667,2,3,osrm
21,delivered,2025-07-03 08:14:16,2025-07-03 08:28:18.978334,2025-07-03 08:50:05.200000,2025-07-03 09:01:47.000,47.516666666666666,21.7703611,1,4,osrm
22,delivered,2025-07-03 08:14:52,2025-07-03 08:26:42.850875,2025-07-03 08:48:49.000000,2025-07-03 08:58:27.000,43.583333333333336,22.102485416666664,16,4,osrm
23,delivered,2025-07-03 08:15:34,2025-07-03 08:28:01.578136,2025-07-03 08:53:14.697992,2025-07-03 08:52:27.400,36.89,25.218664266666668,8,3,osrm
24,delivered,2025-07-03 08:17:22,2025-07-03 08:31:59.464930,2025-07-03 08:34:45.700000,2025-07-03 08:37:21.900,19.998333333333335,2.7705845,9,1,osrm
25,delivered,2025-07-03 08:18:18,2025-07-03 08:36:08.934440,2025-07-03 08:39:38.100000,2025-07-03 08:43:37.600,25.326666666666664,3.4860926666666665,5,2,osrm
26,delivered,2025-07-03 08:18:14,2025-07-03 08:30:49.669477,2025-07-03 08:37:22.300000,2025-07-03 08:40:24.600,22.176666666666666,6.543842049999999,24,1,osrm
27,delivered,2025-07-03 08:18:39,2025-07-03 08:30:25.643032,2025-07-03 08:30:25.643032,2025-07-03 08:35:14.600,16.593333333333334,0.0,25,2,osrm
28,delivered,2025-07-03 08:19:12,2025-07-03 08:29:44.784455,2025-07-03 08:39:47.200000,2025-07-03 08:44:54.900,25.715,10.040259083333332,3,3,osrm
29,delivered,2025-07-03 08:19:47,2025-07-03 08:27:43.049567,2025-07-03 08:46:33.067540,2025-07-03 08:52:06.300,32.321666666666665,18.833632883333333,21,3,osrm
30,delivered,2025-07-03 08:19:22,2025-07-03 08:29:04.447562,2025-07-03 08:39:38.100000,2025-07-03 08:43:37.600,24.259999999999998,10.560873966666666,5,2,osrm
31,delivered,2025-07-03 08:20:20,2025-07-03 08:27:32.389666,2025-07-03 08:43:24.900000,2025-07-03 08:50:45.400,30.423333333333336,15.875172233333332,13,4,osrm
32,delivered,2025-07-03 08:21:06,2025-07-03 08:33:19.260410,2025-07-03 08:46:33.067540,2025-07-03 08:52:06.300,31.005,13.230118833333334,21,3,osrm
33,delivered,2025-07-03 08:21:28,2025-07-03 08:35:12.213442,2025-07-03 08:43:23.810793,2025-07-03 08:46:23.200,24.92,8.193289183333333,22,4,osrm
34,delivered,2025-07-03 08:21:16,2025-07-03 08:36:05.539804,2025-07-03 08:58:03.337164,2025-07-03 09:02:18.800,41.04666666666667,21.963289333333332,3,4,osrm
35,delivered,2025-07-03 08:21:36,2025-07-03 08:30:27.486625,2025-07-03 08:55:48.856598,2025-07-03 08:59:58.100,38.36833333333333,25.35616621666667,23,4,osrm
36,delivered,2025-07-03 08:21:43,2025-07-03 08:33:37.230425,2025-07-03 08:34:31.300000,2025-07-03 08:37:29.100,15.768333333333334,0.9011595833333333,19,1,osrm
37,delivered,2025-07-03 08:21:58,2025-07-03 08:39:10.785687,2025-07-03 09:01:38.439358,2025-07-03 09:12:23.400,50.42333333333333,22.460894516666666,22,4,osrm
38,delivered,2025-07-03 08:21:13,2025-07-03 08:28:01.350560,2025-07-03 08:30:25.643032,2025-07-03 08:35:14.600,14.026666666666667,2.4048745333333335,25,2,osrm
39,delivered,2025-07-03 08:22:22,2025-07-03 08:33:43.008266,2025-07-03 08:55:46.917040,2025-07-03 09:02:56.200,40.57,22.065146233333333,2,3,osrm
40,delivered,2025-07-03 08:22:21,2025-07-03 08:33:22.815181,2025-07-03 08:53:14.697992,2025-07-03 08:52:27.400,30.10666666666667,19.864713516666665,8,3,osrm
41,delivered,2025-07-03 08:23:01,2025-07-03 08:32:30.808723,2025-07-03 08:49:40.208598,2025-07-03 08:55:58.000,32.95,17.156664583333335,24,3,osrm
42,delivered,2025-07-03 08:23:59,2025-07-03 08:34:27.680906,2025-07-03 08:50:05.200000,2025-07-03 09:01:47.000,37.8,15.625318233333333,1,4,osrm
43,delivered,2025-07-03 08:23:43,2025-07-03 08:39:41.969157,2025-07-03 08:39:41.969157,2025-07-03 08:40:22.000,16.65,0.0,2,3,osrm
44,delivered,2025-07-03 08:24:15,2025-07-03 08:36:20.760723,2025-07-03 08:56:51.410871,2025-07-03 09:04:44.600,40.49333333333333,20.5108358,14,4,osrm
45,delivered,2025-07-03 08:24:33,2025-07-03 08:32:53.741863,2025-07-03 08:43:24.900000,2025-07-03 08:50:45.400,26.206666666666667,10.519302283333333,13,4,osrm
46,delivered,2025-07-03 08:25:06,2025-07-03 08:36:53.949015,2025-07-03 08:48:49.000000,2025-07-03 08:58:27.000,33.35,11.917516416666667,16,4,osrm
47,delivered,2025-07-03 08:25:38,2025-07-03 08:35:30.168549,2025-07-03 09:01:38.439358,2025-07-03 09:12:23.400,46.75666666666667,26.13784681666667,22,4,osrm
48,delivered,2025-07-03 08:26:12,2025-07-03 08:38:22.534039,2025-07-03 09:04:02.538556,2025-07-03 09:12:34.200,46.37,25.666741950000002,7,4,osrm
49,delivered,2025-07-03 08:26:02,2025-07-03 08:36:53.337460,2025-07-03 09:00:44.966750,2025-07-03 09:09:35.600,43.559999999999995,23.860488166666666,25,4,osrm
50,delivered,2025-07-03 08:27:19,2025-07-03 08:38:12.895893,2025-07-03 08:43:24.900000,2025-07-03 08:50:45.400,23.44,5.20006845,13,4,osrm
51,delivered,2025-07-03 08:27:23,2025-07-03 08:36:21.371372,2025-07-03 08:43:23.810793,2025-07-03 08:46:23.200,19.003333333333334,7.040657016666667,22,4,osrm
52,delivered,2025-07-03 08:28:17,2025-07-03 08:37:02.235961,2025-07-03 08:49:40.208598,2025-07-03 08:55:58.000,27.683333333333334,12.632877283333332,24,3,osrm
53,delivered,2025-07-03 08:28:24,2025-07-03 08:41:17.753474,2025-07-03 08:49:22.500000,2025-07-03 08:51:17.200,22.886666666666667,8.079108766666668,12,1,osrm
54,delivered,2025-07-03 08:29:24,2025-07-03 08:39:13.257095,2025-07-03 08:41:50.100000,2025-07-03 08:44:27.000,15.05,2.614048416666667,11,1,osrm
55,delivered,2025-07-03 08:29:26,2025-07-03 08:39:29.312037,2025-07-03 08:39:47.200000,2025-07-03 08:44:54.900,15.481666666666666,0.29813271666666663,3,3,osrm
56,delivered,2025-07-03 08:29:53,2025-07-03 08:42:08.269076,2025-07-03 08:43:24.900000,2025-07-03 08:50:45.400,20.873333333333335,1.2771820666666664,13,4,osrm
57,delivered,2025-07-03 08:29:45,2025-07-03 08:43:23.810793,2025-07-03 08:43:23.810793,2025-07-03 08:46:23.200,16.636666666666667,0.0,22,4,osrm
58,delivered,2025-07-03 08:31:37,2025-07-03 08:44:54.136611,2025-07-03 08:55:46.917040,2025-07-03 09:02:56.200,31.32,10.879673816666667,2,3,osrm
59,delivered,2025-07-03 08:32:30,2025-07-03 08:39:33.027969,2025-07-03 08:50:05.200000,2025-07-03 09:01:47.000,29.283333333333335,10.536200516666666,1,4,osrm
60,delivered,2025-07-03 08:32:16,2025-07-03 08:48:02.120703,2025-07-03 08:48:49.000000,2025-07-03 08:58:27.000,26.183333333333334,0.7813216166666667,16,4,osrm
61,delivered,2025-07-03 08:32:58,2025-07-03 08:43:49.056690,2025-07-03 09:00:51.342858,2025-07-03 09:04:36.600,31.64333333333333,17.0381028,29,3,osrm
62,delivered,2025-07-03 08:33:49,2025-07-03 08:46:33.388135,2025-07-03 08:58:03.337164,2025-07-03 09:02:18.800,28.496666666666666,11.499150483333333,3,4,osrm
63,delivered,2025-07-03 08:33:39,2025-07-03 08:49:18.847445,2025-07-03 08:55:48.856598,2025-07-03 08:59:58.100,26.31833333333333,6.50015255,23,4,osrm
64,delivered,2025-07-03 08:33:43,2025-07-03 08:44:09.265429,2025-07-03 08:50:05.200000,2025-07-03 09:01:47.000,28.066666666666666,5.93224285,1,4,osrm
65,delivered,2025-07-03 08:33:25,2025-07-03 08:43:56.401286,2025-07-03 09:18:15.369732,2025-07-03 09:16:27.800,43.04666666666667,34.31614076666666,24,3,osrm
66,delivered,2025-07-03 08:33:45,2025-07-03 08:42:54.244205,2025-07-03 09:00:44.966750,2025-07-03 09:09:35.600,35.843333333333334,17.845375750000002,25,4,osrm
67,delivered,2025-07-03 08:34:47,2025-07-03 08:48:48.348663,2025-07-03 08:48:49.000000,2025-07-03 08:58:27.000,23.666666666666668,0.010855616666666668,16,4,osrm
68,delivered,2025-07-03 08:34:14,2025-07-03 08:44:23.534303,2025-07-03 08:58:03.337164,2025-07-03 09:02:18.800,28.08,13.663381016666667,3,4,osrm
69,delivered,2025-07-03 08:34:50,2025-07-03 08:46:33.067540,2025-07-03 08:46:33.067540,2025-07-03 08:52:06.300,17.271666666666665,0.0,21,3,osrm
70,delivered,2025-07-03 08:34:03,2025-07-03 08:45:09.369252,2025-07-03 09:03:08.367070,2025-07-03 09:07:56.800,33.89666666666667,17.983296966666668,15,3,osrm
71,delivered,2025-07-03 08:34:38,2025-07-03 08:52:08.437127,2025-07-03 09:04:55.200000,2025-07-03 09:12:56.900,38.315000000000005,12.779381216666668,13,3,osrm
72,delivered,2025-07-03 08:35:16,2025-07-03 08:43:37.490428,2025-07-03 09:00:51.342858,2025-07-03 09:04:36.600,29.34333333333333,17.23087383333333,29,3,osrm
73,delivered,2025-07-03 08:38:12,2025-07-03 08:49:40.208598,2025-07-03 08:49:40.208598,2025-07-03 08:55:58.000,17.766666666666666,0.0,24,3,osrm
74,delivered,2025-07-03 08:38:25,2025-07-03 08:48:30.387331,2025-07-03 09:03:21.900000,2025-07-03 09:12:06.400,33.690000000000005,14.858544483333333,21,3,osrm
75,delivered,2025-07-03 08:39:25,2025-07-03 08:47:01.604951,2025-07-03 09:04:55.200000,2025-07-03 09:12:56.900,33.531666666666666,17.89325081666667,13,3,osrm
76,delivered,2025-07-03 08:39:17,2025-07-03 08:53:14.697992,2025-07-03 08:53:14.697992,2025-07-03 08:52:27.400,13.173333333333334,0.0,8,3,osrm
77,delivered,2025-07-03 08:39:05,2025-07-03 08:53:10.643327,2025-07-03 09:04:19.300000,2025-07-03 09:09:07.900,30.048333333333336,11.144277883333332,8,2,osrm
78,delivered,2025-07-03 08:39:59,2025-07-03 08:55:46.917040,2025-07-03 08:55:46.917040,2025-07-03 09:02:56.200,22.953333333333333,0.0,2,3,osrm
79,delivered,2025-07-03 08:40:50,2025-07-03 08:53:05.930712,2025-07-03 09:16:41.986861,2025-07-03 09:23:27.900,42.63166666666667,23.600935816666667,3,4,osrm
80,delivered,2025-07-03 08:40:56,2025-07-03 08:54:30.686754,2025-07-03 09:03:08.367070,2025-07-03 09:07:56.800,27.013333333333332,8.628005266666666,15,3,osrm
81,delivered,2025-07-03 08:40:18,2025-07-03 08:50:22.559007,2025-07-03 09:04:19.300000,2025-07-03 09:09:07.900,28.831666666666667,13.945683216666668,8,2,osrm
82,delivered,2025-07-03 08:41:32,2025-07-03 08:53:23.195085,2025-07-03 09:24:31.416266,2025-07-03 09:26:23.500,44.858333333333334,31.13701968333333,18,4,osrm
83,delivered,2025-07-03 08:41:55,2025-07-03 08:53:08.779236,2025-07-03 09:03:21.900000,2025-07-03 09:12:06.400,30.19,10.218679400000001,21,3,osrm
84,delivered,2025-07-03 08:41:57,2025-07-03 08:54:25.048156,2025-07-03 08:56:51.410871,2025-07-03 09:04:44.600,22.793333333333333,2.4393785833333337,14,4,osrm
85,delivered,2025-07-03 08:41:43,2025-07-03 08:49:37.522215,2025-07-03 09:04:55.200000,2025-07-03 09:12:56.900,31.23166666666667,15.29462975,13,3,osrm
86,delivered,2025-07-03 08:41:11,2025-07-03 08:56:59.450409,2025-07-03 09:08:57.306555,2025-07-03 09:13:26.600,32.26,11.9642691,20,2,osrm
87,delivered,2025-07-03 08:41:00,2025-07-03 08:47:15.923452,2025-07-03 08:56:51.410871,2025-07-03 09:04:44.600,23.743333333333332,9.591456983333334,14,4,osrm
88,delivered,2025-07-03 08:41:36,2025-07-03 08:52:00.054439,2025-07-03 09:18:25.256022,2025-07-03 09:22:01.800,40.43,26.420026383333333,6,4,osrm
89,delivered,2025-07-03 08:42:24,2025-07-03 08:55:53.668000,2025-07-03 09:23:16.240875,2025-07-03 09:28:27.000,46.05,27.376214583333333,4,4,osrm
90,delivered,2025-07-03 08:42:00,2025-07-03 08:56:09.860110,2025-07-03 08:56:09.860110,2025-07-03 09:03:25.300,21.421666666666667,0.0,11,4,osrm
91,delivered,2025-07-03 08:42:03,2025-07-03 08:52:23.421369,2025-07-03 09:18:15.369732,2025-07-03 09:16:27.800,34.413333333333334,25.86580605,24,3,osrm
92,delivered,2025-07-03 08:42:23,2025-07-03 08:55:48.677290,2025-07-03 08:55:48.856598,2025-07-03 08:59:58.100,17.584999999999997,0.0029884666666666667,23,4,osrm
93,delivered,2025-07-03 08:43:17,2025-07-03 08:54:18.012460,2025-07-03 09:21:28.204082,2025-07-03 09:23:48.700,40.52833333333333,27.16986036666667,2,4,osrm
94,delivered,2025-07-03 08:43:25,2025-07-03 09:01:28.570799,2025-07-03 09:09:27.815711,2025-07-03 09:18:23.500,34.975,7.9874152,16,4,osrm
95,delivered,2025-07-03 08:43:55,2025-07-03 08:55:48.856598,2025-07-03 08:55:48.856598,2025-07-03 08:59:58.100,16.051666666666666,0.0,23,4,osrm
96,delivered,2025-07-03 08:43:36,2025-07-03 08:54:29.800068,2025-07-03 09:22:49.530175,2025-07-03 09:32:50.900,49.248333333333335,28.328835116666667,25,4,osrm
97,delivered,2025-07-03 08:43:56,2025-07-03 08:50:51.357617,2025-07-03 09:41:05.828122,2025-07-03 09:40:44.800,56.81333333333334,50.24117508333333,21,2,osrm
98,delivered,2025-07-03 08:43:20,2025-07-03 08:56:30.587718,2025-07-03 09:12:38.900000,2025-07-03 09:22:28.900,39.14833333333333,16.138538033333333,17,4,osrm
99,delivered,2025-07-03 08:43:05,2025-07-03 08:51:57.401418,2025-07-03 09:09:27.815711,2025-07-03 09:18:23.500,35.30833333333333,17.506904883333334,16,4,osrm
100,delivered,2025-07-03 08:44:59,2025-07-03 08:55:47.188730,2025-07-03 10:21:12.100000,2025-07-03 10:30:42.300,105.72166666666666,85.41518783333332,2,3,osrm
101,delivered,2025-07-03 08:44:00,2025-07-03 08:50:27.509256,2025-07-03 09:22:53.622906,2025-07-03 09:19:13.400,35.223333333333336,32.4352275,23,4,osrm
102,delivered,2025-07-03 08:44:39,2025-07-03 08:58:55.199732,2025-07-03 09:24:14.000000,2025-07-03 09:28:23.700,43.745,25.3133378,21,4,osrm
103,delivered,2025-07-03 08:44:52,2025-07-03 08:57:44.036440,2025-07-03 09:01:38.439358,2025-07-03 09:12:23.400,27.523333333333333,3.9067153,22,4,osrm
104,delivered,2025-07-03 08:45:27,2025-07-03 08:59:42.430675,2025-07-03 09:00:44.966750,2025-07-03 09:09:35.600,24.14333333333333,1.0422679166666666,25,4,osrm
105,delivered,2025-07-03 08:45:45,2025-07-03 08:55:09.174211,2025-07-03 09:45:32.165050,2025-07-03 09:54:47.400,69.03999999999999,50.38318065,6,3,osrm
106,delivered,2025-07-03 08:45:24,2025-07-03 09:03:08.367070,2025-07-03 09:03:08.367070,2025-07-03 09:07:56.800,22.546666666666667,0.0,15,3,osrm
107,delivered,2025-07-03 08:45:48,2025-07-03 09:00:36.056159,2025-07-03 09:03:21.900000,2025-07-03 09:12:06.400,26.30666666666667,2.7640640166666666,21,3,osrm
108,delivered,2025-07-03 08:45:00,2025-07-03 09:00:14.010533,2025-07-03 09:17:39.997383,2025-07-03 09:21:09.400,36.156666666666666,17.433114166666666,14,3,osrm
109,delivered,2025-07-03 08:45:47,2025-07-03 08:55:41.341905,2025-07-03 09:12:38.900000,2025-07-03 09:22:28.900,36.69833333333334,16.959301583333332,17,4,osrm
110,delivered,2025-07-03 08:45:31,2025-07-03 08:54:18.900870,2025-07-03 09:21:28.204082,2025-07-03 09:23:48.700,38.294999999999995,27.155053533333334,2,4,osrm
111,delivered,2025-07-03 08:45:34,2025-07-03 08:54:43.146663,2025-07-03 09:09:27.815711,2025-07-03 09:18:23.500,32.825,14.744484133333334,16,4,osrm
112,delivered,2025-07-03 08:45:56,2025-07-03 08:57:27.465570,2025-07-03 09:23:29.108349,2025-07-03 09:27:15.400,41.32333333333334,26.02737965,26,4,osrm
113,delivered,2025-07-03 08:46:53,2025-07-03 08:59:12.817820,2025-07-03 09:45:32.165050,2025-07-03 09:54:47.400,67.90666666666667,46.322453833333334,6,3,osrm
114,delivered,2025-07-03 08:46:33,2025-07-03 08:55:45.476930,2025-07-03 09:24:14.000000,2025-07-03 09:28:23.700,41.845,28.4753845,21,4,osrm
115,delivered,2025-07-03 08:47:08,2025-07-03 08:57:43.109729,2025-07-03 09:04:02.538556,2025-07-03 09:12:34.200,25.436666666666667,6.323813783333334,7,4,osrm
116,delivered,2025-07-03 08:47:00,2025-07-03 08:56:51.410871,2025-07-03 08:56:51.410871,2025-07-03 09:04:44.600,17.743333333333332,0.0,14,4,osrm
117,delivered,2025-07-03 08:47:35,2025-07-03 09:03:59.718969,2025-07-03 09:17:39.997383,2025-07-03 09:21:09.400,33.57333333333334,13.6713069,14,3,osrm
118,delivered,2025-07-03 08:48:04,2025-07-03 08:57:16.944155,2025-07-03 09:21:28.204082,2025-07-03 09:23:48.700,35.745,24.18766545,2,4,osrm
119,delivered,2025-07-03 08:48:16,2025-07-03 08:59:35.838061,2025-07-03 09:16:41.986861,2025-07-03 09:23:27.900,35.19833333333334,17.10248,3,4,osrm
120,delivered,2025-07-03 08:49:38,2025-07-03 08:58:03.337164,2025-07-03 08:58:03.337164,2025-07-03 09:02:18.800,12.68,0.0,3,4,osrm
121,delivered,2025-07-03 08:49:19,2025-07-03 09:00:44.966750,2025-07-03 09:00:44.966750,2025-07-03 09:09:35.600,20.276666666666664,0.0,25,4,osrm
122,delivered,2025-07-03 08:50:47,2025-07-03 09:04:03.684921,2025-07-03 09:24:58.854389,2025-07-03 09:27:09.300,36.37166666666667,20.919491133333334,15,4,osrm
123,delivered,2025-07-03 08:50:42,2025-07-03 08:59:26.840499,2025-07-03 09:04:02.538556,2025-07-03 09:12:34.200,21.87,4.594967616666667,7,4,osrm
124,delivered,2025-07-03 08:50:06,2025-07-03 08:57:06.046705,2025-07-03 09:19:00.774364,2025-07-03 09:25:52.900,35.781666666666666,21.91212765,8,4,osrm
125,delivered,2025-07-03 08:50:03,2025-07-03 09:01:38.439358,2025-07-03 09:01:38.439358,2025-07-03 09:12:23.400,22.34,0.0,22,4,osrm
126,delivered,2025-07-03 08:51:41,2025-07-03 09:04:02.538556,2025-07-03 09:04:02.538556,2025-07-03 09:12:34.200,20.886666666666667,0.0,7,4,osrm
127,delivered,2025-07-03 08:51:35,2025-07-03 09:05:59.806275,2025-07-03 09:24:14.000000,2025-07-03 09:28:23.700,36.81166666666666,18.236562083333336,21,4,osrm
128,delivered,2025-07-03 08:52:44,2025-07-03 09:05:09.429979,2025-07-03 09:20:29.526089,2025-07-03 09:24:24.600,31.676666666666666,15.334935166666666,9,2,osrm
129,delivered,2025-07-03 08:53:56,2025-07-03 09:08:13.067486,2025-07-03 09:28:19.351140,2025-07-03 09:38:01.900,44.098333333333336,20.104727566666668,12,4,osrm
130,delivered,2025-07-03 08:54:16,2025-07-03 09:09:27.815711,2025-07-03 09:09:27.815711,2025-07-03 09:18:23.500,24.125,0.0,16,4,osrm
131,delivered,2025-07-03 08:54:19,2025-07-03 09:03:25.415437,2025-07-03 09:22:53.622906,2025-07-03 09:19:13.400,24.90666666666667,19.470124483333333,23,4,osrm
132,delivered,2025-07-03 08:54:45,2025-07-03 09:07:03.213185,2025-07-03 09:24:28.100000,2025-07-03 09:30:37.900,35.88166666666667,17.41478025,22,4,osrm
133,delivered,2025-07-03 08:55:06,2025-07-03 09:00:51.342858,2025-07-03 09:00:51.342858,2025-07-03 09:04:36.600,9.51,0.0,29,3,osrm
134,delivered,2025-07-03 08:56:51,2025-07-03 09:05:11.321719,2025-07-03 09:19:00.774364,2025-07-03 09:25:52.900,29.03166666666667,13.824210749999999,8,4,osrm
135,delivered,2025-07-03 08:56:23,2025-07-03 09:07:14.630733,2025-07-03 09:19:00.774364,2025-07-03 09:25:52.900,29.498333333333335,11.769060516666666,8,4,osrm
136,delivered,2025-07-03 08:56:57,2025-07-03 09:10:42.459260,2025-07-03 09:22:30.300000,2025-07-03 09:35:20.200,38.38666666666666,11.797345666666667,29,4,osrm
137,delivered,2025-07-03 08:57:44,2025-07-03 09:08:57.306555,2025-07-03 09:08:57.306555,2025-07-03 09:13:26.600,15.71,0.0,20,2,osrm
138,delivered,2025-07-03 08:57:40,2025-07-03 09:08:39.665302,2025-07-03 09:12:38.900000,2025-07-03 09:22:28.900,24.815,3.9872449666666667,17,4,osrm
139,delivered,2025-07-03 08:58:25,2025-07-03 09:06:42.789434,2025-07-03 09:23:16.240875,2025-07-03 09:28:27.000,30.033333333333335,16.55752401666667,4,4,osrm
140,delivered,2025-07-03 08:58:11,2025-07-03 09:06:57.897066,2025-07-03 09:28:35.549190,2025-07-03 09:32:10.000,33.983333333333334,21.6275354,5,4,osrm
141,delivered,2025-07-03 08:58:02,2025-07-03 09:08:57.606537,2025-07-03 09:28:35.549190,2025-07-03 09:32:10.000,34.13333333333333,19.63237755,5,4,osrm
142,delivered,2025-07-03 08:59:47,2025-07-03 09:11:27.543160,2025-07-03 10:04:11.900000,2025-07-03 10:08:08.600,68.36,52.739280666666666,15,2,osrm
143,delivered,2025-07-03 09:00:23,2025-07-03 09:18:25.256022,2025-07-03 09:18:25.256022,2025-07-03 09:22:01.800,21.646666666666665,0.0,6,4,osrm
144,delivered,2025-07-03 09:00:42,2025-07-03 09:07:17.487337,2025-07-03 09:22:49.530175,2025-07-03 09:32:50.900,32.14833333333333,15.5340473,25,4,osrm
145,delivered,2025-07-03 09:00:25,2025-07-03 09:14:01.615124,2025-07-03 09:18:25.256022,2025-07-03 09:22:01.800,21.613333333333333,4.394014966666666,6,4,osrm
146,delivered,2025-07-03 09:01:40,2025-07-03 09:13:52.230036,2025-07-03 09:28:19.351140,2025-07-03 09:38:01.900,36.365,14.452018399999998,12,4,osrm
147,delivered,2025-07-03 09:01:59,2025-07-03 09:18:15.369732,2025-07-03 09:18:15.369732,2025-07-03 09:16:27.800,14.479999999999999,0.0,24,3,osrm
148,delivered,2025-07-03 09:02:17,2025-07-03 09:17:31.876496,2025-07-03 09:17:31.876496,2025-07-03 09:19:11.800,16.913333333333334,0.0,10,4,osrm
149,delivered,2025-07-03 09:02:19,2025-07-03 09:16:04.974989,2025-07-03 09:22:53.622906,2025-07-03 09:19:13.400,16.906666666666666,6.810798616666667,23,4,osrm
150,delivered,2025-07-03 09:02:58,2025-07-03 09:13:02.333892,2025-07-03 09:28:35.549190,2025-07-03 09:32:10.000,29.2,15.5535883,5,4,osrm
151,delivered,2025-07-03 09:03:38,2025-07-03 09:18:03.575786,2025-07-03 09:18:25.256022,2025-07-03 09:22:01.800,18.396666666666665,0.36133726666666666,6,4,osrm
152,delivered,2025-07-03 09:03:45,2025-07-03 09:17:29.500923,2025-07-03 09:24:14.000000,2025-07-03 09:28:23.700,24.645,6.741651283333334,21,4,osrm
153,delivered,2025-07-03 09:03:28,2025-07-03 09:20:29.526089,2025-07-03 09:20:29.526089,2025-07-03 09:24:24.600,20.94333333333333,0.0,9,2,osrm
154,delivered,2025-07-03 09:04:11,2025-07-03 09:22:53.622906,2025-07-03 09:22:53.622906,2025-07-03 09:19:13.400,15.04,0.0,23,4,osrm
155,delivered,2025-07-03 09:04:47,2025-07-03 09:17:20.875213,2025-07-03 09:28:19.351140,2025-07-03 09:38:01.900,33.248333333333335,10.974598783333333,12,4,osrm
156,delivered,2025-07-03 09:04:11,2025-07-03 09:18:43.650149,2025-07-03 09:24:28.100000,2025-07-03 09:30:37.900,26.448333333333334,5.74083085,22,4,osrm
157,delivered,2025-07-03 09:04:44,2025-07-03 09:16:26.838421,2025-07-03 09:24:58.854389,2025-07-03 09:27:09.300,22.421666666666667,8.533599466666667,15,4,osrm
158,delivered,2025-07-03 09:04:38,2025-07-03 09:17:12.926727,2025-07-03 09:23:29.108349,2025-07-03 09:27:15.400,22.623333333333335,6.2696937,26,4,osrm
159,delivered,2025-07-03 09:05:57,2025-07-03 09:24:31.416266,2025-07-03 09:24:31.416266,2025-07-03 09:26:23.500,20.441666666666666,0.0,18,4,osrm
160,delivered,2025-07-03 09:05:46,2025-07-03 09:16:16.199518,2025-07-03 09:37:24.941247,2025-07-03 09:42:37.000,36.85,21.145695483333334,7,3,osrm
161,delivered,2025-07-03 09:05:45,2025-07-03 09:16:49.882506,2025-07-03 09:20:57.769847,2025-07-03 09:25:01.000,19.266666666666666,4.131455683333333,1,4,osrm
162,delivered,2025-07-03 09:06:09,2025-07-03 09:18:10.451138,2025-07-03 09:24:31.416266,2025-07-03 09:26:23.500,20.241666666666667,6.3494188,18,4,osrm
163,delivered,2025-07-03 09:06:21,2025-07-03 09:22:25.829091,2025-07-03 09:23:29.108349,2025-07-03 09:27:15.400,20.90666666666667,1.0546543,26,4,osrm
164,delivered,2025-07-03 09:06:02,2025-07-03 09:13:11.104774,2025-07-03 09:40:05.337615,2025-07-03 09:43:16.500,37.24166666666667,26.903880683333334,2,4,osrm
165,delivered,2025-07-03 09:07:30,2025-07-03 09:16:25.265856,2025-07-03 10:04:20.700000,2025-07-03 10:07:52.500,60.375,47.923902399999996,14,2,osrm
166,delivered,2025-07-03 09:07:54,2025-07-03 09:23:16.240875,2025-07-03 09:23:16.240875,2025-07-03 09:28:27.000,20.55,0.0,4,4,osrm
167,delivered,2025-07-03 09:07:05,2025-07-03 09:13:58.151668,2025-07-03 09:24:28.100000,2025-07-03 09:30:37.900,23.548333333333336,10.499138866666668,22,4,osrm
168,delivered,2025-07-03 09:07:07,2025-07-03 09:16:41.986861,2025-07-03 09:16:41.986861,2025-07-03 09:23:27.900,16.348333333333333,0.0,3,4,osrm
169,delivered,2025-07-03 09:07:48,2025-07-03 09:17:39.997383,2025-07-03 09:17:39.997383,2025-07-03 09:21:09.400,13.356666666666666,0.0,14,3,osrm
170,delivered,2025-07-03 09:07:03,2025-07-03 09:23:29.108349,2025-07-03 09:23:29.108349,2025-07-03 09:27:15.400,20.206666666666667,0.0,26,4,osrm
171,delivered,2025-07-03 09:07:24,2025-07-03 09:17:49.600408,2025-07-03 09:42:54.100360,2025-07-03 09:49:31.800,42.13,25.074999199999997,9,4,osrm
172,delivered,2025-07-03 09:08:19,2025-07-03 09:17:52.210876,2025-07-03 09:38:40.131683,2025-07-03 09:37:21.400,29.040000000000003,20.798680116666667,27,2,osrm
173,delivered,2025-07-03 09:08:58,2025-07-03 09:17:15.799940,2025-07-03 09:24:28.100000,2025-07-03 09:30:37.900,21.665000000000003,7.205000999999999,22,4,osrm
174,delivered,2025-07-03 09:08:52,2025-07-03 09:16:31.254434,2025-07-03 09:16:41.986861,2025-07-03 09:23:27.900,14.598333333333333,0.1788737833333333,3,4,osrm
175,delivered,2025-07-03 09:08:12,2025-07-03 09:15:49.224337,2025-07-03 09:24:58.854389,2025-07-03 09:27:09.300,18.955,9.160500866666666,15,4,osrm
176,delivered,2025-07-03 09:09:19,2025-07-03 09:21:28.204082,2025-07-03 09:21:28.204082,2025-07-03 09:23:48.700,14.495000000000001,0.0,2,4,osrm
177,delivered,2025-07-03 09:09:41,2025-07-03 09:20:57.769847,2025-07-03 09:24:31.416266,2025-07-03 09:26:23.500,16.708333333333332,3.5607736500000002,18,4,osrm
178,delivered,2025-07-03 09:09:37,2025-07-03 09:23:02.378095,2025-07-03 09:41:43.012290,2025-07-03 09:45:26.700,35.82833333333333,18.677236583333336,4,3,osrm
179,delivered,2025-07-03 09:09:26,2025-07-03 09:19:00.774364,2025-07-03 09:19:00.774364,2025-07-03 09:25:52.900,16.448333333333334,0.0,8,4,osrm
180,delivered,2025-07-03 09:09:10,2025-07-03 09:24:58.854389,2025-07-03 09:24:58.854389,2025-07-03 09:27:09.300,17.988333333333333,0.0,15,4,osrm
181,delivered,2025-07-03 09:09:56,2025-07-03 09:18:53.409033,2025-07-03 10:04:20.700000,2025-07-03 10:07:52.500,57.94166666666667,45.45484945,14,2,osrm
182,delivered,2025-07-03 09:10:07,2025-07-03 09:26:56.932885,2025-07-03 09:48:16.643959,2025-07-03 09:53:07.200,43.00333333333333,21.3285179,17,3,osrm
183,delivered,2025-07-03 09:10:48,2025-07-03 09:21:28.472444,2025-07-03 09:22:49.530175,2025-07-03 09:32:50.900,22.048333333333336,1.3509621833333334,25,4,osrm
184,delivered,2025-07-03 09:11:47,2025-07-03 09:23:40.589486,2025-07-03 09:49:10.627678,2025-07-03 09:55:25.700,43.644999999999996,25.50063653333333,28,4,osrm
185,delivered,2025-07-03 09:12:34,2025-07-03 09:18:31.617167,2025-07-03 09:23:16.240875,2025-07-03 09:28:27.000,15.883333333333333,4.743728466666667,4,4,osrm
186,delivered,2025-07-03 09:12:24,2025-07-03 09:29:30.141464,2025-07-03 09:53:20.894562,2025-07-03 09:51:47.000,39.38333333333333,23.845884966666667,22,3,osrm
187,delivered,2025-07-03 09:13:45,2025-07-03 09:20:53.096237,2025-07-03 10:04:11.900000,2025-07-03 10:08:08.600,54.39333333333333,43.31339605,15,2,osrm
188,delivered,2025-07-03 09:13:04,2025-07-03 09:24:08.521240,2025-07-03 09:49:10.627678,2025-07-03 09:55:25.700,42.361666666666665,25.0351073,28,4,osrm
189,delivered,2025-07-03 09:13:34,2025-07-03 09:22:09.673918,2025-07-03 09:44:46.839760,2025-07-03 09:45:07.800,31.563333333333333,22.619430700000002,23,4,osrm
190,delivered,2025-07-03 09:13:08,2025-07-03 09:22:49.530175,2025-07-03 09:22:49.530175,2025-07-03 09:32:50.900,19.715,0.0,25,4,osrm
191,delivered,2025-07-03 09:13:48,2025-07-03 09:28:43.647099,2025-07-03 09:52:22.417404,2025-07-03 09:52:00.500,38.208333333333336,23.64617175,3,3,osrm
192,delivered,2025-07-03 09:13:43,2025-07-03 09:28:19.351140,2025-07-03 09:28:19.351140,2025-07-03 09:38:01.900,24.315,0.0,12,4,osrm
193,delivered,2025-07-03 09:13:35,2025-07-03 09:26:31.026492,2025-07-03 09:44:46.839760,2025-07-03 09:45:07.800,31.546666666666667,18.26355446666667,23,4,osrm
194,delivered,2025-07-03 09:14:18,2025-07-03 09:25:42.224190,2025-07-03 09:37:24.941247,2025-07-03 09:42:37.000,28.316666666666666,11.711950949999999,7,3,osrm
195,delivered,2025-07-03 09:14:30,2025-07-03 09:26:40.848631,2025-07-03 09:40:05.337615,2025-07-03 09:43:16.500,28.775,13.408149733333333,2,4,osrm
196,delivered,2025-07-03 09:14:25,2025-07-03 09:20:46.367443,2025-07-03 09:43:52.725505,2025-07-03 09:52:04.000,37.65,23.1059677,19,4,osrm
197,delivered,2025-07-03 09:15:38,2025-07-03 09:28:25.715558,2025-07-03 10:01:11.289452,2025-07-03 10:02:45.200,47.12,32.7595649,24,3,osrm
198,delivered,2025-07-03 09:16:53,2025-07-03 09:28:35.549190,2025-07-03 09:28:35.549190,2025-07-03 09:32:10.000,15.283333333333333,0.0,5,4,osrm
199,delivered,2025-07-03 09:17:56,2025-07-03 09:29:32.913221,2025-07-03 09:43:52.725505,2025-07-03 09:52:04.000,34.13333333333333,14.330204733333334,19,4,osrm
200,delivered,2025-07-03 09:17:34,2025-07-03 09:31:04.352873,2025-07-03 09:58:19.096267,2025-07-03 10:00:32.700,42.97833333333333,27.245723233333333,21,4,osrm
201,delivered,2025-07-03 09:18:24,2025-07-03 09:31:14.463695,2025-07-03 09:42:54.100360,2025-07-03 09:49:31.800,31.13,11.660611083333333,9,4,osrm
202,delivered,2025-07-03 09:18:37,2025-07-03 09:27:03.383321,2025-07-03 09:39:00.692211,2025-07-03 09:43:19.700,24.711666666666666,11.955148166666667,24,4,osrm
203,delivered,2025-07-03 09:18:45,2025-07-03 09:28:19.149169,2025-07-03 09:54:08.900000,2025-07-03 10:01:37.000,42.86666666666667,25.829180516666668,20,3,osrm
204,delivered,2025-07-03 09:19:59,2025-07-03 09:30:39.118631,2025-07-03 09:30:39.118631,2025-07-03 09:30:00.200,10.020000000000001,0.0,13,3,osrm
205,delivered,2025-07-03 09:19:49,2025-07-03 09:28:15.339970,2025-07-03 10:18:24.900000,2025-07-03 10:22:11.300,62.37166666666667,50.159333833333335,4,1,osrm
206,delivered,2025-07-03 09:20:48,2025-07-03 09:30:35.232578,2025-07-03 09:48:16.643959,2025-07-03 09:53:07.200,32.32,17.690189683333333,17,3,osrm
207,delivered,2025-07-03 09:20:48,2025-07-03 09:33:33.804746,2025-07-03 09:54:12.200000,2025-07-03 10:03:57.100,43.151666666666664,20.6399209,5,3,osrm
208,delivered,2025-07-03 09:20:34,2025-07-03 09:31:18.731326,2025-07-03 09:41:43.012290,2025-07-03 09:45:26.700,24.878333333333334,10.404682733333335,4,3,osrm
209,delivered,2025-07-03 09:20:44,2025-07-03 09:34:54.383665,2025-07-03 09:42:54.100360,2025-07-03 09:49:31.800,28.796666666666667,7.99527825,9,4,osrm
210,delivered,2025-07-03 09:20:14,2025-07-03 09:33:28.591359,2025-07-03 10:01:11.289452,2025-07-03 10:02:45.200,42.519999999999996,27.711634883333332,24,3,osrm
211,delivered,2025-07-03 09:21:41,2025-07-03 09:31:41.191087,2025-07-03 09:44:35.116818,2025-07-03 09:49:58.500,28.291666666666668,12.898762183333334,1,4,osrm
212,delivered,2025-07-03 09:21:41,2025-07-03 09:39:45.807890,2025-07-03 09:57:02.196330,2025-07-03 10:01:29.800,39.81333333333334,17.273140666666666,16,4,osrm
213,delivered,2025-07-03 09:23:29,2025-07-03 09:35:41.738115,2025-07-03 09:54:16.048045,2025-07-03 10:01:55.100,38.434999999999995,18.571832166666663,11,3,osrm
214,delivered,2025-07-03 09:23:39,2025-07-03 09:29:33.461430,2025-07-03 09:54:12.200000,2025-07-03 10:03:57.100,40.30166666666666,24.645642833333333,5,3,osrm
215,delivered,2025-07-03 09:23:57,2025-07-03 09:39:42.816578,2025-07-03 09:54:12.200000,2025-07-03 10:03:57.100,40.001666666666665,14.4897237,5,3,osrm
216,delivered,2025-07-03 09:23:12,2025-07-03 09:30:38.113695,2025-07-03 09:57:45.416669,2025-07-03 09:53:46.000,30.566666666666666,27.121716233333334,15,4,osrm
217,delivered,2025-07-03 09:24:18,2025-07-03 09:43:57.972370,2025-07-03 09:55:30.300000,2025-07-03 10:04:15.200,39.95333333333333,11.538793833333333,23,3,osrm
218,delivered,2025-07-03 09:24:44,2025-07-03 09:37:24.941247,2025-07-03 09:37:24.941247,2025-07-03 09:42:37.000,17.883333333333333,0.0,7,3,osrm
219,delivered,2025-07-03 09:24:49,2025-07-03 09:33:08.883506,2025-07-03 09:58:54.656705,2025-07-03 09:59:41.600,34.876666666666665,25.76288665,27,4,osrm
220,delivered,2025-07-03 09:25:57,2025-07-03 09:36:58.298713,2025-07-03 09:44:35.116818,2025-07-03 09:49:58.500,24.025,7.6136350833333335,1,4,osrm
221,delivered,2025-07-03 09:25:31,2025-07-03 09:41:43.012290,2025-07-03 09:41:43.012290,2025-07-03 09:45:26.700,19.928333333333335,0.0,4,3,osrm
222,delivered,2025-07-03 09:25:04,2025-07-03 09:33:42.562341,2025-07-03 09:51:21.503467,2025-07-03 09:56:53.500,31.825,17.649018766666664,12,4,osrm
223,delivered,2025-07-03 09:25:39,2025-07-03 09:37:30.487162,2025-07-03 09:54:07.100000,2025-07-03 09:59:52.400,34.223333333333336,16.610213966666667,25,2,osrm
224,delivered,2025-07-03 09:25:44,2025-07-03 09:42:54.100360,2025-07-03 09:42:54.100360,2025-07-03 09:49:31.800,23.796666666666667,0.0,9,4,osrm
225,delivered,2025-07-03 09:26:56,2025-07-03 09:38:40.929464,2025-07-03 09:58:20.699527,2025-07-03 10:06:21.000,39.416666666666664,19.662834383333333,4,3,osrm
226,delivered,2025-07-03 09:26:09,2025-07-03 09:37:53.889204,2025-07-03 10:04:33.000000,2025-07-03 10:06:59.800,40.84666666666667,26.6518466,6,1,osrm
227,delivered,2025-07-03 09:26:17,2025-07-03 09:36:32.500242,2025-07-03 09:55:30.300000,2025-07-03 10:04:15.200,37.97,18.9633293,23,3,osrm
228,delivered,2025-07-03 09:26:54,2025-07-03 09:35:38.904914,2025-07-03 09:39:00.692211,2025-07-03 09:43:19.700,16.428333333333335,3.3631216166666666,24,4,osrm
229,delivered,2025-07-03 09:27:06,2025-07-03 09:35:14.154793,2025-07-03 09:40:05.337615,2025-07-03 09:43:16.500,16.175,4.8530470333333335,2,4,osrm
230,delivered,2025-07-03 09:27:43,2025-07-03 09:39:40.132388,2025-07-03 09:52:22.417404,2025-07-03 09:52:00.500,24.291666666666668,12.704750266666668,3,3,osrm
231,delivered,2025-07-03 09:27:28,2025-07-03 09:41:05.828122,2025-07-03 09:41:05.828122,2025-07-03 09:40:44.800,13.28,0.0,21,2,osrm
232,delivered,2025-07-03 09:27:08,2025-07-03 09:41:34.956429,2025-07-03 09:55:38.307992,2025-07-03 10:10:28.800,43.34666666666667,14.055859383333335,29,4,osrm
233,delivered,2025-07-03 09:28:28,2025-07-03 09:38:06.403858,2025-07-03 09:55:38.307992,2025-07-03 10:10:28.800,42.013333333333335,17.53173556666667,29,4,osrm
234,delivered,2025-07-03 09:28:21,2025-07-03 09:38:40.131683,2025-07-03 09:38:40.131683,2025-07-03 09:37:21.400,9.006666666666666,0.0,27,2,osrm
235,delivered,2025-07-03 09:28:18,2025-07-03 09:40:29.734617,2025-07-03 09:43:52.725505,2025-07-03 09:52:04.000,23.766666666666666,3.383181466666667,19,4,osrm
236,delivered,2025-07-03 09:28:13,2025-07-03 09:37:30.360123,2025-07-03 10:05:49.500000,2025-07-03 10:08:32.500,40.325,28.31899795,22,1,osrm
237,delivered,2025-07-03 09:28:13,2025-07-03 09:35:10.362513,2025-07-03 09:39:00.692211,2025-07-03 09:43:19.700,15.111666666666668,3.8388283000000003,24,4,osrm
238,delivered,2025-07-03 09:28:17,2025-07-03 09:41:58.714855,2025-07-03 09:55:30.300000,2025-07-03 10:04:15.200,35.97,13.526419083333334,23,3,osrm
239,delivered,2025-07-03 09:28:53,2025-07-03 09:39:36.642949,2025-07-03 09:54:08.900000,2025-07-03 10:01:37.000,32.733333333333334,14.537617516666668,20,3,osrm
240,delivered,2025-07-03 09:29:02,2025-07-03 09:41:31.966510,2025-07-03 09:54:08.900000,2025-07-03 10:01:37.000,32.583333333333336,12.615558166666666,20,3,osrm
241,delivered,2025-07-03 09:29:52,2025-07-03 09:44:12.183500,2025-07-03 09:57:02.196330,2025-07-03 10:01:29.800,31.63,12.833547166666667,16,4,osrm
242,delivered,2025-07-03 09:29:23,2025-07-03 09:42:55.457849,2025-07-03 09:53:20.894562,2025-07-03 09:51:47.000,22.4,10.423945216666668,22,3,osrm
243,delivered,2025-07-03 09:30:16,2025-07-03 09:43:52.725505,2025-07-03 09:43:52.725505,2025-07-03 09:52:04.000,21.8,0.0,19,4,osrm
244,delivered,2025-07-03 09:30:22,2025-07-03 09:45:16.069043,2025-07-03 09:58:54.656705,2025-07-03 09:59:41.600,29.326666666666664,13.6431277,27,4,osrm
245,delivered,2025-07-03 09:30:18,2025-07-03 09:40:05.337615,2025-07-03 09:40:05.337615,2025-07-03 09:43:16.500,12.975,0.0,2,4,osrm
246,delivered,2025-07-03 09:31:09,2025-07-03 09:47:53.723060,2025-07-03 10:01:40.800000,2025-07-03 10:12:30.800,41.36333333333334,13.784615666666667,1,4,osrm
247,delivered,2025-07-03 09:31:22,2025-07-03 09:39:46.317466,2025-07-03 10:01:39.210582,2025-07-03 10:06:26.200,35.07,21.881551933333334,2,3,osrm
248,delivered,2025-07-03 09:32:59,2025-07-03 09:42:05.745664,2025-07-03 09:44:35.116818,2025-07-03 09:49:58.500,16.991666666666667,2.489519233333333,1,4,osrm
249,delivered,2025-07-03 09:32:31,2025-07-03 09:40:32.820001,2025-07-03 09:55:38.307992,2025-07-03 10:10:28.800,37.96333333333334,15.091466516666665,29,4,osrm
250,delivered,2025-07-03 09:32:25,2025-07-03 09:50:55.136024,2025-07-03 09:54:07.100000,2025-07-03 09:59:52.400,27.456666666666667,3.1993996,25,2,osrm
251,delivered,2025-07-03 09:32:31,2025-07-03 09:44:46.839760,2025-07-03 09:44:46.839760,2025-07-03 09:45:07.800,12.613333333333333,0.0,23,4,osrm
252,delivered,2025-07-03 09:32:06,2025-07-03 09:46:06.763444,2025-07-03 09:58:54.656705,2025-07-03 09:59:41.600,27.59333333333333,12.798221016666668,27,4,osrm
253,delivered,2025-07-03 09:32:29,2025-07-03 09:49:41.887992,2025-07-03 10:01:40.800000,2025-07-03 10:12:30.800,40.03,11.9818668,1,4,osrm
254,delivered,2025-07-03 09:33:39,2025-07-03 09:45:12.619909,2025-07-03 10:00:37.100000,2025-07-03 10:06:29.400,32.84,15.408001516666667,8,2,osrm
255,delivered,2025-07-03 09:33:48,2025-07-03 09:45:01.876203,2025-07-03 10:01:40.800000,2025-07-03 10:12:30.800,38.71333333333334,16.64872995,1,4,osrm
256,delivered,2025-07-03 09:33:18,2025-07-03 09:39:00.692211,2025-07-03 09:39:00.692211,2025-07-03 09:43:19.700,10.028333333333334,0.0,24,4,osrm
257,delivered,2025-07-03 09:34:11,2025-07-03 09:42:47.863622,2025-07-03 10:20:15.100000,2025-07-03 10:22:55.900,48.748333333333335,37.453939633333334,9,1,osrm
258,delivered,2025-07-03 09:34:30,2025-07-03 09:50:46.750342,2025-07-03 09:57:45.416669,2025-07-03 09:53:46.000,19.266666666666666,6.977772116666667,15,4,osrm
259,delivered,2025-07-03 09:34:24,2025-07-03 09:45:32.165050,2025-07-03 09:45:32.165050,2025-07-03 09:54:47.400,20.39,0.0,6,3,osrm
260,delivered,2025-07-03 09:34:37,2025-07-03 09:48:23.231586,2025-07-03 09:51:21.503467,2025-07-03 09:56:53.500,22.275,2.971198016666667,12,4,osrm
261,delivered,2025-07-03 09:35:12,2025-07-03 09:50:20.777596,2025-07-03 09:51:21.503467,2025-07-03 09:56:53.500,21.691666666666666,1.01209785,12,4,osrm
262,delivered,2025-07-03 09:35:13,2025-07-03 09:52:22.417404,2025-07-03 09:52:22.417404,2025-07-03 09:52:00.500,16.791666666666668,0.0,3,3,osrm
263,delivered,2025-07-03 09:35:19,2025-07-03 09:43:10.847524,2025-07-03 09:49:10.627678,2025-07-03 09:55:25.700,20.111666666666668,5.9963359,28,4,osrm
264,delivered,2025-07-03 09:37:40,2025-07-03 09:44:35.116818,2025-07-03 09:44:35.116818,2025-07-03 09:49:58.500,12.308333333333334,0.0,1,4,osrm
265,delivered,2025-07-03 09:37:55,2025-07-03 09:53:18.514514,2025-07-03 09:57:45.416669,2025-07-03 09:53:46.000,15.85,4.44836925,15,4,osrm
266,delivered,2025-07-03 09:37:43,2025-07-03 09:55:22.985888,2025-07-03 09:57:02.196330,2025-07-03 10:01:29.800,23.779999999999998,1.6535073666666666,16,4,osrm
267,delivered,2025-07-03 09:37:33,2025-07-03 09:56:43.630430,2025-07-03 10:13:22.700000,2025-07-03 10:22:28.700,44.92833333333333,16.6511595,24,4,osrm
268,delivered,2025-07-03 09:37:04,2025-07-03 09:49:10.627678,2025-07-03 09:49:10.627678,2025-07-03 09:55:25.700,18.361666666666668,0.0,28,4,osrm
269,delivered,2025-07-03 09:38:28,2025-07-03 09:48:16.643959,2025-07-03 09:48:16.643959,2025-07-03 09:53:07.200,14.653333333333334,0.0,17,3,osrm
270,delivered,2025-07-03 09:39:53,2025-07-03 09:50:35.592112,2025-07-03 09:54:16.048045,2025-07-03 10:01:55.100,22.035,3.67426555,11,3,osrm
271,delivered,2025-07-03 09:39:12,2025-07-03 09:53:20.894562,2025-07-03 09:53:20.894562,2025-07-03 09:51:47.000,12.583333333333334,0.0,22,3,osrm
272,delivered,2025-07-03 09:41:15,2025-07-03 09:50:18.368293,2025-07-03 10:06:39.306751,2025-07-03 10:11:34.300,30.321666666666665,16.3489743,13,3,osrm
273,delivered,2025-07-03 09:42:55,2025-07-03 09:53:42.908769,2025-07-03 10:01:40.800000,2025-07-03 10:12:30.800,29.596666666666668,7.96485385,1,4,osrm
274,delivered,2025-07-03 09:42:24,2025-07-03 09:57:45.416669,2025-07-03 09:57:45.416669,2025-07-03 09:53:46.000,11.366666666666667,0.0,15,4,osrm
275,delivered,2025-07-03 09:42:55,2025-07-03 09:55:36.466111,2025-07-03 10:01:39.210582,2025-07-03 10:06:26.200,23.52,6.045741183333333,2,3,osrm
276,delivered,2025-07-03 09:42:34,2025-07-03 09:57:02.196330,2025-07-03 09:57:02.196330,2025-07-03 10:01:29.800,18.93,0.0,16,4,osrm
277,delivered,2025-07-03 09:43:12,2025-07-03 09:57:24.616452,2025-07-03 09:58:19.096267,2025-07-03 10:00:32.700,17.345000000000002,0.9079969166666667,21,4,osrm
278,delivered,2025-07-03 09:43:14,2025-07-03 09:59:14.549035,2025-07-03 10:00:37.100000,2025-07-03 10:06:29.400,23.256666666666668,1.3758494166666668,8,2,osrm
279,delivered,2025-07-03 09:43:28,2025-07-03 09:53:41.609885,2025-07-03 10:13:22.700000,2025-07-03 10:22:28.700,39.01166666666666,19.68483525,24,4,osrm
280,delivered,2025-07-03 09:43:38,2025-07-03 09:53:38.848278,2025-07-03 09:58:19.096267,2025-07-03 10:00:32.700,16.91166666666667,4.670799816666667,21,4,osrm
281,delivered,2025-07-03 09:44:24,2025-07-03 09:58:54.656705,2025-07-03 09:58:54.656705,2025-07-03 09:59:41.600,15.293333333333333,0.0,27,4,osrm
282,delivered,2025-07-03 09:44:02,2025-07-03 09:51:21.503467,2025-07-03 09:51:21.503467,2025-07-03 09:56:53.500,12.858333333333333,0.0,12,4,osrm
283,delivered,2025-07-03 09:44:45,2025-07-03 09:55:25.917747,2025-07-03 09:58:20.699527,2025-07-03 10:06:21.000,21.6,2.9130296666666666,4,3,osrm
284,delivered,2025-07-03 09:44:54,2025-07-03 09:54:16.048045,2025-07-03 09:54:16.048045,2025-07-03 10:01:55.100,17.018333333333334,0.0,11,3,osrm
285,delivered,2025-07-03 09:45:44,2025-07-03 09:59:32.442754,2025-07-03 10:16:47.894829,2025-07-03 10:19:58.800,34.24666666666667,17.25753458333333,11,4,osrm
286,delivered,2025-07-03 09:46:34,2025-07-03 10:00:05.906886,2025-07-03 10:14:54.200000,2025-07-03 10:21:40.000,35.1,14.804885233333332,7,4,osrm
287,delivered,2025-07-03 09:47:12,2025-07-03 09:58:20.699527,2025-07-03 09:58:20.699527,2025-07-03 10:06:21.000,19.15,0.0,4,3,osrm
288,delivered,2025-07-03 09:47:58,2025-07-03 09:59:32.528957,2025-07-03 10:00:03.200000,2025-07-03 10:08:15.900,20.298333333333336,0.51118405,18,4,osrm
289,delivered,2025-07-03 09:47:27,2025-07-03 09:55:38.307992,2025-07-03 09:55:38.307992,2025-07-03 10:10:28.800,23.029999999999998,0.0,29,4,osrm
290,delivered,2025-07-03 09:47:30,2025-07-03 09:59:10.810488,2025-07-03 10:14:54.200000,2025-07-03 10:21:40.000,34.166666666666664,15.723158533333333,7,4,osrm
291,delivered,2025-07-03 09:47:28,2025-07-03 09:58:19.096267,2025-07-03 09:58:19.096267,2025-07-03 10:00:32.700,13.078333333333335,0.0,21,4,osrm
292,delivered,2025-07-03 09:48:43,2025-07-03 10:01:39.210582,2025-07-03 10:01:39.210582,2025-07-03 10:06:26.200,17.720000000000002,0.0,2,3,osrm
293,delivered,2025-07-03 09:49:38,2025-07-03 10:01:07.457460,2025-07-03 10:22:04.100000,2025-07-03 10:30:33.900,40.931666666666665,20.944042333333336,22,2,osrm
294,delivered,2025-07-03 09:50:22,2025-07-03 10:01:11.289452,2025-07-03 10:01:11.289452,2025-07-03 10:02:45.200,12.386666666666667,0.0,24,3,osrm
295,delivered,2025-07-03 09:50:47,2025-07-03 09:59:25.885288,2025-07-03 10:18:59.633087,2025-07-03 10:23:12.300,32.42166666666667,19.562463316666665,17,4,osrm
296,delivered,2025-07-03 09:52:07,2025-07-03 10:07:46.145174,2025-07-03 10:13:22.700000,2025-07-03 10:22:28.700,30.361666666666668,5.6092471,24,4,osrm
297,delivered,2025-07-03 09:52:56,2025-07-03 10:06:06.946164,2025-07-03 10:21:12.100000,2025-07-03 10:30:42.300,37.77166666666667,15.085897266666667,2,3,osrm
298,delivered,2025-07-03 09:52:03,2025-07-03 10:04:04.905991,2025-07-03 10:18:21.000000,2025-07-03 10:25:25.000,33.36666666666667,14.268233483333335,8,2,osrm
299,delivered,2025-07-03 09:52:22,2025-07-03 10:01:46.921422,2025-07-03 10:19:36.464389,2025-07-03 10:25:10.800,32.81333333333333,17.82571611666667,3,4,osrm
300,delivered,2025-07-03 09:52:05,2025-07-03 10:00:20.760277,2025-07-03 10:21:12.100000,2025-07-03 10:30:42.300,38.62166666666667,20.85566205,2,3,osrm
301,delivered,2025-07-03 09:53:04,2025-07-03 10:09:09.069053,2025-07-03 10:25:38.369013,2025-07-03 10:36:18.300,43.23833333333334,16.48833266666667,19,4,osrm
302,delivered,2025-07-03 09:53:02,2025-07-03 10:04:38.095363,2025-07-03 10:14:54.200000,2025-07-03 10:21:40.000,28.633333333333333,10.268410616666667,7,4,osrm
303,delivered,2025-07-03 09:53:21,2025-07-03 10:05:38.025937,2025-07-03 10:16:47.894829,2025-07-03 10:19:58.800,26.63,11.164481533333333,11,4,osrm
304,delivered,2025-07-03 09:54:53,2025-07-03 10:06:02.014571,2025-07-03 10:06:39.306751,2025-07-03 10:11:34.300,16.688333333333333,0.6215363333333334,13,3,osrm
305,delivered,2025-07-03 09:54:06,2025-07-03 10:05:33.862463,2025-07-03 10:27:06.980574,2025-07-03 10:29:21.200,35.25333333333333,21.551968516666665,20,2,osrm
306,delivered,2025-07-03 09:55:25,2025-07-03 10:06:39.306751,2025-07-03 10:06:39.306751,2025-07-03 10:11:34.300,16.154999999999998,0.0,13,3,osrm
307,delivered,2025-07-03 09:55:05,2025-07-03 10:12:06.950574,2025-07-03 10:28:33.000000,2025-07-03 10:32:39.600,37.57666666666667,16.4341571,11,2,osrm
308,delivered,2025-07-03 09:56:52,2025-07-03 10:05:20.252406,2025-07-03 10:22:42.037921,2025-07-03 10:28:03.700,31.195,17.36309191666667,10,2,osrm
309,delivered,2025-07-03 09:56:30,2025-07-03 10:08:22.263652,2025-07-03 10:18:59.633087,2025-07-03 10:23:12.300,26.705,10.622823916666666,17,4,osrm
310,delivered,2025-07-03 09:56:53,2025-07-03 10:09:54.041199,2025-07-03 10:18:21.000000,2025-07-03 10:25:25.000,28.533333333333335,8.44931335,8,2,osrm
311,delivered,2025-07-03 09:56:15,2025-07-03 10:01:15.000000,2025-07-03 10:13:22.700000,2025-07-03 10:22:28.700,26.228333333333335,12.128333333333334,24,4,osrm
312,delivered,2025-07-03 09:56:03,2025-07-03 10:07:22.887734,2025-07-03 10:29:55.800000,2025-07-03 10:33:18.000,37.25,22.548537766666666,6,1,osrm
313,delivered,2025-07-03 09:56:25,2025-07-03 10:10:16.099978,2025-07-03 10:31:09.852146,2025-07-03 10:31:55.800,35.513333333333335,20.895869466666667,5,3,osrm
314,delivered,2025-07-03 09:56:38,2025-07-03 10:05:01.105659,2025-07-03 10:16:47.894829,2025-07-03 10:19:58.800,23.346666666666668,11.7798195,11,4,osrm
315,delivered,2025-07-03 09:57:11,2025-07-03 10:08:01.890176,2025-07-03 10:18:24.800000,2025-07-03 10:24:56.500,27.758333333333333,10.3818304,25,3,osrm
316,delivered,2025-07-03 09:57:11,2025-07-03 10:13:12.941041,2025-07-03 10:21:05.900000,2025-07-03 10:24:44.400,27.55666666666667,7.882649316666667,15,1,osrm
317,delivered,2025-07-03 09:58:28,2025-07-03 10:12:36.729251,2025-07-03 10:18:44.500000,2025-07-03 10:25:01.400,26.55666666666667,6.129512483333333,14,3,osrm
318,delivered,2025-07-03 09:58:06,2025-07-03 10:12:43.573764,2025-07-03 10:32:34.700000,2025-07-03 10:39:19.200,41.22,19.852103933333336,26,3,osrm
319,delivered,2025-07-03 09:59:51,2025-07-03 10:11:04.956609,2025-07-03 10:25:38.369013,2025-07-03 10:36:18.300,36.455000000000005,14.5568734,19,4,osrm
320,delivered,2025-07-03 10:00:54,2025-07-03 10:09:16.842341,2025-07-03 10:22:04.100000,2025-07-03 10:30:33.900,29.665000000000003,12.78762765,22,2,osrm
321,delivered,2025-07-03 10:00:08,2025-07-03 10:13:51.320662,2025-07-03 10:14:54.200000,2025-07-03 10:21:40.000,21.533333333333335,1.0479889666666666,7,4,osrm
322,delivered,2025-07-03 10:01:27,2025-07-03 10:10:29.375867,2025-07-03 10:31:09.852146,2025-07-03 10:31:55.800,30.48,20.67460465,5,3,osrm
323,delivered,2025-07-03 10:02:08,2025-07-03 10:13:50.945576,2025-07-03 10:19:36.464389,2025-07-03 10:25:10.800,23.046666666666667,5.758646883333333,3,4,osrm
324,delivered,2025-07-03 10:02:23,2025-07-03 10:15:51.548024,2025-07-03 10:18:24.800000,2025-07-03 10:24:56.500,22.558333333333334,2.5541996,25,3,osrm
325,delivered,2025-07-03 10:03:18,2025-07-03 10:14:03.136951,2025-07-03 10:24:35.300000,2025-07-03 10:29:12.800,25.913333333333334,10.536050816666666,13,3,osrm
326,delivered,2025-07-03 10:03:32,2025-07-03 10:16:09.864609,2025-07-03 10:18:44.500000,2025-07-03 10:25:01.400,21.490000000000002,2.5772565166666666,14,3,osrm
327,delivered,2025-07-03 10:04:53,2025-07-03 10:17:25.459509,2025-07-03 10:18:59.633087,2025-07-03 10:23:12.300,18.321666666666665,1.5695596333333335,17,4,osrm
328,delivered,2025-07-03 10:04:57,2025-07-03 10:16:55.881950,2025-07-03 10:32:34.700000,2025-07-03 10:39:19.200,34.37,15.646967499999999,26,3,osrm
329,delivered,2025-07-03 10:04:33,2025-07-03 10:15:37.230812,2025-07-03 10:24:35.300000,2025-07-03 10:29:12.800,24.663333333333334,8.967819800000001,13,3,osrm
330,delivered,2025-07-03 10:05:49,2025-07-03 10:17:16.231237,2025-07-03 10:33:48.900000,2025-07-03 10:39:16.300,33.455,16.544479383333332,3,2,osrm
331,delivered,2025-07-03 10:05:24,2025-07-03 10:16:41.985556,2025-07-03 10:25:11.300000,2025-07-03 10:28:27.600,23.06,8.488574066666667,29,1,osrm
332,delivered,2025-07-03 10:06:37,2025-07-03 10:22:12.889561,2025-07-03 10:32:34.700000,2025-07-03 10:39:19.200,32.70333333333333,10.363507316666666,26,3,osrm
333,delivered,2025-07-03 10:06:59,2025-07-03 10:20:54.374057,2025-07-03 10:34:21.000000,2025-07-03 10:36:33.300,29.571666666666665,13.443765716666666,17,1,osrm
334,delivered,2025-07-03 10:06:28,2025-07-03 10:19:39.381583,2025-07-03 10:43:55.229456,2025-07-03 10:38:26.000,31.966666666666665,24.264131216666666,7,2,osrm
335,delivered,2025-07-03 10:06:24,2025-07-03 10:14:20.852834,2025-07-03 10:18:24.800000,2025-07-03 10:24:56.500,18.541666666666668,4.0657861,25,3,osrm
336,delivered,2025-07-03 10:07:35,2025-07-03 10:19:36.464389,2025-07-03 10:19:36.464389,2025-07-03 10:25:10.800,17.596666666666668,0.0,3,4,osrm
337,delivered,2025-07-03 10:08:44,2025-07-03 10:18:59.633087,2025-07-03 10:18:59.633087,2025-07-03 10:23:12.300,14.471666666666666,0.0,17,4,osrm
338,delivered,2025-07-03 10:09:19,2025-07-03 10:19:58.328726,2025-07-03 10:25:20.200000,2025-07-03 10:27:37.700,18.311666666666667,5.364521233333334,1,1,osrm
339,delivered,2025-07-03 10:09:00,2025-07-03 10:16:47.894829,2025-07-03 10:16:47.894829,2025-07-03 10:19:58.800,10.979999999999999,0.0,11,4,osrm
340,delivered,2025-07-03 10:10:42,2025-07-03 10:24:32.151280,2025-07-03 10:24:35.300000,2025-07-03 10:29:12.800,18.513333333333332,0.052478666666666667,13,3,osrm
341,delivered,2025-07-03 10:10:00,2025-07-03 10:22:42.037921,2025-07-03 10:22:42.037921,2025-07-03 10:28:03.700,18.061666666666667,0.0,10,2,osrm
342,delivered,2025-07-03 10:11:40,2025-07-03 10:21:23.809389,2025-07-03 10:33:42.300000,2025-07-03 10:37:07.400,25.456666666666667,12.308176849999999,21,2,osrm
343,delivered,2025-07-03 10:13:48,2025-07-03 10:25:04.978452,2025-07-03 10:34:07.100000,2025-07-03 10:37:52.000,24.066666666666666,9.035359133333333,12,2,osrm
344,delivered,2025-07-03 10:13:40,2025-07-03 10:27:32.897759,2025-07-03 10:28:33.000000,2025-07-03 10:32:39.600,18.993333333333332,1.0017040166666666,11,2,osrm
345,delivered,2025-07-03 10:14:26,2025-07-03 10:25:38.369013,2025-07-03 10:25:38.369013,2025-07-03 10:36:18.300,21.871666666666666,0.0,19,4,osrm
346,delivered,2025-07-03 10:16:38,2025-07-03 10:27:06.980574,2025-07-03 10:27:06.980574,2025-07-03 10:29:21.200,12.72,0.0,20,2,osrm
347,delivered,2025-07-03 10:16:12,2025-07-03 10:26:13.235865,2025-07-03 10:33:48.900000,2025-07-03 10:39:16.300,23.071666666666665,7.59440225,3,2,osrm
348,delivered,2025-07-03 10:17:08,2025-07-03 10:29:09.771087,2025-07-03 10:39:32.200000,2025-07-03 10:45:22.400,28.240000000000002,10.373815216666666,1,2,osrm
349,delivered,2025-07-03 10:17:58,2025-07-03 10:29:10.643474,2025-07-03 10:34:15.200000,2025-07-03 10:39:55.400,21.956666666666667,5.075942100000001,18,2,osrm
350,delivered,2025-07-03 10:19:59,2025-07-03 10:35:16.550629,2025-07-03 10:50:09.500000,2025-07-03 10:55:27.700,35.47833333333333,14.882489516666668,9,1,osrm
351,delivered,2025-07-03 10:19:24,2025-07-03 10:29:28.478712,2025-07-03 10:33:42.300000,2025-07-03 10:37:07.400,17.723333333333336,4.2303548,21,2,osrm
352,delivered,2025-07-03 10:19:41,2025-07-03 10:28:53.217174,2025-07-03 10:34:15.200000,2025-07-03 10:39:55.400,20.240000000000002,5.366380433333333,18,2,osrm
353,delivered,2025-07-03 10:20:43,2025-07-03 10:31:02.663463,2025-07-03 10:34:07.100000,2025-07-03 10:37:52.000,17.15,3.073942283333333,12,2,osrm
354,delivered,2025-07-03 10:20:06,2025-07-03 10:37:36.556171,2025-07-03 10:41:36.200000,2025-07-03 10:44:35.500,24.491666666666667,3.994063816666667,28,1,osrm
355,delivered,2025-07-03 10:20:53,2025-07-03 10:32:03.304929,2025-07-03 10:35:58.000000,2025-07-03 10:38:54.600,18.026666666666664,3.9115845166666667,16,1,osrm
356,delivered,2025-07-03 10:20:11,2025-07-03 10:31:09.852146,2025-07-03 10:31:09.852146,2025-07-03 10:31:55.800,11.746666666666666,0.0,5,3,osrm
357,delivered,2025-07-03 10:20:22,2025-07-03 10:25:22.000000,2025-07-03 10:25:38.369013,2025-07-03 10:36:18.300,15.938333333333333,0.2728168833333333,19,4,osrm
358,delivered,2025-07-03 10:21:41,2025-07-03 10:29:34.661634,2025-07-03 10:33:53.400000,2025-07-03 10:37:37.100,15.935,4.3123061,15,2,osrm
359,delivered,2025-07-03 10:22:09,2025-07-03 10:36:22.376452,2025-07-03 10:50:09.500000,2025-07-03 10:55:17.300,33.138333333333335,13.785392466666668,10,1,osrm
360,delivered,2025-07-03 10:22:32,2025-07-03 10:34:52.381026,2025-07-03 10:35:24.800000,2025-07-03 10:39:16.500,16.741666666666667,0.5403162333333333,14,1,osrm
361,delivered,2025-07-03 10:23:57,2025-07-03 10:36:05.228603,2025-07-03 10:49:48.100000,2025-07-03 10:53:03.600,29.11,13.714523283333333,16,1,osrm
362,delivered,2025-07-03 10:23:30,2025-07-03 10:33:35.554684,2025-07-03 10:38:22.900000,2025-07-03 10:41:34.500,18.075,4.7890886,29,1,osrm
363,delivered,2025-07-03 10:27:05,2025-07-03 10:32:05.000000,2025-07-03 10:33:23.800000,2025-07-03 10:37:07.900,10.048333333333334,1.3133333333333332,24,1,osrm
364,delivered,2025-07-03 10:28:36,2025-07-03 10:36:03.541101,2025-07-03 10:39:32.200000,2025-07-03 10:45:22.400,16.773333333333333,3.4776483166666665,1,2,osrm
365,delivered,2025-07-03 10:28:29,2025-07-03 10:35:17.320258,2025-07-03 10:40:27.600000,2025-07-03 10:43:11.800,14.713333333333333,5.1713290333333335,27,1,osrm
366,delivered,2025-07-03 10:29:56,2025-07-03 10:43:58.312305,2025-07-03 10:49:04.800000,2025-07-03 10:51:37.700,21.695,5.108128249999999,7,1,osrm
367,delivered,2025-07-03 10:29:34,2025-07-03 10:43:55.229456,2025-07-03 10:43:55.229456,2025-07-03 10:38:26.000,8.866666666666667,0.0,7,2,osrm
368,delivered,2025-07-03 10:30:41,2025-07-03 10:38:50.590998,2025-07-03 10:45:32.700000,2025-07-03 10:47:38.000,16.95,6.701816699999999,11,1,osrm
369,delivered,2025-07-03 10:31:09,2025-07-03 10:41:29.443774,2025-07-03 10:43:52.000000,2025-07-03 10:46:49.100,15.668333333333333,2.3759371000000002,25,1,osrm
370,delivered,2025-07-03 10:31:38,2025-07-03 10:47:42.539015,2025-07-03 11:04:54.700000,2025-07-03 11:12:30.100,40.86833333333333,17.202683083333334,12,1,osrm
371,delivered,2025-07-03 10:33:35,2025-07-03 10:47:20.103009,2025-07-03 10:48:51.300000,2025-07-03 10:51:58.600,18.39333333333333,1.51994985,24,1,osrm
372,delivered,2025-07-03 10:33:43,2025-07-03 10:43:15.903413,2025-07-03 10:49:43.800000,2025-07-03 10:53:16.900,19.565,6.464943116666666,17,1,osrm
373,delivered,2025-07-03 10:35:51,2025-07-03 10:49:11.444576,2025-07-03 10:49:11.444576,2025-07-03 10:51:37.000,15.766666666666667,0.0,8,1,osrm
374,delivered,2025-07-03 10:36:40,2025-07-03 10:45:44.284620,2025-07-03 10:47:38.500000,2025-07-03 10:51:45.800,15.096666666666666,1.9035896666666665,3,1,osrm
375,delivered,2025-07-03 10:36:28,2025-07-03 10:46:37.406017,2025-07-03 10:49:51.200000,2025-07-03 10:52:48.400,16.34,3.2298997166666665,21,1,osrm
376,delivered,2025-07-03 10:37:55,2025-07-03 10:50:11.439621,2025-07-03 10:50:11.439621,2025-07-03 10:52:48.900,14.898333333333333,0.0,12,1,osrm
377,delivered,2025-07-03 10:37:15,2025-07-03 10:51:04.332019,2025-07-03 10:53:29.300000,2025-07-03 10:57:27.000,20.2,2.416133016666667,2,1,osrm
378,delivered,2025-07-03 10:39:40,2025-07-03 10:47:40.238273,2025-07-03 10:49:12.000000,2025-07-03 10:52:06.200,12.436666666666667,1.5293621166666667,23,1,osrm
379,delivered,2025-07-03 10:40:30,2025-07-03 10:56:02.721816,2025-07-03 10:59:41.500000,2025-07-03 11:01:20.400,20.84,3.646303066666667,25,1,osrm
380,delivered,2025-07-03 10:42:33,2025-07-03 10:56:05.426957,2025-07-03 10:58:47.000000,2025-07-03 11:02:23.000,19.833333333333332,2.6928840500000004,22,2,osrm
381,delivered,2025-07-03 10:44:07,2025-07-03 10:57:18.918737,2025-07-03 11:03:02.100000,2025-07-03 11:05:26.900,21.331666666666667,5.719687716666667,3,1,osrm
382,delivered,2025-07-03 10:45:32,2025-07-03 10:52:04.940980,2025-07-03 10:58:47.000000,2025-07-03 11:02:23.000,16.85,6.700983666666667,22,2,osrm
383,delivered,2025-07-03 10:46:32,2025-07-03 10:59:05.087452,2025-07-03 11:02:59.200000,2025-07-03 11:06:53.100,20.351666666666667,3.9018758,27,1,osrm
384,delivered,2025-07-03 10:48:07,2025-07-03 11:00:26.175314,2025-07-03 11:00:26.175314,2025-07-03 11:02:30.400,14.389999999999999,0.0,11,1,osrm
385,delivered,2025-07-03 10:48:31,2025-07-03 10:59:54.155072,2025-07-03 10:59:54.155072,2025-07-03 11:03:16.100,14.751666666666667,0.0,19,1,osrm
386,delivered,2025-07-03 10:50:28,2025-07-03 11:05:56.495370,2025-07-03 11:09:26.600000,2025-07-03 11:13:46.000,23.3,3.5017438333333333,13,1,osrm
387,delivered,2025-07-03 10:50:51,2025-07-03 11:00:57.761858,2025-07-03 11:03:10.000000,2025-07-03 11:04:46.700,13.928333333333335,2.2039690333333337,28,1,osrm
388,delivered,2025-07-03 10:50:25,2025-07-03 11:04:12.755820,2025-07-03 11:04:17.700000,2025-07-03 11:06:45.200,16.336666666666666,0.082403,4,1,osrm
389,delivered,2025-07-03 10:50:27,2025-07-03 10:58:06.587612,2025-07-03 10:59:29.600000,2025-07-03 11:01:41.700,11.245000000000001,1.3835398,14,1,osrm
390,delivered,2025-07-03 10:53:27,2025-07-03 10:58:27.000000,2025-07-03 11:03:55.300000,2025-07-03 11:08:53.400,15.44,5.471666666666667,26,1,osrm
391,delivered,2025-07-03 10:55:15,2025-07-03 11:08:20.481691,2025-07-03 11:09:04.500000,2025-07-03 11:11:56.700,16.695,0.7336384833333334,2,1,osrm
392,delivered,2025-07-03 10:56:38,2025-07-03 11:06:09.603535,2025-07-03 11:08:51.900000,2025-07-03 11:11:47.500,15.158333333333333,2.7049410833333334,1,1,osrm
393,delivered,2025-07-03 10:59:22,2025-07-03 11:09:40.832523,2025-07-03 11:10:15.200000,2025-07-03 11:13:05.500,13.725,0.5727912833333334,10,1,osrm
394,delivered,2025-07-03 11:01:22,2025-07-03 11:13:47.842316,2025-07-03 11:13:47.842316,2025-07-03 11:16:59.600,15.626666666666667,0.0,25,1,osrm
395,delivered,2025-07-03 11:06:49,2025-07-03 11:18:57.996144,2025-07-03 11:18:57.996144,2025-07-03 11:21:42.500,14.891666666666667,0.0,16,1,osrm
396,delivered,2025-07-03 11:06:05,2025-07-03 11:17:52.751024,2025-07-03 11:18:10.000000,2025-07-03 11:21:02.000,14.95,0.2874829333333333,23,1,osrm
397,delivered,2025-07-03 11:07:56,2025-07-03 11:21:11.090489,2025-07-03 11:23:38.300000,2025-07-03 11:27:15.300,19.321666666666665,2.45349185,12,1,osrm
398,delivered,2025-07-03 11:07:22,2025-07-03 11:19:03.565938,2025-07-03 11:19:21.600000,2025-07-03 11:23:43.600,16.36,0.3005677,18,1,osrm
399,delivered,2025-07-03 11:08:37,2025-07-03 11:18:54.523603,2025-07-03 11:18:54.523603,2025-07-03 11:20:52.100,12.251666666666667,0.0,4,1,osrm
400,delivered,2025-07-03 11:08:47,2025-07-03 11:16:44.045201,2025-07-03 11:19:12.000000,2025-07-03 11:21:50.800,13.063333333333333,2.4659133166666667,17,1,osrm
401,delivered,2025-07-03 11:11:35,2025-07-03 11:23:14.787484,2025-07-03 11:25:04.000000,2025-07-03 11:28:02.500,16.458333333333332,1.8202086,3,1,osrm
402,delivered,2025-07-03 11:11:22,2025-07-03 11:25:03.884806,2025-07-03 11:25:03.884806,2025-07-03 11:24:38.100,13.268333333333334,0.0,14,1,osrm
403,delivered,2025-07-03 11:11:49,2025-07-03 11:24:19.334476,2025-07-03 11:24:19.334476,2025-07-03 11:26:08.000,14.316666666666666,0.0,10,1,osrm
404,delivered,2025-07-03 11:13:03,2025-07-03 11:28:50.414802,2025-07-03 11:30:46.100000,2025-07-03 11:33:39.800,20.613333333333333,1.9280866333333333,28,1,osrm
405,delivered,2025-07-03 11:20:36,2025-07-03 11:27:59.583543,2025-07-03 11:29:01.900000,2025-07-03 11:31:47.000,11.183333333333334,1.0386076166666667,9,1,osrm
406,delivered,2025-07-03 11:26:07,2025-07-03 11:38:31.353448,2025-07-03 11:38:31.353448,2025-07-03 11:40:12.900,14.098333333333333,0.0,29,1,osrm
407,delivered,2025-07-03 11:32:17,2025-07-03 11:41:07.358357,2025-07-03 11:44:18.700000,2025-07-03 11:47:24.100,15.118333333333334,3.1890273833333334,6,1,osrm
408,delivered,2025-07-03 11:36:59,2025-07-03 11:52:22.068228,2025-07-03 11:55:04.500000,2025-07-03 11:58:58.900,21.998333333333335,2.7071962,16,1,osrm
409,delivered,2025-07-03 11:36:37,2025-07-03 11:49:40.978075,2025-07-03 11:50:46.100000,2025-07-03 11:54:14.800,17.63,1.0853654166666666,10,1,osrm
410,delivered,2025-07-03 11:40:34,2025-07-03 11:51:55.791889,2025-07-03 11:56:27.400000,2025-07-03 12:00:06.200,19.53666666666667,4.52680185,4,1,osrm
411,delivered,2025-07-03 11:41:14,2025-07-03 11:51:46.532283,2025-07-03 11:56:55.700000,2025-07-03 12:00:20.200,19.103333333333335,5.152795283333333,28,1,osrm
412,delivered,2025-07-03 11:42:51,2025-07-03 11:57:45.367535,2025-07-03 12:01:12.700000,2025-07-03 12:04:55.000,22.066666666666666,3.4555410833333338,11,1,osrm
413,delivered,2025-07-03 11:42:22,2025-07-03 11:56:01.077312,2025-07-03 12:01:20.300000,2025-07-03 12:05:12.100,22.834999999999997,5.3203781333333335,2,1,osrm
414,delivered,2025-07-03 11:42:24,2025-07-03 11:56:47.466846,2025-07-03 11:58:29.800000,2025-07-03 12:01:27.500,19.058333333333334,1.7055525666666667,6,1,osrm
415,delivered,2025-07-03 11:43:39,2025-07-03 11:56:01.330948,2025-07-03 12:01:07.100000,2025-07-03 12:04:57.400,21.30666666666667,5.096150866666666,14,1,osrm
416,delivered,2025-07-03 11:44:31,2025-07-03 11:54:09.265820,2025-07-03 11:54:44.500000,2025-07-03 11:58:29.100,13.968333333333334,0.5872363333333334,7,1,osrm
417,delivered,2025-07-03 11:45:14,2025-07-03 11:53:56.264342,2025-07-03 11:55:25.700000,2025-07-03 11:59:53.000,14.65,1.4905943000000001,13,1,osrm
418,delivered,2025-07-03 11:45:43,2025-07-03 11:58:52.974012,2025-07-03 11:58:52.974012,2025-07-03 12:00:42.400,14.99,0.0,29,1,osrm
419,delivered,2025-07-03 11:46:44,2025-07-03 11:56:36.129564,2025-07-03 11:58:30.800000,2025-07-03 12:03:26.400,16.706666666666667,1.9111739333333333,17,1,osrm
420,delivered,2025-07-03 11:46:37,2025-07-03 11:57:47.031635,2025-07-03 12:02:53.600000,2025-07-03 12:07:22.000,20.75,5.109472749999999,18,1,osrm
421,delivered,2025-07-03 11:49:30,2025-07-03 12:00:30.720205,2025-07-03 12:09:34.800000,2025-07-03 12:14:42.800,25.21333333333333,9.067996583333333,23,1,osrm
422,delivered,2025-07-03 11:50:50,2025-07-03 12:04:54.666690,2025-07-03 12:06:23.500000,2025-07-03 12:09:03.200,18.220000000000002,1.4805551666666665,10,1,osrm
423,delivered,2025-07-03 11:52:21,2025-07-03 12:03:45.467310,2025-07-03 12:04:39.500000,2025-07-03 12:07:58.200,15.620000000000001,0.9005448333333333,22,1,osrm
424,delivered,2025-07-03 11:54:29,2025-07-03 12:11:16.328143,2025-07-03 12:14:15.600000,2025-07-03 12:17:25.500,22.941666666666666,2.9878642833333333,29,1,osrm
425,delivered,2025-07-03 11:55:33,2025-07-03 12:12:08.109246,2025-07-03 12:16:36.700000,2025-07-03 12:20:19.600,24.776666666666664,4.476512566666667,6,1,osrm
426,delivered,2025-07-03 11:56:36,2025-07-03 12:12:54.077911,2025-07-03 12:14:57.000000,2025-07-03 12:17:50.100,21.235,2.0487014833333332,15,1,osrm
427,delivered,2025-07-03 11:56:19,2025-07-03 12:08:20.729341,2025-07-03 12:09:58.300000,2025-07-03 12:13:52.600,17.56,1.62617765,28,1,osrm
428,delivered,2025-07-03 11:57:08,2025-07-03 12:07:00.229814,2025-07-03 12:09:56.100000,2025-07-03 12:11:56.600,14.81,2.9311697666666663,7,1,osrm
429,delivered,2025-07-03 12:00:13,2025-07-03 12:14:22.184588,2025-07-03 12:14:22.184588,2025-07-03 12:16:48.900,16.598333333333333,0.0,12,1,osrm
430,delivered,2025-07-03 12:00:23,2025-07-03 12:07:37.386474,2025-07-03 12:12:53.600000,2025-07-03 12:17:37.000,17.233333333333334,5.270225433333334,17,1,osrm
431,delivered,2025-07-03 12:01:54,2025-07-03 12:10:14.845172,2025-07-03 12:10:16.400000,2025-07-03 12:13:53.100,11.985000000000001,0.0259138,13,1,osrm
432,delivered,2025-07-03 12:02:33,2025-07-03 12:18:36.313440,2025-07-03 12:19:41.300000,2025-07-03 12:23:05.000,20.533333333333335,1.0831093333333333,19,1,osrm
433,delivered,2025-07-03 12:02:46,2025-07-03 12:13:40.989806,2025-07-03 12:14:18.800000,2025-07-03 12:15:24.000,12.633333333333333,0.6301699000000001,14,1,osrm
434,delivered,2025-07-03 12:06:26,2025-07-03 12:18:40.731352,2025-07-03 12:18:58.800000,2025-07-03 12:21:58.000,15.533333333333333,0.30114413333333334,9,1,osrm
435,delivered,2025-07-03 12:13:46,2025-07-03 12:27:00.736337,2025-07-03 12:32:02.400000,2025-07-03 12:35:26.500,21.675,5.027727716666666,10,1,osrm
436,delivered,2025-07-03 12:17:53,2025-07-03 12:30:02.457405,2025-07-03 12:30:12.800000,2025-07-03 12:33:08.000,15.25,0.17237658333333333,26,1,osrm
437,delivered,2025-07-03 12:17:19,2025-07-03 12:26:00.251892,2025-07-03 12:30:11.500000,2025-07-03 12:34:30.800,17.196666666666665,4.187468466666667,14,1,osrm
438,delivered,2025-07-03 12:18:26,2025-07-03 12:35:18.025244,2025-07-03 12:35:18.025244,2025-07-03 12:36:32.500,18.108333333333334,0.0,28,1,osrm
439,delivered,2025-07-03 12:18:44,2025-07-03 12:31:06.346720,2025-07-03 12:39:05.200000,2025-07-03 12:43:53.800,25.163333333333334,7.980887999999999,16,2,osrm
440,delivered,2025-07-03 12:18:01,2025-07-03 12:30:54.368572,2025-07-03 12:33:58.800000,2025-07-03 12:36:55.000,18.9,3.0738571333333335,19,1,osrm
441,delivered,2025-07-03 12:19:39,2025-07-03 12:34:09.273721,2025-07-03 12:34:09.273721,2025-07-03 12:36:52.700,17.228333333333335,0.0,9,1,osrm
442,delivered,2025-07-03 12:20:23,2025-07-03 12:34:48.662523,2025-07-03 12:34:48.662523,2025-07-03 12:37:19.200,16.936666666666667,0.0,4,1,osrm
443,delivered,2025-07-03 12:21:43,2025-07-03 12:38:55.930233,2025-07-03 12:46:07.400000,2025-07-03 12:49:02.300,27.321666666666665,7.191162783333334,10,1,osrm
444,delivered,2025-07-03 12:21:35,2025-07-03 12:34:30.045664,2025-07-03 12:39:52.900000,2025-07-03 12:45:08.900,23.565,5.3809056,11,2,osrm
445,delivered,2025-07-03 12:21:25,2025-07-03 12:33:10.923497,2025-07-03 12:45:50.600000,2025-07-03 12:48:57.700,27.545,12.66127505,6,1,osrm
446,delivered,2025-07-03 12:23:39,2025-07-03 12:37:07.738150,2025-07-03 12:39:05.200000,2025-07-03 12:43:53.800,20.246666666666666,1.9576974999999999,16,2,osrm
447,delivered,2025-07-03 12:24:24,2025-07-03 12:35:29.049142,2025-07-03 12:46:47.700000,2025-07-03 12:49:38.000,25.233333333333334,11.310847633333333,13,1,osrm
448,delivered,2025-07-03 12:24:52,2025-07-03 12:36:04.058127,2025-07-03 12:39:23.000000,2025-07-03 12:41:55.700,17.061666666666667,3.3156978833333333,15,1,osrm
449,delivered,2025-07-03 12:25:11,2025-07-03 12:35:46.270757,2025-07-03 12:45:51.900000,2025-07-03 12:49:02.800,23.863333333333333,10.093820716666666,20,1,osrm
450,delivered,2025-07-03 12:26:32,2025-07-03 12:41:50.095860,2025-07-03 12:45:50.000000,2025-07-03 12:48:38.600,22.11,3.9984023333333334,5,1,osrm
451,delivered,2025-07-03 12:26:55,2025-07-03 12:41:19.802580,2025-07-03 12:50:36.800000,2025-07-03 12:54:57.300,28.038333333333334,9.283290333333333,18,1,osrm
452,delivered,2025-07-03 12:27:38,2025-07-03 12:41:06.087828,2025-07-03 12:46:52.000000,2025-07-03 12:50:01.400,22.39,5.765202866666667,14,1,osrm
453,delivered,2025-07-03 12:27:18,2025-07-03 12:36:10.511985,2025-07-03 12:41:32.700000,2025-07-03 12:45:08.100,17.834999999999997,5.36980025,12,1,osrm
454,delivered,2025-07-03 12:27:19,2025-07-03 12:39:41.107595,2025-07-03 12:39:52.900000,2025-07-03 12:45:08.900,17.831666666666667,0.19654008333333334,11,2,osrm
455,delivered,2025-07-03 12:28:19,2025-07-03 12:39:23.691756,2025-07-03 12:44:18.100000,2025-07-03 12:46:52.200,18.553333333333335,4.906804066666667,17,1,osrm
456,delivered,2025-07-03 12:31:49,2025-07-03 12:42:11.405120,2025-07-03 12:43:54.000000,2025-07-03 12:46:21.300,14.538333333333332,1.7099146666666667,26,1,osrm
457,delivered,2025-07-03 12:34:34,2025-07-03 12:48:43.991387,2025-07-03 12:50:42.300000,2025-07-03 12:55:14.600,20.676666666666666,1.9718102166666667,19,1,osrm
458,delivered,2025-07-03 12:39:25,2025-07-03 12:52:19.584611,2025-07-03 12:54:09.300000,2025-07-03 12:57:37.900,18.215,1.8285898166666668,28,1,osrm
459,delivered,2025-07-03 12:40:08,2025-07-03 12:54:26.701635,2025-07-03 12:54:26.701635,2025-07-03 12:56:42.700,16.578333333333333,0.0,11,1,osrm
460,delivered,2025-07-03 12:40:40,2025-07-03 12:46:57.185118,2025-07-03 12:50:11.400000,2025-07-03 12:52:40.400,12.006666666666666,3.2369147,9,1,osrm
461,delivered,2025-07-03 12:41:57,2025-07-03 12:53:29.987554,2025-07-03 12:53:29.987554,2025-07-03 12:55:49.800,13.879999999999999,0.0,23,1,osrm
462,delivered,2025-07-03 12:41:06,2025-07-03 12:51:21.839941,2025-07-03 12:54:46.600000,2025-07-03 12:58:07.100,17.018333333333334,3.4126676500000004,15,1,osrm
463,delivered,2025-07-03 12:44:44,2025-07-03 12:58:15.031237,2025-07-03 13:14:32.100000,2025-07-03 13:20:47.800,36.06333333333334,16.284479383333334,6,1,osrm
464,delivered,2025-07-03 12:48:18,2025-07-03 13:02:33.929323,2025-07-03 13:05:50.600000,2025-07-03 13:08:40.900,20.381666666666668,3.277844616666667,10,1,osrm
465,delivered,2025-07-03 12:52:28,2025-07-03 13:02:29.392672,2025-07-03 13:05:49.800000,2025-07-03 13:09:48.000,17.333333333333332,3.3401221333333333,22,1,osrm
466,delivered,2025-07-03 12:52:32,2025-07-03 13:10:25.794685,2025-07-03 13:10:25.794685,2025-07-03 13:12:19.900,19.798333333333336,0.0,11,1,osrm
467,delivered,2025-07-03 12:52:45,2025-07-03 13:07:02.595091,2025-07-03 13:08:34.000000,2025-07-03 13:11:48.700,19.061666666666667,1.5234151500000002,1,1,osrm
468,delivered,2025-07-03 12:52:23,2025-07-03 13:01:28.307268,2025-07-03 13:04:08.800000,2025-07-03 13:08:16.000,15.883333333333333,2.6748788666666665,19,1,osrm
469,delivered,2025-07-03 12:54:00,2025-07-03 13:06:05.093018,2025-07-03 13:10:50.200000,2025-07-03 13:15:03.400,21.05666666666667,4.751783033333334,2,1,osrm
470,delivered,2025-07-03 12:55:01,2025-07-03 13:06:11.718619,2025-07-03 13:08:02.200000,2025-07-03 13:11:05.800,16.08,1.84135635,3,1,osrm
471,delivered,2025-07-03 12:56:38,2025-07-03 13:11:58.693792,2025-07-03 13:15:01.000000,2025-07-03 13:17:32.800,20.913333333333334,3.0384368,16,1,osrm
472,delivered,2025-07-03 12:57:35,2025-07-03 13:09:47.389492,2025-07-03 13:10:23.100000,2025-07-03 13:13:40.900,16.098333333333333,0.5951751333333333,14,1,osrm
473,delivered,2025-07-03 12:57:12,2025-07-03 13:07:12.810496,2025-07-03 13:09:30.000000,2025-07-03 13:12:04.300,14.871666666666666,2.2864917333333334,5,1,osrm
474,delivered,2025-07-03 13:00:58,2025-07-03 13:09:22.946205,2025-07-03 13:09:23.000000,2025-07-03 13:10:09.700,9.195,0.0008965833333333333,20,1,osrm
475,delivered,2025-07-03 13:01:01,2025-07-03 13:09:06.305439,2025-07-03 13:09:42.600000,2025-07-03 13:14:17.200,13.270000000000001,0.60490935,26,1,osrm
476,delivered,2025-07-03 13:05:14,2025-07-03 13:20:21.434692,2025-07-03 13:20:21.434692,2025-07-03 13:25:07.600,19.89333333333333,0.0,19,1,osrm
477,delivered,2025-07-03 13:05:54,2025-07-03 13:23:53.297100,2025-07-03 13:23:53.297100,2025-07-03 13:26:03.000,20.15,0.0,1,1,osrm
478,delivered,2025-07-03 13:10:30,2025-07-03 13:23:59.456077,2025-07-03 13:23:59.456077,2025-07-03 13:26:16.300,15.771666666666667,0.0,3,1,osrm
479,delivered,2025-07-03 13:11:38,2025-07-03 13:20:17.985709,2025-07-03 13:20:17.985709,2025-07-03 13:21:01.300,9.388333333333332,0.0,20,1,osrm
480,delivered,2025-07-03 13:15:48,2025-07-03 13:26:54.581376,2025-07-03 13:28:52.100000,2025-07-03 13:33:13.800,17.43,1.9586437333333333,10,1,osrm
481,delivered,2025-07-03 13:15:05,2025-07-03 13:29:31.645903,2025-07-03 13:29:31.645903,2025-07-03 13:32:24.200,17.32,0.0,29,1,osrm
482,delivered,2025-07-03 13:15:55,2025-07-03 13:31:21.311085,2025-07-03 13:33:42.500000,2025-07-03 13:36:20.400,20.423333333333336,2.3531485833333337,14,1,osrm
483,delivered,2025-07-03 13:18:13,2025-07-03 13:27:53.034054,2025-07-03 13:28:43.100000,2025-07-03 13:32:45.000,14.533333333333333,0.8344324333333333,23,1,osrm
484,delivered,2025-07-03 13:18:13,2025-07-03 13:31:11.553476,2025-07-03 13:33:46.600000,2025-07-03 13:36:51.700,18.645,2.5841087333333332,8,1,osrm
485,delivered,2025-07-03 13:23:23,2025-07-03 13:34:53.015255,2025-07-03 13:36:15.100000,2025-07-03 13:39:48.300,16.421666666666667,1.3680790833333334,22,1,osrm
486,delivered,2025-07-03 13:23:13,2025-07-03 13:34:58.371661,2025-07-03 13:34:58.371661,2025-07-03 13:36:25.100,13.201666666666666,0.0,20,1,osrm
487,delivered,2025-07-03 13:24:19,2025-07-03 13:34:47.156133,2025-07-03 13:34:47.156133,2025-07-03 13:36:38.700,12.328333333333335,0.0,11,1,osrm
488,delivered,2025-07-03 13:27:12,2025-07-03 13:39:48.165659,2025-07-03 13:43:52.100000,2025-07-03 13:47:55.700,20.728333333333335,4.06557235,29,1,osrm
489,delivered,2025-07-03 13:27:34,2025-07-03 13:41:44.532051,2025-07-03 13:48:36.600000,2025-07-03 13:53:35.500,26.025,6.86779915,19,1,osrm
490,delivered,2025-07-03 13:28:28,2025-07-03 13:36:35.479524,2025-07-03 13:38:55.500000,2025-07-03 13:43:06.800,14.646666666666667,2.3336746,13,1,osrm
491,delivered,2025-07-03 13:30:12,2025-07-03 13:37:30.440845,2025-07-03 13:40:34.700000,2025-07-03 13:44:43.700,14.528333333333334,3.0709859166666664,4,1,osrm
492,delivered,2025-07-03 13:33:31,2025-07-03 13:46:44.483420,2025-07-03 13:48:12.200000,2025-07-03 13:51:14.200,17.720000000000002,1.461943,15,1,osrm
493,delivered,2025-07-03 13:33:31,2025-07-03 13:51:36.074343,2025-07-03 13:56:13.000000,2025-07-03 14:00:19.300,26.805,4.615427616666667,23,1,osrm
494,delivered,2025-07-03 13:33:30,2025-07-03 13:39:27.922787,2025-07-03 13:39:45.800000,2025-07-03 13:42:38.500,9.141666666666667,0.29795355,24,1,osrm
495,delivered,2025-07-03 13:34:36,2025-07-03 13:53:41.333470,2025-07-03 13:55:36.000000,2025-07-03 14:00:05.800,25.496666666666666,1.9111088333333333,18,1,osrm
496,delivered,2025-07-03 13:37:50,2025-07-03 13:48:42.604494,2025-07-03 13:49:11.600000,2025-07-03 13:53:15.900,15.431666666666667,0.4832584333333333,11,1,osrm
497,delivered,2025-07-03 13:40:02,2025-07-03 13:49:55.481827,2025-07-03 13:49:55.481827,2025-07-03 13:53:48.400,13.773333333333333,0.0,20,1,osrm
498,delivered,2025-07-03 13:42:32,2025-07-03 13:54:14.825529,2025-07-03 13:54:14.825529,2025-07-03 13:57:05.400,14.556666666666667,0.0,6,1,osrm
499,delivered,2025-07-03 13:44:37,2025-07-03 13:55:56.689244,2025-07-03 14:08:54.600000,2025-07-03 14:14:35.000,29.966666666666665,12.965179266666667,4,1,osrm
500,delivered,2025-07-03 13:45:52,2025-07-03 13:56:48.694793,2025-07-03 13:58:12.200000,2025-07-03 14:00:42.500,14.841666666666667,1.39175345,14,1,osrm
501,delivered,2025-07-03 13:46:30,2025-07-03 13:59:54.374792,2025-07-03 14:00:22.800000,2025-07-03 14:01:59.300,15.488333333333333,0.4737534666666667,12,1,osrm
502,delivered,2025-07-03 13:46:20,2025-07-03 13:58:23.232544,2025-07-03 13:59:57.300000,2025-07-03 14:02:56.500,16.608333333333334,1.5677909333333335,2,1,osrm
503,delivered,2025-07-03 13:47:37,2025-07-03 13:59:50.845253,2025-07-03 14:04:14.900000,2025-07-03 14:06:48.500,19.191666666666666,4.400912450000001,15,1,osrm
504,delivered,2025-07-03 13:48:26,2025-07-03 14:03:36.409910,2025-07-03 14:04:52.200000,2025-07-03 14:09:49.600,21.39333333333333,1.2631681666666668,28,1,osrm
505,delivered,2025-07-03 13:48:14,2025-07-03 13:55:01.380480,2025-07-03 14:04:57.700000,2025-07-03 14:10:15.700,22.028333333333332,9.938658666666667,9,1,osrm
506,delivered,2025-07-03 13:50:40,2025-07-03 14:01:23.925324,2025-07-03 14:04:43.400000,2025-07-03 14:08:20.900,17.68166666666667,3.324577933333333,21,1,osrm
507,delivered,2025-07-03 13:56:21,2025-07-03 14:07:26.911900,2025-07-03 14:08:22.400000,2025-07-03 14:10:23.200,14.036666666666667,0.9248016666666667,25,1,osrm
508,delivered,2025-07-03 13:56:27,2025-07-03 14:07:03.661029,2025-07-03 14:11:23.900000,2025-07-03 14:14:33.900,18.115000000000002,4.337316183333333,6,1,osrm
509,delivered,2025-07-03 13:59:53,2025-07-03 14:13:52.351268,2025-07-03 14:13:52.351268,2025-07-03 14:16:31.400,16.64,0.0,29,1,osrm
510,delivered,2025-07-03 13:59:53,2025-07-03 14:14:16.337535,2025-07-03 14:14:56.600000,2025-07-03 14:18:04.500,18.191666666666666,0.6710410833333333,11,1,osrm
511,delivered,2025-07-03 14:02:34,2025-07-03 14:11:50.522757,2025-07-03 14:13:31.700000,2025-07-03 14:16:18.200,13.736666666666668,1.6862873833333334,1,1,osrm
512,delivered,2025-07-03 14:07:09,2025-07-03 14:15:07.478067,2025-07-03 14:16:56.700000,2025-07-03 14:19:27.000,12.3,1.8203655500000002,14,1,osrm
513,delivered,2025-07-03 14:07:10,2025-07-03 14:19:53.783048,2025-07-03 14:20:00.000000,2025-07-03 14:21:24.400,14.24,0.10361586666666667,19,1,osrm
514,delivered,2025-07-03 14:10:27,2025-07-03 14:19:04.785376,2025-07-03 14:19:04.785376,2025-07-03 14:20:08.500,9.691666666666666,0.0,15,1,osrm
515,delivered,2025-07-03 14:13:58,2025-07-03 14:25:45.696665,2025-07-03 14:31:03.200000,2025-07-03 14:33:27.700,19.495,5.29172225,1,1,osrm
516,delivered,2025-07-03 14:18:29,2025-07-03 14:30:33.480254,2025-07-03 14:34:56.600000,2025-07-03 14:37:59.800,19.513333333333332,4.385329100000001,22,1,osrm
517,delivered,2025-07-03 14:21:00,2025-07-03 14:35:08.590944,2025-07-03 14:35:08.590944,2025-07-03 14:39:11.700,18.195,0.0,4,1,osrm
518,delivered,2025-07-03 14:22:39,2025-07-03 14:38:20.435433,2025-07-03 14:39:59.000000,2025-07-03 14:43:04.800,20.43,1.6427427833333332,13,1,osrm
519,delivered,2025-07-03 14:24:46,2025-07-03 14:35:05.188239,2025-07-03 14:35:05.188239,2025-07-03 14:37:49.200,13.053333333333335,0.0,8,1,osrm
520,delivered,2025-07-03 14:25:41,2025-07-03 14:41:24.918923,2025-07-03 14:45:54.300000,2025-07-03 14:49:34.100,23.884999999999998,4.489684616666667,29,1,osrm
521,delivered,2025-07-03 14:26:52,2025-07-03 14:39:30.335002,2025-07-03 14:48:42.900000,2025-07-03 14:54:13.000,27.35,9.209416633333332,6,1,osrm
522,delivered,2025-07-03 14:26:55,2025-07-03 14:36:33.081794,2025-07-03 14:43:42.900000,2025-07-03 14:48:28.200,21.553333333333335,7.1636367666666665,2,1,osrm
523,delivered,2025-07-03 14:26:53,2025-07-03 14:39:18.944962,2025-07-03 14:40:44.400000,2025-07-03 14:45:14.200,18.353333333333335,1.4242506333333333,14,1,osrm
524,delivered,2025-07-03 14:31:21,2025-07-03 14:44:08.212982,2025-07-03 14:44:25.700000,2025-07-03 14:48:41.200,17.336666666666666,0.2914503,23,1,osrm
525,delivered,2025-07-03 14:32:37,2025-07-03 14:39:19.738887,2025-07-03 14:39:31.500000,2025-07-03 14:42:29.000,9.866666666666667,0.19601854999999999,15,1,osrm
526,delivered,2025-07-03 14:34:50,2025-07-03 14:46:06.610737,2025-07-03 14:49:03.700000,2025-07-03 14:50:03.600,15.226666666666667,2.9514877166666666,28,1,osrm
527,delivered,2025-07-03 14:37:21,2025-07-03 14:49:56.659954,2025-07-03 14:49:56.659954,2025-07-03 14:50:05.700,12.745000000000001,0.0,12,1,osrm
528,delivered,2025-07-03 14:38:43,2025-07-03 14:56:02.074013,2025-07-03 15:09:13.300000,2025-07-03 15:12:31.700,33.81166666666667,13.187099783333334,4,1,osrm
529,delivered,2025-07-03 14:38:22,2025-07-03 14:51:22.899346,2025-07-03 14:53:48.000000,2025-07-03 14:58:15.900,19.898333333333333,2.4183442333333334,5,1,osrm
530,delivered,2025-07-03 14:40:11,2025-07-03 14:54:38.854172,2025-07-03 14:55:58.500000,2025-07-03 14:59:13.500,19.041666666666668,1.3274304666666665,21,1,osrm
531,delivered,2025-07-03 14:43:20,2025-07-03 14:58:18.729696,2025-07-03 15:00:13.700000,2025-07-03 15:04:05.200,20.753333333333334,1.9161717333333332,12,1,osrm
532,delivered,2025-07-03 14:43:40,2025-07-03 14:50:48.693288,2025-07-03 14:55:53.200000,2025-07-03 14:59:58.400,16.306666666666665,5.075111866666666,1,1,osrm
533,delivered,2025-07-03 14:46:19,2025-07-03 14:58:39.732743,2025-07-03 15:01:26.300000,2025-07-03 15:04:43.500,18.408333333333335,2.77612095,23,1,osrm
534,delivered,2025-07-03 14:47:20,2025-07-03 14:54:51.782663,2025-07-03 14:54:51.782663,2025-07-03 14:57:06.700,9.778333333333334,0.0,25,1,osrm
535,delivered,2025-07-03 14:48:40,2025-07-03 15:00:38.391444,2025-07-03 15:04:10.600000,2025-07-03 15:07:52.400,19.206666666666667,3.5368092666666664,24,1,osrm
536,delivered,2025-07-03 14:49:52,2025-07-03 15:00:15.421688,2025-07-03 15:04:25.700000,2025-07-03 15:08:08.600,18.276666666666664,4.1713052,6,3,osrm
537,delivered,2025-07-03 14:51:17,2025-07-03 15:08:49.753214,2025-07-03 15:10:52.100000,2025-07-03 15:14:15.500,22.975,2.0391131,14,1,osrm
538,delivered,2025-07-03 14:52:00,2025-07-03 15:01:14.171889,2025-07-03 15:11:22.900000,2025-07-03 15:15:20.600,23.34333333333333,10.145468516666666,19,1,osrm
539,delivered,2025-07-03 14:52:58,2025-07-03 15:05:30.111892,2025-07-03 15:08:04.100000,2025-07-03 15:10:59.300,18.021666666666665,2.566468466666667,5,1,osrm
540,delivered,2025-07-03 14:52:30,2025-07-03 15:09:21.672319,2025-07-03 15:09:21.672319,2025-07-03 15:09:47.800,17.296666666666667,0.0,21,1,osrm
541,delivered,2025-07-03 14:54:13,2025-07-03 15:04:09.390543,2025-07-03 15:04:25.700000,2025-07-03 15:08:08.600,13.926666666666668,0.2718242833333333,6,3,osrm
542,delivered,2025-07-03 14:54:50,2025-07-03 15:03:08.609122,2025-07-03 15:10:09.700000,2025-07-03 15:14:07.300,19.288333333333334,7.018181299999999,9,1,osrm
543,delivered,2025-07-03 14:55:46,2025-07-03 15:09:36.020585,2025-07-03 15:09:36.020585,2025-07-03 15:13:48.100,18.035,0.0,25,1,osrm
544,delivered,2025-07-03 14:56:52,2025-07-03 15:06:16.040725,2025-07-03 15:07:37.600000,2025-07-03 15:11:01.300,14.155,1.35932125,1,1,osrm
545,delivered,2025-07-03 14:57:05,2025-07-03 15:08:52.484286,2025-07-03 15:11:18.300000,2025-07-03 15:14:33.800,17.48,2.4302619,22,1,osrm
546,delivered,2025-07-03 14:58:35,2025-07-03 15:17:32.077401,2025-07-03 15:20:12.200000,2025-07-03 15:21:51.700,23.278333333333332,2.6687099833333336,2,1,osrm
547,delivered,2025-07-03 15:00:02,2025-07-03 15:05:02.000000,2025-07-03 15:05:02.000000,2025-07-03 15:05:33.600,5.526666666666667,0.0,17,1,osrm
548,delivered,2025-07-03 15:00:17,2025-07-03 15:10:46.409989,2025-07-03 15:14:02.500000,2025-07-03 15:18:26.200,18.153333333333332,3.26816685,23,1,osrm
549,delivered,2025-07-03 15:05:57,2025-07-03 15:14:47.033993,2025-07-03 15:14:47.033993,2025-07-03 15:17:35.500,11.641666666666667,0.0,15,1,osrm
550,delivered,2025-07-03 15:06:19,2025-07-03 15:18:43.462890,2025-07-03 15:20:12.200000,2025-07-03 15:21:56.000,15.616666666666667,1.4789518333333334,27,1,osrm
551,delivered,2025-07-03 15:07:35,2025-07-03 15:20:21.904329,2025-07-03 15:20:21.904329,2025-07-03 15:23:03.400,15.473333333333333,0.0,17,1,osrm
552,delivered,2025-07-03 15:07:38,2025-07-03 15:18:18.983297,2025-07-03 15:21:20.300000,2025-07-03 15:24:14.400,16.606666666666666,3.02194505,24,1,osrm
553,delivered,2025-07-03 15:08:08,2025-07-03 15:21:33.772458,2025-07-03 15:23:19.200000,2025-07-03 15:27:22.400,19.240000000000002,1.7571257,1,1,osrm
554,delivered,2025-07-03 15:10:18,2025-07-03 15:30:23.219658,2025-07-03 15:39:39.000000,2025-07-03 15:44:37.700,34.32833333333333,9.2630057,20,1,osrm
555,delivered,2025-07-03 15:12:45,2025-07-03 15:25:59.006909,2025-07-03 15:34:39.300000,2025-07-03 15:38:01.300,25.271666666666665,8.671551516666666,11,1,osrm
556,delivered,2025-07-03 15:17:06,2025-07-03 15:29:29.208636,2025-07-03 15:29:38.500000,2025-07-03 15:33:19.000,16.216666666666665,0.15485606666666665,15,1,osrm
557,delivered,2025-07-03 15:18:13,2025-07-03 15:30:26.659971,2025-07-03 15:39:54.500000,2025-07-03 15:44:16.600,26.06,9.464000483333333,21,1,osrm
558,delivered,2025-07-03 15:19:57,2025-07-03 15:36:02.906863,2025-07-03 15:41:26.000000,2025-07-03 15:44:12.400,24.256666666666668,5.384885616666667,26,1,osrm
559,delivered,2025-07-03 15:19:48,2025-07-03 15:32:14.598709,2025-07-03 15:33:54.000000,2025-07-03 15:36:38.100,16.835,1.6566881833333333,14,1,osrm
560,delivered,2025-07-03 15:21:26,2025-07-03 15:35:32.904503,2025-07-03 15:43:33.400000,2025-07-03 15:46:16.200,24.836666666666666,8.008258283333333,28,1,osrm
561,delivered,2025-07-03 15:21:31,2025-07-03 15:37:44.951258,2025-07-03 15:44:58.800000,2025-07-03 15:48:40.700,27.16166666666667,7.230812366666667,3,1,osrm
562,delivered,2025-07-03 15:23:51,2025-07-03 15:40:29.660050,2025-07-03 15:44:53.100000,2025-07-03 15:47:23.500,23.541666666666668,4.390665833333333,9,1,osrm
563,delivered,2025-07-03 15:23:02,2025-07-03 15:35:20.822501,2025-07-03 15:35:20.822501,2025-07-03 15:37:27.800,14.43,0.0,22,1,osrm
564,delivered,2025-07-03 15:25:36,2025-07-03 15:38:43.308014,2025-07-03 15:38:43.308014,2025-07-03 15:43:01.900,17.43166666666667,0.0,13,1,osrm
565,delivered,2025-07-03 15:26:06,2025-07-03 15:43:05.203052,2025-07-03 15:43:46.600000,2025-07-03 15:46:43.600,20.626666666666665,0.6899491333333334,25,1,osrm
566,delivered,2025-07-03 15:28:46,2025-07-03 15:38:01.464773,2025-07-03 15:43:38.900000,2025-07-03 15:46:49.200,18.053333333333335,5.62392045,29,1,osrm
567,delivered,2025-07-03 15:28:44,2025-07-03 15:36:40.467178,2025-07-03 15:45:19.500000,2025-07-03 15:50:15.400,21.523333333333333,8.650547033333334,4,1,osrm
568,delivered,2025-07-03 15:29:15,2025-07-03 15:36:37.212296,2025-07-03 15:43:46.600000,2025-07-03 15:45:55.700,16.678333333333335,7.156461733333333,7,1,osrm
569,delivered,2025-07-03 15:30:07,2025-07-03 15:49:13.855207,2025-07-03 15:53:38.900000,2025-07-03 15:57:14.100,27.118333333333332,4.4174132166666675,26,2,osrm
570,delivered,2025-07-03 15:31:55,2025-07-03 15:48:13.228344,2025-07-03 15:53:38.900000,2025-07-03 15:57:14.100,25.31833333333333,5.427860933333333,26,2,osrm
571,delivered,2025-07-03 15:31:59,2025-07-03 15:38:40.494054,2025-07-03 15:45:19.500000,2025-07-03 15:50:07.600,18.14333333333333,6.6500991,2,1,osrm
572,delivered,2025-07-03 15:33:23,2025-07-03 15:45:27.661526,2025-07-03 15:48:33.400000,2025-07-03 15:50:50.900,17.465,3.095641233333333,8,1,osrm
573,delivered,2025-07-03 15:34:03,2025-07-03 15:49:49.205143,2025-07-03 16:00:50.000000,2025-07-03 16:05:16.100,31.21833333333333,11.013247616666666,28,2,osrm
574,delivered,2025-07-03 15:35:23,2025-07-03 15:47:34.475469,2025-07-03 15:58:58.200000,2025-07-03 16:05:02.800,29.663333333333334,11.395408849999999,11,2,osrm
575,delivered,2025-07-03 15:35:07,2025-07-03 15:46:20.769314,2025-07-03 15:57:39.800000,2025-07-03 16:00:43.100,25.601666666666667,11.3171781,17,1,osrm
576,delivered,2025-07-03 15:38:47,2025-07-03 15:53:34.560002,2025-07-03 15:53:50.900000,2025-07-03 15:55:13.400,16.44,0.2723333,19,1,osrm
577,delivered,2025-07-03 15:40:15,2025-07-03 15:56:22.562753,2025-07-03 15:57:57.900000,2025-07-03 16:01:27.000,21.2,1.5889541166666667,4,1,osrm
578,delivered,2025-07-03 15:40:55,2025-07-03 15:58:50.409448,2025-07-03 15:59:58.800000,2025-07-03 16:03:14.900,22.331666666666667,1.1398425333333333,7,1,osrm
579,delivered,2025-07-03 15:43:14,2025-07-03 15:48:22.531548,2025-07-03 15:54:17.390567,2025-07-03 15:58:22.900,15.148333333333333,5.914316983333333,20,2,osrm
580,delivered,2025-07-03 15:43:14,2025-07-03 15:52:36.199629,2025-07-03 15:55:19.300000,2025-07-03 15:58:56.500,15.708333333333334,2.7183395166666666,18,1,osrm
581,delivered,2025-07-03 15:43:41,2025-07-03 15:56:17.828980,2025-07-03 16:02:39.800000,2025-07-03 16:05:38.300,21.955,6.366183666666667,15,2,osrm
582,delivered,2025-07-03 15:44:40,2025-07-03 15:54:17.390567,2025-07-03 15:54:17.390567,2025-07-03 15:58:22.900,13.715,0.0,20,2,osrm
583,delivered,2025-07-03 15:44:30,2025-07-03 15:57:35.136303,2025-07-03 16:21:11.674333,2025-07-03 16:23:34.600,39.07666666666667,23.608967166666666,28,4,osrm
584,delivered,2025-07-03 15:48:50,2025-07-03 15:58:42.371799,2025-07-03 16:00:50.000000,2025-07-03 16:05:16.100,16.435,2.1271366833333336,28,2,osrm
585,delivered,2025-07-03 15:48:06,2025-07-03 16:00:40.746072,2025-07-03 16:09:36.354892,2025-07-03 16:13:39.100,25.551666666666666,8.926813666666668,6,3,osrm
586,delivered,2025-07-03 15:50:50,2025-07-03 16:02:05.835642,2025-07-03 16:02:39.800000,2025-07-03 16:05:38.300,14.805,0.5660726333333332,15,2,osrm
587,delivered,2025-07-03 15:51:40,2025-07-03 15:58:04.451854,2025-07-03 15:58:58.200000,2025-07-03 16:05:02.800,13.379999999999999,0.8958024333333333,11,2,osrm
588,delivered,2025-07-03 15:52:26,2025-07-03 16:02:37.352413,2025-07-03 16:05:05.000000,2025-07-03 16:07:50.000,15.4,2.4607931166666663,19,1,osrm
589,delivered,2025-07-03 15:52:17,2025-07-03 16:04:13.407543,2025-07-03 16:21:24.676622,2025-07-03 16:27:47.500,35.50833333333333,17.187817983333332,29,4,osrm
590,delivered,2025-07-03 15:52:51,2025-07-03 16:09:12.374997,2025-07-03 16:19:48.459693,2025-07-03 16:25:30.200,32.653333333333336,10.6014116,9,3,osrm
591,delivered,2025-07-03 15:52:54,2025-07-03 16:07:33.884925,2025-07-03 16:27:20.783033,2025-07-03 16:31:19.100,38.41833333333333,19.781635133333335,27,3,osrm
592,delivered,2025-07-03 15:53:25,2025-07-03 16:05:52.400838,2025-07-03 16:10:30.700000,2025-07-03 16:15:06.000,21.683333333333334,4.638319366666667,20,3,osrm
593,delivered,2025-07-03 15:53:11,2025-07-03 16:06:35.246138,2025-07-03 16:10:30.700000,2025-07-03 16:15:06.000,21.916666666666668,3.9242310333333332,20,3,osrm
594,delivered,2025-07-03 15:54:10,2025-07-03 16:08:55.878604,2025-07-03 16:08:55.878604,2025-07-03 16:11:42.700,17.545,0.0,16,1,osrm
595,delivered,2025-07-03 15:54:01,2025-07-03 16:09:36.354892,2025-07-03 16:09:36.354892,2025-07-03 16:13:39.100,19.634999999999998,0.0,6,3,osrm
596,delivered,2025-07-03 15:54:38,2025-07-03 16:07:36.328535,2025-07-03 16:21:11.674333,2025-07-03 16:23:34.600,28.94333333333333,13.589096633333332,28,4,osrm
597,delivered,2025-07-03 15:55:07,2025-07-03 16:03:48.352508,2025-07-03 16:19:48.459693,2025-07-03 16:25:30.200,30.386666666666667,16.001786416666665,9,3,osrm
598,delivered,2025-07-03 15:59:44,2025-07-03 16:08:19.236516,2025-07-03 16:24:26.400000,2025-07-03 16:33:00.700,33.278333333333336,16.1193914,11,3,osrm
599,delivered,2025-07-03 16:00:23,2025-07-03 16:10:41.175841,2025-07-03 16:24:24.700000,2025-07-03 16:29:39.200,29.27,13.725402650000001,21,2,osrm
600,delivered,2025-07-03 16:00:19,2025-07-03 16:09:45.781243,2025-07-03 16:29:31.960276,2025-07-03 16:32:45.800,32.446666666666665,19.769650549999998,20,2,osrm
601,delivered,2025-07-03 16:00:44,2025-07-03 16:11:06.252859,2025-07-03 16:30:01.100000,2025-07-03 16:38:19.800,37.59666666666667,18.914119016666668,15,3,osrm
602,delivered,2025-07-03 16:01:19,2025-07-03 16:13:01.511071,2025-07-03 16:35:11.643301,2025-07-03 16:40:35.300,39.27166666666667,22.1688705,22,2,osrm
603,delivered,2025-07-03 16:01:26,2025-07-03 16:13:22.474311,2025-07-03 16:13:48.900000,2025-07-03 16:23:32.300,22.105,0.44042814999999996,8,2,osrm
604,delivered,2025-07-03 16:02:24,2025-07-03 16:13:12.089641,2025-07-03 16:35:06.247852,2025-07-03 16:37:42.200,35.30333333333333,21.90263685,5,4,osrm
605,delivered,2025-07-03 16:02:03,2025-07-03 16:18:04.931164,2025-07-03 16:28:10.600000,2025-07-03 16:33:29.200,31.436666666666667,10.0944806,7,2,osrm
606,delivered,2025-07-03 16:03:45,2025-07-03 16:19:16.462308,2025-07-03 16:41:54.149213,2025-07-03 16:47:15.600,43.51,22.628115083333334,14,4,osrm
607,delivered,2025-07-03 16:03:36,2025-07-03 16:13:44.102889,2025-07-03 16:13:59.400000,2025-07-03 16:17:12.400,13.606666666666666,0.25495185,7,1,osrm
608,delivered,2025-07-03 16:03:29,2025-07-03 16:16:02.029305,2025-07-03 16:35:21.477888,2025-07-03 16:41:53.100,38.401666666666664,19.32414305,23,3,osrm
609,delivered,2025-07-03 16:03:14,2025-07-03 16:17:47.528768,2025-07-03 16:21:24.676622,2025-07-03 16:27:47.500,24.558333333333334,3.6191309,29,4,osrm
610,delivered,2025-07-03 16:04:39,2025-07-03 16:17:25.428487,2025-07-03 16:37:42.700000,2025-07-03 16:45:57.900,41.315000000000005,20.28785855,4,4,osrm
611,delivered,2025-07-03 16:05:51,2025-07-03 16:21:27.614519,2025-07-03 16:24:43.300000,2025-07-03 16:26:15.700,20.41166666666667,3.2614246833333334,17,1,osrm
612,delivered,2025-07-03 16:05:58,2025-07-03 16:19:35.989658,2025-07-03 16:24:26.400000,2025-07-03 16:33:00.700,27.045,4.840172366666667,11,3,osrm
613,delivered,2025-07-03 16:06:16,2025-07-03 16:20:31.197922,2025-07-03 16:21:24.676622,2025-07-03 16:27:47.500,21.525,0.8913116666666667,29,4,osrm
614,delivered,2025-07-03 16:06:11,2025-07-03 16:19:48.459693,2025-07-03 16:19:48.459693,2025-07-03 16:25:30.200,19.32,0.0,9,3,osrm
615,delivered,2025-07-03 16:06:45,2025-07-03 16:20:16.953212,2025-07-03 16:30:01.100000,2025-07-03 16:38:19.800,31.58,9.7357798,15,3,osrm
616,delivered,2025-07-03 16:06:23,2025-07-03 16:18:24.684782,2025-07-03 16:24:26.400000,2025-07-03 16:33:00.700,26.628333333333334,6.0285869666666665,11,3,osrm
617,delivered,2025-07-03 16:07:32,2025-07-03 16:19:11.126800,2025-07-03 16:34:01.989864,2025-07-03 16:40:05.900,32.565000000000005,14.847717733333333,28,3,osrm
618,delivered,2025-07-03 16:08:13,2025-07-03 16:16:03.389828,2025-07-03 16:25:11.800000,2025-07-03 16:29:44.300,21.521666666666665,9.140169533333333,6,4,osrm
619,delivered,2025-07-03 16:08:09,2025-07-03 16:23:35.585129,2025-07-03 16:25:11.800000,2025-07-03 16:29:44.300,21.58833333333333,1.6035811833333333,6,4,osrm
620,delivered,2025-07-03 16:09:42,2025-07-03 16:21:11.674333,2025-07-03 16:21:11.674333,2025-07-03 16:23:34.600,13.876666666666667,0.0,28,4,osrm
621,delivered,2025-07-03 16:09:04,2025-07-03 16:19:41.647413,2025-07-03 16:28:10.600000,2025-07-03 16:33:29.200,24.42,8.482543116666667,7,2,osrm
622,delivered,2025-07-03 16:10:09,2025-07-03 16:22:49.012214,2025-07-03 16:35:21.477888,2025-07-03 16:41:53.100,31.735,12.541094566666667,23,3,osrm
623,delivered,2025-07-03 16:10:18,2025-07-03 16:20:03.028273,2025-07-03 16:37:52.957734,2025-07-03 16:50:02.600,39.74333333333333,17.83215768333333,2,3,osrm
624,delivered,2025-07-03 16:11:40,2025-07-03 16:26:13.553928,2025-07-03 16:27:20.783033,2025-07-03 16:31:19.100,19.651666666666664,1.1204850833333333,27,3,osrm
625,delivered,2025-07-03 16:13:27,2025-07-03 16:21:24.676622,2025-07-03 16:21:24.676622,2025-07-03 16:27:47.500,14.341666666666667,0.0,29,4,osrm
626,delivered,2025-07-03 16:13:24,2025-07-03 16:18:24.000000,2025-07-03 16:20:55.000000,2025-07-03 16:24:24.400,11.006666666666666,2.5166666666666666,19,1,osrm
627,delivered,2025-07-03 16:13:05,2025-07-03 16:24:22.358374,2025-07-03 16:42:49.200000,2025-07-03 16:45:44.600,32.66,18.447360433333333,1,1,osrm
628,delivered,2025-07-03 16:14:16,2025-07-03 16:24:36.323421,2025-07-03 16:34:01.989864,2025-07-03 16:40:05.900,25.831666666666667,9.42777405,28,3,osrm
629,delivered,2025-07-03 16:15:49,2025-07-03 16:30:01.177383,2025-07-03 16:48:52.800000,2025-07-03 16:56:02.400,40.223333333333336,18.86037695,28,4,osrm
630,delivered,2025-07-03 16:15:13,2025-07-03 16:22:58.424998,2025-07-03 16:37:42.700000,2025-07-03 16:45:57.900,30.748333333333335,14.7379167,4,4,osrm
631,delivered,2025-07-03 16:15:23,2025-07-03 16:28:17.308238,2025-07-03 16:47:47.100000,2025-07-03 16:57:07.600,41.74333333333333,19.496529366666667,5,4,osrm
632,delivered,2025-07-03 16:15:04,2025-07-03 16:22:15.161321,2025-07-03 16:24:24.700000,2025-07-03 16:29:39.200,14.586666666666668,2.1589779833333336,21,2,osrm
633,delivered,2025-07-03 16:15:53,2025-07-03 16:27:20.783033,2025-07-03 16:27:20.783033,2025-07-03 16:31:19.100,15.435,0.0,27,3,osrm
634,delivered,2025-07-03 16:16:22,2025-07-03 16:35:06.247852,2025-07-03 16:35:06.247852,2025-07-03 16:37:42.200,21.336666666666666,0.0,5,4,osrm
635,delivered,2025-07-03 16:17:33,2025-07-03 16:29:24.232459,2025-07-03 16:30:01.100000,2025-07-03 16:38:19.800,20.779999999999998,0.6144590166666667,15,3,osrm
636,delivered,2025-07-03 16:17:13,2025-07-03 16:28:15.651008,2025-07-03 16:39:41.600000,2025-07-03 16:41:51.500,24.641666666666666,11.4324832,12,1,osrm
637,delivered,2025-07-03 16:19:25,2025-07-03 16:27:36.977325,2025-07-03 16:35:06.247852,2025-07-03 16:37:42.200,18.28666666666667,7.487842116666667,5,4,osrm
638,delivered,2025-07-03 16:19:00,2025-07-03 16:25:21.391334,2025-07-03 16:55:29.679594,2025-07-03 16:56:22.300,37.37166666666667,30.13813766666667,11,4,osrm
639,delivered,2025-07-03 16:20:06,2025-07-03 16:33:53.732247,2025-07-03 16:37:42.700000,2025-07-03 16:45:57.900,25.865000000000002,3.8161292166666665,4,4,osrm
640,delivered,2025-07-03 16:20:39,2025-07-03 16:34:18.648137,2025-07-03 16:51:59.045880,2025-07-03 16:52:35.700,31.945,17.673295716666665,16,4,osrm
641,delivered,2025-07-03 16:20:06,2025-07-03 16:29:31.960276,2025-07-03 16:29:31.960276,2025-07-03 16:32:45.800,12.663333333333332,0.0,20,2,osrm
642,delivered,2025-07-03 16:22:29,2025-07-03 16:28:17.731286,2025-07-03 16:41:54.149213,2025-07-03 16:47:15.600,24.776666666666664,13.606965449999999,14,4,osrm
643,delivered,2025-07-03 16:22:16,2025-07-03 16:32:21.549174,2025-07-03 16:35:06.247852,2025-07-03 16:37:42.200,15.436666666666667,2.7449779666666667,5,4,osrm
644,delivered,2025-07-03 16:22:27,2025-07-03 16:34:19.497618,2025-07-03 16:54:47.795300,2025-07-03 17:03:51.500,41.40833333333333,20.47162803333333,10,3,osrm
645,delivered,2025-07-03 16:22:51,2025-07-03 16:28:58.545997,2025-07-03 16:37:52.957734,2025-07-03 16:50:02.600,27.19333333333333,8.906862283333334,2,3,osrm
646,delivered,2025-07-03 16:23:04,2025-07-03 16:35:38.907563,2025-07-03 16:48:52.800000,2025-07-03 16:56:02.400,32.973333333333336,13.231540616666667,28,4,osrm
647,delivered,2025-07-03 16:23:47,2025-07-03 16:33:52.709914,2025-07-03 16:37:42.700000,2025-07-03 16:45:57.900,22.18166666666667,3.8331681,4,4,osrm
648,delivered,2025-07-03 16:23:35,2025-07-03 16:38:36.174460,2025-07-03 17:05:17.517694,2025-07-03 17:02:42.700,39.12833333333333,26.689053899999998,20,4,osrm
649,delivered,2025-07-03 16:23:46,2025-07-03 16:35:43.828447,2025-07-03 16:57:34.304807,2025-07-03 17:07:13.000,43.45,21.84127266666667,8,4,osrm
650,delivered,2025-07-03 16:23:38,2025-07-03 16:37:38.126169,2025-07-03 17:02:41.554597,2025-07-03 17:04:03.400,40.42333333333333,25.057140466666667,9,4,osrm
651,delivered,2025-07-03 16:24:08,2025-07-03 16:35:11.643301,2025-07-03 16:35:11.643301,2025-07-03 16:40:35.300,16.455,0.0,22,2,osrm
652,delivered,2025-07-03 16:24:25,2025-07-03 16:34:01.989864,2025-07-03 16:34:01.989864,2025-07-03 16:40:05.900,15.681666666666667,0.0,28,3,osrm
653,delivered,2025-07-03 16:24:29,2025-07-03 16:35:21.477888,2025-07-03 16:35:21.477888,2025-07-03 16:41:53.100,17.401666666666664,0.0,23,3,osrm
654,delivered,2025-07-03 16:25:39,2025-07-03 16:38:35.350818,2025-07-03 16:41:54.149213,2025-07-03 16:47:15.600,21.61,3.3133065833333335,14,4,osrm
655,delivered,2025-07-03 16:25:52,2025-07-03 16:35:54.105906,2025-07-03 16:48:52.800000,2025-07-03 16:56:02.400,30.173333333333336,12.978234899999999,28,4,osrm
656,delivered,2025-07-03 16:26:24,2025-07-03 16:41:54.149213,2025-07-03 16:41:54.149213,2025-07-03 16:47:15.600,20.86,0.0,14,4,osrm
657,delivered,2025-07-03 16:26:10,2025-07-03 16:36:53.392213,2025-07-03 18:09:39.200000,2025-07-03 18:16:01.800,109.86333333333333,92.76346311666666,18,2,osrm
658,delivered,2025-07-03 16:26:51,2025-07-03 16:37:52.957734,2025-07-03 16:37:52.957734,2025-07-03 16:50:02.600,23.19333333333333,0.0,2,3,osrm
659,delivered,2025-07-03 16:27:21,2025-07-03 16:34:07.890259,2025-07-03 16:56:25.346267,2025-07-03 16:56:40.100,29.31833333333333,22.29093346666667,25,4,osrm
660,delivered,2025-07-03 16:27:04,2025-07-03 16:38:08.477721,2025-07-03 16:54:47.795300,2025-07-03 17:03:51.500,36.791666666666664,16.655292983333332,10,3,osrm
661,delivered,2025-07-03 16:27:13,2025-07-03 16:40:02.622402,2025-07-03 16:56:41.299620,2025-07-03 17:03:19.700,36.111666666666665,16.6446203,23,3,osrm
662,delivered,2025-07-03 16:27:00,2025-07-03 16:38:21.774316,2025-07-03 16:39:26.100000,2025-07-03 16:42:26.600,15.443333333333333,1.0720947333333333,29,1,osrm
663,delivered,2025-07-03 16:28:30,2025-07-03 16:40:32.188937,2025-07-03 16:47:47.100000,2025-07-03 16:57:07.600,28.626666666666665,7.248517716666667,5,4,osrm
664,delivered,2025-07-03 16:28:37,2025-07-03 16:44:37.264657,2025-07-03 17:21:27.405271,2025-07-03 17:22:36.500,53.99166666666667,36.835676899999996,18,4,osrm
665,delivered,2025-07-03 16:28:06,2025-07-03 16:38:38.606729,2025-07-03 16:57:34.304807,2025-07-03 17:07:13.000,39.11666666666667,18.928301299999998,8,4,osrm
666,delivered,2025-07-03 16:28:30,2025-07-03 16:41:35.547715,2025-07-03 16:55:29.679594,2025-07-03 16:56:22.300,27.871666666666666,13.902197983333334,11,4,osrm
667,delivered,2025-07-03 16:29:30,2025-07-03 16:39:08.867945,2025-07-03 17:10:41.307635,2025-07-03 17:19:21.700,49.861666666666665,31.5406615,17,3,osrm
668,delivered,2025-07-03 16:29:09,2025-07-03 16:40:11.928369,2025-07-03 16:51:59.045880,2025-07-03 16:52:35.700,23.445,11.78529185,16,4,osrm
669,delivered,2025-07-03 16:29:23,2025-07-03 16:37:39.539049,2025-07-03 17:05:40.983864,2025-07-03 17:11:02.000,41.65,28.02408025,6,4,osrm
670,delivered,2025-07-03 16:29:15,2025-07-03 16:45:41.791586,2025-07-03 17:14:14.336472,2025-07-03 17:25:48.400,56.556666666666665,28.542414766666663,11,4,osrm
671,delivered,2025-07-03 16:31:26,2025-07-03 16:46:00.097259,2025-07-03 18:09:39.300000,2025-07-03 18:12:34.800,101.14666666666668,83.65337901666666,7,1,osrm
672,delivered,2025-07-03 16:31:16,2025-07-03 16:44:17.784112,2025-07-03 17:05:30.872154,2025-07-03 17:07:21.000,36.083333333333336,21.218134033333335,14,4,osrm
673,delivered,2025-07-03 16:31:00,2025-07-03 16:43:29.810582,2025-07-03 17:21:27.405271,2025-07-03 17:22:36.500,51.608333333333334,37.959911483333336,18,4,osrm
674,delivered,2025-07-03 16:31:59,2025-07-03 16:41:30.230258,2025-07-03 16:56:25.346267,2025-07-03 16:56:40.100,24.685,14.91860015,25,4,osrm
675,delivered,2025-07-03 16:32:33,2025-07-03 16:40:19.596649,2025-07-03 16:59:29.874975,2025-07-03 17:07:11.500,34.641666666666666,19.171305433333334,22,4,osrm
676,delivered,2025-07-03 16:32:53,2025-07-03 16:50:01.657723,2025-07-03 17:05:40.983864,2025-07-03 17:11:02.000,38.15,15.655435683333334,6,4,osrm
677,delivered,2025-07-03 16:32:35,2025-07-03 16:44:36.596886,2025-07-03 17:05:17.517694,2025-07-03 17:02:42.700,30.128333333333334,20.682013466666668,20,4,osrm
678,delivered,2025-07-03 16:33:20,2025-07-03 16:45:35.464539,2025-07-03 18:00:38.364023,2025-07-03 18:05:58.300,92.63833333333334,75.04832473333333,4,4,osrm
679,delivered,2025-07-03 16:33:47,2025-07-03 16:41:11.232231,2025-07-03 17:05:58.203208,2025-07-03 17:04:47.600,31.009999999999998,24.782849616666667,1,4,osrm
680,delivered,2025-07-03 16:34:24,2025-07-03 16:47:38.551419,2025-07-03 17:21:27.405271,2025-07-03 17:22:36.500,48.208333333333336,33.81423086666667,18,4,osrm
681,delivered,2025-07-03 16:34:41,2025-07-03 16:52:01.307601,2025-07-03 17:05:30.872154,2025-07-03 17:07:21.000,32.666666666666664,13.492742550000001,14,4,osrm
682,delivered,2025-07-03 16:34:17,2025-07-03 16:45:40.735864,2025-07-03 17:39:19.569352,2025-07-03 17:39:47.400,65.50666666666667,53.647224800000004,3,3,osrm
683,delivered,2025-07-03 16:34:42,2025-07-03 16:45:40.058334,2025-07-03 17:24:48.009926,2025-07-03 17:26:41.700,51.995,39.13252653333333,14,4,osrm
684,delivered,2025-07-03 16:35:52,2025-07-03 16:45:25.967597,2025-07-03 17:14:32.347205,2025-07-03 17:18:47.600,42.92666666666666,29.106326799999998,24,4,osrm
685,delivered,2025-07-03 16:35:14,2025-07-03 16:47:09.427707,2025-07-03 17:21:22.696209,2025-07-03 17:28:06.000,52.86666666666667,34.2211417,28,3,osrm
686,delivered,2025-07-03 16:35:50,2025-07-03 16:44:56.447167,2025-07-03 16:47:47.100000,2025-07-03 16:57:07.600,21.293333333333333,2.844213883333333,5,4,osrm
687,delivered,2025-07-03 16:35:16,2025-07-03 16:43:38.293858,2025-07-03 16:55:29.655691,2025-07-03 17:05:08.400,29.873333333333335,11.856030550000002,12,4,osrm
688,delivered,2025-07-03 16:35:31,2025-07-03 16:51:59.045880,2025-07-03 16:51:59.045880,2025-07-03 16:52:35.700,17.078333333333333,0.0,16,4,osrm
689,delivered,2025-07-03 16:35:58,2025-07-03 16:49:22.884773,2025-07-03 16:56:41.299620,2025-07-03 17:03:19.700,27.361666666666668,7.3069141166666665,23,3,osrm
690,delivered,2025-07-03 16:36:09,2025-07-03 16:46:46.901554,2025-07-03 16:56:25.346267,2025-07-03 16:56:40.100,20.51833333333333,9.640745216666666,25,4,osrm
691,delivered,2025-07-03 16:36:57,2025-07-03 16:46:08.946650,2025-07-03 17:14:32.347205,2025-07-03 17:18:47.600,41.843333333333334,28.39000925,24,4,osrm
692,delivered,2025-07-03 16:36:38,2025-07-03 16:50:13.574224,2025-07-03 17:15:50.506877,2025-07-03 17:17:59.000,41.35,25.615544216666667,4,4,osrm
693,delivered,2025-07-03 16:37:28,2025-07-03 16:52:38.812434,2025-07-03 16:55:29.655691,2025-07-03 17:05:08.400,27.673333333333336,2.8473876166666665,12,4,osrm
694,delivered,2025-07-03 16:37:24,2025-07-03 16:52:35.599162,2025-07-03 17:39:19.569352,2025-07-03 17:39:47.400,62.39,46.7328365,3,3,osrm
695,delivered,2025-07-03 16:37:34,2025-07-03 16:50:08.240229,2025-07-03 16:55:29.679594,2025-07-03 16:56:22.300,18.805,5.35732275,11,4,osrm
696,delivered,2025-07-03 16:37:54,2025-07-03 16:51:25.025014,2025-07-03 17:11:12.556758,2025-07-03 17:13:35.100,35.684999999999995,19.792195733333333,16,4,osrm
697,delivered,2025-07-03 16:38:27,2025-07-03 16:53:52.419857,2025-07-03 17:05:30.872154,2025-07-03 17:07:21.000,28.9,11.640871616666667,14,4,osrm
698,delivered,2025-07-03 16:38:38,2025-07-03 16:46:49.436546,2025-07-03 17:02:41.554597,2025-07-03 17:04:03.400,25.423333333333336,15.868634183333334,9,4,osrm
699,delivered,2025-07-03 16:38:33,2025-07-03 16:54:45.385496,2025-07-03 16:59:29.874975,2025-07-03 17:07:11.500,28.641666666666666,4.741491316666667,22,4,osrm
700,delivered,2025-07-03 16:38:08,2025-07-03 16:49:11.217196,2025-07-03 17:11:12.556758,2025-07-03 17:13:35.100,35.45166666666667,22.022326033333332,16,4,osrm
701,delivered,2025-07-03 16:38:45,2025-07-03 16:53:58.643794,2025-07-03 17:15:55.485749,2025-07-03 17:18:22.800,39.63,21.94736591666667,2,4,osrm
702,delivered,2025-07-03 16:38:38,2025-07-03 16:53:47.329723,2025-07-03 17:32:27.136528,2025-07-03 17:37:50.300,59.205000000000005,38.663446750000006,19,4,osrm
703,delivered,2025-07-03 16:38:15,2025-07-03 16:55:29.679594,2025-07-03 16:55:29.679594,2025-07-03 16:56:22.300,18.121666666666666,0.0,11,4,osrm
704,delivered,2025-07-03 16:40:34,2025-07-03 16:54:25.676914,2025-07-03 17:17:09.248925,2025-07-03 17:19:53.700,39.32833333333333,22.726200183333333,23,3,osrm
705,delivered,2025-07-03 16:40:36,2025-07-03 16:50:39.016305,2025-07-03 17:05:17.517694,2025-07-03 17:02:42.700,22.111666666666668,14.641689816666666,20,4,osrm
706,delivered,2025-07-03 16:40:29,2025-07-03 16:49:06.320038,2025-07-03 17:05:40.983864,2025-07-03 17:11:02.000,30.55,16.577730433333333,6,4,osrm
707,delivered,2025-07-03 16:41:03,2025-07-03 16:58:14.862269,2025-07-03 17:05:58.203208,2025-07-03 17:04:47.600,23.743333333333332,7.722348983333333,1,4,osrm
708,delivered,2025-07-03 16:41:44,2025-07-03 16:57:30.688139,2025-07-03 17:18:46.505079,2025-07-03 17:27:11.100,45.45166666666667,21.263615666666666,29,4,osrm
709,delivered,2025-07-03 16:41:19,2025-07-03 16:51:26.581056,2025-07-03 17:14:32.347205,2025-07-03 17:18:47.600,37.47666666666667,23.096102483333333,24,4,osrm
710,delivered,2025-07-03 16:41:36,2025-07-03 16:49:22.903242,2025-07-03 18:03:13.631119,2025-07-03 18:08:20.800,86.74666666666667,73.84546461666667,13,3,osrm
711,delivered,2025-07-03 16:41:47,2025-07-03 16:56:41.299620,2025-07-03 16:56:41.299620,2025-07-03 17:03:19.700,21.545,0.0,23,3,osrm
712,delivered,2025-07-03 16:42:50,2025-07-03 16:56:25.346267,2025-07-03 16:56:25.346267,2025-07-03 16:56:40.100,13.835,0.0,25,4,osrm
713,delivered,2025-07-03 16:42:28,2025-07-03 16:59:29.874975,2025-07-03 16:59:29.874975,2025-07-03 17:07:11.500,24.725,0.0,22,4,osrm
714,delivered,2025-07-03 16:42:50,2025-07-03 16:52:34.815555,2025-07-03 16:59:29.874975,2025-07-03 17:07:11.500,24.358333333333334,6.917657,22,4,osrm
715,delivered,2025-07-03 16:42:11,2025-07-03 16:54:37.205323,2025-07-03 17:11:12.556758,2025-07-03 17:13:35.100,31.401666666666664,16.589190583333334,16,4,osrm
716,delivered,2025-07-03 16:42:47,2025-07-03 16:58:52.206501,2025-07-03 17:14:14.336472,2025-07-03 17:25:48.400,43.02333333333333,15.368832849999999,11,4,osrm
717,delivered,2025-07-03 16:43:44,2025-07-03 16:51:42.176160,2025-07-03 17:16:32.471113,2025-07-03 17:19:52.400,36.14,24.838249216666668,10,3,osrm
718,delivered,2025-07-03 16:44:45,2025-07-03 16:51:44.608130,2025-07-03 17:21:22.696209,2025-07-03 17:28:06.000,43.35,29.634801316666668,28,3,osrm
719,delivered,2025-07-03 16:44:39,2025-07-03 16:59:04.586439,2025-07-03 18:10:01.600000,2025-07-03 18:18:18.900,93.66499999999999,70.95022601666666,21,3,osrm
720,delivered,2025-07-03 16:45:43,2025-07-03 16:54:17.334533,2025-07-03 17:12:46.409114,2025-07-03 17:16:08.300,30.421666666666667,18.48457635,13,4,osrm
721,delivered,2025-07-03 16:45:46,2025-07-03 17:02:08.810108,2025-07-03 18:10:01.600000,2025-07-03 18:18:18.900,92.54833333333333,67.87983153333333,21,3,osrm
722,delivered,2025-07-03 16:45:46,2025-07-03 16:51:21.942612,2025-07-03 16:57:34.304807,2025-07-03 17:07:13.000,21.45,6.206036583333333,8,4,osrm
723,delivered,2025-07-03 16:46:54,2025-07-03 16:55:29.655691,2025-07-03 16:55:29.655691,2025-07-03 17:05:08.400,18.240000000000002,0.0,12,4,osrm
724,delivered,2025-07-03 16:46:29,2025-07-03 17:03:12.338526,2025-07-03 17:20:16.453327,2025-07-03 17:24:07.000,37.63333333333333,17.068580016666665,20,4,osrm
725,delivered,2025-07-03 16:46:04,2025-07-03 16:54:47.795300,2025-07-03 16:54:47.795300,2025-07-03 17:03:51.500,17.791666666666668,0.0,10,3,osrm
726,delivered,2025-07-03 16:46:21,2025-07-03 16:59:44.713504,2025-07-03 17:19:22.465475,2025-07-03 17:21:21.000,35.0,19.629199516666667,1,4,osrm
727,delivered,2025-07-03 16:46:29,2025-07-03 16:59:55.656370,2025-07-03 17:20:16.453327,2025-07-03 17:24:07.000,37.63333333333333,20.34661595,20,4,osrm
728,delivered,2025-07-03 16:47:13,2025-07-03 17:01:32.062539,2025-07-03 17:27:21.737059,2025-07-03 17:26:08.500,38.925,25.827908666666666,8,4,osrm
729,delivered,2025-07-03 16:47:32,2025-07-03 16:57:34.304807,2025-07-03 16:57:34.304807,2025-07-03 17:07:13.000,19.683333333333334,0.0,8,4,osrm
730,delivered,2025-07-03 16:47:20,2025-07-03 16:59:01.671939,2025-07-03 17:25:42.512393,2025-07-03 17:31:46.300,44.43833333333334,26.68067423333333,9,3,osrm
731,delivered,2025-07-03 16:47:16,2025-07-03 16:57:28.082836,2025-07-03 17:22:52.186399,2025-07-03 17:25:12.700,37.945,25.401726049999997,7,4,osrm
732,delivered,2025-07-03 16:47:22,2025-07-03 17:01:35.956507,2025-07-03 18:00:38.364023,2025-07-03 18:05:58.300,78.605,59.04012526666667,4,4,osrm
733,delivered,2025-07-03 16:47:54,2025-07-03 17:00:25.678358,2025-07-03 17:18:46.505079,2025-07-03 17:27:11.100,39.285,18.347112016666664,29,4,osrm
734,delivered,2025-07-03 16:48:08,2025-07-03 17:01:33.482165,2025-07-03 17:25:53.334533,2025-07-03 17:32:22.400,44.24,24.3308728,6,3,osrm
735,delivered,2025-07-03 16:48:39,2025-07-03 17:05:40.983864,2025-07-03 17:05:40.983864,2025-07-03 17:11:02.000,22.383333333333333,0.0,6,4,osrm
736,delivered,2025-07-03 16:50:01,2025-07-03 17:05:17.517694,2025-07-03 17:05:17.517694,2025-07-03 17:02:42.700,12.695,0.0,20,4,osrm
737,delivered,2025-07-03 16:50:37,2025-07-03 17:02:41.554597,2025-07-03 17:02:41.554597,2025-07-03 17:04:03.400,13.44,0.0,9,4,osrm
738,delivered,2025-07-03 16:50:12,2025-07-03 17:05:30.872154,2025-07-03 17:05:30.872154,2025-07-03 17:07:21.000,17.15,0.0,14,4,osrm
739,delivered,2025-07-03 16:50:32,2025-07-03 17:03:58.540443,2025-07-03 17:22:52.186399,2025-07-03 17:25:12.700,34.67833333333333,18.894099266666668,7,4,osrm
740,delivered,2025-07-03 16:50:15,2025-07-03 17:00:57.102457,2025-07-03 17:19:22.465475,2025-07-03 17:21:21.000,31.1,18.422716966666666,1,4,osrm
741,delivered,2025-07-03 16:50:01,2025-07-03 17:07:09.849794,2025-07-03 17:12:46.409114,2025-07-03 17:16:08.300,26.121666666666666,5.609322000000001,13,4,osrm
742,delivered,2025-07-03 16:51:34,2025-07-03 17:02:32.489634,2025-07-03 18:09:39.200000,2025-07-03 18:16:01.800,84.46333333333334,67.11183943333333,18,2,osrm
743,delivered,2025-07-03 16:51:00,2025-07-03 17:06:52.834221,2025-07-03 17:15:50.506877,2025-07-03 17:17:59.000,26.983333333333334,8.961210933333332,4,4,osrm
744,delivered,2025-07-03 16:51:55,2025-07-03 17:06:33.815038,2025-07-03 17:30:15.592114,2025-07-03 17:36:13.400,44.306666666666665,23.696284600000002,12,4,osrm
745,delivered,2025-07-03 16:52:07,2025-07-03 17:02:40.976135,2025-07-03 17:02:41.554597,2025-07-03 17:04:03.400,11.94,0.009641033333333333,9,4,osrm
746,delivered,2025-07-03 16:52:07,2025-07-03 17:05:22.669083,2025-07-03 17:59:04.500000,2025-07-03 18:00:11.700,68.07833333333333,53.69718195,12,1,osrm
747,delivered,2025-07-03 16:52:31,2025-07-03 17:02:22.839104,2025-07-03 17:05:58.203208,2025-07-03 17:04:47.600,12.276666666666667,3.5894017333333332,1,4,osrm
748,delivered,2025-07-03 16:52:29,2025-07-03 17:10:50.805943,2025-07-03 17:36:38.007723,2025-07-03 17:43:26.500,50.958333333333336,25.786696333333335,24,4,osrm
749,delivered,2025-07-03 16:52:04,2025-07-03 17:06:10.386383,2025-07-03 18:10:01.600000,2025-07-03 18:18:18.900,86.24833333333332,63.85356028333333,21,3,osrm
750,delivered,2025-07-03 16:53:16,2025-07-03 17:05:56.216939,2025-07-03 17:10:41.307635,2025-07-03 17:19:21.700,26.095000000000002,4.7515116,17,3,osrm
751,delivered,2025-07-03 16:53:01,2025-07-03 17:06:48.034436,2025-07-03 17:14:14.336472,2025-07-03 17:25:48.400,32.79,7.438367266666666,11,4,osrm
752,delivered,2025-07-03 16:53:11,2025-07-03 17:05:48.802127,2025-07-03 17:19:22.465475,2025-07-03 17:21:21.000,28.166666666666668,13.5610558,1,4,osrm
753,delivered,2025-07-03 16:54:54,2025-07-03 17:11:12.556758,2025-07-03 17:11:12.556758,2025-07-03 17:13:35.100,18.685,0.0,16,4,osrm
754,delivered,2025-07-03 16:54:07,2025-07-03 17:04:12.112231,2025-07-03 17:24:15.988253,2025-07-03 17:22:05.800,27.98,20.064600366666664,26,4,osrm
755,delivered,2025-07-03 16:55:57,2025-07-03 17:06:53.287307,2025-07-03 17:15:55.485749,2025-07-03 17:18:22.800,22.43,9.0366407,2,4,osrm
756,delivered,2025-07-03 16:55:06,2025-07-03 17:09:18.993389,2025-07-03 17:18:46.505079,2025-07-03 17:27:11.100,32.085,9.458528166666667,29,4,osrm
757,delivered,2025-07-03 16:55:29,2025-07-03 17:05:56.727005,2025-07-03 17:42:00.302639,2025-07-03 17:46:37.700,51.144999999999996,36.059593899999996,1,4,osrm
758,delivered,2025-07-03 16:55:13,2025-07-03 17:05:58.203208,2025-07-03 17:05:58.203208,2025-07-03 17:04:47.600,9.576666666666666,0.0,1,4,osrm
759,delivered,2025-07-03 16:56:18,2025-07-03 17:08:56.851823,2025-07-03 17:32:27.136528,2025-07-03 17:37:50.300,41.538333333333334,23.504745083333333,19,4,osrm
760,delivered,2025-07-03 16:56:15,2025-07-03 17:01:40.596039,2025-07-03 17:20:16.453327,2025-07-03 17:24:07.000,27.866666666666667,18.597621466666666,20,4,osrm
761,delivered,2025-07-03 16:56:41,2025-07-03 17:07:37.174504,2025-07-03 17:24:48.009926,2025-07-03 17:26:41.700,30.011666666666667,17.180590366666667,14,4,osrm
762,delivered,2025-07-03 16:56:28,2025-07-03 17:05:03.962514,2025-07-03 17:27:21.737059,2025-07-03 17:26:08.500,29.675,22.296242416666665,8,4,osrm
763,delivered,2025-07-03 16:56:35,2025-07-03 17:08:42.100294,2025-07-03 17:15:55.485749,2025-07-03 17:18:22.800,21.796666666666667,7.223090916666666,2,4,osrm
764,delivered,2025-07-03 16:57:00,2025-07-03 17:05:07.178172,2025-07-03 17:27:42.258219,2025-07-03 17:33:03.400,36.056666666666665,22.584667449999998,25,4,osrm
765,delivered,2025-07-03 16:57:50,2025-07-03 17:06:07.339251,2025-07-03 17:12:46.409114,2025-07-03 17:16:08.300,18.305,6.651164383333334,13,4,osrm
766,delivered,2025-07-03 16:57:35,2025-07-03 17:10:43.853649,2025-07-03 17:31:38.854774,2025-07-03 17:38:55.600,41.343333333333334,20.916685416666667,21,4,osrm
767,delivered,2025-07-03 16:58:34,2025-07-03 17:12:46.409114,2025-07-03 17:12:46.409114,2025-07-03 17:16:08.300,17.571666666666665,0.0,13,4,osrm
768,delivered,2025-07-03 16:58:14,2025-07-03 17:10:45.874155,2025-07-03 17:34:09.659949,2025-07-03 17:36:43.600,38.49333333333333,23.396429899999998,4,3,osrm
769,delivered,2025-07-03 16:59:29,2025-07-03 17:11:27.651716,2025-07-03 17:32:53.966709,2025-07-03 17:38:10.600,38.693333333333335,21.438583216666665,23,4,osrm
770,delivered,2025-07-03 16:59:22,2025-07-03 17:11:07.448762,2025-07-03 17:15:50.506877,2025-07-03 17:17:59.000,18.616666666666667,4.71763525,4,4,osrm
771,delivered,2025-07-03 16:59:19,2025-07-03 17:06:51.392247,2025-07-03 17:16:32.471113,2025-07-03 17:19:52.400,20.55666666666667,9.684647766666666,10,3,osrm
772,delivered,2025-07-03 16:59:58,2025-07-03 17:10:41.307635,2025-07-03 17:10:41.307635,2025-07-03 17:19:21.700,19.395,0.0,17,3,osrm
773,delivered,2025-07-03 16:59:11,2025-07-03 17:07:49.410918,2025-07-03 17:24:48.009926,2025-07-03 17:26:41.700,27.511666666666667,16.976650133333333,14,4,osrm
774,delivered,2025-07-03 17:00:18,2025-07-03 17:15:14.790561,2025-07-03 17:27:42.258219,2025-07-03 17:33:03.400,32.75666666666667,12.4577943,25,4,osrm
775,delivered,2025-07-03 17:00:33,2025-07-03 17:09:45.299394,2025-07-03 17:32:54.868927,2025-07-03 17:39:52.300,39.32166666666667,23.159492216666667,10,4,osrm
776,delivered,2025-07-03 17:00:38,2025-07-03 17:15:55.485749,2025-07-03 17:15:55.485749,2025-07-03 17:18:22.800,17.746666666666666,0.0,2,4,osrm
777,delivered,2025-07-03 17:00:20,2025-07-03 17:10:21.189088,2025-07-03 17:44:04.511591,2025-07-03 17:53:23.500,53.05833333333333,33.722041716666666,25,4,osrm
778,delivered,2025-07-03 17:00:47,2025-07-03 17:11:57.944558,2025-07-03 17:42:00.302639,2025-07-03 17:46:37.700,45.845,30.039301350000002,1,4,osrm
779,delivered,2025-07-03 17:00:05,2025-07-03 17:11:49.498287,2025-07-03 17:31:38.854774,2025-07-03 17:38:55.600,38.843333333333334,19.822608116666668,21,4,osrm
780,delivered,2025-07-03 17:00:12,2025-07-03 17:13:38.455654,2025-07-03 17:36:38.007723,2025-07-03 17:43:26.500,43.24166666666667,22.992534483333333,24,4,osrm
781,delivered,2025-07-03 17:00:21,2025-07-03 17:06:37.047978,2025-07-03 17:17:09.248925,2025-07-03 17:19:53.700,19.545,10.53668245,23,3,osrm
782,delivered,2025-07-03 17:01:19,2025-07-03 17:17:01.923202,2025-07-03 17:44:04.511591,2025-07-03 17:53:23.500,52.075,27.043139816666667,25,4,osrm
783,delivered,2025-07-03 17:01:06,2025-07-03 17:15:33.353235,2025-07-03 17:42:00.302639,2025-07-03 17:46:37.700,45.52833333333333,26.449156733333332,1,4,osrm
784,delivered,2025-07-03 17:01:02,2025-07-03 17:06:12.752467,2025-07-03 17:34:09.141177,2025-07-03 17:41:57.500,40.925,27.939811833333334,15,4,osrm
785,delivered,2025-07-03 17:01:50,2025-07-03 17:17:58.961436,2025-07-03 17:50:03.330148,2025-07-03 17:56:05.200,54.25333333333333,32.07281186666667,17,4,osrm
786,delivered,2025-07-03 17:02:22,2025-07-03 17:09:59.698366,2025-07-03 17:33:06.427464,2025-07-03 17:32:21.600,29.993333333333332,23.112151633333333,16,4,osrm
787,delivered,2025-07-03 17:02:18,2025-07-03 17:14:59.890065,2025-07-03 17:32:53.966709,2025-07-03 17:38:10.600,35.876666666666665,17.9012774,23,4,osrm
788,delivered,2025-07-03 17:02:37,2025-07-03 17:17:42.651843,2025-07-03 17:42:29.438632,2025-07-03 17:47:54.400,45.29,24.779779816666668,11,3,osrm
789,delivered,2025-07-03 17:03:01,2025-07-03 17:14:32.347205,2025-07-03 17:14:32.347205,2025-07-03 17:18:47.600,15.776666666666667,0.0,24,4,osrm
790,delivered,2025-07-03 17:03:53,2025-07-03 17:15:50.506877,2025-07-03 17:15:50.506877,2025-07-03 17:17:59.000,14.1,0.0,4,4,osrm
791,delivered,2025-07-03 17:03:43,2025-07-03 17:21:22.696209,2025-07-03 17:21:22.696209,2025-07-03 17:28:06.000,24.383333333333333,0.0,28,3,osrm
792,delivered,2025-07-03 17:04:23,2025-07-03 17:16:32.471113,2025-07-03 17:16:32.471113,2025-07-03 17:19:52.400,15.49,0.0,10,3,osrm
793,delivered,2025-07-03 17:04:26,2025-07-03 17:14:14.336472,2025-07-03 17:14:14.336472,2025-07-03 17:25:48.400,21.373333333333335,0.0,11,4,osrm
794,delivered,2025-07-03 17:05:36,2025-07-03 17:13:53.152771,2025-07-03 17:44:04.511591,2025-07-03 17:53:23.500,47.791666666666664,30.189313666666667,25,4,osrm
795,delivered,2025-07-03 17:05:45,2025-07-03 17:18:01.144261,2025-07-03 17:37:17.215223,2025-07-03 17:47:05.900,41.348333333333336,19.267849366666667,18,4,osrm
796,delivered,2025-07-03 17:06:26,2025-07-03 17:17:09.149469,2025-07-03 17:24:15.988253,2025-07-03 17:22:05.800,15.663333333333332,7.113979733333333,26,4,osrm
797,delivered,2025-07-03 17:06:09,2025-07-03 17:15:20.043172,2025-07-03 17:36:56.113268,2025-07-03 17:45:28.500,39.325,21.601168266666665,22,4,osrm
798,delivered,2025-07-03 17:06:09,2025-07-03 17:12:53.983784,2025-07-03 17:25:53.334533,2025-07-03 17:32:22.400,26.223333333333336,12.98917915,6,3,osrm
799,delivered,2025-07-03 17:06:32,2025-07-03 17:19:22.465475,2025-07-03 17:19:22.465475,2025-07-03 17:21:21.000,14.816666666666666,0.0,1,4,osrm
800,delivered,2025-07-03 17:06:00,2025-07-03 17:21:53.606556,2025-07-03 17:36:56.113268,2025-07-03 17:45:28.500,39.475,15.041778533333334,22,4,osrm
801,delivered,2025-07-03 17:07:12,2025-07-03 17:19:14.327394,2025-07-03 17:38:29.846568,2025-07-03 17:48:26.500,41.24166666666667,19.2586529,27,4,osrm
802,delivered,2025-07-03 17:07:38,2025-07-03 17:23:37.556971,2025-07-03 17:42:27.086903,2025-07-03 17:45:48.900,38.181666666666665,18.825498866666667,13,3,osrm
803,delivered,2025-07-03 17:07:59,2025-07-03 17:17:09.248925,2025-07-03 17:17:09.248925,2025-07-03 17:19:53.700,11.911666666666667,0.0,23,3,osrm
804,delivered,2025-07-03 17:07:50,2025-07-03 17:20:11.054614,2025-07-03 17:50:03.330148,2025-07-03 17:56:05.200,48.25333333333333,29.8712589,17,4,osrm
805,delivered,2025-07-03 17:08:24,2025-07-03 17:20:16.453327,2025-07-03 17:20:16.453327,2025-07-03 17:24:07.000,15.716666666666667,0.0,20,4,osrm
806,delivered,2025-07-03 17:08:06,2025-07-03 17:21:27.405271,2025-07-03 17:21:27.405271,2025-07-03 17:22:36.500,14.508333333333333,0.0,18,4,osrm
807,delivered,2025-07-03 17:09:32,2025-07-03 17:22:52.186399,2025-07-03 17:22:52.186399,2025-07-03 17:25:12.700,15.678333333333335,0.0,7,4,osrm
808,delivered,2025-07-03 17:09:32,2025-07-03 17:23:25.779754,2025-07-03 17:33:06.427464,2025-07-03 17:32:21.600,22.826666666666664,9.677461833333332,16,4,osrm
809,delivered,2025-07-03 17:10:03,2025-07-03 17:18:46.505079,2025-07-03 17:18:46.505079,2025-07-03 17:27:11.100,17.134999999999998,0.0,29,4,osrm
810,delivered,2025-07-03 17:10:25,2025-07-03 17:20:56.438994,2025-07-03 17:33:06.427464,2025-07-03 17:32:21.600,21.94333333333333,12.1664745,16,4,osrm
811,delivered,2025-07-03 17:10:49,2025-07-03 17:21:14.944138,2025-07-03 17:24:15.988253,2025-07-03 17:22:05.800,11.28,3.0174019166666666,26,4,osrm
812,delivered,2025-07-03 17:10:49,2025-07-03 17:24:32.824785,2025-07-03 17:34:09.141177,2025-07-03 17:41:57.500,31.141666666666666,9.6052732,15,4,osrm
813,delivered,2025-07-03 17:11:40,2025-07-03 17:24:48.009926,2025-07-03 17:24:48.009926,2025-07-03 17:26:41.700,15.028333333333334,0.0,14,4,osrm
814,delivered,2025-07-03 17:11:33,2025-07-03 17:27:34.156529,2025-07-03 17:27:34.156529,2025-07-03 17:32:54.900,21.365000000000002,0.0,5,4,osrm
815,delivered,2025-07-03 17:11:56,2025-07-03 17:23:41.684857,2025-07-03 17:58:36.400000,2025-07-03 18:08:48.100,56.86833333333333,34.91191905,1,3,osrm
816,delivered,2025-07-03 17:11:34,2025-07-03 17:26:13.884741,2025-07-03 17:50:29.534856,2025-07-03 17:57:02.900,45.48166666666667,24.26083525,10,4,osrm
817,delivered,2025-07-03 17:11:46,2025-07-03 17:28:33.367321,2025-07-03 17:50:17.442587,2025-07-03 17:57:03.800,45.29666666666667,21.734587766666667,23,4,osrm
818,delivered,2025-07-03 17:11:28,2025-07-03 17:24:44.919909,2025-07-03 17:27:21.737059,2025-07-03 17:26:08.500,14.675,2.6136191666666666,8,4,osrm
819,delivered,2025-07-03 17:12:36,2025-07-03 17:26:45.360272,2025-07-03 17:40:23.029872,2025-07-03 17:51:25.000,38.81666666666667,13.627826666666666,8,4,osrm
820,delivered,2025-07-03 17:12:53,2025-07-03 17:23:21.737886,2025-07-03 17:41:15.378269,2025-07-03 17:48:33.500,35.675,17.89400638333333,29,4,osrm
821,delivered,2025-07-03 17:12:24,2025-07-03 17:19:42.357468,2025-07-03 17:25:42.512393,2025-07-03 17:31:46.300,19.371666666666666,6.002582083333333,9,3,osrm
822,delivered,2025-07-03 17:12:35,2025-07-03 17:25:56.115559,2025-07-03 17:50:03.330148,2025-07-03 17:56:05.200,43.50333333333333,24.12024315,17,4,osrm
823,delivered,2025-07-03 17:12:28,2025-07-03 17:25:58.093793,2025-07-03 17:30:15.592114,2025-07-03 17:36:13.400,23.756666666666668,4.291638683333333,12,4,osrm
824,delivered,2025-07-03 17:13:47,2025-07-03 17:24:24.552035,2025-07-03 17:58:36.400000,2025-07-03 18:08:48.100,55.01833333333333,34.19746608333333,1,3,osrm
825,delivered,2025-07-03 17:13:39,2025-07-03 17:25:22.910084,2025-07-03 17:40:23.029872,2025-07-03 17:51:25.000,37.766666666666666,15.001996466666666,8,4,osrm
826,delivered,2025-07-03 17:13:41,2025-07-03 17:27:21.737059,2025-07-03 17:27:21.737059,2025-07-03 17:26:08.500,12.458333333333334,0.0,8,4,osrm
827,delivered,2025-07-03 17:14:11,2025-07-03 17:25:42.512393,2025-07-03 17:25:42.512393,2025-07-03 17:31:46.300,17.58833333333333,0.0,9,3,osrm
828,delivered,2025-07-03 17:14:16,2025-07-03 17:25:53.334533,2025-07-03 17:25:53.334533,2025-07-03 17:32:22.400,18.10666666666667,0.0,6,3,osrm
829,delivered,2025-07-03 17:14:04,2025-07-03 17:26:24.342696,2025-07-03 17:27:34.156529,2025-07-03 17:32:54.900,18.848333333333336,1.1635638833333333,5,4,osrm
830,delivered,2025-07-03 17:15:27,2025-07-03 17:24:40.414643,2025-07-03 17:40:23.029872,2025-07-03 17:51:25.000,35.96666666666667,15.710253816666667,8,4,osrm
831,delivered,2025-07-03 17:15:22,2025-07-03 17:24:15.988253,2025-07-03 17:24:15.988253,2025-07-03 17:22:05.800,6.73,0.0,26,4,osrm
832,delivered,2025-07-03 17:16:20,2025-07-03 17:26:21.278225,2025-07-03 17:32:54.868927,2025-07-03 17:39:52.300,23.538333333333334,6.559845033333334,10,4,osrm
833,delivered,2025-07-03 17:16:33,2025-07-03 17:23:48.116066,2025-07-03 18:00:38.364023,2025-07-03 18:05:58.300,49.42166666666667,36.83746595,4,4,osrm
834,delivered,2025-07-03 17:16:06,2025-07-03 17:27:44.579320,2025-07-03 17:30:15.592114,2025-07-03 17:36:13.400,20.123333333333335,2.5168799,12,4,osrm
835,delivered,2025-07-03 17:16:33,2025-07-03 17:30:15.592114,2025-07-03 17:32:27.136528,2025-07-03 17:37:50.300,21.288333333333334,2.1924069,19,4,osrm
836,delivered,2025-07-03 17:17:39,2025-07-03 17:32:53.966709,2025-07-03 17:32:53.966709,2025-07-03 17:38:10.600,20.526666666666664,0.0,23,4,osrm
837,delivered,2025-07-03 17:17:55,2025-07-03 17:25:51.636753,2025-07-03 17:27:42.258219,2025-07-03 17:33:03.400,15.139999999999999,1.8436911,25,4,osrm
838,delivered,2025-07-03 17:17:43,2025-07-03 17:31:50.554587,2025-07-03 17:32:54.868927,2025-07-03 17:39:52.300,22.154999999999998,1.0719056666666666,10,4,osrm
839,delivered,2025-07-03 17:17:07,2025-07-03 17:27:03.671454,2025-07-03 17:31:38.854774,2025-07-03 17:38:55.600,21.81,4.586388666666666,21,4,osrm
840,delivered,2025-07-03 17:17:53,2025-07-03 17:33:06.427464,2025-07-03 17:33:06.427464,2025-07-03 17:32:21.600,14.476666666666667,0.0,16,4,osrm
841,delivered,2025-07-03 17:17:04,2025-07-03 17:27:42.258219,2025-07-03 17:27:42.258219,2025-07-03 17:33:03.400,15.99,0.0,25,4,osrm
842,delivered,2025-07-03 17:18:23,2025-07-03 17:32:27.136528,2025-07-03 17:32:27.136528,2025-07-03 17:37:50.300,19.455,0.0,19,4,osrm
843,delivered,2025-07-03 17:19:31,2025-07-03 17:30:00.321329,2025-07-03 17:36:38.007723,2025-07-03 17:43:26.500,23.925,6.628106566666667,24,4,osrm
844,delivered,2025-07-03 17:19:56,2025-07-03 17:34:09.659949,2025-07-03 17:34:09.659949,2025-07-03 17:36:43.600,16.793333333333333,0.0,4,3,osrm
845,delivered,2025-07-03 17:19:20,2025-07-03 17:32:44.278998,2025-07-03 17:34:09.141177,2025-07-03 17:41:57.500,22.625,1.41436965,15,4,osrm
846,delivered,2025-07-03 17:19:52,2025-07-03 17:25:20.342206,2025-07-03 18:00:09.100000,2025-07-03 18:02:11.900,42.33166666666667,34.812629900000005,27,1,osrm
847,delivered,2025-07-03 17:20:27,2025-07-03 17:36:38.007723,2025-07-03 17:36:38.007723,2025-07-03 17:43:26.500,22.991666666666667,0.0,24,4,osrm
848,delivered,2025-07-03 17:20:42,2025-07-03 17:34:09.141177,2025-07-03 17:34:09.141177,2025-07-03 17:41:57.500,21.258333333333333,0.0,15,4,osrm
849,delivered,2025-07-03 17:21:30,2025-07-03 17:31:38.854774,2025-07-03 17:31:38.854774,2025-07-03 17:38:55.600,17.426666666666666,0.0,21,4,osrm
850,delivered,2025-07-03 17:21:48,2025-07-03 17:36:48.880395,2025-07-03 17:58:36.400000,2025-07-03 18:08:48.100,47.001666666666665,21.791993416666667,1,3,osrm
851,delivered,2025-07-03 17:21:57,2025-07-03 17:28:15.856999,2025-07-03 17:34:09.659949,2025-07-03 17:36:43.600,14.776666666666667,5.896715833333333,4,3,osrm
852,delivered,2025-07-03 17:22:12,2025-07-03 17:34:15.650683,2025-07-03 17:51:36.335550,2025-07-03 17:58:29.300,36.288333333333334,17.344747783333332,21,4,osrm
853,delivered,2025-07-03 17:22:03,2025-07-03 17:35:19.897756,2025-07-03 17:54:00.974212,2025-07-03 18:01:35.600,39.54333333333333,18.6846076,19,4,osrm
854,delivered,2025-07-03 17:22:28,2025-07-03 17:34:24.098847,2025-07-03 17:58:51.810658,2025-07-03 18:04:17.600,41.82666666666667,24.461863516666664,15,3,osrm
855,delivered,2025-07-03 17:22:38,2025-07-03 17:32:29.052750,2025-07-03 17:32:53.966709,2025-07-03 17:38:10.600,15.543333333333333,0.41523265,23,4,osrm
856,delivered,2025-07-03 17:22:44,2025-07-03 17:37:17.215223,2025-07-03 17:38:29.846568,2025-07-03 17:48:26.500,25.708333333333332,1.2105224166666666,27,4,osrm
857,delivered,2025-07-03 17:23:16,2025-07-03 17:35:43.347411,2025-07-03 17:51:36.335550,2025-07-03 17:58:29.300,35.22166666666667,15.883135650000002,21,4,osrm
858,delivered,2025-07-03 17:23:33,2025-07-03 17:32:54.868927,2025-07-03 17:32:54.868927,2025-07-03 17:39:52.300,16.321666666666665,0.0,10,4,osrm
859,delivered,2025-07-03 17:23:01,2025-07-03 17:35:51.331069,2025-07-03 17:36:56.113268,2025-07-03 17:45:28.500,22.458333333333332,1.0797033166666667,22,4,osrm
860,delivered,2025-07-03 17:23:21,2025-07-03 17:34:33.504064,2025-07-03 18:01:08.954834,2025-07-03 18:00:27.500,37.108333333333334,26.590846166666665,24,2,osrm
861,delivered,2025-07-03 17:23:30,2025-07-03 17:36:56.113268,2025-07-03 17:36:56.113268,2025-07-03 17:45:28.500,21.975,0.0,22,4,osrm
862,delivered,2025-07-03 17:24:54,2025-07-03 17:41:15.378269,2025-07-03 17:41:15.378269,2025-07-03 17:48:33.500,23.658333333333335,0.0,29,4,osrm
863,delivered,2025-07-03 17:24:39,2025-07-03 17:34:38.514471,2025-07-03 17:38:29.846568,2025-07-03 17:48:26.500,23.791666666666668,3.85553495,27,4,osrm
864,delivered,2025-07-03 17:24:23,2025-07-03 17:35:08.986806,2025-07-03 17:57:30.182984,2025-07-03 18:01:28.000,37.083333333333336,22.353269633333333,6,3,osrm
865,delivered,2025-07-03 17:26:02,2025-07-03 17:36:33.102445,2025-07-03 17:50:29.534856,2025-07-03 17:57:02.900,31.015,13.940540183333333,10,4,osrm
866,delivered,2025-07-03 17:26:58,2025-07-03 17:37:09.109684,2025-07-03 17:51:36.335550,2025-07-03 17:58:29.300,31.521666666666665,14.453764433333333,21,4,osrm
867,delivered,2025-07-03 17:26:37,2025-07-03 17:42:00.302639,2025-07-03 17:42:00.302639,2025-07-03 17:46:37.700,20.011666666666667,0.0,1,4,osrm
868,delivered,2025-07-03 17:27:32,2025-07-03 17:37:30.750304,2025-07-03 17:50:29.534856,2025-07-03 17:57:02.900,29.515,12.979742533333333,10,4,osrm
869,delivered,2025-07-03 17:27:46,2025-07-03 17:33:44.760397,2025-07-03 17:52:12.804540,2025-07-03 17:57:53.900,30.131666666666668,18.467402383333333,14,4,osrm
870,delivered,2025-07-03 17:27:26,2025-07-03 17:43:03.231687,2025-07-03 17:59:45.300000,2025-07-03 18:13:52.300,46.43833333333334,16.70113855,3,3,osrm
871,delivered,2025-07-03 17:28:45,2025-07-03 17:38:09.531928,2025-07-03 18:06:06.565752,2025-07-03 18:03:02.300,34.288333333333334,27.950563733333336,26,2,osrm
872,delivered,2025-07-03 17:28:26,2025-07-03 17:37:09.690242,2025-07-03 17:41:15.378269,2025-07-03 17:48:33.500,20.125,4.09480045,29,4,osrm
873,delivered,2025-07-03 17:29:19,2025-07-03 17:40:01.623387,2025-07-03 18:00:44.295518,2025-07-03 18:04:12.000,34.88333333333333,20.711202183333334,20,4,osrm
874,delivered,2025-07-03 17:29:51,2025-07-03 17:42:45.780948,2025-07-03 18:02:42.881310,2025-07-03 18:10:25.900,40.58166666666667,19.9516727,29,4,osrm
875,delivered,2025-07-03 17:30:26,2025-07-03 17:38:29.846568,2025-07-03 17:38:29.846568,2025-07-03 17:48:26.500,18.008333333333333,0.0,27,4,osrm
876,delivered,2025-07-03 17:30:44,2025-07-03 17:38:25.932410,2025-07-03 17:59:45.300000,2025-07-03 18:13:52.300,43.138333333333335,21.322793166666667,3,3,osrm
877,delivered,2025-07-03 17:30:43,2025-07-03 17:40:25.330492,2025-07-03 17:41:15.378269,2025-07-03 17:48:33.500,17.841666666666665,0.8341296166666667,29,4,osrm
878,delivered,2025-07-03 17:30:43,2025-07-03 17:42:35.396075,2025-07-03 18:00:44.295518,2025-07-03 18:04:12.000,33.483333333333334,18.14832405,20,4,osrm
879,delivered,2025-07-03 17:30:12,2025-07-03 17:41:21.472366,2025-07-03 17:50:17.442587,2025-07-03 17:57:03.800,26.863333333333333,8.932837016666667,23,4,osrm
880,delivered,2025-07-03 17:30:00,2025-07-03 17:39:19.569352,2025-07-03 17:39:19.569352,2025-07-03 17:39:47.400,9.79,0.0,3,3,osrm
881,delivered,2025-07-03 17:31:20,2025-07-03 17:42:29.438632,2025-07-03 17:42:29.438632,2025-07-03 17:47:54.400,16.573333333333334,0.0,11,3,osrm
882,delivered,2025-07-03 17:31:53,2025-07-03 17:42:27.086903,2025-07-03 17:42:27.086903,2025-07-03 17:45:48.900,13.931666666666667,0.0,13,3,osrm
883,delivered,2025-07-03 17:31:47,2025-07-03 17:42:33.209845,2025-07-03 17:54:00.974212,2025-07-03 18:01:35.600,29.81,11.462739449999999,19,4,osrm
884,delivered,2025-07-03 17:31:56,2025-07-03 17:43:17.546295,2025-07-03 17:57:30.182984,2025-07-03 18:01:28.000,29.533333333333335,14.210611483333334,6,3,osrm
885,delivered,2025-07-03 17:31:37,2025-07-03 17:40:23.029872,2025-07-03 17:40:23.029872,2025-07-03 17:51:25.000,19.8,0.0,8,4,osrm
886,delivered,2025-07-03 17:32:06,2025-07-03 17:44:11.256167,2025-07-03 17:58:51.810658,2025-07-03 18:04:17.600,32.193333333333335,14.675908183333332,15,3,osrm
887,delivered,2025-07-03 17:32:57,2025-07-03 17:50:50.361627,2025-07-03 17:52:12.804540,2025-07-03 17:57:53.900,24.948333333333334,1.3740485500000001,14,4,osrm
888,delivered,2025-07-03 17:33:45,2025-07-03 17:49:49.161366,2025-07-03 17:52:12.804540,2025-07-03 17:57:53.900,24.148333333333333,2.3940528999999997,14,4,osrm
889,delivered,2025-07-03 17:33:05,2025-07-03 17:46:50.619122,2025-07-03 18:14:13.077725,2025-07-03 18:18:00.900,44.931666666666665,27.374310050000002,28,4,osrm
890,delivered,2025-07-03 17:33:31,2025-07-03 17:41:47.692036,2025-07-03 17:42:27.086903,2025-07-03 17:45:48.900,12.298333333333334,0.6565811166666666,13,3,osrm
891,delivered,2025-07-03 17:33:24,2025-07-03 17:46:59.727093,2025-07-03 18:00:44.295518,2025-07-03 18:04:12.000,30.8,13.742807083333334,20,4,osrm
892,delivered,2025-07-03 17:34:30,2025-07-03 17:52:28.207905,2025-07-03 17:59:35.300000,2025-07-03 18:04:37.000,30.116666666666667,7.118201583333333,22,3,osrm
893,delivered,2025-07-03 17:35:29,2025-07-03 17:46:21.980851,2025-07-03 17:59:45.300000,2025-07-03 18:13:52.300,38.388333333333335,13.388652483333335,3,3,osrm
894,delivered,2025-07-03 17:36:41,2025-07-03 17:47:27.203276,2025-07-03 18:18:22.418656,2025-07-03 18:16:21.300,39.67166666666667,30.920256333333334,14,3,osrm
895,delivered,2025-07-03 17:37:33,2025-07-03 17:53:54.941790,2025-07-03 17:53:54.941790,2025-07-03 17:55:32.300,17.988333333333333,0.0,5,4,osrm
896,delivered,2025-07-03 17:37:27,2025-07-03 17:45:34.870336,2025-07-03 17:59:35.300000,2025-07-03 18:04:37.000,27.166666666666668,14.007161066666667,22,3,osrm
897,delivered,2025-07-03 17:37:05,2025-07-03 17:48:16.941473,2025-07-03 17:50:17.442587,2025-07-03 17:57:03.800,19.98,2.0083519,23,4,osrm
898,delivered,2025-07-03 17:37:33,2025-07-03 17:54:27.517175,2025-07-03 18:14:32.283047,2025-07-03 18:14:44.800,37.19666666666667,20.0794312,5,4,osrm
899,delivered,2025-07-03 17:37:11,2025-07-03 17:56:19.682585,2025-07-03 18:16:10.287124,2025-07-03 18:22:37.200,45.43666666666666,19.843408983333333,6,3,osrm
900,delivered,2025-07-03 17:37:09,2025-07-03 17:48:01.616857,2025-07-03 18:07:49.400175,2025-07-03 18:11:32.700,34.394999999999996,19.796388633333333,25,2,osrm
901,delivered,2025-07-03 17:38:42,2025-07-03 17:44:04.511591,2025-07-03 17:44:04.511591,2025-07-03 17:53:23.500,14.691666666666666,0.0,25,4,osrm
902,delivered,2025-07-03 17:38:15,2025-07-03 17:54:00.974212,2025-07-03 17:54:00.974212,2025-07-03 18:01:35.600,23.34333333333333,0.0,19,4,osrm
903,delivered,2025-07-03 17:40:47,2025-07-03 17:52:12.804540,2025-07-03 17:52:12.804540,2025-07-03 17:57:53.900,17.115000000000002,0.0,14,4,osrm
904,delivered,2025-07-03 17:40:01,2025-07-03 17:50:03.330148,2025-07-03 17:50:03.330148,2025-07-03 17:56:05.200,16.07,0.0,17,4,osrm
905,delivered,2025-07-03 17:40:05,2025-07-03 17:51:25.705850,2025-07-03 17:54:00.974212,2025-07-03 18:01:35.600,21.509999999999998,2.5878060333333335,19,4,osrm
906,delivered,2025-07-03 17:40:57,2025-07-03 17:50:29.534856,2025-07-03 17:50:29.534856,2025-07-03 17:57:02.900,16.098333333333333,0.0,10,4,osrm
907,delivered,2025-07-03 17:40:27,2025-07-03 17:58:51.879877,2025-07-03 17:59:35.300000,2025-07-03 18:04:37.000,24.166666666666668,0.7236687166666667,22,3,osrm
908,delivered,2025-07-03 17:40:30,2025-07-03 17:50:17.442587,2025-07-03 17:50:17.442587,2025-07-03 17:57:03.800,16.563333333333333,0.0,23,4,osrm
909,delivered,2025-07-03 17:40:43,2025-07-03 17:51:36.335550,2025-07-03 17:51:36.335550,2025-07-03 17:58:29.300,17.771666666666665,0.0,21,4,osrm
910,delivered,2025-07-03 17:40:55,2025-07-03 17:55:27.940477,2025-07-03 18:15:43.225511,2025-07-03 18:20:37.100,39.70166666666667,20.254750566666665,26,4,osrm
911,delivered,2025-07-03 17:40:00,2025-07-03 17:53:17.634204,2025-07-03 18:14:13.077725,2025-07-03 18:18:00.900,38.015,20.92405868333333,28,4,osrm
912,delivered,2025-07-03 17:42:01,2025-07-03 17:53:21.539071,2025-07-03 18:02:42.881310,2025-07-03 18:10:25.900,28.415000000000003,9.355703983333333,29,4,osrm
913,delivered,2025-07-03 17:43:23,2025-07-03 17:50:51.633133,2025-07-03 18:02:42.881310,2025-07-03 18:10:25.900,27.048333333333336,11.854136283333334,29,4,osrm
914,delivered,2025-07-03 17:43:35,2025-07-03 17:57:05.433008,2025-07-03 18:03:13.631119,2025-07-03 18:08:20.800,24.763333333333332,6.1366351833333335,13,3,osrm
915,delivered,2025-07-03 17:45:44,2025-07-03 17:58:51.810658,2025-07-03 17:58:51.810658,2025-07-03 18:04:17.600,18.56,0.0,15,3,osrm
916,delivered,2025-07-03 17:46:52,2025-07-03 18:00:44.295518,2025-07-03 18:00:44.295518,2025-07-03 18:04:12.000,17.333333333333332,0.0,20,4,osrm
917,delivered,2025-07-03 17:46:05,2025-07-03 18:00:08.252467,2025-07-03 18:17:14.933360,2025-07-03 18:23:00.100,36.91833333333333,17.111348216666666,2,3,osrm
918,delivered,2025-07-03 17:47:20,2025-07-03 18:00:38.364023,2025-07-03 18:00:38.364023,2025-07-03 18:05:58.300,18.638333333333332,0.0,4,4,osrm
919,delivered,2025-07-03 17:47:02,2025-07-03 18:06:06.565752,2025-07-03 18:06:06.565752,2025-07-03 18:03:02.300,16.005,0.0,26,2,osrm
920,delivered,2025-07-03 17:47:44,2025-07-03 17:57:30.182984,2025-07-03 17:57:30.182984,2025-07-03 18:01:28.000,13.733333333333333,0.0,6,3,osrm
921,delivered,2025-07-03 17:48:32,2025-07-03 18:00:25.839523,2025-07-03 18:14:32.283047,2025-07-03 18:14:44.800,26.21333333333333,14.107392066666668,5,4,osrm
922,delivered,2025-07-03 17:49:25,2025-07-03 17:58:03.979167,2025-07-03 18:16:10.287124,2025-07-03 18:22:37.200,33.20333333333333,18.105132616666666,6,3,osrm
923,delivered,2025-07-03 17:49:31,2025-07-03 18:01:08.954834,2025-07-03 18:01:08.954834,2025-07-03 18:00:27.500,10.941666666666666,0.0,24,2,osrm
924,delivered,2025-07-03 17:49:04,2025-07-03 18:04:22.480196,2025-07-03 18:14:13.077725,2025-07-03 18:18:00.900,28.948333333333334,9.84329215,28,4,osrm
925,delivered,2025-07-03 17:50:01,2025-07-03 17:59:21.339636,2025-07-03 18:14:01.700000,2025-07-03 18:22:48.700,32.795,14.672672733333334,20,2,osrm
926,delivered,2025-07-03 17:50:05,2025-07-03 18:02:42.881310,2025-07-03 18:02:42.881310,2025-07-03 18:10:25.900,20.348333333333336,0.0,29,4,osrm
927,delivered,2025-07-03 17:51:09,2025-07-03 17:59:50.758496,2025-07-03 18:20:06.144272,2025-07-03 18:21:52.600,30.726666666666667,20.2564296,22,4,osrm
928,delivered,2025-07-03 17:52:40,2025-07-03 18:07:11.486439,2025-07-03 18:20:06.144272,2025-07-03 18:21:52.600,29.209999999999997,12.910963883333332,22,4,osrm
929,delivered,2025-07-03 17:52:46,2025-07-03 18:03:46.579807,2025-07-03 18:19:33.400000,2025-07-03 18:25:26.400,32.67333333333333,15.78033655,29,4,osrm
930,delivered,2025-07-03 17:53:07,2025-07-03 18:03:13.631119,2025-07-03 18:03:13.631119,2025-07-03 18:08:20.800,15.229999999999999,0.0,13,3,osrm
931,delivered,2025-07-03 17:53:39,2025-07-03 18:03:04.929074,2025-07-03 18:22:12.510193,2025-07-03 18:24:02.200,30.386666666666667,19.126351983333333,1,2,osrm
932,delivered,2025-07-03 17:54:44,2025-07-03 18:04:39.455975,2025-07-03 18:09:30.600000,2025-07-03 18:11:38.000,16.9,4.852400416666667,23,1,osrm
933,delivered,2025-07-03 17:54:10,2025-07-03 18:07:48.735272,2025-07-03 18:28:11.733203,2025-07-03 18:35:46.300,41.605000000000004,20.383298850000003,16,4,osrm
934,delivered,2025-07-03 17:55:54,2025-07-03 18:07:49.400175,2025-07-03 18:07:49.400175,2025-07-03 18:11:32.700,15.645000000000001,0.0,25,2,osrm
935,delivered,2025-07-03 17:56:42,2025-07-03 18:09:08.991568,2025-07-03 18:14:01.700000,2025-07-03 18:22:48.700,26.111666666666668,4.878473866666667,20,2,osrm
936,delivered,2025-07-03 17:56:53,2025-07-03 18:10:18.718629,2025-07-03 18:19:33.400000,2025-07-03 18:25:26.400,28.55666666666667,9.244689516666666,29,4,osrm
937,delivered,2025-07-03 17:56:52,2025-07-03 18:10:12.059188,2025-07-03 18:15:43.225511,2025-07-03 18:20:37.100,23.751666666666665,5.5194387166666665,26,4,osrm
938,delivered,2025-07-03 17:57:53,2025-07-03 18:14:13.077725,2025-07-03 18:14:13.077725,2025-07-03 18:18:00.900,20.131666666666668,0.0,28,4,osrm
939,delivered,2025-07-03 17:58:08,2025-07-03 18:10:06.669078,2025-07-03 18:23:33.800000,2025-07-03 18:32:19.400,34.190000000000005,13.452182033333335,5,3,osrm
940,delivered,2025-07-03 17:58:06,2025-07-03 18:14:32.283047,2025-07-03 18:14:32.283047,2025-07-03 18:14:44.800,16.646666666666665,0.0,5,4,osrm
941,delivered,2025-07-03 17:59:58,2025-07-03 18:13:40.573516,2025-07-03 18:28:25.000000,2025-07-03 18:32:47.900,32.83166666666667,14.7404414,14,2,osrm
942,delivered,2025-07-03 17:59:42,2025-07-03 18:11:42.667339,2025-07-03 18:29:32.359707,2025-07-03 18:34:37.800,34.93,17.82820613333333,8,2,osrm
943,delivered,2025-07-03 18:00:07,2025-07-03 18:15:45.420525,2025-07-03 18:19:33.400000,2025-07-03 18:25:26.400,25.323333333333334,3.799657916666667,29,4,osrm
944,delivered,2025-07-03 18:00:07,2025-07-03 18:14:12.401846,2025-07-03 18:15:43.225511,2025-07-03 18:20:37.100,20.501666666666665,1.5137277500000001,26,4,osrm
945,delivered,2025-07-03 18:00:24,2025-07-03 18:09:34.891455,2025-07-03 18:23:33.800000,2025-07-03 18:32:19.400,31.923333333333336,13.981809083333333,5,3,osrm
946,delivered,2025-07-03 18:00:51,2025-07-03 18:08:52.548872,2025-07-03 18:08:58.000000,2025-07-03 18:11:39.600,10.81,0.09085213333333333,9,1,osrm
947,delivered,2025-07-03 18:00:55,2025-07-03 18:10:41.595004,2025-07-03 18:15:25.400000,2025-07-03 18:19:07.700,18.211666666666666,4.730083266666667,24,1,osrm
948,delivered,2025-07-03 18:01:29,2025-07-03 18:08:53.556336,2025-07-03 18:18:22.418656,2025-07-03 18:16:21.300,14.871666666666666,9.481038666666667,14,3,osrm
949,delivered,2025-07-03 18:01:31,2025-07-03 18:15:43.945219,2025-07-03 18:24:57.521413,2025-07-03 18:27:44.800,26.23,9.2262699,23,2,osrm
950,delivered,2025-07-03 18:02:57,2025-07-03 18:15:43.225511,2025-07-03 18:15:43.225511,2025-07-03 18:20:37.100,17.668333333333333,0.0,26,4,osrm
951,delivered,2025-07-03 18:02:22,2025-07-03 18:09:55.931916,2025-07-03 18:14:32.283047,2025-07-03 18:14:44.800,12.379999999999999,4.605852183333334,5,4,osrm
952,delivered,2025-07-03 18:02:40,2025-07-03 18:15:11.621615,2025-07-03 18:28:37.300000,2025-07-03 18:33:12.300,30.538333333333334,13.427973083333335,21,3,osrm
953,delivered,2025-07-03 18:02:16,2025-07-03 18:10:50.582060,2025-07-03 18:28:25.000000,2025-07-03 18:32:47.900,30.53166666666667,17.573632333333332,14,2,osrm
954,delivered,2025-07-03 18:03:51,2025-07-03 18:14:16.513676,2025-07-03 18:23:33.800000,2025-07-03 18:32:19.400,28.473333333333336,9.288105400000001,5,3,osrm
955,delivered,2025-07-03 18:04:22,2025-07-03 18:16:10.287124,2025-07-03 18:16:10.287124,2025-07-03 18:22:37.200,18.253333333333334,0.0,6,3,osrm
956,delivered,2025-07-03 18:04:38,2025-07-03 18:14:44.416590,2025-07-03 18:17:14.933360,2025-07-03 18:23:00.100,18.368333333333332,2.5086128333333333,2,3,osrm
957,delivered,2025-07-03 18:04:00,2025-07-03 18:18:22.418656,2025-07-03 18:18:22.418656,2025-07-03 18:16:21.300,12.354999999999999,0.0,14,3,osrm
958,delivered,2025-07-03 18:05:50,2025-07-03 18:22:12.510193,2025-07-03 18:22:12.510193,2025-07-03 18:24:02.200,18.203333333333333,0.0,1,2,osrm
959,delivered,2025-07-03 18:06:08,2025-07-03 18:17:49.153431,2025-07-03 18:28:11.733203,2025-07-03 18:35:46.300,29.638333333333332,10.376329533333335,16,4,osrm
960,delivered,2025-07-03 18:06:28,2025-07-03 18:22:36.843301,2025-07-03 18:23:30.800000,2025-07-03 18:28:58.500,22.508333333333333,0.8992783166666667,7,1,osrm
961,delivered,2025-07-03 18:07:33,2025-07-03 18:18:03.862408,2025-07-03 18:19:33.400000,2025-07-03 18:25:26.400,17.89,1.4922932,29,4,osrm
962,delivered,2025-07-03 18:08:15,2025-07-03 18:16:35.245896,2025-07-03 18:39:23.454849,2025-07-03 18:42:28.400,34.223333333333336,22.803482550000002,25,2,osrm
963,delivered,2025-07-03 18:08:43,2025-07-03 18:22:40.140648,2025-07-03 18:40:34.129150,2025-07-03 18:47:06.600,38.39333333333333,17.899808366666665,12,3,osrm
964,delivered,2025-07-03 18:09:59,2025-07-03 18:20:06.144272,2025-07-03 18:20:06.144272,2025-07-03 18:21:52.600,11.893333333333334,0.0,22,4,osrm
965,delivered,2025-07-03 18:09:13,2025-07-03 18:24:57.521413,2025-07-03 18:24:57.521413,2025-07-03 18:27:44.800,18.529999999999998,0.0,23,2,osrm
966,delivered,2025-07-03 18:10:28,2025-07-03 18:29:32.359707,2025-07-03 18:29:32.359707,2025-07-03 18:34:37.800,24.163333333333334,0.0,8,2,osrm
967,delivered,2025-07-03 18:10:20,2025-07-03 18:17:14.933360,2025-07-03 18:17:14.933360,2025-07-03 18:23:00.100,12.668333333333333,0.0,2,3,osrm
968,delivered,2025-07-03 18:10:11,2025-07-03 18:23:43.538594,2025-07-03 18:28:37.300000,2025-07-03 18:33:12.300,23.021666666666665,4.896023433333334,21,3,osrm
969,delivered,2025-07-03 18:11:04,2025-07-03 18:23:36.128772,2025-07-03 18:29:06.900000,2025-07-03 18:35:24.800,24.346666666666668,5.5128538,15,2,osrm
970,delivered,2025-07-03 18:11:53,2025-07-03 18:25:36.668854,2025-07-03 18:30:11.700000,2025-07-03 18:32:56.600,21.06,4.583852433333333,17,1,osrm
971,delivered,2025-07-03 18:14:48,2025-07-03 18:27:27.086133,2025-07-03 18:28:05.000000,2025-07-03 18:31:38.900,16.848333333333333,0.6318977833333334,10,1,osrm
972,delivered,2025-07-03 18:14:53,2025-07-03 18:29:43.654335,2025-07-03 18:35:34.700000,2025-07-03 18:38:02.800,23.163333333333334,5.8507610833333334,6,1,osrm
973,delivered,2025-07-03 18:15:55,2025-07-03 18:27:13.356360,2025-07-03 18:29:06.900000,2025-07-03 18:35:24.800,19.496666666666666,1.892394,15,2,osrm
974,delivered,2025-07-03 18:15:41,2025-07-03 18:25:13.644888,2025-07-03 18:28:11.733203,2025-07-03 18:35:46.300,20.08833333333333,2.9681385833333334,16,4,osrm
975,delivered,2025-07-03 18:16:59,2025-07-03 18:26:56.439215,2025-07-03 18:45:26.400000,2025-07-03 18:51:29.600,34.51,18.499346416666665,21,2,osrm
976,delivered,2025-07-03 18:17:28,2025-07-03 18:28:11.733203,2025-07-03 18:28:11.733203,2025-07-03 18:35:46.300,18.305,0.0,16,4,osrm
977,delivered,2025-07-03 18:17:10,2025-07-03 18:32:08.539474,2025-07-03 18:40:34.129150,2025-07-03 18:47:06.600,29.94333333333333,8.4264946,12,3,osrm
978,delivered,2025-07-03 18:18:43,2025-07-03 18:35:41.057690,2025-07-03 18:48:19.300000,2025-07-03 18:54:47.800,36.080000000000005,12.637371833333333,26,3,osrm
979,delivered,2025-07-03 18:19:01,2025-07-03 18:25:11.626122,2025-07-03 18:29:13.600000,2025-07-03 18:31:53.200,12.870000000000001,4.032897966666667,19,1,osrm
980,delivered,2025-07-03 18:21:58,2025-07-03 18:27:51.766381,2025-07-03 18:45:26.400000,2025-07-03 18:51:29.600,29.526666666666664,17.577226983333333,21,2,osrm
981,delivered,2025-07-03 18:22:46,2025-07-03 18:34:23.258839,2025-07-03 18:35:49.600000,2025-07-03 18:38:27.600,15.693333333333333,1.43901935,26,1,osrm
982,delivered,2025-07-03 18:23:16,2025-07-03 18:33:25.654571,2025-07-03 18:48:35.000000,2025-07-03 18:53:03.800,29.796666666666667,15.15575715,2,2,osrm
983,delivered,2025-07-03 18:24:57,2025-07-03 18:38:19.327711,2025-07-03 18:55:20.900000,2025-07-03 18:58:29.000,33.53333333333333,17.026204816666667,9,1,osrm
984,delivered,2025-07-03 18:24:24,2025-07-03 18:30:39.118359,2025-07-03 18:35:20.100000,2025-07-03 18:37:47.300,13.388333333333332,4.683027350000001,3,1,osrm
985,delivered,2025-07-03 18:26:15,2025-07-03 18:38:18.984805,2025-07-03 18:48:19.300000,2025-07-03 18:54:47.800,28.546666666666667,10.00525325,26,3,osrm
986,delivered,2025-07-03 18:26:33,2025-07-03 18:38:23.774826,2025-07-03 18:46:16.100000,2025-07-03 18:50:13.600,23.676666666666666,7.8720862333333335,1,1,osrm
987,delivered,2025-07-03 18:26:00,2025-07-03 18:35:51.621062,2025-07-03 18:50:18.400000,2025-07-03 18:54:56.400,28.94,14.446315633333334,6,2,osrm
988,delivered,2025-07-03 18:27:40,2025-07-03 18:39:23.454849,2025-07-03 18:39:23.454849,2025-07-03 18:42:28.400,14.806666666666667,0.0,25,2,osrm
989,delivered,2025-07-03 18:27:49,2025-07-03 18:40:46.258388,2025-07-03 18:48:35.000000,2025-07-03 18:53:24.800,25.596666666666668,7.8123602,24,2,osrm
990,delivered,2025-07-03 18:28:28,2025-07-03 18:46:57.616321,2025-07-03 18:48:35.000000,2025-07-03 18:53:24.800,24.946666666666665,1.6230613166666668,24,2,osrm
991,delivered,2025-07-03 18:29:46,2025-07-03 18:46:48.459932,2025-07-03 18:48:35.000000,2025-07-03 18:53:03.800,23.296666666666667,1.7756678000000001,2,2,osrm
992,delivered,2025-07-03 18:29:26,2025-07-03 18:40:34.129150,2025-07-03 18:40:34.129150,2025-07-03 18:47:06.600,17.676666666666666,0.0,12,3,osrm
993,delivered,2025-07-03 18:32:14,2025-07-03 18:52:27.453726,2025-07-03 18:55:10.400000,2025-07-03 18:57:37.100,25.384999999999998,2.7157712333333333,29,1,osrm
994,delivered,2025-07-03 18:32:49,2025-07-03 18:49:43.927096,2025-07-03 18:55:20.900000,2025-07-03 18:58:18.200,25.486666666666668,5.616215066666667,28,1,osrm
995,delivered,2025-07-03 18:33:54,2025-07-03 18:38:54.000000,2025-07-03 18:50:18.400000,2025-07-03 18:54:56.400,21.040000000000003,11.406666666666666,6,2,osrm
996,delivered,2025-07-03 18:33:33,2025-07-03 18:43:24.484812,2025-07-03 18:53:47.500000,2025-07-03 18:55:33.700,22.011666666666667,10.383586466666666,10,1,osrm
997,delivered,2025-07-03 18:36:31,2025-07-03 18:49:52.826808,2025-07-03 19:06:19.400000,2025-07-03 19:10:03.300,33.538333333333334,16.442886533333333,21,1,osrm
998,delivered,2025-07-03 18:36:09,2025-07-03 18:48:33.538258,2025-07-03 18:54:47.800000,2025-07-03 18:57:20.900,21.198333333333334,6.237695700000001,27,1,osrm
999,delivered,2025-07-03 18:42:12,2025-07-03 18:54:49.416733,2025-07-03 18:54:49.416733,2025-07-03 18:58:52.500,16.675,0.0,5,1,osrm
1000,delivered,2025-07-03 18:44:15,2025-07-03 18:53:01.528760,2025-07-03 18:53:38.500000,2025-07-03 18:56:51.200,12.603333333333333,0.6161873333333333,25,1,osrm
1001,delivered,2025-07-03 18:45:36,2025-07-03 18:58:27.497576,2025-07-03 19:01:56.500000,2025-07-03 19:05:10.100,19.56833333333333,3.483373733333333,12,1,osrm
1002,delivered,2025-07-03 18:46:10,2025-07-03 19:04:31.070930,2025-07-03 19:05:55.200000,2025-07-03 19:07:40.600,21.509999999999998,1.4021511666666666,24,1,osrm
1003,delivered,2025-07-03 18:49:11,2025-07-03 19:05:44.538219,2025-07-03 19:10:16.400000,2025-07-03 19:13:53.300,24.705,4.531029683333333,7,1,osrm
1004,delivered,2025-07-03 18:49:40,2025-07-03 18:58:46.631687,2025-07-03 18:58:46.631687,2025-07-03 19:01:39.300,11.988333333333333,0.0,23,1,osrm
1005,delivered,2025-07-03 18:50:22,2025-07-03 19:02:43.583722,2025-07-03 19:04:36.000000,2025-07-03 19:06:56.700,16.578333333333333,1.8736046333333334,2,1,osrm
1006,delivered,2025-07-03 18:50:32,2025-07-03 19:05:30.784800,2025-07-03 19:08:56.100000,2025-07-03 19:13:53.400,23.35666666666667,3.42192,10,1,osrm
1007,delivered,2025-07-03 18:50:55,2025-07-03 19:04:00.040265,2025-07-03 19:04:00.040265,2025-07-03 19:04:30.600,13.593333333333334,0.0,19,1,osrm
1008,delivered,2025-07-03 18:52:18,2025-07-03 19:05:51.047014,2025-07-03 19:07:55.500000,2025-07-03 19:12:06.100,19.801666666666666,2.074216433333333,5,1,osrm
1009,delivered,2025-07-03 18:54:10,2025-07-03 19:05:39.634913,2025-07-03 19:09:29.400000,2025-07-03 19:11:26.000,17.266666666666666,3.8294181166666665,9,1,osrm
1010,delivered,2025-07-03 18:56:54,2025-07-03 19:11:32.748284,2025-07-03 19:13:28.500000,2025-07-03 19:16:19.500,19.425,1.9291952666666667,14,1,osrm
1011,delivered,2025-07-03 18:59:11,2025-07-03 19:12:28.616745,2025-07-03 19:14:55.900000,2025-07-03 19:19:12.600,20.026666666666664,2.4547209166666666,12,1,osrm
