order_id,status,placement_time,ready_time,pickup_time,delivery_time,click_to_door,ready_to_pickup,courier_id,bundle_size,routing_source
0,delivered,2025-07-03 08:00:59,2025-07-03 08:06:04.793462,2025-07-03 08:25:53.897729,2025-07-03 08:32:30.100,31.51833333333333,19.81840445,23,4,osrm
1,delivered,2025-07-03 08:00:14,2025-07-03 08:13:38.675750,2025-07-03 08:38:46.999983,2025-07-03 08:36:03.800,35.830000000000005,25.138737216666666,13,4,osrm
2,delivered,2025-07-03 08:00:15,2025-07-03 08:13:29.868723,2025-07-03 08:15:39.100000,2025-07-03 08:18:54.300,18.654999999999998,2.1538546166666666,18,1,osrm
3,delivered,2025-07-03 08:00:58,2025-07-03 08:10:35.806086,2025-07-03 08:34:36.052157,2025-07-03 08:37:33.000,36.583333333333336,24.004101183333333,4,4,osrm
4,delivered,2025-07-03 08:00:09,2025-07-03 08:14:03.027232,2025-07-03 08:34:54.149308,2025-07-03 08:37:10.100,37.01833333333333,20.852034600000003,18,4,osrm
5,delivered,2025-07-03 08:01:02,2025-07-03 08:14:39.070698,2025-07-03 08:15:53.700000,2025-07-03 08:19:47.100,18.751666666666665,1.2438217,16,1,osrm
6,delivered,2025-07-03 08:01:47,2025-07-03 08:15:03.142374,2025-07-03 08:32:10.379023,2025-07-03 08:36:25.900,34.64833333333333,17.120610816666666,12,4,osrm
7,delivered,2025-07-03 08:01:53,2025-07-03 08:14:50.301678,2025-07-03 08:34:54.149308,2025-07-03 08:37:10.100,35.285,20.064127166666665,18,4,osrm
8,delivered,2025-07-03 08:02:05,2025-07-03 08:16:58.073655,2025-07-03 08:19:29.100000,2025-07-03 08:20:50.900,18.765,2.51710575,5,1,osrm
9,delivered,2025-07-03 08:03:57,2025-07-03 08:14:27.679399,2025-07-03 08:36:19.824585,2025-07-03 08:42:53.600,38.943333333333335,21.869086433333333,20,4,osrm
10,delivered,2025-07-03 08:04:10,2025-07-03 08:21:21.295143,2025-07-03 08:50:08.960916,2025-07-03 08:50:20.700,46.17833333333333,28.79442955,17,3,osrm
11,delivered,2025-07-03 08:04:44,2025-07-03 08:16:46.159424,2025-07-03 08:38:53.277045,2025-07-03 08:41:09.400,36.42333333333333,22.118627016666668,7,4,osrm
12,delivered,2025-07-03 08:05:05,2025-07-03 08:22:04.257777,2025-07-03 08:44:54.445172,2025-07-03 08:44:59.600,39.91,22.836456583333334,8,3,osrm
13,delivered,2025-07-03 08:05:08,2025-07-03 08:19:18.460993,2025-07-03 08:47:13.658212,2025-07-03 08:44:04.300,38.93833333333334,27.91995365,21,4,osrm
14,delivered,2025-07-03 08:06:14,2025-07-03 08:18:15.801963,2025-07-03 08:39:39.443935,2025-07-03 08:46:26.900,40.215,21.394032866666667,27,3,osrm
15,delivered,2025-07-03 08:07:14,2025-07-03 08:25:46.952563,2025-07-03 08:35:04.909836,2025-07-03 08:39:48.400,32.57333333333334,9.299287883333333,5,3,osrm
16,delivered,2025-07-03 08:07:21,2025-07-03 08:17:56.570328,2025-07-03 08:45:28.130959,2025-07-03 08:48:33.700,41.211666666666666,27.526010516666666,6,4,osrm
17,delivered,2025-07-03 08:08:15,2025-07-03 08:16:12.801108,2025-07-03 08:17:42.500000,2025-07-03 08:21:03.100,12.801666666666668,1.4949815333333334,7,1,osrm
18,delivered,2025-07-03 08:08:51,2025-07-03 08:22:26.155734,2025-07-03 08:45:03.103560,2025-07-03 08:52:46.100,43.91833333333333,22.6157971,30,4,osrm
19,delivered,2025-07-03 08:09:23,2025-07-03 08:20:18.006299,2025-07-03 08:31:50.861940,2025-07-03 08:38:14.600,28.86,11.547594016666666,11,4,osrm
20,delivered,2025-07-03 08:09:56,2025-07-03 08:21:05.366719,2025-07-03 08:39:32.700000,2025-07-03 08:45:16.700,35.345,18.455554683333332,29,4,osrm
21,delivered,2025-07-03 08:09:42,2025-07-03 08:20:06.562753,2025-07-03 08:39:27.400000,2025-07-03 08:46:57.800,37.263333333333335,19.34728745,14,3,osrm
22,delivered,2025-07-03 08:09:33,2025-07-03 08:24:21.822675,2025-07-03 08:39:32.700000,2025-07-03 08:45:16.700,35.72833333333333,15.18128875,29,4,osrm
23,delivered,2025-07-03 08:09:50,2025-07-03 08:23:29.903607,2025-07-03 08:45:30.959125,2025-07-03 08:48:16.300,38.43833333333334,22.017591966666664,22,3,osrm
24,delivered,2025-07-03 08:10:33,2025-07-03 08:22:32.396167,2025-07-03 09:05:30.591982,2025-07-03 09:13:37.200,63.07,42.96993025,22,3,osrm
25,delivered,2025-07-03 08:10:36,2025-07-03 08:16:39.069383,2025-07-03 08:38:42.321270,2025-07-03 08:43:22.600,32.776666666666664,22.054198116666665,24,4,osrm
26,delivered,2025-07-03 08:10:28,2025-07-03 08:25:53.897729,2025-07-03 08:25:53.897729,2025-07-03 08:32:30.100,22.035,0.0,23,4,osrm
27,delivered,2025-07-03 08:10:43,2025-07-03 08:23:32.738841,2025-07-03 08:25:53.897729,2025-07-03 08:32:30.100,21.785,2.352648133333333,23,4,osrm
28,delivered,2025-07-03 08:10:24,2025-07-03 08:17:42.002256,2025-07-03 08:34:36.052157,2025-07-03 08:37:33.000,27.15,16.900831683333333,4,4,osrm
29,delivered,2025-07-03 08:11:21,2025-07-03 08:21:24.128843,2025-07-03 08:39:05.300000,2025-07-03 08:48:08.300,36.788333333333334,17.68618595,28,4,osrm
30,delivered,2025-07-03 08:11:46,2025-07-03 08:21:13.217166,2025-07-03 08:22:50.000000,2025-07-03 08:25:31.800,13.763333333333332,1.6130472333333332,29,1,osrm
31,delivered,2025-07-03 08:11:11,2025-07-03 08:24:33.020922,2025-07-03 08:42:08.436621,2025-07-03 08:45:29.300,34.305,17.59026165,15,4,osrm
32,delivered,2025-07-03 08:12:27,2025-07-03 08:20:54.833984,2025-07-03 08:38:46.999983,2025-07-03 08:36:03.800,23.613333333333333,17.86943331666667,13,4,osrm
33,delivered,2025-07-03 08:12:27,2025-07-03 08:25:21.481946,2025-07-03 08:25:53.897729,2025-07-03 08:32:30.100,20.051666666666666,0.54026305,23,4,osrm
34,delivered,2025-07-03 08:13:41,2025-07-03 08:25:53.277719,2025-07-03 08:38:46.999983,2025-07-03 08:36:03.800,22.38,12.895371066666666,13,4,osrm
35,delivered,2025-07-03 08:13:54,2025-07-03 08:20:39.562449,2025-07-03 08:23:27.000000,2025-07-03 08:25:32.500,11.641666666666667,2.79062585,30,1,osrm
36,delivered,2025-07-03 08:13:32,2025-07-03 08:22:24.659031,2025-07-03 08:35:04.909836,2025-07-03 08:39:48.400,26.273333333333333,12.67084675,5,3,osrm
37,delivered,2025-07-03 08:13:46,2025-07-03 08:27:37.091288,2025-07-03 08:47:54.559760,2025-07-03 08:46:15.800,32.49666666666666,20.291141200000002,9,4,osrm
38,delivered,2025-07-03 08:13:06,2025-07-03 08:26:23.486960,2025-07-03 08:39:27.400000,2025-07-03 08:46:57.800,33.86333333333333,13.065217333333333,14,3,osrm
39,delivered,2025-07-03 08:14:33,2025-07-03 08:28:29.311426,2025-07-03 08:42:08.436621,2025-07-03 08:45:29.300,30.938333333333333,13.652086583333332,15,4,osrm
40,delivered,2025-07-03 08:14:19,2025-07-03 08:25:21.762586,2025-07-03 08:47:32.605683,2025-07-03 08:48:52.500,34.55833333333333,22.18071828333333,19,3,osrm
41,delivered,2025-07-03 08:14:19,2025-07-03 08:29:01.439454,2025-07-03 08:38:42.321270,2025-07-03 08:43:22.600,29.06,9.6813636,24,4,osrm
42,delivered,2025-07-03 08:14:59,2025-07-03 08:23:26.999070,2025-07-03 08:39:32.700000,2025-07-03 08:45:16.700,30.295,16.0950155,29,4,osrm
43,delivered,2025-07-03 08:14:15,2025-07-03 08:24:06.207052,2025-07-03 09:05:30.591982,2025-07-03 09:13:37.200,59.37,41.4064155,22,3,osrm
44,delivered,2025-07-03 08:14:13,2025-07-03 08:30:33.574419,2025-07-03 08:38:53.277045,2025-07-03 08:41:09.400,26.94,8.3283771,7,4,osrm
45,delivered,2025-07-03 08:14:41,2025-07-03 08:26:23.603379,2025-07-03 09:12:24.666682,2025-07-03 09:11:01.800,56.34666666666667,46.017721716666664,17,2,osrm
46,delivered,2025-07-03 08:15:20,2025-07-03 08:24:56.260550,2025-07-03 08:36:19.824585,2025-07-03 08:42:53.600,27.56,11.392733916666666,20,4,osrm
47,delivered,2025-07-03 08:16:06,2025-07-03 08:24:15.420710,2025-07-03 08:47:54.559760,2025-07-03 08:46:15.800,30.163333333333334,23.6523175,9,4,osrm
48,delivered,2025-07-03 08:16:48,2025-07-03 08:29:10.751561,2025-07-03 08:39:05.300000,2025-07-03 08:48:08.300,31.33833333333333,9.909140650000001,28,4,osrm
49,delivered,2025-07-03 08:16:46,2025-07-03 08:31:50.861940,2025-07-03 08:32:10.379023,2025-07-03 08:36:25.900,19.665000000000003,0.32528471666666664,12,4,osrm
50,delivered,2025-07-03 08:17:48,2025-07-03 08:24:10.958575,2025-07-03 08:32:10.379023,2025-07-03 08:36:25.900,18.631666666666668,7.9903408,12,4,osrm
51,delivered,2025-07-03 08:17:41,2025-07-03 08:30:40.005647,2025-07-03 08:34:54.149308,2025-07-03 08:37:10.100,19.485,4.235727683333334,18,4,osrm
52,delivered,2025-07-03 08:17:49,2025-07-03 08:31:10.369799,2025-07-03 08:45:28.130959,2025-07-03 08:48:33.700,30.745,14.296019333333334,6,4,osrm
53,delivered,2025-07-03 08:18:18,2025-07-03 08:32:46.864940,2025-07-03 08:39:05.300000,2025-07-03 08:48:08.300,29.83833333333333,6.307251,28,4,osrm
54,delivered,2025-07-03 08:19:32,2025-07-03 08:31:55.078473,2025-07-03 08:38:42.321270,2025-07-03 08:43:22.600,23.84333333333333,6.78737995,24,4,osrm
55,delivered,2025-07-03 08:19:24,2025-07-03 08:32:49.004999,2025-07-03 08:45:28.130959,2025-07-03 08:48:33.700,29.16166666666667,12.652099333333332,6,4,osrm
56,delivered,2025-07-03 08:19:13,2025-07-03 08:32:45.702586,2025-07-03 08:34:36.052157,2025-07-03 08:37:33.000,18.333333333333332,1.8391595166666665,4,4,osrm
57,delivered,2025-07-03 08:19:01,2025-07-03 08:34:43.243890,2025-07-03 08:36:19.824585,2025-07-03 08:42:53.600,23.876666666666665,1.6096782500000002,20,4,osrm
58,delivered,2025-07-03 08:19:59,2025-07-03 08:34:36.052157,2025-07-03 08:34:36.052157,2025-07-03 08:37:33.000,17.566666666666666,0.0,4,4,osrm
59,delivered,2025-07-03 08:20:58,2025-07-03 08:32:36.266272,2025-07-03 08:39:39.443935,2025-07-03 08:46:26.900,25.48166666666667,7.0529610499999995,27,3,osrm
60,delivered,2025-07-03 08:20:24,2025-07-03 08:29:55.647516,2025-07-03 08:42:33.801597,2025-07-03 08:43:25.100,23.01833333333333,12.635901350000001,1,4,osrm
61,delivered,2025-07-03 08:20:39,2025-07-03 08:26:48.520549,2025-07-03 08:52:07.120916,2025-07-03 08:55:30.000,34.85,25.310006116666667,23,3,osrm
62,delivered,2025-07-03 08:20:49,2025-07-03 08:35:04.909836,2025-07-03 08:35:04.909836,2025-07-03 08:39:48.400,18.990000000000002,0.0,5,3,osrm
63,delivered,2025-07-03 08:20:52,2025-07-03 08:27:17.421264,2025-07-03 08:44:54.445172,2025-07-03 08:44:59.600,24.126666666666665,17.61706513333333,8,3,osrm
64,delivered,2025-07-03 08:21:16,2025-07-03 08:32:10.379023,2025-07-03 08:32:10.379023,2025-07-03 08:36:25.900,15.165,0.0,12,4,osrm
65,delivered,2025-07-03 08:21:42,2025-07-03 08:35:55.601670,2025-07-03 08:59:30.270018,2025-07-03 08:52:08.600,30.44333333333333,23.5778058,3,3,osrm
66,delivered,2025-07-03 08:21:18,2025-07-03 08:32:11.943633,2025-07-03 08:39:27.400000,2025-07-03 08:46:57.800,25.663333333333334,7.2576061166666666,14,3,osrm
67,delivered,2025-07-03 08:22:24,2025-07-03 08:32:17.170129,2025-07-03 08:45:03.103560,2025-07-03 08:52:46.100,30.368333333333332,12.765557183333334,30,4,osrm
68,delivered,2025-07-03 08:23:22,2025-07-03 08:35:17.951211,2025-07-03 08:38:53.277045,2025-07-03 08:41:09.400,17.790000000000003,3.5887638999999996,7,4,osrm
69,delivered,2025-07-03 08:23:06,2025-07-03 08:35:52.570124,2025-07-03 08:39:32.700000,2025-07-03 08:45:16.700,22.178333333333335,3.6688312666666665,29,4,osrm
70,delivered,2025-07-03 08:23:26,2025-07-03 08:34:54.149308,2025-07-03 08:34:54.149308,2025-07-03 08:37:10.100,13.735000000000001,0.0,18,4,osrm
71,delivered,2025-07-03 08:23:28,2025-07-03 08:34:06.887640,2025-07-03 08:59:30.270018,2025-07-03 08:52:08.600,28.676666666666666,25.3897063,3,3,osrm
72,delivered,2025-07-03 08:24:42,2025-07-03 08:42:08.436621,2025-07-03 08:42:08.436621,2025-07-03 08:45:29.300,20.788333333333334,0.0,15,4,osrm
73,delivered,2025-07-03 08:24:41,2025-07-03 08:38:46.999983,2025-07-03 08:38:46.999983,2025-07-03 08:36:03.800,11.379999999999999,0.0,13,4,osrm
74,delivered,2025-07-03 08:25:41,2025-07-03 08:33:06.963367,2025-07-03 08:54:20.702453,2025-07-03 09:01:15.300,35.57166666666667,21.228984766666667,12,4,osrm
75,delivered,2025-07-03 08:26:38,2025-07-03 08:37:12.086900,2025-07-03 08:39:05.300000,2025-07-03 08:48:08.300,21.505,1.886885,28,4,osrm
76,delivered,2025-07-03 08:26:11,2025-07-03 08:32:25.456204,2025-07-03 08:45:30.959125,2025-07-03 08:48:16.300,22.08833333333333,13.09171535,22,3,osrm
77,delivered,2025-07-03 08:26:18,2025-07-03 08:39:39.443935,2025-07-03 08:39:39.443935,2025-07-03 08:46:26.900,20.148333333333333,0.0,27,3,osrm
78,delivered,2025-07-03 08:26:22,2025-07-03 08:36:19.824585,2025-07-03 08:36:19.824585,2025-07-03 08:42:53.600,16.526666666666667,0.0,20,4,osrm
79,delivered,2025-07-03 08:27:49,2025-07-03 08:38:42.321270,2025-07-03 08:38:42.321270,2025-07-03 08:43:22.600,15.56,0.0,24,4,osrm
80,delivered,2025-07-03 08:27:44,2025-07-03 08:38:53.277045,2025-07-03 08:38:53.277045,2025-07-03 08:41:09.400,13.423333333333334,0.0,7,4,osrm
81,delivered,2025-07-03 08:27:13,2025-07-03 08:38:58.447712,2025-07-03 08:47:13.658212,2025-07-03 08:44:04.300,16.855,8.253508333333334,21,4,osrm
82,delivered,2025-07-03 08:28:59,2025-07-03 08:45:30.959125,2025-07-03 08:45:30.959125,2025-07-03 08:48:16.300,19.288333333333334,0.0,22,3,osrm
83,delivered,2025-07-03 08:28:17,2025-07-03 08:43:31.272817,2025-07-03 08:45:03.103560,2025-07-03 08:52:46.100,24.485,1.5305123833333334,30,4,osrm
84,delivered,2025-07-03 08:28:08,2025-07-03 08:38:53.269830,2025-07-03 08:55:42.557682,2025-07-03 09:04:00.900,35.88166666666667,16.8214642,2,3,osrm
85,delivered,2025-07-03 08:29:22,2025-07-03 08:35:34.966241,2025-07-03 08:52:07.120916,2025-07-03 08:55:30.000,26.133333333333333,16.53591125,23,3,osrm
86,delivered,2025-07-03 08:29:38,2025-07-03 08:47:13.658212,2025-07-03 08:47:13.658212,2025-07-03 08:44:04.300,14.438333333333333,0.0,21,4,osrm
87,delivered,2025-07-03 08:29:36,2025-07-03 08:41:29.616386,2025-07-03 08:42:08.436621,2025-07-03 08:45:29.300,15.888333333333332,0.6470039166666666,15,4,osrm
88,delivered,2025-07-03 08:29:00,2025-07-03 08:42:33.801597,2025-07-03 08:47:13.658212,2025-07-03 08:44:04.300,15.071666666666665,4.664276916666666,21,4,osrm
89,delivered,2025-07-03 08:30:24,2025-07-03 08:42:16.272922,2025-07-03 09:01:39.813915,2025-07-03 09:03:49.600,33.42666666666666,19.392349883333335,19,2,osrm
90,delivered,2025-07-03 08:30:09,2025-07-03 08:42:50.653621,2025-07-03 08:47:32.605683,2025-07-03 08:48:52.500,18.725,4.699201033333334,19,3,osrm
91,delivered,2025-07-03 08:31:44,2025-07-03 08:48:33.596089,2025-07-03 08:54:20.702453,2025-07-03 09:01:15.300,29.521666666666665,5.785106066666667,12,4,osrm
92,delivered,2025-07-03 08:31:33,2025-07-03 08:47:25.083160,2025-07-03 08:55:42.557682,2025-07-03 09:04:00.900,32.465,8.291242033333333,2,3,osrm
93,delivered,2025-07-03 08:31:43,2025-07-03 08:41:24.737118,2025-07-03 09:06:35.098509,2025-07-03 09:05:00.000,33.28333333333333,25.172689849999998,4,4,osrm
94,delivered,2025-07-03 08:31:36,2025-07-03 08:45:38.163010,2025-07-03 08:47:54.559760,2025-07-03 08:46:15.800,14.663333333333332,2.2732791666666667,9,4,osrm
95,delivered,2025-07-03 08:32:25,2025-07-03 08:45:03.103560,2025-07-03 08:45:03.103560,2025-07-03 08:52:46.100,20.351666666666667,0.0,30,4,osrm
96,delivered,2025-07-03 08:32:23,2025-07-03 08:46:16.292267,2025-07-03 08:46:16.292267,2025-07-03 08:49:05.800,16.71333333333333,0.0,10,4,osrm
97,delivered,2025-07-03 08:32:06,2025-07-03 08:41:20.724182,2025-07-03 09:01:51.938243,2025-07-03 09:08:47.600,36.693333333333335,20.52023435,28,4,osrm
98,delivered,2025-07-03 08:32:22,2025-07-03 08:38:38.221376,2025-07-03 08:54:20.702453,2025-07-03 09:01:15.300,28.888333333333332,15.70801795,12,4,osrm
99,delivered,2025-07-03 08:33:49,2025-07-03 08:47:54.559760,2025-07-03 08:47:54.559760,2025-07-03 08:46:15.800,12.446666666666665,0.0,9,4,osrm
100,delivered,2025-07-03 08:34:27,2025-07-03 08:44:54.445172,2025-07-03 08:44:54.445172,2025-07-03 08:44:59.600,10.543333333333333,0.0,8,3,osrm
101,delivered,2025-07-03 08:34:58,2025-07-03 08:45:28.130959,2025-07-03 08:45:28.130959,2025-07-03 08:48:33.700,13.595,0.0,6,4,osrm
102,delivered,2025-07-03 08:35:36,2025-07-03 08:48:33.354411,2025-07-03 08:50:43.000000,2025-07-03 08:59:57.200,24.353333333333335,2.160759816666667,13,4,osrm
103,delivered,2025-07-03 08:35:48,2025-07-03 08:45:15.090966,2025-07-03 09:06:39.525833,2025-07-03 09:13:18.100,37.501666666666665,21.407247783333332,24,4,osrm
104,delivered,2025-07-03 08:35:38,2025-07-03 08:43:54.194892,2025-07-03 08:50:08.960916,2025-07-03 08:50:20.700,14.711666666666668,6.2461004,17,3,osrm
105,delivered,2025-07-03 08:35:29,2025-07-03 08:47:43.824074,2025-07-03 09:23:23.250116,2025-07-03 09:25:06.700,49.62833333333333,35.6571007,12,3,osrm
106,delivered,2025-07-03 08:36:28,2025-07-03 08:48:31.025843,2025-07-03 09:11:53.248921,2025-07-03 09:15:38.800,39.18,23.370384633333334,16,3,osrm
107,delivered,2025-07-03 08:36:28,2025-07-03 08:50:19.303520,2025-07-03 09:12:51.130320,2025-07-03 09:17:49.600,41.36,22.530446666666666,29,4,osrm
108,delivered,2025-07-03 08:36:31,2025-07-03 08:46:45.734891,2025-07-03 09:15:01.521912,2025-07-03 09:13:43.600,37.21,28.26311701666667,23,3,osrm
109,delivered,2025-07-03 08:37:56,2025-07-03 08:50:08.960916,2025-07-03 08:50:08.960916,2025-07-03 08:50:20.700,12.411666666666667,0.0,17,3,osrm
110,delivered,2025-07-03 08:37:39,2025-07-03 08:47:32.605683,2025-07-03 08:47:32.605683,2025-07-03 08:48:52.500,11.225,0.0,19,3,osrm
111,delivered,2025-07-03 08:37:48,2025-07-03 08:51:06.844519,2025-07-03 09:10:17.544620,2025-07-03 09:18:07.100,40.318333333333335,19.178335016666665,10,4,osrm
112,delivered,2025-07-03 08:37:22,2025-07-03 08:50:36.093678,2025-07-03 09:23:44.582016,2025-07-03 09:29:55.900,52.565000000000005,33.141472300000004,13,3,osrm
113,delivered,2025-07-03 08:37:45,2025-07-03 08:53:17.457514,2025-07-03 09:16:10.383509,2025-07-03 09:17:10.700,39.42833333333333,22.882099916666668,5,3,osrm
114,delivered,2025-07-03 08:37:15,2025-07-03 08:50:21.920668,2025-07-03 09:09:09.138618,2025-07-03 09:16:57.700,39.711666666666666,18.786965833333333,1,4,osrm
115,delivered,2025-07-03 08:38:08,2025-07-03 08:49:38.393900,2025-07-03 09:16:10.846293,2025-07-03 09:22:06.500,43.975,26.540873216666668,19,4,osrm
116,delivered,2025-07-03 08:38:04,2025-07-03 08:53:45.380659,2025-07-03 09:10:17.544620,2025-07-03 09:18:07.100,40.05166666666666,16.536066016666666,10,4,osrm
117,delivered,2025-07-03 08:39:24,2025-07-03 08:49:54.701130,2025-07-03 09:14:38.167719,2025-07-03 09:20:30.100,41.10166666666667,24.724443150000003,4,4,osrm
118,delivered,2025-07-03 08:39:14,2025-07-03 08:51:01.289233,2025-07-03 09:14:40.294482,2025-07-03 09:12:41.600,33.46,23.650087483333333,13,3,osrm
119,delivered,2025-07-03 08:39:26,2025-07-03 08:49:18.786989,2025-07-03 09:16:32.775725,2025-07-03 09:13:53.200,34.45333333333333,27.2331456,8,4,osrm
120,delivered,2025-07-03 08:39:38,2025-07-03 08:52:07.120916,2025-07-03 08:52:07.120916,2025-07-03 08:55:30.000,15.866666666666667,0.0,23,3,osrm
121,delivered,2025-07-03 08:40:21,2025-07-03 08:47:41.511812,2025-07-03 09:11:53.248921,2025-07-03 09:15:38.800,35.29666666666667,24.19561848333333,16,3,osrm
122,delivered,2025-07-03 08:40:40,2025-07-03 08:49:58.345557,2025-07-03 09:09:09.138618,2025-07-03 09:16:57.700,36.294999999999995,19.179884350000002,1,4,osrm
123,delivered,2025-07-03 08:41:17,2025-07-03 08:51:59.314724,2025-07-03 09:24:47.127635,2025-07-03 09:25:29.500,44.208333333333336,32.79688185,14,3,osrm
124,delivered,2025-07-03 08:41:42,2025-07-03 08:55:42.557682,2025-07-03 08:55:42.557682,2025-07-03 09:04:00.900,22.315,0.0,2,3,osrm
125,delivered,2025-07-03 08:41:28,2025-07-03 08:54:54.337817,2025-07-03 09:11:57.815481,2025-07-03 09:18:56.700,37.47833333333333,17.057961066666667,11,2,osrm
126,delivered,2025-07-03 08:41:41,2025-07-03 08:51:22.355956,2025-07-03 09:21:27.801819,2025-07-03 09:28:26.100,46.751666666666665,30.090764383333333,7,3,osrm
127,delivered,2025-07-03 08:41:21,2025-07-03 08:52:19.864264,2025-07-03 09:15:52.437514,2025-07-03 09:14:45.100,33.401666666666664,23.5428875,27,4,osrm
128,delivered,2025-07-03 08:42:51,2025-07-03 08:53:45.012587,2025-07-03 09:07:59.920325,2025-07-03 09:14:29.800,31.646666666666665,14.2484623,9,4,osrm
129,delivered,2025-07-03 08:42:52,2025-07-03 08:56:21.425019,2025-07-03 09:14:38.167719,2025-07-03 09:20:30.100,37.635,18.279045,4,4,osrm
130,delivered,2025-07-03 08:42:01,2025-07-03 08:53:43.092895,2025-07-03 09:01:51.938243,2025-07-03 09:08:47.600,26.776666666666664,8.147422466666667,28,4,osrm
131,delivered,2025-07-03 08:43:56,2025-07-03 08:54:06.444502,2025-07-03 09:09:09.138618,2025-07-03 09:16:57.700,33.028333333333336,15.044901933333334,1,4,osrm
132,delivered,2025-07-03 08:43:25,2025-07-03 08:54:16.400537,2025-07-03 09:15:52.437514,2025-07-03 09:14:45.100,31.334999999999997,21.600616283333334,27,4,osrm
133,delivered,2025-07-03 08:43:13,2025-07-03 09:06:39.525833,2025-07-03 09:06:39.525833,2025-07-03 09:13:18.100,30.084999999999997,0.0,24,4,osrm
134,delivered,2025-07-03 08:44:26,2025-07-03 08:54:20.702453,2025-07-03 08:54:20.702453,2025-07-03 09:01:15.300,16.821666666666665,0.0,12,4,osrm
135,delivered,2025-07-03 08:44:39,2025-07-03 08:57:55.025520,2025-07-03 09:24:49.445440,2025-07-03 09:27:36.100,42.95166666666667,26.906998666666667,6,3,osrm
136,delivered,2025-07-03 08:44:37,2025-07-03 08:55:09.187759,2025-07-03 09:16:10.846293,2025-07-03 09:22:06.500,37.49166666666667,21.02764223333333,19,4,osrm
137,delivered,2025-07-03 08:44:38,2025-07-03 08:59:30.270018,2025-07-03 08:59:30.270018,2025-07-03 08:52:08.600,7.510000000000001,0.0,3,3,osrm
138,delivered,2025-07-03 08:45:14,2025-07-03 08:58:20.266676,2025-07-03 09:22:57.751748,2025-07-03 09:22:29.900,37.265,24.6247512,18,4,osrm
139,delivered,2025-07-03 08:45:14,2025-07-03 08:56:25.303616,2025-07-03 09:16:32.775725,2025-07-03 09:13:53.200,28.653333333333332,20.12453515,8,4,osrm
140,delivered,2025-07-03 08:45:49,2025-07-03 09:01:13.880552,2025-07-03 09:31:21.368003,2025-07-03 09:32:23.500,46.575,30.12479085,25,3,osrm
141,delivered,2025-07-03 08:45:37,2025-07-03 08:55:22.091129,2025-07-03 09:31:26.296451,2025-07-03 09:35:04.300,49.455000000000005,36.0700887,3,4,osrm
142,delivered,2025-07-03 08:45:25,2025-07-03 08:56:36.459713,2025-07-03 09:06:39.525833,2025-07-03 09:13:18.100,27.884999999999998,10.051101999999998,24,4,osrm
143,delivered,2025-07-03 08:46:03,2025-07-03 09:03:38.430392,2025-07-03 09:06:35.098509,2025-07-03 09:05:00.000,18.95,2.9444686166666667,4,4,osrm
144,delivered,2025-07-03 08:46:48,2025-07-03 08:55:55.279188,2025-07-03 09:07:59.920325,2025-07-03 09:14:29.800,27.696666666666665,12.077352283333333,9,4,osrm
145,delivered,2025-07-03 08:47:56,2025-07-03 09:01:51.938243,2025-07-03 09:01:51.938243,2025-07-03 09:08:47.600,20.86,0.0,28,4,osrm
146,delivered,2025-07-03 08:47:52,2025-07-03 08:56:30.682952,2025-07-03 09:16:13.992719,2025-07-03 09:20:57.900,33.098333333333336,19.721829449999998,2,4,osrm
147,delivered,2025-07-03 08:48:11,2025-07-03 09:02:30.683612,2025-07-03 09:15:01.521912,2025-07-03 09:13:43.600,25.543333333333333,12.513971666666666,23,3,osrm
148,delivered,2025-07-03 08:48:19,2025-07-03 09:01:08.458830,2025-07-03 09:15:52.437514,2025-07-03 09:14:45.100,26.435,14.732978066666668,27,4,osrm
149,delivered,2025-07-03 08:49:00,2025-07-03 08:59:15.123827,2025-07-03 09:06:35.098509,2025-07-03 09:05:00.000,16.0,7.332911366666666,4,4,osrm
150,delivered,2025-07-03 08:50:38,2025-07-03 09:00:58.035803,2025-07-03 09:12:51.130320,2025-07-03 09:17:49.600,27.19333333333333,11.884908616666667,29,4,osrm
151,delivered,2025-07-03 08:50:51,2025-07-03 08:59:09.696500,2025-07-03 09:22:57.751748,2025-07-03 09:22:29.900,31.648333333333333,23.800920799999997,18,4,osrm
152,delivered,2025-07-03 08:50:17,2025-07-03 08:59:53.073039,2025-07-03 09:23:23.250116,2025-07-03 09:25:06.700,34.82833333333333,23.502951283333335,12,3,osrm
153,delivered,2025-07-03 08:51:43,2025-07-03 09:06:38.716092,2025-07-03 09:16:13.992719,2025-07-03 09:20:57.900,29.248333333333335,9.587943783333333,2,4,osrm
154,delivered,2025-07-03 08:51:26,2025-07-03 09:01:48.429303,2025-07-03 09:16:32.775725,2025-07-03 09:13:53.200,22.453333333333333,14.739107033333333,8,4,osrm
155,delivered,2025-07-03 08:51:30,2025-07-03 09:04:27.703735,2025-07-03 09:22:57.751748,2025-07-03 09:22:29.900,30.998333333333335,18.50080021666667,18,4,osrm
156,delivered,2025-07-03 08:51:30,2025-07-03 09:01:34.228337,2025-07-03 09:29:21.005936,2025-07-03 09:37:07.500,45.625,27.77962665,23,3,osrm
157,delivered,2025-07-03 08:51:07,2025-07-03 09:00:17.894425,2025-07-03 09:32:13.443902,2025-07-03 09:40:00.200,48.88666666666666,31.925824616666667,24,4,osrm
158,delivered,2025-07-03 08:52:01,2025-07-03 09:01:21.011165,2025-07-03 09:14:40.294482,2025-07-03 09:12:41.600,20.676666666666666,13.321388616666667,13,3,osrm
159,delivered,2025-07-03 08:52:06,2025-07-03 09:06:35.098509,2025-07-03 09:06:35.098509,2025-07-03 09:05:00.000,12.9,0.0,4,4,osrm
160,delivered,2025-07-03 08:52:01,2025-07-03 09:06:35.440011,2025-07-03 09:07:59.920325,2025-07-03 09:14:29.800,22.48,1.4080052333333335,9,4,osrm
161,delivered,2025-07-03 08:52:49,2025-07-03 09:01:44.858659,2025-07-03 09:01:51.938243,2025-07-03 09:08:47.600,15.976666666666667,0.11799306666666666,28,4,osrm
162,delivered,2025-07-03 08:53:18,2025-07-03 09:05:30.591982,2025-07-03 09:05:30.591982,2025-07-03 09:13:37.200,20.32,0.0,22,3,osrm
163,delivered,2025-07-03 08:54:45,2025-07-03 09:01:39.813915,2025-07-03 09:01:39.813915,2025-07-03 09:03:49.600,9.076666666666666,0.0,19,2,osrm
164,delivered,2025-07-03 08:54:20,2025-07-03 09:09:41.430976,2025-07-03 09:26:52.069551,2025-07-03 09:29:05.100,34.751666666666665,17.177309583333333,22,4,osrm
165,delivered,2025-07-03 08:54:45,2025-07-03 09:09:09.138618,2025-07-03 09:09:09.138618,2025-07-03 09:16:57.700,22.211666666666666,0.0,1,4,osrm
166,delivered,2025-07-03 08:54:23,2025-07-03 09:05:04.354123,2025-07-03 09:10:17.544620,2025-07-03 09:18:07.100,23.735,5.219841616666667,10,4,osrm
167,delivered,2025-07-03 08:54:19,2025-07-03 09:11:57.815481,2025-07-03 09:11:57.815481,2025-07-03 09:18:56.700,24.628333333333334,0.0,11,2,osrm
168,delivered,2025-07-03 08:54:16,2025-07-03 09:02:27.046032,2025-07-03 09:23:44.582016,2025-07-03 09:29:55.900,35.665,21.292266400000003,13,3,osrm
169,delivered,2025-07-03 08:55:35,2025-07-03 09:05:32.901394,2025-07-03 09:16:13.992719,2025-07-03 09:20:57.900,25.381666666666668,10.684855416666666,2,4,osrm
170,delivered,2025-07-03 08:55:56,2025-07-03 09:09:31.041181,2025-07-03 09:12:51.130320,2025-07-03 09:17:49.600,21.89333333333333,3.3348189833333333,29,4,osrm
171,delivered,2025-07-03 08:56:20,2025-07-03 09:01:20.000000,2025-07-03 09:24:47.127635,2025-07-03 09:25:29.500,29.158333333333335,23.45212725,14,3,osrm
172,delivered,2025-07-03 08:56:57,2025-07-03 09:07:59.920325,2025-07-03 09:07:59.920325,2025-07-03 09:14:29.800,17.546666666666667,0.0,9,4,osrm
173,delivered,2025-07-03 08:56:36,2025-07-03 09:05:13.357001,2025-07-03 09:33:47.507587,2025-07-03 09:31:11.100,34.585,28.569176433333332,26,4,osrm
174,delivered,2025-07-03 08:56:52,2025-07-03 09:10:17.544620,2025-07-03 09:10:17.544620,2025-07-03 09:18:07.100,21.251666666666665,0.0,10,4,osrm
175,delivered,2025-07-03 08:57:30,2025-07-03 09:08:20.111309,2025-07-03 09:26:52.069551,2025-07-03 09:29:05.100,31.584999999999997,18.532637366666666,22,4,osrm
176,delivered,2025-07-03 08:57:42,2025-07-03 09:08:15.720707,2025-07-03 09:42:39.221749,2025-07-03 09:41:02.100,43.335,34.391684033333334,4,4,osrm
177,delivered,2025-07-03 08:57:37,2025-07-03 09:06:14.067429,2025-07-03 09:25:00.947278,2025-07-03 09:28:34.100,30.951666666666664,18.781330816666664,8,2,osrm
178,delivered,2025-07-03 08:58:46,2025-07-03 09:03:46.000000,2025-07-03 09:24:49.445440,2025-07-03 09:27:36.100,28.834999999999997,21.057424,6,3,osrm
179,delivered,2025-07-03 08:58:57,2025-07-03 09:12:24.666682,2025-07-03 09:12:24.666682,2025-07-03 09:11:01.800,12.08,0.0,17,2,osrm
180,delivered,2025-07-03 08:58:51,2025-07-03 09:16:32.775725,2025-07-03 09:16:32.775725,2025-07-03 09:13:53.200,15.036666666666667,0.0,8,4,osrm
181,delivered,2025-07-03 08:58:46,2025-07-03 09:03:46.000000,2025-07-03 09:06:39.525833,2025-07-03 09:13:18.100,14.535,2.892097216666667,24,4,osrm
182,delivered,2025-07-03 09:00:13,2025-07-03 09:12:51.130320,2025-07-03 09:12:51.130320,2025-07-03 09:17:49.600,17.61,0.0,29,4,osrm
183,delivered,2025-07-03 09:00:30,2025-07-03 09:13:46.345573,2025-07-03 09:43:30.083407,2025-07-03 09:50:59.000,50.483333333333334,29.7289639,20,4,osrm
184,delivered,2025-07-03 09:01:57,2025-07-03 09:13:25.152219,2025-07-03 09:48:25.319189,2025-07-03 09:51:57.000,50.0,35.002782833333335,27,4,osrm
185,delivered,2025-07-03 09:01:38,2025-07-03 09:14:48.428396,2025-07-03 09:31:21.368003,2025-07-03 09:32:23.500,30.758333333333333,16.54899345,25,3,osrm
186,delivered,2025-07-03 09:02:38,2025-07-03 09:14:00.652690,2025-07-03 10:19:03.372136,2025-07-03 10:20:51.800,78.23,65.0453241,29,3,osrm
187,delivered,2025-07-03 09:02:48,2025-07-03 09:15:52.437514,2025-07-03 09:15:52.437514,2025-07-03 09:14:45.100,11.951666666666666,0.0,27,4,osrm
188,delivered,2025-07-03 09:03:19,2025-07-03 09:14:35.802018,2025-07-03 09:16:10.383509,2025-07-03 09:17:10.700,13.861666666666668,1.5763581833333333,5,3,osrm
189,delivered,2025-07-03 09:03:33,2025-07-03 09:18:12.487792,2025-07-03 09:34:57.418216,2025-07-03 09:43:27.500,39.90833333333333,16.7488404,19,3,osrm
190,delivered,2025-07-03 09:03:12,2025-07-03 09:14:40.294482,2025-07-03 09:14:40.294482,2025-07-03 09:12:41.600,9.493333333333334,0.0,13,3,osrm
191,delivered,2025-07-03 09:03:06,2025-07-03 09:19:33.950351,2025-07-03 09:21:27.801819,2025-07-03 09:28:26.100,25.334999999999997,1.8975244666666666,7,3,osrm
192,delivered,2025-07-03 09:04:41,2025-07-03 09:18:18.419080,2025-07-03 09:48:25.319189,2025-07-03 09:51:57.000,47.266666666666666,30.115001816666666,27,4,osrm
193,delivered,2025-07-03 09:04:18,2025-07-03 09:11:53.248921,2025-07-03 09:11:53.248921,2025-07-03 09:15:38.800,11.346666666666666,0.0,16,3,osrm
194,delivered,2025-07-03 09:04:11,2025-07-03 09:16:10.383509,2025-07-03 09:16:10.383509,2025-07-03 09:17:10.700,12.995000000000001,0.0,5,3,osrm
195,delivered,2025-07-03 09:04:49,2025-07-03 09:15:01.521912,2025-07-03 09:15:01.521912,2025-07-03 09:13:43.600,8.91,0.0,23,3,osrm
196,delivered,2025-07-03 09:05:28,2025-07-03 09:14:38.167719,2025-07-03 09:14:38.167719,2025-07-03 09:20:30.100,15.035,0.0,4,4,osrm
197,delivered,2025-07-03 09:05:32,2025-07-03 09:11:19.446493,2025-07-03 09:34:15.510851,2025-07-03 09:41:42.500,36.175,22.934405966666667,16,4,osrm
198,delivered,2025-07-03 09:05:26,2025-07-03 09:18:31.057532,2025-07-03 09:46:59.322833,2025-07-03 09:52:32.100,47.10166666666667,28.47108835,9,3,osrm
199,delivered,2025-07-03 09:05:13,2025-07-03 09:16:10.846293,2025-07-03 09:16:10.846293,2025-07-03 09:22:06.500,16.891666666666666,0.0,19,4,osrm
200,delivered,2025-07-03 09:05:15,2025-07-03 09:20:10.995250,2025-07-03 09:47:59.196764,2025-07-03 09:50:08.900,44.89833333333333,27.803358566666667,13,4,osrm
201,delivered,2025-07-03 09:05:56,2025-07-03 09:16:13.992719,2025-07-03 09:16:13.992719,2025-07-03 09:20:57.900,15.031666666666666,0.0,2,4,osrm
202,delivered,2025-07-03 09:06:25,2025-07-03 09:12:03.467415,2025-07-03 09:46:59.322833,2025-07-03 09:52:32.100,46.11833333333333,34.930923633333336,9,3,osrm
203,delivered,2025-07-03 09:06:16,2025-07-03 09:12:52.405267,2025-07-03 09:36:43.253311,2025-07-03 09:36:56.900,30.68166666666667,23.847467400000003,10,4,osrm
204,delivered,2025-07-03 09:06:45,2025-07-03 09:19:08.749689,2025-07-03 09:33:47.507587,2025-07-03 09:31:11.100,24.435,14.645964966666666,26,4,osrm
205,delivered,2025-07-03 09:06:49,2025-07-03 09:16:39.464172,2025-07-03 09:42:39.221749,2025-07-03 09:41:02.100,34.218333333333334,25.995959616666667,4,4,osrm
206,delivered,2025-07-03 09:06:28,2025-07-03 09:13:12.711289,2025-07-03 10:18:20.577802,2025-07-03 10:18:45.500,72.29166666666667,65.13110855,3,2,osrm
207,delivered,2025-07-03 09:06:22,2025-07-03 09:19:05.305367,2025-07-03 09:48:25.319189,2025-07-03 09:51:57.000,45.583333333333336,29.3335637,27,4,osrm
208,delivered,2025-07-03 09:06:43,2025-07-03 09:14:25.466817,2025-07-03 09:16:10.846293,2025-07-03 09:22:06.500,15.391666666666667,1.7563246,19,4,osrm
209,delivered,2025-07-03 09:07:56,2025-07-03 09:18:40.968561,2025-07-03 09:39:41.100000,2025-07-03 09:45:09.200,37.22,21.00219065,1,4,osrm
210,delivered,2025-07-03 09:08:46,2025-07-03 09:23:36.028508,2025-07-03 09:43:30.083407,2025-07-03 09:50:59.000,42.21666666666667,19.900914983333333,20,4,osrm
211,delivered,2025-07-03 09:08:59,2025-07-03 09:21:27.801819,2025-07-03 09:21:27.801819,2025-07-03 09:28:26.100,19.451666666666664,0.0,7,3,osrm
212,delivered,2025-07-03 09:09:43,2025-07-03 09:23:58.537841,2025-07-03 09:29:21.005936,2025-07-03 09:37:07.500,27.408333333333335,5.3744682500000005,23,3,osrm
213,delivered,2025-07-03 09:09:39,2025-07-03 09:22:57.751748,2025-07-03 09:22:57.751748,2025-07-03 09:22:29.900,12.848333333333333,0.0,18,4,osrm
214,delivered,2025-07-03 09:09:18,2025-07-03 09:23:23.250116,2025-07-03 09:23:23.250116,2025-07-03 09:25:06.700,15.811666666666667,0.0,12,3,osrm
215,delivered,2025-07-03 09:10:46,2025-07-03 09:24:49.445440,2025-07-03 09:24:49.445440,2025-07-03 09:27:36.100,16.835,0.0,6,3,osrm
216,delivered,2025-07-03 09:11:04,2025-07-03 09:21:51.407920,2025-07-03 09:55:25.172056,2025-07-03 10:02:36.000,51.53333333333333,33.5627356,29,4,osrm
217,delivered,2025-07-03 09:11:50,2025-07-03 09:21:06.205030,2025-07-03 09:33:47.507587,2025-07-03 09:31:11.100,19.351666666666667,12.68837595,26,4,osrm
218,delivered,2025-07-03 09:11:00,2025-07-03 09:24:47.127635,2025-07-03 09:24:47.127635,2025-07-03 09:25:29.500,14.491666666666667,0.0,14,3,osrm
219,delivered,2025-07-03 09:11:30,2025-07-03 09:24:29.808372,2025-07-03 09:32:13.443902,2025-07-03 09:40:00.200,28.503333333333334,7.727258833333334,24,4,osrm
220,delivered,2025-07-03 09:12:14,2025-07-03 09:23:45.165088,2025-07-03 09:48:21.987664,2025-07-03 09:51:53.700,39.66166666666666,24.6137096,28,3,osrm
221,delivered,2025-07-03 09:12:44,2025-07-03 09:28:13.283723,2025-07-03 09:43:57.100000,2025-07-03 09:50:34.600,37.843333333333334,15.730271283333334,25,3,osrm
222,delivered,2025-07-03 09:12:20,2025-07-03 09:31:25.999255,2025-07-03 09:39:41.100000,2025-07-03 09:45:09.200,32.82,8.251679083333334,1,4,osrm
223,delivered,2025-07-03 09:13:07,2025-07-03 09:22:11.073101,2025-07-03 09:31:26.296451,2025-07-03 09:35:04.300,21.955,9.2537225,3,4,osrm
224,delivered,2025-07-03 09:13:35,2025-07-03 09:22:17.433881,2025-07-03 09:38:37.229104,2025-07-03 09:45:38.600,32.059999999999995,16.329920383333334,6,2,osrm
225,delivered,2025-07-03 09:13:31,2025-07-03 09:32:38.773174,2025-07-03 09:39:41.100000,2025-07-03 09:45:09.200,31.636666666666667,7.038780433333333,1,4,osrm
226,delivered,2025-07-03 09:14:27,2025-07-03 09:21:45.066933,2025-07-03 09:26:52.069551,2025-07-03 09:29:05.100,14.635,5.116710299999999,22,4,osrm
227,delivered,2025-07-03 09:14:39,2025-07-03 09:25:00.947278,2025-07-03 09:25:00.947278,2025-07-03 09:28:34.100,13.918333333333333,0.0,8,2,osrm
228,delivered,2025-07-03 09:14:53,2025-07-03 09:29:30.846182,2025-07-03 09:44:30.084236,2025-07-03 09:47:11.200,32.303333333333335,14.987300900000001,14,3,osrm
229,delivered,2025-07-03 09:15:58,2025-07-03 09:21:48.624354,2025-07-03 09:34:15.510851,2025-07-03 09:41:42.500,25.741666666666667,12.448108283333333,16,4,osrm
230,delivered,2025-07-03 09:15:25,2025-07-03 09:27:25.650987,2025-07-03 09:34:57.418216,2025-07-03 09:43:27.500,28.041666666666668,7.529453816666666,19,3,osrm
231,delivered,2025-07-03 09:15:33,2025-07-03 09:26:52.069551,2025-07-03 09:26:52.069551,2025-07-03 09:29:05.100,13.535,0.0,22,4,osrm
232,delivered,2025-07-03 09:15:12,2025-07-03 09:32:13.443902,2025-07-03 09:32:13.443902,2025-07-03 09:40:00.200,24.803333333333335,0.0,24,4,osrm
233,delivered,2025-07-03 09:16:00,2025-07-03 09:28:18.608990,2025-07-03 09:36:43.253311,2025-07-03 09:36:56.900,20.948333333333334,8.410738683333333,10,4,osrm
234,delivered,2025-07-03 09:16:18,2025-07-03 09:21:18.000000,2025-07-03 09:44:30.084236,2025-07-03 09:47:11.200,30.886666666666667,23.20140393333333,14,3,osrm
235,delivered,2025-07-03 09:16:11,2025-07-03 09:26:14.190057,2025-07-03 09:32:13.443902,2025-07-03 09:40:00.200,23.82,5.987564083333334,24,4,osrm
236,delivered,2025-07-03 09:16:04,2025-07-03 09:26:12.912539,2025-07-03 09:31:26.296451,2025-07-03 09:35:04.300,19.005,5.2230652,3,4,osrm
237,delivered,2025-07-03 09:17:45,2025-07-03 09:30:34.135023,2025-07-03 09:34:15.510851,2025-07-03 09:41:42.500,23.958333333333332,3.6895971333333337,16,4,osrm
238,delivered,2025-07-03 09:17:06,2025-07-03 09:23:44.582016,2025-07-03 09:23:44.582016,2025-07-03 09:29:55.900,12.831666666666667,0.0,13,3,osrm
239,delivered,2025-07-03 09:17:35,2025-07-03 09:31:22.179093,2025-07-03 10:04:01.026807,2025-07-03 10:08:40.000,51.083333333333336,32.6474619,21,3,osrm
240,delivered,2025-07-03 09:18:37,2025-07-03 09:30:49.421622,2025-07-03 09:54:08.100000,2025-07-03 09:58:42.200,40.086666666666666,23.311306300000002,5,3,osrm
241,delivered,2025-07-03 09:18:35,2025-07-03 09:32:17.002439,2025-07-03 09:55:25.172056,2025-07-03 10:02:36.000,44.016666666666666,23.136160283333332,29,4,osrm
242,delivered,2025-07-03 09:18:31,2025-07-03 09:31:21.368003,2025-07-03 09:31:21.368003,2025-07-03 09:32:23.500,13.875,0.0,25,3,osrm
243,delivered,2025-07-03 09:18:15,2025-07-03 09:31:26.296451,2025-07-03 09:31:26.296451,2025-07-03 09:35:04.300,16.821666666666665,0.0,3,4,osrm
244,delivered,2025-07-03 09:18:48,2025-07-03 09:33:47.507587,2025-07-03 09:33:47.507587,2025-07-03 09:31:11.100,12.385,0.0,26,4,osrm
245,delivered,2025-07-03 09:18:01,2025-07-03 09:29:21.005936,2025-07-03 09:29:21.005936,2025-07-03 09:37:07.500,19.108333333333334,0.0,23,3,osrm
246,delivered,2025-07-03 09:18:56,2025-07-03 09:31:34.496093,2025-07-03 09:55:22.362596,2025-07-03 09:53:26.000,34.5,23.79777505,15,2,osrm
247,delivered,2025-07-03 09:19:36,2025-07-03 09:26:33.144745,2025-07-03 09:57:31.300000,2025-07-03 10:02:50.000,43.233333333333334,30.96925425,6,2,osrm
248,delivered,2025-07-03 09:19:55,2025-07-03 09:31:45.628276,2025-07-03 09:39:41.100000,2025-07-03 09:45:09.200,25.236666666666668,7.924528733333333,1,4,osrm
249,delivered,2025-07-03 09:19:21,2025-07-03 09:34:42.360683,2025-07-03 09:34:42.360683,2025-07-03 09:31:27.800,12.113333333333333,0.0,17,4,osrm
250,delivered,2025-07-03 09:19:05,2025-07-03 09:34:19.799085,2025-07-03 09:42:24.200000,2025-07-03 09:49:32.800,30.46333333333333,8.073348583333333,12,4,osrm
251,delivered,2025-07-03 09:20:47,2025-07-03 09:31:58.902325,2025-07-03 09:43:30.083407,2025-07-03 09:50:59.000,30.2,11.519684699999999,20,4,osrm
252,delivered,2025-07-03 09:21:16,2025-07-03 09:36:18.317710,2025-07-03 09:57:24.887842,2025-07-03 10:05:19.600,44.059999999999995,21.1095022,2,4,osrm
253,delivered,2025-07-03 09:21:41,2025-07-03 09:34:15.510851,2025-07-03 09:34:15.510851,2025-07-03 09:41:42.500,20.025,0.0,16,4,osrm
254,delivered,2025-07-03 09:22:47,2025-07-03 09:27:47.000000,2025-07-03 09:36:43.253311,2025-07-03 09:36:56.900,14.165,8.937555183333334,10,4,osrm
255,delivered,2025-07-03 09:22:25,2025-07-03 09:34:45.553044,2025-07-03 10:01:35.325671,2025-07-03 10:01:01.500,38.608333333333334,26.829543783333335,4,4,osrm
256,delivered,2025-07-03 09:23:59,2025-07-03 09:30:11.142108,2025-07-03 10:02:17.135305,2025-07-03 10:05:52.300,41.888333333333335,32.099886616666666,26,4,osrm
257,delivered,2025-07-03 09:23:46,2025-07-03 09:36:26.184010,2025-07-03 10:12:21.492042,2025-07-03 10:10:21.100,46.585,35.92180053333333,24,3,osrm
258,delivered,2025-07-03 09:24:19,2025-07-03 09:34:40.824657,2025-07-03 09:57:31.300000,2025-07-03 10:02:50.000,38.516666666666666,22.84125571666667,6,2,osrm
259,delivered,2025-07-03 09:24:02,2025-07-03 09:31:36.226585,2025-07-03 09:49:49.758767,2025-07-03 09:56:34.100,32.535,18.225536366666667,11,3,osrm
260,delivered,2025-07-03 09:24:02,2025-07-03 09:41:51.321748,2025-07-03 10:08:51.742393,2025-07-03 10:07:35.300,43.555,27.00701075,17,2,osrm
261,delivered,2025-07-03 09:24:32,2025-07-03 09:36:43.253311,2025-07-03 09:36:43.253311,2025-07-03 09:36:56.900,12.415,0.0,10,4,osrm
262,delivered,2025-07-03 09:25:10,2025-07-03 09:35:06.329627,2025-07-03 09:42:24.200000,2025-07-03 09:49:32.800,24.38,7.29783955,12,4,osrm
263,delivered,2025-07-03 09:25:05,2025-07-03 09:32:25.763041,2025-07-03 09:58:01.435927,2025-07-03 09:57:14.400,32.156666666666666,25.5945481,7,4,osrm
264,delivered,2025-07-03 09:25:07,2025-07-03 09:39:21.496600,2025-07-03 10:01:35.325671,2025-07-03 10:01:01.500,35.90833333333333,22.230484516666667,4,4,osrm
265,delivered,2025-07-03 09:25:23,2025-07-03 09:40:01.204540,2025-07-03 10:08:37.479733,2025-07-03 10:08:19.900,42.94833333333334,28.60458655,18,2,osrm
266,delivered,2025-07-03 09:25:12,2025-07-03 09:34:22.529421,2025-07-03 09:52:02.744248,2025-07-03 09:58:04.900,32.88166666666667,17.670247116666665,10,3,osrm
267,delivered,2025-07-03 09:25:35,2025-07-03 09:37:18.539129,2025-07-03 09:58:04.024156,2025-07-03 10:03:47.900,38.215,20.758083783333333,16,4,osrm
268,delivered,2025-07-03 09:25:02,2025-07-03 09:34:57.418216,2025-07-03 09:34:57.418216,2025-07-03 09:43:27.500,18.425,0.0,19,3,osrm
269,delivered,2025-07-03 09:25:09,2025-07-03 09:40:26.653582,2025-07-03 09:57:24.887842,2025-07-03 10:05:19.600,40.17666666666666,16.970571,2,4,osrm
270,delivered,2025-07-03 09:25:15,2025-07-03 09:38:00.137750,2025-07-03 09:49:49.758767,2025-07-03 09:56:34.100,31.31833333333333,11.82701695,11,3,osrm
271,delivered,2025-07-03 09:26:17,2025-07-03 09:38:37.229104,2025-07-03 09:38:37.229104,2025-07-03 09:45:38.600,19.36,0.0,6,2,osrm
272,delivered,2025-07-03 09:26:23,2025-07-03 09:42:01.539098,2025-07-03 10:02:17.135305,2025-07-03 10:05:52.300,39.48833333333334,20.259936783333334,26,4,osrm
273,delivered,2025-07-03 09:26:06,2025-07-03 09:43:17.050191,2025-07-03 09:43:57.100000,2025-07-03 09:50:34.600,24.476666666666667,0.6674968166666667,25,3,osrm
274,delivered,2025-07-03 09:27:47,2025-07-03 09:42:39.221749,2025-07-03 09:42:39.221749,2025-07-03 09:41:02.100,13.251666666666667,0.0,4,4,osrm
275,delivered,2025-07-03 09:28:23,2025-07-03 09:44:04.608132,2025-07-03 09:59:57.300000,2025-07-03 10:10:12.400,41.82333333333334,15.8781978,8,4,osrm
276,delivered,2025-07-03 09:28:03,2025-07-03 09:38:40.551414,2025-07-03 09:52:02.744248,2025-07-03 09:58:04.900,30.03166666666667,13.369880566666666,10,3,osrm
277,delivered,2025-07-03 09:28:59,2025-07-03 09:42:22.309113,2025-07-03 09:42:24.200000,2025-07-03 09:49:32.800,20.563333333333333,0.03151478333333333,12,4,osrm
278,delivered,2025-07-03 09:28:48,2025-07-03 09:40:09.404241,2025-07-03 09:42:39.221749,2025-07-03 09:41:02.100,12.235000000000001,2.496958466666667,4,4,osrm
279,delivered,2025-07-03 09:29:42,2025-07-03 09:47:01.972671,2025-07-03 09:47:59.196764,2025-07-03 09:50:08.900,20.448333333333334,0.9537348833333333,13,4,osrm
280,delivered,2025-07-03 09:29:04,2025-07-03 09:35:50.080152,2025-07-03 09:47:59.196764,2025-07-03 09:50:08.900,21.081666666666667,12.151943533333334,13,4,osrm
281,delivered,2025-07-03 09:29:40,2025-07-03 09:40:46.797204,2025-07-03 09:43:57.100000,2025-07-03 09:50:34.600,20.91,3.1717132666666665,25,3,osrm
282,delivered,2025-07-03 09:29:37,2025-07-03 09:41:01.576048,2025-07-03 09:58:51.400000,2025-07-03 10:04:57.500,35.34166666666667,17.8303992,14,4,osrm
283,delivered,2025-07-03 09:30:21,2025-07-03 09:48:21.987664,2025-07-03 09:48:21.987664,2025-07-03 09:51:53.700,21.545,0.0,28,3,osrm
284,delivered,2025-07-03 09:30:23,2025-07-03 09:42:13.900994,2025-07-03 09:59:57.300000,2025-07-03 10:10:12.400,39.82333333333334,17.723316766666667,8,4,osrm
285,delivered,2025-07-03 09:31:22,2025-07-03 09:45:45.068429,2025-07-03 09:57:24.887842,2025-07-03 10:05:19.600,33.96,11.663656883333335,2,4,osrm
286,delivered,2025-07-03 09:31:31,2025-07-03 09:43:12.185047,2025-07-03 09:58:04.024156,2025-07-03 10:03:47.900,32.281666666666666,14.86398515,16,4,osrm
287,delivered,2025-07-03 09:31:37,2025-07-03 09:44:21.193613,2025-07-03 10:02:17.135305,2025-07-03 10:05:52.300,34.255,17.932361533333335,26,4,osrm
288,delivered,2025-07-03 09:32:11,2025-07-03 09:40:12.888997,2025-07-03 09:54:08.100000,2025-07-03 09:58:42.200,26.52,13.920183383333333,5,3,osrm
289,delivered,2025-07-03 09:32:27,2025-07-03 09:46:43.579041,2025-07-03 09:58:01.435927,2025-07-03 09:57:14.400,24.790000000000003,11.297614766666667,7,4,osrm
290,delivered,2025-07-03 09:32:40,2025-07-03 09:47:31.038432,2025-07-03 09:48:21.987664,2025-07-03 09:51:53.700,19.228333333333335,0.8491538666666667,28,3,osrm
291,delivered,2025-07-03 09:32:46,2025-07-03 09:44:30.084236,2025-07-03 09:44:30.084236,2025-07-03 09:47:11.200,14.42,0.0,14,3,osrm
292,delivered,2025-07-03 09:32:47,2025-07-03 09:42:11.556589,2025-07-03 09:54:08.100000,2025-07-03 09:58:42.200,25.92,11.942390183333334,5,3,osrm
293,delivered,2025-07-03 09:33:49,2025-07-03 09:47:59.196764,2025-07-03 09:47:59.196764,2025-07-03 09:50:08.900,16.331666666666667,0.0,13,4,osrm
294,delivered,2025-07-03 09:35:43,2025-07-03 09:46:59.322833,2025-07-03 09:46:59.322833,2025-07-03 09:52:32.100,16.818333333333335,0.0,9,3,osrm
295,delivered,2025-07-03 09:35:17,2025-07-03 09:47:43.349537,2025-07-03 10:05:57.774352,2025-07-03 10:10:34.800,35.29666666666667,18.240413583333336,28,4,osrm
296,delivered,2025-07-03 09:36:07,2025-07-03 09:51:39.394000,2025-07-03 09:58:51.400000,2025-07-03 10:04:57.500,28.841666666666665,7.2001,14,4,osrm
297,delivered,2025-07-03 09:36:31,2025-07-03 09:49:49.758767,2025-07-03 09:49:49.758767,2025-07-03 09:56:34.100,20.051666666666666,0.0,11,3,osrm
298,delivered,2025-07-03 09:36:38,2025-07-03 09:46:15.917747,2025-07-03 10:01:54.381698,2025-07-03 10:12:14.800,35.61333333333334,15.641065849999999,1,4,osrm
299,delivered,2025-07-03 09:36:57,2025-07-03 09:55:22.362596,2025-07-03 09:55:22.362596,2025-07-03 09:53:26.000,16.483333333333334,0.0,15,2,osrm
300,delivered,2025-07-03 09:36:45,2025-07-03 09:43:16.022827,2025-07-03 10:01:54.381698,2025-07-03 10:12:14.800,35.49666666666667,18.639314516666666,1,4,osrm
301,delivered,2025-07-03 09:37:47,2025-07-03 09:50:15.476191,2025-07-03 10:13:48.900000,2025-07-03 10:16:49.400,39.04,23.55706348333333,27,1,osrm
302,delivered,2025-07-03 09:37:44,2025-07-03 09:53:04.129512,2025-07-03 10:05:57.774352,2025-07-03 10:10:34.800,32.846666666666664,12.894080666666667,28,4,osrm
303,delivered,2025-07-03 09:37:52,2025-07-03 09:43:30.083407,2025-07-03 09:43:30.083407,2025-07-03 09:50:59.000,13.116666666666667,0.0,20,4,osrm
304,delivered,2025-07-03 09:37:47,2025-07-03 09:52:38.037091,2025-07-03 10:17:39.835156,2025-07-03 10:21:29.300,43.705000000000005,25.02996775,23,4,osrm
305,delivered,2025-07-03 09:37:48,2025-07-03 09:52:16.039274,2025-07-03 10:13:31.127119,2025-07-03 10:15:29.900,37.69833333333334,21.251464083333335,11,3,osrm
306,delivered,2025-07-03 09:37:29,2025-07-03 09:43:55.240980,2025-07-03 10:03:25.756103,2025-07-03 10:05:29.700,28.011666666666667,19.508585383333333,12,4,osrm
307,delivered,2025-07-03 09:38:12,2025-07-03 09:49:21.313756,2025-07-03 09:58:04.024156,2025-07-03 10:03:47.900,25.598333333333336,8.71184,16,4,osrm
308,delivered,2025-07-03 09:38:42,2025-07-03 09:48:25.319189,2025-07-03 09:48:25.319189,2025-07-03 09:51:57.000,13.25,0.0,27,4,osrm
309,delivered,2025-07-03 09:38:46,2025-07-03 09:48:02.679943,2025-07-03 10:03:25.756103,2025-07-03 10:05:29.700,26.728333333333335,15.384602666666666,12,4,osrm
310,delivered,2025-07-03 09:40:14,2025-07-03 09:52:02.744248,2025-07-03 09:52:02.744248,2025-07-03 09:58:04.900,17.848333333333336,0.0,10,3,osrm
311,delivered,2025-07-03 09:40:51,2025-07-03 09:52:40.814254,2025-07-03 09:55:25.172056,2025-07-03 10:02:36.000,21.75,2.7392966999999997,29,4,osrm
312,delivered,2025-07-03 09:41:39,2025-07-03 09:57:49.017321,2025-07-03 10:14:12.244193,2025-07-03 10:21:07.200,39.47,16.38711453333333,22,4,osrm
313,delivered,2025-07-03 09:41:11,2025-07-03 09:49:52.040441,2025-07-03 09:58:51.400000,2025-07-03 10:04:57.500,23.775,8.989325983333334,14,4,osrm
314,delivered,2025-07-03 09:42:57,2025-07-03 09:57:12.123565,2025-07-03 09:59:57.300000,2025-07-03 10:10:12.400,27.256666666666668,2.7529405833333334,8,4,osrm
315,delivered,2025-07-03 09:42:31,2025-07-03 09:56:20.655754,2025-07-03 10:05:57.774352,2025-07-03 10:10:34.800,28.063333333333333,9.6186433,28,4,osrm
316,delivered,2025-07-03 09:42:07,2025-07-03 09:51:49.345766,2025-07-03 10:15:35.734143,2025-07-03 10:13:10.100,31.051666666666666,23.773139616666665,7,2,osrm
317,delivered,2025-07-03 09:42:16,2025-07-03 09:53:25.409908,2025-07-03 10:03:25.756103,2025-07-03 10:05:29.700,23.228333333333335,10.005769916666667,12,4,osrm
318,delivered,2025-07-03 09:42:47,2025-07-03 09:53:39.306665,2025-07-03 09:58:01.435927,2025-07-03 09:57:14.400,14.456666666666667,4.368821033333333,7,4,osrm
319,delivered,2025-07-03 09:43:25,2025-07-03 09:58:46.192986,2025-07-03 09:58:46.192986,2025-07-03 10:03:20.300,19.921666666666667,0.0,3,4,osrm
320,delivered,2025-07-03 09:43:02,2025-07-03 09:55:25.172056,2025-07-03 09:55:25.172056,2025-07-03 10:02:36.000,19.566666666666666,0.0,29,4,osrm
321,delivered,2025-07-03 09:43:34,2025-07-03 09:55:19.845019,2025-07-03 09:58:51.400000,2025-07-03 10:04:57.500,21.391666666666666,3.52591635,14,4,osrm
322,delivered,2025-07-03 09:43:26,2025-07-03 09:58:01.435927,2025-07-03 09:58:01.435927,2025-07-03 09:57:14.400,13.806666666666667,0.0,7,4,osrm
323,delivered,2025-07-03 09:44:46,2025-07-03 09:58:24.608501,2025-07-03 10:17:39.835156,2025-07-03 10:21:29.300,36.72166666666667,19.25377758333333,23,4,osrm
324,delivered,2025-07-03 09:45:34,2025-07-03 10:00:17.566539,2025-07-03 10:01:35.325671,2025-07-03 10:01:01.500,15.458333333333334,1.2959855333333332,4,4,osrm
325,delivered,2025-07-03 09:45:27,2025-07-03 09:55:37.181872,2025-07-03 10:17:51.553182,2025-07-03 10:20:50.700,35.394999999999996,22.239521833333335,4,4,osrm
326,delivered,2025-07-03 09:45:17,2025-07-03 09:58:04.024156,2025-07-03 09:58:04.024156,2025-07-03 10:03:47.900,18.515,0.0,16,4,osrm
327,delivered,2025-07-03 09:45:06,2025-07-03 09:54:19.366748,2025-07-03 10:04:01.026807,2025-07-03 10:08:40.000,23.566666666666666,9.694334316666668,21,3,osrm
328,delivered,2025-07-03 09:45:49,2025-07-03 10:05:41.296250,2025-07-03 10:13:42.000000,2025-07-03 10:22:54.500,37.09166666666667,8.011729166666667,9,3,osrm
329,delivered,2025-07-03 09:46:33,2025-07-03 10:02:17.135305,2025-07-03 10:02:17.135305,2025-07-03 10:05:52.300,19.321666666666665,0.0,26,4,osrm
330,delivered,2025-07-03 09:46:45,2025-07-03 10:03:57.088583,2025-07-03 10:12:56.000000,2025-07-03 10:19:10.800,32.43,8.981856950000001,19,2,osrm
331,delivered,2025-07-03 09:46:32,2025-07-03 09:53:25.023279,2025-07-03 09:59:57.300000,2025-07-03 10:10:12.400,23.673333333333336,6.53794535,8,4,osrm
332,delivered,2025-07-03 09:46:06,2025-07-03 09:54:52.537429,2025-07-03 10:15:55.625663,2025-07-03 10:14:55.200,28.82,21.05147056666667,10,2,osrm
333,delivered,2025-07-03 09:47:06,2025-07-03 10:01:35.325671,2025-07-03 10:01:35.325671,2025-07-03 10:01:01.500,13.925,0.0,4,4,osrm
334,delivered,2025-07-03 09:47:15,2025-07-03 10:01:54.381698,2025-07-03 10:01:54.381698,2025-07-03 10:12:14.800,24.996666666666666,0.0,1,4,osrm
335,delivered,2025-07-03 09:48:25,2025-07-03 09:58:24.373726,2025-07-03 10:13:42.000000,2025-07-03 10:22:54.500,34.49166666666667,15.293771233333333,9,3,osrm
336,delivered,2025-07-03 09:48:17,2025-07-03 09:59:13.559938,2025-07-03 10:13:34.500000,2025-07-03 10:21:47.800,33.513333333333335,14.349001033333334,6,2,osrm
337,delivered,2025-07-03 09:48:57,2025-07-03 09:57:24.887842,2025-07-03 09:57:24.887842,2025-07-03 10:05:19.600,16.37666666666667,0.0,2,4,osrm
338,delivered,2025-07-03 09:49:54,2025-07-03 10:04:01.026807,2025-07-03 10:04:01.026807,2025-07-03 10:08:40.000,18.766666666666666,0.0,21,3,osrm
339,delivered,2025-07-03 09:49:19,2025-07-03 10:04:18.534932,2025-07-03 10:17:51.553182,2025-07-03 10:20:50.700,31.528333333333332,13.550304166666667,4,4,osrm
340,delivered,2025-07-03 09:49:35,2025-07-03 10:02:29.443085,2025-07-03 10:13:46.400000,2025-07-03 10:18:36.000,29.016666666666666,11.28261525,16,2,osrm
341,delivered,2025-07-03 09:49:59,2025-07-03 10:02:51.043745,2025-07-03 10:18:11.700000,2025-07-03 10:24:24.800,34.43,15.344270916666666,18,2,osrm
342,delivered,2025-07-03 09:50:13,2025-07-03 09:55:13.000000,2025-07-03 10:01:54.381698,2025-07-03 10:12:14.800,22.029999999999998,6.689694966666666,1,4,osrm
343,delivered,2025-07-03 09:51:54,2025-07-03 10:04:12.949968,2025-07-03 10:13:46.400000,2025-07-03 10:18:36.000,26.7,9.557500533333332,16,2,osrm
344,delivered,2025-07-03 09:51:30,2025-07-03 09:56:30.000000,2025-07-03 10:17:48.860971,2025-07-03 10:19:05.400,27.59,21.314349516666667,14,3,osrm
345,delivered,2025-07-03 09:51:05,2025-07-03 10:06:09.562205,2025-07-03 10:13:31.127119,2025-07-03 10:15:29.900,24.415000000000003,7.359415233333333,11,3,osrm
346,delivered,2025-07-03 09:51:37,2025-07-03 10:03:25.756103,2025-07-03 10:03:25.756103,2025-07-03 10:05:29.700,13.878333333333334,0.0,12,4,osrm
347,delivered,2025-07-03 09:51:47,2025-07-03 10:03:35.197468,2025-07-03 10:17:56.300000,2025-07-03 10:20:41.800,28.913333333333334,14.351708866666666,13,2,osrm
348,delivered,2025-07-03 09:54:56,2025-07-03 10:02:28.611507,2025-07-03 10:18:51.400000,2025-07-03 10:23:36.300,28.671666666666667,16.379808216666667,26,3,osrm
349,delivered,2025-07-03 09:54:18,2025-07-03 10:05:48.204259,2025-07-03 10:18:51.400000,2025-07-03 10:23:36.300,29.305,13.05326235,26,3,osrm
350,delivered,2025-07-03 09:55:33,2025-07-03 10:09:53.382386,2025-07-03 10:12:21.492042,2025-07-03 10:10:21.100,14.801666666666668,2.4684942666666667,24,3,osrm
351,delivered,2025-07-03 09:56:32,2025-07-03 10:06:42.182661,2025-07-03 10:18:11.700000,2025-07-03 10:24:24.800,27.88,11.49195565,18,2,osrm
352,delivered,2025-07-03 09:56:56,2025-07-03 10:05:57.774352,2025-07-03 10:05:57.774352,2025-07-03 10:10:34.800,13.646666666666667,0.0,28,4,osrm
353,delivered,2025-07-03 09:56:20,2025-07-03 10:10:37.349801,2025-07-03 10:14:53.800000,2025-07-03 10:20:06.600,23.776666666666664,4.2741699833333335,20,3,osrm
354,delivered,2025-07-03 09:57:32,2025-07-03 10:05:27.384959,2025-07-03 10:17:48.860971,2025-07-03 10:19:05.400,21.55666666666667,12.357933533333332,14,3,osrm
355,delivered,2025-07-03 09:57:14,2025-07-03 10:06:50.544577,2025-07-03 10:25:24.800000,2025-07-03 10:30:18.900,33.08166666666667,18.570923716666666,7,1,osrm
356,delivered,2025-07-03 09:58:46,2025-07-03 10:14:00.019309,2025-07-03 10:19:44.000000,2025-07-03 10:23:18.200,24.53666666666667,5.733011516666666,2,2,osrm
357,delivered,2025-07-03 09:58:26,2025-07-03 10:10:36.663631,2025-07-03 10:12:56.000000,2025-07-03 10:19:10.800,20.746666666666666,2.3222728166666666,19,2,osrm
358,delivered,2025-07-03 09:58:02,2025-07-03 10:06:25.100072,2025-07-03 10:06:25.100072,2025-07-03 10:12:08.900,14.115,0.0,25,4,osrm
359,delivered,2025-07-03 09:58:50,2025-07-03 10:08:37.479733,2025-07-03 10:08:37.479733,2025-07-03 10:08:19.900,9.498333333333333,0.0,18,2,osrm
360,delivered,2025-07-03 09:59:14,2025-07-03 10:12:54.741784,2025-07-03 10:28:23.700000,2025-07-03 10:35:47.100,36.55166666666666,15.482636933333334,27,2,osrm
361,delivered,2025-07-03 09:59:29,2025-07-03 10:11:04.869442,2025-07-03 10:13:42.000000,2025-07-03 10:22:54.500,23.425,2.6188426333333337,9,3,osrm
362,delivered,2025-07-03 09:59:15,2025-07-03 10:09:35.226249,2025-07-03 10:17:59.400000,2025-07-03 10:23:09.500,23.908333333333335,8.40289585,5,2,osrm
363,delivered,2025-07-03 09:59:01,2025-07-03 10:08:51.742393,2025-07-03 10:08:51.742393,2025-07-03 10:07:35.300,8.571666666666665,0.0,17,2,osrm
364,delivered,2025-07-03 09:59:13,2025-07-03 10:10:32.332024,2025-07-03 10:18:51.400000,2025-07-03 10:23:36.300,24.388333333333332,8.317799599999999,26,3,osrm
365,delivered,2025-07-03 09:59:25,2025-07-03 10:12:21.492042,2025-07-03 10:12:21.492042,2025-07-03 10:10:21.100,10.935,0.0,24,3,osrm
366,delivered,2025-07-03 09:59:14,2025-07-03 10:06:00.292161,2025-07-03 10:13:34.500000,2025-07-03 10:21:47.800,22.563333333333333,7.570130649999999,6,2,osrm
367,delivered,2025-07-03 10:00:43,2025-07-03 10:17:51.553182,2025-07-03 10:17:51.553182,2025-07-03 10:20:50.700,20.128333333333334,0.0,4,4,osrm
368,delivered,2025-07-03 10:00:26,2025-07-03 10:15:35.734143,2025-07-03 10:15:35.734143,2025-07-03 10:13:10.100,12.735000000000001,0.0,7,2,osrm
369,delivered,2025-07-03 10:00:28,2025-07-03 10:13:31.127119,2025-07-03 10:13:31.127119,2025-07-03 10:15:29.900,15.031666666666666,0.0,11,3,osrm
370,delivered,2025-07-03 10:00:16,2025-07-03 10:14:12.914533,2025-07-03 10:14:53.800000,2025-07-03 10:20:06.600,19.84333333333333,0.68142445,20,3,osrm
371,delivered,2025-07-03 10:01:27,2025-07-03 10:07:44.196141,2025-07-03 10:14:53.800000,2025-07-03 10:20:06.600,18.66,7.160064316666666,20,3,osrm
372,delivered,2025-07-03 10:02:23,2025-07-03 10:14:03.304183,2025-07-03 10:30:29.051699,2025-07-03 10:32:58.400,30.59,16.429125266666667,19,2,osrm
373,delivered,2025-07-03 10:02:26,2025-07-03 10:15:55.625663,2025-07-03 10:15:55.625663,2025-07-03 10:14:55.200,12.486666666666668,0.0,10,2,osrm
374,delivered,2025-07-03 10:02:13,2025-07-03 10:13:59.263340,2025-07-03 10:21:07.400000,2025-07-03 10:23:21.100,21.134999999999998,7.135611,12,1,osrm
375,delivered,2025-07-03 10:02:41,2025-07-03 10:17:52.922396,2025-07-03 10:19:03.372136,2025-07-03 10:20:51.800,18.18,1.1741623333333335,29,3,osrm
376,delivered,2025-07-03 10:02:46,2025-07-03 10:14:12.244193,2025-07-03 10:17:39.835156,2025-07-03 10:21:29.300,18.721666666666668,3.4598493833333333,23,4,osrm
377,delivered,2025-07-03 10:04:40,2025-07-03 10:18:43.386546,2025-07-03 10:28:23.700000,2025-07-03 10:35:47.100,31.118333333333332,9.6718909,27,2,osrm
378,delivered,2025-07-03 10:04:28,2025-07-03 10:17:39.835156,2025-07-03 10:17:39.835156,2025-07-03 10:21:29.300,17.021666666666665,0.0,23,4,osrm
379,delivered,2025-07-03 10:04:53,2025-07-03 10:19:03.372136,2025-07-03 10:19:03.372136,2025-07-03 10:20:51.800,15.979999999999999,0.0,29,3,osrm
380,delivered,2025-07-03 10:04:30,2025-07-03 10:18:45.979881,2025-07-03 10:18:54.600000,2025-07-03 10:22:38.500,18.141666666666666,0.14366865,17,1,osrm
381,delivered,2025-07-03 10:05:01,2025-07-03 10:17:25.126950,2025-07-03 10:17:59.400000,2025-07-03 10:23:09.500,18.141666666666666,0.5712174999999999,5,2,osrm
382,delivered,2025-07-03 10:06:13,2025-07-03 10:17:15.035711,2025-07-03 10:17:56.300000,2025-07-03 10:20:41.800,14.479999999999999,0.6877381499999999,13,2,osrm
383,delivered,2025-07-03 10:06:41,2025-07-03 10:18:17.054477,2025-07-03 10:21:11.800000,2025-07-03 10:24:46.600,18.09333333333333,2.9124253833333333,21,1,osrm
384,delivered,2025-07-03 10:07:16,2025-07-03 10:23:50.035733,2025-07-03 10:33:25.200000,2025-07-03 10:38:27.600,31.19333333333333,9.586071116666666,23,2,osrm
385,delivered,2025-07-03 10:09:15,2025-07-03 10:17:48.860971,2025-07-03 10:17:48.860971,2025-07-03 10:19:05.400,9.84,0.0,14,3,osrm
386,delivered,2025-07-03 10:09:24,2025-07-03 10:18:20.577802,2025-07-03 10:18:20.577802,2025-07-03 10:18:45.500,9.358333333333333,0.0,3,2,osrm
387,delivered,2025-07-03 10:10:12,2025-07-03 10:18:16.990261,2025-07-03 10:19:44.000000,2025-07-03 10:23:18.200,13.103333333333333,1.4501623166666666,2,2,osrm
388,delivered,2025-07-03 10:11:56,2025-07-03 10:22:30.670390,2025-07-03 10:45:10.185073,2025-07-03 10:43:50.500,31.908333333333335,22.658578050000003,6,2,osrm
389,delivered,2025-07-03 10:11:29,2025-07-03 10:25:08.596823,2025-07-03 10:28:11.900000,2025-07-03 10:30:21.800,18.88,3.05505295,16,1,osrm
390,delivered,2025-07-03 10:13:54,2025-07-03 10:23:11.820053,2025-07-03 10:33:25.200000,2025-07-03 10:38:27.600,24.56,10.222999116666667,23,2,osrm
391,delivered,2025-07-03 10:16:59,2025-07-03 10:32:22.399894,2025-07-03 10:33:16.900000,2025-07-03 10:36:11.700,19.211666666666666,0.9083351000000001,10,1,osrm
392,delivered,2025-07-03 10:16:29,2025-07-03 10:30:29.051699,2025-07-03 10:30:29.051699,2025-07-03 10:32:58.400,16.49,0.0,19,2,osrm
393,delivered,2025-07-03 10:16:52,2025-07-03 10:34:05.176774,2025-07-03 10:34:05.176774,2025-07-03 10:35:39.800,18.796666666666667,0.0,9,1,osrm
394,delivered,2025-07-03 10:18:27,2025-07-03 10:29:20.639308,2025-07-03 10:40:03.500000,2025-07-03 10:43:08.500,24.691666666666666,10.714344866666666,21,1,osrm
395,delivered,2025-07-03 10:19:35,2025-07-03 10:32:48.516018,2025-07-03 10:38:55.300000,2025-07-03 10:44:26.300,24.855,6.113066366666667,30,2,osrm
396,delivered,2025-07-03 10:20:24,2025-07-03 10:32:39.095300,2025-07-03 10:34:07.900000,2025-07-03 10:37:34.200,17.17,1.4800783333333334,13,1,osrm
397,delivered,2025-07-03 10:20:08,2025-07-03 10:35:00.433447,2025-07-03 10:35:00.433447,2025-07-03 10:34:47.000,14.65,0.0,8,1,osrm
398,delivered,2025-07-03 10:20:25,2025-07-03 10:26:47.280833,2025-07-03 10:34:29.400000,2025-07-03 10:39:00.800,18.596666666666668,7.701986116666666,15,1,osrm
399,delivered,2025-07-03 10:21:50,2025-07-03 10:32:42.072300,2025-07-03 10:51:14.900000,2025-07-03 10:54:36.600,32.776666666666664,18.547128333333333,26,1,osrm
400,delivered,2025-07-03 10:22:41,2025-07-03 10:32:44.980849,2025-07-03 10:34:02.006250,2025-07-03 10:40:02.900,17.365000000000002,1.2837566833333334,26,2,osrm
401,delivered,2025-07-03 10:22:57,2025-07-03 10:35:04.116092,2025-07-03 10:39:31.400000,2025-07-03 10:43:58.700,21.028333333333332,4.4547318,11,2,osrm
402,delivered,2025-07-03 10:22:50,2025-07-03 10:36:58.692575,2025-07-03 10:49:48.300000,2025-07-03 10:51:44.800,28.913333333333334,12.826790416666666,10,1,osrm
403,delivered,2025-07-03 10:23:31,2025-07-03 10:33:29.961015,2025-07-03 10:51:11.600000,2025-07-03 10:54:31.700,31.011666666666667,17.693983083333332,2,1,osrm
404,delivered,2025-07-03 10:23:50,2025-07-03 10:34:02.006250,2025-07-03 10:34:02.006250,2025-07-03 10:40:02.900,16.215,0.0,26,2,osrm
405,delivered,2025-07-03 10:23:36,2025-07-03 10:35:50.158106,2025-07-03 10:38:55.300000,2025-07-03 10:44:26.300,20.83833333333333,3.0856982333333334,30,2,osrm
406,delivered,2025-07-03 10:24:23,2025-07-03 10:37:41.937204,2025-07-03 10:39:23.500000,2025-07-03 10:42:59.200,18.603333333333335,1.6927132666666667,14,1,osrm
407,delivered,2025-07-03 10:25:36,2025-07-03 10:35:08.427271,2025-07-03 10:48:28.400000,2025-07-03 10:50:56.800,25.346666666666668,13.332878816666666,27,1,osrm
408,delivered,2025-07-03 10:25:33,2025-07-03 10:45:10.185073,2025-07-03 10:45:10.185073,2025-07-03 10:43:50.500,18.291666666666668,0.0,6,2,osrm
409,delivered,2025-07-03 10:27:14,2025-07-03 10:35:08.726969,2025-07-03 10:50:06.200000,2025-07-03 10:55:09.100,27.918333333333333,14.95788385,29,1,osrm
410,delivered,2025-07-03 10:29:18,2025-07-03 10:41:40.501921,2025-07-03 10:49:37.600000,2025-07-03 10:52:45.600,23.459999999999997,7.95163465,22,1,osrm
411,delivered,2025-07-03 10:30:47,2025-07-03 10:39:11.632635,2025-07-03 10:39:31.400000,2025-07-03 10:43:58.700,13.195,0.32945608333333337,11,2,osrm
412,delivered,2025-07-03 10:31:43,2025-07-03 10:39:19.358586,2025-07-03 10:43:42.900000,2025-07-03 10:48:21.900,16.648333333333333,4.392356899999999,24,2,osrm
413,delivered,2025-07-03 10:32:35,2025-07-03 10:47:14.677641,2025-07-03 10:48:23.000000,2025-07-03 10:51:34.900,18.998333333333335,1.1387059833333335,9,1,osrm
414,delivered,2025-07-03 10:33:04,2025-07-03 10:44:48.642403,2025-07-03 10:44:48.642403,2025-07-03 10:46:39.400,13.59,0.0,7,1,osrm
415,delivered,2025-07-03 10:33:16,2025-07-03 10:42:59.850478,2025-07-03 10:43:42.900000,2025-07-03 10:48:21.900,15.098333333333333,0.7174920333333333,24,2,osrm
416,delivered,2025-07-03 10:38:25,2025-07-03 10:50:48.537245,2025-07-03 10:53:33.500000,2025-07-03 10:56:19.500,17.908333333333335,2.7493792499999996,14,1,osrm
417,delivered,2025-07-03 10:38:31,2025-07-03 10:57:53.555967,2025-07-03 11:00:02.200000,2025-07-03 11:04:03.600,25.543333333333333,2.144067216666667,7,1,osrm
418,delivered,2025-07-03 10:39:43,2025-07-03 10:54:02.406959,2025-07-03 10:54:19.000000,2025-07-03 10:58:45.900,19.048333333333336,0.2765506833333333,6,1,osrm
419,delivered,2025-07-03 10:41:00,2025-07-03 10:56:22.088930,2025-07-03 10:59:03.200000,2025-07-03 11:01:53.400,20.89,2.6851845,15,1,osrm
420,delivered,2025-07-03 10:44:25,2025-07-03 11:01:15.455740,2025-07-03 11:03:33.000000,2025-07-03 11:07:42.200,23.28666666666667,2.2924043333333333,27,1,osrm
421,delivered,2025-07-03 10:47:56,2025-07-03 11:04:19.337332,2025-07-03 11:05:17.600000,2025-07-03 11:09:00.100,21.06833333333333,0.9710444666666667,8,1,osrm
422,delivered,2025-07-03 10:51:33,2025-07-03 11:01:09.048375,2025-07-03 11:03:44.300000,2025-07-03 11:09:25.600,17.876666666666665,2.5875270833333333,26,1,osrm
423,delivered,2025-07-03 10:55:14,2025-07-03 11:08:22.791192,2025-07-03 11:09:43.000000,2025-07-03 11:11:21.400,16.12333333333333,1.3368134666666667,13,1,osrm
424,delivered,2025-07-03 10:58:52,2025-07-03 11:05:58.338986,2025-07-03 11:10:00.800000,2025-07-03 11:13:01.400,14.156666666666666,4.0410169,10,1,osrm
425,delivered,2025-07-03 10:58:43,2025-07-03 11:11:44.335530,2025-07-03 11:15:06.900000,2025-07-03 11:19:03.100,20.334999999999997,3.3760745,21,1,osrm
426,delivered,2025-07-03 10:59:52,2025-07-03 11:11:20.069784,2025-07-03 11:14:08.400000,2025-07-03 11:15:49.700,15.961666666666668,2.8055036,28,1,osrm
427,delivered,2025-07-03 11:00:59,2025-07-03 11:11:59.160869,2025-07-03 11:15:52.200000,2025-07-03 11:19:22.900,18.398333333333333,3.883985516666667,23,1,osrm
428,delivered,2025-07-03 11:02:59,2025-07-03 11:16:37.420077,2025-07-03 11:17:43.800000,2025-07-03 11:21:24.900,18.43166666666667,1.10633205,18,1,osrm
429,delivered,2025-07-03 11:02:24,2025-07-03 11:11:15.825338,2025-07-03 11:14:32.200000,2025-07-03 11:17:00.300,14.604999999999999,3.2729110333333336,9,1,osrm
430,delivered,2025-07-03 11:02:13,2025-07-03 11:12:35.553333,2025-07-03 11:13:42.900000,2025-07-03 11:15:57.200,13.736666666666668,1.12244445,20,1,osrm
431,delivered,2025-07-03 11:03:41,2025-07-03 11:16:08.273973,2025-07-03 11:18:05.000000,2025-07-03 11:22:11.600,18.509999999999998,1.9454337833333333,24,1,osrm
432,delivered,2025-07-03 11:08:36,2025-07-03 11:19:53.279944,2025-07-03 11:19:53.279944,2025-07-03 11:21:36.200,13.003333333333334,0.0,29,1,osrm
433,delivered,2025-07-03 11:13:55,2025-07-03 11:22:24.731723,2025-07-03 11:23:40.500000,2025-07-03 11:27:08.800,13.229999999999999,1.2628046166666667,19,1,osrm
434,delivered,2025-07-03 11:14:22,2025-07-03 11:22:18.988002,2025-07-03 11:23:31.600000,2025-07-03 11:25:48.100,11.435,1.2101999666666667,12,1,osrm
435,delivered,2025-07-03 11:16:20,2025-07-03 11:26:57.070705,2025-07-03 11:29:56.500000,2025-07-03 11:34:10.200,17.836666666666666,2.99048825,2,1,osrm
436,delivered,2025-07-03 11:18:17,2025-07-03 11:29:22.475034,2025-07-03 11:29:22.475034,2025-07-03 11:32:07.800,13.846666666666666,0.0,23,1,osrm
437,delivered,2025-07-03 11:19:33,2025-07-03 11:32:33.589821,2025-07-03 11:33:23.500000,2025-07-03 11:36:21.400,16.806666666666665,0.8318363166666667,29,1,osrm
438,delivered,2025-07-03 11:20:32,2025-07-03 11:28:33.962452,2025-07-03 11:29:11.400000,2025-07-03 11:31:59.000,11.45,0.6239591333333333,20,1,osrm
439,delivered,2025-07-03 11:23:54,2025-07-03 11:37:23.927911,2025-07-03 11:39:12.700000,2025-07-03 11:42:51.600,18.959999999999997,1.81286815,9,1,osrm
440,delivered,2025-07-03 11:25:06,2025-07-03 11:30:06.000000,2025-07-03 11:30:06.000000,2025-07-03 11:31:59.200,6.886666666666667,0.0,6,1,osrm
441,delivered,2025-07-03 11:26:29,2025-07-03 11:36:28.055212,2025-07-03 11:39:51.300000,2025-07-03 11:41:31.900,15.048333333333334,3.3874131333333333,25,1,osrm
442,delivered,2025-07-03 11:27:25,2025-07-03 11:36:26.916759,2025-07-03 11:38:04.100000,2025-07-03 11:41:16.900,13.865,1.6197206833333333,12,1,osrm
443,delivered,2025-07-03 11:29:38,2025-07-03 11:37:54.867516,2025-07-03 11:39:12.700000,2025-07-03 11:42:24.400,12.773333333333333,1.2972080666666665,18,1,osrm
444,delivered,2025-07-03 11:32:10,2025-07-03 11:47:46.348268,2025-07-03 11:54:30.800000,2025-07-03 11:58:45.700,26.595000000000002,6.7408622,14,1,osrm
445,delivered,2025-07-03 11:34:23,2025-07-03 11:40:20.464135,2025-07-03 11:43:12.800000,2025-07-03 11:48:04.700,13.695,2.872264416666667,13,1,osrm
446,delivered,2025-07-03 11:34:31,2025-07-03 11:48:30.529844,2025-07-03 11:48:58.600000,2025-07-03 11:53:27.700,18.945,0.46783593333333334,28,1,osrm
447,delivered,2025-07-03 11:35:16,2025-07-03 11:49:17.795176,2025-07-03 11:51:12.700000,2025-07-03 11:54:09.000,18.883333333333333,1.9150804000000001,16,1,osrm
448,delivered,2025-07-03 11:35:02,2025-07-03 11:45:10.704376,2025-07-03 11:49:53.100000,2025-07-03 11:52:06.700,17.078333333333333,4.706593733333333,22,1,osrm
449,delivered,2025-07-03 11:36:50,2025-07-03 11:46:18.719772,2025-07-03 11:49:31.200000,2025-07-03 11:52:14.900,15.415,3.2080038,27,1,osrm
450,delivered,2025-07-03 11:36:10,2025-07-03 11:50:44.420272,2025-07-03 11:53:54.500000,2025-07-03 11:57:19.200,21.153333333333332,3.1679954666666665,18,1,osrm
451,delivered,2025-07-03 11:37:12,2025-07-03 11:51:28.015846,2025-07-03 11:53:37.700000,2025-07-03 11:57:05.000,19.883333333333333,2.1614025666666667,30,1,osrm
452,delivered,2025-07-03 11:38:54,2025-07-03 11:54:27.354252,2025-07-03 11:55:49.600000,2025-07-03 11:58:10.400,19.273333333333333,1.3707624666666667,24,1,osrm
453,delivered,2025-07-03 11:38:21,2025-07-03 11:53:08.390022,2025-07-03 11:53:15.600000,2025-07-03 11:55:18.700,16.961666666666666,0.12016629999999999,20,1,osrm
454,delivered,2025-07-03 11:39:07,2025-07-03 11:53:14.000352,2025-07-03 11:53:14.000352,2025-07-03 11:54:59.600,15.876666666666667,0.0,4,1,osrm
455,delivered,2025-07-03 11:39:27,2025-07-03 11:44:27.000000,2025-07-03 11:44:32.900000,2025-07-03 11:47:00.700,7.5616666666666665,0.09833333333333334,8,1,osrm
456,delivered,2025-07-03 11:40:40,2025-07-03 11:56:16.842304,2025-07-03 11:59:24.400000,2025-07-03 12:02:29.200,21.82,3.1259615999999997,26,1,osrm
457,delivered,2025-07-03 11:41:05,2025-07-03 11:50:10.932702,2025-07-03 11:52:30.100000,2025-07-03 11:56:00.800,14.93,2.3194549666666666,7,1,osrm
458,delivered,2025-07-03 11:43:02,2025-07-03 11:54:51.034028,2025-07-03 11:54:51.034028,2025-07-03 11:57:41.700,14.661666666666667,0.0,12,1,osrm
459,delivered,2025-07-03 11:43:33,2025-07-03 11:52:19.173984,2025-07-03 11:53:20.300000,2025-07-03 11:56:11.000,12.633333333333333,1.0187669333333333,6,1,osrm
460,delivered,2025-07-03 11:44:31,2025-07-03 11:57:00.144076,2025-07-03 11:59:29.800000,2025-07-03 12:02:55.000,18.4,2.4942654,29,1,osrm
461,delivered,2025-07-03 11:44:01,2025-07-03 11:57:43.308631,2025-07-03 11:58:51.700000,2025-07-03 12:02:35.300,18.571666666666665,1.13985615,21,1,osrm
462,delivered,2025-07-03 11:45:09,2025-07-03 11:56:10.353491,2025-07-03 11:58:44.100000,2025-07-03 12:02:57.700,17.811666666666667,2.562441816666667,5,1,osrm
463,delivered,2025-07-03 11:46:11,2025-07-03 12:02:51.666330,2025-07-03 12:03:33.500000,2025-07-03 12:06:11.200,20.003333333333334,0.6972278333333333,15,1,osrm
464,delivered,2025-07-03 11:47:09,2025-07-03 12:02:54.142683,2025-07-03 12:03:52.200000,2025-07-03 12:07:47.300,20.638333333333332,0.96762195,25,1,osrm
465,delivered,2025-07-03 11:51:15,2025-07-03 12:04:05.504522,2025-07-03 12:05:51.400000,2025-07-03 12:08:15.500,17.008333333333333,1.7649246333333333,9,1,osrm
466,delivered,2025-07-03 11:53:09,2025-07-03 12:02:22.797824,2025-07-03 12:04:31.200000,2025-07-03 12:06:15.600,13.110000000000001,2.140036266666667,22,1,osrm
467,delivered,2025-07-03 11:56:23,2025-07-03 12:12:47.230665,2025-07-03 12:14:02.300000,2025-07-03 12:15:44.600,19.36,1.2511555833333332,19,1,osrm
468,delivered,2025-07-03 11:57:39,2025-07-03 12:09:07.056120,2025-07-03 12:09:07.056120,2025-07-03 12:11:31.000,13.866666666666667,0.0,1,1,osrm
469,delivered,2025-07-03 11:58:54,2025-07-03 12:09:33.173383,2025-07-03 12:09:33.173383,2025-07-03 12:12:25.700,13.528333333333334,0.0,10,1,osrm
470,delivered,2025-07-03 12:00:36,2025-07-03 12:13:15.874729,2025-07-03 12:14:02.300000,2025-07-03 12:16:41.300,16.08833333333333,0.7737545166666667,26,1,osrm
471,delivered,2025-07-03 12:02:47,2025-07-03 12:08:02.204324,2025-07-03 12:08:02.204324,2025-07-03 12:11:20.700,8.561666666666667,0.0,30,1,osrm
472,delivered,2025-07-03 12:03:18,2025-07-03 12:16:21.579811,2025-07-03 12:19:21.300000,2025-07-03 12:23:12.800,19.913333333333334,2.9953364833333334,6,1,osrm
473,delivered,2025-07-03 12:05:38,2025-07-03 12:19:04.016755,2025-07-03 12:19:04.016755,2025-07-03 12:20:52.500,15.241666666666667,0.0,25,1,osrm
474,delivered,2025-07-03 12:08:26,2025-07-03 12:19:40.233009,2025-07-03 12:20:15.600000,2025-07-03 12:22:54.900,14.481666666666666,0.5894498499999999,24,1,osrm
475,delivered,2025-07-03 12:10:43,2025-07-03 12:21:32.199828,2025-07-03 12:23:56.700000,2025-07-03 12:28:25.200,17.703333333333333,2.4083362,30,1,osrm
476,delivered,2025-07-03 12:13:46,2025-07-03 12:26:14.248642,2025-07-03 12:28:52.100000,2025-07-03 12:30:59.900,17.23166666666667,2.6308559666666667,18,1,osrm
477,delivered,2025-07-03 12:18:05,2025-07-03 12:30:50.758433,2025-07-03 12:34:42.000000,2025-07-03 12:39:16.500,21.191666666666666,3.8540261166666667,25,1,osrm
478,delivered,2025-07-03 12:19:59,2025-07-03 12:34:33.951414,2025-07-03 12:34:51.600000,2025-07-03 12:36:55.300,16.938333333333333,0.29414310000000005,23,1,osrm
479,delivered,2025-07-03 12:21:22,2025-07-03 12:32:22.284492,2025-07-03 12:33:31.700000,2025-07-03 12:36:46.000,15.4,1.1569251333333335,15,1,osrm
480,delivered,2025-07-03 12:22:15,2025-07-03 12:30:40.894696,2025-07-03 12:49:56.900000,2025-07-03 12:55:29.300,33.23833333333333,19.26675506666667,15,1,osrm
481,delivered,2025-07-03 12:23:39,2025-07-03 12:37:26.241776,2025-07-03 12:39:29.200000,2025-07-03 12:42:07.200,18.470000000000002,2.0493037333333333,26,1,osrm
482,delivered,2025-07-03 12:23:18,2025-07-03 12:40:17.929855,2025-07-03 12:49:12.500000,2025-07-03 12:54:23.900,31.098333333333336,8.909502416666667,29,2,osrm
483,delivered,2025-07-03 12:25:59,2025-07-03 12:40:09.376098,2025-07-03 12:44:47.100000,2025-07-03 12:46:21.300,20.371666666666666,4.6287317,8,1,osrm
484,delivered,2025-07-03 12:26:02,2025-07-03 12:37:12.549277,2025-07-03 12:39:10.800000,2025-07-03 12:41:58.700,15.945,1.9708453833333333,22,1,osrm
485,delivered,2025-07-03 12:26:05,2025-07-03 12:34:41.700011,2025-07-03 12:34:41.700011,2025-07-03 12:39:22.700,13.295,0.0,10,1,osrm
486,delivered,2025-07-03 12:28:33,2025-07-03 12:39:29.891655,2025-07-03 12:39:29.891655,2025-07-03 12:43:24.400,14.856666666666666,0.0,30,1,osrm
487,delivered,2025-07-03 12:29:44,2025-07-03 12:43:10.276358,2025-07-03 12:55:02.600000,2025-07-03 13:00:06.900,30.381666666666668,11.872060699999999,24,1,osrm
488,delivered,2025-07-03 12:32:31,2025-07-03 12:43:44.277932,2025-07-03 12:43:44.277932,2025-07-03 12:47:13.500,14.708333333333334,0.0,5,1,osrm
489,delivered,2025-07-03 12:32:21,2025-07-03 12:44:31.004334,2025-07-03 13:00:59.900000,2025-07-03 13:05:08.600,32.79333333333333,16.481594433333335,18,1,osrm
490,delivered,2025-07-03 12:33:26,2025-07-03 12:46:38.969739,2025-07-03 12:49:07.900000,2025-07-03 12:52:49.900,19.398333333333333,2.482171016666667,23,1,osrm
491,delivered,2025-07-03 12:33:13,2025-07-03 12:45:14.372713,2025-07-03 12:47:52.803931,2025-07-03 12:52:12.700,18.995,2.6405203,1,2,osrm
492,delivered,2025-07-03 12:33:01,2025-07-03 12:48:10.367749,2025-07-03 12:49:12.500000,2025-07-03 12:54:23.900,21.381666666666668,1.0355375166666667,29,2,osrm
493,delivered,2025-07-03 12:33:45,2025-07-03 12:44:28.624522,2025-07-03 12:44:58.200000,2025-07-03 12:46:54.900,13.165,0.49292463333333336,18,1,osrm
494,delivered,2025-07-03 12:35:56,2025-07-03 12:50:11.048364,2025-07-03 12:54:07.700000,2025-07-03 12:55:41.500,19.758333333333333,3.944193933333333,22,1,osrm
495,delivered,2025-07-03 12:35:03,2025-07-03 12:47:52.337879,2025-07-03 12:48:33.700000,2025-07-03 12:53:26.300,18.388333333333332,0.6893686833333333,11,2,osrm
496,delivered,2025-07-03 12:36:29,2025-07-03 12:49:24.963422,2025-07-03 12:49:53.500000,2025-07-03 12:51:51.600,15.376666666666667,0.47560963333333334,25,1,osrm
497,delivered,2025-07-03 12:37:10,2025-07-03 12:47:52.803931,2025-07-03 12:47:52.803931,2025-07-03 12:52:12.700,15.045,0.0,1,2,osrm
498,delivered,2025-07-03 12:37:27,2025-07-03 12:47:09.206962,2025-07-03 12:48:33.700000,2025-07-03 12:53:26.300,15.988333333333333,1.4082173,11,2,osrm
499,delivered,2025-07-03 12:39:33,2025-07-03 12:44:33.000000,2025-07-03 12:44:33.000000,2025-07-03 12:46:59.700,7.444999999999999,0.0,3,1,osrm
500,delivered,2025-07-03 12:42:49,2025-07-03 12:55:41.173827,2025-07-03 12:57:12.500000,2025-07-03 13:00:01.000,17.2,1.5221028833333332,20,1,osrm
501,delivered,2025-07-03 12:42:17,2025-07-03 12:59:41.813403,2025-07-03 12:59:41.813403,2025-07-03 12:59:55.900,17.648333333333333,0.0,8,1,osrm
502,delivered,2025-07-03 12:42:44,2025-07-03 12:52:24.869562,2025-07-03 12:54:09.900000,2025-07-03 12:56:35.000,13.85,1.7505073,6,1,osrm
503,delivered,2025-07-03 12:42:18,2025-07-03 12:53:30.448345,2025-07-03 13:01:10.500000,2025-07-03 13:04:28.000,22.166666666666668,7.667527583333333,17,1,osrm
504,delivered,2025-07-03 12:42:41,2025-07-03 12:50:44.260392,2025-07-03 12:53:59.800000,2025-07-03 12:56:46.300,14.088333333333333,3.2589934666666664,2,1,osrm
505,delivered,2025-07-03 12:48:33,2025-07-03 13:01:43.830642,2025-07-03 13:05:12.200000,2025-07-03 13:08:19.600,19.776666666666664,3.4728226333333336,28,1,osrm
506,delivered,2025-07-03 12:50:56,2025-07-03 13:07:38.447535,2025-07-03 13:07:49.500000,2025-07-03 13:10:44.700,19.811666666666667,0.18420775,2,1,osrm
507,delivered,2025-07-03 12:50:27,2025-07-03 13:04:37.817135,2025-07-03 13:04:46.000000,2025-07-03 13:06:41.600,16.243333333333332,0.13638108333333332,1,1,osrm
508,delivered,2025-07-03 12:51:42,2025-07-03 13:05:23.413540,2025-07-03 13:10:15.700000,2025-07-03 13:13:42.700,22.011666666666667,4.871441,8,1,osrm
509,delivered,2025-07-03 12:51:14,2025-07-03 13:08:20.793635,2025-07-03 13:09:10.800000,2025-07-03 13:12:13.400,20.990000000000002,0.8334394166666667,15,1,osrm
510,delivered,2025-07-03 12:54:09,2025-07-03 13:06:21.013861,2025-07-03 13:10:27.800000,2025-07-03 13:14:16.200,20.12,4.113102316666667,24,1,osrm
511,delivered,2025-07-03 13:00:00,2025-07-03 13:12:15.276837,2025-07-03 13:12:52.400000,2025-07-03 13:17:02.300,17.038333333333334,0.6187193833333333,23,1,osrm
512,delivered,2025-07-03 13:05:30,2025-07-03 13:21:51.207003,2025-07-03 13:24:43.800000,2025-07-03 13:27:37.800,22.13,2.87654995,2,1,osrm
513,delivered,2025-07-03 13:05:02,2025-07-03 13:17:29.292061,2025-07-03 13:20:10.000000,2025-07-03 13:22:40.200,17.636666666666667,2.67846565,7,1,osrm
514,delivered,2025-07-03 13:06:17,2025-07-03 13:22:07.651509,2025-07-03 13:27:32.600000,2025-07-03 13:30:39.100,24.368333333333332,5.415808183333334,4,1,osrm
515,delivered,2025-07-03 13:06:57,2025-07-03 13:24:34.253255,2025-07-03 13:30:51.900000,2025-07-03 13:34:43.300,27.771666666666665,6.294112416666667,27,1,osrm
516,delivered,2025-07-03 13:09:05,2025-07-03 13:21:57.849235,2025-07-03 13:28:23.400000,2025-07-03 13:32:00.200,22.92,6.425846083333334,16,1,osrm
517,delivered,2025-07-03 13:09:41,2025-07-03 13:19:46.397506,2025-07-03 13:19:46.397506,2025-07-03 13:22:52.300,13.188333333333333,0.0,3,1,osrm
518,delivered,2025-07-03 13:10:53,2025-07-03 13:21:31.148588,2025-07-03 13:29:27.900000,2025-07-03 13:32:56.400,22.05666666666667,7.945856866666667,11,1,osrm
519,delivered,2025-07-03 13:11:28,2025-07-03 13:23:49.749971,2025-07-03 13:23:51.200000,2025-07-03 13:26:43.800,15.263333333333332,0.024167150000000002,24,1,osrm
520,delivered,2025-07-03 13:11:29,2025-07-03 13:26:47.623457,2025-07-03 13:27:25.100000,2025-07-03 13:31:10.600,19.69333333333333,0.62460905,9,1,osrm
521,delivered,2025-07-03 13:11:25,2025-07-03 13:19:12.330759,2025-07-03 13:19:12.330759,2025-07-03 13:23:08.100,11.718333333333334,0.0,21,1,osrm
522,delivered,2025-07-03 13:12:47,2025-07-03 13:26:21.095181,2025-07-03 13:27:45.400000,2025-07-03 13:32:05.900,19.315,1.4050803166666666,28,1,osrm
523,delivered,2025-07-03 13:12:24,2025-07-03 13:31:10.113739,2025-07-03 13:32:25.100000,2025-07-03 13:35:37.100,23.21833333333333,1.2497710166666667,5,1,osrm
524,delivered,2025-07-03 13:12:26,2025-07-03 13:23:03.277740,2025-07-03 13:28:41.400000,2025-07-03 13:32:22.200,19.936666666666667,5.635371,19,1,osrm
525,delivered,2025-07-03 13:13:18,2025-07-03 13:25:54.206232,2025-07-03 13:28:49.200000,2025-07-03 13:31:22.900,18.081666666666667,2.9165628,13,1,osrm
526,delivered,2025-07-03 13:13:17,2025-07-03 13:18:25.026008,2025-07-03 13:20:50.300000,2025-07-03 13:22:37.000,9.333333333333334,2.4212332,6,1,osrm
527,delivered,2025-07-03 13:14:07,2025-07-03 13:24:43.897339,2025-07-03 13:24:43.897339,2025-07-03 13:26:18.100,12.185,0.0,22,1,osrm
528,delivered,2025-07-03 13:14:08,2025-07-03 13:24:20.733890,2025-07-03 13:24:20.733890,2025-07-03 13:27:38.200,13.503333333333334,0.0,29,1,osrm
529,delivered,2025-07-03 13:16:43,2025-07-03 13:30:13.834430,2025-07-03 13:32:09.900000,2025-07-03 13:35:31.600,18.81,1.9344261666666667,3,1,osrm
530,delivered,2025-07-03 13:19:31,2025-07-03 13:29:23.010568,2025-07-03 13:31:42.000000,2025-07-03 13:34:11.000,14.666666666666666,2.3164905333333334,10,1,osrm
531,delivered,2025-07-03 13:20:00,2025-07-03 13:32:31.440738,2025-07-03 13:33:13.900000,2025-07-03 13:35:50.300,15.838333333333333,0.7076543666666667,15,1,osrm
532,delivered,2025-07-03 13:20:59,2025-07-03 13:33:15.436804,2025-07-03 13:35:44.100000,2025-07-03 13:38:42.300,17.721666666666668,2.4777199333333333,12,1,osrm
533,delivered,2025-07-03 13:21:40,2025-07-03 13:33:03.766376,2025-07-03 13:34:07.600000,2025-07-03 13:36:03.000,14.383333333333333,1.0638937333333334,25,1,osrm
534,delivered,2025-07-03 13:24:00,2025-07-03 13:37:16.694015,2025-07-03 13:38:35.200000,2025-07-03 13:42:00.500,18.008333333333333,1.3084330833333333,30,1,osrm
535,delivered,2025-07-03 13:27:04,2025-07-03 13:36:27.112397,2025-07-03 13:40:39.800000,2025-07-03 13:42:57.500,15.891666666666667,4.21146005,1,1,osrm
536,delivered,2025-07-03 13:27:47,2025-07-03 13:44:34.684909,2025-07-03 13:44:34.684909,2025-07-03 13:45:08.100,17.351666666666667,0.0,14,1,osrm
537,delivered,2025-07-03 13:29:53,2025-07-03 13:36:25.567070,2025-07-03 13:38:48.400000,2025-07-03 13:41:56.500,12.058333333333334,2.3805488333333336,29,1,osrm
538,delivered,2025-07-03 13:31:08,2025-07-03 13:44:17.424602,2025-07-03 13:44:17.424602,2025-07-03 13:45:09.600,14.026666666666667,0.0,16,1,osrm
539,delivered,2025-07-03 13:34:46,2025-07-03 13:47:08.735110,2025-07-03 13:48:22.000000,2025-07-03 13:51:52.400,17.10666666666667,1.2210815,24,1,osrm
540,delivered,2025-07-03 13:38:04,2025-07-03 13:59:20.995809,2025-07-03 13:59:20.995809,2025-07-03 14:01:55.400,23.85666666666667,0.0,9,1,osrm
541,delivered,2025-07-03 13:40:58,2025-07-03 13:53:47.197023,2025-07-03 13:54:03.400000,2025-07-03 13:56:27.200,15.486666666666668,0.27004961666666666,2,1,osrm
542,delivered,2025-07-03 13:43:07,2025-07-03 13:58:46.807705,2025-07-03 13:58:53.400000,2025-07-03 14:00:55.300,17.805,0.10987158333333333,7,1,osrm
543,delivered,2025-07-03 13:43:14,2025-07-03 13:49:35.631243,2025-07-03 13:49:35.631243,2025-07-03 13:52:21.600,9.126666666666667,0.0,28,1,osrm
544,delivered,2025-07-03 13:47:49,2025-07-03 13:58:37.914717,2025-07-03 13:59:47.300000,2025-07-03 14:02:40.700,14.861666666666668,1.1564213833333334,22,1,osrm
545,delivered,2025-07-03 13:48:18,2025-07-03 14:01:20.770425,2025-07-03 14:03:01.800000,2025-07-03 14:06:18.100,18.001666666666665,1.6838262499999999,1,1,osrm
546,delivered,2025-07-03 13:48:57,2025-07-03 14:01:24.095040,2025-07-03 14:05:42.500000,2025-07-03 14:07:28.800,18.529999999999998,4.306749333333333,29,1,osrm
547,delivered,2025-07-03 13:49:01,2025-07-03 14:02:42.336650,2025-07-03 14:04:55.000000,2025-07-03 14:08:01.500,19.008333333333333,2.2110558333333334,4,1,osrm
548,delivered,2025-07-03 13:50:31,2025-07-03 14:04:18.127819,2025-07-03 14:04:18.127819,2025-07-03 14:05:26.200,14.92,0.0,17,1,osrm
549,delivered,2025-07-03 13:53:16,2025-07-03 14:03:03.401383,2025-07-03 14:04:01.200000,2025-07-03 14:06:28.600,13.21,0.9633102833333334,23,1,osrm
550,delivered,2025-07-03 13:56:12,2025-07-03 14:09:26.958808,2025-07-03 14:09:26.958808,2025-07-03 14:11:09.100,14.951666666666666,0.0,10,1,osrm
551,delivered,2025-07-03 13:57:11,2025-07-03 14:11:37.980121,2025-07-03 14:15:35.800000,2025-07-03 14:18:45.100,21.56833333333333,3.9636646499999997,26,1,osrm
552,delivered,2025-07-03 13:57:42,2025-07-03 14:13:12.016408,2025-07-03 14:14:47.300000,2025-07-03 14:16:35.600,18.89333333333333,1.5880598666666665,5,1,osrm
553,delivered,2025-07-03 14:00:42,2025-07-03 14:14:49.745547,2025-07-03 14:14:49.745547,2025-07-03 14:15:04.100,14.368333333333334,0.0,13,1,osrm
554,delivered,2025-07-03 14:00:08,2025-07-03 14:16:03.415861,2025-07-03 14:23:46.200000,2025-07-03 14:29:18.800,29.18,7.713068983333333,10,1,osrm
555,delivered,2025-07-03 14:00:01,2025-07-03 14:15:53.105805,2025-07-03 14:19:08.500000,2025-07-03 14:24:32.000,24.516666666666666,3.2565699166666664,23,1,osrm
556,delivered,2025-07-03 14:02:37,2025-07-03 14:11:44.720423,2025-07-03 14:13:37.200000,2025-07-03 14:16:04.000,13.45,1.8746596166666667,7,1,osrm
557,delivered,2025-07-03 14:02:56,2025-07-03 14:21:51.919739,2025-07-03 14:23:16.800000,2025-07-03 14:25:48.000,22.866666666666667,1.4146710166666667,28,1,osrm
558,delivered,2025-07-03 14:02:46,2025-07-03 14:16:33.548130,2025-07-03 14:18:11.200000,2025-07-03 14:20:08.000,17.366666666666667,1.6275311666666668,16,1,osrm
559,delivered,2025-07-03 14:05:44,2025-07-03 14:16:36.560639,2025-07-03 14:17:37.800000,2025-07-03 14:20:30.700,14.778333333333334,1.0206560166666667,2,1,osrm
560,delivered,2025-07-03 14:06:04,2025-07-03 14:14:13.395630,2025-07-03 14:14:13.395630,2025-07-03 14:19:44.600,13.676666666666668,0.0,21,1,osrm
561,delivered,2025-07-03 14:06:57,2025-07-03 14:19:53.319137,2025-07-03 14:19:53.319137,2025-07-03 14:23:52.700,16.928333333333335,0.0,15,1,osrm
562,delivered,2025-07-03 14:10:14,2025-07-03 14:19:27.308004,2025-07-03 14:19:27.308004,2025-07-03 14:21:49.300,11.588333333333333,0.0,6,1,osrm
563,delivered,2025-07-03 14:13:42,2025-07-03 14:23:46.541274,2025-07-03 14:24:30.000000,2025-07-03 14:25:52.800,12.18,0.7243121,13,1,osrm
564,delivered,2025-07-03 14:16:16,2025-07-03 14:25:12.696167,2025-07-03 14:28:11.200000,2025-07-03 14:30:20.600,14.076666666666666,2.975063883333333,1,1,osrm
565,delivered,2025-07-03 14:16:55,2025-07-03 14:29:29.811923,2025-07-03 14:29:29.811923,2025-07-03 14:32:07.900,15.215,0.0,7,1,osrm
566,delivered,2025-07-03 14:18:22,2025-07-03 14:35:25.058739,2025-07-03 14:48:12.900000,2025-07-03 14:52:54.800,34.54666666666667,12.79735435,4,1,osrm
567,delivered,2025-07-03 14:20:15,2025-07-03 14:29:46.893216,2025-07-03 14:29:46.893216,2025-07-03 14:33:05.800,12.846666666666666,0.0,11,1,osrm
568,delivered,2025-07-03 14:20:36,2025-07-03 14:36:44.471510,2025-07-03 14:40:41.100000,2025-07-03 14:43:38.400,23.040000000000003,3.9438081666666664,28,1,osrm
569,delivered,2025-07-03 14:24:29,2025-07-03 14:40:59.138157,2025-07-03 14:42:36.300000,2025-07-03 14:45:25.900,20.948333333333334,1.6193640500000002,25,1,osrm
570,delivered,2025-07-03 14:24:23,2025-07-03 14:35:34.596936,2025-07-03 14:43:59.000000,2025-07-03 14:49:32.500,25.158333333333335,8.406717733333332,7,1,osrm
571,delivered,2025-07-03 14:26:31,2025-07-03 14:40:14.771911,2025-07-03 14:43:32.000000,2025-07-03 14:45:58.100,19.451666666666664,3.2871348166666667,15,1,osrm
572,delivered,2025-07-03 14:26:59,2025-07-03 14:44:44.179034,2025-07-03 14:45:04.100000,2025-07-03 14:48:41.300,21.705,0.3320161,8,1,osrm
573,delivered,2025-07-03 14:28:13,2025-07-03 14:38:35.456772,2025-07-03 14:39:08.700000,2025-07-03 14:42:43.800,14.513333333333332,0.5540538,29,1,osrm
574,delivered,2025-07-03 14:28:07,2025-07-03 14:36:58.297895,2025-07-03 14:39:08.700000,2025-07-03 14:42:13.800,14.113333333333333,2.173368416666667,13,1,osrm
575,delivered,2025-07-03 14:29:39,2025-07-03 14:37:10.450315,2025-07-03 14:38:43.400000,2025-07-03 14:44:07.500,14.475,1.5491614166666667,27,1,osrm
576,delivered,2025-07-03 14:30:53,2025-07-03 14:46:12.189616,2025-07-03 14:48:07.000000,2025-07-03 14:50:46.300,19.888333333333332,1.9135064,26,1,osrm
577,delivered,2025-07-03 14:30:38,2025-07-03 14:45:02.832599,2025-07-03 14:45:02.832599,2025-07-03 14:49:45.500,19.125,0.0,19,2,osrm
578,delivered,2025-07-03 14:32:40,2025-07-03 14:45:17.188774,2025-07-03 14:50:04.600000,2025-07-03 14:52:33.000,19.883333333333333,4.7901871,6,1,osrm
579,delivered,2025-07-03 14:34:02,2025-07-03 14:43:19.813313,2025-07-03 14:45:02.832599,2025-07-03 14:49:45.500,15.725,1.7169880999999998,19,2,osrm
580,delivered,2025-07-03 14:34:22,2025-07-03 14:45:23.715216,2025-07-03 14:49:00.900000,2025-07-03 14:52:20.300,17.971666666666668,3.6197464,10,1,osrm
581,delivered,2025-07-03 14:34:24,2025-07-03 14:42:34.775379,2025-07-03 14:47:34.000000,2025-07-03 14:50:48.300,16.404999999999998,4.9870770166666665,30,1,osrm
582,delivered,2025-07-03 14:34:00,2025-07-03 14:43:40.159179,2025-07-03 14:43:40.159179,2025-07-03 14:47:28.900,13.481666666666666,0.0,14,1,osrm
583,delivered,2025-07-03 14:35:43,2025-07-03 14:46:28.494837,2025-07-03 14:50:10.500000,2025-07-03 14:53:48.600,18.09333333333333,3.7000860500000003,5,1,osrm
584,delivered,2025-07-03 14:37:58,2025-07-03 14:46:21.191588,2025-07-03 14:48:45.800000,2025-07-03 14:52:09.500,14.191666666666666,2.4101402,24,1,osrm
585,delivered,2025-07-03 14:38:30,2025-07-03 14:51:10.578005,2025-07-03 14:53:46.700000,2025-07-03 14:57:21.100,18.851666666666667,2.60203325,2,1,osrm
586,delivered,2025-07-03 14:39:00,2025-07-03 14:52:32.618991,2025-07-03 14:53:50.700000,2025-07-03 14:57:58.700,18.978333333333335,1.30135015,27,1,osrm
587,delivered,2025-07-03 14:39:58,2025-07-03 14:55:55.726060,2025-07-03 14:58:12.900000,2025-07-03 15:01:13.700,21.261666666666667,2.286232333333333,14,1,osrm
588,delivered,2025-07-03 14:42:31,2025-07-03 14:55:30.222465,2025-07-03 14:59:50.500000,2025-07-03 15:03:46.100,21.251666666666665,4.3379589166666666,7,1,osrm
589,delivered,2025-07-03 14:45:27,2025-07-03 15:05:57.167367,2025-07-03 15:09:51.400000,2025-07-03 15:13:02.800,27.596666666666668,3.9038772166666664,1,1,osrm
590,delivered,2025-07-03 14:50:02,2025-07-03 14:58:34.926897,2025-07-03 14:59:41.800000,2025-07-03 15:02:58.800,12.946666666666665,1.1145517166666667,13,1,osrm
591,delivered,2025-07-03 14:51:08,2025-07-03 15:05:34.743929,2025-07-03 15:09:38.600000,2025-07-03 15:11:54.900,20.78166666666667,4.064267849999999,16,1,osrm
592,delivered,2025-07-03 14:55:31,2025-07-03 15:07:01.840846,2025-07-03 15:08:57.800000,2025-07-03 15:11:39.200,16.136666666666667,1.9326525666666667,12,1,osrm
593,delivered,2025-07-03 14:56:50,2025-07-03 15:08:24.410900,2025-07-03 15:09:23.600000,2025-07-03 15:13:46.000,16.933333333333334,0.9864850000000001,2,1,osrm
594,delivered,2025-07-03 15:00:17,2025-07-03 15:09:48.744113,2025-07-03 15:10:10.800000,2025-07-03 15:13:41.600,13.41,0.36759811666666664,5,1,osrm
595,delivered,2025-07-03 15:00:35,2025-07-03 15:09:22.340332,2025-07-03 15:09:22.340332,2025-07-03 15:12:23.800,11.813333333333333,0.0,29,1,osrm
596,delivered,2025-07-03 15:01:41,2025-07-03 15:12:03.197927,2025-07-03 15:13:39.400000,2025-07-03 15:16:19.400,14.639999999999999,1.6033678833333334,13,1,osrm
597,delivered,2025-07-03 15:02:04,2025-07-03 15:14:03.779427,2025-07-03 15:15:33.300000,2025-07-03 15:17:26.900,15.381666666666666,1.49200955,6,1,osrm
598,delivered,2025-07-03 15:03:24,2025-07-03 15:11:25.027905,2025-07-03 15:13:00.300000,2025-07-03 15:15:31.500,12.125,1.5878682499999999,30,1,osrm
599,delivered,2025-07-03 15:05:47,2025-07-03 15:17:20.065508,2025-07-03 15:18:16.200000,2025-07-03 15:19:41.400,13.906666666666666,0.9355748666666667,19,1,osrm
600,delivered,2025-07-03 15:05:42,2025-07-03 15:21:33.623445,2025-07-03 15:24:18.000000,2025-07-03 15:25:59.500,20.291666666666668,2.73960925,9,1,osrm
601,delivered,2025-07-03 15:06:32,2025-07-03 15:15:44.936301,2025-07-03 15:18:29.900000,2025-07-03 15:22:23.500,15.858333333333333,2.749394983333333,28,1,osrm
602,delivered,2025-07-03 15:08:07,2025-07-03 15:21:34.892336,2025-07-03 15:24:06.500000,2025-07-03 15:28:18.800,20.196666666666665,2.5267944,29,1,osrm
603,delivered,2025-07-03 15:10:10,2025-07-03 15:18:40.730736,2025-07-03 15:19:20.500000,2025-07-03 15:21:42.900,11.548333333333334,0.6628210666666666,15,1,osrm
604,delivered,2025-07-03 15:11:37,2025-07-03 15:20:41.395152,2025-07-03 15:25:22.500000,2025-07-03 15:27:35.200,15.97,4.6850808,11,1,osrm
605,delivered,2025-07-03 15:12:42,2025-07-03 15:21:51.575932,2025-07-03 15:24:18.800000,2025-07-03 15:28:47.700,16.095000000000002,2.4537344666666665,5,1,osrm
606,delivered,2025-07-03 15:13:28,2025-07-03 15:28:51.887495,2025-07-03 15:38:26.900000,2025-07-03 15:44:27.700,30.995,9.58354175,19,1,osrm
607,delivered,2025-07-03 15:15:29,2025-07-03 15:26:44.968383,2025-07-03 15:29:15.500000,2025-07-03 15:32:32.900,17.065,2.5088602833333336,8,1,osrm
608,delivered,2025-07-03 15:16:36,2025-07-03 15:27:10.866434,2025-07-03 15:30:08.300000,2025-07-03 15:32:28.100,15.868333333333334,2.9572261,18,1,osrm
609,delivered,2025-07-03 15:17:15,2025-07-03 15:31:27.961948,2025-07-03 15:33:54.700000,2025-07-03 15:36:59.100,19.735,2.4456342,10,1,osrm
610,delivered,2025-07-03 15:19:35,2025-07-03 15:27:22.202155,2025-07-03 15:30:01.400000,2025-07-03 15:32:23.400,12.806666666666667,2.6532974166666667,26,1,osrm
611,delivered,2025-07-03 15:19:40,2025-07-03 15:31:26.788565,2025-07-03 15:33:59.100000,2025-07-03 15:36:37.200,16.953333333333333,2.5385239166666667,28,1,osrm
612,delivered,2025-07-03 15:20:05,2025-07-03 15:30:10.948567,2025-07-03 15:35:26.200000,2025-07-03 15:39:55.300,19.83833333333333,5.254190550000001,14,1,osrm
613,delivered,2025-07-03 15:25:05,2025-07-03 15:35:35.503076,2025-07-03 15:39:37.800000,2025-07-03 15:42:19.600,17.243333333333332,4.038282066666667,22,1,osrm
614,delivered,2025-07-03 15:27:33,2025-07-03 15:39:34.478535,2025-07-03 15:39:38.300000,2025-07-03 15:42:17.700,14.745000000000001,0.06369108333333333,7,1,osrm
615,delivered,2025-07-03 15:27:06,2025-07-03 15:34:43.678952,2025-07-03 15:34:43.678952,2025-07-03 15:36:38.700,9.545,0.0,2,1,osrm
616,delivered,2025-07-03 15:27:03,2025-07-03 15:41:04.691695,2025-07-03 15:43:26.900000,2025-07-03 15:46:41.400,19.64,2.370138416666667,13,1,osrm
617,delivered,2025-07-03 15:30:03,2025-07-03 15:39:13.336649,2025-07-03 15:39:13.336649,2025-07-03 15:42:48.300,12.754999999999999,0.0,9,1,osrm
618,delivered,2025-07-03 15:31:37,2025-07-03 15:46:13.405329,2025-07-03 15:47:39.300000,2025-07-03 15:51:16.300,19.654999999999998,1.43157785,2,1,osrm
619,delivered,2025-07-03 15:32:17,2025-07-03 15:41:50.428732,2025-07-03 15:44:37.000000,2025-07-03 15:49:26.600,17.16,2.7761878,17,1,osrm
620,delivered,2025-07-03 15:33:19,2025-07-03 15:45:43.997037,2025-07-03 15:53:26.900000,2025-07-03 15:58:00.300,24.688333333333333,7.715049383333334,22,1,osrm
621,delivered,2025-07-03 15:35:57,2025-07-03 15:50:41.897494,2025-07-03 15:54:56.400000,2025-07-03 15:58:25.500,22.475,4.241708433333334,4,1,osrm
622,delivered,2025-07-03 15:38:19,2025-07-03 15:50:22.597758,2025-07-03 15:52:46.100000,2025-07-03 15:58:09.100,19.834999999999997,2.3917040333333333,7,1,osrm
623,delivered,2025-07-03 15:42:31,2025-07-03 15:50:47.768937,2025-07-03 15:55:42.600000,2025-07-03 15:58:15.600,15.743333333333334,4.91385105,27,1,osrm
624,delivered,2025-07-03 15:43:02,2025-07-03 15:55:29.732141,2025-07-03 15:59:22.700000,2025-07-03 16:01:21.500,18.325,3.88279765,13,1,osrm
625,delivered,2025-07-03 15:44:42,2025-07-03 15:54:17.738273,2025-07-03 15:54:56.400000,2025-07-03 15:57:46.600,13.076666666666666,0.6443621166666667,6,1,osrm
626,delivered,2025-07-03 15:46:07,2025-07-03 15:57:03.899733,2025-07-03 15:59:00.300000,2025-07-03 16:02:10.600,16.06,1.94000445,15,1,osrm
627,delivered,2025-07-03 15:47:57,2025-07-03 16:01:32.527111,2025-07-03 16:04:42.600000,2025-07-03 16:08:37.200,20.67,3.1678814833333333,1,1,osrm
628,delivered,2025-07-03 15:47:55,2025-07-03 15:56:25.762184,2025-07-03 16:00:39.000000,2025-07-03 16:03:11.100,15.268333333333334,4.220630266666666,16,1,osrm
629,delivered,2025-07-03 15:47:04,2025-07-03 16:04:20.561305,2025-07-03 16:13:49.200000,2025-07-03 16:19:20.200,32.27,9.477311583333334,12,2,osrm
630,delivered,2025-07-03 15:47:58,2025-07-03 16:02:39.946948,2025-07-03 16:14:29.614760,2025-07-03 16:17:53.400,29.923333333333336,11.827796866666667,13,3,osrm
631,delivered,2025-07-03 15:49:05,2025-07-03 16:00:48.706476,2025-07-03 16:04:11.100000,2025-07-03 16:07:28.800,18.396666666666665,3.3732254000000004,19,1,osrm
632,delivered,2025-07-03 15:50:10,2025-07-03 16:13:18.505190,2025-07-03 16:22:30.900000,2025-07-03 16:29:30.400,39.34,9.206580166666667,30,2,osrm
633,delivered,2025-07-03 15:51:19,2025-07-03 16:03:18.445367,2025-07-03 16:07:09.900000,2025-07-03 16:10:54.400,19.59,3.857577216666667,27,1,osrm
634,delivered,2025-07-03 15:52:32,2025-07-03 16:05:24.439847,2025-07-03 16:07:55.100000,2025-07-03 16:10:41.400,18.15666666666667,2.51100255,26,1,osrm
635,delivered,2025-07-03 15:52:41,2025-07-03 16:04:29.385924,2025-07-03 16:10:04.100000,2025-07-03 16:12:33.000,19.866666666666667,5.578567933333333,20,1,osrm
636,delivered,2025-07-03 15:53:31,2025-07-03 16:06:49.389142,2025-07-03 16:14:42.600000,2025-07-03 16:19:29.600,25.976666666666667,7.886847633333333,16,2,osrm
637,delivered,2025-07-03 15:54:09,2025-07-03 16:09:03.798170,2025-07-03 16:09:14.790918,2025-07-03 16:12:51.300,18.705,0.18321246666666668,11,2,osrm
638,delivered,2025-07-03 15:55:19,2025-07-03 16:11:04.739620,2025-07-03 16:13:49.200000,2025-07-03 16:19:20.200,24.02,2.741006333333333,12,2,osrm
639,delivered,2025-07-03 15:55:32,2025-07-03 16:11:25.972296,2025-07-03 16:14:42.600000,2025-07-03 16:19:29.600,23.959999999999997,3.2771284,16,2,osrm
640,delivered,2025-07-03 15:55:32,2025-07-03 16:08:35.525403,2025-07-03 16:08:35.525403,2025-07-03 16:10:43.700,15.195,0.0,18,1,osrm
641,delivered,2025-07-03 15:55:21,2025-07-03 16:09:21.924614,2025-07-03 16:24:32.300000,2025-07-03 16:34:01.800,38.68,15.1729231,29,3,osrm
642,delivered,2025-07-03 15:56:05,2025-07-03 16:09:38.960263,2025-07-03 16:14:33.600000,2025-07-03 16:17:48.000,21.716666666666665,4.910662283333334,2,1,osrm
643,delivered,2025-07-03 15:58:56,2025-07-03 16:09:04.592665,2025-07-03 16:14:33.566424,2025-07-03 16:17:51.000,18.916666666666668,5.482895983333333,8,4,osrm
644,delivered,2025-07-03 15:58:41,2025-07-03 16:14:38.965457,2025-07-03 16:29:50.300000,2025-07-03 16:34:44.300,36.055,15.188909050000001,7,2,osrm
645,delivered,2025-07-03 15:58:03,2025-07-03 16:11:00.772430,2025-07-03 16:24:32.300000,2025-07-03 16:34:01.800,35.980000000000004,13.5254595,29,3,osrm
646,delivered,2025-07-03 15:59:26,2025-07-03 16:09:14.790918,2025-07-03 16:09:14.790918,2025-07-03 16:12:51.300,13.421666666666665,0.0,11,2,osrm
647,delivered,2025-07-03 15:59:03,2025-07-03 16:10:02.693006,2025-07-03 16:24:32.300000,2025-07-03 16:34:01.800,34.980000000000004,14.4934499,29,3,osrm
648,delivered,2025-07-03 15:59:24,2025-07-03 16:09:52.946794,2025-07-03 16:14:29.614760,2025-07-03 16:17:53.400,18.490000000000002,4.611132766666667,13,3,osrm
649,delivered,2025-07-03 15:59:01,2025-07-03 16:08:34.925038,2025-07-03 16:22:30.900000,2025-07-03 16:29:30.400,30.490000000000002,13.932916033333333,30,2,osrm
650,delivered,2025-07-03 16:00:05,2025-07-03 16:07:39.626284,2025-07-03 16:23:45.200000,2025-07-03 16:27:29.900,27.415000000000003,16.092895266666666,18,4,osrm
651,delivered,2025-07-03 16:00:51,2025-07-03 16:07:07.835531,2025-07-03 16:08:15.800000,2025-07-03 16:12:38.500,11.791666666666666,1.13274115,6,1,osrm
652,delivered,2025-07-03 16:01:50,2025-07-03 16:14:21.563325,2025-07-03 16:23:45.200000,2025-07-03 16:27:29.900,25.665000000000003,9.393944583333333,18,4,osrm
653,delivered,2025-07-03 16:02:41,2025-07-03 16:14:33.566424,2025-07-03 16:14:33.566424,2025-07-03 16:17:51.000,15.166666666666666,0.0,8,4,osrm
654,delivered,2025-07-03 16:02:52,2025-07-03 16:09:26.800677,2025-07-03 16:09:32.600000,2025-07-03 16:12:49.600,9.96,0.09665538333333333,21,1,osrm
655,delivered,2025-07-03 16:03:31,2025-07-03 16:14:06.323449,2025-07-03 16:14:33.566424,2025-07-03 16:17:51.000,14.333333333333334,0.45404958333333334,8,4,osrm
656,delivered,2025-07-03 16:03:28,2025-07-03 16:12:38.233026,2025-07-03 16:13:00.000000,2025-07-03 16:15:44.300,12.271666666666667,0.3627829,14,1,osrm
657,delivered,2025-07-03 16:03:47,2025-07-03 16:13:29.977722,2025-07-03 16:14:00.600000,2025-07-03 16:16:16.800,12.496666666666666,0.5103713,28,1,osrm
658,delivered,2025-07-03 16:04:34,2025-07-03 16:14:50.471032,2025-07-03 16:28:30.400000,2025-07-03 16:33:13.800,28.663333333333334,13.665482800000001,10,2,osrm
659,delivered,2025-07-03 16:05:43,2025-07-03 16:19:13.271896,2025-07-03 16:34:12.100000,2025-07-03 16:41:18.100,35.585,14.980468400000001,11,2,osrm
660,delivered,2025-07-03 16:07:24,2025-07-03 16:22:50.265460,2025-07-03 16:23:45.200000,2025-07-03 16:27:29.900,20.098333333333336,0.9155756666666667,18,4,osrm
661,delivered,2025-07-03 16:07:10,2025-07-03 16:21:56.990900,2025-07-03 16:34:14.000000,2025-07-03 16:39:31.300,32.355,12.283485,23,2,osrm
662,delivered,2025-07-03 16:07:22,2025-07-03 16:14:29.614760,2025-07-03 16:14:29.614760,2025-07-03 16:17:53.400,10.523333333333333,0.0,13,3,osrm
663,delivered,2025-07-03 16:08:53,2025-07-03 16:21:34.163485,2025-07-03 16:50:37.109969,2025-07-03 16:48:46.500,39.891666666666666,29.04910806666667,30,3,osrm
664,delivered,2025-07-03 16:09:33,2025-07-03 16:18:25.334814,2025-07-03 16:19:19.900000,2025-07-03 16:21:50.800,12.296666666666665,0.9094197666666666,19,1,osrm
665,delivered,2025-07-03 16:11:29,2025-07-03 16:20:07.909718,2025-07-03 16:34:33.800000,2025-07-03 16:38:37.100,27.134999999999998,14.4315047,3,2,osrm
666,delivered,2025-07-03 16:11:19,2025-07-03 16:25:27.933949,2025-07-03 16:29:50.300000,2025-07-03 16:34:44.300,23.421666666666667,4.372767516666667,7,2,osrm
667,delivered,2025-07-03 16:12:24,2025-07-03 16:26:24.841907,2025-07-03 16:44:11.632249,2025-07-03 16:50:52.300,38.47166666666667,17.779839033333335,29,4,osrm
668,delivered,2025-07-03 16:12:46,2025-07-03 16:23:07.055363,2025-07-03 16:38:36.600000,2025-07-03 16:45:30.800,32.74666666666666,15.492410616666666,28,2,osrm
669,delivered,2025-07-03 16:13:56,2025-07-03 16:26:10.754125,2025-07-03 16:29:06.100000,2025-07-03 16:32:34.300,18.638333333333332,2.9224312500000003,17,1,osrm
670,delivered,2025-07-03 16:14:59,2025-07-03 16:33:39.798345,2025-07-03 16:53:05.633315,2025-07-03 16:49:23.700,34.41166666666666,19.430582833333336,16,4,osrm
671,delivered,2025-07-03 16:14:26,2025-07-03 16:27:23.274392,2025-07-03 16:28:13.600000,2025-07-03 16:29:43.300,15.288333333333332,0.8387601333333333,28,1,osrm
672,delivered,2025-07-03 16:14:20,2025-07-03 16:23:35.190772,2025-07-03 16:28:57.700000,2025-07-03 16:30:59.300,16.654999999999998,5.3751538000000005,16,1,osrm
673,delivered,2025-07-03 16:14:07,2025-07-03 16:22:26.526283,2025-07-03 16:47:23.005162,2025-07-03 16:45:28.800,31.363333333333333,24.94131465,22,4,osrm
674,delivered,2025-07-03 16:14:36,2025-07-03 16:26:19.355303,2025-07-03 16:28:30.400000,2025-07-03 16:33:13.800,18.63,2.1840782833333336,10,2,osrm
675,delivered,2025-07-03 16:14:28,2025-07-03 16:26:42.571996,2025-07-03 16:34:12.100000,2025-07-03 16:41:18.100,26.834999999999997,7.4921334,11,2,osrm
676,delivered,2025-07-03 16:15:33,2025-07-03 16:25:59.936462,2025-07-03 16:29:46.000000,2025-07-03 16:33:36.400,18.05666666666667,3.7677256333333333,25,2,osrm
677,delivered,2025-07-03 16:16:45,2025-07-03 16:31:06.402511,2025-07-03 16:35:04.200000,2025-07-03 16:39:04.800,22.33,3.9632914833333337,5,1,osrm
678,delivered,2025-07-03 16:17:00,2025-07-03 16:30:52.218154,2025-07-03 16:34:14.000000,2025-07-03 16:39:31.300,22.521666666666665,3.363030766666667,23,2,osrm
679,delivered,2025-07-03 16:17:52,2025-07-03 16:28:53.360564,2025-07-03 16:34:33.800000,2025-07-03 16:38:37.100,20.751666666666665,5.6739906,3,2,osrm
680,delivered,2025-07-03 16:17:43,2025-07-03 16:31:23.847618,2025-07-03 16:44:11.632249,2025-07-03 16:50:52.300,33.155,12.796410516666667,29,4,osrm
681,delivered,2025-07-03 16:17:42,2025-07-03 16:28:35.993279,2025-07-03 16:29:46.000000,2025-07-03 16:33:36.400,15.906666666666666,1.1667786833333333,25,2,osrm
682,delivered,2025-07-03 16:18:24,2025-07-03 16:34:26.168065,2025-07-03 16:38:36.600000,2025-07-03 16:45:30.800,27.113333333333333,4.173865583333334,28,2,osrm
683,delivered,2025-07-03 16:18:00,2025-07-03 16:31:35.800414,2025-07-03 16:40:01.500000,2025-07-03 16:43:49.600,25.826666666666664,8.428326433333334,14,3,osrm
684,delivered,2025-07-03 16:19:50,2025-07-03 16:32:02.636707,2025-07-03 16:48:15.968229,2025-07-03 16:55:00.100,35.16833333333333,16.222192033333332,23,4,osrm
685,delivered,2025-07-03 16:19:35,2025-07-03 16:25:42.183452,2025-07-03 16:45:27.901928,2025-07-03 16:48:11.600,28.61,19.7619746,19,4,osrm
686,delivered,2025-07-03 16:19:28,2025-07-03 16:34:14.344190,2025-07-03 16:38:35.000000,2025-07-03 16:42:21.400,22.89,4.344263499999999,18,1,osrm
687,delivered,2025-07-03 16:20:25,2025-07-03 16:32:33.262125,2025-07-03 16:33:50.100000,2025-07-03 16:35:46.200,15.353333333333333,1.2806312499999999,6,1,osrm
688,delivered,2025-07-03 16:20:05,2025-07-03 16:35:05.118788,2025-07-03 16:52:16.415483,2025-07-03 17:00:40.400,40.59,17.18827825,3,4,osrm
689,delivered,2025-07-03 16:20:18,2025-07-03 16:32:28.327716,2025-07-03 16:40:01.500000,2025-07-03 16:43:49.600,23.526666666666664,7.5528714,14,3,osrm
690,delivered,2025-07-03 16:21:34,2025-07-03 16:37:18.720739,2025-07-03 16:48:15.968229,2025-07-03 16:55:00.100,33.434999999999995,10.954124833333333,23,4,osrm
691,delivered,2025-07-03 16:25:37,2025-07-03 16:38:13.468241,2025-07-03 16:39:25.200000,2025-07-03 16:41:20.900,15.731666666666666,1.1955293166666665,13,1,osrm
692,delivered,2025-07-03 16:25:11,2025-07-03 16:37:44.721024,2025-07-03 16:49:38.286531,2025-07-03 16:55:05.200,29.903333333333332,11.89275845,4,3,osrm
693,delivered,2025-07-03 16:26:33,2025-07-03 16:33:35.342311,2025-07-03 16:50:37.109969,2025-07-03 16:48:46.500,22.225,17.029460966666665,30,3,osrm
694,delivered,2025-07-03 16:26:28,2025-07-03 16:39:18.975694,2025-07-03 16:48:53.657485,2025-07-03 16:54:03.400,27.59,9.57802985,1,3,osrm
695,delivered,2025-07-03 16:26:55,2025-07-03 16:41:52.484064,2025-07-03 16:52:16.415483,2025-07-03 17:00:40.400,33.75666666666667,10.398856983333333,3,4,osrm
696,delivered,2025-07-03 16:27:36,2025-07-03 16:42:16.855370,2025-07-03 16:47:23.005162,2025-07-03 16:45:28.800,17.88,5.102496533333333,22,4,osrm
697,delivered,2025-07-03 16:27:44,2025-07-03 16:44:11.632249,2025-07-03 16:44:11.632249,2025-07-03 16:50:52.300,23.138333333333332,0.0,29,4,osrm
698,delivered,2025-07-03 16:28:27,2025-07-03 16:37:44.864082,2025-07-03 16:53:38.600000,2025-07-03 17:00:50.400,32.39,15.895598633333332,14,3,osrm
699,delivered,2025-07-03 16:28:35,2025-07-03 16:39:30.027685,2025-07-03 16:44:11.632249,2025-07-03 16:50:52.300,22.288333333333334,4.693409399999999,29,4,osrm
700,delivered,2025-07-03 16:28:22,2025-07-03 16:41:29.991749,2025-07-03 16:48:53.657485,2025-07-03 16:54:03.400,25.69,7.394428933333333,1,3,osrm
701,delivered,2025-07-03 16:28:42,2025-07-03 16:40:00.635829,2025-07-03 16:55:06.500000,2025-07-03 17:03:22.800,34.68,15.097736183333334,17,3,osrm
702,delivered,2025-07-03 16:29:59,2025-07-03 16:39:29.642340,2025-07-03 16:45:27.901928,2025-07-03 16:48:11.600,18.209999999999997,5.970993133333334,19,4,osrm
703,delivered,2025-07-03 16:29:32,2025-07-03 16:37:11.722629,2025-07-03 16:40:01.500000,2025-07-03 16:43:49.600,14.293333333333333,2.82962285,14,3,osrm
704,delivered,2025-07-03 16:29:07,2025-07-03 16:38:28.963141,2025-07-03 16:53:38.600000,2025-07-03 17:00:50.400,31.723333333333336,15.160614316666665,14,3,osrm
705,delivered,2025-07-03 16:31:52,2025-07-03 16:46:42.390851,2025-07-03 17:13:02.247371,2025-07-03 17:22:02.200,50.169999999999995,26.330942,13,4,osrm
706,delivered,2025-07-03 16:31:29,2025-07-03 16:47:19.652185,2025-07-03 16:49:38.286531,2025-07-03 16:55:05.200,23.603333333333335,2.3105724333333333,4,3,osrm
707,delivered,2025-07-03 16:31:01,2025-07-03 16:42:02.193406,2025-07-03 16:53:05.633315,2025-07-03 16:49:23.700,18.378333333333334,11.057331816666666,16,4,osrm
708,delivered,2025-07-03 16:31:07,2025-07-03 16:44:38.764789,2025-07-03 17:03:55.768299,2025-07-03 17:05:03.500,33.94166666666667,19.283391833333333,19,4,osrm
709,delivered,2025-07-03 16:32:59,2025-07-03 16:38:58.962370,2025-07-03 16:59:29.900000,2025-07-03 17:03:34.400,30.59,20.515627166666665,26,2,osrm
710,delivered,2025-07-03 16:32:02,2025-07-03 16:45:26.314032,2025-07-03 16:47:23.005162,2025-07-03 16:45:28.800,13.446666666666665,1.9448521666666667,22,4,osrm
711,delivered,2025-07-03 16:32:13,2025-07-03 16:45:57.769218,2025-07-03 17:03:47.900000,2025-07-03 17:15:24.700,43.195,17.83551303333333,27,4,osrm
712,delivered,2025-07-03 16:32:43,2025-07-03 16:42:31.790827,2025-07-03 16:48:15.968229,2025-07-03 16:55:00.100,22.285,5.736290033333333,23,4,osrm
713,delivered,2025-07-03 16:32:01,2025-07-03 16:46:06.673962,2025-07-03 17:03:55.768299,2025-07-03 17:05:03.500,33.041666666666664,17.81823895,19,4,osrm
714,delivered,2025-07-03 16:33:24,2025-07-03 16:48:15.968229,2025-07-03 16:48:15.968229,2025-07-03 16:55:00.100,21.601666666666667,0.0,23,4,osrm
715,delivered,2025-07-03 16:33:31,2025-07-03 16:50:37.109969,2025-07-03 16:50:37.109969,2025-07-03 16:48:46.500,15.258333333333333,0.0,30,3,osrm
716,delivered,2025-07-03 16:33:50,2025-07-03 16:47:23.005162,2025-07-03 16:47:23.005162,2025-07-03 16:45:28.800,11.646666666666667,0.0,22,4,osrm
717,delivered,2025-07-03 16:34:15,2025-07-03 16:44:18.580835,2025-07-03 17:05:44.900569,2025-07-03 17:17:10.700,42.92833333333333,21.438662233333332,16,4,osrm
718,delivered,2025-07-03 16:34:07,2025-07-03 16:50:10.817806,2025-07-03 17:13:02.247371,2025-07-03 17:22:02.200,47.919999999999995,22.857159416666665,13,4,osrm
719,delivered,2025-07-03 16:34:32,2025-07-03 16:52:33.638153,2025-07-03 17:11:51.800754,2025-07-03 17:20:17.300,45.755,19.302710016666666,9,4,osrm
720,delivered,2025-07-03 16:34:33,2025-07-03 16:39:33.000000,2025-07-03 17:01:46.434343,2025-07-03 17:03:09.600,28.61,22.223905716666664,21,4,osrm
721,delivered,2025-07-03 16:35:59,2025-07-03 16:51:21.276564,2025-07-03 16:58:31.257758,2025-07-03 17:02:29.300,26.505,7.166353233333334,5,3,osrm
722,delivered,2025-07-03 16:35:49,2025-07-03 16:45:58.121352,2025-07-03 17:03:35.600000,2025-07-03 17:10:03.800,34.24666666666667,17.624644133333334,4,4,osrm
723,delivered,2025-07-03 16:35:22,2025-07-03 16:48:53.657485,2025-07-03 16:48:53.657485,2025-07-03 16:54:03.400,18.69,0.0,1,3,osrm
724,delivered,2025-07-03 16:35:03,2025-07-03 16:51:11.484608,2025-07-03 16:55:06.500000,2025-07-03 17:03:22.800,28.33,3.9169232,17,3,osrm
725,delivered,2025-07-03 16:35:54,2025-07-03 16:47:30.149909,2025-07-03 16:54:31.619943,2025-07-03 16:59:40.900,23.78166666666667,7.024500566666666,13,4,osrm
726,delivered,2025-07-03 16:35:08,2025-07-03 16:44:50.301885,2025-07-03 16:45:27.901928,2025-07-03 16:48:11.600,13.06,0.6266673833333333,19,4,osrm
727,delivered,2025-07-03 16:35:49,2025-07-03 16:46:35.350400,2025-07-03 17:01:46.434343,2025-07-03 17:03:09.600,27.34333333333333,15.184732383333333,21,4,osrm
728,delivered,2025-07-03 16:35:52,2025-07-03 16:48:28.249693,2025-07-03 17:07:19.463363,2025-07-03 17:12:39.700,36.794999999999995,18.85356116666667,7,2,osrm
729,delivered,2025-07-03 16:36:29,2025-07-03 16:51:27.526485,2025-07-03 17:23:12.695123,2025-07-03 17:25:18.400,48.82333333333334,31.752810633333336,26,3,osrm
730,delivered,2025-07-03 16:36:43,2025-07-03 16:51:22.129842,2025-07-03 17:16:11.489463,2025-07-03 17:20:57.400,44.24,24.82266035,22,4,osrm
731,delivered,2025-07-03 16:36:18,2025-07-03 16:49:38.230645,2025-07-03 17:04:26.842764,2025-07-03 17:16:38.500,40.34166666666667,14.810201983333334,23,4,osrm
732,delivered,2025-07-03 16:36:53,2025-07-03 16:52:26.479302,2025-07-03 17:04:07.100000,2025-07-03 17:10:37.800,33.74666666666666,11.677011633333333,15,4,osrm
733,delivered,2025-07-03 16:36:26,2025-07-03 16:43:32.910614,2025-07-03 17:40:33.231626,2025-07-03 17:46:09.800,69.73,57.005350199999995,2,3,osrm
734,delivered,2025-07-03 16:36:50,2025-07-03 16:45:27.901928,2025-07-03 16:45:27.901928,2025-07-03 16:48:11.600,11.360000000000001,0.0,19,4,osrm
735,delivered,2025-07-03 16:36:41,2025-07-03 16:47:25.146004,2025-07-03 17:04:07.100000,2025-07-03 17:10:37.800,33.946666666666665,16.699233266666667,15,4,osrm
736,delivered,2025-07-03 16:37:09,2025-07-03 16:49:07.807877,2025-07-03 16:54:31.619943,2025-07-03 16:59:40.900,22.53166666666667,5.396867766666667,13,4,osrm
737,delivered,2025-07-03 16:37:36,2025-07-03 16:52:16.415483,2025-07-03 16:52:16.415483,2025-07-03 17:00:40.400,23.073333333333334,0.0,3,4,osrm
738,delivered,2025-07-03 16:37:57,2025-07-03 16:48:10.010321,2025-07-03 17:13:02.247371,2025-07-03 17:22:02.200,44.086666666666666,24.870617499999998,13,4,osrm
739,delivered,2025-07-03 16:37:40,2025-07-03 16:54:18.149269,2025-07-03 17:18:48.304466,2025-07-03 17:17:54.400,40.24,24.50258661666667,3,2,osrm
740,delivered,2025-07-03 16:37:15,2025-07-03 16:50:45.175887,2025-07-03 17:03:35.600000,2025-07-03 17:10:03.800,32.81333333333333,12.840401883333334,4,4,osrm
741,delivered,2025-07-03 16:38:51,2025-07-03 16:44:59.824270,2025-07-03 17:21:15.150569,2025-07-03 17:22:06.800,43.263333333333335,36.25543831666666,5,3,osrm
742,delivered,2025-07-03 16:38:40,2025-07-03 16:50:54.135676,2025-07-03 17:03:55.768299,2025-07-03 17:05:03.500,26.391666666666666,13.027210383333333,19,4,osrm
743,delivered,2025-07-03 16:39:06,2025-07-03 16:50:32.989581,2025-07-03 16:59:29.900000,2025-07-03 17:03:34.400,24.473333333333336,8.948506983333335,26,2,osrm
744,delivered,2025-07-03 16:39:45,2025-07-03 16:53:05.633315,2025-07-03 16:53:05.633315,2025-07-03 16:49:23.700,9.645000000000001,0.0,16,4,osrm
745,delivered,2025-07-03 16:39:36,2025-07-03 16:49:38.286531,2025-07-03 16:49:38.286531,2025-07-03 16:55:05.200,15.486666666666668,0.0,4,3,osrm
746,delivered,2025-07-03 16:40:04,2025-07-03 16:56:26.367425,2025-07-03 17:01:46.434343,2025-07-03 17:03:09.600,23.09333333333333,5.334448633333333,21,4,osrm
747,delivered,2025-07-03 16:40:05,2025-07-03 16:51:33.514810,2025-07-03 17:05:44.900569,2025-07-03 17:17:10.700,37.095,14.18976265,16,4,osrm
748,delivered,2025-07-03 16:41:06,2025-07-03 16:51:11.408838,2025-07-03 16:55:06.500000,2025-07-03 17:03:22.800,22.279999999999998,3.9181860333333334,17,3,osrm
749,delivered,2025-07-03 16:41:21,2025-07-03 16:54:31.619943,2025-07-03 16:54:31.619943,2025-07-03 16:59:40.900,18.331666666666667,0.0,13,4,osrm
750,delivered,2025-07-03 16:42:12,2025-07-03 16:50:56.299221,2025-07-03 16:52:16.415483,2025-07-03 17:00:40.400,18.473333333333336,1.3352710333333335,3,4,osrm
751,delivered,2025-07-03 16:42:34,2025-07-03 16:57:01.250481,2025-07-03 17:03:35.600000,2025-07-03 17:10:03.800,27.496666666666666,6.572491983333333,4,4,osrm
752,delivered,2025-07-03 16:42:44,2025-07-03 16:55:49.530013,2025-07-03 17:11:51.800754,2025-07-03 17:20:17.300,37.555,16.037845683333334,9,4,osrm
753,delivered,2025-07-03 16:43:42,2025-07-03 16:58:31.257758,2025-07-03 16:58:31.257758,2025-07-03 17:02:29.300,18.788333333333334,0.0,5,3,osrm
754,delivered,2025-07-03 16:43:55,2025-07-03 16:59:20.196510,2025-07-03 17:04:26.842764,2025-07-03 17:16:38.500,32.725,5.1107709,23,4,osrm
755,delivered,2025-07-03 16:44:10,2025-07-03 16:58:42.906565,2025-07-03 17:23:28.240831,2025-07-03 17:18:07.700,33.961666666666666,24.7555711,21,3,osrm
756,delivered,2025-07-03 16:44:44,2025-07-03 16:54:04.942687,2025-07-03 16:54:31.619943,2025-07-03 16:59:40.900,14.948333333333332,0.44462093333333336,13,4,osrm
757,delivered,2025-07-03 16:44:31,2025-07-03 16:57:16.906319,2025-07-03 17:43:46.500000,2025-07-03 17:51:54.800,67.39666666666668,46.49322801666666,14,4,osrm
758,delivered,2025-07-03 16:44:05,2025-07-03 17:00:56.869966,2025-07-03 17:29:33.971678,2025-07-03 17:31:02.500,46.958333333333336,28.618361866666664,28,4,osrm
759,delivered,2025-07-03 16:44:00,2025-07-03 17:02:37.527040,2025-07-03 17:48:49.315611,2025-07-03 17:56:26.200,72.43666666666667,46.19647618333333,3,3,osrm
760,delivered,2025-07-03 16:44:24,2025-07-03 17:03:31.773627,2025-07-03 17:23:26.187879,2025-07-03 17:25:51.400,41.45666666666667,19.9069042,12,4,osrm
761,delivered,2025-07-03 16:45:54,2025-07-03 16:56:48.230409,2025-07-03 16:58:31.257758,2025-07-03 17:02:29.300,16.58833333333333,1.7171224833333334,5,3,osrm
762,delivered,2025-07-03 16:45:32,2025-07-03 17:00:48.063349,2025-07-03 17:04:26.842764,2025-07-03 17:16:38.500,31.108333333333334,3.6463235833333334,23,4,osrm
763,delivered,2025-07-03 16:45:51,2025-07-03 16:59:40.499211,2025-07-03 17:03:47.900000,2025-07-03 17:15:24.700,29.561666666666667,4.123346483333333,27,4,osrm
764,delivered,2025-07-03 16:46:19,2025-07-03 17:04:56.862015,2025-07-03 17:43:46.500000,2025-07-03 17:51:54.800,65.59666666666666,38.827299749999995,14,4,osrm
765,delivered,2025-07-03 16:46:47,2025-07-03 16:58:59.719514,2025-07-03 17:04:07.100000,2025-07-03 17:10:37.800,23.846666666666668,5.123008100000001,15,4,osrm
766,delivered,2025-07-03 16:46:27,2025-07-03 16:51:56.962325,2025-07-03 17:48:49.315611,2025-07-03 17:56:26.200,69.98666666666666,56.87255476666667,3,3,osrm
767,delivered,2025-07-03 16:47:58,2025-07-03 17:03:55.768299,2025-07-03 17:03:55.768299,2025-07-03 17:05:03.500,17.091666666666665,0.0,19,4,osrm
768,delivered,2025-07-03 16:47:28,2025-07-03 17:03:03.215100,2025-07-03 17:03:47.900000,2025-07-03 17:15:24.700,27.945,0.7447483333333333,27,4,osrm
769,delivered,2025-07-03 16:47:38,2025-07-03 16:52:59.521930,2025-07-03 16:53:38.600000,2025-07-03 17:00:50.400,13.206666666666667,0.6513011666666666,14,3,osrm
770,delivered,2025-07-03 16:48:55,2025-07-03 16:59:36.125359,2025-07-03 17:25:59.984073,2025-07-03 17:21:18.900,32.39833333333333,26.397645233333332,19,4,osrm
771,delivered,2025-07-03 16:48:42,2025-07-03 17:04:06.841670,2025-07-03 17:29:24.208428,2025-07-03 17:28:15.000,39.55,25.289445966666666,6,4,osrm
772,delivered,2025-07-03 16:49:41,2025-07-03 17:04:09.716683,2025-07-03 17:16:11.489463,2025-07-03 17:20:57.400,31.273333333333333,12.029546333333334,22,4,osrm
773,delivered,2025-07-03 16:49:34,2025-07-03 16:58:39.562641,2025-07-03 17:14:19.452602,2025-07-03 17:22:17.300,32.721666666666664,15.664832683333334,17,3,osrm
774,delivered,2025-07-03 16:49:01,2025-07-03 17:01:46.434343,2025-07-03 17:01:46.434343,2025-07-03 17:03:09.600,14.143333333333334,0.0,21,4,osrm
775,delivered,2025-07-03 16:49:09,2025-07-03 17:00:42.609657,2025-07-03 17:03:35.600000,2025-07-03 17:10:03.800,20.913333333333334,2.883172383333333,4,4,osrm
776,delivered,2025-07-03 16:49:35,2025-07-03 16:57:59.257591,2025-07-03 17:16:11.489463,2025-07-03 17:20:57.400,31.373333333333335,18.203864533333334,22,4,osrm
777,delivered,2025-07-03 16:50:41,2025-07-03 17:01:49.888442,2025-07-03 17:03:47.900000,2025-07-03 17:15:24.700,24.728333333333335,1.9668592999999999,27,4,osrm
778,delivered,2025-07-03 16:50:00,2025-07-03 17:04:54.282040,2025-07-03 17:31:46.114469,2025-07-03 17:39:26.800,49.44666666666667,26.86387381666667,24,4,osrm
779,delivered,2025-07-03 16:51:15,2025-07-03 17:00:13.560156,2025-07-03 17:29:24.208428,2025-07-03 17:28:15.000,37.0,29.1774712,6,4,osrm
780,delivered,2025-07-03 16:51:59,2025-07-03 17:04:14.191449,2025-07-03 17:25:26.962786,2025-07-03 17:26:38.100,34.651666666666664,21.212855616666666,30,4,osrm
781,delivered,2025-07-03 16:51:36,2025-07-03 16:58:43.866450,2025-07-03 17:40:33.231626,2025-07-03 17:46:09.800,54.56333333333334,41.82275293333333,2,3,osrm
782,delivered,2025-07-03 16:52:18,2025-07-03 17:03:19.770078,2025-07-03 17:04:07.100000,2025-07-03 17:10:37.800,18.33,0.7888320333333334,15,4,osrm
783,delivered,2025-07-03 16:52:27,2025-07-03 17:05:44.900569,2025-07-03 17:05:44.900569,2025-07-03 17:17:10.700,24.728333333333335,0.0,16,4,osrm
784,delivered,2025-07-03 16:52:26,2025-07-03 17:04:57.595044,2025-07-03 17:05:44.900569,2025-07-03 17:17:10.700,24.745,0.7884254166666668,16,4,osrm
785,delivered,2025-07-03 16:53:09,2025-07-03 17:02:59.902599,2025-07-03 17:27:55.600000,2025-07-03 17:31:25.300,38.27166666666667,24.928290016666665,18,2,osrm
786,delivered,2025-07-03 16:54:36,2025-07-03 17:04:09.875564,2025-07-03 17:43:46.500000,2025-07-03 17:51:54.800,57.31333333333334,39.61040726666667,14,4,osrm
787,delivered,2025-07-03 16:54:20,2025-07-03 17:06:31.498017,2025-07-03 17:25:26.962786,2025-07-03 17:26:38.100,32.30166666666666,18.924412816666667,30,4,osrm
788,delivered,2025-07-03 16:54:18,2025-07-03 17:04:00.269382,2025-07-03 17:43:46.500000,2025-07-03 17:51:54.800,57.61333333333334,39.7705103,14,4,osrm
789,delivered,2025-07-03 16:55:27,2025-07-03 17:09:08.898002,2025-07-03 17:25:26.962786,2025-07-03 17:26:38.100,31.185,16.301079733333335,30,4,osrm
790,delivered,2025-07-03 16:55:10,2025-07-03 17:10:16.991580,2025-07-03 17:29:43.302914,2025-07-03 17:42:55.500,47.75833333333333,19.438522233333334,4,4,osrm
791,delivered,2025-07-03 16:55:30,2025-07-03 17:08:15.112359,2025-07-03 17:32:34.899282,2025-07-03 17:31:15.900,35.765,24.32978205,29,3,osrm
792,delivered,2025-07-03 16:56:07,2025-07-03 17:12:16.824076,2025-07-03 17:29:24.208428,2025-07-03 17:28:15.000,32.13333333333333,17.123072533333335,6,4,osrm
793,delivered,2025-07-03 16:57:55,2025-07-03 17:07:53.597895,2025-07-03 17:32:34.899282,2025-07-03 17:31:15.900,33.348333333333336,24.68835645,29,3,osrm
794,delivered,2025-07-03 16:57:55,2025-07-03 17:07:19.463363,2025-07-03 17:07:19.463363,2025-07-03 17:12:39.700,14.745000000000001,0.0,7,2,osrm
795,delivered,2025-07-03 16:57:12,2025-07-03 17:05:23.287330,2025-07-03 17:24:43.677403,2025-07-03 17:30:06.800,32.913333333333334,19.33983455,10,3,osrm
796,delivered,2025-07-03 16:57:58,2025-07-03 17:04:26.842764,2025-07-03 17:04:26.842764,2025-07-03 17:16:38.500,18.675,0.0,23,4,osrm
797,delivered,2025-07-03 16:57:34,2025-07-03 17:08:42.433840,2025-07-03 17:24:18.100000,2025-07-03 17:32:42.700,35.144999999999996,15.594436,7,4,osrm
798,delivered,2025-07-03 16:58:22,2025-07-03 17:15:36.138271,2025-07-03 17:24:43.677403,2025-07-03 17:30:06.800,31.746666666666666,9.1256522,10,3,osrm
799,delivered,2025-07-03 16:59:31,2025-07-03 17:11:51.800754,2025-07-03 17:11:51.800754,2025-07-03 17:20:17.300,20.771666666666665,0.0,9,4,osrm
800,delivered,2025-07-03 16:59:16,2025-07-03 17:10:13.444755,2025-07-03 17:29:43.302914,2025-07-03 17:42:55.500,43.65833333333333,19.497635983333332,4,4,osrm
801,delivered,2025-07-03 16:59:07,2025-07-03 17:08:54.040844,2025-07-03 17:14:19.452602,2025-07-03 17:22:17.300,23.171666666666667,5.4235293,17,3,osrm
802,delivered,2025-07-03 16:59:26,2025-07-03 17:13:32.384330,2025-07-03 17:23:28.240831,2025-07-03 17:18:07.700,18.695,9.930941683333334,21,3,osrm
803,delivered,2025-07-03 17:00:47,2025-07-03 17:11:43.319421,2025-07-03 17:34:17.100000,2025-07-03 17:43:00.400,42.223333333333336,22.56300965,16,4,osrm
804,delivered,2025-07-03 17:00:44,2025-07-03 17:10:31.300439,2025-07-03 17:27:55.600000,2025-07-03 17:31:25.300,30.688333333333333,17.404992683333333,18,2,osrm
805,delivered,2025-07-03 17:00:58,2025-07-03 17:11:11.937646,2025-07-03 17:25:59.984073,2025-07-03 17:21:18.900,20.348333333333336,14.800773783333334,19,4,osrm
806,delivered,2025-07-03 17:00:03,2025-07-03 17:10:31.944898,2025-07-03 17:11:51.800754,2025-07-03 17:20:17.300,20.238333333333333,1.3309309333333335,9,4,osrm
807,delivered,2025-07-03 17:00:29,2025-07-03 17:08:58.851965,2025-07-03 17:29:41.505909,2025-07-03 17:31:25.000,30.933333333333334,20.710899066666666,20,4,osrm
808,delivered,2025-07-03 17:00:23,2025-07-03 17:17:09.424119,2025-07-03 17:24:18.100000,2025-07-03 17:32:42.700,32.32833333333333,7.1445980166666665,7,4,osrm
809,delivered,2025-07-03 17:00:29,2025-07-03 17:11:42.016744,2025-07-03 17:29:41.505909,2025-07-03 17:31:25.000,30.933333333333334,17.99148608333333,20,4,osrm
810,delivered,2025-07-03 17:00:44,2025-07-03 17:13:02.247371,2025-07-03 17:13:02.247371,2025-07-03 17:22:02.200,21.303333333333335,0.0,13,4,osrm
811,delivered,2025-07-03 17:01:07,2025-07-03 17:16:11.489463,2025-07-03 17:16:11.489463,2025-07-03 17:20:57.400,19.84,0.0,22,4,osrm
812,delivered,2025-07-03 17:01:56,2025-07-03 17:14:19.452602,2025-07-03 17:14:19.452602,2025-07-03 17:22:17.300,20.355,0.0,17,3,osrm
813,delivered,2025-07-03 17:01:44,2025-07-03 17:12:11.339155,2025-07-03 17:23:12.695123,2025-07-03 17:25:18.400,23.573333333333334,11.022599466666666,26,3,osrm
814,delivered,2025-07-03 17:02:43,2025-07-03 17:13:13.558739,2025-07-03 17:24:18.100000,2025-07-03 17:32:42.700,29.995,11.075687683333333,7,4,osrm
815,delivered,2025-07-03 17:03:46,2025-07-03 17:17:23.727605,2025-07-03 17:24:18.100000,2025-07-03 17:32:42.700,28.945,6.906206583333333,7,4,osrm
816,delivered,2025-07-03 17:03:52,2025-07-03 17:17:54.439252,2025-07-03 17:52:04.974641,2025-07-03 17:48:54.000,45.03333333333333,34.175589816666665,28,2,osrm
817,delivered,2025-07-03 17:03:34,2025-07-03 17:17:04.723768,2025-07-03 17:31:46.114469,2025-07-03 17:39:26.800,35.88,14.689845016666668,24,4,osrm
818,delivered,2025-07-03 17:04:10,2025-07-03 17:15:31.883292,2025-07-03 17:23:26.187879,2025-07-03 17:25:51.400,21.69,7.90507645,12,4,osrm
819,delivered,2025-07-03 17:04:23,2025-07-03 17:19:37.288687,2025-07-03 17:21:15.150569,2025-07-03 17:22:06.800,17.73,1.6310313666666665,5,3,osrm
820,delivered,2025-07-03 17:05:00,2025-07-03 17:15:45.587642,2025-07-03 17:41:54.186754,2025-07-03 17:42:39.000,37.65,26.143318533333336,1,4,osrm
821,delivered,2025-07-03 17:05:47,2025-07-03 17:22:01.209491,2025-07-03 17:43:58.600000,2025-07-03 17:53:12.600,47.42666666666666,21.956508483333334,15,2,osrm
822,delivered,2025-07-03 17:05:34,2025-07-03 17:20:50.175203,2025-07-03 17:42:58.400000,2025-07-03 17:46:41.500,41.125,22.13707995,20,1,osrm
823,delivered,2025-07-03 17:06:10,2025-07-03 17:13:49.680509,2025-07-03 17:45:32.600000,2025-07-03 17:47:49.100,41.651666666666664,31.715324850000002,17,1,osrm
824,delivered,2025-07-03 17:06:16,2025-07-03 17:18:48.304466,2025-07-03 17:18:48.304466,2025-07-03 17:17:54.400,11.639999999999999,0.0,3,2,osrm
825,delivered,2025-07-03 17:07:42,2025-07-03 17:23:28.240831,2025-07-03 17:23:28.240831,2025-07-03 17:18:07.700,10.428333333333335,0.0,21,3,osrm
826,delivered,2025-07-03 17:07:34,2025-07-03 17:23:12.695123,2025-07-03 17:23:12.695123,2025-07-03 17:25:18.400,17.740000000000002,0.0,26,3,osrm
827,delivered,2025-07-03 17:08:38,2025-07-03 17:18:44.614834,2025-07-03 17:20:10.153704,2025-07-03 17:22:43.900,14.098333333333333,1.4256478333333333,14,4,osrm
828,delivered,2025-07-03 17:08:18,2025-07-03 17:20:56.562606,2025-07-03 17:34:17.100000,2025-07-03 17:43:00.400,34.70666666666667,13.342289899999999,16,4,osrm
829,delivered,2025-07-03 17:08:00,2025-07-03 17:21:15.150569,2025-07-03 17:21:15.150569,2025-07-03 17:22:06.800,14.113333333333333,0.0,5,3,osrm
830,delivered,2025-07-03 17:09:12,2025-07-03 17:20:10.153704,2025-07-03 17:25:59.984073,2025-07-03 17:21:18.900,12.115,5.830506150000001,19,4,osrm
831,delivered,2025-07-03 17:09:54,2025-07-03 17:23:26.187879,2025-07-03 17:23:26.187879,2025-07-03 17:25:51.400,15.956666666666667,0.0,12,4,osrm
832,delivered,2025-07-03 17:09:00,2025-07-03 17:22:02.839000,2025-07-03 17:34:17.100000,2025-07-03 17:43:00.400,34.00666666666667,12.237683333333333,16,4,osrm
833,delivered,2025-07-03 17:09:05,2025-07-03 17:25:59.984073,2025-07-03 17:25:59.984073,2025-07-03 17:21:18.900,12.231666666666666,0.0,19,4,osrm
834,delivered,2025-07-03 17:09:48,2025-07-03 17:24:23.775653,2025-07-03 17:45:04.738020,2025-07-03 17:48:33.500,38.75833333333333,20.68270611666667,6,4,osrm
835,delivered,2025-07-03 17:10:36,2025-07-03 17:21:36.420393,2025-07-03 17:29:43.302914,2025-07-03 17:42:55.500,32.325,8.114708683333333,4,4,osrm
836,delivered,2025-07-03 17:10:15,2025-07-03 17:26:47.747165,2025-07-03 17:46:16.500000,2025-07-03 17:55:53.800,45.64666666666667,19.479213916666666,18,3,osrm
837,delivered,2025-07-03 17:10:13,2025-07-03 17:29:33.971678,2025-07-03 17:29:33.971678,2025-07-03 17:31:02.500,20.825,0.0,28,4,osrm
838,delivered,2025-07-03 17:11:11,2025-07-03 17:25:26.962786,2025-07-03 17:25:26.962786,2025-07-03 17:26:38.100,15.451666666666666,0.0,30,4,osrm
839,delivered,2025-07-03 17:11:36,2025-07-03 17:26:29.405327,2025-07-03 17:39:05.085862,2025-07-03 17:43:17.400,31.69,12.594675583333332,30,2,osrm
840,delivered,2025-07-03 17:11:49,2025-07-03 17:24:43.677403,2025-07-03 17:24:43.677403,2025-07-03 17:30:06.800,18.296666666666667,0.0,10,3,osrm
841,delivered,2025-07-03 17:11:45,2025-07-03 17:24:07.053052,2025-07-03 17:40:53.905010,2025-07-03 17:50:45.100,39.001666666666665,16.780865966666667,10,3,osrm
842,delivered,2025-07-03 17:12:17,2025-07-03 17:25:39.778055,2025-07-03 17:29:33.971678,2025-07-03 17:31:02.500,18.758333333333333,3.90322705,28,4,osrm
843,delivered,2025-07-03 17:12:04,2025-07-03 17:21:55.880619,2025-07-03 17:43:47.834914,2025-07-03 17:45:50.000,33.766666666666666,21.86590491666667,27,4,osrm
844,delivered,2025-07-03 17:12:42,2025-07-03 17:26:16.181551,2025-07-03 17:53:33.190778,2025-07-03 17:50:19.000,37.61666666666667,27.283487116666667,5,3,osrm
845,delivered,2025-07-03 17:13:43,2025-07-03 17:22:05.158394,2025-07-03 17:23:26.187879,2025-07-03 17:25:51.400,12.139999999999999,1.3504914166666666,12,4,osrm
846,delivered,2025-07-03 17:13:31,2025-07-03 17:24:57.491771,2025-07-03 17:29:33.971678,2025-07-03 17:31:02.500,17.525,4.60799845,28,4,osrm
847,delivered,2025-07-03 17:13:08,2025-07-03 17:29:24.208428,2025-07-03 17:29:24.208428,2025-07-03 17:28:15.000,15.116666666666667,0.0,6,4,osrm
848,delivered,2025-07-03 17:14:16,2025-07-03 17:31:46.906118,2025-07-03 17:43:43.200000,2025-07-03 17:49:59.000,35.71666666666667,11.938231366666667,13,2,osrm
849,delivered,2025-07-03 17:14:38,2025-07-03 17:26:05.413841,2025-07-03 17:43:58.600000,2025-07-03 17:53:12.600,38.57666666666667,17.886435983333335,15,2,osrm
850,delivered,2025-07-03 17:15:11,2025-07-03 17:28:09.642911,2025-07-03 17:34:17.100000,2025-07-03 17:43:00.400,27.823333333333334,6.124284816666667,16,4,osrm
851,delivered,2025-07-03 17:15:13,2025-07-03 17:23:48.306184,2025-07-03 17:29:41.505909,2025-07-03 17:31:25.000,16.2,5.886662083333333,20,4,osrm
852,delivered,2025-07-03 17:15:54,2025-07-03 17:27:10.526213,2025-07-03 17:51:57.887135,2025-07-03 17:55:08.100,39.235,24.7893487,25,3,osrm
853,delivered,2025-07-03 17:15:37,2025-07-03 17:27:53.047631,2025-07-03 17:46:16.500000,2025-07-03 17:55:53.800,40.28,18.39087281666667,18,3,osrm
854,delivered,2025-07-03 17:16:21,2025-07-03 17:29:43.302914,2025-07-03 17:29:43.302914,2025-07-03 17:42:55.500,26.575,0.0,4,4,osrm
855,delivered,2025-07-03 17:17:53,2025-07-03 17:29:41.505909,2025-07-03 17:29:41.505909,2025-07-03 17:31:25.000,13.533333333333333,0.0,20,4,osrm
856,delivered,2025-07-03 17:18:29,2025-07-03 17:32:34.899282,2025-07-03 17:32:34.899282,2025-07-03 17:31:15.900,12.781666666666666,0.0,29,3,osrm
857,delivered,2025-07-03 17:18:00,2025-07-03 17:28:56.293129,2025-07-03 17:46:16.500000,2025-07-03 17:55:53.800,37.89666666666667,17.336781183333336,18,3,osrm
858,delivered,2025-07-03 17:18:26,2025-07-03 17:27:22.259910,2025-07-03 17:47:10.159096,2025-07-03 17:52:37.600,34.193333333333335,19.79831976666667,9,2,osrm
859,delivered,2025-07-03 17:19:14,2025-07-03 17:31:46.114469,2025-07-03 17:31:46.114469,2025-07-03 17:39:26.800,20.21333333333333,0.0,24,4,osrm
860,delivered,2025-07-03 17:19:54,2025-07-03 17:33:57.879623,2025-07-03 17:45:04.738020,2025-07-03 17:48:33.500,28.658333333333335,11.114306616666665,6,4,osrm
861,delivered,2025-07-03 17:19:48,2025-07-03 17:30:40.747236,2025-07-03 17:31:46.114469,2025-07-03 17:39:26.800,19.646666666666665,1.0894538833333334,24,4,osrm
862,delivered,2025-07-03 17:19:52,2025-07-03 17:32:50.151655,2025-07-03 17:52:28.336787,2025-07-03 17:55:45.400,35.89,19.636418866666666,26,4,osrm
863,delivered,2025-07-03 17:19:36,2025-07-03 17:34:46.433174,2025-07-03 17:58:11.000000,2025-07-03 18:03:13.900,43.63166666666667,23.4094471,6,2,osrm
864,delivered,2025-07-03 17:20:41,2025-07-03 17:30:21.515653,2025-07-03 17:59:36.837644,2025-07-03 18:00:53.800,40.21333333333334,29.255366516666665,7,4,osrm
865,delivered,2025-07-03 17:20:58,2025-07-03 17:31:46.683845,2025-07-03 17:55:46.339698,2025-07-03 17:57:23.900,36.431666666666665,23.994264216666668,23,4,osrm
866,delivered,2025-07-03 17:21:52,2025-07-03 17:34:45.841066,2025-07-03 17:58:31.747570,2025-07-03 17:57:05.300,35.22166666666667,23.7651084,24,3,osrm
867,delivered,2025-07-03 17:21:26,2025-07-03 17:27:09.345245,2025-07-03 17:43:43.200000,2025-07-03 17:49:59.000,28.55,16.564245916666668,13,2,osrm
868,delivered,2025-07-03 17:21:36,2025-07-03 17:34:35.020035,2025-07-03 17:57:59.295011,2025-07-03 17:59:26.300,37.83833333333334,23.404582933333334,12,4,osrm
869,delivered,2025-07-03 17:21:53,2025-07-03 17:33:15.458315,2025-07-03 17:55:46.339698,2025-07-03 17:57:23.900,35.515,22.514689716666666,23,4,osrm
870,delivered,2025-07-03 17:22:31,2025-07-03 17:33:21.156891,2025-07-03 17:58:31.747570,2025-07-03 17:57:05.300,34.57166666666667,25.176511316666666,24,3,osrm
871,delivered,2025-07-03 17:22:16,2025-07-03 17:38:49.797230,2025-07-03 17:55:46.339698,2025-07-03 17:57:23.900,35.13166666666667,16.942374466666667,23,4,osrm
872,delivered,2025-07-03 17:22:32,2025-07-03 17:32:45.339260,2025-07-03 17:59:00.702539,2025-07-03 18:02:04.600,39.54333333333333,26.25605465,30,2,osrm
873,delivered,2025-07-03 17:23:17,2025-07-03 17:37:16.055754,2025-07-03 17:58:11.000000,2025-07-03 18:03:13.900,39.94833333333334,20.915737433333334,6,2,osrm
874,delivered,2025-07-03 17:23:37,2025-07-03 17:33:30.382267,2025-07-03 17:57:59.295011,2025-07-03 17:59:26.300,35.82166666666667,24.481879066666668,12,4,osrm
875,delivered,2025-07-03 17:23:29,2025-07-03 17:38:47.760426,2025-07-03 17:43:47.834914,2025-07-03 17:45:50.000,22.35,5.0012414666666665,27,4,osrm
876,delivered,2025-07-03 17:24:27,2025-07-03 17:35:07.201274,2025-07-03 17:41:54.186754,2025-07-03 17:42:39.000,18.2,6.783091333333333,1,4,osrm
877,delivered,2025-07-03 17:24:35,2025-07-03 17:40:53.905010,2025-07-03 17:40:53.905010,2025-07-03 17:50:45.100,26.168333333333333,0.0,10,3,osrm
878,delivered,2025-07-03 17:24:49,2025-07-03 17:36:41.593672,2025-07-03 17:45:04.738020,2025-07-03 17:48:33.500,23.741666666666667,8.385739133333333,6,4,osrm
879,delivered,2025-07-03 17:24:10,2025-07-03 17:33:29.481218,2025-07-03 17:53:14.968076,2025-07-03 18:02:24.100,38.235,19.7581143,8,3,osrm
880,delivered,2025-07-03 17:25:57,2025-07-03 17:38:51.463624,2025-07-03 17:52:28.336787,2025-07-03 17:55:45.400,29.80666666666667,13.614552716666667,26,4,osrm
881,delivered,2025-07-03 17:25:12,2025-07-03 17:36:27.226381,2025-07-03 18:05:07.904320,2025-07-03 18:04:01.300,38.82166666666667,28.677965649999997,11,4,osrm
882,delivered,2025-07-03 17:25:15,2025-07-03 17:39:22.783924,2025-07-03 17:43:47.834914,2025-07-03 17:45:50.000,20.583333333333332,4.4175165000000005,27,4,osrm
883,delivered,2025-07-03 17:26:51,2025-07-03 17:43:39.337339,2025-07-03 18:05:07.904320,2025-07-03 18:04:01.300,37.17166666666667,21.476116349999998,11,4,osrm
884,delivered,2025-07-03 17:26:53,2025-07-03 17:44:58.248431,2025-07-03 17:59:36.837644,2025-07-03 18:00:53.800,34.013333333333335,14.64315355,7,4,osrm
885,delivered,2025-07-03 17:26:13,2025-07-03 17:39:05.085862,2025-07-03 17:39:05.085862,2025-07-03 17:43:17.400,17.073333333333334,0.0,30,2,osrm
886,delivered,2025-07-03 17:28:23,2025-07-03 17:42:25.880295,2025-07-03 18:01:36.488068,2025-07-03 18:10:27.100,42.068333333333335,19.176796216666666,28,4,osrm
887,delivered,2025-07-03 17:28:37,2025-07-03 17:44:07.312906,2025-07-03 17:53:33.190778,2025-07-03 17:50:19.000,21.7,9.431297866666666,5,3,osrm
888,delivered,2025-07-03 17:29:30,2025-07-03 17:40:36.741352,2025-07-03 17:53:14.968076,2025-07-03 18:02:24.100,32.901666666666664,12.637112066666667,8,3,osrm
889,delivered,2025-07-03 17:29:41,2025-07-03 17:45:32.575050,2025-07-03 17:56:02.100000,2025-07-03 18:03:18.500,33.625,10.4920825,22,4,osrm
890,delivered,2025-07-03 17:29:57,2025-07-03 17:38:58.494061,2025-07-03 17:41:54.186754,2025-07-03 17:42:39.000,12.7,2.92821155,1,4,osrm
891,delivered,2025-07-03 17:29:52,2025-07-03 17:47:10.159096,2025-07-03 17:47:10.159096,2025-07-03 17:52:37.600,22.759999999999998,0.0,9,2,osrm
892,delivered,2025-07-03 17:29:25,2025-07-03 17:41:54.186754,2025-07-03 17:41:54.186754,2025-07-03 17:42:39.000,13.233333333333333,0.0,1,4,osrm
893,delivered,2025-07-03 17:30:35,2025-07-03 17:41:46.739419,2025-07-03 18:05:24.000000,2025-07-03 18:08:40.600,38.093333333333334,23.621009683333334,5,2,osrm
894,delivered,2025-07-03 17:30:51,2025-07-03 17:40:33.231626,2025-07-03 17:40:33.231626,2025-07-03 17:46:09.800,15.313333333333333,0.0,2,3,osrm
895,delivered,2025-07-03 17:31:10,2025-07-03 17:41:55.446228,2025-07-03 17:59:36.837644,2025-07-03 18:00:53.800,29.73,17.68985693333333,7,4,osrm
896,delivered,2025-07-03 17:31:52,2025-07-03 17:38:27.449638,2025-07-03 17:56:02.100000,2025-07-03 18:03:18.500,31.441666666666666,17.577506033333336,22,4,osrm
897,delivered,2025-07-03 17:31:26,2025-07-03 17:40:47.712324,2025-07-03 17:58:32.800000,2025-07-03 18:09:02.900,37.615,17.75146126666667,20,4,osrm
898,delivered,2025-07-03 17:32:48,2025-07-03 17:43:47.834914,2025-07-03 17:43:47.834914,2025-07-03 17:45:50.000,13.033333333333333,0.0,27,4,osrm
899,delivered,2025-07-03 17:32:41,2025-07-03 17:45:04.738020,2025-07-03 17:45:04.738020,2025-07-03 17:48:33.500,15.875,0.0,6,4,osrm
900,delivered,2025-07-03 17:33:33,2025-07-03 17:41:40.146692,2025-07-03 17:59:10.533953,2025-07-03 18:07:59.600,34.443333333333335,17.506454350000002,21,4,osrm
901,delivered,2025-07-03 17:33:41,2025-07-03 17:44:25.026976,2025-07-03 17:56:02.100000,2025-07-03 18:03:18.500,29.625,11.617883733333334,22,4,osrm
902,delivered,2025-07-03 17:35:30,2025-07-03 17:52:22.331087,2025-07-03 17:52:28.336787,2025-07-03 17:55:45.400,20.256666666666668,0.100095,26,4,osrm
903,delivered,2025-07-03 17:35:11,2025-07-03 17:49:25.912148,2025-07-03 17:51:57.887135,2025-07-03 17:55:08.100,19.951666666666664,2.53291645,25,3,osrm
904,delivered,2025-07-03 17:36:01,2025-07-03 17:46:59.701976,2025-07-03 18:04:03.900000,2025-07-03 18:08:15.700,32.245,17.069967066666667,29,3,osrm
905,delivered,2025-07-03 17:36:27,2025-07-03 17:46:42.390249,2025-07-03 18:05:24.000000,2025-07-03 18:08:40.600,32.22666666666667,18.693495849999998,5,2,osrm
906,delivered,2025-07-03 17:36:37,2025-07-03 17:49:07.432273,2025-07-03 17:58:32.800000,2025-07-03 18:09:02.900,32.431666666666665,9.422795449999999,20,4,osrm
907,delivered,2025-07-03 17:37:48,2025-07-03 17:51:57.887135,2025-07-03 17:51:57.887135,2025-07-03 17:55:08.100,17.334999999999997,0.0,25,3,osrm
908,delivered,2025-07-03 17:37:56,2025-07-03 17:55:59.287322,2025-07-03 18:09:16.181989,2025-07-03 18:14:11.300,36.255,13.281577783333335,12,2,osrm
909,delivered,2025-07-03 17:37:10,2025-07-03 17:53:33.190778,2025-07-03 17:53:33.190778,2025-07-03 17:50:19.000,13.15,0.0,5,3,osrm
910,delivered,2025-07-03 17:38:28,2025-07-03 17:48:52.929603,2025-07-03 17:55:40.700000,2025-07-03 18:00:45.300,22.288333333333334,6.796173283333333,1,4,osrm
911,delivered,2025-07-03 17:38:31,2025-07-03 17:49:49.262501,2025-07-03 18:06:45.841976,2025-07-03 18:09:03.100,30.535,16.94299125,4,2,osrm
912,delivered,2025-07-03 17:39:21,2025-07-03 17:57:59.295011,2025-07-03 17:57:59.295011,2025-07-03 17:59:26.300,20.08833333333333,0.0,12,4,osrm
913,delivered,2025-07-03 17:39:46,2025-07-03 17:53:12.884994,2025-07-03 18:08:09.300000,2025-07-03 18:14:55.300,35.155,14.940250099999998,3,2,osrm
914,delivered,2025-07-03 17:39:13,2025-07-03 17:52:04.974641,2025-07-03 17:52:04.974641,2025-07-03 17:48:54.000,9.683333333333334,0.0,28,2,osrm
915,delivered,2025-07-03 17:39:48,2025-07-03 17:46:33.846191,2025-07-03 17:59:10.533953,2025-07-03 18:07:59.600,28.19333333333333,12.6114627,21,4,osrm
916,delivered,2025-07-03 17:39:10,2025-07-03 17:48:10.826156,2025-07-03 18:09:43.500000,2025-07-03 18:13:19.600,34.16,21.544564066666666,17,1,osrm
917,delivered,2025-07-03 17:40:57,2025-07-03 17:52:09.344128,2025-07-03 17:57:59.295011,2025-07-03 17:59:26.300,18.488333333333333,5.832514716666666,12,4,osrm
918,delivered,2025-07-03 17:40:05,2025-07-03 17:48:49.315611,2025-07-03 17:48:49.315611,2025-07-03 17:56:26.200,16.353333333333335,0.0,3,3,osrm
919,delivered,2025-07-03 17:40:13,2025-07-03 17:53:14.968076,2025-07-03 17:53:14.968076,2025-07-03 18:02:24.100,22.185,0.0,8,3,osrm
920,delivered,2025-07-03 17:40:34,2025-07-03 17:50:48.982197,2025-07-03 18:10:02.300000,2025-07-03 18:21:16.700,40.711666666666666,19.221963383333332,26,3,osrm
921,delivered,2025-07-03 17:40:34,2025-07-03 17:52:19.403634,2025-07-03 18:16:09.373829,2025-07-03 18:19:24.300,38.83833333333334,23.832836583333336,27,3,osrm
922,delivered,2025-07-03 17:40:04,2025-07-03 17:52:28.336787,2025-07-03 17:52:28.336787,2025-07-03 17:55:45.400,15.69,0.0,26,4,osrm
923,delivered,2025-07-03 17:41:59,2025-07-03 17:53:13.543516,2025-07-03 18:13:47.800000,2025-07-03 18:16:36.600,34.626666666666665,20.5709414,30,1,osrm
924,delivered,2025-07-03 17:41:16,2025-07-03 17:51:17.907655,2025-07-03 18:14:56.456778,2025-07-03 18:15:57.500,34.69166666666667,23.642485383333334,13,2,osrm
925,delivered,2025-07-03 17:41:32,2025-07-03 17:51:14.924623,2025-07-03 18:01:36.488068,2025-07-03 18:10:27.100,28.918333333333333,10.35939075,28,4,osrm
926,delivered,2025-07-03 17:42:18,2025-07-03 17:55:39.358380,2025-07-03 18:04:03.900000,2025-07-03 18:08:15.700,25.961666666666666,8.409027,29,3,osrm
927,delivered,2025-07-03 17:42:09,2025-07-03 17:57:56.353948,2025-07-03 18:16:09.373829,2025-07-03 18:19:24.300,37.255,18.216998016666665,27,3,osrm
928,delivered,2025-07-03 17:42:22,2025-07-03 17:53:10.086219,2025-07-03 17:56:02.100000,2025-07-03 18:03:18.500,20.941666666666666,2.8668963499999998,22,4,osrm
929,delivered,2025-07-03 17:43:04,2025-07-03 17:57:34.032966,2025-07-03 17:58:32.800000,2025-07-03 18:09:02.900,25.98166666666667,0.9794505666666667,20,4,osrm
930,delivered,2025-07-03 17:43:29,2025-07-03 17:57:55.217789,2025-07-03 18:19:38.665248,2025-07-03 18:20:26.500,36.958333333333336,21.724124316666668,22,2,osrm
931,delivered,2025-07-03 17:43:29,2025-07-03 17:58:31.747570,2025-07-03 17:58:31.747570,2025-07-03 17:57:05.300,13.604999999999999,0.0,24,3,osrm
932,delivered,2025-07-03 17:44:31,2025-07-03 17:55:46.339698,2025-07-03 17:55:46.339698,2025-07-03 17:57:23.900,12.881666666666666,0.0,23,4,osrm
933,delivered,2025-07-03 17:45:53,2025-07-03 17:59:36.837644,2025-07-03 17:59:36.837644,2025-07-03 18:00:53.800,15.013333333333332,0.0,7,4,osrm
934,delivered,2025-07-03 17:45:12,2025-07-03 17:59:10.533953,2025-07-03 17:59:10.533953,2025-07-03 18:07:59.600,22.793333333333333,0.0,21,4,osrm
935,delivered,2025-07-03 17:45:32,2025-07-03 18:03:09.997617,2025-07-03 18:13:30.900000,2025-07-03 18:16:45.700,31.228333333333335,10.34837305,7,2,osrm
936,delivered,2025-07-03 17:46:25,2025-07-03 17:58:04.475318,2025-07-03 18:10:02.300000,2025-07-03 18:21:16.700,34.861666666666665,11.963744700000001,26,3,osrm
937,delivered,2025-07-03 17:46:03,2025-07-03 18:01:36.488068,2025-07-03 18:01:36.488068,2025-07-03 18:10:27.100,24.401666666666664,0.0,28,4,osrm
938,delivered,2025-07-03 17:46:45,2025-07-03 18:03:36.199947,2025-07-03 18:08:09.300000,2025-07-03 18:14:55.300,28.171666666666667,4.55166755,3,2,osrm
939,delivered,2025-07-03 17:46:08,2025-07-03 17:57:56.285238,2025-07-03 18:14:34.900000,2025-07-03 18:16:56.000,30.8,16.643579366666668,1,1,osrm
940,delivered,2025-07-03 17:46:01,2025-07-03 17:55:31.420289,2025-07-03 17:59:10.533953,2025-07-03 18:07:59.600,21.976666666666667,3.6518944,21,4,osrm
941,delivered,2025-07-03 17:47:42,2025-07-03 17:58:56.717570,2025-07-03 18:16:48.930069,2025-07-03 18:23:42.900,36.015,17.870208316666666,6,4,osrm
942,delivered,2025-07-03 17:47:01,2025-07-03 18:01:17.663195,2025-07-03 18:01:36.488068,2025-07-03 18:10:27.100,23.435,0.3137478833333333,28,4,osrm
943,delivered,2025-07-03 17:47:27,2025-07-03 17:58:50.577434,2025-07-03 18:14:13.000000,2025-07-03 18:18:11.200,30.736666666666668,15.373709433333334,16,3,osrm
944,delivered,2025-07-03 17:49:55,2025-07-03 17:59:00.702539,2025-07-03 17:59:00.702539,2025-07-03 18:02:04.600,12.16,0.0,30,2,osrm
945,delivered,2025-07-03 17:49:31,2025-07-03 18:00:20.296432,2025-07-03 18:27:22.776106,2025-07-03 18:29:36.500,40.09166666666667,27.0413279,4,3,osrm
946,delivered,2025-07-03 17:49:26,2025-07-03 17:57:06.179756,2025-07-03 17:58:32.800000,2025-07-03 18:09:02.900,19.615000000000002,1.4436707333333334,20,4,osrm
947,delivered,2025-07-03 17:50:00,2025-07-03 18:05:07.904320,2025-07-03 18:05:07.904320,2025-07-03 18:04:01.300,14.021666666666667,0.0,11,4,osrm
948,delivered,2025-07-03 17:51:18,2025-07-03 18:01:49.654903,2025-07-03 18:10:02.300000,2025-07-03 18:21:16.700,29.978333333333335,8.210751616666666,26,3,osrm
949,delivered,2025-07-03 17:52:20,2025-07-03 18:02:00.894389,2025-07-03 18:04:03.900000,2025-07-03 18:08:15.700,15.928333333333335,2.0500935166666667,29,3,osrm
950,delivered,2025-07-03 17:52:38,2025-07-03 18:03:44.959887,2025-07-03 18:18:26.500000,2025-07-03 18:27:07.300,34.48833333333334,14.692335216666667,20,2,osrm
951,delivered,2025-07-03 17:53:24,2025-07-03 18:06:45.841976,2025-07-03 18:06:45.841976,2025-07-03 18:09:03.100,15.651666666666667,0.0,4,2,osrm
952,delivered,2025-07-03 17:53:05,2025-07-03 18:08:30.632820,2025-07-03 18:16:48.930069,2025-07-03 18:23:42.900,30.631666666666668,8.30495415,6,4,osrm
953,delivered,2025-07-03 17:54:26,2025-07-03 18:13:08.621435,2025-07-03 18:14:47.300000,2025-07-03 18:17:34.700,23.145,1.64464275,14,1,osrm
954,delivered,2025-07-03 17:54:02,2025-07-03 18:07:42.210128,2025-07-03 18:16:48.930069,2025-07-03 18:23:42.900,29.68166666666667,9.111999016666665,6,4,osrm
955,delivered,2025-07-03 17:56:30,2025-07-03 18:04:36.463123,2025-07-03 18:13:28.700000,2025-07-03 18:16:09.400,19.65666666666667,8.870614616666668,25,1,osrm
956,delivered,2025-07-03 17:57:58,2025-07-03 18:06:53.137374,2025-07-03 18:20:16.100000,2025-07-03 18:23:47.900,25.831666666666667,13.382710433333333,29,3,osrm
957,delivered,2025-07-03 17:57:53,2025-07-03 18:08:21.625382,2025-07-03 18:23:40.100000,2025-07-03 18:29:17.400,31.40666666666667,15.3079103,17,2,osrm
958,delivered,2025-07-03 17:57:14,2025-07-03 18:10:38.794386,2025-07-03 18:14:13.000000,2025-07-03 18:18:11.200,20.953333333333333,3.5700935666666664,16,3,osrm
959,delivered,2025-07-03 17:58:03,2025-07-03 18:09:16.181989,2025-07-03 18:09:16.181989,2025-07-03 18:14:11.300,16.138333333333332,0.0,12,2,osrm
960,delivered,2025-07-03 17:59:44,2025-07-03 18:14:56.456778,2025-07-03 18:14:56.456778,2025-07-03 18:15:57.500,16.225,0.0,13,2,osrm
961,delivered,2025-07-03 18:00:09,2025-07-03 18:10:50.244279,2025-07-03 18:20:16.100000,2025-07-03 18:23:47.900,23.648333333333333,9.430928683333333,29,3,osrm
962,delivered,2025-07-03 18:00:00,2025-07-03 18:05:00.000000,2025-07-03 18:07:45.400000,2025-07-03 18:09:29.400,9.49,2.756666666666667,2,1,osrm
963,delivered,2025-07-03 18:02:56,2025-07-03 18:12:26.605957,2025-07-03 18:14:13.000000,2025-07-03 18:18:11.200,15.253333333333334,1.77323405,16,3,osrm
964,delivered,2025-07-03 18:02:46,2025-07-03 18:16:48.930069,2025-07-03 18:16:48.930069,2025-07-03 18:23:42.900,20.948333333333334,0.0,6,4,osrm
965,delivered,2025-07-03 18:03:42,2025-07-03 18:20:02.826886,2025-07-03 18:26:10.100000,2025-07-03 18:29:45.700,26.061666666666667,6.121218566666667,10,1,osrm
966,delivered,2025-07-03 18:03:08,2025-07-03 18:13:50.312835,2025-07-03 18:23:40.100000,2025-07-03 18:29:17.400,26.15666666666667,9.829786083333333,17,2,osrm
967,delivered,2025-07-03 18:03:53,2025-07-03 18:19:38.665248,2025-07-03 18:19:38.665248,2025-07-03 18:20:26.500,16.558333333333334,0.0,22,2,osrm
968,delivered,2025-07-03 18:04:21,2025-07-03 18:16:09.373829,2025-07-03 18:16:09.373829,2025-07-03 18:19:24.300,15.055,0.0,27,3,osrm
969,delivered,2025-07-03 18:05:37,2025-07-03 18:12:32.731829,2025-07-03 18:13:30.900000,2025-07-03 18:16:45.700,11.145000000000001,0.9694695166666667,7,2,osrm
970,delivered,2025-07-03 18:05:12,2025-07-03 18:17:11.743115,2025-07-03 18:37:27.867322,2025-07-03 18:41:34.600,36.376666666666665,20.268736783333335,15,2,osrm
971,delivered,2025-07-03 18:05:23,2025-07-03 18:15:24.479467,2025-07-03 18:29:35.800000,2025-07-03 18:34:22.400,28.990000000000002,14.18867555,27,3,osrm
972,delivered,2025-07-03 18:06:41,2025-07-03 18:17:55.783906,2025-07-03 18:37:54.642101,2025-07-03 18:39:24.500,32.725,19.980969916666666,6,2,osrm
973,delivered,2025-07-03 18:06:09,2025-07-03 18:17:50.407715,2025-07-03 18:20:16.100000,2025-07-03 18:23:47.900,17.648333333333333,2.42820475,29,3,osrm
974,delivered,2025-07-03 18:07:17,2025-07-03 18:15:46.657781,2025-07-03 18:18:26.500000,2025-07-03 18:27:07.300,19.83833333333333,2.6640369833333333,20,2,osrm
975,delivered,2025-07-03 18:07:48,2025-07-03 18:24:34.296960,2025-07-03 18:29:07.100000,2025-07-03 18:33:55.700,26.128333333333334,4.5467173333333335,5,2,osrm
976,delivered,2025-07-03 18:09:02,2025-07-03 18:20:43.640302,2025-07-03 18:27:22.776106,2025-07-03 18:29:36.500,20.575,6.6522634,4,3,osrm
977,delivered,2025-07-03 18:09:28,2025-07-03 18:18:08.909449,2025-07-03 18:23:53.400000,2025-07-03 18:28:50.200,19.37,5.741509183333333,11,2,osrm
978,delivered,2025-07-03 18:10:32,2025-07-03 18:23:08.822642,2025-07-03 18:29:35.800000,2025-07-03 18:34:22.400,23.84,6.449622633333333,27,3,osrm
979,delivered,2025-07-03 18:11:10,2025-07-03 18:27:22.776106,2025-07-03 18:27:22.776106,2025-07-03 18:29:36.500,18.441666666666666,0.0,4,3,osrm
980,delivered,2025-07-03 18:11:58,2025-07-03 18:22:20.928711,2025-07-03 18:23:53.400000,2025-07-03 18:28:50.200,16.87,1.54118815,11,2,osrm
981,delivered,2025-07-03 18:11:32,2025-07-03 18:26:12.596732,2025-07-03 18:29:07.100000,2025-07-03 18:33:55.700,22.395,2.9083878,5,2,osrm
982,delivered,2025-07-03 18:11:20,2025-07-03 18:26:10.649774,2025-07-03 18:29:09.082667,2025-07-03 18:33:27.000,22.116666666666667,2.97388155,21,2,osrm
983,delivered,2025-07-03 18:12:38,2025-07-03 18:23:56.423065,2025-07-03 18:23:56.423065,2025-07-03 18:24:45.700,12.128333333333334,0.0,8,1,osrm
984,delivered,2025-07-03 18:14:28,2025-07-03 18:25:33.358814,2025-07-03 18:45:09.155016,2025-07-03 18:47:38.100,33.16833333333333,19.596603366666667,2,2,osrm
985,delivered,2025-07-03 18:14:21,2025-07-03 18:29:49.358202,2025-07-03 18:29:49.358202,2025-07-03 18:31:34.400,17.223333333333336,0.0,2,1,osrm
986,delivered,2025-07-03 18:14:11,2025-07-03 18:27:48.970459,2025-07-03 18:29:23.200000,2025-07-03 18:31:59.900,17.815,1.5704923499999999,1,1,osrm
987,delivered,2025-07-03 18:15:45,2025-07-03 18:30:03.252034,2025-07-03 18:30:03.252034,2025-07-03 18:32:27.700,16.711666666666666,0.0,7,1,osrm
988,delivered,2025-07-03 18:16:58,2025-07-03 18:25:46.757604,2025-07-03 18:49:51.876329,2025-07-03 18:48:46.200,31.803333333333335,24.085312083333335,1,2,osrm
989,delivered,2025-07-03 18:17:37,2025-07-03 18:32:02.518457,2025-07-03 18:33:38.600000,2025-07-03 18:36:18.900,18.698333333333334,1.60135905,8,1,osrm
990,delivered,2025-07-03 18:18:55,2025-07-03 18:37:23.859872,2025-07-03 18:38:55.500000,2025-07-03 18:42:35.100,23.668333333333333,1.5273354666666668,11,2,osrm
991,delivered,2025-07-03 18:18:32,2025-07-03 18:29:51.846900,2025-07-03 18:43:54.200000,2025-07-03 18:47:26.800,28.913333333333334,14.039218333333334,5,1,osrm
992,delivered,2025-07-03 18:18:37,2025-07-03 18:29:09.082667,2025-07-03 18:29:09.082667,2025-07-03 18:33:27.000,14.833333333333334,0.0,21,2,osrm
993,delivered,2025-07-03 18:20:12,2025-07-03 18:26:56.285904,2025-07-03 18:33:56.006635,2025-07-03 18:39:01.400,18.823333333333334,6.995345516666666,9,2,osrm
994,delivered,2025-07-03 18:21:07,2025-07-03 18:34:47.521177,2025-07-03 18:34:47.521177,2025-07-03 18:36:46.800,15.663333333333332,0.0,18,1,osrm
995,delivered,2025-07-03 18:22:05,2025-07-03 18:30:59.922888,2025-07-03 18:38:55.500000,2025-07-03 18:42:35.100,20.501666666666665,7.9262852,11,2,osrm
996,delivered,2025-07-03 18:24:48,2025-07-03 18:39:15.213558,2025-07-03 18:43:35.600000,2025-07-03 18:48:06.700,23.311666666666667,4.339774033333333,3,1,osrm
997,delivered,2025-07-03 18:24:45,2025-07-03 18:37:27.867322,2025-07-03 18:37:27.867322,2025-07-03 18:41:34.600,16.826666666666668,0.0,15,2,osrm
998,delivered,2025-07-03 18:24:38,2025-07-03 18:33:56.006635,2025-07-03 18:33:56.006635,2025-07-03 18:39:01.400,14.389999999999999,0.0,9,2,osrm
999,delivered,2025-07-03 18:24:53,2025-07-03 18:37:54.642101,2025-07-03 18:37:54.642101,2025-07-03 18:39:24.500,14.525,0.0,6,2,osrm
1000,delivered,2025-07-03 18:24:03,2025-07-03 18:35:09.316596,2025-07-03 18:38:43.000000,2025-07-03 18:42:33.900,18.515,3.5613900666666667,24,1,osrm
1001,delivered,2025-07-03 18:26:05,2025-07-03 18:36:28.379116,2025-07-03 18:44:23.180387,2025-07-03 18:48:40.600,22.59333333333333,7.913354516666667,22,2,osrm
1002,delivered,2025-07-03 18:26:53,2025-07-03 18:40:12.480152,2025-07-03 18:44:31.000000,2025-07-03 18:46:57.100,20.06833333333333,4.308664133333334,27,1,osrm
1003,delivered,2025-07-03 18:26:59,2025-07-03 18:39:12.876905,2025-07-03 18:39:12.876905,2025-07-03 18:42:54.000,15.916666666666666,0.0,10,1,osrm
1004,delivered,2025-07-03 18:27:58,2025-07-03 18:41:49.294714,2025-07-03 18:53:40.100000,2025-07-03 18:56:27.200,28.486666666666668,11.846754766666667,26,1,osrm
1005,delivered,2025-07-03 18:27:06,2025-07-03 18:41:28.400121,2025-07-03 18:43:30.600000,2025-07-03 18:45:50.700,18.745,2.03666465,21,1,osrm
1006,delivered,2025-07-03 18:28:27,2025-07-03 18:35:02.315913,2025-07-03 18:35:02.315913,2025-07-03 18:38:03.300,9.604999999999999,0.0,26,1,osrm
1007,delivered,2025-07-03 18:33:38,2025-07-03 18:47:58.785158,2025-07-03 18:48:35.600000,2025-07-03 18:53:12.200,19.57,0.6135807,13,2,osrm
1008,delivered,2025-07-03 18:33:39,2025-07-03 18:44:23.180387,2025-07-03 18:44:23.180387,2025-07-03 18:48:40.600,15.026666666666667,0.0,22,2,osrm
1009,delivered,2025-07-03 18:35:00,2025-07-03 18:48:57.419076,2025-07-03 18:59:12.600000,2025-07-03 19:05:08.300,30.138333333333332,10.2530154,5,2,osrm
1010,delivered,2025-07-03 18:35:10,2025-07-03 18:49:51.876329,2025-07-03 18:49:51.876329,2025-07-03 18:48:46.200,13.603333333333333,0.0,1,2,osrm
1011,delivered,2025-07-03 18:35:12,2025-07-03 18:45:09.155016,2025-07-03 18:45:09.155016,2025-07-03 18:47:38.100,12.435,0.0,2,2,osrm
1012,delivered,2025-07-03 18:35:54,2025-07-03 18:53:39.946237,2025-07-03 19:00:25.100000,2025-07-03 19:04:38.900,28.748333333333335,6.7525627166666675,4,2,osrm
1013,delivered,2025-07-03 18:35:31,2025-07-03 18:43:49.576416,2025-07-03 18:54:17.100000,2025-07-03 18:56:59.100,21.46833333333333,10.4587264,29,2,osrm
1014,delivered,2025-07-03 18:36:35,2025-07-03 18:51:04.075687,2025-07-03 18:54:17.100000,2025-07-03 18:56:59.100,20.401666666666664,3.2170718833333334,29,2,osrm
1015,delivered,2025-07-03 18:36:35,2025-07-03 18:47:17.411514,2025-07-03 18:48:35.600000,2025-07-03 18:53:12.200,16.62,1.3031414333333333,13,2,osrm
1016,delivered,2025-07-03 18:37:29,2025-07-03 18:53:04.475707,2025-07-03 19:03:45.400000,2025-07-03 19:06:53.100,29.401666666666664,10.68207155,30,1,osrm
1017,delivered,2025-07-03 18:38:12,2025-07-03 18:47:20.757036,2025-07-03 18:49:33.100000,2025-07-03 18:51:47.200,13.586666666666668,2.2057160666666666,8,1,osrm
1018,delivered,2025-07-03 18:38:35,2025-07-03 18:51:06.735030,2025-07-03 18:57:56.900000,2025-07-03 19:04:06.300,25.521666666666665,6.836082833333333,9,2,osrm
1019,delivered,2025-07-03 18:40:46,2025-07-03 18:53:01.295192,2025-07-03 18:55:34.300000,2025-07-03 18:58:05.000,17.316666666666666,2.550080133333333,19,1,osrm
1020,delivered,2025-07-03 18:40:10,2025-07-03 18:53:11.235665,2025-07-03 18:59:12.600000,2025-07-03 19:05:08.300,24.971666666666668,6.0227389166666665,5,2,osrm
1021,delivered,2025-07-03 18:41:07,2025-07-03 18:51:46.158693,2025-07-03 18:53:43.000000,2025-07-03 18:55:39.100,14.535,1.9473551166666667,11,1,osrm
1022,delivered,2025-07-03 18:43:24,2025-07-03 18:52:57.713941,2025-07-03 18:53:00.500000,2025-07-03 18:56:49.300,13.421666666666665,0.04643431666666666,15,1,osrm
1023,delivered,2025-07-03 18:43:43,2025-07-03 18:53:25.953294,2025-07-03 19:03:03.100000,2025-07-03 19:05:35.400,21.873333333333335,9.619111766666666,12,1,osrm
1024,delivered,2025-07-03 18:46:43,2025-07-03 18:56:13.089807,2025-07-03 18:57:13.900000,2025-07-03 18:59:08.600,12.426666666666668,1.0135032166666667,14,1,osrm
1025,delivered,2025-07-03 18:46:49,2025-07-03 18:56:56.734171,2025-07-03 18:57:56.900000,2025-07-03 19:04:06.300,17.288333333333334,1.0027638166666668,9,2,osrm
1026,delivered,2025-07-03 18:46:15,2025-07-03 18:58:47.863978,2025-07-03 19:03:48.700000,2025-07-03 19:07:32.500,21.291666666666668,5.0139337,8,1,osrm
1027,delivered,2025-07-03 18:47:38,2025-07-03 18:56:39.318789,2025-07-03 18:58:33.200000,2025-07-03 19:02:31.600,14.893333333333334,1.8980201833333332,21,1,osrm
1028,delivered,2025-07-03 18:49:34,2025-07-03 18:55:35.662631,2025-07-03 18:58:49.600000,2025-07-03 18:59:52.900,10.315,3.232289483333333,27,1,osrm
1029,delivered,2025-07-03 18:49:39,2025-07-03 18:55:50.625888,2025-07-03 19:00:25.100000,2025-07-03 19:04:38.900,14.998333333333333,4.574568533333333,4,2,osrm
1030,delivered,2025-07-03 18:51:40,2025-07-03 19:03:00.949003,2025-07-03 19:04:35.300000,2025-07-03 19:07:50.900,16.181666666666665,1.5725166166666669,10,1,osrm
1031,delivered,2025-07-03 18:52:54,2025-07-03 19:05:56.479824,2025-07-03 19:08:03.100000,2025-07-03 19:10:22.700,17.478333333333335,2.1103362666666667,28,1,osrm
1032,delivered,2025-07-03 18:52:42,2025-07-03 19:00:30.844797,2025-07-03 19:06:07.400000,2025-07-03 19:10:06.500,17.408333333333335,5.609253383333334,7,1,osrm
1033,delivered,2025-07-03 18:54:34,2025-07-03 19:04:05.884830,2025-07-03 19:04:10.800000,2025-07-03 19:08:19.400,13.756666666666666,0.08191949999999999,20,1,osrm
1034,delivered,2025-07-03 18:54:09,2025-07-03 19:03:29.577194,2025-07-03 19:04:19.300000,2025-07-03 19:08:08.400,13.99,0.8287134333333334,13,1,osrm
1035,delivered,2025-07-03 18:55:54,2025-07-03 19:11:10.484669,2025-07-03 19:15:19.300000,2025-07-03 19:17:20.200,21.436666666666667,4.146922183333333,22,1,osrm
1036,delivered,2025-07-03 18:58:50,2025-07-03 19:08:51.277961,2025-07-03 19:09:38.300000,2025-07-03 19:12:33.600,13.726666666666667,0.78370065,15,1,osrm
1037,delivered,2025-07-03 18:58:29,2025-07-03 19:13:18.127734,2025-07-03 19:14:56.300000,2025-07-03 19:16:49.900,18.348333333333336,1.6362044333333332,9,1,osrm
