order_id,status,placement_time,ready_time,pickup_time,delivery_time,click_to_door,ready_to_pickup,courier_id,bundle_size,routing_source
0,delivered,2025-07-03 08:00:52,2025-07-03 08:10:43.787669,2025-07-03 08:21:07.000000,2025-07-03 08:23:29.700,22.628333333333334,10.386872183333333,32,1,osrm
1,delivered,2025-07-03 08:01:02,2025-07-03 08:10:21.169219,2025-07-03 08:20:58.600000,2025-07-03 08:24:39.600,23.626666666666665,10.62384635,30,1,osrm
2,delivered,2025-07-03 08:01:14,2025-07-03 08:11:02.810062,2025-07-03 08:21:55.900000,2025-07-03 08:24:05.600,22.86,10.8848323,36,1,osrm
3,delivered,2025-07-03 08:01:20,2025-07-03 08:12:13.218465,2025-07-03 08:20:43.000000,2025-07-03 08:23:05.600,21.759999999999998,8.496358916666667,33,1,osrm
4,delivered,2025-07-03 08:02:19,2025-07-03 08:19:13.539076,2025-07-03 08:46:03.678253,2025-07-03 08:47:29.100,45.16833333333333,26.83565295,42,4,osrm
5,delivered,2025-07-03 08:03:58,2025-07-03 08:18:37.905290,2025-07-03 08:24:40.200000,2025-07-03 08:28:06.200,24.136666666666667,6.038245166666667,56,1,osrm
6,delivered,2025-07-03 08:03:03,2025-07-03 08:19:26.151032,2025-07-03 08:21:55.900000,2025-07-03 08:24:01.900,20.98166666666667,2.4958161333333333,37,1,osrm
7,delivered,2025-07-03 08:04:40,2025-07-03 08:18:40.243824,2025-07-03 08:20:33.000000,2025-07-03 08:25:07.800,20.46333333333333,1.8792696,28,1,osrm
8,delivered,2025-07-03 08:04:12,2025-07-03 08:18:53.801032,2025-07-03 08:19:09.100000,2025-07-03 08:23:07.400,18.923333333333336,0.2549828,4,1,osrm
9,delivered,2025-07-03 08:06:11,2025-07-03 08:22:05.668432,2025-07-03 08:25:29.500000,2025-07-03 08:28:02.700,21.861666666666668,3.3971928,55,1,osrm
10,delivered,2025-07-03 08:07:22,2025-07-03 08:16:39.432885,2025-07-03 08:46:20.003301,2025-07-03 08:50:43.400,43.35666666666667,29.676173600000002,5,4,osrm
11,delivered,2025-07-03 08:07:31,2025-07-03 08:13:58.290703,2025-07-03 08:20:58.600000,2025-07-03 08:23:19.900,15.815,7.0051549500000005,31,1,osrm
12,delivered,2025-07-03 08:07:58,2025-07-03 08:19:13.631967,2025-07-03 08:31:06.500000,2025-07-03 08:34:02.700,26.078333333333333,11.881133883333332,11,1,osrm
13,delivered,2025-07-03 08:08:33,2025-07-03 08:21:15.634952,2025-07-03 08:57:55.554862,2025-07-03 09:04:31.200,55.97,36.66533183333333,6,4,osrm
14,delivered,2025-07-03 08:10:44,2025-07-03 08:22:32.687908,2025-07-03 08:56:55.419923,2025-07-03 09:06:40.300,55.93833333333334,34.37886691666667,43,4,osrm
15,delivered,2025-07-03 08:10:17,2025-07-03 08:21:13.778559,2025-07-03 08:58:14.712169,2025-07-03 09:07:43.200,57.43666666666666,37.01556016666667,31,4,osrm
16,delivered,2025-07-03 08:10:41,2025-07-03 08:17:50.186011,2025-07-03 08:21:01.200000,2025-07-03 08:22:48.900,12.131666666666666,3.1835664833333337,35,1,osrm
17,delivered,2025-07-03 08:10:23,2025-07-03 08:26:04.502339,2025-07-03 09:06:55.766408,2025-07-03 09:11:37.400,61.24,40.854401149999994,24,4,osrm
18,delivered,2025-07-03 08:11:06,2025-07-03 08:24:07.028495,2025-07-03 08:38:31.000000,2025-07-03 08:46:49.400,35.723333333333336,14.399525083333334,3,3,osrm
19,delivered,2025-07-03 08:11:54,2025-07-03 08:20:54.003797,2025-07-03 08:54:27.682865,2025-07-03 09:02:38.500,50.74166666666667,33.5613178,13,4,osrm
20,delivered,2025-07-03 08:11:59,2025-07-03 08:24:41.264474,2025-07-03 08:57:37.454901,2025-07-03 08:59:18.900,47.33166666666667,32.93650711666667,32,4,osrm
21,delivered,2025-07-03 08:12:44,2025-07-03 08:24:13.142012,2025-07-03 08:49:30.894661,2025-07-03 09:00:50.500,48.108333333333334,25.295877483333335,23,4,osrm
22,delivered,2025-07-03 08:13:11,2025-07-03 08:24:42.610251,2025-07-03 08:56:55.419923,2025-07-03 08:56:34.900,43.39833333333333,32.21349453333333,27,4,osrm
23,delivered,2025-07-03 08:13:30,2025-07-03 08:26:40.738815,2025-07-03 08:42:28.432022,2025-07-03 08:41:02.700,27.545,15.794886783333334,17,4,osrm
24,delivered,2025-07-03 08:13:11,2025-07-03 08:27:57.197058,2025-07-03 09:05:01.100000,2025-07-03 09:12:48.400,59.623333333333335,37.06504903333334,39,4,osrm
25,delivered,2025-07-03 08:13:50,2025-07-03 08:24:43.816973,2025-07-03 08:46:51.976434,2025-07-03 08:56:02.200,42.20333333333333,22.135991016666665,51,4,osrm
26,delivered,2025-07-03 08:14:14,2025-07-03 08:31:39.186501,2025-07-03 08:44:34.300000,2025-07-03 08:47:33.900,33.33166666666667,12.918558316666667,38,1,osrm
27,delivered,2025-07-03 08:15:55,2025-07-03 08:29:11.115535,2025-07-03 08:54:27.682865,2025-07-03 08:55:18.700,39.394999999999996,25.276122166666667,25,3,osrm
28,delivered,2025-07-03 08:15:46,2025-07-03 08:29:02.567551,2025-07-03 08:43:45.900000,2025-07-03 08:48:43.000,32.95,14.722207483333333,28,3,osrm
29,delivered,2025-07-03 08:16:08,2025-07-03 08:23:23.092729,2025-07-03 08:43:06.100000,2025-07-03 08:47:38.800,31.513333333333332,19.71678785,1,4,osrm
30,delivered,2025-07-03 08:16:10,2025-07-03 08:34:12.241958,2025-07-03 08:56:55.419923,2025-07-03 09:06:40.300,50.505,22.719632750000002,43,4,osrm
31,delivered,2025-07-03 08:17:30,2025-07-03 08:32:47.273998,2025-07-03 08:46:20.003301,2025-07-03 08:50:43.400,33.223333333333336,13.545488383333332,5,4,osrm
32,delivered,2025-07-03 08:17:56,2025-07-03 08:24:06.064909,2025-07-03 08:49:46.051490,2025-07-03 08:54:00.500,36.075,25.666443016666665,34,3,osrm
33,delivered,2025-07-03 08:17:01,2025-07-03 08:25:59.242424,2025-07-03 08:54:08.385959,2025-07-03 08:58:17.800,41.28,28.15239225,35,4,osrm
34,delivered,2025-07-03 08:17:32,2025-07-03 08:31:14.253581,2025-07-03 08:46:48.019134,2025-07-03 08:56:30.100,38.968333333333334,15.562759216666667,37,4,osrm
35,delivered,2025-07-03 08:17:59,2025-07-03 08:29:45.849566,2025-07-03 09:07:01.514113,2025-07-03 09:17:00.000,59.016666666666666,37.26107578333333,45,4,osrm
36,delivered,2025-07-03 08:18:19,2025-07-03 08:26:25.149925,2025-07-03 08:49:46.051490,2025-07-03 08:58:37.700,40.31166666666666,23.348359416666664,8,4,osrm
37,delivered,2025-07-03 08:18:21,2025-07-03 08:32:37.818423,2025-07-03 09:04:24.809075,2025-07-03 09:10:34.800,52.230000000000004,31.783177533333333,53,3,osrm
38,delivered,2025-07-03 08:18:29,2025-07-03 08:32:30.312812,2025-07-03 09:11:50.385263,2025-07-03 09:13:55.800,55.44666666666667,39.33454085,15,4,osrm
39,delivered,2025-07-03 08:19:54,2025-07-03 08:30:30.329130,2025-07-03 08:54:55.935319,2025-07-03 09:03:20.300,43.43833333333334,24.426769816666667,19,4,osrm
40,delivered,2025-07-03 08:19:13,2025-07-03 08:33:15.677570,2025-07-03 08:44:37.400000,2025-07-03 08:54:54.600,35.693333333333335,11.3620405,2,3,osrm
41,delivered,2025-07-03 08:19:17,2025-07-03 08:34:22.148973,2025-07-03 09:02:52.286327,2025-07-03 09:10:43.700,51.445,28.502289233333332,41,4,osrm
42,delivered,2025-07-03 08:19:40,2025-07-03 08:30:50.742687,2025-07-03 08:59:34.950495,2025-07-03 09:03:42.700,44.044999999999995,28.7367968,7,4,osrm
43,delivered,2025-07-03 08:20:39,2025-07-03 08:35:33.440162,2025-07-03 08:58:14.712169,2025-07-03 09:07:43.200,47.07,22.687866783333334,31,4,osrm
44,delivered,2025-07-03 08:20:29,2025-07-03 08:34:51.921388,2025-07-03 08:59:56.288196,2025-07-03 09:05:58.000,45.483333333333334,25.07278013333333,47,4,osrm
45,delivered,2025-07-03 08:21:10,2025-07-03 08:35:00.929404,2025-07-03 08:44:40.500000,2025-07-03 08:52:21.100,31.185,9.659509933333334,52,4,osrm
46,delivered,2025-07-03 08:21:03,2025-07-03 08:27:27.932618,2025-07-03 09:02:31.633904,2025-07-03 09:13:02.000,51.983333333333334,35.0616881,5,4,osrm
47,delivered,2025-07-03 08:21:45,2025-07-03 08:35:12.914726,2025-07-03 08:57:37.454901,2025-07-03 08:59:18.900,37.565000000000005,22.40900291666667,32,4,osrm
48,delivered,2025-07-03 08:21:02,2025-07-03 08:29:38.327590,2025-07-03 09:02:31.633904,2025-07-03 09:13:02.000,52.0,32.888438566666665,5,4,osrm
49,delivered,2025-07-03 08:21:46,2025-07-03 08:26:46.000000,2025-07-03 08:45:56.875866,2025-07-03 08:52:23.900,30.631666666666668,19.181264433333336,46,3,osrm
50,delivered,2025-07-03 08:22:15,2025-07-03 08:34:49.346463,2025-07-03 08:58:14.712169,2025-07-03 09:07:43.200,45.47,23.422761766666667,31,4,osrm
51,delivered,2025-07-03 08:22:40,2025-07-03 08:31:55.979461,2025-07-03 08:45:28.214402,2025-07-03 08:52:41.800,30.029999999999998,13.537249016666667,11,3,osrm
52,delivered,2025-07-03 08:22:31,2025-07-03 08:35:06.129410,2025-07-03 08:44:37.400000,2025-07-03 08:54:54.600,32.39333333333333,9.5211765,2,3,osrm
53,delivered,2025-07-03 08:23:35,2025-07-03 08:35:34.567397,2025-07-03 09:05:01.100000,2025-07-03 09:12:48.400,49.223333333333336,29.442210050000003,39,4,osrm
54,delivered,2025-07-03 08:23:29,2025-07-03 08:33:41.915698,2025-07-03 08:36:28.000000,2025-07-03 08:40:40.900,17.198333333333334,2.7680717,35,1,osrm
55,delivered,2025-07-03 08:23:32,2025-07-03 08:33:35.644131,2025-07-03 08:57:39.196460,2025-07-03 09:09:39.700,46.12833333333333,24.059205483333336,10,4,osrm
56,delivered,2025-07-03 08:24:21,2025-07-03 08:39:01.099622,2025-07-03 08:57:39.196460,2025-07-03 09:09:39.700,45.31166666666666,18.6349473,10,4,osrm
57,delivered,2025-07-03 08:24:08,2025-07-03 08:35:43.396488,2025-07-03 08:48:27.132968,2025-07-03 08:48:18.400,24.173333333333336,12.728941333333333,24,4,osrm
58,delivered,2025-07-03 08:24:52,2025-07-03 08:33:59.557046,2025-07-03 08:49:46.051490,2025-07-03 08:54:00.500,29.141666666666666,15.7749074,34,3,osrm
59,delivered,2025-07-03 08:24:04,2025-07-03 08:32:22.581694,2025-07-03 08:43:06.100000,2025-07-03 08:47:38.800,23.58,10.725305100000002,1,4,osrm
60,delivered,2025-07-03 08:25:53,2025-07-03 08:42:23.574070,2025-07-03 10:35:38.000000,2025-07-03 10:47:07.800,141.24666666666664,113.24043216666668,38,4,osrm
61,delivered,2025-07-03 08:25:25,2025-07-03 08:37:06.448157,2025-07-03 08:43:45.900000,2025-07-03 08:48:43.000,23.3,6.657530716666667,28,3,osrm
62,delivered,2025-07-03 08:25:57,2025-07-03 08:31:39.894758,2025-07-03 08:51:30.825054,2025-07-03 08:56:34.000,30.616666666666667,19.848838266666668,57,4,osrm
63,delivered,2025-07-03 08:25:36,2025-07-03 08:40:12.299684,2025-07-03 08:48:27.132968,2025-07-03 08:48:18.400,22.706666666666667,8.247221399999999,24,4,osrm
64,delivered,2025-07-03 08:26:06,2025-07-03 08:37:30.647788,2025-07-03 09:20:50.700992,2025-07-03 09:24:42.900,58.615,43.33422006666667,33,4,osrm
65,delivered,2025-07-03 08:26:56,2025-07-03 08:36:02.333192,2025-07-03 08:38:31.000000,2025-07-03 08:46:49.400,19.89,2.4777801333333334,3,3,osrm
66,delivered,2025-07-03 08:26:07,2025-07-03 08:42:28.432022,2025-07-03 08:46:03.678253,2025-07-03 08:47:29.100,21.368333333333332,3.5874371833333334,42,4,osrm
67,delivered,2025-07-03 08:26:53,2025-07-03 08:39:36.185534,2025-07-03 08:59:33.221064,2025-07-03 09:10:20.000,43.45,19.95059216666667,38,4,osrm
68,delivered,2025-07-03 08:26:30,2025-07-03 08:40:15.901322,2025-07-03 09:20:12.036513,2025-07-03 09:27:18.900,60.815000000000005,39.93558651666667,49,4,osrm
69,delivered,2025-07-03 08:26:03,2025-07-03 08:36:18.705566,2025-07-03 08:54:55.935319,2025-07-03 09:03:20.300,37.288333333333334,18.620495883333334,19,4,osrm
70,delivered,2025-07-03 08:27:55,2025-07-03 08:35:35.253641,2025-07-03 08:59:56.288196,2025-07-03 09:05:58.000,38.05,24.350575916666667,47,4,osrm
71,delivered,2025-07-03 08:27:54,2025-07-03 08:36:45.545586,2025-07-03 09:24:14.239941,2025-07-03 09:27:30.300,59.605000000000004,47.47823925,43,4,osrm
72,delivered,2025-07-03 08:27:45,2025-07-03 08:40:29.839627,2025-07-03 10:42:15.900000,2025-07-03 10:52:25.600,144.67666666666668,121.76767288333333,43,4,osrm
73,delivered,2025-07-03 08:28:46,2025-07-03 08:42:21.437245,2025-07-03 08:46:20.003301,2025-07-03 08:50:43.400,21.956666666666667,3.9761009333333335,5,4,osrm
74,delivered,2025-07-03 08:28:52,2025-07-03 08:41:10.143042,2025-07-03 08:42:48.400000,2025-07-03 08:50:05.000,21.216666666666665,1.6376159666666665,14,4,osrm
75,delivered,2025-07-03 08:28:28,2025-07-03 08:44:14.134019,2025-07-03 09:04:24.809075,2025-07-03 09:10:34.800,42.11333333333334,20.1779176,53,3,osrm
76,delivered,2025-07-03 08:28:20,2025-07-03 08:40:25.223226,2025-07-03 08:40:25.223226,2025-07-03 08:45:34.600,17.243333333333332,0.0,15,3,osrm
77,delivered,2025-07-03 08:29:08,2025-07-03 08:41:29.522019,2025-07-03 09:09:56.900000,2025-07-03 09:20:59.900,51.865,28.456299683333334,32,4,osrm
78,delivered,2025-07-03 08:29:25,2025-07-03 08:40:37.244340,2025-07-03 09:20:42.787646,2025-07-03 09:29:10.600,59.76,40.09238843333333,36,4,osrm
79,delivered,2025-07-03 08:29:30,2025-07-03 08:43:25.769824,2025-07-03 08:44:40.500000,2025-07-03 08:52:21.100,22.851666666666667,1.2455029333333334,52,4,osrm
80,delivered,2025-07-03 08:30:39,2025-07-03 08:45:36.469475,2025-07-03 08:45:56.875866,2025-07-03 08:52:23.900,21.748333333333335,0.34010651666666664,46,3,osrm
81,delivered,2025-07-03 08:32:31,2025-07-03 08:51:51.526201,2025-07-03 09:02:31.633904,2025-07-03 09:13:02.000,40.516666666666666,10.668461716666666,5,4,osrm
82,delivered,2025-07-03 08:32:31,2025-07-03 08:44:36.867061,2025-07-03 09:08:10.200000,2025-07-03 09:21:24.200,48.88666666666666,23.55554898333333,57,4,osrm
83,delivered,2025-07-03 08:32:37,2025-07-03 08:46:20.003301,2025-07-03 08:46:20.003301,2025-07-03 08:50:43.400,18.10666666666667,0.0,5,4,osrm
84,delivered,2025-07-03 08:32:19,2025-07-03 08:49:30.894661,2025-07-03 08:59:56.288196,2025-07-03 09:05:58.000,33.65,10.423225583333334,47,4,osrm
85,delivered,2025-07-03 08:33:31,2025-07-03 08:42:58.962465,2025-07-03 08:56:55.419923,2025-07-03 09:06:40.300,33.155,13.940957633333333,43,4,osrm
86,delivered,2025-07-03 08:33:18,2025-07-03 08:42:47.682195,2025-07-03 08:43:36.800000,2025-07-03 08:50:34.500,17.275,0.8186300833333333,53,3,osrm
87,delivered,2025-07-03 08:33:00,2025-07-03 08:45:38.485631,2025-07-03 09:10:07.800000,2025-07-03 09:23:42.300,50.705000000000005,24.488572816666665,4,4,osrm
88,delivered,2025-07-03 08:34:07,2025-07-03 08:41:02.651553,2025-07-03 08:57:55.554862,2025-07-03 09:04:31.200,30.403333333333332,16.881721816666666,6,4,osrm
89,delivered,2025-07-03 08:34:07,2025-07-03 08:46:51.976434,2025-07-03 08:54:55.935319,2025-07-03 09:03:20.300,29.221666666666668,8.065981416666666,19,4,osrm
90,delivered,2025-07-03 08:34:27,2025-07-03 08:46:03.678253,2025-07-03 08:51:30.825054,2025-07-03 08:56:34.000,22.116666666666667,5.452446683333333,57,4,osrm
91,delivered,2025-07-03 08:35:05,2025-07-03 08:45:56.998286,2025-07-03 08:51:30.825054,2025-07-03 08:56:34.000,21.483333333333334,5.563779466666667,57,4,osrm
92,delivered,2025-07-03 08:35:42,2025-07-03 08:42:57.929616,2025-07-03 09:08:10.200000,2025-07-03 09:21:24.200,45.70333333333333,25.2045064,57,4,osrm
93,delivered,2025-07-03 08:35:21,2025-07-03 08:46:48.019134,2025-07-03 08:57:10.230351,2025-07-03 09:05:26.500,30.091666666666665,10.37018695,36,4,osrm
94,delivered,2025-07-03 08:35:17,2025-07-03 08:45:28.214402,2025-07-03 09:06:55.766408,2025-07-03 09:11:37.400,36.34,21.459200099999997,24,4,osrm
95,delivered,2025-07-03 08:36:46,2025-07-03 08:52:16.787784,2025-07-03 08:54:08.385959,2025-07-03 08:58:17.800,21.529999999999998,1.8599695833333334,35,4,osrm
96,delivered,2025-07-03 08:36:49,2025-07-03 08:45:56.875866,2025-07-03 08:45:56.875866,2025-07-03 08:52:23.900,15.581666666666667,0.0,46,3,osrm
97,delivered,2025-07-03 08:36:45,2025-07-03 08:47:56.797651,2025-07-03 09:13:25.207846,2025-07-03 09:21:02.200,44.28666666666666,25.47350325,48,4,osrm
98,delivered,2025-07-03 08:37:15,2025-07-03 08:51:30.825054,2025-07-03 08:51:30.825054,2025-07-03 08:56:34.000,19.316666666666666,0.0,57,4,osrm
99,delivered,2025-07-03 08:37:43,2025-07-03 08:48:27.132968,2025-07-03 08:48:27.132968,2025-07-03 08:48:18.400,10.59,0.0,24,4,osrm
100,delivered,2025-07-03 08:37:38,2025-07-03 08:49:46.051490,2025-07-03 08:54:27.682865,2025-07-03 09:02:38.500,25.008333333333333,4.69385625,13,4,osrm
101,delivered,2025-07-03 08:39:43,2025-07-03 08:47:57.543260,2025-07-03 09:13:25.207846,2025-07-03 09:21:02.200,41.32,25.461076433333336,48,4,osrm
102,delivered,2025-07-03 08:39:11,2025-07-03 08:54:27.682865,2025-07-03 09:02:52.286327,2025-07-03 09:10:43.700,31.545,8.4100577,41,4,osrm
103,delivered,2025-07-03 08:39:51,2025-07-03 08:53:31.375763,2025-07-03 08:57:55.554862,2025-07-03 09:04:31.200,24.67,4.402984983333334,6,4,osrm
104,delivered,2025-07-03 08:39:11,2025-07-03 08:51:35.821117,2025-07-03 09:11:50.385263,2025-07-03 09:13:55.800,34.74666666666667,20.242735766666666,15,4,osrm
105,delivered,2025-07-03 08:40:24,2025-07-03 08:50:02.978548,2025-07-03 09:10:15.500000,2025-07-03 09:14:06.600,33.71,20.208690866666664,22,4,osrm
106,delivered,2025-07-03 08:40:03,2025-07-03 08:53:58.599535,2025-07-03 09:22:20.452499,2025-07-03 09:27:05.500,47.041666666666664,28.364216066666664,31,4,osrm
107,delivered,2025-07-03 08:40:00,2025-07-03 08:51:46.001833,2025-07-03 08:59:34.950495,2025-07-03 09:03:42.700,23.711666666666666,7.8158110333333335,7,4,osrm
108,delivered,2025-07-03 08:40:13,2025-07-03 08:48:19.500403,2025-07-03 09:12:41.507753,2025-07-03 09:20:57.700,40.745,24.366789166666667,18,4,osrm
109,delivered,2025-07-03 08:41:23,2025-07-03 08:54:02.951023,2025-07-03 08:54:08.385959,2025-07-03 08:58:17.800,16.913333333333334,0.09058226666666667,35,4,osrm
110,delivered,2025-07-03 08:41:15,2025-07-03 08:57:10.230351,2025-07-03 09:05:01.100000,2025-07-03 09:12:48.400,31.55666666666667,7.847827483333333,39,4,osrm
111,delivered,2025-07-03 08:41:36,2025-07-03 08:52:45.834639,2025-07-03 08:57:37.454901,2025-07-03 08:59:18.900,17.715,4.8603377000000005,32,4,osrm
112,delivered,2025-07-03 08:41:03,2025-07-03 08:49:05.617493,2025-07-03 08:59:34.950495,2025-07-03 09:03:42.700,22.66166666666667,10.488883366666666,7,4,osrm
113,delivered,2025-07-03 08:42:25,2025-07-03 08:50:20.903984,2025-07-03 09:07:55.766690,2025-07-03 09:11:03.200,28.636666666666667,17.581045099999997,30,4,osrm
114,delivered,2025-07-03 08:42:46,2025-07-03 08:51:05.821013,2025-07-03 09:09:56.900000,2025-07-03 09:20:59.900,38.23166666666667,18.851316450000002,32,4,osrm
115,delivered,2025-07-03 08:42:37,2025-07-03 08:51:05.466541,2025-07-03 09:30:56.305000,2025-07-03 09:34:41.400,52.07333333333334,39.84730765,50,4,osrm
116,delivered,2025-07-03 08:42:22,2025-07-03 08:57:37.454901,2025-07-03 08:57:37.454901,2025-07-03 08:59:18.900,16.948333333333334,0.0,32,4,osrm
117,delivered,2025-07-03 08:42:03,2025-07-03 08:54:55.935319,2025-07-03 08:59:33.221064,2025-07-03 09:10:20.000,28.283333333333335,4.621429083333334,38,4,osrm
118,delivered,2025-07-03 08:43:38,2025-07-03 08:54:35.830336,2025-07-03 09:31:43.347055,2025-07-03 09:38:26.200,54.80333333333333,37.125278650000006,22,4,osrm
119,delivered,2025-07-03 08:43:45,2025-07-03 08:54:28.640261,2025-07-03 08:59:33.221064,2025-07-03 09:10:20.000,26.583333333333332,5.0763467166666665,38,4,osrm
120,delivered,2025-07-03 08:43:01,2025-07-03 08:57:55.554862,2025-07-03 08:57:55.554862,2025-07-03 09:04:31.200,21.503333333333334,0.0,6,4,osrm
121,delivered,2025-07-03 08:43:08,2025-07-03 08:54:06.394834,2025-07-03 09:11:24.364366,2025-07-03 09:22:24.800,39.28,17.2994922,51,4,osrm
122,delivered,2025-07-03 08:44:38,2025-07-03 08:52:55.967891,2025-07-03 09:22:55.994199,2025-07-03 09:28:14.400,43.60666666666667,30.000438466666665,38,4,osrm
123,delivered,2025-07-03 08:44:08,2025-07-03 08:54:08.385959,2025-07-03 08:54:08.385959,2025-07-03 08:58:17.800,14.163333333333332,0.0,35,4,osrm
124,delivered,2025-07-03 08:45:46,2025-07-03 08:55:11.002629,2025-07-03 09:27:55.848860,2025-07-03 09:35:41.800,49.93,32.74743718333333,39,4,osrm
125,delivered,2025-07-03 08:45:35,2025-07-03 08:55:30.706292,2025-07-03 09:07:01.514113,2025-07-03 09:17:00.000,31.416666666666668,11.513463683333333,45,4,osrm
126,delivered,2025-07-03 08:45:44,2025-07-03 08:56:55.419923,2025-07-03 08:56:55.419923,2025-07-03 09:06:40.300,20.938333333333333,0.0,43,4,osrm
127,delivered,2025-07-03 08:46:04,2025-07-03 09:01:48.025765,2025-07-03 09:09:56.900000,2025-07-03 09:20:59.900,34.931666666666665,8.147903916666667,32,4,osrm
128,delivered,2025-07-03 08:47:25,2025-07-03 09:01:05.297887,2025-07-03 09:08:10.200000,2025-07-03 09:21:24.200,33.986666666666665,7.081701883333333,57,4,osrm
129,delivered,2025-07-03 08:47:02,2025-07-03 08:56:27.259307,2025-07-03 09:26:23.904131,2025-07-03 09:42:05.900,55.065000000000005,29.9440804,6,4,osrm
130,delivered,2025-07-03 08:47:47,2025-07-03 08:59:34.950495,2025-07-03 08:59:34.950495,2025-07-03 09:03:42.700,15.928333333333335,0.0,7,4,osrm
131,delivered,2025-07-03 08:47:02,2025-07-03 08:59:33.221064,2025-07-03 09:17:41.492049,2025-07-03 09:23:04.000,36.03333333333333,18.13784975,7,4,osrm
132,delivered,2025-07-03 08:47:08,2025-07-03 08:57:39.653465,2025-07-03 09:26:30.965406,2025-07-03 09:25:02.300,37.905,28.855199016666667,28,4,osrm
133,delivered,2025-07-03 08:48:38,2025-07-03 08:58:14.712169,2025-07-03 09:20:39.034724,2025-07-03 09:24:05.300,35.455000000000005,22.405375916666667,13,4,osrm
134,delivered,2025-07-03 08:48:06,2025-07-03 08:56:19.048764,2025-07-03 09:28:50.872910,2025-07-03 09:31:09.000,43.05,32.53040243333333,25,4,osrm
135,delivered,2025-07-03 08:49:01,2025-07-03 09:01:46.218035,2025-07-03 09:48:54.000000,2025-07-03 10:01:02.800,72.03,47.12969941666667,1,4,osrm
136,delivered,2025-07-03 08:49:18,2025-07-03 08:57:39.196460,2025-07-03 09:02:52.286327,2025-07-03 09:10:43.700,21.428333333333335,5.218164450000001,41,4,osrm
137,delivered,2025-07-03 08:49:21,2025-07-03 09:04:11.384607,2025-07-03 09:22:20.452499,2025-07-03 09:27:05.500,37.74166666666667,18.151131533333334,31,4,osrm
138,delivered,2025-07-03 08:50:35,2025-07-03 08:59:56.288196,2025-07-03 09:23:52.543612,2025-07-03 09:19:22.400,28.790000000000003,23.937590266666668,11,3,osrm
139,delivered,2025-07-03 08:50:15,2025-07-03 09:04:24.809075,2025-07-03 09:04:24.809075,2025-07-03 09:10:34.800,20.33,0.0,53,3,osrm
140,delivered,2025-07-03 08:50:28,2025-07-03 09:02:31.633904,2025-07-03 09:02:31.633904,2025-07-03 09:13:02.000,22.566666666666666,0.0,5,4,osrm
141,delivered,2025-07-03 08:50:40,2025-07-03 09:02:47.794920,2025-07-03 09:20:12.036513,2025-07-03 09:27:18.900,36.64833333333333,17.40402655,49,4,osrm
142,delivered,2025-07-03 08:51:37,2025-07-03 09:06:56.058069,2025-07-03 09:06:56.058069,2025-07-03 09:09:34.500,17.958333333333332,0.0,28,4,osrm
143,delivered,2025-07-03 08:51:23,2025-07-03 09:02:04.726189,2025-07-03 09:29:59.973603,2025-07-03 09:35:51.100,44.468333333333334,27.92079023333333,40,4,osrm
144,delivered,2025-07-03 08:51:10,2025-07-03 09:01:18.585651,2025-07-03 09:24:08.648977,2025-07-03 09:30:55.600,39.76,22.834388766666667,56,3,osrm
145,delivered,2025-07-03 08:51:31,2025-07-03 09:03:44.576441,2025-07-03 09:23:01.046567,2025-07-03 09:32:00.700,40.495,19.2745021,26,4,osrm
146,delivered,2025-07-03 08:52:07,2025-07-03 09:07:01.514113,2025-07-03 09:17:41.492049,2025-07-03 09:23:04.000,30.95,10.666298933333334,7,4,osrm
147,delivered,2025-07-03 08:52:07,2025-07-03 08:59:45.495975,2025-07-03 09:29:59.973603,2025-07-03 09:35:57.500,43.84166666666667,30.2412938,53,4,osrm
148,delivered,2025-07-03 08:52:01,2025-07-03 09:08:00.245399,2025-07-03 09:09:56.900000,2025-07-03 09:20:59.900,28.98166666666667,1.94424335,32,4,osrm
149,delivered,2025-07-03 08:52:29,2025-07-03 09:04:57.944101,2025-07-03 09:05:01.100000,2025-07-03 09:12:48.400,20.323333333333334,0.052598316666666665,39,4,osrm
150,delivered,2025-07-03 08:52:32,2025-07-03 09:04:04.467757,2025-07-03 09:36:36.878766,2025-07-03 09:42:39.800,50.13,32.54018348333333,15,4,osrm
151,delivered,2025-07-03 08:52:06,2025-07-03 09:07:59.380827,2025-07-03 09:22:55.994199,2025-07-03 09:28:14.400,36.14,14.9435562,38,4,osrm
152,delivered,2025-07-03 08:53:38,2025-07-03 09:02:52.286327,2025-07-03 09:02:52.286327,2025-07-03 09:10:43.700,17.095000000000002,0.0,41,4,osrm
153,delivered,2025-07-03 08:54:57,2025-07-03 09:10:40.162743,2025-07-03 09:22:55.994199,2025-07-03 09:28:14.400,33.29,12.2638576,38,4,osrm
154,delivered,2025-07-03 08:54:20,2025-07-03 09:01:15.669852,2025-07-03 09:22:20.452499,2025-07-03 09:27:05.500,32.75833333333333,21.079710783333333,31,4,osrm
155,delivered,2025-07-03 08:54:56,2025-07-03 09:07:55.766690,2025-07-03 09:26:30.965406,2025-07-03 09:25:02.300,30.105,18.586645266666668,28,4,osrm
156,delivered,2025-07-03 08:54:04,2025-07-03 09:09:27.711139,2025-07-03 09:26:23.904131,2025-07-03 09:42:05.900,48.031666666666666,16.936549866666667,6,4,osrm
157,delivered,2025-07-03 08:54:39,2025-07-03 09:13:25.207846,2025-07-03 09:37:13.364195,2025-07-03 09:42:08.100,47.485,23.802605816666667,45,4,osrm
158,delivered,2025-07-03 08:55:37,2025-07-03 09:08:40.542850,2025-07-03 09:20:42.787646,2025-07-03 09:29:10.600,33.559999999999995,12.037413266666666,36,4,osrm
159,delivered,2025-07-03 08:55:46,2025-07-03 09:06:55.766408,2025-07-03 09:23:01.046567,2025-07-03 09:32:00.700,36.245,16.08800265,26,4,osrm
160,delivered,2025-07-03 08:56:55,2025-07-03 09:09:17.171750,2025-07-03 09:32:13.863610,2025-07-03 09:39:04.000,42.15,22.94486433333333,17,4,osrm
161,delivered,2025-07-03 08:56:07,2025-07-03 09:11:44.537585,2025-07-03 09:31:50.051716,2025-07-03 09:37:04.700,40.961666666666666,20.091902183333332,8,4,osrm
162,delivered,2025-07-03 08:56:38,2025-07-03 09:08:00.318979,2025-07-03 09:35:10.113334,2025-07-03 09:44:14.700,47.611666666666665,27.16323925,3,4,osrm
163,delivered,2025-07-03 08:56:30,2025-07-03 09:08:34.051532,2025-07-03 09:37:13.364195,2025-07-03 09:42:08.100,45.635,28.65521105,45,4,osrm
164,delivered,2025-07-03 08:57:55,2025-07-03 09:11:10.013637,2025-07-03 09:29:18.195817,2025-07-03 09:35:37.900,37.715,18.136369666666667,30,4,osrm
165,delivered,2025-07-03 08:57:57,2025-07-03 09:06:40.201258,2025-07-03 09:11:50.385263,2025-07-03 09:13:55.800,15.979999999999999,5.169733416666667,15,4,osrm
166,delivered,2025-07-03 08:57:25,2025-07-03 09:09:45.976811,2025-07-03 09:20:12.036513,2025-07-03 09:27:18.900,29.898333333333333,10.434328366666668,49,4,osrm
167,delivered,2025-07-03 08:58:53,2025-07-03 09:11:49.951712,2025-07-03 09:49:26.200000,2025-07-03 09:56:07.000,57.233333333333334,37.60413813333333,49,3,osrm
168,delivered,2025-07-03 08:58:28,2025-07-03 09:07:32.471151,2025-07-03 09:07:55.766690,2025-07-03 09:11:03.200,12.586666666666668,0.38825898333333336,30,4,osrm
169,delivered,2025-07-03 08:58:30,2025-07-03 09:09:15.520705,2025-07-03 09:56:50.613954,2025-07-03 09:56:46.800,58.28,47.58488748333333,12,4,osrm
170,delivered,2025-07-03 08:58:55,2025-07-03 09:13:24.387176,2025-07-03 09:44:47.659536,2025-07-03 09:52:46.600,53.86,31.387872666666667,54,4,osrm
171,delivered,2025-07-03 08:58:39,2025-07-03 09:10:57.421191,2025-07-03 09:48:54.000000,2025-07-03 10:01:02.800,62.39666666666667,37.942980150000004,1,4,osrm
172,delivered,2025-07-03 08:58:47,2025-07-03 09:07:46.662204,2025-07-03 09:10:15.500000,2025-07-03 09:14:06.600,15.326666666666666,2.4806299333333333,22,4,osrm
173,delivered,2025-07-03 08:59:24,2025-07-03 09:07:08.025287,2025-07-03 09:21:29.204637,2025-07-03 09:26:33.800,27.163333333333334,14.352989166666667,21,4,osrm
174,delivered,2025-07-03 08:59:13,2025-07-03 09:10:29.070060,2025-07-03 09:20:39.034724,2025-07-03 09:24:05.300,24.871666666666666,10.166077733333333,13,4,osrm
175,delivered,2025-07-03 08:59:41,2025-07-03 09:22:04.153866,2025-07-03 10:30:33.500000,2025-07-03 10:37:48.700,98.12833333333333,68.48910223333334,15,4,osrm
176,delivered,2025-07-03 08:59:39,2025-07-03 09:15:10.499509,2025-07-03 09:20:50.700992,2025-07-03 09:24:42.900,25.065,5.670024716666666,33,4,osrm
177,delivered,2025-07-03 08:59:30,2025-07-03 09:07:01.686237,2025-07-03 10:11:34.838335,2025-07-03 10:13:16.300,73.77166666666668,64.55253496666667,30,3,osrm
178,delivered,2025-07-03 08:59:19,2025-07-03 09:10:34.391507,2025-07-03 10:10:03.600000,2025-07-03 10:13:22.600,74.06,59.48680821666667,12,1,osrm
179,delivered,2025-07-03 08:59:02,2025-07-03 09:06:55.133998,2025-07-03 09:31:43.347055,2025-07-03 09:38:26.200,39.40333333333333,24.803550949999998,22,4,osrm
180,delivered,2025-07-03 09:00:05,2025-07-03 09:11:50.385263,2025-07-03 09:11:50.385263,2025-07-03 09:13:55.800,13.846666666666666,0.0,15,4,osrm
181,delivered,2025-07-03 09:00:26,2025-07-03 09:11:56.883953,2025-07-03 09:36:36.878766,2025-07-03 09:42:39.800,42.230000000000004,24.666580216666667,15,4,osrm
182,delivered,2025-07-03 09:00:14,2025-07-03 09:11:24.364366,2025-07-03 09:11:24.364366,2025-07-03 09:22:24.800,22.18,0.0,51,4,osrm
183,delivered,2025-07-03 09:00:17,2025-07-03 09:12:41.507753,2025-07-03 09:29:59.973603,2025-07-03 09:35:57.500,35.675,17.30776416666667,53,4,osrm
184,delivered,2025-07-03 09:00:08,2025-07-03 09:20:50.700992,2025-07-03 09:24:14.239941,2025-07-03 09:27:30.300,27.371666666666666,3.3923158166666667,43,4,osrm
185,delivered,2025-07-03 09:03:56,2025-07-03 09:18:08.001196,2025-07-03 09:30:56.305000,2025-07-03 09:34:41.400,30.756666666666668,12.8050634,50,4,osrm
186,delivered,2025-07-03 09:03:02,2025-07-03 09:11:39.596489,2025-07-03 09:27:55.848860,2025-07-03 09:35:41.800,32.663333333333334,16.27087285,39,4,osrm
187,delivered,2025-07-03 09:03:46,2025-07-03 09:14:04.237857,2025-07-03 09:50:46.745612,2025-07-03 09:57:53.800,54.13,36.708462583333336,27,4,osrm
188,delivered,2025-07-03 09:03:35,2025-07-03 09:13:33.696295,2025-07-03 09:20:39.034724,2025-07-03 09:24:05.300,20.505,7.088973816666667,13,4,osrm
189,delivered,2025-07-03 09:04:13,2025-07-03 09:18:22.440132,2025-07-03 09:48:54.000000,2025-07-03 10:01:02.800,56.830000000000005,30.525997800000003,1,4,osrm
190,delivered,2025-07-03 09:04:18,2025-07-03 09:16:33.159922,2025-07-03 09:26:23.904131,2025-07-03 09:42:05.900,37.79833333333333,9.845736816666665,6,4,osrm
191,delivered,2025-07-03 09:04:47,2025-07-03 09:22:55.994199,2025-07-03 09:22:55.994199,2025-07-03 09:28:14.400,23.456666666666667,0.0,38,4,osrm
192,delivered,2025-07-03 09:05:37,2025-07-03 09:15:28.084624,2025-07-03 09:31:43.347055,2025-07-03 09:38:26.200,32.82,16.25437385,22,4,osrm
193,delivered,2025-07-03 09:05:53,2025-07-03 09:17:41.492049,2025-07-03 09:18:09.675542,2025-07-03 09:23:43.000,17.833333333333332,0.4697248833333333,46,4,osrm
194,delivered,2025-07-03 09:05:30,2025-07-03 09:20:12.036513,2025-07-03 09:37:13.364195,2025-07-03 09:42:08.100,36.635,17.022128033333335,45,4,osrm
195,delivered,2025-07-03 09:05:51,2025-07-03 09:18:09.675542,2025-07-03 09:31:50.051716,2025-07-03 09:37:04.700,31.228333333333335,13.672936233333333,8,4,osrm
196,delivered,2025-07-03 09:06:50,2025-07-03 09:14:07.427528,2025-07-03 09:24:14.239941,2025-07-03 09:27:30.300,20.671666666666667,10.113540216666667,43,4,osrm
197,delivered,2025-07-03 09:06:29,2025-07-03 09:16:48.854540,2025-07-03 09:56:50.613954,2025-07-03 09:56:46.800,50.29666666666667,40.02932356666667,12,4,osrm
198,delivered,2025-07-03 09:06:27,2025-07-03 09:13:23.382988,2025-07-03 09:37:41.763909,2025-07-03 09:40:20.200,33.88666666666667,24.306348683333333,33,4,osrm
199,delivered,2025-07-03 09:06:41,2025-07-03 09:18:51.701352,2025-07-03 09:40:01.473158,2025-07-03 09:44:13.700,37.544999999999995,21.16286343333333,7,4,osrm
200,delivered,2025-07-03 09:07:56,2025-07-03 09:25:07.718815,2025-07-03 09:57:41.520393,2025-07-03 09:58:57.300,51.02166666666667,32.563359633333334,56,4,osrm
201,delivered,2025-07-03 09:08:29,2025-07-03 09:22:02.617571,2025-07-03 09:39:50.234319,2025-07-03 09:50:53.800,42.413333333333334,17.793612466666666,31,4,osrm
202,delivered,2025-07-03 09:08:04,2025-07-03 09:18:43.144739,2025-07-03 10:11:34.838335,2025-07-03 10:13:16.300,65.205,52.86155993333333,30,3,osrm
203,delivered,2025-07-03 09:08:19,2025-07-03 09:21:29.204637,2025-07-03 09:30:56.305000,2025-07-03 09:34:41.400,26.373333333333335,9.451672716666668,50,4,osrm
204,delivered,2025-07-03 09:08:56,2025-07-03 09:20:42.787646,2025-07-03 09:28:38.207859,2025-07-03 09:36:20.900,27.415000000000003,7.923670216666666,5,3,osrm
205,delivered,2025-07-03 09:09:19,2025-07-03 09:22:20.452499,2025-07-03 09:22:20.452499,2025-07-03 09:27:05.500,17.775,0.0,31,4,osrm
206,delivered,2025-07-03 09:09:07,2025-07-03 09:23:52.543612,2025-07-03 09:23:52.543612,2025-07-03 09:19:22.400,10.256666666666666,0.0,11,3,osrm
207,delivered,2025-07-03 09:09:06,2025-07-03 09:16:03.257246,2025-07-03 10:30:33.500000,2025-07-03 10:37:48.700,88.71166666666666,74.5040459,15,4,osrm
208,delivered,2025-07-03 09:09:41,2025-07-03 09:22:07.108833,2025-07-03 09:23:52.543612,2025-07-03 09:19:22.400,9.69,1.7572463166666668,11,3,osrm
209,delivered,2025-07-03 09:10:39,2025-07-03 09:20:39.034724,2025-07-03 09:30:47.763158,2025-07-03 09:35:42.200,25.053333333333335,10.1454739,37,4,osrm
210,delivered,2025-07-03 09:10:56,2025-07-03 09:17:01.873299,2025-07-03 09:34:55.500000,2025-07-03 09:40:20.000,29.4,17.893778349999998,55,4,osrm
211,delivered,2025-07-03 09:11:19,2025-07-03 09:25:29.510535,2025-07-03 09:27:55.848860,2025-07-03 09:35:41.800,24.38,2.4389720833333333,39,4,osrm
212,delivered,2025-07-03 09:11:07,2025-07-03 09:24:26.531801,2025-07-03 09:46:05.900000,2025-07-03 09:53:05.800,41.980000000000004,21.65613665,4,4,osrm
213,delivered,2025-07-03 09:11:16,2025-07-03 09:24:08.648977,2025-07-03 09:36:36.878766,2025-07-03 09:42:39.800,31.396666666666665,12.470496483333333,15,4,osrm
214,delivered,2025-07-03 09:11:56,2025-07-03 09:26:30.965406,2025-07-03 09:26:30.965406,2025-07-03 09:25:02.300,13.104999999999999,0.0,28,4,osrm
215,delivered,2025-07-03 09:12:24,2025-07-03 09:22:57.166605,2025-07-03 09:26:30.965406,2025-07-03 09:25:02.300,12.638333333333332,3.56331335,28,4,osrm
216,delivered,2025-07-03 09:12:37,2025-07-03 09:23:01.046567,2025-07-03 09:39:50.234319,2025-07-03 09:50:53.800,38.28,16.819795866666666,31,4,osrm
217,delivered,2025-07-03 09:12:58,2025-07-03 09:25:51.061561,2025-07-03 10:35:05.900000,2025-07-03 10:45:07.100,92.15166666666667,69.24730731666666,40,4,osrm
218,delivered,2025-07-03 09:13:10,2025-07-03 09:19:18.758899,2025-07-03 09:20:50.700992,2025-07-03 09:24:42.900,11.548333333333334,1.5323682166666666,33,4,osrm
219,delivered,2025-07-03 09:13:39,2025-07-03 09:24:14.239941,2025-07-03 09:24:14.239941,2025-07-03 09:27:30.300,13.854999999999999,0.0,43,4,osrm
220,delivered,2025-07-03 09:13:43,2025-07-03 09:29:19.147556,2025-07-03 10:15:09.000000,2025-07-03 10:19:07.300,65.405,45.83087406666667,13,2,osrm
221,delivered,2025-07-03 09:13:56,2025-07-03 09:28:12.857722,2025-07-03 10:04:46.300000,2025-07-03 10:17:09.000,63.21666666666667,36.5573713,54,4,osrm
222,delivered,2025-07-03 09:14:42,2025-07-03 09:29:59.973603,2025-07-03 09:29:59.973603,2025-07-03 09:35:57.500,21.258333333333333,0.0,53,4,osrm
223,delivered,2025-07-03 09:14:35,2025-07-03 09:25:53.286058,2025-07-03 09:34:55.500000,2025-07-03 09:40:20.000,25.75,9.036899033333333,55,4,osrm
224,delivered,2025-07-03 09:14:49,2025-07-03 09:23:27.115871,2025-07-03 09:34:55.500000,2025-07-03 09:40:20.000,25.516666666666666,11.473068816666666,55,4,osrm
225,delivered,2025-07-03 09:14:58,2025-07-03 09:31:29.522083,2025-07-03 10:05:20.000000,2025-07-03 10:14:14.700,59.27833333333333,33.84129861666666,26,4,osrm
226,delivered,2025-07-03 09:15:20,2025-07-03 09:26:24.868992,2025-07-03 09:29:43.219677,2025-07-03 09:35:03.200,19.720000000000002,3.30584475,11,4,osrm
227,delivered,2025-07-03 09:15:11,2025-07-03 09:26:23.904131,2025-07-03 09:26:23.904131,2025-07-03 09:42:05.900,26.915000000000003,0.0,6,4,osrm
228,delivered,2025-07-03 09:15:41,2025-07-03 09:30:05.648366,2025-07-03 10:00:59.136970,2025-07-03 10:09:13.900,53.54833333333333,30.89147673333333,35,4,osrm
229,delivered,2025-07-03 09:15:14,2025-07-03 09:29:18.195817,2025-07-03 09:37:38.860869,2025-07-03 09:44:41.300,29.455,8.344417533333333,13,4,osrm
230,delivered,2025-07-03 09:15:23,2025-07-03 09:29:49.794504,2025-07-03 09:44:39.500000,2025-07-03 10:00:33.100,45.16833333333333,14.828424933333334,16,4,osrm
231,delivered,2025-07-03 09:16:57,2025-07-03 09:32:08.270019,2025-07-03 09:44:47.659536,2025-07-03 09:52:46.600,35.82666666666667,12.65649195,54,4,osrm
232,delivered,2025-07-03 09:16:58,2025-07-03 09:32:08.691268,2025-07-03 09:50:24.900000,2025-07-03 09:59:12.900,42.248333333333335,18.270145533333334,5,4,osrm
233,delivered,2025-07-03 09:16:04,2025-07-03 09:21:04.000000,2025-07-03 10:11:00.002320,2025-07-03 10:22:33.500,66.49166666666666,49.933372,50,4,osrm
234,delivered,2025-07-03 09:16:22,2025-07-03 09:21:22.000000,2025-07-03 09:54:45.203200,2025-07-03 09:57:09.300,40.788333333333334,33.38672,57,4,osrm
235,delivered,2025-07-03 09:16:46,2025-07-03 09:30:56.305000,2025-07-03 09:30:56.305000,2025-07-03 09:34:41.400,17.923333333333336,0.0,50,4,osrm
236,delivered,2025-07-03 09:17:35,2025-07-03 09:31:10.666860,2025-07-03 09:50:24.900000,2025-07-03 09:59:12.900,41.63166666666667,19.237219,5,4,osrm
237,delivered,2025-07-03 09:17:16,2025-07-03 09:30:30.384940,2025-07-03 09:58:39.118803,2025-07-03 10:04:44.100,47.468333333333334,28.145564383333333,3,4,osrm
238,delivered,2025-07-03 09:18:43,2025-07-03 09:31:58.617632,2025-07-03 09:50:46.745612,2025-07-03 09:57:53.800,39.18,18.802133,27,4,osrm
239,delivered,2025-07-03 09:18:32,2025-07-03 09:29:56.596687,2025-07-03 10:01:29.343469,2025-07-03 10:12:06.800,53.580000000000005,31.5457797,41,4,osrm
240,delivered,2025-07-03 09:18:33,2025-07-03 09:27:28.895877,2025-07-03 10:30:42.500000,2025-07-03 10:39:19.900,80.78166666666667,63.226735383333335,4,2,osrm
241,delivered,2025-07-03 09:18:03,2025-07-03 09:31:43.347055,2025-07-03 09:31:43.347055,2025-07-03 09:38:26.200,20.386666666666667,0.0,22,4,osrm
242,delivered,2025-07-03 09:18:45,2025-07-03 09:38:55.434644,2025-07-03 10:10:59.944008,2025-07-03 10:21:35.000,62.833333333333336,32.075156066666665,27,4,osrm
243,delivered,2025-07-03 09:18:17,2025-07-03 09:28:38.207859,2025-07-03 09:32:13.863610,2025-07-03 09:39:04.000,20.783333333333335,3.594262516666667,17,4,osrm
244,delivered,2025-07-03 09:18:02,2025-07-03 09:29:40.021740,2025-07-03 09:34:55.500000,2025-07-03 09:40:20.000,22.3,5.2579709999999995,55,4,osrm
245,delivered,2025-07-03 09:18:56,2025-07-03 09:37:42.801444,2025-07-03 09:46:05.900000,2025-07-03 09:53:05.800,34.163333333333334,8.384975933333333,4,4,osrm
246,delivered,2025-07-03 09:19:36,2025-07-03 09:34:49.133441,2025-07-03 09:46:05.900000,2025-07-03 09:54:22.100,34.76833333333333,11.27944265,25,4,osrm
247,delivered,2025-07-03 09:19:51,2025-07-03 09:36:19.084756,2025-07-03 10:04:46.300000,2025-07-03 10:17:09.000,57.3,28.4535874,54,4,osrm
248,delivered,2025-07-03 09:19:13,2025-07-03 09:30:47.763158,2025-07-03 09:37:41.763909,2025-07-03 09:40:20.200,21.12,6.900012516666666,33,4,osrm
249,delivered,2025-07-03 09:19:32,2025-07-03 09:29:43.219677,2025-07-03 09:29:43.219677,2025-07-03 09:35:03.200,15.520000000000001,0.0,11,4,osrm
250,delivered,2025-07-03 09:19:08,2025-07-03 09:28:50.872910,2025-07-03 09:31:50.051716,2025-07-03 09:37:04.700,17.945,2.9863134333333337,8,4,osrm
251,delivered,2025-07-03 09:19:23,2025-07-03 09:27:55.848860,2025-07-03 09:27:55.848860,2025-07-03 09:35:41.800,16.313333333333333,0.0,39,4,osrm
252,delivered,2025-07-03 09:20:21,2025-07-03 09:34:08.123768,2025-07-03 09:46:22.600000,2025-07-03 09:53:31.300,33.17166666666667,12.241270533333333,26,4,osrm
253,delivered,2025-07-03 09:20:55,2025-07-03 09:27:36.499627,2025-07-03 09:50:24.900000,2025-07-03 09:59:12.900,38.29833333333333,22.80667288333333,5,4,osrm
254,delivered,2025-07-03 09:20:09,2025-07-03 09:35:10.113334,2025-07-03 09:48:11.000000,2025-07-03 09:57:34.300,37.42166666666667,13.014777766666667,43,4,osrm
255,delivered,2025-07-03 09:20:33,2025-07-03 09:29:03.375294,2025-07-03 09:35:10.113334,2025-07-03 09:44:14.700,23.695,6.112300666666667,3,4,osrm
256,delivered,2025-07-03 09:21:52,2025-07-03 09:33:07.703638,2025-07-03 10:27:49.300000,2025-07-03 10:35:46.200,73.90333333333334,54.6932727,21,3,osrm
257,delivered,2025-07-03 09:21:02,2025-07-03 09:29:43.083756,2025-07-03 09:54:14.711949,2025-07-03 09:53:47.700,32.76166666666667,24.52713655,22,2,osrm
258,delivered,2025-07-03 09:21:31,2025-07-03 09:36:36.878766,2025-07-03 09:48:59.234655,2025-07-03 09:58:56.200,37.419999999999995,12.37259815,32,4,osrm
259,delivered,2025-07-03 09:21:48,2025-07-03 09:32:13.863610,2025-07-03 09:32:13.863610,2025-07-03 09:39:04.000,17.266666666666666,0.0,17,4,osrm
260,delivered,2025-07-03 09:21:54,2025-07-03 09:31:25.483360,2025-07-03 10:05:19.100000,2025-07-03 10:13:18.500,51.40833333333333,33.89361066666667,37,4,osrm
261,delivered,2025-07-03 09:22:50,2025-07-03 09:37:13.364195,2025-07-03 09:53:06.481022,2025-07-03 10:05:48.200,42.97,15.88528045,53,4,osrm
262,delivered,2025-07-03 09:22:15,2025-07-03 09:31:03.191933,2025-07-03 09:57:41.520393,2025-07-03 09:58:57.300,36.705000000000005,26.638807666666665,56,4,osrm
263,delivered,2025-07-03 09:23:21,2025-07-03 09:37:10.073652,2025-07-03 09:48:32.411846,2025-07-03 09:55:26.300,32.08833333333333,11.372303233333334,40,4,osrm
264,delivered,2025-07-03 09:23:54,2025-07-03 09:40:04.442648,2025-07-03 09:55:17.010674,2025-07-03 09:59:57.600,36.059999999999995,15.209467100000001,30,4,osrm
265,delivered,2025-07-03 09:23:09,2025-07-03 09:31:50.051716,2025-07-03 09:31:50.051716,2025-07-03 09:37:04.700,13.928333333333335,0.0,8,4,osrm
266,delivered,2025-07-03 09:23:05,2025-07-03 09:29:06.691193,2025-07-03 09:55:17.010674,2025-07-03 09:59:57.600,36.876666666666665,26.17199135,30,4,osrm
267,delivered,2025-07-03 09:24:46,2025-07-03 09:43:24.025571,2025-07-03 10:11:00.002320,2025-07-03 10:22:33.500,57.791666666666664,27.59961248333333,50,4,osrm
268,delivered,2025-07-03 09:24:14,2025-07-03 09:36:22.818202,2025-07-03 10:27:49.300000,2025-07-03 10:35:46.200,71.53666666666666,51.4413633,21,3,osrm
269,delivered,2025-07-03 09:24:37,2025-07-03 09:35:06.760998,2025-07-03 09:46:05.900000,2025-07-03 09:53:05.800,28.48,10.985650033333334,4,4,osrm
270,delivered,2025-07-03 09:24:46,2025-07-03 09:35:09.792117,2025-07-03 10:04:46.300000,2025-07-03 10:17:09.000,52.38333333333333,29.608464716666667,54,4,osrm
271,delivered,2025-07-03 09:25:11,2025-07-03 09:38:07.125510,2025-07-03 09:46:05.900000,2025-07-03 09:54:22.100,29.185,7.979574833333333,25,4,osrm
272,delivered,2025-07-03 09:25:19,2025-07-03 09:30:31.484755,2025-07-03 09:48:11.000000,2025-07-03 09:57:34.300,32.255,17.658587416666666,43,4,osrm
273,delivered,2025-07-03 09:25:48,2025-07-03 09:39:50.234319,2025-07-03 09:54:45.203200,2025-07-03 09:57:09.300,31.355,14.916148016666666,57,4,osrm
274,delivered,2025-07-03 09:26:12,2025-07-03 09:34:37.528322,2025-07-03 10:02:59.877411,2025-07-03 10:13:02.000,46.833333333333336,28.372484816666667,10,4,osrm
275,delivered,2025-07-03 09:26:27,2025-07-03 09:37:41.763909,2025-07-03 09:48:32.411846,2025-07-03 09:55:26.300,28.988333333333333,10.844132283333332,40,4,osrm
276,delivered,2025-07-03 09:26:42,2025-07-03 09:40:01.721040,2025-07-03 09:45:13.100000,2025-07-03 09:52:11.300,25.488333333333333,5.189649333333334,37,4,osrm
277,delivered,2025-07-03 09:26:00,2025-07-03 09:40:45.074827,2025-07-03 09:45:13.100000,2025-07-03 09:52:11.300,26.188333333333333,4.467086216666667,37,4,osrm
278,delivered,2025-07-03 09:27:15,2025-07-03 09:40:26.460573,2025-07-03 10:05:19.100000,2025-07-03 10:13:18.500,46.05833333333333,24.877323783333335,37,4,osrm
279,delivered,2025-07-03 09:27:37,2025-07-03 09:41:45.510868,2025-07-03 10:14:20.100000,2025-07-03 10:21:49.100,54.20166666666667,32.57648553333333,28,4,osrm
280,delivered,2025-07-03 09:27:17,2025-07-03 09:38:14.784596,2025-07-03 09:58:39.118803,2025-07-03 10:04:44.100,37.45166666666667,20.40557011666667,3,4,osrm
281,delivered,2025-07-03 09:27:19,2025-07-03 09:38:05.078902,2025-07-03 10:01:29.343469,2025-07-03 10:12:06.800,44.79666666666667,23.40440945,41,4,osrm
282,delivered,2025-07-03 09:28:44,2025-07-03 09:40:01.473158,2025-07-03 09:49:26.200000,2025-07-03 09:56:07.000,27.383333333333333,9.412114033333333,49,3,osrm
283,delivered,2025-07-03 09:28:37,2025-07-03 09:44:47.659536,2025-07-03 10:00:59.136970,2025-07-03 10:09:13.900,40.615,16.191290566666666,35,4,osrm
284,delivered,2025-07-03 09:29:15,2025-07-03 09:37:38.860869,2025-07-03 09:48:59.234655,2025-07-03 09:58:56.200,29.686666666666667,11.3395631,32,4,osrm
285,delivered,2025-07-03 09:29:50,2025-07-03 09:38:27.890619,2025-07-03 10:42:15.900000,2025-07-03 10:52:25.600,82.59333333333333,63.800156349999995,43,4,osrm
286,delivered,2025-07-03 09:29:31,2025-07-03 09:43:02.109993,2025-07-03 10:02:59.877411,2025-07-03 10:13:02.000,43.516666666666666,19.962790299999998,10,4,osrm
287,delivered,2025-07-03 09:30:58,2025-07-03 09:47:37.775592,2025-07-03 10:13:32.032584,2025-07-03 10:23:30.100,52.535,25.904283200000002,56,4,osrm
288,delivered,2025-07-03 09:30:22,2025-07-03 09:46:22.131295,2025-07-03 10:28:13.960680,2025-07-03 10:29:04.700,58.711666666666666,41.86382308333334,36,4,osrm
289,delivered,2025-07-03 09:31:29,2025-07-03 09:45:22.686048,2025-07-03 09:50:24.900000,2025-07-03 09:59:12.900,27.73166666666667,5.0368992,5,4,osrm
290,delivered,2025-07-03 09:32:29,2025-07-03 09:43:45.453774,2025-07-03 10:29:35.208831,2025-07-03 10:34:42.300,62.22166666666667,45.829250949999995,20,3,osrm
291,delivered,2025-07-03 09:32:06,2025-07-03 09:42:15.957707,2025-07-03 09:55:17.010674,2025-07-03 09:59:57.600,27.86,13.017549449999999,30,4,osrm
292,delivered,2025-07-03 09:33:57,2025-07-03 09:47:48.352956,2025-07-03 09:54:45.203200,2025-07-03 09:57:09.300,23.205,6.947504066666666,57,4,osrm
293,delivered,2025-07-03 09:33:09,2025-07-03 09:47:55.377870,2025-07-03 10:13:18.085658,2025-07-03 10:21:49.400,48.67333333333333,25.378463133333334,48,4,osrm
294,delivered,2025-07-03 09:33:30,2025-07-03 09:47:04.702584,2025-07-03 10:05:19.100000,2025-07-03 10:13:18.500,39.80833333333333,18.239956933333335,37,4,osrm
295,delivered,2025-07-03 09:33:13,2025-07-03 09:43:11.624803,2025-07-03 10:05:20.000000,2025-07-03 10:14:14.700,41.02833333333333,22.13958661666667,26,4,osrm
296,delivered,2025-07-03 09:34:59,2025-07-03 09:43:00.116217,2025-07-03 09:50:46.745612,2025-07-03 09:57:53.800,22.913333333333334,7.777156583333333,27,4,osrm
297,delivered,2025-07-03 09:34:48,2025-07-03 09:44:11.219238,2025-07-03 09:48:36.300000,2025-07-03 10:01:37.300,26.821666666666665,4.4180127,55,4,osrm
298,delivered,2025-07-03 09:34:39,2025-07-03 09:43:46.196399,2025-07-03 09:48:54.000000,2025-07-03 10:01:02.800,26.396666666666665,5.1300600166666666,1,4,osrm
299,delivered,2025-07-03 09:35:22,2025-07-03 09:48:59.234655,2025-07-03 10:06:19.565093,2025-07-03 10:15:21.600,39.99333333333333,17.338840633333334,11,4,osrm
300,delivered,2025-07-03 09:36:02,2025-07-03 09:50:42.441246,2025-07-03 10:35:38.000000,2025-07-03 10:47:07.800,71.09666666666666,44.92597923333334,38,4,osrm
301,delivered,2025-07-03 09:37:46,2025-07-03 09:47:47.771930,2025-07-03 10:19:19.027710,2025-07-03 10:20:22.400,42.60666666666667,31.520929666666667,7,3,osrm
302,delivered,2025-07-03 09:37:16,2025-07-03 09:48:53.200187,2025-07-03 10:05:54.400000,2025-07-03 10:12:34.400,35.306666666666665,17.01999688333333,31,3,osrm
303,delivered,2025-07-03 09:37:50,2025-07-03 09:50:01.645034,2025-07-03 10:05:20.000000,2025-07-03 10:14:14.700,36.41166666666666,15.3059161,26,4,osrm
304,delivered,2025-07-03 09:38:41,2025-07-03 09:53:06.481022,2025-07-03 10:11:00.002320,2025-07-03 10:22:33.500,43.875,17.892021633333332,50,4,osrm
305,delivered,2025-07-03 09:38:17,2025-07-03 09:50:46.745612,2025-07-03 09:50:46.745612,2025-07-03 09:57:53.800,19.613333333333333,0.0,27,4,osrm
306,delivered,2025-07-03 09:39:50,2025-07-03 09:48:32.411846,2025-07-03 10:00:59.136970,2025-07-03 10:09:13.900,29.398333333333333,12.445418733333334,35,4,osrm
307,delivered,2025-07-03 09:40:49,2025-07-03 09:57:41.520393,2025-07-03 10:05:54.400000,2025-07-03 10:12:34.400,31.756666666666668,8.214660116666668,31,3,osrm
308,delivered,2025-07-03 09:40:03,2025-07-03 09:52:29.581215,2025-07-03 10:13:18.085658,2025-07-03 10:21:49.400,41.77333333333333,20.808407383333336,48,4,osrm
309,delivered,2025-07-03 09:40:28,2025-07-03 09:53:22.565005,2025-07-03 10:35:05.900000,2025-07-03 10:45:07.100,64.65166666666667,41.72224991666667,40,4,osrm
310,delivered,2025-07-03 09:41:34,2025-07-03 09:50:43.559149,2025-07-03 09:58:39.118803,2025-07-03 10:04:44.100,23.168333333333333,7.925994233333333,3,4,osrm
311,delivered,2025-07-03 09:41:22,2025-07-03 09:54:33.542838,2025-07-03 10:05:19.100000,2025-07-03 10:13:18.500,31.941666666666666,10.759286033333332,37,4,osrm
312,delivered,2025-07-03 09:42:32,2025-07-03 09:53:02.504547,2025-07-03 10:29:35.208831,2025-07-03 10:31:04.300,48.538333333333334,36.5450714,12,4,osrm
313,delivered,2025-07-03 09:42:33,2025-07-03 09:54:14.711949,2025-07-03 09:54:14.711949,2025-07-03 09:53:47.700,11.245000000000001,0.0,22,2,osrm
314,delivered,2025-07-03 09:43:44,2025-07-03 09:55:02.646607,2025-07-03 10:21:13.900000,2025-07-03 10:29:52.700,46.144999999999996,26.18755655,22,4,osrm
315,delivered,2025-07-03 09:43:38,2025-07-03 09:57:24.729199,2025-07-03 10:04:46.300000,2025-07-03 10:17:09.000,33.516666666666666,7.35951335,54,4,osrm
316,delivered,2025-07-03 09:43:36,2025-07-03 09:55:17.010674,2025-07-03 09:55:17.010674,2025-07-03 09:59:57.600,16.36,0.0,30,4,osrm
317,delivered,2025-07-03 09:44:37,2025-07-03 09:54:45.203200,2025-07-03 09:54:45.203200,2025-07-03 09:57:09.300,12.538333333333332,0.0,57,4,osrm
318,delivered,2025-07-03 09:44:18,2025-07-03 09:56:35.546497,2025-07-03 10:14:20.100000,2025-07-03 10:22:52.500,38.575,17.742558383333336,53,3,osrm
319,delivered,2025-07-03 09:44:28,2025-07-03 10:01:29.343469,2025-07-03 10:01:29.343469,2025-07-03 10:12:06.800,27.646666666666665,0.0,41,4,osrm
320,delivered,2025-07-03 09:44:58,2025-07-03 09:56:50.613954,2025-07-03 10:06:19.565093,2025-07-03 10:15:21.600,30.39333333333333,9.482518983333334,11,4,osrm
321,delivered,2025-07-03 09:46:37,2025-07-03 09:56:26.703818,2025-07-03 10:14:20.100000,2025-07-03 10:21:49.100,35.20166666666667,17.889936366666667,28,4,osrm
322,delivered,2025-07-03 09:46:53,2025-07-03 09:54:58.267459,2025-07-03 10:42:15.900000,2025-07-03 10:52:25.600,65.54333333333334,47.29387568333333,43,4,osrm
323,delivered,2025-07-03 09:46:06,2025-07-03 09:58:39.118803,2025-07-03 10:08:50.000000,2025-07-03 10:15:04.900,28.98166666666667,10.181353283333333,49,2,osrm
324,delivered,2025-07-03 09:47:21,2025-07-03 10:02:09.803497,2025-07-03 10:05:19.100000,2025-07-03 10:13:43.000,26.366666666666667,3.154941716666667,21,4,osrm
325,delivered,2025-07-03 09:47:19,2025-07-03 10:05:00.427557,2025-07-03 10:19:19.027710,2025-07-03 10:20:22.400,33.056666666666665,14.31000255,7,3,osrm
326,delivered,2025-07-03 09:47:55,2025-07-03 09:57:16.160248,2025-07-03 10:05:20.000000,2025-07-03 10:14:14.700,26.328333333333333,8.063995866666666,26,4,osrm
327,delivered,2025-07-03 09:48:23,2025-07-03 09:59:12.198979,2025-07-03 10:09:07.400000,2025-07-03 10:17:27.600,29.076666666666664,9.920017016666666,8,4,osrm
328,delivered,2025-07-03 09:48:58,2025-07-03 10:02:34.382462,2025-07-03 10:14:20.100000,2025-07-03 10:21:49.100,32.85166666666667,11.761958966666667,28,4,osrm
329,delivered,2025-07-03 09:48:29,2025-07-03 10:00:59.136970,2025-07-03 10:00:59.136970,2025-07-03 10:09:13.900,20.748333333333335,0.0,35,4,osrm
330,delivered,2025-07-03 09:48:03,2025-07-03 10:05:13.643903,2025-07-03 10:15:29.100000,2025-07-03 10:23:46.900,35.73166666666667,10.257601616666667,2,4,osrm
331,delivered,2025-07-03 09:48:54,2025-07-03 10:03:22.992785,2025-07-03 10:23:10.495151,2025-07-03 10:33:41.800,44.79666666666667,19.7917061,45,4,osrm
332,delivered,2025-07-03 09:48:41,2025-07-03 09:58:31.083335,2025-07-03 10:41:15.712284,2025-07-03 10:54:26.200,65.75333333333333,42.74381581666667,28,4,osrm
333,delivered,2025-07-03 09:49:45,2025-07-03 09:56:55.902121,2025-07-03 10:02:59.877411,2025-07-03 10:13:02.000,23.283333333333335,6.066254833333333,10,4,osrm
334,delivered,2025-07-03 09:49:30,2025-07-03 09:56:27.141304,2025-07-03 10:27:49.300000,2025-07-03 10:35:46.200,46.269999999999996,31.3693116,21,3,osrm
335,delivered,2025-07-03 09:49:08,2025-07-03 10:02:45.842569,2025-07-03 10:25:49.791561,2025-07-03 10:24:23.800,35.263333333333335,23.065816533333336,32,2,osrm
336,delivered,2025-07-03 09:49:51,2025-07-03 10:02:59.877411,2025-07-03 10:02:59.877411,2025-07-03 10:13:02.000,23.183333333333334,0.0,10,4,osrm
337,delivered,2025-07-03 09:49:36,2025-07-03 10:05:52.588891,2025-07-03 10:06:19.565093,2025-07-03 10:15:21.600,25.759999999999998,0.44960336666666667,11,4,osrm
338,delivered,2025-07-03 09:50:20,2025-07-03 10:04:30.594090,2025-07-03 10:41:15.712284,2025-07-03 10:54:26.200,64.10333333333332,36.7519699,28,4,osrm
339,delivered,2025-07-03 09:50:15,2025-07-03 09:56:52.842016,2025-07-03 10:29:45.642554,2025-07-03 10:31:33.300,41.305,32.880008966666665,17,4,osrm
340,delivered,2025-07-03 09:51:53,2025-07-03 09:58:48.698977,2025-07-03 10:29:35.208831,2025-07-03 10:34:42.300,42.82166666666667,30.77516423333333,20,3,osrm
341,delivered,2025-07-03 09:52:15,2025-07-03 09:59:24.592256,2025-07-03 10:20:01.501729,2025-07-03 10:26:02.700,33.795,20.61515788333333,52,2,osrm
342,delivered,2025-07-03 09:53:53,2025-07-03 10:00:27.978862,2025-07-03 10:05:19.100000,2025-07-03 10:13:43.000,19.833333333333332,4.852018966666666,21,4,osrm
343,delivered,2025-07-03 09:53:01,2025-07-03 10:04:01.637794,2025-07-03 10:39:51.800000,2025-07-03 10:44:12.600,51.193333333333335,35.836036766666666,7,1,osrm
344,delivered,2025-07-03 09:54:27,2025-07-03 10:10:59.944008,2025-07-03 10:18:36.200000,2025-07-03 10:31:03.800,36.61333333333334,7.604266533333333,6,4,osrm
345,delivered,2025-07-03 09:54:58,2025-07-03 10:04:21.868203,2025-07-03 10:28:13.960680,2025-07-03 10:29:04.700,34.111666666666665,23.86820795,36,4,osrm
346,delivered,2025-07-03 09:55:51,2025-07-03 10:06:19.565093,2025-07-03 10:06:19.565093,2025-07-03 10:15:21.600,19.509999999999998,0.0,11,4,osrm
347,delivered,2025-07-03 09:55:36,2025-07-03 10:08:26.504699,2025-07-03 10:15:09.000000,2025-07-03 10:19:07.300,23.521666666666665,6.708255016666667,13,2,osrm
348,delivered,2025-07-03 09:56:53,2025-07-03 10:08:16.461641,2025-07-03 10:29:35.208831,2025-07-03 10:31:04.300,34.18833333333334,21.312453166666668,12,4,osrm
349,delivered,2025-07-03 09:56:26,2025-07-03 10:03:45.480939,2025-07-03 10:21:36.754092,2025-07-03 10:30:02.400,33.60666666666667,17.85455255,19,4,osrm
350,delivered,2025-07-03 09:57:58,2025-07-03 10:08:22.075231,2025-07-03 10:35:38.000000,2025-07-03 10:47:07.800,49.163333333333334,27.265412816666664,38,4,osrm
351,delivered,2025-07-03 09:57:50,2025-07-03 10:11:00.002320,2025-07-03 10:11:00.002320,2025-07-03 10:22:33.500,24.725,0.0,50,4,osrm
352,delivered,2025-07-03 09:57:26,2025-07-03 10:11:52.599240,2025-07-03 10:28:13.960680,2025-07-03 10:29:04.700,31.645,16.356024,36,4,osrm
353,delivered,2025-07-03 09:58:14,2025-07-03 10:08:40.640688,2025-07-03 10:08:50.000000,2025-07-03 10:15:04.900,16.848333333333333,0.15598853333333332,49,2,osrm
354,delivered,2025-07-03 09:58:43,2025-07-03 10:13:18.085658,2025-07-03 10:29:35.208831,2025-07-03 10:31:04.300,32.355,16.285386216666666,12,4,osrm
355,delivered,2025-07-03 09:58:35,2025-07-03 10:10:58.729125,2025-07-03 10:30:33.500000,2025-07-03 10:37:48.700,39.22833333333333,19.57951458333333,15,4,osrm
356,delivered,2025-07-03 09:59:33,2025-07-03 10:08:39.148804,2025-07-03 10:41:15.712284,2025-07-03 10:54:26.200,54.88666666666666,32.609391333333335,28,4,osrm
357,delivered,2025-07-03 09:59:23,2025-07-03 10:11:34.838335,2025-07-03 10:11:34.838335,2025-07-03 10:13:16.300,13.888333333333332,0.0,30,3,osrm
358,delivered,2025-07-03 09:59:05,2025-07-03 10:06:24.693912,2025-07-03 10:40:34.577283,2025-07-03 10:47:44.600,48.66,34.16472285,23,2,osrm
359,delivered,2025-07-03 10:00:09,2025-07-03 10:08:59.149082,2025-07-03 10:31:47.000000,2025-07-03 10:46:30.300,46.355000000000004,22.7975153,5,4,osrm
360,delivered,2025-07-03 10:02:56,2025-07-03 10:21:07.794381,2025-07-03 10:53:25.100000,2025-07-03 11:00:50.800,57.913333333333334,32.28842698333333,57,3,osrm
361,delivered,2025-07-03 10:03:32,2025-07-03 10:13:32.032584,2025-07-03 10:31:07.000000,2025-07-03 10:40:07.800,36.59666666666667,17.582790266666667,33,4,osrm
362,delivered,2025-07-03 10:03:43,2025-07-03 10:13:27.049869,2025-07-03 10:43:47.300000,2025-07-03 10:50:36.300,46.888333333333335,30.337502183333335,25,2,osrm
363,delivered,2025-07-03 10:04:01,2025-07-03 10:17:38.641099,2025-07-03 10:42:02.205362,2025-07-03 10:47:38.700,43.62833333333333,24.392737716666666,37,4,osrm
364,delivered,2025-07-03 10:05:39,2025-07-03 10:17:59.239996,2025-07-03 10:35:38.000000,2025-07-03 10:47:07.800,41.480000000000004,17.646000066666666,38,4,osrm
365,delivered,2025-07-03 10:05:00,2025-07-03 10:10:06.587216,2025-07-03 10:44:24.600000,2025-07-03 10:47:42.000,42.7,34.300213066666664,12,1,osrm
366,delivered,2025-07-03 10:07:03,2025-07-03 10:18:34.377727,2025-07-03 10:41:14.361193,2025-07-03 10:42:59.400,35.940000000000005,22.6663911,30,2,osrm
367,delivered,2025-07-03 10:08:59,2025-07-03 10:19:19.027710,2025-07-03 10:19:19.027710,2025-07-03 10:20:22.400,11.389999999999999,0.0,7,3,osrm
368,delivered,2025-07-03 10:09:43,2025-07-03 10:25:49.791561,2025-07-03 10:25:49.791561,2025-07-03 10:24:23.800,14.68,0.0,32,2,osrm
369,delivered,2025-07-03 10:09:01,2025-07-03 10:21:36.754092,2025-07-03 10:42:02.205362,2025-07-03 10:47:38.700,38.62833333333333,20.424187833333335,37,4,osrm
370,delivered,2025-07-03 10:09:59,2025-07-03 10:20:01.501729,2025-07-03 10:20:01.501729,2025-07-03 10:26:02.700,16.061666666666667,0.0,52,2,osrm
371,delivered,2025-07-03 10:10:18,2025-07-03 10:22:43.624870,2025-07-03 10:59:56.348226,2025-07-03 11:08:27.800,58.163333333333334,37.21205593333333,21,2,osrm
372,delivered,2025-07-03 10:11:22,2025-07-03 10:25:14.496131,2025-07-03 10:52:01.600000,2025-07-03 11:01:36.500,50.24166666666667,26.785064483333333,39,3,osrm
373,delivered,2025-07-03 10:11:28,2025-07-03 10:19:54.263710,2025-07-03 10:49:31.300000,2025-07-03 10:56:46.400,45.306666666666665,29.6172715,4,4,osrm
374,delivered,2025-07-03 10:11:55,2025-07-03 10:23:10.495151,2025-07-03 10:34:40.000000,2025-07-03 10:44:48.200,32.88666666666667,11.491747483333334,57,4,osrm
375,delivered,2025-07-03 10:12:14,2025-07-03 10:22:22.161682,2025-07-03 10:42:15.900000,2025-07-03 10:52:25.600,40.193333333333335,19.89563863333333,43,4,osrm
376,delivered,2025-07-03 10:13:16,2025-07-03 10:29:35.208831,2025-07-03 10:29:35.208831,2025-07-03 10:34:42.300,21.438333333333333,0.0,20,3,osrm
377,delivered,2025-07-03 10:13:43,2025-07-03 10:28:42.467046,2025-07-03 10:30:33.500000,2025-07-03 10:37:48.700,24.095000000000002,1.8505492333333333,15,4,osrm
378,delivered,2025-07-03 10:14:39,2025-07-03 10:22:49.132830,2025-07-03 10:25:41.900000,2025-07-03 10:29:52.200,15.22,2.879452833333333,14,1,osrm
379,delivered,2025-07-03 10:14:54,2025-07-03 10:29:45.642554,2025-07-03 10:34:40.000000,2025-07-03 10:44:48.200,29.903333333333332,4.905957433333333,57,4,osrm
380,delivered,2025-07-03 10:15:56,2025-07-03 10:24:38.272202,2025-07-03 10:57:51.800000,2025-07-03 11:01:33.400,45.623333333333335,33.2254633,6,2,osrm
381,delivered,2025-07-03 10:15:16,2025-07-03 10:28:13.960680,2025-07-03 10:28:13.960680,2025-07-03 10:29:04.700,13.811666666666667,0.0,36,4,osrm
382,delivered,2025-07-03 10:16:20,2025-07-03 10:31:20.997153,2025-07-03 10:43:47.300000,2025-07-03 10:50:36.300,34.27166666666667,12.438380783333335,25,2,osrm
383,delivered,2025-07-03 10:17:30,2025-07-03 10:29:55.655563,2025-07-03 10:53:16.550800,2025-07-03 11:00:59.600,43.49333333333333,23.34825395,54,3,osrm
384,delivered,2025-07-03 10:18:47,2025-07-03 10:23:47.000000,2025-07-03 10:58:54.742878,2025-07-03 11:01:15.100,42.468333333333334,35.12904796666667,48,3,osrm
385,delivered,2025-07-03 10:19:51,2025-07-03 10:34:08.675863,2025-07-03 10:34:08.675863,2025-07-03 10:33:50.400,13.99,0.0,10,4,osrm
386,delivered,2025-07-03 10:19:46,2025-07-03 10:32:47.238388,2025-07-03 10:59:48.000000,2025-07-03 11:07:24.500,47.641666666666666,27.012693533333334,29,2,osrm
387,delivered,2025-07-03 10:20:50,2025-07-03 10:30:53.683839,2025-07-03 10:58:54.742878,2025-07-03 10:55:54.600,35.07666666666667,28.01765065,53,2,osrm
388,delivered,2025-07-03 10:20:03,2025-07-03 10:35:52.639126,2025-07-03 11:02:50.300000,2025-07-03 11:10:54.600,50.86,26.961014566666666,1,2,osrm
389,delivered,2025-07-03 10:21:20,2025-07-03 10:33:38.297770,2025-07-03 10:59:12.700000,2025-07-03 11:02:00.100,40.66833333333333,25.5733705,25,2,osrm
390,delivered,2025-07-03 10:23:38,2025-07-03 10:41:15.712284,2025-07-03 10:41:15.712284,2025-07-03 10:54:26.200,30.803333333333335,0.0,28,4,osrm
391,delivered,2025-07-03 10:25:40,2025-07-03 10:37:56.069697,2025-07-03 10:53:25.100000,2025-07-03 11:00:50.800,35.18,15.483838383333334,57,3,osrm
392,delivered,2025-07-03 10:26:56,2025-07-03 10:38:21.732544,2025-07-03 11:00:16.800000,2025-07-03 11:02:56.900,36.015,21.917790933333333,37,1,osrm
393,delivered,2025-07-03 10:27:05,2025-07-03 10:37:35.568634,2025-07-03 10:49:31.300000,2025-07-03 10:56:46.400,29.69,11.928856099999999,4,4,osrm
394,delivered,2025-07-03 10:27:01,2025-07-03 10:35:50.714399,2025-07-03 11:03:53.900000,2025-07-03 11:08:02.700,41.02833333333333,28.053093349999997,40,2,osrm
395,delivered,2025-07-03 10:28:06,2025-07-03 10:44:47.253866,2025-07-03 11:02:50.300000,2025-07-03 11:10:54.600,42.809999999999995,18.050768899999998,1,2,osrm
396,delivered,2025-07-03 10:29:47,2025-07-03 10:42:02.205362,2025-07-03 10:58:54.742878,2025-07-03 11:01:15.100,31.46833333333333,16.875625266666667,48,3,osrm
397,delivered,2025-07-03 10:29:17,2025-07-03 10:41:14.361193,2025-07-03 10:41:14.361193,2025-07-03 10:42:59.400,13.706666666666667,0.0,30,2,osrm
398,delivered,2025-07-03 10:30:34,2025-07-03 10:43:48.906636,2025-07-03 10:46:15.100000,2025-07-03 10:49:17.600,18.726666666666667,2.436556066666667,49,1,osrm
399,delivered,2025-07-03 10:30:02,2025-07-03 10:35:53.098431,2025-07-03 10:50:02.500000,2025-07-03 10:54:39.000,24.616666666666667,14.156692816666666,15,1,osrm
400,delivered,2025-07-03 10:31:32,2025-07-03 10:40:35.834274,2025-07-03 11:15:08.300000,2025-07-03 11:19:58.800,48.44666666666667,34.54109543333333,10,1,osrm
401,delivered,2025-07-03 10:31:25,2025-07-03 10:40:34.577283,2025-07-03 10:40:34.577283,2025-07-03 10:47:44.600,16.326666666666668,0.0,23,2,osrm
402,delivered,2025-07-03 10:32:59,2025-07-03 10:45:25.517369,2025-07-03 10:57:51.800000,2025-07-03 11:01:33.400,28.573333333333334,12.438043850000001,6,2,osrm
403,delivered,2025-07-03 10:32:46,2025-07-03 10:40:31.971894,2025-07-03 10:53:25.100000,2025-07-03 11:00:50.800,28.08,12.885468433333333,57,3,osrm
404,delivered,2025-07-03 10:35:19,2025-07-03 10:51:38.254474,2025-07-03 11:03:53.900000,2025-07-03 11:08:02.700,32.72833333333333,12.260758766666667,40,2,osrm
405,delivered,2025-07-03 10:36:49,2025-07-03 10:47:42.837669,2025-07-03 11:20:10.800000,2025-07-03 11:23:33.700,46.745,32.46603885,32,1,osrm
406,delivered,2025-07-03 10:36:02,2025-07-03 10:57:02.946386,2025-07-03 10:57:05.201356,2025-07-03 11:01:04.000,25.033333333333335,0.037582833333333336,50,3,osrm
407,delivered,2025-07-03 10:37:33,2025-07-03 10:51:34.947349,2025-07-03 11:16:32.249647,2025-07-03 11:16:27.900,38.915,24.955038300000002,38,3,osrm
408,delivered,2025-07-03 10:37:30,2025-07-03 10:48:29.666520,2025-07-03 11:03:14.700000,2025-07-03 11:08:57.000,31.45,14.750558000000002,32,1,osrm
409,delivered,2025-07-03 10:37:55,2025-07-03 10:49:44.915123,2025-07-03 10:59:12.700000,2025-07-03 11:02:00.100,24.084999999999997,9.463081283333334,25,2,osrm
410,delivered,2025-07-03 10:39:41,2025-07-03 10:51:56.490984,2025-07-03 11:20:27.700000,2025-07-03 11:21:51.600,42.17666666666666,28.52015026666667,4,1,osrm
411,delivered,2025-07-03 10:39:39,2025-07-03 10:53:16.550800,2025-07-03 10:59:48.000000,2025-07-03 11:07:24.500,27.758333333333333,6.5241533333333335,29,2,osrm
412,delivered,2025-07-03 10:39:00,2025-07-03 10:49:20.279128,2025-07-03 11:13:59.200000,2025-07-03 11:18:06.800,39.11333333333334,24.6486812,48,1,osrm
413,delivered,2025-07-03 10:40:01,2025-07-03 10:52:55.351381,2025-07-03 11:10:17.000000,2025-07-03 11:13:43.400,33.70666666666667,17.36081031666667,33,2,osrm
414,delivered,2025-07-03 10:40:59,2025-07-03 10:57:05.201356,2025-07-03 10:57:05.201356,2025-07-03 11:01:04.000,20.083333333333332,0.0,50,3,osrm
415,delivered,2025-07-03 10:42:02,2025-07-03 10:47:03.805784,2025-07-03 10:49:51.000000,2025-07-03 10:52:55.100,10.885,2.7865702666666667,36,1,osrm
416,delivered,2025-07-03 10:42:50,2025-07-03 10:58:54.742878,2025-07-03 11:02:56.300000,2025-07-03 11:06:51.900,24.03166666666667,4.025952033333334,11,1,osrm
417,delivered,2025-07-03 10:43:57,2025-07-03 10:55:02.452785,2025-07-03 11:23:33.900000,2025-07-03 11:28:19.500,44.375,28.52412025,31,1,osrm
418,delivered,2025-07-03 10:44:50,2025-07-03 10:58:12.945185,2025-07-03 11:16:32.249647,2025-07-03 11:16:27.900,31.631666666666668,18.321741033333335,38,3,osrm
419,delivered,2025-07-03 10:45:30,2025-07-03 10:58:29.189972,2025-07-03 11:09:52.700000,2025-07-03 11:13:03.900,27.565,11.3918338,31,1,osrm
420,delivered,2025-07-03 10:47:44,2025-07-03 10:59:56.348226,2025-07-03 11:17:28.900000,2025-07-03 11:19:37.000,31.883333333333333,17.542529566666666,51,1,osrm
421,delivered,2025-07-03 10:47:43,2025-07-03 11:05:54.628590,2025-07-03 11:13:29.800000,2025-07-03 11:15:06.600,27.39333333333333,7.5861901666666665,22,1,osrm
422,delivered,2025-07-03 10:49:26,2025-07-03 11:09:58.017609,2025-07-03 11:24:45.400000,2025-07-03 11:27:51.800,38.43,14.789706516666666,36,1,osrm
423,delivered,2025-07-03 10:50:08,2025-07-03 11:00:14.163783,2025-07-03 11:00:46.800000,2025-07-03 11:05:06.600,14.976666666666667,0.5439369500000001,56,1,osrm
424,delivered,2025-07-03 10:53:32,2025-07-03 11:05:02.700687,2025-07-03 11:24:45.400000,2025-07-03 11:28:20.200,34.80333333333333,19.711655216666667,35,1,osrm
425,delivered,2025-07-03 10:55:36,2025-07-03 11:05:59.848570,2025-07-03 11:27:36.800000,2025-07-03 11:31:40.400,36.07333333333334,21.615857166666668,50,1,osrm
426,delivered,2025-07-03 10:55:24,2025-07-03 11:07:36.923420,2025-07-03 11:22:02.600000,2025-07-03 11:23:48.600,28.41,14.427942999999999,45,1,osrm
427,delivered,2025-07-03 10:59:18,2025-07-03 11:06:36.933748,2025-07-03 11:20:18.600000,2025-07-03 11:21:49.900,22.53166666666667,13.694437533333334,12,1,osrm
428,delivered,2025-07-03 10:59:25,2025-07-03 11:16:48.289183,2025-07-03 11:28:30.200000,2025-07-03 11:32:10.800,32.763333333333335,11.698513616666666,19,1,osrm
429,delivered,2025-07-03 11:01:16,2025-07-03 11:18:22.936515,2025-07-03 11:30:07.900000,2025-07-03 11:32:39.100,31.384999999999998,11.749391416666667,26,1,osrm
430,delivered,2025-07-03 11:01:35,2025-07-03 11:13:04.035577,2025-07-03 11:19:59.300000,2025-07-03 11:25:02.700,23.461666666666666,6.921073716666667,2,1,osrm
431,delivered,2025-07-03 11:01:20,2025-07-03 11:16:32.249647,2025-07-03 11:24:27.400000,2025-07-03 11:26:44.700,25.41166666666667,7.91917255,22,1,osrm
432,delivered,2025-07-03 11:01:16,2025-07-03 11:12:57.004400,2025-07-03 11:17:56.300000,2025-07-03 11:22:05.300,20.821666666666665,4.9882599999999995,13,1,osrm
433,delivered,2025-07-03 11:04:44,2025-07-03 11:17:27.724668,2025-07-03 11:27:56.300000,2025-07-03 11:31:14.400,26.506666666666668,10.476255533333333,10,1,osrm
434,delivered,2025-07-03 11:10:26,2025-07-03 11:26:04.202921,2025-07-03 11:40:29.400000,2025-07-03 11:43:10.600,32.74333333333333,14.419951316666667,24,1,osrm
435,delivered,2025-07-03 11:10:59,2025-07-03 11:26:30.692952,2025-07-03 11:39:07.000000,2025-07-03 11:42:55.400,31.94,12.605117466666666,39,1,osrm
436,delivered,2025-07-03 11:11:14,2025-07-03 11:16:39.773289,2025-07-03 11:29:11.900000,2025-07-03 11:32:32.700,21.311666666666667,12.535445183333334,11,1,osrm
437,delivered,2025-07-03 11:11:23,2025-07-03 11:21:02.622085,2025-07-03 11:35:08.300000,2025-07-03 11:38:40.500,27.291666666666668,14.094631916666666,21,1,osrm
438,delivered,2025-07-03 11:11:16,2025-07-03 11:22:14.225425,2025-07-03 11:35:04.600000,2025-07-03 11:38:17.000,27.016666666666666,12.83957625,4,1,osrm
439,delivered,2025-07-03 11:17:24,2025-07-03 11:28:35.330719,2025-07-03 11:40:54.000000,2025-07-03 11:43:57.900,26.565,12.311154683333333,1,1,osrm
440,delivered,2025-07-03 11:17:21,2025-07-03 11:25:52.154804,2025-07-03 11:40:57.500000,2025-07-03 11:43:29.500,26.141666666666666,15.0890866,35,1,osrm
441,delivered,2025-07-03 11:20:54,2025-07-03 11:36:25.169321,2025-07-03 11:48:45.700000,2025-07-03 11:52:11.700,31.295,12.342177983333332,7,1,osrm
442,delivered,2025-07-03 11:20:30,2025-07-03 11:33:48.122803,2025-07-03 11:45:05.000000,2025-07-03 11:48:00.300,27.505,11.281286616666668,17,1,osrm
443,delivered,2025-07-03 11:20:37,2025-07-03 11:28:17.971390,2025-07-03 11:38:14.700000,2025-07-03 11:43:00.800,22.396666666666665,9.945476833333334,31,1,osrm
444,delivered,2025-07-03 11:22:38,2025-07-03 11:33:39.937073,2025-07-03 11:46:24.000000,2025-07-03 11:50:11.800,27.563333333333333,12.734382116666666,41,1,osrm
445,delivered,2025-07-03 11:22:15,2025-07-03 11:32:00.016109,2025-07-03 11:45:33.600000,2025-07-03 11:50:27.600,28.209999999999997,13.559731516666666,8,1,osrm
446,delivered,2025-07-03 11:22:49,2025-07-03 11:37:30.530525,2025-07-03 11:51:38.900000,2025-07-03 11:55:05.400,32.27333333333333,14.139491249999999,38,1,osrm
447,delivered,2025-07-03 11:26:19,2025-07-03 11:37:08.567655,2025-07-03 12:08:08.900000,2025-07-03 12:14:10.600,47.86,31.005539083333336,55,1,osrm
448,delivered,2025-07-03 11:29:53,2025-07-03 11:41:44.551692,2025-07-03 11:55:47.600000,2025-07-03 11:57:58.900,28.098333333333336,14.050805133333334,51,1,osrm
449,delivered,2025-07-03 11:31:28,2025-07-03 11:42:16.485614,2025-07-03 11:59:52.300000,2025-07-03 12:03:57.400,32.49,17.596906433333334,13,1,osrm
450,delivered,2025-07-03 11:32:54,2025-07-03 11:43:12.639915,2025-07-03 11:54:46.800000,2025-07-03 11:59:09.400,26.256666666666668,11.56933475,11,1,osrm
451,delivered,2025-07-03 11:32:09,2025-07-03 11:42:10.897613,2025-07-03 11:57:11.100000,2025-07-03 12:00:51.700,28.711666666666666,15.003373116666667,18,1,osrm
452,delivered,2025-07-03 11:35:50,2025-07-03 11:47:56.661606,2025-07-03 12:00:23.400000,2025-07-03 12:02:49.900,26.998333333333335,12.4456399,14,1,osrm
453,delivered,2025-07-03 11:36:44,2025-07-03 11:50:40.232753,2025-07-03 11:58:42.000000,2025-07-03 12:03:13.300,26.488333333333333,8.029454116666667,49,1,osrm
454,delivered,2025-07-03 11:36:26,2025-07-03 11:49:31.739492,2025-07-03 12:02:15.000000,2025-07-03 12:04:20.700,27.91166666666667,12.721008466666666,33,1,osrm
455,delivered,2025-07-03 11:38:24,2025-07-03 11:48:16.132261,2025-07-03 12:19:41.400000,2025-07-03 12:23:43.700,45.32833333333333,31.421128983333332,47,1,osrm
456,delivered,2025-07-03 11:42:24,2025-07-03 11:50:27.262349,2025-07-03 12:00:34.300000,2025-07-03 12:03:44.400,21.34,10.117294183333334,17,1,osrm
457,delivered,2025-07-03 11:42:00,2025-07-03 11:55:26.552561,2025-07-03 12:05:47.600000,2025-07-03 12:07:57.400,25.956666666666667,10.35079065,28,1,osrm
458,delivered,2025-07-03 11:43:48,2025-07-03 11:56:52.499823,2025-07-03 12:09:46.800000,2025-07-03 12:14:25.100,30.618333333333332,12.90500295,26,1,osrm
459,delivered,2025-07-03 11:43:14,2025-07-03 11:52:51.038563,2025-07-03 12:24:41.400000,2025-07-03 12:29:08.000,45.9,31.839357283333335,10,1,osrm
460,delivered,2025-07-03 11:44:47,2025-07-03 11:55:22.344007,2025-07-03 12:05:23.400000,2025-07-03 12:06:57.300,22.171666666666667,10.017599883333332,7,1,osrm
461,delivered,2025-07-03 11:45:37,2025-07-03 11:51:59.184875,2025-07-03 12:04:10.000000,2025-07-03 12:06:15.600,20.64333333333333,12.180252083333333,23,1,osrm
462,delivered,2025-07-03 11:46:53,2025-07-03 11:54:56.753730,2025-07-03 12:04:09.300000,2025-07-03 12:08:46.500,21.891666666666666,9.2091045,52,1,osrm
463,delivered,2025-07-03 11:46:08,2025-07-03 12:02:17.674677,2025-07-03 12:15:19.300000,2025-07-03 12:17:45.300,31.621666666666666,13.027088716666666,38,1,osrm
464,delivered,2025-07-03 11:48:21,2025-07-03 12:01:30.942718,2025-07-03 12:14:08.000000,2025-07-03 12:18:26.900,30.098333333333336,12.617621366666667,17,1,osrm
465,delivered,2025-07-03 11:50:02,2025-07-03 11:59:01.562465,2025-07-03 12:08:48.900000,2025-07-03 12:10:59.400,20.956666666666667,9.788958916666667,27,1,osrm
466,delivered,2025-07-03 11:51:14,2025-07-03 12:00:28.369663,2025-07-03 12:09:28.700000,2025-07-03 12:12:25.100,21.185,9.005505616666666,2,1,osrm
467,delivered,2025-07-03 11:53:28,2025-07-03 12:04:42.795993,2025-07-03 12:18:48.900000,2025-07-03 12:24:22.400,30.90666666666667,14.101733450000001,6,1,osrm
468,delivered,2025-07-03 11:53:26,2025-07-03 12:05:05.674904,2025-07-03 12:16:15.900000,2025-07-03 12:19:03.300,25.621666666666666,11.170418266666667,49,1,osrm
469,delivered,2025-07-03 11:56:29,2025-07-03 12:13:18.940772,2025-07-03 12:23:54.400000,2025-07-03 12:28:15.900,31.78166666666667,10.590987133333334,14,1,osrm
470,delivered,2025-07-03 12:00:01,2025-07-03 12:10:12.443226,2025-07-03 12:19:28.700000,2025-07-03 12:22:46.100,22.751666666666665,9.270946233333332,23,1,osrm
471,delivered,2025-07-03 12:01:09,2025-07-03 12:16:55.874633,2025-07-03 12:29:24.700000,2025-07-03 12:30:28.700,29.328333333333333,12.480422783333333,18,1,osrm
472,delivered,2025-07-03 12:01:53,2025-07-03 12:12:53.562635,2025-07-03 12:23:08.900000,2025-07-03 12:28:09.100,26.26833333333333,10.255622749999999,33,1,osrm
473,delivered,2025-07-03 12:05:28,2025-07-03 12:14:11.415308,2025-07-03 12:23:39.100000,2025-07-03 12:26:45.500,21.291666666666668,9.461411533333335,26,1,osrm
474,delivered,2025-07-03 12:08:57,2025-07-03 12:22:33.752503,2025-07-03 12:34:46.000000,2025-07-03 12:38:50.000,29.883333333333333,12.204124949999999,34,1,osrm
475,delivered,2025-07-03 12:10:42,2025-07-03 12:24:33.366497,2025-07-03 12:40:11.000000,2025-07-03 12:44:11.000,33.483333333333334,15.62722505,51,1,osrm
476,delivered,2025-07-03 12:11:12,2025-07-03 12:24:04.336324,2025-07-03 12:34:18.700000,2025-07-03 12:37:13.200,26.02,10.2393946,23,1,osrm
477,delivered,2025-07-03 12:11:13,2025-07-03 12:26:41.939884,2025-07-03 12:39:10.700000,2025-07-03 12:43:53.200,32.67,12.479335266666668,14,1,osrm
478,delivered,2025-07-03 12:12:26,2025-07-03 12:23:32.582993,2025-07-03 12:34:12.100000,2025-07-03 12:37:34.900,25.148333333333333,10.658616783333335,31,1,osrm
479,delivered,2025-07-03 12:13:33,2025-07-03 12:27:22.726105,2025-07-03 12:54:18.900000,2025-07-03 12:59:20.700,45.794999999999995,26.93623158333333,30,1,osrm
480,delivered,2025-07-03 12:16:19,2025-07-03 12:29:48.127766,2025-07-03 12:33:54.400000,2025-07-03 12:34:07.500,17.808333333333334,4.104537233333334,36,1,osrm
481,delivered,2025-07-03 12:18:58,2025-07-03 12:29:22.934756,2025-07-03 12:50:05.400000,2025-07-03 12:54:55.700,35.961666666666666,20.707754066666666,25,1,osrm
482,delivered,2025-07-03 12:19:49,2025-07-03 12:35:42.703748,2025-07-03 12:45:16.000000,2025-07-03 12:49:26.400,29.623333333333335,9.554937533333334,22,1,osrm
483,delivered,2025-07-03 12:20:09,2025-07-03 12:29:14.137881,2025-07-03 12:39:41.800000,2025-07-03 12:42:43.700,22.578333333333333,10.461035316666665,41,1,osrm
484,delivered,2025-07-03 12:21:34,2025-07-03 12:34:10.954103,2025-07-03 12:44:16.900000,2025-07-03 12:46:14.300,24.671666666666667,10.099098283333332,32,1,osrm
485,delivered,2025-07-03 12:24:14,2025-07-03 12:37:01.035055,2025-07-03 12:43:54.400000,2025-07-03 12:44:45.700,20.528333333333332,6.8894157499999995,49,1,osrm
486,delivered,2025-07-03 12:26:12,2025-07-03 12:38:27.109796,2025-07-03 12:48:54.400000,2025-07-03 12:49:53.700,23.695,10.454836733333334,37,1,osrm
487,delivered,2025-07-03 12:28:23,2025-07-03 12:38:32.371980,2025-07-03 12:50:01.800000,2025-07-03 12:53:28.300,25.08833333333333,11.490466999999999,3,1,osrm
488,delivered,2025-07-03 12:29:23,2025-07-03 12:46:38.996993,2025-07-03 12:59:07.700000,2025-07-03 13:02:56.400,33.556666666666665,12.478383449999999,6,1,osrm
489,delivered,2025-07-03 12:31:36,2025-07-03 12:46:11.011574,2025-07-03 13:00:11.100000,2025-07-03 13:03:46.600,32.17666666666666,14.001473766666667,33,1,osrm
490,delivered,2025-07-03 12:33:16,2025-07-03 12:47:28.876241,2025-07-03 12:59:13.500000,2025-07-03 13:01:50.500,28.575,11.743729316666666,13,1,osrm
491,delivered,2025-07-03 12:35:16,2025-07-03 12:44:04.706750,2025-07-03 12:55:57.200000,2025-07-03 13:00:35.800,25.33,11.8748875,54,1,osrm
492,delivered,2025-07-03 12:35:00,2025-07-03 12:45:32.412381,2025-07-03 12:54:41.800000,2025-07-03 12:57:24.000,22.4,9.156460316666665,26,1,osrm
493,delivered,2025-07-03 12:36:16,2025-07-03 12:53:09.588718,2025-07-03 13:04:43.300000,2025-07-03 13:08:56.100,32.66833333333333,11.5618547,4,1,osrm
494,delivered,2025-07-03 12:37:21,2025-07-03 12:47:14.569095,2025-07-03 12:54:23.500000,2025-07-03 12:55:32.700,18.195,7.148848416666667,42,1,osrm
495,delivered,2025-07-03 12:38:22,2025-07-03 12:52:44.963893,2025-07-03 12:59:24.900000,2025-07-03 13:00:53.900,22.53166666666667,6.665601783333333,28,1,osrm
496,delivered,2025-07-03 12:38:40,2025-07-03 12:50:36.565183,2025-07-03 12:59:19.200000,2025-07-03 13:02:22.500,23.708333333333332,8.710580283333334,19,1,osrm
497,delivered,2025-07-03 12:45:15,2025-07-03 12:55:34.227427,2025-07-03 13:06:13.800000,2025-07-03 13:10:15.700,25.011666666666667,10.659542883333334,10,1,osrm
498,delivered,2025-07-03 12:47:47,2025-07-03 13:01:31.736396,2025-07-03 13:14:23.900000,2025-07-03 13:17:16.200,29.486666666666668,12.8693934,51,1,osrm
499,delivered,2025-07-03 12:48:59,2025-07-03 13:02:26.357276,2025-07-03 13:09:27.200000,2025-07-03 13:11:00.800,22.029999999999998,7.0140454,25,1,osrm
500,delivered,2025-07-03 12:48:31,2025-07-03 12:59:14.788468,2025-07-03 13:09:41.100000,2025-07-03 13:15:25.900,26.915000000000003,10.438525533333335,11,1,osrm
501,delivered,2025-07-03 12:49:31,2025-07-03 13:09:22.583690,2025-07-03 13:20:59.000000,2025-07-03 13:24:52.700,35.361666666666665,11.6069385,35,1,osrm
502,delivered,2025-07-03 12:49:10,2025-07-03 13:02:05.557665,2025-07-03 13:14:04.300000,2025-07-03 13:16:58.200,27.803333333333335,11.979038916666667,33,1,osrm
503,delivered,2025-07-03 12:49:20,2025-07-03 12:59:13.928347,2025-07-03 13:09:43.400000,2025-07-03 13:13:19.400,23.990000000000002,10.491194216666665,55,1,osrm
504,delivered,2025-07-03 12:50:22,2025-07-03 13:05:57.155139,2025-07-03 13:19:27.700000,2025-07-03 13:23:01.400,32.656666666666666,13.509081016666666,50,1,osrm
505,delivered,2025-07-03 12:52:22,2025-07-03 13:06:11.571470,2025-07-03 13:14:42.900000,2025-07-03 13:17:50.200,25.470000000000002,8.522142166666667,6,1,osrm
506,delivered,2025-07-03 12:53:36,2025-07-03 13:04:26.855691,2025-07-03 13:13:59.600000,2025-07-03 13:17:06.700,23.511666666666667,9.545738483333334,19,1,osrm
507,delivered,2025-07-03 12:53:34,2025-07-03 13:05:35.433944,2025-07-03 13:15:15.500000,2025-07-03 13:17:28.400,23.90666666666667,9.6677676,17,1,osrm
508,delivered,2025-07-03 12:54:11,2025-07-03 13:09:49.880658,2025-07-03 13:14:19.000000,2025-07-03 13:18:40.600,24.493333333333332,4.485322366666667,28,1,osrm
509,delivered,2025-07-03 12:54:50,2025-07-03 13:12:44.625964,2025-07-03 13:24:03.900000,2025-07-03 13:27:33.400,32.723333333333336,11.321233933333334,26,1,osrm
510,delivered,2025-07-03 12:57:11,2025-07-03 13:10:40.563118,2025-07-03 13:11:13.800000,2025-07-03 13:15:31.700,18.345000000000002,0.5539480333333333,5,1,osrm
511,delivered,2025-07-03 12:57:58,2025-07-03 13:13:41.444179,2025-07-03 13:25:05.100000,2025-07-03 13:29:00.500,31.041666666666668,11.394263683333332,54,1,osrm
512,delivered,2025-07-03 12:58:52,2025-07-03 13:09:32.424747,2025-07-03 13:14:08.500000,2025-07-03 13:16:54.200,18.03666666666667,4.601254216666666,56,1,osrm
513,delivered,2025-07-03 12:59:02,2025-07-03 13:15:05.299923,2025-07-03 13:24:10.000000,2025-07-03 13:26:37.000,27.583333333333332,9.078334616666666,39,1,osrm
514,delivered,2025-07-03 13:01:07,2025-07-03 13:21:49.711565,2025-07-03 13:38:48.600000,2025-07-03 13:43:43.600,42.61,16.981473916666666,29,1,osrm
515,delivered,2025-07-03 13:01:33,2025-07-03 13:14:57.671974,2025-07-03 13:24:26.500000,2025-07-03 13:27:55.800,26.38,9.4804671,15,1,osrm
516,delivered,2025-07-03 13:01:14,2025-07-03 13:13:00.436677,2025-07-03 13:14:41.100000,2025-07-03 13:20:35.100,19.351666666666667,1.67772205,13,1,osrm
517,delivered,2025-07-03 13:01:59,2025-07-03 13:14:57.698507,2025-07-03 13:42:02.400000,2025-07-03 13:45:52.300,43.888333333333335,27.07835821666667,4,1,osrm
518,delivered,2025-07-03 13:02:00,2025-07-03 13:18:06.073814,2025-07-03 13:29:30.200000,2025-07-03 13:31:44.600,29.743333333333332,11.4021031,32,1,osrm
519,delivered,2025-07-03 13:04:14,2025-07-03 13:17:11.694703,2025-07-03 13:50:41.900000,2025-07-03 13:55:17.000,51.05,33.503421616666664,3,1,osrm
520,delivered,2025-07-03 13:04:14,2025-07-03 13:14:19.737372,2025-07-03 13:37:26.900000,2025-07-03 13:41:09.200,36.919999999999995,23.119377133333334,31,1,osrm
521,delivered,2025-07-03 13:08:49,2025-07-03 13:17:41.661190,2025-07-03 13:29:30.700000,2025-07-03 13:32:37.700,23.811666666666667,11.817313500000001,34,1,osrm
522,delivered,2025-07-03 13:09:23,2025-07-03 13:16:10.077711,2025-07-03 13:35:50.500000,2025-07-03 13:39:32.700,30.16166666666667,19.673704816666667,22,1,osrm
523,delivered,2025-07-03 13:10:47,2025-07-03 13:19:03.954178,2025-07-03 13:35:50.800000,2025-07-03 13:40:08.100,29.351666666666667,16.7807637,5,1,osrm
524,delivered,2025-07-03 13:11:11,2025-07-03 13:27:04.579201,2025-07-03 13:48:11.300000,2025-07-03 13:52:04.500,40.891666666666666,21.112013316666665,51,1,osrm
525,delivered,2025-07-03 13:11:03,2025-07-03 13:28:12.045253,2025-07-03 13:39:41.000000,2025-07-03 13:42:04.500,31.025,11.482579116666667,54,1,osrm
526,delivered,2025-07-03 13:11:48,2025-07-03 13:23:48.646728,2025-07-03 13:50:33.800000,2025-07-03 13:56:55.400,45.123333333333335,26.752554533333335,44,1,osrm
527,delivered,2025-07-03 13:12:17,2025-07-03 13:24:32.350072,2025-07-03 13:30:11.000000,2025-07-03 13:30:49.900,18.548333333333336,5.644165466666666,27,1,osrm
528,delivered,2025-07-03 13:13:46,2025-07-03 13:24:35.774716,2025-07-03 13:36:32.200000,2025-07-03 13:39:59.900,26.23166666666667,11.9404214,25,1,osrm
529,delivered,2025-07-03 13:19:00,2025-07-03 13:42:02.806804,2025-07-03 13:54:40.300000,2025-07-03 13:57:16.500,38.275,12.6248866,8,1,osrm
530,delivered,2025-07-03 13:20:05,2025-07-03 13:33:44.548112,2025-07-03 13:39:52.200000,2025-07-03 13:43:45.100,23.668333333333333,6.1275314666666665,39,1,osrm
531,delivered,2025-07-03 13:22:12,2025-07-03 13:29:35.866529,2025-07-03 13:39:57.200000,2025-07-03 13:44:25.100,22.21833333333333,10.35555785,14,1,osrm
532,delivered,2025-07-03 13:22:53,2025-07-03 13:34:47.818669,2025-07-03 13:54:11.100000,2025-07-03 13:58:19.700,35.445,19.38802218333333,1,1,osrm
533,delivered,2025-07-03 13:23:39,2025-07-03 13:32:18.612091,2025-07-03 13:44:22.900000,2025-07-03 13:47:12.400,23.55666666666667,12.07146515,57,1,osrm
534,delivered,2025-07-03 13:24:36,2025-07-03 13:38:30.434307,2025-07-03 13:49:22.900000,2025-07-03 13:52:26.300,27.83833333333333,10.874428216666667,25,1,osrm
535,delivered,2025-07-03 13:25:07,2025-07-03 13:37:17.194487,2025-07-03 13:49:41.700000,2025-07-03 13:53:06.400,27.990000000000002,12.408425216666666,2,1,osrm
536,delivered,2025-07-03 13:28:30,2025-07-03 13:42:20.502855,2025-07-03 13:55:15.400000,2025-07-03 13:58:45.600,30.259999999999998,12.914952416666667,24,1,osrm
537,delivered,2025-07-03 13:28:43,2025-07-03 13:43:13.407463,2025-07-03 13:54:04.200000,2025-07-03 13:56:42.600,27.993333333333332,10.846542283333333,54,1,osrm
538,delivered,2025-07-03 13:29:32,2025-07-03 13:42:48.350002,2025-07-03 13:56:56.400000,2025-07-03 13:59:20.400,29.80666666666667,14.134166633333333,11,1,osrm
539,delivered,2025-07-03 13:30:44,2025-07-03 13:45:07.457550,2025-07-03 14:09:18.100000,2025-07-03 14:14:06.400,43.373333333333335,24.177374166666667,9,1,osrm
540,delivered,2025-07-03 13:33:52,2025-07-03 13:40:44.430300,2025-07-03 14:05:09.900000,2025-07-03 14:10:54.600,37.04333333333333,24.424495,49,1,osrm
541,delivered,2025-07-03 13:35:48,2025-07-03 13:48:31.757678,2025-07-03 13:58:56.500000,2025-07-03 14:02:41.800,26.896666666666665,10.412372033333332,38,1,osrm
542,delivered,2025-07-03 13:35:07,2025-07-03 13:43:09.280776,2025-07-03 13:53:01.100000,2025-07-03 13:54:40.900,19.565,9.863653733333333,56,1,osrm
543,delivered,2025-07-03 13:35:21,2025-07-03 13:49:09.176011,2025-07-03 13:58:34.800000,2025-07-03 14:00:54.400,25.55666666666667,9.427066483333334,52,1,osrm
544,delivered,2025-07-03 13:36:54,2025-07-03 13:49:26.974308,2025-07-03 13:53:58.100000,2025-07-03 13:55:13.100,18.31833333333333,4.5187615333333335,31,1,osrm
545,delivered,2025-07-03 13:46:03,2025-07-03 14:00:30.481542,2025-07-03 14:10:12.800000,2025-07-03 14:13:08.000,27.083333333333332,9.705307633333332,48,1,osrm
546,delivered,2025-07-03 13:48:20,2025-07-03 13:59:09.130137,2025-07-03 14:09:59.900000,2025-07-03 14:12:43.600,24.39333333333333,10.846164383333333,7,1,osrm
547,delivered,2025-07-03 13:49:38,2025-07-03 14:05:15.033100,2025-07-03 14:17:15.200000,2025-07-03 14:18:53.800,29.263333333333332,12.002781666666667,11,1,osrm
548,delivered,2025-07-03 13:50:04,2025-07-03 14:01:36.170882,2025-07-03 14:14:48.400000,2025-07-03 14:18:06.800,28.046666666666667,13.203818633333332,15,1,osrm
549,delivered,2025-07-03 13:50:01,2025-07-03 13:58:46.447994,2025-07-03 14:11:51.500000,2025-07-03 14:14:05.300,24.071666666666665,13.0842001,36,1,osrm
550,delivered,2025-07-03 13:51:19,2025-07-03 14:02:14.739180,2025-07-03 14:16:05.600000,2025-07-03 14:19:46.800,28.46333333333333,13.847680333333333,52,1,osrm
551,delivered,2025-07-03 13:52:55,2025-07-03 14:07:53.043461,2025-07-03 14:20:06.500000,2025-07-03 14:23:13.700,30.311666666666667,12.224275650000001,47,1,osrm
552,delivered,2025-07-03 13:53:40,2025-07-03 14:03:47.737247,2025-07-03 14:14:45.100000,2025-07-03 14:17:38.100,23.96833333333333,10.956045883333333,57,1,osrm
553,delivered,2025-07-03 13:59:29,2025-07-03 14:07:07.634021,2025-07-03 14:19:21.100000,2025-07-03 14:22:01.000,22.533333333333335,12.224432983333333,17,1,osrm
554,delivered,2025-07-03 13:59:40,2025-07-03 14:08:27.532651,2025-07-03 14:18:21.400000,2025-07-03 14:22:39.300,22.988333333333333,9.89778915,40,1,osrm
555,delivered,2025-07-03 14:04:32,2025-07-03 14:16:48.008858,2025-07-03 14:29:44.700000,2025-07-03 14:34:37.600,30.09333333333333,12.944852366666668,21,1,osrm
556,delivered,2025-07-03 14:05:58,2025-07-03 14:17:53.442694,2025-07-03 14:28:49.500000,2025-07-03 14:31:26.100,25.46833333333333,10.934288433333334,6,1,osrm
557,delivered,2025-07-03 14:06:47,2025-07-03 14:19:21.200795,2025-07-03 14:29:39.600000,2025-07-03 14:34:56.400,28.15666666666667,10.306653416666668,38,1,osrm
558,delivered,2025-07-03 14:07:38,2025-07-03 14:20:25.143424,2025-07-03 14:23:32.500000,2025-07-03 14:25:30.400,17.873333333333335,3.1226095999999997,9,1,osrm
559,delivered,2025-07-03 14:07:50,2025-07-03 14:18:49.112483,2025-07-03 14:29:32.300000,2025-07-03 14:33:07.800,25.296666666666667,10.71979195,49,1,osrm
560,delivered,2025-07-03 14:08:15,2025-07-03 14:23:31.489831,2025-07-03 14:35:10.300000,2025-07-03 14:39:34.300,31.321666666666665,11.64683615,51,1,osrm
561,delivered,2025-07-03 14:09:09,2025-07-03 14:18:19.434867,2025-07-03 14:29:32.900000,2025-07-03 14:32:46.100,23.618333333333332,11.224418883333334,5,1,osrm
562,delivered,2025-07-03 14:14:33,2025-07-03 14:24:35.343493,2025-07-03 14:34:22.200000,2025-07-03 14:37:45.500,23.208333333333332,9.780941783333333,17,1,osrm
563,delivered,2025-07-03 14:15:18,2025-07-03 14:20:45.649657,2025-07-03 14:28:21.400000,2025-07-03 14:30:57.300,15.655,7.5958390499999995,52,1,osrm
564,delivered,2025-07-03 14:17:27,2025-07-03 14:34:12.378426,2025-07-03 14:44:26.300000,2025-07-03 14:48:29.800,31.046666666666667,10.232026233333332,6,1,osrm
565,delivered,2025-07-03 14:20:43,2025-07-03 14:33:25.029088,2025-07-03 14:38:29.500000,2025-07-03 14:40:04.100,19.351666666666667,5.0745152,11,1,osrm
566,delivered,2025-07-03 14:20:48,2025-07-03 14:31:04.048906,2025-07-03 14:44:39.900000,2025-07-03 14:48:17.100,27.485,13.597518233333334,39,1,osrm
567,delivered,2025-07-03 14:21:25,2025-07-03 14:31:11.238680,2025-07-03 14:47:36.900000,2025-07-03 14:49:53.400,28.473333333333336,16.42768866666667,34,1,osrm
568,delivered,2025-07-03 14:22:35,2025-07-03 14:36:33.932054,2025-07-03 14:49:25.900000,2025-07-03 14:52:15.700,29.678333333333335,12.866132433333332,29,1,osrm
569,delivered,2025-07-03 14:23:59,2025-07-03 14:39:25.180001,2025-07-03 14:51:37.700000,2025-07-03 14:52:53.100,28.901666666666664,12.20866665,47,1,osrm
570,delivered,2025-07-03 14:25:18,2025-07-03 14:38:58.063404,2025-07-03 14:50:00.500000,2025-07-03 14:52:48.800,27.513333333333332,11.040609933333334,9,1,osrm
571,delivered,2025-07-03 14:26:15,2025-07-03 14:35:02.232222,2025-07-03 14:49:39.900000,2025-07-03 14:54:29.400,28.240000000000002,14.6277963,11,1,osrm
572,delivered,2025-07-03 14:31:39,2025-07-03 14:48:36.696330,2025-07-03 15:09:23.500000,2025-07-03 15:14:19.100,42.66833333333333,20.780061166666666,7,1,osrm
573,delivered,2025-07-03 14:31:54,2025-07-03 14:37:34.018761,2025-07-03 14:51:56.600000,2025-07-03 14:54:14.200,22.336666666666666,14.376353983333333,19,1,osrm
574,delivered,2025-07-03 14:32:20,2025-07-03 14:45:36.485020,2025-07-03 14:55:00.500000,2025-07-03 14:57:32.200,25.203333333333333,9.400249666666667,18,1,osrm
575,delivered,2025-07-03 14:33:38,2025-07-03 14:43:45.349157,2025-07-03 14:56:39.900000,2025-07-03 14:58:17.100,24.651666666666664,12.909180716666667,16,1,osrm
576,delivered,2025-07-03 14:33:41,2025-07-03 14:43:05.093668,2025-07-03 14:53:36.200000,2025-07-03 14:56:02.600,22.36,10.518438866666665,22,1,osrm
577,delivered,2025-07-03 14:34:59,2025-07-03 14:47:46.303879,2025-07-03 14:59:13.800000,2025-07-03 15:03:07.900,28.148333333333333,11.458268683333333,4,1,osrm
578,delivered,2025-07-03 14:37:26,2025-07-03 14:52:22.076592,2025-07-03 15:05:45.600000,2025-07-03 15:07:49.200,30.386666666666667,13.3920568,27,1,osrm
579,delivered,2025-07-03 14:41:23,2025-07-03 14:55:41.601245,2025-07-03 15:04:38.100000,2025-07-03 15:07:56.400,26.55666666666667,8.941645916666666,30,1,osrm
580,delivered,2025-07-03 14:44:36,2025-07-03 14:59:37.231399,2025-07-03 15:09:13.800000,2025-07-03 15:12:11.800,27.596666666666668,9.609476683333332,1,1,osrm
581,delivered,2025-07-03 14:44:46,2025-07-03 14:54:52.685068,2025-07-03 15:10:31.400000,2025-07-03 15:14:57.400,30.19,15.645248866666666,26,1,osrm
582,delivered,2025-07-03 14:44:19,2025-07-03 15:01:28.695856,2025-07-03 15:13:16.900000,2025-07-03 15:16:31.600,32.21,11.803402400000001,55,1,osrm
583,delivered,2025-07-03 14:44:04,2025-07-03 14:58:24.073152,2025-07-03 15:10:37.000000,2025-07-03 15:12:32.600,28.476666666666667,12.215447466666665,31,1,osrm
584,delivered,2025-07-03 14:45:12,2025-07-03 14:58:51.682916,2025-07-03 15:20:31.400000,2025-07-03 15:28:32.200,43.336666666666666,21.661951400000003,35,2,osrm
585,delivered,2025-07-03 14:46:32,2025-07-03 14:54:34.614285,2025-07-03 15:20:27.500000,2025-07-03 15:27:45.600,41.22666666666667,25.88142858333333,30,2,osrm
586,delivered,2025-07-03 14:46:59,2025-07-03 14:57:50.311606,2025-07-03 15:03:36.200000,2025-07-03 15:05:51.100,18.868333333333332,5.764806566666667,29,1,osrm
587,delivered,2025-07-03 14:50:31,2025-07-03 15:08:15.508718,2025-07-03 15:19:26.800000,2025-07-03 15:22:54.700,32.395,11.188188033333335,20,1,osrm
588,delivered,2025-07-03 14:51:36,2025-07-03 15:01:17.006133,2025-07-03 15:15:00.200000,2025-07-03 15:18:14.800,26.646666666666665,13.719897783333332,29,1,osrm
589,delivered,2025-07-03 14:51:37,2025-07-03 15:03:04.295164,2025-07-03 15:38:27.300000,2025-07-03 15:45:14.600,53.626666666666665,35.38341393333334,53,1,osrm
590,delivered,2025-07-03 14:52:30,2025-07-03 15:01:34.978040,2025-07-03 15:13:28.700000,2025-07-03 15:16:17.100,23.785,11.895366,4,1,osrm
591,delivered,2025-07-03 14:53:30,2025-07-03 15:08:23.673862,2025-07-03 15:10:05.000000,2025-07-03 15:14:50.600,21.34333333333333,1.6887689666666668,10,1,osrm
592,delivered,2025-07-03 14:55:09,2025-07-03 15:11:28.060356,2025-07-03 15:25:30.800000,2025-07-03 15:27:44.200,32.586666666666666,14.045660733333333,7,1,osrm
593,delivered,2025-07-03 14:59:03,2025-07-03 15:12:49.048672,2025-07-03 15:24:57.600000,2025-07-03 15:27:01.400,27.973333333333336,12.142522133333333,8,1,osrm
594,delivered,2025-07-03 14:59:56,2025-07-03 15:11:56.770057,2025-07-03 15:26:15.500000,2025-07-03 15:29:32.900,29.615000000000002,14.312165716666668,31,1,osrm
595,delivered,2025-07-03 15:00:54,2025-07-03 15:09:10.111488,2025-07-03 15:16:34.600000,2025-07-03 15:19:23.700,18.495,7.408141866666667,19,1,osrm
596,delivered,2025-07-03 15:00:47,2025-07-03 15:08:38.467144,2025-07-03 15:20:27.500000,2025-07-03 15:27:45.600,26.976666666666667,11.817214266666667,30,2,osrm
597,delivered,2025-07-03 15:02:34,2025-07-03 15:12:49.365499,2025-07-03 15:34:21.700000,2025-07-03 15:41:01.500,38.458333333333336,21.53890835,18,2,osrm
598,delivered,2025-07-03 15:03:54,2025-07-03 15:13:45.017743,2025-07-03 15:26:34.900000,2025-07-03 15:29:34.800,25.68,12.83137095,13,1,osrm
599,delivered,2025-07-03 15:03:50,2025-07-03 15:21:05.551037,2025-07-03 15:39:22.000000,2025-07-03 15:43:49.300,39.98833333333334,18.274149383333334,52,1,osrm
600,delivered,2025-07-03 15:03:33,2025-07-03 15:19:20.861676,2025-07-03 15:24:02.900000,2025-07-03 15:24:36.000,21.05,4.700638733333333,26,1,osrm
601,delivered,2025-07-03 15:04:36,2025-07-03 15:15:36.479153,2025-07-03 15:24:04.800000,2025-07-03 15:26:54.600,22.31,8.472014116666667,48,1,osrm
602,delivered,2025-07-03 15:06:17,2025-07-03 15:19:38.007282,2025-07-03 15:39:46.253514,2025-07-03 15:42:11.200,35.90333333333333,20.1374372,9,3,osrm
603,delivered,2025-07-03 15:06:15,2025-07-03 15:18:45.639559,2025-07-03 15:36:52.200000,2025-07-03 15:40:20.400,34.09,18.109340683333336,50,1,osrm
604,delivered,2025-07-03 15:07:00,2025-07-03 15:21:32.221967,2025-07-03 15:35:33.300000,2025-07-03 15:38:04.100,31.06833333333333,14.017967216666667,37,1,osrm
605,delivered,2025-07-03 15:10:56,2025-07-03 15:16:31.210216,2025-07-03 15:28:59.300000,2025-07-03 15:31:33.500,20.625,12.468163066666667,24,1,osrm
606,delivered,2025-07-03 15:10:48,2025-07-03 15:27:14.741551,2025-07-03 15:34:21.700000,2025-07-03 15:41:01.500,30.225,7.1159741499999996,18,2,osrm
607,delivered,2025-07-03 15:12:14,2025-07-03 15:21:31.453184,2025-07-03 15:34:35.800000,2025-07-03 15:37:39.200,25.42,13.072446933333334,26,1,osrm
608,delivered,2025-07-03 15:12:26,2025-07-03 15:27:35.283554,2025-07-03 15:40:35.100000,2025-07-03 15:45:17.800,32.86333333333333,12.996940766666667,29,3,osrm
609,delivered,2025-07-03 15:13:23,2025-07-03 15:23:12.360292,2025-07-03 15:28:24.200000,2025-07-03 15:30:03.400,16.673333333333332,5.197328466666666,47,1,osrm
610,delivered,2025-07-03 15:15:10,2025-07-03 15:29:09.544274,2025-07-03 15:40:01.200000,2025-07-03 15:43:39.700,28.495,10.860928766666666,48,2,osrm
611,delivered,2025-07-03 15:19:26,2025-07-03 15:31:31.337643,2025-07-03 15:50:35.100000,2025-07-03 15:56:49.700,37.394999999999996,19.06270595,56,2,osrm
612,delivered,2025-07-03 15:19:04,2025-07-03 15:27:49.005118,2025-07-03 15:40:01.200000,2025-07-03 15:43:39.700,24.595000000000002,12.203248033333333,48,2,osrm
613,delivered,2025-07-03 15:20:34,2025-07-03 15:29:52.932384,2025-07-03 15:39:24.700000,2025-07-03 15:43:51.900,23.298333333333336,9.529460266666666,8,1,osrm
614,delivered,2025-07-03 15:22:03,2025-07-03 15:38:37.218144,2025-07-03 15:56:17.239633,2025-07-03 16:01:11.300,39.138333333333335,17.667024816666665,52,2,osrm
615,delivered,2025-07-03 15:23:32,2025-07-03 15:35:23.623498,2025-07-03 15:43:44.200000,2025-07-03 15:47:03.000,23.516666666666666,8.3429417,55,1,osrm
616,delivered,2025-07-03 15:23:35,2025-07-03 15:37:43.470034,2025-07-03 15:56:12.500000,2025-07-03 15:58:56.500,35.358333333333334,18.48383276666667,19,2,osrm
617,delivered,2025-07-03 15:24:42,2025-07-03 15:40:47.778255,2025-07-03 15:49:56.800000,2025-07-03 15:54:27.100,29.751666666666665,9.150362416666667,16,3,osrm
618,delivered,2025-07-03 15:24:20,2025-07-03 15:36:42.650147,2025-07-03 15:43:59.300000,2025-07-03 15:47:28.400,23.14,7.2774975500000005,41,1,osrm
619,delivered,2025-07-03 15:24:25,2025-07-03 15:35:10.681262,2025-07-03 15:54:55.800000,2025-07-03 16:01:11.900,36.781666666666666,19.751978966666666,53,2,osrm
620,delivered,2025-07-03 15:24:55,2025-07-03 15:37:06.440492,2025-07-03 15:43:39.200000,2025-07-03 15:46:43.200,21.803333333333335,6.5459917999999995,33,1,osrm
621,delivered,2025-07-03 15:25:02,2025-07-03 15:36:29.014143,2025-07-03 15:45:50.500000,2025-07-03 15:48:44.000,23.7,9.358097616666667,23,1,osrm
622,delivered,2025-07-03 15:27:17,2025-07-03 15:42:00.224054,2025-07-03 15:53:14.200000,2025-07-03 15:57:13.800,29.946666666666665,11.232932433333334,13,1,osrm
623,delivered,2025-07-03 15:27:41,2025-07-03 15:39:32.700795,2025-07-03 15:49:56.800000,2025-07-03 15:54:27.100,26.76833333333333,10.401653416666667,16,3,osrm
624,delivered,2025-07-03 15:27:24,2025-07-03 15:38:24.617976,2025-07-03 15:54:55.800000,2025-07-03 16:01:11.900,33.79833333333333,16.519700399999998,53,2,osrm
625,delivered,2025-07-03 15:28:09,2025-07-03 15:39:46.253514,2025-07-03 15:42:55.400000,2025-07-03 15:45:48.800,17.663333333333334,3.1524414333333337,51,1,osrm
626,delivered,2025-07-03 15:30:59,2025-07-03 15:46:36.105033,2025-07-03 15:59:18.200000,2025-07-03 16:01:25.300,30.438333333333333,12.701582783333333,50,1,osrm
627,delivered,2025-07-03 15:31:06,2025-07-03 15:40:45.284525,2025-07-03 15:47:55.400000,2025-07-03 15:51:04.700,19.978333333333335,7.16859125,5,1,osrm
628,delivered,2025-07-03 15:31:12,2025-07-03 15:41:08.161346,2025-07-03 15:49:05.400000,2025-07-03 15:50:29.800,19.296666666666667,7.9539775666666666,40,1,osrm
629,delivered,2025-07-03 15:33:35,2025-07-03 15:48:59.471590,2025-07-03 16:08:10.795846,2025-07-03 16:11:22.700,37.794999999999995,19.188737600000003,18,2,osrm
630,delivered,2025-07-03 15:33:03,2025-07-03 15:44:13.571530,2025-07-03 16:04:04.700000,2025-07-03 16:08:01.700,34.97833333333333,19.85214116666667,8,1,osrm
631,delivered,2025-07-03 15:33:58,2025-07-03 15:46:16.547377,2025-07-03 16:10:01.000000,2025-07-03 16:15:59.000,42.016666666666666,23.740877049999998,36,2,osrm
632,delivered,2025-07-03 15:33:04,2025-07-03 15:46:35.514658,2025-07-03 15:58:52.500000,2025-07-03 16:00:58.100,27.901666666666664,12.283089033333333,34,1,osrm
633,delivered,2025-07-03 15:35:09,2025-07-03 15:43:54.586646,2025-07-03 15:54:18.700000,2025-07-03 15:57:58.000,22.816666666666666,10.401889233333332,30,1,osrm
634,delivered,2025-07-03 15:37:49,2025-07-03 15:48:26.860395,2025-07-03 16:01:36.600000,2025-07-03 16:03:31.000,25.7,13.16232675,17,1,osrm
635,delivered,2025-07-03 15:38:57,2025-07-03 15:46:33.013296,2025-07-03 16:04:59.300000,2025-07-03 16:08:24.700,29.461666666666666,18.438111733333336,32,1,osrm
636,delivered,2025-07-03 15:40:31,2025-07-03 15:55:57.145031,2025-07-03 16:09:59.000000,2025-07-03 16:14:06.100,33.585,14.03091615,1,1,osrm
637,delivered,2025-07-03 15:41:07,2025-07-03 15:46:47.953517,2025-07-03 16:11:04.786356,2025-07-03 16:12:44.700,31.628333333333334,24.280547316666667,22,2,osrm
638,delivered,2025-07-03 15:41:56,2025-07-03 15:51:37.523916,2025-07-03 16:09:44.200000,2025-07-03 16:15:24.000,33.46666666666667,18.111268066666664,49,2,osrm
639,delivered,2025-07-03 15:41:52,2025-07-03 15:56:17.239633,2025-07-03 15:56:17.239633,2025-07-03 16:01:11.300,19.321666666666665,0.0,52,2,osrm
640,delivered,2025-07-03 15:43:17,2025-07-03 15:56:10.943132,2025-07-03 15:59:22.000000,2025-07-03 16:03:13.900,19.948333333333334,3.1842811333333336,41,1,osrm
641,delivered,2025-07-03 15:45:20,2025-07-03 15:57:23.130704,2025-07-03 16:24:28.600000,2025-07-03 16:30:35.200,45.25333333333333,27.091154933333332,47,2,osrm
642,delivered,2025-07-03 15:47:22,2025-07-03 15:56:48.183714,2025-07-03 16:10:01.000000,2025-07-03 16:15:59.000,28.616666666666667,13.213604766666666,36,2,osrm
643,delivered,2025-07-03 15:50:05,2025-07-03 16:03:33.394466,2025-07-03 16:20:40.300000,2025-07-03 16:23:42.700,33.62833333333334,17.115092233333332,40,1,osrm
644,delivered,2025-07-03 15:50:57,2025-07-03 15:57:42.453043,2025-07-03 15:58:45.400000,2025-07-03 16:03:23.000,12.433333333333334,1.04911595,20,1,osrm
645,delivered,2025-07-03 15:50:48,2025-07-03 15:59:58.473694,2025-07-03 16:01:39.200000,2025-07-03 16:05:09.300,14.354999999999999,1.6787717666666666,3,1,osrm
646,delivered,2025-07-03 15:52:14,2025-07-03 16:05:18.228057,2025-07-03 16:24:47.100000,2025-07-03 16:29:28.600,37.24333333333333,19.48119905,49,2,osrm
647,delivered,2025-07-03 15:52:38,2025-07-03 16:01:51.778038,2025-07-03 16:07:51.000000,2025-07-03 16:10:35.000,17.95,5.9870327,26,1,osrm
648,delivered,2025-07-03 15:52:04,2025-07-03 16:04:47.049911,2025-07-03 16:14:38.800000,2025-07-03 16:18:12.400,26.14,9.862501483333334,44,1,osrm
649,delivered,2025-07-03 15:53:40,2025-07-03 16:06:55.159475,2025-07-03 16:24:47.100000,2025-07-03 16:29:28.600,35.809999999999995,17.865675416666665,49,2,osrm
650,delivered,2025-07-03 15:54:03,2025-07-03 16:04:51.348241,2025-07-03 16:38:39.690947,2025-07-03 16:45:26.200,51.38666666666666,33.80571176666667,54,3,osrm
651,delivered,2025-07-03 15:55:02,2025-07-03 16:09:21.384187,2025-07-03 16:24:05.300000,2025-07-03 16:27:56.600,32.91,14.731930216666665,37,2,osrm
652,delivered,2025-07-03 15:56:08,2025-07-03 16:06:46.268675,2025-07-03 16:09:44.200000,2025-07-03 16:15:24.000,19.266666666666666,2.965522083333333,49,2,osrm
653,delivered,2025-07-03 15:56:06,2025-07-03 16:10:05.276281,2025-07-03 16:23:52.500000,2025-07-03 16:27:56.300,31.83833333333333,13.787061983333333,33,2,osrm
654,delivered,2025-07-03 15:56:09,2025-07-03 16:11:04.786356,2025-07-03 16:11:04.786356,2025-07-03 16:12:44.700,16.595000000000002,0.0,22,2,osrm
655,delivered,2025-07-03 15:57:30,2025-07-03 16:16:26.643570,2025-07-03 16:24:02.000000,2025-07-03 16:29:03.100,31.551666666666666,7.589273833333333,11,2,osrm
656,delivered,2025-07-03 15:57:43,2025-07-03 16:08:10.795846,2025-07-03 16:20:46.300000,2025-07-03 16:24:29.500,26.775,12.5917359,26,1,osrm
657,delivered,2025-07-03 15:59:14,2025-07-03 16:08:08.393419,2025-07-03 16:36:22.113534,2025-07-03 16:43:28.700,44.245,28.228668583333334,15,4,osrm
658,delivered,2025-07-03 15:59:41,2025-07-03 16:10:42.444491,2025-07-03 16:20:38.100000,2025-07-03 16:25:48.300,26.121666666666666,9.927591816666668,21,1,osrm
659,delivered,2025-07-03 15:59:24,2025-07-03 16:15:18.914238,2025-07-03 16:40:36.850662,2025-07-03 16:44:54.400,45.50666666666667,25.2989404,12,4,osrm
660,delivered,2025-07-03 16:00:25,2025-07-03 16:13:31.948152,2025-07-03 16:39:33.200000,2025-07-03 16:47:19.200,46.90333333333333,26.020864133333337,39,3,osrm
661,delivered,2025-07-03 16:00:46,2025-07-03 16:12:43.957190,2025-07-03 16:35:49.925750,2025-07-03 16:36:21.300,35.58833333333334,23.099476,28,4,osrm
662,delivered,2025-07-03 16:01:20,2025-07-03 16:12:19.067742,2025-07-03 16:24:05.300000,2025-07-03 16:27:56.600,26.61,11.770537633333333,37,2,osrm
663,delivered,2025-07-03 16:02:32,2025-07-03 16:11:59.460218,2025-07-03 16:45:59.537841,2025-07-03 16:44:18.600,41.776666666666664,34.001293716666666,33,3,osrm
664,delivered,2025-07-03 16:03:55,2025-07-03 16:15:45.685739,2025-07-03 16:15:45.685739,2025-07-03 16:20:07.200,16.203333333333333,0.0,57,2,osrm
665,delivered,2025-07-03 16:04:01,2025-07-03 16:15:26.311934,2025-07-03 16:43:24.744349,2025-07-03 16:47:32.300,43.52166666666667,27.973873583333333,53,3,osrm
666,delivered,2025-07-03 16:04:12,2025-07-03 16:11:46.209298,2025-07-03 16:24:02.000000,2025-07-03 16:29:03.100,24.851666666666667,12.263178366666667,11,2,osrm
667,delivered,2025-07-03 16:05:33,2025-07-03 16:19:11.408800,2025-07-03 16:45:59.537841,2025-07-03 16:42:51.800,37.31333333333334,26.80215068333333,18,4,osrm
668,delivered,2025-07-03 16:06:29,2025-07-03 16:23:00.657541,2025-07-03 16:25:40.100000,2025-07-03 16:28:03.800,21.58,2.657374316666667,2,1,osrm
669,delivered,2025-07-03 16:06:58,2025-07-03 16:19:09.687228,2025-07-03 16:51:18.300000,2025-07-03 16:56:47.500,49.825,32.143546199999996,17,3,osrm
670,delivered,2025-07-03 16:06:18,2025-07-03 16:21:43.599160,2025-07-03 16:47:52.409870,2025-07-03 16:56:13.600,49.92666666666666,26.146845166666665,40,3,osrm
671,delivered,2025-07-03 16:07:38,2025-07-03 16:20:10.094370,2025-07-03 16:40:36.850662,2025-07-03 16:44:54.400,37.27333333333333,20.4459382,12,4,osrm
672,delivered,2025-07-03 16:08:35,2025-07-03 16:24:32.316530,2025-07-03 16:39:06.283667,2025-07-03 16:46:39.000,38.06666666666667,14.56611895,35,3,osrm
673,delivered,2025-07-03 16:09:54,2025-07-03 16:20:13.464131,2025-07-03 16:29:17.500000,2025-07-03 16:32:17.400,22.39,9.067264483333334,31,1,osrm
674,delivered,2025-07-03 16:09:59,2025-07-03 16:22:31.735971,2025-07-03 16:59:34.521153,2025-07-03 17:07:06.700,57.12833333333333,37.0464197,48,4,osrm
675,delivered,2025-07-03 16:10:50,2025-07-03 16:24:01.995686,2025-07-03 16:24:28.600000,2025-07-03 16:30:35.200,19.753333333333334,0.4434052333333333,47,2,osrm
676,delivered,2025-07-03 16:10:57,2025-07-03 16:23:36.301529,2025-07-03 16:33:33.300000,2025-07-03 16:39:25.700,28.478333333333335,9.949974516666666,43,3,osrm
677,delivered,2025-07-03 16:11:38,2025-07-03 16:22:24.116858,2025-07-03 17:01:13.155726,2025-07-03 17:07:50.900,56.215,38.817314466666666,38,3,osrm
678,delivered,2025-07-03 16:11:26,2025-07-03 16:21:20.501439,2025-07-03 16:40:36.850662,2025-07-03 16:44:54.400,33.473333333333336,19.27248705,12,4,osrm
679,delivered,2025-07-03 16:11:33,2025-07-03 16:22:17.902859,2025-07-03 16:34:39.873496,2025-07-03 16:39:57.700,28.41166666666667,12.366177283333334,19,2,osrm
680,delivered,2025-07-03 16:11:57,2025-07-03 16:28:05.052698,2025-07-03 16:30:58.300000,2025-07-03 16:35:03.700,23.111666666666668,2.887455033333333,6,2,osrm
681,delivered,2025-07-03 16:14:22,2025-07-03 16:32:16.526636,2025-07-03 17:06:35.406172,2025-07-03 17:05:39.500,51.291666666666664,34.314658933333334,44,4,osrm
682,delivered,2025-07-03 16:14:06,2025-07-03 16:23:22.605878,2025-07-03 16:40:36.200000,2025-07-03 16:43:25.300,29.321666666666665,17.226568699999998,38,1,osrm
683,delivered,2025-07-03 16:14:19,2025-07-03 16:23:44.444052,2025-07-03 17:00:16.577237,2025-07-03 17:08:19.200,54.00333333333333,36.53555308333333,41,4,osrm
684,delivered,2025-07-03 16:14:15,2025-07-03 16:29:40.075173,2025-07-03 16:54:43.304556,2025-07-03 17:04:12.700,49.961666666666666,25.053823050000002,42,4,osrm
685,delivered,2025-07-03 16:15:51,2025-07-03 16:32:04.760199,2025-07-03 16:50:26.510593,2025-07-03 16:51:09.000,35.3,18.362506566666664,6,4,osrm
686,delivered,2025-07-03 16:15:52,2025-07-03 16:35:35.280302,2025-07-03 17:15:43.730158,2025-07-03 17:15:34.400,59.70666666666667,40.14083093333333,14,4,osrm
687,delivered,2025-07-03 16:15:40,2025-07-03 16:29:10.074233,2025-07-03 17:17:41.787005,2025-07-03 17:19:31.400,63.85666666666667,48.5285462,47,4,osrm
688,delivered,2025-07-03 16:16:58,2025-07-03 16:22:34.620278,2025-07-03 16:35:49.925750,2025-07-03 16:36:21.300,19.388333333333332,13.2550912,28,4,osrm
689,delivered,2025-07-03 16:16:32,2025-07-03 16:26:26.204193,2025-07-03 16:45:59.537841,2025-07-03 16:44:18.600,27.776666666666664,19.555560800000002,33,3,osrm
690,delivered,2025-07-03 16:17:59,2025-07-03 16:35:58.354393,2025-07-03 17:00:16.577237,2025-07-03 17:08:19.200,50.336666666666666,24.303714066666664,41,4,osrm
691,delivered,2025-07-03 16:17:05,2025-07-03 16:29:54.552402,2025-07-03 16:50:26.510593,2025-07-03 16:51:09.000,34.06666666666667,20.532636516666667,6,4,osrm
692,delivered,2025-07-03 16:18:10,2025-07-03 16:26:26.493648,2025-07-03 16:30:58.300000,2025-07-03 16:35:03.700,16.895,4.530105866666667,6,2,osrm
693,delivered,2025-07-03 16:18:22,2025-07-03 16:31:56.624492,2025-07-03 16:51:18.300000,2025-07-03 16:56:47.500,38.425,19.361258466666666,17,3,osrm
694,delivered,2025-07-03 16:20:07,2025-07-03 16:31:21.817399,2025-07-03 16:36:22.113534,2025-07-03 16:43:28.700,23.361666666666668,5.004935583333333,15,4,osrm
695,delivered,2025-07-03 16:20:34,2025-07-03 16:31:43.459576,2025-07-03 16:39:33.200000,2025-07-03 16:47:19.200,26.753333333333334,7.829007066666667,39,3,osrm
696,delivered,2025-07-03 16:20:11,2025-07-03 16:31:33.672933,2025-07-03 16:47:52.409870,2025-07-03 16:56:13.600,36.04333333333333,16.312282283333335,40,3,osrm
697,delivered,2025-07-03 16:21:32,2025-07-03 16:29:05.096292,2025-07-03 16:39:33.200000,2025-07-03 16:47:19.200,25.78666666666667,10.468395133333333,39,3,osrm
698,delivered,2025-07-03 16:22:54,2025-07-03 16:35:46.549536,2025-07-03 16:58:58.900000,2025-07-03 17:10:02.600,47.14333333333333,23.205841066666668,53,4,osrm
699,delivered,2025-07-03 16:22:25,2025-07-03 16:31:49.111671,2025-07-03 16:51:18.300000,2025-07-03 16:56:47.500,34.375,19.48647215,17,3,osrm
700,delivered,2025-07-03 16:23:25,2025-07-03 16:35:49.925750,2025-07-03 16:39:06.283667,2025-07-03 16:46:39.000,23.233333333333334,3.2726319499999996,35,3,osrm
701,delivered,2025-07-03 16:23:18,2025-07-03 16:32:35.006060,2025-07-03 16:49:41.862660,2025-07-03 16:52:10.300,28.871666666666666,17.11427666666667,51,4,osrm
702,delivered,2025-07-03 16:23:25,2025-07-03 16:35:44.408424,2025-07-03 16:36:22.113534,2025-07-03 16:43:28.700,20.061666666666667,0.6284185,15,4,osrm
703,delivered,2025-07-03 16:23:47,2025-07-03 16:34:39.873496,2025-07-03 16:38:52.500000,2025-07-03 16:42:00.800,18.23,4.210441733333334,37,1,osrm
704,delivered,2025-07-03 16:23:53,2025-07-03 16:35:59.101659,2025-07-03 16:54:43.304556,2025-07-03 17:04:12.700,40.32833333333333,18.73671495,42,4,osrm
705,delivered,2025-07-03 16:24:49,2025-07-03 16:30:47.338714,2025-07-03 16:49:41.862660,2025-07-03 16:52:10.300,27.355,18.908732433333334,51,4,osrm
706,delivered,2025-07-03 16:25:26,2025-07-03 16:36:13.619914,2025-07-03 17:05:38.199988,2025-07-03 17:12:25.700,46.995,29.4096679,51,3,osrm
707,delivered,2025-07-03 16:25:06,2025-07-03 16:36:22.113534,2025-07-03 16:50:39.800000,2025-07-03 16:56:00.800,30.913333333333334,14.294774433333334,5,3,osrm
708,delivered,2025-07-03 16:26:42,2025-07-03 16:40:36.850662,2025-07-03 16:40:36.850662,2025-07-03 16:44:54.400,18.206666666666667,0.0,12,4,osrm
709,delivered,2025-07-03 16:26:44,2025-07-03 16:48:27.755399,2025-07-03 18:22:54.100000,2025-07-03 18:31:20.400,124.60666666666665,94.43907668333333,16,3,osrm
710,delivered,2025-07-03 16:26:09,2025-07-03 16:39:01.680240,2025-07-03 17:16:25.662883,2025-07-03 17:20:15.300,54.105000000000004,37.39971071666666,56,4,osrm
711,delivered,2025-07-03 16:26:09,2025-07-03 16:38:39.690947,2025-07-03 16:38:39.690947,2025-07-03 16:45:26.200,19.28666666666667,0.0,54,3,osrm
712,delivered,2025-07-03 16:26:59,2025-07-03 16:41:27.127823,2025-07-03 17:29:28.532092,2025-07-03 17:39:03.800,72.08,48.02340448333334,40,4,osrm
713,delivered,2025-07-03 16:27:00,2025-07-03 16:32:00.000000,2025-07-03 16:51:44.800000,2025-07-03 16:59:48.200,32.803333333333335,19.746666666666666,30,3,osrm
714,delivered,2025-07-03 16:27:52,2025-07-03 16:45:59.537841,2025-07-03 16:45:59.537841,2025-07-03 16:44:18.600,16.443333333333335,0.0,33,3,osrm
715,delivered,2025-07-03 16:27:16,2025-07-03 16:39:58.126546,2025-07-03 17:15:16.033056,2025-07-03 17:25:03.400,57.79,35.29844183333333,22,4,osrm
716,delivered,2025-07-03 16:27:19,2025-07-03 16:36:11.558659,2025-07-03 16:58:58.900000,2025-07-03 17:10:02.600,42.72666666666667,22.78902235,53,4,osrm
717,delivered,2025-07-03 16:28:47,2025-07-03 16:42:10.896984,2025-07-03 17:05:38.199988,2025-07-03 17:12:25.700,43.644999999999996,23.45505006666667,51,3,osrm
718,delivered,2025-07-03 16:28:45,2025-07-03 16:42:05.105912,2025-07-03 17:03:55.844237,2025-07-03 17:09:16.800,40.53,21.84563875,54,4,osrm
719,delivered,2025-07-03 16:28:45,2025-07-03 16:42:17.658966,2025-07-03 18:23:14.100000,2025-07-03 18:31:37.600,122.87666666666668,100.94068390000001,51,2,osrm
720,delivered,2025-07-03 16:28:19,2025-07-03 16:44:35.296261,2025-07-03 17:17:41.787005,2025-07-03 17:19:31.400,51.20666666666667,33.108179066666665,47,4,osrm
721,delivered,2025-07-03 16:28:25,2025-07-03 16:44:03.923710,2025-07-03 17:14:27.318356,2025-07-03 17:23:25.200,55.00333333333333,30.389910766666667,46,4,osrm
722,delivered,2025-07-03 16:28:07,2025-07-03 16:39:06.283667,2025-07-03 16:51:08.301179,2025-07-03 17:01:27.700,33.345,12.0336252,4,4,osrm
723,delivered,2025-07-03 16:30:51,2025-07-03 16:43:24.744349,2025-07-03 16:43:24.744349,2025-07-03 16:47:32.300,16.688333333333333,0.0,53,3,osrm
724,delivered,2025-07-03 16:30:50,2025-07-03 16:40:38.165695,2025-07-03 17:15:43.730158,2025-07-03 17:15:34.400,44.74,35.09274105,14,4,osrm
725,delivered,2025-07-03 16:30:10,2025-07-03 16:46:13.124434,2025-07-03 16:58:39.100000,2025-07-03 17:06:19.900,36.165,12.4329261,55,4,osrm
726,delivered,2025-07-03 16:31:41,2025-07-03 16:47:30.958552,2025-07-03 17:08:45.100000,2025-07-03 17:14:04.800,42.39666666666667,21.2356908,50,4,osrm
727,delivered,2025-07-03 16:31:52,2025-07-03 16:43:01.276391,2025-07-03 17:40:41.027331,2025-07-03 17:46:57.300,75.08833333333334,57.662515666666664,28,4,osrm
728,delivered,2025-07-03 16:31:55,2025-07-03 16:41:07.066215,2025-07-03 17:17:06.757304,2025-07-03 17:29:18.700,57.394999999999996,35.994851483333335,11,4,osrm
729,delivered,2025-07-03 16:32:49,2025-07-03 16:42:52.066309,2025-07-03 16:59:59.800000,2025-07-03 17:07:08.200,34.32,17.12889485,39,4,osrm
730,delivered,2025-07-03 16:32:39,2025-07-03 16:45:25.668712,2025-07-03 17:19:09.546277,2025-07-03 17:21:36.100,48.95166666666667,33.73129275,4,4,osrm
731,delivered,2025-07-03 16:32:45,2025-07-03 16:50:26.100300,2025-07-03 17:02:40.807943,2025-07-03 17:08:34.100,35.818333333333335,12.245127383333333,7,4,osrm
732,delivered,2025-07-03 16:32:42,2025-07-03 16:49:21.121886,2025-07-03 16:50:39.800000,2025-07-03 16:56:00.800,23.313333333333333,1.3113019,5,3,osrm
733,delivered,2025-07-03 16:34:05,2025-07-03 16:46:40.397047,2025-07-03 17:04:51.400000,2025-07-03 17:12:27.600,38.376666666666665,18.183382549999997,21,4,osrm
734,delivered,2025-07-03 16:34:52,2025-07-03 16:40:50.451991,2025-07-03 17:08:45.100000,2025-07-03 17:14:04.800,39.21333333333334,27.91080015,50,4,osrm
735,delivered,2025-07-03 16:34:33,2025-07-03 16:46:39.859921,2025-07-03 17:29:08.390286,2025-07-03 17:31:20.200,56.78666666666666,42.475506083333336,5,4,osrm
736,delivered,2025-07-03 16:35:31,2025-07-03 16:48:08.956154,2025-07-03 17:19:09.700000,2025-07-03 17:30:29.000,54.96666666666667,31.012397433333334,37,4,osrm
737,delivered,2025-07-03 16:35:08,2025-07-03 16:47:52.409870,2025-07-03 16:47:52.409870,2025-07-03 16:56:13.600,21.09333333333333,0.0,40,3,osrm
738,delivered,2025-07-03 16:35:57,2025-07-03 16:50:26.510593,2025-07-03 17:02:40.807943,2025-07-03 17:08:34.100,32.61833333333333,12.238289166666668,7,4,osrm
739,delivered,2025-07-03 16:36:45,2025-07-03 16:49:24.365917,2025-07-03 16:51:26.500000,2025-07-03 16:53:01.200,16.27,2.03556805,21,1,osrm
740,delivered,2025-07-03 16:36:04,2025-07-03 16:51:28.412759,2025-07-03 16:51:44.800000,2025-07-03 16:59:48.200,23.736666666666668,0.27312068333333334,30,3,osrm
741,delivered,2025-07-03 16:36:21,2025-07-03 16:50:33.707886,2025-07-03 17:17:06.252888,2025-07-03 17:21:04.900,44.73166666666667,26.5424167,25,4,osrm
742,delivered,2025-07-03 16:37:03,2025-07-03 16:51:27.121252,2025-07-03 17:17:06.757304,2025-07-03 17:29:18.700,52.26166666666666,25.660600866666666,11,4,osrm
743,delivered,2025-07-03 16:37:56,2025-07-03 16:49:41.862660,2025-07-03 16:59:34.521153,2025-07-03 17:07:06.700,29.178333333333335,9.87764155,48,4,osrm
744,delivered,2025-07-03 16:38:46,2025-07-03 16:49:34.418044,2025-07-03 16:59:59.800000,2025-07-03 17:07:08.200,28.37,10.423032599999999,39,4,osrm
745,delivered,2025-07-03 16:38:44,2025-07-03 16:50:13.404617,2025-07-03 17:29:04.422785,2025-07-03 17:32:58.400,54.24,38.8503028,32,4,osrm
746,delivered,2025-07-03 16:38:06,2025-07-03 16:48:47.770756,2025-07-03 16:58:58.900000,2025-07-03 17:10:02.600,31.94333333333333,10.1854874,53,4,osrm
747,delivered,2025-07-03 16:39:23,2025-07-03 16:52:09.978796,2025-07-03 17:14:27.318356,2025-07-03 17:21:00.200,41.62,22.288992666666665,52,4,osrm
748,delivered,2025-07-03 16:39:03,2025-07-03 16:49:43.755594,2025-07-03 17:31:38.253987,2025-07-03 17:36:01.000,56.96666666666667,41.90830655,7,4,osrm
749,delivered,2025-07-03 16:40:44,2025-07-03 16:51:09.557377,2025-07-03 17:01:13.155726,2025-07-03 17:07:50.900,27.115000000000002,10.059972483333333,38,3,osrm
750,delivered,2025-07-03 16:41:42,2025-07-03 17:00:48.632065,2025-07-03 17:58:50.000000,2025-07-03 18:02:39.200,80.95333333333333,58.02279891666667,26,2,osrm
751,delivered,2025-07-03 16:41:05,2025-07-03 16:53:27.819137,2025-07-03 17:40:40.366054,2025-07-03 17:44:52.400,63.79,47.20911528333333,25,3,osrm
752,delivered,2025-07-03 16:42:16,2025-07-03 16:52:10.353942,2025-07-03 17:15:16.033056,2025-07-03 17:25:03.400,42.79,23.0946519,22,4,osrm
753,delivered,2025-07-03 16:42:26,2025-07-03 16:56:35.836493,2025-07-03 17:15:43.730158,2025-07-03 17:15:34.400,33.14,19.131561083333334,14,4,osrm
754,delivered,2025-07-03 16:42:04,2025-07-03 16:56:18.150176,2025-07-03 17:08:45.100000,2025-07-03 17:14:04.800,32.013333333333335,12.449163733333334,50,4,osrm
755,delivered,2025-07-03 16:43:41,2025-07-03 16:54:43.304556,2025-07-03 16:54:43.304556,2025-07-03 17:04:12.700,20.528333333333332,0.0,42,4,osrm
756,delivered,2025-07-03 16:43:13,2025-07-03 16:53:51.084725,2025-07-03 17:03:55.844237,2025-07-03 17:09:16.800,26.063333333333333,10.0793252,54,4,osrm
757,delivered,2025-07-03 16:43:34,2025-07-03 16:55:07.775128,2025-07-03 17:36:17.208130,2025-07-03 17:35:14.500,51.675,41.157216700000006,24,4,osrm
758,delivered,2025-07-03 16:43:32,2025-07-03 16:53:30.034072,2025-07-03 16:59:59.800000,2025-07-03 17:07:08.200,23.603333333333335,6.4960987999999995,39,4,osrm
759,delivered,2025-07-03 16:44:20,2025-07-03 16:55:16.672549,2025-07-03 17:29:28.532092,2025-07-03 17:39:03.800,54.730000000000004,34.19765905,40,4,osrm
760,delivered,2025-07-03 16:44:04,2025-07-03 16:49:04.000000,2025-07-03 16:58:58.900000,2025-07-03 17:10:02.600,25.976666666666667,9.915,53,4,osrm
761,delivered,2025-07-03 16:44:58,2025-07-03 16:55:40.648625,2025-07-03 17:15:16.033056,2025-07-03 17:25:03.400,40.09,19.589740516666666,22,4,osrm
762,delivered,2025-07-03 16:44:19,2025-07-03 16:52:30.736211,2025-07-03 17:20:12.398923,2025-07-03 17:27:41.500,43.375,27.694378533333335,39,4,osrm
763,delivered,2025-07-03 16:44:36,2025-07-03 16:51:08.301179,2025-07-03 17:16:53.393372,2025-07-03 17:16:12.600,31.61,25.75153655,17,3,osrm
764,delivered,2025-07-03 16:44:12,2025-07-03 16:56:26.980286,2025-07-03 17:06:35.406172,2025-07-03 17:05:39.500,21.458333333333332,10.140431433333333,44,4,osrm
765,delivered,2025-07-03 16:45:48,2025-07-03 17:02:24.057624,2025-07-03 17:07:40.764010,2025-07-03 17:14:53.700,29.095000000000002,5.278439766666667,43,4,osrm
766,delivered,2025-07-03 16:45:41,2025-07-03 16:51:04.541156,2025-07-03 17:06:35.406172,2025-07-03 17:05:39.500,19.975,15.514416933333333,44,4,osrm
767,delivered,2025-07-03 16:45:19,2025-07-03 16:58:27.097343,2025-07-03 17:33:22.336399,2025-07-03 17:41:58.900,56.665,34.920650933333334,54,4,osrm
768,delivered,2025-07-03 16:45:35,2025-07-03 16:50:38.857240,2025-07-03 17:21:39.417479,2025-07-03 17:26:58.700,41.394999999999996,31.009337316666667,20,4,osrm
769,delivered,2025-07-03 16:45:10,2025-07-03 17:03:55.844237,2025-07-03 17:03:55.844237,2025-07-03 17:09:16.800,24.113333333333333,0.0,54,4,osrm
770,delivered,2025-07-03 16:46:13,2025-07-03 16:53:16.198167,2025-07-03 17:03:55.844237,2025-07-03 17:09:16.800,23.063333333333333,10.660767833333333,54,4,osrm
771,delivered,2025-07-03 16:46:29,2025-07-03 16:59:34.521153,2025-07-03 17:16:53.393372,2025-07-03 17:22:33.900,36.08166666666667,17.314536983333333,31,4,osrm
772,delivered,2025-07-03 16:46:43,2025-07-03 16:57:14.374743,2025-07-03 18:04:03.100000,2025-07-03 18:07:09.900,80.44833333333332,66.81208761666667,11,1,osrm
773,delivered,2025-07-03 16:46:56,2025-07-03 17:01:19.412145,2025-07-03 17:04:51.400000,2025-07-03 17:12:27.600,25.526666666666664,3.5331309166666665,21,4,osrm
774,delivered,2025-07-03 16:46:17,2025-07-03 17:01:13.155726,2025-07-03 17:01:13.155726,2025-07-03 17:07:50.900,21.565,0.0,38,3,osrm
775,delivered,2025-07-03 16:47:15,2025-07-03 17:01:06.071253,2025-07-03 17:21:39.417479,2025-07-03 17:26:58.700,39.72833333333333,20.555770433333333,20,4,osrm
776,delivered,2025-07-03 16:47:56,2025-07-03 16:56:13.831627,2025-07-03 17:17:06.252888,2025-07-03 17:21:04.900,33.14833333333333,20.873687683333333,25,4,osrm
777,delivered,2025-07-03 16:47:52,2025-07-03 17:03:18.826674,2025-07-03 17:30:09.153326,2025-07-03 17:31:48.100,43.934999999999995,26.83877753333333,49,4,osrm
778,delivered,2025-07-03 16:47:31,2025-07-03 16:59:07.867377,2025-07-03 17:20:02.812058,2025-07-03 17:27:53.900,40.38166666666667,20.915744683333333,53,4,osrm
779,delivered,2025-07-03 16:48:36,2025-07-03 17:00:12.216668,2025-07-03 17:37:06.276873,2025-07-03 17:39:54.300,51.305,36.90100341666667,10,2,osrm
780,delivered,2025-07-03 16:48:37,2025-07-03 17:00:16.577237,2025-07-03 17:17:41.787005,2025-07-03 17:23:32.100,34.91833333333333,17.4201628,1,4,osrm
781,delivered,2025-07-03 16:49:34,2025-07-03 17:03:17.701452,2025-07-03 17:19:58.000000,2025-07-03 17:28:05.700,38.52833333333333,16.671642466666665,38,4,osrm
782,delivered,2025-07-03 16:50:59,2025-07-03 17:02:40.807943,2025-07-03 17:17:06.757304,2025-07-03 17:29:18.700,38.32833333333333,14.432489349999999,11,4,osrm
783,delivered,2025-07-03 16:50:00,2025-07-03 17:05:38.199988,2025-07-03 17:05:38.199988,2025-07-03 17:12:25.700,22.428333333333335,0.0,51,3,osrm
784,delivered,2025-07-03 16:51:42,2025-07-03 17:04:18.488364,2025-07-03 17:32:07.629891,2025-07-03 17:35:31.900,43.83166666666667,27.81902545,55,4,osrm
785,delivered,2025-07-03 16:52:39,2025-07-03 17:06:11.875914,2025-07-03 17:10:32.056177,2025-07-03 17:17:52.200,25.220000000000002,4.336337716666667,28,4,osrm
786,delivered,2025-07-03 16:53:54,2025-07-03 17:04:43.158834,2025-07-03 17:25:35.977227,2025-07-03 17:27:52.300,33.971666666666664,20.88030655,34,4,osrm
787,delivered,2025-07-03 16:53:53,2025-07-03 17:05:01.698641,2025-07-03 17:45:43.236362,2025-07-03 17:49:42.600,55.82666666666667,40.69229535,18,4,osrm
788,delivered,2025-07-03 16:53:50,2025-07-03 17:00:38.244831,2025-07-03 17:21:39.417479,2025-07-03 17:26:58.700,33.145,21.019544133333333,20,4,osrm
789,delivered,2025-07-03 16:54:37,2025-07-03 17:05:20.995765,2025-07-03 17:08:45.100000,2025-07-03 17:14:04.800,19.46333333333333,3.4017372499999996,50,4,osrm
790,delivered,2025-07-03 16:54:49,2025-07-03 17:06:35.406172,2025-07-03 17:19:17.582659,2025-07-03 17:17:52.500,23.058333333333334,12.702941449999999,30,4,osrm
791,delivered,2025-07-03 16:55:41,2025-07-03 17:04:09.272845,2025-07-03 17:32:53.539435,2025-07-03 17:36:49.500,41.141666666666666,28.7377765,27,4,osrm
792,delivered,2025-07-03 16:55:11,2025-07-03 17:10:32.056177,2025-07-03 17:19:09.546277,2025-07-03 17:21:36.100,26.418333333333333,8.624835,4,4,osrm
793,delivered,2025-07-03 16:55:04,2025-07-03 17:07:40.764010,2025-07-03 17:19:09.700000,2025-07-03 17:30:29.000,35.416666666666664,11.4822665,37,4,osrm
794,delivered,2025-07-03 16:55:39,2025-07-03 17:14:14.944838,2025-07-03 17:31:38.253987,2025-07-03 17:36:01.000,40.36666666666667,17.388485816666666,7,4,osrm
795,delivered,2025-07-03 16:56:22,2025-07-03 17:10:51.625965,2025-07-03 17:33:31.998270,2025-07-03 17:40:08.900,43.781666666666666,22.672871750000002,6,4,osrm
796,delivered,2025-07-03 16:56:59,2025-07-03 17:04:02.901730,2025-07-03 17:29:08.390286,2025-07-03 17:31:20.200,34.35333333333333,25.091475933333335,5,4,osrm
797,delivered,2025-07-03 16:57:38,2025-07-03 17:11:20.920990,2025-07-03 17:48:09.979316,2025-07-03 17:54:12.300,56.57166666666667,36.81763876666666,46,4,osrm
798,delivered,2025-07-03 16:58:29,2025-07-03 17:10:14.930177,2025-07-03 17:29:07.896078,2025-07-03 17:30:35.200,32.10333333333333,18.882765016666667,16,4,osrm
799,delivered,2025-07-03 16:58:21,2025-07-03 17:15:43.730158,2025-07-03 17:15:43.730158,2025-07-03 17:15:34.400,17.223333333333336,0.0,14,4,osrm
800,delivered,2025-07-03 16:59:40,2025-07-03 17:15:16.033056,2025-07-03 17:15:16.033056,2025-07-03 17:25:03.400,25.39,0.0,22,4,osrm
801,delivered,2025-07-03 16:59:53,2025-07-03 17:16:51.002816,2025-07-03 17:32:53.539435,2025-07-03 17:36:49.500,36.94166666666667,16.042276983333334,27,4,osrm
802,delivered,2025-07-03 16:59:31,2025-07-03 17:11:32.864605,2025-07-03 17:58:50.000000,2025-07-03 18:02:39.200,63.13666666666666,47.285589916666666,26,2,osrm
803,delivered,2025-07-03 17:00:41,2025-07-03 17:12:08.807376,2025-07-03 18:12:26.108069,2025-07-03 18:11:11.500,70.50833333333334,60.28834488333334,40,3,osrm
804,delivered,2025-07-03 17:00:10,2025-07-03 17:15:11.659903,2025-07-03 17:33:30.300000,2025-07-03 17:42:22.700,42.211666666666666,18.31066828333333,52,4,osrm
805,delivered,2025-07-03 17:01:29,2025-07-03 17:12:38.441268,2025-07-03 17:47:06.248426,2025-07-03 17:49:27.400,47.973333333333336,34.46345263333333,34,4,osrm
806,delivered,2025-07-03 17:02:53,2025-07-03 17:16:53.393372,2025-07-03 17:16:53.393372,2025-07-03 17:22:33.900,19.68166666666667,0.0,31,4,osrm
807,delivered,2025-07-03 17:02:08,2025-07-03 17:14:47.937413,2025-07-03 17:31:16.786752,2025-07-03 17:41:20.300,39.205000000000005,16.480822316666668,35,4,osrm
808,delivered,2025-07-03 17:02:54,2025-07-03 17:12:27.332119,2025-07-03 17:40:18.900000,2025-07-03 17:47:59.200,45.086666666666666,27.859464683333332,30,4,osrm
809,delivered,2025-07-03 17:03:32,2025-07-03 17:11:13.452638,2025-07-03 17:17:41.787005,2025-07-03 17:23:32.100,20.001666666666665,6.47223945,1,4,osrm
810,delivered,2025-07-03 17:03:50,2025-07-03 17:17:49.963579,2025-07-03 17:30:09.153326,2025-07-03 17:31:48.100,27.96833333333333,12.319829116666666,49,4,osrm
811,delivered,2025-07-03 17:03:59,2025-07-03 17:17:06.162323,2025-07-03 17:49:45.079144,2025-07-03 17:52:24.700,48.42833333333333,32.64861368333333,24,3,osrm
812,delivered,2025-07-03 17:04:58,2025-07-03 17:17:46.368767,2025-07-03 17:37:17.693810,2025-07-03 17:45:55.600,40.96,19.52208405,14,4,osrm
813,delivered,2025-07-03 17:04:49,2025-07-03 17:19:17.582659,2025-07-03 17:31:38.253987,2025-07-03 17:36:01.000,31.2,12.344522133333333,7,4,osrm
814,delivered,2025-07-03 17:04:32,2025-07-03 17:15:33.984541,2025-07-03 17:47:02.021875,2025-07-03 17:51:52.300,47.33833333333334,31.467288900000003,36,4,osrm
815,delivered,2025-07-03 17:04:52,2025-07-03 17:19:41.077304,2025-07-03 17:48:09.979316,2025-07-03 17:54:12.300,49.33833333333334,28.4817002,46,4,osrm
816,delivered,2025-07-03 17:04:02,2025-07-03 17:13:30.168632,2025-07-03 17:14:47.937413,2025-07-03 17:23:42.900,19.68166666666667,1.2961463500000001,15,4,osrm
817,delivered,2025-07-03 17:04:26,2025-07-03 17:17:41.787005,2025-07-03 17:17:41.787005,2025-07-03 17:23:32.100,19.101666666666667,0.0,1,4,osrm
818,delivered,2025-07-03 17:05:32,2025-07-03 17:10:48.736158,2025-07-03 17:19:09.700000,2025-07-03 17:30:29.000,24.95,8.349397366666667,37,4,osrm
819,delivered,2025-07-03 17:05:24,2025-07-03 17:14:27.318356,2025-07-03 17:14:27.318356,2025-07-03 17:21:00.200,15.603333333333333,0.0,52,4,osrm
820,delivered,2025-07-03 17:05:45,2025-07-03 17:16:25.662883,2025-07-03 17:25:33.796649,2025-07-03 17:28:04.500,22.325,9.135562766666668,36,4,osrm
821,delivered,2025-07-03 17:05:49,2025-07-03 17:19:09.546277,2025-07-03 17:25:33.796649,2025-07-03 17:28:04.500,22.258333333333333,6.404172866666667,36,4,osrm
822,delivered,2025-07-03 17:05:44,2025-07-03 17:20:12.398923,2025-07-03 17:20:12.398923,2025-07-03 17:27:41.500,21.958333333333332,0.0,39,4,osrm
823,delivered,2025-07-03 17:06:24,2025-07-03 17:17:25.148100,2025-07-03 17:29:04.422785,2025-07-03 17:32:58.400,26.573333333333334,11.654578083333332,32,4,osrm
824,delivered,2025-07-03 17:06:11,2025-07-03 17:20:44.472887,2025-07-03 17:36:47.028166,2025-07-03 17:45:34.800,39.39666666666667,16.042587983333334,42,4,osrm
825,delivered,2025-07-03 17:06:15,2025-07-03 17:19:58.737709,2025-07-03 17:43:58.497515,2025-07-03 17:44:44.900,38.498333333333335,23.995996766666668,13,3,osrm
826,delivered,2025-07-03 17:07:24,2025-07-03 17:17:06.252888,2025-07-03 17:25:33.796649,2025-07-03 17:28:04.500,20.675,8.459062683333334,36,4,osrm
827,delivered,2025-07-03 17:07:07,2025-07-03 17:18:02.639680,2025-07-03 17:36:17.208130,2025-07-03 17:35:14.500,28.125,18.2428075,24,4,osrm
828,delivered,2025-07-03 17:07:42,2025-07-03 17:19:27.420148,2025-07-03 17:52:27.385106,2025-07-03 17:59:11.100,51.485,32.99941596666667,6,4,osrm
829,delivered,2025-07-03 17:08:06,2025-07-03 17:16:57.272482,2025-07-03 17:19:09.700000,2025-07-03 17:30:29.000,22.383333333333333,2.2071253,37,4,osrm
830,delivered,2025-07-03 17:08:56,2025-07-03 17:20:02.812058,2025-07-03 17:20:02.812058,2025-07-03 17:27:53.900,18.965,0.0,53,4,osrm
831,delivered,2025-07-03 17:08:26,2025-07-03 17:22:00.223623,2025-07-03 17:29:08.390286,2025-07-03 17:31:20.200,22.903333333333332,7.13611105,5,4,osrm
832,delivered,2025-07-03 17:09:56,2025-07-03 17:23:24.883891,2025-07-03 17:40:40.366054,2025-07-03 17:44:52.400,34.940000000000005,17.258036049999998,25,3,osrm
833,delivered,2025-07-03 17:09:31,2025-07-03 17:23:05.239876,2025-07-03 17:29:07.896078,2025-07-03 17:30:35.200,21.07,6.0442700333333335,16,4,osrm
834,delivered,2025-07-03 17:09:41,2025-07-03 17:17:31.094352,2025-07-03 17:29:28.532092,2025-07-03 17:39:03.800,29.38,11.957295666666665,40,4,osrm
835,delivered,2025-07-03 17:09:18,2025-07-03 17:17:41.530926,2025-07-03 17:46:40.017656,2025-07-03 17:52:12.600,42.91,28.974778833333335,12,3,osrm
836,delivered,2025-07-03 17:10:54,2025-07-03 17:26:55.156837,2025-07-03 17:55:28.500000,2025-07-03 18:06:19.400,55.42333333333333,28.555719383333333,39,4,osrm
837,delivered,2025-07-03 17:10:16,2025-07-03 17:27:18.919097,2025-07-03 17:33:22.336399,2025-07-03 17:41:58.900,31.715,6.056955033333334,54,4,osrm
838,delivered,2025-07-03 17:10:11,2025-07-03 17:22:15.075667,2025-07-03 17:55:28.500000,2025-07-03 18:06:19.400,56.14,33.22373888333333,39,4,osrm
839,delivered,2025-07-03 17:10:52,2025-07-03 17:17:06.757304,2025-07-03 17:17:06.757304,2025-07-03 17:29:18.700,18.445,0.0,11,4,osrm
840,delivered,2025-07-03 17:11:20,2025-07-03 17:24:00.519233,2025-07-03 17:33:30.300000,2025-07-03 17:42:22.700,31.045,9.496346116666667,52,4,osrm
841,delivered,2025-07-03 17:11:47,2025-07-03 17:22:00.956150,2025-07-03 17:53:41.500000,2025-07-03 18:05:05.200,53.30333333333333,31.675730833333333,35,4,osrm
842,delivered,2025-07-03 17:11:40,2025-07-03 17:23:56.144015,2025-07-03 17:45:50.041343,2025-07-03 17:53:36.400,41.940000000000005,21.8982888,45,4,osrm
843,delivered,2025-07-03 17:11:59,2025-07-03 17:29:13.947034,2025-07-03 17:53:56.700000,2025-07-03 18:01:48.200,49.82,24.712549433333333,54,4,osrm
844,delivered,2025-07-03 17:11:37,2025-07-03 17:24:09.562739,2025-07-03 17:39:43.500000,2025-07-03 17:45:39.400,34.04,15.565621016666666,39,3,osrm
845,delivered,2025-07-03 17:12:12,2025-07-03 17:23:21.346345,2025-07-03 17:53:56.700000,2025-07-03 18:01:48.200,49.60333333333333,30.589227583333333,54,4,osrm
846,delivered,2025-07-03 17:12:00,2025-07-03 17:19:31.682066,2025-07-03 17:36:40.273095,2025-07-03 17:37:10.100,25.168333333333333,17.143183816666667,44,4,osrm
847,delivered,2025-07-03 17:12:25,2025-07-03 17:20:13.911426,2025-07-03 18:04:12.800000,2025-07-03 18:09:39.400,57.24,43.98147623333333,51,2,osrm
848,delivered,2025-07-03 17:12:50,2025-07-03 17:29:08.390286,2025-07-03 17:29:08.390286,2025-07-03 17:31:20.200,18.503333333333334,0.0,5,4,osrm
849,delivered,2025-07-03 17:12:16,2025-07-03 17:28:36.717681,2025-07-03 17:47:02.021875,2025-07-03 17:51:52.300,39.605000000000004,18.421736566666667,36,4,osrm
850,delivered,2025-07-03 17:13:57,2025-07-03 17:29:07.896078,2025-07-03 17:36:40.273095,2025-07-03 17:37:10.100,23.21833333333333,7.53961695,44,4,osrm
851,delivered,2025-07-03 17:14:18,2025-07-03 17:30:09.153326,2025-07-03 17:36:47.028166,2025-07-03 17:45:34.800,31.279999999999998,6.6312473333333335,42,4,osrm
852,delivered,2025-07-03 17:14:48,2025-07-03 17:21:39.417479,2025-07-03 17:21:39.417479,2025-07-03 17:26:58.700,12.178333333333335,0.0,20,4,osrm
853,delivered,2025-07-03 17:14:47,2025-07-03 17:24:40.902617,2025-07-03 17:32:07.629891,2025-07-03 17:35:31.900,20.748333333333335,7.445454566666667,55,4,osrm
854,delivered,2025-07-03 17:14:42,2025-07-03 17:25:33.796649,2025-07-03 17:25:33.796649,2025-07-03 17:28:04.500,13.375,0.0,36,4,osrm
855,delivered,2025-07-03 17:14:00,2025-07-03 17:31:38.253987,2025-07-03 17:36:47.028166,2025-07-03 17:45:34.800,31.58,5.146236316666667,42,4,osrm
856,delivered,2025-07-03 17:15:19,2025-07-03 17:29:04.422785,2025-07-03 17:29:04.422785,2025-07-03 17:32:58.400,17.65666666666667,0.0,32,4,osrm
857,delivered,2025-07-03 17:15:11,2025-07-03 17:25:35.977227,2025-07-03 17:32:07.629891,2025-07-03 17:35:31.900,20.348333333333336,6.5275444,55,4,osrm
858,delivered,2025-07-03 17:15:15,2025-07-03 17:29:27.958756,2025-07-03 17:55:15.340063,2025-07-03 18:01:12.700,45.961666666666666,25.789688450000003,27,3,osrm
859,delivered,2025-07-03 17:15:13,2025-07-03 17:33:51.533756,2025-07-03 18:04:12.800000,2025-07-03 18:09:39.400,54.440000000000005,30.3544374,51,2,osrm
860,delivered,2025-07-03 17:15:18,2025-07-03 17:22:49.260729,2025-07-03 17:29:04.422785,2025-07-03 17:32:58.400,17.673333333333336,6.252700933333333,32,4,osrm
861,delivered,2025-07-03 17:15:10,2025-07-03 17:25:45.783644,2025-07-03 17:43:58.497515,2025-07-03 17:44:44.900,29.581666666666667,18.21189785,13,3,osrm
862,delivered,2025-07-03 17:15:40,2025-07-03 17:33:31.998270,2025-07-03 17:48:01.191926,2025-07-03 17:52:24.100,36.735,14.486560933333333,43,4,osrm
863,delivered,2025-07-03 17:16:12,2025-07-03 17:25:25.343689,2025-07-03 17:48:01.191926,2025-07-03 17:52:24.100,36.20166666666667,22.597470616666666,43,4,osrm
864,delivered,2025-07-03 17:17:00,2025-07-03 17:29:28.532092,2025-07-03 17:40:41.027331,2025-07-03 17:46:57.300,29.955,11.208253983333332,28,4,osrm
865,delivered,2025-07-03 17:17:26,2025-07-03 17:30:53.061888,2025-07-03 17:48:01.191926,2025-07-03 17:52:24.100,34.968333333333334,17.135500633333333,43,4,osrm
866,delivered,2025-07-03 17:17:46,2025-07-03 17:26:35.779764,2025-07-03 17:53:56.700000,2025-07-03 18:01:48.200,44.03666666666666,27.3486706,54,4,osrm
867,delivered,2025-07-03 17:17:15,2025-07-03 17:26:57.095170,2025-07-03 17:37:37.460873,2025-07-03 17:43:30.900,26.265,10.672761716666667,15,4,osrm
868,delivered,2025-07-03 17:19:59,2025-07-03 17:31:04.839462,2025-07-03 17:36:40.273095,2025-07-03 17:37:10.100,17.185,5.59056055,44,4,osrm
869,delivered,2025-07-03 17:19:54,2025-07-03 17:30:48.882621,2025-07-03 17:33:30.300000,2025-07-03 17:42:22.700,22.478333333333335,2.69028965,52,4,osrm
870,delivered,2025-07-03 17:19:25,2025-07-03 17:30:33.441409,2025-07-03 17:47:06.248426,2025-07-03 17:49:27.400,30.040000000000003,16.546783616666666,34,4,osrm
871,delivered,2025-07-03 17:19:43,2025-07-03 17:34:20.975518,2025-07-03 18:13:43.965611,2025-07-03 18:18:33.200,58.836666666666666,39.38316821666667,6,4,osrm
872,delivered,2025-07-03 17:19:58,2025-07-03 17:35:22.193588,2025-07-03 17:39:43.500000,2025-07-03 17:45:39.400,25.69,4.3551068666666675,39,3,osrm
873,delivered,2025-07-03 17:19:53,2025-07-03 17:31:29.306932,2025-07-03 17:33:30.300000,2025-07-03 17:42:22.700,22.495,2.016551133333333,52,4,osrm
874,delivered,2025-07-03 17:20:52,2025-07-03 17:32:13.714332,2025-07-03 17:39:43.500000,2025-07-03 17:45:39.400,24.790000000000003,7.4964278,39,3,osrm
875,delivered,2025-07-03 17:20:57,2025-07-03 17:33:22.336399,2025-07-03 17:52:29.401362,2025-07-03 17:57:18.600,36.36,19.117749383333333,56,4,osrm
876,delivered,2025-07-03 17:20:21,2025-07-03 17:31:16.786752,2025-07-03 17:45:50.041343,2025-07-03 17:53:36.400,33.25666666666667,14.554243183333334,45,4,osrm
877,delivered,2025-07-03 17:22:36,2025-07-03 17:33:43.066515,2025-07-03 17:53:56.700000,2025-07-03 18:01:48.200,39.20333333333333,20.22722475,54,4,osrm
878,delivered,2025-07-03 17:22:25,2025-07-03 17:38:38.633610,2025-07-03 17:40:18.900000,2025-07-03 17:47:59.200,25.57,1.6711065,30,4,osrm
879,delivered,2025-07-03 17:22:02,2025-07-03 17:37:37.460873,2025-07-03 17:47:06.248426,2025-07-03 17:49:27.400,27.423333333333336,9.47979255,34,4,osrm
880,delivered,2025-07-03 17:22:34,2025-07-03 17:34:24.560701,2025-07-03 17:53:41.500000,2025-07-03 18:05:05.200,42.519999999999996,19.282321649999997,35,4,osrm
881,delivered,2025-07-03 17:22:21,2025-07-03 17:32:53.539435,2025-07-03 17:37:37.460873,2025-07-03 17:43:30.900,21.165000000000003,4.7320239666666675,15,4,osrm
882,delivered,2025-07-03 17:22:09,2025-07-03 17:38:23.668866,2025-07-03 17:48:09.979316,2025-07-03 17:54:12.300,32.055,9.771840833333332,46,4,osrm
883,delivered,2025-07-03 17:23:25,2025-07-03 17:32:07.629891,2025-07-03 17:32:07.629891,2025-07-03 17:35:31.900,12.115,0.0,55,4,osrm
884,delivered,2025-07-03 17:23:14,2025-07-03 17:33:15.877215,2025-07-03 17:40:18.900000,2025-07-03 17:47:59.200,24.753333333333334,7.05037975,30,4,osrm
885,delivered,2025-07-03 17:23:40,2025-07-03 17:36:40.273095,2025-07-03 17:36:40.273095,2025-07-03 17:37:10.100,13.501666666666667,0.0,44,4,osrm
886,delivered,2025-07-03 17:24:55,2025-07-03 17:36:17.208130,2025-07-03 17:36:17.208130,2025-07-03 17:35:14.500,10.325,0.0,24,4,osrm
887,delivered,2025-07-03 17:25:24,2025-07-03 17:37:06.276873,2025-07-03 17:37:06.276873,2025-07-03 17:39:54.300,14.504999999999999,0.0,10,2,osrm
888,delivered,2025-07-03 17:25:16,2025-07-03 17:41:30.403768,2025-07-03 18:11:22.394120,2025-07-03 18:20:58.800,55.71333333333334,29.866505866666667,21,3,osrm
889,delivered,2025-07-03 17:25:51,2025-07-03 17:39:16.008530,2025-07-03 17:45:43.236362,2025-07-03 17:49:42.600,23.86,6.4537971999999995,18,4,osrm
890,delivered,2025-07-03 17:25:36,2025-07-03 17:30:36.000000,2025-07-03 17:49:45.079144,2025-07-03 17:52:24.700,26.811666666666667,19.151319066666666,24,3,osrm
891,delivered,2025-07-03 17:26:37,2025-07-03 17:36:31.867865,2025-07-03 18:10:56.700000,2025-07-03 18:16:11.800,49.580000000000005,34.413868916666665,41,4,osrm
892,delivered,2025-07-03 17:26:20,2025-07-03 17:40:15.615877,2025-07-03 17:52:29.401362,2025-07-03 17:57:18.600,30.976666666666667,12.229758083333333,56,4,osrm
893,delivered,2025-07-03 17:26:06,2025-07-03 17:36:47.028166,2025-07-03 17:36:47.028166,2025-07-03 17:45:34.800,19.48,0.0,42,4,osrm
894,delivered,2025-07-03 17:27:06,2025-07-03 17:38:41.906337,2025-07-03 17:47:02.021875,2025-07-03 17:51:52.300,24.771666666666665,8.335258966666666,36,4,osrm
895,delivered,2025-07-03 17:27:04,2025-07-03 17:37:17.693810,2025-07-03 17:56:54.786543,2025-07-03 18:08:03.000,40.983333333333334,19.618212216666667,50,4,osrm
896,delivered,2025-07-03 17:27:37,2025-07-03 17:40:41.027331,2025-07-03 17:52:29.401362,2025-07-03 17:57:18.600,29.69333333333333,11.80623385,56,4,osrm
897,delivered,2025-07-03 17:27:04,2025-07-03 17:43:58.497515,2025-07-03 17:43:58.497515,2025-07-03 17:44:44.900,17.68166666666667,0.0,13,3,osrm
898,delivered,2025-07-03 17:27:54,2025-07-03 17:41:07.955942,2025-07-03 17:52:27.385106,2025-07-03 17:59:11.100,31.285,11.3238194,6,4,osrm
899,delivered,2025-07-03 17:29:03,2025-07-03 17:40:40.366054,2025-07-03 17:40:40.366054,2025-07-03 17:44:52.400,15.823333333333332,0.0,25,3,osrm
900,delivered,2025-07-03 17:29:55,2025-07-03 17:34:55.000000,2025-07-03 17:45:43.236362,2025-07-03 17:49:42.600,19.793333333333333,10.803939366666667,18,4,osrm
901,delivered,2025-07-03 17:29:56,2025-07-03 17:43:37.518353,2025-07-03 18:10:56.700000,2025-07-03 18:16:11.800,46.263333333333335,27.319694116666668,41,4,osrm
902,delivered,2025-07-03 17:30:34,2025-07-03 17:39:17.756214,2025-07-03 18:04:17.800000,2025-07-03 18:12:50.500,42.275,25.000729766666666,9,4,osrm
903,delivered,2025-07-03 17:30:00,2025-07-03 17:39:43.936655,2025-07-03 17:55:28.500000,2025-07-03 18:06:19.400,36.32333333333334,15.742722416666668,39,4,osrm
904,delivered,2025-07-03 17:31:57,2025-07-03 17:46:17.290674,2025-07-03 18:04:17.800000,2025-07-03 18:12:50.500,40.891666666666666,18.00848876666667,9,4,osrm
905,delivered,2025-07-03 17:31:59,2025-07-03 17:45:23.547174,2025-07-03 18:11:17.342494,2025-07-03 18:24:29.800,52.513333333333335,25.896588666666666,10,4,osrm
906,delivered,2025-07-03 17:31:41,2025-07-03 17:42:17.930751,2025-07-03 18:04:17.800000,2025-07-03 18:12:50.500,41.15833333333333,21.997820816666668,9,4,osrm
907,delivered,2025-07-03 17:31:26,2025-07-03 17:43:10.402179,2025-07-03 18:09:52.292054,2025-07-03 18:18:22.700,46.945,26.698164583333334,22,4,osrm
908,delivered,2025-07-03 17:31:21,2025-07-03 17:49:45.012014,2025-07-03 18:09:52.292054,2025-07-03 18:18:22.700,47.02833333333333,20.121334,22,4,osrm
909,delivered,2025-07-03 17:31:09,2025-07-03 17:36:09.000000,2025-07-03 17:57:56.863231,2025-07-03 18:07:55.300,36.77166666666667,21.79772051666667,49,3,osrm
910,delivered,2025-07-03 17:31:51,2025-07-03 17:41:31.539267,2025-07-03 18:09:52.292054,2025-07-03 18:18:22.700,46.52833333333333,28.34587978333333,22,4,osrm
911,delivered,2025-07-03 17:31:17,2025-07-03 17:43:12.344044,2025-07-03 18:04:17.800000,2025-07-03 18:12:50.500,41.55833333333333,21.0909326,9,4,osrm
912,delivered,2025-07-03 17:31:07,2025-07-03 17:38:26.893492,2025-07-03 18:26:23.318499,2025-07-03 18:30:38.800,59.53,47.94041678333333,55,3,osrm
913,delivered,2025-07-03 17:32:09,2025-07-03 17:46:40.017656,2025-07-03 17:57:56.863231,2025-07-03 18:07:55.300,35.77166666666667,11.280759583333333,49,3,osrm
914,delivered,2025-07-03 17:32:21,2025-07-03 17:46:42.642645,2025-07-03 18:21:52.200000,2025-07-03 18:27:24.800,55.06333333333334,35.15928925,19,3,osrm
915,delivered,2025-07-03 17:32:15,2025-07-03 17:47:06.248426,2025-07-03 17:56:54.786543,2025-07-03 18:08:03.000,35.8,9.808968616666668,50,4,osrm
916,delivered,2025-07-03 17:32:53,2025-07-03 17:45:50.041343,2025-07-03 17:55:15.340063,2025-07-03 18:01:12.700,28.328333333333333,9.421645333333334,27,3,osrm
917,delivered,2025-07-03 17:32:53,2025-07-03 17:44:48.147249,2025-07-03 18:30:22.900000,2025-07-03 18:39:10.500,66.29166666666667,45.579212516666665,33,2,osrm
918,delivered,2025-07-03 17:33:15,2025-07-03 17:44:52.511480,2025-07-03 18:21:52.200000,2025-07-03 18:27:24.800,54.163333333333334,36.99480866666667,19,3,osrm
919,delivered,2025-07-03 17:33:52,2025-07-03 17:45:24.004462,2025-07-03 17:52:27.385106,2025-07-03 17:59:11.100,25.31833333333333,7.056344066666667,6,4,osrm
920,delivered,2025-07-03 17:33:11,2025-07-03 17:51:23.218204,2025-07-03 17:53:41.500000,2025-07-03 18:05:05.200,31.903333333333332,2.3046966,35,4,osrm
921,delivered,2025-07-03 17:34:52,2025-07-03 17:52:27.385106,2025-07-03 17:52:27.385106,2025-07-03 17:59:11.100,24.31833333333333,0.0,6,4,osrm
922,delivered,2025-07-03 17:34:50,2025-07-03 17:47:02.021875,2025-07-03 17:59:58.000000,2025-07-03 18:08:28.200,33.63666666666667,12.932968749999999,16,3,osrm
923,delivered,2025-07-03 17:34:17,2025-07-03 17:48:09.979316,2025-07-03 17:48:09.979316,2025-07-03 17:54:12.300,19.921666666666667,0.0,46,4,osrm
924,delivered,2025-07-03 17:34:19,2025-07-03 17:45:43.236362,2025-07-03 17:45:43.236362,2025-07-03 17:49:42.600,15.393333333333334,0.0,18,4,osrm
925,delivered,2025-07-03 17:35:01,2025-07-03 17:49:26.007189,2025-07-03 17:55:28.500000,2025-07-03 18:06:19.400,31.30666666666667,6.0415468500000005,39,4,osrm
926,delivered,2025-07-03 17:36:55,2025-07-03 17:51:35.988578,2025-07-03 18:14:12.000000,2025-07-03 18:21:59.000,45.06666666666667,22.600190366666666,26,2,osrm
927,delivered,2025-07-03 17:36:25,2025-07-03 17:51:43.617125,2025-07-03 18:19:42.916771,2025-07-03 18:26:41.600,50.276666666666664,27.988327433333332,52,4,osrm
928,delivered,2025-07-03 17:36:44,2025-07-03 17:49:45.079144,2025-07-03 17:49:45.079144,2025-07-03 17:52:24.700,15.678333333333335,0.0,24,3,osrm
929,delivered,2025-07-03 17:37:29,2025-07-03 17:52:54.571651,2025-07-03 18:13:43.965611,2025-07-03 18:18:33.200,41.07,20.82323266666667,6,4,osrm
930,delivered,2025-07-03 17:38:49,2025-07-03 17:52:29.401362,2025-07-03 17:52:29.401362,2025-07-03 17:57:18.600,18.493333333333332,0.0,56,4,osrm
931,delivered,2025-07-03 17:38:31,2025-07-03 17:50:34.861140,2025-07-03 18:13:43.965611,2025-07-03 18:18:33.200,40.03666666666666,23.151741183333336,6,4,osrm
932,delivered,2025-07-03 17:39:20,2025-07-03 17:52:51.522697,2025-07-03 18:34:29.400000,2025-07-03 18:41:30.000,62.166666666666664,41.631288383333334,5,2,osrm
933,delivered,2025-07-03 17:39:25,2025-07-03 17:57:56.863231,2025-07-03 18:17:19.825404,2025-07-03 18:27:03.100,47.635,19.38270288333333,47,3,osrm
934,delivered,2025-07-03 17:39:09,2025-07-03 17:48:01.191926,2025-07-03 17:48:01.191926,2025-07-03 17:52:24.100,13.251666666666667,0.0,43,4,osrm
935,delivered,2025-07-03 17:40:15,2025-07-03 17:51:33.789788,2025-07-03 18:11:17.342494,2025-07-03 18:24:29.800,44.24666666666667,19.72587843333333,10,4,osrm
936,delivered,2025-07-03 17:41:28,2025-07-03 17:53:43.140773,2025-07-03 18:28:15.000161,2025-07-03 18:35:33.600,54.093333333333334,34.5309898,20,4,osrm
937,delivered,2025-07-03 17:41:02,2025-07-03 17:55:15.340063,2025-07-03 18:10:12.544208,2025-07-03 18:17:16.700,36.245,14.953402416666668,15,4,osrm
938,delivered,2025-07-03 17:43:53,2025-07-03 17:58:31.110946,2025-07-03 18:24:52.100000,2025-07-03 18:32:29.600,48.61,26.349817566666665,42,4,osrm
939,delivered,2025-07-03 17:43:03,2025-07-03 17:55:14.603973,2025-07-03 18:23:52.200000,2025-07-03 18:34:12.100,51.151666666666664,28.62660045,32,3,osrm
940,delivered,2025-07-03 17:44:30,2025-07-03 17:56:11.317669,2025-07-03 18:08:05.700000,2025-07-03 18:14:48.300,30.305,11.906372183333334,8,4,osrm
941,delivered,2025-07-03 17:45:59,2025-07-03 17:55:20.679219,2025-07-03 18:30:47.200000,2025-07-03 18:36:07.900,50.14833333333333,35.44201301666667,37,3,osrm
942,delivered,2025-07-03 17:46:16,2025-07-03 17:52:25.485382,2025-07-03 17:53:41.500000,2025-07-03 18:05:05.200,18.82,1.2669103,35,4,osrm
943,delivered,2025-07-03 17:47:24,2025-07-03 17:55:58.587262,2025-07-03 18:24:52.100000,2025-07-03 18:32:29.600,45.093333333333334,28.891878966666663,42,4,osrm
944,delivered,2025-07-03 17:47:42,2025-07-03 17:56:54.786543,2025-07-03 18:21:42.627220,2025-07-03 18:26:15.000,38.55,24.797344616666667,3,3,osrm
945,delivered,2025-07-03 17:47:19,2025-07-03 17:58:38.358012,2025-07-03 18:12:26.108069,2025-07-03 18:11:11.500,23.875,13.795834283333333,40,3,osrm
946,delivered,2025-07-03 17:48:40,2025-07-03 18:04:55.048332,2025-07-03 18:30:43.400000,2025-07-03 18:34:47.300,46.12166666666667,25.805861133333334,56,1,osrm
947,delivered,2025-07-03 17:50:22,2025-07-03 18:05:01.252723,2025-07-03 18:26:23.318499,2025-07-03 18:30:38.800,40.28,21.36776293333333,55,3,osrm
948,delivered,2025-07-03 17:51:46,2025-07-03 17:59:39.013295,2025-07-03 18:24:52.100000,2025-07-03 18:32:29.600,40.72666666666667,25.21811175,42,4,osrm
949,delivered,2025-07-03 17:51:17,2025-07-03 18:06:28.057043,2025-07-03 18:27:17.200000,2025-07-03 18:37:39.300,46.37166666666667,20.819049283333335,9,4,osrm
950,delivered,2025-07-03 17:52:45,2025-07-03 18:06:46.044621,2025-07-03 18:30:47.200000,2025-07-03 18:36:07.900,43.38166666666667,24.019256316666667,37,3,osrm
951,delivered,2025-07-03 17:53:52,2025-07-03 18:09:44.454432,2025-07-03 18:09:44.454432,2025-07-03 18:11:35.000,17.716666666666665,0.0,20,2,osrm
952,delivered,2025-07-03 17:53:26,2025-07-03 18:10:27.760292,2025-07-03 18:10:56.700000,2025-07-03 18:16:11.800,22.763333333333332,0.4823284666666667,41,4,osrm
953,delivered,2025-07-03 17:54:51,2025-07-03 18:09:52.292054,2025-07-03 18:09:52.292054,2025-07-03 18:18:22.700,23.528333333333332,0.0,22,4,osrm
954,delivered,2025-07-03 17:54:25,2025-07-03 18:03:11.913982,2025-07-03 18:28:15.000161,2025-07-03 18:35:33.600,41.14333333333333,25.051436316666663,20,4,osrm
955,delivered,2025-07-03 17:55:05,2025-07-03 18:10:12.544208,2025-07-03 18:27:17.200000,2025-07-03 18:37:39.300,42.57166666666667,17.077596533333335,9,4,osrm
956,delivered,2025-07-03 17:55:45,2025-07-03 18:11:13.927528,2025-07-03 18:29:54.700000,2025-07-03 18:34:13.100,38.468333333333334,18.679541200000003,49,1,osrm
957,delivered,2025-07-03 17:55:29,2025-07-03 18:04:10.465537,2025-07-03 18:08:05.700000,2025-07-03 18:14:48.300,19.321666666666665,3.9205743833333333,8,4,osrm
958,delivered,2025-07-03 17:57:34,2025-07-03 18:08:45.234759,2025-07-03 18:27:17.200000,2025-07-03 18:37:39.300,40.08833333333334,18.53275401666667,9,4,osrm
959,delivered,2025-07-03 17:57:01,2025-07-03 18:12:26.108069,2025-07-03 18:21:03.400000,2025-07-03 18:23:35.500,26.575,8.621532183333333,14,1,osrm
960,delivered,2025-07-03 17:58:57,2025-07-03 18:11:17.342494,2025-07-03 18:11:17.342494,2025-07-03 18:24:29.800,25.546666666666667,0.0,10,4,osrm
961,delivered,2025-07-03 17:58:18,2025-07-03 18:08:37.057435,2025-07-03 18:49:59.090887,2025-07-03 18:47:41.900,49.39833333333333,41.3672242,1,3,osrm
962,delivered,2025-07-03 18:00:55,2025-07-03 18:14:14.999550,2025-07-03 18:34:44.100000,2025-07-03 18:40:49.000,39.9,20.4850075,26,2,osrm
963,delivered,2025-07-03 18:00:56,2025-07-03 18:09:25.857909,2025-07-03 18:26:23.318499,2025-07-03 18:30:12.300,29.271666666666665,16.9576765,40,2,osrm
964,delivered,2025-07-03 18:00:41,2025-07-03 18:07:37.291381,2025-07-03 18:11:17.342494,2025-07-03 18:24:29.800,23.813333333333333,3.6675185499999996,10,4,osrm
965,delivered,2025-07-03 18:00:17,2025-07-03 18:15:18.887070,2025-07-03 18:24:52.100000,2025-07-03 18:32:29.600,32.21,9.553548833333334,42,4,osrm
966,delivered,2025-07-03 18:00:54,2025-07-03 18:13:43.965611,2025-07-03 18:13:43.965611,2025-07-03 18:20:01.500,19.125,0.0,31,2,osrm
967,delivered,2025-07-03 18:01:25,2025-07-03 18:17:25.187126,2025-07-03 18:28:15.000161,2025-07-03 18:35:33.600,34.14333333333333,10.83021725,20,4,osrm
968,delivered,2025-07-03 18:02:26,2025-07-03 18:13:30.622208,2025-07-03 18:23:52.200000,2025-07-03 18:34:12.100,31.76833333333333,10.359629866666667,32,3,osrm
969,delivered,2025-07-03 18:03:21,2025-07-03 18:11:06.780532,2025-07-03 18:39:26.000000,2025-07-03 18:43:49.100,40.468333333333334,28.320324466666666,43,1,osrm
970,delivered,2025-07-03 18:04:37,2025-07-03 18:11:22.394120,2025-07-03 18:32:18.111608,2025-07-03 18:37:36.200,32.986666666666665,20.9286248,28,2,osrm
971,delivered,2025-07-03 18:04:34,2025-07-03 18:21:25.340850,2025-07-03 18:43:22.759998,2025-07-03 18:45:41.100,41.11833333333333,21.956985799999998,3,3,osrm
972,delivered,2025-07-03 18:05:45,2025-07-03 18:10:45.000000,2025-07-03 18:42:47.159105,2025-07-03 18:34:20.900,28.598333333333336,32.03598508333333,35,3,osrm
973,delivered,2025-07-03 18:06:08,2025-07-03 18:20:59.168724,2025-07-03 18:43:22.759998,2025-07-03 18:45:41.100,39.55166666666666,22.3931879,3,3,osrm
974,delivered,2025-07-03 18:07:35,2025-07-03 18:19:47.137526,2025-07-03 18:49:59.090887,2025-07-03 18:47:41.900,40.115,30.199222683333335,1,3,osrm
975,delivered,2025-07-03 18:07:24,2025-07-03 18:20:19.081948,2025-07-03 18:45:37.079177,2025-07-03 18:48:19.300,40.92166666666667,25.29995381666667,52,3,osrm
976,delivered,2025-07-03 18:07:03,2025-07-03 18:15:59.781284,2025-07-03 18:39:26.200000,2025-07-03 18:43:00.700,35.961666666666666,23.44031193333333,29,1,osrm
977,delivered,2025-07-03 18:08:28,2025-07-03 18:20:12.890645,2025-07-03 18:24:28.200000,2025-07-03 18:31:25.900,22.965,4.255155916666667,23,4,osrm
978,delivered,2025-07-03 18:08:39,2025-07-03 18:17:19.825404,2025-07-03 18:34:29.400000,2025-07-03 18:41:30.000,32.85,17.159576599999998,5,2,osrm
979,delivered,2025-07-03 18:08:39,2025-07-03 18:19:42.916771,2025-07-03 18:42:47.159105,2025-07-03 18:43:08.900,34.498333333333335,23.070705566666668,21,4,osrm
980,delivered,2025-07-03 18:09:34,2025-07-03 18:21:42.627220,2025-07-03 18:42:47.159105,2025-07-03 18:43:08.900,33.58166666666667,21.075531416666667,21,4,osrm
981,delivered,2025-07-03 18:11:02,2025-07-03 18:25:16.538661,2025-07-03 18:47:27.914580,2025-07-03 18:48:36.400,37.57333333333334,22.18959865,19,3,osrm
982,delivered,2025-07-03 18:12:38,2025-07-03 18:26:23.318499,2025-07-03 18:31:52.200000,2025-07-03 18:32:59.200,20.353333333333335,5.48135835,31,1,osrm
983,delivered,2025-07-03 18:13:06,2025-07-03 18:22:49.854261,2025-07-03 18:34:44.100000,2025-07-03 18:40:49.000,27.716666666666665,11.904095649999999,26,2,osrm
984,delivered,2025-07-03 18:14:04,2025-07-03 18:27:04.026567,2025-07-03 18:39:29.400000,2025-07-03 18:42:15.100,28.185,12.42289055,53,1,osrm
985,delivered,2025-07-03 18:15:18,2025-07-03 18:22:52.309913,2025-07-03 18:43:53.900000,2025-07-03 18:49:24.700,34.111666666666665,21.02650145,56,1,osrm
986,delivered,2025-07-03 18:17:03,2025-07-03 18:33:48.400058,2025-07-03 18:54:12.400000,2025-07-03 19:01:56.200,44.88666666666666,20.399999033333334,51,2,osrm
987,delivered,2025-07-03 18:18:42,2025-07-03 18:29:32.317903,2025-07-03 18:43:47.600000,2025-07-03 18:46:18.800,27.613333333333333,14.254701616666667,4,1,osrm
988,delivered,2025-07-03 18:19:09,2025-07-03 18:28:15.000161,2025-07-03 18:28:15.000161,2025-07-03 18:35:33.600,16.41,0.0,20,4,osrm
989,delivered,2025-07-03 18:19:10,2025-07-03 18:33:09.434786,2025-07-03 18:54:21.432147,2025-07-03 19:01:33.200,42.38666666666666,21.199956016666665,46,2,osrm
990,delivered,2025-07-03 18:20:27,2025-07-03 18:33:58.990700,2025-07-03 18:42:47.159105,2025-07-03 18:43:08.900,22.698333333333334,8.80280675,21,4,osrm
991,delivered,2025-07-03 18:21:49,2025-07-03 18:32:18.111608,2025-07-03 18:44:15.000000,2025-07-03 18:48:47.900,26.98166666666667,11.948139866666667,36,1,osrm
992,delivered,2025-07-03 18:21:21,2025-07-03 18:33:33.200947,2025-07-03 18:45:05.400000,2025-07-03 18:47:30.200,26.153333333333332,11.536650883333333,39,1,osrm
993,delivered,2025-07-03 18:22:39,2025-07-03 18:34:36.704344,2025-07-03 19:04:03.636901,2025-07-03 18:59:21.500,36.708333333333336,29.44887595,55,2,osrm
994,delivered,2025-07-03 18:24:35,2025-07-03 18:39:54.904847,2025-07-03 18:49:40.000000,2025-07-03 18:50:12.900,25.631666666666668,9.751585883333332,28,1,osrm
995,delivered,2025-07-03 18:24:59,2025-07-03 18:42:47.159105,2025-07-03 18:47:27.914580,2025-07-03 18:48:36.400,23.623333333333335,4.679257916666667,19,3,osrm
996,delivered,2025-07-03 18:25:58,2025-07-03 18:39:50.982866,2025-07-03 18:54:13.200000,2025-07-03 18:59:35.200,33.62,14.370285566666666,17,2,osrm
997,delivered,2025-07-03 18:26:02,2025-07-03 18:34:38.330575,2025-07-03 18:55:14.200000,2025-07-03 18:58:20.700,32.31166666666667,20.59782375,53,1,osrm
998,delivered,2025-07-03 18:26:29,2025-07-03 18:39:08.873892,2025-07-03 18:48:46.800000,2025-07-03 18:56:14.900,29.765,9.6321018,33,2,osrm
999,delivered,2025-07-03 18:27:38,2025-07-03 18:32:38.000000,2025-07-03 18:52:34.400000,2025-07-03 18:56:21.000,28.716666666666665,19.94,57,1,osrm
1000,delivered,2025-07-03 18:28:57,2025-07-03 18:41:01.612705,2025-07-03 18:49:00.500000,2025-07-03 18:53:10.600,24.226666666666667,7.981454916666666,10,1,osrm
1001,delivered,2025-07-03 18:29:11,2025-07-03 18:43:22.759998,2025-07-03 18:44:17.600000,2025-07-03 18:46:43.900,17.548333333333336,0.9140000333333334,48,1,osrm
1002,delivered,2025-07-03 18:29:05,2025-07-03 18:47:27.914580,2025-07-03 18:49:16.300000,2025-07-03 18:51:22.300,22.288333333333334,1.8064236666666666,13,1,osrm
1003,delivered,2025-07-03 18:29:22,2025-07-03 18:48:59.647862,2025-07-03 19:04:12.400000,2025-07-03 19:06:39.100,37.285,15.212535633333333,21,1,osrm
1004,delivered,2025-07-03 18:29:28,2025-07-03 18:38:24.820079,2025-07-03 18:45:37.079177,2025-07-03 18:48:19.300,18.855,7.2043183,52,3,osrm
1005,delivered,2025-07-03 18:31:37,2025-07-03 18:45:37.079177,2025-07-03 18:54:13.200000,2025-07-03 18:59:35.200,27.970000000000002,8.602013716666667,17,2,osrm
1006,delivered,2025-07-03 18:32:18,2025-07-03 18:49:20.707450,2025-07-03 18:59:14.900000,2025-07-03 19:01:52.300,29.571666666666665,9.903209166666667,18,1,osrm
1007,delivered,2025-07-03 18:32:55,2025-07-03 18:49:59.090887,2025-07-03 18:49:59.090887,2025-07-03 18:47:41.900,14.781666666666666,0.0,1,3,osrm
1008,delivered,2025-07-03 18:33:29,2025-07-03 18:45:22.501609,2025-07-03 18:48:51.900000,2025-07-03 18:54:40.300,21.188333333333333,3.4899731833333334,8,1,osrm
1009,delivered,2025-07-03 18:36:59,2025-07-03 18:46:55.942268,2025-07-03 18:55:00.100000,2025-07-03 18:57:01.500,20.041666666666668,8.069295533333333,49,1,osrm
1010,delivered,2025-07-03 18:36:40,2025-07-03 18:45:00.280517,2025-07-03 18:54:14.900000,2025-07-03 18:58:16.400,21.60666666666667,9.243658049999999,42,2,osrm
1011,delivered,2025-07-03 18:36:38,2025-07-03 18:45:16.642254,2025-07-03 19:08:59.800000,2025-07-03 19:13:46.900,37.14833333333333,23.71929576666667,33,1,osrm
1012,delivered,2025-07-03 18:39:50,2025-07-03 18:56:24.145884,2025-07-03 19:08:37.300000,2025-07-03 19:11:22.800,31.546666666666667,12.219235266666667,55,1,osrm
1013,delivered,2025-07-03 18:39:02,2025-07-03 18:52:59.002979,2025-07-03 19:05:29.100000,2025-07-03 19:08:15.500,29.225,12.501617016666668,25,1,osrm
1014,delivered,2025-07-03 18:39:03,2025-07-03 18:48:58.397583,2025-07-03 19:04:29.000000,2025-07-03 19:07:09.100,28.101666666666667,15.510040283333332,1,1,osrm
1015,delivered,2025-07-03 18:43:50,2025-07-03 18:54:21.432147,2025-07-03 19:04:11.100000,2025-07-03 19:07:53.400,24.05666666666667,9.827797550000001,11,1,osrm
1016,delivered,2025-07-03 18:44:37,2025-07-03 19:01:17.009107,2025-07-03 19:15:21.700000,2025-07-03 19:19:03.900,34.44833333333334,14.07818155,51,1,osrm
1017,delivered,2025-07-03 18:48:54,2025-07-03 19:04:03.636901,2025-07-03 19:04:42.700000,2025-07-03 19:06:47.000,17.883333333333333,0.65105165,44,1,osrm
1018,delivered,2025-07-03 18:50:38,2025-07-03 19:00:00.479519,2025-07-03 19:10:46.600000,2025-07-03 19:12:31.700,21.895,10.768674683333334,17,1,osrm
1019,delivered,2025-07-03 18:52:14,2025-07-03 19:04:32.287172,2025-07-03 19:15:28.100000,2025-07-03 19:18:51.100,26.618333333333332,10.930213799999999,53,1,osrm
1020,delivered,2025-07-03 18:53:11,2025-07-03 19:02:47.518663,2025-07-03 19:14:18.100000,2025-07-03 19:17:01.800,23.846666666666668,11.50968895,19,1,osrm
1021,delivered,2025-07-03 18:54:34,2025-07-03 19:07:31.498118,2025-07-03 19:21:10.500000,2025-07-03 19:23:29.700,28.928333333333335,13.650031366666667,34,1,osrm
1022,delivered,2025-07-03 18:58:20,2025-07-03 19:13:05.959825,2025-07-03 19:25:35.300000,2025-07-03 19:30:10.300,31.83833333333333,12.489002916666667,28,1,osrm
