order_id,status,placement_time,ready_time,pickup_time,delivery_time,click_to_door,ready_to_pickup,courier_id,bundle_size,routing_source
0,delivered,2025-07-03 08:00:52,2025-07-03 08:10:43.787669,2025-07-03 08:16:07.000000,2025-07-03 08:18:29.700,17.628333333333334,5.386872183333334,11,1,osrm
1,delivered,2025-07-03 08:01:02,2025-07-03 08:10:21.169219,2025-07-03 08:10:58.600000,2025-07-03 08:14:39.600,13.626666666666667,0.6238463500000001,2,1,osrm
2,delivered,2025-07-03 08:01:14,2025-07-03 08:11:02.810062,2025-07-03 08:32:30.312812,2025-07-03 08:40:22.800,39.14666666666667,21.458379166666667,4,4,osrm
3,delivered,2025-07-03 08:01:20,2025-07-03 08:12:13.218465,2025-07-03 08:15:43.000000,2025-07-03 08:18:05.600,16.76,3.4963589166666664,13,1,osrm
4,delivered,2025-07-03 08:02:19,2025-07-03 08:19:13.539076,2025-07-03 08:46:03.678253,2025-07-03 08:51:51.200,49.53666666666666,26.83565295,20,4,osrm
5,delivered,2025-07-03 08:03:58,2025-07-03 08:18:37.905290,2025-07-03 09:07:08.025287,2025-07-03 09:11:47.100,67.81833333333333,48.50199995,15,4,osrm
6,delivered,2025-07-03 08:03:03,2025-07-03 08:19:26.151032,2025-07-03 08:51:46.001833,2025-07-03 08:52:56.700,49.894999999999996,32.330846683333334,6,4,osrm
7,delivered,2025-07-03 08:04:40,2025-07-03 08:18:40.243824,2025-07-03 14:25:56.600000,2025-07-03 14:35:13.300,390.555,367.27260293333336,7,4,osrm
8,delivered,2025-07-03 08:04:12,2025-07-03 08:18:53.801032,2025-07-03 11:49:49.200000,2025-07-03 11:56:59.900,232.79833333333332,210.92331613333332,11,4,osrm
9,delivered,2025-07-03 08:06:11,2025-07-03 08:22:05.668432,2025-07-03 14:12:00.200000,2025-07-03 14:27:44.100,381.5516666666666,349.9088594666666,14,4,osrm
10,delivered,2025-07-03 08:07:22,2025-07-03 08:16:39.432885,2025-07-03 08:45:56.875866,2025-07-03 08:54:44.100,47.36833333333333,29.29071635,15,4,osrm
11,delivered,2025-07-03 08:07:31,2025-07-03 08:13:58.290703,2025-07-03 08:37:30.647788,2025-07-03 08:41:14.800,33.73,23.53928475,12,4,osrm
12,delivered,2025-07-03 08:07:58,2025-07-03 08:19:13.631967,2025-07-03 10:49:48.900000,2025-07-03 10:59:49.700,171.86166666666668,150.58780055,2,4,osrm
13,delivered,2025-07-03 08:08:33,2025-07-03 08:21:15.634952,2025-07-03 08:57:55.554862,2025-07-03 09:02:23.700,53.845,36.66533183333333,2,4,osrm
14,delivered,2025-07-03 08:10:44,2025-07-03 08:22:32.687908,2025-07-03 14:28:38.000000,2025-07-03 14:39:06.700,388.37833333333333,366.0885348666667,15,4,osrm
15,delivered,2025-07-03 08:10:17,2025-07-03 08:21:13.778559,2025-07-03 12:34:08.600000,2025-07-03 12:40:42.900,270.4316666666667,252.91369068333333,16,4,osrm
16,delivered,2025-07-03 08:10:41,2025-07-03 08:17:50.186011,2025-07-03 08:48:19.500403,2025-07-03 08:52:00.400,41.32333333333334,30.4885732,1,4,osrm
17,delivered,2025-07-03 08:10:23,2025-07-03 08:26:04.502339,2025-07-03 12:54:36.400000,2025-07-03 13:02:35.000,292.2,268.53162768333334,2,4,osrm
18,delivered,2025-07-03 08:11:06,2025-07-03 08:24:07.028495,2025-07-03 11:33:48.122803,2025-07-03 11:39:33.800,208.4633333333333,189.68490513333333,15,4,osrm
19,delivered,2025-07-03 08:11:54,2025-07-03 08:20:54.003797,2025-07-03 08:40:12.299684,2025-07-03 08:46:20.800,34.44666666666667,19.30493145,13,4,osrm
20,delivered,2025-07-03 08:11:59,2025-07-03 08:24:41.264474,2025-07-03 08:43:25.769824,2025-07-03 08:49:58.300,37.98833333333334,18.741755833333333,5,4,osrm
21,delivered,2025-07-03 08:12:44,2025-07-03 08:24:13.142012,2025-07-03 11:25:07.900000,2025-07-03 11:32:24.200,199.67000000000002,180.91263313333332,19,3,osrm
22,delivered,2025-07-03 08:13:11,2025-07-03 08:24:42.610251,2025-07-03 09:06:56.058069,2025-07-03 09:11:30.500,58.325,42.2241303,10,4,osrm
23,delivered,2025-07-03 08:13:30,2025-07-03 08:26:40.738815,2025-07-03 09:08:34.051532,2025-07-03 09:17:15.600,63.76,41.88854528333333,18,4,osrm
24,delivered,2025-07-03 08:13:11,2025-07-03 08:27:57.197058,2025-07-03 09:05:23.200000,2025-07-03 09:13:10.500,59.99166666666667,37.43338236666667,12,4,osrm
25,delivered,2025-07-03 08:13:50,2025-07-03 08:24:43.816973,2025-07-03 08:59:33.221064,2025-07-03 09:10:26.100,56.60166666666667,34.823401516666664,9,4,osrm
26,delivered,2025-07-03 08:14:14,2025-07-03 08:31:39.186501,2025-07-03 15:00:48.900000,2025-07-03 15:09:46.200,415.5366666666667,389.16189165000003,14,3,osrm
27,delivered,2025-07-03 08:15:55,2025-07-03 08:29:11.115535,2025-07-03 08:42:48.400000,2025-07-03 08:52:15.200,36.336666666666666,13.62140775,3,4,osrm
28,delivered,2025-07-03 08:15:46,2025-07-03 08:29:02.567551,2025-07-03 08:40:25.223226,2025-07-03 08:48:53.200,33.12,11.377594583333332,10,4,osrm
29,delivered,2025-07-03 08:16:08,2025-07-03 08:23:23.092729,2025-07-03 09:09:15.520705,2025-07-03 09:14:15.000,58.11666666666667,45.8737996,20,4,osrm
30,delivered,2025-07-03 08:16:10,2025-07-03 08:34:12.241958,2025-07-03 11:24:28.900000,2025-07-03 11:34:35.900,198.43166666666667,170.27763403333333,20,4,osrm
31,delivered,2025-07-03 08:17:30,2025-07-03 08:32:47.273998,2025-07-03 08:45:56.875866,2025-07-03 08:54:44.100,37.235,13.160031133333332,15,4,osrm
32,delivered,2025-07-03 08:17:56,2025-07-03 08:24:06.064909,2025-07-03 08:42:48.400000,2025-07-03 08:52:15.200,34.32,18.705584849999997,3,4,osrm
33,delivered,2025-07-03 08:17:01,2025-07-03 08:25:59.242424,2025-07-03 08:54:08.385959,2025-07-03 08:59:02.800,42.03,28.15239225,16,4,osrm
34,delivered,2025-07-03 08:17:32,2025-07-03 08:31:14.253581,2025-07-03 08:46:48.019134,2025-07-03 08:56:04.100,38.535,15.562759216666667,18,4,osrm
35,delivered,2025-07-03 08:17:59,2025-07-03 08:29:45.849566,2025-07-03 12:09:32.100000,2025-07-03 12:26:18.800,248.32999999999998,219.77084056666666,7,4,osrm
36,delivered,2025-07-03 08:18:19,2025-07-03 08:26:25.149925,2025-07-03 09:02:52.286327,2025-07-03 09:13:06.300,54.788333333333334,36.45227336666667,13,4,osrm
37,delivered,2025-07-03 08:18:21,2025-07-03 08:32:37.818423,2025-07-03 08:37:30.647788,2025-07-03 08:41:14.800,22.896666666666665,4.880489416666666,12,4,osrm
38,delivered,2025-07-03 08:18:29,2025-07-03 08:32:30.312812,2025-07-03 08:32:30.312812,2025-07-03 08:40:22.800,21.896666666666665,0.0,4,4,osrm
39,delivered,2025-07-03 08:19:54,2025-07-03 08:30:30.329130,2025-07-03 08:46:51.976434,2025-07-03 08:55:12.100,35.30166666666666,16.3607884,17,4,osrm
40,delivered,2025-07-03 08:19:13,2025-07-03 08:33:15.677570,2025-07-03 09:06:56.058069,2025-07-03 09:11:30.500,52.291666666666664,33.67300831666667,10,4,osrm
41,delivered,2025-07-03 08:19:17,2025-07-03 08:34:22.148973,2025-07-03 08:49:46.051490,2025-07-03 08:58:37.900,39.348333333333336,15.398375283333333,11,4,osrm
42,delivered,2025-07-03 08:19:40,2025-07-03 08:30:50.742687,2025-07-03 08:51:46.001833,2025-07-03 08:52:56.700,33.278333333333336,20.920985766666668,6,4,osrm
43,delivered,2025-07-03 08:20:39,2025-07-03 08:35:33.440162,2025-07-03 15:08:23.673862,2025-07-03 15:14:30.600,413.85999999999996,392.83722833333337,10,3,osrm
44,delivered,2025-07-03 08:20:29,2025-07-03 08:34:51.921388,2025-07-03 11:51:08.200000,2025-07-03 11:57:56.100,217.45166666666668,196.2713102,14,4,osrm
45,delivered,2025-07-03 08:21:10,2025-07-03 08:35:00.929404,2025-07-03 08:43:25.769824,2025-07-03 08:49:58.300,28.805,8.414007,5,4,osrm
46,delivered,2025-07-03 08:21:03,2025-07-03 08:27:27.932618,2025-07-03 12:12:36.800000,2025-07-03 12:21:47.200,240.73666666666668,225.1477897,16,4,osrm
47,delivered,2025-07-03 08:21:45,2025-07-03 08:35:12.914726,2025-07-03 08:43:25.769824,2025-07-03 08:49:58.300,28.221666666666668,8.214251633333333,5,4,osrm
48,delivered,2025-07-03 08:21:02,2025-07-03 08:29:38.327590,2025-07-03 10:38:27.800000,2025-07-03 10:45:32.500,144.50833333333333,128.82454016666668,15,4,osrm
49,delivered,2025-07-03 08:21:46,2025-07-03 08:26:46.000000,2025-07-03 09:25:29.510535,2025-07-03 09:34:56.800,73.18,58.72517558333333,12,4,osrm
50,delivered,2025-07-03 08:22:15,2025-07-03 08:34:49.346463,2025-07-03 14:24:47.400000,2025-07-03 14:35:23.700,373.14500000000004,349.96755895,6,4,osrm
51,delivered,2025-07-03 08:22:40,2025-07-03 08:31:55.979461,2025-07-03 10:42:56.600000,2025-07-03 10:52:45.300,150.0883333333333,131.01034231666665,11,4,osrm
52,delivered,2025-07-03 08:22:31,2025-07-03 08:35:06.129410,2025-07-03 09:06:56.058069,2025-07-03 09:11:30.500,48.99166666666667,31.832144316666664,10,4,osrm
53,delivered,2025-07-03 08:23:35,2025-07-03 08:35:34.567397,2025-07-03 09:05:23.200000,2025-07-03 09:13:10.500,49.59166666666667,29.810543383333332,12,4,osrm
54,delivered,2025-07-03 08:23:29,2025-07-03 08:33:41.915698,2025-07-03 09:07:08.025287,2025-07-03 09:11:47.100,48.30166666666666,33.43515981666666,15,4,osrm
55,delivered,2025-07-03 08:23:32,2025-07-03 08:33:35.644131,2025-07-03 08:39:01.099622,2025-07-03 08:48:20.900,24.815,5.424258183333333,8,4,osrm
56,delivered,2025-07-03 08:24:21,2025-07-03 08:39:01.099622,2025-07-03 08:49:46.051490,2025-07-03 08:58:37.900,34.281666666666666,10.7491978,11,4,osrm
57,delivered,2025-07-03 08:24:08,2025-07-03 08:35:43.396488,2025-07-03 08:39:01.099622,2025-07-03 08:48:20.900,24.215,3.2950522333333336,8,4,osrm
58,delivered,2025-07-03 08:24:52,2025-07-03 08:33:59.557046,2025-07-03 08:40:12.299684,2025-07-03 08:46:20.800,21.48,6.2123773,13,4,osrm
59,delivered,2025-07-03 08:24:04,2025-07-03 08:32:22.581694,2025-07-03 11:49:31.739492,2025-07-03 11:54:30.600,210.44333333333333,197.15262996666667,13,4,osrm
60,delivered,2025-07-03 08:25:53,2025-07-03 08:42:23.574070,2025-07-03 13:05:35.433944,2025-07-03 13:12:09.000,286.26666666666665,263.1976645666667,15,4,osrm
61,delivered,2025-07-03 08:25:25,2025-07-03 08:37:06.448157,2025-07-03 08:48:19.500403,2025-07-03 08:52:00.400,26.59,11.217537433333332,1,4,osrm
62,delivered,2025-07-03 08:25:57,2025-07-03 08:31:39.894758,2025-07-03 09:29:49.794504,2025-07-03 09:33:59.800,68.04666666666667,58.16499576666667,15,4,osrm
63,delivered,2025-07-03 08:25:36,2025-07-03 08:40:12.299684,2025-07-03 08:40:12.299684,2025-07-03 08:46:20.800,20.746666666666666,0.0,13,4,osrm
64,delivered,2025-07-03 08:26:06,2025-07-03 08:37:30.647788,2025-07-03 08:37:30.647788,2025-07-03 08:41:14.800,15.146666666666667,0.0,12,4,osrm
65,delivered,2025-07-03 08:26:56,2025-07-03 08:36:02.333192,2025-07-03 11:45:11.300000,2025-07-03 11:56:50.000,209.9,189.1494468,17,4,osrm
66,delivered,2025-07-03 08:26:07,2025-07-03 08:42:28.432022,2025-07-03 08:46:03.678253,2025-07-03 08:51:51.200,25.736666666666668,3.5874371833333334,20,4,osrm
67,delivered,2025-07-03 08:26:53,2025-07-03 08:39:36.185534,2025-07-03 08:59:33.221064,2025-07-03 09:10:26.100,43.55166666666666,19.95059216666667,9,4,osrm
68,delivered,2025-07-03 08:26:30,2025-07-03 08:40:15.901322,2025-07-03 09:29:49.794504,2025-07-03 09:33:59.800,67.49666666666667,49.56488636666666,15,4,osrm
69,delivered,2025-07-03 08:26:03,2025-07-03 08:36:18.705566,2025-07-03 08:46:51.976434,2025-07-03 08:55:12.100,29.151666666666664,10.554514466666665,17,4,osrm
70,delivered,2025-07-03 08:27:55,2025-07-03 08:35:35.253641,2025-07-03 14:29:39.300000,2025-07-03 14:34:42.100,366.78499999999997,354.06743931666665,18,2,osrm
71,delivered,2025-07-03 08:27:54,2025-07-03 08:36:45.545586,2025-07-03 08:37:30.647788,2025-07-03 08:41:14.800,13.346666666666666,0.7517033666666666,12,4,osrm
72,delivered,2025-07-03 08:27:45,2025-07-03 08:40:29.839627,2025-07-03 14:29:30.300000,2025-07-03 14:37:19.500,369.575,349.0076728833334,1,3,osrm
73,delivered,2025-07-03 08:28:46,2025-07-03 08:42:21.437245,2025-07-03 08:45:56.875866,2025-07-03 08:54:44.100,25.96833333333333,3.5906436833333335,15,4,osrm
74,delivered,2025-07-03 08:28:52,2025-07-03 08:41:10.143042,2025-07-03 08:42:48.400000,2025-07-03 08:52:15.200,23.386666666666667,1.6376159666666665,3,4,osrm
75,delivered,2025-07-03 08:28:28,2025-07-03 08:44:14.134019,2025-07-03 09:20:50.700992,2025-07-03 09:27:37.700,59.16166666666666,36.60944955,7,4,osrm
76,delivered,2025-07-03 08:28:20,2025-07-03 08:40:25.223226,2025-07-03 08:48:19.500403,2025-07-03 08:52:00.400,23.673333333333336,7.9046196166666665,1,4,osrm
77,delivered,2025-07-03 08:29:08,2025-07-03 08:41:29.522019,2025-07-03 09:08:00.245399,2025-07-03 09:15:21.300,46.22166666666667,26.51205633333333,3,4,osrm
78,delivered,2025-07-03 08:29:25,2025-07-03 08:40:37.244340,2025-07-03 09:08:40.542850,2025-07-03 09:09:57.300,40.538333333333334,28.05497516666667,8,4,osrm
79,delivered,2025-07-03 08:29:30,2025-07-03 08:43:25.769824,2025-07-03 08:43:25.769824,2025-07-03 08:49:58.300,20.471666666666668,0.0,5,4,osrm
80,delivered,2025-07-03 08:30:39,2025-07-03 08:45:36.469475,2025-07-03 09:27:55.848860,2025-07-03 09:35:09.800,64.51333333333334,42.322989750000005,5,4,osrm
81,delivered,2025-07-03 08:32:31,2025-07-03 08:51:51.526201,2025-07-03 12:12:36.800000,2025-07-03 12:21:47.200,229.27,200.75456331666666,16,4,osrm
82,delivered,2025-07-03 08:32:31,2025-07-03 08:44:36.867061,2025-07-03 09:29:43.219677,2025-07-03 09:36:36.800,64.09666666666666,45.105876933333334,18,4,osrm
83,delivered,2025-07-03 08:32:37,2025-07-03 08:46:20.003301,2025-07-03 11:02:55.400000,2025-07-03 11:11:47.800,159.17999999999998,136.58994498333334,12,4,osrm
84,delivered,2025-07-03 08:32:19,2025-07-03 08:49:30.894661,2025-07-03 09:36:19.084756,2025-07-03 09:32:02.700,59.72833333333333,46.80316825,3,4,osrm
85,delivered,2025-07-03 08:33:31,2025-07-03 08:42:58.962465,2025-07-03 14:59:47.800000,2025-07-03 15:08:49.500,395.30833333333334,376.81395891666665,13,4,osrm
86,delivered,2025-07-03 08:33:18,2025-07-03 08:42:47.682195,2025-07-03 08:42:48.400000,2025-07-03 08:52:15.200,18.953333333333333,0.011963416666666667,3,4,osrm
87,delivered,2025-07-03 08:33:00,2025-07-03 08:45:38.485631,2025-07-03 09:08:40.542850,2025-07-03 09:09:57.300,36.955000000000005,23.034286983333335,8,4,osrm
88,delivered,2025-07-03 08:34:07,2025-07-03 08:41:02.651553,2025-07-03 08:57:55.554862,2025-07-03 09:02:23.700,28.278333333333332,16.881721816666666,2,4,osrm
89,delivered,2025-07-03 08:34:07,2025-07-03 08:46:51.976434,2025-07-03 08:46:51.976434,2025-07-03 08:55:12.100,21.084999999999997,0.0,17,4,osrm
90,delivered,2025-07-03 08:34:27,2025-07-03 08:46:03.678253,2025-07-03 08:46:03.678253,2025-07-03 08:51:51.200,17.403333333333332,0.0,20,4,osrm
91,delivered,2025-07-03 08:35:05,2025-07-03 08:45:56.998286,2025-07-03 08:46:03.678253,2025-07-03 08:51:51.200,16.77,0.11133278333333332,20,4,osrm
92,delivered,2025-07-03 08:35:42,2025-07-03 08:42:57.929616,2025-07-03 12:38:39.100000,2025-07-03 12:49:47.000,254.08333333333334,235.68617306666664,7,4,osrm
93,delivered,2025-07-03 08:35:21,2025-07-03 08:46:48.019134,2025-07-03 08:46:48.019134,2025-07-03 08:56:04.100,20.71833333333333,0.0,18,4,osrm
94,delivered,2025-07-03 08:35:17,2025-07-03 08:45:28.214402,2025-07-03 12:51:20.200000,2025-07-03 13:03:11.000,267.9,245.86642663333333,5,4,osrm
95,delivered,2025-07-03 08:36:46,2025-07-03 08:52:16.787784,2025-07-03 08:54:08.385959,2025-07-03 08:59:02.800,22.279999999999998,1.8599695833333334,16,4,osrm
96,delivered,2025-07-03 08:36:49,2025-07-03 08:45:56.875866,2025-07-03 08:45:56.875866,2025-07-03 08:54:44.100,17.918333333333333,0.0,15,4,osrm
97,delivered,2025-07-03 08:36:45,2025-07-03 08:47:56.797651,2025-07-03 11:49:08.200000,2025-07-03 11:59:54.700,203.1616666666667,181.19003915,10,4,osrm
98,delivered,2025-07-03 08:37:15,2025-07-03 08:51:30.825054,2025-07-03 09:08:34.051532,2025-07-03 09:17:15.600,40.01,17.053774633333333,18,4,osrm
99,delivered,2025-07-03 08:37:43,2025-07-03 08:48:27.132968,2025-07-03 08:48:27.132968,2025-07-03 08:50:36.000,12.883333333333333,0.0,7,4,osrm
100,delivered,2025-07-03 08:37:38,2025-07-03 08:49:46.051490,2025-07-03 09:09:15.520705,2025-07-03 09:14:15.000,36.61666666666667,19.491153583333336,20,4,osrm
101,delivered,2025-07-03 08:39:43,2025-07-03 08:47:57.543260,2025-07-03 09:08:34.051532,2025-07-03 09:17:15.600,37.54333333333333,20.6084712,18,4,osrm
102,delivered,2025-07-03 08:39:11,2025-07-03 08:54:27.682865,2025-07-03 09:04:04.467757,2025-07-03 09:09:06.000,29.916666666666668,9.613081533333334,14,4,osrm
103,delivered,2025-07-03 08:39:51,2025-07-03 08:53:31.375763,2025-07-03 08:57:55.554862,2025-07-03 09:02:23.700,22.545,4.402984983333334,2,4,osrm
104,delivered,2025-07-03 08:39:11,2025-07-03 08:51:35.821117,2025-07-03 08:51:46.001833,2025-07-03 08:52:56.700,13.761666666666667,0.1696786,6,4,osrm
105,delivered,2025-07-03 08:40:24,2025-07-03 08:50:02.978548,2025-07-03 09:07:46.662204,2025-07-03 09:10:12.200,29.803333333333335,17.72806093333333,1,4,osrm
106,delivered,2025-07-03 08:40:03,2025-07-03 08:53:58.599535,2025-07-03 09:29:59.973603,2025-07-03 09:33:50.400,53.79,36.022901133333335,13,4,osrm
107,delivered,2025-07-03 08:40:00,2025-07-03 08:51:46.001833,2025-07-03 08:51:46.001833,2025-07-03 08:52:56.700,12.945,0.0,6,4,osrm
108,delivered,2025-07-03 08:40:13,2025-07-03 08:48:19.500403,2025-07-03 08:48:19.500403,2025-07-03 08:52:00.400,11.79,0.0,1,4,osrm
109,delivered,2025-07-03 08:41:23,2025-07-03 08:54:02.951023,2025-07-03 08:54:08.385959,2025-07-03 08:59:02.800,17.663333333333334,0.09058226666666667,16,4,osrm
110,delivered,2025-07-03 08:41:15,2025-07-03 08:57:10.230351,2025-07-03 09:05:23.200000,2025-07-03 09:13:10.500,31.925,8.216160816666667,12,4,osrm
111,delivered,2025-07-03 08:41:36,2025-07-03 08:52:45.834639,2025-07-03 09:24:14.239941,2025-07-03 09:27:41.200,46.086666666666666,31.4734217,14,4,osrm
112,delivered,2025-07-03 08:41:03,2025-07-03 08:49:05.617493,2025-07-03 09:25:58.700000,2025-07-03 09:34:53.900,53.848333333333336,36.88470845,17,4,osrm
113,delivered,2025-07-03 08:42:25,2025-07-03 08:50:20.903984,2025-07-03 09:07:55.766690,2025-07-03 09:12:24.500,29.991666666666667,17.581045099999997,17,4,osrm
114,delivered,2025-07-03 08:42:46,2025-07-03 08:51:05.821013,2025-07-03 09:08:00.245399,2025-07-03 09:15:21.300,32.58833333333333,16.9070731,3,4,osrm
115,delivered,2025-07-03 08:42:37,2025-07-03 08:51:05.466541,2025-07-03 09:07:08.025287,2025-07-03 09:11:47.100,29.168333333333333,16.042645766666666,15,4,osrm
116,delivered,2025-07-03 08:42:22,2025-07-03 08:57:37.454901,2025-07-03 09:20:50.700992,2025-07-03 09:27:37.700,45.26166666666666,23.220768183333334,7,4,osrm
117,delivered,2025-07-03 08:42:03,2025-07-03 08:54:55.935319,2025-07-03 09:45:08.700000,2025-07-03 09:56:19.300,74.27166666666668,50.212744683333334,17,4,osrm
118,delivered,2025-07-03 08:43:38,2025-07-03 08:54:35.830336,2025-07-03 09:27:55.848860,2025-07-03 09:35:09.800,51.53,33.33364206666667,5,4,osrm
119,delivered,2025-07-03 08:43:45,2025-07-03 08:54:28.640261,2025-07-03 09:46:13.300000,2025-07-03 09:53:16.800,69.53,51.74432898333334,10,4,osrm
120,delivered,2025-07-03 08:43:01,2025-07-03 08:57:55.554862,2025-07-03 08:57:55.554862,2025-07-03 09:02:23.700,19.378333333333334,0.0,2,4,osrm
121,delivered,2025-07-03 08:43:08,2025-07-03 08:54:06.394834,2025-07-03 09:29:18.195817,2025-07-03 09:32:27.100,49.318333333333335,35.196683050000004,10,4,osrm
122,delivered,2025-07-03 08:44:38,2025-07-03 08:52:55.967891,2025-07-03 11:09:10.000000,2025-07-03 11:16:24.000,151.76666666666668,136.23386848333334,16,4,osrm
123,delivered,2025-07-03 08:44:08,2025-07-03 08:54:08.385959,2025-07-03 08:54:08.385959,2025-07-03 08:59:02.800,14.913333333333332,0.0,16,4,osrm
124,delivered,2025-07-03 08:45:46,2025-07-03 08:55:11.002629,2025-07-03 09:25:29.510535,2025-07-03 09:34:56.800,49.18,30.3084651,12,4,osrm
125,delivered,2025-07-03 08:45:35,2025-07-03 08:55:30.706292,2025-07-03 08:59:33.221064,2025-07-03 09:10:26.100,24.851666666666667,4.041912866666666,9,4,osrm
126,delivered,2025-07-03 08:45:44,2025-07-03 08:56:55.419923,2025-07-03 14:28:38.000000,2025-07-03 14:39:06.700,353.37833333333333,331.70966795,15,4,osrm
127,delivered,2025-07-03 08:46:04,2025-07-03 09:01:48.025765,2025-07-03 09:08:00.245399,2025-07-03 09:15:21.300,29.288333333333334,6.203660566666667,3,4,osrm
128,delivered,2025-07-03 08:47:25,2025-07-03 09:01:05.297887,2025-07-03 09:43:02.109993,2025-07-03 09:49:13.300,61.805,41.94686843333333,7,4,osrm
129,delivered,2025-07-03 08:47:02,2025-07-03 08:56:27.259307,2025-07-03 11:20:07.600000,2025-07-03 11:30:14.000,163.2,143.67234488333332,6,4,osrm
130,delivered,2025-07-03 08:47:47,2025-07-03 08:59:34.950495,2025-07-03 09:29:40.021740,2025-07-03 09:38:40.900,50.89833333333333,30.084520750000003,4,4,osrm
131,delivered,2025-07-03 08:47:02,2025-07-03 08:59:33.221064,2025-07-03 08:59:33.221064,2025-07-03 09:10:26.100,23.401666666666664,0.0,9,4,osrm
132,delivered,2025-07-03 08:47:08,2025-07-03 08:57:39.653465,2025-07-03 09:26:30.965406,2025-07-03 09:27:54.700,40.77833333333333,28.855199016666667,8,4,osrm
133,delivered,2025-07-03 08:48:38,2025-07-03 08:58:14.712169,2025-07-03 14:24:47.400000,2025-07-03 14:35:23.700,346.76166666666666,326.54479718333334,6,4,osrm
134,delivered,2025-07-03 08:48:06,2025-07-03 08:56:19.048764,2025-07-03 09:43:55.000000,2025-07-03 09:50:37.700,62.52833333333333,47.59918726666667,9,4,osrm
135,delivered,2025-07-03 08:49:01,2025-07-03 09:01:46.218035,2025-07-03 14:25:56.600000,2025-07-03 14:35:13.300,346.205,324.17303275,7,4,osrm
136,delivered,2025-07-03 08:49:18,2025-07-03 08:57:39.196460,2025-07-03 09:09:15.520705,2025-07-03 09:14:15.000,24.95,11.605404083333333,20,4,osrm
137,delivered,2025-07-03 08:49:21,2025-07-03 09:04:11.384607,2025-07-03 09:29:59.973603,2025-07-03 09:33:50.400,44.49,25.809816599999998,13,4,osrm
138,delivered,2025-07-03 08:50:35,2025-07-03 08:59:56.288196,2025-07-03 11:51:08.200000,2025-07-03 11:57:56.100,187.35166666666666,171.19853006666665,14,4,osrm
139,delivered,2025-07-03 08:50:15,2025-07-03 09:04:24.809075,2025-07-03 09:20:50.700992,2025-07-03 09:22:51.100,32.60166666666667,16.43153195,19,4,osrm
140,delivered,2025-07-03 08:50:28,2025-07-03 09:02:31.633904,2025-07-03 10:38:27.800000,2025-07-03 10:45:32.500,115.075,95.9361016,15,4,osrm
141,delivered,2025-07-03 08:50:40,2025-07-03 09:02:47.794920,2025-07-03 11:44:08.200000,2025-07-03 11:53:23.600,182.72666666666666,161.34008466666668,12,4,osrm
142,delivered,2025-07-03 08:51:37,2025-07-03 09:06:56.058069,2025-07-03 09:06:56.058069,2025-07-03 09:11:30.500,19.891666666666666,0.0,10,4,osrm
143,delivered,2025-07-03 08:51:23,2025-07-03 09:02:04.726189,2025-07-03 09:46:22.131295,2025-07-03 09:52:13.900,60.848333333333336,44.290085100000006,15,4,osrm
144,delivered,2025-07-03 08:51:10,2025-07-03 09:01:18.585651,2025-07-03 09:48:59.234655,2025-07-03 09:57:59.800,66.83,47.6774834,6,3,osrm
145,delivered,2025-07-03 08:51:31,2025-07-03 09:03:44.576441,2025-07-03 13:15:05.299923,2025-07-03 13:21:02.100,269.5183333333333,251.34539136666666,17,4,osrm
146,delivered,2025-07-03 08:52:07,2025-07-03 09:07:01.514113,2025-07-03 09:46:13.300000,2025-07-03 09:53:16.800,61.163333333333334,39.19643145,10,4,osrm
147,delivered,2025-07-03 08:52:07,2025-07-03 08:59:45.495975,2025-07-03 09:46:22.131295,2025-07-03 09:46:47.800,54.68,46.610588666666665,20,4,osrm
148,delivered,2025-07-03 08:52:01,2025-07-03 09:08:00.245399,2025-07-03 09:08:00.245399,2025-07-03 09:15:21.300,23.33833333333333,0.0,3,4,osrm
149,delivered,2025-07-03 08:52:29,2025-07-03 09:04:57.944101,2025-07-03 09:05:23.200000,2025-07-03 09:13:10.500,20.691666666666666,0.42093165,12,4,osrm
150,delivered,2025-07-03 08:52:32,2025-07-03 09:04:04.467757,2025-07-03 09:04:04.467757,2025-07-03 09:09:06.000,16.566666666666666,0.0,14,4,osrm
151,delivered,2025-07-03 08:52:06,2025-07-03 09:07:59.380827,2025-07-03 11:09:10.000000,2025-07-03 11:16:24.000,144.3,121.17698621666666,16,4,osrm
152,delivered,2025-07-03 08:53:38,2025-07-03 09:02:52.286327,2025-07-03 09:11:24.364366,2025-07-03 09:18:02.700,24.41166666666667,8.534633983333332,16,4,osrm
153,delivered,2025-07-03 08:54:57,2025-07-03 09:10:40.162743,2025-07-03 10:42:56.600000,2025-07-03 10:52:45.300,117.805,92.27395428333332,11,4,osrm
154,delivered,2025-07-03 08:54:20,2025-07-03 09:01:15.669852,2025-07-03 09:46:22.131295,2025-07-03 09:52:13.900,57.89833333333333,45.10769071666667,15,4,osrm
155,delivered,2025-07-03 08:54:56,2025-07-03 09:07:55.766690,2025-07-03 09:26:30.965406,2025-07-03 09:27:54.700,32.97833333333333,18.586645266666668,8,4,osrm
156,delivered,2025-07-03 08:54:04,2025-07-03 09:09:27.711139,2025-07-03 14:10:58.500000,2025-07-03 14:18:03.900,323.99833333333333,301.51314768333333,15,3,osrm
157,delivered,2025-07-03 08:54:39,2025-07-03 09:13:25.207846,2025-07-03 11:45:11.300000,2025-07-03 11:56:50.000,182.18333333333334,151.76820256666667,17,4,osrm
158,delivered,2025-07-03 08:55:37,2025-07-03 09:08:40.542850,2025-07-03 09:08:40.542850,2025-07-03 09:09:57.300,14.338333333333333,0.0,8,4,osrm
159,delivered,2025-07-03 08:55:46,2025-07-03 09:06:55.766408,2025-07-03 12:51:20.200000,2025-07-03 13:03:11.000,247.41666666666666,224.40722653333333,5,4,osrm
160,delivered,2025-07-03 08:56:55,2025-07-03 09:09:17.171750,2025-07-03 11:24:11.400000,2025-07-03 11:36:46.900,159.86499999999998,134.90380416666667,18,4,osrm
161,delivered,2025-07-03 08:56:07,2025-07-03 09:11:44.537585,2025-07-03 09:43:55.000000,2025-07-03 09:50:37.700,54.51166666666666,32.174373583333335,9,4,osrm
162,delivered,2025-07-03 08:56:38,2025-07-03 09:08:00.318979,2025-07-03 09:43:02.109993,2025-07-03 09:49:13.300,52.58833333333334,35.029850233333335,7,4,osrm
163,delivered,2025-07-03 08:56:30,2025-07-03 09:08:34.051532,2025-07-03 09:08:34.051532,2025-07-03 09:17:15.600,20.759999999999998,0.0,18,4,osrm
164,delivered,2025-07-03 08:57:55,2025-07-03 09:11:10.013637,2025-07-03 09:43:36.800000,2025-07-03 09:50:32.800,52.63,32.446439383333335,12,4,osrm
165,delivered,2025-07-03 08:57:57,2025-07-03 09:06:40.201258,2025-07-03 09:48:53.200187,2025-07-03 09:58:47.500,60.84166666666667,42.21664881666666,13,4,osrm
166,delivered,2025-07-03 08:57:25,2025-07-03 09:09:45.976811,2025-07-03 11:44:08.200000,2025-07-03 11:53:23.600,175.97666666666666,154.37038648333333,12,4,osrm
167,delivered,2025-07-03 08:58:53,2025-07-03 09:11:49.951712,2025-07-03 09:29:18.195817,2025-07-03 09:32:27.100,33.568333333333335,17.470735083333334,10,4,osrm
168,delivered,2025-07-03 08:58:28,2025-07-03 09:07:32.471151,2025-07-03 09:07:55.766690,2025-07-03 09:12:24.500,13.941666666666666,0.38825898333333336,17,4,osrm
169,delivered,2025-07-03 08:58:30,2025-07-03 09:09:15.520705,2025-07-03 09:11:24.364366,2025-07-03 09:18:02.700,19.545,2.14739435,16,4,osrm
170,delivered,2025-07-03 08:58:55,2025-07-03 09:13:24.387176,2025-07-03 13:21:49.711565,2025-07-03 13:30:38.200,271.72,248.42207315,5,4,osrm
171,delivered,2025-07-03 08:58:39,2025-07-03 09:10:57.421191,2025-07-03 15:00:48.900000,2025-07-03 15:09:46.200,371.12,349.85798015,14,3,osrm
172,delivered,2025-07-03 08:58:47,2025-07-03 09:07:46.662204,2025-07-03 09:07:46.662204,2025-07-03 09:10:12.200,11.42,0.0,1,4,osrm
173,delivered,2025-07-03 08:59:24,2025-07-03 09:07:08.025287,2025-07-03 09:07:08.025287,2025-07-03 09:11:47.100,12.385,0.0,15,4,osrm
174,delivered,2025-07-03 08:59:13,2025-07-03 09:10:29.070060,2025-07-03 14:59:47.800000,2025-07-03 15:08:49.500,369.60833333333335,349.31216566666666,13,4,osrm
175,delivered,2025-07-03 08:59:41,2025-07-03 09:22:04.153866,2025-07-03 14:31:10.800000,2025-07-03 14:42:28.400,342.79,309.1107689,2,4,osrm
176,delivered,2025-07-03 08:59:39,2025-07-03 09:15:10.499509,2025-07-03 09:40:04.442648,2025-07-03 09:45:03.200,45.40333333333333,24.899052316666666,19,4,osrm
177,delivered,2025-07-03 08:59:30,2025-07-03 09:07:01.686237,2025-07-03 10:11:34.838335,2025-07-03 10:15:07.000,75.61666666666666,64.55253496666667,6,3,osrm
178,delivered,2025-07-03 08:59:19,2025-07-03 09:10:34.391507,2025-07-03 12:34:10.954103,2025-07-03 12:40:50.800,221.53,203.6093766,14,3,osrm
179,delivered,2025-07-03 08:59:02,2025-07-03 09:06:55.133998,2025-07-03 11:28:52.000000,2025-07-03 11:40:21.600,161.32666666666668,141.94776670000002,16,4,osrm
180,delivered,2025-07-03 09:00:05,2025-07-03 09:11:50.385263,2025-07-03 09:23:27.115871,2025-07-03 09:31:14.700,31.16166666666667,11.612176799999999,9,4,osrm
181,delivered,2025-07-03 09:00:26,2025-07-03 09:11:56.883953,2025-07-03 12:07:04.000000,2025-07-03 12:15:38.500,195.20833333333334,175.11860078333333,20,4,osrm
182,delivered,2025-07-03 09:00:14,2025-07-03 09:11:24.364366,2025-07-03 09:11:24.364366,2025-07-03 09:18:02.700,17.811666666666667,0.0,16,4,osrm
183,delivered,2025-07-03 09:00:17,2025-07-03 09:12:41.507753,2025-07-03 10:04:21.868203,2025-07-03 10:10:30.100,70.21833333333333,51.67267416666667,8,2,osrm
184,delivered,2025-07-03 09:00:08,2025-07-03 09:20:50.700992,2025-07-03 09:24:14.239941,2025-07-03 09:27:41.200,27.553333333333335,3.3923158166666667,14,4,osrm
185,delivered,2025-07-03 09:03:56,2025-07-03 09:18:08.001196,2025-07-03 10:08:17.300000,2025-07-03 10:17:11.600,73.26,50.15498006666667,17,4,osrm
186,delivered,2025-07-03 09:03:02,2025-07-03 09:11:39.596489,2025-07-03 09:27:55.848860,2025-07-03 09:35:09.800,32.13,16.27087285,5,4,osrm
187,delivered,2025-07-03 09:03:46,2025-07-03 09:14:04.237857,2025-07-03 09:25:58.700000,2025-07-03 09:34:53.900,31.131666666666668,11.907702383333334,17,4,osrm
188,delivered,2025-07-03 09:03:35,2025-07-03 09:13:33.696295,2025-07-03 12:34:08.600000,2025-07-03 12:40:42.900,217.13166666666666,200.58172841666666,16,4,osrm
189,delivered,2025-07-03 09:04:13,2025-07-03 09:18:22.440132,2025-07-03 15:00:48.900000,2025-07-03 15:09:46.200,365.55333333333334,342.44099780000005,14,3,osrm
190,delivered,2025-07-03 09:04:18,2025-07-03 09:16:33.159922,2025-07-03 10:49:48.900000,2025-07-03 10:59:49.700,115.52833333333334,93.26233463333332,2,4,osrm
191,delivered,2025-07-03 09:04:47,2025-07-03 09:22:55.994199,2025-07-03 10:42:56.600000,2025-07-03 10:52:45.300,107.97166666666666,80.01009668333333,11,4,osrm
192,delivered,2025-07-03 09:05:37,2025-07-03 09:15:28.084624,2025-07-03 09:25:29.510535,2025-07-03 09:34:56.800,29.33,10.023765183333333,12,4,osrm
193,delivered,2025-07-03 09:05:53,2025-07-03 09:17:41.492049,2025-07-03 09:45:08.700000,2025-07-03 09:56:19.300,50.43833333333334,27.45346585,17,4,osrm
194,delivered,2025-07-03 09:05:30,2025-07-03 09:20:12.036513,2025-07-03 09:29:49.794504,2025-07-03 09:33:59.800,28.496666666666666,9.629299849999999,15,4,osrm
195,delivered,2025-07-03 09:05:51,2025-07-03 09:18:09.675542,2025-07-03 09:43:55.000000,2025-07-03 09:50:37.700,44.77833333333333,25.755407633333334,9,4,osrm
196,delivered,2025-07-03 09:06:50,2025-07-03 09:14:07.427528,2025-07-03 09:20:50.700992,2025-07-03 09:22:51.100,16.018333333333334,6.7212244,19,4,osrm
197,delivered,2025-07-03 09:06:29,2025-07-03 09:16:48.854540,2025-07-03 09:43:36.800000,2025-07-03 09:50:32.800,44.06333333333334,26.799090999999997,12,4,osrm
198,delivered,2025-07-03 09:06:27,2025-07-03 09:13:23.382988,2025-07-03 14:28:38.000000,2025-07-03 14:39:06.700,332.6616666666667,315.2436168666666,15,4,osrm
199,delivered,2025-07-03 09:06:41,2025-07-03 09:18:51.701352,2025-07-03 09:29:18.195817,2025-07-03 09:32:27.100,25.76833333333333,10.441574416666667,10,4,osrm
200,delivered,2025-07-03 09:07:56,2025-07-03 09:25:07.718815,2025-07-03 09:29:40.021740,2025-07-03 09:38:40.900,30.748333333333335,4.5383820833333335,4,4,osrm
201,delivered,2025-07-03 09:08:29,2025-07-03 09:22:02.617571,2025-07-03 09:54:45.203200,2025-07-03 09:55:52.200,47.38666666666666,32.70976048333333,18,4,osrm
202,delivered,2025-07-03 09:08:04,2025-07-03 09:18:43.144739,2025-07-03 10:11:34.838335,2025-07-03 10:15:07.000,67.05,52.86155993333333,6,3,osrm
203,delivered,2025-07-03 09:08:19,2025-07-03 09:21:29.204637,2025-07-03 11:03:20.300000,2025-07-03 11:13:08.800,124.83,101.85158938333333,15,4,osrm
204,delivered,2025-07-03 09:08:56,2025-07-03 09:20:42.787646,2025-07-03 10:50:09.100000,2025-07-03 10:58:48.200,109.86999999999999,89.43853923333333,16,4,osrm
205,delivered,2025-07-03 09:09:19,2025-07-03 09:22:20.452499,2025-07-03 09:29:59.973603,2025-07-03 09:33:50.400,24.523333333333333,7.658685066666666,13,4,osrm
206,delivered,2025-07-03 09:09:07,2025-07-03 09:23:52.543612,2025-07-03 11:51:08.200000,2025-07-03 11:57:56.100,168.81833333333333,147.2609398,14,4,osrm
207,delivered,2025-07-03 09:09:06,2025-07-03 09:16:03.257246,2025-07-03 10:45:20.100000,2025-07-03 10:51:19.600,102.22666666666667,89.28071256666666,12,4,osrm
208,delivered,2025-07-03 09:09:41,2025-07-03 09:22:07.108833,2025-07-03 09:36:19.084756,2025-07-03 09:32:02.700,22.361666666666668,14.199598716666666,3,4,osrm
209,delivered,2025-07-03 09:10:39,2025-07-03 09:20:39.034724,2025-07-03 11:17:56.300000,2025-07-03 11:26:49.200,136.17,117.2877546,1,4,osrm
210,delivered,2025-07-03 09:10:56,2025-07-03 09:17:01.873299,2025-07-03 10:03:04.000000,2025-07-03 10:12:08.300,61.205000000000005,46.03544501666667,7,4,osrm
211,delivered,2025-07-03 09:11:19,2025-07-03 09:25:29.510535,2025-07-03 09:25:29.510535,2025-07-03 09:34:56.800,23.63,0.0,12,4,osrm
212,delivered,2025-07-03 09:11:07,2025-07-03 09:24:26.531801,2025-07-03 11:06:14.900000,2025-07-03 11:13:27.300,122.33833333333334,101.80613665,18,4,osrm
213,delivered,2025-07-03 09:11:16,2025-07-03 09:24:08.648977,2025-07-03 12:12:00.000000,2025-07-03 12:22:08.000,190.86666666666667,167.85585038333332,17,4,osrm
214,delivered,2025-07-03 09:11:56,2025-07-03 09:26:30.965406,2025-07-03 09:26:30.965406,2025-07-03 09:27:54.700,15.978333333333333,0.0,8,4,osrm
215,delivered,2025-07-03 09:12:24,2025-07-03 09:22:57.166605,2025-07-03 09:26:30.965406,2025-07-03 09:27:54.700,15.511666666666667,3.56331335,8,4,osrm
216,delivered,2025-07-03 09:12:37,2025-07-03 09:23:01.046567,2025-07-03 12:51:20.200000,2025-07-03 13:03:11.000,230.56666666666666,208.31922388333334,5,4,osrm
217,delivered,2025-07-03 09:12:58,2025-07-03 09:25:51.061561,2025-07-03 14:26:26.100000,2025-07-03 14:35:11.700,322.22833333333335,300.58397398333335,16,4,osrm
218,delivered,2025-07-03 09:13:10,2025-07-03 09:19:18.758899,2025-07-03 09:40:45.074827,2025-07-03 09:46:43.500,33.55833333333333,21.4385988,11,4,osrm
219,delivered,2025-07-03 09:13:39,2025-07-03 09:24:14.239941,2025-07-03 09:40:04.442648,2025-07-03 09:45:03.200,31.403333333333332,15.836711783333334,19,4,osrm
220,delivered,2025-07-03 09:13:43,2025-07-03 09:29:19.147556,2025-07-03 10:08:26.504699,2025-07-03 10:06:30.100,52.785,39.122619050000004,20,2,osrm
221,delivered,2025-07-03 09:13:56,2025-07-03 09:28:12.857722,2025-07-03 09:36:19.084756,2025-07-03 09:32:02.700,18.111666666666668,8.1037839,3,4,osrm
222,delivered,2025-07-03 09:14:42,2025-07-03 09:29:59.973603,2025-07-03 09:46:22.131295,2025-07-03 09:46:47.800,32.096666666666664,16.369294866666667,20,4,osrm
223,delivered,2025-07-03 09:14:35,2025-07-03 09:25:53.286058,2025-07-03 09:25:58.700000,2025-07-03 09:34:53.900,20.315,0.09023236666666666,17,4,osrm
224,delivered,2025-07-03 09:14:49,2025-07-03 09:23:27.115871,2025-07-03 09:25:58.700000,2025-07-03 09:34:53.900,20.081666666666667,2.52640215,17,4,osrm
225,delivered,2025-07-03 09:14:58,2025-07-03 09:31:29.522083,2025-07-03 09:46:13.300000,2025-07-03 09:53:16.800,38.31333333333334,14.72963195,10,4,osrm
226,delivered,2025-07-03 09:15:20,2025-07-03 09:26:24.868992,2025-07-03 09:29:43.219677,2025-07-03 09:36:36.800,21.279999999999998,3.30584475,18,4,osrm
227,delivered,2025-07-03 09:15:11,2025-07-03 09:26:23.904131,2025-07-03 10:49:48.900000,2025-07-03 10:59:49.700,104.645,83.41659781666667,2,4,osrm
228,delivered,2025-07-03 09:15:41,2025-07-03 09:30:05.648366,2025-07-03 11:24:28.900000,2025-07-03 11:34:35.900,138.915,114.38752723333333,20,4,osrm
229,delivered,2025-07-03 09:15:14,2025-07-03 09:29:18.195817,2025-07-03 09:29:18.195817,2025-07-03 09:32:27.100,17.21833333333333,0.0,10,4,osrm
230,delivered,2025-07-03 09:15:23,2025-07-03 09:29:49.794504,2025-07-03 09:29:49.794504,2025-07-03 09:33:59.800,18.613333333333333,0.0,15,4,osrm
231,delivered,2025-07-03 09:16:57,2025-07-03 09:32:08.270019,2025-07-03 11:24:28.900000,2025-07-03 11:34:35.900,137.64833333333334,112.34383301666666,20,4,osrm
232,delivered,2025-07-03 09:16:58,2025-07-03 09:32:08.691268,2025-07-03 12:50:25.000000,2025-07-03 12:58:23.800,221.42999999999998,198.2718122,10,4,osrm
233,delivered,2025-07-03 09:16:04,2025-07-03 09:21:04.000000,2025-07-03 11:33:48.122803,2025-07-03 11:39:33.800,143.49666666666664,132.73538005,15,4,osrm
234,delivered,2025-07-03 09:16:22,2025-07-03 09:21:22.000000,2025-07-03 11:09:10.000000,2025-07-03 11:16:24.000,120.03333333333333,107.8,16,4,osrm
235,delivered,2025-07-03 09:16:46,2025-07-03 09:30:56.305000,2025-07-03 12:13:18.940772,2025-07-03 12:22:05.500,185.325,162.37726286666665,18,4,osrm
236,delivered,2025-07-03 09:17:35,2025-07-03 09:31:10.666860,2025-07-03 11:30:29.400000,2025-07-03 11:39:23.100,141.80166666666668,119.312219,10,4,osrm
237,delivered,2025-07-03 09:17:16,2025-07-03 09:30:30.384940,2025-07-03 09:58:48.300000,2025-07-03 10:08:30.500,51.24166666666667,28.298584333333334,5,4,osrm
238,delivered,2025-07-03 09:18:43,2025-07-03 09:31:58.617632,2025-07-03 10:03:04.000000,2025-07-03 10:12:08.300,53.42166666666667,31.089706133333333,7,4,osrm
239,delivered,2025-07-03 09:18:32,2025-07-03 09:29:56.596687,2025-07-03 10:08:17.300000,2025-07-03 10:17:11.600,58.66,38.345055216666665,17,4,osrm
240,delivered,2025-07-03 09:18:33,2025-07-03 09:27:28.895877,2025-07-03 14:31:10.800000,2025-07-03 14:42:28.400,323.92333333333335,303.69840205,2,4,osrm
241,delivered,2025-07-03 09:18:03,2025-07-03 09:31:43.347055,2025-07-03 10:20:00.300000,2025-07-03 10:28:30.500,70.45833333333333,48.282549083333336,8,4,osrm
242,delivered,2025-07-03 09:18:45,2025-07-03 09:38:55.434644,2025-07-03 12:34:47.500000,2025-07-03 12:45:00.000,206.25,175.8677559333333,17,4,osrm
243,delivered,2025-07-03 09:18:17,2025-07-03 09:28:38.207859,2025-07-03 11:24:11.400000,2025-07-03 11:36:46.900,138.49833333333333,115.55320235,18,4,osrm
244,delivered,2025-07-03 09:18:02,2025-07-03 09:29:40.021740,2025-07-03 09:48:53.200187,2025-07-03 09:58:47.500,40.75833333333333,19.219640783333332,13,4,osrm
245,delivered,2025-07-03 09:18:56,2025-07-03 09:37:42.801444,2025-07-03 12:50:25.000000,2025-07-03 12:58:23.800,219.4633333333333,192.70330926666665,10,4,osrm
246,delivered,2025-07-03 09:19:36,2025-07-03 09:34:49.133441,2025-07-03 11:06:14.900000,2025-07-03 11:13:27.300,113.855,91.42944265,18,4,osrm
247,delivered,2025-07-03 09:19:51,2025-07-03 09:36:19.084756,2025-07-03 09:36:19.084756,2025-07-03 09:32:02.700,12.195,0.0,3,4,osrm
248,delivered,2025-07-03 09:19:13,2025-07-03 09:30:47.763158,2025-07-03 12:34:08.600000,2025-07-03 12:40:42.900,201.49833333333333,183.3472807,16,4,osrm
249,delivered,2025-07-03 09:19:32,2025-07-03 09:29:43.219677,2025-07-03 09:29:43.219677,2025-07-03 09:36:36.800,17.08,0.0,18,4,osrm
250,delivered,2025-07-03 09:19:08,2025-07-03 09:28:50.872910,2025-07-03 09:43:55.000000,2025-07-03 09:50:37.700,31.495,15.068784833333332,9,4,osrm
251,delivered,2025-07-03 09:19:23,2025-07-03 09:27:55.848860,2025-07-03 09:27:55.848860,2025-07-03 09:35:09.800,15.78,0.0,5,4,osrm
252,delivered,2025-07-03 09:20:21,2025-07-03 09:34:08.123768,2025-07-03 09:43:36.800000,2025-07-03 09:50:32.800,30.196666666666665,9.477937200000001,12,4,osrm
253,delivered,2025-07-03 09:20:55,2025-07-03 09:27:36.499627,2025-07-03 11:06:14.900000,2025-07-03 11:13:27.300,112.53833333333334,98.64000621666668,18,4,osrm
254,delivered,2025-07-03 09:20:09,2025-07-03 09:35:10.113334,2025-07-03 10:19:40.400000,2025-07-03 10:30:24.900,70.265,44.50477776666666,18,4,osrm
255,delivered,2025-07-03 09:20:33,2025-07-03 09:29:03.375294,2025-07-03 09:43:02.109993,2025-07-03 09:49:13.300,28.671666666666667,13.978911649999999,7,4,osrm
256,delivered,2025-07-03 09:21:52,2025-07-03 09:33:07.703638,2025-07-03 10:23:57.000000,2025-07-03 10:31:53.900,70.03166666666667,50.82160603333333,7,3,osrm
257,delivered,2025-07-03 09:21:02,2025-07-03 09:29:43.083756,2025-07-03 10:50:09.100000,2025-07-03 10:58:48.200,97.77,80.43360406666667,16,4,osrm
258,delivered,2025-07-03 09:21:31,2025-07-03 09:36:36.878766,2025-07-03 09:48:59.234655,2025-07-03 09:57:59.800,36.480000000000004,12.37259815,6,3,osrm
259,delivered,2025-07-03 09:21:48,2025-07-03 09:32:13.863610,2025-07-03 11:24:11.400000,2025-07-03 11:36:46.900,134.98166666666665,111.95893983333333,18,4,osrm
260,delivered,2025-07-03 09:21:54,2025-07-03 09:31:25.483360,2025-07-03 09:46:13.300000,2025-07-03 09:53:16.800,31.38,14.796944,10,4,osrm
261,delivered,2025-07-03 09:22:50,2025-07-03 09:37:13.364195,2025-07-03 11:49:08.200000,2025-07-03 11:59:54.700,157.07833333333335,131.91393008333333,10,4,osrm
262,delivered,2025-07-03 09:22:15,2025-07-03 09:31:03.191933,2025-07-03 09:58:04.000000,2025-07-03 10:06:11.600,43.943333333333335,27.013467783333333,2,4,osrm
263,delivered,2025-07-03 09:23:21,2025-07-03 09:37:10.073652,2025-07-03 14:24:47.400000,2025-07-03 14:35:23.700,312.045,287.6221058,6,4,osrm
264,delivered,2025-07-03 09:23:54,2025-07-03 09:40:04.442648,2025-07-03 09:44:34.200000,2025-07-03 09:49:39.100,25.751666666666665,4.495955866666667,5,4,osrm
265,delivered,2025-07-03 09:23:09,2025-07-03 09:31:50.051716,2025-07-03 09:45:08.700000,2025-07-03 09:56:19.300,33.17166666666667,13.310804733333333,17,4,osrm
266,delivered,2025-07-03 09:23:05,2025-07-03 09:29:06.691193,2025-07-03 09:40:45.074827,2025-07-03 09:46:43.500,23.641666666666666,11.639727233333334,11,4,osrm
267,delivered,2025-07-03 09:24:46,2025-07-03 09:43:24.025571,2025-07-03 11:44:08.200000,2025-07-03 11:53:23.600,148.62666666666667,120.73624048333333,12,4,osrm
268,delivered,2025-07-03 09:24:14,2025-07-03 09:36:22.818202,2025-07-03 10:23:57.000000,2025-07-03 10:31:53.900,67.665,47.569696633333336,7,3,osrm
269,delivered,2025-07-03 09:24:37,2025-07-03 09:35:06.760998,2025-07-03 12:53:09.588718,2025-07-03 13:01:21.900,216.74833333333333,198.04712866666665,20,4,osrm
270,delivered,2025-07-03 09:24:46,2025-07-03 09:35:09.792117,2025-07-03 10:08:36.300000,2025-07-03 10:20:05.400,55.32333333333334,33.44179805,16,4,osrm
271,delivered,2025-07-03 09:25:11,2025-07-03 09:38:07.125510,2025-07-03 12:53:09.588718,2025-07-03 13:01:21.900,216.18166666666667,195.04105346666665,20,4,osrm
272,delivered,2025-07-03 09:25:19,2025-07-03 09:30:31.484755,2025-07-03 10:19:40.400000,2025-07-03 10:30:24.900,65.09833333333333,49.14858741666667,18,4,osrm
273,delivered,2025-07-03 09:25:48,2025-07-03 09:39:50.234319,2025-07-03 09:54:45.203200,2025-07-03 09:55:52.200,30.07,14.916148016666666,18,4,osrm
274,delivered,2025-07-03 09:26:12,2025-07-03 09:34:37.528322,2025-07-03 10:19:40.400000,2025-07-03 10:30:24.900,64.215,45.0478613,18,4,osrm
275,delivered,2025-07-03 09:26:27,2025-07-03 09:37:41.763909,2025-07-03 15:08:23.673862,2025-07-03 15:14:30.600,348.06,330.6984992166666,10,3,osrm
276,delivered,2025-07-03 09:26:42,2025-07-03 09:40:01.721040,2025-07-03 09:40:45.074827,2025-07-03 09:46:43.500,20.025,0.7225631166666666,11,4,osrm
277,delivered,2025-07-03 09:26:00,2025-07-03 09:40:45.074827,2025-07-03 09:40:45.074827,2025-07-03 09:46:43.500,20.725,0.0,11,4,osrm
278,delivered,2025-07-03 09:27:15,2025-07-03 09:40:26.460573,2025-07-03 10:24:29.600000,2025-07-03 10:32:00.200,64.75333333333333,44.052323783333335,19,4,osrm
279,delivered,2025-07-03 09:27:37,2025-07-03 09:41:45.510868,2025-07-03 09:46:22.131295,2025-07-03 09:52:13.900,24.615000000000002,4.61034045,15,4,osrm
280,delivered,2025-07-03 09:27:17,2025-07-03 09:38:14.784596,2025-07-03 09:58:48.300000,2025-07-03 10:08:30.500,41.225,20.558590066666667,5,4,osrm
281,delivered,2025-07-03 09:27:19,2025-07-03 09:38:05.078902,2025-07-03 11:03:20.300000,2025-07-03 11:13:08.800,105.83,85.25368496666667,15,4,osrm
282,delivered,2025-07-03 09:28:44,2025-07-03 09:40:01.473158,2025-07-03 09:43:36.800000,2025-07-03 09:50:32.800,21.813333333333333,3.5887807,12,4,osrm
283,delivered,2025-07-03 09:28:37,2025-07-03 09:44:47.659536,2025-07-03 14:24:47.400000,2025-07-03 14:35:23.700,306.77833333333336,279.9956744,6,4,osrm
284,delivered,2025-07-03 09:29:15,2025-07-03 09:37:38.860869,2025-07-03 10:44:18.900000,2025-07-03 10:52:13.000,82.96666666666667,66.66731885,19,4,osrm
285,delivered,2025-07-03 09:29:50,2025-07-03 09:38:27.890619,2025-07-03 14:26:26.100000,2025-07-03 14:35:11.700,305.3616666666667,287.97015635,16,4,osrm
286,delivered,2025-07-03 09:29:31,2025-07-03 09:43:02.109993,2025-07-03 09:43:02.109993,2025-07-03 09:49:13.300,19.705,0.0,7,4,osrm
287,delivered,2025-07-03 09:30:58,2025-07-03 09:47:37.775592,2025-07-03 13:21:49.711565,2025-07-03 13:30:38.200,239.67000000000002,214.19893288333333,5,4,osrm
288,delivered,2025-07-03 09:30:22,2025-07-03 09:46:22.131295,2025-07-03 09:46:22.131295,2025-07-03 09:52:13.900,21.865000000000002,0.0,15,4,osrm
289,delivered,2025-07-03 09:31:29,2025-07-03 09:45:22.686048,2025-07-03 10:22:43.624870,2025-07-03 10:31:47.800,60.31333333333334,37.348980366666666,14,2,osrm
290,delivered,2025-07-03 09:32:29,2025-07-03 09:43:45.453774,2025-07-03 12:48:33.400000,2025-07-03 13:01:41.400,209.20666666666665,184.79910376666666,14,4,osrm
291,delivered,2025-07-03 09:32:06,2025-07-03 09:42:15.957707,2025-07-03 09:44:34.200000,2025-07-03 09:49:39.100,17.551666666666666,2.3040382166666666,5,4,osrm
292,delivered,2025-07-03 09:33:57,2025-07-03 09:47:48.352956,2025-07-03 09:54:45.203200,2025-07-03 09:55:52.200,21.92,6.947504066666666,18,4,osrm
293,delivered,2025-07-03 09:33:09,2025-07-03 09:47:55.377870,2025-07-03 12:34:47.500000,2025-07-03 12:45:00.000,191.85,166.86870216666665,17,4,osrm
294,delivered,2025-07-03 09:33:30,2025-07-03 09:47:04.702584,2025-07-03 10:24:29.600000,2025-07-03 10:32:00.200,58.50333333333333,37.41495693333333,19,4,osrm
295,delivered,2025-07-03 09:33:13,2025-07-03 09:43:11.624803,2025-07-03 09:45:08.700000,2025-07-03 09:56:19.300,23.105,1.9512532833333334,17,4,osrm
296,delivered,2025-07-03 09:34:59,2025-07-03 09:43:00.116217,2025-07-03 09:58:04.000000,2025-07-03 10:06:11.600,31.209999999999997,15.064729716666667,2,4,osrm
297,delivered,2025-07-03 09:34:48,2025-07-03 09:44:11.219238,2025-07-03 10:08:36.300000,2025-07-03 10:20:05.400,45.29,24.418012700000002,16,4,osrm
298,delivered,2025-07-03 09:34:39,2025-07-03 09:43:46.196399,2025-07-03 14:25:56.600000,2025-07-03 14:35:13.300,300.57166666666666,282.17339335,7,4,osrm
299,delivered,2025-07-03 09:35:22,2025-07-03 09:48:59.234655,2025-07-03 09:48:59.234655,2025-07-03 09:57:59.800,22.63,0.0,6,3,osrm
300,delivered,2025-07-03 09:36:02,2025-07-03 09:50:42.441246,2025-07-03 12:51:11.900000,2025-07-03 13:01:44.300,205.70499999999998,180.49097923333332,16,4,osrm
301,delivered,2025-07-03 09:37:46,2025-07-03 09:47:47.771930,2025-07-03 10:38:27.800000,2025-07-03 10:45:32.500,67.775,50.667134499999996,15,4,osrm
302,delivered,2025-07-03 09:37:16,2025-07-03 09:48:53.200187,2025-07-03 09:58:04.000000,2025-07-03 10:06:11.600,28.926666666666666,9.179996883333333,2,4,osrm
303,delivered,2025-07-03 09:37:50,2025-07-03 09:50:01.645034,2025-07-03 10:24:29.600000,2025-07-03 10:32:00.200,54.169999999999995,34.465916099999994,19,4,osrm
304,delivered,2025-07-03 09:38:41,2025-07-03 09:53:06.481022,2025-07-03 11:45:11.300000,2025-07-03 11:56:50.000,138.15,112.0803163,17,4,osrm
305,delivered,2025-07-03 09:38:17,2025-07-03 09:50:46.745612,2025-07-03 10:03:04.000000,2025-07-03 10:12:08.300,33.855,12.287573133333332,7,4,osrm
306,delivered,2025-07-03 09:39:50,2025-07-03 09:48:32.411846,2025-07-03 10:42:02.205362,2025-07-03 10:53:37.100,73.78500000000001,53.4965586,18,4,osrm
307,delivered,2025-07-03 09:40:49,2025-07-03 09:57:41.520393,2025-07-03 09:58:04.000000,2025-07-03 10:06:11.600,25.376666666666665,0.3746601166666667,2,4,osrm
308,delivered,2025-07-03 09:40:03,2025-07-03 09:52:29.581215,2025-07-03 10:20:00.300000,2025-07-03 10:28:30.500,48.458333333333336,27.511979750000002,8,4,osrm
309,delivered,2025-07-03 09:40:28,2025-07-03 09:53:22.565005,2025-07-03 14:12:00.200000,2025-07-03 14:27:44.100,287.2683333333333,258.6272499166667,14,4,osrm
310,delivered,2025-07-03 09:41:34,2025-07-03 09:50:43.559149,2025-07-03 09:58:48.300000,2025-07-03 10:08:30.500,26.941666666666666,8.079014183333333,5,4,osrm
311,delivered,2025-07-03 09:41:22,2025-07-03 09:54:33.542838,2025-07-03 10:24:29.600000,2025-07-03 10:32:00.200,50.63666666666666,29.934286033333333,19,4,osrm
312,delivered,2025-07-03 09:42:32,2025-07-03 09:53:02.504547,2025-07-03 11:28:52.000000,2025-07-03 11:40:21.600,117.82666666666667,95.82492421666667,16,4,osrm
313,delivered,2025-07-03 09:42:33,2025-07-03 09:54:14.711949,2025-07-03 10:50:09.100000,2025-07-03 10:58:48.200,76.25333333333333,55.906467516666666,16,4,osrm
314,delivered,2025-07-03 09:43:44,2025-07-03 09:55:02.646607,2025-07-03 11:49:49.200000,2025-07-03 11:56:59.900,133.265,114.77588988333333,11,4,osrm
315,delivered,2025-07-03 09:43:38,2025-07-03 09:57:24.729199,2025-07-03 10:08:36.300000,2025-07-03 10:20:05.400,36.45666666666667,11.192846683333332,16,4,osrm
316,delivered,2025-07-03 09:43:36,2025-07-03 09:55:17.010674,2025-07-03 10:40:03.200000,2025-07-03 10:46:47.200,63.18666666666666,44.769822100000006,8,3,osrm
317,delivered,2025-07-03 09:44:37,2025-07-03 09:54:45.203200,2025-07-03 09:54:45.203200,2025-07-03 09:55:52.200,11.253333333333334,0.0,18,4,osrm
318,delivered,2025-07-03 09:44:18,2025-07-03 09:56:35.546497,2025-07-03 10:29:37.900000,2025-07-03 10:36:44.400,52.440000000000005,33.03922505,16,4,osrm
319,delivered,2025-07-03 09:44:28,2025-07-03 10:01:29.343469,2025-07-03 10:08:17.300000,2025-07-03 10:17:11.600,32.72666666666667,6.7992755166666665,17,4,osrm
320,delivered,2025-07-03 09:44:58,2025-07-03 09:56:50.613954,2025-07-03 11:50:38.400000,2025-07-03 11:56:39.700,131.695,113.7964341,18,4,osrm
321,delivered,2025-07-03 09:46:37,2025-07-03 09:56:26.703818,2025-07-03 10:29:37.900000,2025-07-03 10:36:44.400,50.123333333333335,33.186603033333334,16,4,osrm
322,delivered,2025-07-03 09:46:53,2025-07-03 09:54:58.267459,2025-07-03 14:26:26.100000,2025-07-03 14:35:11.700,288.31166666666667,271.46387568333336,16,4,osrm
323,delivered,2025-07-03 09:46:06,2025-07-03 09:58:39.118803,2025-07-03 09:58:48.300000,2025-07-03 10:08:30.500,22.408333333333335,0.15301995,5,4,osrm
324,delivered,2025-07-03 09:47:21,2025-07-03 10:02:09.803497,2025-07-03 10:31:20.997153,2025-07-03 10:39:54.800,52.56333333333334,29.186560933333332,17,4,osrm
325,delivered,2025-07-03 09:47:19,2025-07-03 10:05:00.427557,2025-07-03 12:12:36.800000,2025-07-03 12:21:47.200,154.47,127.60620738333334,16,4,osrm
326,delivered,2025-07-03 09:47:55,2025-07-03 09:57:16.160248,2025-07-03 10:31:20.997153,2025-07-03 10:39:54.800,51.99666666666667,34.080615083333335,17,4,osrm
327,delivered,2025-07-03 09:48:23,2025-07-03 09:59:12.198979,2025-07-03 10:20:00.300000,2025-07-03 10:28:30.500,40.125,20.801683683333334,8,4,osrm
328,delivered,2025-07-03 09:48:58,2025-07-03 10:02:34.382462,2025-07-03 10:29:37.900000,2025-07-03 10:36:44.400,47.77333333333333,27.058625633333335,16,4,osrm
329,delivered,2025-07-03 09:48:29,2025-07-03 10:00:59.136970,2025-07-03 12:09:08.000000,2025-07-03 12:17:44.600,149.26000000000002,128.14771716666667,1,3,osrm
330,delivered,2025-07-03 09:48:03,2025-07-03 10:05:13.643903,2025-07-03 11:49:49.200000,2025-07-03 11:56:59.900,128.94833333333332,104.59260161666666,11,4,osrm
331,delivered,2025-07-03 09:48:54,2025-07-03 10:03:22.992785,2025-07-03 12:09:08.000000,2025-07-03 12:17:44.600,148.84333333333333,125.75012025,1,3,osrm
332,delivered,2025-07-03 09:48:41,2025-07-03 09:58:31.083335,2025-07-03 13:15:05.299923,2025-07-03 13:21:02.100,212.35166666666666,196.57027646666666,17,4,osrm
333,delivered,2025-07-03 09:49:45,2025-07-03 09:56:55.902121,2025-07-03 11:26:30.692952,2025-07-03 11:35:28.100,105.71833333333333,89.57984718333334,17,4,osrm
334,delivered,2025-07-03 09:49:30,2025-07-03 09:56:27.141304,2025-07-03 10:23:57.000000,2025-07-03 10:31:53.900,42.39833333333333,27.497644933333333,7,3,osrm
335,delivered,2025-07-03 09:49:08,2025-07-03 10:02:45.842569,2025-07-03 10:25:49.791561,2025-07-03 10:24:47.100,35.651666666666664,23.065816533333336,3,2,osrm
336,delivered,2025-07-03 09:49:51,2025-07-03 10:02:59.877411,2025-07-03 10:19:40.400000,2025-07-03 10:30:24.900,40.565000000000005,16.675376483333334,18,4,osrm
337,delivered,2025-07-03 09:49:36,2025-07-03 10:05:52.588891,2025-07-03 10:44:18.900000,2025-07-03 10:52:13.000,62.61666666666667,38.43851848333334,19,4,osrm
338,delivered,2025-07-03 09:50:20,2025-07-03 10:04:30.594090,2025-07-03 10:41:38.000000,2025-07-03 10:53:30.900,63.181666666666665,37.123431833333335,20,3,osrm
339,delivered,2025-07-03 09:50:15,2025-07-03 09:56:52.842016,2025-07-03 10:29:45.642554,2025-07-03 10:30:23.100,40.135,32.880008966666665,20,4,osrm
340,delivered,2025-07-03 09:51:53,2025-07-03 09:58:48.698977,2025-07-03 12:34:47.500000,2025-07-03 12:45:00.000,173.11666666666667,155.98001705,17,4,osrm
341,delivered,2025-07-03 09:52:15,2025-07-03 09:59:24.592256,2025-07-03 10:08:17.300000,2025-07-03 10:17:11.600,24.94333333333333,8.8784624,17,4,osrm
342,delivered,2025-07-03 09:53:53,2025-07-03 10:00:27.978862,2025-07-03 10:20:39.500000,2025-07-03 10:29:15.500,35.375,20.19201896666667,9,4,osrm
343,delivered,2025-07-03 09:53:01,2025-07-03 10:04:01.637794,2025-07-03 11:25:07.900000,2025-07-03 11:32:24.200,99.38666666666667,81.10437010000001,19,3,osrm
344,delivered,2025-07-03 09:54:27,2025-07-03 10:10:59.944008,2025-07-03 11:28:52.000000,2025-07-03 11:40:21.600,105.91000000000001,77.86759986666667,16,4,osrm
345,delivered,2025-07-03 09:54:58,2025-07-03 10:04:21.868203,2025-07-03 10:04:21.868203,2025-07-03 10:10:30.100,15.535,0.0,8,2,osrm
346,delivered,2025-07-03 09:55:51,2025-07-03 10:06:19.565093,2025-07-03 11:30:30.300000,2025-07-03 11:39:45.400,103.90666666666667,84.17891511666667,11,4,osrm
347,delivered,2025-07-03 09:55:36,2025-07-03 10:08:26.504699,2025-07-03 10:08:26.504699,2025-07-03 10:06:30.100,10.901666666666667,0.0,20,2,osrm
348,delivered,2025-07-03 09:56:53,2025-07-03 10:08:16.461641,2025-07-03 10:20:00.300000,2025-07-03 10:28:30.500,31.625,11.730639316666666,8,4,osrm
349,delivered,2025-07-03 09:56:26,2025-07-03 10:03:45.480939,2025-07-03 11:22:56.300000,2025-07-03 11:32:58.400,96.53999999999999,79.18031768333334,7,4,osrm
350,delivered,2025-07-03 09:57:58,2025-07-03 10:08:22.075231,2025-07-03 13:05:35.433944,2025-07-03 13:12:09.000,194.18333333333334,177.22264521666665,15,4,osrm
351,delivered,2025-07-03 09:57:50,2025-07-03 10:11:00.002320,2025-07-03 11:05:59.848570,2025-07-03 11:16:58.000,79.13333333333334,54.997437500000004,11,4,osrm
352,delivered,2025-07-03 09:57:26,2025-07-03 10:11:52.599240,2025-07-03 10:28:13.960680,2025-07-03 10:32:14.500,34.80833333333333,16.356024,12,3,osrm
353,delivered,2025-07-03 09:58:14,2025-07-03 10:08:40.640688,2025-07-03 10:40:48.700000,2025-07-03 10:48:00.900,49.781666666666666,32.13432186666667,6,2,osrm
354,delivered,2025-07-03 09:58:43,2025-07-03 10:13:18.085658,2025-07-03 12:48:33.400000,2025-07-03 13:01:41.400,182.97333333333333,155.25523903333334,14,4,osrm
355,delivered,2025-07-03 09:58:35,2025-07-03 10:10:58.729125,2025-07-03 10:45:20.100000,2025-07-03 10:51:19.600,52.74333333333333,34.35618125,12,4,osrm
356,delivered,2025-07-03 09:59:33,2025-07-03 10:08:39.148804,2025-07-03 10:41:38.000000,2025-07-03 10:53:30.900,53.965,32.98085326666667,20,3,osrm
357,delivered,2025-07-03 09:59:23,2025-07-03 10:11:34.838335,2025-07-03 10:11:34.838335,2025-07-03 10:15:07.000,15.733333333333333,0.0,6,3,osrm
358,delivered,2025-07-03 09:59:05,2025-07-03 10:06:24.693912,2025-07-03 11:26:30.692952,2025-07-03 11:35:28.100,96.385,80.09998399999999,17,4,osrm
359,delivered,2025-07-03 10:00:09,2025-07-03 10:08:59.149082,2025-07-03 10:57:56.300000,2025-07-03 11:12:37.000,72.46666666666667,48.952515299999995,17,4,osrm
360,delivered,2025-07-03 10:02:56,2025-07-03 10:21:07.794381,2025-07-03 11:42:10.897613,2025-07-03 11:47:25.000,104.48333333333333,81.05172053333334,1,4,osrm
361,delivered,2025-07-03 10:03:32,2025-07-03 10:13:32.032584,2025-07-03 10:57:56.300000,2025-07-03 11:12:37.000,69.08333333333333,44.404456933333336,17,4,osrm
362,delivered,2025-07-03 10:03:43,2025-07-03 10:13:27.049869,2025-07-03 10:31:20.997153,2025-07-03 10:39:54.800,36.19666666666667,17.899121400000002,17,4,osrm
363,delivered,2025-07-03 10:04:01,2025-07-03 10:17:38.641099,2025-07-03 10:57:56.300000,2025-07-03 11:12:37.000,68.6,40.294315016666665,17,4,osrm
364,delivered,2025-07-03 10:05:39,2025-07-03 10:17:59.239996,2025-07-03 13:05:35.433944,2025-07-03 13:12:09.000,186.5,167.60323246666667,15,4,osrm
365,delivered,2025-07-03 10:05:00,2025-07-03 10:10:06.587216,2025-07-03 14:25:56.600000,2025-07-03 14:35:13.300,270.22166666666664,255.83354640000002,7,4,osrm
366,delivered,2025-07-03 10:07:03,2025-07-03 10:18:34.377727,2025-07-03 11:20:07.600000,2025-07-03 11:30:14.000,83.18333333333334,61.55370455,6,4,osrm
367,delivered,2025-07-03 10:08:59,2025-07-03 10:19:19.027710,2025-07-03 10:38:27.800000,2025-07-03 10:45:32.500,36.55833333333333,19.146204833333336,15,4,osrm
368,delivered,2025-07-03 10:09:43,2025-07-03 10:25:49.791561,2025-07-03 10:25:49.791561,2025-07-03 10:24:47.100,15.068333333333333,0.0,3,2,osrm
369,delivered,2025-07-03 10:09:01,2025-07-03 10:21:36.754092,2025-07-03 10:29:45.642554,2025-07-03 10:30:23.100,21.368333333333332,8.148141033333333,20,4,osrm
370,delivered,2025-07-03 10:09:59,2025-07-03 10:20:01.501729,2025-07-03 12:13:18.940772,2025-07-03 12:22:05.500,132.10833333333332,113.29065071666668,18,4,osrm
371,delivered,2025-07-03 10:10:18,2025-07-03 10:22:43.624870,2025-07-03 10:22:43.624870,2025-07-03 10:31:47.800,21.496666666666666,0.0,14,2,osrm
372,delivered,2025-07-03 10:11:22,2025-07-03 10:25:14.496131,2025-07-03 10:44:18.900000,2025-07-03 10:52:13.000,40.85,19.073397816666667,19,4,osrm
373,delivered,2025-07-03 10:11:28,2025-07-03 10:19:54.263710,2025-07-03 11:59:41.400000,2025-07-03 12:06:06.200,114.63666666666667,99.78560483333334,19,4,osrm
374,delivered,2025-07-03 10:11:55,2025-07-03 10:23:10.495151,2025-07-03 10:29:45.642554,2025-07-03 10:30:23.100,18.46833333333333,6.58579005,20,4,osrm
375,delivered,2025-07-03 10:12:14,2025-07-03 10:22:22.161682,2025-07-03 14:29:30.300000,2025-07-03 14:37:19.500,265.09166666666664,247.13563863333331,1,3,osrm
376,delivered,2025-07-03 10:13:16,2025-07-03 10:29:35.208831,2025-07-03 11:02:55.400000,2025-07-03 11:11:47.800,58.53,33.33651948333333,12,4,osrm
377,delivered,2025-07-03 10:13:43,2025-07-03 10:28:42.467046,2025-07-03 10:45:20.100000,2025-07-03 10:51:19.600,37.61,16.6272159,12,4,osrm
378,delivered,2025-07-03 10:14:39,2025-07-03 10:22:49.132830,2025-07-03 10:40:48.700000,2025-07-03 10:48:00.900,33.365,17.99278616666667,6,2,osrm
379,delivered,2025-07-03 10:14:54,2025-07-03 10:29:45.642554,2025-07-03 10:29:45.642554,2025-07-03 10:30:23.100,15.485000000000001,0.0,20,4,osrm
380,delivered,2025-07-03 10:15:56,2025-07-03 10:24:38.272202,2025-07-03 10:29:37.900000,2025-07-03 10:36:44.400,20.80666666666667,4.993796633333333,16,4,osrm
381,delivered,2025-07-03 10:15:16,2025-07-03 10:28:13.960680,2025-07-03 10:28:13.960680,2025-07-03 10:32:14.500,16.975,0.0,12,3,osrm
382,delivered,2025-07-03 10:16:20,2025-07-03 10:31:20.997153,2025-07-03 10:31:20.997153,2025-07-03 10:39:54.800,23.58,0.0,17,4,osrm
383,delivered,2025-07-03 10:17:30,2025-07-03 10:29:55.655563,2025-07-03 11:59:41.400000,2025-07-03 12:06:06.200,108.60333333333332,89.76240728333333,19,4,osrm
384,delivered,2025-07-03 10:18:47,2025-07-03 10:23:47.000000,2025-07-03 10:57:56.300000,2025-07-03 11:12:37.000,53.833333333333336,34.155,17,4,osrm
385,delivered,2025-07-03 10:19:51,2025-07-03 10:34:08.675863,2025-07-03 11:02:55.400000,2025-07-03 11:11:47.800,51.94666666666667,28.778735616666665,12,4,osrm
386,delivered,2025-07-03 10:19:46,2025-07-03 10:32:47.238388,2025-07-03 11:30:30.300000,2025-07-03 11:39:45.400,79.99,57.71769353333333,11,4,osrm
387,delivered,2025-07-03 10:20:50,2025-07-03 10:30:53.683839,2025-07-03 10:42:02.205362,2025-07-03 10:53:37.100,32.785,11.142025383333333,18,4,osrm
388,delivered,2025-07-03 10:20:03,2025-07-03 10:35:52.639126,2025-07-03 12:12:00.000000,2025-07-03 12:22:08.000,122.08333333333333,96.12268123333334,17,4,osrm
389,delivered,2025-07-03 10:21:20,2025-07-03 10:33:38.297770,2025-07-03 10:40:03.200000,2025-07-03 10:46:47.200,25.453333333333333,6.415037166666666,8,3,osrm
390,delivered,2025-07-03 10:23:38,2025-07-03 10:41:15.712284,2025-07-03 10:41:38.000000,2025-07-03 10:53:30.900,29.881666666666668,0.3714619333333333,20,3,osrm
391,delivered,2025-07-03 10:25:40,2025-07-03 10:37:56.069697,2025-07-03 12:12:00.000000,2025-07-03 12:22:08.000,116.46666666666667,94.06550505,17,4,osrm
392,delivered,2025-07-03 10:26:56,2025-07-03 10:38:21.732544,2025-07-03 10:40:03.200000,2025-07-03 10:46:47.200,19.853333333333335,1.6911242666666666,8,3,osrm
393,delivered,2025-07-03 10:27:05,2025-07-03 10:37:35.568634,2025-07-03 10:44:18.900000,2025-07-03 10:52:13.000,25.133333333333333,6.722189433333333,19,4,osrm
394,delivered,2025-07-03 10:27:01,2025-07-03 10:35:50.714399,2025-07-03 10:45:20.100000,2025-07-03 10:51:19.600,24.31,9.489760016666667,12,4,osrm
395,delivered,2025-07-03 10:28:06,2025-07-03 10:44:47.253866,2025-07-03 11:29:21.700000,2025-07-03 11:40:39.500,72.55833333333334,44.57410223333333,2,4,osrm
396,delivered,2025-07-03 10:29:47,2025-07-03 10:42:02.205362,2025-07-03 10:42:02.205362,2025-07-03 10:53:37.100,23.834999999999997,0.0,18,4,osrm
397,delivered,2025-07-03 10:29:17,2025-07-03 10:41:14.361193,2025-07-03 10:49:48.900000,2025-07-03 10:59:49.700,30.545,8.575646783333333,2,4,osrm
398,delivered,2025-07-03 10:30:34,2025-07-03 10:43:48.906636,2025-07-03 10:50:09.100000,2025-07-03 10:58:48.200,28.236666666666668,6.336556066666666,16,4,osrm
399,delivered,2025-07-03 10:30:02,2025-07-03 10:35:53.098431,2025-07-03 11:49:08.200000,2025-07-03 11:59:54.700,89.87833333333333,73.25169281666668,10,4,osrm
400,delivered,2025-07-03 10:31:32,2025-07-03 10:40:35.834274,2025-07-03 11:16:32.249647,2025-07-03 11:25:19.400,53.79,35.94025621666666,3,4,osrm
401,delivered,2025-07-03 10:31:25,2025-07-03 10:40:34.577283,2025-07-03 11:26:30.692952,2025-07-03 11:35:28.100,64.05166666666666,45.935261149999995,17,4,osrm
402,delivered,2025-07-03 10:32:59,2025-07-03 10:45:25.517369,2025-07-03 11:09:50.100000,2025-07-03 11:13:18.600,40.32666666666667,24.409710516666667,2,1,osrm
403,delivered,2025-07-03 10:32:46,2025-07-03 10:40:31.971894,2025-07-03 11:52:51.038563,2025-07-03 12:00:46.700,88.01166666666667,72.31777781666666,16,4,osrm
404,delivered,2025-07-03 10:35:19,2025-07-03 10:51:38.254474,2025-07-03 14:31:10.800000,2025-07-03 14:42:28.400,247.15666666666667,219.54242543333334,2,4,osrm
405,delivered,2025-07-03 10:36:49,2025-07-03 10:47:42.837669,2025-07-03 13:15:05.299923,2025-07-03 13:21:02.100,164.21833333333333,147.3743709,17,4,osrm
406,delivered,2025-07-03 10:36:02,2025-07-03 10:57:02.946386,2025-07-03 12:53:09.588718,2025-07-03 13:01:21.900,145.33166666666665,116.11070553333334,20,4,osrm
407,delivered,2025-07-03 10:37:33,2025-07-03 10:51:34.947349,2025-07-03 11:16:32.249647,2025-07-03 11:25:19.400,47.77333333333333,24.955038300000002,3,4,osrm
408,delivered,2025-07-03 10:37:30,2025-07-03 10:48:29.666520,2025-07-03 11:02:55.400000,2025-07-03 11:11:47.800,34.29666666666667,14.428891333333333,12,4,osrm
409,delivered,2025-07-03 10:37:55,2025-07-03 10:49:44.915123,2025-07-03 11:20:38.300000,2025-07-03 11:21:30.200,43.586666666666666,30.88974795,5,1,osrm
410,delivered,2025-07-03 10:39:41,2025-07-03 10:51:56.490984,2025-07-03 11:09:10.000000,2025-07-03 11:16:24.000,36.71666666666667,17.225150266666667,16,4,osrm
411,delivered,2025-07-03 10:39:39,2025-07-03 10:53:16.550800,2025-07-03 11:29:21.700000,2025-07-03 11:40:39.500,61.00833333333333,36.08582,2,4,osrm
412,delivered,2025-07-03 10:39:00,2025-07-03 10:49:20.279128,2025-07-03 11:03:20.300000,2025-07-03 11:13:08.800,34.14666666666667,14.000347866666667,15,4,osrm
413,delivered,2025-07-03 10:40:01,2025-07-03 10:52:55.351381,2025-07-03 11:20:07.600000,2025-07-03 11:30:14.000,50.21666666666667,27.20414365,6,4,osrm
414,delivered,2025-07-03 10:40:59,2025-07-03 10:57:05.201356,2025-07-03 11:30:29.400000,2025-07-03 11:39:23.100,58.401666666666664,33.403310733333335,10,4,osrm
415,delivered,2025-07-03 10:42:02,2025-07-03 10:47:03.805784,2025-07-03 11:19:45.400000,2025-07-03 11:27:14.200,45.20333333333333,32.69323693333333,9,4,osrm
416,delivered,2025-07-03 10:42:50,2025-07-03 10:58:54.742878,2025-07-03 11:24:28.900000,2025-07-03 11:34:35.900,51.765,25.56928536666667,20,4,osrm
417,delivered,2025-07-03 10:43:57,2025-07-03 10:55:02.452785,2025-07-03 12:51:11.900000,2025-07-03 13:01:44.300,137.78833333333333,116.15745358333334,16,4,osrm
418,delivered,2025-07-03 10:44:50,2025-07-03 10:58:12.945185,2025-07-03 11:16:32.249647,2025-07-03 11:25:19.400,40.49,18.321741033333335,3,4,osrm
419,delivered,2025-07-03 10:45:30,2025-07-03 10:58:29.189972,2025-07-03 11:24:11.400000,2025-07-03 11:36:46.900,51.281666666666666,25.703500466666664,18,4,osrm
420,delivered,2025-07-03 10:47:44,2025-07-03 10:59:56.348226,2025-07-03 11:06:14.900000,2025-07-03 11:13:27.300,25.721666666666668,6.309196233333334,18,4,osrm
421,delivered,2025-07-03 10:47:43,2025-07-03 11:05:54.628590,2025-07-03 12:34:10.954103,2025-07-03 12:40:50.800,113.13000000000001,88.27209188333333,14,3,osrm
422,delivered,2025-07-03 10:49:26,2025-07-03 11:09:58.017609,2025-07-03 11:19:45.400000,2025-07-03 11:27:14.200,37.80333333333333,9.789706516666666,9,4,osrm
423,delivered,2025-07-03 10:50:08,2025-07-03 11:00:14.163783,2025-07-03 12:28:45.200000,2025-07-03 12:36:51.000,106.71666666666667,88.51727028333333,11,2,osrm
424,delivered,2025-07-03 10:53:32,2025-07-03 11:05:02.700687,2025-07-03 11:19:45.400000,2025-07-03 11:27:14.200,33.70333333333333,14.711655216666665,9,4,osrm
425,delivered,2025-07-03 10:55:36,2025-07-03 11:05:59.848570,2025-07-03 11:33:48.122803,2025-07-03 11:39:33.800,43.96333333333334,27.80457055,15,4,osrm
426,delivered,2025-07-03 10:55:24,2025-07-03 11:07:36.923420,2025-07-03 12:51:20.200000,2025-07-03 13:03:11.000,127.78333333333333,103.72127633333334,5,4,osrm
427,delivered,2025-07-03 10:59:18,2025-07-03 11:06:36.933748,2025-07-03 11:20:07.600000,2025-07-03 11:30:14.000,30.933333333333334,13.5111042,6,4,osrm
428,delivered,2025-07-03 10:59:25,2025-07-03 11:16:48.289183,2025-07-03 12:09:32.100000,2025-07-03 12:26:18.800,86.89666666666668,52.73018028333333,7,4,osrm
429,delivered,2025-07-03 11:01:16,2025-07-03 11:18:22.936515,2025-07-03 11:25:07.900000,2025-07-03 11:32:24.200,31.136666666666667,6.749391416666667,19,3,osrm
430,delivered,2025-07-03 11:01:35,2025-07-03 11:13:04.035577,2025-07-03 11:36:25.169321,2025-07-03 11:43:24.100,41.818333333333335,23.352229066666666,4,4,osrm
431,delivered,2025-07-03 11:01:20,2025-07-03 11:16:32.249647,2025-07-03 11:16:32.249647,2025-07-03 11:25:19.400,23.990000000000002,0.0,3,4,osrm
432,delivered,2025-07-03 11:01:16,2025-07-03 11:12:57.004400,2025-07-03 11:36:25.169321,2025-07-03 11:43:24.100,42.135,23.469415350000002,4,4,osrm
433,delivered,2025-07-03 11:04:44,2025-07-03 11:17:27.724668,2025-07-03 11:36:25.169321,2025-07-03 11:43:24.100,38.66833333333333,18.957410883333335,4,4,osrm
434,delivered,2025-07-03 11:10:26,2025-07-03 11:26:04.202921,2025-07-03 11:30:29.400000,2025-07-03 11:39:23.100,28.951666666666664,4.419951316666666,10,4,osrm
435,delivered,2025-07-03 11:10:59,2025-07-03 11:26:30.692952,2025-07-03 11:26:30.692952,2025-07-03 11:35:28.100,24.485,0.0,17,4,osrm
436,delivered,2025-07-03 11:11:14,2025-07-03 11:16:39.773289,2025-07-03 11:34:11.900000,2025-07-03 11:39:54.500,28.675,17.53544518333333,8,2,osrm
437,delivered,2025-07-03 11:11:23,2025-07-03 11:21:02.622085,2025-07-03 11:59:36.900000,2025-07-03 12:08:57.500,57.575,38.57129858333334,6,4,osrm
438,delivered,2025-07-03 11:11:16,2025-07-03 11:22:14.225425,2025-07-03 11:47:44.300000,2025-07-03 11:50:56.700,39.67833333333333,25.50124291666667,5,1,osrm
439,delivered,2025-07-03 11:17:24,2025-07-03 11:28:35.330719,2025-07-03 11:30:30.300000,2025-07-03 11:39:45.400,22.35666666666667,1.9161546833333332,11,4,osrm
440,delivered,2025-07-03 11:17:21,2025-07-03 11:25:52.154804,2025-07-03 11:30:29.400000,2025-07-03 11:39:23.100,22.035,4.620753266666667,10,4,osrm
441,delivered,2025-07-03 11:20:54,2025-07-03 11:36:25.169321,2025-07-03 11:36:25.169321,2025-07-03 11:43:24.100,22.501666666666665,0.0,4,4,osrm
442,delivered,2025-07-03 11:20:30,2025-07-03 11:33:48.122803,2025-07-03 11:33:48.122803,2025-07-03 11:39:33.800,19.063333333333333,0.0,15,4,osrm
443,delivered,2025-07-03 11:20:37,2025-07-03 11:28:17.971390,2025-07-03 11:28:52.000000,2025-07-03 11:40:21.600,19.743333333333332,0.5671435,16,4,osrm
444,delivered,2025-07-03 11:22:38,2025-07-03 11:33:39.937073,2025-07-03 11:44:08.200000,2025-07-03 11:53:23.600,30.759999999999998,10.471048783333334,12,4,osrm
445,delivered,2025-07-03 11:22:15,2025-07-03 11:32:00.016109,2025-07-03 11:59:36.900000,2025-07-03 12:08:57.500,46.708333333333336,27.614731516666666,6,4,osrm
446,delivered,2025-07-03 11:22:49,2025-07-03 11:37:30.530525,2025-07-03 11:50:38.400000,2025-07-03 11:56:39.700,33.845,13.131157916666666,18,4,osrm
447,delivered,2025-07-03 11:26:19,2025-07-03 11:37:08.567655,2025-07-03 11:49:49.200000,2025-07-03 11:56:59.900,30.68166666666667,12.67720575,11,4,osrm
448,delivered,2025-07-03 11:29:53,2025-07-03 11:41:44.551692,2025-07-03 11:59:36.900000,2025-07-03 12:08:57.500,39.075,17.872471800000003,6,4,osrm
449,delivered,2025-07-03 11:31:28,2025-07-03 11:42:16.485614,2025-07-03 11:45:11.300000,2025-07-03 11:56:50.000,25.366666666666667,2.9135731000000002,17,4,osrm
450,delivered,2025-07-03 11:32:54,2025-07-03 11:43:12.639915,2025-07-03 12:09:32.100000,2025-07-03 12:26:18.800,53.413333333333334,26.32433475,7,4,osrm
451,delivered,2025-07-03 11:32:09,2025-07-03 11:42:10.897613,2025-07-03 11:52:51.038563,2025-07-03 12:00:46.700,28.628333333333334,10.669015833333333,16,4,osrm
452,delivered,2025-07-03 11:35:50,2025-07-03 11:47:56.661606,2025-07-03 12:26:34.100000,2025-07-03 12:38:04.700,62.245,38.62397323333333,8,4,osrm
453,delivered,2025-07-03 11:36:44,2025-07-03 11:50:40.232753,2025-07-03 11:51:08.200000,2025-07-03 11:57:56.100,21.201666666666664,0.46612078333333334,14,4,osrm
454,delivered,2025-07-03 11:36:26,2025-07-03 11:49:31.739492,2025-07-03 11:59:41.400000,2025-07-03 12:06:06.200,29.67,10.161008466666667,19,4,osrm
455,delivered,2025-07-03 11:38:24,2025-07-03 11:48:16.132261,2025-07-03 11:50:30.300000,2025-07-03 12:01:41.800,23.296666666666667,2.2361289833333333,15,4,osrm
456,delivered,2025-07-03 11:42:24,2025-07-03 11:50:27.262349,2025-07-03 12:26:34.100000,2025-07-03 12:38:04.700,55.67833333333333,36.11396085,8,4,osrm
457,delivered,2025-07-03 11:42:00,2025-07-03 11:55:26.552561,2025-07-03 11:59:36.900000,2025-07-03 12:08:57.500,26.958333333333332,4.172457316666667,6,4,osrm
458,delivered,2025-07-03 11:43:48,2025-07-03 11:56:52.499823,2025-07-03 12:09:32.100000,2025-07-03 12:26:18.800,42.513333333333335,12.66000295,7,4,osrm
459,delivered,2025-07-03 11:43:14,2025-07-03 11:52:51.038563,2025-07-03 12:07:04.000000,2025-07-03 12:15:38.500,32.40833333333333,14.21602395,20,4,osrm
460,delivered,2025-07-03 11:44:47,2025-07-03 11:55:22.344007,2025-07-03 12:26:34.100000,2025-07-03 12:38:04.700,53.294999999999995,31.195933216666667,8,4,osrm
461,delivered,2025-07-03 11:45:37,2025-07-03 11:51:59.184875,2025-07-03 12:38:27.109796,2025-07-03 12:43:48.100,58.184999999999995,46.465415349999994,18,4,osrm
462,delivered,2025-07-03 11:46:53,2025-07-03 11:54:56.753730,2025-07-03 12:13:18.940772,2025-07-03 12:22:05.500,35.208333333333336,18.369784033333335,18,4,osrm
463,delivered,2025-07-03 11:46:08,2025-07-03 12:02:17.674677,2025-07-03 12:26:34.100000,2025-07-03 12:38:04.700,51.945,24.27375538333333,8,4,osrm
464,delivered,2025-07-03 11:48:21,2025-07-03 12:01:30.942718,2025-07-03 12:09:08.000000,2025-07-03 12:17:44.600,29.39333333333333,7.617621366666667,1,3,osrm
465,delivered,2025-07-03 11:50:02,2025-07-03 11:59:01.562465,2025-07-03 12:12:36.800000,2025-07-03 12:21:47.200,31.753333333333334,13.587292249999999,16,4,osrm
466,delivered,2025-07-03 11:51:14,2025-07-03 12:00:28.369663,2025-07-03 12:25:46.900000,2025-07-03 12:31:37.700,40.394999999999996,25.30883895,13,2,osrm
467,delivered,2025-07-03 11:53:28,2025-07-03 12:04:42.795993,2025-07-03 12:09:12.100000,2025-07-03 12:16:36.100,23.134999999999998,4.488400116666667,10,4,osrm
468,delivered,2025-07-03 11:53:26,2025-07-03 12:05:05.674904,2025-07-03 12:12:00.000000,2025-07-03 12:22:08.000,28.7,6.905418266666667,17,4,osrm
469,delivered,2025-07-03 11:56:29,2025-07-03 12:13:18.940772,2025-07-03 12:13:18.940772,2025-07-03 12:22:05.500,25.608333333333334,0.0,18,4,osrm
470,delivered,2025-07-03 12:00:01,2025-07-03 12:10:12.443226,2025-07-03 12:25:46.900000,2025-07-03 12:31:37.700,31.611666666666668,15.574279566666666,13,2,osrm
471,delivered,2025-07-03 12:01:09,2025-07-03 12:16:55.874633,2025-07-03 12:24:39.300000,2025-07-03 12:32:34.300,31.421666666666667,7.723756116666666,6,4,osrm
472,delivered,2025-07-03 12:01:53,2025-07-03 12:12:53.562635,2025-07-03 12:48:33.400000,2025-07-03 13:01:41.400,59.806666666666665,35.66395608333333,14,4,osrm
473,delivered,2025-07-03 12:05:28,2025-07-03 12:14:11.415308,2025-07-03 12:38:39.100000,2025-07-03 12:49:47.000,44.31666666666667,24.461411533333333,7,4,osrm
474,delivered,2025-07-03 12:08:57,2025-07-03 12:22:33.752503,2025-07-03 12:28:45.200000,2025-07-03 12:36:51.000,27.9,6.190791616666667,11,2,osrm
475,delivered,2025-07-03 12:10:42,2025-07-03 12:24:33.366497,2025-07-03 12:34:47.500000,2025-07-03 12:45:00.000,34.3,10.235558383333334,17,4,osrm
476,delivered,2025-07-03 12:11:12,2025-07-03 12:24:04.336324,2025-07-03 12:38:39.100000,2025-07-03 12:49:47.000,38.583333333333336,14.5793946,7,4,osrm
477,delivered,2025-07-03 12:11:13,2025-07-03 12:26:41.939884,2025-07-03 12:34:08.600000,2025-07-03 12:40:42.900,29.498333333333335,7.444335266666667,16,4,osrm
478,delivered,2025-07-03 12:12:26,2025-07-03 12:23:32.582993,2025-07-03 12:51:50.900000,2025-07-03 12:55:13.700,42.794999999999995,28.30528345,15,1,osrm
479,delivered,2025-07-03 12:13:33,2025-07-03 12:27:22.726105,2025-07-03 12:48:33.400000,2025-07-03 13:01:41.400,48.14,21.17789825,14,4,osrm
480,delivered,2025-07-03 12:16:19,2025-07-03 12:29:48.127766,2025-07-03 12:38:27.109796,2025-07-03 12:43:48.100,27.485,8.6497005,18,4,osrm
481,delivered,2025-07-03 12:18:58,2025-07-03 12:29:22.934756,2025-07-03 12:54:52.300000,2025-07-03 13:03:15.500,44.291666666666664,25.489420733333336,18,3,osrm
482,delivered,2025-07-03 12:19:49,2025-07-03 12:35:42.703748,2025-07-03 12:38:39.100000,2025-07-03 12:49:47.000,29.966666666666665,2.9399375333333335,7,4,osrm
483,delivered,2025-07-03 12:20:09,2025-07-03 12:29:14.137881,2025-07-03 13:09:49.880658,2025-07-03 13:11:45.800,51.61333333333334,40.59571295,1,3,osrm
484,delivered,2025-07-03 12:21:34,2025-07-03 12:34:10.954103,2025-07-03 12:34:10.954103,2025-07-03 12:40:50.800,19.279999999999998,0.0,14,3,osrm
485,delivered,2025-07-03 12:24:14,2025-07-03 12:37:01.035055,2025-07-03 12:38:27.109796,2025-07-03 12:43:48.100,19.56833333333333,1.4345790166666668,18,4,osrm
486,delivered,2025-07-03 12:26:12,2025-07-03 12:38:27.109796,2025-07-03 12:38:27.109796,2025-07-03 12:43:48.100,17.601666666666667,0.0,18,4,osrm
487,delivered,2025-07-03 12:28:23,2025-07-03 12:38:32.371980,2025-07-03 13:05:01.800000,2025-07-03 13:09:19.300,40.93833333333334,26.490467000000002,4,2,osrm
488,delivered,2025-07-03 12:29:23,2025-07-03 12:46:38.996993,2025-07-03 13:05:01.800000,2025-07-03 13:09:19.300,39.93833333333334,18.380050116666666,4,2,osrm
489,delivered,2025-07-03 12:31:36,2025-07-03 12:46:11.011574,2025-07-03 12:54:52.300000,2025-07-03 13:03:15.500,31.658333333333335,8.688140433333333,18,3,osrm
490,delivered,2025-07-03 12:33:16,2025-07-03 12:47:28.876241,2025-07-03 12:54:36.400000,2025-07-03 13:02:35.000,29.316666666666666,7.125395983333333,2,4,osrm
491,delivered,2025-07-03 12:35:16,2025-07-03 12:44:04.706750,2025-07-03 12:54:52.300000,2025-07-03 13:03:15.500,27.991666666666667,10.793220833333333,18,3,osrm
492,delivered,2025-07-03 12:35:00,2025-07-03 12:45:32.412381,2025-07-03 13:09:49.880658,2025-07-03 13:11:45.800,36.763333333333335,24.29113795,1,3,osrm
493,delivered,2025-07-03 12:36:16,2025-07-03 12:53:09.588718,2025-07-03 12:53:09.588718,2025-07-03 13:01:21.900,25.098333333333336,0.0,20,4,osrm
494,delivered,2025-07-03 12:37:21,2025-07-03 12:47:14.569095,2025-07-03 12:54:36.400000,2025-07-03 13:02:35.000,25.233333333333334,7.3638484166666665,2,4,osrm
495,delivered,2025-07-03 12:38:22,2025-07-03 12:52:44.963893,2025-07-03 13:16:48.100000,2025-07-03 13:18:17.100,39.91833333333333,24.05226845,3,1,osrm
496,delivered,2025-07-03 12:38:40,2025-07-03 12:50:36.565183,2025-07-03 13:19:03.954178,2025-07-03 13:26:25.900,47.765,28.45648325,18,3,osrm
497,delivered,2025-07-03 12:45:15,2025-07-03 12:55:34.227427,2025-07-03 13:24:35.774716,2025-07-03 13:33:31.600,48.276666666666664,29.02578815,13,4,osrm
498,delivered,2025-07-03 12:47:47,2025-07-03 13:01:31.736396,2025-07-03 13:24:35.774716,2025-07-03 13:33:31.600,45.74333333333333,23.067305333333334,13,4,osrm
499,delivered,2025-07-03 12:48:59,2025-07-03 13:02:26.357276,2025-07-03 13:23:22.100000,2025-07-03 13:24:55.700,35.945,20.9290454,11,1,osrm
500,delivered,2025-07-03 12:48:31,2025-07-03 12:59:14.788468,2025-07-03 13:36:43.700000,2025-07-03 13:46:35.600,58.07666666666667,37.48185886666667,11,4,osrm
501,delivered,2025-07-03 12:49:31,2025-07-03 13:09:22.583690,2025-07-03 13:24:35.774716,2025-07-03 13:33:31.600,44.01,15.219850433333333,13,4,osrm
502,delivered,2025-07-03 12:49:10,2025-07-03 13:02:05.557665,2025-07-03 14:06:32.500000,2025-07-03 14:08:50.300,79.67166666666667,64.44903891666667,8,1,osrm
503,delivered,2025-07-03 12:49:20,2025-07-03 12:59:13.928347,2025-07-03 13:28:53.400000,2025-07-03 13:38:00.100,48.66833333333333,29.657860883333335,16,2,osrm
504,delivered,2025-07-03 12:50:22,2025-07-03 13:05:57.155139,2025-07-03 13:38:12.800000,2025-07-03 13:41:54.300,51.538333333333334,32.260747683333335,5,1,osrm
505,delivered,2025-07-03 12:52:22,2025-07-03 13:06:11.571470,2025-07-03 13:21:49.711565,2025-07-03 13:30:38.200,38.269999999999996,15.63566825,5,4,osrm
506,delivered,2025-07-03 12:53:36,2025-07-03 13:04:26.855691,2025-07-03 13:24:36.100000,2025-07-03 13:27:43.200,34.12,20.154071816666665,8,1,osrm
507,delivered,2025-07-03 12:53:34,2025-07-03 13:05:35.433944,2025-07-03 13:05:35.433944,2025-07-03 13:12:09.000,18.583333333333332,0.0,15,4,osrm
508,delivered,2025-07-03 12:54:11,2025-07-03 13:09:49.880658,2025-07-03 13:09:49.880658,2025-07-03 13:11:45.800,17.58,0.0,1,3,osrm
509,delivered,2025-07-03 12:54:50,2025-07-03 13:12:44.625964,2025-07-03 13:25:08.600000,2025-07-03 13:30:27.900,35.63166666666667,12.399567266666667,12,2,osrm
510,delivered,2025-07-03 12:57:11,2025-07-03 13:10:40.563118,2025-07-03 13:43:13.407463,2025-07-03 13:46:18.900,49.13166666666667,32.54740575,19,3,osrm
511,delivered,2025-07-03 12:57:58,2025-07-03 13:13:41.444179,2025-07-03 14:00:53.500000,2025-07-03 14:11:23.100,73.41833333333334,47.20093035,20,3,osrm
512,delivered,2025-07-03 12:58:52,2025-07-03 13:09:32.424747,2025-07-03 13:19:03.954178,2025-07-03 13:26:25.900,27.565,9.525490516666668,18,3,osrm
513,delivered,2025-07-03 12:59:02,2025-07-03 13:15:05.299923,2025-07-03 13:15:05.299923,2025-07-03 13:21:02.100,22.001666666666665,0.0,17,4,osrm
514,delivered,2025-07-03 13:01:07,2025-07-03 13:21:49.711565,2025-07-03 13:21:49.711565,2025-07-03 13:30:38.200,29.52,0.0,5,4,osrm
515,delivered,2025-07-03 13:01:33,2025-07-03 13:14:57.671974,2025-07-03 13:25:08.600000,2025-07-03 13:30:27.900,28.915000000000003,10.182133766666668,12,2,osrm
516,delivered,2025-07-03 13:01:14,2025-07-03 13:13:00.436677,2025-07-03 13:45:07.457550,2025-07-03 13:48:50.800,47.61333333333334,32.11701455,10,4,osrm
517,delivered,2025-07-03 13:01:59,2025-07-03 13:14:57.698507,2025-07-03 13:45:07.457550,2025-07-03 13:48:50.800,46.86333333333334,30.16265071666667,10,4,osrm
518,delivered,2025-07-03 13:02:00,2025-07-03 13:18:06.073814,2025-07-03 13:50:06.500000,2025-07-03 13:57:12.700,55.211666666666666,32.0071031,14,3,osrm
519,delivered,2025-07-03 13:04:14,2025-07-03 13:17:11.694703,2025-07-03 13:45:18.900000,2025-07-03 13:56:59.300,52.755,28.120088283333335,18,4,osrm
520,delivered,2025-07-03 13:04:14,2025-07-03 13:14:19.737372,2025-07-03 13:36:43.700000,2025-07-03 13:46:35.600,42.36,22.399377133333335,11,4,osrm
521,delivered,2025-07-03 13:08:49,2025-07-03 13:17:41.661190,2025-07-03 13:50:06.500000,2025-07-03 13:57:12.700,48.394999999999996,32.41398016666667,14,3,osrm
522,delivered,2025-07-03 13:09:23,2025-07-03 13:16:10.077711,2025-07-03 13:51:08.900000,2025-07-03 14:00:29.700,51.111666666666665,34.980371483333336,16,4,osrm
523,delivered,2025-07-03 13:10:47,2025-07-03 13:19:03.954178,2025-07-03 13:19:03.954178,2025-07-03 13:26:25.900,15.648333333333333,0.0,18,3,osrm
524,delivered,2025-07-03 13:11:11,2025-07-03 13:27:04.579201,2025-07-03 13:45:18.900000,2025-07-03 13:56:59.300,45.805,18.238679983333334,18,4,osrm
525,delivered,2025-07-03 13:11:03,2025-07-03 13:28:12.045253,2025-07-03 13:40:08.000000,2025-07-03 13:45:03.700,34.01166666666667,11.932579116666666,2,2,osrm
526,delivered,2025-07-03 13:11:48,2025-07-03 13:23:48.646728,2025-07-03 13:45:18.900000,2025-07-03 13:56:59.300,45.18833333333334,21.5042212,18,4,osrm
527,delivered,2025-07-03 13:12:17,2025-07-03 13:24:32.350072,2025-07-03 14:05:15.033100,2025-07-03 14:09:15.600,56.97666666666667,40.7113838,5,4,osrm
528,delivered,2025-07-03 13:13:46,2025-07-03 13:24:35.774716,2025-07-03 13:43:13.407463,2025-07-03 13:46:18.900,32.54833333333333,18.627212450000002,19,3,osrm
529,delivered,2025-07-03 13:19:00,2025-07-03 13:42:02.806804,2025-07-03 13:50:06.500000,2025-07-03 13:57:12.700,38.211666666666666,8.061553266666667,14,3,osrm
530,delivered,2025-07-03 13:20:05,2025-07-03 13:33:44.548112,2025-07-03 13:51:08.900000,2025-07-03 14:00:29.700,40.41166666666666,17.4058648,16,4,osrm
531,delivered,2025-07-03 13:22:12,2025-07-03 13:29:35.866529,2025-07-03 13:40:08.000000,2025-07-03 13:45:03.700,22.861666666666668,10.53555785,2,2,osrm
532,delivered,2025-07-03 13:22:53,2025-07-03 13:34:47.818669,2025-07-03 14:00:53.500000,2025-07-03 14:11:23.100,48.501666666666665,26.09468885,20,3,osrm
533,delivered,2025-07-03 13:23:39,2025-07-03 13:32:18.612091,2025-07-03 14:05:15.033100,2025-07-03 14:09:15.600,45.61,32.94035015,5,4,osrm
534,delivered,2025-07-03 13:24:36,2025-07-03 13:38:30.434307,2025-07-03 14:05:15.033100,2025-07-03 14:09:15.600,44.66,26.743313216666664,5,4,osrm
535,delivered,2025-07-03 13:25:07,2025-07-03 13:37:17.194487,2025-07-03 14:05:48.200000,2025-07-03 14:08:08.300,43.02166666666667,28.516758550000002,9,1,osrm
536,delivered,2025-07-03 13:28:30,2025-07-03 13:42:20.502855,2025-07-03 14:08:41.000000,2025-07-03 14:12:11.200,43.68666666666666,26.341619083333335,13,1,osrm
537,delivered,2025-07-03 13:28:43,2025-07-03 13:43:13.407463,2025-07-03 13:43:13.407463,2025-07-03 13:46:18.900,17.598333333333336,0.0,19,3,osrm
538,delivered,2025-07-03 13:29:32,2025-07-03 13:42:48.350002,2025-07-03 13:51:08.900000,2025-07-03 14:00:29.700,30.961666666666666,8.342499966666667,16,4,osrm
539,delivered,2025-07-03 13:30:44,2025-07-03 13:45:07.457550,2025-07-03 13:45:18.900000,2025-07-03 13:56:59.300,26.255,0.1907075,18,4,osrm
540,delivered,2025-07-03 13:33:52,2025-07-03 13:40:44.430300,2025-07-03 14:00:53.500000,2025-07-03 14:11:23.100,37.51833333333333,20.151161666666667,20,3,osrm
541,delivered,2025-07-03 13:35:48,2025-07-03 13:48:31.757678,2025-07-03 14:29:39.300000,2025-07-03 14:34:42.100,58.901666666666664,41.125705366666665,18,2,osrm
542,delivered,2025-07-03 13:35:07,2025-07-03 13:43:09.280776,2025-07-03 14:10:09.600000,2025-07-03 14:14:15.900,39.14833333333333,27.005320400000002,18,2,osrm
543,delivered,2025-07-03 13:35:21,2025-07-03 13:49:09.176011,2025-07-03 13:51:08.900000,2025-07-03 14:00:29.700,25.145,1.9953998166666667,16,4,osrm
544,delivered,2025-07-03 13:36:54,2025-07-03 13:49:26.974308,2025-07-03 14:19:51.400000,2025-07-03 14:20:50.800,43.94666666666667,30.407094866666668,8,1,osrm
545,delivered,2025-07-03 13:46:03,2025-07-03 14:00:30.481542,2025-07-03 14:10:09.600000,2025-07-03 14:14:15.900,28.215,9.651974300000001,18,2,osrm
546,delivered,2025-07-03 13:48:20,2025-07-03 13:59:09.130137,2025-07-03 14:12:00.200000,2025-07-03 14:27:44.100,39.401666666666664,12.851164383333334,14,4,osrm
547,delivered,2025-07-03 13:49:38,2025-07-03 14:05:15.033100,2025-07-03 14:05:15.033100,2025-07-03 14:09:15.600,19.626666666666665,0.0,5,4,osrm
548,delivered,2025-07-03 13:50:04,2025-07-03 14:01:36.170882,2025-07-03 14:10:58.500000,2025-07-03 14:18:03.900,27.998333333333335,9.372151966666667,15,3,osrm
549,delivered,2025-07-03 13:50:01,2025-07-03 13:58:46.447994,2025-07-03 14:39:16.500000,2025-07-03 14:51:38.800,61.63,40.50086676666667,5,3,osrm
550,delivered,2025-07-03 13:51:19,2025-07-03 14:02:14.739180,2025-07-03 14:39:16.500000,2025-07-03 14:51:38.800,60.330000000000005,37.029347,5,3,osrm
551,delivered,2025-07-03 13:52:55,2025-07-03 14:07:53.043461,2025-07-03 14:30:14.900000,2025-07-03 14:35:56.100,43.01833333333333,22.364275650000003,8,2,osrm
552,delivered,2025-07-03 13:53:40,2025-07-03 14:03:47.737247,2025-07-03 14:09:45.100000,2025-07-03 14:20:30.800,26.846666666666668,5.956045883333333,2,4,osrm
553,delivered,2025-07-03 13:59:29,2025-07-03 14:07:07.634021,2025-07-03 14:10:58.500000,2025-07-03 14:18:03.900,18.581666666666667,3.8477663166666667,15,3,osrm
554,delivered,2025-07-03 13:59:40,2025-07-03 14:08:27.532651,2025-07-03 14:38:13.900000,2025-07-03 14:46:33.500,46.891666666666666,29.77278915,14,3,osrm
555,delivered,2025-07-03 14:04:32,2025-07-03 14:16:48.008858,2025-07-03 14:44:44.700000,2025-07-03 14:49:37.600,45.093333333333334,27.944852366666666,13,1,osrm
556,delivered,2025-07-03 14:05:58,2025-07-03 14:17:53.442694,2025-07-03 14:30:14.900000,2025-07-03 14:35:56.100,29.96833333333333,12.357621766666666,8,2,osrm
557,delivered,2025-07-03 14:06:47,2025-07-03 14:19:21.200795,2025-07-03 14:28:38.000000,2025-07-03 14:39:06.700,32.32833333333333,9.27998675,15,4,osrm
558,delivered,2025-07-03 14:07:38,2025-07-03 14:20:25.143424,2025-07-03 14:31:10.800000,2025-07-03 14:42:28.400,34.84,10.760942933333332,2,4,osrm
559,delivered,2025-07-03 14:07:50,2025-07-03 14:18:49.112483,2025-07-03 14:57:50.311606,2025-07-03 15:03:14.000,55.4,39.01998538333333,2,3,osrm
560,delivered,2025-07-03 14:08:15,2025-07-03 14:23:31.489831,2025-07-03 14:38:13.900000,2025-07-03 14:46:33.500,38.30833333333333,14.706836149999999,14,3,osrm
561,delivered,2025-07-03 14:09:09,2025-07-03 14:18:19.434867,2025-07-03 14:58:51.682916,2025-07-03 14:59:20.500,50.19166666666667,40.53746748333333,8,3,osrm
562,delivered,2025-07-03 14:14:33,2025-07-03 14:24:35.343493,2025-07-03 14:43:46.100000,2025-07-03 14:50:36.600,36.059999999999995,19.179275116666666,16,2,osrm
563,delivered,2025-07-03 14:15:18,2025-07-03 14:20:45.649657,2025-07-03 14:38:13.900000,2025-07-03 14:46:33.500,31.258333333333333,17.47083905,14,3,osrm
564,delivered,2025-07-03 14:17:27,2025-07-03 14:34:12.378426,2025-07-03 14:43:46.100000,2025-07-03 14:50:36.600,33.16,9.562026233333334,16,2,osrm
565,delivered,2025-07-03 14:20:43,2025-07-03 14:33:25.029088,2025-07-03 14:58:29.500000,2025-07-03 15:00:04.100,39.35166666666667,25.0745152,16,1,osrm
566,delivered,2025-07-03 14:20:48,2025-07-03 14:31:04.048906,2025-07-03 15:01:17.006133,2025-07-03 15:09:37.800,48.830000000000005,30.215953783333337,19,3,osrm
567,delivered,2025-07-03 14:21:25,2025-07-03 14:31:11.238680,2025-07-03 14:51:05.400000,2025-07-03 14:55:22.000,33.95,19.902688666666666,15,2,osrm
568,delivered,2025-07-03 14:22:35,2025-07-03 14:36:33.932054,2025-07-03 14:59:25.900000,2025-07-03 15:02:15.700,39.67833333333333,22.866132433333334,12,1,osrm
569,delivered,2025-07-03 14:23:59,2025-07-03 14:39:25.180001,2025-07-03 14:51:05.400000,2025-07-03 14:55:22.000,31.383333333333333,11.670333316666667,15,2,osrm
570,delivered,2025-07-03 14:25:18,2025-07-03 14:38:58.063404,2025-07-03 14:39:16.500000,2025-07-03 14:51:38.800,26.346666666666668,0.3072766,5,3,osrm
571,delivered,2025-07-03 14:26:15,2025-07-03 14:35:02.232222,2025-07-03 15:01:17.006133,2025-07-03 15:09:37.800,43.38,26.24623185,19,3,osrm
572,delivered,2025-07-03 14:31:39,2025-07-03 14:48:36.696330,2025-07-03 14:59:47.800000,2025-07-03 15:08:49.500,37.175,11.185061166666665,13,4,osrm
573,delivered,2025-07-03 14:31:54,2025-07-03 14:37:34.018761,2025-07-03 15:12:49.048672,2025-07-03 15:19:00.100,47.10166666666667,35.25049851666667,11,4,osrm
574,delivered,2025-07-03 14:32:20,2025-07-03 14:45:36.485020,2025-07-03 20:00:41.600000,2025-07-03 20:04:36.000,332.26666666666665,315.08524966666664,8,2,osrm
575,delivered,2025-07-03 14:33:38,2025-07-03 14:43:45.349157,2025-07-03 15:12:49.048672,2025-07-03 15:19:00.100,45.36833333333333,29.061658583333333,11,4,osrm
576,delivered,2025-07-03 14:33:41,2025-07-03 14:43:05.093668,2025-07-03 14:57:50.311606,2025-07-03 15:03:14.000,29.55,14.7536323,2,3,osrm
577,delivered,2025-07-03 14:34:59,2025-07-03 14:47:46.303879,2025-07-03 15:26:34.900000,2025-07-03 15:34:50.400,59.85666666666667,38.80993535,18,3,osrm
578,delivered,2025-07-03 14:37:26,2025-07-03 14:52:22.076592,2025-07-03 15:21:31.453184,2025-07-03 15:30:35.400,53.156666666666666,29.156276533333333,9,2,osrm
579,delivered,2025-07-03 14:41:23,2025-07-03 14:55:41.601245,2025-07-03 15:20:41.300000,2025-07-03 15:23:59.600,42.61,24.994979249999997,16,1,osrm
580,delivered,2025-07-03 14:44:36,2025-07-03 14:59:37.231399,2025-07-03 15:26:34.900000,2025-07-03 15:34:50.400,50.24,26.96114335,18,3,osrm
581,delivered,2025-07-03 14:44:46,2025-07-03 14:54:52.685068,2025-07-03 14:58:51.682916,2025-07-03 14:59:20.500,14.575,3.983297466666667,8,3,osrm
582,delivered,2025-07-03 14:44:19,2025-07-03 15:01:28.695856,2025-07-03 15:20:25.500000,2025-07-03 15:27:19.100,43.001666666666665,18.946735733333334,17,2,osrm
583,delivered,2025-07-03 14:44:04,2025-07-03 14:58:24.073152,2025-07-03 15:20:30.800000,2025-07-03 15:23:33.400,39.49,22.112114133333332,13,2,osrm
584,delivered,2025-07-03 14:45:12,2025-07-03 14:58:51.682916,2025-07-03 14:58:51.682916,2025-07-03 14:59:20.500,14.141666666666667,0.0,8,3,osrm
585,delivered,2025-07-03 14:46:32,2025-07-03 14:54:34.614285,2025-07-03 15:31:43.800000,2025-07-03 15:39:01.900,52.498333333333335,37.15309525,11,2,osrm
586,delivered,2025-07-03 14:46:59,2025-07-03 14:57:50.311606,2025-07-03 14:57:50.311606,2025-07-03 15:03:14.000,16.25,0.0,2,3,osrm
587,delivered,2025-07-03 14:50:31,2025-07-03 15:08:15.508718,2025-07-03 15:20:25.500000,2025-07-03 15:27:19.100,36.80166666666666,12.166521366666666,17,2,osrm
588,delivered,2025-07-03 14:51:36,2025-07-03 15:01:17.006133,2025-07-03 15:01:17.006133,2025-07-03 15:09:37.800,18.029999999999998,0.0,19,3,osrm
589,delivered,2025-07-03 14:51:37,2025-07-03 15:03:04.295164,2025-07-03 15:43:54.586646,2025-07-03 15:51:24.400,59.79,40.83819136666667,9,4,osrm
590,delivered,2025-07-03 14:52:30,2025-07-03 15:01:34.978040,2025-07-03 15:38:28.700000,2025-07-03 15:41:17.100,48.785,36.895365999999996,19,1,osrm
591,delivered,2025-07-03 14:53:30,2025-07-03 15:08:23.673862,2025-07-03 15:08:23.673862,2025-07-03 15:14:30.600,21.009999999999998,0.0,10,3,osrm
592,delivered,2025-07-03 14:55:09,2025-07-03 15:11:28.060356,2025-07-03 15:20:30.800000,2025-07-03 15:23:33.400,28.40666666666667,9.045660733333333,13,2,osrm
593,delivered,2025-07-03 14:59:03,2025-07-03 15:12:49.048672,2025-07-03 15:12:49.048672,2025-07-03 15:19:00.100,19.951666666666664,0.0,11,4,osrm
594,delivered,2025-07-03 14:59:56,2025-07-03 15:11:56.770057,2025-07-03 15:31:45.100000,2025-07-03 15:37:59.600,38.059999999999995,19.805499049999998,12,3,osrm
595,delivered,2025-07-03 15:00:54,2025-07-03 15:09:10.111488,2025-07-03 15:12:49.048672,2025-07-03 15:19:00.100,18.101666666666667,3.6489530666666665,11,4,osrm
596,delivered,2025-07-03 15:00:47,2025-07-03 15:08:38.467144,2025-07-03 15:31:43.800000,2025-07-03 15:39:01.900,38.248333333333335,23.088880933333332,11,2,osrm
597,delivered,2025-07-03 15:02:34,2025-07-03 15:12:49.365499,2025-07-03 15:43:54.586646,2025-07-03 15:51:24.400,48.84,31.087019116666667,9,4,osrm
598,delivered,2025-07-03 15:03:54,2025-07-03 15:13:45.017743,2025-07-03 15:26:34.900000,2025-07-03 15:34:50.400,30.94,12.83137095,18,3,osrm
599,delivered,2025-07-03 15:03:50,2025-07-03 15:21:05.551037,2025-07-03 15:56:10.943132,2025-07-03 15:57:38.900,53.815000000000005,35.08986825,7,3,osrm
600,delivered,2025-07-03 15:03:33,2025-07-03 15:19:20.861676,2025-07-03 15:42:24.900000,2025-07-03 15:48:50.900,45.29833333333333,23.067305400000002,20,3,osrm
601,delivered,2025-07-03 15:04:36,2025-07-03 15:15:36.479153,2025-07-03 15:31:45.100000,2025-07-03 15:37:59.600,33.39333333333333,16.143680783333334,12,3,osrm
602,delivered,2025-07-03 15:06:17,2025-07-03 15:19:38.007282,2025-07-03 15:31:45.100000,2025-07-03 15:37:59.600,31.709999999999997,12.118211966666667,12,3,osrm
603,delivered,2025-07-03 15:06:15,2025-07-03 15:18:45.639559,2025-07-03 15:48:59.471590,2025-07-03 15:54:38.000,48.38333333333333,30.230533849999997,18,4,osrm
604,delivered,2025-07-03 15:07:00,2025-07-03 15:21:32.221967,2025-07-03 15:38:19.700000,2025-07-03 15:40:50.500,33.84166666666667,16.79130055,2,1,osrm
605,delivered,2025-07-03 15:10:56,2025-07-03 15:16:31.210216,2025-07-03 15:57:23.130704,2025-07-03 15:58:10.300,47.23833333333334,40.86534146666667,4,3,osrm
606,delivered,2025-07-03 15:10:48,2025-07-03 15:27:14.741551,2025-07-03 15:43:54.586646,2025-07-03 15:51:24.400,40.60666666666667,16.664084916666667,9,4,osrm
607,delivered,2025-07-03 15:12:14,2025-07-03 15:21:31.453184,2025-07-03 15:21:31.453184,2025-07-03 15:30:35.400,18.35666666666667,0.0,9,2,osrm
608,delivered,2025-07-03 15:12:26,2025-07-03 15:27:35.283554,2025-07-03 15:48:59.471590,2025-07-03 15:54:38.000,42.2,21.403133933333333,18,4,osrm
609,delivered,2025-07-03 15:13:23,2025-07-03 15:23:12.360292,2025-07-03 15:48:24.200000,2025-07-03 15:52:20.000,38.95,25.197328466666665,11,3,osrm
610,delivered,2025-07-03 15:15:10,2025-07-03 15:29:09.544274,2025-07-03 15:48:24.200000,2025-07-03 15:52:20.000,37.166666666666664,19.2442621,11,3,osrm
611,delivered,2025-07-03 15:19:26,2025-07-03 15:31:31.337643,2025-07-03 15:48:59.471590,2025-07-03 15:54:38.000,35.2,17.468899116666666,18,4,osrm
612,delivered,2025-07-03 15:19:04,2025-07-03 15:27:49.005118,2025-07-03 15:48:24.200000,2025-07-03 15:52:20.000,33.266666666666666,20.586581366666667,11,3,osrm
613,delivered,2025-07-03 15:20:34,2025-07-03 15:29:52.932384,2025-07-03 15:59:58.473694,2025-07-03 16:06:51.600,46.29333333333333,30.092355166666668,19,4,osrm
614,delivered,2025-07-03 15:22:03,2025-07-03 15:38:37.218144,2025-07-03 16:11:15.200000,2025-07-03 16:19:52.200,57.82,32.63303093333334,7,4,osrm
615,delivered,2025-07-03 15:23:32,2025-07-03 15:35:23.623498,2025-07-03 19:42:20.900000,2025-07-03 19:53:45.500,270.225,246.9546083666667,19,4,osrm
616,delivered,2025-07-03 15:23:35,2025-07-03 15:37:43.470034,2025-07-03 16:08:08.393419,2025-07-03 16:13:02.300,49.455000000000005,30.41538975,9,4,osrm
617,delivered,2025-07-03 15:24:42,2025-07-03 15:40:47.778255,2025-07-03 15:59:58.473694,2025-07-03 16:06:51.600,42.16,19.178257316666667,19,4,osrm
618,delivered,2025-07-03 15:24:20,2025-07-03 15:36:42.650147,2025-07-03 15:57:23.130704,2025-07-03 15:58:10.300,33.83833333333333,20.67467595,4,3,osrm
619,delivered,2025-07-03 15:24:25,2025-07-03 15:35:10.681262,2025-07-03 15:42:24.900000,2025-07-03 15:48:50.900,24.43166666666667,7.236978966666666,20,3,osrm
620,delivered,2025-07-03 15:24:55,2025-07-03 15:37:06.440492,2025-07-03 15:53:39.200000,2025-07-03 15:57:37.300,32.705,16.5459918,15,2,osrm
621,delivered,2025-07-03 15:25:02,2025-07-03 15:36:29.014143,2025-07-03 16:15:26.311934,2025-07-03 16:22:41.800,57.663333333333334,38.954963183333334,15,3,osrm
622,delivered,2025-07-03 15:27:17,2025-07-03 15:42:00.224054,2025-07-03 16:24:32.316530,2025-07-03 16:30:43.200,63.43666666666666,42.534874599999995,16,4,osrm
623,delivered,2025-07-03 15:27:41,2025-07-03 15:39:32.700795,2025-07-03 15:59:58.473694,2025-07-03 16:06:51.600,39.17666666666666,20.42954831666667,19,4,osrm
624,delivered,2025-07-03 15:27:24,2025-07-03 15:38:24.617976,2025-07-03 15:42:24.900000,2025-07-03 15:48:50.900,21.448333333333334,4.0047004,20,3,osrm
625,delivered,2025-07-03 15:28:09,2025-07-03 15:39:46.253514,2025-07-03 16:04:47.049911,2025-07-03 16:10:12.800,42.06333333333334,25.013273283333334,11,3,osrm
626,delivered,2025-07-03 15:30:59,2025-07-03 15:46:36.105033,2025-07-03 16:31:33.672933,2025-07-03 16:39:27.500,68.475,44.959465,7,3,osrm
627,delivered,2025-07-03 15:31:06,2025-07-03 15:40:45.284525,2025-07-03 16:04:47.049911,2025-07-03 16:10:12.800,39.11333333333334,24.0294231,11,3,osrm
628,delivered,2025-07-03 15:31:12,2025-07-03 15:41:08.161346,2025-07-03 16:03:33.394466,2025-07-03 16:01:11.400,29.990000000000002,22.420552,2,2,osrm
629,delivered,2025-07-03 15:33:35,2025-07-03 15:48:59.471590,2025-07-03 15:48:59.471590,2025-07-03 15:54:38.000,21.05,0.0,18,4,osrm
630,delivered,2025-07-03 15:33:03,2025-07-03 15:44:13.571530,2025-07-03 16:26:26.204193,2025-07-03 16:31:50.900,58.79833333333333,42.21054438333333,2,4,osrm
631,delivered,2025-07-03 15:33:58,2025-07-03 15:46:16.547377,2025-07-03 16:22:31.735971,2025-07-03 16:27:52.900,53.915,36.25314323333334,19,4,osrm
632,delivered,2025-07-03 15:33:04,2025-07-03 15:46:35.514658,2025-07-03 16:23:22.605878,2025-07-03 16:23:59.100,50.91833333333333,36.78485366666666,11,2,osrm
633,delivered,2025-07-03 15:35:09,2025-07-03 15:43:54.586646,2025-07-03 15:43:54.586646,2025-07-03 15:51:24.400,16.256666666666668,0.0,9,4,osrm
634,delivered,2025-07-03 15:37:49,2025-07-03 15:48:26.860395,2025-07-03 16:08:08.393419,2025-07-03 16:13:02.300,35.22166666666667,19.692217066666668,9,4,osrm
635,delivered,2025-07-03 15:38:57,2025-07-03 15:46:33.013296,2025-07-03 15:53:39.200000,2025-07-03 15:57:37.300,18.671666666666667,7.103111733333334,15,2,osrm
636,delivered,2025-07-03 15:40:31,2025-07-03 15:55:57.145031,2025-07-03 15:59:06.800000,2025-07-03 16:06:04.800,25.563333333333333,3.16091615,16,3,osrm
637,delivered,2025-07-03 15:41:07,2025-07-03 15:46:47.953517,2025-07-03 16:08:08.393419,2025-07-03 16:13:02.300,31.921666666666667,21.340665033333334,9,4,osrm
638,delivered,2025-07-03 15:41:56,2025-07-03 15:51:37.523916,2025-07-03 15:56:10.943132,2025-07-03 15:57:38.900,15.715,4.5569869333333335,7,3,osrm
639,delivered,2025-07-03 15:41:52,2025-07-03 15:56:17.239633,2025-07-03 16:11:15.200000,2025-07-03 16:19:52.200,38.00333333333333,14.966006116666668,7,4,osrm
640,delivered,2025-07-03 15:43:17,2025-07-03 15:56:10.943132,2025-07-03 15:56:10.943132,2025-07-03 15:57:38.900,14.365,0.0,7,3,osrm
641,delivered,2025-07-03 15:45:20,2025-07-03 15:57:23.130704,2025-07-03 15:57:23.130704,2025-07-03 15:58:10.300,12.838333333333333,0.0,4,3,osrm
642,delivered,2025-07-03 15:47:22,2025-07-03 15:56:48.183714,2025-07-03 16:22:31.735971,2025-07-03 16:27:52.900,40.515,25.72587095,19,4,osrm
643,delivered,2025-07-03 15:50:05,2025-07-03 16:03:33.394466,2025-07-03 16:03:33.394466,2025-07-03 16:01:11.400,11.106666666666666,0.0,2,2,osrm
644,delivered,2025-07-03 15:50:57,2025-07-03 15:57:42.453043,2025-07-03 16:32:16.526636,2025-07-03 16:38:20.100,47.385,34.56789321666667,4,4,osrm
645,delivered,2025-07-03 15:50:48,2025-07-03 15:59:58.473694,2025-07-03 15:59:58.473694,2025-07-03 16:06:51.600,16.06,0.0,19,4,osrm
646,delivered,2025-07-03 15:52:14,2025-07-03 16:05:18.228057,2025-07-03 16:50:33.707886,2025-07-03 16:52:34.300,60.33833333333334,45.25799715,6,4,osrm
647,delivered,2025-07-03 15:52:38,2025-07-03 16:01:51.778038,2025-07-03 16:11:15.200000,2025-07-03 16:19:52.200,27.236666666666668,9.390366033333333,7,4,osrm
648,delivered,2025-07-03 15:52:04,2025-07-03 16:04:47.049911,2025-07-03 16:04:47.049911,2025-07-03 16:10:12.800,18.146666666666665,0.0,11,3,osrm
649,delivered,2025-07-03 15:53:40,2025-07-03 16:06:55.159475,2025-07-03 16:50:33.707886,2025-07-03 16:52:34.300,58.905,43.64247351666667,6,4,osrm
650,delivered,2025-07-03 15:54:03,2025-07-03 16:04:51.348241,2025-07-03 16:15:26.311934,2025-07-03 16:22:41.800,28.646666666666665,10.582728216666668,15,3,osrm
651,delivered,2025-07-03 15:55:02,2025-07-03 16:09:21.384187,2025-07-03 19:00:20.400000,2025-07-03 19:10:27.300,195.42166666666665,170.98359688333332,2,4,osrm
652,delivered,2025-07-03 15:56:08,2025-07-03 16:06:46.268675,2025-07-03 16:35:59.101659,2025-07-03 16:43:17.100,47.151666666666664,29.213883066666664,5,4,osrm
653,delivered,2025-07-03 15:56:06,2025-07-03 16:10:05.276281,2025-07-03 17:01:06.071253,2025-07-03 17:08:09.900,72.065,51.01324953333334,19,4,osrm
654,delivered,2025-07-03 15:56:09,2025-07-03 16:11:04.786356,2025-07-03 16:11:04.786356,2025-07-03 16:18:58.900,22.831666666666667,0.0,3,4,osrm
655,delivered,2025-07-03 15:57:30,2025-07-03 16:16:26.643570,2025-07-03 16:34:39.873496,2025-07-03 16:41:44.800,44.24666666666667,18.220498766666665,15,4,osrm
656,delivered,2025-07-03 15:57:43,2025-07-03 16:08:10.795846,2025-07-03 20:00:20.300000,2025-07-03 20:09:39.200,251.93666666666667,232.15840256666667,6,4,osrm
657,delivered,2025-07-03 15:59:14,2025-07-03 16:08:08.393419,2025-07-03 16:11:15.200000,2025-07-03 16:19:52.200,20.636666666666667,3.1134430166666665,7,4,osrm
658,delivered,2025-07-03 15:59:41,2025-07-03 16:10:42.444491,2025-07-03 16:32:16.526636,2025-07-03 16:38:20.100,38.651666666666664,21.56803575,4,4,osrm
659,delivered,2025-07-03 15:59:24,2025-07-03 16:15:18.914238,2025-07-03 16:55:07.775128,2025-07-03 16:57:36.500,58.208333333333336,39.81434816666667,4,4,osrm
660,delivered,2025-07-03 16:00:25,2025-07-03 16:13:31.948152,2025-07-03 16:51:09.557377,2025-07-03 16:56:51.100,56.434999999999995,37.62682041666667,2,4,osrm
661,delivered,2025-07-03 16:00:46,2025-07-03 16:12:43.957190,2025-07-03 16:22:31.735971,2025-07-03 16:27:52.900,27.115000000000002,9.796313016666666,19,4,osrm
662,delivered,2025-07-03 16:01:20,2025-07-03 16:12:19.067742,2025-07-03 19:57:01.100000,2025-07-03 20:06:34.100,245.235,224.7005376333333,12,4,osrm
663,delivered,2025-07-03 16:02:32,2025-07-03 16:11:59.460218,2025-07-03 16:26:26.204193,2025-07-03 16:31:50.900,29.315,14.445732916666666,2,4,osrm
664,delivered,2025-07-03 16:03:55,2025-07-03 16:15:45.685739,2025-07-03 16:46:39.859921,2025-07-03 16:47:59.700,44.07833333333333,30.902903033333335,14,4,osrm
665,delivered,2025-07-03 16:04:01,2025-07-03 16:15:26.311934,2025-07-03 16:15:26.311934,2025-07-03 16:22:41.800,18.68,0.0,15,3,osrm
666,delivered,2025-07-03 16:04:12,2025-07-03 16:11:46.209298,2025-07-03 16:34:39.873496,2025-07-03 16:41:44.800,37.54666666666667,22.8944033,15,4,osrm
667,delivered,2025-07-03 16:05:33,2025-07-03 16:19:11.408800,2025-07-03 16:26:26.204193,2025-07-03 16:31:50.900,26.298333333333336,7.246589883333333,2,4,osrm
668,delivered,2025-07-03 16:06:29,2025-07-03 16:23:00.657541,2025-07-03 16:42:10.896984,2025-07-03 16:49:35.700,43.111666666666665,19.17065738333333,12,3,osrm
669,delivered,2025-07-03 16:06:58,2025-07-03 16:19:09.687228,2025-07-03 16:49:21.121886,2025-07-03 16:55:12.300,48.23833333333334,30.19057763333333,20,4,osrm
670,delivered,2025-07-03 16:06:18,2025-07-03 16:21:43.599160,2025-07-03 16:31:33.672933,2025-07-03 16:39:27.500,33.15833333333333,9.834562883333332,7,3,osrm
671,delivered,2025-07-03 16:07:38,2025-07-03 16:20:10.094370,2025-07-03 16:55:07.775128,2025-07-03 17:02:12.300,54.57166666666667,34.96134596666666,15,3,osrm
672,delivered,2025-07-03 16:08:35,2025-07-03 16:24:32.316530,2025-07-03 16:24:32.316530,2025-07-03 16:30:43.200,22.136666666666667,0.0,16,4,osrm
673,delivered,2025-07-03 16:09:54,2025-07-03 16:20:13.464131,2025-07-03 19:46:22.800000,2025-07-03 19:50:12.900,220.315,206.15559781666667,13,2,osrm
674,delivered,2025-07-03 16:09:59,2025-07-03 16:22:31.735971,2025-07-03 16:22:31.735971,2025-07-03 16:27:52.900,17.898333333333333,0.0,19,4,osrm
675,delivered,2025-07-03 16:10:50,2025-07-03 16:24:01.995686,2025-07-03 19:53:56.500000,2025-07-03 20:00:35.900,229.765,209.90840523333333,3,3,osrm
676,delivered,2025-07-03 16:10:57,2025-07-03 16:23:36.301529,2025-07-03 16:50:26.510593,2025-07-03 16:57:02.200,46.086666666666666,26.83681773333333,17,4,osrm
677,delivered,2025-07-03 16:11:38,2025-07-03 16:22:24.116858,2025-07-03 16:35:59.101659,2025-07-03 16:43:17.100,31.651666666666664,13.583080016666665,5,4,osrm
678,delivered,2025-07-03 16:11:26,2025-07-03 16:21:20.501439,2025-07-03 16:55:07.775128,2025-07-03 16:57:36.500,46.175,33.78789481666667,4,4,osrm
679,delivered,2025-07-03 16:11:33,2025-07-03 16:22:17.902859,2025-07-03 16:34:39.873496,2025-07-03 16:41:44.800,30.196666666666665,12.366177283333334,15,4,osrm
680,delivered,2025-07-03 16:11:57,2025-07-03 16:28:05.052698,2025-07-03 17:05:20.995765,2025-07-03 17:10:42.000,58.75,37.265717783333336,12,4,osrm
681,delivered,2025-07-03 16:14:22,2025-07-03 16:32:16.526636,2025-07-03 16:46:39.859921,2025-07-03 16:47:59.700,33.62833333333334,14.388888083333335,14,4,osrm
682,delivered,2025-07-03 16:14:06,2025-07-03 16:23:22.605878,2025-07-03 16:23:22.605878,2025-07-03 16:23:59.100,9.885,0.0,11,2,osrm
683,delivered,2025-07-03 16:14:19,2025-07-03 16:23:44.444052,2025-07-03 17:17:41.787005,2025-07-03 17:23:29.300,69.17166666666667,53.95571588333333,5,4,osrm
684,delivered,2025-07-03 16:14:15,2025-07-03 16:29:40.075173,2025-07-03 16:35:59.101659,2025-07-03 16:43:17.100,29.035,6.3171081,5,4,osrm
685,delivered,2025-07-03 16:15:51,2025-07-03 16:32:04.760199,2025-07-03 16:50:26.510593,2025-07-03 16:57:02.200,41.18666666666666,18.362506566666664,17,4,osrm
686,delivered,2025-07-03 16:15:52,2025-07-03 16:35:35.280302,2025-07-03 20:18:21.600000,2025-07-03 20:22:38.400,246.77333333333334,222.77199496666665,1,1,osrm
687,delivered,2025-07-03 16:15:40,2025-07-03 16:29:10.074233,2025-07-03 17:15:16.033056,2025-07-03 17:19:12.800,63.54666666666667,46.099313716666664,3,4,osrm
688,delivered,2025-07-03 16:16:58,2025-07-03 16:22:34.620278,2025-07-03 16:51:08.301179,2025-07-03 17:00:21.500,43.391666666666666,28.56134835,8,4,osrm
689,delivered,2025-07-03 16:16:32,2025-07-03 16:26:26.204193,2025-07-03 16:26:26.204193,2025-07-03 16:31:50.900,15.315,0.0,2,4,osrm
690,delivered,2025-07-03 16:17:59,2025-07-03 16:35:58.354393,2025-07-03 19:42:20.900000,2025-07-03 19:53:45.500,215.775,186.37576011666667,19,4,osrm
691,delivered,2025-07-03 16:17:05,2025-07-03 16:29:54.552402,2025-07-03 17:02:40.807943,2025-07-03 17:11:42.000,54.61666666666667,32.77092568333333,14,4,osrm
692,delivered,2025-07-03 16:18:10,2025-07-03 16:26:26.493648,2025-07-03 17:05:20.995765,2025-07-03 17:10:42.000,52.53333333333333,38.908368616666664,12,4,osrm
693,delivered,2025-07-03 16:18:22,2025-07-03 16:31:56.624492,2025-07-03 17:15:33.984541,2025-07-03 17:17:39.300,59.288333333333334,43.62266748333333,2,4,osrm
694,delivered,2025-07-03 16:20:07,2025-07-03 16:31:21.817399,2025-07-03 17:17:41.530926,2025-07-03 17:24:21.100,64.235,46.32855878333333,13,4,osrm
695,delivered,2025-07-03 16:20:34,2025-07-03 16:31:43.459576,2025-07-03 17:01:13.155726,2025-07-03 17:09:11.500,48.625,29.494935833333333,18,4,osrm
696,delivered,2025-07-03 16:20:11,2025-07-03 16:31:33.672933,2025-07-03 16:31:33.672933,2025-07-03 16:39:27.500,19.275,0.0,7,3,osrm
697,delivered,2025-07-03 16:21:32,2025-07-03 16:29:05.096292,2025-07-03 17:01:13.155726,2025-07-03 17:09:11.500,47.65833333333333,32.1343239,18,4,osrm
698,delivered,2025-07-03 16:22:54,2025-07-03 16:35:46.549536,2025-07-03 18:48:56.900000,2025-07-03 18:56:00.700,153.11166666666668,133.17250773333333,6,4,osrm
699,delivered,2025-07-03 16:22:25,2025-07-03 16:31:49.111671,2025-07-03 16:49:21.121886,2025-07-03 16:55:12.300,32.788333333333334,17.533503583333335,20,4,osrm
700,delivered,2025-07-03 16:23:25,2025-07-03 16:35:49.925750,2025-07-03 17:10:51.625965,2025-07-03 17:14:33.100,51.135,35.02833691666667,6,4,osrm
701,delivered,2025-07-03 16:23:18,2025-07-03 16:32:35.006060,2025-07-03 16:59:34.521153,2025-07-03 17:05:07.700,41.82833333333333,26.991918216666665,13,4,osrm
702,delivered,2025-07-03 16:23:25,2025-07-03 16:35:44.408424,2025-07-03 16:49:21.121886,2025-07-03 16:55:12.300,31.788333333333334,13.611891033333334,20,4,osrm
703,delivered,2025-07-03 16:23:47,2025-07-03 16:34:39.873496,2025-07-03 16:34:39.873496,2025-07-03 16:41:44.800,17.96333333333333,0.0,15,4,osrm
704,delivered,2025-07-03 16:23:53,2025-07-03 16:35:59.101659,2025-07-03 16:35:59.101659,2025-07-03 16:43:17.100,19.401666666666664,0.0,5,4,osrm
705,delivered,2025-07-03 16:24:49,2025-07-03 16:30:47.338714,2025-07-03 16:59:34.521153,2025-07-03 17:05:07.700,40.31166666666666,28.78637398333333,13,4,osrm
706,delivered,2025-07-03 16:25:26,2025-07-03 16:36:13.619914,2025-07-03 16:42:10.896984,2025-07-03 16:49:35.700,24.16166666666667,5.954617833333333,12,3,osrm
707,delivered,2025-07-03 16:25:06,2025-07-03 16:36:22.113534,2025-07-03 17:17:41.530926,2025-07-03 17:24:21.100,59.251666666666665,41.3236232,13,4,osrm
708,delivered,2025-07-03 16:26:42,2025-07-03 16:40:36.850662,2025-07-03 16:55:07.775128,2025-07-03 17:02:12.300,35.505,14.515407766666668,15,3,osrm
709,delivered,2025-07-03 16:26:44,2025-07-03 16:48:27.755399,2025-07-03 20:20:26.400000,2025-07-03 20:23:34.200,236.83666666666667,211.97741001666665,5,1,osrm
710,delivered,2025-07-03 16:26:09,2025-07-03 16:39:01.680240,2025-07-03 16:45:25.668712,2025-07-03 16:50:18.400,24.15666666666667,6.3998078666666665,19,4,osrm
711,delivered,2025-07-03 16:26:09,2025-07-03 16:38:39.690947,2025-07-03 17:12:38.441268,2025-07-03 17:20:08.300,53.98833333333334,33.979172016666666,16,4,osrm
712,delivered,2025-07-03 16:26:59,2025-07-03 16:41:27.127823,2025-07-03 16:58:27.097343,2025-07-03 17:04:01.500,37.041666666666664,16.999492,5,4,osrm
713,delivered,2025-07-03 16:27:00,2025-07-03 16:32:00.000000,2025-07-03 17:30:50.800000,2025-07-03 17:39:01.900,72.03166666666667,58.84666666666667,17,4,osrm
714,delivered,2025-07-03 16:27:52,2025-07-03 16:45:59.537841,2025-07-03 17:19:41.077304,2025-07-03 17:24:35.800,56.730000000000004,33.692324383333336,19,3,osrm
715,delivered,2025-07-03 16:27:16,2025-07-03 16:39:58.126546,2025-07-03 18:34:08.100000,2025-07-03 18:45:57.500,138.69166666666666,114.16622423333334,19,4,osrm
716,delivered,2025-07-03 16:27:19,2025-07-03 16:36:11.558659,2025-07-03 17:17:06.162323,2025-07-03 17:23:36.500,56.291666666666664,40.91006106666667,10,4,osrm
717,delivered,2025-07-03 16:28:47,2025-07-03 16:42:10.896984,2025-07-03 16:42:10.896984,2025-07-03 16:49:35.700,20.811666666666667,0.0,12,3,osrm
718,delivered,2025-07-03 16:28:45,2025-07-03 16:42:05.105912,2025-07-03 17:20:13.911426,2025-07-03 17:23:17.000,54.53333333333333,38.14675856666667,4,4,osrm
719,delivered,2025-07-03 16:28:45,2025-07-03 16:42:17.658966,2025-07-03 20:18:39.200000,2025-07-03 20:21:13.500,232.475,216.35901723333333,20,1,osrm
720,delivered,2025-07-03 16:28:19,2025-07-03 16:44:35.296261,2025-07-03 17:15:16.033056,2025-07-03 17:19:12.800,50.89666666666667,30.678946583333335,3,4,osrm
721,delivered,2025-07-03 16:28:25,2025-07-03 16:44:03.923710,2025-07-03 19:59:59.900000,2025-07-03 20:09:12.300,220.78833333333333,195.93293816666667,9,4,osrm
722,delivered,2025-07-03 16:28:07,2025-07-03 16:39:06.283667,2025-07-03 17:10:51.625965,2025-07-03 17:14:33.100,46.434999999999995,31.755704966666666,6,4,osrm
723,delivered,2025-07-03 16:30:51,2025-07-03 16:43:24.744349,2025-07-03 17:32:53.539435,2025-07-03 17:41:50.000,70.98333333333333,49.4799181,3,4,osrm
724,delivered,2025-07-03 16:30:50,2025-07-03 16:40:38.165695,2025-07-03 19:20:51.500000,2025-07-03 19:29:26.700,178.61166666666668,160.22223841666667,15,4,osrm
725,delivered,2025-07-03 16:30:10,2025-07-03 16:46:13.124434,2025-07-03 16:47:30.958552,2025-07-03 16:53:08.100,22.96833333333333,1.2972353,11,4,osrm
726,delivered,2025-07-03 16:31:41,2025-07-03 16:47:30.958552,2025-07-03 16:47:30.958552,2025-07-03 16:53:08.100,21.451666666666664,0.0,11,4,osrm
727,delivered,2025-07-03 16:31:52,2025-07-03 16:43:01.276391,2025-07-03 17:05:20.995765,2025-07-03 17:10:42.000,38.833333333333336,22.328656233333334,12,4,osrm
728,delivered,2025-07-03 16:31:55,2025-07-03 16:41:07.066215,2025-07-03 17:02:40.807943,2025-07-03 17:11:42.000,39.78333333333333,21.562362133333334,14,4,osrm
729,delivered,2025-07-03 16:32:49,2025-07-03 16:42:52.066309,2025-07-03 19:52:38.300000,2025-07-03 19:57:14.600,204.42666666666668,189.77056151666665,10,4,osrm
730,delivered,2025-07-03 16:32:39,2025-07-03 16:45:25.668712,2025-07-03 16:45:25.668712,2025-07-03 16:50:18.400,17.65666666666667,0.0,19,4,osrm
731,delivered,2025-07-03 16:32:45,2025-07-03 16:50:26.100300,2025-07-03 16:50:26.510593,2025-07-03 16:57:02.200,24.28666666666667,0.006838216666666667,17,4,osrm
732,delivered,2025-07-03 16:32:42,2025-07-03 16:49:21.121886,2025-07-03 16:49:21.121886,2025-07-03 16:55:12.300,22.505,0.0,20,4,osrm
733,delivered,2025-07-03 16:34:05,2025-07-03 16:46:40.397047,2025-07-03 19:00:37.400000,2025-07-03 19:06:36.600,152.52666666666667,133.95004921666666,16,3,osrm
734,delivered,2025-07-03 16:34:52,2025-07-03 16:40:50.451991,2025-07-03 16:47:30.958552,2025-07-03 16:53:08.100,18.26833333333333,6.67510935,11,4,osrm
735,delivered,2025-07-03 16:34:33,2025-07-03 16:46:39.859921,2025-07-03 16:46:39.859921,2025-07-03 16:47:59.700,13.445,0.0,14,4,osrm
736,delivered,2025-07-03 16:35:31,2025-07-03 16:48:08.956154,2025-07-03 19:59:59.900000,2025-07-03 20:09:12.300,213.68833333333333,191.8490641,9,4,osrm
737,delivered,2025-07-03 16:35:08,2025-07-03 16:47:52.409870,2025-07-03 18:46:36.600000,2025-07-03 18:54:52.600,139.74333333333334,118.73650216666667,5,4,osrm
738,delivered,2025-07-03 16:35:57,2025-07-03 16:50:26.510593,2025-07-03 16:50:26.510593,2025-07-03 16:57:02.200,21.086666666666666,0.0,17,4,osrm
739,delivered,2025-07-03 16:36:45,2025-07-03 16:49:24.365917,2025-07-03 20:15:39.900000,2025-07-03 20:17:30.200,220.75333333333336,206.25890138333335,8,1,osrm
740,delivered,2025-07-03 16:36:04,2025-07-03 16:51:28.412759,2025-07-03 17:37:17.693810,2025-07-03 17:47:20.700,71.27833333333334,45.82135085,11,4,osrm
741,delivered,2025-07-03 16:36:21,2025-07-03 16:50:33.707886,2025-07-03 16:50:33.707886,2025-07-03 16:52:34.300,16.221666666666668,0.0,6,4,osrm
742,delivered,2025-07-03 16:37:03,2025-07-03 16:51:27.121252,2025-07-03 17:02:40.807943,2025-07-03 17:11:42.000,34.65,11.228111516666667,14,4,osrm
743,delivered,2025-07-03 16:37:56,2025-07-03 16:49:41.862660,2025-07-03 16:59:34.521153,2025-07-03 17:05:07.700,27.195,9.87764155,13,4,osrm
744,delivered,2025-07-03 16:38:46,2025-07-03 16:49:34.418044,2025-07-03 19:52:38.300000,2025-07-03 19:57:14.600,198.47666666666666,183.06469926666665,10,4,osrm
745,delivered,2025-07-03 16:38:44,2025-07-03 16:50:13.404617,2025-07-03 16:52:30.736211,2025-07-03 16:58:49.400,20.09,2.2888599,7,4,osrm
746,delivered,2025-07-03 16:38:06,2025-07-03 16:48:47.770756,2025-07-03 18:59:06.100000,2025-07-03 19:06:41.700,148.595,130.3054874,19,4,osrm
747,delivered,2025-07-03 16:39:23,2025-07-03 16:52:09.978796,2025-07-03 20:00:20.300000,2025-07-03 20:09:39.200,210.27,188.17202006666668,6,4,osrm
748,delivered,2025-07-03 16:39:03,2025-07-03 16:49:43.755594,2025-07-03 17:20:44.472887,2025-07-03 17:28:56.000,49.88333333333333,31.01195488333333,12,4,osrm
749,delivered,2025-07-03 16:40:44,2025-07-03 16:51:09.557377,2025-07-03 16:51:09.557377,2025-07-03 16:56:51.100,16.118333333333332,0.0,2,4,osrm
750,delivered,2025-07-03 16:41:42,2025-07-03 17:00:48.632065,2025-07-03 19:19:28.400000,2025-07-03 19:32:21.600,170.66,138.66279891666667,16,4,osrm
751,delivered,2025-07-03 16:41:05,2025-07-03 16:53:27.819137,2025-07-03 19:57:01.100000,2025-07-03 20:06:34.100,205.485,183.55468105,12,4,osrm
752,delivered,2025-07-03 16:42:16,2025-07-03 16:52:10.353942,2025-07-03 17:17:41.787005,2025-07-03 17:23:29.300,41.22166666666667,25.523884383333332,5,4,osrm
753,delivered,2025-07-03 16:42:26,2025-07-03 16:56:35.836493,2025-07-03 19:20:51.500000,2025-07-03 19:29:26.700,167.01166666666668,144.26105844999998,15,4,osrm
754,delivered,2025-07-03 16:42:04,2025-07-03 16:56:18.150176,2025-07-03 16:58:27.097343,2025-07-03 17:04:01.500,21.958333333333332,2.14911945,5,4,osrm
755,delivered,2025-07-03 16:43:41,2025-07-03 16:54:43.304556,2025-07-03 17:30:48.882621,2025-07-03 17:38:57.500,55.275,36.09296775,2,4,osrm
756,delivered,2025-07-03 16:43:13,2025-07-03 16:53:51.084725,2025-07-03 17:20:13.911426,2025-07-03 17:23:17.000,40.06666666666667,26.380445016666666,4,4,osrm
757,delivered,2025-07-03 16:43:34,2025-07-03 16:55:07.775128,2025-07-03 16:55:07.775128,2025-07-03 17:02:12.300,18.638333333333332,0.0,15,3,osrm
758,delivered,2025-07-03 16:43:32,2025-07-03 16:53:30.034072,2025-07-03 19:52:38.300000,2025-07-03 19:57:14.600,193.71,179.13776546666668,10,4,osrm
759,delivered,2025-07-03 16:44:20,2025-07-03 16:55:16.672549,2025-07-03 19:36:19.400000,2025-07-03 19:44:25.600,180.09333333333333,161.0454575166667,8,3,osrm
760,delivered,2025-07-03 16:44:04,2025-07-03 16:49:04.000000,2025-07-03 17:17:06.162323,2025-07-03 17:23:36.500,39.541666666666664,28.036038716666667,10,4,osrm
761,delivered,2025-07-03 16:44:58,2025-07-03 16:55:40.648625,2025-07-03 19:40:45.100000,2025-07-03 19:51:40.800,186.7133333333333,165.07418958333335,18,4,osrm
762,delivered,2025-07-03 16:44:19,2025-07-03 16:52:30.736211,2025-07-03 17:01:06.071253,2025-07-03 17:08:09.900,23.848333333333336,8.588917366666667,19,4,osrm
763,delivered,2025-07-03 16:44:36,2025-07-03 16:51:08.301179,2025-07-03 17:10:51.625965,2025-07-03 17:14:33.100,29.951666666666664,19.722079766666663,6,4,osrm
764,delivered,2025-07-03 16:44:12,2025-07-03 16:56:26.980286,2025-07-03 17:29:08.390286,2025-07-03 17:37:49.300,53.62166666666667,32.69016666666667,14,4,osrm
765,delivered,2025-07-03 16:45:48,2025-07-03 17:02:24.057624,2025-07-03 19:59:59.900000,2025-07-03 20:09:12.300,203.405,177.59737293333333,9,4,osrm
766,delivered,2025-07-03 16:45:41,2025-07-03 16:51:04.541156,2025-07-03 17:29:08.390286,2025-07-03 17:37:49.300,52.138333333333335,38.064152166666666,14,4,osrm
767,delivered,2025-07-03 16:45:19,2025-07-03 16:58:27.097343,2025-07-03 16:58:27.097343,2025-07-03 17:04:01.500,18.708333333333332,0.0,5,4,osrm
768,delivered,2025-07-03 16:45:35,2025-07-03 16:50:38.857240,2025-07-03 16:52:30.736211,2025-07-03 16:58:49.400,13.24,1.8646495166666668,7,4,osrm
769,delivered,2025-07-03 16:45:10,2025-07-03 17:03:55.844237,2025-07-03 17:20:13.911426,2025-07-03 17:23:17.000,38.11666666666667,16.301119816666667,4,4,osrm
770,delivered,2025-07-03 16:46:13,2025-07-03 16:53:16.198167,2025-07-03 19:53:56.500000,2025-07-03 20:00:35.900,194.38166666666666,180.67169721666667,3,3,osrm
771,delivered,2025-07-03 16:46:29,2025-07-03 16:59:34.521153,2025-07-03 16:59:34.521153,2025-07-03 17:05:07.700,18.645,0.0,13,4,osrm
772,delivered,2025-07-03 16:46:43,2025-07-03 16:57:14.374743,2025-07-03 19:46:22.800000,2025-07-03 19:50:12.900,183.49833333333333,169.14042095000002,13,2,osrm
773,delivered,2025-07-03 16:46:56,2025-07-03 17:01:19.412145,2025-07-03 17:12:38.441268,2025-07-03 17:20:08.300,33.205,11.31715205,16,4,osrm
774,delivered,2025-07-03 16:46:17,2025-07-03 17:01:13.155726,2025-07-03 17:01:13.155726,2025-07-03 17:09:11.500,22.908333333333335,0.0,18,4,osrm
775,delivered,2025-07-03 16:47:15,2025-07-03 17:01:06.071253,2025-07-03 17:01:06.071253,2025-07-03 17:08:09.900,20.915000000000003,0.0,19,4,osrm
776,delivered,2025-07-03 16:47:56,2025-07-03 16:56:13.831627,2025-07-03 17:10:32.056177,2025-07-03 17:13:28.700,25.545,14.3037425,9,4,osrm
777,delivered,2025-07-03 16:47:52,2025-07-03 17:03:18.826674,2025-07-03 17:14:14.944838,2025-07-03 17:14:17.800,26.43,10.935302733333334,1,4,osrm
778,delivered,2025-07-03 16:47:31,2025-07-03 16:59:07.867377,2025-07-03 17:36:17.208130,2025-07-03 17:45:00.700,57.495,37.15567921666666,13,4,osrm
779,delivered,2025-07-03 16:48:36,2025-07-03 17:00:12.216668,2025-07-03 19:30:51.200000,2025-07-03 19:39:25.700,170.82833333333335,150.64972219999999,10,3,osrm
780,delivered,2025-07-03 16:48:37,2025-07-03 17:00:16.577237,2025-07-03 17:17:41.787005,2025-07-03 17:23:29.300,34.87166666666667,17.4201628,5,4,osrm
781,delivered,2025-07-03 16:49:34,2025-07-03 17:03:17.701452,2025-07-03 17:32:53.539435,2025-07-03 17:41:50.000,52.266666666666666,29.597299716666665,3,4,osrm
782,delivered,2025-07-03 16:50:59,2025-07-03 17:02:40.807943,2025-07-03 17:02:40.807943,2025-07-03 17:11:42.000,20.716666666666665,0.0,14,4,osrm
783,delivered,2025-07-03 16:50:00,2025-07-03 17:05:38.199988,2025-07-03 17:35:22.193588,2025-07-03 17:42:44.400,52.74,29.733226666666667,15,4,osrm
784,delivered,2025-07-03 16:51:42,2025-07-03 17:04:18.488364,2025-07-03 17:57:09.200000,2025-07-03 18:05:09.700,73.46166666666666,52.845193933333334,1,4,osrm
785,delivered,2025-07-03 16:52:39,2025-07-03 17:06:11.875914,2025-07-03 17:42:17.930751,2025-07-03 17:49:43.900,57.08166666666667,36.10091395,8,4,osrm
786,delivered,2025-07-03 16:53:54,2025-07-03 17:04:43.158834,2025-07-03 17:37:58.600000,2025-07-03 17:45:39.300,51.755,33.25735276666667,1,4,osrm
787,delivered,2025-07-03 16:53:53,2025-07-03 17:05:01.698641,2025-07-03 17:52:51.522697,2025-07-03 18:01:00.200,67.11999999999999,47.83040093333333,2,4,osrm
788,delivered,2025-07-03 16:53:50,2025-07-03 17:00:38.244831,2025-07-03 17:01:06.071253,2025-07-03 17:08:09.900,14.331666666666667,0.4637737,19,4,osrm
789,delivered,2025-07-03 16:54:37,2025-07-03 17:05:20.995765,2025-07-03 17:05:20.995765,2025-07-03 17:10:42.000,16.083333333333332,0.0,12,4,osrm
790,delivered,2025-07-03 16:54:49,2025-07-03 17:06:35.406172,2025-07-03 17:20:44.472887,2025-07-03 17:28:56.000,34.11666666666667,14.151111916666668,12,4,osrm
791,delivered,2025-07-03 16:55:41,2025-07-03 17:04:09.272845,2025-07-03 17:12:38.441268,2025-07-03 17:20:08.300,24.455,8.486140383333334,16,4,osrm
792,delivered,2025-07-03 16:55:11,2025-07-03 17:10:32.056177,2025-07-03 17:10:32.056177,2025-07-03 17:13:28.700,18.295,0.0,9,4,osrm
793,delivered,2025-07-03 16:55:04,2025-07-03 17:07:40.764010,2025-07-03 19:52:38.300000,2025-07-03 19:57:14.600,182.17666666666668,164.95893316666667,10,4,osrm
794,delivered,2025-07-03 16:55:39,2025-07-03 17:14:14.944838,2025-07-03 17:20:44.472887,2025-07-03 17:28:56.000,33.28333333333333,6.49213415,12,4,osrm
795,delivered,2025-07-03 16:56:22,2025-07-03 17:10:51.625965,2025-07-03 17:10:51.625965,2025-07-03 17:14:33.100,18.185,0.0,6,4,osrm
796,delivered,2025-07-03 16:56:59,2025-07-03 17:04:02.901730,2025-07-03 17:19:17.582659,2025-07-03 17:22:00.400,25.023333333333333,15.24468215,15,4,osrm
797,delivered,2025-07-03 16:57:38,2025-07-03 17:11:20.920990,2025-07-03 17:19:41.077304,2025-07-03 17:24:35.800,26.96333333333333,8.335938566666666,19,3,osrm
798,delivered,2025-07-03 16:58:29,2025-07-03 17:10:14.930177,2025-07-03 17:10:32.056177,2025-07-03 17:13:28.700,14.995000000000001,0.28543333333333337,9,4,osrm
799,delivered,2025-07-03 16:58:21,2025-07-03 17:15:43.730158,2025-07-03 19:20:51.500000,2025-07-03 19:29:26.700,151.095,125.12949736666666,15,4,osrm
800,delivered,2025-07-03 16:59:40,2025-07-03 17:15:16.033056,2025-07-03 17:15:16.033056,2025-07-03 17:19:12.800,19.546666666666667,0.0,3,4,osrm
801,delivered,2025-07-03 16:59:53,2025-07-03 17:16:51.002816,2025-07-03 17:37:17.693810,2025-07-03 17:47:20.700,47.461666666666666,20.4448499,11,4,osrm
802,delivered,2025-07-03 16:59:31,2025-07-03 17:11:32.864605,2025-07-03 19:19:28.400000,2025-07-03 19:32:21.600,152.84333333333333,127.92558991666667,16,4,osrm
803,delivered,2025-07-03 17:00:41,2025-07-03 17:12:08.807376,2025-07-03 18:35:09.900000,2025-07-03 18:43:23.900,102.71499999999999,83.0182104,13,4,osrm
804,delivered,2025-07-03 17:00:10,2025-07-03 17:15:11.659903,2025-07-03 17:31:29.306932,2025-07-03 17:41:01.800,40.86333333333334,16.294117149999998,16,4,osrm
805,delivered,2025-07-03 17:01:29,2025-07-03 17:12:38.441268,2025-07-03 17:12:38.441268,2025-07-03 17:20:08.300,18.654999999999998,0.0,16,4,osrm
806,delivered,2025-07-03 17:02:53,2025-07-03 17:16:53.393372,2025-07-03 17:55:15.340063,2025-07-03 18:04:45.700,61.87833333333333,38.36577818333333,15,4,osrm
807,delivered,2025-07-03 17:02:08,2025-07-03 17:14:47.937413,2025-07-03 18:10:12.544208,2025-07-03 18:05:05.000,62.95,55.41011325,8,4,osrm
808,delivered,2025-07-03 17:02:54,2025-07-03 17:12:27.332119,2025-07-03 17:17:06.162323,2025-07-03 17:23:36.500,20.708333333333332,4.647170066666666,10,4,osrm
809,delivered,2025-07-03 17:03:32,2025-07-03 17:11:13.452638,2025-07-03 17:15:16.033056,2025-07-03 17:19:12.800,15.68,4.043006966666667,3,4,osrm
810,delivered,2025-07-03 17:03:50,2025-07-03 17:17:49.963579,2025-07-03 17:36:47.028166,2025-07-03 17:47:59.200,44.15333333333333,18.951076450000002,4,4,osrm
811,delivered,2025-07-03 17:03:59,2025-07-03 17:17:06.162323,2025-07-03 17:17:06.162323,2025-07-03 17:23:36.500,19.625,0.0,10,4,osrm
812,delivered,2025-07-03 17:04:58,2025-07-03 17:17:46.368767,2025-07-03 17:57:09.200000,2025-07-03 18:05:09.700,60.195,39.38052055,1,4,osrm
813,delivered,2025-07-03 17:04:49,2025-07-03 17:19:17.582659,2025-07-03 17:19:17.582659,2025-07-03 17:22:00.400,17.19,0.0,15,4,osrm
814,delivered,2025-07-03 17:04:32,2025-07-03 17:15:33.984541,2025-07-03 17:17:41.530926,2025-07-03 17:24:21.100,19.81833333333333,2.1257730833333333,13,4,osrm
815,delivered,2025-07-03 17:04:52,2025-07-03 17:19:41.077304,2025-07-03 17:19:41.077304,2025-07-03 17:24:35.800,19.73,0.0,19,3,osrm
816,delivered,2025-07-03 17:04:02,2025-07-03 17:13:30.168632,2025-07-03 17:31:16.786752,2025-07-03 17:41:38.700,37.611666666666665,17.77696866666667,18,4,osrm
817,delivered,2025-07-03 17:04:26,2025-07-03 17:17:41.787005,2025-07-03 17:17:41.787005,2025-07-03 17:23:29.300,19.055,0.0,5,4,osrm
818,delivered,2025-07-03 17:05:32,2025-07-03 17:10:48.736158,2025-07-03 20:06:30.200000,2025-07-03 20:07:38.700,182.11166666666668,175.69106403333333,19,1,osrm
819,delivered,2025-07-03 17:05:24,2025-07-03 17:14:27.318356,2025-07-03 20:08:19.400000,2025-07-03 20:12:11.800,186.79666666666665,173.8680274,11,1,osrm
820,delivered,2025-07-03 17:05:45,2025-07-03 17:16:25.662883,2025-07-03 17:39:17.756214,2025-07-03 17:43:08.100,37.385,22.868222183333334,5,4,osrm
821,delivered,2025-07-03 17:05:49,2025-07-03 17:19:09.546277,2025-07-03 17:36:40.273095,2025-07-03 17:41:17.900,35.48166666666667,17.512113633333335,9,4,osrm
822,delivered,2025-07-03 17:05:44,2025-07-03 17:20:12.398923,2025-07-03 18:09:52.292054,2025-07-03 18:10:00.300,64.27166666666668,49.664885516666665,12,3,osrm
823,delivered,2025-07-03 17:06:24,2025-07-03 17:17:25.148100,2025-07-03 17:43:10.402179,2025-07-03 17:47:52.100,41.468333333333334,25.75423465,7,4,osrm
824,delivered,2025-07-03 17:06:11,2025-07-03 17:20:44.472887,2025-07-03 17:20:44.472887,2025-07-03 17:28:56.000,22.75,0.0,12,4,osrm
825,delivered,2025-07-03 17:06:15,2025-07-03 17:19:58.737709,2025-07-03 20:03:26.400000,2025-07-03 20:07:25.200,181.17000000000002,163.46103818333333,14,1,osrm
826,delivered,2025-07-03 17:07:24,2025-07-03 17:17:06.252888,2025-07-03 17:57:06.800000,2025-07-03 18:03:51.500,56.458333333333336,40.009118533333336,19,4,osrm
827,delivered,2025-07-03 17:07:07,2025-07-03 17:18:02.639680,2025-07-03 17:36:17.208130,2025-07-03 17:45:00.700,37.894999999999996,18.2428075,13,4,osrm
828,delivered,2025-07-03 17:07:42,2025-07-03 17:19:27.420148,2025-07-03 18:15:10.700000,2025-07-03 18:22:27.100,74.75166666666668,55.72133086666667,9,4,osrm
829,delivered,2025-07-03 17:08:06,2025-07-03 17:16:57.272482,2025-07-03 19:59:59.900000,2025-07-03 20:09:12.300,181.105,163.04379196666665,9,4,osrm
830,delivered,2025-07-03 17:08:56,2025-07-03 17:20:02.812058,2025-07-03 17:36:17.208130,2025-07-03 17:45:00.700,36.07833333333333,16.239934533333333,13,4,osrm
831,delivered,2025-07-03 17:08:26,2025-07-03 17:22:00.223623,2025-07-03 18:59:11.100000,2025-07-03 19:09:33.500,121.125,97.18127295,20,4,osrm
832,delivered,2025-07-03 17:09:56,2025-07-03 17:23:24.883891,2025-07-03 19:00:20.400000,2025-07-03 19:10:27.300,120.52166666666668,96.92526848333334,2,4,osrm
833,delivered,2025-07-03 17:09:31,2025-07-03 17:23:05.239876,2025-07-03 17:39:17.756214,2025-07-03 17:43:08.100,33.61833333333333,16.208605633333335,5,4,osrm
834,delivered,2025-07-03 17:09:41,2025-07-03 17:17:31.094352,2025-07-03 17:40:15.615877,2025-07-03 17:46:31.100,36.835,22.742025416666667,12,4,osrm
835,delivered,2025-07-03 17:09:18,2025-07-03 17:17:41.530926,2025-07-03 17:17:41.530926,2025-07-03 17:24:21.100,15.051666666666668,0.0,13,4,osrm
836,delivered,2025-07-03 17:10:54,2025-07-03 17:26:55.156837,2025-07-03 17:31:29.306932,2025-07-03 17:41:01.800,30.13,4.569168250000001,16,4,osrm
837,delivered,2025-07-03 17:10:16,2025-07-03 17:27:18.919097,2025-07-03 17:40:15.615877,2025-07-03 17:46:31.100,36.251666666666665,12.944946333333332,12,4,osrm
838,delivered,2025-07-03 17:10:11,2025-07-03 17:22:15.075667,2025-07-03 18:19:47.137526,2025-07-03 18:23:15.000,73.06666666666666,57.53436431666667,2,3,osrm
839,delivered,2025-07-03 17:10:52,2025-07-03 17:17:06.757304,2025-07-03 18:14:44.200000,2025-07-03 18:21:51.000,70.98333333333333,57.62404493333334,15,3,osrm
840,delivered,2025-07-03 17:11:20,2025-07-03 17:24:00.519233,2025-07-03 17:31:29.306932,2025-07-03 17:41:01.800,29.696666666666665,7.479794983333333,16,4,osrm
841,delivered,2025-07-03 17:11:47,2025-07-03 17:22:00.956150,2025-07-03 18:34:08.100000,2025-07-03 18:45:57.500,94.175,72.11906416666667,19,4,osrm
842,delivered,2025-07-03 17:11:40,2025-07-03 17:23:56.144015,2025-07-03 17:45:50.041343,2025-07-03 17:51:56.500,40.275,21.8982888,20,4,osrm
843,delivered,2025-07-03 17:11:59,2025-07-03 17:29:13.947034,2025-07-03 17:53:08.200000,2025-07-03 18:00:56.200,48.95333333333333,23.9042161,9,4,osrm
844,delivered,2025-07-03 17:11:37,2025-07-03 17:24:09.562739,2025-07-03 17:35:22.193588,2025-07-03 17:42:44.400,31.123333333333335,11.21051415,15,4,osrm
845,delivered,2025-07-03 17:12:12,2025-07-03 17:23:21.346345,2025-07-03 17:30:48.882621,2025-07-03 17:38:57.500,26.758333333333333,7.458937933333333,2,4,osrm
846,delivered,2025-07-03 17:12:00,2025-07-03 17:19:31.682066,2025-07-03 17:29:07.896078,2025-07-03 17:32:22.400,20.373333333333335,9.603566866666666,20,4,osrm
847,delivered,2025-07-03 17:12:25,2025-07-03 17:20:13.911426,2025-07-03 17:20:13.911426,2025-07-03 17:23:17.000,10.866666666666667,0.0,4,4,osrm
848,delivered,2025-07-03 17:12:50,2025-07-03 17:29:08.390286,2025-07-03 17:36:47.028166,2025-07-03 17:47:59.200,35.15333333333333,7.643964666666666,4,4,osrm
849,delivered,2025-07-03 17:12:16,2025-07-03 17:28:36.717681,2025-07-03 18:17:19.825404,2025-07-03 18:23:33.300,71.28833333333334,48.71846205,16,4,osrm
850,delivered,2025-07-03 17:13:57,2025-07-03 17:29:07.896078,2025-07-03 17:42:17.930751,2025-07-03 17:49:43.900,35.781666666666666,13.16724455,8,4,osrm
851,delivered,2025-07-03 17:14:18,2025-07-03 17:30:09.153326,2025-07-03 18:17:03.000000,2025-07-03 18:25:24.400,71.10666666666665,46.897444566666664,19,4,osrm
852,delivered,2025-07-03 17:14:48,2025-07-03 17:21:39.417479,2025-07-03 18:09:44.454432,2025-07-03 18:15:44.900,60.94833333333334,48.08394921666666,20,4,osrm
853,delivered,2025-07-03 17:14:47,2025-07-03 17:24:40.902617,2025-07-03 17:25:51.100000,2025-07-03 17:34:01.900,19.248333333333335,1.1699563833333333,6,4,osrm
854,delivered,2025-07-03 17:14:42,2025-07-03 17:25:33.796649,2025-07-03 17:29:07.896078,2025-07-03 17:32:22.400,17.673333333333336,3.5683238166666666,20,4,osrm
855,delivered,2025-07-03 17:14:00,2025-07-03 17:31:38.253987,2025-07-03 18:17:03.000000,2025-07-03 18:25:24.400,71.40666666666667,45.412433549999996,19,4,osrm
856,delivered,2025-07-03 17:15:19,2025-07-03 17:29:04.422785,2025-07-03 17:43:10.402179,2025-07-03 17:47:52.100,32.55166666666666,14.099656566666665,7,4,osrm
857,delivered,2025-07-03 17:15:11,2025-07-03 17:25:35.977227,2025-07-03 17:37:58.600000,2025-07-03 17:45:39.300,30.471666666666668,12.377046216666667,1,4,osrm
858,delivered,2025-07-03 17:15:15,2025-07-03 17:29:27.958756,2025-07-03 17:31:16.786752,2025-07-03 17:41:38.700,26.395,1.8137999333333332,18,4,osrm
859,delivered,2025-07-03 17:15:13,2025-07-03 17:33:51.533756,2025-07-03 19:53:56.500000,2025-07-03 20:00:35.900,165.38166666666666,140.08277073333332,3,3,osrm
860,delivered,2025-07-03 17:15:18,2025-07-03 17:22:49.260729,2025-07-03 18:09:44.454432,2025-07-03 18:15:44.900,60.44833333333334,46.91989505,20,4,osrm
861,delivered,2025-07-03 17:15:10,2025-07-03 17:25:45.783644,2025-07-03 18:03:11.913982,2025-07-03 18:11:31.000,56.35,37.435505633333335,7,4,osrm
862,delivered,2025-07-03 17:15:40,2025-07-03 17:33:31.998270,2025-07-03 18:10:12.544208,2025-07-03 18:05:05.000,49.416666666666664,36.675765633333334,8,4,osrm
863,delivered,2025-07-03 17:16:12,2025-07-03 17:25:25.343689,2025-07-03 17:55:15.340063,2025-07-03 18:04:45.700,48.56166666666666,29.8332729,15,4,osrm
864,delivered,2025-07-03 17:17:00,2025-07-03 17:29:28.532092,2025-07-03 17:40:15.615877,2025-07-03 17:46:31.100,29.51833333333333,10.78472975,12,4,osrm
865,delivered,2025-07-03 17:17:26,2025-07-03 17:30:53.061888,2025-07-03 18:20:19.081948,2025-07-03 18:26:48.900,69.38166666666666,49.433667666666665,18,4,osrm
866,delivered,2025-07-03 17:17:46,2025-07-03 17:26:35.779764,2025-07-03 17:49:26.007189,2025-07-03 17:51:21.400,33.59,22.83712375,6,4,osrm
867,delivered,2025-07-03 17:17:15,2025-07-03 17:26:57.095170,2025-07-03 17:32:53.539435,2025-07-03 17:41:50.000,24.583333333333332,5.940737749999999,3,4,osrm
868,delivered,2025-07-03 17:19:59,2025-07-03 17:31:04.839462,2025-07-03 17:57:06.800000,2025-07-03 18:03:51.500,43.875,26.032675633333334,19,4,osrm
869,delivered,2025-07-03 17:19:54,2025-07-03 17:30:48.882621,2025-07-03 17:49:26.007189,2025-07-03 17:51:21.400,31.456666666666667,18.6187428,6,4,osrm
870,delivered,2025-07-03 17:19:25,2025-07-03 17:30:33.441409,2025-07-03 17:37:58.600000,2025-07-03 17:45:39.300,26.238333333333333,7.41930985,1,4,osrm
871,delivered,2025-07-03 17:19:43,2025-07-03 17:34:20.975518,2025-07-03 17:55:39.100000,2025-07-03 18:05:19.900,45.615,21.3020747,13,4,osrm
872,delivered,2025-07-03 17:19:58,2025-07-03 17:35:22.193588,2025-07-03 17:35:22.193588,2025-07-03 17:42:44.400,22.773333333333333,0.0,15,4,osrm
873,delivered,2025-07-03 17:19:53,2025-07-03 17:31:29.306932,2025-07-03 17:31:29.306932,2025-07-03 17:41:01.800,21.146666666666665,0.0,16,4,osrm
874,delivered,2025-07-03 17:20:52,2025-07-03 17:32:13.714332,2025-07-03 17:35:22.193588,2025-07-03 17:42:44.400,21.873333333333335,3.141320933333333,15,4,osrm
875,delivered,2025-07-03 17:20:57,2025-07-03 17:33:22.336399,2025-07-03 18:08:41.600000,2025-07-03 18:15:53.900,54.94833333333334,35.32106001666667,14,4,osrm
876,delivered,2025-07-03 17:20:21,2025-07-03 17:31:16.786752,2025-07-03 17:45:50.041343,2025-07-03 17:51:56.500,31.591666666666665,14.554243183333334,20,4,osrm
877,delivered,2025-07-03 17:22:36,2025-07-03 17:33:43.066515,2025-07-03 17:53:08.200000,2025-07-03 18:00:56.200,38.336666666666666,19.418891416666668,9,4,osrm
878,delivered,2025-07-03 17:22:25,2025-07-03 17:38:38.633610,2025-07-03 18:59:06.100000,2025-07-03 19:06:41.700,104.27833333333334,80.45777316666666,19,4,osrm
879,delivered,2025-07-03 17:22:02,2025-07-03 17:37:37.460873,2025-07-03 17:37:58.600000,2025-07-03 17:45:39.300,23.621666666666666,0.35231878333333333,1,4,osrm
880,delivered,2025-07-03 17:22:34,2025-07-03 17:34:24.560701,2025-07-03 19:42:20.900000,2025-07-03 19:53:45.500,151.19166666666666,127.93898831666667,19,4,osrm
881,delivered,2025-07-03 17:22:21,2025-07-03 17:32:53.539435,2025-07-03 17:32:53.539435,2025-07-03 17:41:50.000,19.483333333333334,0.0,3,4,osrm
882,delivered,2025-07-03 17:22:09,2025-07-03 17:38:23.668866,2025-07-03 19:37:58.800000,2025-07-03 19:49:27.100,147.30166666666668,119.5855189,17,3,osrm
883,delivered,2025-07-03 17:23:25,2025-07-03 17:32:07.629891,2025-07-03 17:37:17.693810,2025-07-03 17:47:20.700,23.928333333333335,5.167731983333334,11,4,osrm
884,delivered,2025-07-03 17:23:14,2025-07-03 17:33:15.877215,2025-07-03 19:29:26.200000,2025-07-03 19:35:16.000,132.03333333333333,116.17204641666667,14,3,osrm
885,delivered,2025-07-03 17:23:40,2025-07-03 17:36:40.273095,2025-07-03 17:42:17.930751,2025-07-03 17:49:43.900,26.065,5.627627599999999,8,4,osrm
886,delivered,2025-07-03 17:24:55,2025-07-03 17:36:17.208130,2025-07-03 17:36:17.208130,2025-07-03 17:45:00.700,20.095000000000002,0.0,13,4,osrm
887,delivered,2025-07-03 17:25:24,2025-07-03 17:37:06.276873,2025-07-03 19:10:32.300000,2025-07-03 19:17:09.400,111.75666666666666,93.43371878333333,14,3,osrm
888,delivered,2025-07-03 17:25:16,2025-07-03 17:41:30.403768,2025-07-03 18:59:11.100000,2025-07-03 19:09:33.500,104.29166666666667,77.67827053333333,20,4,osrm
889,delivered,2025-07-03 17:25:51,2025-07-03 17:39:16.008530,2025-07-03 17:52:51.522697,2025-07-03 18:01:00.200,35.15333333333333,13.591902783333333,2,4,osrm
890,delivered,2025-07-03 17:25:36,2025-07-03 17:30:36.000000,2025-07-03 19:29:26.200000,2025-07-03 19:35:16.000,129.66666666666666,118.83666666666666,14,3,osrm
891,delivered,2025-07-03 17:26:37,2025-07-03 17:36:31.867865,2025-07-03 20:00:41.600000,2025-07-03 20:04:36.000,157.98333333333332,144.16220225,8,2,osrm
892,delivered,2025-07-03 17:26:20,2025-07-03 17:40:15.615877,2025-07-03 17:40:15.615877,2025-07-03 17:46:31.100,20.185,0.0,12,4,osrm
893,delivered,2025-07-03 17:26:06,2025-07-03 17:36:47.028166,2025-07-03 17:56:09.100000,2025-07-03 18:06:32.700,40.445,19.3678639,5,4,osrm
894,delivered,2025-07-03 17:27:06,2025-07-03 17:38:41.906337,2025-07-03 18:17:19.825404,2025-07-03 18:23:33.300,56.455000000000005,38.63198445,16,4,osrm
895,delivered,2025-07-03 17:27:04,2025-07-03 17:37:17.693810,2025-07-03 17:37:17.693810,2025-07-03 17:47:20.700,20.278333333333332,0.0,11,4,osrm
896,delivered,2025-07-03 17:27:37,2025-07-03 17:40:41.027331,2025-07-03 18:08:41.600000,2025-07-03 18:15:53.900,48.281666666666666,28.009544483333332,14,4,osrm
897,delivered,2025-07-03 17:27:04,2025-07-03 17:43:58.497515,2025-07-03 19:57:01.100000,2025-07-03 20:06:34.100,159.50166666666667,133.04337475,12,4,osrm
898,delivered,2025-07-03 17:27:54,2025-07-03 17:41:07.955942,2025-07-03 19:20:51.500000,2025-07-03 19:29:26.700,121.545,99.72573430000001,15,4,osrm
899,delivered,2025-07-03 17:29:03,2025-07-03 17:40:40.366054,2025-07-03 18:03:11.913982,2025-07-03 18:11:31.000,42.46666666666667,22.5257988,7,4,osrm
900,delivered,2025-07-03 17:29:55,2025-07-03 17:34:55.000000,2025-07-03 17:57:56.863231,2025-07-03 18:06:53.500,36.975,23.03105385,3,4,osrm
901,delivered,2025-07-03 17:29:56,2025-07-03 17:43:37.518353,2025-07-03 18:14:44.200000,2025-07-03 18:21:51.000,51.916666666666664,31.111360783333335,15,3,osrm
902,delivered,2025-07-03 17:30:34,2025-07-03 17:39:17.756214,2025-07-03 17:39:17.756214,2025-07-03 17:43:08.100,12.568333333333333,0.0,5,4,osrm
903,delivered,2025-07-03 17:30:00,2025-07-03 17:39:43.936655,2025-07-03 17:53:08.200000,2025-07-03 18:00:56.200,30.936666666666667,13.404389083333333,9,4,osrm
904,delivered,2025-07-03 17:31:57,2025-07-03 17:46:17.290674,2025-07-03 17:57:06.800000,2025-07-03 18:03:51.500,31.908333333333335,10.825155433333332,19,4,osrm
905,delivered,2025-07-03 17:31:59,2025-07-03 17:45:23.547174,2025-07-03 18:34:58.400000,2025-07-03 18:40:54.900,68.93166666666666,49.58088043333333,15,2,osrm
906,delivered,2025-07-03 17:31:41,2025-07-03 17:42:17.930751,2025-07-03 17:57:06.800000,2025-07-03 18:03:51.500,32.175,14.814487483333332,19,4,osrm
907,delivered,2025-07-03 17:31:26,2025-07-03 17:43:10.402179,2025-07-03 17:43:10.402179,2025-07-03 17:47:52.100,16.435,0.0,7,4,osrm
908,delivered,2025-07-03 17:31:21,2025-07-03 17:49:45.012014,2025-07-03 18:09:44.454432,2025-07-03 18:15:44.900,44.39833333333333,19.990706966666668,20,4,osrm
909,delivered,2025-07-03 17:31:09,2025-07-03 17:36:09.000000,2025-07-03 17:57:56.863231,2025-07-03 18:06:53.500,35.74166666666667,21.79772051666667,3,4,osrm
910,delivered,2025-07-03 17:31:51,2025-07-03 17:41:31.539267,2025-07-03 17:43:10.402179,2025-07-03 17:47:52.100,16.018333333333334,1.6477152,7,4,osrm
911,delivered,2025-07-03 17:31:17,2025-07-03 17:43:12.344044,2025-07-03 18:33:48.400058,2025-07-03 18:37:12.100,65.91833333333334,50.60093356666666,17,2,osrm
912,delivered,2025-07-03 17:31:07,2025-07-03 17:38:26.893492,2025-07-03 18:15:41.300000,2025-07-03 18:24:06.600,52.99333333333333,37.24010846666667,10,4,osrm
913,delivered,2025-07-03 17:32:09,2025-07-03 17:46:40.017656,2025-07-03 18:17:19.825404,2025-07-03 18:23:33.300,51.405,30.663462466666665,16,4,osrm
914,delivered,2025-07-03 17:32:21,2025-07-03 17:46:42.642645,2025-07-03 18:15:41.300000,2025-07-03 18:24:06.600,51.76,28.977622583333336,10,4,osrm
915,delivered,2025-07-03 17:32:15,2025-07-03 17:47:06.248426,2025-07-03 17:57:09.200000,2025-07-03 18:05:09.700,32.91166666666667,10.049192900000001,1,4,osrm
916,delivered,2025-07-03 17:32:53,2025-07-03 17:45:50.041343,2025-07-03 17:55:15.340063,2025-07-03 18:04:45.700,31.878333333333334,9.421645333333334,15,4,osrm
917,delivered,2025-07-03 17:32:53,2025-07-03 17:44:48.147249,2025-07-03 18:19:15.500000,2025-07-03 18:31:20.700,58.461666666666666,34.45587918333333,11,4,osrm
918,delivered,2025-07-03 17:33:15,2025-07-03 17:44:52.511480,2025-07-03 18:37:11.600000,2025-07-03 18:47:00.400,73.75666666666666,52.318141999999995,1,3,osrm
919,delivered,2025-07-03 17:33:52,2025-07-03 17:45:24.004462,2025-07-03 18:15:10.700000,2025-07-03 18:22:27.100,48.585,29.778258966666666,9,4,osrm
920,delivered,2025-07-03 17:33:11,2025-07-03 17:51:23.218204,2025-07-03 18:34:08.100000,2025-07-03 18:45:57.500,72.775,42.748029933333335,19,4,osrm
921,delivered,2025-07-03 17:34:52,2025-07-03 17:52:27.385106,2025-07-03 18:15:10.700000,2025-07-03 18:22:27.100,47.585,22.7219149,9,4,osrm
922,delivered,2025-07-03 17:34:50,2025-07-03 17:47:02.021875,2025-07-03 17:52:51.522697,2025-07-03 18:01:00.200,26.17,5.8250137,2,4,osrm
923,delivered,2025-07-03 17:34:17,2025-07-03 17:48:09.979316,2025-07-03 19:37:58.800000,2025-07-03 19:49:27.100,135.16833333333335,109.81367806666667,17,3,osrm
924,delivered,2025-07-03 17:34:19,2025-07-03 17:45:43.236362,2025-07-03 17:57:56.863231,2025-07-03 18:06:53.500,32.575,12.227114483333335,3,4,osrm
925,delivered,2025-07-03 17:35:01,2025-07-03 17:49:26.007189,2025-07-03 17:53:08.200000,2025-07-03 18:00:56.200,25.92,3.7032135166666666,9,4,osrm
926,delivered,2025-07-03 17:36:55,2025-07-03 17:51:35.988578,2025-07-03 18:17:03.000000,2025-07-03 18:25:24.400,48.49,25.450190366666668,19,4,osrm
927,delivered,2025-07-03 17:36:25,2025-07-03 17:51:43.617125,2025-07-03 18:25:16.538661,2025-07-03 18:30:54.200,54.486666666666665,33.54869226666667,5,4,osrm
928,delivered,2025-07-03 17:36:44,2025-07-03 17:49:45.079144,2025-07-03 19:29:26.200000,2025-07-03 19:35:16.000,118.53333333333333,99.68534759999999,14,3,osrm
929,delivered,2025-07-03 17:37:29,2025-07-03 17:52:54.571651,2025-07-03 17:55:39.100000,2025-07-03 18:05:19.900,27.848333333333336,2.74213915,13,4,osrm
930,delivered,2025-07-03 17:38:49,2025-07-03 17:52:29.401362,2025-07-03 18:08:41.600000,2025-07-03 18:15:53.900,37.08166666666667,16.203310633333334,14,4,osrm
931,delivered,2025-07-03 17:38:31,2025-07-03 17:50:34.861140,2025-07-03 17:55:39.100000,2025-07-03 18:05:19.900,26.815,5.070647666666667,13,4,osrm
932,delivered,2025-07-03 17:39:20,2025-07-03 17:52:51.522697,2025-07-03 17:52:51.522697,2025-07-03 18:01:00.200,21.67,0.0,2,4,osrm
933,delivered,2025-07-03 17:39:25,2025-07-03 17:57:56.863231,2025-07-03 17:57:56.863231,2025-07-03 18:06:53.500,27.475,0.0,3,4,osrm
934,delivered,2025-07-03 17:39:09,2025-07-03 17:48:01.191926,2025-07-03 18:39:50.982866,2025-07-03 18:46:45.300,67.605,51.829848999999996,9,4,osrm
935,delivered,2025-07-03 17:40:15,2025-07-03 17:51:33.789788,2025-07-03 18:46:36.600000,2025-07-03 18:54:52.600,74.62666666666668,55.046836866666666,5,4,osrm
936,delivered,2025-07-03 17:41:28,2025-07-03 17:53:43.140773,2025-07-03 18:03:11.913982,2025-07-03 18:11:31.000,30.05,9.479553483333332,7,4,osrm
937,delivered,2025-07-03 17:41:02,2025-07-03 17:55:15.340063,2025-07-03 17:55:15.340063,2025-07-03 18:04:45.700,23.728333333333335,0.0,15,4,osrm
938,delivered,2025-07-03 17:43:53,2025-07-03 17:58:31.110946,2025-07-03 18:34:36.704344,2025-07-03 18:38:47.100,54.901666666666664,36.0932233,6,4,osrm
939,delivered,2025-07-03 17:43:03,2025-07-03 17:55:14.603973,2025-07-03 19:30:51.200000,2025-07-03 19:39:25.700,116.37833333333333,95.60993378333333,10,3,osrm
940,delivered,2025-07-03 17:44:30,2025-07-03 17:56:11.317669,2025-07-03 18:45:50.600000,2025-07-03 18:50:05.000,65.58333333333333,49.65470551666667,20,4,osrm
941,delivered,2025-07-03 17:45:59,2025-07-03 17:55:20.679219,2025-07-03 18:19:15.500000,2025-07-03 18:31:20.700,45.361666666666665,23.91367968333333,11,4,osrm
942,delivered,2025-07-03 17:46:16,2025-07-03 17:52:25.485382,2025-07-03 19:42:20.900000,2025-07-03 19:53:45.500,127.49166666666666,109.92357696666666,19,4,osrm
943,delivered,2025-07-03 17:47:24,2025-07-03 17:55:58.587262,2025-07-03 17:55:58.587262,2025-07-03 18:02:12.800,14.813333333333333,0.0,18,4,osrm
944,delivered,2025-07-03 17:47:42,2025-07-03 17:56:54.786543,2025-07-03 17:57:09.200000,2025-07-03 18:05:09.700,17.461666666666666,0.24022428333333332,1,4,osrm
945,delivered,2025-07-03 17:47:19,2025-07-03 17:58:38.358012,2025-07-03 18:35:09.900000,2025-07-03 18:43:23.900,56.08166666666667,36.5256998,13,4,osrm
946,delivered,2025-07-03 17:48:40,2025-07-03 18:04:55.048332,2025-07-03 19:10:32.300000,2025-07-03 19:17:09.400,88.49,65.62086113333334,14,3,osrm
947,delivered,2025-07-03 17:50:22,2025-07-03 18:05:01.252723,2025-07-03 18:15:41.300000,2025-07-03 18:24:06.600,33.74333333333333,10.667454616666667,10,4,osrm
948,delivered,2025-07-03 17:51:46,2025-07-03 17:59:39.013295,2025-07-03 18:25:59.600000,2025-07-03 18:34:17.000,42.516666666666666,26.34311175,20,4,osrm
949,delivered,2025-07-03 17:51:17,2025-07-03 18:06:28.057043,2025-07-03 18:10:12.544208,2025-07-03 18:05:05.000,13.8,3.74145275,8,4,osrm
950,delivered,2025-07-03 17:52:45,2025-07-03 18:06:46.044621,2025-07-03 18:19:15.500000,2025-07-03 18:31:20.700,38.595,12.490922983333332,11,4,osrm
951,delivered,2025-07-03 17:53:52,2025-07-03 18:09:44.454432,2025-07-03 18:09:44.454432,2025-07-03 18:15:44.900,21.881666666666668,0.0,20,4,osrm
952,delivered,2025-07-03 17:53:26,2025-07-03 18:10:27.760292,2025-07-03 18:14:44.200000,2025-07-03 18:21:51.000,28.416666666666668,4.273995133333333,15,3,osrm
953,delivered,2025-07-03 17:54:51,2025-07-03 18:09:52.292054,2025-07-03 18:09:52.292054,2025-07-03 18:10:00.300,15.155,0.0,12,3,osrm
954,delivered,2025-07-03 17:54:25,2025-07-03 18:03:11.913982,2025-07-03 18:03:11.913982,2025-07-03 18:11:31.000,17.1,0.0,7,4,osrm
955,delivered,2025-07-03 17:55:05,2025-07-03 18:10:12.544208,2025-07-03 18:10:12.544208,2025-07-03 18:05:05.000,10.0,0.0,8,4,osrm
956,delivered,2025-07-03 17:55:45,2025-07-03 18:11:13.927528,2025-07-03 18:47:27.914580,2025-07-03 18:53:11.900,57.44833333333334,36.233117533333335,11,3,osrm
957,delivered,2025-07-03 17:55:29,2025-07-03 18:04:10.465537,2025-07-03 18:45:50.600000,2025-07-03 18:50:05.000,54.6,41.668907716666666,20,4,osrm
958,delivered,2025-07-03 17:57:34,2025-07-03 18:08:45.234759,2025-07-03 18:39:50.982866,2025-07-03 18:46:45.300,49.18833333333334,31.095801783333332,9,4,osrm
959,delivered,2025-07-03 17:57:01,2025-07-03 18:12:26.108069,2025-07-03 18:35:09.900000,2025-07-03 18:43:23.900,46.38166666666667,22.729865516666667,13,4,osrm
960,delivered,2025-07-03 17:58:57,2025-07-03 18:11:17.342494,2025-07-03 18:46:36.600000,2025-07-03 18:54:52.600,55.92666666666666,35.32095843333333,5,4,osrm
961,delivered,2025-07-03 17:58:18,2025-07-03 18:08:37.057435,2025-07-03 18:19:47.137526,2025-07-03 18:23:15.000,24.95,11.168001516666667,2,3,osrm
962,delivered,2025-07-03 18:00:55,2025-07-03 18:14:14.999550,2025-07-03 18:45:22.501609,2025-07-03 18:56:04.000,55.15,31.125034316666664,3,3,osrm
963,delivered,2025-07-03 18:00:56,2025-07-03 18:09:25.857909,2025-07-03 18:15:41.300000,2025-07-03 18:24:06.600,23.176666666666666,6.257368183333333,10,4,osrm
964,delivered,2025-07-03 18:00:41,2025-07-03 18:07:37.291381,2025-07-03 18:34:58.400000,2025-07-03 18:40:54.900,40.23166666666667,27.35181031666667,15,2,osrm
965,delivered,2025-07-03 18:00:17,2025-07-03 18:15:18.887070,2025-07-03 18:34:36.704344,2025-07-03 18:38:47.100,38.501666666666665,19.296954566666667,6,4,osrm
966,delivered,2025-07-03 18:00:54,2025-07-03 18:13:43.965611,2025-07-03 18:33:09.434786,2025-07-03 18:39:55.700,39.02833333333333,19.424486249999998,14,4,osrm
967,delivered,2025-07-03 18:01:25,2025-07-03 18:17:25.187126,2025-07-03 19:00:20.400000,2025-07-03 19:10:27.300,69.03833333333334,42.920214566666665,2,4,osrm
968,delivered,2025-07-03 18:02:26,2025-07-03 18:13:30.622208,2025-07-03 19:30:51.200000,2025-07-03 19:39:25.700,96.99499999999999,77.3429632,10,3,osrm
969,delivered,2025-07-03 18:03:21,2025-07-03 18:11:06.780532,2025-07-03 18:15:10.700000,2025-07-03 18:22:27.100,19.101666666666667,4.065324466666667,9,4,osrm
970,delivered,2025-07-03 18:04:37,2025-07-03 18:11:22.394120,2025-07-03 18:59:11.100000,2025-07-03 19:09:33.500,64.94166666666666,47.81176466666667,20,4,osrm
971,delivered,2025-07-03 18:04:34,2025-07-03 18:21:25.340850,2025-07-03 19:07:08.900000,2025-07-03 19:13:41.700,69.12833333333333,45.72598583333333,11,4,osrm
972,delivered,2025-07-03 18:05:45,2025-07-03 18:10:45.000000,2025-07-03 18:25:16.538661,2025-07-03 18:30:54.200,25.153333333333332,14.52564435,5,4,osrm
973,delivered,2025-07-03 18:06:08,2025-07-03 18:20:59.168724,2025-07-03 19:07:08.900000,2025-07-03 19:13:41.700,67.56166666666667,46.162187933333335,11,4,osrm
974,delivered,2025-07-03 18:07:35,2025-07-03 18:19:47.137526,2025-07-03 18:19:47.137526,2025-07-03 18:23:15.000,15.666666666666666,0.0,2,3,osrm
975,delivered,2025-07-03 18:07:24,2025-07-03 18:20:19.081948,2025-07-03 18:22:52.309913,2025-07-03 18:31:58.500,24.575,2.5537994166666667,3,4,osrm
976,delivered,2025-07-03 18:07:03,2025-07-03 18:15:59.781284,2025-07-03 18:48:56.900000,2025-07-03 18:56:00.700,48.961666666666666,32.9519786,6,4,osrm
977,delivered,2025-07-03 18:08:28,2025-07-03 18:20:12.890645,2025-07-03 18:34:36.704344,2025-07-03 18:38:47.100,30.31833333333333,14.396894983333334,6,4,osrm
978,delivered,2025-07-03 18:08:39,2025-07-03 18:17:19.825404,2025-07-03 18:17:19.825404,2025-07-03 18:23:33.300,14.905,0.0,16,4,osrm
979,delivered,2025-07-03 18:08:39,2025-07-03 18:19:42.916771,2025-07-03 18:47:27.914580,2025-07-03 18:53:11.900,44.54833333333333,27.74996348333333,11,3,osrm
980,delivered,2025-07-03 18:09:34,2025-07-03 18:21:42.627220,2025-07-03 18:25:16.538661,2025-07-03 18:30:54.200,21.336666666666666,3.5651906833333333,5,4,osrm
981,delivered,2025-07-03 18:11:02,2025-07-03 18:25:16.538661,2025-07-03 18:25:16.538661,2025-07-03 18:30:54.200,19.87,0.0,5,4,osrm
982,delivered,2025-07-03 18:12:38,2025-07-03 18:26:23.318499,2025-07-03 18:37:11.600000,2025-07-03 18:47:00.400,34.373333333333335,10.804691683333335,1,3,osrm
983,delivered,2025-07-03 18:13:06,2025-07-03 18:22:49.854261,2025-07-03 18:45:22.501609,2025-07-03 18:56:04.000,42.96666666666667,22.544122466666668,3,3,osrm
984,delivered,2025-07-03 18:14:04,2025-07-03 18:27:04.026567,2025-07-03 18:34:08.100000,2025-07-03 18:45:57.500,31.891666666666666,7.06789055,19,4,osrm
985,delivered,2025-07-03 18:15:18,2025-07-03 18:22:52.309913,2025-07-03 18:45:37.079177,2025-07-03 18:50:30.600,35.21,22.7461544,12,4,osrm
986,delivered,2025-07-03 18:17:03,2025-07-03 18:33:48.400058,2025-07-03 18:33:48.400058,2025-07-03 18:37:12.100,20.151666666666664,0.0,17,2,osrm
987,delivered,2025-07-03 18:18:42,2025-07-03 18:29:32.317903,2025-07-03 19:19:28.400000,2025-07-03 19:32:21.600,73.66000000000001,49.934701616666665,16,4,osrm
988,delivered,2025-07-03 18:19:09,2025-07-03 18:28:15.000161,2025-07-03 19:24:15.200000,2025-07-03 19:28:45.700,69.61166666666666,56.003330649999995,19,1,osrm
989,delivered,2025-07-03 18:19:10,2025-07-03 18:33:09.434786,2025-07-03 18:33:09.434786,2025-07-03 18:39:55.700,20.761666666666667,0.0,14,4,osrm
990,delivered,2025-07-03 18:20:27,2025-07-03 18:33:58.990700,2025-07-03 18:42:47.159105,2025-07-03 18:46:07.500,25.675,8.80280675,18,4,osrm
991,delivered,2025-07-03 18:21:49,2025-07-03 18:32:18.111608,2025-07-03 18:33:09.434786,2025-07-03 18:39:55.700,18.111666666666668,0.8553862999999999,14,4,osrm
992,delivered,2025-07-03 18:21:21,2025-07-03 18:33:33.200947,2025-07-03 18:35:09.900000,2025-07-03 18:43:23.900,22.048333333333336,1.6116508833333334,13,4,osrm
993,delivered,2025-07-03 18:22:39,2025-07-03 18:34:36.704344,2025-07-03 18:34:36.704344,2025-07-03 18:38:47.100,16.135,0.0,6,4,osrm
994,delivered,2025-07-03 18:24:35,2025-07-03 18:39:54.904847,2025-07-03 18:46:36.600000,2025-07-03 18:54:52.600,30.293333333333333,6.6949192166666665,5,4,osrm
995,delivered,2025-07-03 18:24:59,2025-07-03 18:42:47.159105,2025-07-03 18:42:47.159105,2025-07-03 18:46:07.500,21.141666666666666,0.0,18,4,osrm
996,delivered,2025-07-03 18:25:58,2025-07-03 18:39:50.982866,2025-07-03 19:01:17.009107,2025-07-03 19:08:10.400,42.20666666666667,21.433770683333332,15,4,osrm
997,delivered,2025-07-03 18:26:02,2025-07-03 18:34:38.330575,2025-07-03 18:45:50.600000,2025-07-03 18:50:05.000,24.05,11.204490416666665,20,4,osrm
998,delivered,2025-07-03 18:26:29,2025-07-03 18:39:08.873892,2025-07-03 19:36:19.400000,2025-07-03 19:44:25.600,77.94333333333334,57.17543513333333,8,3,osrm
999,delivered,2025-07-03 18:27:38,2025-07-03 18:32:38.000000,2025-07-03 18:37:11.600000,2025-07-03 18:47:00.400,19.373333333333335,4.5600000000000005,1,3,osrm
1000,delivered,2025-07-03 18:28:57,2025-07-03 18:41:01.612705,2025-07-03 19:37:58.800000,2025-07-03 19:49:27.100,80.50166666666668,56.953121583333335,17,3,osrm
1001,delivered,2025-07-03 18:29:11,2025-07-03 18:43:22.759998,2025-07-03 19:07:08.900000,2025-07-03 19:13:41.700,44.51166666666666,23.769000033333334,11,4,osrm
1002,delivered,2025-07-03 18:29:05,2025-07-03 18:47:27.914580,2025-07-03 19:00:37.400000,2025-07-03 19:06:36.600,37.526666666666664,13.158090333333332,16,3,osrm
1003,delivered,2025-07-03 18:29:22,2025-07-03 18:48:59.647862,2025-07-03 19:10:33.500000,2025-07-03 19:13:00.200,43.63666666666666,21.564202299999998,1,1,osrm
1004,delivered,2025-07-03 18:29:28,2025-07-03 18:38:24.820079,2025-07-03 19:01:17.009107,2025-07-03 19:08:10.400,38.70666666666667,22.869817133333335,15,4,osrm
1005,delivered,2025-07-03 18:31:37,2025-07-03 18:45:37.079177,2025-07-03 19:01:17.009107,2025-07-03 19:08:10.400,36.556666666666665,15.665498833333334,15,4,osrm
1006,delivered,2025-07-03 18:32:18,2025-07-03 18:49:20.707450,2025-07-03 19:16:15.000000,2025-07-03 19:23:32.000,51.233333333333334,26.90487583333333,8,3,osrm
1007,delivered,2025-07-03 18:32:55,2025-07-03 18:49:59.090887,2025-07-03 19:25:13.200000,2025-07-03 19:35:28.400,62.556666666666665,35.23515188333333,4,3,osrm
1008,delivered,2025-07-03 18:33:29,2025-07-03 18:45:22.501609,2025-07-03 18:45:22.501609,2025-07-03 18:56:04.000,22.583333333333332,0.0,3,3,osrm
1009,delivered,2025-07-03 18:36:59,2025-07-03 18:46:55.942268,2025-07-03 19:19:28.400000,2025-07-03 19:32:21.600,55.376666666666665,32.5409622,16,4,osrm
1010,delivered,2025-07-03 18:36:40,2025-07-03 18:45:00.280517,2025-07-03 19:16:15.000000,2025-07-03 19:23:32.000,46.86666666666667,31.24532471666667,8,3,osrm
1011,delivered,2025-07-03 18:36:38,2025-07-03 18:45:16.642254,2025-07-03 19:09:37.400000,2025-07-03 19:16:34.900,39.94833333333334,24.345962433333334,3,3,osrm
1012,delivered,2025-07-03 18:39:50,2025-07-03 18:56:24.145884,2025-07-03 19:25:13.200000,2025-07-03 19:35:28.400,55.64,28.8175686,4,3,osrm
1013,delivered,2025-07-03 18:39:02,2025-07-03 18:52:59.002979,2025-07-03 19:07:08.900000,2025-07-03 19:13:41.700,34.66166666666666,14.16495035,11,4,osrm
1014,delivered,2025-07-03 18:39:03,2025-07-03 18:48:58.397583,2025-07-03 19:00:20.400000,2025-07-03 19:10:27.300,31.404999999999998,11.366706950000001,2,4,osrm
1015,delivered,2025-07-03 18:43:50,2025-07-03 18:54:21.432147,2025-07-03 18:59:11.100000,2025-07-03 19:09:33.500,25.725,4.82779755,20,4,osrm
1016,delivered,2025-07-03 18:44:37,2025-07-03 19:01:17.009107,2025-07-03 19:09:37.400000,2025-07-03 19:16:34.900,31.965,8.339848216666667,3,3,osrm
1017,delivered,2025-07-03 18:48:54,2025-07-03 19:04:03.636901,2025-07-03 19:36:19.400000,2025-07-03 19:44:25.600,55.526666666666664,32.262718316666664,8,3,osrm
1018,delivered,2025-07-03 18:50:38,2025-07-03 19:00:00.479519,2025-07-03 19:00:37.400000,2025-07-03 19:06:36.600,15.976666666666667,0.61534135,16,3,osrm
1019,delivered,2025-07-03 18:52:14,2025-07-03 19:04:32.287172,2025-07-03 19:09:37.400000,2025-07-03 19:16:34.900,24.348333333333336,5.0852138,3,3,osrm
1020,delivered,2025-07-03 18:53:11,2025-07-03 19:02:47.518663,2025-07-03 19:10:32.300000,2025-07-03 19:17:09.400,23.973333333333336,7.7463556166666665,14,3,osrm
1021,delivered,2025-07-03 18:54:34,2025-07-03 19:07:31.498118,2025-07-03 19:16:15.000000,2025-07-03 19:23:32.000,28.966666666666665,8.725031366666666,8,3,osrm
1022,delivered,2025-07-03 18:58:20,2025-07-03 19:13:05.959825,2025-07-03 19:25:13.200000,2025-07-03 19:35:28.400,37.14,12.120669583333333,4,3,osrm
