order_id,status,placement_time,ready_time,pickup_time,delivery_time,click_to_door,ready_to_pickup,courier_id,bundle_size,routing_source
0,delivered,2025-07-03 08:00:52,2025-07-03 08:10:43.787669,2025-07-03 08:10:43.787669,2025-07-03 08:08:29.700,7.628333333333333,0.0,1.0,1,osrm
1,delivered,2025-07-03 08:01:02,2025-07-03 08:10:21.169219,2025-07-03 08:10:58.600000,2025-07-03 08:14:39.600,13.626666666666667,0.6238463500000001,5.0,1,osrm
2,delivered,2025-07-03 08:01:14,2025-07-03 08:11:02.810062,2025-07-03 08:11:55.900000,2025-07-03 08:14:05.600,12.860000000000001,0.8848322999999999,8.0,1,osrm
3,delivered,2025-07-03 08:01:20,2025-07-03 08:12:13.218465,2025-07-03 08:12:13.218465,2025-07-03 08:13:05.600,11.76,0.0,6.0,1,osrm
4,delivered,2025-07-03 08:02:19,2025-07-03 08:19:13.539076,2025-07-03 08:19:13.539076,2025-07-03 08:17:35.800,15.28,0.0,3.0,1,osrm
5,delivered,2025-07-03 08:03:58,2025-07-03 08:18:37.905290,2025-07-03 08:18:37.905290,2025-07-03 08:13:06.200,9.136666666666667,0.0,7.0,1,osrm
6,delivered,2025-07-03 08:03:03,2025-07-03 08:19:26.151032,2025-07-03 08:19:26.151032,2025-07-03 08:14:01.900,10.981666666666666,0.0,9.0,1,osrm
7,delivered,2025-07-03 08:04:40,2025-07-03 08:18:40.243824,2025-07-03 08:18:40.243824,2025-07-03 08:15:07.800,10.463333333333333,0.0,2.0,1,osrm
8,delivered,2025-07-03 08:04:12,2025-07-03 08:18:53.801032,2025-07-03 08:18:53.801032,2025-07-03 08:17:53.100,13.685,0.0,4.0,1,osrm
9,delivered,2025-07-03 08:06:11,2025-07-03 08:22:05.668432,2025-07-03 08:22:05.668432,2025-07-03 08:18:02.700,11.861666666666668,0.0,11.0,1,osrm
10,delivered,2025-07-03 08:07:22,2025-07-03 08:16:39.432885,2025-07-03 08:18:54.800000,2025-07-03 08:25:32.600,18.176666666666666,2.2561185833333335,12.0,1,osrm
11,delivered,2025-07-03 08:07:31,2025-07-03 08:13:58.290703,2025-07-03 08:15:58.600000,2025-07-03 08:18:19.900,10.815,2.00515495,13.0,1,osrm
12,delivered,2025-07-03 08:07:58,2025-07-03 08:19:13.631967,2025-07-03 08:19:13.631967,2025-07-03 08:18:43.900,10.764999999999999,0.0,14.0,1,osrm
13,delivered,2025-07-03 08:08:33,2025-07-03 08:21:15.634952,2025-07-03 08:21:15.634952,2025-07-03 08:20:24.500,11.858333333333333,0.0,10.0,1,osrm
14,delivered,2025-07-03 08:10:44,2025-07-03 08:22:32.687908,2025-07-03 08:22:32.687908,2025-07-03 08:23:16.500,12.541666666666666,0.0,18.0,1,osrm
15,delivered,2025-07-03 08:10:17,2025-07-03 08:21:13.778559,2025-07-03 08:21:13.778559,2025-07-03 08:21:44.200,11.453333333333335,0.0,17.0,1,osrm
16,delivered,2025-07-03 08:10:41,2025-07-03 08:17:50.186011,2025-07-03 08:17:50.186011,2025-07-03 08:17:48.900,7.131666666666666,0.0,15.0,1,osrm
17,delivered,2025-07-03 08:10:23,2025-07-03 08:26:04.502339,2025-07-03 08:26:04.502339,2025-07-03 08:19:55.600,9.543333333333333,0.0,16.0,1,osrm
18,delivered,2025-07-03 08:11:06,2025-07-03 08:24:07.028495,2025-07-03 08:24:07.028495,2025-07-03 08:25:59.000,14.883333333333333,0.0,20.0,1,osrm
19,delivered,2025-07-03 08:11:54,2025-07-03 08:20:54.003797,2025-07-03 08:27:47.600000,2025-07-03 08:30:48.400,18.90666666666667,6.89327005,9.0,1,osrm
20,delivered,2025-07-03 08:11:59,2025-07-03 08:24:41.264474,2025-07-03 11:15:20.800000,2025-07-03 11:16:30.900,184.53166666666667,170.65892543333334,20.0,1,osrm
21,delivered,2025-07-03 08:12:44,2025-07-03 08:24:13.142012,2025-07-03 15:17:55.000000,2025-07-03 15:22:13.500,429.4916666666667,413.69763313333334,15.0,1,osrm
22,ready,2025-07-03 08:13:11,2025-07-03 08:24:42.610251,,,,,,1,
23,delivered,2025-07-03 08:13:30,2025-07-03 08:26:40.738815,2025-07-03 08:26:40.738815,2025-07-03 08:27:04.600,13.576666666666666,0.0,1.0,1,osrm
24,delivered,2025-07-03 08:13:11,2025-07-03 08:27:57.197058,2025-07-03 12:14:12.400000,2025-07-03 12:18:00.800,244.82999999999998,226.25338236666667,8.0,1,osrm
25,delivered,2025-07-03 08:13:50,2025-07-03 08:24:43.816973,2025-07-03 10:36:44.400000,2025-07-03 10:39:49.200,145.98666666666668,132.00971711666665,7.0,1,osrm
26,delivered,2025-07-03 08:14:14,2025-07-03 08:31:39.186501,2025-07-03 08:31:39.186501,2025-07-03 08:23:32.600,9.31,0.0,19.0,1,osrm
27,delivered,2025-07-03 08:15:55,2025-07-03 08:29:11.115535,2025-07-03 08:29:11.115535,2025-07-03 08:30:17.400,14.373333333333333,0.0,8.0,1,osrm
28,delivered,2025-07-03 08:15:46,2025-07-03 08:29:02.567551,2025-07-03 12:38:43.400000,2025-07-03 12:42:42.200,266.93666666666667,249.68054081666665,1.0,1,osrm
29,delivered,2025-07-03 08:16:08,2025-07-03 08:23:23.092729,2025-07-03 08:29:04.200000,2025-07-03 08:30:47.300,14.655,5.685121183333334,6.0,1,osrm
30,ready,2025-07-03 08:16:10,2025-07-03 08:34:12.241958,,,,,,1,
31,delivered,2025-07-03 08:17:30,2025-07-03 08:32:47.273998,2025-07-03 09:42:32.700000,2025-07-03 09:48:47.900,91.29833333333333,69.75710003333333,4.0,1,osrm
32,delivered,2025-07-03 08:17:56,2025-07-03 08:24:06.064909,2025-07-03 08:29:42.000000,2025-07-03 08:31:53.200,13.953333333333335,5.598918183333334,5.0,1,osrm
33,delivered,2025-07-03 08:17:01,2025-07-03 08:25:59.242424,2025-07-03 08:25:59.242424,2025-07-03 08:28:27.200,11.436666666666667,0.0,7.0,1,osrm
34,delivered,2025-07-03 08:17:32,2025-07-03 08:31:14.253581,2025-07-03 12:16:02.800000,2025-07-03 12:19:49.700,242.29500000000002,224.80910698333335,15.0,1,osrm
35,delivered,2025-07-03 08:17:59,2025-07-03 08:29:45.849566,2025-07-03 10:38:01.300000,2025-07-03 10:41:45.500,143.775,128.25750723333334,4.0,1,osrm
36,delivered,2025-07-03 08:18:19,2025-07-03 08:26:25.149925,2025-07-03 08:31:09.900000,2025-07-03 08:34:47.200,16.470000000000002,4.745834583333333,2.0,1,osrm
37,delivered,2025-07-03 08:18:21,2025-07-03 08:32:37.818423,2025-07-03 11:15:03.800000,2025-07-03 11:19:21.600,181.01000000000002,162.43302628333333,4.0,1,osrm
38,delivered,2025-07-03 08:18:29,2025-07-03 08:32:30.312812,2025-07-03 13:59:45.300000,2025-07-03 14:03:58.100,345.48499999999996,327.24978646666665,7.0,1,osrm
39,delivered,2025-07-03 08:19:54,2025-07-03 08:30:30.329130,2025-07-03 10:37:43.200000,2025-07-03 10:41:05.400,141.19,127.21451449999999,20.0,1,osrm
40,ready,2025-07-03 08:19:13,2025-07-03 08:33:15.677570,,,,,,1,
41,delivered,2025-07-03 08:19:17,2025-07-03 08:34:22.148973,2025-07-03 08:34:22.148973,2025-07-03 08:32:44.700,13.461666666666668,0.0,11.0,1,osrm
42,delivered,2025-07-03 08:19:40,2025-07-03 08:30:50.742687,2025-07-03 14:03:44.500000,2025-07-03 14:05:15.300,345.5883333333333,332.89595521666666,19.0,1,osrm
43,ready,2025-07-03 08:20:39,2025-07-03 08:35:33.440162,,,,,,1,
44,delivered,2025-07-03 08:20:29,2025-07-03 08:34:51.921388,2025-07-03 15:20:11.800000,2025-07-03 15:22:13.000,421.73333333333335,405.3313102,17.0,1,osrm
45,delivered,2025-07-03 08:21:10,2025-07-03 08:35:00.929404,2025-07-03 11:15:45.400000,2025-07-03 11:17:27.300,176.28833333333333,160.7411766,12.0,1,osrm
46,delivered,2025-07-03 08:21:03,2025-07-03 08:27:27.932618,2025-07-03 08:31:24.100000,2025-07-03 08:35:10.900,14.131666666666666,3.9361230333333332,10.0,1,osrm
47,delivered,2025-07-03 08:21:45,2025-07-03 08:35:12.914726,2025-07-03 11:16:07.900000,2025-07-03 11:16:53.600,175.14333333333335,160.91642123333335,15.0,1,osrm
48,delivered,2025-07-03 08:21:02,2025-07-03 08:29:38.327590,2025-07-03 08:30:43.600000,2025-07-03 08:34:45.500,13.725,1.0878735,14.0,1,osrm
49,delivered,2025-07-03 08:21:46,2025-07-03 08:26:46.000000,2025-07-03 09:50:31.800000,2025-07-03 09:57:31.200,95.75333333333333,83.76333333333334,6.0,1,osrm
50,ready,2025-07-03 08:22:15,2025-07-03 08:34:49.346463,,,,,,1,
51,delivered,2025-07-03 08:22:40,2025-07-03 08:31:55.979461,2025-07-03 13:25:59.200000,2025-07-03 13:30:15.600,307.5933333333333,294.05367565,7.0,1,osrm
52,ready,2025-07-03 08:22:31,2025-07-03 08:35:06.129410,,,,,,1,
53,delivered,2025-07-03 08:23:35,2025-07-03 08:35:34.567397,2025-07-03 12:15:28.000000,2025-07-03 12:19:06.100,235.51833333333335,219.89054338333332,18.0,1,osrm
54,delivered,2025-07-03 08:23:29,2025-07-03 08:33:41.915698,2025-07-03 12:16:42.300000,2025-07-03 12:20:55.200,237.43666666666667,223.00640503333335,1.0,1,osrm
55,delivered,2025-07-03 08:23:32,2025-07-03 08:33:35.644131,2025-07-03 08:33:35.644131,2025-07-03 08:36:04.200,12.536666666666667,0.0,3.0,1,osrm
56,delivered,2025-07-03 08:24:21,2025-07-03 08:39:01.099622,2025-07-03 08:39:01.099622,2025-07-03 08:39:07.300,14.771666666666667,0.0,13.0,1,osrm
57,delivered,2025-07-03 08:24:08,2025-07-03 08:35:43.396488,2025-07-03 08:35:43.396488,2025-07-03 08:35:36.500,11.475,0.0,15.0,1,osrm
58,delivered,2025-07-03 08:24:52,2025-07-03 08:33:59.557046,2025-07-03 08:35:23.600000,2025-07-03 08:37:54.700,13.045,1.4007159,16.0,1,osrm
59,delivered,2025-07-03 08:24:04,2025-07-03 08:32:22.581694,2025-07-03 08:32:22.581694,2025-07-03 08:34:32.400,10.473333333333333,0.0,4.0,1,osrm
60,delivered,2025-07-03 08:25:53,2025-07-03 08:42:23.574070,2025-07-03 08:42:23.574070,2025-07-03 08:40:53.000,15.0,0.0,18.0,1,osrm
61,delivered,2025-07-03 08:25:25,2025-07-03 08:37:06.448157,2025-07-03 12:38:47.500000,2025-07-03 12:40:35.000,255.16666666666666,241.68419738333333,6.0,1,osrm
62,delivered,2025-07-03 08:25:57,2025-07-03 08:31:39.894758,2025-07-03 08:34:10.200000,2025-07-03 08:37:58.200,12.020000000000001,2.5050873666666664,19.0,1,osrm
63,delivered,2025-07-03 08:25:36,2025-07-03 08:40:12.299684,2025-07-03 08:49:18.700000,2025-07-03 08:52:16.200,26.67,9.106671933333333,14.0,1,osrm
64,delivered,2025-07-03 08:26:06,2025-07-03 08:37:30.647788,2025-07-03 11:19:19.900000,2025-07-03 11:22:33.200,176.45333333333335,161.8208702,6.0,1,osrm
65,delivered,2025-07-03 08:26:56,2025-07-03 08:36:02.333192,2025-07-03 08:42:34.600000,2025-07-03 08:47:26.300,20.505,6.537780133333333,8.0,1,osrm
66,delivered,2025-07-03 08:26:07,2025-07-03 08:42:28.432022,2025-07-03 08:42:28.432022,2025-07-03 08:44:10.000,18.05,0.0,12.0,1,osrm
67,delivered,2025-07-03 08:26:53,2025-07-03 08:39:36.185534,2025-07-03 10:41:06.400000,2025-07-03 10:45:11.200,138.30333333333334,121.50357443333334,16.0,1,osrm
68,delivered,2025-07-03 08:26:30,2025-07-03 08:40:15.901322,2025-07-03 08:40:15.901322,2025-07-03 08:44:31.400,18.023333333333333,0.0,17.0,1,osrm
69,delivered,2025-07-03 08:26:03,2025-07-03 08:36:18.705566,2025-07-03 10:38:47.300000,2025-07-03 10:42:38.600,136.59333333333333,122.47657389999999,17.0,1,osrm
70,delivered,2025-07-03 08:27:55,2025-07-03 08:35:35.253641,2025-07-03 15:27:27.900000,2025-07-03 15:30:54.300,422.98833333333334,411.87743931666665,10.0,1,osrm
71,delivered,2025-07-03 08:27:54,2025-07-03 08:36:45.545586,2025-07-03 11:24:00.500000,2025-07-03 11:25:44.200,177.83666666666667,167.24924023333332,14.0,1,osrm
72,delivered,2025-07-03 08:27:45,2025-07-03 08:40:29.839627,2025-07-03 08:42:50.100000,2025-07-03 08:45:18.700,17.561666666666667,2.337672883333333,1.0,1,osrm
73,delivered,2025-07-03 08:28:46,2025-07-03 08:42:21.437245,2025-07-03 09:51:28.100000,2025-07-03 09:56:49.600,88.06,69.11104591666667,18.0,1,osrm
74,delivered,2025-07-03 08:28:52,2025-07-03 08:41:10.143042,2025-07-03 08:58:21.000000,2025-07-03 09:01:58.600,33.11,17.1809493,1.0,1,osrm
75,delivered,2025-07-03 08:28:28,2025-07-03 08:44:14.134019,2025-07-03 11:29:34.700000,2025-07-03 11:32:06.100,183.63500000000002,165.34276635,19.0,1,osrm
76,delivered,2025-07-03 08:28:20,2025-07-03 08:40:25.223226,2025-07-03 12:41:41.100000,2025-07-03 12:43:30.500,255.175,241.2646129,10.0,1,osrm
77,delivered,2025-07-03 08:29:08,2025-07-03 08:41:29.522019,2025-07-03 11:45:34.600000,2025-07-03 11:48:16.700,199.145,184.0846330166667,19.0,1,osrm
78,delivered,2025-07-03 08:29:25,2025-07-03 08:40:37.244340,2025-07-03 11:47:29.600000,2025-07-03 11:50:39.900,201.24833333333333,186.87259433333332,7.0,1,osrm
79,delivered,2025-07-03 08:29:30,2025-07-03 08:43:25.769824,2025-07-03 11:29:38.800000,2025-07-03 11:31:56.600,182.44333333333333,166.2171696,7.0,1,osrm
80,delivered,2025-07-03 08:30:39,2025-07-03 08:45:36.469475,2025-07-03 09:54:00.000000,2025-07-03 10:00:48.300,90.155,68.39217541666667,10.0,1,osrm
81,delivered,2025-07-03 08:32:31,2025-07-03 08:51:51.526201,2025-07-03 08:51:51.526201,2025-07-03 08:43:13.200,10.703333333333335,0.0,7.0,1,osrm
82,delivered,2025-07-03 08:32:31,2025-07-03 08:44:36.867061,2025-07-03 15:57:19.000000,2025-07-03 16:01:43.300,449.205,432.70221564999997,15.0,1,osrm
83,delivered,2025-07-03 08:32:37,2025-07-03 08:46:20.003301,2025-07-03 09:54:42.800000,2025-07-03 09:58:52.800,86.26333333333334,68.37994498333335,2.0,1,osrm
84,delivered,2025-07-03 08:32:19,2025-07-03 08:49:30.894661,2025-07-03 15:28:58.400000,2025-07-03 15:31:05.400,418.77333333333337,399.45842231666666,16.0,1,osrm
85,ready,2025-07-03 08:33:31,2025-07-03 08:42:58.962465,,,,,,1,
86,delivered,2025-07-03 08:33:18,2025-07-03 08:42:47.682195,2025-07-03 09:00:33.900000,2025-07-03 09:04:53.500,31.591666666666665,17.77029675,18.0,1,osrm
87,delivered,2025-07-03 08:33:00,2025-07-03 08:45:38.485631,2025-07-03 11:47:25.800000,2025-07-03 11:50:30.900,197.515,181.78857281666666,3.0,1,osrm
88,delivered,2025-07-03 08:34:07,2025-07-03 08:41:02.651553,2025-07-03 08:41:02.651553,2025-07-03 08:44:49.200,10.703333333333335,0.0,9.0,1,osrm
89,delivered,2025-07-03 08:34:07,2025-07-03 08:46:51.976434,2025-07-03 10:42:18.300000,2025-07-03 10:47:50.000,133.71666666666667,115.4387261,8.0,1,osrm
90,delivered,2025-07-03 08:34:27,2025-07-03 08:46:03.678253,2025-07-03 08:46:03.678253,2025-07-03 08:46:03.300,11.604999999999999,0.0,6.0,1,osrm
91,delivered,2025-07-03 08:35:05,2025-07-03 08:45:56.998286,2025-07-03 08:45:56.998286,2025-07-03 08:47:23.700,12.311666666666667,0.0,20.0,1,osrm
92,ready,2025-07-03 08:35:42,2025-07-03 08:42:57.929616,,,,,,1,
93,delivered,2025-07-03 08:35:21,2025-07-03 08:46:48.019134,2025-07-03 12:16:33.300000,2025-07-03 12:20:15.900,224.915,209.7546811,12.0,1,osrm
94,delivered,2025-07-03 08:35:17,2025-07-03 08:45:28.214402,2025-07-03 13:27:08.700000,2025-07-03 13:30:37.100,295.335,281.67475996666667,1.0,1,osrm
95,delivered,2025-07-03 08:36:46,2025-07-03 08:52:16.787784,2025-07-03 08:52:16.787784,2025-07-03 08:48:14.400,11.473333333333333,0.0,10.0,1,osrm
96,delivered,2025-07-03 08:36:49,2025-07-03 08:45:56.875866,2025-07-03 09:55:20.500000,2025-07-03 10:00:14.900,83.43166666666666,69.39373556666666,1.0,1,osrm
97,delivered,2025-07-03 08:36:45,2025-07-03 08:47:56.797651,2025-07-03 08:47:56.797651,2025-07-03 08:52:04.100,15.318333333333333,0.0,4.0,1,osrm
98,delivered,2025-07-03 08:37:15,2025-07-03 08:51:30.825054,2025-07-03 08:51:30.825054,2025-07-03 08:51:45.100,14.501666666666667,0.0,5.0,1,osrm
99,delivered,2025-07-03 08:37:43,2025-07-03 08:48:27.132968,2025-07-03 09:01:48.000000,2025-07-03 09:03:49.700,26.111666666666668,13.347783866666667,15.0,1,osrm
100,delivered,2025-07-03 08:37:38,2025-07-03 08:49:46.051490,2025-07-03 09:00:26.600000,2025-07-03 09:03:21.600,25.726666666666667,10.675808499999999,8.0,1,osrm
101,delivered,2025-07-03 08:39:43,2025-07-03 08:47:57.543260,2025-07-03 08:48:43.800000,2025-07-03 08:52:26.100,12.718333333333334,0.7709456666666666,2.0,1,osrm
102,delivered,2025-07-03 08:39:11,2025-07-03 08:54:27.682865,2025-07-03 09:01:44.100000,2025-07-03 09:04:12.700,25.028333333333332,7.273618916666666,20.0,1,osrm
103,delivered,2025-07-03 08:39:51,2025-07-03 08:53:31.375763,2025-07-03 08:53:31.375763,2025-07-03 08:48:58.100,9.118333333333334,0.0,15.0,1,osrm
104,delivered,2025-07-03 08:39:11,2025-07-03 08:51:35.821117,2025-07-03 14:04:06.900000,2025-07-03 14:06:18.000,327.1166666666667,312.5179813833333,18.0,1,osrm
105,delivered,2025-07-03 08:40:24,2025-07-03 08:50:02.978548,2025-07-03 08:50:02.978548,2025-07-03 08:51:39.700,11.261666666666667,0.0,11.0,1,osrm
106,delivered,2025-07-03 08:40:03,2025-07-03 08:53:58.599535,2025-07-03 12:41:37.600000,2025-07-03 12:44:11.100,244.13500000000002,227.65000775,4.0,1,osrm
107,delivered,2025-07-03 08:40:00,2025-07-03 08:51:46.001833,2025-07-03 14:05:50.000000,2025-07-03 14:08:47.000,328.78333333333336,314.0666361166667,2.0,1,osrm
108,delivered,2025-07-03 08:40:13,2025-07-03 08:48:19.500403,2025-07-03 12:47:10.100000,2025-07-03 12:50:13.700,250.01166666666668,238.84332661666667,5.0,1,osrm
109,delivered,2025-07-03 08:41:23,2025-07-03 08:54:02.951023,2025-07-03 08:54:02.951023,2025-07-03 08:53:02.400,11.656666666666666,0.0,3.0,1,osrm
110,delivered,2025-07-03 08:41:15,2025-07-03 08:57:10.230351,2025-07-03 12:16:54.400000,2025-07-03 12:20:38.500,219.39166666666668,199.73616081666665,7.0,1,osrm
111,delivered,2025-07-03 08:41:36,2025-07-03 08:52:45.834639,2025-07-03 11:29:12.700000,2025-07-03 11:29:45.100,168.15166666666667,156.44775601666666,11.0,1,osrm
112,delivered,2025-07-03 08:41:03,2025-07-03 08:49:05.617493,2025-07-03 14:06:33.300000,2025-07-03 14:08:26.600,327.3933333333333,317.4613751166667,10.0,1,osrm
113,delivered,2025-07-03 08:42:25,2025-07-03 08:50:20.903984,2025-07-03 08:50:55.700000,2025-07-03 08:51:15.900,8.848333333333333,0.5799336,16.0,1,osrm
114,delivered,2025-07-03 08:42:46,2025-07-03 08:51:05.821013,2025-07-03 11:47:34.500000,2025-07-03 11:49:41.600,186.92666666666668,176.47798311666665,12.0,1,osrm
115,delivered,2025-07-03 08:42:37,2025-07-03 08:51:05.466541,2025-07-03 12:21:50.300000,2025-07-03 12:25:27.900,222.84833333333333,210.74722431666666,6.0,1,osrm
116,delivered,2025-07-03 08:42:22,2025-07-03 08:57:37.454901,2025-07-03 11:30:37.200000,2025-07-03 11:32:34.400,170.20666666666665,152.99575165,16.0,1,osrm
117,delivered,2025-07-03 08:42:03,2025-07-03 08:54:55.935319,2025-07-03 10:51:56.600000,2025-07-03 10:56:56.000,134.88333333333333,117.01107801666667,19.0,1,osrm
118,delivered,2025-07-03 08:43:38,2025-07-03 08:54:35.830336,2025-07-03 09:57:16.300000,2025-07-03 10:01:15.900,77.63166666666666,62.6744944,5.0,1,osrm
119,delivered,2025-07-03 08:43:45,2025-07-03 08:54:28.640261,2025-07-03 10:52:01.300000,2025-07-03 10:54:52.000,131.11666666666667,117.54432898333333,10.0,1,osrm
120,delivered,2025-07-03 08:43:01,2025-07-03 08:57:55.554862,2025-07-03 08:57:55.554862,2025-07-03 08:54:05.500,11.075,0.0,13.0,1,osrm
121,delivered,2025-07-03 08:43:08,2025-07-03 08:54:06.394834,2025-07-03 09:05:01.100000,2025-07-03 09:10:25.400,27.290000000000003,10.911752766666666,13.0,1,osrm
122,delivered,2025-07-03 08:44:38,2025-07-03 08:52:55.967891,2025-07-03 13:28:22.200000,2025-07-03 13:32:23.600,287.76,275.4372018166667,10.0,1,osrm
123,delivered,2025-07-03 08:44:08,2025-07-03 08:54:08.385959,2025-07-03 08:54:08.385959,2025-07-03 08:56:23.700,12.261666666666667,0.0,19.0,1,osrm
124,delivered,2025-07-03 08:45:46,2025-07-03 08:55:11.002629,2025-07-03 09:58:14.000000,2025-07-03 10:02:44.100,76.96833333333333,63.04995618333333,20.0,1,osrm
125,delivered,2025-07-03 08:45:35,2025-07-03 08:55:30.706292,2025-07-03 10:52:41.000000,2025-07-03 10:56:57.800,131.38,117.1715618,13.0,1,osrm
126,ready,2025-07-03 08:45:44,2025-07-03 08:56:55.419923,,,,,,1,
127,delivered,2025-07-03 08:46:04,2025-07-03 09:01:48.025765,2025-07-03 11:47:55.300000,2025-07-03 11:50:58.100,184.90166666666667,166.12123725,20.0,1,osrm
128,ready,2025-07-03 08:47:25,2025-07-03 09:01:05.297887,,,,,,1,
129,delivered,2025-07-03 08:47:02,2025-07-03 08:56:27.259307,2025-07-03 12:03:04.700000,2025-07-03 12:05:44.300,198.70499999999998,186.62401155,3.0,1,osrm
130,delivered,2025-07-03 08:47:47,2025-07-03 08:59:34.950495,2025-07-03 14:08:43.800000,2025-07-03 14:10:00.900,322.2316666666667,309.14749175,11.0,1,osrm
131,delivered,2025-07-03 08:47:02,2025-07-03 08:59:33.221064,2025-07-03 10:52:51.300000,2025-07-03 10:56:23.100,129.35166666666666,113.3013156,7.0,1,osrm
132,delivered,2025-07-03 08:47:08,2025-07-03 08:57:39.653465,2025-07-03 08:57:39.653465,2025-07-03 08:57:09.700,10.028333333333334,0.0,9.0,1,osrm
133,ready,2025-07-03 08:48:38,2025-07-03 08:58:14.712169,,,,,,1,
134,delivered,2025-07-03 08:48:06,2025-07-03 08:56:19.048764,2025-07-03 10:53:03.100000,2025-07-03 10:57:32.800,129.44666666666666,116.73418726666667,2.0,1,osrm
135,delivered,2025-07-03 08:49:01,2025-07-03 09:01:46.218035,2025-07-03 09:01:46.218035,2025-07-03 08:57:18.500,8.291666666666666,0.0,12.0,1,osrm
136,delivered,2025-07-03 08:49:18,2025-07-03 08:57:39.196460,2025-07-03 09:05:49.800000,2025-07-03 09:09:11.100,19.884999999999998,8.176725666666666,3.0,1,osrm
137,delivered,2025-07-03 08:49:21,2025-07-03 09:04:11.384607,2025-07-03 12:48:40.800000,2025-07-03 12:50:43.900,241.38166666666666,224.49025655,19.0,1,osrm
138,delivered,2025-07-03 08:50:35,2025-07-03 08:59:56.288196,2025-07-03 15:31:57.300000,2025-07-03 15:35:25.100,404.835,392.01686340000003,4.0,1,osrm
139,delivered,2025-07-03 08:50:15,2025-07-03 09:04:24.809075,2025-07-03 11:31:39.900000,2025-07-03 11:34:16.700,164.02833333333334,147.25151541666668,3.0,1,osrm
140,delivered,2025-07-03 08:50:28,2025-07-03 09:02:31.633904,2025-07-03 09:02:31.633904,2025-07-03 08:58:21.700,7.895,0.0,17.0,1,osrm
141,delivered,2025-07-03 08:50:40,2025-07-03 09:02:47.794920,2025-07-03 09:02:47.794920,2025-07-03 09:00:32.000,9.866666666666667,0.0,7.0,1,osrm
142,ready,2025-07-03 08:51:37,2025-07-03 09:06:56.058069,,,,,,1,
143,delivered,2025-07-03 08:51:23,2025-07-03 09:02:04.726189,2025-07-03 12:51:50.000000,2025-07-03 12:53:36.500,242.225,229.75456351666665,17.0,1,osrm
144,delivered,2025-07-03 08:51:10,2025-07-03 09:01:18.585651,2025-07-03 09:10:58.500000,2025-07-03 09:15:32.200,24.37,9.66523915,19.0,1,osrm
145,delivered,2025-07-03 08:51:31,2025-07-03 09:03:44.576441,2025-07-03 13:32:05.500000,2025-07-03 13:35:36.800,284.09666666666664,268.34872598333334,20.0,1,osrm
146,delivered,2025-07-03 08:52:07,2025-07-03 09:07:01.514113,2025-07-03 10:53:37.400000,2025-07-03 10:57:45.100,125.635,106.59809811666668,3.0,1,osrm
147,delivered,2025-07-03 08:52:07,2025-07-03 08:59:45.495975,2025-07-03 12:51:52.700000,2025-07-03 12:53:10.800,241.06333333333333,232.1200670833333,6.0,1,osrm
148,delivered,2025-07-03 08:52:01,2025-07-03 09:08:00.245399,2025-07-03 11:56:00.500000,2025-07-03 11:59:13.700,187.21166666666667,168.00424335,5.0,1,osrm
149,delivered,2025-07-03 08:52:29,2025-07-03 09:04:57.944101,2025-07-03 12:15:52.800000,2025-07-03 12:18:47.700,206.31166666666667,190.91426498333334,2.0,1,osrm
150,delivered,2025-07-03 08:52:32,2025-07-03 09:04:04.467757,2025-07-03 09:12:04.900000,2025-07-03 09:14:23.500,21.858333333333334,8.00720405,7.0,1,osrm
151,delivered,2025-07-03 08:52:06,2025-07-03 09:07:59.380827,2025-07-03 13:32:44.400000,2025-07-03 13:35:44.700,283.64500000000004,264.75031955000003,14.0,1,osrm
152,delivered,2025-07-03 08:53:38,2025-07-03 09:02:52.286327,2025-07-03 09:15:25.400000,2025-07-03 09:18:32.100,24.901666666666664,12.551894549999998,17.0,1,osrm
153,delivered,2025-07-03 08:54:57,2025-07-03 09:10:40.162743,2025-07-03 13:33:53.900000,2025-07-03 13:37:26.900,282.49833333333333,263.22895428333334,9.0,1,osrm
154,delivered,2025-07-03 08:54:20,2025-07-03 09:01:15.669852,2025-07-03 12:53:00.200000,2025-07-03 12:54:27.700,240.12833333333336,231.74216913333333,13.0,1,osrm
155,delivered,2025-07-03 08:54:56,2025-07-03 09:07:55.766690,2025-07-03 09:07:55.766690,2025-07-03 09:03:23.300,8.455,0.0,10.0,1,osrm
156,delivered,2025-07-03 08:54:04,2025-07-03 09:09:27.711139,2025-07-03 12:07:08.900000,2025-07-03 12:11:35.200,197.52,177.68648101666668,20.0,1,osrm
157,delivered,2025-07-03 08:54:39,2025-07-03 09:13:25.207846,2025-07-03 09:13:25.207846,2025-07-03 09:08:15.600,13.610000000000001,0.0,6.0,1,osrm
158,delivered,2025-07-03 08:55:37,2025-07-03 09:08:40.542850,2025-07-03 11:57:06.300000,2025-07-03 11:58:55.000,183.3,168.42928583333332,11.0,1,osrm
159,delivered,2025-07-03 08:55:46,2025-07-03 09:06:55.766408,2025-07-03 13:34:53.000000,2025-07-03 13:38:04.700,282.31166666666667,267.9538932,16.0,1,osrm
160,delivered,2025-07-03 08:56:55,2025-07-03 09:09:17.171750,2025-07-03 11:56:21.100000,2025-07-03 11:59:23.200,182.47,167.06547083333334,9.0,1,osrm
161,delivered,2025-07-03 08:56:07,2025-07-03 09:11:44.537585,2025-07-03 10:56:26.400000,2025-07-03 11:00:23.600,124.27666666666667,104.69770691666666,1.0,1,osrm
162,ready,2025-07-03 08:56:38,2025-07-03 09:08:00.318979,,,,,,1,
163,delivered,2025-07-03 08:56:30,2025-07-03 09:08:34.051532,2025-07-03 09:08:34.051532,2025-07-03 09:10:57.900,14.465,0.0,11.0,1,osrm
164,delivered,2025-07-03 08:57:55,2025-07-03 09:11:10.013637,2025-07-03 09:17:42.100000,2025-07-03 09:21:49.800,23.913333333333334,6.534772716666667,10.0,1,osrm
165,delivered,2025-07-03 08:57:57,2025-07-03 09:06:40.201258,2025-07-03 14:09:02.100000,2025-07-03 14:14:59.800,317.0466666666667,302.3649790333333,16.0,1,osrm
166,delivered,2025-07-03 08:57:25,2025-07-03 09:09:45.976811,2025-07-03 09:09:45.976811,2025-07-03 09:10:13.600,12.81,0.0,16.0,1,osrm
167,delivered,2025-07-03 08:58:53,2025-07-03 09:11:49.951712,2025-07-03 09:18:01.500000,2025-07-03 09:22:19.900,23.448333333333334,6.1924714666666665,8.0,1,osrm
168,delivered,2025-07-03 08:58:28,2025-07-03 09:07:32.471151,2025-07-03 09:07:32.471151,2025-07-03 09:08:26.400,9.973333333333333,0.0,4.0,1,osrm
169,delivered,2025-07-03 08:58:30,2025-07-03 09:09:15.520705,2025-07-03 09:16:57.500000,2025-07-03 09:20:16.900,21.78166666666667,7.699654916666666,15.0,1,osrm
170,ready,2025-07-03 08:58:55,2025-07-03 09:13:24.387176,,,,,,1,
171,delivered,2025-07-03 08:58:39,2025-07-03 09:10:57.421191,2025-07-03 09:10:57.421191,2025-07-03 09:07:56.500,9.291666666666666,0.0,2.0,1,osrm
172,delivered,2025-07-03 08:58:47,2025-07-03 09:07:46.662204,2025-07-03 09:07:46.662204,2025-07-03 09:08:41.000,9.9,0.0,14.0,1,osrm
173,delivered,2025-07-03 08:59:24,2025-07-03 09:07:08.025287,2025-07-03 12:28:04.000000,2025-07-03 12:31:42.200,212.30333333333334,200.93291188333333,5.0,1,osrm
174,ready,2025-07-03 08:59:13,2025-07-03 09:10:29.070060,,,,,,1,
175,delivered,2025-07-03 08:59:41,2025-07-03 09:22:04.153866,2025-07-03 14:46:17.500000,2025-07-03 14:48:57.500,349.275,324.22243556666666,15.0,1,osrm
176,delivered,2025-07-03 08:59:39,2025-07-03 09:15:10.499509,2025-07-03 11:31:39.200000,2025-07-03 11:32:51.300,153.20499999999998,136.47834151666666,2.0,1,osrm
177,delivered,2025-07-03 08:59:30,2025-07-03 09:07:01.686237,2025-07-03 09:07:01.686237,2025-07-03 09:06:56.100,7.4350000000000005,0.0,5.0,1,osrm
178,delivered,2025-07-03 08:59:19,2025-07-03 09:10:34.391507,2025-07-03 15:06:25.600000,2025-07-03 15:09:44.600,370.4266666666666,355.8534748833333,7.0,1,osrm
179,delivered,2025-07-03 08:59:02,2025-07-03 09:06:55.133998,2025-07-03 09:59:06.900000,2025-07-03 10:04:32.600,65.51,52.19610003333333,14.0,1,osrm
180,delivered,2025-07-03 09:00:05,2025-07-03 09:11:50.385263,2025-07-03 14:12:21.300000,2025-07-03 14:17:16.400,317.19,300.5152456166667,9.0,1,osrm
181,delivered,2025-07-03 09:00:26,2025-07-03 09:11:56.883953,2025-07-03 09:18:21.400000,2025-07-03 09:21:20.900,20.915000000000003,6.408600783333333,1.0,1,osrm
182,delivered,2025-07-03 09:00:14,2025-07-03 09:11:24.364366,2025-07-03 09:18:43.500000,2025-07-03 09:21:24.900,21.18166666666667,7.318927233333333,18.0,1,osrm
183,delivered,2025-07-03 09:00:17,2025-07-03 09:12:41.507753,2025-07-03 12:53:35.300000,2025-07-03 12:57:17.600,237.01000000000002,220.89653744999998,18.0,1,osrm
184,delivered,2025-07-03 09:00:08,2025-07-03 09:20:50.700992,2025-07-03 11:31:17.900000,2025-07-03 11:32:24.400,152.27333333333334,130.45331679999998,15.0,1,osrm
185,delivered,2025-07-03 09:03:56,2025-07-03 09:18:08.001196,2025-07-03 12:28:43.100000,2025-07-03 12:32:25.600,208.49333333333334,190.58498006666665,14.0,1,osrm
186,delivered,2025-07-03 09:03:02,2025-07-03 09:11:39.596489,2025-07-03 10:03:07.700000,2025-07-03 10:08:39.700,65.62833333333333,51.468391849999996,15.0,1,osrm
187,delivered,2025-07-03 09:03:46,2025-07-03 09:14:04.237857,2025-07-03 14:13:12.900000,2025-07-03 14:17:56.700,314.17833333333334,299.14436905,4.0,1,osrm
188,ready,2025-07-03 09:03:35,2025-07-03 09:13:33.696295,,,,,,1,
189,delivered,2025-07-03 09:04:13,2025-07-03 09:18:22.440132,2025-07-03 09:18:22.440132,2025-07-03 09:12:19.300,8.105,0.0,9.0,1,osrm
190,delivered,2025-07-03 09:04:18,2025-07-03 09:16:33.159922,2025-07-03 12:06:38.200000,2025-07-03 12:09:40.400,185.37333333333333,170.0840013,4.0,1,osrm
191,delivered,2025-07-03 09:04:47,2025-07-03 09:22:55.994199,2025-07-03 13:38:53.300000,2025-07-03 13:42:49.800,278.0466666666667,255.95509668333335,12.0,1,osrm
192,delivered,2025-07-03 09:05:37,2025-07-03 09:15:28.084624,2025-07-03 10:11:12.900000,2025-07-03 10:16:50.500,71.225,55.74692293333333,12.0,1,osrm
193,delivered,2025-07-03 09:05:53,2025-07-03 09:17:41.492049,2025-07-03 10:59:08.700000,2025-07-03 11:02:39.300,116.77166666666668,101.45346585,15.0,1,osrm
194,delivered,2025-07-03 09:05:30,2025-07-03 09:20:12.036513,2025-07-03 09:20:12.036513,2025-07-03 09:16:09.400,10.656666666666666,0.0,12.0,1,osrm
195,delivered,2025-07-03 09:05:51,2025-07-03 09:18:09.675542,2025-07-03 10:58:46.800000,2025-07-03 11:03:51.400,118.00666666666666,100.61874096666666,4.0,1,osrm
196,delivered,2025-07-03 09:06:50,2025-07-03 09:14:07.427528,2025-07-03 11:31:21.900000,2025-07-03 11:34:22.800,147.54666666666665,137.24120786666666,12.0,1,osrm
197,delivered,2025-07-03 09:06:29,2025-07-03 09:16:48.854540,2025-07-03 09:22:00.000000,2025-07-03 09:24:41.900,18.215,5.1857576666666665,6.0,1,osrm
198,ready,2025-07-03 09:06:27,2025-07-03 09:13:23.382988,,,,,,1,
199,delivered,2025-07-03 09:06:41,2025-07-03 09:18:51.701352,2025-07-03 09:24:20.800000,2025-07-03 09:27:10.600,20.493333333333332,5.484977466666667,14.0,1,osrm
200,delivered,2025-07-03 09:07:56,2025-07-03 09:25:07.718815,2025-07-03 14:13:02.800000,2025-07-03 14:16:34.600,308.6433333333333,287.91801975,17.0,1,osrm
201,delivered,2025-07-03 09:08:29,2025-07-03 09:22:02.617571,2025-07-03 13:42:00.100000,2025-07-03 13:44:10.900,275.6983333333334,259.9580404833333,5.0,1,osrm
202,delivered,2025-07-03 09:08:04,2025-07-03 09:18:43.144739,2025-07-03 09:18:43.144739,2025-07-03 09:14:37.400,6.556666666666667,0.0,20.0,1,osrm
203,delivered,2025-07-03 09:08:19,2025-07-03 09:21:29.204637,2025-07-03 12:31:06.400000,2025-07-03 12:34:51.700,206.54500000000002,189.61992271666668,20.0,1,osrm
204,delivered,2025-07-03 09:08:56,2025-07-03 09:20:42.787646,2025-07-03 11:59:52.700000,2025-07-03 12:03:27.400,174.52333333333334,159.1652059,13.0,1,osrm
205,delivered,2025-07-03 09:09:19,2025-07-03 09:22:20.452499,2025-07-03 12:53:09.200000,2025-07-03 12:55:55.100,226.60166666666666,210.81245834999999,7.0,1,osrm
206,delivered,2025-07-03 09:09:07,2025-07-03 09:23:52.543612,2025-07-03 15:34:31.700000,2025-07-03 15:38:41.700,389.5783333333333,370.65260646666667,12.0,1,osrm
207,delivered,2025-07-03 09:09:06,2025-07-03 09:16:03.257246,2025-07-03 14:58:39.200000,2025-07-03 15:01:50.400,352.74,342.5990459,11.0,1,osrm
208,delivered,2025-07-03 09:09:41,2025-07-03 09:22:07.108833,2025-07-03 15:38:07.600000,2025-07-03 15:39:25.500,389.7416666666667,376.00818611666665,13.0,1,osrm
209,ready,2025-07-03 09:10:39,2025-07-03 09:20:39.034724,,,,,,1,
210,delivered,2025-07-03 09:10:56,2025-07-03 09:17:01.873299,2025-07-03 14:12:42.800000,2025-07-03 14:16:02.100,305.10166666666663,295.68211168333335,13.0,1,osrm
211,delivered,2025-07-03 09:11:19,2025-07-03 09:25:29.510535,2025-07-03 10:11:13.900000,2025-07-03 10:16:52.200,65.55333333333333,45.73982441666667,19.0,1,osrm
212,delivered,2025-07-03 09:11:07,2025-07-03 09:24:26.531801,2025-07-03 09:24:26.531801,2025-07-03 09:23:25.600,12.31,0.0,3.0,1,osrm
213,delivered,2025-07-03 09:11:16,2025-07-03 09:24:08.648977,2025-07-03 09:25:38.100000,2025-07-03 09:28:57.800,17.696666666666665,1.4908503833333335,13.0,1,osrm
214,delivered,2025-07-03 09:11:56,2025-07-03 09:26:30.965406,2025-07-03 09:26:30.965406,2025-07-03 09:22:01.600,10.093333333333334,0.0,5.0,1,osrm
215,delivered,2025-07-03 09:12:24,2025-07-03 09:22:57.166605,2025-07-03 09:22:57.166605,2025-07-03 09:23:28.700,11.078333333333335,0.0,16.0,1,osrm
216,delivered,2025-07-03 09:12:37,2025-07-03 09:23:01.046567,2025-07-03 13:45:13.100000,2025-07-03 13:49:28.800,276.86333333333334,262.20089055,1.0,1,osrm
217,delivered,2025-07-03 09:12:58,2025-07-03 09:25:51.061561,2025-07-03 09:25:51.061561,2025-07-03 09:27:22.200,14.403333333333334,0.0,4.0,1,osrm
218,delivered,2025-07-03 09:13:10,2025-07-03 09:19:18.758899,2025-07-03 11:31:43.300000,2025-07-03 11:35:13.800,142.06333333333333,132.40901835,20.0,1,osrm
219,delivered,2025-07-03 09:13:39,2025-07-03 09:24:14.239941,2025-07-03 11:33:19.100000,2025-07-03 11:36:09.100,142.50166666666667,129.08100098333333,17.0,1,osrm
220,delivered,2025-07-03 09:13:43,2025-07-03 09:29:19.147556,2025-07-03 12:17:12.000000,2025-07-03 12:19:48.900,186.09833333333333,167.88087406666668,13.0,1,osrm
221,delivered,2025-07-03 09:13:56,2025-07-03 09:28:12.857722,2025-07-03 15:39:19.600000,2025-07-03 15:42:06.900,388.1816666666667,371.1123713,15.0,1,osrm
222,delivered,2025-07-03 09:14:42,2025-07-03 09:29:59.973603,2025-07-03 12:53:30.900000,2025-07-03 12:54:50.600,220.14333333333335,203.51543995,8.0,1,osrm
223,delivered,2025-07-03 09:14:35,2025-07-03 09:25:53.286058,2025-07-03 14:15:15.900000,2025-07-03 14:18:35.200,304.00333333333333,289.37689903333336,3.0,1,osrm
224,delivered,2025-07-03 09:14:49,2025-07-03 09:23:27.115871,2025-07-03 14:15:18.300000,2025-07-03 14:17:52.900,303.065,291.8530688166667,12.0,1,osrm
225,delivered,2025-07-03 09:14:58,2025-07-03 09:31:29.522083,2025-07-03 10:58:06.000000,2025-07-03 11:02:01.500,107.05833333333334,86.60796528333334,20.0,1,osrm
226,ready,2025-07-03 09:15:20,2025-07-03 09:26:24.868992,,,,,,1,
227,delivered,2025-07-03 09:15:11,2025-07-03 09:26:23.904131,2025-07-03 12:07:10.300000,2025-07-03 12:09:47.900,174.61499999999998,160.77326448333332,6.0,1,osrm
228,ready,2025-07-03 09:15:41,2025-07-03 09:30:05.648366,,,,,,1,
229,delivered,2025-07-03 09:15:14,2025-07-03 09:29:18.195817,2025-07-03 09:37:42.700000,2025-07-03 09:41:24.400,26.173333333333336,8.40840305,5.0,1,osrm
230,delivered,2025-07-03 09:15:23,2025-07-03 09:29:49.794504,2025-07-03 09:29:49.794504,2025-07-03 09:24:32.000,9.15,0.0,2.0,1,osrm
231,ready,2025-07-03 09:16:57,2025-07-03 09:32:08.270019,,,,,,1,
232,delivered,2025-07-03 09:16:58,2025-07-03 09:32:08.691268,2025-07-03 09:32:08.691268,2025-07-03 09:26:31.200,9.553333333333335,0.0,9.0,1,osrm
233,delivered,2025-07-03 09:16:04,2025-07-03 09:21:04.000000,2025-07-03 09:28:18.900000,2025-07-03 09:31:49.800,15.763333333333332,7.248333333333333,7.0,1,osrm
234,delivered,2025-07-03 09:16:22,2025-07-03 09:21:22.000000,2025-07-03 13:48:28.100000,2025-07-03 13:50:49.400,274.4566666666667,267.1016666666667,19.0,1,osrm
235,delivered,2025-07-03 09:16:46,2025-07-03 09:30:56.305000,2025-07-03 12:31:09.600000,2025-07-03 12:35:22.200,198.60333333333335,180.22158333333334,19.0,1,osrm
236,delivered,2025-07-03 09:17:35,2025-07-03 09:31:10.666860,2025-07-03 09:31:10.666860,2025-07-03 09:27:41.900,10.115,0.0,20.0,1,osrm
237,delivered,2025-07-03 09:17:16,2025-07-03 09:30:30.384940,2025-07-03 09:30:30.384940,2025-07-03 09:29:34.300,12.305,0.0,19.0,1,osrm
238,delivered,2025-07-03 09:18:43,2025-07-03 09:31:58.617632,2025-07-03 14:16:44.700000,2025-07-03 14:19:56.500,301.225,284.76803946666666,19.0,1,osrm
239,delivered,2025-07-03 09:18:32,2025-07-03 09:29:56.596687,2025-07-03 12:32:12.700000,2025-07-03 12:38:15.300,199.72166666666666,182.26838855,3.0,1,osrm
240,delivered,2025-07-03 09:18:33,2025-07-03 09:27:28.895877,2025-07-03 14:59:18.100000,2025-07-03 15:01:16.800,342.72999999999996,331.82006871666664,8.0,1,osrm
241,delivered,2025-07-03 09:18:03,2025-07-03 09:31:43.347055,2025-07-03 10:12:24.100000,2025-07-03 10:18:07.600,60.07666666666667,40.679215750000004,13.0,1,osrm
242,delivered,2025-07-03 09:18:45,2025-07-03 09:38:55.434644,2025-07-03 10:13:09.200000,2025-07-03 10:18:18.800,59.56333333333334,34.2294226,2.0,1,osrm
243,delivered,2025-07-03 09:18:17,2025-07-03 09:28:38.207859,2025-07-03 11:59:43.100000,2025-07-03 12:02:47.900,164.515,151.08153568333333,2.0,1,osrm
244,delivered,2025-07-03 09:18:02,2025-07-03 09:29:40.021740,2025-07-03 14:18:06.400000,2025-07-03 14:19:46.000,301.73333333333335,288.43963766666667,15.0,1,osrm
245,delivered,2025-07-03 09:18:56,2025-07-03 09:37:42.801444,2025-07-03 09:37:42.801444,2025-07-03 09:30:26.300,11.504999999999999,0.0,11.0,1,osrm
246,delivered,2025-07-03 09:19:36,2025-07-03 09:34:49.133441,2025-07-03 09:36:04.300000,2025-07-03 09:38:35.300,18.988333333333333,1.2527759833333334,2.0,1,osrm
247,delivered,2025-07-03 09:19:51,2025-07-03 09:36:19.084756,2025-07-03 15:38:17.900000,2025-07-03 15:41:03.800,381.2133333333333,361.9802540666667,18.0,1,osrm
248,ready,2025-07-03 09:19:13,2025-07-03 09:30:47.763158,,,,,,1,
249,ready,2025-07-03 09:19:32,2025-07-03 09:29:43.219677,,,,,,1,
250,delivered,2025-07-03 09:19:08,2025-07-03 09:28:50.872910,2025-07-03 10:58:49.600000,2025-07-03 11:03:38.800,104.51333333333334,89.97878483333334,17.0,1,osrm
251,delivered,2025-07-03 09:19:23,2025-07-03 09:27:55.848860,2025-07-03 10:14:45.500000,2025-07-03 10:21:23.600,62.01,46.827519,11.0,1,osrm
252,delivered,2025-07-03 09:20:21,2025-07-03 09:34:08.123768,2025-07-03 09:38:10.200000,2025-07-03 09:42:07.500,21.775,4.034603866666667,3.0,1,osrm
253,delivered,2025-07-03 09:20:55,2025-07-03 09:27:36.499627,2025-07-03 09:35:55.500000,2025-07-03 09:38:22.200,17.453333333333333,8.316672883333334,1.0,1,osrm
254,ready,2025-07-03 09:20:09,2025-07-03 09:35:10.113334,,,,,,1,
255,ready,2025-07-03 09:20:33,2025-07-03 09:29:03.375294,,,,,,1,
256,delivered,2025-07-03 09:21:52,2025-07-03 09:33:07.703638,2025-07-03 09:33:07.703638,2025-07-03 09:33:36.300,11.738333333333333,0.0,15.0,1,osrm
257,delivered,2025-07-03 09:21:02,2025-07-03 09:29:43.083756,2025-07-03 11:59:52.700000,2025-07-03 12:02:52.000,161.83333333333334,150.16027073333333,8.0,1,osrm
258,delivered,2025-07-03 09:21:31,2025-07-03 09:36:36.878766,2025-07-03 09:40:45.000000,2025-07-03 09:43:46.500,22.258333333333333,4.1353539,19.0,1,osrm
259,delivered,2025-07-03 09:21:48,2025-07-03 09:32:13.863610,2025-07-03 12:00:02.700000,2025-07-03 12:02:07.800,160.32999999999998,147.81393983333334,16.0,1,osrm
260,delivered,2025-07-03 09:21:54,2025-07-03 09:31:25.483360,2025-07-03 11:04:50.700000,2025-07-03 11:07:44.400,105.83999999999999,93.42027733333333,8.0,1,osrm
261,delivered,2025-07-03 09:22:50,2025-07-03 09:37:13.364195,2025-07-03 09:37:13.364195,2025-07-03 09:36:44.100,13.901666666666667,0.0,12.0,1,osrm
262,delivered,2025-07-03 09:22:15,2025-07-03 09:31:03.191933,2025-07-03 14:19:42.700000,2025-07-03 14:23:34.300,301.32166666666666,288.6584677833333,5.0,1,osrm
263,ready,2025-07-03 09:23:21,2025-07-03 09:37:10.073652,,,,,,1,
264,delivered,2025-07-03 09:23:54,2025-07-03 09:40:04.442648,2025-07-03 11:37:12.100000,2025-07-03 11:38:41.100,134.785,117.12762253333334,14.0,1,osrm
265,delivered,2025-07-03 09:23:09,2025-07-03 09:31:50.051716,2025-07-03 11:05:54.100000,2025-07-03 11:10:23.700,107.24499999999999,94.0674714,5.0,1,osrm
266,delivered,2025-07-03 09:23:05,2025-07-03 09:29:06.691193,2025-07-03 11:34:40.800000,2025-07-03 11:35:04.600,131.99333333333334,125.56848011666666,8.0,1,osrm
267,delivered,2025-07-03 09:24:46,2025-07-03 09:43:24.025571,2025-07-03 09:43:24.025571,2025-07-03 09:39:51.500,15.091666666666667,0.0,10.0,1,osrm
268,delivered,2025-07-03 09:24:14,2025-07-03 09:36:22.818202,2025-07-03 09:36:22.818202,2025-07-03 09:34:04.600,9.843333333333334,0.0,17.0,1,osrm
269,delivered,2025-07-03 09:24:37,2025-07-03 09:35:06.760998,2025-07-03 09:37:37.900000,2025-07-03 09:40:40.900,16.065,2.518983366666667,6.0,1,osrm
270,delivered,2025-07-03 09:24:46,2025-07-03 09:35:09.792117,2025-07-03 15:47:19.200000,2025-07-03 15:50:23.600,385.62666666666667,372.15679805,14.0,1,osrm
271,delivered,2025-07-03 09:25:11,2025-07-03 09:38:07.125510,2025-07-03 09:38:07.125510,2025-07-03 09:39:18.100,14.118333333333334,0.0,18.0,1,osrm
272,ready,2025-07-03 09:25:19,2025-07-03 09:30:31.484755,,,,,,1,
273,delivered,2025-07-03 09:25:48,2025-07-03 09:39:50.234319,2025-07-03 13:48:28.200000,2025-07-03 13:49:27.900,263.665,248.63276134999998,8.0,1,osrm
274,ready,2025-07-03 09:26:12,2025-07-03 09:34:37.528322,,,,,,1,
275,ready,2025-07-03 09:26:27,2025-07-03 09:37:41.763909,,,,,,1,
276,delivered,2025-07-03 09:26:42,2025-07-03 09:40:01.721040,2025-07-03 11:46:21.600000,2025-07-03 11:48:04.200,141.37,126.331316,18.0,1,osrm
277,delivered,2025-07-03 09:26:00,2025-07-03 09:40:45.074827,2025-07-03 11:40:33.000000,2025-07-03 11:42:28.700,136.47833333333332,119.79875288333332,9.0,1,osrm
278,delivered,2025-07-03 09:27:15,2025-07-03 09:40:26.460573,2025-07-03 11:07:43.800000,2025-07-03 11:11:09.400,103.90666666666667,87.28899045,14.0,1,osrm
279,delivered,2025-07-03 09:27:37,2025-07-03 09:41:45.510868,2025-07-03 12:53:22.300000,2025-07-03 12:56:07.200,208.50333333333336,191.6131522,15.0,1,osrm
280,delivered,2025-07-03 09:27:17,2025-07-03 09:38:14.784596,2025-07-03 09:38:14.784596,2025-07-03 09:37:21.700,10.078333333333335,0.0,8.0,1,osrm
281,delivered,2025-07-03 09:27:19,2025-07-03 09:38:05.078902,2025-07-03 12:32:46.800000,2025-07-03 12:36:29.000,189.16666666666666,174.69535163333333,13.0,1,osrm
282,delivered,2025-07-03 09:28:44,2025-07-03 09:40:01.473158,2025-07-03 09:42:58.500000,2025-07-03 09:45:37.500,16.891666666666666,2.9504473666666664,20.0,1,osrm
283,ready,2025-07-03 09:28:37,2025-07-03 09:44:47.659536,,,,,,1,
284,delivered,2025-07-03 09:29:15,2025-07-03 09:37:38.860869,2025-07-03 09:43:12.800000,2025-07-03 09:45:40.600,16.426666666666666,5.565652183333333,11.0,1,osrm
285,delivered,2025-07-03 09:29:50,2025-07-03 09:38:27.890619,2025-07-03 09:38:27.890619,2025-07-03 09:40:15.500,10.425,0.0,16.0,1,osrm
286,ready,2025-07-03 09:29:31,2025-07-03 09:43:02.109993,,,,,,1,
287,ready,2025-07-03 09:30:58,2025-07-03 09:47:37.775592,,,,,,1,
288,delivered,2025-07-03 09:30:22,2025-07-03 09:46:22.131295,2025-07-03 12:53:53.900000,2025-07-03 12:57:19.700,206.96166666666667,187.52947841666668,12.0,1,osrm
289,delivered,2025-07-03 09:31:29,2025-07-03 09:45:22.686048,2025-07-03 09:45:22.686048,2025-07-03 09:43:03.700,11.578333333333335,0.0,13.0,1,osrm
290,delivered,2025-07-03 09:32:29,2025-07-03 09:43:45.453774,2025-07-03 10:14:55.200000,2025-07-03 10:21:06.200,48.62,31.1624371,9.0,1,osrm
291,delivered,2025-07-03 09:32:06,2025-07-03 09:42:15.957707,2025-07-03 11:45:52.800000,2025-07-03 11:46:35.700,134.495,123.61403821666666,8.0,1,osrm
292,delivered,2025-07-03 09:33:57,2025-07-03 09:47:48.352956,2025-07-03 13:48:04.400000,2025-07-03 13:49:05.200,255.13666666666668,240.26745073333333,20.0,1,osrm
293,delivered,2025-07-03 09:33:09,2025-07-03 09:47:55.377870,2025-07-03 10:15:24.100000,2025-07-03 10:18:40.500,45.525,27.478702166666668,10.0,1,osrm
294,delivered,2025-07-03 09:33:30,2025-07-03 09:47:04.702584,2025-07-03 11:08:10.100000,2025-07-03 11:12:02.500,98.54166666666667,81.08995693333333,9.0,1,osrm
295,delivered,2025-07-03 09:33:13,2025-07-03 09:43:11.624803,2025-07-03 11:07:55.700000,2025-07-03 11:12:49.800,99.61333333333333,84.73458661666668,10.0,1,osrm
296,delivered,2025-07-03 09:34:59,2025-07-03 09:43:00.116217,2025-07-03 14:22:23.600000,2025-07-03 14:23:51.300,288.87166666666667,279.3913963833333,6.0,1,osrm
297,delivered,2025-07-03 09:34:48,2025-07-03 09:44:11.219238,2025-07-03 15:49:01.400000,2025-07-03 15:52:18.500,377.5083333333333,364.8363460333333,4.0,1,osrm
298,delivered,2025-07-03 09:34:39,2025-07-03 09:43:46.196399,2025-07-03 09:43:46.196399,2025-07-03 09:44:28.100,9.818333333333333,0.0,9.0,1,osrm
299,delivered,2025-07-03 09:35:22,2025-07-03 09:48:59.234655,2025-07-03 09:48:59.234655,2025-07-03 09:45:34.300,10.205,0.0,14.0,1,osrm
300,delivered,2025-07-03 09:36:02,2025-07-03 09:50:42.441246,2025-07-03 09:50:42.441246,2025-07-03 09:52:00.000,15.966666666666667,0.0,17.0,1,osrm
301,delivered,2025-07-03 09:37:46,2025-07-03 09:47:47.771930,2025-07-03 09:47:47.771930,2025-07-03 09:49:28.000,11.7,0.0,15.0,1,osrm
302,delivered,2025-07-03 09:37:16,2025-07-03 09:48:53.200187,2025-07-03 14:21:23.800000,2025-07-03 14:22:53.200,285.62,272.5099968833334,11.0,1,osrm
303,delivered,2025-07-03 09:37:50,2025-07-03 09:50:01.645034,2025-07-03 11:10:09.000000,2025-07-03 11:13:05.000,95.25,80.12258276666667,18.0,1,osrm
304,delivered,2025-07-03 09:38:41,2025-07-03 09:53:06.481022,2025-07-03 09:53:06.481022,2025-07-03 09:54:39.600,15.976666666666667,0.0,7.0,1,osrm
305,delivered,2025-07-03 09:38:17,2025-07-03 09:50:46.745612,2025-07-03 14:22:08.000000,2025-07-03 14:24:52.800,286.59666666666664,271.3542398,10.0,1,osrm
306,ready,2025-07-03 09:39:50,2025-07-03 09:48:32.411846,,,,,,1,
307,delivered,2025-07-03 09:40:49,2025-07-03 09:57:41.520393,2025-07-03 14:24:28.900000,2025-07-03 14:28:58.800,288.1633333333333,266.78966011666665,20.0,1,osrm
308,delivered,2025-07-03 09:40:03,2025-07-03 09:52:29.581215,2025-07-03 10:16:05.400000,2025-07-03 10:20:38.900,40.598333333333336,23.59697975,3.0,1,osrm
309,delivered,2025-07-03 09:40:28,2025-07-03 09:53:22.565005,2025-07-03 09:53:22.565005,2025-07-03 09:54:57.200,14.486666666666668,0.0,12.0,1,osrm
310,delivered,2025-07-03 09:41:34,2025-07-03 09:50:43.559149,2025-07-03 09:50:43.559149,2025-07-03 09:51:39.500,10.091666666666667,0.0,16.0,1,osrm
311,delivered,2025-07-03 09:41:22,2025-07-03 09:54:33.542838,2025-07-03 11:13:01.600000,2025-07-03 11:17:01.000,95.65,78.46761936666667,13.0,1,osrm
312,delivered,2025-07-03 09:42:32,2025-07-03 09:53:02.504547,2025-07-03 10:18:46.000000,2025-07-03 10:23:34.100,41.035,25.72492421666667,20.0,1,osrm
313,delivered,2025-07-03 09:42:33,2025-07-03 09:54:14.711949,2025-07-03 12:01:03.800000,2025-07-03 12:03:51.300,141.30499999999998,126.81813418333333,15.0,1,osrm
314,delivered,2025-07-03 09:43:44,2025-07-03 09:55:02.646607,2025-07-03 10:22:42.700000,2025-07-03 10:26:20.600,42.61,27.667556549999997,8.0,1,osrm
315,delivered,2025-07-03 09:43:38,2025-07-03 09:57:24.729199,2025-07-03 15:48:50.600000,2025-07-03 15:52:26.000,368.8,351.4311800166667,11.0,1,osrm
316,delivered,2025-07-03 09:43:36,2025-07-03 09:55:17.010674,2025-07-03 11:46:47.600000,2025-07-03 11:48:01.600,124.42666666666668,111.50982210000001,2.0,1,osrm
317,delivered,2025-07-03 09:44:37,2025-07-03 09:54:45.203200,2025-07-03 13:49:54.300000,2025-07-03 13:51:28.900,246.86499999999998,235.15161333333333,14.0,1,osrm
318,delivered,2025-07-03 09:44:18,2025-07-03 09:56:35.546497,2025-07-03 12:55:23.600000,2025-07-03 12:57:09.900,192.86499999999998,178.80089171666665,3.0,1,osrm
319,delivered,2025-07-03 09:44:28,2025-07-03 10:01:29.343469,2025-07-03 12:32:08.600000,2025-07-03 12:36:21.200,171.88666666666668,150.65427551666667,8.0,1,osrm
320,delivered,2025-07-03 09:44:58,2025-07-03 09:56:50.613954,2025-07-03 09:56:50.613954,2025-07-03 09:53:18.400,8.34,0.0,8.0,1,osrm
321,delivered,2025-07-03 09:46:37,2025-07-03 09:56:26.703818,2025-07-03 13:06:26.200000,2025-07-03 13:08:08.900,201.53166666666667,189.99160303333335,17.0,1,osrm
322,delivered,2025-07-03 09:46:53,2025-07-03 09:54:58.267459,2025-07-03 09:57:06.100000,2025-07-03 10:01:06.900,14.231666666666666,2.1305423500000003,3.0,1,osrm
323,delivered,2025-07-03 09:46:06,2025-07-03 09:58:39.118803,2025-07-03 09:58:39.118803,2025-07-03 09:58:23.500,12.291666666666666,0.0,9.0,1,osrm
324,delivered,2025-07-03 09:47:21,2025-07-03 10:02:09.803497,2025-07-03 11:12:52.100000,2025-07-03 11:16:46.200,89.42,70.70494171666665,7.0,1,osrm
325,delivered,2025-07-03 09:47:19,2025-07-03 10:05:00.427557,2025-07-03 10:05:00.427557,2025-07-03 09:59:46.700,12.461666666666668,0.0,19.0,1,osrm
326,delivered,2025-07-03 09:47:55,2025-07-03 09:57:16.160248,2025-07-03 11:13:26.900000,2025-07-03 11:15:48.000,87.88333333333334,76.17899586666667,1.0,1,osrm
327,delivered,2025-07-03 09:48:23,2025-07-03 09:59:12.198979,2025-07-03 10:32:38.600000,2025-07-03 10:36:48.000,48.416666666666664,33.440017016666665,10.0,1,osrm
328,delivered,2025-07-03 09:48:58,2025-07-03 10:02:34.382462,2025-07-03 13:06:35.100000,2025-07-03 13:08:23.700,199.42833333333334,184.01195896666667,13.0,1,osrm
329,ready,2025-07-03 09:48:29,2025-07-03 10:00:59.136970,,,,,,1,
330,delivered,2025-07-03 09:48:03,2025-07-03 10:05:13.643903,2025-07-03 10:26:34.700000,2025-07-03 10:30:37.900,42.58166666666667,21.35093495,1.0,1,osrm
331,ready,2025-07-03 09:48:54,2025-07-03 10:03:22.992785,,,,,,1,
332,delivered,2025-07-03 09:48:41,2025-07-03 09:58:31.083335,2025-07-03 13:50:09.900000,2025-07-03 13:52:40.300,243.98833333333332,231.64694441666668,18.0,1,osrm
333,ready,2025-07-03 09:49:45,2025-07-03 09:56:55.902121,,,,,,1,
334,delivered,2025-07-03 09:49:30,2025-07-03 09:56:27.141304,2025-07-03 09:56:27.141304,2025-07-03 09:57:49.800,8.33,0.0,11.0,1,osrm
335,delivered,2025-07-03 09:49:08,2025-07-03 10:02:45.842569,2025-07-03 14:23:11.700000,2025-07-03 14:25:00.100,275.8683333333333,260.43095718333336,2.0,1,osrm
336,ready,2025-07-03 09:49:51,2025-07-03 10:02:59.877411,,,,,,1,
337,delivered,2025-07-03 09:49:36,2025-07-03 10:05:52.588891,2025-07-03 10:05:52.588891,2025-07-03 09:57:06.700,7.511666666666667,0.0,13.0,1,osrm
338,delivered,2025-07-03 09:50:20,2025-07-03 10:04:30.594090,2025-07-03 13:50:03.900000,2025-07-03 13:53:07.900,242.79833333333332,225.55509849999999,10.0,1,osrm
339,ready,2025-07-03 09:50:15,2025-07-03 09:56:52.842016,,,,,,1,
340,delivered,2025-07-03 09:51:53,2025-07-03 09:58:48.698977,2025-07-03 10:33:13.000000,2025-07-03 10:39:33.300,47.67166666666667,34.40501705,14.0,1,osrm
341,delivered,2025-07-03 09:52:15,2025-07-03 09:59:24.592256,2025-07-03 12:34:14.000000,2025-07-03 12:37:21.900,165.11499999999998,154.8234624,15.0,1,osrm
342,delivered,2025-07-03 09:53:53,2025-07-03 10:00:27.978862,2025-07-03 11:14:08.200000,2025-07-03 11:17:07.100,83.235,73.6703523,2.0,1,osrm
343,delivered,2025-07-03 09:53:01,2025-07-03 10:04:01.637794,2025-07-03 15:52:25.900000,2025-07-03 15:56:18.600,363.2933333333333,348.4043701,13.0,1,osrm
344,delivered,2025-07-03 09:54:27,2025-07-03 10:10:59.944008,2025-07-03 10:33:36.200000,2025-07-03 10:39:15.600,44.809999999999995,22.604266533333334,3.0,1,osrm
345,delivered,2025-07-03 09:54:58,2025-07-03 10:04:21.868203,2025-07-03 13:09:19.600000,2025-07-03 13:11:37.700,196.6616666666667,184.96219661666666,1.0,1,osrm
346,delivered,2025-07-03 09:55:51,2025-07-03 10:06:19.565093,2025-07-03 10:06:19.565093,2025-07-03 10:07:04.700,11.228333333333333,0.0,4.0,1,osrm
347,delivered,2025-07-03 09:55:36,2025-07-03 10:08:26.504699,2025-07-03 12:17:22.500000,2025-07-03 12:18:36.800,143.01333333333332,128.93325501666666,3.0,1,osrm
348,delivered,2025-07-03 09:56:53,2025-07-03 10:08:16.461641,2025-07-03 10:33:43.000000,2025-07-03 10:38:38.000,41.75,25.44230598333333,2.0,1,osrm
349,ready,2025-07-03 09:56:26,2025-07-03 10:03:45.480939,,,,,,1,
350,delivered,2025-07-03 09:57:58,2025-07-03 10:08:22.075231,2025-07-03 10:08:22.075231,2025-07-03 10:08:26.300,10.471666666666666,0.0,8.0,1,osrm
351,delivered,2025-07-03 09:57:50,2025-07-03 10:11:00.002320,2025-07-03 10:11:00.002320,2025-07-03 10:13:12.600,15.376666666666667,0.0,16.0,1,osrm
352,delivered,2025-07-03 09:57:26,2025-07-03 10:11:52.599240,2025-07-03 13:10:25.000000,2025-07-03 13:12:38.500,195.20833333333334,178.54001266666668,10.0,1,osrm
353,delivered,2025-07-03 09:58:14,2025-07-03 10:08:40.640688,2025-07-03 10:08:40.640688,2025-07-03 10:07:18.200,9.07,0.0,17.0,1,osrm
354,delivered,2025-07-03 09:58:43,2025-07-03 10:13:18.085658,2025-07-03 10:35:03.600000,2025-07-03 10:39:21.300,40.638333333333335,21.758572366666666,13.0,1,osrm
355,delivered,2025-07-03 09:58:35,2025-07-03 10:10:58.729125,2025-07-03 15:00:14.200000,2025-07-03 15:04:15.600,305.6766666666666,289.25784791666666,9.0,1,osrm
356,delivered,2025-07-03 09:59:33,2025-07-03 10:08:39.148804,2025-07-03 13:50:39.600000,2025-07-03 13:52:36.700,233.06166666666667,222.00751993333333,11.0,1,osrm
357,delivered,2025-07-03 09:59:23,2025-07-03 10:11:34.838335,2025-07-03 10:11:34.838335,2025-07-03 10:08:52.200,9.486666666666668,0.0,7.0,1,osrm
358,ready,2025-07-03 09:59:05,2025-07-03 10:06:24.693912,,,,,,1,
359,ready,2025-07-03 10:00:09,2025-07-03 10:08:59.149082,,,,,,1,
360,delivered,2025-07-03 10:02:56,2025-07-03 10:21:07.794381,2025-07-03 10:21:07.794381,2025-07-03 10:11:13.800,8.296666666666667,0.0,6.0,1,osrm
361,ready,2025-07-03 10:03:32,2025-07-03 10:13:32.032584,,,,,,1,
362,delivered,2025-07-03 10:03:43,2025-07-03 10:13:27.049869,2025-07-03 11:13:31.900000,2025-07-03 11:16:55.100,73.20166666666667,60.08083551666667,16.0,1,osrm
363,ready,2025-07-03 10:04:01,2025-07-03 10:17:38.641099,,,,,,1,
364,delivered,2025-07-03 10:05:39,2025-07-03 10:17:59.239996,2025-07-03 10:17:59.239996,2025-07-03 10:13:10.500,7.525,0.0,18.0,1,osrm
365,delivered,2025-07-03 10:05:00,2025-07-03 10:10:06.587216,2025-07-03 10:10:06.587216,2025-07-03 10:12:43.200,7.72,0.0,1.0,1,osrm
366,delivered,2025-07-03 10:07:03,2025-07-03 10:18:34.377727,2025-07-03 12:10:46.300000,2025-07-03 12:13:24.400,126.35666666666665,112.19870455,14.0,1,osrm
367,delivered,2025-07-03 10:08:59,2025-07-03 10:19:19.027710,2025-07-03 10:19:19.027710,2025-07-03 10:17:46.400,8.79,0.0,14.0,1,osrm
368,delivered,2025-07-03 10:09:43,2025-07-03 10:25:49.791561,2025-07-03 14:31:57.400000,2025-07-03 14:35:18.800,265.59666666666664,246.12680731666666,15.0,1,osrm
369,ready,2025-07-03 10:09:01,2025-07-03 10:21:36.754092,,,,,,1,
370,delivered,2025-07-03 10:09:59,2025-07-03 10:20:01.501729,2025-07-03 12:33:00.200000,2025-07-03 12:37:10.100,147.185,132.97830451666667,2.0,1,osrm
371,delivered,2025-07-03 10:10:18,2025-07-03 10:22:43.624870,2025-07-03 10:22:43.624870,2025-07-03 10:21:45.000,11.45,0.0,5.0,1,osrm
372,delivered,2025-07-03 10:11:22,2025-07-03 10:25:14.496131,2025-07-03 10:25:14.496131,2025-07-03 10:22:48.700,11.445,0.0,7.0,1,osrm
373,delivered,2025-07-03 10:11:28,2025-07-03 10:19:54.263710,2025-07-03 10:22:08.900000,2025-07-03 10:25:34.300,14.104999999999999,2.2439381666666667,15.0,1,osrm
374,ready,2025-07-03 10:11:55,2025-07-03 10:23:10.495151,,,,,,1,
375,delivered,2025-07-03 10:12:14,2025-07-03 10:22:22.161682,2025-07-03 10:22:22.161682,2025-07-03 10:26:06.800,13.879999999999999,0.0,17.0,1,osrm
376,delivered,2025-07-03 10:13:16,2025-07-03 10:29:35.208831,2025-07-03 10:34:11.300000,2025-07-03 10:37:55.900,24.665000000000003,4.601519483333333,19.0,1,osrm
377,delivered,2025-07-03 10:13:43,2025-07-03 10:28:42.467046,2025-07-03 15:01:14.200000,2025-07-03 15:04:07.900,290.415,272.52888256666665,14.0,1,osrm
378,delivered,2025-07-03 10:14:39,2025-07-03 10:22:49.132830,2025-07-03 10:22:49.132830,2025-07-03 10:24:12.200,9.553333333333335,0.0,4.0,1,osrm
379,ready,2025-07-03 10:14:54,2025-07-03 10:29:45.642554,,,,,,1,
380,delivered,2025-07-03 10:15:56,2025-07-03 10:24:38.272202,2025-07-03 13:13:14.400000,2025-07-03 13:15:46.600,179.84333333333333,168.60212996666667,4.0,1,osrm
381,delivered,2025-07-03 10:15:16,2025-07-03 10:28:13.960680,2025-07-03 13:12:45.300000,2025-07-03 13:15:17.900,180.03166666666667,164.52232199999997,7.0,1,osrm
382,delivered,2025-07-03 10:16:20,2025-07-03 10:31:20.997153,2025-07-03 11:13:24.100000,2025-07-03 11:18:11.700,61.861666666666665,42.051714116666666,11.0,1,osrm
383,delivered,2025-07-03 10:17:30,2025-07-03 10:29:55.655563,2025-07-03 10:29:55.655563,2025-07-03 10:30:16.200,12.770000000000001,0.0,16.0,1,osrm
384,ready,2025-07-03 10:18:47,2025-07-03 10:23:47.000000,,,,,,1,
385,delivered,2025-07-03 10:19:51,2025-07-03 10:34:08.675863,2025-07-03 10:37:01.800000,2025-07-03 10:43:49.900,23.98166666666667,2.8854022833333333,15.0,1,osrm
386,delivered,2025-07-03 10:19:46,2025-07-03 10:32:47.238388,2025-07-03 10:32:47.238388,2025-07-03 10:33:26.300,13.671666666666665,0.0,6.0,1,osrm
387,ready,2025-07-03 10:20:50,2025-07-03 10:30:53.683839,,,,,,1,
388,delivered,2025-07-03 10:20:03,2025-07-03 10:35:52.639126,2025-07-03 10:35:52.639126,2025-07-03 10:33:35.000,13.533333333333333,0.0,18.0,1,osrm
389,delivered,2025-07-03 10:21:20,2025-07-03 10:33:38.297770,2025-07-03 11:46:38.600000,2025-07-03 11:48:44.400,87.40666666666667,73.00503716666667,15.0,1,osrm
390,delivered,2025-07-03 10:23:38,2025-07-03 10:41:15.712284,2025-07-03 13:51:51.500000,2025-07-03 13:55:37.300,211.98833333333332,190.59646193333336,6.0,1,osrm
391,delivered,2025-07-03 10:25:40,2025-07-03 10:37:56.069697,2025-07-03 10:37:56.069697,2025-07-03 10:34:07.700,8.461666666666666,0.0,12.0,1,osrm
392,delivered,2025-07-03 10:26:56,2025-07-03 10:38:21.732544,2025-07-03 11:46:41.300000,2025-07-03 11:49:21.400,82.42333333333333,68.32612426666667,13.0,1,osrm
393,delivered,2025-07-03 10:27:05,2025-07-03 10:37:35.568634,2025-07-03 10:37:35.568634,2025-07-03 10:39:42.500,12.625,0.0,9.0,1,osrm
394,delivered,2025-07-03 10:27:01,2025-07-03 10:35:50.714399,2025-07-03 15:01:21.500000,2025-07-03 15:03:38.000,276.6166666666667,265.51309335,20.0,1,osrm
395,delivered,2025-07-03 10:28:06,2025-07-03 10:44:47.253866,2025-07-03 10:44:47.253866,2025-07-03 10:42:15.600,14.16,0.0,11.0,1,osrm
396,ready,2025-07-03 10:29:47,2025-07-03 10:42:02.205362,,,,,,1,
397,delivered,2025-07-03 10:29:17,2025-07-03 10:41:14.361193,2025-07-03 12:10:45.100000,2025-07-03 12:13:04.700,103.795,89.51231345,10.0,1,osrm
398,delivered,2025-07-03 10:30:34,2025-07-03 10:43:48.906636,2025-07-03 12:01:30.800000,2025-07-03 12:04:33.300,93.98833333333333,77.69822273333332,7.0,1,osrm
399,delivered,2025-07-03 10:30:02,2025-07-03 10:35:53.098431,2025-07-03 10:35:53.098431,2025-07-03 10:39:04.200,9.036666666666667,0.0,5.0,1,osrm
400,delivered,2025-07-03 10:31:32,2025-07-03 10:40:35.834274,2025-07-03 14:32:43.400000,2025-07-03 14:37:33.900,246.03166666666667,232.12609543333335,7.0,1,osrm
401,ready,2025-07-03 10:31:25,2025-07-03 10:40:34.577283,,,,,,1,
402,delivered,2025-07-03 10:32:59,2025-07-03 10:45:25.517369,2025-07-03 13:12:55.500000,2025-07-03 13:16:13.300,163.23833333333332,147.49971051666668,16.0,1,osrm
403,delivered,2025-07-03 10:32:46,2025-07-03 10:40:31.971894,2025-07-03 10:41:00.000000,2025-07-03 10:45:48.500,13.041666666666666,0.4671351,1.0,1,osrm
404,delivered,2025-07-03 10:35:19,2025-07-03 10:51:38.254474,2025-07-03 15:01:59.300000,2025-07-03 15:05:05.900,269.78166666666664,250.35075876666667,17.0,1,osrm
405,delivered,2025-07-03 10:36:49,2025-07-03 10:47:42.837669,2025-07-03 13:51:52.200000,2025-07-03 13:55:07.600,198.31,184.15603885000002,2.0,1,osrm
406,delivered,2025-07-03 10:36:02,2025-07-03 10:57:02.946386,2025-07-03 10:57:02.946386,2025-07-03 10:49:51.400,13.823333333333332,0.0,12.0,1,osrm
407,delivered,2025-07-03 10:37:33,2025-07-03 10:51:34.947349,2025-07-03 14:33:18.000000,2025-07-03 14:35:37.600,238.07666666666668,221.71754418333333,17.0,1,osrm
408,delivered,2025-07-03 10:37:30,2025-07-03 10:48:29.666520,2025-07-03 10:48:29.666520,2025-07-03 10:50:31.500,13.025,0.0,6.0,1,osrm
409,delivered,2025-07-03 10:37:55,2025-07-03 10:49:44.915123,2025-07-03 11:47:01.000000,2025-07-03 11:47:52.900,69.96499999999999,57.26808128333333,16.0,1,osrm
410,delivered,2025-07-03 10:39:41,2025-07-03 10:51:56.490984,2025-07-03 13:53:45.200000,2025-07-03 13:55:09.100,195.46833333333333,181.81181693333335,16.0,1,osrm
411,delivered,2025-07-03 10:39:39,2025-07-03 10:53:16.550800,2025-07-03 10:53:16.550800,2025-07-03 10:56:05.300,16.438333333333333,0.0,18.0,1,osrm
412,delivered,2025-07-03 10:39:00,2025-07-03 10:49:20.279128,2025-07-03 12:34:10.800000,2025-07-03 12:38:54.500,119.90833333333333,104.84201453333334,18.0,1,osrm
413,delivered,2025-07-03 10:40:01,2025-07-03 10:52:55.351381,2025-07-03 12:12:24.100000,2025-07-03 12:15:50.500,95.825,79.47914365,9.0,1,osrm
414,delivered,2025-07-03 10:40:59,2025-07-03 10:57:05.201356,2025-07-03 10:57:05.201356,2025-07-03 10:52:44.100,11.751666666666667,0.0,14.0,1,osrm
415,delivered,2025-07-03 10:42:02,2025-07-03 10:47:03.805784,2025-07-03 10:50:50.600000,2025-07-03 10:54:27.300,12.421666666666665,3.7799036,9.0,1,osrm
416,ready,2025-07-03 10:42:50,2025-07-03 10:58:54.742878,,,,,,1,
417,delivered,2025-07-03 10:43:57,2025-07-03 10:55:02.452785,2025-07-03 10:55:02.452785,2025-07-03 10:54:34.400,10.623333333333333,0.0,5.0,1,osrm
418,delivered,2025-07-03 10:44:50,2025-07-03 10:58:12.945185,2025-07-03 14:33:32.400000,2025-07-03 14:35:43.500,230.89166666666668,215.32424691666665,19.0,1,osrm
419,delivered,2025-07-03 10:45:30,2025-07-03 10:58:29.189972,2025-07-03 12:01:12.900000,2025-07-03 12:04:24.100,78.90166666666667,62.72850046666667,12.0,1,osrm
420,delivered,2025-07-03 10:47:44,2025-07-03 10:59:56.348226,2025-07-03 10:59:56.348226,2025-07-03 10:57:27.800,9.729999999999999,0.0,16.0,1,osrm
421,delivered,2025-07-03 10:47:43,2025-07-03 11:05:54.628590,2025-07-03 15:15:46.800000,2025-07-03 15:17:23.600,269.6766666666667,249.8695235,5.0,1,osrm
422,delivered,2025-07-03 10:49:26,2025-07-03 11:09:58.017609,2025-07-03 11:09:58.017609,2025-07-03 10:58:25.900,8.998333333333333,0.0,11.0,1,osrm
423,delivered,2025-07-03 10:50:08,2025-07-03 11:00:14.163783,2025-07-03 11:14:06.700000,2025-07-03 11:18:26.500,28.308333333333334,13.875603616666666,3.0,1,osrm
424,delivered,2025-07-03 10:53:32,2025-07-03 11:05:02.700687,2025-07-03 11:05:02.700687,2025-07-03 11:03:19.900,9.798333333333334,0.0,12.0,1,osrm
425,delivered,2025-07-03 10:55:36,2025-07-03 11:05:59.848570,2025-07-03 11:05:59.848570,2025-07-03 11:08:22.200,12.770000000000001,0.0,6.0,1,osrm
426,delivered,2025-07-03 10:55:24,2025-07-03 11:07:36.923420,2025-07-03 13:54:13.700000,2025-07-03 13:55:59.700,180.595,166.612943,17.0,1,osrm
427,delivered,2025-07-03 10:59:18,2025-07-03 11:06:36.933748,2025-07-03 12:12:34.300000,2025-07-03 12:14:05.600,74.79333333333334,65.9561042,5.0,1,osrm
428,delivered,2025-07-03 10:59:25,2025-07-03 11:16:48.289183,2025-07-03 11:16:48.289183,2025-07-03 11:17:51.300,18.438333333333333,0.0,19.0,1,osrm
429,delivered,2025-07-03 11:01:16,2025-07-03 11:18:22.936515,2025-07-03 15:54:40.600000,2025-07-03 15:57:15.200,295.9866666666667,276.29439141666666,17.0,1,osrm
430,ready,2025-07-03 11:01:35,2025-07-03 11:13:04.035577,,,,,,1,
431,delivered,2025-07-03 11:01:20,2025-07-03 11:16:32.249647,2025-07-03 14:35:31.800000,2025-07-03 14:37:49.100,216.485,198.99250588333334,4.0,1,osrm
432,ready,2025-07-03 11:01:16,2025-07-03 11:12:57.004400,,,,,,1,
433,ready,2025-07-03 11:04:44,2025-07-03 11:17:27.724668,,,,,,1,
434,delivered,2025-07-03 11:10:26,2025-07-03 11:26:04.202921,2025-07-03 11:26:04.202921,2025-07-03 11:18:47.100,8.351666666666667,0.0,17.0,1,osrm
435,ready,2025-07-03 11:10:59,2025-07-03 11:26:30.692952,,,,,,1,
436,delivered,2025-07-03 11:11:14,2025-07-03 11:16:39.773289,2025-07-03 11:22:03.500000,2025-07-03 11:25:24.300,14.171666666666665,5.395445183333334,8.0,1,osrm
437,delivered,2025-07-03 11:11:23,2025-07-03 11:21:02.622085,2025-07-03 14:36:38.500000,2025-07-03 14:40:10.700,208.79500000000002,195.59796525,1.0,1,osrm
438,delivered,2025-07-03 11:11:16,2025-07-03 11:22:14.225425,2025-07-03 11:23:10.700000,2025-07-03 11:26:55.700,15.661666666666667,0.9412429166666667,5.0,1,osrm
439,delivered,2025-07-03 11:17:24,2025-07-03 11:28:35.330719,2025-07-03 11:28:35.330719,2025-07-03 11:28:19.700,10.928333333333335,0.0,9.0,1,osrm
440,delivered,2025-07-03 11:17:21,2025-07-03 11:25:52.154804,2025-07-03 11:25:57.000000,2025-07-03 11:28:29.000,11.133333333333333,0.08075326666666666,10.0,1,osrm
441,ready,2025-07-03 11:20:54,2025-07-03 11:36:25.169321,,,,,,1,
442,delivered,2025-07-03 11:20:30,2025-07-03 11:33:48.122803,2025-07-03 11:33:48.122803,2025-07-03 11:31:03.800,10.563333333333333,0.0,1.0,1,osrm
443,delivered,2025-07-03 11:20:37,2025-07-03 11:28:17.971390,2025-07-03 11:29:49.200000,2025-07-03 11:34:56.200,14.32,1.5204768333333334,18.0,1,osrm
444,delivered,2025-07-03 11:22:38,2025-07-03 11:33:39.937073,2025-07-03 11:33:39.937073,2025-07-03 11:32:57.800,10.33,0.0,4.0,1,osrm
445,delivered,2025-07-03 11:22:15,2025-07-03 11:32:00.016109,2025-07-03 14:36:11.500000,2025-07-03 14:41:05.500,198.84166666666667,184.19139818333332,11.0,1,osrm
446,delivered,2025-07-03 11:22:49,2025-07-03 11:37:30.530525,2025-07-03 11:37:30.530525,2025-07-03 11:32:45.400,9.94,0.0,13.0,1,osrm
447,delivered,2025-07-03 11:26:19,2025-07-03 11:37:08.567655,2025-07-03 11:37:08.567655,2025-07-03 11:40:48.100,14.485000000000001,0.0,6.0,1,osrm
448,delivered,2025-07-03 11:29:53,2025-07-03 11:41:44.551692,2025-07-03 14:36:48.300000,2025-07-03 14:38:59.600,189.11,175.0624718,6.0,1,osrm
449,delivered,2025-07-03 11:31:28,2025-07-03 11:42:16.485614,2025-07-03 11:42:16.485614,2025-07-03 11:44:10.100,12.701666666666666,0.0,10.0,1,osrm
450,delivered,2025-07-03 11:32:54,2025-07-03 11:43:12.639915,2025-07-03 11:43:12.639915,2025-07-03 11:45:09.100,12.251666666666667,0.0,11.0,1,osrm
451,delivered,2025-07-03 11:32:09,2025-07-03 11:42:10.897613,2025-07-03 11:42:10.897613,2025-07-03 11:44:36.200,12.453333333333335,0.0,5.0,1,osrm
452,delivered,2025-07-03 11:35:50,2025-07-03 11:47:56.661606,2025-07-03 13:15:18.000000,2025-07-03 13:17:44.500,101.90833333333333,87.3556399,19.0,1,osrm
453,delivered,2025-07-03 11:36:44,2025-07-03 11:50:40.232753,2025-07-03 15:56:11.300000,2025-07-03 16:00:42.600,263.9766666666667,245.51778745000001,10.0,1,osrm
454,delivered,2025-07-03 11:36:26,2025-07-03 11:49:31.739492,2025-07-03 11:49:31.739492,2025-07-03 11:48:56.700,12.511666666666667,0.0,1.0,1,osrm
455,delivered,2025-07-03 11:38:24,2025-07-03 11:48:16.132261,2025-07-03 11:48:16.132261,2025-07-03 11:51:49.700,13.428333333333335,0.0,4.0,1,osrm
456,delivered,2025-07-03 11:42:24,2025-07-03 11:50:27.262349,2025-07-03 13:17:46.100000,2025-07-03 13:20:56.200,98.53666666666666,87.31396085,11.0,1,osrm
457,delivered,2025-07-03 11:42:00,2025-07-03 11:55:26.552561,2025-07-03 14:37:23.000000,2025-07-03 14:39:32.800,177.54666666666665,161.94079065,18.0,1,osrm
458,delivered,2025-07-03 11:43:48,2025-07-03 11:56:52.499823,2025-07-03 11:56:52.499823,2025-07-03 11:56:03.900,12.264999999999999,0.0,14.0,1,osrm
459,delivered,2025-07-03 11:43:14,2025-07-03 11:52:51.038563,2025-07-03 11:52:51.038563,2025-07-03 11:54:08.000,10.9,0.0,6.0,1,osrm
460,delivered,2025-07-03 11:44:47,2025-07-03 11:55:22.344007,2025-07-03 13:19:01.400000,2025-07-03 13:20:35.300,95.805,83.65093321666667,20.0,1,osrm
461,delivered,2025-07-03 11:45:37,2025-07-03 11:51:59.184875,2025-07-03 11:53:31.200000,2025-07-03 11:55:36.800,9.996666666666666,1.5335854166666667,17.0,1,osrm
462,delivered,2025-07-03 11:46:53,2025-07-03 11:54:56.753730,2025-07-03 12:33:09.300000,2025-07-03 12:37:46.500,50.891666666666666,38.209104499999995,7.0,1,osrm
463,delivered,2025-07-03 11:46:08,2025-07-03 12:02:17.674677,2025-07-03 13:28:09.800000,2025-07-03 13:30:25.100,104.28500000000001,85.86875538333334,12.0,1,osrm
464,ready,2025-07-03 11:48:21,2025-07-03 12:01:30.942718,,,,,,1,
465,delivered,2025-07-03 11:50:02,2025-07-03 11:59:01.562465,2025-07-03 11:59:01.562465,2025-07-03 11:56:39.100,6.618333333333334,0.0,10.0,1,osrm
466,delivered,2025-07-03 11:51:14,2025-07-03 12:00:28.369663,2025-07-03 12:00:28.369663,2025-07-03 12:02:17.300,11.055,0.0,18.0,1,osrm
467,delivered,2025-07-03 11:53:28,2025-07-03 12:04:42.795993,2025-07-03 12:04:42.795993,2025-07-03 12:05:28.600,12.01,0.0,19.0,1,osrm
468,delivered,2025-07-03 11:53:26,2025-07-03 12:05:05.674904,2025-07-03 12:05:05.674904,2025-07-03 12:04:58.500,11.541666666666666,0.0,1.0,1,osrm
469,delivered,2025-07-03 11:56:29,2025-07-03 12:13:18.940772,2025-07-03 12:33:53.100000,2025-07-03 12:38:50.700,42.361666666666665,20.569320466666667,12.0,1,osrm
470,delivered,2025-07-03 12:00:01,2025-07-03 12:10:12.443226,2025-07-03 12:10:12.443226,2025-07-03 12:07:46.100,7.751666666666667,0.0,17.0,1,osrm
471,delivered,2025-07-03 12:01:09,2025-07-03 12:16:55.874633,2025-07-03 13:27:26.200000,2025-07-03 13:28:30.200,87.35333333333332,70.50542278333334,4.0,1,osrm
472,delivered,2025-07-03 12:01:53,2025-07-03 12:12:53.562635,2025-07-03 12:12:53.562635,2025-07-03 12:15:43.900,13.848333333333333,0.0,11.0,1,osrm
473,ready,2025-07-03 12:05:28,2025-07-03 12:14:11.415308,,,,,,1,
474,delivered,2025-07-03 12:08:57,2025-07-03 12:22:33.752503,2025-07-03 12:22:33.752503,2025-07-03 12:17:49.200,8.870000000000001,0.0,16.0,1,osrm
475,delivered,2025-07-03 12:10:42,2025-07-03 12:24:33.366497,2025-07-03 12:24:33.366497,2025-07-03 12:17:29.800,6.796666666666667,0.0,19.0,1,osrm
476,ready,2025-07-03 12:11:12,2025-07-03 12:24:04.336324,,,,,,1,
477,ready,2025-07-03 12:11:13,2025-07-03 12:26:41.939884,,,,,,1,
478,delivered,2025-07-03 12:12:26,2025-07-03 12:23:32.582993,2025-07-03 12:23:32.582993,2025-07-03 12:24:46.700,12.345,0.0,17.0,1,osrm
479,delivered,2025-07-03 12:13:33,2025-07-03 12:27:22.726105,2025-07-03 12:27:22.726105,2025-07-03 12:30:26.800,16.896666666666665,0.0,4.0,1,osrm
480,delivered,2025-07-03 12:16:19,2025-07-03 12:29:48.127766,2025-07-03 12:29:48.127766,2025-07-03 12:26:59.700,10.678333333333335,0.0,11.0,1,osrm
481,delivered,2025-07-03 12:18:58,2025-07-03 12:29:22.934756,2025-07-03 12:29:22.934756,2025-07-03 12:28:59.600,10.026666666666667,0.0,9.0,1,osrm
482,ready,2025-07-03 12:19:49,2025-07-03 12:35:42.703748,,,,,,1,
483,delivered,2025-07-03 12:20:09,2025-07-03 12:29:14.137881,2025-07-03 12:29:14.137881,2025-07-03 12:30:47.900,10.648333333333333,0.0,10.0,1,osrm
484,delivered,2025-07-03 12:21:34,2025-07-03 12:34:10.954103,2025-07-03 15:15:38.000000,2025-07-03 15:17:35.400,176.02333333333334,161.45076495,12.0,1,osrm
485,delivered,2025-07-03 12:24:14,2025-07-03 12:37:01.035055,2025-07-03 12:37:01.035055,2025-07-03 12:30:27.500,6.225,0.0,16.0,1,osrm
486,delivered,2025-07-03 12:26:12,2025-07-03 12:38:27.109796,2025-07-03 12:38:27.109796,2025-07-03 12:36:41.200,10.486666666666668,0.0,17.0,1,osrm
487,delivered,2025-07-03 12:28:23,2025-07-03 12:38:32.371980,2025-07-03 14:37:45.000000,2025-07-03 14:41:11.500,132.80833333333334,119.21046700000001,10.0,1,osrm
488,delivered,2025-07-03 12:29:23,2025-07-03 12:46:38.996993,2025-07-03 14:38:40.000000,2025-07-03 14:42:28.700,133.095,112.01671678333334,5.0,1,osrm
489,delivered,2025-07-03 12:31:36,2025-07-03 12:46:11.011574,2025-07-03 12:46:11.011574,2025-07-03 12:45:36.400,14.006666666666666,0.0,16.0,1,osrm
490,delivered,2025-07-03 12:33:16,2025-07-03 12:47:28.876241,2025-07-03 13:55:29.000000,2025-07-03 13:58:06.000,84.83333333333333,68.00206265,3.0,1,osrm
491,delivered,2025-07-03 12:35:16,2025-07-03 12:44:04.706750,2025-07-03 12:44:04.706750,2025-07-03 12:46:45.200,11.486666666666668,0.0,11.0,1,osrm
492,delivered,2025-07-03 12:35:00,2025-07-03 12:45:32.412381,2025-07-03 12:45:32.412381,2025-07-03 12:42:24.000,7.4,0.0,9.0,1,osrm
493,delivered,2025-07-03 12:36:16,2025-07-03 12:53:09.588718,2025-07-03 12:53:09.588718,2025-07-03 12:52:24.200,16.136666666666667,0.0,20.0,1,osrm
494,delivered,2025-07-03 12:37:21,2025-07-03 12:47:14.569095,2025-07-03 13:56:35.500000,2025-07-03 13:57:44.700,80.395,69.34884841666667,9.0,1,osrm
495,delivered,2025-07-03 12:38:22,2025-07-03 12:52:44.963893,2025-07-03 15:04:29.300000,2025-07-03 15:05:58.300,147.605,131.73893511666668,4.0,1,osrm
496,delivered,2025-07-03 12:38:40,2025-07-03 12:50:36.565183,2025-07-03 12:50:36.565183,2025-07-03 12:47:23.900,8.731666666666666,0.0,14.0,1,osrm
497,delivered,2025-07-03 12:45:15,2025-07-03 12:55:34.227427,2025-07-03 12:55:34.227427,2025-07-03 12:52:54.200,7.653333333333333,0.0,2.0,1,osrm
498,delivered,2025-07-03 12:47:47,2025-07-03 13:01:31.736396,2025-07-03 13:01:31.736396,2025-07-03 12:58:38.700,10.861666666666668,0.0,10.0,1,osrm
499,delivered,2025-07-03 12:48:59,2025-07-03 13:02:26.357276,2025-07-03 13:02:26.357276,2025-07-03 13:03:01.300,14.038333333333332,0.0,14.0,1,osrm
500,delivered,2025-07-03 12:48:31,2025-07-03 12:59:14.788468,2025-07-03 12:59:14.788468,2025-07-03 13:00:28.600,11.96,0.0,1.0,1,osrm
501,delivered,2025-07-03 12:49:31,2025-07-03 13:09:22.583690,2025-07-03 13:09:22.583690,2025-07-03 13:02:00.600,12.493333333333334,0.0,9.0,1,osrm
502,delivered,2025-07-03 12:49:10,2025-07-03 13:02:05.557665,2025-07-03 13:05:47.300000,2025-07-03 13:08:41.200,19.52,3.6957055833333334,2.0,1,osrm
503,delivered,2025-07-03 12:49:20,2025-07-03 12:59:13.928347,2025-07-03 12:59:13.928347,2025-07-03 13:00:23.900,11.065,0.0,4.0,1,osrm
504,delivered,2025-07-03 12:50:22,2025-07-03 13:05:57.155139,2025-07-03 13:05:57.155139,2025-07-03 12:58:04.700,7.711666666666667,0.0,16.0,1,osrm
505,ready,2025-07-03 12:52:22,2025-07-03 13:06:11.571470,,,,,,1,
506,ready,2025-07-03 12:53:36,2025-07-03 13:04:26.855691,,,,,,1,
507,delivered,2025-07-03 12:53:34,2025-07-03 13:05:35.433944,2025-07-03 13:05:35.433944,2025-07-03 13:00:17.700,6.7283333333333335,0.0,5.0,1,osrm
508,delivered,2025-07-03 12:54:11,2025-07-03 13:09:49.880658,2025-07-03 13:09:49.880658,2025-07-03 13:04:59.200,10.803333333333335,0.0,11.0,1,osrm
509,delivered,2025-07-03 12:54:50,2025-07-03 13:12:44.625964,2025-07-03 13:12:44.625964,2025-07-03 13:04:26.400,9.606666666666666,0.0,19.0,1,osrm
510,delivered,2025-07-03 12:57:11,2025-07-03 13:10:40.563118,2025-07-03 13:10:40.563118,2025-07-03 13:10:39.400,13.473333333333333,0.0,8.0,1,osrm
511,delivered,2025-07-03 12:57:58,2025-07-03 13:13:41.444179,2025-07-03 13:13:41.444179,2025-07-03 13:10:23.600,12.426666666666668,0.0,6.0,1,osrm
512,delivered,2025-07-03 12:58:52,2025-07-03 13:09:32.424747,2025-07-03 13:09:32.424747,2025-07-03 13:07:11.500,8.325,0.0,20.0,1,osrm
513,delivered,2025-07-03 12:59:02,2025-07-03 13:15:05.299923,2025-07-03 14:02:42.500000,2025-07-03 14:05:17.000,66.25,47.62000128333333,8.0,1,osrm
514,ready,2025-07-03 13:01:07,2025-07-03 13:21:49.711565,,,,,,1,
515,delivered,2025-07-03 13:01:33,2025-07-03 13:14:57.671974,2025-07-03 13:14:57.671974,2025-07-03 13:12:33.200,11.003333333333334,0.0,5.0,1,osrm
516,delivered,2025-07-03 13:01:14,2025-07-03 13:13:00.436677,2025-07-03 13:13:00.436677,2025-07-03 13:15:54.300,14.671666666666665,0.0,18.0,1,osrm
517,delivered,2025-07-03 13:01:59,2025-07-03 13:14:57.698507,2025-07-03 13:14:57.698507,2025-07-03 13:15:11.800,13.213333333333333,0.0,12.0,1,osrm
518,delivered,2025-07-03 13:02:00,2025-07-03 13:18:06.073814,2025-07-03 14:47:08.100000,2025-07-03 14:49:22.500,107.375,89.03376976666667,12.0,1,osrm
519,delivered,2025-07-03 13:04:14,2025-07-03 13:17:11.694703,2025-07-03 13:17:11.694703,2025-07-03 13:16:46.800,12.546666666666665,0.0,15.0,1,osrm
520,delivered,2025-07-03 13:04:14,2025-07-03 13:14:19.737372,2025-07-03 13:14:19.737372,2025-07-03 13:15:53.500,11.658333333333333,0.0,3.0,1,osrm
521,delivered,2025-07-03 13:08:49,2025-07-03 13:17:41.661190,2025-07-03 14:47:16.700000,2025-07-03 14:50:23.700,101.57833333333333,89.58398016666666,3.0,1,osrm
522,delivered,2025-07-03 13:09:23,2025-07-03 13:16:10.077711,2025-07-03 13:16:15.000000,2025-07-03 13:19:57.200,10.57,0.08203815,9.0,1,osrm
523,delivered,2025-07-03 13:10:47,2025-07-03 13:19:03.954178,2025-07-03 13:19:03.954178,2025-07-03 13:18:25.800,7.6466666666666665,0.0,14.0,1,osrm
524,delivered,2025-07-03 13:11:11,2025-07-03 13:27:04.579201,2025-07-03 13:27:04.579201,2025-07-03 13:25:14.400,14.056666666666667,0.0,2.0,1,osrm
525,delivered,2025-07-03 13:11:03,2025-07-03 13:28:12.045253,2025-07-03 13:28:12.045253,2025-07-03 13:22:04.500,11.025,0.0,6.0,1,osrm
526,delivered,2025-07-03 13:11:48,2025-07-03 13:23:48.646728,2025-07-03 13:23:48.646728,2025-07-03 13:28:59.900,17.198333333333334,0.0,13.0,1,osrm
527,delivered,2025-07-03 13:12:17,2025-07-03 13:24:32.350072,2025-07-03 13:24:32.350072,2025-07-03 13:20:49.900,8.548333333333334,0.0,8.0,1,osrm
528,delivered,2025-07-03 13:13:46,2025-07-03 13:24:35.774716,2025-07-03 13:24:35.774716,2025-07-03 13:25:01.700,11.261666666666667,0.0,17.0,1,osrm
529,delivered,2025-07-03 13:19:00,2025-07-03 13:42:02.806804,2025-07-03 14:48:29.100000,2025-07-03 14:51:05.300,92.08833333333334,66.43821993333333,13.0,1,osrm
530,delivered,2025-07-03 13:20:05,2025-07-03 13:33:44.548112,2025-07-03 13:33:44.548112,2025-07-03 13:29:57.800,9.879999999999999,0.0,5.0,1,osrm
531,delivered,2025-07-03 13:22:12,2025-07-03 13:29:35.866529,2025-07-03 13:30:23.900000,2025-07-03 13:34:51.800,12.663333333333332,0.80055785,18.0,1,osrm
532,delivered,2025-07-03 13:22:53,2025-07-03 13:34:47.818669,2025-07-03 13:34:47.818669,2025-07-03 13:34:30.500,11.625,0.0,19.0,1,osrm
533,delivered,2025-07-03 13:23:39,2025-07-03 13:32:18.612091,2025-07-03 13:32:57.900000,2025-07-03 13:35:47.400,12.139999999999999,0.6547984833333333,8.0,1,osrm
534,delivered,2025-07-03 13:24:36,2025-07-03 13:38:30.434307,2025-07-03 13:38:30.434307,2025-07-03 13:36:01.200,11.42,0.0,3.0,1,osrm
535,delivered,2025-07-03 13:25:07,2025-07-03 13:37:17.194487,2025-07-03 13:37:17.194487,2025-07-03 13:31:17.100,6.168333333333334,0.0,15.0,1,osrm
536,delivered,2025-07-03 13:28:30,2025-07-03 13:42:20.502855,2025-07-03 13:42:20.502855,2025-07-03 13:39:23.300,10.888333333333332,0.0,17.0,1,osrm
537,delivered,2025-07-03 13:28:43,2025-07-03 13:43:13.407463,2025-07-03 13:43:13.407463,2025-07-03 13:36:42.600,7.993333333333334,0.0,6.0,1,osrm
538,delivered,2025-07-03 13:29:32,2025-07-03 13:42:48.350002,2025-07-03 13:42:48.350002,2025-07-03 13:38:56.100,9.401666666666667,0.0,2.0,1,osrm
539,delivered,2025-07-03 13:30:44,2025-07-03 13:45:07.457550,2025-07-03 13:45:07.457550,2025-07-03 13:40:20.100,9.601666666666667,0.0,11.0,1,osrm
540,delivered,2025-07-03 13:33:52,2025-07-03 13:40:44.430300,2025-07-03 13:40:44.430300,2025-07-03 13:46:08.900,12.281666666666666,0.0,7.0,1,osrm
541,delivered,2025-07-03 13:35:48,2025-07-03 13:48:31.757678,2025-07-03 15:57:49.200000,2025-07-03 16:01:34.500,145.775,129.29070536666666,6.0,1,osrm
542,delivered,2025-07-03 13:35:07,2025-07-03 13:43:09.280776,2025-07-03 13:43:09.280776,2025-07-03 13:42:36.700,7.495,0.0,4.0,1,osrm
543,delivered,2025-07-03 13:35:21,2025-07-03 13:49:09.176011,2025-07-03 13:49:09.176011,2025-07-03 13:42:53.600,7.543333333333334,0.0,13.0,1,osrm
544,delivered,2025-07-03 13:36:54,2025-07-03 13:49:26.974308,2025-07-03 13:49:26.974308,2025-07-03 13:46:47.300,9.888333333333332,0.0,15.0,1,osrm
545,delivered,2025-07-03 13:46:03,2025-07-03 14:00:30.481542,2025-07-03 14:00:30.481542,2025-07-03 14:01:01.000,14.966666666666667,0.0,5.0,1,osrm
546,delivered,2025-07-03 13:48:20,2025-07-03 13:59:09.130137,2025-07-03 13:59:09.130137,2025-07-03 14:00:47.700,12.461666666666668,0.0,4.0,1,osrm
547,delivered,2025-07-03 13:49:38,2025-07-03 14:05:15.033100,2025-07-03 14:05:15.033100,2025-07-03 13:58:14.000,8.6,0.0,13.0,1,osrm
548,delivered,2025-07-03 13:50:04,2025-07-03 14:01:36.170882,2025-07-03 14:01:36.170882,2025-07-03 14:00:38.600,10.576666666666666,0.0,12.0,1,osrm
549,delivered,2025-07-03 13:50:01,2025-07-03 13:58:46.447994,2025-07-03 14:03:49.200000,2025-07-03 14:06:03.000,16.033333333333335,5.045866766666666,20.0,1,osrm
550,delivered,2025-07-03 13:51:19,2025-07-03 14:02:14.739180,2025-07-03 14:03:51.800000,2025-07-03 14:08:08.500,16.825,1.6176803333333334,1.0,1,osrm
551,delivered,2025-07-03 13:52:55,2025-07-03 14:07:53.043461,2025-07-03 14:47:40.900000,2025-07-03 14:50:48.100,57.885,39.79760898333333,19.0,1,osrm
552,delivered,2025-07-03 13:53:40,2025-07-03 14:03:47.737247,2025-07-03 14:03:47.737247,2025-07-03 14:04:19.100,10.651666666666667,0.0,15.0,1,osrm
553,delivered,2025-07-03 13:59:29,2025-07-03 14:07:07.634021,2025-07-03 14:07:07.634021,2025-07-03 14:05:50.400,6.3566666666666665,0.0,14.0,1,osrm
554,delivered,2025-07-03 13:59:40,2025-07-03 14:08:27.532651,2025-07-03 14:08:27.532651,2025-07-03 14:09:42.700,10.045,0.0,6.0,1,osrm
555,ready,2025-07-03 14:04:32,2025-07-03 14:16:48.008858,,,,,,1,
556,delivered,2025-07-03 14:05:58,2025-07-03 14:17:53.442694,2025-07-03 14:48:00.700000,2025-07-03 14:50:37.300,44.655,30.1209551,14.0,1,osrm
557,ready,2025-07-03 14:06:47,2025-07-03 14:19:21.200795,,,,,,1,
558,delivered,2025-07-03 14:07:38,2025-07-03 14:20:25.143424,2025-07-03 15:02:21.700000,2025-07-03 15:04:19.600,56.693333333333335,41.9426096,15.0,1,osrm
559,delivered,2025-07-03 14:07:50,2025-07-03 14:18:49.112483,2025-07-03 14:18:49.112483,2025-07-03 14:17:14.400,9.406666666666666,0.0,8.0,1,osrm
560,delivered,2025-07-03 14:08:15,2025-07-03 14:23:31.489831,2025-07-03 14:23:31.489831,2025-07-03 14:20:00.100,11.751666666666667,0.0,14.0,1,osrm
561,delivered,2025-07-03 14:09:09,2025-07-03 14:18:19.434867,2025-07-03 14:18:19.434867,2025-07-03 14:19:02.000,9.883333333333333,0.0,7.0,1,osrm
562,delivered,2025-07-03 14:14:33,2025-07-03 14:24:35.343493,2025-07-03 14:24:35.343493,2025-07-03 14:23:52.400,9.323333333333332,0.0,18.0,1,osrm
563,delivered,2025-07-03 14:15:18,2025-07-03 14:20:45.649657,2025-07-03 14:20:45.649657,2025-07-03 14:20:57.300,5.655,0.0,1.0,1,osrm
564,delivered,2025-07-03 14:17:27,2025-07-03 14:34:12.378426,2025-07-03 14:34:12.378426,2025-07-03 14:29:31.300,12.071666666666665,0.0,16.0,1,osrm
565,delivered,2025-07-03 14:20:43,2025-07-03 14:33:25.029088,2025-07-03 14:33:25.029088,2025-07-03 14:31:37.000,10.9,0.0,14.0,1,osrm
566,delivered,2025-07-03 14:20:48,2025-07-03 14:31:04.048906,2025-07-03 14:31:04.048906,2025-07-03 14:32:32.200,11.736666666666668,0.0,9.0,1,osrm
567,delivered,2025-07-03 14:21:25,2025-07-03 14:31:11.238680,2025-07-03 14:31:11.238680,2025-07-03 14:33:19.900,11.915,0.0,13.0,1,osrm
568,delivered,2025-07-03 14:22:35,2025-07-03 14:36:33.932054,2025-07-03 14:36:33.932054,2025-07-03 14:32:54.100,10.318333333333333,0.0,8.0,1,osrm
569,delivered,2025-07-03 14:23:59,2025-07-03 14:39:25.180001,2025-07-03 14:39:25.180001,2025-07-03 14:32:50.100,8.851666666666667,0.0,3.0,1,osrm
570,delivered,2025-07-03 14:25:18,2025-07-03 14:38:58.063404,2025-07-03 14:38:58.063404,2025-07-03 14:33:52.100,8.568333333333333,0.0,12.0,1,osrm
571,delivered,2025-07-03 14:26:15,2025-07-03 14:35:02.232222,2025-07-03 14:36:28.100000,2025-07-03 14:41:17.600,15.043333333333333,1.4311296333333334,2.0,1,osrm
572,ready,2025-07-03 14:31:39,2025-07-03 14:48:36.696330,,,,,,1,
573,delivered,2025-07-03 14:31:54,2025-07-03 14:37:34.018761,2025-07-03 14:41:39.900000,2025-07-03 14:43:57.500,12.058333333333334,4.09802065,16.0,1,osrm
574,delivered,2025-07-03 14:32:20,2025-07-03 14:45:36.485020,2025-07-03 14:46:26.600000,2025-07-03 14:48:58.300,16.638333333333332,0.8352496666666667,17.0,1,osrm
575,delivered,2025-07-03 14:33:38,2025-07-03 14:43:45.349157,2025-07-03 14:44:16.900000,2025-07-03 14:45:54.100,12.268333333333334,0.5258473833333334,20.0,1,osrm
576,delivered,2025-07-03 14:33:41,2025-07-03 14:43:05.093668,2025-07-03 14:44:57.100000,2025-07-03 14:47:12.800,13.53,1.8667722,9.0,1,osrm
577,delivered,2025-07-03 14:34:59,2025-07-03 14:47:46.303879,2025-07-03 14:47:46.303879,2025-07-03 14:48:43.800,13.746666666666666,0.0,8.0,1,osrm
578,delivered,2025-07-03 14:37:26,2025-07-03 14:52:22.076592,2025-07-03 15:18:13.000000,2025-07-03 15:20:16.600,42.843333333333334,25.84872346666667,20.0,1,osrm
579,delivered,2025-07-03 14:41:23,2025-07-03 14:55:41.601245,2025-07-03 14:55:41.601245,2025-07-03 14:54:32.900,13.165,0.0,18.0,1,osrm
580,delivered,2025-07-03 14:44:36,2025-07-03 14:59:37.231399,2025-07-03 14:59:37.231399,2025-07-03 14:55:30.900,10.915,0.0,4.0,1,osrm
581,delivered,2025-07-03 14:44:46,2025-07-03 14:54:52.685068,2025-07-03 14:54:52.685068,2025-07-03 14:54:12.700,9.445,0.0,7.0,1,osrm
582,delivered,2025-07-03 14:44:19,2025-07-03 15:01:28.695856,2025-07-03 15:01:28.695856,2025-07-03 14:54:56.700,10.628333333333334,0.0,6.0,1,osrm
583,delivered,2025-07-03 14:44:04,2025-07-03 14:58:24.073152,2025-07-03 14:59:06.700000,2025-07-03 15:01:02.300,16.971666666666668,0.7104474666666667,5.0,1,osrm
584,delivered,2025-07-03 14:45:12,2025-07-03 14:58:51.682916,2025-07-03 14:58:51.682916,2025-07-03 14:56:38.900,11.448333333333332,0.0,1.0,1,osrm
585,delivered,2025-07-03 14:46:32,2025-07-03 14:54:34.614285,2025-07-03 14:54:42.800000,2025-07-03 14:59:30.800,12.979999999999999,0.13642858333333333,10.0,1,osrm
586,delivered,2025-07-03 14:46:59,2025-07-03 14:57:50.311606,2025-07-03 14:57:50.311606,2025-07-03 14:59:10.900,12.198333333333332,0.0,16.0,1,osrm
587,delivered,2025-07-03 14:50:31,2025-07-03 15:08:15.508718,2025-07-03 15:08:15.508718,2025-07-03 14:59:58.700,9.461666666666668,0.0,2.0,1,osrm
588,delivered,2025-07-03 14:51:36,2025-07-03 15:01:17.006133,2025-07-03 15:01:17.006133,2025-07-03 15:04:00.800,12.413333333333332,0.0,3.0,1,osrm
589,delivered,2025-07-03 14:51:37,2025-07-03 15:03:04.295164,2025-07-03 15:03:04.295164,2025-07-03 15:07:28.900,15.865,0.0,19.0,1,osrm
590,delivered,2025-07-03 14:52:30,2025-07-03 15:01:34.978040,2025-07-03 15:59:21.200000,2025-07-03 16:02:09.600,69.66000000000001,57.770365999999996,18.0,1,osrm
591,ready,2025-07-03 14:53:30,2025-07-03 15:08:23.673862,,,,,,1,
592,delivered,2025-07-03 14:55:09,2025-07-03 15:11:28.060356,2025-07-03 15:11:28.060356,2025-07-03 15:04:09.700,9.011666666666667,0.0,12.0,1,osrm
593,delivered,2025-07-03 14:59:03,2025-07-03 15:12:49.048672,2025-07-03 15:12:49.048672,2025-07-03 15:09:04.000,10.016666666666667,0.0,13.0,1,osrm
594,delivered,2025-07-03 14:59:56,2025-07-03 15:11:56.770057,2025-07-03 15:11:56.770057,2025-07-03 15:11:07.000,11.183333333333334,0.0,6.0,1,osrm
595,delivered,2025-07-03 15:00:54,2025-07-03 15:09:10.111488,2025-07-03 15:12:14.800000,2025-07-03 15:15:03.900,14.165,3.078141866666667,16.0,1,osrm
596,delivered,2025-07-03 15:00:47,2025-07-03 15:08:38.467144,2025-07-03 15:08:38.467144,2025-07-03 15:10:29.400,9.706666666666667,0.0,18.0,1,osrm
597,delivered,2025-07-03 15:02:34,2025-07-03 15:12:49.365499,2025-07-03 15:12:49.365499,2025-07-03 15:16:36.300,14.038333333333332,0.0,2.0,1,osrm
598,delivered,2025-07-03 15:03:54,2025-07-03 15:13:45.017743,2025-07-03 15:13:45.017743,2025-07-03 15:13:54.300,10.004999999999999,0.0,10.0,1,osrm
599,ready,2025-07-03 15:03:50,2025-07-03 15:21:05.551037,,,,,,1,
600,delivered,2025-07-03 15:03:33,2025-07-03 15:19:20.861676,2025-07-03 15:19:20.861676,2025-07-03 15:14:57.300,11.405,0.0,8.0,1,osrm
601,delivered,2025-07-03 15:04:36,2025-07-03 15:15:36.479153,2025-07-03 15:15:36.479153,2025-07-03 15:16:31.300,11.921666666666665,0.0,1.0,1,osrm
602,delivered,2025-07-03 15:06:17,2025-07-03 15:19:38.007282,2025-07-03 15:19:38.007282,2025-07-03 15:19:09.000,12.866666666666667,0.0,11.0,1,osrm
603,delivered,2025-07-03 15:06:15,2025-07-03 15:18:45.639559,2025-07-03 15:18:45.639559,2025-07-03 15:21:55.000,15.666666666666666,0.0,3.0,1,osrm
604,delivered,2025-07-03 15:07:00,2025-07-03 15:21:32.221967,2025-07-03 15:21:32.221967,2025-07-03 15:17:21.800,10.363333333333333,0.0,14.0,1,osrm
605,delivered,2025-07-03 15:10:56,2025-07-03 15:16:31.210216,2025-07-03 15:22:07.700000,2025-07-03 15:25:18.000,14.366666666666667,5.608163066666666,13.0,1,osrm
606,delivered,2025-07-03 15:10:48,2025-07-03 15:27:14.741551,2025-07-03 15:27:14.741551,2025-07-03 15:16:55.400,6.123333333333333,0.0,9.0,1,osrm
607,delivered,2025-07-03 15:12:14,2025-07-03 15:21:31.453184,2025-07-03 15:23:07.500000,2025-07-03 15:26:10.900,13.948333333333332,1.6007802666666668,7.0,1,osrm
608,delivered,2025-07-03 15:12:26,2025-07-03 15:27:35.283554,2025-07-03 15:27:35.283554,2025-07-03 15:23:29.000,11.05,0.0,18.0,1,osrm
609,delivered,2025-07-03 15:13:23,2025-07-03 15:23:12.360292,2025-07-03 15:23:12.360292,2025-07-03 15:21:04.700,7.694999999999999,0.0,19.0,1,osrm
610,delivered,2025-07-03 15:15:10,2025-07-03 15:29:09.544274,2025-07-03 15:29:09.544274,2025-07-03 15:20:26.600,5.276666666666667,0.0,4.0,1,osrm
611,delivered,2025-07-03 15:19:26,2025-07-03 15:31:31.337643,2025-07-03 15:31:31.337643,2025-07-03 15:28:04.600,8.643333333333334,0.0,8.0,1,osrm
612,delivered,2025-07-03 15:19:04,2025-07-03 15:27:49.005118,2025-07-03 15:27:49.005118,2025-07-03 15:27:48.900,8.748333333333333,0.0,6.0,1,osrm
613,ready,2025-07-03 15:20:34,2025-07-03 15:29:52.932384,,,,,,1,
614,delivered,2025-07-03 15:22:03,2025-07-03 15:38:37.218144,2025-07-03 15:38:37.218144,2025-07-03 15:31:49.900,9.781666666666666,0.0,20.0,1,osrm
615,delivered,2025-07-03 15:23:32,2025-07-03 15:35:23.623498,2025-07-03 15:35:23.623498,2025-07-03 15:32:03.000,8.516666666666667,0.0,9.0,1,osrm
616,delivered,2025-07-03 15:23:35,2025-07-03 15:37:43.470034,2025-07-03 15:37:43.470034,2025-07-03 15:31:08.800,7.5633333333333335,0.0,5.0,1,osrm
617,ready,2025-07-03 15:24:42,2025-07-03 15:40:47.778255,,,,,,1,
618,delivered,2025-07-03 15:24:20,2025-07-03 15:36:42.650147,2025-07-03 15:36:42.650147,2025-07-03 15:34:11.900,9.865,0.0,1.0,1,osrm
619,delivered,2025-07-03 15:24:25,2025-07-03 15:35:10.681262,2025-07-03 15:35:10.681262,2025-07-03 15:33:06.700,8.695,0.0,14.0,1,osrm
620,delivered,2025-07-03 15:24:55,2025-07-03 15:37:06.440492,2025-07-03 15:37:06.440492,2025-07-03 15:33:40.800,8.763333333333332,0.0,11.0,1,osrm
621,delivered,2025-07-03 15:25:02,2025-07-03 15:36:29.014143,2025-07-03 15:36:29.014143,2025-07-03 15:35:40.900,10.648333333333333,0.0,2.0,1,osrm
622,delivered,2025-07-03 15:27:17,2025-07-03 15:42:00.224054,2025-07-03 15:42:00.224054,2025-07-03 15:38:31.400,11.24,0.0,3.0,1,osrm
623,ready,2025-07-03 15:27:41,2025-07-03 15:39:32.700795,,,,,,1,
624,delivered,2025-07-03 15:27:24,2025-07-03 15:38:24.617976,2025-07-03 15:38:24.617976,2025-07-03 15:40:19.400,12.923333333333334,0.0,17.0,1,osrm
625,delivered,2025-07-03 15:28:09,2025-07-03 15:39:46.253514,2025-07-03 15:39:46.253514,2025-07-03 15:37:46.000,9.616666666666667,0.0,19.0,1,osrm
626,delivered,2025-07-03 15:30:59,2025-07-03 15:46:36.105033,2025-07-03 15:46:36.105033,2025-07-03 15:47:26.600,16.46,0.0,16.0,1,osrm
627,delivered,2025-07-03 15:31:06,2025-07-03 15:40:45.284525,2025-07-03 15:45:13.300000,2025-07-03 15:48:22.600,17.276666666666664,4.466924583333333,1.0,1,osrm
628,delivered,2025-07-03 15:31:12,2025-07-03 15:41:08.161346,2025-07-03 15:41:18.300000,2025-07-03 15:42:42.700,11.511666666666667,0.1689775666666667,6.0,1,osrm
629,delivered,2025-07-03 15:33:35,2025-07-03 15:48:59.471590,2025-07-03 15:48:59.471590,2025-07-03 15:51:27.400,17.873333333333335,0.0,2.0,1,osrm
630,delivered,2025-07-03 15:33:03,2025-07-03 15:44:13.571530,2025-07-03 15:44:13.571530,2025-07-03 15:48:05.900,15.048333333333334,0.0,20.0,1,osrm
631,delivered,2025-07-03 15:33:58,2025-07-03 15:46:16.547377,2025-07-03 15:46:16.547377,2025-07-03 15:45:39.300,11.688333333333333,0.0,7.0,1,osrm
632,delivered,2025-07-03 15:33:04,2025-07-03 15:46:35.514658,2025-07-03 15:46:35.514658,2025-07-03 15:42:53.000,9.816666666666666,0.0,8.0,1,osrm
633,delivered,2025-07-03 15:35:09,2025-07-03 15:43:54.586646,2025-07-03 15:45:09.100000,2025-07-03 15:48:48.400,13.656666666666666,1.2418892333333333,9.0,1,osrm
634,delivered,2025-07-03 15:37:49,2025-07-03 15:48:26.860395,2025-07-03 15:48:26.860395,2025-07-03 15:45:46.300,7.955,0.0,10.0,1,osrm
635,delivered,2025-07-03 15:38:57,2025-07-03 15:46:33.013296,2025-07-03 15:46:33.013296,2025-07-03 15:49:19.100,10.368333333333334,0.0,5.0,1,osrm
636,ready,2025-07-03 15:40:31,2025-07-03 15:55:57.145031,,,,,,1,
637,delivered,2025-07-03 15:41:07,2025-07-03 15:46:47.953517,2025-07-03 15:52:00.600000,2025-07-03 15:55:06.400,13.99,5.210774716666666,12.0,1,osrm
638,ready,2025-07-03 15:41:56,2025-07-03 15:51:37.523916,,,,,,1,
639,delivered,2025-07-03 15:41:52,2025-07-03 15:56:17.239633,2025-07-03 15:56:17.239633,2025-07-03 15:55:25.700,13.561666666666667,0.0,3.0,1,osrm
640,ready,2025-07-03 15:43:17,2025-07-03 15:56:10.943132,,,,,,1,
641,delivered,2025-07-03 15:45:20,2025-07-03 15:57:23.130704,2025-07-03 15:57:23.130704,2025-07-03 15:55:25.500,10.091666666666667,0.0,19.0,1,osrm
642,delivered,2025-07-03 15:47:22,2025-07-03 15:56:48.183714,2025-07-03 15:56:48.183714,2025-07-03 16:00:04.900,12.715,0.0,8.0,1,osrm
643,delivered,2025-07-03 15:50:05,2025-07-03 16:03:33.394466,2025-07-03 16:03:33.394466,2025-07-03 15:58:07.000,8.033333333333333,0.0,7.0,1,osrm
644,delivered,2025-07-03 15:50:57,2025-07-03 15:57:42.453043,2025-07-03 15:59:35.300000,2025-07-03 16:04:30.500,13.558333333333334,1.8807826166666668,20.0,1,osrm
645,ready,2025-07-03 15:50:48,2025-07-03 15:59:58.473694,,,,,,1,
646,delivered,2025-07-03 15:52:14,2025-07-03 16:05:18.228057,2025-07-03 16:05:18.228057,2025-07-03 16:04:29.500,12.258333333333333,0.0,16.0,1,osrm
647,delivered,2025-07-03 15:52:38,2025-07-03 16:01:51.778038,2025-07-03 16:01:51.778038,2025-07-03 16:04:29.100,11.851666666666667,0.0,1.0,1,osrm
648,delivered,2025-07-03 15:52:04,2025-07-03 16:04:47.049911,2025-07-03 16:04:47.049911,2025-07-03 16:05:43.500,13.658333333333333,0.0,9.0,1,osrm
649,delivered,2025-07-03 15:53:40,2025-07-03 16:06:55.159475,2025-07-03 16:06:55.159475,2025-07-03 16:05:44.200,12.07,0.0,5.0,1,osrm
650,delivered,2025-07-03 15:54:03,2025-07-03 16:04:51.348241,2025-07-03 16:04:51.348241,2025-07-03 16:08:34.900,14.531666666666666,0.0,14.0,1,osrm
651,ready,2025-07-03 15:55:02,2025-07-03 16:09:21.384187,,,,,,1,
652,ready,2025-07-03 15:56:08,2025-07-03 16:06:46.268675,,,,,,1,
653,delivered,2025-07-03 15:56:06,2025-07-03 16:10:05.276281,2025-07-03 16:10:05.276281,2025-07-03 16:08:27.000,12.35,0.0,2.0,1,osrm
654,delivered,2025-07-03 15:56:09,2025-07-03 16:11:04.786356,2025-07-03 16:11:04.786356,2025-07-03 16:07:55.200,11.770000000000001,0.0,11.0,1,osrm
655,delivered,2025-07-03 15:57:30,2025-07-03 16:16:26.643570,2025-07-03 16:16:26.643570,2025-07-03 16:08:37.000,11.116666666666667,0.0,19.0,1,osrm
656,delivered,2025-07-03 15:57:43,2025-07-03 16:08:10.795846,2025-07-03 16:08:10.795846,2025-07-03 16:11:29.700,13.778333333333334,0.0,4.0,1,osrm
657,delivered,2025-07-03 15:59:14,2025-07-03 16:08:08.393419,2025-07-03 16:08:08.393419,2025-07-03 16:11:28.700,12.245000000000001,0.0,12.0,1,osrm
658,delivered,2025-07-03 15:59:41,2025-07-03 16:10:42.444491,2025-07-03 16:11:20.700000,2025-07-03 16:16:30.900,16.831666666666667,0.6375918166666668,17.0,1,osrm
659,ready,2025-07-03 15:59:24,2025-07-03 16:15:18.914238,,,,,,1,
660,ready,2025-07-03 16:00:25,2025-07-03 16:13:31.948152,,,,,,1,
661,delivered,2025-07-03 16:00:46,2025-07-03 16:12:43.957190,2025-07-03 16:12:43.957190,2025-07-03 16:11:42.500,10.941666666666666,0.0,3.0,1,osrm
662,ready,2025-07-03 16:01:20,2025-07-03 16:12:19.067742,,,,,,1,
663,delivered,2025-07-03 16:02:32,2025-07-03 16:11:59.460218,2025-07-03 16:11:59.460218,2025-07-03 16:11:37.800,9.096666666666666,0.0,8.0,1,osrm
664,delivered,2025-07-03 16:03:55,2025-07-03 16:15:45.685739,2025-07-03 16:15:45.685739,2025-07-03 16:16:26.000,12.516666666666667,0.0,7.0,1,osrm
665,delivered,2025-07-03 16:04:01,2025-07-03 16:15:26.311934,2025-07-03 16:18:08.200000,2025-07-03 16:20:29.600,16.476666666666667,2.6981344333333337,5.0,1,osrm
666,delivered,2025-07-03 16:04:12,2025-07-03 16:11:46.209298,2025-07-03 16:11:46.209298,2025-07-03 16:12:14.500,8.041666666666666,0.0,13.0,1,osrm
667,delivered,2025-07-03 16:05:33,2025-07-03 16:19:11.408800,2025-07-03 16:19:11.408800,2025-07-03 16:14:58.900,9.431666666666667,0.0,10.0,1,osrm
668,delivered,2025-07-03 16:06:29,2025-07-03 16:23:00.657541,2025-07-03 16:23:00.657541,2025-07-03 16:16:57.500,10.475,0.0,20.0,1,osrm
669,delivered,2025-07-03 16:06:58,2025-07-03 16:19:09.687228,2025-07-03 16:19:09.687228,2025-07-03 16:17:14.700,10.278333333333334,0.0,6.0,1,osrm
670,delivered,2025-07-03 16:06:18,2025-07-03 16:21:43.599160,2025-07-03 16:21:43.599160,2025-07-03 16:15:26.700,9.145000000000001,0.0,9.0,1,osrm
671,ready,2025-07-03 16:07:38,2025-07-03 16:20:10.094370,,,,,,1,
672,delivered,2025-07-03 16:08:35,2025-07-03 16:24:32.316530,2025-07-03 16:24:32.316530,2025-07-03 16:21:05.200,12.503333333333334,0.0,16.0,1,osrm
673,delivered,2025-07-03 16:09:54,2025-07-03 16:20:13.464131,2025-07-03 16:20:13.464131,2025-07-03 16:19:24.100,9.501666666666667,0.0,15.0,1,osrm
674,delivered,2025-07-03 16:09:59,2025-07-03 16:22:31.735971,2025-07-03 16:22:31.735971,2025-07-03 16:18:33.800,8.58,0.0,18.0,1,osrm
675,delivered,2025-07-03 16:10:50,2025-07-03 16:24:01.995686,2025-07-03 16:24:01.995686,2025-07-03 16:18:08.900,7.3149999999999995,0.0,1.0,1,osrm
676,delivered,2025-07-03 16:10:57,2025-07-03 16:23:36.301529,2025-07-03 19:45:18.700000,2025-07-03 19:47:56.800,216.99666666666664,201.70664118333335,16.0,1,osrm
677,ready,2025-07-03 16:11:38,2025-07-03 16:22:24.116858,,,,,,1,
678,ready,2025-07-03 16:11:26,2025-07-03 16:21:20.501439,,,,,,1,
679,delivered,2025-07-03 16:11:33,2025-07-03 16:22:17.902859,2025-07-03 16:22:17.902859,2025-07-03 16:21:55.200,10.370000000000001,0.0,14.0,1,osrm
680,delivered,2025-07-03 16:11:57,2025-07-03 16:28:05.052698,2025-07-03 19:23:20.000000,2025-07-03 19:25:50.800,193.89666666666665,175.24912170000002,20.0,1,osrm
681,delivered,2025-07-03 16:14:22,2025-07-03 16:32:16.526636,2025-07-03 16:32:16.526636,2025-07-03 16:27:11.500,12.825,0.0,11.0,1,osrm
682,delivered,2025-07-03 16:14:06,2025-07-03 16:23:22.605878,2025-07-03 16:23:22.605878,2025-07-03 16:22:38.400,8.54,0.0,19.0,1,osrm
683,delivered,2025-07-03 16:14:19,2025-07-03 16:23:44.444052,2025-07-03 16:24:12.600000,2025-07-03 16:26:50.200,12.520000000000001,0.46926579999999996,10.0,1,osrm
684,ready,2025-07-03 16:14:15,2025-07-03 16:29:40.075173,,,,,,1,
685,delivered,2025-07-03 16:15:51,2025-07-03 16:32:04.760199,2025-07-03 19:45:45.400000,2025-07-03 19:47:25.400,211.57333333333332,193.67733001666664,3.0,1,osrm
686,delivered,2025-07-03 16:15:52,2025-07-03 16:35:35.280302,2025-07-03 16:35:35.280302,2025-07-03 16:24:16.200,8.403333333333332,0.0,2.0,1,osrm
687,delivered,2025-07-03 16:15:40,2025-07-03 16:29:10.074233,2025-07-03 16:29:10.074233,2025-07-03 16:29:08.800,13.479999999999999,0.0,8.0,1,osrm
688,delivered,2025-07-03 16:16:58,2025-07-03 16:22:34.620278,2025-07-03 16:24:41.600000,2025-07-03 16:28:35.700,11.628333333333334,2.1163287,4.0,1,osrm
689,delivered,2025-07-03 16:16:32,2025-07-03 16:26:26.204193,2025-07-03 16:26:26.204193,2025-07-03 16:26:52.500,10.341666666666667,0.0,13.0,1,osrm
690,delivered,2025-07-03 16:17:59,2025-07-03 16:35:58.354393,2025-07-03 16:35:58.354393,2025-07-03 16:28:18.300,10.321666666666665,0.0,9.0,1,osrm
691,delivered,2025-07-03 16:17:05,2025-07-03 16:29:54.552402,2025-07-03 19:46:07.300000,2025-07-03 19:47:27.300,210.37166666666664,196.21245996666667,4.0,1,osrm
692,delivered,2025-07-03 16:18:10,2025-07-03 16:26:26.493648,2025-07-03 19:24:49.100000,2025-07-03 19:26:58.400,188.80666666666667,178.37677253333334,8.0,1,osrm
693,delivered,2025-07-03 16:18:22,2025-07-03 16:31:56.624492,2025-07-03 16:31:56.624492,2025-07-03 16:30:15.800,11.896666666666667,0.0,3.0,1,osrm
694,delivered,2025-07-03 16:20:07,2025-07-03 16:31:21.817399,2025-07-03 16:31:21.817399,2025-07-03 16:31:09.800,11.046666666666665,0.0,12.0,1,osrm
695,ready,2025-07-03 16:20:34,2025-07-03 16:31:43.459576,,,,,,1,
696,delivered,2025-07-03 16:20:11,2025-07-03 16:31:33.672933,2025-07-03 19:11:18.900000,2025-07-03 19:13:26.900,173.265,159.75378444999998,2.0,1,osrm
697,ready,2025-07-03 16:21:32,2025-07-03 16:29:05.096292,,,,,,1,
698,delivered,2025-07-03 16:22:54,2025-07-03 16:35:46.549536,2025-07-03 16:35:46.549536,2025-07-03 16:34:37.800,11.729999999999999,0.0,5.0,1,osrm
699,delivered,2025-07-03 16:22:25,2025-07-03 16:31:49.111671,2025-07-03 16:32:25.200000,2025-07-03 16:35:50.600,13.426666666666668,0.60147215,17.0,1,osrm
700,delivered,2025-07-03 16:23:25,2025-07-03 16:35:49.925750,2025-07-03 16:35:49.925750,2025-07-03 16:35:05.800,11.68,0.0,1.0,1,osrm
701,delivered,2025-07-03 16:23:18,2025-07-03 16:32:35.006060,2025-07-03 16:32:35.006060,2025-07-03 16:34:02.700,10.745000000000001,0.0,15.0,1,osrm
702,delivered,2025-07-03 16:23:25,2025-07-03 16:35:44.408424,2025-07-03 16:35:44.408424,2025-07-03 16:34:16.700,10.861666666666668,0.0,7.0,1,osrm
703,delivered,2025-07-03 16:23:47,2025-07-03 16:34:39.873496,2025-07-03 16:34:39.873496,2025-07-03 16:33:24.100,9.618333333333334,0.0,20.0,1,osrm
704,ready,2025-07-03 16:23:53,2025-07-03 16:35:59.101659,,,,,,1,
705,delivered,2025-07-03 16:24:49,2025-07-03 16:30:47.338714,2025-07-03 16:31:57.000000,2025-07-03 16:34:45.600,9.943333333333333,1.1610214333333333,6.0,1,osrm
706,delivered,2025-07-03 16:25:26,2025-07-03 16:36:13.619914,2025-07-03 19:14:48.100000,2025-07-03 19:18:47.500,173.35833333333332,158.5746681,14.0,1,osrm
707,delivered,2025-07-03 16:25:06,2025-07-03 16:36:22.113534,2025-07-03 16:36:22.113534,2025-07-03 16:35:12.800,10.113333333333333,0.0,18.0,1,osrm
708,ready,2025-07-03 16:26:42,2025-07-03 16:40:36.850662,,,,,,1,
709,delivered,2025-07-03 16:26:44,2025-07-03 16:48:27.755399,2025-07-03 16:48:27.755399,2025-07-03 16:40:14.200,13.503333333333334,0.0,14.0,1,osrm
710,delivered,2025-07-03 16:26:09,2025-07-03 16:39:01.680240,2025-07-03 16:44:59.000000,2025-07-03 16:47:59.700,21.845000000000002,5.955329333333333,15.0,1,osrm
711,delivered,2025-07-03 16:26:09,2025-07-03 16:38:39.690947,2025-07-03 19:57:36.000000,2025-07-03 20:00:22.800,214.23,198.9384842166667,2.0,1,osrm
712,delivered,2025-07-03 16:26:59,2025-07-03 16:41:27.127823,2025-07-03 19:26:57.200000,2025-07-03 19:29:45.000,182.76666666666668,165.50120295,18.0,1,osrm
713,delivered,2025-07-03 16:27:00,2025-07-03 16:32:00.000000,2025-07-03 19:58:34.100000,2025-07-03 20:02:11.000,215.18333333333334,206.56833333333333,1.0,1,osrm
714,delivered,2025-07-03 16:27:52,2025-07-03 16:45:59.537841,2025-07-03 16:45:59.537841,2025-07-03 16:40:53.500,13.025,0.0,16.0,1,osrm
715,delivered,2025-07-03 16:27:16,2025-07-03 16:39:58.126546,2025-07-03 18:56:01.000000,2025-07-03 18:58:30.300,151.23833333333332,136.0478909,8.0,1,osrm
716,delivered,2025-07-03 16:27:19,2025-07-03 16:36:11.558659,2025-07-03 16:41:17.900000,2025-07-03 16:44:48.100,17.485,5.105689016666667,13.0,1,osrm
717,delivered,2025-07-03 16:28:47,2025-07-03 16:42:10.896984,2025-07-03 19:15:24.000000,2025-07-03 19:20:36.100,171.81833333333333,153.21838359999998,4.0,1,osrm
718,delivered,2025-07-03 16:28:45,2025-07-03 16:42:05.105912,2025-07-03 19:18:24.000000,2025-07-03 19:22:16.600,173.52666666666667,156.31490146666664,7.0,1,osrm
719,delivered,2025-07-03 16:28:45,2025-07-03 16:42:17.658966,2025-07-03 16:42:17.658966,2025-07-03 16:40:40.100,11.918333333333333,0.0,2.0,1,osrm
720,delivered,2025-07-03 16:28:19,2025-07-03 16:44:35.296261,2025-07-03 18:58:37.700000,2025-07-03 19:01:59.100,153.66833333333335,134.04006231666668,3.0,1,osrm
721,delivered,2025-07-03 16:28:25,2025-07-03 16:44:03.923710,2025-07-03 16:44:03.923710,2025-07-03 16:40:12.200,11.786666666666667,0.0,8.0,1,osrm
722,delivered,2025-07-03 16:28:07,2025-07-03 16:39:06.283667,2025-07-03 16:39:06.283667,2025-07-03 16:40:59.500,12.875,0.0,19.0,1,osrm
723,delivered,2025-07-03 16:30:51,2025-07-03 16:43:24.744349,2025-07-03 19:59:40.700000,2025-07-03 20:02:45.100,211.90166666666667,196.26592751666666,13.0,1,osrm
724,delivered,2025-07-03 16:30:50,2025-07-03 16:40:38.165695,2025-07-03 16:41:49.100000,2025-07-03 16:44:42.700,13.878333333333334,1.1822384166666666,10.0,1,osrm
725,delivered,2025-07-03 16:30:10,2025-07-03 16:46:13.124434,2025-07-03 19:27:09.600000,2025-07-03 19:29:38.100,179.46833333333333,160.94125943333333,6.0,1,osrm
726,delivered,2025-07-03 16:31:41,2025-07-03 16:47:30.958552,2025-07-03 19:27:02.800000,2025-07-03 19:29:17.000,177.6,159.53069079999997,1.0,1,osrm
727,delivered,2025-07-03 16:31:52,2025-07-03 16:43:01.276391,2025-07-03 19:28:22.900000,2025-07-03 19:32:43.400,180.85666666666665,165.36039348333333,5.0,1,osrm
728,delivered,2025-07-03 16:31:55,2025-07-03 16:41:07.066215,2025-07-03 19:47:59.100000,2025-07-03 19:49:49.200,197.90333333333334,186.86722975,19.0,1,osrm
729,delivered,2025-07-03 16:32:49,2025-07-03 16:42:52.066309,2025-07-03 16:42:52.066309,2025-07-03 16:44:57.500,12.141666666666667,0.0,4.0,1,osrm
730,delivered,2025-07-03 16:32:39,2025-07-03 16:45:25.668712,2025-07-03 16:47:00.000000,2025-07-03 16:50:27.300,17.805,1.5721881333333334,20.0,1,osrm
731,delivered,2025-07-03 16:32:45,2025-07-03 16:50:26.100300,2025-07-03 19:48:57.400000,2025-07-03 19:50:21.600,197.61,178.52166166666666,15.0,1,osrm
732,delivered,2025-07-03 16:32:42,2025-07-03 16:49:21.121886,2025-07-03 16:49:21.121886,2025-07-03 16:45:53.200,13.186666666666667,0.0,11.0,1,osrm
733,delivered,2025-07-03 16:34:05,2025-07-03 16:46:40.397047,2025-07-03 20:02:23.400000,2025-07-03 20:04:36.000,210.51666666666668,195.7167158833333,3.0,1,osrm
734,delivered,2025-07-03 16:34:52,2025-07-03 16:40:50.451991,2025-07-03 19:28:39.800000,2025-07-03 19:31:01.600,176.16,167.82246681666666,16.0,1,osrm
735,delivered,2025-07-03 16:34:33,2025-07-03 16:46:39.859921,2025-07-03 16:46:39.859921,2025-07-03 16:45:27.500,10.908333333333333,0.0,9.0,1,osrm
736,delivered,2025-07-03 16:35:31,2025-07-03 16:48:08.956154,2025-07-03 16:48:08.956154,2025-07-03 16:45:06.200,9.586666666666668,0.0,3.0,1,osrm
737,delivered,2025-07-03 16:35:08,2025-07-03 16:47:52.409870,2025-07-03 19:11:38.300000,2025-07-03 19:14:23.700,159.26166666666668,143.7648355,18.0,1,osrm
738,delivered,2025-07-03 16:35:57,2025-07-03 16:50:26.510593,2025-07-03 19:49:49.300000,2025-07-03 19:51:14.000,195.28333333333333,179.37982345,5.0,1,osrm
739,delivered,2025-07-03 16:36:45,2025-07-03 16:49:24.365917,2025-07-03 16:49:24.365917,2025-07-03 16:46:37.100,9.868333333333334,0.0,18.0,1,osrm
740,delivered,2025-07-03 16:36:04,2025-07-03 16:51:28.412759,2025-07-03 20:02:08.800000,2025-07-03 20:08:04.500,212.00833333333333,190.67312068333334,4.0,1,osrm
741,delivered,2025-07-03 16:36:21,2025-07-03 16:50:33.707886,2025-07-03 18:26:20.900000,2025-07-03 18:29:00.100,112.65166666666667,95.78653523333334,9.0,1,osrm
742,delivered,2025-07-03 16:37:03,2025-07-03 16:51:27.121252,2025-07-03 19:51:36.300000,2025-07-03 19:54:22.200,197.32000000000002,180.15297913333333,20.0,1,osrm
743,delivered,2025-07-03 16:37:56,2025-07-03 16:49:41.862660,2025-07-03 16:49:41.862660,2025-07-03 16:51:02.700,13.111666666666668,0.0,12.0,1,osrm
744,delivered,2025-07-03 16:38:46,2025-07-03 16:49:34.418044,2025-07-03 16:49:34.418044,2025-07-03 16:50:17.200,11.520000000000001,0.0,7.0,1,osrm
745,delivered,2025-07-03 16:38:44,2025-07-03 16:50:13.404617,2025-07-03 16:50:13.404617,2025-07-03 16:49:46.700,11.045,0.0,17.0,1,osrm
746,delivered,2025-07-03 16:38:06,2025-07-03 16:48:47.770756,2025-07-03 16:48:47.770756,2025-07-03 16:52:12.900,14.115,0.0,1.0,1,osrm
747,delivered,2025-07-03 16:39:23,2025-07-03 16:52:09.978796,2025-07-03 16:52:09.978796,2025-07-03 16:48:44.300,9.354999999999999,0.0,6.0,1,osrm
748,delivered,2025-07-03 16:39:03,2025-07-03 16:49:43.755594,2025-07-03 16:49:43.755594,2025-07-03 16:54:16.100,15.218333333333334,0.0,5.0,1,osrm
749,ready,2025-07-03 16:40:44,2025-07-03 16:51:09.557377,,,,,,1,
750,ready,2025-07-03 16:41:42,2025-07-03 17:00:48.632065,,,,,,1,
751,ready,2025-07-03 16:41:05,2025-07-03 16:53:27.819137,,,,,,1,
752,delivered,2025-07-03 16:42:16,2025-07-03 16:52:10.353942,2025-07-03 18:56:19.600000,2025-07-03 18:58:31.000,136.25,124.15410096666666,2.0,1,osrm
753,delivered,2025-07-03 16:42:26,2025-07-03 16:56:35.836493,2025-07-03 16:56:35.836493,2025-07-03 16:57:41.200,15.253333333333334,0.0,13.0,1,osrm
754,delivered,2025-07-03 16:42:04,2025-07-03 16:56:18.150176,2025-07-03 19:28:43.800000,2025-07-03 19:29:57.100,167.88500000000002,152.42749706666666,2.0,1,osrm
755,ready,2025-07-03 16:43:41,2025-07-03 16:54:43.304556,,,,,,1,
756,delivered,2025-07-03 16:43:13,2025-07-03 16:53:51.084725,2025-07-03 19:19:15.100000,2025-07-03 19:22:37.000,159.4,145.40025458333332,17.0,1,osrm
757,ready,2025-07-03 16:43:34,2025-07-03 16:55:07.775128,,,,,,1,
758,delivered,2025-07-03 16:43:32,2025-07-03 16:53:30.034072,2025-07-03 16:56:15.200000,2025-07-03 16:59:21.100,15.818333333333333,2.7527654666666668,9.0,1,osrm
759,delivered,2025-07-03 16:44:20,2025-07-03 16:55:16.672549,2025-07-03 19:33:32.300000,2025-07-03 19:37:45.200,173.42000000000002,158.26045751666666,14.0,1,osrm
760,delivered,2025-07-03 16:44:04,2025-07-03 16:49:04.000000,2025-07-03 18:08:51.200000,2025-07-03 18:12:07.700,88.06166666666667,79.78666666666666,8.0,1,osrm
761,delivered,2025-07-03 16:44:58,2025-07-03 16:55:40.648625,2025-07-03 18:56:08.200000,2025-07-03 19:00:03.800,135.09666666666666,120.45918958333333,1.0,1,osrm
762,delivered,2025-07-03 16:44:19,2025-07-03 16:52:30.736211,2025-07-03 16:52:30.736211,2025-07-03 16:53:22.200,9.053333333333335,0.0,2.0,1,osrm
763,delivered,2025-07-03 16:44:36,2025-07-03 16:51:08.301179,2025-07-03 16:52:32.800000,2025-07-03 16:58:09.200,13.553333333333335,1.4083136833333334,8.0,1,osrm
764,delivered,2025-07-03 16:44:12,2025-07-03 16:56:26.980286,2025-07-03 16:57:08.800000,2025-07-03 17:01:14.700,17.045,0.6969952333333332,16.0,1,osrm
765,delivered,2025-07-03 16:45:48,2025-07-03 17:02:24.057624,2025-07-03 17:02:24.057624,2025-07-03 16:59:03.100,13.251666666666667,0.0,19.0,1,osrm
766,delivered,2025-07-03 16:45:41,2025-07-03 16:51:04.541156,2025-07-03 17:01:10.400000,2025-07-03 17:04:22.700,18.695,10.0976474,15.0,1,osrm
767,delivered,2025-07-03 16:45:19,2025-07-03 16:58:27.097343,2025-07-03 19:32:57.600000,2025-07-03 19:36:47.200,171.47,154.50837761666668,9.0,1,osrm
768,delivered,2025-07-03 16:45:35,2025-07-03 16:50:38.857240,2025-07-03 16:50:38.857240,2025-07-03 16:52:19.300,6.738333333333333,0.0,14.0,1,osrm
769,delivered,2025-07-03 16:45:10,2025-07-03 17:03:55.844237,2025-07-03 19:20:42.200000,2025-07-03 19:24:00.500,158.84166666666667,136.77259605,10.0,1,osrm
770,delivered,2025-07-03 16:46:13,2025-07-03 16:53:16.198167,2025-07-03 19:24:00.600000,2025-07-03 19:26:18.200,160.08666666666667,150.74003055,13.0,1,osrm
771,delivered,2025-07-03 16:46:29,2025-07-03 16:59:34.521153,2025-07-03 16:59:34.521153,2025-07-03 17:00:57.500,14.475,0.0,10.0,1,osrm
772,ready,2025-07-03 16:46:43,2025-07-03 16:57:14.374743,,,,,,1,
773,delivered,2025-07-03 16:46:56,2025-07-03 17:01:19.412145,2025-07-03 20:02:52.900000,2025-07-03 20:05:29.200,198.55333333333334,181.55813091666667,15.0,1,osrm
774,ready,2025-07-03 16:46:17,2025-07-03 17:01:13.155726,,,,,,1,
775,delivered,2025-07-03 16:47:15,2025-07-03 17:01:06.071253,2025-07-03 17:01:06.071253,2025-07-03 16:57:30.500,10.258333333333333,0.0,4.0,1,osrm
776,delivered,2025-07-03 16:47:56,2025-07-03 16:56:13.831627,2025-07-03 18:30:21.600000,2025-07-03 18:32:22.700,104.445,94.12947288333334,7.0,1,osrm
777,delivered,2025-07-03 16:47:52,2025-07-03 17:03:18.826674,2025-07-03 17:03:18.826674,2025-07-03 17:08:35.500,20.725,0.0,20.0,1,osrm
778,ready,2025-07-03 16:47:31,2025-07-03 16:59:07.867377,,,,,,1,
779,delivered,2025-07-03 16:48:36,2025-07-03 17:00:12.216668,2025-07-03 17:00:12.216668,2025-07-03 16:58:22.000,9.766666666666667,0.0,3.0,1,osrm
780,delivered,2025-07-03 16:48:37,2025-07-03 17:00:16.577237,2025-07-03 19:01:04.500000,2025-07-03 19:04:48.700,136.195,120.79871271666666,15.0,1,osrm
781,delivered,2025-07-03 16:49:34,2025-07-03 17:03:17.701452,2025-07-03 20:02:51.600000,2025-07-03 20:04:54.500,195.34166666666667,179.56497579999998,19.0,1,osrm
782,delivered,2025-07-03 16:50:59,2025-07-03 17:02:40.807943,2025-07-03 19:52:14.500000,2025-07-03 19:56:05.500,185.10833333333332,169.56153428333334,7.0,1,osrm
783,delivered,2025-07-03 16:50:00,2025-07-03 17:05:38.199988,2025-07-03 19:15:57.000000,2025-07-03 19:18:56.800,148.94666666666666,130.31333353333332,15.0,1,osrm
784,delivered,2025-07-03 16:51:42,2025-07-03 17:04:18.488364,2025-07-03 20:03:48.000000,2025-07-03 20:06:07.600,194.42666666666668,179.4918606,12.0,1,osrm
785,delivered,2025-07-03 16:52:39,2025-07-03 17:06:11.875914,2025-07-03 18:30:31.000000,2025-07-03 18:33:58.700,101.32833333333333,84.31873476666667,14.0,1,osrm
786,delivered,2025-07-03 16:53:54,2025-07-03 17:04:43.158834,2025-07-03 20:03:12.400000,2025-07-03 20:04:58.700,191.07833333333335,178.48735276666667,11.0,1,osrm
787,delivered,2025-07-03 16:53:53,2025-07-03 17:05:01.698641,2025-07-03 17:05:01.698641,2025-07-03 17:05:06.200,11.22,0.0,18.0,1,osrm
788,delivered,2025-07-03 16:53:50,2025-07-03 17:00:38.244831,2025-07-03 17:00:38.244831,2025-07-03 17:01:26.700,7.611666666666666,0.0,7.0,1,osrm
789,delivered,2025-07-03 16:54:37,2025-07-03 17:05:20.995765,2025-07-03 19:33:20.100000,2025-07-03 19:35:14.100,160.61833333333334,147.98507058333334,3.0,1,osrm
790,delivered,2025-07-03 16:54:49,2025-07-03 17:06:35.406172,2025-07-03 17:06:35.406172,2025-07-03 17:09:06.000,14.283333333333333,0.0,11.0,1,osrm
791,delivered,2025-07-03 16:55:41,2025-07-03 17:04:09.272845,2025-07-03 20:04:45.600000,2025-07-03 20:07:53.100,192.20166666666668,180.60545258333335,16.0,1,osrm
792,delivered,2025-07-03 16:55:11,2025-07-03 17:10:32.056177,2025-07-03 18:40:03.900000,2025-07-03 18:40:42.100,105.51833333333335,89.53073038333333,10.0,1,osrm
793,delivered,2025-07-03 16:55:04,2025-07-03 17:07:40.764010,2025-07-03 17:07:40.764010,2025-07-03 17:04:06.900,9.048333333333334,0.0,17.0,1,osrm
794,delivered,2025-07-03 16:55:39,2025-07-03 17:14:14.944838,2025-07-03 17:14:14.944838,2025-07-03 17:08:26.100,12.785,0.0,6.0,1,osrm
795,delivered,2025-07-03 16:56:22,2025-07-03 17:10:51.625965,2025-07-03 17:10:51.625965,2025-07-03 17:13:01.400,16.656666666666666,0.0,12.0,1,osrm
796,delivered,2025-07-03 16:56:59,2025-07-03 17:04:02.901730,2025-07-03 17:11:22.100000,2025-07-03 17:16:55.900,19.948333333333334,7.319971166666666,1.0,1,osrm
797,delivered,2025-07-03 16:57:38,2025-07-03 17:11:20.920990,2025-07-03 17:11:20.920990,2025-07-03 17:09:19.800,11.696666666666665,0.0,5.0,1,osrm
798,delivered,2025-07-03 16:58:29,2025-07-03 17:10:14.930177,2025-07-03 18:40:42.200000,2025-07-03 18:42:15.900,103.78166666666667,90.45449705,1.0,1,osrm
799,delivered,2025-07-03 16:58:21,2025-07-03 17:15:43.730158,2025-07-03 17:15:43.730158,2025-07-03 17:10:00.500,11.658333333333333,0.0,2.0,1,osrm
800,delivered,2025-07-03 16:59:40,2025-07-03 17:15:16.033056,2025-07-03 19:01:45.900000,2025-07-03 19:05:18.700,125.645,106.4977824,9.0,1,osrm
801,delivered,2025-07-03 16:59:53,2025-07-03 17:16:51.002816,2025-07-03 20:05:36.500000,2025-07-03 20:09:15.200,189.37,168.7582864,20.0,1,osrm
802,ready,2025-07-03 16:59:31,2025-07-03 17:11:32.864605,,,,,,1,
803,delivered,2025-07-03 17:00:41,2025-07-03 17:12:08.807376,2025-07-03 17:12:08.807376,2025-07-03 17:07:14.600,6.5600000000000005,0.0,14.0,1,osrm
804,ready,2025-07-03 17:00:10,2025-07-03 17:15:11.659903,,,,,,1,
805,delivered,2025-07-03 17:01:29,2025-07-03 17:12:38.441268,2025-07-03 20:06:23.800000,2025-07-03 20:09:24.000,187.91666666666666,173.75597886666668,17.0,1,osrm
806,delivered,2025-07-03 17:02:53,2025-07-03 17:16:53.393372,2025-07-03 17:16:53.393372,2025-07-03 17:15:46.800,12.896666666666667,0.0,13.0,1,osrm
807,delivered,2025-07-03 17:02:08,2025-07-03 17:14:47.937413,2025-07-03 17:14:47.937413,2025-07-03 17:13:00.400,10.873333333333333,0.0,3.0,1,osrm
808,delivered,2025-07-03 17:02:54,2025-07-03 17:12:27.332119,2025-07-03 18:22:53.400000,2025-07-03 18:26:13.200,83.32,70.43446468333333,11.0,1,osrm
809,delivered,2025-07-03 17:03:32,2025-07-03 17:11:13.452638,2025-07-03 19:01:04.100000,2025-07-03 19:04:22.800,120.84666666666666,109.8441227,4.0,1,osrm
810,delivered,2025-07-03 17:03:50,2025-07-03 17:17:49.963579,2025-07-03 17:30:27.300000,2025-07-03 17:37:17.000,33.45,12.622273683333333,9.0,1,osrm
811,delivered,2025-07-03 17:03:59,2025-07-03 17:17:06.162323,2025-07-03 18:23:18.200000,2025-07-03 18:27:36.000,83.61666666666666,66.20062795,16.0,1,osrm
812,delivered,2025-07-03 17:04:58,2025-07-03 17:17:46.368767,2025-07-03 20:08:16.500000,2025-07-03 20:10:18.700,185.345,170.50218721666667,5.0,1,osrm
813,delivered,2025-07-03 17:04:49,2025-07-03 17:19:17.582659,2025-07-03 17:28:58.300000,2025-07-03 17:32:23.600,27.576666666666664,9.678622350000001,8.0,1,osrm
814,delivered,2025-07-03 17:04:32,2025-07-03 17:15:33.984541,2025-07-03 17:16:33.300000,2025-07-03 17:19:15.500,14.725,0.9885909833333333,15.0,1,osrm
815,delivered,2025-07-03 17:04:52,2025-07-03 17:19:41.077304,2025-07-03 17:19:41.077304,2025-07-03 17:14:21.900,9.498333333333333,0.0,19.0,1,osrm
816,delivered,2025-07-03 17:04:02,2025-07-03 17:13:30.168632,2025-07-03 17:14:18.600000,2025-07-03 17:19:46.800,15.746666666666666,0.8071894666666667,4.0,1,osrm
817,delivered,2025-07-03 17:04:26,2025-07-03 17:17:41.787005,2025-07-03 19:05:50.600000,2025-07-03 19:08:47.600,124.36,108.14688325,17.0,1,osrm
818,delivered,2025-07-03 17:05:32,2025-07-03 17:10:48.736158,2025-07-03 17:17:23.700000,2025-07-03 17:18:32.200,13.003333333333334,6.5827307,7.0,1,osrm
819,delivered,2025-07-03 17:05:24,2025-07-03 17:14:27.318356,2025-07-03 17:14:27.318356,2025-07-03 17:17:10.300,11.771666666666667,0.0,8.0,1,osrm
820,delivered,2025-07-03 17:05:45,2025-07-03 17:16:25.662883,2025-07-03 18:42:33.800000,2025-07-03 18:43:23.900,97.64833333333333,86.13561861666668,13.0,1,osrm
821,delivered,2025-07-03 17:05:49,2025-07-03 17:19:09.546277,2025-07-03 18:40:33.500000,2025-07-03 18:41:20.400,95.52333333333333,81.39922871666666,11.0,1,osrm
822,delivered,2025-07-03 17:05:44,2025-07-03 17:20:12.398923,2025-07-03 17:20:12.398923,2025-07-03 17:14:39.600,8.926666666666668,0.0,9.0,1,osrm
823,delivered,2025-07-03 17:06:24,2025-07-03 17:17:25.148100,2025-07-03 17:17:25.148100,2025-07-03 17:16:58.600,10.576666666666666,0.0,18.0,1,osrm
824,delivered,2025-07-03 17:06:11,2025-07-03 17:20:44.472887,2025-07-03 17:31:56.400000,2025-07-03 17:38:20.400,32.156666666666666,11.198785216666666,16.0,1,osrm
825,ready,2025-07-03 17:06:15,2025-07-03 17:19:58.737709,,,,,,1,
826,delivered,2025-07-03 17:07:24,2025-07-03 17:17:06.252888,2025-07-03 18:42:40.500000,2025-07-03 18:44:13.500,96.825,85.5707852,8.0,1,osrm
827,ready,2025-07-03 17:07:07,2025-07-03 17:18:02.639680,,,,,,1,
828,delivered,2025-07-03 17:07:42,2025-07-03 17:19:27.420148,2025-07-03 17:19:27.420148,2025-07-03 17:19:40.700,11.978333333333333,0.0,16.0,1,osrm
829,delivered,2025-07-03 17:08:06,2025-07-03 17:16:57.272482,2025-07-03 17:17:34.400000,2025-07-03 17:19:40.500,11.575,0.6187919666666667,10.0,1,osrm
830,ready,2025-07-03 17:08:56,2025-07-03 17:20:02.812058,,,,,,1,
831,delivered,2025-07-03 17:08:26,2025-07-03 17:22:00.223623,2025-07-03 17:32:43.200000,2025-07-03 17:37:54.800,29.48,10.716272949999999,10.0,1,osrm
832,ready,2025-07-03 17:09:56,2025-07-03 17:23:24.883891,,,,,,1,
833,delivered,2025-07-03 17:09:31,2025-07-03 17:23:05.239876,2025-07-03 18:43:44.900000,2025-07-03 18:45:30.100,95.985,80.66100206666667,2.0,1,osrm
834,delivered,2025-07-03 17:09:41,2025-07-03 17:17:31.094352,2025-07-03 19:33:09.600000,2025-07-03 19:35:44.900,146.065,135.64176080000001,15.0,1,osrm
835,delivered,2025-07-03 17:09:18,2025-07-03 17:17:41.530926,2025-07-03 17:19:46.500000,2025-07-03 17:21:50.800,12.546666666666665,2.0828179,17.0,1,osrm
836,ready,2025-07-03 17:10:54,2025-07-03 17:26:55.156837,,,,,,1,
837,delivered,2025-07-03 17:10:16,2025-07-03 17:27:18.919097,2025-07-03 19:34:04.200000,2025-07-03 19:35:34.600,145.31,126.75468171666667,19.0,1,osrm
838,ready,2025-07-03 17:10:11,2025-07-03 17:22:15.075667,,,,,,1,
839,delivered,2025-07-03 17:10:52,2025-07-03 17:17:06.757304,2025-07-03 19:52:00.200000,2025-07-03 19:54:15.300,163.38833333333332,154.8907116,17.0,1,osrm
840,ready,2025-07-03 17:11:20,2025-07-03 17:24:00.519233,,,,,,1,
841,delivered,2025-07-03 17:11:47,2025-07-03 17:22:00.956150,2025-07-03 19:06:38.600000,2025-07-03 19:10:13.000,118.43333333333334,104.6273975,10.0,1,osrm
842,delivered,2025-07-03 17:11:40,2025-07-03 17:23:56.144015,2025-07-03 17:23:56.144015,2025-07-03 17:27:20.700,15.678333333333335,0.0,11.0,1,osrm
843,ready,2025-07-03 17:11:59,2025-07-03 17:29:13.947034,,,,,,1,
844,delivered,2025-07-03 17:11:37,2025-07-03 17:24:09.562739,2025-07-03 19:17:02.100000,2025-07-03 19:19:41.600,128.07666666666668,112.87562101666667,9.0,1,osrm
845,ready,2025-07-03 17:12:12,2025-07-03 17:23:21.346345,,,,,,1,
846,delivered,2025-07-03 17:12:00,2025-07-03 17:19:31.682066,2025-07-03 18:44:53.800000,2025-07-03 18:45:37.700,93.62833333333333,85.36863223333333,18.0,1,osrm
847,delivered,2025-07-03 17:12:25,2025-07-03 17:20:13.911426,2025-07-03 19:24:49.800000,2025-07-03 19:28:49.200,136.40333333333334,124.5981429,11.0,1,osrm
848,delivered,2025-07-03 17:12:50,2025-07-03 17:29:08.390286,2025-07-03 17:33:27.100000,2025-07-03 17:39:28.900,26.648333333333333,4.311828566666667,7.0,1,osrm
849,delivered,2025-07-03 17:12:16,2025-07-03 17:28:36.717681,2025-07-03 17:28:36.717681,2025-07-03 17:30:24.300,18.138333333333332,0.0,12.0,1,osrm
850,delivered,2025-07-03 17:13:57,2025-07-03 17:29:07.896078,2025-07-03 18:45:10.500000,2025-07-03 18:46:37.500,92.675,76.0433987,15.0,1,osrm
851,delivered,2025-07-03 17:14:18,2025-07-03 17:30:09.153326,2025-07-03 17:39:37.500000,2025-07-03 17:43:35.600,29.293333333333333,9.472444566666667,2.0,1,osrm
852,delivered,2025-07-03 17:14:48,2025-07-03 17:21:39.417479,2025-07-03 17:21:39.417479,2025-07-03 17:23:14.400,8.44,0.0,5.0,1,osrm
853,delivered,2025-07-03 17:14:47,2025-07-03 17:24:40.902617,2025-07-03 20:12:27.800000,2025-07-03 20:14:27.200,179.67000000000002,167.78162304999998,14.0,1,osrm
854,delivered,2025-07-03 17:14:42,2025-07-03 17:25:33.796649,2025-07-03 18:47:46.600000,2025-07-03 18:48:57.600,94.26,82.21338918333332,4.0,1,osrm
855,delivered,2025-07-03 17:14:00,2025-07-03 17:31:38.253987,2025-07-03 17:34:54.400000,2025-07-03 17:39:14.900,25.248333333333335,3.2691002166666667,18.0,1,osrm
856,delivered,2025-07-03 17:15:19,2025-07-03 17:29:04.422785,2025-07-03 17:29:04.422785,2025-07-03 17:25:23.300,10.071666666666665,0.0,6.0,1,osrm
857,delivered,2025-07-03 17:15:11,2025-07-03 17:25:35.977227,2025-07-03 20:13:19.200000,2025-07-03 20:15:13.400,180.04,167.72037955,2.0,1,osrm
858,delivered,2025-07-03 17:15:15,2025-07-03 17:29:27.958756,2025-07-03 17:29:27.958756,2025-07-03 17:28:01.900,12.781666666666666,0.0,20.0,1,osrm
859,delivered,2025-07-03 17:15:13,2025-07-03 17:33:51.533756,2025-07-03 19:26:07.200000,2025-07-03 19:29:35.900,134.38166666666666,112.26110406666666,12.0,1,osrm
860,delivered,2025-07-03 17:15:18,2025-07-03 17:22:49.260729,2025-07-03 17:22:49.260729,2025-07-03 17:23:31.000,8.216666666666667,0.0,2.0,1,osrm
861,ready,2025-07-03 17:15:10,2025-07-03 17:25:45.783644,,,,,,1,
862,delivered,2025-07-03 17:15:40,2025-07-03 17:33:31.998270,2025-07-03 17:33:31.998270,2025-07-03 17:28:01.200,12.353333333333333,0.0,14.0,1,osrm
863,delivered,2025-07-03 17:16:12,2025-07-03 17:25:25.343689,2025-07-03 17:26:48.400000,2025-07-03 17:31:42.900,15.514999999999999,1.38427185,19.0,1,osrm
864,delivered,2025-07-03 17:17:00,2025-07-03 17:29:28.532092,2025-07-03 19:34:11.200000,2025-07-03 19:35:43.300,138.72166666666666,124.7111318,4.0,1,osrm
865,delivered,2025-07-03 17:17:26,2025-07-03 17:30:53.061888,2025-07-03 17:30:53.061888,2025-07-03 17:32:14.500,14.808333333333334,0.0,3.0,1,osrm
866,ready,2025-07-03 17:17:46,2025-07-03 17:26:35.779764,,,,,,1,
867,delivered,2025-07-03 17:17:15,2025-07-03 17:26:57.095170,2025-07-03 20:13:13.000000,2025-07-03 20:15:35.400,178.34,166.26508049999998,6.0,1,osrm
868,delivered,2025-07-03 17:19:59,2025-07-03 17:31:04.839462,2025-07-03 18:50:02.700000,2025-07-03 18:51:17.100,91.30166666666668,78.9643423,17.0,1,osrm
869,ready,2025-07-03 17:19:54,2025-07-03 17:30:48.882621,,,,,,1,
870,delivered,2025-07-03 17:19:25,2025-07-03 17:30:33.441409,2025-07-03 20:14:13.900000,2025-07-03 20:16:43.700,177.31166666666667,163.67430985000001,9.0,1,osrm
871,delivered,2025-07-03 17:19:43,2025-07-03 17:34:20.975518,2025-07-03 18:07:51.500000,2025-07-03 18:13:01.200,53.30333333333333,33.50874136666667,18.0,1,osrm
872,delivered,2025-07-03 17:19:58,2025-07-03 17:35:22.193588,2025-07-03 19:15:30.100000,2025-07-03 19:18:45.200,118.78666666666666,100.13177353333334,19.0,1,osrm
873,ready,2025-07-03 17:19:53,2025-07-03 17:31:29.306932,,,,,,1,
874,delivered,2025-07-03 17:20:52,2025-07-03 17:32:13.714332,2025-07-03 19:16:53.800000,2025-07-03 19:19:47.000,118.91666666666667,104.66809446666666,3.0,1,osrm
875,delivered,2025-07-03 17:20:57,2025-07-03 17:33:22.336399,2025-07-03 19:36:56.900000,2025-07-03 19:38:56.900,137.99833333333333,123.57606001666666,20.0,1,osrm
876,delivered,2025-07-03 17:20:21,2025-07-03 17:31:16.786752,2025-07-03 17:31:16.786752,2025-07-03 17:32:07.500,11.775,0.0,13.0,1,osrm
877,ready,2025-07-03 17:22:36,2025-07-03 17:33:43.066515,,,,,,1,
878,delivered,2025-07-03 17:22:25,2025-07-03 17:38:38.633610,2025-07-03 18:23:06.500000,2025-07-03 18:26:34.000,64.15,44.46443983333334,1.0,1,osrm
879,delivered,2025-07-03 17:22:02,2025-07-03 17:37:37.460873,2025-07-03 20:15:20.800000,2025-07-03 20:16:59.700,174.96166666666667,157.72231878333332,7.0,1,osrm
880,delivered,2025-07-03 17:22:34,2025-07-03 17:34:24.560701,2025-07-03 19:10:31.300000,2025-07-03 19:13:37.000,111.05,96.11232165,13.0,1,osrm
881,delivered,2025-07-03 17:22:21,2025-07-03 17:32:53.539435,2025-07-03 20:14:17.200000,2025-07-03 20:17:18.300,174.95499999999998,161.39434275,18.0,1,osrm
882,delivered,2025-07-03 17:22:09,2025-07-03 17:38:23.668866,2025-07-03 17:38:23.668866,2025-07-03 17:34:16.800,12.129999999999999,0.0,15.0,1,osrm
883,delivered,2025-07-03 17:23:25,2025-07-03 17:32:07.629891,2025-07-03 20:14:17.600000,2025-07-03 20:15:59.900,172.58166666666665,162.16616848333334,10.0,1,osrm
884,delivered,2025-07-03 17:23:14,2025-07-03 17:33:15.877215,2025-07-03 18:24:28.400000,2025-07-03 18:27:48.700,64.57833333333333,51.208713083333336,10.0,1,osrm
885,delivered,2025-07-03 17:23:40,2025-07-03 17:36:40.273095,2025-07-03 18:55:13.200000,2025-07-03 18:57:27.000,93.78333333333333,78.54878175,12.0,1,osrm
886,ready,2025-07-03 17:24:55,2025-07-03 17:36:17.208130,,,,,,1,
887,delivered,2025-07-03 17:25:24,2025-07-03 17:37:06.276873,2025-07-03 17:37:06.276873,2025-07-03 17:33:45.100,8.351666666666667,0.0,1.0,1,osrm
888,delivered,2025-07-03 17:25:16,2025-07-03 17:41:30.403768,2025-07-03 18:07:55.400000,2025-07-03 18:13:06.500,47.84166666666667,26.416603866666666,15.0,1,osrm
889,delivered,2025-07-03 17:25:51,2025-07-03 17:39:16.008530,2025-07-03 17:39:16.008530,2025-07-03 17:34:10.000,8.316666666666666,0.0,4.0,1,osrm
890,delivered,2025-07-03 17:25:36,2025-07-03 17:30:36.000000,2025-07-03 18:28:20.100000,2025-07-03 18:32:21.800,66.76333333333334,57.735,2.0,1,osrm
891,delivered,2025-07-03 17:26:37,2025-07-03 17:36:31.867865,2025-07-03 19:54:49.700000,2025-07-03 19:57:59.900,151.38166666666666,138.29720225,9.0,1,osrm
892,delivered,2025-07-03 17:26:20,2025-07-03 17:40:15.615877,2025-07-03 19:38:26.300000,2025-07-03 19:39:59.000,133.65,118.17806871666667,7.0,1,osrm
893,delivered,2025-07-03 17:26:06,2025-07-03 17:36:47.028166,2025-07-03 18:09:09.100000,2025-07-03 18:13:24.800,47.31333333333334,32.3678639,4.0,1,osrm
894,delivered,2025-07-03 17:27:06,2025-07-03 17:38:41.906337,2025-07-03 17:38:41.906337,2025-07-03 17:38:45.800,11.663333333333332,0.0,6.0,1,osrm
895,delivered,2025-07-03 17:27:04,2025-07-03 17:37:17.693810,2025-07-03 20:15:47.600000,2025-07-03 20:20:02.900,172.98166666666665,158.4984365,8.0,1,osrm
896,delivered,2025-07-03 17:27:37,2025-07-03 17:40:41.027331,2025-07-03 19:38:35.000000,2025-07-03 19:40:51.200,133.23666666666665,117.89954448333333,17.0,1,osrm
897,ready,2025-07-03 17:27:04,2025-07-03 17:43:58.497515,,,,,,1,
898,delivered,2025-07-03 17:27:54,2025-07-03 17:41:07.955942,2025-07-03 17:41:07.955942,2025-07-03 17:38:50.000,10.933333333333334,0.0,5.0,1,osrm
899,ready,2025-07-03 17:29:03,2025-07-03 17:40:40.366054,,,,,,1,
900,delivered,2025-07-03 17:29:55,2025-07-03 17:34:55.000000,2025-07-03 17:36:45.800000,2025-07-03 17:40:01.000,10.1,1.8466666666666667,17.0,1,osrm
901,delivered,2025-07-03 17:29:56,2025-07-03 17:43:37.518353,2025-07-03 19:55:41.600000,2025-07-03 19:56:37.000,146.68333333333334,132.06802745,14.0,1,osrm
902,delivered,2025-07-03 17:30:34,2025-07-03 17:39:17.756214,2025-07-03 18:55:43.300000,2025-07-03 18:59:20.800,88.78,76.42572976666666,6.0,1,osrm
903,ready,2025-07-03 17:30:00,2025-07-03 17:39:43.936655,,,,,,1,
904,delivered,2025-07-03 17:31:57,2025-07-03 17:46:17.290674,2025-07-03 18:56:21.800000,2025-07-03 18:58:54.400,86.95666666666666,70.07515543333334,18.0,1,osrm
905,delivered,2025-07-03 17:31:59,2025-07-03 17:45:23.547174,2025-07-03 19:12:42.800000,2025-07-03 19:15:10.200,103.18666666666667,87.32088043333333,11.0,1,osrm
906,delivered,2025-07-03 17:31:41,2025-07-03 17:42:17.930751,2025-07-03 18:56:22.600000,2025-07-03 18:58:08.700,86.46166666666666,74.07782081666666,13.0,1,osrm
907,delivered,2025-07-03 17:31:26,2025-07-03 17:43:10.402179,2025-07-03 17:43:10.402179,2025-07-03 17:46:29.900,15.065,0.0,12.0,1,osrm
908,delivered,2025-07-03 17:31:21,2025-07-03 17:49:45.012014,2025-07-03 17:49:45.012014,2025-07-03 17:45:16.400,13.923333333333334,0.0,14.0,1,osrm
909,delivered,2025-07-03 17:31:09,2025-07-03 17:36:09.000000,2025-07-03 17:51:50.200000,2025-07-03 17:54:54.100,23.751666666666665,15.686666666666667,9.0,1,osrm
910,delivered,2025-07-03 17:31:51,2025-07-03 17:41:31.539267,2025-07-03 17:42:11.900000,2025-07-03 17:46:03.000,14.2,0.6726788833333334,11.0,1,osrm
911,delivered,2025-07-03 17:31:17,2025-07-03 17:43:12.344044,2025-07-03 18:55:53.400000,2025-07-03 18:59:30.400,88.22333333333333,72.68426593333334,11.0,1,osrm
912,delivered,2025-07-03 17:31:07,2025-07-03 17:38:26.893492,2025-07-03 17:44:49.100000,2025-07-03 17:46:39.900,15.548333333333334,6.370108466666666,3.0,1,osrm
913,delivered,2025-07-03 17:32:09,2025-07-03 17:46:40.017656,2025-07-03 17:51:10.300000,2025-07-03 17:53:50.100,21.685,4.504705733333334,7.0,1,osrm
914,delivered,2025-07-03 17:32:21,2025-07-03 17:46:42.642645,2025-07-03 17:49:11.800000,2025-07-03 17:52:36.200,20.253333333333334,2.4859559166666667,13.0,1,osrm
915,delivered,2025-07-03 17:32:15,2025-07-03 17:47:06.248426,2025-07-03 20:17:50.700000,2025-07-03 20:20:50.200,168.58666666666667,150.74085956666667,11.0,1,osrm
916,delivered,2025-07-03 17:32:53,2025-07-03 17:45:50.041343,2025-07-03 17:45:50.041343,2025-07-03 17:48:13.400,15.34,0.0,1.0,1,osrm
917,delivered,2025-07-03 17:32:53,2025-07-03 17:44:48.147249,2025-07-03 17:44:48.147249,2025-07-03 17:46:01.200,13.136666666666667,0.0,20.0,1,osrm
918,delivered,2025-07-03 17:33:15,2025-07-03 17:44:52.511480,2025-07-03 17:50:05.800000,2025-07-03 17:52:53.500,19.641666666666666,5.221475333333333,8.0,1,osrm
919,delivered,2025-07-03 17:33:52,2025-07-03 17:45:24.004462,2025-07-03 17:49:46.000000,2025-07-03 17:52:43.100,18.851666666666667,4.3665923,15.0,1,osrm
920,delivered,2025-07-03 17:33:11,2025-07-03 17:51:23.218204,2025-07-03 19:10:40.800000,2025-07-03 19:13:37.700,100.445,79.29302993333334,20.0,1,osrm
921,delivered,2025-07-03 17:34:52,2025-07-03 17:52:27.385106,2025-07-03 17:52:27.385106,2025-07-03 17:51:42.900,16.848333333333333,0.0,10.0,1,osrm
922,delivered,2025-07-03 17:34:50,2025-07-03 17:47:02.021875,2025-07-03 17:51:54.300000,2025-07-03 17:55:33.300,20.721666666666668,4.871302083333333,6.0,1,osrm
923,delivered,2025-07-03 17:34:17,2025-07-03 17:48:09.979316,2025-07-03 17:48:09.979316,2025-07-03 17:49:33.000,15.266666666666667,0.0,19.0,1,osrm
924,delivered,2025-07-03 17:34:19,2025-07-03 17:45:43.236362,2025-07-03 17:51:14.200000,2025-07-03 17:54:40.200,20.353333333333335,5.516060633333334,16.0,1,osrm
925,ready,2025-07-03 17:35:01,2025-07-03 17:49:26.007189,,,,,,1,
926,delivered,2025-07-03 17:36:55,2025-07-03 17:51:35.988578,2025-07-03 18:09:36.600000,2025-07-03 18:13:24.400,36.49,18.010190366666667,5.0,1,osrm
927,delivered,2025-07-03 17:36:25,2025-07-03 17:51:43.617125,2025-07-03 20:17:11.300000,2025-07-03 20:19:40.600,163.26000000000002,145.46138125000002,19.0,1,osrm
928,delivered,2025-07-03 17:36:44,2025-07-03 17:49:45.079144,2025-07-03 18:27:46.500000,2025-07-03 18:31:27.100,54.718333333333334,38.02368093333334,15.0,1,osrm
929,delivered,2025-07-03 17:37:29,2025-07-03 17:52:54.571651,2025-07-03 18:09:14.400000,2025-07-03 18:14:30.300,37.02166666666667,16.330472483333335,9.0,1,osrm
930,delivered,2025-07-03 17:38:49,2025-07-03 17:52:29.401362,2025-07-03 19:38:41.400000,2025-07-03 19:41:44.100,122.91833333333334,106.1999773,10.0,1,osrm
931,delivered,2025-07-03 17:38:31,2025-07-03 17:50:34.861140,2025-07-03 18:10:25.400000,2025-07-03 18:16:46.700,38.26166666666666,19.842314333333334,7.0,1,osrm
932,delivered,2025-07-03 17:39:20,2025-07-03 17:52:51.522697,2025-07-03 17:52:55.700000,2025-07-03 17:58:47.700,19.461666666666666,0.06962171666666667,17.0,1,osrm
933,delivered,2025-07-03 17:39:25,2025-07-03 17:57:56.863231,2025-07-03 18:05:22.900000,2025-07-03 18:09:47.600,30.376666666666665,7.43394615,13.0,1,osrm
934,delivered,2025-07-03 17:39:09,2025-07-03 17:48:01.191926,2025-07-03 17:48:01.191926,2025-07-03 17:50:55.000,11.766666666666667,0.0,4.0,1,osrm
935,delivered,2025-07-03 17:40:15,2025-07-03 17:51:33.789788,2025-07-03 19:12:57.800000,2025-07-03 19:15:07.700,94.87833333333333,81.4001702,16.0,1,osrm
936,ready,2025-07-03 17:41:28,2025-07-03 17:53:43.140773,,,,,,1,
937,delivered,2025-07-03 17:41:02,2025-07-03 17:55:15.340063,2025-07-03 17:55:15.340063,2025-07-03 17:54:46.300,13.738333333333333,0.0,5.0,1,osrm
938,delivered,2025-07-03 17:43:53,2025-07-03 17:58:31.110946,2025-07-03 19:41:13.800000,2025-07-03 19:44:04.200,120.18666666666667,102.71148423333334,2.0,1,osrm
939,delivered,2025-07-03 17:43:03,2025-07-03 17:55:14.603973,2025-07-03 17:55:14.603973,2025-07-03 17:51:48.400,8.756666666666666,0.0,18.0,1,osrm
940,delivered,2025-07-03 17:44:30,2025-07-03 17:56:11.317669,2025-07-03 19:55:43.800000,2025-07-03 19:57:34.100,133.06833333333333,119.54137218333334,10.0,1,osrm
941,delivered,2025-07-03 17:45:59,2025-07-03 17:55:20.679219,2025-07-03 17:56:52.000000,2025-07-03 17:59:49.000,13.833333333333334,1.5220130166666666,2.0,1,osrm
942,delivered,2025-07-03 17:46:16,2025-07-03 17:52:25.485382,2025-07-03 19:12:06.300000,2025-07-03 19:14:00.500,87.74166666666666,79.68024363333333,6.0,1,osrm
943,delivered,2025-07-03 17:47:24,2025-07-03 17:55:58.587262,2025-07-03 19:42:04.000000,2025-07-03 19:44:15.300,116.855,106.0902123,8.0,1,osrm
944,delivered,2025-07-03 17:47:42,2025-07-03 17:56:54.786543,2025-07-03 20:17:36.900000,2025-07-03 20:20:38.300,152.93833333333333,140.70189094999998,3.0,1,osrm
945,delivered,2025-07-03 17:47:19,2025-07-03 17:58:38.358012,2025-07-03 18:04:31.500000,2025-07-03 18:06:45.100,19.435,5.8856998,10.0,1,osrm
946,delivered,2025-07-03 17:48:40,2025-07-03 18:04:55.048332,2025-07-03 18:04:55.048332,2025-07-03 17:58:57.500,10.291666666666666,0.0,14.0,1,osrm
947,delivered,2025-07-03 17:50:22,2025-07-03 18:05:01.252723,2025-07-03 18:05:01.252723,2025-07-03 18:02:56.600,12.576666666666666,0.0,20.0,1,osrm
948,delivered,2025-07-03 17:51:46,2025-07-03 17:59:39.013295,2025-07-03 19:42:23.800000,2025-07-03 19:44:56.800,113.18,102.74644508333334,1.0,1,osrm
949,delivered,2025-07-03 17:51:17,2025-07-03 18:06:28.057043,2025-07-03 18:06:28.057043,2025-07-03 18:06:37.400,15.34,0.0,1.0,1,osrm
950,delivered,2025-07-03 17:52:45,2025-07-03 18:06:46.044621,2025-07-03 18:06:46.044621,2025-07-03 18:05:34.300,12.821666666666665,0.0,12.0,1,osrm
951,delivered,2025-07-03 17:53:52,2025-07-03 18:09:44.454432,2025-07-03 18:09:44.454432,2025-07-03 18:03:35.900,9.731666666666666,0.0,3.0,1,osrm
952,delivered,2025-07-03 17:53:26,2025-07-03 18:10:27.760292,2025-07-03 19:55:50.600000,2025-07-03 19:56:57.700,123.52833333333334,105.38066180000001,6.0,1,osrm
953,delivered,2025-07-03 17:54:51,2025-07-03 18:09:52.292054,2025-07-03 18:09:52.292054,2025-07-03 18:04:44.400,9.889999999999999,0.0,19.0,1,osrm
954,ready,2025-07-03 17:54:25,2025-07-03 18:03:11.913982,,,,,,1,
955,delivered,2025-07-03 17:55:05,2025-07-03 18:10:12.544208,2025-07-03 18:10:12.544208,2025-07-03 18:08:36.100,13.518333333333334,0.0,11.0,1,osrm
956,delivered,2025-07-03 17:55:45,2025-07-03 18:11:13.927528,2025-07-03 20:18:21.300000,2025-07-03 20:22:39.700,146.9116666666667,127.12287453333333,13.0,1,osrm
957,delivered,2025-07-03 17:55:29,2025-07-03 18:04:10.465537,2025-07-03 19:57:02.900000,2025-07-03 19:58:53.600,123.41000000000001,112.87390771666666,18.0,1,osrm
958,delivered,2025-07-03 17:57:34,2025-07-03 18:08:45.234759,2025-07-03 18:08:45.234759,2025-07-03 18:10:34.500,13.008333333333333,0.0,16.0,1,osrm
959,delivered,2025-07-03 17:57:01,2025-07-03 18:12:26.108069,2025-07-03 18:12:26.108069,2025-07-03 18:06:43.900,9.715,0.0,6.0,1,osrm
960,delivered,2025-07-03 17:58:57,2025-07-03 18:11:17.342494,2025-07-03 19:11:45.300000,2025-07-03 19:13:35.600,74.64333333333335,60.465958433333334,5.0,1,osrm
961,ready,2025-07-03 17:58:18,2025-07-03 18:08:37.057435,,,,,,1,
962,ready,2025-07-03 18:00:55,2025-07-03 18:14:14.999550,,,,,,1,
963,delivered,2025-07-03 18:00:56,2025-07-03 18:09:25.857909,2025-07-03 18:14:16.300000,2025-07-03 18:17:39.600,16.726666666666667,4.840701516666667,14.0,1,osrm
964,delivered,2025-07-03 18:00:41,2025-07-03 18:07:37.291381,2025-07-03 19:11:53.900000,2025-07-03 19:14:30.500,73.825,64.27681031666667,8.0,1,osrm
965,delivered,2025-07-03 18:00:17,2025-07-03 18:15:18.887070,2025-07-03 19:42:32.300000,2025-07-03 19:44:48.500,104.525,87.22354883333334,6.0,1,osrm
966,delivered,2025-07-03 18:00:54,2025-07-03 18:13:43.965611,2025-07-03 18:19:19.500000,2025-07-03 18:23:27.100,22.551666666666666,5.592239816666666,12.0,1,osrm
967,ready,2025-07-03 18:01:25,2025-07-03 18:17:25.187126,,,,,,1,
968,delivered,2025-07-03 18:02:26,2025-07-03 18:13:30.622208,2025-07-03 18:13:30.622208,2025-07-03 18:15:46.400,13.34,0.0,2.0,1,osrm
969,delivered,2025-07-03 18:03:21,2025-07-03 18:11:06.780532,2025-07-03 18:14:33.500000,2025-07-03 18:18:56.600,15.593333333333334,3.445324466666667,17.0,1,osrm
970,delivered,2025-07-03 18:04:37,2025-07-03 18:11:22.394120,2025-07-03 18:19:54.200000,2025-07-03 18:25:25.600,20.81,8.530098,3.0,1,osrm
971,delivered,2025-07-03 18:04:34,2025-07-03 18:21:25.340850,2025-07-03 18:27:20.100000,2025-07-03 18:29:43.400,25.15666666666667,5.912652499999999,5.0,1,osrm
972,delivered,2025-07-03 18:05:45,2025-07-03 18:10:45.000000,2025-07-03 20:18:00.500000,2025-07-03 20:21:56.100,136.185,127.25833333333334,15.0,1,osrm
973,delivered,2025-07-03 18:06:08,2025-07-03 18:20:59.168724,2025-07-03 18:28:03.800000,2025-07-03 18:30:51.600,24.726666666666667,7.077187933333334,8.0,1,osrm
974,ready,2025-07-03 18:07:35,2025-07-03 18:19:47.137526,,,,,,1,
975,delivered,2025-07-03 18:07:24,2025-07-03 18:20:19.081948,2025-07-03 18:20:19.081948,2025-07-03 18:22:59.300,15.588333333333333,0.0,20.0,1,osrm
976,delivered,2025-07-03 18:07:03,2025-07-03 18:15:59.781284,2025-07-03 18:27:58.000000,2025-07-03 18:31:32.500,24.491666666666667,11.970311933333333,18.0,1,osrm
977,delivered,2025-07-03 18:08:28,2025-07-03 18:20:12.890645,2025-07-03 19:42:52.500000,2025-07-03 19:45:02.900,96.58166666666666,82.66015591666665,18.0,1,osrm
978,delivered,2025-07-03 18:08:39,2025-07-03 18:17:19.825404,2025-07-03 18:17:19.825404,2025-07-03 18:18:43.900,10.081666666666667,0.0,19.0,1,osrm
979,delivered,2025-07-03 18:08:39,2025-07-03 18:19:42.916771,2025-07-03 20:18:57.700000,2025-07-03 20:23:12.600,134.56,119.24638714999999,1.0,1,osrm
980,ready,2025-07-03 18:09:34,2025-07-03 18:21:42.627220,,,,,,1,
981,ready,2025-07-03 18:11:02,2025-07-03 18:25:16.538661,,,,,,1,
982,delivered,2025-07-03 18:12:38,2025-07-03 18:26:23.318499,2025-07-03 18:26:23.318499,2025-07-03 18:21:42.900,9.081666666666667,0.0,6.0,1,osrm
983,ready,2025-07-03 18:13:06,2025-07-03 18:22:49.854261,,,,,,1,
984,delivered,2025-07-03 18:14:04,2025-07-03 18:27:04.026567,2025-07-03 19:11:54.900000,2025-07-03 19:14:40.600,60.61,44.84789055,12.0,1,osrm
985,delivered,2025-07-03 18:15:18,2025-07-03 18:22:52.309913,2025-07-03 18:22:52.309913,2025-07-03 18:27:57.600,12.66,0.0,13.0,1,osrm
986,delivered,2025-07-03 18:17:03,2025-07-03 18:33:48.400058,2025-07-03 18:56:16.800000,2025-07-03 18:59:22.900,42.33166666666667,22.473332366666668,16.0,1,osrm
987,ready,2025-07-03 18:18:42,2025-07-03 18:29:32.317903,,,,,,1,
988,ready,2025-07-03 18:19:09,2025-07-03 18:28:15.000161,,,,,,1,
989,delivered,2025-07-03 18:19:10,2025-07-03 18:33:09.434786,2025-07-03 18:33:09.434786,2025-07-03 18:33:26.300,14.271666666666667,0.0,4.0,1,osrm
990,ready,2025-07-03 18:20:27,2025-07-03 18:33:58.990700,,,,,,1,
991,delivered,2025-07-03 18:21:49,2025-07-03 18:32:18.111608,2025-07-03 18:32:18.111608,2025-07-03 18:36:16.200,14.453333333333335,0.0,17.0,1,osrm
992,delivered,2025-07-03 18:21:21,2025-07-03 18:33:33.200947,2025-07-03 18:33:33.200947,2025-07-03 18:31:50.500,10.491666666666667,0.0,19.0,1,osrm
993,delivered,2025-07-03 18:22:39,2025-07-03 18:34:36.704344,2025-07-03 19:42:07.000000,2025-07-03 19:45:46.900,83.13166666666666,67.5049276,13.0,1,osrm
994,delivered,2025-07-03 18:24:35,2025-07-03 18:39:54.904847,2025-07-03 19:14:02.100000,2025-07-03 19:14:35.000,50.0,34.119919216666666,1.0,1,osrm
995,ready,2025-07-03 18:24:59,2025-07-03 18:42:47.159105,,,,,,1,
996,delivered,2025-07-03 18:25:58,2025-07-03 18:39:50.982866,2025-07-03 18:39:50.982866,2025-07-03 18:41:09.500,15.191666666666666,0.0,6.0,1,osrm
997,delivered,2025-07-03 18:26:02,2025-07-03 18:34:38.330575,2025-07-03 19:57:01.400000,2025-07-03 20:00:07.900,94.09833333333333,82.38449041666667,8.0,1,osrm
998,delivered,2025-07-03 18:26:29,2025-07-03 18:39:08.873892,2025-07-03 19:43:03.400000,2025-07-03 19:46:09.400,79.67333333333333,63.908768466666665,12.0,1,osrm
999,delivered,2025-07-03 18:27:38,2025-07-03 18:32:38.000000,2025-07-03 18:39:45.700000,2025-07-03 18:43:32.300,15.905,7.128333333333333,3.0,1,osrm
1000,delivered,2025-07-03 18:28:57,2025-07-03 18:41:01.612705,2025-07-03 18:41:01.612705,2025-07-03 18:40:49.000,11.866666666666667,0.0,20.0,1,osrm
1001,delivered,2025-07-03 18:29:11,2025-07-03 18:43:22.759998,2025-07-03 18:43:22.759998,2025-07-03 18:44:50.600,15.66,0.0,5.0,1,osrm
1002,ready,2025-07-03 18:29:05,2025-07-03 18:47:27.914580,,,,,,1,
1003,delivered,2025-07-03 18:29:22,2025-07-03 18:48:59.647862,2025-07-03 18:56:40.300000,2025-07-03 18:59:11.800,29.83,7.677535633333333,5.0,1,osrm
1004,delivered,2025-07-03 18:29:28,2025-07-03 18:38:24.820079,2025-07-03 18:38:24.820079,2025-07-03 18:42:24.900,12.948333333333332,0.0,12.0,1,osrm
1005,delivered,2025-07-03 18:31:37,2025-07-03 18:45:37.079177,2025-07-03 18:45:37.079177,2025-07-03 18:45:53.500,14.275,0.0,9.0,1,osrm
1006,delivered,2025-07-03 18:32:18,2025-07-03 18:49:20.707450,2025-07-03 18:49:20.707450,2025-07-03 18:42:35.400,10.29,0.0,16.0,1,osrm
1007,ready,2025-07-03 18:32:55,2025-07-03 18:49:59.090887,,,,,,1,
1008,ready,2025-07-03 18:33:29,2025-07-03 18:45:22.501609,,,,,,1,
1009,ready,2025-07-03 18:36:59,2025-07-03 18:46:55.942268,,,,,,1,
1010,delivered,2025-07-03 18:36:40,2025-07-03 18:45:00.280517,2025-07-03 18:45:00.280517,2025-07-03 18:47:24.000,10.733333333333333,0.0,19.0,1,osrm
1011,delivered,2025-07-03 18:36:38,2025-07-03 18:45:16.642254,2025-07-03 18:45:16.642254,2025-07-03 18:48:17.800,11.663333333333332,0.0,14.0,1,osrm
1012,ready,2025-07-03 18:39:50,2025-07-03 18:56:24.145884,,,,,,1,
1013,delivered,2025-07-03 18:39:02,2025-07-03 18:52:59.002979,2025-07-03 18:52:59.002979,2025-07-03 18:47:45.400,8.723333333333333,0.0,7.0,1,osrm
1014,ready,2025-07-03 18:39:03,2025-07-03 18:48:58.397583,,,,,,1,
1015,delivered,2025-07-03 18:43:50,2025-07-03 18:54:21.432147,2025-07-03 18:54:21.432147,2025-07-03 18:57:38.100,13.801666666666668,0.0,20.0,1,osrm
1016,delivered,2025-07-03 18:44:37,2025-07-03 19:01:17.009107,2025-07-03 19:01:17.009107,2025-07-03 18:54:58.000,10.35,0.0,10.0,1,osrm
1017,delivered,2025-07-03 18:48:54,2025-07-03 19:04:03.636901,2025-07-03 19:43:57.400000,2025-07-03 19:46:01.700,57.12833333333333,39.89605165,11.0,1,osrm
1018,ready,2025-07-03 18:50:38,2025-07-03 19:00:00.479519,,,,,,1,
1019,delivered,2025-07-03 18:52:14,2025-07-03 19:04:32.287172,2025-07-03 19:04:32.287172,2025-07-03 19:04:31.600,12.293333333333333,0.0,19.0,1,osrm
1020,delivered,2025-07-03 18:53:11,2025-07-03 19:02:47.518663,2025-07-03 19:02:47.518663,2025-07-03 19:02:01.800,8.846666666666666,0.0,7.0,1,osrm
1021,delivered,2025-07-03 18:54:34,2025-07-03 19:07:31.498118,2025-07-03 19:07:31.498118,2025-07-03 19:03:35.100,9.018333333333334,0.0,14.0,1,osrm
1022,ready,2025-07-03 18:58:20,2025-07-03 19:13:05.959825,,,,,,1,
